영업일자,느티나무 셀프BBQ_1인 수저세트,느티나무 셀프BBQ_BBQ55(단체),"느티나무 셀프BBQ_대여료 30,000원","느티나무 셀프BBQ_대여료 60,000원","느티나무 셀프BBQ_대여료 90,000원","느티나무 셀프BBQ_본삼겹 (단품,실내)",느티나무 셀프BBQ_스프라이트 (단체),느티나무 셀프BBQ_신라면,느티나무 셀프BBQ_쌈야채세트,느티나무 셀프BBQ_쌈장,느티나무 셀프BBQ_육개장 사발면,느티나무 셀프BBQ_일회용 소주컵,느티나무 셀프BBQ_일회용 종이컵,느티나무 셀프BBQ_잔디그늘집 대여료 (12인석),느티나무 셀프BBQ_잔디그늘집 대여료 (6인석),느티나무 셀프BBQ_잔디그늘집 의자 추가,느티나무 셀프BBQ_참이슬 (단체),느티나무 셀프BBQ_친환경 접시 14cm,느티나무 셀프BBQ_친환경 접시 23cm,느티나무 셀프BBQ_카스 병(단체),느티나무 셀프BBQ_콜라 (단체),느티나무 셀프BBQ_햇반,느티나무 셀프BBQ_허브솔트,담하_(단체) 공깃밥,담하_(단체) 생목살 김치전골 2.0,담하_(단체) 은이버섯 갈비탕,담하_(단체) 한우 우거지 국밥,담하_(단체) 황태해장국 3/27까지,담하_(정식) 된장찌개,담하_(정식) 물냉면 ,담하_(정식) 비빔냉면,담하_(후식) 된장찌개,담하_(후식) 물냉면,담하_(후식) 비빔냉면,담하_갑오징어 비빔밥,담하_갱시기,담하_공깃밥,담하_꼬막 비빔밥,담하_느린마을 막걸리,담하_담하 한우 불고기,담하_담하 한우 불고기 정식,담하_더덕 한우 지짐,담하_들깨 양지탕,담하_라면사리,담하_룸 이용료,담하_메밀면 사리,담하_명인안동소주,담하_명태회 비빔냉면,담하_문막 복분자 칵테일,담하_봉평메밀 물냉면,담하_생목살 김치찌개,담하_스프라이트,담하_은이버섯 갈비탕,담하_제로콜라,담하_참이슬,담하_처음처럼,담하_카스,담하_콜라,담하_테라,담하_하동 매실 칵테일,담하_한우 떡갈비 정식,담하_한우 미역국 정식,담하_한우 우거지 국밥,담하_한우 차돌박이 된장찌개,담하_황태해장국,라그로타_AUS (200g),라그로타_G-Charge(3),라그로타_Gls.Sileni,라그로타_Gls.미션 서드,라그로타_Open Food,라그로타_그릴드 비프 샐러드,라그로타_까르보나라,라그로타_모둠 해산물 플래터,라그로타_미션 서드 카베르네 쉬라,라그로타_버섯 크림 리조또,라그로타_빵 추가 (1인),라그로타_스프라이트,라그로타_시저 샐러드 ,라그로타_아메리카노,라그로타_알리오 에 올리오 ,라그로타_양갈비 (4ps),라그로타_자몽리치에이드,라그로타_제로콜라,라그로타_카스,라그로타_콜라,라그로타_하이네켄(생),라그로타_한우 (200g),라그로타_해산물 토마토 리조또,라그로타_해산물 토마토 스튜 파스타,라그로타_해산물 토마토 스파게티,"미라시아_(단체)브런치주중 36,000",미라시아_(오븐) 하와이안 쉬림프 피자,미라시아_(화덕) 불고기 페퍼로니 반반피자,미라시아_BBQ Platter,미라시아_BBQ 고기추가,미라시아_공깃밥,미라시아_글라스와인 (레드),미라시아_레인보우칵테일(알코올),미라시아_미라시아 브런치 (패키지),미라시아_버드와이저(무제한),미라시아_보일링 랍스타 플래터,미라시아_보일링 랍스타 플래터(덜매운맛),미라시아_브런치 2인 패키지 ,미라시아_브런치 4인 패키지 ,미라시아_브런치(대인) 주말,미라시아_브런치(대인) 주중,미라시아_브런치(어린이),미라시아_쉬림프 투움바 파스타,미라시아_스텔라(무제한),미라시아_스프라이트,미라시아_애플망고 에이드,미라시아_얼그레이 하이볼,미라시아_오븐구이 윙과 킬바사소세지,미라시아_유자 하이볼,미라시아_잭 애플 토닉,미라시아_칠리 치즈 프라이,미라시아_코카콜라,미라시아_코카콜라(제로),미라시아_콥 샐러드,미라시아_파스타면 추가(150g),미라시아_핑크레몬에이드,연회장_Cass Beer,연회장_Conference L1,연회장_Conference L2,연회장_Conference L3,연회장_Conference M1,연회장_Conference M8,연회장_Conference M9,연회장_Convention Hall,연회장_Cookie Platter,연회장_Grand Ballroom,연회장_OPUS 2,연회장_Regular Coffee,연회장_골뱅이무침,연회장_공깃밥,연회장_돈목살 김치찌개 (밥포함),연회장_로제 치즈떡볶이,연회장_마라샹궈,연회장_매콤 무뼈닭발&계란찜,연회장_모둠 돈육구이(3인),연회장_삼겹살추가 (200g),연회장_야채추가,연회장_왕갈비치킨,연회장_주먹밥 (2ea),카페테리아_공깃밥(추가),카페테리아_구슬아이스크림,카페테리아_단체식 13000(신),카페테리아_단체식 18000(신),카페테리아_돼지고기 김치찌개,카페테리아_복숭아 아이스티,카페테리아_새우 볶음밥,카페테리아_새우튀김 우동,카페테리아_샷 추가,카페테리아_수제 등심 돈까스,카페테리아_아메리카노(HOT),카페테리아_아메리카노(ICE),카페테리아_약 고추장 돌솥비빔밥,카페테리아_어린이 돈까스,카페테리아_오픈푸드,카페테리아_진사골 설렁탕,카페테리아_짜장면,카페테리아_짜장밥,카페테리아_짬뽕,카페테리아_짬뽕밥,카페테리아_치즈돈까스,카페테리아_카페라떼(HOT),카페테리아_카페라떼(ICE),카페테리아_한상 삼겹구이 정식(2인) 소요시간 약 15~20분,포레스트릿_꼬치어묵,포레스트릿_떡볶이,포레스트릿_복숭아 아이스티,포레스트릿_생수,포레스트릿_스프라이트,포레스트릿_아메리카노(HOT),포레스트릿_아메리카노(ICE),포레스트릿_치즈 핫도그,포레스트릿_카페라떼(HOT),포레스트릿_카페라떼(ICE),포레스트릿_코카콜라,포레스트릿_페스츄리 소시지,화담숲주막_느린마을 막걸리,화담숲주막_단호박 식혜 ,화담숲주막_병천순대,화담숲주막_스프라이트,화담숲주막_참살이 막걸리,화담숲주막_찹쌀식혜,화담숲주막_콜라,화담숲주막_해물파전,화담숲카페_메밀미숫가루,화담숲카페_아메리카노 HOT,화담숲카페_아메리카노 ICE,화담숲카페_카페라떼 ICE,화담숲카페_현미뻥스크림
TEST_00+1일,6.199822902679443,21.320093154907227,7.735984802246094,2.2756803035736084,1.057371735572815,1.3372993469238281,1.0,1.6664907932281494,3.8852288722991943,1.1075066328048706,2.9200594425201416,1.0,1.354655385017395,4.868908405303955,25.856115341186523,1.3846501111984253,10.781590461730957,1.7401244640350342,1.2062348127365112,18.49833869934082,1.0,3.506645917892456,1.0,1.0,2.3133347034454346,1.0,1.70940101146698,4.574495315551758,6.550663948059082,6.606593132019043,5.633973121643066,3.7556569576263428,1.945823073387146,1.0179306268692017,2.4036812782287598,7.446913242340088,26.425107955932617,6.049554824829102,1.4816211462020874,16.79273223876953,23.418882369995117,1.2773618698120117,4.409513473510742,9.13941764831543,1.0,3.458726167678833,1.1593502759933472,5.535434246063232,1.0,4.878656387329102,10.87801742553711,2.692770481109619,5.526930809020996,1.0,2.4196488857269287,2.1711738109588623,1.7935372591018677,1.0,1.1938313245773315,1.9761966466903687,10.313815116882324,9.820651054382324,18.873855590820312,12.137731552124023,8.964515686035156,3.6126925945281982,1.4414818286895752,1.7452929019927979,3.405449390411377,6.535905361175537,2.011622190475464,3.6540920734405518,1.4354188442230225,1.2158782482147217,2.959514856338501,4.8219709396362305,1.0,2.597853422164917,1.1086000204086304,4.575584411621094,1.0,1.968846082687378,1.4643369913101196,2.0098936557769775,2.5968804359436035,3.7517149448394775,2.648442029953003,2.3283233642578125,2.8429369926452637,9.264716148376465,1.0,1.0776828527450562,3.10798716545105,5.097792148590088,3.3052728176116943,1.1149545907974243,1.0,1.2475430965423584,24.893516540527344,6.863154411315918,1.6843605041503906,1.019383192062378,8.193669319152832,1,160.7163543701172,1.0,34.86675262451172,5.791469097137451,4.152502059936523,2.238901138305664,2.172710418701172,1.2565244436264038,2.317397356033325,1.1397202014923096,1.2561039924621582,1.0,4.466466903686523,2.246159791946411,2.226051092147827,1.180082082748413,1.0,1.0,1.0,1,1.0,1.0,1.0,1.0,1.0,1.0,1.0,1.0,1.0,3.6441898345947266,1.6238417625427246,3.1653947830200195,1.8003594875335693,1.0,1.2531530857086182,6.632513046264648,1.6112133264541626,1.0,3.5760700702667236,1.0,8.240090370178223,32.90224075317383,23.305837631225586,19.039730072021484,8.215492248535156,1.0,5.7244954109191895,23.803991317749023,1.0,13.12908935546875,1.0,10.338244438171387,21.049394607543945,12.539189338684082,250.2998809814453,18.365224838256836,19.987192153930664,2.6929914951324463,6.922758102416992,5.395653247833252,14.155196189880371,1.0,8.978243827819824,4.093944549560547,291.4809265136719,95.41253662109375,8.982771873474121,69.33172607421875,1.0,18.069276809692383,54.38158416748047,22.572830200195312,1.0,6.805190563201904,17.437854766845703,3.2332205772399902,30.587181091308594,12.925487518310547,16.32333755493164,18.59159278869629,23.544818878173828,22.809667587280273,6.8843536376953125,77.4990005493164,38.06700134277344,12.029993057250977,51.17680358886719,8.00052261352539,21.544282913208008
TEST_00+2일,13.990668296813965,57.18748474121094,4.46319055557251,1.0,1.0,1.7908557653427124,7.192110538482666,1.0,1.0,1.0,1.0,1.0,1.0,3.8448877334594727,10.079412460327148,1.0,47.713531494140625,1.0,1.425014615058899,44.211456298828125,6.878607749938965,1.823854923248291,1.0,2.003019094467163,28.8386173248291,1.0,1.0,1.0,5.461150169372559,4.411745548248291,6.136744022369385,2.039642572402954,2.3921902179718018,1.076346516609192,11.562747955322266,3.0816428661346436,15.749088287353516,1.0,1.263134241104126,18.00745964050293,35.76573181152344,1.4415158033370972,1.8735535144805908,2.9120516777038574,1.0,1.8836073875427246,1.0,3.9160187244415283,2.5039331912994385,6.486229419708252,10.692349433898926,3.884040594100952,3.1629979610443115,1.0,1.9591741561889648,1.0,1.0,1.0,1.2890987396240234,1.0201181173324585,5.786949634552002,5.435022830963135,12.791521072387695,7.960909366607666,3.923114061355591,1.0,1.0,1.6005337238311768,2.418452739715576,2.607227087020874,1.0,6.245047569274902,1.0,1.0,1.0,2.092437267303467,1.0,1.200208067893982,1.0,1.4918806552886963,1.2049471139907837,1.0,1.0,1.0,1.0,2.1818172931671143,1.0,1.0,1.0,5.059833526611328,44.490901947021484,1.0,1.8940985202789307,2.27848482131958,1.0,1.0,1.1226310729980469,1.4875075817108154,16.762832641601562,4.1433424949646,1.3582828044891357,1.0,9.32652759552002,1,1.0,69.70307922363281,11.006321907043457,2.5401546955108643,3.0046701431274414,1.6942311525344849,3.413602352142334,1.2036657333374023,1.8266034126281738,1.2636247873306274,1.1369695663452148,1.0,3.0389554500579834,1.9191166162490845,3.5960659980773926,1.0,1.1895875930786133,2.177755117416382,1.0,1,1.0,1.0,1.0,1.0,1.0123220682144165,3.017943859100342,1.0,1.0,1.0,2.4462263584136963,1.0,4.392736911773682,1.0,1.142817735671997,1.0,5.292142391204834,1.0,1.0,1.0,1.4979894161224365,5.475017070770264,1.0,31.551729202270508,50.05913162231445,3.3158698081970215,1.0,2.335052013397217,33.389408111572266,1.0,22.20060157775879,1.0,1.0,8.722816467285156,5.288630962371826,124.16366577148438,23.794204711914062,1.0,2.369727611541748,2.70206880569458,6.112308025360107,5.766985893249512,26.797061920166016,1.0,4.743273735046387,618.5407104492188,1.0,1.0,11.918964385986328,1.0,12.054925918579102,65.28707885742188,1.0,12.19798755645752,1.0,1.8084112405776978,2.569108009338379,1.0,8.578973770141602,5.134975433349609,6.473696708679199,21.591018676757812,17.419086456298828,1.0,1.0,15.553752899169922,10.630003929138184,5.453201770782471,7.093603610992432,28.851755142211914
TEST_00+3일,7.438641548156738,3.21726131439209,5.21578311920166,1.0,1.0,1.0,9.79357624053955,4.0228047370910645,1.8450673818588257,1.0,1.5225427150726318,1.10153329372406,1.0,5.3172221183776855,6.492791652679443,1.0,26.712581634521484,1.0,1.0,26.88089370727539,1.3770859241485596,2.5567467212677,1.0,1.0,22.198362350463867,1.0,16.14528465270996,80.56919860839844,5.998791217803955,3.726240634918213,4.572153091430664,3.126009702682495,1.7084546089172363,1.0,8.0664701461792,3.877814292907715,18.154003143310547,1.0,1.5993025302886963,18.141883850097656,13.238384246826172,1.0,5.988724708557129,2.0315701961517334,1.5739235877990723,1.774977684020996,1.0,3.176515817642212,1.0,1.7214850187301636,9.283843040466309,2.65805721282959,6.457198143005371,1.0,2.1331887245178223,1.5307053327560425,1.0,1.8988550901412964,3.4839916229248047,1.310385823249817,1.8855444192886353,4.9243645668029785,5.312154293060303,5.3399834632873535,3.9126977920532227,2.1737303733825684,1.5006747245788574,1.5688157081604004,3.092287540435791,1.528329849243164,3.0510644912719727,6.040820598602295,1.0,1.1252802610397339,3.213238477706909,4.903380870819092,1.0,1.7047919034957886,1.0,2.5892698764801025,1.4351110458374023,1.0,1.5871244668960571,3.052731990814209,1.4574253559112549,4.767821311950684,2.463759183883667,1.589863896369934,1.782233476638794,5.610345363616943,18.735023498535156,1.965004324913025,1.7671314477920532,2.775907516479492,1.0,2.4592745304107666,1.0,1.0826971530914307,17.46222496032715,4.900900363922119,1.1231342554092407,1.0,13.25290298461914,1,1.0,30.218517303466797,10.219698905944824,2.917465925216675,2.9459450244903564,1.7598016262054443,4.717912673950195,1.59395432472229,1.1993745565414429,1.0,1.0,1.0,1.72457754611969,1.4732310771942139,1.0,1.0,2.4878246784210205,1.0,1.0,1,1.0,1.0,1.0,1.0,1.0,2.5014822483062744,1.113705039024353,1.0,49.23062515258789,1.8830569982528687,2.0175840854644775,2.255582332611084,1.0,1.0,1.0,2.1120288372039795,1.0,1.0,1.3581323623657227,1.0,1.0,35.00843811035156,100.8119125366211,72.30342864990234,2.7326083183288574,1.0,4.631454944610596,1.0,2.670210838317871,19.215696334838867,1.0,20.26914405822754,22.369962692260742,9.60658073425293,180.31948852539062,23.73264503479004,6.916637420654297,1.255916714668274,4.813139915466309,1.0,9.290748596191406,16.26626968383789,8.269527435302734,2.076519250869751,225.32806396484375,1.0,1.0,61.102230072021484,1.0,10.305026054382324,29.336284637451172,1.0,1.0,1.0112520456314087,17.354013442993164,1.0,3.065800189971924,8.844552040100098,12.012084007263184,8.192540168762207,17.8322811126709,11.40969181060791,1.0,1.0,14.150609970092773,15.882037162780762,27.655065536499023,2.113295078277588,1.0
TEST_00+4일,7.861057281494141,63.362796783447266,1.5875542163848877,1.0,1.0,1.0,6.762655735015869,2.7362372875213623,1.9928983449935913,1.0640885829925537,1.4501641988754272,1.0,1.5348169803619385,5.330097675323486,4.1417365074157715,1.6188713312149048,47.820072174072266,1.0,1.9458017349243164,37.58583450317383,5.972615718841553,3.5259506702423096,1.0,1.0,34.04619598388672,49.416927337646484,19.072961807250977,23.516733169555664,6.082286834716797,3.0154478549957275,1.291614055633545,1.678542137145996,1.7813202142715454,1.3095992803573608,4.4226861000061035,1.1852599382400513,17.95477867126465,4.947134971618652,1.543311357498169,11.118694305419922,8.391823768615723,1.5239636898040771,1.0,2.2128262519836426,1.0,3.1511340141296387,1.0,4.092388153076172,1.0610069036483765,1.551034688949585,8.977838516235352,1.0,6.122254371643066,1.0,1.1429073810577393,1.6670900583267212,1.456703543663025,1.5844004154205322,1.0,1.63320791721344,3.1088616847991943,4.161127090454102,11.60040283203125,9.398241996765137,2.576338768005371,1.61372971534729,2.2364864349365234,2.153928279876709,2.532247543334961,3.9257595539093018,2.459351062774658,4.736778736114502,1.0,1.1468164920806885,2.528087854385376,6.219165802001953,1.0,2.1417994499206543,1.0,3.154024600982666,1.5100382566452026,1.4209437370300293,1.0,1.9589295387268066,1.7905014753341675,2.3278748989105225,2.579530715942383,1.2781339883804321,2.0423858165740967,7.749941349029541,15.821754455566406,1.0,1.1877206563949585,2.5847368240356445,1.0,1.0,1.0,1.0364007949829102,10.231026649475098,3.7788126468658447,1.110926628112793,1.6393405199050903,1.5169346332550049,1,97.06380462646484,50.305660247802734,8.720976829528809,1.7958234548568726,2.12553334236145,2.0123281478881836,2.645382881164551,1.1230535507202148,1.7186224460601807,2.105489730834961,1.0,1.0,1.0926079750061035,1.5003803968429565,3.0755629539489746,1.0,1.0,1.0,1.0,1,1.0,1.0,1.0,1.0,1.0,5.294246673583984,1.0173884630203247,1.0,90.59200286865234,1.3891316652297974,2.2839770317077637,5.210089683532715,1.0,1.0,1.123587727546692,1.0,1.0,1.0,1.1622101068496704,1.2866698503494263,7.121664047241211,22.93384552001953,81.02751922607422,63.25120162963867,4.689591407775879,21.004697799682617,2.7136688232421875,1.0,1.0,6.005755424499512,30.648399353027344,1.0,12.449039459228516,8.64669418334961,163.90867614746094,15.29520320892334,6.399959087371826,1.3956472873687744,5.3254289627075195,2.4490180015563965,17.536243438720703,9.049721717834473,2.802680730819702,2.9347331523895264,1.3051514625549316,170.64215087890625,16.08637809753418,1.0,1.0,24.82758903503418,1.0,17.263256072998047,1.0,7.243000030517578,16.95512580871582,27.66343116760254,9.566118240356445,1.2032124996185303,2.851315975189209,4.808553695678711,1.4000470638275146,10.569869995117188,1.0,1.0,34.672691345214844,3.0445055961608887,32.431121826171875,1.0,2.7745463848114014
TEST_00+5일,7.482258319854736,80.33586120605469,4.953894138336182,1.0,1.0,1.0,21.741785049438477,1.0,2.925234794616699,1.0,1.0,1.059721827507019,1.2236555814743042,5.689876079559326,10.210938453674316,1.0780768394470215,57.4161376953125,1.0,2.4248673915863037,78.9930648803711,9.098175048828125,2.3264620304107666,1.0,7.179359436035156,23.336402893066406,48.384368896484375,20.27243423461914,50.02112579345703,2.934107542037964,4.564476490020752,2.3303580284118652,2.790221929550171,1.51806640625,1.0883922576904297,4.36678409576416,1.395035743713379,13.35356330871582,3.596143960952759,1.581695556640625,15.97720718383789,1.0,1.0,4.062021255493164,5.712386608123779,1.0,1.7576247453689575,1.0,3.438457489013672,1.0,3.9833719730377197,10.759602546691895,3.5593228340148926,6.579657077789307,1.164720058441162,1.079491138458252,3.33607816696167,1.0,1.0,1.9398280382156372,1.365555763244629,2.0668599605560303,1.381097435951233,13.598320960998535,9.025127410888672,4.710581302642822,5.671640872955322,1.870962142944336,1.2143375873565674,4.357484817504883,1.6488995552062988,3.4545388221740723,4.802206039428711,1.0,2.504056930541992,1.5142626762390137,6.548106670379639,1.0,1.4300990104675293,3.6961541175842285,2.2866153717041016,1.8122915029525757,1.0961887836456299,1.4109218120574951,1.4087777137756348,2.1431386470794678,1.8777607679367065,1.4912294149398804,1.910212516784668,2.0450022220611572,8.310070037841797,83.15144348144531,1.2735140323638916,1.9795784950256348,4.0341644287109375,1.0,1.8439030647277832,1.0,1.0,13.862607955932617,3.2306129932403564,1.7620959281921387,1.244439959526062,8.50682544708252,1,1.0,33.04187774658203,7.781231880187988,2.9376637935638428,3.4998490810394287,2.053009033203125,1.6096924543380737,1.162835717201233,1.0038316249847412,1.2243831157684326,1.1131283044815063,1.0645911693572998,5.064253330230713,1.7360998392105103,2.3605828285217285,1.5750011205673218,1.0,4.785496234893799,1.0,1,1.1879339218139648,1.0436174869537354,1.2730028629302979,1.0,1.0939635038375854,8.391510963439941,1.0,1.0,156.62844848632812,2.3552165031433105,2.380061388015747,3.7079858779907227,1.0,1.0469774007797241,1.0419906377792358,2.1096324920654297,1.1080378293991089,1.0,1.0,2.0430471897125244,6.1954569816589355,6.894360065460205,90.67578125,93.06358337402344,3.927600622177124,1.0,3.090099811553955,23.006210327148438,1.0,16.45695686340332,12.586928367614746,1.0,8.795621871948242,3.412149667739868,98.02439880371094,3.312187671661377,6.047079086303711,1.0,1.3157750368118286,6.33582878112793,1.6016336679458618,1.0,9.049347877502441,2.7649178504943848,304.63336181640625,241.3310546875,7.635012149810791,1.0,1.0,16.19074058532715,1.0,1.0,7.690314769744873,4.184607982635498,11.234281539916992,1.0,4.78110933303833,2.698507308959961,1.0,11.83151912689209,36.68928909301758,4.1670637130737305,8.168184280395508,11.589005470275879,36.911956787109375,15.339874267578125,23.02811622619629,7.509253978729248,1.0
TEST_00+6일,7.139133453369141,72.47224426269531,6.1248393058776855,1.0,1.5091578960418701,1.0,6.0343451499938965,4.6113481521606445,4.823921203613281,1.0,2.499621868133545,1.2511154413223267,1.5211529731750488,5.784810543060303,19.432456970214844,2.0623397827148438,21.374162673950195,2.280325174331665,1.5860652923583984,55.46227264404297,5.128923416137695,2.6796369552612305,1.4550480842590332,2.4339072704315186,28.300540924072266,22.47479820251465,27.67690658569336,98.71688842773438,1.0,7.925321102142334,2.771826982498169,3.226577043533325,4.174922943115234,2.151719331741333,6.641317367553711,3.0523736476898193,28.302352905273438,5.559354782104492,1.0,34.58509826660156,5.684762001037598,2.6017110347747803,5.589501857757568,1.0,1.3192219734191895,2.251621723175049,1.0,3.4300484657287598,1.323867917060852,4.052707195281982,10.585260391235352,2.5371503829956055,6.54612922668457,1.0,1.9697279930114746,1.6462141275405884,2.6199750900268555,1.9457181692123413,2.027411699295044,1.7382832765579224,7.598209857940674,5.556044578552246,11.834114074707031,9.56230640411377,5.046194076538086,2.0863311290740967,1.758065104484558,1.7580235004425049,3.397195816040039,1.0,1.0428119897842407,1.3815796375274658,1.2206233739852905,1.0,3.2055201530456543,5.456829071044922,1.4869431257247925,1.906158208847046,1.201295018196106,3.146355628967285,2.8777575492858887,1.1281150579452515,1.6112323999404907,1.6616501808166504,1.4688990116119385,3.708362340927124,1.9239696264266968,1.4379260540008545,3.6588380336761475,10.016459465026855,48.87607955932617,1.1492650508880615,2.1245884895324707,6.271714687347412,2.8231122493743896,1.6198028326034546,1.2862517833709717,1.1227298974990845,27.46772575378418,8.990674018859863,2.9727978706359863,1.0,10.261022567749023,1,70.73910522460938,51.56461715698242,12.397923469543457,4.660161018371582,5.33767557144165,1.0,4.761453151702881,1.6746411323547363,1.916602373123169,1.6585235595703125,1.0721709728240967,1.0462925434112549,2.740324020385742,1.3118584156036377,2.160647392272949,1.4522485733032227,2.29376482963562,1.0,1.0,1,1.0,1.0,1.0,1.0,1.0,5.398197650909424,1.1092925071716309,1.0,82.12645721435547,3.5681004524230957,2.579616069793701,4.1819939613342285,1.5434110164642334,1.1247727870941162,1.7491521835327148,9.013285636901855,1.0,2.089298963546753,1.413368821144104,2.2405009269714355,1.9635220766067505,21.438167572021484,172.58154296875,44.82586669921875,7.148213863372803,1.0,6.149679660797119,32.57847213745117,1.0,15.582990646362305,1.0,1.0,14.443896293640137,7.470388889312744,192.8192901611328,10.50967025756836,9.836241722106934,3.147213935852051,5.717637062072754,3.068023920059204,5.073208808898926,1.0,6.655428409576416,4.384772777557373,187.1547393798828,1.0,13.24355411529541,21.15026092529297,1.0,10.858965873718262,5.098867893218994,1.0,1.0,2.076585292816162,2.680985689163208,1.0,24.138486862182617,4.548238754272461,7.481773376464844,6.130146503448486,6.174077987670898,9.198260307312012,3.3843307495117188,34.134307861328125,28.6563777923584,12.274450302124023,28.793210983276367,5.708921909332275,23.183364868164062
TEST_00+7일,9.714393615722656,45.482486724853516,10.032102584838867,6.87932825088501,1.7388337850570679,1.0,4.807042598724365,3.8453853130340576,3.637584686279297,1.0,2.19332218170166,1.5865473747253418,1.8975900411605835,3.8402316570281982,42.22994613647461,2.997246026992798,13.2484712600708,2.041858673095703,2.010521173477173,5.944710731506348,1.0,4.198397636413574,1.4828687906265259,1.797992467880249,3.1474061012268066,1.0,10.408289909362793,65.84424591064453,5.973482131958008,6.18162727355957,3.9055843353271484,6.663446426391602,3.2776737213134766,2.081756830215454,8.194546699523926,7.038373947143555,54.16250228881836,6.435242176055908,2.520559549331665,48.18854522705078,36.55176544189453,2.9437763690948486,6.310436248779297,1.0,1.977129578590393,4.959688186645508,1.0,4.369328498840332,2.036212682723999,3.289290428161621,23.258024215698242,3.467212200164795,12.849207878112793,1.6957322359085083,5.092453956604004,1.8412569761276245,1.8367741107940674,1.130055546760559,2.312518835067749,1.6763583421707153,15.848222732543945,9.226142883300781,19.290170669555664,16.766284942626953,8.433222770690918,3.8591904640197754,2.1555864810943604,2.5017809867858887,4.372285842895508,1.0,1.9657245874404907,4.593862056732178,1.3910506963729858,1.0,6.765100479125977,8.207345008850098,1.6812360286712646,2.549722909927368,1.9808228015899658,7.120033264160156,3.144777536392212,3.2939164638519287,1.6697052717208862,3.992805004119873,1.5339549779891968,8.290336608886719,1.0,2.6412973403930664,4.222799301147461,11.452682495117188,1.0,2.284449815750122,5.51328706741333,13.197540283203125,1.3241267204284668,2.79721736907959,1.348577857017517,1.453290581703186,9.764525413513184,8.821465492248535,2.6366958618164062,1.7623742818832397,6.765231132507324,1,124.40751647949219,2.218785047531128,16.640884399414062,5.433433532714844,6.255175590515137,2.6580300331115723,6.66894006729126,2.5440146923065186,2.8340137004852295,1.8434432744979858,1.3816345930099487,2.0001962184906006,5.497478008270264,2.541170835494995,7.010064601898193,1.0,4.4351806640625,1.0,1.0,1,1.0,1.0,1.0,1.0,1.0,1.0,1.0,1.0,1.0,5.254019260406494,5.841368675231934,6.993880271911621,2.872164011001587,1.698869228363037,3.1797285079956055,9.566727638244629,1.81279456615448,1.6205061674118042,4.912313461303711,2.5679972171783447,18.036230087280273,27.777326583862305,43.50892639160156,21.066423416137695,10.081321716308594,26.77033805847168,12.486581802368164,56.42805480957031,1.5916869640350342,14.686902046203613,1.0,1.0,19.619213104248047,13.58395004272461,83.64926147460938,27.892152786254883,23.81374168395996,3.715684652328491,7.613839149475098,5.174581527709961,10.689912796020508,1.0,13.386293411254883,8.467728614807129,152.20846557617188,360.6118469238281,20.0758056640625,71.88764953613281,1.0,2.3067946434020996,37.239566802978516,19.960832595825195,17.04953956604004,2.089378595352173,10.465730667114258,3.0305168628692627,27.380779266357422,13.529685020446777,14.81579875946045,19.044919967651367,15.041991233825684,14.86567497253418,13.641595840454102,67.69414520263672,49.800445556640625,10.694302558898926,50.69961166381836,9.359871864318848,17.128860473632812
TEST_01+1일,6.905944347381592,24.125993728637695,7.979423999786377,2.7966420650482178,1.1279518604278564,1.4730221033096313,1.7863284349441528,4.466015815734863,3.754647731781006,1.1945115327835083,3.327409029006958,1.249018669128418,1.33209228515625,5.271749496459961,25.67765998840332,1.8659149408340454,1.0,1.992151141166687,2.89410662651062,3.2634835243225098,1.0,4.321447849273682,1.1963348388671875,2.8419861793518066,1.0,1.0,4.698980331420898,1.0,8.166299819946289,8.322670936584473,3.274298667907715,5.600336074829102,1.8471769094467163,1.423492670059204,11.413883209228516,4.621569633483887,41.145816802978516,7.921578407287598,1.5696204900741577,25.869840621948242,25.332454681396484,1.7769585847854614,4.964954376220703,5.55670166015625,1.0,2.5367581844329834,1.0,6.423034191131592,1.0,5.8816819190979,13.100558280944824,1.6218969821929932,4.678097724914551,1.0,2.6701724529266357,1.872550368309021,2.8787009716033936,1.0,1.4988254308700562,1.1936967372894287,13.9365873336792,11.608711242675781,17.47612953186035,11.280351638793945,8.189826965332031,3.5494375228881836,1.6014416217803955,1.250250220298767,3.0619266033172607,1.0,2.570263147354126,1.0,1.1120314598083496,1.0,3.582158327102661,5.451356887817383,2.446136951446533,3.110116958618164,1.0,5.41519832611084,1.0684181451797485,1.4409860372543335,2.7723464965820312,2.7123825550079346,3.4086074829101562,3.667757511138916,2.8544440269470215,2.242520809173584,3.244935989379883,6.431859970092773,1.0,2.1085104942321777,4.520019054412842,10.246466636657715,2.387904167175293,1.12921142578125,1.386817455291748,1.0,46.309791564941406,9.223893165588379,2.038525342941284,1.0,9.665722846984863,1,166.96578979492188,7.191934108734131,36.95621871948242,3.916039228439331,4.7949628829956055,1.5317211151123047,2.3996214866638184,1.5212929248809814,1.852872371673584,1.424778699874878,1.1970709562301636,1.2726852893829346,3.1359260082244873,2.718534231185913,1.306311011314392,1.3611828088760376,1.0144537687301636,1.0,1.0,1,1.0,1.0,1.0,1.0,1.0,1.0,1.0,1.0,29.619028091430664,4.047956466674805,1.1877309083938599,3.713707447052002,2.7070882320404053,1.058351993560791,1.0,10.239710807800293,1.5472720861434937,1.0,5.87077522277832,1.161070704460144,9.699348449707031,41.166404724121094,14.014222145080566,1.0,13.701786041259766,3.5493290424346924,14.610965728759766,28.745866775512695,1.0,23.231643676757812,1.0,48.22128677368164,23.04445457458496,12.904119491577148,138.3647918701172,15.276965141296387,26.88396644592285,3.8656809329986572,8.823885917663574,5.395055770874023,12.783965110778809,3.6166796684265137,8.017992973327637,9.079018592834473,268.0218505859375,85.247802734375,14.72382926940918,18.9114933013916,28.244718551635742,1.0,69.11762237548828,1.0,1.0,8.718026161193848,14.02166748046875,6.873847484588623,16.330228805541992,9.46707820892334,25.27084732055664,16.555164337158203,28.46799659729004,24.170137405395508,10.45985221862793,59.55708694458008,48.53304672241211,8.119009017944336,33.933921813964844,9.87667465209961,26.5634765625
TEST_01+2일,13.808514595031738,61.702064514160156,5.2068657875061035,1.0,1.0,2.3900182247161865,6.699775218963623,1.0,1.0,1.0,1.0,1.0,1.2473067045211792,4.183848857879639,9.143494606018066,1.0,27.143024444580078,1.0,1.6734448671340942,36.6893310546875,6.83240270614624,2.902289390563965,1.0,2.975187301635742,22.60169792175293,9.837770462036133,2.8660178184509277,1.612753987312317,6.14365816116333,4.481123447418213,3.6199593544006348,3.365877866744995,2.051396369934082,1.3873181343078613,4.835433483123779,1.0,28.168498992919922,1.0,1.138303518295288,32.19917678833008,31.14435577392578,2.509498357772827,2.099104404449463,3.252453565597534,1.0,2.1012914180755615,1.0,2.5382211208343506,2.8552417755126953,7.184060573577881,9.228663444519043,1.834816813468933,3.6916184425354004,1.0,3.695390462875366,1.001438856124878,1.751046061515808,2.0283443927764893,1.125321388244629,1.0,7.007855415344238,8.446669578552246,17.52252769470215,7.792553424835205,3.900418996810913,1.0,1.0,1.0429458618164062,2.374762535095215,6.651261806488037,1.0,1.3685003519058228,1.0,1.0,1.0,2.14083194732666,1.0,1.6201375722885132,1.0,1.8030030727386475,1.4304956197738647,1.0,1.0,1.5869402885437012,1.0,1.0,1.0,1.0,1.0,1.625664472579956,19.977523803710938,1.474039912223816,3.608306884765625,6.5336713790893555,1.0,1.0,1.5508240461349487,2.2214009761810303,21.208894729614258,7.445253849029541,1.2141667604446411,1.0,12.639313697814941,1,1.0,68.41790008544922,20.165849685668945,2.3408305644989014,2.7792210578918457,1.2948466539382935,3.00962233543396,1.3618006706237793,1.8675323724746704,1.0,1.168577790260315,1.7266572713851929,1.0,1.777907133102417,3.268679618835449,1.2663596868515015,2.0842955112457275,1.0,1.0,1,1.0,1.0,1.0,1.0,1.0,3.7499163150787354,1.0,1.0,1.0,2.939371347427368,2.172175168991089,4.315028190612793,2.1412813663482666,1.0,1.0818698406219482,7.7897562980651855,1.0,1.0,2.3543434143066406,1.3709988594055176,10.405716896057129,1.0,18.421241760253906,13.614264488220215,6.185032844543457,1.0,8.42923641204834,26.097274780273438,1.1820363998413086,37.988948822021484,1.0,18.889638900756836,12.334174156188965,7.8845415115356445,3.8648927211761475,20.56804084777832,7.002608776092529,3.2110633850097656,3.3449201583862305,4.907626152038574,7.589365482330322,25.340667724609375,1.0,5.98467493057251,587.6133422851562,1.0,1.0,63.391632080078125,1.0,3.7278385162353516,70.83253479003906,1.0,11.686060905456543,2.545032024383545,3.226364850997925,12.14555835723877,6.965085029602051,14.748806953430176,12.360215187072754,6.736850738525391,19.099485397338867,19.73546600341797,1.0,30.61527442932129,11.794975280761719,8.426858901977539,12.886282920837402,8.177512168884277,39.45769500732422
TEST_01+3일,6.643033027648926,1.0,5.379944801330566,1.0,1.0,1.0,7.685673713684082,5.746091365814209,2.2552127838134766,1.0,1.8610014915466309,1.1633790731430054,1.0,3.8652896881103516,7.655649662017822,1.0,1.0,1.0,1.3679389953613281,16.18610191345215,1.0,3.077626943588257,1.2401177883148193,1.754137635231018,20.116544723510742,1.0,18.121854782104492,60.31318283081055,5.30671501159668,5.036490440368652,3.696505308151245,3.372760057449341,2.0107860565185547,1.0,1.0,3.2601726055145264,12.294609069824219,1.0,1.6430405378341675,8.588302612304688,16.4476261138916,1.7432962656021118,5.216226577758789,4.014678955078125,2.291759490966797,1.4027190208435059,1.0,2.7077651023864746,1.0,1.9167271852493286,9.571159362792969,1.0,5.532057762145996,1.0,2.636692523956299,1.5786056518554688,2.2258572578430176,2.8465676307678223,3.231572389602661,1.2782737016677856,2.7300894260406494,6.134492874145508,10.37158489227295,5.046548366546631,5.724483966827393,2.2415285110473633,1.48367440700531,1.4378540515899658,2.7752130031585693,1.0,4.250504016876221,3.158916473388672,1.0,1.29170823097229,2.949974775314331,4.913440227508545,1.716936707496643,1.720845103263855,1.0,2.9546070098876953,1.5094002485275269,1.0,2.248386859893799,3.710524797439575,1.092332124710083,3.8254764080047607,2.521679401397705,1.784972071647644,2.026615858078003,2.290407180786133,15.159804344177246,1.5676121711730957,3.366527557373047,6.253044128417969,1.0,2.436837911605835,1.0,1.2668306827545166,26.018775939941406,6.320414066314697,1.0,1.0,15.791332244873047,1,1.0,15.822765350341797,12.047886848449707,1.94662606716156,2.224961996078491,1.789507508277893,4.067043304443359,1.1943079233169556,1.806388258934021,1.0,1.0,1.012858271598816,2.0507259368896484,1.73076593875885,1.0,1.0,2.59548020362854,2.2825090885162354,1.0,1,1.0,1.0,1.0,1.0,1.0,1.9638218879699707,1.0,1.0,61.852203369140625,2.4815807342529297,2.8225438594818115,2.5932517051696777,1.0,1.0,1.0,3.38454270362854,1.0,1.0,3.0771450996398926,1.0,1.0,50.043663024902344,72.26539611816406,39.982059478759766,9.357562065124512,1.0,5.034183502197266,1.0,2.9647512435913086,35.130455017089844,1.0,47.26968002319336,17.963930130004883,5.589887619018555,43.93058776855469,24.814313888549805,1.0,2.3557629585266113,4.216805458068848,1.0,7.044454574584961,14.134708404541016,6.954633712768555,3.7767653465270996,144.59474182128906,1.0,1.271478533744812,18.283588409423828,1.0,6.408628940582275,19.46832275390625,1.0,1.0,2.282133102416992,19.521602630615234,15.537878036499023,9.305326461791992,8.187097549438477,7.735648155212402,10.503190994262695,18.543115615844727,4.640923500061035,1.0,7.669525146484375,9.921286582946777,15.355897903442383,35.757057189941406,3.168292284011841,12.61398983001709
TEST_01+4일,7.722482204437256,40.69450759887695,2.235234260559082,1.0093895196914673,1.0,1.0,5.815711975097656,3.757472515106201,2.1365461349487305,1.0628494024276733,1.6483256816864014,1.0,1.5408782958984375,4.408332347869873,7.1786298751831055,1.377633810043335,43.530784606933594,1.0,1.5963464975357056,30.734058380126953,13.22935676574707,3.278815984725952,1.0,1.0,26.12731170654297,20.084041595458984,21.846820831298828,14.36701488494873,6.665388107299805,4.120762348175049,1.0,1.8795266151428223,1.8575778007507324,1.0443896055221558,5.380230903625488,1.137662410736084,11.950185775756836,6.917913913726807,1.736678123474121,10.077686309814453,15.23974609375,1.863011360168457,1.0,1.0,1.0,1.0326939821243286,1.0,3.7131967544555664,2.1713266372680664,2.324376344680786,7.913320064544678,1.0,7.79396390914917,1.0446585416793823,1.8099781274795532,1.695218563079834,2.4041693210601807,1.7032575607299805,1.4259494543075562,1.9880372285842896,2.813565731048584,5.666486740112305,6.817901134490967,3.026329517364502,3.6118907928466797,4.330550670623779,1.4760781526565552,1.6365294456481934,2.645174026489258,1.5971624851226807,2.870392322540283,5.610182285308838,1.0,1.0,2.120551586151123,4.887172698974609,1.6929208040237427,1.3410816192626953,1.3830033540725708,3.624539375305176,1.3816983699798584,1.1707849502563477,1.0,3.1456422805786133,2.162787675857544,3.3776910305023193,2.594482898712158,1.083552598953247,2.0807085037231445,4.795772552490234,15.848004341125488,1.0,1.3946729898452759,5.0254740715026855,1.349645733833313,1.0,1.7012677192687988,1.0,21.454299926757812,5.552497863769531,1.1817377805709839,1.0,13.332626342773438,1,106.1868896484375,23.772720336914062,8.560293197631836,2.2045693397521973,2.1265745162963867,2.400557041168213,1.3768655061721802,1.4957128763198853,2.125084400177002,1.4713886976242065,1.0,1.2909668684005737,1.8955823183059692,1.596220850944519,2.202728509902954,1.0,1.1495490074157715,1.0,1.0,1,1.0,1.0,1.0,1.0,1.0,3.9759514331817627,1.0,1.0,110.13482666015625,1.6282941102981567,1.8530504703521729,5.1606950759887695,1.8226333856582642,1.7278307676315308,1.0,2.790363073348999,1.0,1.0,1.4051876068115234,1.0,2.5446243286132812,27.588464736938477,72.08340454101562,36.18779754638672,6.435367584228516,30.724672317504883,7.708571434020996,1.0,1.0,19.55980682373047,1.0,1.0,14.890743255615234,2.777766704559326,1.0,8.937642097473145,3.7863826751708984,1.9256757497787476,3.305967092514038,3.8651771545410156,8.106645584106445,18.229028701782227,2.878540277481079,7.069368839263916,1.0,69.03229522705078,14.178054809570312,21.332805633544922,11.97597599029541,1.0,1.0,11.917168617248535,1.0,8.51685619354248,17.422800064086914,31.576900482177734,1.0,1.0,3.869968891143799,3.5213944911956787,14.951700210571289,7.710732936859131,1.0,11.139969825744629,41.052093505859375,4.365469455718994,22.59010124206543,2.618232250213623,26.97524642944336
TEST_01+5일,7.997317790985107,60.477874755859375,4.529508590698242,1.0,1.0,1.0,14.287267684936523,2.6871585845947266,2.06720232963562,1.0,1.0,1.1941026449203491,1.193073034286499,3.5962183475494385,9.524564743041992,1.42624032497406,31.68515396118164,1.0,1.466351866722107,68.86656951904297,17.270429611206055,4.272835731506348,1.0695650577545166,5.244232654571533,16.465017318725586,34.4156494140625,25.26268196105957,39.6296272277832,4.428532600402832,4.699425220489502,2.216648578643799,2.0296435356140137,1.946608066558838,1.4105758666992188,1.0,3.26596736907959,12.912036895751953,4.581996440887451,1.2357072830200195,15.003220558166504,5.926063060760498,2.0187675952911377,4.941307067871094,4.980423927307129,1.0,1.5206257104873657,1.0,2.9937691688537598,1.0,2.921158790588379,8.199491500854492,1.0,6.652911186218262,1.6455656290054321,1.114014983177185,2.7115156650543213,1.9761713743209839,1.0249419212341309,2.0378949642181396,1.0,2.6957409381866455,3.7381937503814697,4.350490570068359,6.6370530128479,4.472141265869141,2.8441147804260254,1.0,1.0,4.085509777069092,1.430373191833496,3.328706741333008,4.777678489685059,1.0,1.0,1.621155858039856,5.768634796142578,1.0,1.2981188297271729,3.2039103507995605,2.766808271408081,2.6260523796081543,1.4555838108062744,1.4980952739715576,1.4973901510238647,2.46307373046875,1.7656527757644653,1.457439661026001,1.5574105978012085,2.287248373031616,3.763402223587036,32.62322235107422,1.0,2.748598098754883,4.812449932098389,1.0,2.2334985733032227,1.0,1.0,29.71027946472168,3.1653244495391846,1.405411720275879,1.0,10.58155345916748,1,1.0,27.370447158813477,10.417440414428711,3.0067105293273926,2.953110694885254,1.1279380321502686,1.5394182205200195,1.0,1.1936767101287842,1.3364171981811523,1.0,1.0618611574172974,3.855703830718994,1.7914178371429443,1.3137441873550415,1.7285112142562866,1.370247721672058,6.515591621398926,1.057462215423584,1,1.1379261016845703,1.005599021911621,1.3102104663848877,1.0,1.0581748485565186,7.715156555175781,1.0,1.0,147.11630249023438,3.135077714920044,1.4820011854171753,3.0988495349884033,1.2162352800369263,1.0,1.0,7.472955703735352,1.137883186340332,1.0,2.7861216068267822,1.0,2.680893659591675,17.628597259521484,80.6258316040039,51.11580276489258,6.496808052062988,10.269834518432617,2.935392379760742,13.386823654174805,1.0,23.07441520690918,1.0,20.996450424194336,10.119850158691406,1.0,1.0,4.385998725891113,4.426236152648926,1.0,3.4985191822052,7.524703502655029,3.2455432415008545,4.360934734344482,7.247236728668213,4.327869415283203,144.77792358398438,216.98663330078125,6.595673084259033,1.0,37.493141174316406,1.0,1.0,1.0,13.635890007019043,5.667386531829834,1.0,21.70844268798828,12.114727020263672,2.706472158432007,16.986257553100586,12.513874053955078,40.40540313720703,3.079822540283203,13.519843101501465,12.201438903808594,38.99138641357422,24.183788299560547,11.159443855285645,8.91003704071045,1.0
TEST_01+6일,7.907434463500977,54.84491729736328,4.954056262969971,1.0,1.4918533563613892,1.0,7.284893989562988,6.490260601043701,4.262363910675049,1.009176254272461,1.8515719175338745,1.3507009744644165,2.114720582962036,5.6890034675598145,24.277347564697266,2.0522301197052,1.0,2.0210955142974854,2.028134822845459,57.50363540649414,14.907713890075684,3.9818289279937744,1.8732165098190308,2.8573334217071533,25.128097534179688,21.436954498291016,28.919204711914062,84.6724624633789,3.3068177700042725,9.172621726989746,3.1504530906677246,2.919370174407959,3.0252723693847656,2.1918745040893555,1.0,3.3993849754333496,24.1870059967041,7.815056324005127,1.1650761365890503,32.700279235839844,7.2686848640441895,2.6726694107055664,5.037148952484131,3.9832983016967773,1.0,2.970078229904175,1.0,4.792044162750244,1.465819001197815,3.689242362976074,5.998012542724609,1.0,7.328659534454346,1.0,3.7604739665985107,1.9201463460922241,3.6187314987182617,1.4349130392074585,2.142721652984619,1.6162019968032837,7.436004638671875,6.899840354919434,11.092703819274902,5.488353729248047,2.8792974948883057,2.7588696479797363,1.0,1.3191899061203003,3.233229160308838,1.0,1.5037953853607178,1.0,1.0,1.0,4.291855335235596,3.915557861328125,1.8297585248947144,1.4983339309692383,1.0,3.4825665950775146,2.3669002056121826,1.2617470026016235,2.476541042327881,1.1512572765350342,1.7253931760787964,3.5604400634765625,1.0,1.0,3.6868019104003906,5.208135604858398,34.046688079833984,1.7345829010009766,3.0057342052459717,7.2268877029418945,3.2255496978759766,1.3072844743728638,1.3226670026779175,1.0907707214355469,45.87376022338867,8.002702713012695,2.7718827724456787,1.0585565567016602,11.615009307861328,1,91.234375,61.881317138671875,14.407618522644043,5.088230609893799,4.682999610900879,1.41965913772583,3.346090793609619,1.226503849029541,1.9520487785339355,1.5974534749984741,1.079111933708191,1.0,2.137305974960327,1.226647973060608,1.624954342842102,1.9423547983169556,2.016896963119507,1.0,1.0,1,1.0,1.0,1.0,1.1572519540786743,1.0,4.460459232330322,1.0498926639556885,1.0,90.56510925292969,3.6603238582611084,2.3577396869659424,4.415333271026611,3.0377793312072754,1.5490750074386597,1.596954345703125,9.615983009338379,1.0,1.909090518951416,3.65742564201355,1.0,1.0256696939468384,30.602218627929688,140.31011962890625,38.12281036376953,6.692689895629883,14.716096878051758,4.3016486167907715,32.44966125488281,1.0,21.446346282958984,1.0,1.0,28.255840301513672,5.4481120109558105,52.09105682373047,5.628077507019043,9.510171890258789,4.532765865325928,4.267398357391357,2.641766309738159,7.694960594177246,1.0,4.920380115509033,7.450216770172119,81.14060974121094,1.0,30.96807289123535,17.19603729248047,3.0916309356689453,1.0,11.503888130187988,1.0,16.19028663635254,4.571027755737305,3.287550449371338,9.799873352050781,11.45571517944336,3.8787214756011963,34.80079650878906,1.6940101385116577,23.482318878173828,11.729296684265137,1.0,12.040146827697754,25.852304458618164,14.087223052978516,22.58468246459961,8.677773475646973,30.3132381439209
TEST_01+7일,10.689756393432617,31.340238571166992,9.955438613891602,7.1190361976623535,1.6357260942459106,1.0,5.377599239349365,4.8422417640686035,4.310018062591553,1.0,2.165856122970581,1.4631767272949219,2.2208926677703857,4.858681678771973,39.374671936035156,2.8610281944274902,12.956992149353027,1.6354089975357056,3.007458209991455,4.7532057762146,3.3748061656951904,5.515570163726807,1.659985899925232,4.864056587219238,10.173254013061523,1.0,13.137689590454102,63.06460189819336,7.577582359313965,9.428295135498047,3.4321110248565674,5.4781975746154785,1.9312396049499512,2.300477981567383,7.579817771911621,6.341070175170898,48.66471862792969,7.721691131591797,2.3629953861236572,40.860172271728516,41.844783782958984,3.7993009090423584,5.952858924865723,5.154557704925537,2.162968158721924,4.971207141876221,1.0,2.797879695892334,2.5347776412963867,4.311788558959961,16.651762008666992,2.466747999191284,14.798795700073242,2.0070407390594482,6.881219387054443,1.6370491981506348,2.6819076538085938,1.1623914241790771,2.074113130569458,1.938429832458496,16.12003517150879,9.03555965423584,12.705414772033691,14.977514266967773,7.805574893951416,4.351565361022949,1.895419716835022,2.370738983154297,4.363982677459717,1.0,2.575054168701172,3.9598374366760254,1.3400734663009644,1.5176559686660767,5.4554643630981445,6.317512512207031,1.0,2.3992929458618164,1.7983475923538208,7.407029628753662,3.512066125869751,2.3075568675994873,1.6223231554031372,5.218647003173828,2.7089622020721436,6.285411834716797,1.0,2.614190101623535,4.514349460601807,8.710346221923828,21.848936080932617,1.508941888809204,5.705883979797363,14.328981399536133,1.2672407627105713,2.6765682697296143,1.890286922454834,1.3377735614776611,17.90001678466797,8.700764656066895,2.7326154708862305,1.2055474519729614,18.153743743896484,1,114.84619903564453,6.114508628845215,14.468729019165039,6.08587646484375,5.5512871742248535,2.3996779918670654,5.325473785400391,2.9049108028411865,3.1487789154052734,1.591423749923706,1.0327774286270142,1.7659740447998047,4.743927001953125,1.776470422744751,6.651912212371826,1.0,4.433837413787842,1.0,1.0,1,1.0,1.0,1.0,1.0,1.0,1.0,1.0,1.0,1.0,5.258590221405029,7.0936384201049805,7.002715110778809,3.5051000118255615,1.7668401002883911,2.8527767658233643,12.33111572265625,1.8651190996170044,1.3284835815429688,6.362567901611328,2.1791906356811523,16.643699645996094,37.66664505004883,47.502811431884766,5.693386077880859,9.961389541625977,11.022110939025879,11.691733360290527,51.94744873046875,1.5393455028533936,42.70704650878906,1.0,45.38652801513672,26.75397491455078,10.503414154052734,1.0,19.795513153076172,16.503419876098633,3.87239146232605,5.4650983810424805,3.940434455871582,15.420992851257324,1.0,12.137494087219238,9.459030151367188,32.3333625793457,392.51947021484375,18.9630126953125,97.03694152832031,1.0,5.0610480308532715,47.30550003051758,19.897258758544922,28.33879280090332,7.130322456359863,27.162452697753906,11.331438064575195,21.399198532104492,13.269278526306152,30.792619705200195,14.799735069274902,30.01405906677246,16.940288543701172,8.576318740844727,51.29700469970703,45.745025634765625,3.26780104637146,37.71968460083008,8.442594528198242,35.43621826171875
TEST_02+1일,5.79910945892334,11.18741512298584,5.951322078704834,1.8683409690856934,1.144870638847351,2.48305606842041,1.0,3.4433419704437256,3.7785325050354004,1.0,2.212186098098755,1.0,1.2665647268295288,2.510684013366699,24.121295928955078,1.9632093906402588,17.53070068359375,1.8941818475723267,2.709007501602173,5.110861778259277,1.0,3.0120553970336914,1.0,4.694029808044434,1.5406419038772583,8.734278678894043,6.622419834136963,1.7447203397750854,14.614519119262695,6.293288230895996,4.749046802520752,5.210801601409912,1.5933490991592407,1.3894774913787842,4.309971809387207,9.627549171447754,31.83732032775879,8.778223037719727,1.5837171077728271,16.151979446411133,26.90921974182129,1.5393879413604736,7.590453624725342,6.5126471519470215,1.0,1.8442621231079102,1.0,5.5618486404418945,1.0,3.464556932449341,7.972175598144531,1.0,6.088803768157959,1.0,2.3313891887664795,2.1532177925109863,2.217236280441284,2.334308385848999,1.5299214124679565,1.0,10.443881034851074,12.592635154724121,16.794795989990234,9.165791511535645,12.737751960754395,3.16205096244812,1.458884596824646,1.1861028671264648,3.3118557929992676,1.0,2.564859390258789,1.9830224514007568,1.2872792482376099,2.4536261558532715,4.3856120109558105,3.6855342388153076,1.0,2.7649874687194824,1.5466523170471191,4.627726078033447,1.0889657735824585,1.333001732826233,1.6548160314559937,2.3524723052978516,2.507638454437256,3.860055446624756,2.372983455657959,1.6515910625457764,2.4676246643066406,6.078811168670654,1.0,1.4076822996139526,2.9881715774536133,4.453352451324463,3.8419694900512695,1.0231657028198242,1.3191726207733154,1.0,39.39628219604492,8.09730339050293,1.0150686502456665,1.0,6.395366668701172,1,167.82908630371094,5.846597671508789,33.88690185546875,2.8657689094543457,3.060030937194824,1.1035560369491577,3.3534255027770996,1.0,2.2987899780273438,1.3481953144073486,1.3157093524932861,1.2727015018463135,2.467059373855591,1.6899718046188354,1.0,1.6424742937088013,1.3294129371643066,1.0,1.0,1,1.0,1.0,1.0,1.0,1.0,1.0,1.0,1.0,15.591538429260254,3.2585127353668213,1.0,1.0,1.9886113405227661,1.0,1.0,8.407621383666992,1.7846672534942627,1.0,3.07511043548584,1.0,8.063040733337402,46.9007453918457,7.249352931976318,20.354698181152344,11.93931770324707,1.0,10.348363876342773,16.54007339477539,1.0,29.29697608947754,1.0,20.300838470458984,18.66432762145996,6.173799991607666,147.8981170654297,1.0,10.8546781539917,1.4309701919555664,8.351578712463379,4.174105644226074,11.092512130737305,2.2658557891845703,5.242332458496094,6.118538856506348,250.0443878173828,24.976884841918945,4.010403633117676,62.654541015625,1.0,1.6333990097045898,66.58418273925781,43.81578063964844,9.485766410827637,4.859800815582275,5.809365272521973,8.151220321655273,57.46406555175781,28.036571502685547,76.53118896484375,35.0510139465332,29.1425838470459,80.69217681884766,47.443626403808594,184.87884521484375,74.52670288085938,19.12069320678711,73.03569030761719,14.822925567626953,49.699188232421875
TEST_02+2일,10.395256042480469,51.39687728881836,2.6560919284820557,1.0,1.0,3.29487681388855,9.14220142364502,1.6543140411376953,1.0,1.0,1.0,1.0,1.0,4.299536228179932,5.475569725036621,1.0,45.09230422973633,1.0,1.292157530784607,60.720359802246094,13.749029159545898,1.762170433998108,1.0,3.026310682296753,25.995731353759766,15.279951095581055,1.0,26.634090423583984,8.66976547241211,3.9195265769958496,3.6606459617614746,1.0,1.7317843437194824,1.182963490486145,5.8905768394470215,4.510254383087158,20.849241256713867,1.0,1.242355465888977,17.999528884887695,35.20338439941406,1.9220188856124878,2.699044704437256,1.0,1.0,1.8993006944656372,1.0,2.3849308490753174,2.5788750648498535,5.267990589141846,3.342755079269409,1.0,4.767391204833984,1.1442773342132568,2.287440061569214,1.1156846284866333,1.0,1.0,1.0,1.0647938251495361,1.8262449502944946,6.908858776092529,11.034905433654785,4.74182653427124,4.701819896697998,1.0,1.0,1.0,2.222788095474243,9.408047676086426,1.0,1.4191492795944214,1.0,1.0,1.9077626466751099,1.0,1.0,1.3755073547363281,1.0,1.8044915199279785,2.045304536819458,1.0,1.493851661682129,1.009179949760437,1.0,1.0,1.0,1.0,1.0,1.1652196645736694,24.12293243408203,1.01618492603302,2.314678192138672,7.903193473815918,3.8370275497436523,1.0,1.3148646354675293,1.5214993953704834,20.1400146484375,3.4872756004333496,1.4542605876922607,1.0,9.660619735717773,1,1.0,87.5896987915039,17.931699752807617,2.210197687149048,1.7669967412948608,1.8017511367797852,2.8726913928985596,1.1148556470870972,2.1998729705810547,1.0,1.0621522665023804,1.0,1.0,1.4117918014526367,3.93908429145813,1.5359379053115845,1.1847773790359497,1.3275419473648071,1.0,1,1.0,1.0,1.0,1.0,1.0,3.904406785964966,1.0,1.0,1.0,1.4111329317092896,1.0,2.3276355266571045,1.0,1.0042307376861572,1.0,6.432440280914307,1.1062452793121338,1.0,1.3149360418319702,1.0,7.507904529571533,16.846088409423828,9.862010955810547,75.995849609375,3.624340534210205,1.0,2.6938071250915527,22.37464141845703,2.0185067653656006,1.2052679061889648,1.0,8.7863130569458,15.964714050292969,4.818759441375732,2.647808790206909,1.0,6.534278392791748,1.0,1.8216395378112793,3.239523410797119,6.638558864593506,1.0,1.0,3.9166247844696045,657.5047607421875,1.0,1.0,1.0,6.616872787475586,1.0,53.27693557739258,17.343067169189453,5.024146556854248,1.0,3.286036968231201,12.846765518188477,31.24846839904785,25.93851089477539,42.284515380859375,18.88751792907715,22.264507293701172,61.31245040893555,1.7241246700286865,71.8624038696289,25.971654891967773,15.288188934326172,54.30079650878906,18.806255340576172,73.09093475341797
TEST_02+3일,6.554187774658203,19.422304153442383,2.2586557865142822,1.0,1.0,1.0,1.415416955947876,5.311707973480225,1.7666254043579102,1.0,1.8627113103866577,1.1360257863998413,1.0,1.0,8.100799560546875,1.0,23.998735427856445,1.0,1.27748703956604,26.386873245239258,1.9244894981384277,3.094313621520996,1.0,1.196144938468933,25.76198959350586,5.784701347351074,1.0,55.31127166748047,7.854650020599365,5.225310802459717,3.7746193408966064,3.7401540279388428,1.9139190912246704,1.0,3.7092623710632324,5.30988073348999,12.078255653381348,1.0,1.8650115728378296,8.769776344299316,24.154035568237305,1.2722316980361938,7.639615058898926,1.0,1.742159366607666,1.0,1.0,1.850022792816162,1.0,3.2739508152008057,5.551477909088135,1.0,4.6503496170043945,1.0,1.4944307804107666,1.907289743423462,1.336954116821289,1.5854322910308838,3.7124745845794678,1.0,1.0,6.99415397644043,5.200472354888916,8.533267974853516,5.658138275146484,1.9205057621002197,1.0,1.1549237966537476,2.289944887161255,2.028109550476074,4.289784908294678,2.0726375579833984,1.263793706893921,1.4555072784423828,4.323646545410156,5.959407806396484,1.0,2.3024613857269287,1.0,2.8197436332702637,1.7364225387573242,1.0,1.0,3.6607513427734375,1.0,3.8241355419158936,2.544111967086792,1.2149720191955566,2.354012966156006,1.753009557723999,23.159713745117188,1.3051156997680664,3.2356486320495605,4.082246780395508,1.4579050540924072,2.979837417602539,1.0,1.0,23.854583740234375,5.260994911193848,1.8145297765731812,1.0,12.36816692352295,1,1.0,31.79707908630371,6.973447799682617,2.0779101848602295,2.424760103225708,1.0,4.854261875152588,1.9515790939331055,1.3036643266677856,1.0063196420669556,1.0691254138946533,1.0,1.0,1.0,1.0,1.974670648574829,1.012844443321228,16.017427444458008,1.0,1,1.0,1.0,1.0,1.0,1.0,3.0691537857055664,1.0,1.0,9.433281898498535,1.0,1.0,1.3404291868209839,1.0,1.1698824167251587,1.0,2.1761696338653564,1.0,1.0,1.7399982213974,1.0,3.730233669281006,66.9990463256836,73.35064697265625,59.93965530395508,5.505076885223389,1.0,2.4050164222717285,1.0,2.1828415393829346,11.980856895446777,1.0,24.9473934173584,10.623863220214844,1.0,35.28144454956055,1.0,1.0,1.0,5.067255973815918,1.0,5.779651165008545,2.071917772293091,4.3247504234313965,3.8272907733917236,183.04299926757812,1.0,1.0,1.0,1.0,1.0,3.6325509548187256,1.0,1.0,1.0,3.8198599815368652,7.9623284339904785,53.844268798828125,21.073497772216797,32.039669036865234,11.19542121887207,23.849384307861328,36.00342559814453,26.021581649780273,55.132659912109375,32.93267822265625,25.75106430053711,58.335350036621094,9.177478790283203,31.377111434936523
TEST_02+4일,5.946490287780762,70.15443420410156,1.6867026090621948,1.0,1.0,1.0,2.1913530826568604,1.700348973274231,2.4548115730285645,1.0,1.088141918182373,1.0,1.4707810878753662,2.2361786365509033,4.06792688369751,1.1927474737167358,54.86013412475586,1.0,1.0447008609771729,40.55030822753906,19.793170928955078,3.1933789253234863,1.0,1.0,34.54458236694336,36.0910758972168,15.783754348754883,13.680137634277344,10.615236282348633,4.208596229553223,1.6669971942901611,3.9560446739196777,1.736474871635437,1.0034542083740234,3.763972282409668,2.1340949535369873,12.214571952819824,4.453348159790039,1.6966991424560547,6.315545558929443,21.175132751464844,1.5902836322784424,2.815086841583252,1.0,1.0,1.0,1.0,3.042994260787964,1.6141986846923828,3.2122836112976074,3.9189610481262207,1.0,6.472531318664551,1.824945092201233,2.14929461479187,1.7918928861618042,2.669003963470459,1.0,1.2356410026550293,1.177147388458252,2.4431681632995605,4.96396541595459,4.522769927978516,4.841395854949951,3.365227699279785,3.9454498291015625,1.0,1.604693055152893,2.6925203800201416,2.746415376663208,2.527017116546631,5.655973434448242,1.0,1.0,2.8821799755096436,5.366867542266846,1.0,5.0647783279418945,1.0,3.906811237335205,1.0,1.3517194986343384,1.9892405271530151,2.4853219985961914,2.0118815898895264,4.34450101852417,2.3158867359161377,1.6485856771469116,2.7471187114715576,3.8466649055480957,16.011228561401367,1.3062031269073486,1.345178246498108,2.0422451496124268,1.0,1.0,1.0,1.0040382146835327,18.232074737548828,5.313747406005859,1.5656381845474243,1.504615068435669,7.289299964904785,1,50.64426803588867,50.51484298706055,8.161065101623535,2.081204652786255,2.6315817832946777,1.5510191917419434,3.0943350791931152,1.0556126832962036,1.9392280578613281,1.3129706382751465,1.0,1.0324435234069824,1.527845025062561,1.0886890888214111,1.0,1.403578758239746,1.13444983959198,1.3558954000473022,1.0,1,1.0,1.0,1.0,1.0,1.0,3.667987585067749,1.0,1.0,77.49715423583984,1.0,1.0,1.0,1.0,1.2063959836959839,1.0,1.2448164224624634,1.0,1.0,1.837304949760437,1.0,1.5588085651397705,45.23065185546875,65.92060852050781,26.994436264038086,5.331806182861328,30.321529388427734,6.093428611755371,1.0,1.0,38.790382385253906,1.0,1.0,1.918864369392395,1.0,1.0,6.916469097137451,9.622108459472656,1.0,3.225839138031006,3.0563557147979736,9.307628631591797,7.040975570678711,1.0,4.110538959503174,21.805383682250977,187.87315368652344,11.093792915344238,1.0,1.0,1.0,1.0053035020828247,35.348045349121094,12.265356063842773,4.545483589172363,8.794590950012207,9.553427696228027,49.53420639038086,11.935059547424316,35.13763427734375,20.03913688659668,39.962894439697266,37.57526779174805,19.604246139526367,124.20149993896484,50.99662780761719,15.062329292297363,59.021488189697266,6.906605243682861,52.13404083251953
TEST_02+5일,6.027975082397461,98.01470184326172,1.8631160259246826,1.0,1.0,1.6392087936401367,11.523015975952148,4.213024139404297,3.012331008911133,1.0,1.7063106298446655,1.0,1.0,2.6516754627227783,10.87557315826416,1.3123124837875366,62.19196701049805,1.0,1.1872318983078003,71.07447814941406,18.233304977416992,3.624451160430908,1.0,4.314600467681885,16.62310218811035,45.234710693359375,20.83574104309082,35.62195587158203,8.551661491394043,4.719817161560059,3.5524251461029053,1.2870627641677856,1.8954639434814453,1.7340774536132812,1.0,1.3561967611312866,16.735881805419922,1.0,1.4105411767959595,15.963677406311035,15.03679370880127,1.5761831998825073,6.5757293701171875,2.0868008136749268,1.1995311975479126,1.0,1.0,3.2329330444335938,1.0,1.0,5.596973419189453,1.0,7.136600494384766,1.3554133176803589,1.5085577964782715,2.8718228340148926,1.0,1.0,1.248084306716919,1.0,3.0026707649230957,3.8017776012420654,6.360872268676758,8.62855339050293,7.877986431121826,2.3242950439453125,1.0,1.0,3.9689550399780273,1.5068385601043701,2.8944993019104004,3.2267794609069824,1.0,2.8518776893615723,2.950740337371826,6.046657085418701,1.0,2.1326510906219482,4.01575231552124,2.509439706802368,2.926138401031494,1.3398019075393677,1.0953829288482666,1.0320602655410767,1.0,1.6935443878173828,1.7192267179489136,1.553282618522644,2.129923105239868,3.364527940750122,43.7122802734375,1.092846393585205,2.4847934246063232,3.4166371822357178,1.0,2.2751686573028564,1.0,1.0,24.79880142211914,2.9402084350585938,2.159731149673462,1.149525761604309,10.723106384277344,1,1.0,35.101985931396484,12.904983520507812,2.991347074508667,2.669224977493286,1.0,1.6946738958358765,1.3838691711425781,1.3318716287612915,1.2825889587402344,1.0103042125701904,1.2705336809158325,3.4621565341949463,2.3638904094696045,1.0,2.1460025310516357,1.0,16.259267807006836,1.0970710515975952,1,1.0,1.111353874206543,1.0,1.0,1.0,5.711899280548096,1.0791515111923218,1.0804740190505981,110.01805114746094,1.717995285987854,1.5394576787948608,1.0,1.0,1.0,1.0,2.7693002223968506,1.0439329147338867,1.0,1.0,1.3343749046325684,2.17980694770813,34.31989669799805,65.1585464477539,102.29730987548828,4.483505725860596,4.905501365661621,1.3659625053405762,6.281235694885254,1.0,13.968463897705078,1.0,1.0,13.47580337524414,1.0897114276885986,1.0,1.0,5.859134197235107,1.0,5.448414325714111,7.110944747924805,4.67675256729126,1.0,4.583497524261475,6.81986665725708,275.4743347167969,255.0261688232422,4.48872184753418,1.0,3.1078128814697266,4.655017375946045,3.1585533618927,1.0,9.341187477111816,2.365523099899292,5.286590099334717,16.119678497314453,60.991493225097656,27.01190757751465,35.93820571899414,18.834903717041016,36.19518280029297,42.46796417236328,51.958839416503906,135.1938934326172,50.821197509765625,38.3010139465332,61.89366149902344,8.889780044555664,48.023311614990234
TEST_02+6일,5.0888519287109375,79.71829986572266,3.007704496383667,2.997180938720703,1.8337481021881104,1.0,4.941600799560547,5.9187140464782715,4.1624884605407715,1.0,1.5169999599456787,1.6936469078063965,1.5801222324371338,3.4761765003204346,26.33782196044922,2.0334408283233643,42.74300003051758,2.3537709712982178,1.4037226438522339,36.065311431884766,15.292496681213379,3.805617094039917,1.2315939664840698,3.301266670227051,26.96925926208496,36.58995819091797,18.750377655029297,56.79879379272461,8.78320026397705,8.546234130859375,3.054469347000122,4.268835067749023,3.301706314086914,2.0776379108428955,3.732309579849243,2.503804922103882,31.549715042114258,8.570817947387695,1.0,33.19404602050781,12.508874893188477,2.1314408779144287,7.09407901763916,1.0,1.3190542459487915,3.089557647705078,1.0,4.381501197814941,1.6374810934066772,2.1065492630004883,6.943215370178223,1.0,5.745945930480957,1.0,2.932516574859619,1.7227176427841187,2.745229959487915,1.0,2.025137424468994,1.1853135824203491,7.637945175170898,7.3904829025268555,6.8666157722473145,13.56646728515625,8.341206550598145,2.88588285446167,1.0,1.0,3.1354503631591797,2.000908851623535,1.0350000858306885,1.0,1.0,1.0,6.144133567810059,6.474522113800049,1.649224042892456,3.0140719413757324,1.0,3.7022955417633057,2.2104194164276123,1.679633617401123,2.3682525157928467,2.981438636779785,1.4042062759399414,3.2109789848327637,1.012790322303772,1.565998911857605,4.085124969482422,4.94437313079834,41.72095489501953,2.1774275302886963,2.5673959255218506,7.3652496337890625,2.5654797554016113,1.709963321685791,1.458228349685669,1.0,41.6203498840332,11.972094535827637,1.8001610040664673,1.0,12.392762184143066,1,115.91419219970703,57.685569763183594,16.862211227416992,5.248399257659912,4.093568325042725,1.0,4.680593490600586,1.8838251829147339,2.066948413848877,1.57052481174469,1.2474565505981445,1.547427773475647,1.9999598264694214,1.7716180086135864,1.0,2.4260454177856445,2.426900863647461,2.046862840652466,1.0,1,1.0,1.0,1.0,1.1780723333358765,1.0008463859558105,3.533778190612793,1.0,1.0,65.1816177368164,2.422921657562256,2.4801783561706543,2.3677878379821777,2.278033494949341,2.2230095863342285,1.095186710357666,9.02727222442627,1.0,2.1466422080993652,2.2465784549713135,1.4966518878936768,7.079904556274414,41.15983581542969,139.6972198486328,60.503963470458984,6.2049336433410645,1.0,5.894120216369629,22.764768600463867,1.0,20.445432662963867,1.0,1.0,23.081613540649414,4.402029037475586,40.065303802490234,1.0,8.74158000946045,1.297910451889038,6.7322587966918945,2.827427864074707,11.00044059753418,1.0,1.3812839984893799,5.887188911437988,151.39016723632812,1.0,5.136927604675293,2.1005804538726807,1.0,1.342384934425354,19.53077507019043,1.0,14.249394416809082,1.0,1.4317971467971802,2.8475732803344727,84.84056091308594,21.649776458740234,49.6546630859375,22.04293441772461,56.6722412109375,54.224361419677734,39.9521484375,119.06866455078125,29.70545768737793,30.84864044189453,63.88240432739258,18.285337448120117,40.084537506103516
TEST_02+7일,7.852577209472656,1.0,11.902331352233887,6.385618209838867,1.8910633325576782,1.0,1.0,4.360158443450928,3.1573293209075928,1.0,2.4015824794769287,1.930217981338501,2.1539270877838135,5.341331481933594,41.04564666748047,2.7772209644317627,2.529600143432617,1.7249571084976196,3.3685929775238037,5.468605995178223,1.0,5.676055908203125,1.0338433980941772,4.2048563957214355,16.111682891845703,7.819815635681152,17.71200180053711,48.6250114440918,16.246728897094727,6.978202819824219,4.090885162353516,6.768360137939453,2.851168632507324,2.330906629562378,11.076005935668945,5.651558876037598,59.3793830871582,6.799814224243164,2.433391809463501,43.833648681640625,43.265811920166016,3.4780497550964355,9.83914852142334,1.0,1.650633454322815,3.4813003540039062,1.0,2.1508381366729736,2.3836164474487305,3.761526107788086,19.415555953979492,2.555302143096924,11.62943172454834,1.6795454025268555,4.243271350860596,2.1056249141693115,2.2427468299865723,1.0,2.2663486003875732,1.9868261814117432,18.403839111328125,11.769691467285156,12.298860549926758,15.22088623046875,12.959578514099121,4.439580917358398,1.9135342836380005,2.0731899738311768,4.236483573913574,1.0,1.0250297784805298,1.6845648288726807,1.3679991960525513,1.0507829189300537,7.133500099182129,5.104980945587158,1.0,2.809627056121826,1.9670419692993164,7.642350196838379,3.530505895614624,1.6348830461502075,1.9841234683990479,4.703214168548584,1.9986791610717773,5.425150394439697,1.0,3.1302268505096436,3.427037239074707,9.099432945251465,19.88201141357422,1.34415602684021,7.052130222320557,16.00313949584961,1.8841220140457153,2.476635217666626,1.348435401916504,1.2663671970367432,24.58538818359375,12.153183937072754,1.0,1.5392489433288574,8.72566032409668,1,118.79747009277344,1.9718353748321533,22.95147705078125,6.2679443359375,4.34196662902832,2.776029348373413,4.579133033752441,2.980512857437134,2.5834848880767822,1.7317454814910889,1.4932109117507935,2.0214242935180664,4.019129753112793,2.5059189796447754,5.416089057922363,2.290196180343628,4.332464694976807,1.0,1.0,1,1.0,1.0,1.0,1.0,1.0,1.9192432165145874,1.0,1.0,8.186241149902344,4.932403564453125,4.867570400238037,5.169602394104004,3.339820384979248,2.0592737197875977,2.4872236251831055,12.537759780883789,1.9686338901519775,1.4616379737854004,5.83482027053833,2.6893930435180664,9.883389472961426,50.444969177246094,36.16181945800781,26.6712703704834,13.936381340026855,1.0,10.488969802856445,50.19533157348633,1.0,49.402400970458984,1.0,29.153564453125,28.429174423217773,12.426730155944824,1.0,3.1906821727752686,11.604654312133789,1.0,12.362196922302246,4.348139762878418,19.416105270385742,1.0,11.279740333557129,11.49641227722168,140.0464630126953,411.69677734375,14.23592472076416,1.0,7.330188751220703,15.25221061706543,68.69385528564453,23.049182891845703,21.554967880249023,4.558979034423828,1.0,1.9104188680648804,73.30940246582031,39.03365707397461,61.18791198730469,42.01637268066406,48.78424072265625,80.22086334228516,57.87684631347656,242.4291534423828,62.19858932495117,32.67710494995117,126.19236755371094,13.416876792907715,74.60270690917969
TEST_03+1일,5.656569004058838,8.737975120544434,5.979499340057373,2.1983046531677246,1.2741148471832275,2.206080198287964,1.0,1.0,3.6722326278686523,1.0,3.145231246948242,1.0,1.6321099996566772,3.5828769207000732,27.504650115966797,2.1229331493377686,1.0,1.9715476036071777,2.8252243995666504,28.601444244384766,1.0,2.9117772579193115,1.0,1.8817931413650513,1.5765669345855713,1.0,2.310386896133423,1.0,21.618032455444336,9.825790405273438,6.8791351318359375,5.245790004730225,1.6571087837219238,1.3132400512695312,1.0,9.5038423538208,49.000282287597656,7.7523722648620605,1.8054685592651367,42.01164245605469,23.323835372924805,2.0758628845214844,8.561063766479492,4.555385112762451,1.0,2.4879744052886963,1.0,4.896676063537598,1.0,3.3220183849334717,22.970972061157227,1.9387824535369873,7.746608734130859,1.0,2.570672035217285,2.327212333679199,1.6308683156967163,1.1111782789230347,1.5295354127883911,1.3226439952850342,11.734070777893066,12.472970008850098,20.521398544311523,28.796804428100586,28.25016212463379,3.8488850593566895,1.2458057403564453,1.3131911754608154,4.193450927734375,2.7558603286743164,2.1148948669433594,4.645479202270508,1.0,1.0,3.938270330429077,3.434011220932007,1.4827861785888672,3.037508249282837,1.0,5.73341703414917,2.0915815830230713,1.8837062120437622,1.5695667266845703,1.716415524482727,3.0599353313446045,3.5839223861694336,3.5545480251312256,5.081522464752197,3.989757537841797,7.383753776550293,28.0584716796875,1.2427091598510742,3.4666876792907715,11.972630500793457,2.9110543727874756,1.1987992525100708,1.0,1.4721698760986328,64.74128723144531,6.8312788009643555,1.9535210132598877,1.0,9.669171333312988,1,164.85858154296875,5.424984931945801,41.34537887573242,3.9663174152374268,4.276578903198242,1.516943097114563,2.7828238010406494,1.2617326974868774,2.5283396244049072,1.4623346328735352,1.3709789514541626,1.0,3.14972186088562,1.7487066984176636,2.4064738750457764,1.545815348625183,1.7822879552841187,1.0,1.0,1,1.0,1.0,1.0,1.0,1.0,1.0,1.0,1.0,1.0,4.04164981842041,2.115072250366211,2.898298501968384,1.7865877151489258,1.0,1.0,5.706449031829834,2.037252902984619,1.0,5.872101306915283,1.0,18.260465621948242,42.07923126220703,2.480318069458008,3.4032950401306152,20.70752716064453,5.156711101531982,13.767780303955078,19.554323196411133,1.0,67.17586517333984,3.5929622650146484,37.88579177856445,53.012298583984375,14.017112731933594,83.32003784179688,1.0,23.312175750732422,3.204514980316162,12.550374984741211,7.505962371826172,14.399702072143555,11.46923828125,4.634320259094238,12.862832069396973,213.54347229003906,123.12217712402344,24.39468765258789,71.57315826416016,1.0,29.664203643798828,58.261905670166016,81.22679901123047,23.671079635620117,10.531950950622559,5.96796178817749,40.22623062133789,147.03831481933594,69.5925064086914,194.3242950439453,42.16150665283203,57.12652587890625,96.8417739868164,105.17169189453125,648.4302368164062,122.90314483642578,88.43290710449219,101.88157653808594,24.59108543395996,61.2126579284668
TEST_03+2일,11.604328155517578,53.228599548339844,3.6610305309295654,1.2329775094985962,1.0,3.0378262996673584,11.225872039794922,2.5065371990203857,1.0,1.0,1.0,1.0,1.1528486013412476,4.877420902252197,7.735675811767578,1.0,29.662946701049805,1.0,1.213037371635437,87.29002380371094,12.016228675842285,1.9094263315200806,1.0,6.45782995223999,32.626155853271484,1.0,2.841801643371582,1.0,18.4289493560791,8.6893892288208,7.064141750335693,2.579698324203491,1.7081416845321655,1.3060191869735718,8.137864112854004,3.805979013442993,39.50945281982422,1.0,1.829123854637146,37.519248962402344,33.360294342041016,3.080677032470703,5.103250503540039,1.0,1.0,2.6157240867614746,1.0,4.246620178222656,2.376741647720337,5.997687816619873,21.715652465820312,2.2139389514923096,6.190939903259277,1.0,3.47598934173584,1.139692783355713,1.1808823347091675,1.6185603141784668,2.5085701942443848,1.0,7.442101955413818,6.483097553253174,20.758283615112305,19.2281494140625,12.997340202331543,1.0,1.0,1.0224387645721436,2.857379674911499,7.748729705810547,2.376047372817993,4.05044412612915,1.0,1.0,1.5413204431533813,1.0,1.0,1.4866083860397339,1.0,2.170144557952881,1.5687390565872192,1.0,1.3012535572052002,1.0,1.0,1.6167832612991333,1.0,3.694946527481079,1.5112828016281128,3.3040122985839844,56.9088249206543,1.2793760299682617,2.1155970096588135,6.571825981140137,1.060775637626648,1.0,1.6882718801498413,2.267735719680786,51.82539367675781,3.0796802043914795,1.2592170238494873,1.0,15.004889488220215,1,1.0,84.2751693725586,32.785072326660156,2.4411797523498535,2.141625165939331,1.8814479112625122,2.808187484741211,1.0,2.1485140323638916,1.321195125579834,1.2300872802734375,1.3658329248428345,1.0,1.4995349645614624,2.881753921508789,1.0,1.7667678594589233,5.216351509094238,1.0,1,1.0,1.0,1.0,1.0,1.0188350677490234,3.9339826107025146,1.0,1.0,1.0,1.5856562852859497,1.0,4.3119730949401855,1.0,1.2502049207687378,1.0,3.9685218334198,1.7282400131225586,1.0,2.5150363445281982,1.0,6.2571611404418945,1.0,1.0,51.19879913330078,8.051700592041016,4.492416858673096,8.010557174682617,28.065629959106445,3.5361175537109375,68.71908569335938,1.0,25.8796329498291,46.988746643066406,9.432177543640137,1.0,1.0,6.1586408615112305,1.967850685119629,10.121782302856445,7.136056423187256,8.609822273254395,14.019292831420898,1.0,7.858756065368652,565.3434448242188,1.0,1.7883391380310059,35.3386116027832,40.7269172668457,18.302553176879883,36.392513275146484,45.97639846801758,24.049274444580078,2.000342845916748,3.99544358253479,42.23515319824219,71.96247863769531,44.684959411621094,141.68325805664062,31.998689651489258,34.727935791015625,129.31430053710938,55.7970085144043,409.17462158203125,44.47146224975586,70.9181137084961,89.3695068359375,22.88102912902832,88.76521301269531
TEST_03+3일,5.965645790100098,14.257554054260254,3.5688834190368652,1.0,1.0,1.0,3.787961483001709,3.6124765872955322,2.1783461570739746,1.0224980115890503,2.0370047092437744,1.0,1.0,2.126821279525757,9.662160873413086,1.0,17.40867042541504,1.0,1.412954568862915,22.719820022583008,1.9474412202835083,1.9522267580032349,1.0,1.526143193244934,26.30026626586914,1.0,8.409716606140137,72.46710205078125,19.117422103881836,8.612401008605957,6.064516544342041,4.055706024169922,2.010714292526245,1.3301087617874146,6.862101078033447,4.619477272033691,43.35363006591797,1.0,2.11279559135437,26.68126678466797,22.087800979614258,2.0757851600646973,8.389579772949219,1.0,2.0574352741241455,1.284502387046814,1.0,2.9711220264434814,1.0,1.1306143999099731,17.424768447875977,1.5312762260437012,5.2133989334106445,1.0,2.9226715564727783,2.0171689987182617,1.0,2.080343246459961,3.5069642066955566,1.2169395685195923,5.8159685134887695,6.717538356781006,13.938666343688965,16.377321243286133,15.42689037322998,2.1151537895202637,1.1178961992263794,1.4900448322296143,3.396272897720337,6.361961841583252,3.729137420654297,5.100998401641846,1.0977507829666138,1.103216290473938,4.999385356903076,3.3151662349700928,1.0,1.7960035800933838,1.0,3.4463233947753906,2.130352258682251,1.0255166292190552,1.0,3.362046480178833,1.0,4.703120708465576,3.1391475200653076,2.9916205406188965,2.218632221221924,3.9711978435516357,35.19339370727539,1.7672382593154907,1.8982882499694824,7.070061683654785,1.0,3.1458282470703125,1.0,1.2470719814300537,44.759979248046875,5.094508171081543,1.055378794670105,1.0,12.448440551757812,1,1.0,38.39189529418945,12.844769477844238,2.278484344482422,3.1848649978637695,1.8009133338928223,4.666686534881592,1.0,1.7989017963409424,1.2115075588226318,1.0,1.0,2.11008358001709,1.2530019283294678,1.0,1.0,2.7382678985595703,5.423428535461426,1.0,1,1.0,1.0,1.0,1.0,1.0,2.121312379837036,1.0210222005844116,1.0,43.9202766418457,1.0,1.0,2.1390278339385986,1.0,1.107060194015503,1.0,2.7193307876586914,1.0,1.0,3.6952879428863525,1.0,8.697968482971191,40.02412414550781,98.38639068603516,58.559505462646484,7.563591957092285,1.0,8.196779251098633,1.0,2.2561802864074707,49.332218170166016,1.0,1.0,37.98428726196289,3.6085774898529053,1.0,1.0,1.0,2.6910088062286377,8.170801162719727,2.669339418411255,9.474454879760742,4.565557479858398,3.595881462097168,12.2976655960083,247.49819946289062,1.0,1.0,34.15967559814453,24.893465042114258,9.599637985229492,1.0,25.20128631591797,6.180693626403809,1.3145802021026611,8.621387481689453,21.964134216308594,99.87881469726562,46.951698303222656,111.14676666259766,7.920573711395264,30.561742782592773,99.47663116455078,67.47412872314453,432.2000732421875,52.81589889526367,68.78318786621094,88.38284301757812,9.379652976989746,51.449066162109375
TEST_03+4일,5.26742696762085,56.56254959106445,2.5863234996795654,1.3046833276748657,1.0,1.0,14.653071403503418,4.937117099761963,2.0231103897094727,1.049759030342102,1.4783730506896973,1.0,1.6237024068832397,3.3736023902893066,1.0,1.0,46.98222351074219,1.0,1.0,54.70691680908203,20.52159309387207,1.766204833984375,1.0,1.0,45.072906494140625,19.930683135986328,12.387493133544922,32.76979064941406,20.587873458862305,7.842740058898926,1.5730881690979004,3.090559720993042,1.2719236612319946,1.6024675369262695,5.105385780334473,2.267024040222168,43.57745361328125,3.4326090812683105,1.6974431276321411,26.805675506591797,12.85825252532959,2.376103639602661,3.86033034324646,1.0,1.0,2.448911428451538,1.0,3.6759798526763916,1.0,1.336130976676941,17.71274757385254,1.0,6.131557464599609,1.9165962934494019,3.4229960441589355,1.8913469314575195,1.4713157415390015,1.4375998973846436,2.648402452468872,1.5041147470474243,6.043887138366699,6.196986198425293,17.127225875854492,24.258092880249023,12.379632949829102,4.7656636238098145,2.382155179977417,1.7359049320220947,3.0175585746765137,5.7502617835998535,2.681675910949707,8.38682746887207,1.0,1.0,3.0078022480010986,3.9726948738098145,1.0,2.615802049636841,1.6015560626983643,4.185818672180176,2.1721889972686768,1.7244793176651,1.5292667150497437,1.7239744663238525,2.2481296062469482,3.029350757598877,2.17039155960083,3.4838178157806396,2.6667320728302,6.017195701599121,39.56426239013672,1.920142650604248,1.2804539203643799,6.045141220092773,1.0,1.0,1.0,1.3048990964889526,37.1451530456543,2.4567511081695557,1.1921418905258179,1.0,2.08258056640625,1,84.96849060058594,56.519954681396484,20.056859970092773,1.8700625896453857,3.310642719268799,2.446727991104126,2.1424732208251953,1.1334506273269653,1.5733754634857178,1.3430583477020264,1.4704910516738892,1.103281855583191,1.8296023607254028,1.0,3.236360788345337,1.1964356899261475,1.8699681758880615,2.5917327404022217,1.0,1,1.0,1.0,1.0,1.0,1.0,3.487138032913208,1.070297360420227,1.0,99.43611907958984,1.0,1.1742839813232422,4.822665691375732,1.0,1.4405850172042847,1.0,1.0,1.0,1.0,3.1270968914031982,1.0,9.92093276977539,24.546796798706055,55.44647216796875,26.352535247802734,9.955927848815918,30.587203979492188,5.890844821929932,2.669917583465576,1.0,16.929244995117188,32.31031036376953,1.0,34.94674301147461,4.562288284301758,1.0,1.0,6.501744270324707,1.0,7.51421594619751,2.9320287704467773,12.438143730163574,6.121650695800781,1.040135145187378,12.529399871826172,1.0,157.3870391845703,17.773086547851562,1.0,1.0,37.795040130615234,32.40033721923828,29.8078670501709,8.564133644104004,8.35140323638916,13.928723335266113,34.099449157714844,79.81298065185547,32.448421478271484,131.79281616210938,37.96693801879883,52.11480712890625,78.3308334350586,81.3267593383789,423.7201843261719,52.935245513916016,48.18513870239258,69.67489624023438,10.167722702026367,49.51443862915039
TEST_03+5일,5.470430850982666,102.8673324584961,2.8493690490722656,1.399729609489441,1.0,1.6296151876449585,44.03330612182617,1.460282564163208,2.9093456268310547,1.0,1.0065315961837769,1.0,1.6658130884170532,4.260196208953857,12.803365707397461,1.0,66.21788024902344,1.0,1.010927677154541,83.32118225097656,16.83586883544922,1.4713809490203857,1.0,6.647576808929443,24.483291625976562,39.42028045654297,15.750128746032715,47.075660705566406,17.254070281982422,5.957695960998535,3.565903663635254,3.566028118133545,1.0418719053268433,1.6876782178878784,3.1049885749816895,1.0,33.44158935546875,1.0,1.3964325189590454,29.5465030670166,3.6886367797851562,2.434793710708618,6.5647783279418945,1.0,1.2464967966079712,1.888789176940918,1.0,3.4936957359313965,1.0,3.310624837875366,13.034893989562988,1.399216890335083,7.5147504806518555,1.6590341329574585,1.2886593341827393,2.435930013656616,1.845657467842102,1.560337781906128,1.0,1.0,5.457370281219482,3.7160186767578125,17.848047256469727,19.57468032836914,14.911995887756348,2.777418613433838,1.1931748390197754,1.0,4.694497585296631,1.3911077976226807,4.3152756690979,6.8798441886901855,1.0,1.0,2.2163312435150146,3.4872400760650635,1.0,1.3748160600662231,4.1968278884887695,3.291282892227173,3.001868486404419,1.2288639545440674,1.18279230594635,1.0,2.0530507564544678,1.810268759727478,1.0,3.499582529067993,2.2070131301879883,5.377407550811768,82.08245849609375,1.669490933418274,2.0566132068634033,6.7694549560546875,1.0,2.1937406063079834,1.0,1.4652557373046875,47.23577117919922,2.8868508338928223,1.5571783781051636,1.0,11.413962364196777,1,1.0,35.65304946899414,18.967941284179688,3.08853816986084,2.369455575942993,1.0,1.183023452758789,1.0,1.0,1.311508059501648,1.2630338668823242,1.1156957149505615,3.9069888591766357,2.3317182064056396,2.228600263595581,1.8244972229003906,1.687345027923584,15.904380798339844,1.0,1,1.0,1.197467565536499,1.0933641195297241,1.0527210235595703,1.1276874542236328,6.941886901855469,1.0,1.0580326318740845,99.6301040649414,1.1896382570266724,2.0751736164093018,3.0167675018310547,1.0,1.0,1.2265554666519165,1.5809262990951538,1.0,1.0,2.6583869457244873,1.0,18.97577476501465,14.63149356842041,33.02674102783203,106.059814453125,11.372320175170898,5.047694206237793,9.375994682312012,17.748140335083008,1.0,34.23093032836914,25.822134017944336,4.607099533081055,46.55860137939453,6.074955463409424,1.0,1.0,8.59715747833252,1.0,10.386719703674316,6.443356513977051,3.687385320663452,1.0,7.5856404304504395,7.144209384918213,178.27676391601562,164.683837890625,11.061532974243164,15.462315559387207,1.0,21.521577835083008,1.0,25.888723373413086,14.464946746826172,4.569736480712891,1.0,31.451623916625977,88.61740112304688,40.01193618774414,123.7603988647461,16.52505874633789,39.89503860473633,62.81300354003906,74.14302825927734,379.3133239746094,28.233184814453125,26.54298210144043,103.01190948486328,6.831916332244873,68.85511779785156
TEST_03+6일,6.824702262878418,58.859806060791016,4.350561141967773,1.0,1.6267380714416504,1.0,10.599717140197754,6.3456807136535645,5.5432305335998535,1.0,1.7626627683639526,1.4490147829055786,1.0,3.6198675632476807,19.00860595703125,2.536377191543579,63.63600540161133,1.9697670936584473,1.0870790481567383,63.41041946411133,14.38362979888916,3.643113374710083,1.0,5.300379753112793,47.751129150390625,53.98146438598633,24.83896827697754,97.01424407958984,12.652907371520996,7.5981926918029785,4.320356369018555,5.247451305389404,2.1160194873809814,2.520526170730591,6.463265419006348,4.890134811401367,36.373741149902344,15.87558650970459,1.0,40.241031646728516,26.060237884521484,1.872732400894165,8.416606903076172,2.2794644832611084,1.0,4.673522472381592,1.0,3.0934183597564697,1.2185564041137695,3.5831305980682373,16.375938415527344,1.0679539442062378,7.249269962310791,1.0,1.9890598058700562,1.2104496955871582,2.1999166011810303,1.60492742061615,2.33312726020813,1.5148227214813232,8.859359741210938,6.187847137451172,14.509488105773926,21.72886848449707,8.878846168518066,2.5992138385772705,1.0,1.713327169418335,3.436887741088867,1.0,2.4580471515655518,1.0,1.0,1.0,3.5807366371154785,2.624462604522705,1.0,2.480555772781372,1.6007579565048218,1.4761159420013428,2.268292188644409,1.749210000038147,2.4869449138641357,3.930360794067383,1.1996793746948242,3.4186654090881348,2.2482056617736816,3.491788864135742,3.9951531887054443,7.7677998542785645,54.396759033203125,1.4422907829284668,1.5727002620697021,9.595947265625,2.2917728424072266,1.0,1.3150871992111206,1.027376651763916,58.70272445678711,9.97290325164795,1.8657108545303345,1.182800531387329,13.291458129882812,1,114.1281509399414,52.536006927490234,20.262563705444336,4.629225254058838,6.291223049163818,1.0,4.100706577301025,2.04506778717041,1.5500168800354004,1.4773731231689453,1.0,1.0,2.6873743534088135,1.4590548276901245,2.2772305011749268,1.5772292613983154,2.574866771697998,1.0,1.093252420425415,1,1.1766502857208252,1.0,1.0,1.070542812347412,1.0,4.9834136962890625,1.116726040840149,1.0,77.38113403320312,1.823608160018921,2.0227346420288086,4.496740818023682,1.9222092628479004,2.2877085208892822,1.716774582862854,8.740986824035645,1.0,2.0066077709198,1.6329424381256104,1.391801118850708,14.109214782714844,40.156646728515625,112.16690063476562,40.739707946777344,18.954139709472656,10.923501014709473,12.706884384155273,39.627525329589844,1.0,28.701539993286133,1.0,1.0,31.512042999267578,5.386424541473389,60.006324768066406,1.0,10.550787925720215,7.029577255249023,9.14704418182373,2.5256993770599365,7.665628433227539,3.46323823928833,1.0,11.898752212524414,84.75542449951172,1.0,1.0,25.85224151611328,35.6304817199707,10.008646011352539,20.15752410888672,14.472846031188965,16.709135055541992,3.126741409301758,2.90946888923645,7.468783378601074,99.4400405883789,56.80912780761719,132.5588836669922,43.544769287109375,69.3758773803711,119.29373931884766,71.89933013916016,741.8463745117188,40.18339920043945,77.24624633789062,62.71403503417969,18.285032272338867,31.089069366455078
TEST_03+7일,9.503839492797852,1.0,13.023205757141113,6.41420316696167,1.5024747848510742,1.1651865243911743,4.012182235717773,5.389026165008545,4.537215709686279,1.0,2.2801852226257324,1.7333416938781738,1.4228943586349487,4.620233058929443,36.75798034667969,3.0693743228912354,45.9423828125,2.147191047668457,2.388010263442993,10.255861282348633,1.0,5.419539928436279,1.0,5.968219757080078,17.49203109741211,5.252595901489258,17.242279052734375,57.950096130371094,21.945419311523438,10.061896324157715,4.563424110412598,8.164032936096191,2.719374179840088,2.9931862354278564,6.530190467834473,7.1239399909973145,53.579776763916016,11.455629348754883,2.4817843437194824,57.52946853637695,49.38216018676758,2.3919920921325684,10.106575012207031,1.772587537765503,1.0803172588348389,5.239482402801514,1.0,4.237330436706543,1.82802414894104,4.611570358276367,26.61750030517578,2.896876573562622,14.786635398864746,1.7096704244613647,5.667867660522461,1.2650818824768066,1.8021838665008545,2.2491676807403564,3.2000362873077393,1.9808872938156128,18.686832427978516,11.441184043884277,23.37282943725586,21.002317428588867,12.903361320495605,3.9100747108459473,1.635214924812317,2.4270434379577637,4.444602966308594,1.0,3.3128769397735596,4.292743682861328,1.0290452241897583,1.0,5.965472221374512,4.603184700012207,1.2209341526031494,2.625393867492676,2.78415584564209,6.287491321563721,3.0968194007873535,2.3267946243286133,2.3345537185668945,4.926342964172363,2.9936957359313965,7.395598411560059,1.0,5.58330774307251,4.474012851715088,10.259720802307129,1.0,1.6113642454147339,5.45632266998291,16.01285743713379,1.3667271137237549,1.8003153800964355,1.4965132474899292,1.135400652885437,31.728050231933594,10.436235427856445,2.6003098487854004,1.04688560962677,10.200242042541504,1,119.87906646728516,1.0,25.072586059570312,5.5447096824646,5.2435078620910645,2.105503797531128,6.103058815002441,2.4382972717285156,2.545478105545044,1.7944952249526978,1.0,1.8372632265090942,5.050947666168213,2.524604558944702,7.271492958068848,1.0,4.733572006225586,1.0,1.0,1,1.0,1.0,1.0,1.0,1.0,1.7700695991516113,1.0,1.0,1.0,4.6992106437683105,3.92614483833313,6.8684611320495605,3.391995668411255,1.5967576503753662,2.6081011295318604,10.847017288208008,1.0,1.2097015380859375,6.199862957000732,2.520648956298828,19.246618270874023,50.902305603027344,15.121318817138672,19.390886306762695,19.239614486694336,7.785153865814209,19.815420150756836,59.2177734375,1.0,36.68808364868164,1.0,32.087398529052734,52.35089111328125,11.606127738952637,1.0,8.48389720916748,20.307464599609375,5.223052978515625,16.532207489013672,5.288117408752441,16.273740768432617,5.603274345397949,6.639690399169922,16.333202362060547,1.0,358.3857421875,21.1397762298584,1.0,4.188508033752441,29.62204933166504,117.77079010009766,28.982173919677734,29.443378448486328,8.605499267578125,12.617753028869629,18.85445213317871,78.78742980957031,64.28582763671875,159.51553344726562,42.318485260009766,60.43962478637695,109.90414428710938,113.48931121826172,701.3070678710938,89.9786605834961,60.027801513671875,159.70599365234375,17.124971389770508,65.17485046386719
TEST_04+1일,4.682614326477051,22.19513511657715,6.311361312866211,1.655500054359436,1.0926685333251953,2.125368356704712,1.0,3.4930944442749023,2.701216459274292,1.1631033420562744,3.4074010848999023,1.0,1.0,1.0,13.534016609191895,1.0,9.1415376663208,1.6956671476364136,1.1554466485977173,1.0,1.0,2.55473256111145,1.0,3.41774845123291,1.8577760457992554,1.0,2.590329170227051,1.0,9.05097484588623,8.79504108428955,5.065107822418213,4.058875560760498,1.8487465381622314,1.0837337970733643,2.5447607040405273,12.7443208694458,26.841943740844727,9.172647476196289,1.1211950778961182,10.003839492797852,20.267053604125977,2.191472053527832,3.840942144393921,6.046799182891846,1.0,2.4399538040161133,1.0388139486312866,5.291139125823975,1.0,3.9404938220977783,9.382505416870117,1.0,8.351369857788086,1.0,2.7185256481170654,1.6181738376617432,1.950714111328125,2.583411931991577,1.492512822151184,1.7100666761398315,8.446968078613281,9.46088695526123,16.13478660583496,7.601886749267578,7.7875542640686035,3.498241662979126,1.0476304292678833,1.46256422996521,3.6520884037017822,2.9099221229553223,1.8815038204193115,1.0,1.4654539823532104,2.31062912940979,2.908851146697998,3.5757994651794434,1.0,2.7982065677642822,1.7422579526901245,5.000281810760498,1.0,1.6379741430282593,1.6612234115600586,1.7037670612335205,3.578568935394287,3.7194674015045166,3.2702975273132324,2.310837745666504,3.245561122894287,5.329751014709473,1.0,1.3543853759765625,3.227985382080078,6.114360809326172,5.2463812828063965,1.0,1.420432448387146,1.0,22.61174201965332,6.449654579162598,1.7324411869049072,1.0,9.448466300964355,1,164.18356323242188,4.242762088775635,34.92420959472656,3.270205497741699,4.026815414428711,1.135274887084961,2.833049774169922,1.1427520513534546,2.80733323097229,1.1032286882400513,1.1052711009979248,1.0,4.3253960609436035,1.7820676565170288,1.0,1.428037405014038,1.5870611667633057,2.5500049591064453,1.0,1,1.0,1.0,1.0,1.0,1.0,1.0,1.0,1.0,1.0,5.032109260559082,2.7213692665100098,1.5635629892349243,2.2149760723114014,1.0,1.4508225917816162,5.672374725341797,3.254192590713501,1.0,2.8320415019989014,1.0,5.704055309295654,53.6026611328125,1.0,1.0,10.9718599319458,9.80709457397461,5.634026050567627,25.277721405029297,1.0,69.73238372802734,1.2081457376480103,44.82707595825195,17.65303611755371,13.733405113220215,83.30561065673828,1.6166067123413086,17.894012451171875,4.021704196929932,7.563464164733887,4.715900421142578,13.764969825744629,4.486528396606445,9.1226167678833,4.307586193084717,217.82366943359375,14.723165512084961,48.50886917114258,44.104591369628906,15.082755088806152,14.613730430603027,57.228057861328125,137.9522705078125,12.20255184173584,10.701483726501465,89.21160888671875,60.118465423583984,74.15313720703125,17.65479850769043,36.98531723022461,8.49477481842041,6.679384231567383,25.54423713684082,17.254812240600586,142.8816375732422,34.80363464355469,43.12974548339844,2.478764772415161,11.788723945617676,25.281538009643555
TEST_04+2일,12.083531379699707,52.111019134521484,4.0089616775512695,1.2073490619659424,1.0,3.2124826908111572,9.538567543029785,1.0,2.1245012283325195,1.0,1.0,1.0,1.1572881937026978,2.3492956161499023,14.103273391723633,1.0,31.72899627685547,1.0,1.0,29.484512329101562,12.278412818908691,2.623539924621582,1.0,3.095057725906372,25.583568572998047,1.0,3.596357583999634,1.0,8.734644889831543,2.616291046142578,5.42604923248291,1.1146728992462158,1.7653169631958008,1.0,7.614893913269043,5.738236427307129,19.54146385192871,1.0,1.237220287322998,17.114213943481445,25.72649383544922,1.8191317319869995,3.881852149963379,1.0,1.0,1.6540945768356323,1.0,3.4491076469421387,1.7671018838882446,6.277644634246826,10.024870872497559,1.0,5.615971565246582,1.095081090927124,3.272894859313965,1.0,1.0,2.3720664978027344,1.261441707611084,1.1464463472366333,5.59389591217041,3.7906782627105713,10.184338569641113,5.5099639892578125,3.8080427646636963,1.0,1.0,1.2865302562713623,2.837023973464966,9.13171672821045,1.0,1.0,1.0,1.0,1.0,1.4185881614685059,1.308027744293213,1.2115085124969482,1.0,1.7848241329193115,1.2593904733657837,1.0,2.128915786743164,2.780215263366699,1.0,1.0,1.0,1.0,1.0455915927886963,1.0,26.815458297729492,1.0813970565795898,1.6972798109054565,1.6735661029815674,3.2030200958251953,1.0,1.5887746810913086,2.076202154159546,10.03725814819336,3.7171974182128906,1.2181639671325684,1.057681918144226,10.967694282531738,1,1.0,84.43034362792969,23.124059677124023,1.58502197265625,3.1404998302459717,2.391361713409424,3.166499376296997,1.0,1.7951602935791016,1.0000522136688232,1.0914881229400635,1.0103683471679688,2.3614280223846436,1.3582504987716675,3.611917018890381,1.0,1.320426344871521,8.306901931762695,1.0,1,1.0,1.0,1.0,1.0,1.0154330730438232,1.0,1.0,1.0,1.0,2.9946250915527344,3.393786668777466,3.0870683193206787,2.3666093349456787,1.4886492490768433,1.3255367279052734,4.208430767059326,1.7880264520645142,1.0,1.0,1.0,4.570296764373779,30.943628311157227,1.0,35.460044860839844,7.682302951812744,1.0,3.380188465118408,35.73628234863281,4.005949974060059,48.87982177734375,1.0,19.606037139892578,7.50040864944458,8.85653018951416,1.0,9.440106391906738,1.0,2.32598876953125,6.0010504722595215,7.386554718017578,5.5313568115234375,12.17674446105957,1.2242622375488281,4.1247968673706055,541.485595703125,1.0,25.63117027282715,112.86054992675781,4.674640655517578,1.0,64.91669464111328,30.368478775024414,30.359941482543945,4.528313636779785,49.29829788208008,83.20161437988281,30.725923538208008,14.318774223327637,31.624675750732422,15.03713607788086,28.867992401123047,1.0,1.0,1.0,18.446372985839844,10.754573822021484,1.0,4.64154052734375,26.287168502807617
TEST_04+3일,7.406705379486084,28.657690048217773,3.389246940612793,1.1902483701705933,1.0,1.3983876705169678,2.5440337657928467,5.039517402648926,2.761230707168579,1.0,2.2924468517303467,1.0,1.0,1.0,6.9149041175842285,1.0,16.381549835205078,1.0,1.0,25.501497268676758,1.6757667064666748,2.2690038681030273,1.0,2.4183156490325928,24.698562622070312,1.0,12.625247955322266,68.81230926513672,8.043171882629395,3.9829258918762207,3.4054343700408936,3.0383808612823486,1.4690601825714111,1.0,5.055299758911133,6.757712364196777,10.00029468536377,1.0,1.4973440170288086,1.0,18.86818504333496,1.166013479232788,4.641905784606934,1.0,1.969109296798706,1.0,1.0,2.6247165203094482,1.0,1.7516673803329468,3.187054395675659,1.0,4.065781116485596,1.386705994606018,1.8612488508224487,1.4522294998168945,1.0,1.746193528175354,3.3375625610351562,1.2826131582260132,2.7865991592407227,4.208105564117432,4.695071220397949,4.113086223602295,3.5429747104644775,1.9096319675445557,1.0,1.4756392240524292,3.100344181060791,4.519263744354248,3.292142152786255,1.0,1.0,1.0,3.287196397781372,2.5192062854766846,1.7402864694595337,1.5038036108016968,2.3445324897766113,2.8100409507751465,1.5458488464355469,1.0,1.0,2.521082878112793,1.0,2.7829318046569824,2.6339833736419678,1.7098582983016968,2.5075700283050537,2.303725004196167,29.27067756652832,1.689744234085083,2.060692310333252,4.686181545257568,1.0,2.027174711227417,1.0,1.0,9.337972640991211,4.24878454208374,1.0,1.0,5.335690021514893,1,1.0,38.020809173583984,1.0,1.5726579427719116,2.7054550647735596,1.4571789503097534,4.123462677001953,1.0217735767364502,1.8792215585708618,1.4476279020309448,1.0,1.0,3.4424962997436523,1.0852789878845215,1.0,1.0,2.52998685836792,1.4213557243347168,1.0,1,1.0,1.0,1.0,1.0,1.0,1.0,1.0,1.0,20.2676944732666,2.6732406616210938,2.5867645740509033,1.4632797241210938,1.0,1.4257235527038574,1.0,2.92789363861084,1.0,1.0,1.4219741821289062,1.0,3.291947841644287,80.57054138183594,71.01481628417969,44.31100845336914,3.6910789012908936,1.0,4.471162796020508,1.0,3.206246852874756,41.32558822631836,3.4186646938323975,53.39068603515625,7.969181537628174,3.361851692199707,42.451961517333984,21.52718162536621,1.0,2.190127372741699,3.796957492828369,1.846573829650879,6.984470844268799,2.9745421409606934,6.674233913421631,2.053071975708008,175.80377197265625,1.0,15.9710693359375,44.19937515258789,28.660816192626953,5.584125518798828,27.214393615722656,4.005884170532227,9.32745361328125,4.409437656402588,72.6240234375,48.57012176513672,23.21856117248535,8.909977912902832,10.894708633422852,2.0534043312072754,19.031984329223633,22.64438819885254,9.739884376525879,1.0,15.291150093078613,23.843236923217773,4.515993118286133,2.0334949493408203,9.993241310119629
TEST_04+4일,6.11956787109375,102.58190155029297,2.1314170360565186,1.6619113683700562,1.0,1.0,7.408159255981445,1.0,4.025853157043457,1.0,1.5214353799819946,1.0,1.0,2.280085325241089,1.0,1.5978349447250366,43.27045822143555,1.0,1.1599738597869873,26.165252685546875,21.517000198364258,2.430893898010254,1.0,1.0,35.808956146240234,32.8556022644043,22.18557357788086,21.14768409729004,10.76280403137207,1.505027174949646,1.0,1.2759524583816528,1.7177221775054932,1.0,3.64919376373291,3.886050224304199,12.979344367980957,6.0848212242126465,1.5801676511764526,1.0,22.700563430786133,1.611884593963623,1.5448702573776245,1.0,1.0,1.1134822368621826,1.0,3.1198487281799316,1.0,1.1661745309829712,2.723508834838867,1.0,8.079774856567383,1.0,2.299751043319702,1.6883327960968018,1.6527408361434937,1.6518349647521973,1.0624066591262817,1.2383531332015991,2.387493371963501,4.161511421203613,3.0139665603637695,4.236892223358154,4.03400182723999,3.8669931888580322,2.204939603805542,2.0617835521698,2.748015880584717,4.601733207702637,2.634134531021118,2.620122194290161,1.0,1.0,1.7167478799819946,3.1568799018859863,1.225555419921875,1.5733113288879395,2.409830093383789,3.7341785430908203,1.5391956567764282,1.2150465250015259,2.755746841430664,2.773073434829712,2.0364065170288086,2.6002864837646484,2.1159214973449707,1.4315871000289917,2.5912704467773438,4.953273296356201,5.671744346618652,1.0,1.2876564264297485,3.244016408920288,1.0,1.0,1.0786219835281372,1.0,9.453666687011719,3.292106866836548,1.0,1.0,1.0,1,107.78394317626953,56.63323211669922,12.103532791137695,1.7844680547714233,1.0,1.0,1.9370193481445312,1.0,1.8363078832626343,1.523085117340088,1.0,1.0705852508544922,2.034027338027954,1.0,1.0,1.3851083517074585,1.2486138343811035,3.0130584239959717,1.0,1,1.0,1.0,1.0,1.0,1.0,2.49183988571167,1.0,1.1269168853759766,71.13592529296875,1.441270351409912,4.3014936447143555,3.043545961380005,1.569379448890686,1.3053613901138306,1.0,1.0,1.7623268365859985,1.0,1.2251921892166138,1.0,10.101049423217773,59.21757507324219,46.65574645996094,11.861828804016113,9.806779861450195,27.956871032714844,3.5322866439819336,12.456461906433105,1.0,37.26240539550781,26.101139068603516,25.55963706970215,12.617300987243652,10.27322769165039,1.0,13.92421817779541,12.056580543518066,2.15343976020813,9.158202171325684,5.886918544769287,18.67932891845703,1.0,9.22686767578125,1.1098661422729492,1.0,108.95455169677734,39.77960205078125,6.010295391082764,12.778810501098633,9.818517684936523,10.84443187713623,40.73556137084961,23.542360305786133,8.471928596496582,93.08841705322266,115.79127502441406,17.72583770751953,1.7596150636672974,14.29243278503418,9.366106986999512,34.25551223754883,9.821016311645508,1.0,1.0,27.086734771728516,14.364971160888672,13.97446346282959,1.0,10.146032333374023
TEST_04+5일,7.447783470153809,110.9683609008789,3.183680772781372,1.1641762256622314,1.0,2.245530128479004,27.889324188232422,2.9604663848876953,4.616024494171143,1.1763734817504883,1.453840970993042,1.0,1.123634934425354,1.0,4.8963470458984375,2.6912126541137695,72.8351058959961,1.0,1.755057454109192,79.4619369506836,23.11579704284668,2.2620046138763428,1.0,4.855457782745361,21.065319061279297,41.09185791015625,27.081676483154297,50.20448303222656,7.6199421882629395,5.846404075622559,2.2594974040985107,1.0,1.6665247678756714,1.2544724941253662,1.0,1.4422872066497803,15.50987720489502,1.0,1.685001015663147,9.05323600769043,9.519619941711426,1.661875605583191,4.802045822143555,2.7235450744628906,1.6857521533966064,1.0,1.0,3.7657570838928223,1.0,4.257422924041748,1.0,1.3558119535446167,8.18750286102295,2.318084955215454,1.293980360031128,1.83893883228302,1.0,2.554600954055786,2.1052865982055664,1.0,1.1856621503829956,1.083740472793579,2.5098729133605957,5.93937873840332,3.0985260009765625,2.847942352294922,1.6468459367752075,1.0,4.085567474365234,1.334420084953308,2.8763856887817383,1.0,1.0,2.646669626235962,2.0272905826568604,2.812483310699463,1.3850364685058594,1.6980178356170654,5.134068012237549,2.553819179534912,2.0790951251983643,1.1807868480682373,1.177682876586914,1.7769801616668701,3.4709858894348145,1.3223834037780762,1.5226634740829468,1.719947099685669,2.386472463607788,3.7054834365844727,61.72011184692383,1.4852620363235474,1.4045376777648926,3.2864301204681396,1.0,1.5593888759613037,1.0,1.1592317819595337,6.396081447601318,3.0681307315826416,1.6745131015777588,1.0,12.961370468139648,1,1.0,40.838645935058594,5.587229251861572,3.476400136947632,2.478053331375122,1.0,1.776515007019043,1.1439918279647827,1.0,1.0,1.0,1.0300406217575073,4.800182342529297,2.318889617919922,1.0,1.7600983381271362,1.461362361907959,13.957239151000977,1.036092758178711,1,1.0343449115753174,1.048817753791809,1.329590916633606,1.0,1.0,5.011682510375977,1.0056445598602295,1.0644453763961792,88.95928192138672,2.834627151489258,3.9123589992523193,2.143573045730591,1.6618328094482422,1.0,1.7475498914718628,1.44839346408844,1.3913131952285767,1.0,1.0,1.137101650238037,9.30951976776123,46.81551742553711,37.0322265625,47.1417350769043,11.910269737243652,12.270444869995117,7.702890872955322,34.71049880981445,1.0,41.836326599121094,29.261028289794922,17.353485107421875,15.57829475402832,7.728569030761719,1.0,8.86458969116211,11.078418731689453,1.4873011112213135,6.573993682861328,6.817704677581787,9.624155044555664,1.0,9.94295883178711,1.9828004837036133,258.2432556152344,130.5634307861328,31.279582977294922,12.889819145202637,7.150339126586914,11.329322814941406,11.314176559448242,10.397247314453125,23.36672019958496,7.020294666290283,47.7603645324707,53.457000732421875,25.47164535522461,2.938450813293457,15.811843872070312,7.894762992858887,17.917564392089844,3.9131429195404053,18.72654914855957,19.507568359375,48.2728271484375,2.547973155975342,1.0,6.008429050445557,1.0
TEST_04+6일,4.390708923339844,86.39114379882812,4.536887168884277,1.090528964996338,1.5354504585266113,1.0,9.102983474731445,3.523681879043579,3.1525816917419434,1.1143949031829834,1.6895259618759155,1.1932851076126099,1.5067839622497559,3.090743064880371,17.929548263549805,2.9516260623931885,21.89579963684082,2.1397955417633057,1.3722844123840332,26.847997665405273,11.983858108520508,2.938002824783325,1.0,3.5952892303466797,28.42860221862793,21.167455673217773,27.5369815826416,101.9767074584961,1.7275539636611938,9.55176067352295,2.3563976287841797,2.5559656620025635,2.8906381130218506,2.100755453109741,3.765216827392578,2.455657958984375,29.08841323852539,8.4359769821167,1.0,22.182527542114258,7.081653118133545,2.7256858348846436,5.047570705413818,1.0,1.0,1.7213388681411743,1.0,1.96449613571167,1.4440891742706299,4.176382541656494,4.489902019500732,1.1008954048156738,8.845520973205566,1.0,2.4170360565185547,1.6285288333892822,2.395933151245117,1.9363442659378052,2.1961510181427,1.6681418418884277,7.389858722686768,5.481351375579834,4.968435287475586,6.166759967803955,3.1635167598724365,2.926450490951538,1.512376308441162,1.0498919486999512,3.4817261695861816,5.228485584259033,1.6792043447494507,1.0,1.351554274559021,1.0,4.302553653717041,1.0,2.110316514968872,1.6867659091949463,1.883160948753357,4.50164794921875,2.9201059341430664,1.6055854558944702,2.278008460998535,1.0,1.4211976528167725,2.728583574295044,1.2321491241455078,1.1560087203979492,4.074049472808838,7.7468366622924805,53.434383392333984,1.3683934211730957,2.5717175006866455,7.382992744445801,6.537447452545166,1.0,1.3990038633346558,1.2200812101364136,29.235313415527344,8.576879501342773,2.1781654357910156,1.0699999332427979,10.12254524230957,1,118.32391357421875,54.56391906738281,10.382146835327148,4.404458045959473,3.8864922523498535,1.0,4.449236869812012,1.767045259475708,1.7222557067871094,1.1661747694015503,1.2911298274993896,1.1523152589797974,4.04750394821167,1.7346985340118408,1.0,1.1395297050476074,2.4631028175354004,1.0,1.0,1,1.0,1.0,1.0,1.0,1.0,3.0303502082824707,1.0382736921310425,1.0,84.3412857055664,3.935934543609619,3.2036287784576416,3.7058775424957275,2.5676052570343018,2.180675506591797,2.4772303104400635,7.859341621398926,1.636694312095642,1.8266712427139282,1.080155372619629,1.4957497119903564,1.0,53.88714599609375,93.37367248535156,28.746889114379883,15.229248046875,10.576078414916992,7.253941059112549,37.20522689819336,1.587226390838623,55.54689407348633,1.0,7.496715545654297,26.242095947265625,6.613276958465576,47.65769958496094,2.996217966079712,13.263781547546387,2.4568989276885986,10.30186939239502,5.2620649337768555,11.960188865661621,7.496578216552734,5.773218154907227,4.71299409866333,173.8083038330078,1.0,74.18716430664062,78.2587661743164,20.166975021362305,8.29987907409668,17.997526168823242,13.512469291687012,30.92014503479004,7.088202953338623,53.27484130859375,65.97354888916016,44.25603103637695,8.404088020324707,9.176982879638672,1.0,20.30550193786621,4.603915691375732,6.650660037994385,40.600914001464844,30.307912826538086,4.756548881530762,8.884305000305176,5.504052639007568,11.468371391296387
TEST_04+7일,7.5097784996032715,10.034706115722656,11.270637512207031,6.320775985717773,1.6068569421768188,1.0,1.2734185457229614,4.363093852996826,3.1523008346557617,1.2386142015457153,2.0819075107574463,1.0,1.8319380283355713,7.414733409881592,27.679529190063477,2.960977792739868,10.756819725036621,1.9636629819869995,2.3219330310821533,5.694509506225586,1.0,3.9123289585113525,1.0559313297271729,4.585658073425293,9.409699440002441,1.0,12.417654037475586,53.46116638183594,8.52688217163086,4.983281135559082,2.261617422103882,5.41660213470459,3.2787630558013916,2.2032246589660645,6.988041400909424,9.402729988098145,50.739219665527344,6.603090763092041,2.2322521209716797,31.466758728027344,47.590431213378906,3.6139931678771973,4.654842376708984,1.0,1.6593793630599976,3.044388771057129,1.0,4.000734806060791,2.5557751655578613,3.5371310710906982,17.266937255859375,2.7357194423675537,15.03675365447998,1.723397135734558,5.697961330413818,1.2870919704437256,1.7621876001358032,1.0,1.912907600402832,1.6692782640457153,17.880447387695312,8.358080863952637,7.225394248962402,16.515846252441406,5.45704460144043,4.262393474578857,2.219911575317383,2.172898530960083,4.206252574920654,1.0,2.8838086128234863,1.0,1.25979483127594,1.0,6.154056549072266,4.037101745605469,2.5876474380493164,2.855587959289551,3.2286691665649414,8.083486557006836,3.495269775390625,1.9373096227645874,1.5096744298934937,4.110731601715088,3.7057127952575684,4.3274006843566895,1.0,2.63314151763916,4.118281841278076,8.791071891784668,1.0,2.6563096046447754,5.733025074005127,14.255965232849121,1.8842167854309082,2.2492032051086426,2.0265707969665527,1.0549465417861938,6.703516006469727,8.534927368164062,2.4425113201141357,1.183034896850586,5.757353782653809,1,131.0843505859375,1.0,15.736761093139648,5.845000267028809,7.459194183349609,3.2433454990386963,6.035421371459961,2.278061628341675,3.0338001251220703,1.9764469861984253,1.0,1.9449678659439087,5.713926792144775,2.3498284816741943,5.7291951179504395,1.34233558177948,4.427304744720459,5.254654884338379,1.0,1,1.0,1.0,1.0,1.0,1.0,1.0,1.0,1.0,1.0,5.904242992401123,7.157603740692139,6.530111789703369,4.212172985076904,2.804755687713623,2.4722163677215576,9.745661735534668,2.506636142730713,1.1936818361282349,4.425888538360596,2.556328296661377,24.005512237548828,64.09597778320312,1.0,2.9415221214294434,15.423689842224121,9.918928146362305,15.936671257019043,57.0024528503418,3.2806918621063232,103.88388061523438,1.0,78.05162048339844,29.8535213470459,13.03732681274414,1.0,6.733545303344727,31.331146240234375,4.488214492797852,19.629486083984375,11.95970344543457,20.494091033935547,19.003032684326172,15.515005111694336,7.413498401641846,164.650390625,373.5928955078125,68.78948211669922,187.1262664794922,19.817733764648438,20.84604835510254,90.26034545898438,79.29664611816406,42.28794860839844,9.050705909729004,116.32969665527344,113.4441146850586,46.89215850830078,18.8505859375,33.337223052978516,14.589376449584961,27.40359115600586,11.534631729125977,21.636934280395508,82.24285888671875,42.017127990722656,12.269532203674316,22.8425350189209,3.2380101680755615,20.57319450378418
TEST_05+1일,5.587000370025635,1.9461005926132202,6.990199565887451,3.9147799015045166,1.4652373790740967,2.105363368988037,1.0,2.5675745010375977,4.140993595123291,1.0,2.655219078063965,1.346266746520996,1.0,1.0,18.43222999572754,1.414465308189392,1.0,1.413011908531189,1.799561858177185,15.1046781539917,1.2966948747634888,1.0,1.0,4.5933918952941895,1.3901773691177368,7.421524524688721,1.0,1.0,17.989439010620117,7.934805870056152,5.2423858642578125,6.1259965896606445,2.039283037185669,1.210146188735962,1.0,9.95959186553955,46.15142822265625,10.114099502563477,1.6410845518112183,24.027925491333008,28.968599319458008,1.6924121379852295,5.819303512573242,4.154352188110352,1.0,2.3159570693969727,1.0408055782318115,5.376673221588135,1.0,5.065331935882568,22.951282501220703,1.6653106212615967,7.018490791320801,1.1212433576583862,2.3776748180389404,1.589961051940918,1.7882400751113892,1.7445237636566162,1.0892345905303955,1.0601367950439453,26.73705291748047,14.560113906860352,13.986411094665527,15.659516334533691,6.678272724151611,2.8005385398864746,1.0,1.6652201414108276,3.0773332118988037,1.0,2.2232110500335693,4.966012001037598,1.6072125434875488,1.0,4.222104549407959,4.92951774597168,2.053884506225586,3.3253893852233887,1.571813941001892,5.047177791595459,1.212435245513916,1.3554283380508423,2.468191385269165,3.131405830383301,3.3389670848846436,4.8931169509887695,4.089217185974121,2.097682476043701,3.1664493083953857,6.3912434577941895,1.0,1.6600213050842285,5.186527252197266,15.676082611083984,2.9643499851226807,1.6163851022720337,2.348430871963501,1.5410772562026978,19.733577728271484,8.90316104888916,2.280855655670166,1.0821408033370972,14.158270835876465,1,147.5127716064453,7.468774318695068,55.5477180480957,3.061245918273926,5.737704277038574,1.0,3.846008777618408,1.7693281173706055,2.3859667778015137,1.0,1.5788909196853638,1.4122761487960815,4.010859489440918,3.0210227966308594,1.2492238283157349,1.3817732334136963,3.3965137004852295,1.0,1.0,1,1.0,1.0,1.0,1.0,1.0,1.0,1.0,1.0,1.0,8.129289627075195,3.784050226211548,2.7019193172454834,3.2484893798828125,1.14643132686615,1.6851016283035278,12.628087043762207,3.1420857906341553,1.0,5.937994003295898,1.1370954513549805,62.790809631347656,76.78746032714844,1.0,1.0,106.41654968261719,22.004613876342773,68.70687866210938,38.108516693115234,2.059826612472534,211.33506774902344,62.39227294921875,109.73013305664062,97.05280303955078,44.89176559448242,159.48928833007812,51.97599792480469,100.59391021728516,9.881897926330566,63.593536376953125,30.24129867553711,89.09134674072266,68.41708374023438,21.025096893310547,1.270289421081543,392.1741638183594,330.04827880859375,100.4578857421875,342.15093994140625,37.091129302978516,123.08856964111328,101.8250961303711,201.33580017089844,58.56755828857422,5.854070663452148,78.76333618164062,112.61231231689453,1.0,1.9424307346343994,18.053401947021484,2.3109591007232666,21.023475646972656,27.498430252075195,7.962494850158691,41.6213264465332,7.563131332397461,7.790235996246338,23.554410934448242,9.80722713470459,22.90741729736328
TEST_05+2일,7.0038042068481445,55.7369384765625,3.682060718536377,1.944728970527649,1.0,3.3269593715667725,2.12753963470459,1.0,1.0,1.0,1.0,1.0,1.1874998807907104,2.604010820388794,16.39889907836914,1.0,30.288026809692383,1.0,1.0,3.28751540184021,6.464156627655029,1.0,1.0,2.1709744930267334,25.791749954223633,1.0,1.0,1.0,12.465940475463867,7.297057151794434,4.57870626449585,2.744117021560669,2.295536756515503,1.0,9.194145202636719,3.6989901065826416,35.90864944458008,1.0,1.7187577486038208,22.829757690429688,31.651987075805664,2.1377651691436768,4.534621238708496,1.0,1.0,2.247241497039795,1.0,3.260704517364502,2.269489049911499,6.606764793395996,22.957292556762695,2.159931182861328,4.385777473449707,1.1980342864990234,2.313821315765381,1.3561290502548218,1.3914717435836792,1.5995463132858276,1.6402987241744995,1.0,25.29075813293457,9.23388957977295,11.787105560302734,11.555999755859375,3.8875186443328857,1.0,1.0,1.4193494319915771,2.5341382026672363,6.120545387268066,1.0,5.020333766937256,1.0,1.0443313121795654,1.6129186153411865,1.0,1.0,1.5066323280334473,1.0,2.0630366802215576,1.3391972780227661,1.3935925960540771,1.5523977279663086,1.5218040943145752,2.4068846702575684,2.191100597381592,1.0,1.0,1.1235400438308716,2.298309803009033,26.453506469726562,1.1940193176269531,3.364166736602783,10.387991905212402,1.0,1.0,2.4453251361846924,1.4472297430038452,22.33156967163086,6.197529315948486,1.3045270442962646,1.1187583208084106,15.454607963562012,1,1.0,83.01288604736328,49.07469177246094,3.1957828998565674,3.188718557357788,2.011622905731201,5.323066234588623,1.8651468753814697,1.9217127561569214,1.1748203039169312,1.2971532344818115,2.0035972595214844,2.8489766120910645,2.7280519008636475,3.4681856632232666,1.1477476358413696,2.749311685562134,2.2384119033813477,1.0,1,1.0,1.0,1.0,1.0,1.0,3.840648889541626,1.0,1.0,1.0,4.0415825843811035,3.9981658458709717,4.3919267654418945,2.6449310779571533,1.206908941268921,1.9767643213272095,8.053102493286133,1.225881814956665,1.0,3.7024691104888916,1.8475170135498047,51.16123962402344,2.3059706687927246,14.681965827941895,1.0,100.40569305419922,34.30360412597656,60.26780700683594,47.68868637084961,3.5100207328796387,136.56439208984375,57.9911994934082,97.86306762695312,89.08744812011719,38.48699951171875,25.135723114013672,52.643577575683594,84.60365295410156,8.993669509887695,49.249107360839844,28.90256690979004,75.84626007080078,70.8521499633789,15.10522174835205,3.1930885314941406,493.5434265136719,1.0,78.42420959472656,251.0398406982422,45.092533111572266,92.8740463256836,62.12371063232422,225.41397094726562,54.04652786254883,5.8133063316345215,91.64717864990234,99.54483032226562,2.284907579421997,2.146355152130127,23.074867248535156,5.023365020751953,20.21461296081543,1.0,2.4636425971984863,15.467844009399414,1.0,4.455530166625977,1.0,1.0,26.491607666015625
TEST_05+3일,6.159961223602295,15.03857135772705,3.3215713500976562,2.161334276199341,1.019060492515564,1.4184112548828125,3.307530403137207,4.24929666519165,2.417126417160034,1.109622597694397,1.7518218755722046,1.1514514684677124,1.5166915655136108,1.679260492324829,1.0,1.0,8.41773509979248,1.0,1.3033915758132935,7.540507793426514,1.4289315938949585,1.0,1.0,2.7803285121917725,24.56842613220215,1.0,6.5963945388793945,63.147605895996094,10.48547077178955,7.084964275360107,5.453762531280518,3.2621426582336426,2.2777066230773926,1.1695477962493896,5.3949079513549805,4.994423866271973,16.229490280151367,1.0,1.9677886962890625,15.488462448120117,24.08268928527832,1.4344351291656494,2.9326632022857666,1.0,1.838226318359375,1.0,1.0,3.377979040145874,1.0,3.1515395641326904,15.69554328918457,1.5731593370437622,6.024601936340332,1.0,1.6764951944351196,1.7048046588897705,1.2215481996536255,2.6040050983428955,3.3376846313476562,1.0,13.013928413391113,7.93813419342041,4.643913745880127,9.601963996887207,3.6513442993164062,1.8402742147445679,1.0,1.54464590549469,2.639014482498169,4.54165506362915,3.9637200832366943,4.831196308135986,1.117173194885254,1.6342146396636963,4.037246227264404,3.531935691833496,1.9500290155410767,1.7803643941879272,1.650312900543213,2.971458911895752,1.7990977764129639,1.2406198978424072,1.2947931289672852,4.817972660064697,2.304243564605713,4.676768779754639,3.2839765548706055,1.3818508386611938,2.2992889881134033,4.197874069213867,24.48430061340332,2.2592480182647705,3.38309645652771,10.176673889160156,1.0,2.2801263332366943,1.0478259325027466,1.0,10.114649772644043,7.246297359466553,1.1598151922225952,1.0,19.771751403808594,1,1.0,34.88036346435547,27.24821662902832,2.0073771476745605,5.3750152587890625,1.596329927444458,6.587899208068848,1.9710655212402344,1.8357590436935425,1.4198684692382812,1.0,1.413886308670044,2.67555832862854,1.9660440683364868,1.0,1.0,2.9616098403930664,1.347847580909729,1.0,1,1.0,1.0,1.0,1.0,1.0,2.1873645782470703,1.0,1.0,31.18825912475586,3.0591464042663574,3.0809385776519775,2.6205894947052,1.0940184593200684,1.0072296857833862,1.8160468339920044,5.250569820404053,1.0,1.0,4.7052083015441895,1.267273187637329,52.250099182128906,62.51473617553711,58.60347366333008,22.235973358154297,104.09794616699219,14.425750732421875,58.01142501831055,1.0,2.0838310718536377,122.29249572753906,72.16515350341797,55.16738510131836,74.36612701416016,27.64186668395996,105.10468292236328,56.02172088623047,49.908992767333984,6.8683552742004395,36.46430969238281,19.143430709838867,79.02139282226562,45.82166290283203,5.414056301116943,1.0,320.06390380859375,1.0,37.78929138183594,249.85293579101562,22.417823791503906,61.4892578125,8.965134620666504,98.59220123291016,23.811864852905273,1.0,45.61308670043945,49.62119674682617,9.210957527160645,14.555378913879395,1.0,3.4596359729766846,7.743143558502197,15.076909065246582,1.0,33.655826568603516,8.676873207092285,13.173959732055664,6.118661403656006,8.775008201599121,1.0
TEST_05+4일,4.325904369354248,70.43716430664062,1.8706251382827759,2.239389657974243,1.023133635520935,1.0,1.0,1.2078001499176025,2.1663570404052734,1.0309127569198608,1.0,1.0,1.0809413194656372,5.625724792480469,3.8373613357543945,1.0618762969970703,27.0955867767334,1.0,1.1377198696136475,30.96905517578125,5.803991317749023,2.399989366531372,1.0,1.0,29.028615951538086,34.53964614868164,12.159622192382812,16.761188507080078,13.635420799255371,6.573722839355469,1.626072883605957,1.6983166933059692,1.9100000858306885,1.2533968687057495,3.779574155807495,2.710117816925049,20.27858543395996,7.004676342010498,1.7339813709259033,7.62990665435791,17.751230239868164,1.6761438846588135,1.4292662143707275,1.0,1.0,1.0,1.0,4.1200385093688965,1.0,2.6528680324554443,16.156681060791016,1.0,5.995665550231934,1.3447011709213257,1.1282429695129395,1.2708990573883057,1.894594669342041,1.2220455408096313,1.789763331413269,1.259910225868225,12.889660835266113,6.019601345062256,6.089575290679932,6.017500400543213,1.6607288122177124,2.614788770675659,2.2941653728485107,1.7938696146011353,2.522002935409546,3.60013484954834,2.204514503479004,3.674042224884033,1.0,1.124664545059204,2.778217315673828,3.6876943111419678,1.1070773601531982,1.0,1.0,4.100083351135254,1.9626868963241577,1.7045249938964844,1.3822853565216064,4.712154865264893,4.089774131774902,3.6933400630950928,2.3183674812316895,1.1196417808532715,3.1860084533691406,4.855477333068848,14.889434814453125,1.6603306531906128,1.3636624813079834,8.882871627807617,1.0,1.0,2.2693257331848145,1.1992751359939575,8.734511375427246,5.020701885223389,1.3599604368209839,1.0,4.081138610839844,1,88.96332550048828,49.26197814941406,29.228118896484375,2.0856831073760986,2.406486749649048,1.325042486190796,7.135490417480469,1.3742895126342773,1.7396401166915894,1.7530109882354736,1.0293047428131104,1.000508189201355,2.116403341293335,1.1758872270584106,1.9593217372894287,1.340811014175415,1.9366950988769531,1.0,1.0,1,1.0,1.0,1.0,1.0,1.0,4.78290319442749,1.0,1.0,77.45124053955078,2.9155526161193848,3.9525365829467773,4.02756929397583,2.653109073638916,2.1589462757110596,1.6420248746871948,4.030768394470215,1.6176589727401733,1.0,3.2495410442352295,1.0,59.941829681396484,48.62907791137695,55.33902359008789,26.983684539794922,91.3226089477539,35.23406219482422,65.52078247070312,47.034767150878906,7.517849922180176,21.569549560546875,95.51438903808594,66.22232055664062,76.64836883544922,35.77552795410156,99.94965362548828,45.648216247558594,79.81900024414062,8.232414245605469,44.16434860229492,36.32851791381836,67.68001556396484,47.79082107543945,23.995548248291016,1.0,1.0,211.8693389892578,91.10282135009766,215.0658416748047,40.01553726196289,88.36124420166016,76.4539794921875,157.1566162109375,36.610836029052734,7.1194748878479,65.0204849243164,72.1635513305664,1.0,1.0,1.0,1.4522948265075684,1.0,1.0,1.1805179119110107,1.0,12.701756477355957,1.0,7.580410480499268,3.1058201789855957,1.0
TEST_05+5일,7.366222858428955,51.045684814453125,2.968343734741211,1.5834619998931885,1.0,1.6146342754364014,5.639584064483643,1.9007196426391602,3.42571759223938,1.0,1.0760518312454224,1.0,1.1386629343032837,2.2057342529296875,2.036193609237671,2.3468027114868164,42.22697830200195,1.0,1.358098030090332,56.60476303100586,6.805586338043213,1.0,1.0,2.8990390300750732,15.268105506896973,43.85566329956055,14.143366813659668,43.90680694580078,11.228840827941895,5.037837505340576,2.9595448970794678,2.8157155513763428,2.1122562885284424,1.3575870990753174,1.0,1.9899846315383911,14.249612808227539,1.1099302768707275,1.7013555765151978,11.603703498840332,12.707674026489258,1.7539135217666626,4.119566440582275,1.0,1.0,1.2712199687957764,1.0,2.8701767921447754,1.0,3.2789578437805176,18.200695037841797,1.3294373750686646,8.122288703918457,1.1258395910263062,1.0,2.236027479171753,2.2427077293395996,1.0,1.774273157119751,1.0,14.948233604431152,3.8242709636688232,4.458154201507568,8.363530158996582,3.6384880542755127,4.069642066955566,2.2700324058532715,1.0,3.762289524078369,1.0,2.0169448852539062,4.631424427032471,1.0,1.5037331581115723,3.043618679046631,3.4073405265808105,1.6677566766738892,1.4710056781768799,4.495469570159912,2.649604082107544,2.7272114753723145,1.902226209640503,1.2983115911483765,1.1778415441513062,3.005441904067993,1.9884576797485352,1.7211729288101196,2.234410285949707,2.2705564498901367,4.390368938446045,59.79885482788086,2.02592396736145,2.4903643131256104,7.215473651885986,1.0,2.0183770656585693,1.6613376140594482,1.1671969890594482,9.79729175567627,5.549555778503418,1.3811306953430176,1.0,16.6783390045166,1,1.0,33.38894271850586,27.9139347076416,2.86623215675354,3.9775471687316895,1.0,4.643306732177734,1.3904756307601929,1.225947380065918,1.1686023473739624,1.1581461429595947,1.203612208366394,5.156854629516602,2.2516069412231445,1.4873137474060059,1.6795369386672974,2.4947404861450195,9.549293518066406,1.0,1,1.031030535697937,1.0342296361923218,1.0,1.0,1.0,6.990384578704834,1.0209168195724487,1.0,124.70582580566406,3.022966146469116,3.6620492935180664,1.832645297050476,1.6113550662994385,1.3489494323730469,1.7595292329788208,6.131853103637695,1.9969022274017334,1.0,2.988751173019409,1.0,57.25978469848633,30.790813446044922,73.4246597290039,17.083242416381836,94.06900024414062,57.838783264160156,48.68357467651367,57.445796966552734,4.886752128601074,130.49241638183594,49.452362060546875,59.25429153442383,70.80718231201172,32.3261833190918,8.271692276000977,26.29816436767578,47.894203186035156,7.45089864730835,44.64884948730469,24.961063385009766,65.37028503417969,52.29667282104492,12.902194023132324,2.4745874404907227,65.21727752685547,343.3809814453125,32.5267219543457,215.0098876953125,46.14303970336914,84.07780456542969,45.3488655090332,137.23265075683594,48.069000244140625,4.7599921226501465,62.295040130615234,63.621063232421875,2.652536153793335,1.0,16.613513946533203,12.734925270080566,28.657941818237305,6.5487518310546875,24.543598175048828,18.38028907775879,21.002277374267578,24.15018653869629,28.38882827758789,7.4335737228393555,1.0
TEST_05+6일,5.292030334472656,58.87538528442383,4.087048530578613,1.3651823997497559,1.837763786315918,1.0,1.0,1.0,4.036741733551025,1.066098928451538,1.3652527332305908,1.117608904838562,1.6221063137054443,5.242847919464111,13.279797554016113,2.4705536365509033,1.0,2.2306060791015625,1.0,45.0577278137207,7.106736183166504,2.6230056285858154,1.392988681793213,1.0,28.371662139892578,22.765247344970703,26.326290130615234,94.1867904663086,7.199810981750488,9.541155815124512,2.022017240524292,2.6135268211364746,3.4552340507507324,2.1489293575286865,1.0,2.741729736328125,31.702360153198242,10.76736831665039,1.0,31.048843383789062,11.785564422607422,2.6024491786956787,5.27276611328125,1.0,1.0,2.6649177074432373,1.0,3.270632028579712,1.0602052211761475,4.37231969833374,18.302654266357422,1.0,7.9242377281188965,1.1222821474075317,1.9701083898544312,1.0,2.7975988388061523,1.4564100503921509,2.421052932739258,1.1300677061080933,15.499402046203613,7.319244861602783,6.807578086853027,10.001053810119629,3.643251419067383,2.958946943283081,1.7622389793395996,1.2825814485549927,2.67053484916687,3.865939140319824,1.0,2.049910306930542,1.0,1.0,5.460422992706299,1.0,2.238699436187744,1.8391891717910767,1.0,4.806222915649414,2.615135908126831,1.712339162826538,2.5468382835388184,3.552154064178467,2.8412137031555176,4.299725532531738,1.7561907768249512,1.5684747695922852,3.954882860183716,6.3524489402771,38.42456817626953,1.3915083408355713,2.865536689758301,10.704352378845215,3.6282155513763428,1.689352035522461,1.7655774354934692,1.3834953308105469,16.356277465820312,6.797626495361328,2.3562822341918945,1.0,4.573836803436279,1,83.90886688232422,55.117679595947266,35.32836151123047,4.4388747215271,4.311758995056152,1.0,6.186014175415039,1.8779094219207764,1.9097260236740112,1.4767690896987915,1.2136377096176147,1.0,3.799194812774658,1.4970719814300537,1.4238266944885254,1.604744791984558,2.9010024070739746,1.0,1.0,1,1.0,1.0,1.0,1.0,1.0,4.297032833099365,1.0,1.0,66.15880584716797,5.07749605178833,2.9563872814178467,4.026617050170898,3.497321605682373,1.9945982694625854,2.474306106567383,12.703916549682617,1.799919605255127,2.0127151012420654,4.312363624572754,2.2815465927124023,62.240047454833984,55.943756103515625,127.90582275390625,14.373050689697266,91.9960708618164,28.013423919677734,68.11483764648438,59.473812103271484,4.969207763671875,140.25791931152344,30.237258911132812,89.4737319946289,96.70140075683594,33.252220153808594,78.62054443359375,55.31645202636719,81.29662322998047,9.949761390686035,57.18210220336914,37.92534255981445,84.35682678222656,64.89794921875,10.737040519714355,4.330609321594238,255.99549865722656,1.0,110.83485412597656,465.4753723144531,91.54595184326172,99.3519058227539,107.8193588256836,322.6922302246094,67.69559478759766,1.1103544235229492,73.8700942993164,107.29328918457031,1.0,12.502110481262207,7.638428211212158,1.0,11.061444282531738,1.0,1.0,1.0,7.390175819396973,11.97573184967041,35.06190872192383,1.0,14.58072566986084
TEST_05+7일,8.010594367980957,30.07477378845215,11.49478530883789,7.268009185791016,1.5986404418945312,1.711303949356079,3.051607847213745,3.8575053215026855,3.8135972023010254,1.2200623750686646,2.419936180114746,1.4239050149917603,1.4724899530410767,6.686146259307861,29.764278411865234,2.3064351081848145,8.37541675567627,1.7827590703964233,2.1745431423187256,1.0,1.0,2.95475435256958,1.3920079469680786,5.65943717956543,12.490683555603027,1.0,7.860300064086914,50.400264739990234,17.552371978759766,10.88443660736084,3.6045584678649902,5.694098472595215,3.2426986694335938,2.4180588722229004,8.441644668579102,8.515496253967285,53.84315490722656,7.983248710632324,2.279552459716797,41.41123962402344,43.45302963256836,3.4795002937316895,3.6522955894470215,1.0,2.0817177295684814,4.206385612487793,1.0,4.408266067504883,2.0263707637786865,5.726458549499512,31.054443359375,2.3255207538604736,11.712435722351074,1.875511646270752,5.4027509689331055,1.4047378301620483,2.1832141876220703,1.0,2.187869071960449,1.8845666646957397,28.536630630493164,11.629425048828125,10.388425827026367,17.152286529541016,7.941335678100586,3.6873555183410645,1.970342755317688,2.2484939098358154,4.002659797668457,1.0,1.8758275508880615,3.7993459701538086,1.4068958759307861,1.0,6.854628086090088,4.538684368133545,1.594653606414795,2.7549142837524414,2.3378031253814697,7.6087846755981445,3.230417251586914,1.934037446975708,1.8076027631759644,5.847348213195801,3.1169321537017822,6.860743522644043,1.0,2.369971752166748,3.6428542137145996,8.673574447631836,5.63929557800293,1.7220569849014282,5.646129131317139,17.64730453491211,1.1389650106430054,2.396528959274292,2.5429418087005615,1.2602548599243164,5.177891254425049,9.346843719482422,2.964707136154175,1.231512188911438,1.0,1,119.19595336914062,1.1549328565597534,27.033586502075195,5.901510238647461,6.862499237060547,2.769704580307007,6.762629985809326,2.757294178009033,3.014878511428833,1.5553548336029053,1.4679863452911377,2.2982349395751953,5.351306438446045,2.904849052429199,6.464812755584717,1.222601294517517,4.958915710449219,1.0,1.0,1,1.0,1.0,1.0,1.0,1.0,1.6667273044586182,1.0,1.0,1.0,7.06760835647583,7.939114570617676,6.899446487426758,4.446852207183838,2.2347543239593506,3.795262098312378,12.814220428466797,3.270451068878174,1.372302770614624,6.753075122833252,2.5508673191070557,81.39240264892578,92.58817291259766,41.621768951416016,1.0,102.2020263671875,21.39695167541504,64.09758758544922,67.81547546386719,5.410139083862305,149.21566772460938,55.549861907958984,164.9586639404297,111.03826904296875,39.58153533935547,20.725311279296875,44.69095230102539,80.29393005371094,10.414694786071777,60.49806594848633,27.17569351196289,96.64317321777344,67.28610229492188,30.65199089050293,4.30467414855957,259.24493408203125,472.9109191894531,84.66937255859375,447.8606872558594,68.87945556640625,109.24919128417969,125.43391418457031,153.60899353027344,64.74304962158203,9.871532440185547,113.34413146972656,117.39244079589844,1.0,18.699321746826172,9.285490989685059,6.388249397277832,24.424076080322266,7.228602886199951,1.9413549900054932,18.379756927490234,25.311601638793945,4.835647106170654,59.607421875,8.241110801696777,18.36795425415039
TEST_06+1일,5.901184558868408,1.0,6.689584255218506,3.359477996826172,1.3651129007339478,1.999879002571106,1.0,1.0,3.6423592567443848,1.0,2.2810003757476807,1.0,1.1488474607467651,1.0,1.0,1.158402442932129,1.0321056842803955,2.040710926055908,1.2505667209625244,25.1822509765625,1.0,1.8948538303375244,1.0,4.382749557495117,1.0,1.0,1.0,1.4727169275283813,10.494563102722168,6.732290267944336,4.86933708190918,5.613252639770508,1.829972743988037,2.089695692062378,1.0,9.365140914916992,37.32368469238281,9.922792434692383,1.2773966789245605,30.51972770690918,21.99173927307129,1.292087435722351,6.498776912689209,5.511240482330322,1.0,2.9855258464813232,1.0,5.1639580726623535,1.0,3.5862951278686523,28.150760650634766,2.242574691772461,6.371958255767822,1.014413833618164,2.303372621536255,1.8467313051223755,1.6582448482513428,2.1755127906799316,1.0,1.0,17.9088134765625,10.610702514648438,13.528141975402832,19.57006072998047,4.089517116546631,3.041659116744995,1.0,1.1434422731399536,3.5263943672180176,5.642111301422119,1.439816951751709,7.491843223571777,1.4495528936386108,1.0,3.3830888271331787,3.920316696166992,1.0,2.2714309692382812,1.4181658029556274,4.3195109367370605,1.1830545663833618,1.5585620403289795,1.4070614576339722,1.62782883644104,3.0220465660095215,3.6088387966156006,4.190126419067383,2.902707815170288,3.193690776824951,3.7511603832244873,1.0,1.3643181324005127,3.1444995403289795,13.536784172058105,1.839927077293396,1.0,1.7643136978149414,1.279697299003601,22.6610107421875,5.965024471282959,1.346434235572815,1.1013935804367065,10.356292724609375,1,150.22015380859375,2.7389070987701416,35.46221160888672,3.3362717628479004,4.370529651641846,1.3475366830825806,3.8633649349212646,1.3447624444961548,2.5287153720855713,1.0,1.0910630226135254,1.34502375125885,3.077937364578247,2.1477043628692627,2.1457488536834717,1.2143629789352417,1.4820090532302856,1.0,1.0,1,1.0,1.0,1.0,1.0,1.0,1.0,1.0,1.0,10.371633529663086,6.454572677612305,3.002401351928711,4.796695709228516,3.072908878326416,1.2010806798934937,1.3805675506591797,12.175183296203613,1.6748582124710083,1.0,5.4758734703063965,1.4860376119613647,56.94499588012695,71.17961120605469,1.0,1.0,77.9253921508789,37.970542907714844,47.329444885253906,48.23823928833008,3.7216577529907227,152.86561584472656,65.8948745727539,91.20387268066406,74.68983459472656,32.8663444519043,138.2538604736328,41.44973373413086,91.29771423339844,5.539498329162598,54.727516174316406,27.975648880004883,81.89347839355469,51.82235336303711,22.417152404785156,1.0,404.2669982910156,390.1666564941406,138.8819580078125,290.3023986816406,41.84598159790039,99.86625671386719,118.50402069091797,223.3384552001953,53.86742401123047,10.560027122497559,76.82041931152344,124.40431213378906,1.0,1.0,1.0,5.234553813934326,17.49295425415039,17.42058563232422,16.98448944091797,17.051759719848633,50.50489807128906,1.0,27.79405403137207,7.018918037414551,9.126330375671387
TEST_06+2일,5.1212944984436035,1.0,4.511894702911377,1.1540393829345703,1.0,3.0937211513519287,4.405350208282471,1.0,1.0,1.0,1.0,1.0,1.100513219833374,2.680490493774414,13.424761772155762,1.0,39.187042236328125,1.0,1.0,36.62356185913086,11.370565414428711,1.2601982355117798,1.0,8.675887107849121,25.73744773864746,1.0,5.853028774261475,1.0,6.175730228424072,7.652190685272217,3.567030429840088,3.819213628768921,1.8588206768035889,2.4850659370422363,7.508172988891602,1.9320064783096313,12.144001007080078,1.0,1.0,21.69571304321289,21.614112854003906,1.9710693359375,2.5734474658966064,2.1603662967681885,1.0,2.735037326812744,1.0,3.003117322921753,2.4439430236816406,5.331633567810059,26.625635147094727,2.967129945755005,8.192388534545898,1.0979695320129395,2.158123254776001,1.3560796976089478,2.0736680030822754,1.4502660036087036,1.1226320266723633,1.1245516538619995,11.846782684326172,7.744332313537598,9.261953353881836,14.068926811218262,3.5261614322662354,1.0,1.0,1.0,2.046440362930298,1.9100475311279297,1.0,7.663905620574951,1.0,1.0,1.0111464262008667,3.581031560897827,1.0,1.0,1.0,1.8194632530212402,1.350454330444336,1.0,1.5686275959014893,1.0,1.1512731313705444,2.8439974784851074,1.0,1.4846969842910767,1.4503430128097534,1.07453191280365,39.90336990356445,1.0,2.2150802612304688,9.106302261352539,1.0,1.0,1.6312155723571777,1.0,11.15437126159668,3.050283908843994,1.3867369890213013,1.067643404006958,19.398807525634766,1,1.0,48.09107208251953,23.159563064575195,3.129488706588745,2.8281514644622803,1.7277225255966187,3.5824062824249268,1.3274732828140259,2.1816465854644775,1.0,1.2157257795333862,1.0558574199676514,2.104755401611328,2.4368155002593994,2.8221123218536377,1.0217621326446533,1.611892819404602,3.5878727436065674,1.0,1,1.0,1.0,1.0,1.0,1.0,3.9257662296295166,1.0,1.0,1.0,2.6167595386505127,1.0,4.940547466278076,1.9431918859481812,1.0956273078918457,1.170830488204956,6.825443267822266,1.0,1.0,1.8561949729919434,1.4745166301727295,34.82757568359375,1.0,1.0,3.714693307876587,70.95386505126953,37.8646125793457,35.14494323730469,38.16304016113281,4.698433876037598,134.51589965820312,47.683876037597656,87.82303619384766,65.08736419677734,25.241336822509766,58.93560028076172,44.56837463378906,66.36311340332031,3.906888484954834,36.28520584106445,24.83831214904785,63.602012634277344,45.235591888427734,16.02583122253418,2.611769676208496,472.4767761230469,1.0,82.61152648925781,238.1968994140625,53.268882751464844,77.78672790527344,54.940364837646484,174.69088745117188,42.580501556396484,7.073826789855957,94.55999755859375,76.50717163085938,1.9791333675384521,1.0,1.0,10.386042594909668,10.497142791748047,1.0,1.0,7.481502056121826,1.0,4.6881632804870605,1.0,3.446911573410034,22.263025283813477
TEST_06+3일,6.252203464508057,1.0,3.91288161277771,1.7102038860321045,1.0,1.0,1.0,3.746431827545166,1.4766055345535278,1.0,1.1689406633377075,1.0,1.4791642427444458,1.0,1.0,1.0,20.937557220458984,1.0318140983581543,1.1396185159683228,18.769916534423828,1.1448150873184204,1.8452339172363281,1.0,2.275641679763794,18.355472564697266,1.0,11.986152648925781,86.84254455566406,6.0985846519470215,6.183434009552002,5.040010452270508,3.1225621700286865,1.7998501062393188,1.4765937328338623,5.617701530456543,2.5192673206329346,5.755036354064941,1.0,1.0,14.407885551452637,18.89358139038086,1.308519721031189,3.9389100074768066,1.290574550628662,1.9688060283660889,1.0436469316482544,1.0,2.5817792415618896,1.0,3.5078284740448,12.711301803588867,2.3616104125976562,3.948622941970825,1.0,1.721500277519226,1.337496280670166,1.9084227085113525,2.4574737548828125,3.8436946868896484,1.2577983140945435,6.31576681137085,5.09752082824707,2.830569267272949,9.17337703704834,2.4801812171936035,1.6385921239852905,1.0,1.675252079963684,2.421621561050415,2.4881272315979004,2.9026148319244385,6.773796081542969,1.0992544889450073,1.714284062385559,3.409904718399048,3.6600983142852783,1.3302206993103027,1.5723543167114258,1.1917624473571777,2.6185128688812256,1.5983033180236816,1.0,1.0,2.6189582347869873,1.622143030166626,4.300336837768555,3.408249616622925,1.8882032632827759,2.276775360107422,2.998406171798706,24.180370330810547,1.1420913934707642,2.4506735801696777,7.669850826263428,1.0,1.0,1.0,1.0,15.17859935760498,4.823220729827881,1.0,1.0,3.7945525646209717,1,1.0,26.608915328979492,6.653176307678223,1.6323926448822021,4.221693515777588,1.4982140064239502,5.871048927307129,1.0352650880813599,2.0346832275390625,1.0,1.0,1.1978973150253296,1.0584577322006226,1.213826298713684,1.0,1.0,3.1697092056274414,1.0,1.0,1,1.005533218383789,1.0,1.0,1.0,1.0,2.0952465534210205,1.0474320650100708,1.0,57.24217987060547,1.6975975036621094,1.0,2.7112932205200195,1.0,1.0,1.6971112489700317,1.6144521236419678,1.0,1.0,4.086489677429199,1.2535266876220703,39.803653717041016,29.786357879638672,28.97762680053711,31.049060821533203,78.83133697509766,8.9119291305542,38.85464859008789,9.45718002319336,3.923659324645996,72.66334533691406,53.33794403076172,51.18766784667969,60.510379791259766,18.68328857421875,46.65111541748047,28.254905700683594,37.57818603515625,3.6461265087127686,33.32930374145508,15.956717491149902,79.46762084960938,30.64536476135254,9.666820526123047,1.0,238.0457000732422,1.0,45.833641052246094,193.80247497558594,33.1413688659668,47.81929397583008,1.0,104.84845733642578,21.900447845458984,1.0,36.55778121948242,48.07046127319336,6.623194694519043,7.591262340545654,3.462930202484131,3.3797807693481445,20.940593719482422,6.631175994873047,1.0,21.159530639648438,11.891822814941406,19.518075942993164,1.0,8.573847770690918,1.0
TEST_06+4일,3.8911194801330566,1.0,2.256822347640991,1.8678035736083984,1.0,1.0,1.0,1.0,1.9537723064422607,1.0,1.604553461074829,1.0,1.0241156816482544,2.7940847873687744,1.0,1.042736291885376,46.486602783203125,1.0,1.2416232824325562,58.530967712402344,13.713896751403809,1.3289861679077148,1.0,1.0,37.87514114379883,33.38016128540039,14.170443534851074,48.23984909057617,6.760037899017334,5.885217189788818,1.3113898038864136,2.727482557296753,1.7827324867248535,1.943666934967041,5.0534892082214355,1.0,10.179489135742188,4.759936809539795,1.323853611946106,15.140924453735352,15.215206146240234,1.7543888092041016,1.2308903932571411,1.0,1.0,2.492896556854248,1.0,2.7963037490844727,2.0154671669006348,2.7558698654174805,15.939595222473145,1.0,8.05862045288086,1.086606502532959,1.0487507581710815,1.2518705129623413,2.6423683166503906,1.6811000108718872,1.7436922788619995,1.84723699092865,4.898459434509277,6.938344478607178,1.0,9.52502727508545,2.799166440963745,3.3436050415039062,2.033163070678711,1.2739826440811157,2.3469676971435547,4.438457012176514,2.1473538875579834,6.567578315734863,1.0262441635131836,1.0,1.9523348808288574,2.2940337657928467,1.0,1.2612100839614868,1.0,3.093132734298706,1.4818183183670044,1.9730186462402344,2.273362874984741,1.0,3.0307631492614746,1.8786810636520386,2.611602783203125,2.17519474029541,2.5664849281311035,3.067936420440674,19.231245040893555,1.5953178405761719,1.299941062927246,7.084359169006348,2.340918779373169,1.0,1.0494986772537231,1.0,9.589423179626465,2.8277390003204346,1.0714406967163086,1.0,1.0,1,99.32643127441406,31.28005599975586,10.02451229095459,2.328117609024048,1.4150230884552002,1.8034178018569946,4.237803936004639,1.1803534030914307,1.6260883808135986,1.7555372714996338,1.0816562175750732,1.0,1.7670308351516724,1.4758349657058716,2.679166316986084,1.0753825902938843,1.0,2.260162591934204,1.0,1,1.0,1.0,1.0,1.0,1.0,2.4677212238311768,1.0,1.0,102.08804321289062,2.014280319213867,2.422201633453369,6.184759616851807,2.252734899520874,1.7912205457687378,1.6362816095352173,3.4986815452575684,1.0,1.0,2.9966585636138916,1.3500430583953857,35.65031814575195,23.573816299438477,19.971790313720703,3.476728677749634,59.11570739746094,58.3337516784668,39.641239166259766,32.25414276123047,5.988936901092529,74.31710052490234,72.37039184570312,42.4850959777832,54.3737907409668,20.926095962524414,1.0,30.769638061523438,62.7067985534668,4.174482822418213,29.780195236206055,24.398277282714844,60.51523971557617,25.895719528198242,17.635929107666016,1.0,1.0,142.75723266601562,84.87407684326172,176.7205810546875,29.594919204711914,77.50023651123047,75.65470886230469,150.67483520507812,20.97450828552246,6.717707633972168,58.82530975341797,47.84914016723633,1.0,1.0,3.263378143310547,2.2531275749206543,1.0,1.0,2.6622376441955566,1.0,21.98924446105957,3.4541354179382324,3.2371304035186768,6.701802730560303,1.0
TEST_06+5일,4.896523952484131,1.0,3.929919481277466,1.6071223020553589,1.0,1.0,8.91238784790039,1.4654592275619507,2.4792823791503906,1.0,1.3293873071670532,1.0,1.0,1.0,1.0,2.249150514602661,48.68549728393555,1.0,1.2109324932098389,56.275691986083984,15.288792610168457,1.0,1.0,7.430587291717529,20.379669189453125,42.5980339050293,17.143415451049805,32.79346466064453,4.917843818664551,3.704720973968506,3.3589890003204346,2.2648937702178955,1.6123279333114624,2.815382957458496,3.815114736557007,1.0,9.500204086303711,2.24250864982605,1.6776635646820068,10.312185287475586,11.097518920898438,1.2687962055206299,4.437033176422119,1.0,1.0,2.05724835395813,1.0,3.7835185527801514,1.0,2.7801926136016846,7.493916988372803,2.418872833251953,12.36323356628418,1.3614641427993774,1.0,2.5826334953308105,1.3854774236679077,1.0,1.0,1.0,5.377212047576904,1.9234323501586914,6.487268447875977,14.159756660461426,1.78500497341156,3.772371530532837,1.621936321258545,1.0,3.9500176906585693,1.0,2.491795301437378,6.134465217590332,1.0,1.0,2.319934844970703,3.6182656288146973,1.0,1.0,4.2057785987854,2.2955996990203857,2.254596471786499,1.169041633605957,1.3091132640838623,1.3219587802886963,3.667032241821289,2.4114937782287598,1.0,2.5839953422546387,2.358557939529419,3.1139168739318848,80.19525146484375,1.017166018486023,2.185255289077759,6.750202655792236,1.4250279664993286,1.8669098615646362,1.0,1.0,12.055325508117676,2.6333048343658447,1.5537428855895996,1.0353070497512817,19.818218231201172,1,1.0,27.53481674194336,12.639923095703125,2.8963911533355713,4.568118572235107,1.131171703338623,3.3259541988372803,1.192249059677124,1.3514341115951538,1.0824346542358398,1.0,1.129772663116455,4.789841651916504,2.045468330383301,1.7227309942245483,1.7327892780303955,1.3116556406021118,14.730974197387695,1.0,1,1.0,1.3278250694274902,1.2639447450637817,1.0,1.016486644744873,5.494117736816406,1.0,1.0,158.6692352294922,2.0587704181671143,3.144014596939087,4.29797887802124,1.415664553642273,1.4586559534072876,1.0,4.590275287628174,1.012129783630371,1.0,2.2927803993225098,1.346756935119629,38.37058639526367,12.06336784362793,30.873632431030273,31.613401412963867,53.89139175415039,44.059722900390625,28.756669998168945,55.35810852050781,4.306763172149658,83.30778503417969,13.830522537231445,55.87080764770508,46.863651275634766,20.527917861938477,1.0,3.5582785606384277,41.60445785522461,3.0619256496429443,34.47722244262695,18.230613708496094,54.2990837097168,31.699260711669922,12.187782287597656,1.0,201.16114807128906,179.5092010498047,42.78327178955078,146.35462951660156,40.63251495361328,74.7435073852539,43.63477325439453,97.64409637451172,38.2816047668457,3.4197804927825928,62.181148529052734,85.42488861083984,1.355729579925537,1.0,1.0,12.914909362792969,31.40633201599121,7.204699993133545,21.44867515563965,1.0,18.69606590270996,39.41518783569336,25.770511627197266,10.131988525390625,1.0
TEST_06+6일,4.540894031524658,3.423153877258301,4.829171657562256,2.8461649417877197,1.8282077312469482,1.0,3.284501075744629,1.0,4.561502933502197,1.0,1.44282865524292,1.0,1.3958091735839844,3.2492260932922363,4.6339111328125,2.7137563228607178,17.420021057128906,1.8710792064666748,1.0,52.258914947509766,12.050925254821777,1.0,1.0,6.5261945724487305,21.437641143798828,11.411603927612305,29.585355758666992,96.2691421508789,4.983646392822266,7.808599948883057,1.4481165409088135,3.4913570880889893,2.7370831966400146,2.185223340988159,1.0,3.6285617351531982,27.630191802978516,9.870735168457031,1.0,26.38591957092285,6.573091506958008,2.751910924911499,4.689911365509033,1.0,1.0,3.361833333969116,1.0,2.3137030601501465,1.0,4.103171348571777,19.099584579467773,2.4067578315734863,7.171474456787109,1.1389720439910889,2.0564608573913574,1.0,1.9470665454864502,1.2009700536727905,1.9962592124938965,1.4822633266448975,10.761240005493164,5.795931816101074,6.824556827545166,14.114594459533691,6.470894813537598,2.8453681468963623,1.3488274812698364,1.0178955793380737,2.874239444732666,1.7658708095550537,1.0,4.341808319091797,1.0,1.0,4.224213123321533,1.44545578956604,1.820399522781372,1.3355330228805542,1.0704121589660645,4.166365146636963,2.619173765182495,1.3364267349243164,2.110595941543579,2.6573121547698975,2.1734328269958496,4.36481237411499,2.0365078449249268,1.8933446407318115,3.8517422676086426,5.905093669891357,53.324039459228516,2.155467987060547,2.549199104309082,10.680618286132812,3.188124418258667,1.0,1.4443023204803467,1.146125078201294,33.22577667236328,8.859085083007812,1.9435627460479736,1.1857184171676636,13.444568634033203,1,118.42640686035156,40.77940368652344,13.531928062438965,4.72639274597168,3.6066794395446777,1.0,5.076426029205322,1.7139599323272705,1.6652089357376099,1.5846335887908936,1.0,1.0643330812454224,2.9079880714416504,1.411188006401062,2.034918785095215,1.4967795610427856,2.887540102005005,1.0,1.0,1,1.272953748703003,1.0,1.0,1.0108176469802856,1.0,2.593522548675537,1.0596503019332886,1.0,89.61677551269531,4.16687536239624,2.6837005615234375,4.850883483886719,3.8490872383117676,2.2335803508758545,1.8308987617492676,11.939720153808594,1.0,1.6603131294250488,3.3265838623046875,1.8065650463104248,43.02052688598633,41.828861236572266,118.2695541381836,1.0,64.51052856445312,46.119747161865234,36.319400787353516,42.32622528076172,4.425073623657227,46.202796936035156,25.8815860748291,62.13717269897461,52.96675491333008,21.40909767150879,79.82820892333984,27.624671936035156,58.4861946105957,4.98996114730835,39.0916633605957,18.82320785522461,64.7423324584961,40.16801834106445,23.11005401611328,3.449871301651001,156.3187713623047,1.0,71.35519409179688,239.9782257080078,103.06879425048828,78.79129028320312,96.72827911376953,141.5794677734375,48.52277755737305,4.182135105133057,74.02539825439453,95.56716918945312,1.0,1.0,4.861571311950684,1.0,4.8998260498046875,4.249828338623047,1.6772050857543945,1.0,13.270727157592773,17.407075881958008,34.97301483154297,1.0,22.857162475585938
TEST_06+7일,5.820530891418457,1.0,11.253544807434082,6.01524019241333,1.5134007930755615,2.1744585037231445,1.0,3.579829454421997,2.860201597213745,1.0,2.5769686698913574,1.0,1.718639850616455,7.134389400482178,20.796649932861328,2.3582980632781982,15.72414493560791,1.7115167379379272,1.5391643047332764,29.005786895751953,1.0,4.032299518585205,1.0,4.350186347961426,6.506198883056641,1.0,7.196071147918701,44.410945892333984,11.557536125183105,9.257680892944336,3.9993398189544678,6.868790626525879,2.9765286445617676,2.930119276046753,1.0,6.868026256561279,52.04547882080078,8.735796928405762,2.571122646331787,43.65074920654297,45.032562255859375,2.9199588298797607,5.363749980926514,1.0,2.1818583011627197,4.050930976867676,1.0,4.350231170654297,2.2032277584075928,5.336297512054443,29.539033889770508,3.238685131072998,12.717555046081543,1.7981362342834473,5.329631328582764,1.7620484828948975,2.1770243644714355,1.0,2.9013512134552,2.0021913051605225,19.56899070739746,9.65849494934082,9.038494110107422,19.763164520263672,6.79147481918335,4.011187553405762,1.7763457298278809,2.1379263401031494,4.230117321014404,1.0,1.8956114053726196,5.994606018066406,1.4077215194702148,1.0,6.148865699768066,3.1039652824401855,1.3005706071853638,2.016732692718506,2.3832848072052,7.1293559074401855,3.4393539428710938,2.255864143371582,2.0524275302886963,2.850625991821289,2.41920804977417,7.595653533935547,1.0,3.648433208465576,4.068755149841309,7.579301357269287,1.0,1.0,5.184663772583008,16.98930549621582,1.212815761566162,3.3892219066619873,1.8678301572799683,1.7421727180480957,11.693082809448242,8.851032257080078,2.495492458343506,1.236296534538269,1.0,1,121.14066314697266,1.0,13.499906539916992,6.387724876403809,4.736000061035156,2.464755058288574,6.5468668937683105,2.5822160243988037,3.248270273208618,1.2299628257751465,1.2059528827667236,1.9635909795761108,4.113752365112305,2.5601754188537598,7.192957878112793,1.0393211841583252,5.174405097961426,1.9491111040115356,1.0,1,1.0,1.0,1.0,1.0,1.0,1.0,1.0,1.0,1.0,6.7250895500183105,6.174100399017334,7.792562007904053,3.9250800609588623,2.4527249336242676,3.749321699142456,12.264535903930664,1.9630086421966553,1.2144463062286377,6.6858649253845215,2.8002138137817383,53.56521987915039,73.95074462890625,2.5274603366851807,1.0,69.05902862548828,20.04408836364746,39.50667190551758,74.39176940917969,7.058886528015137,140.49191284179688,34.48934555053711,127.17597198486328,78.74340057373047,27.463743209838867,1.0,51.478755950927734,60.49802780151367,6.301249027252197,46.672752380371094,17.253206253051758,68.04511260986328,46.588157653808594,29.894712448120117,3.977670431137085,309.2179870605469,455.8270568847656,91.1750259399414,331.27569580078125,80.90011596679688,94.86874389648438,117.28474426269531,139.4616241455078,53.419097900390625,10.00492000579834,110.0329818725586,118.21674346923828,5.415091037750244,1.0,9.423327445983887,8.184757232666016,6.955380916595459,1.0,4.375672817230225,3.367140293121338,32.02073669433594,8.511245727539062,41.425086975097656,12.196866989135742,19.700336456298828
TEST_07+1일,5.109291076660156,1.0,5.446824550628662,1.9062142372131348,1.353663682937622,2.147078037261963,1.0,1.0,2.9440553188323975,1.0,1.403322458267212,1.061364769935608,1.0,1.0,12.702937126159668,1.0,10.568516731262207,1.5964561700820923,1.995721459388733,21.49619483947754,1.0,1.890189528465271,1.0,1.9052362442016602,10.274710655212402,14.46505355834961,6.274719715118408,1.0,3.891681432723999,6.615331649780273,1.919040560722351,3.5832042694091797,1.486478328704834,1.0374677181243896,1.0,6.985672473907471,32.59164047241211,8.205437660217285,1.8215572834014893,9.671778678894043,21.799633026123047,1.3059016466140747,6.200794696807861,3.5462281703948975,1.0,1.2639331817626953,1.019200325012207,4.875463962554932,1.0,3.6495087146759033,8.793341636657715,1.0,7.198526382446289,1.0,2.798905611038208,1.0,1.5424307584762573,1.0,1.0,1.210466742515564,8.204957008361816,7.030996799468994,10.06098461151123,9.088068008422852,13.895194053649902,1.96894109249115,1.0,1.0,4.374100208282471,1.0,1.9643993377685547,3.2735300064086914,1.3059786558151245,1.0,1.380211591720581,3.8659515380859375,1.0,1.0,1.0,3.8714218139648438,1.06741464138031,2.1376607418060303,1.392149567604065,1.9617230892181396,2.9244697093963623,4.723494052886963,1.0,2.3041391372680664,1.7045198678970337,3.1131231784820557,1.0,1.2695976495742798,2.429091215133667,3.6515450477600098,2.9700558185577393,1.0,1.207716703414917,1.0,1.892859697341919,7.471017837524414,1.5904570817947388,1.0,12.766850471496582,1,128.0016632080078,1.0,18.065160751342773,5.231146335601807,4.133218288421631,1.1620242595672607,2.7188425064086914,1.2479554414749146,1.6408659219741821,1.0,1.1404262781143188,1.0,2.434737205505371,1.5464524030685425,2.810190200805664,1.1572108268737793,2.9026427268981934,1.0,1.0,1,1.0,1.0,1.0,1.0,1.0,1.0,1.0,1.0,1.0,3.5075557231903076,1.094864845275879,2.4891357421875,2.1237664222717285,1.0,1.0,7.572859764099121,1.0265944004058838,1.0,3.3943753242492676,1.0,3.6978471279144287,38.37397003173828,1.0,1.181258201599121,7.782614707946777,1.0,4.074629783630371,11.380678176879883,1.0,33.50477981567383,3.6227145195007324,18.280921936035156,11.769746780395508,11.60214614868164,179.6923370361328,1.0022799968719482,21.351551055908203,2.9165027141571045,4.349692344665527,3.9387035369873047,9.174642562866211,1.0,9.02479076385498,1.0,193.7842254638672,29.1727237701416,36.972923278808594,47.99219512939453,9.635139465332031,11.789420127868652,69.71939849853516,27.173246383666992,8.608776092529297,3.638735294342041,26.046852111816406,26.62175750732422,39.8032112121582,27.4220027923584,48.12030029296875,18.376169204711914,44.77741622924805,29.849143981933594,34.86225891113281,53.00727462768555,40.54069900512695,12.180423736572266,36.30662155151367,8.853178024291992,32.50324630737305
TEST_07+2일,6.396506309509277,69.79151153564453,3.143355131149292,1.0,1.0,3.9982433319091797,9.460856437683105,1.0,1.0665197372436523,1.0,1.0,1.0,1.0921218395233154,1.8766050338745117,18.304508209228516,1.0,43.470970153808594,1.0,1.0587414503097534,75.83063507080078,10.76860237121582,1.675054669380188,1.0,1.0,37.30237579345703,7.585293292999268,1.0,1.0,1.4914469718933105,6.688232421875,4.2544636726379395,3.7676446437835693,1.0,1.0,6.721957683563232,1.0,2.3219990730285645,1.0,1.0,17.520980834960938,11.278284072875977,2.028856039047241,1.2952535152435303,1.2167466878890991,1.0,1.8847180604934692,1.0,2.124964952468872,2.002669095993042,3.706148147583008,10.096110343933105,1.0,4.652958869934082,1.1882059574127197,1.4954079389572144,1.6566630601882935,1.0,1.6050021648406982,2.9398186206817627,1.0,1.5187023878097534,4.9154887199401855,4.76863431930542,4.772437572479248,3.5530481338500977,1.0,1.0,1.0,1.0,10.355161666870117,1.2100085020065308,2.2372186183929443,1.0,1.0,1.0,2.70645809173584,1.0,1.0,1.0,1.8790584802627563,1.1729615926742554,1.1497963666915894,1.0601409673690796,1.573803186416626,1.0,1.0,1.0,1.0,1.0,1.507846713066101,33.36508560180664,1.0,1.0364751815795898,1.0,2.166552782058716,1.0,1.6081515550613403,1.3729339838027954,3.65307879447937,5.429803371429443,1.4480063915252686,1.0971252918243408,18.70828628540039,1,1.0,61.87955856323242,10.546483993530273,1.7250044345855713,2.1473569869995117,2.2254698276519775,1.8468940258026123,1.0337754487991333,1.0,1.0,1.0555236339569092,1.0,1.0,1.296504259109497,3.850334882736206,1.0,1.8824646472930908,1.0,1.0,1,1.0,1.0,1.0,1.0,1.0,2.6293303966522217,1.0,1.0,1.0,1.525774359703064,1.0,3.7747974395751953,1.0,1.0,1.0,4.849215507507324,1.0,1.0,1.0,1.0,1.0,1.0,32.63444137573242,10.6486234664917,1.1250264644622803,1.0,1.0,15.19083023071289,1.0,8.629765510559082,8.696287155151367,1.0,1.6702256202697754,4.711729526519775,1.0,1.4220482110977173,3.859423875808716,3.0442607402801514,1.1214840412139893,4.663473606109619,1.0,8.122126579284668,1.0,4.200926780700684,460.9362487792969,1.0,1.6123604774475098,1.0,12.274578094482422,5.632162570953369,73.30201721191406,1.0,13.534199714660645,1.0,2.6131632328033447,27.220521926879883,30.3881893157959,10.975892066955566,39.88645553588867,14.365755081176758,13.636828422546387,26.665739059448242,1.0,53.66033172607422,13.687039375305176,6.551755428314209,1.0,6.2667999267578125,23.66120147705078
TEST_07+3일,7.423226356506348,1.0,2.4449126720428467,1.0,1.0,1.0,4.537318229675293,4.153491973876953,1.7752854824066162,1.0,1.0,1.0,1.26642644405365,1.0,4.585844993591309,1.0,19.482500076293945,1.0,1.1277910470962524,43.78379821777344,1.8239810466766357,1.7423217296600342,1.0,1.0,32.45471954345703,3.544177770614624,2.347553014755249,66.07933044433594,1.8740105628967285,8.549234390258789,3.911675214767456,4.212887287139893,1.5573097467422485,1.0,6.517355918884277,1.00197434425354,4.8042707443237305,1.0,1.4381110668182373,3.4838509559631348,19.9034423828125,1.344217300415039,4.984490394592285,1.0,1.6356805562973022,1.142232060432434,1.0,2.648329973220825,1.0,1.9750139713287354,4.856668472290039,1.0,2.672715425491333,1.1104804277420044,2.7118117809295654,1.0896700620651245,1.0,2.1328539848327637,3.0039777755737305,1.4010238647460938,1.0,4.9918975830078125,1.5275158882141113,2.803999662399292,3.8150453567504883,1.0,1.262054443359375,1.9698989391326904,1.4941115379333496,2.5406129360198975,2.7630960941314697,3.708754777908325,1.612290620803833,1.4434597492218018,2.888768434524536,3.2011609077453613,1.413111686706543,1.0,1.0,3.718897819519043,2.3004653453826904,1.0,2.213715076446533,2.0586771965026855,1.0,3.2703094482421875,1.0,1.117801547050476,2.127817392349243,3.5641260147094727,22.183855056762695,1.2300348281860352,1.7725422382354736,1.5087767839431763,1.0,2.410851001739502,1.0,1.0,27.535783767700195,2.1612353324890137,1.0,1.0,1.0,1,1.0,17.603761672973633,7.541492462158203,1.6950068473815918,2.5928916931152344,1.0,3.916881561279297,1.0,1.0966472625732422,1.0,1.0,1.0,2.1426448822021484,1.0,1.6757928133010864,1.0,2.625628709793091,1.0,1.0,1,1.0,1.0,1.0,1.0,1.0,3.3133645057678223,1.0,1.0,14.5116605758667,1.0782288312911987,1.0,2.344454765319824,1.0,1.0,1.0,2.409179210662842,1.0,1.0,2.1704392433166504,1.0,2.4245991706848145,37.467838287353516,63.99115753173828,11.302011489868164,1.0,1.0,3.1803879737854004,1.0,1.608523964881897,10.585803031921387,1.0,16.864227294921875,2.8408925533294678,3.4023149013519287,59.0544548034668,16.261144638061523,3.792475938796997,1.0,2.2507410049438477,1.2142990827560425,8.653697967529297,4.933472633361816,6.735507011413574,1.0,153.1991424560547,1.0,5.746619701385498,4.31071138381958,33.593563079833984,1.8624827861785889,31.407276153564453,1.0,3.88926100730896,1.0,22.677793502807617,1.0,21.005107879638672,32.308876037597656,18.09136390686035,9.119274139404297,27.046123504638672,17.08009910583496,10.810434341430664,17.499263763427734,18.51302146911621,30.00860023498535,5.25347900390625,9.109844207763672,1.0
TEST_07+4일,6.7677202224731445,62.983394622802734,1.073265552520752,1.0248918533325195,1.0,1.0,1.1624184846878052,1.0,2.4093289375305176,1.0,1.0,1.0,1.0,2.0911149978637695,1.0,1.0267874002456665,44.3416748046875,1.0,1.0,34.06081771850586,10.96600341796875,1.0,1.0,1.0,36.30318069458008,47.39032745361328,16.433380126953125,29.130102157592773,2.1938745975494385,8.953890800476074,1.0,1.3777714967727661,1.704149603843689,1.5581146478652954,4.962364196777344,1.0,6.7349629402160645,5.466997146606445,1.225401759147644,6.584401607513428,10.303824424743652,1.8945859670639038,1.0,1.0,1.0,2.256423234939575,1.0,2.9057793617248535,1.3458555936813354,1.5572104454040527,5.7858195304870605,1.0,6.060108661651611,1.0,1.1685982942581177,1.0,1.0,1.6155531406402588,1.9584299325942993,2.1570632457733154,1.6704039573669434,4.849006175994873,1.0,2.1884052753448486,1.8010022640228271,1.1659170389175415,2.394641637802124,2.0855395793914795,2.497933864593506,3.679340362548828,2.2250049114227295,6.8828959465026855,1.0,1.0,1.1006969213485718,2.1707592010498047,1.7997480630874634,1.0219810009002686,1.0,2.568498373031616,1.074102520942688,1.1614444255828857,1.0,2.2197704315185547,1.0496540069580078,4.3370819091796875,2.7984232902526855,1.0,1.5360691547393799,2.2867538928985596,23.340688705444336,1.0,1.3561491966247559,1.0427454710006714,1.0,1.0,1.3908114433288574,1.0,9.053815841674805,4.06667947769165,1.1667628288269043,1.0,1.0,1,102.34551239013672,18.573131561279297,5.928939342498779,2.0658650398254395,1.0,1.0,1.6508311033248901,1.032077431678772,1.3472883701324463,1.6960612535476685,1.0,1.0637274980545044,1.6117991209030151,1.0,3.7740180492401123,1.0,1.818532943725586,1.0,1.0,1,1.0,1.0341721773147583,1.0,1.0,1.0,3.80289626121521,1.0,1.0,47.42912673950195,1.0,1.0524543523788452,4.362616539001465,1.0,1.0,1.0,1.0,1.0,1.0,1.9042904376983643,1.0,5.711551189422607,19.191856384277344,63.94515609741211,34.877994537353516,2.224257469177246,15.46733283996582,4.010681629180908,1.0,1.7207146883010864,4.125100135803223,33.46222686767578,1.0,12.44211196899414,2.7423698902130127,36.298954010009766,5.962316036224365,2.121732473373413,1.776324987411499,4.974206447601318,1.6500219106674194,7.222136974334717,1.0,1.4263126850128174,1.0,1.0,91.99938201904297,20.64854621887207,1.0,25.819778442382812,5.101407527923584,1.0,15.693466186523438,1.0,8.115303993225098,24.499942779541016,8.605780601501465,22.971107482910156,10.604655265808105,7.626914978027344,8.989763259887695,1.0,6.132781982421875,13.651749610900879,1.0,37.273380279541016,12.166643142700195,1.0,4.3395867347717285,7.223840713500977
TEST_07+5일,6.21390962600708,64.73438262939453,2.6402645111083984,1.0,1.0,2.2607498168945312,16.88043785095215,1.4887062311172485,2.455975294113159,1.0,1.2183196544647217,1.0,1.0,1.0725765228271484,3.7831029891967773,1.7274041175842285,64.34507751464844,1.0175964832305908,1.242732286453247,110.02667999267578,12.751237869262695,1.0,1.0,3.5306129455566406,26.7526912689209,53.12760543823242,22.327922821044922,37.729583740234375,2.7103514671325684,3.816927194595337,2.551628351211548,1.276393175125122,1.986920714378357,1.33078932762146,3.4850447177886963,1.0,15.272546768188477,3.1882104873657227,1.7983102798461914,11.019508361816406,9.680618286132812,1.033698320388794,3.9796600341796875,1.0,1.0,1.4674315452575684,1.0,3.3737637996673584,1.0,3.9698052406311035,2.8589344024658203,1.795180320739746,9.10848617553711,2.0596346855163574,1.738608956336975,1.3991683721542358,1.0,1.1587549448013306,1.0,1.0,3.117743730545044,1.0,8.4371919631958,5.85778284072876,3.34806227684021,3.4585158824920654,1.0,1.3637281656265259,2.810781478881836,1.780637264251709,2.072805643081665,4.53490686416626,1.0,1.0998643636703491,1.0,3.691136360168457,1.0,1.0,2.232396125793457,2.814769744873047,2.1157164573669434,1.0,1.8091098070144653,1.0,2.9021058082580566,2.0495669841766357,1.8292222023010254,1.0,1.7645169496536255,7.1258344650268555,56.67558288574219,1.0,1.0,2.5756945610046387,1.0,1.0,1.2245066165924072,1.002448558807373,3.5489351749420166,2.9063892364501953,1.5078625679016113,1.0,21.532499313354492,1,1.0,21.68905258178711,4.2263569831848145,3.3559024333953857,2.9844017028808594,1.0,1.0,1.0,1.0,1.0,1.0,1.0,2.480771064758301,1.8550161123275757,2.9752769470214844,1.617994785308838,1.9043502807617188,4.873476028442383,1.1277681589126587,1,1.1205945014953613,1.0,1.0,1.0,1.0,4.313742160797119,1.0,1.0,125.24421691894531,1.3865492343902588,2.285747528076172,3.250929355621338,1.0,1.0,1.0,2.32047700881958,1.0,1.0,1.2311680316925049,1.0,1.0,11.229512214660645,64.06436157226562,9.214057922363281,3.809945821762085,17.335582733154297,3.3990731239318848,8.156079292297363,1.0,26.49757957458496,19.58562469482422,1.0,5.801674842834473,9.143997192382812,1.0,1.0,2.6537225246429443,1.0,1.0,6.427835941314697,6.8785080909729,1.0,6.84829568862915,1.0,127.98217010498047,110.83036804199219,12.07001781463623,21.62398910522461,7.972469806671143,12.792147636413574,7.060832500457764,1.0,5.581784725189209,5.348900318145752,7.948574066162109,8.820622444152832,22.629013061523438,19.58440589904785,29.039276123046875,18.211523056030273,34.79778289794922,12.752366065979004,26.523090362548828,33.05776596069336,24.614015579223633,31.116994857788086,50.831478118896484,6.627955436706543,8.53614616394043
TEST_07+6일,4.903057098388672,72.72926330566406,4.178420066833496,1.2438379526138306,1.8699696063995361,1.0,9.080405235290527,3.5646867752075195,3.7620468139648438,1.0,1.0,1.1267815828323364,1.3354953527450562,3.7796740531921387,17.30916404724121,2.5294270515441895,21.684795379638672,2.197812557220459,1.1505216360092163,70.73635864257812,6.106261253356934,1.200659155845642,1.0,1.6118566989898682,42.60236740112305,40.50886154174805,20.54727554321289,89.55364990234375,8.696474075317383,6.556575775146484,3.5785350799560547,3.1157498359680176,2.581249237060547,1.868316888809204,4.74334716796875,4.0253801345825195,25.262893676757812,8.538810729980469,1.0,24.32682228088379,2.2643508911132812,2.9160923957824707,6.371009826660156,1.0,1.2977914810180664,3.457000255584717,1.0,3.2837276458740234,1.2350084781646729,3.585561990737915,9.391528129577637,1.4909948110580444,6.987767696380615,1.0,2.1519062519073486,1.0,1.9508085250854492,1.8644912242889404,2.1553804874420166,1.161651372909546,5.358136177062988,3.671522855758667,8.932242393493652,4.768194198608398,1.6430031061172485,1.5724282264709473,1.0,1.0,4.060300827026367,3.557145118713379,1.2940268516540527,1.0,1.0,1.2761398553848267,1.9865401983261108,1.0,1.6546099185943604,1.33283269405365,1.0,3.1577041149139404,3.159428834915161,1.0319688320159912,1.6385972499847412,1.521829605102539,1.2742189168930054,3.2002644538879395,1.6158429384231567,1.9153789281845093,2.9435107707977295,4.373190402984619,41.0234260559082,1.6783967018127441,2.104520797729492,4.377701282501221,2.6482317447662354,1.0,1.2643004655838013,1.0,4.463498115539551,9.762935638427734,2.1866400241851807,1.1874784231185913,1.0,1,112.15579986572266,46.100955963134766,5.916701793670654,4.659108638763428,5.036381244659424,1.0,3.482299327850342,1.4522444009780884,1.5883698463439941,1.4748826026916504,1.0,1.0,2.0094358921051025,1.2560487985610962,3.0509653091430664,1.4096221923828125,2.625753879547119,1.0,1.0,1,1.0,1.0,1.0,1.0,1.1136143207550049,3.105605125427246,1.0,1.0,56.14854049682617,3.2222049236297607,2.207237958908081,4.120641231536865,2.137488603591919,2.2272326946258545,1.448655366897583,8.380669593811035,1.0,1.8913068771362305,2.0905473232269287,1.0,2.610628128051758,20.085294723510742,140.0467529296875,10.431329727172852,5.975628852844238,17.81544303894043,2.2738847732543945,8.880899429321289,1.0,10.958115577697754,1.0,1.0,12.666138648986816,5.649988174438477,15.498680114746094,1.0,6.092419147491455,3.0942935943603516,6.349625587463379,1.5585620403289795,3.6115598678588867,1.0,5.614422798156738,3.9633288383483887,140.12864685058594,1.0,13.094011306762695,6.0928802490234375,37.331787109375,1.9363106489181519,23.0278263092041,23.028963088989258,1.0,1.0,5.257184028625488,15.816043853759766,15.392685890197754,43.34621810913086,60.145015716552734,18.40043067932129,22.633041381835938,26.007579803466797,15.484220504760742,44.98234176635742,19.119565963745117,24.89210319519043,36.28681182861328,6.2480854988098145,22.186288833618164
TEST_07+7일,6.154031276702881,29.299306869506836,10.240559577941895,6.5850510597229,1.750551462173462,1.6503421068191528,1.4833729267120361,3.4993581771850586,2.7597146034240723,1.0,2.1138148307800293,1.3357360363006592,1.4985220432281494,6.960182189941406,33.35367202758789,1.9819380044937134,10.338574409484863,2.2822656631469727,2.6697075366973877,1.127244472503662,1.0,3.5967581272125244,1.4969640970230103,2.85988187789917,12.724217414855957,5.294356346130371,16.568634033203125,51.547203063964844,7.1964898109436035,3.3094801902770996,2.7740814685821533,4.808918476104736,2.4934871196746826,2.016345262527466,2.7493884563446045,5.67705774307251,45.376155853271484,6.659671306610107,2.6183247566223145,36.405189514160156,42.005714416503906,3.0590860843658447,6.840259552001953,3.9603171348571777,2.2456462383270264,4.786896705627441,1.0,3.7474353313446045,2.1215648651123047,4.246236801147461,19.43764877319336,2.5539419651031494,12.289456367492676,1.5600820779800415,5.150674343109131,1.2671135663986206,1.7091249227523804,1.730087399482727,2.48620343208313,1.7089507579803467,11.7621488571167,7.223512649536133,5.684581756591797,15.089212417602539,6.79372501373291,2.3336477279663086,1.869340181350708,1.6162549257278442,4.210093975067139,1.0,1.4376012086868286,3.832911968231201,1.3008646965026855,2.352203845977783,6.430213928222656,3.704010009765625,1.0,1.901629090309143,1.7696003913879395,4.427552223205566,3.6031672954559326,1.7208362817764282,1.5483392477035522,1.0,5.388795375823975,6.7839674949646,1.0,3.106203556060791,2.384671449661255,3.6663315296173096,15.022409439086914,1.5261157751083374,5.01969051361084,11.869958877563477,1.110343337059021,1.4025670289993286,1.8261469602584839,1.1474123001098633,12.526466369628906,6.551564693450928,2.7733044624328613,1.2411564588546753,13.44991683959961,1,102.8798828125,4.856232166290283,10.896459579467773,5.780081272125244,5.145310878753662,2.617603063583374,4.348271369934082,2.6372029781341553,2.306527853012085,1.4666651487350464,1.2335618734359741,1.738785982131958,3.1898343563079834,1.3824985027313232,7.3509721755981445,1.0,4.2111334800720215,1.0,1.0,1,1.0,1.0,1.0,1.0,1.0,1.0,1.0,1.0,1.0,5.186393737792969,5.7402825355529785,6.698485374450684,3.0279455184936523,1.9626152515411377,2.2841947078704834,10.553841590881348,1.868851661682129,1.3637641668319702,5.60719633102417,1.55322265625,7.351541996002197,28.097286224365234,46.64937973022461,4.733834743499756,8.082418441772461,13.39928913116455,5.732120037078857,43.30840301513672,1.53231942653656,37.367698669433594,1.0,16.78064727783203,13.19056224822998,15.159841537475586,1.0,9.510154724121094,23.349563598632812,4.045666694641113,8.39757251739502,5.819942474365234,15.658090591430664,1.967787504196167,10.426673889160156,4.468191623687744,5.708072185516357,304.6961975097656,16.46034049987793,39.49717712402344,26.99152374267578,7.6740827560424805,47.75111770629883,1.0,11.04203987121582,2.9315576553344727,33.92504119873047,40.82177734375,35.865478515625,49.61540222167969,34.85017776489258,14.192876815795898,25.280216217041016,13.139490127563477,5.562992095947266,64.14741516113281,29.74894905090332,12.864523887634277,56.58268356323242,10.992910385131836,32.009273529052734
TEST_08+1일,5.4807329177856445,1.0,6.355871677398682,2.3642847537994385,1.2256821393966675,2.0045018196105957,1.2501411437988281,2.943068504333496,4.04551887512207,1.0,2.956048011779785,1.0,1.0,1.0,13.54942798614502,1.0,1.0,1.8673409223556519,2.2546050548553467,12.366438865661621,1.0,3.635937213897705,1.1798845529556274,2.3199174404144287,13.76559829711914,1.0,1.0,1.0,9.308219909667969,7.030592441558838,3.0992584228515625,5.336970806121826,1.7551287412643433,1.5231833457946777,4.725550174713135,9.728317260742188,36.27743148803711,5.973675727844238,1.6601481437683105,28.965848922729492,21.433000564575195,1.2990140914916992,6.782419681549072,2.572516441345215,1.0,3.465446949005127,1.406027913093567,5.1155619621276855,1.0,4.667301654815674,17.370817184448242,1.2430791854858398,7.615392684936523,1.0,2.450383186340332,1.6250778436660767,1.9776407480239868,2.715545654296875,1.6043251752853394,1.1942247152328491,8.96565055847168,11.620044708251953,18.96102523803711,20.09575653076172,19.256484985351562,3.9930288791656494,1.3019276857376099,1.2484837770462036,3.4050161838531494,1.0,2.330063819885254,2.688467025756836,1.0,1.1240707635879517,3.6402747631073,4.974127769470215,1.9523553848266602,3.023376226425171,1.4846937656402588,5.330039978027344,1.0,1.760711669921875,2.553147315979004,1.5105626583099365,2.6233444213867188,3.5878820419311523,2.647627353668213,4.989030361175537,3.583700656890869,7.220082759857178,1.0,1.0,2.9114675521850586,5.671589374542236,2.9880592823028564,1.683244228363037,1.0,1.315569519996643,23.74997901916504,6.287111759185791,1.402311086654663,1.0,5.041830062866211,1,169.53778076171875,2.4615859985351562,18.957759857177734,2.3605573177337646,4.579444408416748,1.0936540365219116,4.208306789398193,1.3462721109390259,1.4902772903442383,1.178659200668335,1.1207807064056396,1.0,2.8414881229400635,1.9931349754333496,3.2150278091430664,1.2787703275680542,1.0,1.0,1.0,1,1.0,1.0,1.0,1.0,1.0,1.0,1.0,1.0,22.53229522705078,4.303625106811523,1.0,1.0,1.9773988723754883,1.0,1.0,4.397237777709961,1.6241190433502197,1.0,4.098150253295898,1.0,6.57577657699585,40.743343353271484,1.0809195041656494,1.0,9.908109664916992,1.0,6.680465221405029,25.02547836303711,1.0,18.497343063354492,2.817319631576538,10.185260772705078,17.962974548339844,11.046195983886719,123.82247924804688,1.0,13.32044506072998,2.2784368991851807,6.018492221832275,3.8780946731567383,8.861532211303711,1.0,4.8972601890563965,5.604759216308594,140.26246643066406,1.0,13.153385162353516,13.782241821289062,1.0,7.90892219543457,67.99872589111328,51.5828971862793,12.338202476501465,9.352631568908691,6.322703838348389,8.671263694763184,66.9916000366211,43.87525939941406,116.30345153808594,41.1248664855957,59.49821853637695,66.15401458740234,44.85935592651367,311.56109619140625,64.19573211669922,61.601566314697266,93.66401672363281,20.743268966674805,47.827205657958984
TEST_08+2일,6.63027286529541,49.08059310913086,3.1892740726470947,1.0,1.0,2.6841626167297363,9.906216621398926,1.0,1.0,1.0,1.0,1.0,1.1825262308120728,2.1213393211364746,15.701086044311523,1.0,26.054336547851562,1.0,1.1035979986190796,78.62860870361328,15.47596549987793,2.884899616241455,1.0,2.5810906887054443,52.05451965332031,1.0,1.0,1.0,8.93595027923584,5.4122138023376465,2.153282880783081,4.3934550285339355,1.9426374435424805,1.611847996711731,7.086553573608398,3.205664873123169,12.77148723602295,1.0,2.2275657653808594,28.366863250732422,17.649168014526367,1.7618716955184937,4.634740352630615,1.0,1.0,3.81573486328125,1.0,2.27176833152771,2.1042301654815674,4.797754764556885,15.569624900817871,1.499234676361084,4.712902069091797,1.0,2.1887295246124268,1.1612913608551025,1.26923668384552,1.3645498752593994,1.0224323272705078,1.0511083602905273,4.650519847869873,7.4823479652404785,14.390713691711426,13.785751342773438,9.470234870910645,1.0,1.0,1.0,2.3191092014312744,6.919151782989502,1.4900139570236206,3.71962571144104,1.0,1.0,1.1137759685516357,2.641888380050659,1.0,1.7417712211608887,1.0,1.4729293584823608,1.2503243684768677,1.0,1.0,2.011901378631592,1.8119243383407593,1.0,1.0,4.071246147155762,1.0,3.009793519973755,35.270198822021484,1.133018136024475,1.7996912002563477,2.2124407291412354,1.0,1.0,1.0,1.2961369752883911,15.049663543701172,2.844938278198242,1.0,1.0,11.00321102142334,1,1.0,76.54864501953125,10.020095825195312,2.3984711170196533,3.7530291080474854,2.251502275466919,2.366083860397339,1.3234107494354248,1.5950673818588257,1.5177955627441406,1.02970552444458,1.0836472511291504,2.140901565551758,1.4676580429077148,4.920904159545898,1.0,1.0505850315093994,4.162317276000977,1.0,1,1.0,1.0,1.0,1.0,1.0,3.9392166137695312,1.0,1.0,1.0,1.5477875471115112,1.0,3.278470754623413,1.0,1.0,1.0,2.901379108428955,1.0756645202636719,1.0,1.5900545120239258,1.0,3.562314033508301,1.0,14.585665702819824,20.89507293701172,3.0302765369415283,1.0,2.1224923133850098,33.138641357421875,1.0,12.511445999145508,3.783454179763794,1.0,10.120757102966309,1.0,167.76675415039062,1.0,2.009006977081299,2.20538067817688,1.0266919136047363,2.6078226566314697,2.060788154602051,1.0,1.0,5.1851677894592285,363.2692565917969,1.0,1.0,46.39467239379883,34.107730865478516,2.3258185386657715,70.86552429199219,1.0,1.0,1.0,3.213752269744873,10.14892864227295,30.55338478088379,18.303701400756836,83.72696685791016,31.5941162109375,36.10057067871094,67.90924072265625,1.0,181.89764404296875,28.70823097229004,47.385379791259766,76.81349182128906,24.557477951049805,56.64179992675781
TEST_08+3일,6.389214515686035,13.626740455627441,2.3150525093078613,1.0,1.0,1.0,4.1067728996276855,4.407090663909912,2.3035645484924316,1.0,1.4523463249206543,1.0,1.4304627180099487,1.0,15.416674613952637,1.0,14.228240966796875,1.0,1.788779854774475,40.738712310791016,1.0,3.008267402648926,1.1493918895721436,2.161158800125122,40.23126983642578,1.0,6.802674293518066,71.5127944946289,7.254550933837891,5.0842604637146,3.0416786670684814,3.92457914352417,1.6712779998779297,1.7400951385498047,7.262971878051758,5.255597114562988,8.613726615905762,2.5272462368011475,2.066821813583374,13.977768898010254,16.119264602661133,1.1553597450256348,5.733996391296387,1.0,2.139915943145752,1.9051300287246704,1.0,2.7251641750335693,1.0,2.0535922050476074,12.093395233154297,1.0,4.23305082321167,1.0,1.8534512519836426,1.2537344694137573,1.4633361101150513,2.294145107269287,3.872467041015625,1.1507492065429688,1.1954452991485596,6.820572376251221,7.145541191101074,15.238661766052246,9.31986141204834,2.095210075378418,1.9367551803588867,1.3576210737228394,2.9654698371887207,1.9766765832901,2.871845245361328,4.575220108032227,1.4160147905349731,1.5816693305969238,3.1594483852386475,5.94274377822876,1.8683037757873535,1.8124991655349731,1.4580512046813965,2.88198184967041,1.7281323671340942,1.0,1.881456971168518,3.2800796031951904,1.0,3.627803087234497,3.512822151184082,3.2259085178375244,2.1769423484802246,4.736531734466553,30.817325592041016,2.0004124641418457,1.9889748096466064,2.4493343830108643,1.0,2.9348530769348145,1.0,1.0,13.10584831237793,4.409693241119385,1.0,1.0,5.457486152648926,1,1.0,23.225427627563477,1.7114726305007935,1.9621164798736572,3.789029598236084,1.3468101024627686,2.3565144538879395,1.2720825672149658,1.2746509313583374,1.6407232284545898,1.0,1.0,1.0,1.093556523323059,2.516796827316284,1.0,1.8774553537368774,2.9085025787353516,1.0,1,1.0,1.0,1.0,1.0,1.0,2.7323670387268066,1.053237795829773,1.0,26.294841766357422,1.0,3.00780987739563,1.4916497468948364,1.0,1.1723042726516724,1.0,1.0,1.0,1.0,1.8034659624099731,1.0,1.0,49.108184814453125,79.51234436035156,28.155548095703125,4.404172420501709,1.0,4.584653377532959,1.0,2.450638771057129,9.53204345703125,1.0,1.0,7.093841075897217,1.0,1.0,11.493139266967773,1.0,1.0,2.497638463973999,2.1460776329040527,6.6625075340271,1.0,3.38676118850708,2.8726296424865723,33.07626724243164,1.0,1.0,1.0,3.725771427154541,1.0,25.713979721069336,1.0,4.303149700164795,4.673089504241943,7.663405418395996,6.454448223114014,35.943782806396484,28.991308212280273,49.51122283935547,9.897945404052734,30.26311492919922,46.95537185668945,24.745176315307617,44.496604919433594,23.326448440551758,32.794044494628906,62.515159606933594,12.857802391052246,25.130998611450195
TEST_08+4일,3.675917148590088,38.640777587890625,1.0,1.0,1.0,1.0,14.023043632507324,1.0,2.8241796493530273,1.0,1.600583553314209,1.0,1.0,1.5805683135986328,11.106468200683594,1.3197637796401978,50.88822555541992,1.0,2.0092968940734863,38.81982421875,29.018877029418945,2.461423397064209,1.0,1.0,48.895774841308594,39.14638137817383,11.188078880310059,27.2808837890625,10.554619789123535,4.594855785369873,1.0,3.5716617107391357,1.6784659624099731,1.2197413444519043,4.405669212341309,2.90261173248291,12.434267044067383,4.546594142913818,1.5246771574020386,15.86390495300293,20.228649139404297,1.6071176528930664,5.465813636779785,1.0,1.0,3.6513631343841553,1.0,3.087475061416626,1.10330331325531,1.8106870651245117,11.194857597351074,1.0,7.1667609214782715,1.7811658382415771,1.0919044017791748,1.8954766988754272,2.322690963745117,1.0075180530548096,1.428297996520996,2.097684144973755,1.9215285778045654,4.3662004470825195,9.481311798095703,11.029623031616211,6.105212211608887,3.6082141399383545,3.163839817047119,1.2704732418060303,2.62150239944458,4.201013565063477,2.135451316833496,3.7721457481384277,1.3618273735046387,1.4792762994766235,2.2384555339813232,5.4979634284973145,1.0,2.315119981765747,1.6158099174499512,3.1578691005706787,1.0,1.4962527751922607,1.0,1.8020375967025757,2.1640448570251465,3.331738233566284,2.118483066558838,4.116865158081055,2.6923093795776367,6.034100532531738,21.17064666748047,1.0,1.2938140630722046,2.0289082527160645,1.0,1.0,1.0,1.0520169734954834,8.695472717285156,2.7989253997802734,1.0,1.0,1.0,1,94.08649444580078,48.07394790649414,1.0,1.6544290781021118,2.0387122631073,1.0,1.628768801689148,1.0418643951416016,2.0494961738586426,1.4614442586898804,1.0,1.0,1.0,1.0,4.043042182922363,1.0950411558151245,1.0,5.861874580383301,1.0,1,1.0,1.0,1.0,1.0,1.0,3.840019702911377,1.0,1.0,83.68895721435547,1.0,2.2914066314697266,2.140509843826294,1.0,1.019790768623352,1.0,1.0,1.0,1.0,2.008199691772461,1.0,2.809223175048828,26.745798110961914,58.823265075683594,18.55055809020996,4.591647624969482,25.730934143066406,2.504284143447876,15.943583488464355,1.0,9.816877365112305,20.11663055419922,1.0,12.44221019744873,1.0,91.13501739501953,1.17654287815094,1.0356296300888062,1.0,3.6206414699554443,4.037192344665527,3.1491408348083496,1.0,1.0,4.0264997482299805,1.0,174.0166778564453,11.077659606933594,1.0,28.559751510620117,1.7965699434280396,1.0,15.44863224029541,7.502080917358398,6.432127475738525,3.7625739574432373,14.086159706115723,38.50296401977539,18.056859970092773,64.19757080078125,15.044933319091797,35.68899154663086,32.7399787902832,21.11679458618164,94.42000579833984,34.95359420776367,40.672576904296875,51.972007751464844,12.048983573913574,27.591459274291992
TEST_08+5일,4.905341148376465,80.12245178222656,2.569027900695801,1.0,1.0,1.0249454975128174,33.312252044677734,2.164883852005005,4.104228496551514,1.0,1.2270244359970093,1.0,1.5265729427337646,1.6562362909317017,9.508211135864258,2.1150615215301514,57.66450500488281,1.0,1.0,104.09651184082031,33.328147888183594,2.837104320526123,1.0,5.704701900482178,28.013057708740234,46.4835205078125,14.189571380615234,48.82905197143555,8.849630355834961,4.663272857666016,2.765310525894165,1.8760465383529663,1.7147374153137207,1.75346040725708,3.645479202270508,2.6275322437286377,14.205241203308105,4.4732255935668945,2.0179219245910645,24.261842727661133,14.804250717163086,1.1866389513015747,5.809905529022217,2.5890891551971436,1.4016687870025635,3.9145631790161133,1.0,3.336595296859741,1.0,3.817920684814453,12.806775093078613,1.0,11.053768157958984,1.587414264678955,1.2211788892745972,2.1778666973114014,1.6424624919891357,2.0651755332946777,1.303882360458374,1.0976932048797607,2.0171804428100586,1.3478409051895142,11.221993446350098,13.003586769104004,11.082616806030273,2.9742414951324463,1.6431695222854614,1.0,3.8973186016082764,1.293804407119751,3.7531239986419678,2.438035726547241,1.0,1.2754281759262085,1.9017996788024902,5.181709289550781,1.42239248752594,1.710235357284546,4.603876113891602,2.7230308055877686,1.806106686592102,1.0,1.410836100578308,1.110517144203186,2.479515552520752,1.7768447399139404,1.7485255002975464,4.025510311126709,2.376444101333618,6.6640944480896,62.08213806152344,1.505298137664795,1.0,3.997734546661377,1.0,2.449084520339966,1.0,1.0215766429901123,8.494626998901367,2.3676791191101074,1.3867743015289307,1.0,7.750791549682617,1,1.0,35.748191833496094,1.0,2.0807414054870605,3.0011963844299316,1.0,1.0,1.13175630569458,1.24451744556427,1.0,1.0132720470428467,1.0943626165390015,3.520875930786133,1.7594774961471558,3.8530333042144775,1.7221275568008423,1.0,17.057302474975586,1.0,1,1.0,1.159684181213379,1.0782430171966553,1.0,1.0997267961502075,5.470009803771973,1.0,1.0,75.2765121459961,1.7547993659973145,1.0,1.0,1.0,1.0,1.0,1.8627389669418335,1.0,1.0,1.253011703491211,1.745436191558838,5.261896133422852,17.21051788330078,50.03078079223633,47.470001220703125,5.072598457336426,3.981341600418091,2.6499247550964355,18.165908813476562,1.0,7.370127201080322,23.430734634399414,6.2016072273254395,13.098488807678223,3.168877601623535,47.04721450805664,1.0,5.549359321594238,1.8812164068222046,2.1704564094543457,6.395553112030029,6.507238388061523,1.0,2.139723777770996,3.166372299194336,66.49288177490234,255.49114990234375,4.810031414031982,49.495689392089844,1.0,8.934575080871582,1.0,1.0,6.350760459899902,2.8096578121185303,2.0888702869415283,23.099531173706055,32.207733154296875,27.148530960083008,56.68782043457031,13.182579040527344,53.64094161987305,30.357004165649414,15.873306274414062,90.96015167236328,28.229921340942383,20.49022102355957,70.68970489501953,8.793035507202148,34.49116134643555
TEST_08+6일,4.833566665649414,61.30319595336914,4.277487754821777,1.0,1.2460370063781738,1.0,13.870209693908691,3.961979627609253,5.862933158874512,1.0,1.639665126800537,1.306762933731079,1.7969056367874146,4.3414483070373535,20.334257125854492,2.5315916538238525,23.486665725708008,2.0187888145446777,1.3498698472976685,56.47951889038086,25.22290802001953,3.7526156902313232,1.8882333040237427,3.7892496585845947,46.139610290527344,20.642398834228516,23.81570816040039,106.1719741821289,1.6779597997665405,8.381309509277344,2.593690872192383,4.227706432342529,2.5293068885803223,2.3341152667999268,5.214102745056152,2.061018943786621,27.39142417907715,5.42705774307251,1.0811707973480225,35.69801330566406,7.639148235321045,2.538689374923706,7.300057411193848,1.0,1.0873674154281616,4.7362799644470215,1.0905799865722656,3.4032390117645264,1.1956855058670044,3.6610867977142334,12.234447479248047,1.0,9.379499435424805,1.0,2.20177960395813,2.2166364192962646,3.097877025604248,1.5407826900482178,1.978735327720642,1.0,6.037459373474121,5.625661849975586,12.093350410461426,14.54145622253418,9.666475296020508,2.6823720932006836,1.8873344659805298,1.0347598791122437,3.0182042121887207,1.9184409379959106,2.1168746948242188,1.5158500671386719,1.0,1.0709840059280396,4.633598327636719,3.2783620357513428,2.0062060356140137,2.0156288146972656,1.0,3.534363269805908,2.794487953186035,1.7601450681686401,2.601484775543213,2.372591495513916,1.524627923965454,3.693998098373413,2.4111719131469727,3.5578842163085938,3.907306671142578,8.703422546386719,69.56993865966797,1.2032999992370605,1.7575656175613403,5.71361780166626,2.5073812007904053,1.7630797624588013,1.0,1.0937620401382446,30.178035736083984,8.858414649963379,1.0,1.1456732749938965,4.240492820739746,1,89.29142761230469,53.891780853271484,5.260737895965576,3.119696855545044,3.9123196601867676,1.0,5.410527229309082,1.4557327032089233,2.080362558364868,1.1883187294006348,1.0190398693084717,1.305946707725525,1.3116940259933472,1.189408540725708,3.212958574295044,1.7189973592758179,1.9241740703582764,1.7489973306655884,1.0203888416290283,1,1.091701626777649,1.0,1.0,1.0,1.0,3.8286218643188477,1.013519287109375,1.0,94.89252471923828,4.044363498687744,2.3846771717071533,3.2404799461364746,1.763579249382019,2.4832799434661865,1.5607633590698242,7.9406418800354,1.0,2.182983636856079,2.5164833068847656,1.0,1.0,24.935096740722656,143.40260314941406,20.050601959228516,3.4667582511901855,4.087988376617432,6.546670913696289,33.342811584472656,1.0,19.017621994018555,1.0,1.0,26.999197006225586,2.8108255863189697,1.0,1.0,8.17161750793457,3.0356645584106445,4.972352027893066,3.780487298965454,8.066055297851562,1.0,1.0,3.831279754638672,66.84911346435547,1.0,27.01984977722168,22.41437530517578,40.25875473022461,3.810098648071289,39.9257926940918,19.454856872558594,6.737812519073486,2.679321050643921,6.43096399307251,13.350128173828125,55.40130615234375,42.21540832519531,83.19464874267578,25.6340389251709,73.19034576416016,62.07630920410156,32.24217987060547,110.2268295288086,29.446178436279297,55.95163345336914,42.4255256652832,23.153352737426758,14.271465301513672
TEST_08+7일,5.429676532745361,1.0,10.435871124267578,7.076536178588867,1.8809057474136353,1.1620205640792847,1.0,3.5037660598754883,3.6269867420196533,1.0,2.8747406005859375,1.231947422027588,1.8848470449447632,6.953912734985352,26.65074348449707,2.6798417568206787,12.074074745178223,2.11582612991333,2.0867197513580322,2.5425660610198975,3.0192651748657227,5.090076923370361,1.743791103363037,3.6629066467285156,17.795034408569336,1.0,6.957159996032715,47.21184158325195,12.675938606262207,7.769562721252441,3.0567402839660645,7.47046422958374,3.3523566722869873,2.862191915512085,14.898307800292969,6.323980331420898,52.91515350341797,6.957004547119141,2.1613717079162598,46.99995040893555,45.617919921875,3.8171913623809814,8.086895942687988,1.0,1.7438762187957764,7.848897457122803,1.0,3.5920603275299072,2.114150285720825,4.153336048126221,22.866518020629883,3.122035264968872,14.340140342712402,1.8158175945281982,5.2984938621521,1.3537057638168335,2.1624228954315186,1.0154244899749756,2.8530819416046143,2.2816903591156006,15.244332313537598,9.838756561279297,17.312278747558594,16.899173736572266,14.979326248168945,4.8421311378479,2.066511631011963,2.2957687377929688,4.229081153869629,1.0,2.884875774383545,2.9505460262298584,1.497869610786438,1.0,6.021483898162842,6.659729480743408,1.0,2.654973030090332,2.529850721359253,7.412519931793213,3.5683600902557373,2.0072684288024902,2.0900373458862305,3.370100736618042,2.749997615814209,6.759329795837402,1.0,5.939914226531982,4.2353291511535645,10.595437049865723,19.49334144592285,2.192904233932495,4.369699478149414,12.889863014221191,1.5066288709640503,2.5242738723754883,1.1439663171768188,1.445146918296814,8.71725082397461,8.404807090759277,2.2295644283294678,1.3409732580184937,7.117495536804199,1,136.52244567871094,3.099855661392212,8.89520263671875,5.15942907333374,6.147531986236572,3.1432812213897705,3.202955722808838,2.7581677436828613,2.740222215652466,1.963978886604309,1.3140252828598022,2.496110677719116,3.503155469894409,1.7150462865829468,7.629390239715576,1.0,4.341718673706055,1.4342011213302612,1.0,1,1.0,1.0,1.0,1.0,1.0,1.4381998777389526,1.0,1.0,1.0,5.258867263793945,5.638899326324463,5.4669952392578125,2.495945930480957,2.0249528884887695,2.569143056869507,10.74966049194336,1.8225091695785522,1.7886862754821777,5.769026756286621,2.971526622772217,10.685296058654785,35.00054931640625,29.20690155029297,1.0,13.209188461303711,3.2330126762390137,8.963851928710938,53.825645446777344,2.1724579334259033,23.198530197143555,1.0,60.00558853149414,25.616300582885742,8.774781227111816,1.0,2.145735740661621,14.069578170776367,4.6369476318359375,6.2384138107299805,4.372098445892334,15.808391571044922,1.0,4.5077619552612305,7.8368988037109375,1.0,330.1208190917969,24.08809471130371,77.21723175048828,15.33268928527832,6.488138198852539,28.359222412109375,22.148317337036133,12.731505393981934,2.972691059112549,8.96988582611084,26.1037540435791,54.4683952331543,48.27532196044922,89.82817840576172,33.27843475341797,50.65150833129883,49.22834396362305,38.83796691894531,257.8018493652344,53.666587829589844,43.75098419189453,112.20002746582031,20.16351890563965,45.05162811279297
TEST_09+1일,5.928364276885986,28.280736923217773,7.095141410827637,2.575638771057129,1.4005521535873413,2.1902871131896973,1.0,3.751286029815674,3.759111166000366,1.0,2.0165154933929443,1.0,1.4618737697601318,2.307805299758911,22.770648956298828,1.8001347780227661,36.64459991455078,1.496244192123413,2.076998710632324,10.876663208007812,1.0,1.693320631980896,1.0,4.9504618644714355,1.0,6.711179733276367,7.294712543487549,5.5624680519104,17.297523498535156,7.246293544769287,2.9133403301239014,4.9212422370910645,1.7086172103881836,1.158671259880066,1.9133726358413696,9.28948974609375,37.34518814086914,6.282060146331787,1.8879587650299072,27.778228759765625,20.375316619873047,2.388216733932495,7.4153828620910645,10.715846061706543,1.3122646808624268,2.076658010482788,1.390738844871521,5.303962230682373,1.0,3.642246961593628,14.319687843322754,1.0,5.386463642120361,1.0,2.7320945262908936,1.3271851539611816,1.0,2.086684226989746,1.552716851234436,1.4338390827178955,8.724376678466797,9.086397171020508,17.8255558013916,15.212632179260254,19.281187057495117,3.1970365047454834,1.0535988807678223,1.8500645160675049,3.08758807182312,1.0,1.5328164100646973,2.576071262359619,1.617526888847351,1.0,4.529087066650391,3.9470629692077637,1.3004472255706787,3.135012626647949,1.0,5.022433280944824,1.0,1.6442341804504395,1.208160161972046,2.0703940391540527,2.6493752002716064,3.7988295555114746,2.214951992034912,3.753803014755249,2.476928472518921,5.034992694854736,1.0,1.2311965227127075,3.1646556854248047,6.132462501525879,2.9691033363342285,1.0,1.9000701904296875,1.1693960428237915,29.162012100219727,6.141003131866455,1.2060920000076294,1.0,4.215114593505859,1,146.3677520751953,5.358255863189697,19.81920623779297,5.141701698303223,3.8855226039886475,1.699253797531128,2.574401617050171,1.0,1.7937700748443604,1.5694568157196045,1.4593807458877563,1.0,3.5254902839660645,1.8897961378097534,1.5243459939956665,1.1178076267242432,1.0,1.0,1.0,1,1.0,1.0,1.0,1.0,1.0,1.422758936882019,1.0,1.0,1.0,3.2283236980438232,1.0,1.0,1.6636592149734497,1.0,1.0,4.4048261642456055,1.8747408390045166,1.0,4.24470853805542,1.0,6.98392391204834,11.580793380737305,6.659626007080078,1.0,11.478988647460938,1.0,5.844615459442139,18.390905380249023,1.0,19.196565628051758,4.22365140914917,1.0,17.58142852783203,5.7539567947387695,131.11341857910156,1.0,13.208654403686523,1.4786566495895386,5.194140911102295,4.075437545776367,6.611519813537598,1.0,7.670464038848877,6.7541422843933105,153.21250915527344,63.745452880859375,11.838785171508789,45.35829544067383,1.0,9.769631385803223,68.79335021972656,44.69562530517578,5.654909133911133,5.852039813995361,4.604752063751221,8.59062671661377,51.34474182128906,19.687089920043945,78.83541870117188,34.593814849853516,32.589786529541016,52.86326599121094,21.603618621826172,151.4653778076172,82.31623840332031,31.904829025268555,76.5758056640625,17.367591857910156,41.28035354614258
TEST_09+2일,7.643984317779541,49.49138259887695,4.182884216308594,1.0,1.0,2.904926061630249,10.985641479492188,1.0,1.0,1.0,1.0,1.0,1.0,2.6031858921051025,9.19089126586914,1.0,50.04930114746094,1.0,1.122972011566162,67.28515625,11.71284294128418,3.3451242446899414,1.0,3.9886136054992676,22.858619689941406,3.9040510654449463,1.0,1.0,13.061521530151367,6.42238712310791,2.2744967937469482,1.8261641263961792,1.48879873752594,1.0,7.440320014953613,3.0476272106170654,13.26636791229248,1.0,1.275281548500061,21.26187515258789,29.45378875732422,2.441286325454712,5.944554328918457,4.079204559326172,1.4258489608764648,2.4013421535491943,1.0,2.98309588432312,1.6556507349014282,5.198093891143799,9.984246253967285,1.0,7.291789531707764,1.0,2.832049608230591,1.5001661777496338,1.654193639755249,1.825656533241272,1.482716679573059,1.0,5.063942909240723,6.116537570953369,17.749618530273438,9.34559154510498,10.985774993896484,1.0,1.0,1.60283625125885,2.4290359020233154,3.302147150039673,1.5040661096572876,6.432474136352539,1.0,1.0,2.2254981994628906,1.0,1.0,1.0747814178466797,1.0,1.7600408792495728,1.2942341566085815,1.0,1.0,1.6675505638122559,1.0,1.0,1.0,2.316763162612915,1.0,1.0,39.72490310668945,1.1677252054214478,2.0025696754455566,1.7127957344055176,1.0,1.0,1.5140414237976074,1.082201600074768,15.418519973754883,3.012463092803955,1.3542864322662354,1.0,8.79316520690918,1,1.0,42.66862106323242,12.144511222839355,2.509885549545288,3.243520736694336,2.118511199951172,1.7000652551651,1.1648298501968384,1.849412202835083,1.0,1.1596888303756714,1.1573718786239624,2.0815839767456055,1.2510122060775757,4.152766704559326,1.061251163482666,1.0808756351470947,2.71513295173645,1.0,1,1.0,1.0,1.0,1.0,1.0516384840011597,3.9317972660064697,1.0,1.0,1.0,1.6410236358642578,1.0,2.3174490928649902,1.0,1.0,1.0,2.6890370845794678,1.1107769012451172,1.0,2.212878465652466,1.0,3.9916980266571045,1.0,20.602401733398438,19.238910675048828,6.832306861877441,1.0,1.7781096696853638,15.28773307800293,1.0,20.653209686279297,1.0,8.567301750183105,9.72879695892334,1.853277564048767,1.0,1.0,4.332193374633789,1.0,2.7619261741638184,4.208329200744629,3.9738571643829346,18.477319717407227,1.0,6.220412254333496,413.7842712402344,2.067063570022583,1.0,1.0,1.0,5.407786846160889,66.31920623779297,16.189224243164062,2.580577850341797,1.0,3.7312777042388916,9.855391502380371,23.793718338012695,5.536489486694336,47.995704650878906,39.8106575012207,34.71109390258789,19.804506301879883,2.94632887840271,149.34637451171875,46.43986511230469,22.382953643798828,66.87267303466797,16.739973068237305,54.45478057861328
TEST_09+3일,6.481235980987549,37.367897033691406,3.765194892883301,1.0,1.0097522735595703,1.0,3.2819747924804688,5.479905605316162,1.902541160583496,1.0513131618499756,1.1534768342971802,1.1755930185317993,1.0181642770767212,1.0,9.192346572875977,1.0,33.022579193115234,1.0,1.141356348991394,31.374208450317383,1.0,3.8025617599487305,1.0,2.985015869140625,15.969608306884766,1.0,3.182809352874756,91.9103012084961,11.596965789794922,5.298857688903809,3.2661099433898926,3.076038122177124,1.5657408237457275,1.2572994232177734,5.325216770172119,5.043969631195068,9.391630172729492,1.216015338897705,1.574815034866333,11.319489479064941,15.90965747833252,1.7043933868408203,5.7418951988220215,1.3210101127624512,1.7351373434066772,1.0,1.0,3.1162872314453125,1.0,2.815990447998047,7.316070556640625,1.0,3.8086233139038086,1.0,2.3913064002990723,1.1136934757232666,1.3705391883850098,2.49055552482605,3.384016990661621,1.3129866123199463,1.9883325099945068,1.4123966693878174,10.34365177154541,8.819314956665039,8.900175094604492,1.8079336881637573,1.0,1.4713659286499023,2.414080858230591,1.0,3.4343080520629883,7.193698406219482,1.1499618291854858,1.5322340726852417,3.4242358207702637,6.306602478027344,2.2545907497406006,1.5409636497497559,1.6425998210906982,2.7933411598205566,1.646235704421997,1.0,1.0,3.8162014484405518,1.0,2.9588677883148193,1.9487569332122803,2.54886531829834,1.8068838119506836,3.010373830795288,34.57231521606445,1.1851565837860107,1.487471103668213,2.2486135959625244,1.0,2.441089153289795,1.0,1.0,10.900827407836914,2.569788932800293,1.0,1.0,1.0,1,1.0,13.995623588562012,1.8408271074295044,1.958631157875061,3.9551279544830322,1.0,1.0,1.0696378946304321,1.2481136322021484,1.1238794326782227,1.1471693515777588,1.0,2.107037305831909,1.0,1.0,1.0,1.837510347366333,3.0773870944976807,1.0,1,1.0,1.0,1.0,1.0,1.0,4.0574164390563965,1.0,1.0,60.31446075439453,1.0,1.0,1.1731736660003662,1.0,1.0,1.0,1.0,1.0,1.0,1.3045358657836914,1.0,1.0,2.1866981983184814,88.42835235595703,40.527244567871094,4.57125186920166,1.0,1.71198570728302,1.0,2.777461051940918,7.509089946746826,1.0,1.0,5.701747894287109,1.0,23.6539249420166,1.0,1.0,1.0,2.8758702278137207,1.0,3.5053465366363525,1.0,6.768344402313232,2.779559373855591,101.80915832519531,1.0,1.0,1.0,1.0,1.0,7.873457431793213,6.580545425415039,1.0,1.0,5.8940534591674805,1.0,25.823598861694336,14.16282844543457,36.05625915527344,17.18355369567871,16.86273193359375,21.291261672973633,7.492337703704834,65.01676940917969,20.54701805114746,24.00681495666504,66.36259460449219,10.608256340026855,25.796186447143555
TEST_09+4일,3.866502523422241,105.799560546875,1.5979951620101929,1.0,1.0,1.0,11.501629829406738,2.85166072845459,2.0397095680236816,1.1945794820785522,1.603808045387268,1.175155758857727,1.8273704051971436,4.642454147338867,5.824499130249023,1.0204039812088013,38.226539611816406,1.0,1.3405168056488037,42.041141510009766,19.60588836669922,2.387627363204956,1.0,1.5172574520111084,30.986326217651367,39.49535369873047,20.929916381835938,48.64986038208008,13.551570892333984,5.208409786224365,1.0,2.274925470352173,1.6639329195022583,1.0543992519378662,3.9009971618652344,2.750365734100342,21.402090072631836,5.039388656616211,1.2826563119888306,10.803592681884766,13.864439010620117,1.906862735748291,5.559070587158203,2.8064541816711426,1.190354347229004,1.6599225997924805,1.0,3.98913311958313,1.91389000415802,2.1635868549346924,6.956182956695557,1.0,7.355702877044678,1.0,2.728498697280884,1.3205158710479736,1.4961891174316406,1.1704497337341309,1.129980206489563,1.5433712005615234,1.8564777374267578,6.677217960357666,12.265791893005371,8.953073501586914,5.901126861572266,2.445298910140991,1.0,1.6994904279708862,2.697558641433716,2.9110748767852783,2.838977336883545,5.232364654541016,1.0,1.0,2.2718915939331055,5.523193359375,1.0,1.0,3.044121026992798,3.359590768814087,1.4058810472488403,1.132485032081604,2.113131523132324,3.041321277618408,1.4803458452224731,2.5187461376190186,2.3389153480529785,1.7616307735443115,2.014770984649658,4.988540172576904,12.529339790344238,1.648864984512329,1.3451639413833618,2.567450761795044,1.0,1.0,1.0,1.0,9.035453796386719,3.011256456375122,1.065578579902649,1.0,1.0,1,113.86683654785156,27.670623779296875,1.5169211626052856,2.1533772945404053,2.5500969886779785,1.0,2.1613755226135254,1.0,1.2609844207763672,1.009336233139038,1.0,1.0,1.9402154684066772,1.0,2.3063836097717285,1.0,1.0,3.671330690383911,1.0,1,1.0,1.0,1.0,1.0,1.019771695137024,6.016041278839111,1.011069655418396,1.0,109.36882781982422,1.0,1.0,1.7488032579421997,1.0,1.0,1.0,1.0,1.2013180255889893,1.0,1.3487797975540161,1.0,3.3883800506591797,1.0,53.44213104248047,15.816485404968262,6.605834484100342,30.795541763305664,4.032064914703369,1.0,1.0,7.771269798278809,27.224319458007812,1.0,11.128653526306152,1.0,1.0,1.0,3.008255958557129,1.0,3.7935919761657715,2.6193437576293945,2.117103338241577,3.9135630130767822,1.0452569723129272,4.032805442810059,1.0,195.66197204589844,12.817877769470215,1.0,1.0,2.331289052963257,1.0,25.873138427734375,1.0,8.360918045043945,5.455519199371338,18.524681091308594,25.55770492553711,6.5129241943359375,45.76723098754883,24.796972274780273,30.543537139892578,11.167305946350098,11.955402374267578,60.36452102661133,47.14070510864258,19.984987258911133,45.180416107177734,6.348997116088867,20.024560928344727
TEST_09+5일,3.7876858711242676,96.34010314941406,3.523871898651123,1.0,1.2693097591400146,1.4918456077575684,36.045074462890625,4.201731204986572,3.382172107696533,1.0,1.8590257167816162,1.0,1.3559175729751587,3.699000597000122,8.315057754516602,1.0740095376968384,89.82125854492188,1.0,1.5932449102401733,87.5235366821289,27.616294860839844,1.8605269193649292,1.0,4.087783336639404,21.68885612487793,52.080875396728516,16.403850555419922,26.20525360107422,13.064565658569336,4.858541011810303,2.7790629863739014,3.1273326873779297,2.0578222274780273,1.5476338863372803,6.624323844909668,2.6226181983947754,18.31239891052246,3.8338332176208496,2.057907819747925,19.966733932495117,3.261514902114868,2.195340394973755,5.898226261138916,5.238039970397949,2.2736504077911377,1.2311538457870483,1.0,3.477607488632202,1.0,2.556089162826538,8.473787307739258,1.0,10.585100173950195,1.360231637954712,1.592589020729065,1.868821382522583,1.0,1.7575119733810425,2.0340256690979004,1.407070279121399,2.2110533714294434,2.034869909286499,9.859848976135254,12.360224723815918,10.96372127532959,4.569276809692383,1.0,1.0754667520523071,3.8132941722869873,1.047468662261963,3.297942638397217,6.176121711730957,1.0,1.368768334388733,2.7114319801330566,5.2135725021362305,1.3115723133087158,1.0140371322631836,4.446480751037598,2.7078890800476074,2.3396499156951904,1.3047763109207153,1.080922245979309,1.0,2.3780505657196045,1.2400683164596558,1.7084519863128662,2.770888328552246,2.0318915843963623,3.911808729171753,68.3932113647461,1.4015127420425415,1.7307472229003906,3.7483863830566406,1.0,1.2530403137207031,1.0,1.0,11.573304176330566,3.4533863067626953,1.3465466499328613,1.0,9.22307014465332,1,1.0,25.195863723754883,1.7746645212173462,3.632153272628784,2.3958580493927,1.2474380731582642,1.0,1.1649285554885864,1.0,1.2315924167633057,1.0163204669952393,1.2384963035583496,4.714929580688477,2.4302570819854736,1.7563186883926392,1.6396374702453613,1.0,17.178564071655273,1.0344351530075073,1,1.0,1.0656087398529053,1.244042158126831,1.0,1.0215680599212646,5.811230659484863,1.0,1.0200787782669067,158.79940795898438,1.7236692905426025,1.0,1.0,1.0,1.0,1.1500539779663086,1.0,1.018707275390625,1.0,1.03086256980896,1.3071205615997314,3.798150062561035,1.0,59.485286712646484,74.22056579589844,9.778637886047363,1.0,4.292543888092041,2.355391263961792,1.0,13.99624252319336,33.669921875,1.0,10.674281120300293,1.8433266878128052,1.0,1.0,6.119960784912109,1.0,4.091466903686523,7.813460350036621,3.816312313079834,1.0,7.987969875335693,3.713770627975464,6.247013092041016,266.12921142578125,8.198308944702148,1.0,1.4978482723236084,7.132623195648193,1.0,1.0,3.593620777130127,5.672144889831543,1.0,6.0050835609436035,24.991891860961914,12.785670280456543,34.01335144042969,16.46678352355957,27.33240509033203,16.968297958374023,21.175525665283203,81.48197174072266,48.50849151611328,17.508546829223633,54.89794158935547,9.250950813293457,16.03064727783203
TEST_09+6일,4.100680351257324,72.28356170654297,4.7152886390686035,1.753929615020752,1.973045825958252,1.0,17.017147064208984,6.556370735168457,4.4705963134765625,1.3830945491790771,1.5984028577804565,1.3127036094665527,1.5262559652328491,4.947697162628174,21.10551643371582,1.7965673208236694,51.678260803222656,2.3102529048919678,1.1809078454971313,39.2340202331543,19.606826782226562,2.2288782596588135,1.8115326166152954,4.189863204956055,19.133098602294922,36.3402099609375,20.010709762573242,99.1539077758789,7.935318470001221,7.4286723136901855,2.9382622241973877,4.347135543823242,2.8419930934906006,2.13157057762146,8.223125457763672,2.413965940475464,29.463287353515625,6.072076797485352,1.2001370191574097,41.374549865722656,6.581240653991699,2.737968683242798,7.4906086921691895,1.0,1.549489140510559,3.811816692352295,1.0738823413848877,3.4102134704589844,1.2354679107666016,2.9326748847961426,12.520635604858398,1.0,6.911650657653809,1.0284340381622314,2.925311803817749,1.0,1.0,1.5563865900039673,2.048492670059204,1.0,8.243605613708496,6.2846479415893555,14.118937492370605,14.236883163452148,9.209765434265137,2.812230348587036,1.0,1.9120800495147705,2.8721024990081787,1.0,2.168633460998535,1.6022062301635742,1.0,1.0,5.761885166168213,5.255426406860352,2.0063507556915283,1.6173063516616821,1.0,3.5182299613952637,2.6735854148864746,1.2935230731964111,2.0800979137420654,3.4642248153686523,1.126990556716919,3.3177011013031006,1.8590182065963745,3.1872565746307373,3.595717668533325,7.148499011993408,58.54374694824219,2.201747179031372,2.4426870346069336,6.138000011444092,1.0,1.0,1.7907639741897583,1.0,36.193599700927734,8.966121673583984,1.349374771118164,1.1225268840789795,9.634940147399902,1,112.42980194091797,45.15096664428711,8.033876419067383,5.031500339508057,4.662286281585693,1.087817668914795,4.985497951507568,2.2567291259765625,2.038034200668335,1.5022162199020386,1.2246174812316895,1.1497880220413208,3.4216654300689697,1.7958436012268066,1.492781400680542,1.788407325744629,2.174321413040161,1.0219123363494873,1.0,1,1.1435343027114868,1.0,1.0,1.0,1.0,5.368180274963379,1.0861902236938477,1.0,106.23159790039062,3.408310651779175,2.2037911415100098,2.282597064971924,1.752990961074829,1.5553988218307495,1.961270809173584,7.75844669342041,1.0190316438674927,1.6198848485946655,2.1139378547668457,1.0737615823745728,8.081377029418945,1.0,142.85096740722656,1.0,8.982172012329102,1.0,6.726779460906982,18.755252838134766,1.0,11.443371772766113,1.0,1.0,19.0482177734375,4.3457722663879395,7.462032794952393,1.0,4.391600608825684,1.3789926767349243,6.2363409996032715,1.0,5.507495403289795,1.0,4.95382833480835,5.6128716468811035,45.876441955566406,1.0,17.104326248168945,1.0,1.0,4.831516265869141,12.428116798400879,24.59256935119629,1.0,1.1581608057022095,2.2968385219573975,5.056212902069092,45.38243865966797,13.299894332885742,58.857688903808594,28.189929962158203,52.330284118652344,24.934843063354492,14.948019981384277,46.59455108642578,30.74422836303711,27.879268646240234,54.54051971435547,12.40461540222168,31.081668853759766
TEST_09+7일,5.1516618728637695,1.0,10.338287353515625,8.241752624511719,2.3413679599761963,1.0,1.0,5.93581485748291,3.303373336791992,1.280910611152649,2.67665958404541,1.3773373365402222,2.066291093826294,3.952211618423462,38.996681213378906,2.679567813873291,1.0,1.9397507905960083,2.770599126815796,2.40195369720459,1.0,4.177223205566406,1.3444547653198242,4.895845413208008,8.10354232788086,1.0,18.200176239013672,38.585697174072266,18.65464210510254,8.210888862609863,3.2557499408721924,6.886394023895264,3.0396692752838135,2.4173197746276855,11.24051570892334,5.508913040161133,58.52389907836914,7.002678871154785,2.646573781967163,46.26258087158203,42.224273681640625,4.423454761505127,8.7080717086792,1.0,1.4042184352874756,4.489178657531738,1.1172350645065308,4.172392845153809,2.463977813720703,4.067178249359131,20.858604431152344,3.119891405105591,13.102983474731445,1.6204346418380737,5.814286708831787,1.386242151260376,1.8511232137680054,1.2155447006225586,1.8459789752960205,1.786643624305725,18.130399703979492,8.409128189086914,17.315488815307617,20.79532241821289,16.304277420043945,4.2675323486328125,1.6600213050842285,2.6967570781707764,3.847029209136963,1.0,3.1620306968688965,6.272408962249756,1.4288051128387451,1.1866847276687622,5.894283771514893,4.890161514282227,1.0,2.5511322021484375,2.357422351837158,7.4149489402771,3.827688455581665,2.472975730895996,2.2951462268829346,4.220355033874512,2.4264962673187256,4.021923065185547,1.0,4.421810150146484,3.1533596515655518,9.569473266601562,6.311131477355957,1.1686179637908936,4.480462551116943,14.2322416305542,1.0,2.104792594909668,1.8789526224136353,1.0240870714187622,6.980237007141113,10.751338958740234,2.1255900859832764,1.1926857233047485,6.245011329650879,1,139.39788818359375,2.1409411430358887,14.440579414367676,6.0483927726745605,7.061146259307861,2.648491382598877,5.117219924926758,1.9399290084838867,2.340404987335205,1.883406400680542,1.6260192394256592,2.33813738822937,5.301146030426025,2.5334551334381104,6.4065632820129395,1.0234146118164062,4.403791904449463,1.0,1.0,1,1.0,1.0,1.0,1.0,1.0,3.3593592643737793,1.0,1.0,1.0,3.246821165084839,4.761229515075684,5.234655380249023,2.871081590652466,1.9390619993209839,2.090191602706909,10.927167892456055,1.8435359001159668,1.179665207862854,4.952099800109863,2.355557441711426,8.691299438476562,2.2208292484283447,26.29805564880371,3.6429202556610107,10.264042854309082,3.909505844116211,14.49349594116211,41.8941650390625,1.163010835647583,28.950864791870117,1.0,72.06743621826172,23.64419174194336,13.108248710632324,1.0,1.0,12.989872932434082,1.914427399635315,8.200840950012207,3.8751537799835205,12.687152862548828,1.0,12.733427047729492,10.68053913116455,1.0,389.19842529296875,22.779085159301758,1.0,5.292301654815674,23.680744171142578,14.951725959777832,31.94918441772461,13.86383056640625,4.994136810302734,8.61304759979248,12.336926460266113,42.4700927734375,25.745113372802734,61.243282318115234,38.21531295776367,50.101749420166016,27.62074851989746,20.050640106201172,159.3430938720703,41.43498229980469,35.42087936401367,97.73417663574219,10.54779052734375,48.315677642822266
