영업일자,느티나무 셀프BBQ_1인 수저세트,느티나무 셀프BBQ_BBQ55(단체),"느티나무 셀프BBQ_대여료 30,000원","느티나무 셀프BBQ_대여료 60,000원","느티나무 셀프BBQ_대여료 90,000원","느티나무 셀프BBQ_본삼겹 (단품,실내)",느티나무 셀프BBQ_스프라이트 (단체),느티나무 셀프BBQ_신라면,느티나무 셀프BBQ_쌈야채세트,느티나무 셀프BBQ_쌈장,느티나무 셀프BBQ_육개장 사발면,느티나무 셀프BBQ_일회용 소주컵,느티나무 셀프BBQ_일회용 종이컵,느티나무 셀프BBQ_잔디그늘집 대여료 (12인석),느티나무 셀프BBQ_잔디그늘집 대여료 (6인석),느티나무 셀프BBQ_잔디그늘집 의자 추가,느티나무 셀프BBQ_참이슬 (단체),느티나무 셀프BBQ_친환경 접시 14cm,느티나무 셀프BBQ_친환경 접시 23cm,느티나무 셀프BBQ_카스 병(단체),느티나무 셀프BBQ_콜라 (단체),느티나무 셀프BBQ_햇반,느티나무 셀프BBQ_허브솔트,담하_(단체) 공깃밥,담하_(단체) 생목살 김치전골 2.0,담하_(단체) 은이버섯 갈비탕,담하_(단체) 한우 우거지 국밥,담하_(단체) 황태해장국 3/27까지,담하_(정식) 된장찌개,담하_(정식) 물냉면 ,담하_(정식) 비빔냉면,담하_(후식) 된장찌개,담하_(후식) 물냉면,담하_(후식) 비빔냉면,담하_갑오징어 비빔밥,담하_갱시기,담하_공깃밥,담하_꼬막 비빔밥,담하_느린마을 막걸리,담하_담하 한우 불고기,담하_담하 한우 불고기 정식,담하_더덕 한우 지짐,담하_들깨 양지탕,담하_라면사리,담하_룸 이용료,담하_메밀면 사리,담하_명인안동소주,담하_명태회 비빔냉면,담하_문막 복분자 칵테일,담하_봉평메밀 물냉면,담하_생목살 김치찌개,담하_스프라이트,담하_은이버섯 갈비탕,담하_제로콜라,담하_참이슬,담하_처음처럼,담하_카스,담하_콜라,담하_테라,담하_하동 매실 칵테일,담하_한우 떡갈비 정식,담하_한우 미역국 정식,담하_한우 우거지 국밥,담하_한우 차돌박이 된장찌개,담하_황태해장국,라그로타_AUS (200g),라그로타_G-Charge(3),라그로타_Gls.Sileni,라그로타_Gls.미션 서드,라그로타_Open Food,라그로타_그릴드 비프 샐러드,라그로타_까르보나라,라그로타_모둠 해산물 플래터,라그로타_미션 서드 카베르네 쉬라,라그로타_버섯 크림 리조또,라그로타_빵 추가 (1인),라그로타_스프라이트,라그로타_시저 샐러드 ,라그로타_아메리카노,라그로타_알리오 에 올리오 ,라그로타_양갈비 (4ps),라그로타_자몽리치에이드,라그로타_제로콜라,라그로타_카스,라그로타_콜라,라그로타_하이네켄(생),라그로타_한우 (200g),라그로타_해산물 토마토 리조또,라그로타_해산물 토마토 스튜 파스타,라그로타_해산물 토마토 스파게티,"미라시아_(단체)브런치주중 36,000",미라시아_(오븐) 하와이안 쉬림프 피자,미라시아_(화덕) 불고기 페퍼로니 반반피자,미라시아_BBQ Platter,미라시아_BBQ 고기추가,미라시아_공깃밥,미라시아_글라스와인 (레드),미라시아_레인보우칵테일(알코올),미라시아_미라시아 브런치 (패키지),미라시아_버드와이저(무제한),미라시아_보일링 랍스타 플래터,미라시아_보일링 랍스타 플래터(덜매운맛),미라시아_브런치 2인 패키지 ,미라시아_브런치 4인 패키지 ,미라시아_브런치(대인) 주말,미라시아_브런치(대인) 주중,미라시아_브런치(어린이),미라시아_쉬림프 투움바 파스타,미라시아_스텔라(무제한),미라시아_스프라이트,미라시아_애플망고 에이드,미라시아_얼그레이 하이볼,미라시아_오븐구이 윙과 킬바사소세지,미라시아_유자 하이볼,미라시아_잭 애플 토닉,미라시아_칠리 치즈 프라이,미라시아_코카콜라,미라시아_코카콜라(제로),미라시아_콥 샐러드,미라시아_파스타면 추가(150g),미라시아_핑크레몬에이드,연회장_Cass Beer,연회장_Conference L1,연회장_Conference L2,연회장_Conference L3,연회장_Conference M1,연회장_Conference M8,연회장_Conference M9,연회장_Convention Hall,연회장_Cookie Platter,연회장_Grand Ballroom,연회장_OPUS 2,연회장_Regular Coffee,연회장_골뱅이무침,연회장_공깃밥,연회장_돈목살 김치찌개 (밥포함),연회장_로제 치즈떡볶이,연회장_마라샹궈,연회장_매콤 무뼈닭발&계란찜,연회장_모둠 돈육구이(3인),연회장_삼겹살추가 (200g),연회장_야채추가,연회장_왕갈비치킨,연회장_주먹밥 (2ea),카페테리아_공깃밥(추가),카페테리아_구슬아이스크림,카페테리아_단체식 13000(신),카페테리아_단체식 18000(신),카페테리아_돼지고기 김치찌개,카페테리아_복숭아 아이스티,카페테리아_새우 볶음밥,카페테리아_새우튀김 우동,카페테리아_샷 추가,카페테리아_수제 등심 돈까스,카페테리아_아메리카노(HOT),카페테리아_아메리카노(ICE),카페테리아_약 고추장 돌솥비빔밥,카페테리아_어린이 돈까스,카페테리아_오픈푸드,카페테리아_진사골 설렁탕,카페테리아_짜장면,카페테리아_짜장밥,카페테리아_짬뽕,카페테리아_짬뽕밥,카페테리아_치즈돈까스,카페테리아_카페라떼(HOT),카페테리아_카페라떼(ICE),카페테리아_한상 삼겹구이 정식(2인) 소요시간 약 15~20분,포레스트릿_꼬치어묵,포레스트릿_떡볶이,포레스트릿_복숭아 아이스티,포레스트릿_생수,포레스트릿_스프라이트,포레스트릿_아메리카노(HOT),포레스트릿_아메리카노(ICE),포레스트릿_치즈 핫도그,포레스트릿_카페라떼(HOT),포레스트릿_카페라떼(ICE),포레스트릿_코카콜라,포레스트릿_페스츄리 소시지,화담숲주막_느린마을 막걸리,화담숲주막_단호박 식혜 ,화담숲주막_병천순대,화담숲주막_스프라이트,화담숲주막_참살이 막걸리,화담숲주막_찹쌀식혜,화담숲주막_콜라,화담숲주막_해물파전,화담숲카페_메밀미숫가루,화담숲카페_아메리카노 HOT,화담숲카페_아메리카노 ICE,화담숲카페_카페라떼 ICE,화담숲카페_현미뻥스크림
TEST_00+1일,7.786802291870117,1.0,6.774694919586182,2.7346630096435547,1.0,1,1.0,1.4722644090652466,1.0,1.0,1.0,1,1.0,3.1680853366851807,25.54111099243164,1.0,1.0,1.9744911193847656,2.7238998413085938,1.0,1.0,1.0,1,1,1,1.0,1,1.0,9.637795448303223,3.375619888305664,3.571195125579834,3.2441115379333496,3.6457557678222656,3.3709046840667725,1.0,1.0,28.02757453918457,1.0,3.2380547523498535,20.648591995239258,18.001434326171875,1.0,1.0,1.0,1,5.612484931945801,1.0,4.18191385269165,1.0,1.9488582611083984,12.111363410949707,1.0,7.747354030609131,1.0,2.0678257942199707,1,3.242608070373535,1.0,1.0,1.0,7.241751194000244,13.363409042358398,18.23952865600586,10.092098236083984,6.037909984588623,1.0,1.0,1.0,2.5620152950286865,41.43558883666992,1.8746412992477417,1.3502483367919922,1.0,1,2.1431519985198975,1.0,1,1.2428994178771973,1,4.259721755981445,4.6131744384765625,3.957765817642212,1.0,1.0,2.132066488265991,1.0,2.102965831756592,1.0,2.7445664405822754,4.92949914932251,1.0,1.0,3.2931814193725586,4.657510280609131,1.0,1.0,1.0,1.0,25.646024703979492,3.615945816040039,1.0,1.0,2.645958423614502,1.0,148.99618530273438,13.298274040222168,37.45020294189453,2.968414545059204,3.8059892654418945,1.0,2.9596972465515137,1.0,1.0,1.0,1.0,1.0,1.0,1.0,1.1757653951644897,1.0,1.0,34.23615646362305,1,1.0,1.0,1.0,1.0,1.0,1.0,1.0,1.0,1.0,1.0,1.0,1.0,1.0,1.0,1.0,1.0,1.0,1.0,1.0,1.0,1.0,6.017117500305176,1.0,26.55556297302246,57.947174072265625,8.700182914733887,1.0,4.48698616027832,1.0,1.0,19.328866958618164,1.0,1.0,16.332426071166992,4.7886061668396,1.0,1.0,5.857799530029297,1.0,8.280597686767578,1.0,7.289851665496826,1.0,1.0,7.662007808685303,60.88074493408203,1.0,12.634352684020996,36.515995025634766,1.0,1.0,8.929368019104004,8.748229026794434,1.0,1.0,5.780313014984131,1.0,17.7360782623291,7.366487503051758,24.328519821166992,7.056239128112793,23.79947853088379,21.69986343383789,9.19581127166748,67.12002563476562,28.89152717590332,7.4624714851379395,35.43177795410156,11.921061515808105,21.805728912353516
TEST_00+2일,1.0,1.0,1.0,1.539953351020813,1.0,1,4.15123176574707,1.0,1.0,1.0,1.0,1,1.0,1.0,1.0,1.0,1.0,1.0,1.0,1.0,1.0,1.0,1,1,1,1.0,1,1.0,7.193500518798828,1.6260839700698853,2.01739239692688,1.0,2.468834638595581,2.498422145843506,1.0,1.0,12.172032356262207,1.0,1.0,8.484322547912598,5.468043804168701,1.0,1.0,1.0,1,1.0,1.0,2.5055084228515625,1.0,1.0,10.567574501037598,1.0,5.073901176452637,1.0,1.0,1,1.0,1.0,1.0,1.0,5.468480587005615,6.12854528427124,11.305384635925293,7.957638263702393,7.313864707946777,1.0,1.0,1.0,1.0,1.0,1.0,1.0,1.0,1,1.0,1.0,1,1.0,1,1.0,1.0,1.0,1.0,1.0,1.0,1.0,1.0,1.0,1.0,1.0,1.0,1.0,1.2795332670211792,4.419147491455078,1.0,1.0,1.0,1.0,12.842130661010742,3.504218339920044,1.0,1.0,7.892287254333496,1.0,1.0,92.85718536376953,21.702632904052734,2.07491397857666,3.387279748916626,1.0,3.5545806884765625,1.0,1.0,1.0,1.0,1.0,1.0,1.0,1.0,1.0,1.0,32.19149398803711,1,1.0,1.0,1.0,1.0,1.0,1.2553595304489136,1.0,1.0304490327835083,1.0,1.0,1.0,1.0,1.0,1.0,1.0,1.0,1.0,1.0,1.0,1.0,1.0,3.779454469680786,1.0,1.0,97.0498046875,7.0867533683776855,1.0,3.4284887313842773,1.0,1.0,10.802950859069824,1.0,1.0,11.508051872253418,2.8669521808624268,1.0,1.0,4.698782920837402,1.0,3.4006991386413574,1.0,3.189479351043701,1.0,1.0,3.9332892894744873,60.27725601196289,1.0,1.0,1.0,1.0,1.0,12.977712631225586,36.01065444946289,1.0,1.0,6.026114463806152,1.0,1.0,1.0,1.0,1.0,1.0,1.0,1.0,60.99909591674805,1.0,1.0,1.0,1.0,1.0
TEST_00+3일,5.353255271911621,1.0,3.628937244415283,1.6990666389465332,1.0,1,2.0639803409576416,1.0,1.0,1.0,1.0,1,1.0,1.0,11.770647048950195,1.0,6.198795318603516,1.0,1.0,1.0,1.0,1.0,1,1,1,1.0,1,26.26248550415039,2.4174389839172363,1.0,2.0239462852478027,1.0,1.8553612232208252,1.0,3.345240831375122,1.0,6.997724533081055,1.0,1.0,6.613806247711182,3.7640697956085205,1.0,1.0,1.0,1,1.0,1.0,2.3445661067962646,1.0,1.0097514390945435,4.565918922424316,1.0,2.123833179473877,1.0,1.0,1,1.0,1.0,1.0,1.0,2.0303001403808594,5.511341571807861,5.519744873046875,5.673528671264648,7.08542013168335,1.7168041467666626,1.0,1.0,1.7672728300094604,1.0,1.3129490613937378,3.925485610961914,1.0,1,1.1555594205856323,1.0,1,1.3934688568115234,1,1.76523756980896,3.1000993251800537,1.0,1.0,1.0,1.0,1.0,1.0,1.0,1.466444969177246,4.243354320526123,76.92090606689453,1.368433952331543,1.749942421913147,1.7824987173080444,1.0,1.0,1.0,1.0,7.435220718383789,2.812451124191284,1.0,1.0,8.674453735351562,1.0,1.0,39.201324462890625,12.843948364257812,2.1876113414764404,2.536716938018799,1.0,1.0,1.0,1.0,1.0,1.0,1.0,1.0,1.0,1.1899490356445312,1.0,1.0,52.1427001953125,1,1.0,1.0,1.0,1.0,1.0,1.0,1.0,1.8829373121261597,1.0,1.0,1.0,1.0,1.0,1.0,1.0,1.0,1.0,1.0,1.0,1.0,1.0,4.887256622314453,1.0,1.0,119.7209243774414,7.493294715881348,1.0,5.863547325134277,1.0,1.0,4.710655212402344,1.0,1.0,10.167807579040527,1.968568205833435,1.0,1.0,2.010751724243164,1.0,1.841471552848816,1.4159982204437256,3.1877832412719727,1.0,1.0,2.1756508350372314,134.5848846435547,9.542230606079102,1.0,1.0,1.0,1.0,1.0,1.0,1.0,1.0,1.7979791164398193,1.0,10.697729110717773,3.6958184242248535,8.481298446655273,3.862539291381836,12.944003105163574,7.037954807281494,3.471993923187256,43.91843032836914,32.341461181640625,1.0,18.719717025756836,7.717713356018066,5.5910162925720215
TEST_00+4일,12.049488067626953,1.0,4.09886360168457,2.5079164505004883,1.0,1,3.4211533069610596,1.0,1.0,1.0,1.0,1,1.0,1.0,16.623023986816406,1.0,3.0808346271514893,1.0,2.0249454975128174,1.0,1.0,1.0,1,1,1,1.0,1,1.0,3.449890613555908,1.0,1.0,1.0,1.4378751516342163,1.731095552444458,1.0,1.0,10.118179321289062,1.0,1.0,8.721320152282715,1.358299970626831,1.0,1.0,1.0,1,1.0,1.0,3.5623579025268555,1.0,1.0,5.989856719970703,1.0,3.4525935649871826,1.0,1.0,1,1.0,1.0,1.0,1.0,1.6538493633270264,6.795197010040283,3.2534940242767334,3.461927652359009,4.650482654571533,2.163895606994629,1.0,1.0,1.0,1.0,1.0,2.529599189758301,1.0,1,1.9140372276306152,1.0,1,1.0,1,3.9900312423706055,2.794419288635254,1.0,1.0,1.0,1.0,1.0,2.406527519226074,1.0,1.0,2.18786358833313,47.44363784790039,2.38346529006958,1.0,2.7999560832977295,1.0,1.0,1.0,1.0,8.164606094360352,5.1944499015808105,1.0,1.0,1.9670714139938354,1.0,1.0,52.471778869628906,10.30171012878418,2.4932756423950195,3.3917348384857178,1.0,2.260511636734009,1.0,1.0,1.0,1.0,1.2223353385925293,1.0,1.0,1.0,1.0,1.0,22.683910369873047,1,1.0,1.0,1.0,1.0,1.0,1.0,1.0,1.0,1.0,1.0,1.0,1.0,1.0,1.0,1.0,1.0,2.5462965965270996,1.0,1.0,1.0,1.0,2.14460825920105,1.0,1.0,72.53907012939453,6.791505813598633,1.0,2.0304784774780273,1.0,1.0,8.032279014587402,1.0,1.0,11.431119918823242,2.453803300857544,1.0,1.0,1.7145291566848755,1.0,1.0,1.262725830078125,1.0811097621917725,1.0,1.0,1.0,53.07997512817383,1.0,1.0,1.0,1.0,1.0,4.485672950744629,9.199512481689453,2.2644286155700684,1.0,1.0,1.0,8.291972160339355,4.103862285614014,6.7438435554504395,2.8931291103363037,9.271174430847168,7.274349212646484,1.0,33.99935531616211,18.845096588134766,4.949624538421631,19.224666595458984,5.074680805206299,9.233121871948242
TEST_00+5일,13.359739303588867,1.0,2.9253499507904053,2.455066442489624,1.0,1,6.608404636383057,1.0,1.0,1.0,1.0,1,1.0,3.0775058269500732,15.636592864990234,1.0,3.6096367835998535,1.0,2.5749425888061523,15.665587425231934,2.270017385482788,1.0,1,1,1,1.0,1,1.0,6.541032314300537,3.1932590007781982,1.1042399406433105,3.7540600299835205,1.2444396018981934,1.3323780298233032,1.0,1.0,16.69352912902832,1.0,1.195508599281311,12.280333518981934,13.885250091552734,1.0,1.0,1.0,1,1.0,1.0,3.162334442138672,1.0,1.3963254690170288,5.263733863830566,1.0,3.4651403427124023,1.0,1.0,1,1.0,1.0,1.0,1.0,1.1088130474090576,4.303563594818115,2.5993924140930176,6.055293083190918,3.489777088165283,1.2636994123458862,1.0,1.0,2.918830394744873,1.0,5.170445442199707,4.1902689933776855,1.0,1,7.007122993469238,1.0,1,1.0,1,1.3808871507644653,3.8203134536743164,1.0,1.0,1.0,1.0,1.0,1.1995619535446167,1.6655629873275757,2.5997467041015625,6.179326057434082,144.7443084716797,1.1088794469833374,1.5812040567398071,5.867692947387695,1.0,1.0,1.0,1.0,12.18041706085205,4.606522083282471,1.0,1.0,2.3442203998565674,1.0,1.0,42.54900360107422,12.856110572814941,3.0037784576416016,3.268583059310913,1.0,2.434481382369995,1.0,1.0,1.0,1.0,1.0,1.0,1.0,2.702352285385132,1.0,1.0,44.71372985839844,1,1.0,1.0,1.0,1.0,1.0,1.0,5.862179279327393,2.070356845855713,1.0,1.0,1.0,1.0,1.0,1.0,1.0,1.0,1.0,1.0,1.0,1.0620697736740112,1.0,3.495241165161133,1.0,1.0,41.08578872680664,6.715138912200928,1.0,3.109506368637085,1.0,1.0,7.237824440002441,1.0,1.0,10.94652271270752,1.4712297916412354,1.0,1.0,1.3774354457855225,1.0,1.739135503768921,3.866283416748047,3.234537363052368,1.0,1.0,2.9773271083831787,118.00590515136719,1.0,1.0,1.0,1.0,1.0,6.597322463989258,1.0,2.912830352783203,1.0,5.81308650970459,1.0,8.917573928833008,4.67647123336792,9.479205131530762,1.0,11.75137996673584,7.817002773284912,4.223963737487793,37.74724578857422,36.22300338745117,4.176742076873779,47.38882827758789,12.529070854187012,15.200624465942383
TEST_00+6일,12.89115047454834,7.279818534851074,9.432697296142578,4.030660629272461,1.0,1,6.649094104766846,5.190104007720947,1.4398692846298218,1.0,1.0,1,1.0667997598648071,11.17270278930664,40.649375915527344,1.0,14.053468704223633,1.0,3.060718297958374,4.213344573974609,1.0,1.0,1,1,1,1.0,1,136.2324981689453,3.9832727909088135,1.1427006721496582,1.0,3.5234625339508057,8.675952911376953,2.2062108516693115,1.0,1.0,28.6718692779541,1.0,1.515236735343933,26.136642456054688,11.175790786743164,1.0,1.0,1.0,1,1.5788723230361938,1.0,4.716925144195557,1.3280115127563477,1.0,11.10864543914795,1.0,9.27492618560791,1.0,3.0115320682525635,1,1.4777729511260986,1.0,1.0,1.0,6.836870193481445,4.255496025085449,2.5457286834716797,9.404706954956055,2.45866322517395,2.695521116256714,1.0,1.0,1.0593971014022827,1.0,2.6259820461273193,4.747514247894287,1.0,1,3.1827826499938965,1.0,1,2.0119404792785645,1,2.9309229850769043,3.1126747131347656,1.0,1.0,1.0,4.399045467376709,1.3565670251846313,5.409839153289795,1.0,4.181280612945557,3.4195802211761475,61.77073287963867,1.0876168012619019,2.6239237785339355,5.368584156036377,1.0,1.0,1.0,1.0,23.75806999206543,4.159060001373291,1.0,1.0,5.959600925445557,1.0,1.0,71.1864242553711,13.572351455688477,3.9381070137023926,1.0,1.0,2.1112442016601562,1.0,1.0,1.0,1.0,1.325608730316162,1.0,1.3322362899780273,1.0,1.0,1.0,51.69512939453125,1,1.0,1.0,1.0,1.0,1.0,1.19517982006073,3.1894352436065674,1.3848921060562134,1.0,1.0,1.9399868249893188,1.0,2.928997278213501,2.5656821727752686,1.0,2.7702243328094482,8.40947151184082,1.0,1.0,2.653810977935791,1.0,2.7250442504882812,1.0,31.430233001708984,57.46017837524414,7.646904945373535,1.0,4.642361640930176,1.0,1.0,10.559460639953613,1.0,1.0,18.14588165283203,4.333055019378662,1.0,1.0,6.059840679168701,1.0,5.061178207397461,2.3073220252990723,3.0746989250183105,1.0,1.0,4.84229850769043,100.66943359375,137.6462860107422,1.0,2.7271101474761963,1.0,1.0,12.367303848266602,36.70574951171875,1.0,1.0,1.0,1.0,11.181221961975098,4.92613410949707,13.413087844848633,1.0,12.193489074707031,6.056853294372559,1.3964511156082153,36.31999206542969,36.473182678222656,2.3075461387634277,35.537864685058594,6.331033706665039,16.28604507446289
TEST_00+7일,33.31319808959961,1.0,12.542137145996094,9.657928466796875,1.0,1,3.5129549503326416,1.0,1.0,2.5182294845581055,1.0,1,1.2300715446472168,4.872690677642822,49.109153747558594,1.5964223146438599,1.0,3.086704969406128,4.562333583831787,1.0,1.0,1.3686646223068237,1,1,1,1.0,1,1.0,6.831436634063721,2.0418524742126465,2.536280632019043,1.6602741479873657,5.896791458129883,4.554894924163818,7.353851795196533,1.0,37.086368560791016,1.470423698425293,1.580817461013794,30.508197784423828,7.201408386230469,1.578694462776184,1.0,1.0,1,2.970991611480713,1.0,6.323880195617676,1.9497178792953491,4.052893161773682,12.955194473266602,1.0,6.997467517852783,1.0,1.2880488634109497,1,3.452038049697876,1.0,3.109668731689453,1.0,8.552765846252441,15.172088623046875,17.044118881225586,10.655301094055176,14.41290283203125,4.440720081329346,1.0,1.113218069076538,1.6045798063278198,1.0,3.3724052906036377,9.21850872039795,1.0,1,6.003945827484131,1.0,1,1.5179612636566162,1,6.631961822509766,4.950799942016602,1.2830733060836792,1.0,1.0,2.7671756744384766,3.265852928161621,1.9012266397476196,2.034863233566284,5.753848552703857,6.898397922515869,1.0,1.2827445268630981,4.603365898132324,10.157583236694336,1.0,1.0,1.0,1.102606177330017,8.04962158203125,9.66766357421875,2.7200429439544678,1.0,7.391603946685791,1.0,110.03111267089844,36.959136962890625,27.123437881469727,5.898416996002197,4.835922718048096,1.5661224126815796,4.056625843048096,1.271883487701416,1.82301926612854,1.0,1.0,2.925671100616455,2.14400577545166,5.245978832244873,1.171901822090149,2.338549852371216,1.0,28.706954956054688,1,1.0,1.0,1.0,1.0,1.0,1.0,1.0,1.0,1.0,1.0,4.0339508056640625,1.3200827836990356,5.421868801116943,4.09006404876709,1.0,3.6886513233184814,8.194679260253906,2.9471919536590576,1.8739006519317627,5.18595027923584,1.0,7.25278902053833,1.0,51.454498291015625,34.78572082519531,15.400214195251465,1.0,10.834053039550781,1.0,1.0,23.300979614257812,1.0,1.0,37.133514404296875,6.780765056610107,1.0,1.0,12.282652854919434,1.6636338233947754,8.6156644821167,2.2074666023254395,5.257175445556641,1.0,1.0,7.890871047973633,69.49152374267578,39.36579132080078,1.0,1.0,1.0,1.0,2.688075304031372,25.20703125,4.993171691894531,3.0355422496795654,5.961225986480713,1.0,32.82032775878906,14.844345092773438,19.023595809936523,8.45737361907959,23.12102699279785,21.71842384338379,13.517045021057129,84.28697967529297,77.0672836303711,4.666996479034424,71.58415985107422,12.476458549499512,33.05488204956055
TEST_01+1일,2.6418583393096924,1.0,13.964816093444824,3.3019232749938965,1.0,1,1.0,4.2660369873046875,5.0758442878723145,1.0,1.0,1,1.0,3.463452100753784,36.40961837768555,1.0,1.0,1.0,1.5720845460891724,1.0,1.0,1.0,1,1,1,1.0,1,1.0,4.396872520446777,4.554714679718018,4.682266712188721,6.393560886383057,5.076622486114502,4.327106952667236,1.0,1.0,48.746116638183594,1.0,5.106902599334717,34.37141799926758,9.263223648071289,1.0,1.0,1.0,1,4.065200328826904,1.0,5.473516464233398,1.0,9.21833324432373,8.391610145568848,1.9408797025680542,4.7489752769470215,1.0,4.179913520812988,1,3.679368257522583,1.0,1.0,1.0,13.944059371948242,12.486471176147461,19.797685623168945,7.722259998321533,13.345541000366211,1.567694067955017,1.0,4.452396869659424,5.825088024139404,1.0,1.1758341789245605,1.3300737142562866,1.0,1,1.4468086957931519,1.6856489181518555,1,2.806668758392334,1,3.8208396434783936,3.241626024246216,1.2932190895080566,1.0,1.0,1.604918122291565,1.0,1.0,1.330492377281189,1.0737011432647705,4.4549126625061035,1.0,1.0,4.720134258270264,8.683191299438477,1.0,1.0,1.0,1.0,27.912919998168945,4.657175540924072,2.128805637359619,1.0,7.795766830444336,1.0,197.74473571777344,1.0,63.171417236328125,2.0070159435272217,3.2784032821655273,1.0,3.3992278575897217,1.0,1.0,1.0,1.0,1.0,2.2755179405212402,1.0,2.7902297973632812,1.0,1.0,18.514751434326172,1,1.0,1.0,1.0,1.0,1.0,1.0,1.0,1.0,1.0,1.0,3.1483941078186035,1.0,4.246152400970459,2.2606801986694336,1.0,1.0,4.330417633056641,1.0,1.0,5.198564052581787,1.0,9.478347778320312,1.0,1.0,45.47949981689453,10.792887687683105,1.0,11.608413696289062,1.0,1.0,23.861804962158203,1.0,1.0,14.706554412841797,10.51880168914795,1.0,1.0,13.632369041442871,1.0,7.919168949127197,3.8136110305786133,8.646203994750977,1.0,1.0,13.746463775634766,1.0,1.0,8.667976379394531,19.260351181030273,1.0,1.0,1.5486023426055908,17.845434188842773,1.0,1.3223060369491577,4.095634460449219,1.0,14.48210334777832,9.207651138305664,24.690715789794922,8.46755599975586,25.678129196166992,17.20083236694336,10.80782413482666,50.0665283203125,18.60993766784668,4.826157093048096,34.91563415527344,6.197394371032715,38.647552490234375
TEST_01+2일,1.767000675201416,1.0,2.899933099746704,2.520779848098755,1.0,1,3.476987600326538,1.0,3.9466259479522705,1.0,1.0,1,1.0,1.0,1.0,1.0,1.0,1.0,1.0,5.112388610839844,1.0,1.0,1,1,1,1.0,1,1.0,3.309253454208374,1.0,1.2045912742614746,7.218386173248291,3.7695562839508057,4.263167858123779,1.0,1.0,36.751468658447266,1.0,1.0,33.096702575683594,6.1719136238098145,1.0,1.0,1.0,1,1.0,1.0,1.0,1.0,2.8473212718963623,8.367799758911133,1.0,2.626939535140991,1.0,1.3905394077301025,1,1.0,1.0,1.0,1.0,11.205886840820312,9.478852272033691,15.182013511657715,6.94268798828125,9.771203994750977,1.0,1.0,1.6085139513015747,1.046570062637329,1.0,1.0,1.0,1.0,1,1.0,1.0,1,1.0,1,1.0,1.2262300252914429,1.0,1.0,1.0,1.0,1.0,1.0,1.0,1.0,1.0,1.0,1.9618737697601318,4.197875022888184,9.474968910217285,1.0,1.0,1.0,1.0,31.46672248840332,2.930809497833252,1.2180688381195068,1.0,10.107582092285156,1.0,1.0,12.000778198242188,41.87673568725586,7.18227481842041,6.027644634246826,2.196725845336914,4.460062503814697,1.0,3.5281105041503906,1.0,1.0,2.9068446159362793,3.9417335987091064,1.0,2.154712438583374,1.0,1.0,15.510603904724121,1,1.0,1.0,1.0,1.0,1.0,1.0,1.0,1.0,1.0,1.0,1.0,1.0,1.6973083019256592,1.8272851705551147,1.0,1.0,4.607341766357422,1.0,1.0,5.417458534240723,1.0,6.987148761749268,1.0,1.0,64.97393035888672,13.395496368408203,1.0,11.4818754196167,1.0,1.0,15.06490707397461,1.0,1.0,24.902971267700195,12.870196342468262,1.0,1.0,20.292367935180664,1.018585205078125,8.824676513671875,1.0,8.857490539550781,1.0,1.0,8.62545108795166,1.0,1.0,1.0,1.0,1.0,1.0,8.792901039123535,32.66066360473633,1.0,1.0,5.439774990081787,1.0,1.0,1.0,1.0,1.0,1.0,1.0,1.0,52.75377655029297,1.0,1.0,1.0,1.0,1.0
TEST_01+3일,1.0,1.0,5.488076210021973,1.0,1.0,1,2.2568113803863525,1.0,1.0,1.0,1.0,1,1.0,1.0,2.83821439743042,1.0,1.0,1.0,1.0,1.0,1.0,1.0,1,1,1,1.0,1,1.0,5.394274711608887,1.0,1.877314567565918,4.5005202293396,2.015444755554199,1.0,1.0,1.0,31.841684341430664,1.0,1.0,27.636789321899414,6.866515636444092,1.0,1.0,1.0,1,3.8245816230773926,1.0,4.3808979988098145,1.0,7.133181571960449,6.561772346496582,1.0,5.244387149810791,1.0,4.504089832305908,1,1.0,1.0,1.0,1.0,10.532764434814453,5.879419326782227,8.120198249816895,9.596186637878418,13.203225135803223,1.3054641485214233,1.0,2.0577962398529053,7.887242794036865,1.0,1.9308521747589111,1.0,1.0,1,1.0,1.596569538116455,1,2.3403995037078857,1,1.5200600624084473,2.4437766075134277,1.0,1.0,1.0,2.2878103256225586,4.038075923919678,1.0,1.0,1.0,4.132404327392578,1.0,3.192549705505371,1.0,5.192028522491455,1.0,1.0,1.0,1.0,29.534893035888672,1.569033145904541,1.0727190971374512,1.0,7.100955009460449,1.4483555555343628,1.0,1.2463626861572266,37.75521469116211,1.0,7.359944820404053,1.0,1.0,1.0,1.0,1.0,1.0,1.0,1.0,1.0,1.744605302810669,1.0,1.0,14.904603958129883,1,1.0,1.0,1.0,1.0,1.0,1.0,1.0,1.0,1.0,1.0,2.611180543899536,1.3695383071899414,1.0,1.0,1.0,1.0,5.333989143371582,1.0,1.0,3.7532825469970703,1.0,2.120448589324951,1.0,1.0,29.449684143066406,9.418924331665039,1.0,7.094627380371094,1.0,1.0,11.696759223937988,1.0,1.0,14.96479606628418,3.101972818374634,1.0,1.0,10.122662544250488,1.0,4.578986167907715,1.0,7.789641857147217,1.0,1.0,11.567670822143555,139.27769470214844,21.266218185424805,1.0,1.0,1.0,1.0,10.562471389770508,16.34654998779297,1.0,1.0,1.0,1.0,3.1712687015533447,6.334224700927734,9.661112785339355,2.4789795875549316,10.177070617675781,9.40958309173584,4.490482330322266,38.268409729003906,30.37250518798828,3.417322874069214,24.70710563659668,12.894428253173828,18.363239288330078
TEST_01+4일,9.62532901763916,1.0,10.606710433959961,1.2192834615707397,1.0,1,2.689192295074463,1.0,1.0,1.0,1.0,1,1.0,1.0,12.400346755981445,1.0,1.0,1.0,2.3548336029052734,1.0,1.0,1.0,1,1,1,1.0,1,1.0,3.9415123462677,1.0,1.8251410722732544,7.277395725250244,3.6246371269226074,1.0975250005722046,1.0,1.0,41.08528137207031,1.0,2.4300808906555176,37.223472595214844,3.355600357055664,1.0,1.0,1.0,1,1.9205175638198853,1.0,3.7824015617370605,1.0,5.777320384979248,4.145124912261963,1.0,6.266777992248535,1.0,4.237258434295654,1,2.1431679725646973,1.0,1.0,1.0,7.50476598739624,5.731983184814453,4.450383186340332,5.9266839027404785,3.573075771331787,1.8156486749649048,1.0,1.0,3.184241533279419,1.0,1.0,1.0,1.0,1,2.387444257736206,1.0,1,2.6659553050994873,1,2.390054225921631,1.9840764999389648,1.0,1.0,1.0,1.0,1.0,1.0,1.5357574224472046,1.0,3.514993906021118,22.247028350830078,2.714334011077881,1.3664579391479492,3.248462438583374,1.0,1.0,1.0,1.0,26.598548889160156,3.287539482116699,2.365957260131836,1.0,8.02644157409668,1.0,1.0,2.315342903137207,32.55228042602539,1.126318097114563,2.369040012359619,1.0,2.535966634750366,1.0,1.0,1.0,1.0,1.0,1.0,1.0,1.1216814517974854,2.1065728664398193,1.0,11.68844223022461,1,1.0,1.0,1.0,1.0,1.0,1.0,1.0,1.0,1.0,1.0,4.523006439208984,4.788723945617676,1.5899183750152588,1.0,1.258629560470581,1.9600603580474854,8.76321029663086,1.3600342273712158,1.0,4.924162864685059,1.0,3.9114484786987305,1.0,1.0,55.29422378540039,7.163385391235352,1.0,4.809794902801514,1.0,1.0,8.484243392944336,1.0,1.0,15.524316787719727,3.8341224193573,1.0,1.0,7.102499961853027,1.0,5.330293655395508,3.182163715362549,9.546341896057129,1.0,1.0,10.478363037109375,1.0,1.0,1.0,1.0,1.0,1.0,9.578275680541992,1.0,1.0,1.0,5.338160514831543,1.0,4.12966775894165,1.0,1.0,4.420863151550293,7.857149600982666,4.555245876312256,2.165172576904297,29.004261016845703,22.879125595092773,3.007721424102783,17.501890182495117,1.9164326190948486,6.826430320739746
TEST_01+5일,9.254769325256348,1.0,7.2684407234191895,1.2752796411514282,1.0,1,3.9177520275115967,2.8303937911987305,1.0,1.0,1.0,1,1.0,18.193374633789062,25.64122200012207,1.0,1.0,1.0,1.0344449281692505,11.25157356262207,8.314477920532227,1.0,1,1,1,1.0,1,1.0,5.624650478363037,5.768491744995117,3.247235059738159,6.289079666137695,3.6583786010742188,2.140523910522461,1.0,1.0,46.436805725097656,1.0,2.8996706008911133,22.605443954467773,17.661800384521484,1.0,1.0,1.0,1,1.0,1.0,3.1685733795166016,1.0,7.88559103012085,12.438557624816895,1.0,5.0800089836120605,1.0,2.079446792602539,1,3.032493829727173,1.0,1.0,1.0,8.225081443786621,4.516289234161377,8.070840835571289,10.023242950439453,6.068896293640137,1.458045244216919,1.0,1.940625548362732,3.5437936782836914,1.0,1.0,1.0208760499954224,1.0,1,3.119743585586548,1.0971966981887817,1,4.135818004608154,1,1.3476980924606323,4.29146146774292,1.0,1.0,1.0,1.0,1.0,1.0,3.0089612007141113,1.0,4.643764019012451,29.14813232421875,3.3053500652313232,4.984869003295898,9.731988906860352,1.0,1.0,1.0,1.0,33.16383743286133,13.901108741760254,1.3943504095077515,1.0,6.942874908447266,1.0,1.0,1.6041693687438965,48.82078170776367,2.905594825744629,5.696420669555664,1.0,2.7125244140625,1.0,1.0,1.0,1.0,1.1234660148620605,3.885143756866455,1.0,2.406205415725708,1.0,1.0,24.246826171875,1,1.0,1.0,1.0,1.0,1.0,1.0,1.5128271579742432,1.2693758010864258,1.0,1.0,5.23547887802124,1.0,1.0226242542266846,1.0,1.0,2.8015942573547363,15.645488739013672,1.293006420135498,1.0,5.262852668762207,1.4716999530792236,8.544020652770996,1.0,1.0,48.63057327270508,10.619991302490234,1.0,9.922290802001953,1.0,1.0,20.089521408081055,1.0,1.0,24.42893409729004,8.002358436584473,1.0,1.0,9.96850872039795,1.0,6.358219623565674,3.861219882965088,8.10197639465332,1.0,1.0,15.619216918945312,19.03350067138672,1.0,1.0,1.0,1.0,1.0,15.48116683959961,1.140899419784546,1.0,1.0,2.3051869869232178,1.0,13.975127220153809,8.433305740356445,13.3865966796875,7.868167877197266,15.268121719360352,16.087385177612305,1.1069356203079224,56.027923583984375,32.04526901245117,6.068209171295166,33.24457550048828,10.82426929473877,22.793540954589844
TEST_01+6일,1.0,1.0,11.546164512634277,4.05441951751709,1.0,1,7.479398727416992,1.0,1.0,1.0,1.0,1,1.0,6.233981609344482,32.34929656982422,1.0,13.684704780578613,1.0,1.4489843845367432,20.591474533081055,1.0,1.0,1,1,1,1.0,1,24.355112075805664,1.216554045677185,1.0,2.3953986167907715,8.822700500488281,3.967221736907959,1.0891058444976807,1.0,1.0,45.17074966430664,1.0,1.0,39.833377838134766,4.722377777099609,1.0,1.0,1.0,1,3.6613199710845947,1.0,5.100109100341797,1.0,6.019191741943359,7.640738487243652,1.0,6.493493556976318,1.0,4.569857597351074,1,4.9272966384887695,1.0,1.0,1.0,11.052242279052734,8.648053169250488,16.221660614013672,8.987435340881348,6.340597629547119,4.928104400634766,1.0,2.813281297683716,7.640727996826172,1.0,3.8004815578460693,1.0,1.0,1,9.95673942565918,1.0,1,7.2436137199401855,1,2.4776976108551025,4.7624006271362305,1.5472629070281982,1.0,1.0,1.0,6.1819167137146,1.0,1.0,2.4181792736053467,4.54517126083374,16.3013858795166,1.4491747617721558,3.9791650772094727,13.012656211853027,1.0,1.0,1.0,1.0,34.28191375732422,6.063681125640869,2.077259063720703,1.0,13.650994300842285,1.0,1.0,3.635319948196411,52.60967254638672,3.092313528060913,7.267425060272217,1.0,3.674778938293457,1.0,1.0,1.0,1.0,1.0,2.1722280979156494,1.289971947669983,1.0,1.0,1.0,29.46028709411621,1,1.0,1.0,1.0,1.0,1.0,1.0,1.0,1.1210540533065796,1.0,1.0,6.228272438049316,1.0,5.62349796295166,2.029693365097046,1.0,3.107218027114868,18.880369186401367,1.0,1.0,6.889770030975342,2.5475473403930664,6.444572448730469,1.0,1.0,43.559940338134766,9.370644569396973,1.0,8.242711067199707,1.0,1.0,20.744449615478516,1.0,1.0,22.30605697631836,10.176321029663086,1.0,1.0,15.795960426330566,1.0,8.253052711486816,1.5478994846343994,10.16670036315918,1.0,1.0,10.999849319458008,68.89788055419922,76.57074737548828,1.0,1.0,1.0,1.0,1.0,24.776090621948242,1.0,1.0,1.0,1.0,13.416495323181152,6.371349811553955,15.068269729614258,2.4716403484344482,17.92460823059082,9.62166976928711,1.0077682733535767,45.44413375854492,40.50722885131836,3.7212653160095215,32.21595001220703,7.210738658905029,21.80182456970215
TEST_01+7일,17.88404083251953,1.0,15.347309112548828,6.414586544036865,1.0,1,1.0,1.0,3.9528069496154785,1.0,1.0,1,1.0,7.467330455780029,29.731525421142578,3.3385167121887207,1.0,1.0,3.9140706062316895,1.0,1.0,1.0,1,1,1,1.0,1,3.9716780185699463,8.214797973632812,6.642098426818848,3.279757261276245,7.983427047729492,7.377939224243164,2.4966752529144287,1.323505163192749,1.0,65.69127655029297,1.0,3.861429452896118,47.88786697387695,20.323577880859375,1.0,1.0,1.0,1,5.510680675506592,1.0,4.27506685256958,2.4148316383361816,5.822597026824951,12.984593391418457,1.0,5.040632724761963,1.0,2.760585308074951,1,6.560108184814453,2.351907730102539,1.0,1.0,22.084381103515625,8.684765815734863,13.535453796386719,13.90589714050293,15.410789489746094,3.020667791366577,1.0,3.6077921390533447,2.7577383518218994,1.0,1.4932403564453125,1.3313453197479248,1.0,1,6.445120811462402,3.4175992012023926,1,3.759101390838623,1,5.828083515167236,2.4995534420013428,2.6793837547302246,1.0,1.0,1.3496792316436768,6.062457084655762,1.0,3.2592549324035645,3.1564254760742188,6.74818229675293,1.0,1.5991309881210327,4.748739719390869,11.80512523651123,1.0,1.0,1.0,1.485980749130249,13.951584815979004,9.30895709991455,3.227562665939331,1.0,10.295089721679688,1.0,63.41417694091797,2.397128105163574,42.302757263183594,5.947127819061279,8.871965408325195,1.2962313890457153,2.021355390548706,1.0,2.8271918296813965,1.0,1.0,2.5255484580993652,3.8035190105438232,5.120866775512695,3.885695695877075,3.112114667892456,1.0,16.577125549316406,1,1.0,1.0,1.0,1.0,1.0,1.0,1.0,1.0,1.0,1.0,7.125174045562744,3.6681604385375977,5.064507007598877,4.638049125671387,1.0,2.419792652130127,12.028477668762207,1.2046970129013062,1.0,8.024353981018066,6.0933942794799805,5.202834129333496,1.0,1.0,20.29696273803711,14.444323539733887,1.0,9.015202522277832,1.0,1.0,24.47527503967285,1.0,1.0,25.09066390991211,7.97586727142334,1.0,1.0,19.225893020629883,1.8735390901565552,8.456498146057129,2.1568243503570557,10.66838550567627,1.0,1.0,19.483449935913086,48.341426849365234,1.0,1.0,15.868550300598145,3.1296517848968506,1.0,6.3508219718933105,27.45451545715332,1.0,2.8973441123962402,3.100494384765625,1.0,21.516414642333984,13.142783164978027,13.423389434814453,3.835055351257324,16.66522216796875,15.6732759475708,3.389498472213745,70.17625427246094,48.360137939453125,5.286501884460449,59.09701919555664,5.31240701675415,31.964094161987305
TEST_02+1일,5.830646514892578,1.0,11.840266227722168,4.682073593139648,1.832854151725769,1,1.0,2.2062511444091797,4.24602746963501,1.0,1.0,1,3.702463388442993,6.044260025024414,56.2568473815918,1.0,1.0,1.4932785034179688,1.0,1.0,1.0,1.0,1,1,1,1.0,1,1.0,9.793357849121094,12.895261764526367,8.642000198364258,9.822266578674316,3.3481781482696533,4.336172103881836,1.0,7.547643184661865,64.372314453125,7.603415012359619,4.126604080200195,45.167179107666016,23.037797927856445,4.079555511474609,1.0,1.0,1,2.4613037109375,1.0,6.813258171081543,1.0,11.180039405822754,20.03852081298828,1.6115652322769165,13.927984237670898,1.0,2.896946668624878,1,1.9062436819076538,1.0563404560089111,1.0,1.0,17.40395736694336,16.630054473876953,28.18041229248047,21.571619033813477,14.27390193939209,1.1647151708602905,1.0,2.9498701095581055,4.299376487731934,1.0,1.7218871116638184,1.0,1.0,1,3.8265531063079834,1.0,1,3.239715576171875,1,4.706993103027344,2.052555561065674,2.16347336769104,1.0,1.0,1.0,1.0,1.0,2.662336587905884,2.566763401031494,4.595064640045166,1.0,1.0,6.102786540985107,1.048517107963562,1.0,1.0,1.0,1.0,12.179557800292969,17.028860092163086,1.0,1.0,4.1679887771606445,1.0,268.665771484375,11.378959655761719,42.01375198364258,6.364129066467285,7.417852878570557,2.8297080993652344,3.5191938877105713,1.0,1.1370528936386108,1.0,1.0,1.0,1.0,1.0,3.2514448165893555,1.6806780099868774,1.0,19.086366653442383,1,1.0,1.0,1.0,1.0,1.0,1.0,1.0,1.0,1.0,1.0,1.8645193576812744,1.0,1.0,2.52629017829895,1.0,1.0,1.0,1.0,1.0,1.41582453250885,1.0,9.413700103759766,1.0,1.0,75.29304504394531,9.342222213745117,1.0,7.9702863693237305,1.0,1.0,18.50948143005371,1.0,1.0,24.586097717285156,7.5716552734375,1.0,1.0,19.316072463989258,1.5428885221481323,6.216433525085449,4.226457118988037,9.267285346984863,1.0,1.0,13.953511238098145,45.61637496948242,1.0,9.769554138183594,1.0,1.0,1.0,21.259418487548828,8.615026473999023,1.0,4.78731632232666,1.0,1.0,59.243289947509766,41.531131744384766,79.84168243408203,30.39801025390625,34.65468978881836,62.13704299926758,42.502716064453125,213.54025268554688,108.98326873779297,12.046286582946777,127.21968841552734,40.666812896728516,105.74469757080078
TEST_02+2일,1.0,1.0,5.969531059265137,4.583189487457275,1.0,1,10.636276245117188,1.0,3.388622999191284,1.0,1.0,1,1.0,1.0,22.81764030456543,2.691304922103882,1.0,1.0,1.0,1.0,1.0,1.0,1,1,1,1.0,1,1.0,23.154003143310547,17.18437957763672,10.97555160522461,2.4629104137420654,2.0649211406707764,4.221195697784424,1.0,9.841822624206543,63.84881591796875,15.031787872314453,2.9332199096679688,38.13330841064453,38.80290222167969,3.900550603866577,1.0,1.0,1,1.0,1.0,6.553462505340576,1.0,8.680221557617188,18.688350677490234,1.0,7.487032890319824,1.0,1.0,1,1.0,1.0,1.0,1.0,17.561256408691406,24.46463394165039,25.952621459960938,22.59576416015625,9.701456069946289,1.9308931827545166,1.0,1.0,1.0,1.0,1.0,1.0,1.0,1,1.0,1.0,1,2.8134841918945312,1,1.8164435625076294,2.4537177085876465,1.0,1.0,1.0,1.0,1.0,1.0,2.4306511878967285,1.0,1.0,1.0,2.3589093685150146,6.288965702056885,1.0,1.0,1.0,1.0,1.0,15.397727012634277,16.71047019958496,1.0,1.0,2.304901599884033,1.0,121.44232177734375,38.11170196533203,39.06690979003906,8.17721176147461,14.919075965881348,1.6410802602767944,7.364788055419922,1.0,1.9096839427947998,1.0,1.0,1.0,1.0,1.0,6.197999954223633,1.0,1.0,21.6422176361084,1,1.0,1.0,1.0,1.0,1.0,1.0,1.0,1.0,1.0,1.0,1.0,1.0,1.0,1.0652201175689697,1.0,1.0,1.0,1.0,1.0,1.1427415609359741,1.0,8.343629837036133,1.0,1.0,114.1146240234375,14.95486068725586,1.0,7.461581707000732,1.0,1.0,21.984973907470703,1.0,1.0,31.663009643554688,9.256958961486816,1.0,1.0,20.584409713745117,2.339846611022949,11.732613563537598,4.615148067474365,13.307619094848633,1.0,1.0,14.740561485290527,16.811702728271484,1.0,1.0,1.0,1.0,1.0,28.727954864501953,30.040590286254883,1.0,1.0,7.75428581237793,1.0,24.44255828857422,5.776015281677246,54.05916213989258,10.292353630065918,6.938823699951172,48.45010757446289,5.374159336090088,314.97711181640625,64.88591003417969,1.0,61.76266098022461,18.99412727355957,79.67880249023438
TEST_02+3일,1.5394697189331055,1.0,11.54963493347168,5.512797832489014,1.0,1,7.099113464355469,1.0,2.3051280975341797,1.308416485786438,1.0,1,1.3610502481460571,1.0,33.99721908569336,1.0,1.0,1.0,1.0,1.0,1.0,1.0,1,1,1,1.0,1,15.945086479187012,22.790136337280273,12.81161880493164,13.707138061523438,5.341808319091797,2.7644689083099365,1.2095211744308472,1.0,8.184934616088867,40.668983459472656,7.5817790031433105,1.0,34.67433547973633,37.16767883300781,1.0,1.0,1.0,1,3.409808397293091,1.0,8.179288864135742,1.0,9.03245735168457,21.544384002685547,1.0,12.609818458557129,1.0,1.5460268259048462,1,1.0,1.0,1.0,1.0,13.813570022583008,18.959016799926758,15.183667182922363,22.519960403442383,15.194069862365723,1.5422247648239136,1.0,2.1864185333251953,1.0,1.0,5.010221481323242,1.0,1.070491909980774,1,5.96328592300415,1.0,1,1.0509687662124634,1,4.028585433959961,3.4153330326080322,1.0,1.0,1.0,1.31255304813385,1.0,1.0,3.0234591960906982,4.678632736206055,6.195370197296143,1.0,3.1180148124694824,4.016359329223633,1.0,1.0,1.0,1.0,1.0,12.951944351196289,14.317734718322754,1.0,1.0,4.719049453735352,1.0,64.63236236572266,13.524641036987305,42.265625,7.144674301147461,9.838907241821289,3.23600435256958,4.503478527069092,1.0,1.795514702796936,1.0,1.0,1.9113444089889526,1.0,1.0,4.648433685302734,4.717988014221191,1.0,16.057941436767578,1,1.0,1.0,1.0,1.0,1.0,1.0,1.0,1.0,1.0,1.0,1.9399477243423462,1.0,1.0,2.661353826522827,1.0,1.0,3.0028746128082275,1.0,1.0,2.5829854011535645,1.0,7.133275508880615,1.0,1.0,54.97254943847656,17.771230697631836,1.0,14.75838851928711,1.0,1.0,25.398427963256836,1.0,1.0,33.257164001464844,8.54668140411377,1.0,1.0,16.419057846069336,2.433868169784546,12.075786590576172,1.317846417427063,15.816178321838379,1.0,1.0,17.91242027282715,132.1160430908203,1.0,1.0,1.0,1.0,1.0,16.731220245361328,1.0,1.0,1.0,1.0,1.0,42.38039016723633,38.69668197631836,55.48521423339844,26.420000076293945,25.708221435546875,59.28229904174805,28.26236915588379,167.66619873046875,120.31542205810547,10.580399513244629,118.36783599853516,31.953651428222656,73.01367950439453
TEST_02+4일,3.263085126876831,1.0,10.692145347595215,2.7057723999023438,1.0,1,10.272821426391602,1.0,6.369246959686279,1.0,1.0,1,1.0,1.0,43.123558044433594,1.0,1.0,1.1627278327941895,1.0,1.0,1.0,1.0,1,1,1,1.0,1,1.0,10.504255294799805,9.954076766967773,5.845475196838379,2.1534626483917236,1.0,1.7443079948425293,1.0,7.939826488494873,45.15027618408203,6.56697940826416,1.903666377067566,22.45556640625,16.837717056274414,2.276095151901245,1.0,1.0,1,2.1230528354644775,1.0,4.41261100769043,1.0,6.255967140197754,16.851625442504883,1.0,4.7269415855407715,1.0,1.216732382774353,1,1.0,1.0,1.0,1.0,11.709015846252441,17.24911117553711,29.09062957763672,15.302382469177246,10.517168045043945,3.0755577087402344,1.0,1.445194959640503,3.887240409851074,1.0,1.1139477491378784,1.0,1.0,1,3.2512121200561523,1.0,1,3.59543514251709,1,4.47947359085083,1.0,1.0,1.0,1.0,1.0,1.0,2.205319404602051,1.1016851663589478,1.0,5.02487325668335,1.0,4.456403732299805,3.1154682636260986,1.0,1.0,1.0,1.0,1.0,23.107553482055664,9.384549140930176,1.0,1.0,5.471640586853027,1.0,63.38277053833008,24.05885887145996,38.21065902709961,6.597538471221924,7.525949001312256,1.0,2.8247642517089844,1.0,1.0,1.0,1.0,2.4390196800231934,1.0,1.0,1.4495667219161987,1.526194453239441,1.0,12.99878215789795,1,1.0,1.0,1.0,1.0,1.0,1.0,1.0,1.0,1.0,9.803434371948242,1.0,1.0,1.0,2.528390884399414,1.0,1.0,1.0,1.0,1.0,1.0962340831756592,1.0,4.5072197914123535,1.0,1.0,93.23805236816406,6.3567609786987305,1.0,6.260206699371338,1.0,1.0,9.997366905212402,1.0,1.0,20.021163940429688,6.406933307647705,1.0,1.0,9.606183052062988,1.0,4.173978328704834,1.860908031463623,6.079931735992432,1.0,1.0,9.553730964660645,15.104082107543945,1.0,1.0,1.0,1.0,1.0,14.323019027709961,1.0,1.0,1.0,1.0,1.0,29.375682830810547,22.378982543945312,32.82295608520508,18.428550720214844,14.672370910644531,28.37981605529785,15.700674057006836,113.1391830444336,70.26056671142578,10.682278633117676,70.59717559814453,20.730098724365234,48.03091049194336
TEST_02+5일,2.4433939456939697,1.0,5.407090187072754,1.6033027172088623,1.0,1,10.899169921875,1.0,1.0,1.0,1.0,1,1.0,1.6010936498641968,23.815996170043945,1.0,1.0,1.0,1.0,3.5420525074005127,18.365570068359375,1.0,1,1,1,1.0,1,1.0,8.229602813720703,6.4542951583862305,5.501781463623047,8.156718254089355,1.0,2.571897029876709,1.0,3.5460691452026367,44.323280334472656,4.83540678024292,2.3990273475646973,27.3099308013916,19.196338653564453,2.6789963245391846,1.0,1.0,1,1.0,1.0,3.5335373878479004,1.0,4.377903938293457,17.067951202392578,1.0,3.3146724700927734,1.0,1.238195776939392,1,1.6503212451934814,1.0,1.0,1.0,9.871258735656738,8.332412719726562,9.284354209899902,13.162068367004395,10.092354774475098,2.905576467514038,1.0,2.1961829662323,3.24473237991333,1.0,1.0,1.0,1.0,1,3.978116273880005,1.0,1,1.7200629711151123,1,1.041411280632019,2.4497435092926025,1.0,1.0,1.0,1.0,1.0,1.0,5.0294880867004395,2.022038459777832,3.20266056060791,18.06472396850586,1.6824138164520264,8.52634048461914,1.0,1.0,1.574586272239685,1.0,1.0,29.922876358032227,15.887419700622559,1.0,1.0,4.56095027923584,1.0,1.0,110.5832290649414,31.501392364501953,7.0232014656066895,6.376043796539307,1.0,7.512583255767822,1.0,1.6503121852874756,1.0,1.0,1.0,1.0,1.0,7.5236992835998535,1.0,1.0,27.07806968688965,1,1.0,1.0,1.0,1.0,1.0,1.0,1.0,1.0,1.0,1.0,1.0,1.0,1.0,1.0,1.0,1.0,1.0,1.0,1.0,3.1745080947875977,1.0,5.563343524932861,1.0,1.0,68.75216674804688,5.552529811859131,1.0,7.026876926422119,1.0,1.0,13.702252388000488,1.0,1.0,18.199129104614258,3.4481890201568604,1.0,1.0,5.098034381866455,1.0,2.437826156616211,5.1867356300354,6.207749366760254,1.0,1.0,7.441945552825928,27.477861404418945,1.0,1.0,1.0,1.0,1.0,1.0,1.0,1.0,1.0,1.0,1.0,30.698219299316406,17.92094612121582,27.38840103149414,12.371070861816406,13.983753204345703,22.500564575195312,11.200669288635254,104.70366668701172,68.65526580810547,8.382057189941406,38.31346893310547,14.71900463104248,37.968971252441406
TEST_02+6일,1.0,68.57492065429688,9.960546493530273,2.7813384532928467,1.0,1,31.99873924255371,1.4531689882278442,1.0,1.0,1.0,1,1.0,4.9521803855896,29.072202682495117,2.078552722930908,63.709415435791016,1.0,1.0,60.61487579345703,23.104766845703125,1.0,1,1,1,1.0,1,16.73555564880371,6.463046073913574,1.7809674739837646,4.031962871551514,3.89973783493042,2.4329166412353516,5.902932643890381,1.0,1.0,37.6907844543457,7.102663993835449,1.0,30.60478401184082,6.706994533538818,4.879819869995117,1.0,1.0,1,1.0766234397888184,1.0,3.0549139976501465,1.0,4.077370643615723,14.48021125793457,1.0,8.110986709594727,1.0,2.33905291557312,1,1.0,1.0,1.0,1.0,9.4941987991333,10.334332466125488,10.855745315551758,14.2863187789917,7.192086696624756,3.350106716156006,1.0,1.0,2.3155558109283447,1.0,1.2026158571243286,1.0,1.0,1,6.5824480056762695,1.0,1,3.056520462036133,1,4.04183292388916,1.9424774646759033,1.0,1.0,1.0,1.0,1.0,1.8612414598464966,1.5547738075256348,2.7332568168640137,3.2419016361236572,4.813279628753662,1.0,7.04721736907959,1.157090187072754,1.0,1.0,1.0,1.0,26.88551902770996,19.288938522338867,1.0,1.0,8.033832550048828,1.0,1.0,89.11061096191406,34.32376480102539,7.586260795593262,8.735175132751465,2.30635142326355,5.084911823272705,1.0,4.10537052154541,1.0,1.0,3.103097915649414,1.0,1.0,3.12623929977417,1.2232805490493774,1.0,30.225488662719727,1,1.0,1.0,1.0,1.0,1.0,1.0,1.0,1.0,1.0,1.0,3.9589738845825195,1.0,2.873025894165039,2.371291160583496,1.0,2.6834359169006348,5.6591901779174805,1.0,1.0,1.3756409883499146,1.0,6.228859901428223,1.0,1.0,92.48719787597656,7.103026866912842,1.0,6.320966720581055,1.0,1.0,21.244218826293945,1.0,1.0,20.864459991455078,6.40818977355957,1.0,1.0,8.099844932556152,1.0,8.20181941986084,2.4276962280273438,4.4587531089782715,1.0,1.0,6.6606364250183105,64.81759643554688,127.95471954345703,1.0,1.0,1.0,2.508909225463867,1.0,16.68791389465332,1.0,1.0,1.0,1.1876461505889893,41.9884147644043,13.928342819213867,17.402503967285156,10.20218563079834,7.485766410827637,29.312870025634766,12.439666748046875,100.33882904052734,53.422569274902344,12.33864974975586,35.914093017578125,12.762017250061035,28.62053108215332
TEST_02+7일,16.511505126953125,1.0,14.946812629699707,7.741677761077881,2.551971912384033,1,5.38325309753418,1.0,2.881960391998291,2.0588386058807373,1.0,1,1.0,7.102504730224609,46.08949661254883,3.0910661220550537,1.0,1.8877036571502686,2.279407024383545,1.0,1.0,1.0,1,1,1,1.0,1,11.891762733459473,14.469311714172363,5.000988483428955,6.161167621612549,7.287508487701416,5.171283721923828,4.946743011474609,1.0,4.662314414978027,65.23794555664062,10.322917938232422,4.721457004547119,40.379573822021484,28.182340621948242,3.597860097885132,1.0,1.0,1,3.8227715492248535,1.0,4.23171854019165,1.0,4.618459224700928,23.862438201904297,1.0,6.826359272003174,1.0,4.041803359985352,1,4.4134626388549805,1.8405358791351318,1.0,1.0,17.377336502075195,15.816893577575684,13.33665657043457,27.647239685058594,15.591115951538086,1.453026533126831,1.0,1.8417909145355225,3.1860666275024414,1.0,1.0,1.0,1.0,1,6.058504581451416,2.844358205795288,1,3.1890039443969727,1,5.765215873718262,2.8247504234313965,1.3202121257781982,1.0,1.0,4.073230743408203,1.0,3.5513970851898193,3.028125047683716,3.5762691497802734,5.556858062744141,1.0,1.0,6.823123931884766,1.3638386726379395,1.0,1.0,1.0,2.3007757663726807,4.838205814361572,14.866954803466797,1.0,1.0,6.183045864105225,1.0,185.4706573486328,28.28376579284668,38.89635467529297,10.523855209350586,14.850601196289062,3.987919807434082,4.500275135040283,1.0,3.166063070297241,1.0,1.0,1.9366556406021118,4.169997692108154,3.1157033443450928,2.571120500564575,3.9317522048950195,1.0,27.792821884155273,1,1.0,1.0,1.0,1.0,1.0,1.0,1.0,1.0,1.0,1.0,3.093759298324585,1.5342460870742798,5.919055938720703,3.528334379196167,1.0,3.1919374465942383,7.456408500671387,1.2211805582046509,1.0,3.3630287647247314,1.4370753765106201,10.945940971374512,1.0,1.0,60.9864501953125,7.866768836975098,1.0,9.737038612365723,1.0,1.0,23.931476593017578,1.0,1.0,24.539196014404297,7.103943824768066,1.0,1.0,14.430780410766602,2.285724401473999,7.349058151245117,3.284116268157959,7.117767333984375,1.0,1.0,13.607661247253418,61.8720588684082,18.502634048461914,4.482349395751953,1.0,1.0,1.0,6.533208847045898,26.00942039489746,2.1876072883605957,3.0502994060516357,1.0,1.0,56.70844650268555,17.172414779663086,33.550148010253906,12.209616661071777,31.36163330078125,47.19841384887695,22.29128646850586,208.41929626464844,64.38127899169922,15.819845199584961,65.74559020996094,12.174086570739746,45.6290283203125
TEST_03+1일,16.7604923248291,1.0,12.11928939819336,4.017402172088623,1.0,1,3.720942497253418,2.4883880615234375,5.562891006469727,1.0,1.0,1,1.5893051624298096,4.367866516113281,29.181509017944336,1.0,1.0,2.4664249420166016,1.0,1.0,1.0,1.0,1,1,1,1.0,1,9.238898277282715,8.274832725524902,6.212471008300781,10.01913070678711,3.0074548721313477,2.045606851577759,1.192885160446167,1.0,5.35375452041626,47.77937698364258,9.797032356262207,2.152404546737671,17.53971290588379,11.15235710144043,2.081224203109741,1.0,1.0,1,1.6615729331970215,1.0,2.3155856132507324,1.0,1.5866215229034424,12.293777465820312,1.0936121940612793,4.78524112701416,1.0,6.388586521148682,1,1.0440473556518555,1.0,1.0,1.0,5.060412406921387,12.792253494262695,36.21693801879883,14.289295196533203,15.492413520812988,2.709270477294922,1.0,1.4465947151184082,5.441833972930908,1.0,2.2825369834899902,1.0,1.0,1,8.299371719360352,1.0,1,3.8060522079467773,1,6.0128607749938965,2.889630079269409,1.1160024404525757,1.0,1.0,1.0,1.0,1.3440643548965454,2.048112154006958,5.6611809730529785,6.722237586975098,1.0,1.0,7.745736598968506,10.37642765045166,1.0,1.0,2.672065496444702,1.0,26.061552047729492,7.2070417404174805,4.552189826965332,1.2974802255630493,3.623741865158081,1.0,199.6529998779297,28.11876678466797,37.766815185546875,4.292104721069336,1.0,1.0,5.44526481628418,1.0,1.2864114046096802,1.3540111780166626,1.0,1.5941249132156372,3.046232223510742,1.0,4.860877990722656,2.0213260650634766,2.2834839820861816,31.02068328857422,1,1.0,1.0,1.0,1.0,1.0,1.0,1.0,1.0,1.0,1.0,1.0,1.0,1.0,1.0,1.0,1.0,1.0,1.0,1.0,1.0,1.0,14.898451805114746,1.0,54.20548629760742,135.23751831054688,16.224645614624023,1.0,14.629961013793945,1.0,1.0,39.552738189697266,1.0,1.0,45.80530548095703,9.897652626037598,1.0,1.0,17.454845428466797,3.384989023208618,9.819415092468262,4.002670764923096,13.073309898376465,1.0,1.0,20.242931365966797,13.1676664352417,1.0,11.944193840026855,56.59017562866211,1.0,33.24303436279297,25.4089412689209,56.12259292602539,11.660415649414062,6.735180854797363,2.2348766326904297,15.393946647644043,171.88357543945312,93.25041961669922,136.88027954101562,61.523681640625,106.11201477050781,163.7880096435547,101.1181869506836,746.96875,135.64556884765625,119.7369155883789,142.08302307128906,30.539669036865234,184.67245483398438
TEST_03+2일,1.0,1.0,1.0,1.0,1.0,1,20.92400550842285,1.0,1.0,1.0,1.0,1,1.0,1.0,1.0,1.0,1.0,1.0,1.0,46.44309997558594,1.0,1.0,1,1,1,1.0,1,1.0,14.2172269821167,5.057320594787598,13.305093765258789,3.202237129211426,2.312535047531128,1.3629029989242554,1.0,3.527552366256714,52.791664123535156,9.668485641479492,1.0,32.18380355834961,16.58816146850586,1.2316592931747437,1.0,1.0,1,1.0,1.0,4.94074010848999,1.0,1.0,15.031746864318848,1.0,11.259681701660156,1.0,2.2916393280029297,1,1.0,1.0,1.0,1.0,6.4726362228393555,13.394696235656738,26.566091537475586,20.237377166748047,18.21399688720703,1.0,1.0,1.0,1.0,1.0,1.0,1.0,1.0,1,1.0,1.0,1,1.0,1,1.0,1.0,1.0,1.0,1.0,1.0,1.0,1.0,1.0,1.0,1.0,11.348047256469727,1.0,7.180330753326416,8.06825065612793,1.0,1.0,1.0,1.0,19.474563598632812,1.9770911931991577,1.7872226238250732,1.0,1.6097207069396973,1.0,1.0,122.93824005126953,12.89783000946045,4.719690799713135,1.0,1.0,6.28287935256958,1.0,1.0747034549713135,1.0,1.4414381980895996,1.0,2.8139872550964355,1.0,4.733250141143799,1.0,2.0681633949279785,92.14327239990234,1,1.0,1.0,1.0,1.0,1.0,1.0,2.8204030990600586,1.220671534538269,1.0,1.0,1.0,1.0,1.0,1.0,1.0,1.0,1.0,1.0,1.0,1.0,1.0,9.609074592590332,1.0,25.283714294433594,213.9673614501953,13.584097862243652,1.0,12.356729507446289,1.0,1.0,27.589136123657227,1.0,1.0,37.495338439941406,5.065890789031982,1.0,1.0,16.215269088745117,5.202976226806641,5.437004566192627,4.1433868408203125,6.9315290451049805,1.0,1.0,18.277624130249023,23.95798683166504,1.0,1.0,1.0,1.0,2.2969589233398438,13.200182914733887,42.14057159423828,1.0,1.0,3.7539713382720947,1.0,141.32608032226562,48.42784881591797,107.03463745117188,37.65446472167969,72.62833404541016,87.19410705566406,34.13747787475586,738.6852416992188,84.8682632446289,84.77249908447266,109.75397491455078,18.4339656829834,154.1619415283203
TEST_03+3일,1.0,1.0,6.345820426940918,1.0,1.0,1,15.7791166305542,1.0,1.0655477046966553,1.0,1.0,1,1.0,1.0,5.564079284667969,1.0,1.0,1.0,1.0,18.741735458374023,8.866925239562988,1.0,1,1,1,13.144025802612305,1,78.13764953613281,13.867745399475098,4.3820953369140625,7.610629558563232,2.7170472145080566,1.0,1.0,1.0,3.01426362991333,34.4283332824707,5.839214324951172,1.0,24.11607551574707,16.514083862304688,1.0,1.0,1.0,1,2.454836130142212,1.0,4.551290035247803,1.0,1.7229290008544922,10.544072151184082,1.0,3.102876901626587,1.0,1.654847264289856,1,1.0,1.0,1.0,1.0,2.267099380493164,7.47556209564209,20.641931533813477,18.624317169189453,16.596153259277344,1.1263235807418823,1.0,1.1094539165496826,3.414353370666504,1.0,4.876216411590576,1.0,1.0,1,8.919808387756348,1.0,1,4.78687047958374,1,4.164804458618164,2.8017561435699463,1.0,1.0,1.0,1.0,1.0,1.0,4.270778656005859,4.855363845825195,8.074620246887207,56.50676727294922,1.9080495834350586,5.7355852127075195,5.744731426239014,1.0,1.0,1.0,1.0,20.601804733276367,2.148318290710449,1.2250926494598389,1.5396411418914795,7.4010162353515625,1.0,1.0,107.839599609375,8.547639846801758,4.164216041564941,1.7946646213531494,1.0,4.799540996551514,1.0,1.0,1.0,1.0,1.0,2.093561887741089,1.2454503774642944,5.461020469665527,1.0,1.7448631525039673,27.31817626953125,1,1.0,1.0,1.0,1.0,1.0,1.0,6.172228813171387,1.1842381954193115,1.0590177774429321,1.0,1.0,1.0,1.0,1.0,1.0,1.0,1.0,1.0,1.0,1.0,1.0,6.422090530395508,1.0,23.052898406982422,226.11846923828125,3.6227142810821533,1.0,6.648304462432861,1.0,1.0,14.836125373840332,1.0,1.0,21.0396671295166,1.0,1.0,1.0,3.8608756065368652,1.0,4.150591850280762,1.8271363973617554,7.829401016235352,1.0,1.0,9.601714134216309,58.54782485961914,53.21763229370117,1.0,1.0,1.0,6.528756141662598,13.463071823120117,1.0,1.0,1.0,1.0,1.0,146.90042114257812,61.32761764526367,105.22537994384766,45.35750198364258,90.72351837158203,94.2713394165039,61.86627960205078,502.5467834472656,112.62018585205078,103.38629913330078,107.76746368408203,27.487987518310547,134.2969512939453
TEST_03+4일,2.2240712642669678,1.0,6.8385796546936035,2.0669145584106445,1.0,1,27.32768440246582,1.0,1.0,1.0,1.0,1,1.0,1.0,10.554701805114746,1.0,46.29015350341797,1.0,1.0,37.635581970214844,1.0,1.0,1,1,1,1.0,1,1.0,15.090559959411621,3.481804847717285,4.644113063812256,4.4264116287231445,1.0,1.0,1.0,4.557164669036865,39.299468994140625,10.282576560974121,1.0,26.805938720703125,9.700952529907227,1.4610928297042847,1.0,1.0,1,1.0,1.0,2.6743736267089844,1.0,1.6189988851547241,17.084823608398438,1.0,7.218714714050293,1.0,1.0,1,1.0,1.0,1.0,1.0,1.5318578481674194,6.698080539703369,31.066537857055664,23.37056541442871,20.391420364379883,4.12829065322876,1.0,1.0,2.4339258670806885,1.0,2.439310312271118,1.0,1.0,1,4.515410423278809,1.0,1,2.2667477130889893,1,7.0218305587768555,1.0,1.0,1.0,1.0,1.1787549257278442,1.0,1.0,3.4390382766723633,3.361140012741089,7.419647693634033,115.25121307373047,2.7374801635742188,3.8907530307769775,3.695085048675537,1.0,1.0,1.0,1.0,17.158843994140625,1.5752085447311401,2.5543999671936035,1.0,9.148931503295898,1.0,1.0,97.3345947265625,4.545826435089111,4.558073997497559,1.0,1.0,2.7184226512908936,1.0,1.0,1.0,1.0,1.0,1.0,1.0,1.0,1.0,1.1221835613250732,76.70613098144531,1,1.0,1.0,1.0,1.0,1.0,1.149646520614624,5.584725856781006,1.532546877861023,1.0,1.0,1.0,1.0,1.0,1.0,1.0,1.0,1.0,1.0,1.0,1.0,1.0,4.561503887176514,1.0,59.368865966796875,189.0078887939453,12.796037673950195,1.0,4.830687046051025,1.0,1.0,22.107385635375977,1.0,1.0,36.07763671875,1.5282922983169556,1.0,1.0,7.480780601501465,1.0,4.394047737121582,4.046611785888672,9.198576927185059,1.0,1.0,9.052796363830566,1.0,1.0,1.0,1.0,1.0,1.0,13.933425903320312,18.695568084716797,6.879822731018066,1.0,1.0,1.0,168.0104522705078,75.43156433105469,125.57849884033203,49.26717758178711,98.96063995361328,107.47264862060547,62.67424774169922,600.5415649414062,121.83921813964844,150.87049865722656,122.84940338134766,25.1862850189209,151.9779815673828
TEST_03+5일,4.7985100746154785,18.74147605895996,6.621053218841553,1.3659950494766235,1.0,1,52.766963958740234,1.0,1.5913821458816528,1.0,1.0,1,1.0,1.0,10.807290077209473,1.0,30.99418067932129,1.0,1.0,103.42625427246094,69.17525482177734,1.0,1,1,1,1.0,1,1.0,10.927233695983887,1.9736170768737793,6.699765682220459,6.616943359375,1.0,1.0,1.0,3.629814386367798,43.29054260253906,9.192692756652832,1.5805461406707764,23.20334243774414,22.70828628540039,1.7797586917877197,1.0,1.0,1,1.0,1.0,3.5643537044525146,1.0,1.0,19.171720504760742,1.0,5.699600696563721,1.0,1.9159023761749268,1,1.1597539186477661,1.0,1.0,1.0,3.3701961040496826,10.673860549926758,12.481297492980957,15.203981399536133,17.949132919311523,2.589250326156616,1.0,1.2987366914749146,2.9125277996063232,1.0,3.4641075134277344,1.0,1.0,1,5.925291061401367,1.5225622653961182,1,4.194753646850586,1,5.815822124481201,2.0296943187713623,1.0,1.0,1.0,1.0,1.0,1.0,4.394685745239258,4.840651512145996,7.759291172027588,83.09317016601562,1.1123992204666138,4.827247619628906,4.67104434967041,1.0,1.0,1.0,1.0,21.82177734375,4.0496697425842285,1.0,1.0,5.174758434295654,1.0,1.0,102.64934539794922,6.323314189910889,3.5922439098358154,1.0,1.0,4.096399784088135,1.0,1.0,1.0,1.0,1.0,1.0,1.0,3.0231704711914062,1.0,1.0,91.61663055419922,1,1.1720043420791626,1.2595856189727783,1.0,1.0,1.0,1.0541585683822632,9.444920539855957,1.4444860219955444,1.1508457660675049,1.0,1.0,1.0,1.0,1.0,1.0,1.0,1.0,1.0,1.0,1.0,1.0,4.817493915557861,1.0,179.94338989257812,182.05569458007812,4.605243682861328,1.0,6.669721603393555,1.0,1.0,25.17192268371582,1.0,1.0,37.07570266723633,1.209477186203003,1.0,1.0,7.1315388679504395,1.0,4.137138843536377,6.811426639556885,15.990026473999023,1.0,1.0,8.116329193115234,84.74433135986328,1.0,1.0,19.686365127563477,1.0,17.25336456298828,24.28338623046875,1.0,4.609892845153809,1.0,1.0,1.0,126.47373962402344,64.96453857421875,111.8282699584961,50.197784423828125,131.1330108642578,118.63422393798828,71.832275390625,656.2626342773438,143.25430297851562,137.69415283203125,134.59901428222656,42.71034622192383,191.9336700439453
TEST_03+6일,1.0,33.50883483886719,10.998311996459961,2.1063878536224365,1.0,1,39.4376220703125,1.0,1.0,1.0,1.0,1,1.0,1.0,22.47150421142578,1.0,59.01041030883789,1.0,1.0,75.96170806884766,24.80786895751953,1.0,1,1,1,1.0,1,144.28309631347656,1.451642394065857,1.0,1.8361064195632935,6.2070512771606445,1.0,1.0,1.0,1.0,41.81140899658203,16.035480499267578,1.0,27.360578536987305,14.170940399169922,1.0,1.0,1.0,1,2.1254560947418213,1.0,2.2418460845947266,1.0,2.9893317222595215,11.318341255187988,1.0,5.195613384246826,1.0,4.25242805480957,1,1.0,1.0,1.0,1.0,7.230441093444824,7.196345329284668,18.194345474243164,12.161608695983887,11.423330307006836,4.073324203491211,1.0,1.0,4.734503269195557,1.0,3.9388856887817383,1.0,1.097856879234314,1,8.762548446655273,1.0,1,8.236743927001953,1,9.112166404724121,3.4976398944854736,2.2770960330963135,1.4694432020187378,1.0,2.0766258239746094,1.0,3.971372127532959,5.558193683624268,8.586953163146973,5.328432559967041,180.0194854736328,1.0,5.895445823669434,7.985508441925049,1.0,1.0,1.0,1.0,15.194703102111816,8.406188011169434,3.1036176681518555,1.0,5.799696922302246,1.0,1.0,95.78691101074219,14.834324836730957,5.817500114440918,1.0,1.0,2.8484623432159424,1.0,1.0,1.0,1.0,1.0,6.991601467132568,3.5635313987731934,1.9440761804580688,1.0,1.0,65.48190307617188,1,1.0,1.0,1.0,1.0,1.017329216003418,1.0,3.0608620643615723,1.1689703464508057,1.0,1.0,2.925872802734375,1.0,4.562230587005615,1.2751033306121826,1.0,5.373658657073975,7.134654998779297,2.0251479148864746,2.4451489448547363,5.982119560241699,1.7557053565979004,5.691134452819824,1.0,195.7711944580078,239.945556640625,9.322750091552734,1.0,7.20369291305542,1.0,1.0,25.476539611816406,1.0,1.0,27.50475311279297,6.578363418579102,1.0,1.0,8.807684898376465,1.0,5.797786712646484,2.5821025371551514,8.93773365020752,1.0,1.0,16.815330505371094,49.01727294921875,188.80560302734375,1.0,1.0,1.0,17.57546615600586,18.4727840423584,60.40126419067383,1.0,1.0,1.0,1.0,174.7031707763672,69.37743377685547,86.08549499511719,56.35580825805664,54.596710205078125,137.19036865234375,73.21995544433594,638.2698974609375,142.20460510253906,104.443603515625,138.641357421875,39.47732925415039,208.1963653564453
TEST_03+7일,8.337973594665527,1.0,14.95350456237793,7.360053539276123,1.0,1,11.29919719696045,1.0,1.0,1.0,1.0,1,1.0,1.0,19.142292022705078,1.0,1.0,3.0030226707458496,1.0238372087478638,1.0,1.0,1.0,1,1,1,1.0,1,93.15979766845703,13.098135948181152,7.781911849975586,7.675854682922363,4.407549858093262,3.1730685234069824,1.4998655319213867,1.0,4.907116889953613,49.1038932800293,13.806901931762695,1.5346351861953735,39.09413146972656,20.463298797607422,1.0,1.0,1.0,1,2.7748777866363525,1.0,4.344536781311035,1.0,2.219658136367798,17.1590576171875,1.0,6.5590500831604,1.0,7.714925765991211,1,5.745085716247559,1.4255703687667847,1.2601302862167358,1.0,9.250280380249023,8.608890533447266,23.07756996154785,14.671531677246094,14.343008041381836,2.9708034992218018,1.7525627613067627,2.3145952224731445,1.7761698961257935,1.0,3.5338258743286133,1.0,2.583768844604492,1,6.959784507751465,1.2229243516921997,1,3.691669225692749,1,6.256610870361328,1.9522048234939575,3.6747801303863525,1.0,3.291560649871826,1.8511512279510498,1.0,2.080869436264038,1.0,9.8241605758667,7.673288345336914,1.0,1.0,5.331307411193848,8.895896911621094,1.0,1.0,1.0,1.592949390411377,4.078742504119873,8.85495376586914,4.8772478103637695,1.0,1.0,1.0,148.22662353515625,25.203855514526367,17.296884536743164,7.275629043579102,3.7296302318573,2.1822926998138428,5.282969951629639,1.0,3.148348808288574,1.0,1.0,1.0,6.627262115478516,3.745978832244873,4.390854358673096,4.641833305358887,1.0,59.8558235168457,1,1.0,1.0,1.0,1.0,1.0,1.0,1.0,1.0,1.0,1.0,3.3053102493286133,2.6747546195983887,7.007187843322754,1.3771772384643555,1.0,3.4895193576812744,8.522133827209473,1.0207418203353882,2.462183713912964,3.725308656692505,3.1705288887023926,5.34144926071167,1.0,17.860401153564453,95.38702392578125,11.051965713500977,1.0,8.8904390335083,1.0,1.0,28.62672233581543,1.0,1.0,30.432695388793945,9.066239356994629,1.0,1.0,15.222916603088379,2.1610445976257324,9.870207786560059,3.6032137870788574,15.788615226745605,1.0,1.0,16.52591896057129,69.47552490234375,45.02414321899414,4.884474754333496,18.879840850830078,1.0,4.820842266082764,43.08742904663086,55.758113861083984,6.761539936065674,6.678065299987793,3.3648691177368164,1.0,190.08737182617188,100.9276123046875,103.87638854980469,59.53496170043945,57.357147216796875,182.8386688232422,82.87776184082031,701.4519653320312,157.25999450683594,76.81269073486328,168.6331329345703,31.757122039794922,236.7119903564453
TEST_04+1일,1.9674824476242065,1.0,8.200081825256348,5.730579376220703,1.0,1,1.0,1.0,1.0,1.0,1.0,1,1.0,1.0,1.0,1.0,1.0,1.0,1.0,1.0,1.0,1.0,1,1,1,1.0,1,1.0,24.219627380371094,6.09393310546875,5.730229377746582,3.098623037338257,2.1139121055603027,3.8967385292053223,1.0,6.722942352294922,57.98465347290039,8.335896492004395,3.8359813690185547,42.23255920410156,23.22589874267578,2.3858749866485596,1.0,1.0,1,4.086590766906738,1.0,2.7859320640563965,1.0,2.6921939849853516,10.56423282623291,1.0,6.718451499938965,1.0,9.507808685302734,1,1.4032725095748901,1.0,1.0,1.2666900157928467,8.734867095947266,13.942707061767578,17.582626342773438,11.338692665100098,13.268145561218262,2.2355475425720215,1.0,1.557223916053772,3.9951181411743164,1.0,5.21135950088501,1.0,1.0,1,6.992402076721191,1.0,1,2.342604398727417,1,6.771002769470215,1.2577120065689087,3.7152981758117676,1.0,1.0,1.304189920425415,1.0,2.431908369064331,2.798776388168335,2.100635290145874,5.685500144958496,1.0,1.0,6.199277400970459,7.964439868927002,1.0,1.0,1.0,1.0,24.108224868774414,6.848419666290283,3.3547661304473877,1.0,6.088528633117676,1.0,152.01028442382812,5.159177780151367,28.5575008392334,4.240664005279541,1.0,1.0,3.8506343364715576,1.0,2.535879135131836,1.0,1.0,1.0,1.0,1.0,1.8437275886535645,1.0,1.0,53.61154556274414,1,1.0,1.0,1.0,1.0,1.0,1.0,1.0,1.0,1.0,1.0,1.0,1.0,1.0,1.0,1.0,1.0,1.0,1.0,1.0,1.0,1.0,7.393969535827637,1.0,5.239921569824219,118.17160034179688,7.640652179718018,1.0,8.822053909301758,1.0,1.0,23.86454963684082,1.0,1.0,18.967803955078125,5.622658729553223,1.0,1.0,5.941607475280762,1.0,8.601086616516113,4.9680023193359375,4.879591464996338,1.0,1.0,4.680342197418213,64.25762939453125,1.0,9.138606071472168,2.561047315597534,1.0,1.0,10.52012825012207,8.138191223144531,1.0,1.0,1.0,1.0,70.99063110351562,19.124191284179688,55.4221076965332,10.533550262451172,45.46840286254883,26.955575942993164,49.708614349365234,243.2859649658203,35.404903411865234,47.53765106201172,22.584228515625,20.049198150634766,70.92566680908203
TEST_04+2일,1.0,1.0,1.0,1.0,1.0,1,11.95717716217041,1.0,1.0,1.0,1.0,1,1.0,1.0,1.0,1.0,1.0,1.0,1.0,2.1740002632141113,1.0,1.0,1,1,1,1.0,1,1.0,5.529938697814941,1.0,1.0,1.726702094078064,1.0,2.8987112045288086,1.0,2.6603074073791504,21.256393432617188,2.299166202545166,1.0,16.663379669189453,5.444156646728516,1.0,1.0,1.0,1,1.0,1.0,1.6011009216308594,1.0,1.0742499828338623,7.449994087219238,1.0,4.285419940948486,1.0,1.0,1,1.0,1.0,1.0,1.0,1.7350331544876099,10.515327453613281,13.390048027038574,4.655257225036621,14.477238655090332,1.0,1.0,1.0,1.0,1.0,1.0,1.0,1.0,1,1.0,1.0,1,1.0,1,1.0,1.0,1.0,1.0,1.0,1.0,1.0,1.0,1.0,1.0,1.0,1.0,1.0,1.7784123420715332,4.787290573120117,1.0,1.0,1.0,1.0,5.966639041900635,1.0,1.0,1.0,1.0,1.0,1.0,93.6976089477539,14.027959823608398,2.99931001663208,1.142177939414978,1.0,2.803044080734253,1.0,1.6928564310073853,1.0,1.0,1.0,1.0,1.0,2.072434186935425,1.0,1.0,74.99461364746094,1,1.0,1.0,1.0,1.0,1.0,1.0,1.0,1.0,1.0,1.0,1.0,1.0,1.0,1.0,1.0,1.0,1.0,1.0,1.0,1.0,1.0,2.4800455570220947,5.796919822692871,1.0,254.23281860351562,3.2982466220855713,1.0,6.86157751083374,1.0,1.0,10.000275611877441,1.0,1.0,11.73792839050293,1.9616729021072388,1.0,1.9363282918930054,3.1900012493133545,1.0,3.7813704013824463,3.102245807647705,5.063296318054199,1.0,1.0,1.0,27.572500228881836,1.0,1.0,1.0,1.0,1.0,9.28962230682373,36.309696197509766,1.0,1.0,1.4602185487747192,1.0,1.0,1.0,1.0,1.0,1.0,1.0,1.0,1.0,1.0,1.0,1.0,1.0,1.0
TEST_04+3일,1.0,1.0,2.496840715408325,1.0,1.0,1,23.347209930419922,1.0,1.0,1.0,1.0,1,1.0,1.0,1.0,1.0,59.08412170410156,1.0,1.0,1.0,12.90514087677002,1.0,1,1,1,1.0,1,54.25688934326172,6.951122283935547,1.84281325340271,3.209235429763794,1.7248574495315552,1.0,1.0089486837387085,1.0,4.907184600830078,11.403318405151367,2.731755256652832,1.0,10.97724437713623,3.6290299892425537,1.0,1.0,1.0,1,1.0,1.0,1.3030076026916504,1.0,1.0,12.359417915344238,1.0,9.185332298278809,1.0,2.334321975708008,1,1.0,1.0,1.0,1.0,1.1456488370895386,3.917574405670166,8.332059860229492,5.311252593994141,12.93451976776123,1.0,1.0,1.0,2.420647621154785,1.0,2.97171950340271,1.0,1.0,1,2.6673977375030518,1.0,1,1.0,1,3.5818262100219727,1.0,1.0,1.0,1.0,1.9205505847930908,1.0,1.0,1.092606544494629,2.2442665100097656,2.8061583042144775,54.149505615234375,2.059267282485962,1.3336162567138672,2.188051700592041,1.0,1.0,1.0,1.0,9.941631317138672,4.461735725402832,1.0,1.0,1.0,1.0,1.0,12.647438049316406,3.7143852710723877,1.0,3.75301456451416,1.0,1.0,1.0,1.0,1.0,1.0,1.0,1.0,1.0,1.0,1.0,1.0,86.61148071289062,1,1.0,1.0,1.0,1.0,1.0,1.0,5.7394609451293945,1.0,1.0,1.0,1.0,1.0,1.0,1.0,1.0,1.0,1.2777270078659058,1.0,1.0,1.0,1.0,2.904858350753784,1.0,1.0,181.39076232910156,5.0805206298828125,1.0,6.416742324829102,1.0,1.0,9.694168090820312,1.0,1.0,7.227756500244141,1.0,1.0,1.0,1.3713492155075073,1.0,3.159564256668091,2.5861976146698,4.1727399826049805,1.0,1.0,1.0,120.17667388916016,29.018041610717773,1.0,1.0,1.0,1.0,12.849137306213379,1.0,1.0,1.0,11.534798622131348,1.0,1.0,1.0,1.0,1.0,1.0,1.0,1.032355546951294,1.0,1.0,1.0,1.0,1.0,1.0
TEST_04+4일,1.0,16.866575241088867,2.5808839797973633,2.185046911239624,1.0,1,21.290693283081055,1.0,1.0,1.0,1.0,1,1.0,1.0,1.0,1.0,6.762826442718506,1.0,1.0,1.0,1.0,1.0,1,1,1,1.0,1,1.0,4.474536418914795,1.0,1.0,2.4878439903259277,1.0,1.8168236017227173,1.0,13.085286140441895,12.318816184997559,2.5955867767333984,1.0,15.909006118774414,2.7755768299102783,1.0,1.0,1.0,1,1.0,1.0275800228118896,1.0,1.0,1.0,10.176803588867188,1.0,7.382364749908447,1.0,4.2943572998046875,1,1.0,1.0,1.0,1.0,1.7199127674102783,3.3501713275909424,2.3135061264038086,1.1683664321899414,11.84918212890625,1.1678011417388916,1.0,1.0,1.0,1.0,1.0237573385238647,1.0,1.0,1,1.7571825981140137,1.0,1,1.0743937492370605,1,2.616377592086792,1.0,1.0,1.0,1.0,1.0,1.0,1.1286824941635132,1.0,1.0,2.244741678237915,96.62789916992188,3.175978422164917,1.0,4.8561506271362305,1.0,1.0,1.0,1.0,10.746634483337402,1.7261195182800293,1.0426586866378784,1.0,1.0,1.0,1.0,23.884336471557617,1.0,2.7522192001342773,1.0,1.0,2.665066957473755,1.0,1.0,1.0,1.0,1.0,1.0,1.0,1.0,1.0,1.2138993740081787,70.99500274658203,1,1.0,1.0,1.0,1.0,1.0,1.0,1.0,1.0,1.0,90.10193634033203,1.0,1.0,1.0,1.0,1.0,1.0,1.0,1.0,1.0,1.0,1.0,2.888214349746704,1.0,32.358943939208984,245.46449279785156,5.954720497131348,1.0,3.953864097595215,1.0,1.0,10.531413078308105,1.0,1.0,10.368474006652832,1.0,1.0,1.0,1.5385916233062744,1.0,4.414421081542969,6.2857794761657715,8.900279998779297,1.0,1.0,1.0,4.928778648376465,1.0,1.0,1.0,1.0,1.0,8.536842346191406,9.093085289001465,1.471413254737854,1.0,1.8983527421951294,1.0,1.0,1.0,1.0,1.0,1.0,1.0,1.0,1.0,1.0,1.0,1.0,1.0,1.0
TEST_04+5일,1.0,1.0,1.4828177690505981,1.0,1.0,1,11.040164947509766,1.0,1.0,1.0,1.0,1,1.0,1.0,1.0,1.0,1.0,1.0,1.0,2.1108007431030273,19.137636184692383,1.0,1,1,1,1.0,1,48.424556732177734,6.709205150604248,1.0,1.0,2.291198253631592,1.0,4.082345962524414,1.0,1.154586911201477,8.806524276733398,3.249743938446045,1.0,9.645529747009277,7.721085548400879,1.0,1.0,1.0,1,1.0,1.0,1.593695044517517,1.0,1.0,6.329626560211182,1.0,12.838330268859863,1.0,2.204572916030884,1,1.0,1.0,1.0,1.0,1.0,6.5323967933654785,1.0,2.2588002681732178,9.019840240478516,1.0,1.0,1.0,1.0,1.0,2.2153658866882324,1.0,1.0,1,3.5371456146240234,1.0,1,1.6388697624206543,1,1.7855433225631714,1.0,1.0,1.0,1.0,1.0,1.0,1.0,4.754074573516846,3.3620288372039795,2.477221965789795,71.24346160888672,1.0,1.929511547088623,1.488669514656067,1.0,1.0,1.0,1.0,6.0285797119140625,5.294775485992432,1.0,1.0,1.0,1.0,1.0,39.34227752685547,4.80674934387207,1.9469655752182007,1.0,1.0,2.640249252319336,1.0,1.0,1.0,1.0,1.0,1.0,1.0,2.151186466217041,1.0,1.0,134.4810333251953,1,1.1241527795791626,1.0242382287979126,1.0,1.0,1.0,1.0,7.155118942260742,1.0,1.0,1.0,1.0,1.0,1.0,1.0,1.0,1.0,1.0,1.0,1.0,1.0,1.0,4.692263126373291,2.4881298542022705,1.0,376.9081726074219,15.962875366210938,1.0,6.514349937438965,6.347569465637207,1.0,20.38033676147461,1.0,1.0,21.009973526000977,1.4779728651046753,1.0,1.0,4.989095687866211,1.0,11.053629875183105,9.09082317352295,16.327701568603516,1.0,1.0,1.8080825805664062,55.214839935302734,1.0,1.0,1.0,1.0,2.370002269744873,6.978806018829346,1.0,1.3334711790084839,1.0,1.0,1.0,1.0,1.0,1.0,1.0,1.0,1.0,1.0,1.0,1.0,1.0,1.0,1.0,1.0
TEST_04+6일,1.0,18.808422088623047,7.924159049987793,4.643123149871826,1.0,1,15.248183250427246,1.0,1.0,1.0,1.0,1,1.0,1.0,1.0,1.0,25.94136619567871,1.0,1.0,17.55583381652832,6.108623027801514,1.0,1,1,1,1.0,1,135.32388305664062,1.0,1.0,1.0,2.4372916221618652,1.1954461336135864,1.0808742046356201,1.0,1.0,30.250259399414062,5.690546035766602,1.0,21.645709991455078,3.3535521030426025,1.0,1.0,1.0,1,1.0,1.0,2.8476643562316895,1.0,1.1615835428237915,8.437172889709473,1.0,11.18368148803711,1.0,3.200808048248291,1,1.4820308685302734,1.0,1.7681803703308105,1.0,4.624182224273682,2.5941691398620605,12.787980079650879,10.303436279296875,6.920188903808594,2.5266425609588623,1.0,1.0,2.180844306945801,1.0,2.330353021621704,1.0,1.0,1,2.9769937992095947,1.0,1,1.7292362451553345,1,2.2274093627929688,1.0,1.0,1.0,1.0,1.0,1.637376308441162,1.0,1.074933409690857,2.2810490131378174,4.2170610427856445,55.43048858642578,3.032454013824463,2.1520230770111084,8.686878204345703,1.2675251960754395,1.0,1.0,1.0,24.971099853515625,5.361670970916748,2.2334203720092773,1.0,1.4296355247497559,1.0,1.0,54.5613899230957,9.493337631225586,5.7683515548706055,12.589183807373047,1.2362035512924194,1.5691946744918823,1.0,1.0,1.0,1.0,1.0,2.1903131008148193,2.8278071880340576,1.7754746675491333,1.0,1.1278272867202759,71.75383758544922,1,1.0,1.0,1.0,1.0,1.0,1.0,1.0,1.0,1.0,1.0,3.543276309967041,1.1506993770599365,3.808590888977051,1.7434555292129517,1.0,1.0,6.849355697631836,1.0,1.0,2.3587639331817627,1.308480143547058,1.9343568086624146,3.3538317680358887,206.05084228515625,310.07452392578125,10.038423538208008,1.0,8.960768699645996,1.0,1.0,13.427460670471191,1.0,4.339347839355469,26.583770751953125,3.0786502361297607,1.0,1.0,7.010651588439941,1.5961610078811646,5.891140460968018,5.229497909545898,7.235247611999512,1.0,1.0,1.3879948854446411,85.08319091796875,110.3358154296875,1.0,1.0,1.0,4.066218852996826,7.0364670753479,38.75565719604492,1.0,1.0,14.732412338256836,9.560657501220703,1.0,1.0,1.0,1.0,1.0,1.0,1.0,1.0,1.0,1.0,1.0,1.0,1.0
TEST_04+7일,1.0,1.0,11.40405559539795,7.998668193817139,1.0,1,2.320612668991089,1.0,1.0,1.0,1.0,1,1.0,1.0,1.0,1.0,1.0,1.0,1.0,1.0,1.0,1.0,1,1,1,1.0,1,82.50672912597656,6.489314556121826,1.753479242324829,1.0,5.363337516784668,2.3272078037261963,2.4813053607940674,1.0,3.198381185531616,43.70734405517578,8.097904205322266,4.842801570892334,39.0023078918457,14.315978050231934,1.2483975887298584,1.0,1.0,1,2.880758047103882,1.0,2.1726412773132324,1.0,1.3672170639038086,10.469562530517578,1.0,4.635573863983154,1.0,5.888891696929932,1,4.087289333343506,2.2801647186279297,1.1296888589859009,1.0,5.751832485198975,4.492447853088379,10.977540016174316,7.559566020965576,11.159444808959961,2.4157965183258057,1.8951448202133179,2.1973249912261963,4.404452800750732,1.0,3.2839648723602295,1.0,1.0021636486053467,1,5.516744136810303,1.0,1,1.8526291847229004,1,7.070948123931885,1.554457664489746,1.2691007852554321,1.0,1.0,4.24667501449585,4.1587910652160645,1.9481037855148315,1.7932897806167603,4.391670227050781,3.769865036010742,1.0,1.7088544368743896,4.268651485443115,10.576179504394531,1.0,1.0,1.0,1.0,13.866005897521973,8.532346725463867,4.216920852661133,1.0,6.304781436920166,1.0,98.22332763671875,1.6449017524719238,14.455732345581055,10.310481071472168,4.937982082366943,1.5110228061676025,1.779739260673523,1.0,4.6887431144714355,1.0,2.1139132976531982,1.3275114297866821,2.5001704692840576,5.507499694824219,5.114899158477783,2.781040906906128,1.8281888961791992,65.35295867919922,1,1.0,1.0,1.0,1.0,1.0,1.0,1.0,1.0,1.0,1.0,6.990877628326416,2.7855868339538574,5.994901657104492,5.489264011383057,1.0252095460891724,1.0,8.055180549621582,1.8425019979476929,1.6356115341186523,2.379669427871704,3.6517527103424072,5.576512336730957,1.0,1.0,98.13298034667969,8.074419021606445,3.274492025375366,9.572246551513672,3.283173084259033,1.0,16.975934982299805,1.1007497310638428,2.612529993057251,18.233850479125977,5.812606334686279,1.0,1.0,7.021753311157227,2.059197187423706,8.534611701965332,2.681694984436035,3.6546413898468018,1.0,1.0,4.660342216491699,62.705345153808594,20.241872787475586,10.514071464538574,18.747793197631836,15.86099624633789,1.0,10.689667701721191,18.47355842590332,4.382513523101807,1.7005304098129272,1.0,1.0,1.0,1.0,1.0,1.0,1.0,1.0,1.0,1.0,1.0,1.0,1.0,1.0,1.0
TEST_05+1일,5.268496513366699,1.0,11.031426429748535,1.9593331813812256,1.0,1,1.0,1.0,2.2862296104431152,1.0,1.0,1,1.0,1.0,1.0,1.0,1.0,1.0,1.0,1.0,1.0,1.0,1,1,1,1.0,1,1.0,17.07645034790039,7.013474941253662,5.8012309074401855,2.9817051887512207,3.7445127964019775,3.3261313438415527,1.0,4.89363956451416,43.399330139160156,5.830378532409668,3.4532222747802734,21.11330223083496,27.556034088134766,1.0,1.0,1.0,1,3.739011287689209,1.0,3.3450798988342285,1.0,5.266925811767578,22.81365966796875,2.8768258094787598,13.433185577392578,1.0,2.517190933227539,1,1.0,1.0,1.0,1.0,31.231739044189453,14.273357391357422,11.03476333618164,15.515562057495117,6.00560188293457,1.0,1.0,3.704509973526001,9.02375316619873,1.0,2.251645565032959,7.221391677856445,1.0,1,4.211757183074951,1.0,1,2.7742135524749756,1,1.5325814485549927,2.304641008377075,2.589689254760742,1.0,1.0152586698532104,5.113709926605225,1.0,5.597543716430664,2.3218460083007812,4.088793754577637,8.114091873168945,1.0,1.0,6.696249961853027,8.81238079071045,1.0,1.2146642208099365,1.0,1.7643110752105713,8.886978149414062,12.260055541992188,4.069945335388184,1.492034912109375,1.2806520462036133,1.0,143.4681854248047,29.32046890258789,53.3967170715332,2.623624563217163,3.2649855613708496,1.0,7.0234246253967285,1.0,1.0,1.0,1.0,1.0,2.467109203338623,1.0,4.402804851531982,1.071783423423767,1.0,22.782217025756836,1,1.0,1.0,1.0,1.0,1.0,1.0,1.0,1.0,1.0,1.0,3.867797613143921,2.0707998275756836,3.885183334350586,2.950281858444214,1.0,1.0,5.628708839416504,2.72003173828125,1.0,2.337235689163208,1.1913926601409912,59.228485107421875,57.26487350463867,1.0,14.008914947509766,77.40702056884766,63.93821334838867,53.80313491821289,1.0,1.7440540790557861,186.0959930419922,140.8946075439453,122.08463287353516,74.83723449707031,29.16143798828125,1.0,65.88130950927734,68.60480499267578,8.539843559265137,27.506755828857422,20.453285217285156,88.2456283569336,79.23139953613281,26.448471069335938,1.0,451.3220520019531,90.61543273925781,105.17024230957031,400.5896301269531,51.86361312866211,119.4762191772461,98.15835571289062,188.58448791503906,48.00102233886719,8.307528495788574,106.75334930419922,69.07623291015625,1.0,1.0,1.0,1.0,1.0,1.0,1.0,1.0,1.0,1.0,1.0,1.0,1.0
TEST_05+2일,1.0,1.0,2.557521104812622,2.5890355110168457,1.0,1,3.0581986904144287,1.0,1.3046188354492188,1.0,1.0,1,1.0,1.0,1.0,1.0,1.0,1.0,1.0,1.0,1.0,1.0,1,1,1,1.0,1,1.0,18.51582908630371,4.672332286834717,3.230907917022705,2.865778684616089,1.8627736568450928,4.0514349937438965,1.0,3.0955991744995117,37.7016716003418,4.291010856628418,1.9052441120147705,32.30158996582031,23.224260330200195,1.0,1.0,1.0,1,1.0,1.0,2.4816343784332275,1.0,2.970715045928955,17.73113250732422,1.0,4.820973873138428,1.0,1.0,1,1.0,2.0897676944732666,1.0,3.9392824172973633,20.278343200683594,17.860624313354492,14.58082103729248,16.212968826293945,10.06248950958252,1.0,1.0,1.0,1.0,1.0,1.0,1.8417962789535522,1.0,1,1.0029571056365967,1.0,1,1.0,1,1.0,1.0,1.0,1.0,1.0,1.0,1.0,1.6651142835617065,1.0,1.0,1.0,1.0,1.0,3.7975940704345703,10.572891235351562,1.0,1.0,1.0,1.0,5.601762771606445,7.58912467956543,2.9068729877471924,1.0,2.09346866607666,1.0,1.0,154.62039184570312,49.961910247802734,4.242314338684082,8.974332809448242,1.0,7.597298622131348,1.0,1.3863739967346191,1.0,1.0,1.1594789028167725,4.340213298797607,1.0,2.7824318408966064,1.0,1.0395762920379639,16.557849884033203,1,1.0,1.0,1.0,1.0,1.0,1.0,1.0,1.0,1.0,1.0,1.0,1.0,2.161620855331421,1.0,1.0,3.1211791038513184,9.032238006591797,1.2141337394714355,1.0,5.263448715209961,1.854393482208252,52.780906677246094,56.129703521728516,1.0,25.593250274658203,68.75263214111328,54.887760162353516,53.71000289916992,1.0,3.848907232284546,184.33396911621094,93.80146789550781,104.4743881225586,70.47257232666016,28.822690963745117,1.0,54.51961135864258,64.6180648803711,10.714607238769531,36.84110641479492,23.245891571044922,92.6639633178711,62.13729476928711,22.068138122558594,1.0,500.8208312988281,183.7605438232422,42.56699752807617,276.0417785644531,102.00189971923828,63.20340347290039,122.63996124267578,292.985107421875,38.395206451416016,7.414811134338379,113.58192443847656,41.87833786010742,1.0,1.0,1.0,1.0,1.0,1.0,1.0,1.0,1.0,1.0,1.0,1.0,1.0
TEST_05+3일,1.0,1.0,10.762616157531738,1.0176666975021362,1.0,1,4.336916446685791,1.0,5.339193820953369,1.0,1.0,1,1.0,1.0,1.0,1.0,1.0,1.0,1.0,1.0,1.0,1.0,1,1,1,1.0,1,14.73625659942627,11.343561172485352,4.089179992675781,2.2236368656158447,3.6518266201019287,2.79019832611084,1.0,1.0,4.795202732086182,38.47203826904297,3.729241132736206,1.6971491575241089,20.628538131713867,16.686676025390625,1.0,1.0,1.0,1,1.901564598083496,1.0,1.4530541896820068,1.0,3.8803741931915283,27.199357986450195,1.0,10.592486381530762,1.0,1.0,1,1.0,1.0,1.0,1.0,14.75002384185791,9.540201187133789,3.832664728164673,17.68088722229004,8.726570129394531,1.0,1.0,2.3559000492095947,5.526072978973389,2.369616746902466,2.832909345626831,5.47572660446167,1.0,1,7.004578113555908,1.0,1,1.0,1,4.5749287605285645,2.893385887145996,1.0,1.0,1.0,4.295352458953857,1.0,1.8515775203704834,2.0128748416900635,2.6614930629730225,5.464588642120361,1.0,1.890951156616211,5.819697380065918,8.873215675354004,1.0,1.0,1.0,1.0,5.057631969451904,5.780144691467285,3.1582467555999756,1.0,1.5852649211883545,1.0,1.0,131.30661010742188,45.990264892578125,5.46168851852417,7.087590217590332,1.0,4.20962381362915,1.0,1.0,1.0,1.0,2.036388397216797,3.785125494003296,1.0,4.391722202301025,1.0,1.7302392721176147,17.250017166137695,1,1.0,1.0,1.0,1.0,1.0,1.0,1.0,1.0,1.0,1.0,3.9900052547454834,1.0,1.6430472135543823,1.0,1.0,1.0,6.887289524078369,1.0,1.0,1.8806215524673462,3.1553711891174316,58.413814544677734,50.18454360961914,1.0,13.473005294799805,84.14373016357422,54.25181579589844,49.09589385986328,1.0,4.229496002197266,187.09100341796875,101.76609802246094,98.24149322509766,61.173194885253906,22.257389068603516,1.0,62.31141662597656,53.498199462890625,7.079402446746826,32.396175384521484,14.994236946105957,89.21968841552734,54.7672004699707,17.481760025024414,1.0,585.9146118164062,336.9106750488281,65.60237884521484,286.25927734375,44.17710494995117,81.19166564941406,87.87593841552734,133.6328887939453,40.185760498046875,4.146894931793213,102.23210906982422,43.36479568481445,1.0,1.0,1.0,1.0,1.0,1.0,1.0,1.0,1.0,1.0,1.0,1.0,1.0
TEST_05+4일,10.21769905090332,1.0,6.4764533042907715,2.797961711883545,1.0,1,3.7029128074645996,1.0,1.0,1.0,1.0,1,1.0,1.0,1.0,1.0,1.0,1.0,1.0,1.0,1.0,1.0,1,1,1,1.0,1,1.0,21.596277236938477,5.349233150482178,2.5088484287261963,4.064507484436035,1.306500792503357,1.6366698741912842,1.0,3.9996774196624756,32.412593841552734,7.701305389404297,1.1092439889907837,25.874361038208008,19.99344253540039,1.0,1.0,1.0,1,1.0,1.0,3.8053712844848633,1.0,4.033694744110107,28.620155334472656,1.0,9.857396125793457,1.947181224822998,4.6061930656433105,1,1.0,1.0,1.0,1.0,24.500961303710938,12.973122596740723,13.192387580871582,12.052285194396973,9.049967765808105,1.0,1.0,1.0,4.545416831970215,1.0,3.857093334197998,4.451035499572754,1.0,1,4.472376823425293,1.0,1,1.0,1,3.230663537979126,2.6088593006134033,2.630941390991211,1.0,1.0,1.0,1.0,2.7232606410980225,3.174368381500244,4.674752712249756,4.6908040046691895,3.354552745819092,4.153303623199463,3.9986541271209717,4.673600673675537,1.0,1.0,1.0,1.0,22.148258209228516,9.685174942016602,3.850335121154785,1.0,1.5142079591751099,1.0,1.0,39.32643127441406,40.372344970703125,2.4991602897644043,4.36745548248291,1.0,2.6421263217926025,1.0,1.0,1.0,1.0,1.214077115058899,4.579683780670166,1.1689350605010986,2.126497983932495,1.272558569908142,1.0,13.554279327392578,1,1.0,1.0,1.0,1.0,1.0,1.0,1.0,1.0,1.0,13.593905448913574,2.898669481277466,1.0,1.2020153999328613,1.0,1.0,1.0,4.57446813583374,1.0,1.0,3.7696714401245117,1.6975929737091064,58.9838981628418,23.460355758666992,1.0,23.883604049682617,65.13923645019531,49.76217269897461,49.292789459228516,1.0,3.856616973876953,181.03541564941406,101.38569641113281,107.45026397705078,72.26898956298828,26.413572311401367,1.0,53.0548210144043,60.70513916015625,7.023680210113525,35.084251403808594,20.11843490600586,86.0660400390625,59.284934997558594,25.684900283813477,1.0,429.07196044921875,34.29386901855469,85.2098159790039,284.6869812011719,31.146705627441406,57.75864791870117,92.36672973632812,210.2173309326172,56.30393981933594,2.6563773155212402,103.08740234375,35.243648529052734,1.0,1.0,1.0,1.0,1.0,1.0,1.0,1.0,1.0,1.0,1.0,1.0,1.0
TEST_05+5일,8.998954772949219,1.0,6.264946460723877,2.8254897594451904,1.0,1,4.1797776222229,1.0,9.928528785705566,1.0,1.0,1,1.0,1.0,1.0,1.0,1.0,1.0,1.0,8.268952369689941,3.0208287239074707,1.0,1,1,1,1.0,1,1.0,16.721452713012695,5.669186115264893,6.339128017425537,4.053990840911865,5.010457515716553,1.394242763519287,1.0,4.539274215698242,49.34269714355469,3.9748477935791016,2.1833033561706543,22.648818969726562,35.167293548583984,1.0,1.012589454650879,1.0,1,1.0,1.0,2.2992866039276123,1.0,4.373904705047607,28.248432159423828,1.0,9.015693664550781,1.0,1.0,1,1.0,1.0,1.0,1.0,26.743377685546875,12.782527923583984,2.5469167232513428,16.879150390625,6.3603644371032715,1.0,1.0,1.799278974533081,4.957784652709961,1.0,3.133988857269287,3.523350238800049,1.0,1,3.5748612880706787,1.0,1,3.0662622451782227,1,2.1953155994415283,2.176382064819336,1.0,1.0,1.0,1.0,3.800546646118164,2.5849432945251465,2.841780185699463,2.5983376502990723,3.258958101272583,43.05366134643555,1.072105884552002,5.45712947845459,10.457131385803223,1.0,1.0,1.0,1.0,26.878023147583008,10.479576110839844,2.0405402183532715,1.5561878681182861,1.8569703102111816,1.0,1.0,139.85862731933594,46.35224533081055,3.549880266189575,5.987614154815674,1.0,8.79931640625,1.0,1.0,1.0,1.0,1.0,2.4533865451812744,1.0,5.76847505569458,1.0,1.0,32.919921875,1,1.0,1.0,1.0,1.0,1.0,1.0,1.0,1.0,1.0,42.02503204345703,2.5370466709136963,1.0,1.809748888015747,2.342461109161377,1.0,1.4150207042694092,1.1645129919052124,2.0385124683380127,1.0,5.38448429107666,1.1934956312179565,49.40736770629883,27.975975036621094,1.0,1.0,59.220802307128906,54.680824279785156,43.0673713684082,3.788602113723755,5.1020708084106445,156.7637939453125,91.39136505126953,95.87295532226562,71.51480865478516,26.19740104675293,1.0,48.57176971435547,48.453392028808594,2.7069735527038574,26.257598876953125,24.864490509033203,91.03809356689453,57.3264274597168,22.843563079833984,1.0,395.7729187011719,18.528730392456055,46.89820098876953,314.0155029296875,29.941579818725586,52.22260665893555,81.75972747802734,144.6272735595703,43.440895080566406,6.975959777832031,80.15528106689453,64.1744384765625,1.0,1.0,1.0,1.0,1.0,1.0,1.0,1.0,1.0,1.0,1.0,1.0,1.0
TEST_05+6일,1.0,1.0,9.077643394470215,3.732156753540039,1.0,1,4.094583511352539,1.0,1.0,1.0,1.0,1,1.0,1.0,1.0,1.0,4.434220790863037,1.0,1.0,6.325902462005615,1.0,1.0,1,1,1,1.0,1,54.22793960571289,4.6912407875061035,1.3064918518066406,1.5736101865768433,3.9204721450805664,5.3409013748168945,4.396708965301514,1.0,1.597380518913269,20.77985191345215,8.804001808166504,1.0,25.96791648864746,10.050411224365234,1.0,1.0,1.0,1,1.5241549015045166,1.0,4.067582130432129,1.0,4.628998756408691,20.675989151000977,1.0,9.84285831451416,1.0,1.7826284170150757,1,2.3231804370880127,1.0,1.0,1.0,24.704458236694336,7.591343879699707,7.215734004974365,15.947229385375977,4.43607759475708,3.674973487854004,1.0,1.0,6.272597312927246,1.0,4.772163391113281,3.583096742630005,1.0,1,5.202819347381592,1.0,1,2.4090864658355713,1,4.2649359703063965,2.2767393589019775,1.607499361038208,1.0,1.0,2.5609471797943115,1.4330732822418213,4.724570274353027,1.8264833688735962,3.265869140625,4.802155017852783,12.580279350280762,1.457834005355835,2.053093433380127,6.329823017120361,1.0,1.0,1.0,1.0,18.861007690429688,7.315090656280518,5.326028823852539,1.0,1.2529817819595337,1.0,1.0,125.87976837158203,62.350975036621094,2.319721221923828,3.0205588340759277,1.0,4.234140872955322,1.2208386659622192,1.1188669204711914,1.0,1.0,1.0,2.0373010635375977,1.0,3.231945037841797,1.0,1.0,31.6495361328125,1,1.0,1.0,1.0,1.0,1.0,1.0,1.0,1.0,1.0,1.0,5.207206726074219,1.2445073127746582,5.126288414001465,1.8736302852630615,1.0,2.741607904434204,10.863873481750488,1.0,1.0,5.175273418426514,4.666947841644287,44.72499084472656,68.78445434570312,1.0,17.64516830444336,50.11213302612305,45.342342376708984,47.64919662475586,1.0,4.9485039710998535,156.85916137695312,102.7690200805664,103.33731079101562,63.351314544677734,29.428770065307617,1.0,54.645137786865234,45.27362823486328,5.733965873718262,36.53650665283203,21.64567756652832,83.16893768310547,76.00464630126953,16.916378021240234,1.0,471.25927734375,484.2831726074219,61.84537887573242,459.0428161621094,46.9307975769043,82.36124420166016,95.16100311279297,210.3383026123047,37.90846633911133,9.541722297668457,110.93414306640625,61.95692825317383,1.0,1.0,1.0,1.0,1.0,1.0,1.0,1.0,1.0,1.0,1.0,1.0,1.0
TEST_05+7일,1.0,1.0,7.190737247467041,4.732708930969238,1.0,1,2.6164581775665283,1.0,1.0,1.0,1.0,1,1.0,1.0,1.0,1.0,1.0,1.0,1.0,1.0,1.0,1.0,1,1,1,1.0,1,43.41718673706055,8.529932975769043,5.816437244415283,1.84108567237854,4.662129878997803,4.588441371917725,3.236253499984741,1.0,4.933832168579102,46.75686264038086,9.585883140563965,3.3438384532928467,30.70168685913086,22.297021865844727,1.3780940771102905,1.0,1.0,1,3.5810999870300293,1.0,2.3553779125213623,1.2321245670318604,3.771514892578125,25.424169540405273,1.0,7.373098850250244,1.3028464317321777,4.176371097564697,1,1.399909257888794,2.6990292072296143,1.0,1.0,26.176603317260742,16.608108520507812,10.794275283813477,20.006277084350586,11.2755126953125,1.0,1.0,2.9289653301239014,4.099853515625,1.0,3.281642436981201,6.457516670227051,1.0,1,5.5907158851623535,1.0,1,1.4735081195831299,1,3.071274518966675,3.6073970794677734,3.45390248298645,1.0,1.0,4.318855285644531,3.7900936603546143,3.2660324573516846,1.198226809501648,3.592503547668457,4.751686096191406,1.0,1.630059838294983,8.365349769592285,7.1388654708862305,1.0,1.0,1.0,1.1900280714035034,2.058112621307373,10.957894325256348,3.9776227474212646,1.0052530765533447,6.044763088226318,1.0,99.31422424316406,32.43382263183594,43.77457809448242,7.429000377655029,3.8162176609039307,2.3627912998199463,5.576911926269531,1.0,1.8969345092773438,1.0,1.0,1.6095975637435913,7.320751190185547,1.4853187799453735,5.5356268882751465,1.6008602380752563,2.243788480758667,21.680952072143555,1,1.0,1.0,1.0,1.0,1.0,1.0,1.0,1.0,1.0,1.0,10.532370567321777,5.387268543243408,7.659151554107666,3.842388868331909,1.6438758373260498,2.83499813079834,16.01052474975586,2.967588424682617,3.5389983654022217,4.9188690185546875,5.818073749542236,60.18537521362305,83.05318450927734,1.0,26.732791900634766,69.27881622314453,66.4581527709961,56.297752380371094,2.3592329025268555,4.892160415649414,212.02711486816406,157.2887725830078,152.71084594726562,70.38550567626953,28.188600540161133,1.0,41.8487663269043,64.95002746582031,12.885163307189941,46.27729797363281,30.485288619995117,95.52042388916016,89.43189239501953,37.65718460083008,1.0,719.2653198242188,361.80169677734375,112.56285095214844,465.320068359375,90.4820556640625,94.66253662109375,115.80917358398438,282.2265625,65.56014251708984,13.508179664611816,127.80317687988281,83.44667053222656,1.0,1.0,1.0,1.0,1.0,1.0,1.0,1.0,1.0,1.0,1.0,1.0,1.0
TEST_06+1일,1.0,1.0,10.27198314666748,1.0,1.0,1,1.7391623258590698,1.0,1.0,1.0,1.0,1,1.0,1.0,1.0,1.0,1.0,1.0,1.0,1.0,1.0,1.0,1,1,1,1.0,1,1.0,10.64748477935791,6.44186544418335,4.562505722045898,2.483865976333618,2.993515968322754,1.0,1.0,4.4351325035095215,29.170869827270508,5.17638635635376,2.13773250579834,18.58660888671875,13.288616180419922,1.0,1.0,1.0,1,2.294649124145508,1.0,2.9132821559906006,1.0,3.8847734928131104,21.46271324157715,1.0,6.30374813079834,1.0,5.368855953216553,1,1.0,1.0,1.0,1.0,18.904029846191406,5.67970085144043,4.217085361480713,7.923249244689941,7.835194110870361,1.0,1.0,1.2978949546813965,6.0643229484558105,3.4308226108551025,1.5246248245239258,2.8730454444885254,1.0,1,1.6164627075195312,1.0,1,1.6303349733352661,1,3.3430888652801514,2.2941360473632812,2.7125046253204346,1.0,1.0,3.944664716720581,2.7302944660186768,2.8097336292266846,1.2795557975769043,2.091418743133545,3.290555715560913,1.0,1.0,4.272581100463867,11.100736618041992,1.0,1.0,1.0,1.0,14.52428150177002,5.495177268981934,1.0,1.0,1.0,1.0,71.06861877441406,13.94638442993164,28.72943878173828,4.155009746551514,1.6144492626190186,1.0,5.049928665161133,1.0,1.0,1.0,1.0,1.0,2.7894318103790283,1.0,1.7129616737365723,1.0,1.0,82.945556640625,1,1.0,1.0,1.0,1.0,1.0,1.0,1.0,1.0,1.0,1.0,3.2153453826904297,1.0,7.068789005279541,3.3517494201660156,1.1995657682418823,2.4169509410858154,7.957066059112549,2.7510173320770264,1.0,2.728137493133545,1.2374136447906494,78.71721649169922,36.13034439086914,1.0,87.87863159179688,49.379764556884766,67.77493286132812,49.47416305541992,51.601043701171875,6.3578619956970215,179.79786682128906,123.30528259277344,128.4193572998047,43.627586364746094,22.631317138671875,1.0,62.3320426940918,62.075321197509766,6.92702054977417,40.7509651184082,16.103748321533203,77.29499053955078,85.07821655273438,28.721101760864258,1.0,353.0346374511719,63.77892303466797,112.204345703125,285.073486328125,56.99851608276367,84.21454620361328,89.19828033447266,203.99575805664062,25.31671142578125,19.955469131469727,61.977378845214844,49.26664733886719,1.0,1.0,1.0,1.0,1.0,1.0,1.0,1.0,1.0,1.0,1.0,1.0,1.0
TEST_06+2일,1.0,1.0,1.6850584745407104,1.0,1.0,1,10.913524627685547,1.0,1.0,1.0,1.0,1,1.0,1.0,1.0,1.0,1.0,1.0,1.0,1.0,1.0,1.0,1,1,1,1.0,1,1.0,10.985773086547852,1.452432632446289,1.8795526027679443,1.4245245456695557,1.0,1.0,1.0,1.0,16.73125457763672,6.562833309173584,1.0,14.882262229919434,8.20313549041748,1.0,1.0,1.0,1,1.0,1.0,4.358095169067383,1.0,2.2467570304870605,23.12946891784668,1.0,6.1669921875,1.0,1.6681442260742188,1,1.0,1.0,1.0,1.0,8.305046081542969,6.2923688888549805,7.2882866859436035,9.674386024475098,7.6792216300964355,1.0,1.0,1.0,1.0,1.0,1.0,1.0,1.0,1,2.2745413780212402,1.0,1,1.0,1,1.0,1.0,1.0,1.0,1.0,1.0,1.0,1.0,1.0,1.0,1.0,1.0,1.0,3.025320053100586,2.6332650184631348,1.0,1.0,1.0,1.0,7.2289652824401855,5.065899848937988,1.0,1.0,1.0,1.0,1.0,117.00032043457031,33.616905212402344,2.338831901550293,1.7942150831222534,1.0,5.257341384887695,1.0,1.78261399269104,1.0,1.0,1.0,1.0,1.0,1.0,1.0,1.0,34.64149475097656,1,1.0,1.0,1.0,1.0,1.0,1.0,1.0,1.0,1.0,1.0,1.0,1.0,6.7662672996521,1.7962676286697388,1.0,2.171898365020752,6.64467716217041,1.0,1.0,2.0799400806427,1.0,49.41822052001953,38.551734924316406,1.0,153.94569396972656,46.845645904541016,50.0477294921875,41.02909469604492,48.089813232421875,5.927759170532227,120.9482650756836,94.56480407714844,84.68225860595703,50.65591812133789,17.002418518066406,1.0,37.6837158203125,41.0003662109375,5.54689359664917,34.818416595458984,13.207220077514648,53.62860870361328,69.87309265136719,21.05518913269043,1.0,352.8151550292969,44.86374282836914,1.0,18.700891494750977,41.51301193237305,22.63294792175293,56.951202392578125,141.3999786376953,1.0,1.0,42.91768264770508,1.0,1.0,1.0,1.0,1.0,1.0,1.0,1.0,1.0,1.0,1.0,1.0,1.0,1.0
TEST_06+3일,1.0,1.0,6.379961967468262,1.5732967853546143,1.0,1,7.673798561096191,1.0,1.0,1.0,1.0,1,1.0,1.0,1.0,1.0,1.0,1.0,1.0,1.0,1.0,1.0,1,1,1,1.0,1,94.95338439941406,11.235451698303223,5.156866073608398,3.0527260303497314,1.0,1.0,1.0,1.0,1.3640621900558472,11.113166809082031,1.8288698196411133,1.0,12.852314949035645,11.537397384643555,1.0,1.0,1.0,1,2.820791006088257,1.0,1.830428123474121,1.0,1.0,13.710861206054688,1.0,10.71320629119873,1.0,2.6491072177886963,1,1.0,1.0,1.0,1.0,4.24088716506958,2.645104169845581,1.0,3.8817813396453857,6.803069591522217,1.2259819507598877,1.0,1.0,5.147671699523926,3.710252523422241,1.0,2.051685333251953,1.0,1,2.8738045692443848,1.0,1,1.6188125610351562,1,3.6651198863983154,2.1517083644866943,1.0,1.0,1.0,1.2407559156417847,1.407743215560913,1.0,1.0,1.0,3.6943531036376953,1.0,1.0,3.0129642486572266,3.248845338821411,1.0,14.599258422851562,1.0,1.0,3.9133121967315674,3.9633238315582275,1.0,1.0,1.0,1.0,1.0,74.28462219238281,23.312824249267578,4.74139404296875,1.8689072132110596,1.0,2.7412118911743164,1.0,1.0,1.0,1.0,1.0,1.0,1.0,1.1171156167984009,1.0,1.0,86.45181274414062,1,1.0,1.0,1.0,1.0,1.0,1.0,1.0,1.0,1.0,1.0,1.6148096323013306,1.0,5.601046085357666,1.6341661214828491,1.0,2.0839643478393555,4.989445686340332,1.0,1.0,1.1438101530075073,1.0,42.6313362121582,30.114938735961914,1.0,129.7519989013672,43.771602630615234,36.53670120239258,35.47837829589844,23.989397048950195,7.044007778167725,112.13397216796875,85.63480377197266,71.04582977294922,37.67002487182617,11.905900955200195,1.0,23.771879196166992,29.307968139648438,2.7969937324523926,27.628597259521484,7.50847864151001,57.24221420288086,58.9020881652832,17.89200210571289,1.0,335.29241943359375,240.13912963867188,1.154329538345337,53.108028411865234,23.084857940673828,20.937747955322266,18.934703826904297,48.96952819824219,1.0,1.0,21.586801528930664,1.0,1.0,1.0,1.0,1.0,1.0,1.0,1.0,1.0,1.0,1.0,1.0,1.0,1.0
TEST_06+4일,1.0,1.0,7.393441200256348,1.0800179243087769,1.0,1,11.203614234924316,1.0,1.0,1.0,1.0,1,1.0,1.0,1.0,1.0,1.0,1.0,1.0,1.0,1.0,1.0,1,1,1,1.0,1,14.113624572753906,9.360517501831055,3.4115149974823,1.6633949279785156,1.0,1.0,1.0,1.0,2.1400246620178223,13.331892013549805,4.576501369476318,1.0,12.162654876708984,6.0134596824646,1.0,1.0,1.0,1,1.0,1.0,2.8047075271606445,1.0,1.0,15.120931625366211,1.0,8.659821510314941,1.0,1.0,1,1.0,1.0,1.0,1.0,5.322719097137451,1.7681481838226318,1.2980930805206299,4.903205394744873,6.243471145629883,1.9937939643859863,1.0,1.0,1.0,1.0,1.2007474899291992,1.0,1.0,1,1.0,1.0,1,1.0,1,1.5895962715148926,1.487339735031128,1.0,1.0,1.0,1.0,1.0,2.633099317550659,1.0268292427062988,1.0,2.5402283668518066,3.732346534729004,2.4479286670684814,2.9896931648254395,4.023890972137451,1.0,1.0,1.0,1.0,5.495503902435303,4.849613189697266,1.2798057794570923,1.0,1.0,1.0,1.0,51.593353271484375,11.659797668457031,4.331070423126221,1.0,1.0,3.5320322513580322,1.0,1.0,1.0,1.0,1.0,1.0,1.0,1.0,1.0,1.0,46.257408142089844,1,1.0,1.0,1.0,1.0,1.0,1.0,1.0,1.0,1.0,1.0,1.4610460996627808,1.0,4.07056999206543,2.026252508163452,1.0,1.2258650064468384,8.683015823364258,1.0,1.0,2.377504348754883,1.0,40.225250244140625,20.9068660736084,1.0,130.07183837890625,50.209381103515625,47.61906051635742,33.851783752441406,11.23443603515625,5.824981212615967,119.0425796508789,83.37478637695312,76.65255737304688,49.046321868896484,9.707703590393066,1.0,31.100839614868164,32.10527801513672,1.488825798034668,27.434612274169922,11.823772430419922,46.31421661376953,61.50117874145508,21.998920440673828,1.0,185.86302185058594,19.916637420654297,43.367042541503906,56.27772521972656,18.382619857788086,10.53062915802002,31.65445899963379,92.5188217163086,22.090129852294922,1.0,28.356260299682617,1.0,1.0,1.0,1.0,1.0,1.0,1.0,1.0,1.0,1.0,1.0,1.0,1.0,1.0
TEST_06+5일,1.0,1.0,5.754189491271973,1.2784409523010254,1.0,1,10.549649238586426,1.0,1.0,1.0,1.0,1,1.0,1.0,1.0,1.0,1.0,1.0,1.0,14.486732482910156,13.405902862548828,1.0,1,1,1,1.0,1,1.0,9.222745895385742,3.0771658420562744,7.80778169631958,2.0326590538024902,1.0,1.0,1.0,1.0,17.17688751220703,3.4962611198425293,1.1105319261550903,14.885924339294434,21.8822078704834,1.0,1.0,1.0,1,1.0,1.0,2.5888383388519287,1.0,1.969725251197815,19.067819595336914,1.0,5.044623851776123,1.0,1.2899035215377808,1,1.0,1.1199926137924194,1.0,1.0,7.245274543762207,1.0,1.4099867343902588,2.240434408187866,4.699769496917725,1.0,1.0,1.0,1.0,1.0,2.985907793045044,1.6410409212112427,1.0,1,1.225632905960083,1.0,1,1.0,1,1.6987026929855347,1.0,1.0,1.0,1.0,1.0,1.0,4.77329158782959,2.807016611099243,4.107040882110596,1.9174734354019165,152.8100128173828,1.0911527872085571,1.625698447227478,3.026339054107666,1.0,2.242535352706909,1.0,1.0,6.811529636383057,5.6864166259765625,1.0,1.0,1.4127284288406372,1.0,1.0,47.229434967041016,23.798398971557617,3.3775060176849365,1.0,1.0,5.527848243713379,1.0,1.0,1.0,1.0,1.0,1.4328398704528809,1.0,1.8387330770492554,1.0,1.0,136.28048706054688,1,1.0,1.0,1.076703429222107,1.0,1.0,1.0,1.6009718179702759,1.0331485271453857,1.0,1.0,1.5855623483657837,2.158663272857666,7.0494184494018555,2.350037097930908,1.0,1.9832156896591187,4.214103698730469,1.7361760139465332,1.0,3.128615140914917,3.0959134101867676,49.13615417480469,37.44622039794922,1.0,91.88954162597656,42.5546760559082,43.284488677978516,31.15644073486328,45.8531608581543,5.210054397583008,120.9310073852539,89.86207580566406,64.95018005371094,39.868408203125,10.359344482421875,1.0,41.84809494018555,31.497095108032227,5.2693400382995605,28.807039260864258,15.707864761352539,45.5604362487793,59.09156036376953,16.902498245239258,1.0,414.9477844238281,1.0,1.0,111.37161254882812,17.56774139404297,21.607940673828125,33.41071319580078,90.9231948852539,9.815070152282715,3.888483762741089,36.95057678222656,6.474209308624268,1.0,1.0,1.0,1.0,1.0,1.0,1.0,1.0,1.0,1.0,1.0,1.0,1.0
TEST_06+6일,1.0,1.0,8.395039558410645,3.064803123474121,1.0,1,10.038597106933594,1.0,1.0,1.0,1.0,1,1.0,1.0,1.0,1.0,11.003844261169434,1.0,1.0,5.520122528076172,1.0,1.0,1,1,1,1.0,1,62.75291061401367,7.99048376083374,1.370356798171997,1.969649076461792,2.7547645568847656,1.5334573984146118,1.0,1.0,1.0,27.94194793701172,6.48684024810791,1.0,26.564361572265625,5.736135959625244,1.0,1.0,1.0,1,1.6812978982925415,1.0,3.5654549598693848,1.0,1.4164414405822754,24.2385311126709,1.0,7.615029335021973,1.0,2.8335793018341064,1,1.3904303312301636,1.0,1.0,1.0,13.812018394470215,2.3658525943756104,1.2277830839157104,10.513337135314941,49.05862045288086,1.3553334474563599,1.0,1.0,1.8214287757873535,1.0,2.4630839824676514,2.3730947971343994,1.0,1,3.174614191055298,1.0,1,2.0176868438720703,1,2.4081473350524902,1.3111345767974854,2.055521249771118,1.0,1.0,4.195382595062256,6.378748893737793,4.886063575744629,1.0,2.4132752418518066,2.051236152648926,15.041712760925293,1.0,2.7369353771209717,8.76858901977539,2.044271945953369,1.698122262954712,1.0,1.0,11.340371131896973,7.0439229011535645,1.246806025505066,1.0,1.1129223108291626,1.0,1.0,51.357200622558594,28.62769317626953,1.775672197341919,1.0,1.0,2.9153544902801514,1.0,1.0,1.0,1.0,1.0,1.3641140460968018,1.0,1.0,1.0,1.0,60.284881591796875,1,1.0,1.0,1.0,1.2995812892913818,1.0,1.0,1.0,1.0,1.0,1.0,4.444665431976318,2.7988953590393066,9.065764427185059,4.865654468536377,1.7472907304763794,3.2570762634277344,14.111207008361816,1.0,1.0,2.369976282119751,4.3925275802612305,55.1471061706543,52.63936233520508,1.0,134.45655822753906,56.022491455078125,48.325626373291016,34.26497268676758,37.46133804321289,4.686939239501953,139.57008361816406,118.59185791015625,97.26171875,39.805606842041016,14.10700798034668,1.0,32.52881622314453,36.90258026123047,4.797457695007324,41.31621170043945,20.1527156829834,57.03447341918945,73.2623519897461,15.328993797302246,1.0,456.9215087890625,437.6895751953125,33.807029724121094,181.6143798828125,26.942258834838867,57.424747467041016,42.801605224609375,130.74642944335938,20.1624698638916,4.276757717132568,39.778076171875,9.605912208557129,1.0,1.0,1.0,1.0,1.0,1.0,1.0,1.0,1.0,1.0,1.0,1.0,1.0
TEST_06+7일,3.68448805809021,1.0,9.068123817443848,3.2545714378356934,1.0,1,17.705461502075195,1.0,1.0,1.0,1.0,1,1.0,1.0,1.0,1.0,1.0,1.0,1.0,1.0,1.0,1.0,1,1,1,1.0,1,48.02857208251953,12.5503568649292,3.6935830116271973,4.357295513153076,4.9564528465271,5.15410852432251,1.4996241331100464,1.0,2.334606170654297,42.62376403808594,15.761351585388184,7.203066825866699,36.46784591674805,13.370471954345703,1.0,1.0,1.0,1,3.41562557220459,1.0,9.325908660888672,1.0,4.802038669586182,38.63901901245117,1.0,8.948847770690918,1.0,7.940006256103516,1,2.004929542541504,3.0350379943847656,1.0,1.0,20.49901008605957,2.811549425125122,2.496962785720825,14.127889633178711,9.118167877197266,1.0,1.0,1.0,3.3586833477020264,1.0,3.324620485305786,2.7604215145111084,1.0323333740234375,1,3.707026720046997,1.0,1,1.388502597808838,1,4.771609783172607,2.0927655696868896,3.185664653778076,1.0,1.0,1.6802759170532227,4.366034984588623,3.250577449798584,1.3702764511108398,3.209528923034668,5.05340051651001,1.0,1.0,4.847436904907227,11.417351722717285,3.321197986602783,1.0,1.0,1.0,1.1633960008621216,8.692001342773438,2.0492594242095947,1.0,2.453472852706909,1.0,49.46575164794922,19.19189453125,30.25190544128418,5.49643611907959,2.561267852783203,3.8698413372039795,4.594818115234375,1.0,2.3090271949768066,1.0,1.0,1.6520103216171265,4.170392990112305,1.518092155456543,2.7168781757354736,1.2437331676483154,1.0,17.473163604736328,1,1.0,1.0,1.0,1.0,1.0,1.0,1.0,1.0,1.0,1.0,7.409291744232178,10.44677448272705,13.686976432800293,4.324927806854248,4.597636699676514,4.9222517013549805,17.767431259155273,4.714444160461426,1.9474196434020996,4.9076313972473145,4.432194709777832,57.20656204223633,53.03913116455078,5.67519474029541,104.63390350341797,58.93492889404297,82.41424560546875,46.49961853027344,61.776222229003906,8.47147274017334,209.7742919921875,166.345947265625,147.5221710205078,56.75251770019531,19.806249618530273,1.0,43.75593185424805,51.53352737426758,6.808284759521484,57.02383041381836,20.036224365234375,83.84042358398438,90.90751647949219,42.316497802734375,1.0,615.5387573242188,305.3764343261719,78.55811309814453,203.00035095214844,90.66413879394531,69.06785583496094,50.9573974609375,252.85861206054688,39.654388427734375,14.149243354797363,68.95121765136719,51.84856033325195,1.0,1.0,1.0,1.0,1.0,1.0,1.0,1.0,1.0,1.0,1.0,1.0,1.0
TEST_07+1일,1.0,1.0,2.984253406524658,1.721477746963501,1.0,1,1.0,1.0,1.0,1.0,1.0,1,1.0,1.0,1.0,1.0,1.0,1.0,1.0,1.0,1.0,1.0,1,1,1,1.0,1,1.0,1.0,1.0,1.0,1.0,1.0,1.0,1.0,1.0,8.331161499023438,1.0,1.0,6.764898777008057,1.0,1.0,1.0,1.0,1,1.2007238864898682,1.0,1.0,1.0,2.218111991882324,3.126014232635498,1.0,2.487592935562134,1.0,1.25864577293396,1,1.0,1.0,1.0,1.0,2.4560768604278564,2.493326425552368,1.158652663230896,2.1249706745147705,1.2132230997085571,1.0,1.0,1.0,1.0,1.0,1.0,1.0,1.0,1,1.0,1.0,1,1.0,1,1.0,1.0,1.0,1.0,1.0,1.0,1.0,1.0,1.0,1.0,1.1905953884124756,1.0,1.0,1.436788558959961,3.6735129356384277,1.0,1.0,1.0,1.0,1.5737497806549072,1.6356892585754395,1.0,1.0,1.0,1.0,21.086450576782227,1.0,2.9431562423706055,1.0,1.0,1.0,2.2281270027160645,1.0,1.0,1.0,1.0,1.0,1.0,1.0,1.0,1.0,1.0,24.141979217529297,1,1.0,1.0,1.0,1.0,1.0,1.0,1.0,1.0,1.0,1.0,1.0,1.0,1.0,1.0,1.0,1.0,1.0,1.0,1.0,1.0,1.0,1.835737943649292,1.0,1.0,35.45747756958008,1.486352562904358,1.0,2.088701009750366,1.0,1.0,6.289522647857666,1.0,1.0,3.5430259704589844,1.1890168190002441,1.0,1.0,1.1621159315109253,1.0,2.00616192817688,1.0,1.849965214729309,1.0,1.0,1.0,1.0,1.0,5.391227722167969,24.539993286132812,1.0,1.0,16.721445083618164,8.920547485351562,1.0,1.0,9.210460662841797,1.0,1.0,1.0,1.0,1.0,1.0,1.0,1.0,1.0,1.0,1.0,1.0,1.0,1.0
TEST_07+2일,1.0,1.0,1.0,1.0,1.0,1,9.038456916809082,1.0,1.0,1.0,1.0,1,1.0,1.0,1.0,1.0,1.0,1.0,1.0,1.0,1.0,1.0,1,1,1,1.0,1,1.0,2.300377368927002,1.0,1.0,1.0,1.0,1.0,1.0,1.0,5.739111423492432,1.0,1.0,4.4599995613098145,1.0,1.0,1.0,1.0,1,1.0,1.0,1.0,1.0,1.0,3.130552053451538,1.0,1.3404191732406616,1.0,1.0,1,1.0,1.0,1.0,1.0,1.540781855583191,2.7922732830047607,1.2648721933364868,2.4045095443725586,1.0,1.0,1.0,1.0,1.0,1.0,1.0,1.0,1.0,1,1.0,1.0,1,1.0,1,1.0,1.0,1.0,1.0,1.0,1.0,1.0,1.0,1.0,1.0,1.0,1.0,1.0,1.0,4.725553035736084,1.0,1.0,1.0,1.0,1.0,1.0,1.0,1.0,1.0,1.0,1.0,10.501551628112793,4.054388999938965,1.8401812314987183,1.0,1.0,2.4066426753997803,1.0,1.0,1.0,1.0,1.0,1.0,1.0,1.0,1.0,1.0,10.494662284851074,1,1.0,1.0,1.0,1.0,1.0,1.0,1.0,1.0,1.0,1.0,1.0,1.0,1.0,1.0,1.0,1.0,1.0,1.0,1.0,1.0,1.0,1.0,1.0,1.0,54.50938034057617,1.0,1.0,1.6222054958343506,1.0,1.0,1.9532721042633057,1.0,1.0,2.1604909896850586,1.0,1.0,1.0,1.0,1.0,1.0,1.0,1.0,1.0,1.0,1.0,1.0,1.0,1.0,1.0,1.0,1.0,12.186325073242188,19.884628295898438,1.0,1.0,3.2320454120635986,1.0,1.0,1.0,1.0,1.0,1.0,1.0,1.0,1.0,1.0,1.0,1.0,1.0,1.0
TEST_07+3일,1.0,1.0,1.9480016231536865,1.0882452726364136,1.0,1,3.7614972591400146,1.0,1.0,1.0,1.0,1,1.0,1.0,1.0,1.0,1.0,1.0,1.0,1.0,1.0,1.0,1,1,1,1.0,1,1.0,1.0,1.0,1.0,1.0,1.0,1.0,1.0,1.0,2.997459650039673,1.092872142791748,1.0,4.542866230010986,1.0,1.0,1.0,1.0,1,1.0,1.0,1.0,1.0,1.0,2.923626184463501,1.0,2.1011340618133545,1.0,1.0,1,1.0,1.0,1.0,1.0,1.515978455543518,1.4295406341552734,1.0,2.265382766723633,1.0,1.0,1.0,1.0,1.0,1.0,1.0,1.0,1.0,1,1.0,1.0,1,1.0,1,1.0,1.0,1.0,1.0,1.0,1.0,1.0,1.0,1.0,1.0,1.0,1.0,1.256661295890808,1.0,3.0497374534606934,1.0,1.0,1.0,1.0,1.0,1.1259206533432007,1.0,1.0,1.0,1.0,1.0,1.0,1.811755895614624,1.0,1.0,1.0,1.0,1.0,1.0,1.0,1.0,1.0,1.0,1.0,1.0,1.0,1.0,16.133342742919922,1,1.0,1.0,1.0,1.0,1.0,1.0,1.0,1.0,1.0,1.0,1.0,1.0,1.0,1.0,1.0,1.0,1.0,1.0,1.0,1.0,1.0,1.0,1.0,1.0,20.748180389404297,2.497377634048462,1.0,1.0,1.0,1.0,6.427696228027344,1.0,1.0,2.267538070678711,1.0,1.0,1.0,1.0,1.0,1.0,1.0,1.0,1.0,1.0,1.0,33.12700271606445,1.0,1.0,1.0,1.0,1.0,5.977288246154785,4.008486270904541,1.0,1.0,14.043595314025879,1.0,1.0,1.0,1.0,1.0,1.0,1.0,1.0,1.0,1.0,1.0,1.0,1.0,1.0
TEST_07+4일,1.0,1.0,2.579658269882202,1.406628966331482,1.0,1,7.226787567138672,1.0,1.0,1.0,1.0,1,1.0,1.0,1.0,1.0,1.0,1.0,1.0,1.0,1.0,1.0,1,1,1,1.0,1,1.0,1.1334553956985474,1.0,1.0,1.0,1.0,1.0,1.0,1.0,3.7964236736297607,1.401666522026062,1.0,6.147005558013916,1.0,1.0,1.0,1.0,1,1.0,1.0,1.0,1.0,1.0,3.378312587738037,1.0,2.707062244415283,1.0,1.0,1,1.0,1.0,1.0,1.0,1.0,1.0,1.0,1.8427331447601318,1.0,1.0,1.0,1.0,1.0,1.0,1.0,1.0,1.0,1,1.0,1.0,1,1.0,1,1.0,1.0,1.0,1.0,1.0,1.0,1.0,1.0,1.0,1.0,1.0,1.0,1.964712142944336,1.0,2.2680845260620117,1.0,1.0,1.0,1.0,1.0,1.0,1.0,1.0,1.0,1.0,1.0,3.3168442249298096,1.039372444152832,1.4582270383834839,1.0,1.0,1.839015245437622,1.0,1.0,1.0,1.0,1.0,1.0,1.0,1.0,1.0,1.0,15.397774696350098,1,1.0,1.0,1.0,1.0,1.0,1.0,1.0,1.0,1.0,1.0,1.0,1.0,1.0,1.0,1.0,1.0,1.0,1.0,1.0,1.0,1.0,1.0,1.0,1.0,38.45513153076172,1.7463152408599854,1.0,1.0,1.0,1.0,1.3199689388275146,1.0,1.0,2.193336009979248,1.0,1.0,1.0,1.0,1.0,1.0,1.0,1.0,1.0,1.0,1.0,1.0,1.0,1.0,1.0,1.0,1.0,5.116859436035156,3.5369389057159424,1.0,1.0,8.363860130310059,1.0,1.0,1.0,1.0,1.0,1.0,1.0,1.0,1.0,1.0,1.0,1.0,1.0,1.0
TEST_07+5일,1.0,22.94944190979004,1.0039474964141846,1.5935088396072388,1.0,1,18.485395431518555,1.0,1.0,1.0,1.0,1,1.0,1.0,1.0,1.0,1.1780626773834229,1.0,1.0,35.30506134033203,19.84544563293457,1.0,1,1,1,1.0,1,1.0,1.4032319784164429,1.0,1.0,1.0,1.0,1.0,1.0,1.0,4.652101993560791,1.0,1.0,5.473421573638916,1.7460334300994873,1.0,1.0,1.0,1,1.0,1.0,1.0,1.0,1.0,4.918063163757324,1.0,2.970702886581421,1.0,1.0,1,1.0,1.0,1.0,1.0,1.0711301565170288,1.0,1.0,2.737049102783203,1.0,1.0,1.0,1.0,1.0,1.0,1.0,1.0,1.0,1,1.0,1.0,1,1.0,1,1.0,1.0,1.0,1.0,1.0,1.0,1.0,1.0,1.0,1.0,1.0,19.09198570251465,1.0,1.0,3.7125635147094727,1.0,1.0,1.0,1.0,3.215160846710205,1.133540153503418,1.0,1.0,1.0,1.0,1.0,7.22306489944458,1.0843307971954346,1.0,1.0,1.0,3.8270912170410156,1.0,1.0,1.0,1.0,1.0,1.0,1.0,1.0,1.0,1.0,1.0,1,1.0,1.0,1.0,1.0,1.0,1.0,1.0,1.0,1.0,1.0,1.0,1.0,1.0,1.0,1.0,1.0,1.0,1.0,1.0,1.0,1.0,1.0,1.0,1.0,21.47123146057129,1.0,1.0,1.0,1.0,1.0,1.7957247495651245,1.0,1.0,4.361456394195557,1.0,1.0,1.0,1.0,1.0,1.0,1.866068959236145,1.0,1.0,1.0,1.0,23.054136276245117,1.0,1.0,1.0,1.0,1.0,2.992652654647827,1.0,1.0,1.0,1.0,1.0,1.0,1.0,1.0,1.0,1.0,1.0,1.0,1.0,1.0,1.0,1.0,1.0,1.0
TEST_07+6일,1.0,1.0,6.832151889801025,4.764266014099121,1.0,1,17.176239013671875,1.0,1.0,1.0,1.0,1,1.0,1.0,1.0,1.0,19.51215362548828,1.0,1.0,11.372934341430664,7.796044826507568,1.0,1,1,1,1.0,1,24.82304573059082,1.7451331615447998,1.0,1.0,1.0,1.0,1.0,1.0,1.0,17.455049514770508,4.905257225036621,1.0,19.44582176208496,1.0,1.0,1.0,1.0,1,2.426032543182373,1.0,2.6138405799865723,1.0,2.0701355934143066,7.444049835205078,1.0,4.0681328773498535,1.0,1.0,1,1.4054194688796997,1.0,1.0,1.0,3.8358917236328125,3.1092705726623535,1.0,5.452259063720703,1.0,1.0,1.0,1.0,1.0,1.0,1.0,1.0,1.0,1,1.0,1.0,1,1.0,1,1.0,1.0,1.0,1.0,1.0,1.0,1.0,1.0,1.0,1.0,1.0,10.29456901550293,1.0,1.9713037014007568,4.7849626541137695,1.0,1.0,1.0,1.0,6.421701431274414,3.495680332183838,1.0,1.0,1.0,1.0,1.0,14.24880599975586,3.6204400062561035,2.6240522861480713,1.0,1.0,3.798140525817871,1.0,1.0,1.0,1.0,1.0,1.0,1.0,1.0,1.0,1.0,26.550783157348633,1,1.0,1.0,1.0,1.0,1.0,1.0,1.0,1.0,1.0,1.0,1.9895060062408447,1.0,1.8132473230361938,1.0873000621795654,1.0,1.0,4.686846733093262,1.0,1.0,1.0,1.0,1.2582464218139648,1.0,1.0,35.729278564453125,2.4862449169158936,1.0,2.0400290489196777,1.0,1.0,4.086104869842529,1.0,1.0,6.507397651672363,1.0,1.0,1.0,1.5992412567138672,1.0,2.227626323699951,1.0,1.0,1.0,1.0,1.0,36.719844818115234,111.3338394165039,1.0,1.0,1.0,1.0,1.5966153144836426,1.9577462673187256,1.0,1.0,19.179689407348633,1.0,1.0,1.0,1.0,1.0,1.0,1.0,1.0,1.0,1.0,1.0,1.0,1.0,1.0
TEST_07+7일,1.0,1.0,10.153884887695312,8.518355369567871,1.0,1,6.058075428009033,1.0,1.0,1.0,1.0,1,1.0,1.0,1.0,1.0,1.0,2.15614652633667,1.0,1.0,1.0,1.0,1,1,1,1.0,1,6.180288314819336,1.0,1.0,1.0,1.824366807937622,1.0,1.2139559984207153,4.771926403045654,1.0159814357757568,20.45274543762207,2.5700900554656982,1.3978691101074219,19.318492889404297,6.1950225830078125,1.0,1.0,1.0,1,1.5707879066467285,1.0,4.686673164367676,1.0,6.236292839050293,9.224308967590332,1.0,5.80307674407959,1.0,1.3125804662704468,1,1.0,1.0,1.0,1.0,7.999833106994629,6.931795120239258,2.619032859802246,6.887015342712402,3.6042864322662354,1.0,1.0,1.0,1.0,1.0,1.0,1.0,1.0,1,1.0,1.0,1,1.0,1,1.0,1.0,1.0,1.0,1.0,1.0,1.0,1.0,1.0,1.0,1.0,1.0,1.5719703435897827,3.9556961059570312,15.023136138916016,2.92567777633667,1.0,1.0,1.0,1.0,9.291512489318848,4.712705612182617,1.0905797481536865,1.0,1.0,35.34283447265625,1.0,13.239171981811523,9.989178657531738,2.4547882080078125,1.0,9.402183532714844,1.3556181192398071,2.291661024093628,1.2679126262664795,1.0,1.0,2.2752633094787598,1.1053166389465332,1.0,2.8460206985473633,1.0078624486923218,30.941951751708984,1,1.0,1.0,1.0,1.0,1.0,1.0,1.0,1.0,1.0,1.0,7.777481555938721,1.0,3.0388994216918945,2.9083774089813232,1.0,1.6016044616699219,7.914749622344971,1.0,1.7284904718399048,1.369598627090454,3.0117506980895996,1.0145455598831177,1.0,1.0,19.09450912475586,2.3183462619781494,1.0,1.9479165077209473,1.0,1.0,4.193429470062256,1.0,1.0,9.188871383666992,2.2742726802825928,1.0,1.0,3.82296085357666,1.0,2.9193060398101807,2.022953748703003,1.0,1.0,1.0,1.0,47.76389694213867,1.0,1.0,1.0,1.0,1.0,8.41640567779541,19.39847755432129,1.0,1.0989081859588623,4.74693489074707,1.0,1.0,1.0,1.0,1.0,1.0,1.0,1.0,1.0,1.0,1.0,1.0,1.0,1.0
TEST_08+1일,3.554762840270996,1.0,5.751638412475586,3.7423243522644043,1.0,1,1.8594869375228882,1.0,1.0,1.0,1.0,1,1.0,1.0,3.051164150238037,1.0,1.0,1.0,1.0,1.0,1.0,1.0,1,1,1,1.0,1,1.0,19.596656799316406,2.1968328952789307,3.415252208709717,5.841248035430908,1.1718714237213135,2.473618984222412,1.0,7.1706695556640625,45.11429977416992,1.0,2.1448142528533936,26.969552993774414,18.425025939941406,2.1984174251556396,3.1585006713867188,1.0,1,3.3648219108581543,1.0,2.9240739345550537,1.0,3.1725993156433105,10.41960334777832,1.0,6.9090657234191895,1.0,8.395886421203613,1,1.0,1.0,1.0,1.0,6.656252861022949,13.430155754089355,21.329370498657227,8.897666931152344,36.17790222167969,2.542616844177246,1.0,2.3371517658233643,6.11600923538208,1.0,1.0,1.9460099935531616,1.0,1,2.9932637214660645,1.0,1,2.6410160064697266,1,1.6829588413238525,1.0,1.0,1.0,1.0,2.3543541431427,1.0,1.712845802307129,1.0,3.8682851791381836,4.042474746704102,1.0,1.0,2.929041624069214,2.750123977661133,1.0,1.0,1.0,1.0,19.23930549621582,4.896905422210693,2.9433813095092773,1.0,3.73899507522583,1.0,148.32131958007812,7.223832130432129,32.12655258178711,1.864824652671814,1.4977552890777588,1.0,2.605452060699463,1.0,1.0,1.0,1.0,1.0,1.0,1.0,1.2442653179168701,1.5979700088500977,1.0,58.01679229736328,1,1.0,1.0,1.0,1.0,1.0,1.0,1.0,1.0,1.0,1.0,1.0,1.0,1.0,1.0,1.0,1.0,1.0,1.0,1.0,1.0,1.0,2.640988826751709,1.0,1.0,75.78680419921875,5.693424224853516,1.0,4.2888641357421875,1.0,1.0,11.513972282409668,1.0,1.0,15.459085464477539,3.621365547180176,1.0,1.0,7.951106071472168,1.0,7.178290367126465,2.794010639190674,5.795128345489502,1.0,1.0,7.210832595825195,1.0,1.0,5.818552017211914,20.072175979614258,1.0,2.8499016761779785,17.4364070892334,18.788631439208984,1.0,1.0,2.163374423980713,1.0,42.39469528198242,15.844377517700195,63.52440643310547,1.0,38.063819885253906,20.121957778930664,16.097509384155273,283.5617370605469,34.056541442871094,84.73016357421875,83.85128784179688,13.511804580688477,50.38304138183594
TEST_08+2일,1.0,3.3460183143615723,1.0,1.0,1.0,1,17.711950302124023,1.0,1.0,1.0,1.0,1,1.0,1.0,1.0,1.0,1.0,1.0,1.0,8.48151683807373,3.165532112121582,1.0,1,1,1,1.0,1,1.0,13.343344688415527,1.0,1.0,1.36929452419281,1.0,1.0,1.0,2.168057680130005,19.298776626586914,1.0,1.0,15.400636672973633,13.390707015991211,1.0,2.030454397201538,1.0,1,1.0,1.0,1.266839623451233,1.0,1.0599870681762695,6.712575435638428,1.0,5.846736907958984,1.0,1.0,1,1.0,1.0,1.0,1.0,1.812817931175232,9.885711669921875,18.161897659301758,8.399883270263672,9.097175598144531,1.0,1.0,1.0,1.0,1.0,1.0,1.0,1.0,1,1.0,1.0,1,1.0,1,1.0,1.0,1.0,1.0,1.0,1.0,1.0,1.0,1.0,1.0,1.0,1.0,1.0,1.0,3.0715839862823486,1.0,1.0,1.0,1.0,12.201520919799805,5.346755504608154,1.0427117347717285,1.0,1.0,1.0,1.0,67.45089721679688,11.657124519348145,2.22511887550354,2.4844143390655518,1.0,2.013369083404541,1.0,1.184678554534912,1.0,1.0,1.951780915260315,1.0,1.0,1.4599175453186035,1.0,1.0,96.37110900878906,1,1.0,1.0,1.0,1.0,1.0,1.0,1.0,1.0,1.0,1.0,1.0,1.0,1.0,1.0,1.0,1.0,1.0,1.0,1.0,1.0,1.0,1.6014635562896729,1.0,1.0,129.2110137939453,6.191710472106934,1.0,2.847956418991089,1.0,1.0,11.442262649536133,1.0,1.0,16.414579391479492,1.0,1.0,1.0,5.516908168792725,1.0,6.00071382522583,1.0,2.8882062435150146,1.0,1.0,2.5549943447113037,1.0,1.0,1.0,1.0,1.0,1.0,14.13508415222168,32.5050048828125,1.0,1.0,1.0,1.0,1.0,1.0,15.93989086151123,1.0,1.0,1.0,1.0,239.73097229003906,1.0,11.092744827270508,8.45794677734375,1.0,1.0
TEST_08+3일,1.0,1.0,2.526535987854004,1.0,1.0,1,13.85789966583252,1.0,1.0,1.0,1.0,1,1.0,1.0,1.0,1.0,1.0,1.0,1.0,1.0,5.547108173370361,1.0,1,1,1,1.0,1,67.28215026855469,12.804583549499512,2.5625007152557373,2.3617494106292725,1.0,1.0,1.0,2.3665072917938232,5.789719581604004,15.077088356018066,1.0,1.0,12.980692863464355,10.69832706451416,1.0,3.4244420528411865,1.0,1,1.180436611175537,1.0,1.7258386611938477,1.0,1.0,3.3478708267211914,1.0,6.116043567657471,1.0,2.851824998855591,1,1.0,1.0,1.0,1.0,1.0,5.741771221160889,11.857504844665527,3.596743583679199,8.973922729492188,1.0,1.0,1.8214257955551147,2.3987467288970947,1.0,1.243733525276184,2.3183481693267822,1.0,1,2.600174903869629,1.0,1,1.2837828397750854,1,1.8140788078308105,1.0,1.0,1.0,1.0,1.0,1.3672683238983154,1.898398518562317,1.0,2.660079002380371,4.910660743713379,1.0,2.043640613555908,1.0170423984527588,1.3622277975082397,1.0,1.0,1.0,1.0,13.861804962158203,5.810307502746582,3.070096731185913,1.0,5.709301948547363,1.0,1.0,26.755779266357422,4.393567085266113,2.49729585647583,1.4176560640335083,1.0,1.0,1.0,1.0,1.0,1.0,1.1945881843566895,1.0,1.0,3.1923069953918457,1.0,1.0,39.381591796875,1,1.0,1.0,1.0,1.0,1.0,1.0,1.0,1.1856074333190918,1.0,1.0,1.0,1.0,1.0,1.0,1.0,1.0,1.0,1.0,1.0,1.0,1.0,1.0,1.0,1.0,226.9003143310547,7.0037689208984375,1.0,3.755502462387085,1.0,1.0,7.269041061401367,1.0,1.0,11.872161865234375,1.0,125.28495025634766,1.0,3.7375106811523438,1.0,2.7048468589782715,1.0,3.707321882247925,1.0,1.0,4.061321258544922,97.41886138916016,34.77195358276367,1.0,1.0,1.0,1.0,3.2631101608276367,1.0,1.0,1.0,7.932267665863037,1.0,47.384891510009766,18.01973533630371,54.86489486694336,2.567239284515381,29.484785079956055,20.54218864440918,20.82952117919922,357.83404541015625,61.250370025634766,119.99893951416016,95.68405151367188,18.358179092407227,43.128299713134766
TEST_08+4일,1.0,32.81100845336914,1.6397923231124878,1.0,1.0,1,20.953969955444336,1.0,1.0,1.0,1.0,1,1.0,1.0,1.0,1.0,24.453540802001953,1.0,1.0,2.0570642948150635,1.0,1.0,1,1,1,1.0,1,1.0,14.514251708984375,1.582870602607727,1.526328206062317,1.0,1.0,1.0,1.0,8.517375946044922,19.9886531829834,1.0,1.0,13.939037322998047,8.777528762817383,1.0,1.2724359035491943,1.0,1,1.0,1.0,2.8527379035949707,1.0,1.0,8.919415473937988,1.0,7.056961536407471,1.0,1.4244916439056396,1,1.0,1.0,1.0,1.0,3.5124619007110596,4.484236717224121,22.862930297851562,3.427952527999878,13.609304428100586,2.5206844806671143,1.0,1.0,3.354461431503296,1.0,1.5245956182479858,1.0,1.0,1,3.357556104660034,1.0,1,2.1165714263916016,1,3.1803503036499023,1.0,1.0,1.0,1.0,1.0,1.0,4.1941447257995605,1.0,1.118837833404541,2.4172592163085938,16.697912216186523,4.858451843261719,1.0,2.166449546813965,1.0,1.0,1.0,1.0,18.643625259399414,4.554908275604248,1.9818735122680664,1.0,2.9795939922332764,1.0,1.0,54.846168518066406,1.0,1.0,1.2981960773468018,1.0,2.103320837020874,1.0,1.0,1.0,1.0,1.0,1.0,1.0,1.0,1.0,1.0,22.245288848876953,1,1.0,1.0,1.0,1.0,1.0,1.0,1.0,1.0,1.0,26.049802780151367,1.0,1.0,1.0,1.0,1.0,1.0,1.0,1.0,1.0,1.0,1.0,2.431966543197632,1.0,59.35145568847656,118.22789001464844,6.4087324142456055,1.0,2.7331159114837646,1.0,1.0,6.341067790985107,1.0,1.0,19.142778396606445,1.1098462343215942,93.5896987915039,1.0,5.693110466003418,1.0,3.192531108856201,1.7643918991088867,2.3462517261505127,1.0,1.0,3.263796091079712,1.0,1.0,1.0,1.0,1.0,1.0,6.631398677825928,1.0,1.1424206495285034,1.0,1.0,1.0,34.97620391845703,15.723151206970215,52.0280647277832,7.924767971038818,26.850868225097656,8.598517417907715,14.229048728942871,317.916015625,58.88627243041992,84.17179107666016,190.61734008789062,34.37876510620117,52.54257583618164
TEST_08+5일,1.0,11.722969055175781,1.4694170951843262,1.4243249893188477,1.0,1,41.172733306884766,1.0,1.0,1.0,1.0,1,1.0,1.0,1.0,1.0,22.940948486328125,1.0,1.0,143.88323974609375,57.88084411621094,1.0,1,1,1,1.0,1,3.1950087547302246,11.698908805847168,1.0,1.3128082752227783,4.222815036773682,1.7024950981140137,1.0,1.0,3.5933518409729004,24.038497924804688,1.0,1.0,16.865018844604492,16.756906509399414,1.2533680200576782,2.970571994781494,1.0,1,1.0,1.0,3.247117042541504,1.0,1.0,5.996185302734375,1.0,11.078550338745117,1.0,3.9639878273010254,1,1.6831531524658203,1.0,1.0,1.0,3.717872142791748,4.46490478515625,4.56489896774292,5.169299602508545,3.7014734745025635,2.72442364692688,1.0,1.0,4.030917644500732,1.0,1.0536341667175293,2.0953714847564697,1.0,1,5.2058868408203125,1.0,1,2.4366109371185303,1,1.7351174354553223,1.0,1.0,1.0,1.0,1.0,1.0,3.6847240924835205,1.0,1.0,1.9450961351394653,38.11985778808594,1.1705931425094604,2.3115668296813965,3.787778854370117,1.0,5.883370399475098,1.0,1.0,10.07851791381836,9.073508262634277,1.0,1.0,1.4842275381088257,1.0,1.0,64.60540008544922,5.964288711547852,1.5363572835922241,1.3418352603912354,1.0,1.9874327182769775,1.0,1.0,1.0,1.0,1.0,1.0,1.0,2.3745315074920654,1.0,1.0,149.98129272460938,1,1.0,1.255682349205017,1.8645861148834229,1.0,1.0,1.0,1.0,1.257065773010254,1.0,1.0,1.0,1.0,1.0,1.0,1.0,1.0,1.0,1.0,1.0,1.0,1.0,1.9651163816452026,1.0,1.0,154.09056091308594,4.959274768829346,1.0,4.386349201202393,1.0,1.0,1.8154616355895996,1.0,1.0,9.950111389160156,1.0,1.0,1.0,5.58063268661499,1.0,3.330252170562744,2.8973779678344727,1.0,1.0,1.0,3.3249309062957764,37.90855026245117,1.0,1.0,1.0,1.0,1.0,9.053142547607422,1.0,1.0,1.0,1.0,1.0,42.44746398925781,8.037748336791992,51.744712829589844,6.906553745269775,37.05702209472656,29.380727767944336,14.423172950744629,299.3756103515625,69.05390167236328,72.30619049072266,230.42665100097656,39.59022521972656,62.24568557739258
TEST_08+6일,1.0,43.031986236572266,6.477186679840088,7.873514175415039,1.0,1,23.931806564331055,1.4215202331542969,4.9851975440979,1.0,1.0,1,1.0,1.6093839406967163,8.796780586242676,1.0427347421646118,28.945878982543945,1.0,1.0,41.138916015625,17.29184913635254,1.0,1,1,1,1.0,1,116.15450286865234,22.05957794189453,2.046104669570923,1.3564090728759766,4.514909744262695,1.0975502729415894,1.0,1.0,2.3044509887695312,38.49501037597656,1.0,1.0,36.44063186645508,24.58847427368164,1.0,3.8531782627105713,1.0,1,1.607304334640503,1.0,4.438271522521973,1.0,2.3446645736694336,7.668084621429443,1.0,10.073824882507324,1.0,6.16595983505249,1,1.1655384302139282,1.2317560911178589,3.85544490814209,1.0,5.188162803649902,1.3639910221099854,12.362354278564453,7.461265563964844,4.457759380340576,2.4812004566192627,1.0,1.0,3.8931751251220703,1.0,1.8120901584625244,2.5474345684051514,1.0,1,5.702632904052734,1.091217041015625,1,5.6216139793396,1,2.99910831451416,1.0,1.9684542417526245,1.0,1.0,1.1868361234664917,5.800784587860107,6.102138519287109,1.0,3.3453378677368164,4.526324272155762,64.32197570800781,2.8056411743164062,5.629925727844238,7.813923358917236,1.0,1.0,1.0,1.0,25.263792037963867,9.057082176208496,6.605705738067627,1.0,1.0,1.0,1.0,65.22904968261719,9.486559867858887,3.3851540088653564,3.027968645095825,2.655494451522827,7.911285400390625,2.5263078212738037,1.172194480895996,1.0,1.0,1.0,1.0,3.754955291748047,4.927817344665527,2.5166561603546143,1.0,77.01939392089844,1,1.0,1.041800856590271,1.0,1.0,1.0,1.0,1.0,1.0,1.0,1.0,4.246495246887207,1.0,5.190462589263916,1.8502452373504639,1.0,2.9008123874664307,5.610863208770752,1.0,1.0,1.0,1.0057194232940674,4.655960559844971,1.0,189.56060791015625,178.34361267089844,7.509091854095459,1.0,6.053104400634766,1.0,1.0,13.132856369018555,1.0,1.0,18.258882522583008,1.976035237312317,1.0,1.0,7.8978986740112305,1.0,5.240151405334473,1.7707035541534424,3.9799017906188965,1.0,1.0,9.222384452819824,76.7048568725586,131.95730590820312,1.0,1.0,1.0,1.0208563804626465,9.84516429901123,12.02263069152832,1.0,1.0,12.201382637023926,1.0,62.40983581542969,19.28139877319336,47.35993957519531,8.505451202392578,35.952552795410156,34.89937973022461,16.810749053955078,345.4878845214844,80.63697814941406,94.05398559570312,252.76202392578125,46.076316833496094,61.34516143798828
TEST_08+7일,8.825092315673828,1.0,5.744038105010986,8.054571151733398,1.0,1,23.650880813598633,1.0,1.0,1.0,1.5000144243240356,1,1.0,1.7534551620483398,6.245568752288818,1.1651791334152222,1.0,1.7418445348739624,1.0,28.987699508666992,1.0,1.0,1,1,1,1.0,1,35.50242233276367,20.41498374938965,4.296041965484619,4.076848030090332,3.786763906478882,3.263233184814453,2.2829575538635254,6.379612922668457,9.922903060913086,74.2020492553711,1.0,4.333981990814209,49.914127349853516,27.43538475036621,4.362644195556641,3.295769453048706,1.0,1,3.6843810081481934,1.0,4.442239284515381,1.0,2.253107786178589,6.772103786468506,1.0,9.870145797729492,1.0,10.137818336486816,1,4.799013614654541,5.974154472351074,2.7482290267944336,1.0,10.300049781799316,9.79675006866455,21.034000396728516,10.103110313415527,16.216571807861328,2.472513437271118,1.0,1.796845555305481,5.2301506996154785,1.0,2.4798636436462402,2.0590298175811768,1.0,1,7.248101711273193,1.7205806970596313,1,3.1923980712890625,1,3.2760722637176514,1.0,1.0,1.0,1.0,3.0697836875915527,3.180222272872925,5.27639627456665,1.0,2.7348990440368652,4.645152568817139,1.0,1.1255170106887817,4.589320182800293,9.921664237976074,1.0,1.0,1.0,1.0,6.130675792694092,12.624808311462402,6.771678924560547,1.0,7.247719764709473,1.0,133.03489685058594,6.768403053283691,24.344560623168945,4.552292346954346,4.310800552368164,2.5067057609558105,1.6324706077575684,1.0,1.7366714477539062,1.7972530126571655,1.0,2.1906306743621826,1.0,2.0294296741485596,2.7472805976867676,4.156297206878662,1.0,38.93882369995117,1,1.0,1.0,1.0,1.0,1.0,1.0,1.0,1.0,1.0,1.0,5.960547924041748,3.670264959335327,8.014545440673828,3.556459903717041,1.0,3.897258758544922,10.817087173461914,1.039588451385498,4.278410911560059,1.7884942293167114,4.616317272186279,3.692610740661621,1.0,1.0,68.31180572509766,5.7937517166137695,1.0,8.3856201171875,1.0,1.0,13.234227180480957,1.0,1.0,16.93018913269043,3.467313766479492,1.0,1.0,10.90179443359375,1.0,10.416401863098145,4.216786861419678,7.1630940437316895,1.0,1.0,8.444986343383789,56.82081985473633,6.729560375213623,9.90572738647461,1.0,1.0,1.0,10.299850463867188,40.46906280517578,7.586400032043457,3.3087317943573,1.0,1.0,62.39563751220703,22.068687438964844,58.042720794677734,7.621814250946045,37.97807312011719,42.75640869140625,17.726991653442383,341.4518737792969,51.99925994873047,78.01394653320312,146.9594268798828,17.01984214782715,48.1002197265625
TEST_09+1일,10.210198402404785,1.0,6.843708038330078,3.4887888431549072,1.0,1,1.182199478149414,1.0,2.6687567234039307,1.0,1.0,1,1.139516830444336,2.882321357727051,21.063331604003906,1.0,1.0,1.0,1.709290862083435,1.0,1.0,1.0,1,1,1,1.0,1,1.0,14.238450050354004,5.910873889923096,4.311179161071777,6.04171895980835,5.120424270629883,2.4766509532928467,1.0,1.1219786405563354,55.49431610107422,1.0,4.190838813781738,30.8436336517334,30.37377166748047,1.9780274629592896,3.320765256881714,1.0,1,1.613308310508728,1.0,4.521491050720215,1.0,4.42127799987793,7.9042792320251465,1.0,5.809475898742676,1.0,9.074784278869629,1,2.4226536750793457,1.0,1.0,1.0,8.446600914001465,12.122923851013184,15.365216255187988,10.72297191619873,8.687775611877441,1.123034954071045,1.0,1.8040658235549927,5.951531410217285,1.0,1.0,2.058001756668091,1.0,1,1.6158524751663208,1.0,1,2.22379207611084,1,1.0,1.0,1.0,1.0,1.0,1.7052491903305054,1.0,1.0,1.0,2.4808120727539062,2.970348834991455,1.0,1.0,5.78584098815918,3.853876829147339,1.0,1.0,1.0,1.0,19.507797241210938,2.2106246948242188,1.051425576210022,1.0,3.7419140338897705,1.0519992113113403,123.85224151611328,3.4844088554382324,28.826337814331055,2.694786787033081,1.0,1.0,2.2619595527648926,1.0,1.0,1.0,1.0,1.0,2.48482346534729,1.0,1.1768523454666138,1.0,1.0,70.42124938964844,1,1.0,1.0,1.0,1.0,1.0,1.0,1.0,1.0,1.0,1.0,1.0,1.0,1.0,1.0,1.0,1.0,1.0,1.0,1.0,1.0,1.0,10.33242130279541,1.0,18.98056983947754,96.09965515136719,10.488299369812012,1.0,9.361530303955078,1.0,1.0,23.818599700927734,1.0,1.0,16.680871963500977,11.13475513458252,1.0,1.0,10.851637840270996,1.0,9.814197540283203,7.846302509307861,6.874586582183838,1.0,1.0,12.54696273803711,1.0,1.0,8.891433715820312,42.041107177734375,1.0,1.0,31.376567840576172,22.483318328857422,1.0,5.5526628494262695,4.303865909576416,1.0,31.23660659790039,14.36702823638916,37.90534210205078,11.482410430908203,24.12749671936035,28.286155700683594,21.549169540405273,179.32676696777344,54.23032760620117,54.00243377685547,101.65660095214844,32.23126220703125,67.87112426757812
TEST_09+2일,1.0,18.263744354248047,1.0,1.0907788276672363,1.0,1,15.491227149963379,1.0,1.0,1.0,1.0,1,1.0,1.0,1.0,1.0,1.0,1.0,1.0,1.0,1.0,1.0,1,1,1,1.0,1,1.0,4.988518714904785,1.3400893211364746,1.2060446739196777,2.3936214447021484,1.0,1.2277129888534546,1.0,1.0,21.8674259185791,1.0,1.0,16.023530960083008,4.093871116638184,1.0,4.5603461265563965,1.0,1,1.0,1.0,3.2683117389678955,1.0,1.0682276487350464,6.50614595413208,1.0,11.519956588745117,1.0,1.0,1,1.0,1.0,1.0,1.0,3.7581558227539062,14.563264846801758,23.13261604309082,9.886838912963867,9.258590698242188,1.0,1.0,1.0,1.0,1.0,1.0,1.0,1.0,1,1.0,1.0,1,1.0,1,1.0,1.0,1.0,1.0,1.0,1.0,1.0,1.0,1.0,1.0,1.0,1.0,1.0,2.586695671081543,3.8701789379119873,1.0,1.0,1.0,1.0,7.630408763885498,1.0,1.0,1.0,3.9459524154663086,1.0,1.0,69.02564239501953,12.725467681884766,3.3531172275543213,1.0,1.0,1.3247922658920288,1.0,1.0,1.0,1.0,1.0,1.6343908309936523,1.0,1.0,1.0,1.0,47.01472854614258,1,1.0,1.0,1.0,1.0,1.0,1.0,1.0,1.0,1.0,1.0,1.0,1.0,1.0,1.0,1.0,1.0,1.0,1.0,1.0,1.0,1.0,3.3895390033721924,1.0,1.0,170.50772094726562,8.564642906188965,1.0,5.657746315002441,1.0,1.0,13.609662055969238,1.0,1.0,16.72868537902832,2.1086604595184326,1.0,1.0,1.0,1.0,6.021332263946533,2.1615543365478516,5.384152889251709,1.0,1.0,8.931230545043945,16.39091682434082,1.0,1.0,1.0,1.0,1.0,10.443155288696289,21.6788387298584,1.0,1.0,3.897132635116577,1.0,1.0,1.0,1.0,1.0,1.0,1.0,1.0,119.341796875,1.0,1.0,1.0,1.0703322887420654,1.0
TEST_09+3일,1.0,1.0,2.9296176433563232,1.0613957643508911,1.0,1,11.005180358886719,1.0,1.0,1.0,1.0,1,1.0,1.0,2.967074155807495,1.0,18.922344207763672,1.0,1.0,1.0,11.747230529785156,1.0,1,1,1,1.0,1,67.16151428222656,5.9191813468933105,3.167388916015625,4.785737991333008,1.1375013589859009,1.0,1.0,1.0,1.0,17.5128116607666,1.0,1.0,21.23558235168457,10.441756248474121,1.0,3.4984498023986816,7.005600452423096,1,1.0444061756134033,1.0,3.7363691329956055,1.0,3.0448451042175293,10.252727508544922,1.0,7.543069839477539,1.0,4.530675888061523,1,2.7759478092193604,1.0,1.0,1.0,3.452364683151245,4.576342582702637,6.845583915710449,12.518155097961426,7.679262161254883,1.0,1.0,1.0,3.406683921813965,1.0,1.8050247430801392,2.189990758895874,1.0,1,1.327661395072937,1.0,1,1.0,1,1.0,1.0,1.0,1.0,1.0,1.0,1.0,1.0,1.0,1.0,1.532268762588501,1.0,1.0,1.0,1.1961402893066406,1.0,1.0,1.0,1.0,16.93312644958496,1.4882168769836426,1.0,1.0,1.0,1.0,1.0,18.352081298828125,4.322360992431641,1.0,1.4421859979629517,1.0,1.0,1.0,1.0,1.0,1.2445464134216309,1.0,1.0,1.0,1.0,1.0,1.0,31.122909545898438,1,1.0,1.0,1.0,1.0,1.0,1.0,1.0,1.0,1.010134220123291,1.0,1.0,1.0,1.0,1.0,1.0,1.0,1.0,1.0,1.0,1.0,1.0,1.0,1.0,1.0,123.77153015136719,7.455334186553955,1.0,5.46926736831665,1.0,1.0,10.220810890197754,1.0,1.0,11.471697807312012,1.0,1.0,1.0,1.9298943281173706,1.0,2.7932991981506348,1.0,5.77319860458374,1.0,1.0,5.110529899597168,60.2504997253418,1.0,1.0,1.0,1.0,1.0,1.0,2.382117509841919,1.0,1.0,1.0,1.0,11.060495376586914,11.744770050048828,7.635546684265137,2.3535513877868652,9.349916458129883,5.062853813171387,9.05186653137207,85.24441528320312,40.572662353515625,34.047080993652344,79.29700469970703,25.43475341796875,16.784648895263672
TEST_09+4일,1.0,41.045291900634766,2.599116563796997,2.218822956085205,1.0,1,31.906280517578125,1.0,1.0,1.0,1.0,1,1.0,1.0,7.288482666015625,1.0,57.056640625,1.0,1.0,2.316563606262207,1.0,1.0,1,1,1,1.0,1,1.0,10.78624439239502,3.130070209503174,3.5396063327789307,3.693120241165161,1.0,1.0,1.0,1.0,23.7537784576416,1.0,1.0,25.135568618774414,4.039929389953613,1.0,4.694313049316406,1.0,1,1.0,1.0,5.179550647735596,1.0,3.9506607055664062,12.765237808227539,1.0,8.939069747924805,1.0,1.0,1,1.0,1.0,1.0,1.0,2.746180772781372,4.995253086090088,11.759943008422852,12.137928009033203,7.7126569747924805,1.3366230726242065,1.0,1.0,4.458255767822266,1.0,1.230383038520813,1.0,1.0,1,1.0,1.0,1,1.0,1,1.0,1.0,1.0,1.0,1.0,1.0,1.0,1.0,1.0,1.0,2.5722179412841797,11.25977897644043,3.2277679443359375,1.8501428365707397,3.786250591278076,1.0,1.0,1.0,1.0,9.492591857910156,1.0,1.0,1.0,1.0,1.0,1.0,38.988521575927734,1.0,1.4589122533798218,1.0,1.0,1.3840426206588745,1.0,1.0,1.0,1.0,1.0,1.0,1.0,1.0,1.0,1.0,44.16596603393555,1,1.0,1.0,1.0,1.0,1.0,1.0,1.0,1.0,1.0,58.06291198730469,1.0,1.0,1.0,1.0,1.0,1.0,1.0,1.0,1.0,1.0,1.0,1.6979016065597534,1.0,1.0,166.6892547607422,3.2661216259002686,1.0,2.3479230403900146,1.0,1.0,14.736178398132324,1.0,1.0,18.401885986328125,1.0,1.0,1.0,1.2849982976913452,1.0,1.8592932224273682,1.0,2.7401509284973145,1.0,1.0,3.8549857139587402,1.0,1.0,2.3391830921173096,1.0,1.0,1.0,5.331053733825684,2.7407991886138916,1.0,1.0,1.0,1.0,6.514901161193848,1.0,1.0,1.6940147876739502,4.897505760192871,1.0,2.7958502769470215,51.1919059753418,23.74881362915039,33.01551818847656,79.60901641845703,18.828636169433594,34.205482482910156
TEST_09+5일,1.0,16.621540069580078,3.1217195987701416,1.0,1.0,1,49.165767669677734,1.0,1.0,1.0,1.0,1,1.0,3.8575847148895264,14.413979530334473,1.0,135.56521606445312,1.0,1.0,127.8391342163086,64.6530990600586,1.0,1,1,1,1.0,1,1.0,5.097304821014404,1.711292028427124,1.055372714996338,3.6641488075256348,1.0,1.302977442741394,1.0,1.0,22.619739532470703,1.0,1.6907784938812256,21.002904891967773,10.439369201660156,1.0,4.133054733276367,1.0,1,4.210437774658203,1.0,8.386955261230469,1.0,1.6512298583984375,5.841718673706055,1.0,3.9332616329193115,1.0,1.0,1,1.0375488996505737,1.0,1.0,1.0,3.725325107574463,1.9422179460525513,6.875940322875977,10.593031883239746,4.562304973602295,1.0,1.0,1.0,2.769303560256958,1.0,1.0026146173477173,1.0,1.0,1,1.4956248998641968,4.019708156585693,1,1.1211415529251099,1,1.0,1.0,1.0,1.0,1.0,1.0,1.0,1.0,1.1427502632141113,1.0,1.2947657108306885,48.75190353393555,1.4659310579299927,2.934628486633301,4.399388313293457,1.0,1.0,1.0,1.0,11.35571575164795,4.179095268249512,1.0,1.0,1.0,1.0,1.0,30.415159225463867,2.5491671562194824,5.602562427520752,1.2008334398269653,1.0,1.0,1.0,1.0,1.0,1.0,1.0,1.0,1.0,2.0902535915374756,1.0,1.0,132.7886199951172,1,1.186025857925415,1.0,1.0,1.2180945873260498,1.0,1.0,1.0,1.0,1.0,1.0,1.0,1.0,1.0,1.0,1.0,1.0,1.0,1.0,1.0,1.0,1.0,3.6746325492858887,1.0,1.0,361.1656799316406,6.173648834228516,1.0,1.6235600709915161,1.0,1.0,8.892950057983398,1.0,1.0,12.842768669128418,1.0,1.0,1.0,2.2004663944244385,1.0,1.0,4.401456356048584,3.5310983657836914,1.0,1.0,3.1884939670562744,45.23995590209961,1.0,1.0,1.0,1.0,1.0,5.816575050354004,1.0,1.0,1.0,1.0,1.0,11.489008903503418,8.621585845947266,7.506011486053467,1.0,11.736028671264648,3.2505762577056885,2.367326021194458,78.14115905761719,35.974815368652344,50.90325927734375,70.36064147949219,21.77193260192871,20.287982940673828
TEST_09+6일,1.0,95.7222671508789,9.008500099182129,3.3912086486816406,1.0,1,68.90501403808594,1.0,1.0,1.0,1.0,1,1.0,5.462418556213379,28.96876335144043,2.615654468536377,91.06103515625,1.0,1.0,21.6942081451416,62.94207000732422,1.0,1,1,1,1.0,1,108.40473937988281,3.7335970401763916,1.1719731092453003,1.2786812782287598,6.309549331665039,1.0,1.0,1.0,1.0,20.690143585205078,1.0,1.0,28.73937225341797,13.308670043945312,1.062074065208435,3.0826308727264404,1.0,1,1.0,1.0,2.5678999423980713,1.0,2.52402663230896,6.771605491638184,1.0,4.773353576660156,1.0,2.072504758834839,1,2.397027015686035,1.0,1.0,1.0,5.659963607788086,1.4030659198760986,9.009368896484375,8.764796257019043,3.223119020462036,1.5098402500152588,1.0,1.0,7.2290358543396,1.0,1.6620310544967651,1.3904993534088135,1.0,1,2.772775888442993,1.0,1,1.950075387954712,1,2.198082447052002,1.3448342084884644,1.0,1.0,1.0,1.110375165939331,1.4932554960250854,1.0,1.0,1.0,4.906174659729004,100.03202819824219,1.0,5.5087127685546875,6.215484619140625,1.0,1.0,1.0,1.0,20.82204246520996,5.373871803283691,2.5878078937530518,1.0,2.7569291591644287,1.0,1.0,48.25546646118164,10.505440711975098,3.8695602416992188,5.590062141418457,1.0,5.138807773590088,1.0,3.502995252609253,1.0,1.0,1.2605154514312744,1.0,1.0,1.0886048078536987,1.0,1.0,65.22280883789062,1,1.0737731456756592,1.0,1.0,1.0,1.0,1.0,1.0,1.0,1.0,1.0,2.1001899242401123,1.0,3.3357644081115723,1.0,1.0,1.0,3.134016513824463,1.0,1.0,1.3518877029418945,1.0600922107696533,2.968013286590576,1.0,166.71554565429688,206.27041625976562,6.395967960357666,1.0,4.133541584014893,1.0,1.0,8.373820304870605,1.0,1.0,11.072092056274414,2.4012084007263184,1.0,1.0,5.298661231994629,1.0,2.0594584941864014,2.3059496879577637,2.185873031616211,1.0,1.0,7.528195858001709,47.374568939208984,101.47577667236328,1.0,1.0,1.0,1.0,7.344864368438721,9.961870193481445,1.0,1.0,1.0,1.0,17.4249324798584,6.823741912841797,6.833184242248535,1.0,10.897273063659668,9.83506965637207,2.2556283473968506,76.13487243652344,33.224037170410156,57.092472076416016,50.31768035888672,22.86147689819336,24.919109344482422
TEST_09+7일,8.720901489257812,1.0,8.576983451843262,10.695515632629395,2.410689353942871,1,12.162100791931152,1.0,2.5747759342193604,1.5544588565826416,1.0,1,1.100906252861023,5.955389976501465,31.43128204345703,6.5226335525512695,1.0,1.0,3.0891449451446533,1.0,1.0,1.0,1,1,1,1.0,1,28.154396057128906,10.079319953918457,4.812747478485107,3.21964693069458,7.557565212249756,4.428067207336426,4.970409870147705,3.2300679683685303,1.3901782035827637,69.3841323852539,1.0,7.050048351287842,68.1301040649414,15.63107967376709,2.002815008163452,5.8204145431518555,1.0,1,2.7616446018218994,1.0,4.044044494628906,1.0,3.6218485832214355,12.595963478088379,1.0,6.682938575744629,1.0,5.197602272033691,1,6.935225486755371,2.3031656742095947,1.3373981714248657,1.0,13.085338592529297,7.064620018005371,15.430647850036621,21.51509666442871,10.268231391906738,1.131891131401062,1.0,1.6181247234344482,6.724287509918213,1.0,2.701200485229492,2.635345458984375,1.0,1,2.936264991760254,1.0988459587097168,1,1.0,1,2.928231954574585,1.0,1.200803518295288,1.0,1.0,1.0,3.3134896755218506,1.0,1.0,1.0,3.362100124359131,1.0,1.0,6.0243988037109375,9.556510925292969,1.8420336246490479,1.0,1.0,1.0,17.981626510620117,1.7543517351150513,3.1968939304351807,1.1090649366378784,3.0356903076171875,1.0,118.93569946289062,17.693208694458008,19.334928512573242,8.341041564941406,3.786184310913086,1.0,1.0,1.3082492351531982,1.7719345092773438,1.0,1.0,1.8094487190246582,5.350020408630371,4.442998886108398,1.2844280004501343,1.6149406433105469,1.0,50.41036605834961,1,1.0,1.0,1.0,1.0,1.0,1.0,1.0,1.0,1.0,1.0,2.564746141433716,1.8907946348190308,2.928391218185425,1.0517778396606445,1.0,1.0,4.456598281860352,1.0,1.0,2.204174041748047,1.478102445602417,7.4046430587768555,1.0,35.3698616027832,76.49613189697266,7.795537948608398,1.0,5.8714141845703125,1.0,1.0,18.835269927978516,1.0,1.0,25.369253158569336,5.852043151855469,1.0,1.0,8.914729118347168,1.0,5.548375129699707,4.264997482299805,2.328291416168213,1.0,1.0,13.889760971069336,40.75133514404297,1.0,4.888078689575195,1.0,1.0,1.0,2.7602028846740723,26.12293815612793,1.0,5.899655818939209,1.0,1.0,34.24230194091797,12.092131614685059,13.637205123901367,7.5216064453125,24.029508590698242,20.88172149658203,14.263385772705078,189.29302978515625,35.89277648925781,86.45606994628906,54.54960250854492,11.454915046691895,35.8252067565918
