영업일자,느티나무 셀프BBQ_1인 수저세트,느티나무 셀프BBQ_BBQ55(단체),"느티나무 셀프BBQ_대여료 30,000원","느티나무 셀프BBQ_대여료 60,000원","느티나무 셀프BBQ_대여료 90,000원","느티나무 셀프BBQ_본삼겹 (단품,실내)",느티나무 셀프BBQ_스프라이트 (단체),느티나무 셀프BBQ_신라면,느티나무 셀프BBQ_쌈야채세트,느티나무 셀프BBQ_쌈장,느티나무 셀프BBQ_육개장 사발면,느티나무 셀프BBQ_일회용 소주컵,느티나무 셀프BBQ_일회용 종이컵,느티나무 셀프BBQ_잔디그늘집 대여료 (12인석),느티나무 셀프BBQ_잔디그늘집 대여료 (6인석),느티나무 셀프BBQ_잔디그늘집 의자 추가,느티나무 셀프BBQ_참이슬 (단체),느티나무 셀프BBQ_친환경 접시 14cm,느티나무 셀프BBQ_친환경 접시 23cm,느티나무 셀프BBQ_카스 병(단체),느티나무 셀프BBQ_콜라 (단체),느티나무 셀프BBQ_햇반,느티나무 셀프BBQ_허브솔트,담하_(단체) 공깃밥,담하_(단체) 생목살 김치전골 2.0,담하_(단체) 은이버섯 갈비탕,담하_(단체) 한우 우거지 국밥,담하_(단체) 황태해장국 3/27까지,담하_(정식) 된장찌개,담하_(정식) 물냉면 ,담하_(정식) 비빔냉면,담하_(후식) 된장찌개,담하_(후식) 물냉면,담하_(후식) 비빔냉면,담하_갑오징어 비빔밥,담하_갱시기,담하_공깃밥,담하_꼬막 비빔밥,담하_느린마을 막걸리,담하_담하 한우 불고기,담하_담하 한우 불고기 정식,담하_더덕 한우 지짐,담하_들깨 양지탕,담하_라면사리,담하_룸 이용료,담하_메밀면 사리,담하_명인안동소주,담하_명태회 비빔냉면,담하_문막 복분자 칵테일,담하_봉평메밀 물냉면,담하_생목살 김치찌개,담하_스프라이트,담하_은이버섯 갈비탕,담하_제로콜라,담하_참이슬,담하_처음처럼,담하_카스,담하_콜라,담하_테라,담하_하동 매실 칵테일,담하_한우 떡갈비 정식,담하_한우 미역국 정식,담하_한우 우거지 국밥,담하_한우 차돌박이 된장찌개,담하_황태해장국,라그로타_AUS (200g),라그로타_G-Charge(3),라그로타_Gls.Sileni,라그로타_Gls.미션 서드,라그로타_Open Food,라그로타_그릴드 비프 샐러드,라그로타_까르보나라,라그로타_모둠 해산물 플래터,라그로타_미션 서드 카베르네 쉬라,라그로타_버섯 크림 리조또,라그로타_빵 추가 (1인),라그로타_스프라이트,라그로타_시저 샐러드 ,라그로타_아메리카노,라그로타_알리오 에 올리오 ,라그로타_양갈비 (4ps),라그로타_자몽리치에이드,라그로타_제로콜라,라그로타_카스,라그로타_콜라,라그로타_하이네켄(생),라그로타_한우 (200g),라그로타_해산물 토마토 리조또,라그로타_해산물 토마토 스튜 파스타,라그로타_해산물 토마토 스파게티,"미라시아_(단체)브런치주중 36,000",미라시아_(오븐) 하와이안 쉬림프 피자,미라시아_(화덕) 불고기 페퍼로니 반반피자,미라시아_BBQ Platter,미라시아_BBQ 고기추가,미라시아_공깃밥,미라시아_글라스와인 (레드),미라시아_레인보우칵테일(알코올),미라시아_미라시아 브런치 (패키지),미라시아_버드와이저(무제한),미라시아_보일링 랍스타 플래터,미라시아_보일링 랍스타 플래터(덜매운맛),미라시아_브런치 2인 패키지 ,미라시아_브런치 4인 패키지 ,미라시아_브런치(대인) 주말,미라시아_브런치(대인) 주중,미라시아_브런치(어린이),미라시아_쉬림프 투움바 파스타,미라시아_스텔라(무제한),미라시아_스프라이트,미라시아_애플망고 에이드,미라시아_얼그레이 하이볼,미라시아_오븐구이 윙과 킬바사소세지,미라시아_유자 하이볼,미라시아_잭 애플 토닉,미라시아_칠리 치즈 프라이,미라시아_코카콜라,미라시아_코카콜라(제로),미라시아_콥 샐러드,미라시아_파스타면 추가(150g),미라시아_핑크레몬에이드,연회장_Cass Beer,연회장_Conference L1,연회장_Conference L2,연회장_Conference L3,연회장_Conference M1,연회장_Conference M8,연회장_Conference M9,연회장_Convention Hall,연회장_Cookie Platter,연회장_Grand Ballroom,연회장_OPUS 2,연회장_Regular Coffee,연회장_골뱅이무침,연회장_공깃밥,연회장_돈목살 김치찌개 (밥포함),연회장_로제 치즈떡볶이,연회장_마라샹궈,연회장_매콤 무뼈닭발&계란찜,연회장_모둠 돈육구이(3인),연회장_삼겹살추가 (200g),연회장_야채추가,연회장_왕갈비치킨,연회장_주먹밥 (2ea),카페테리아_공깃밥(추가),카페테리아_구슬아이스크림,카페테리아_단체식 13000(신),카페테리아_단체식 18000(신),카페테리아_돼지고기 김치찌개,카페테리아_복숭아 아이스티,카페테리아_새우 볶음밥,카페테리아_새우튀김 우동,카페테리아_샷 추가,카페테리아_수제 등심 돈까스,카페테리아_아메리카노(HOT),카페테리아_아메리카노(ICE),카페테리아_약 고추장 돌솥비빔밥,카페테리아_어린이 돈까스,카페테리아_오픈푸드,카페테리아_진사골 설렁탕,카페테리아_짜장면,카페테리아_짜장밥,카페테리아_짬뽕,카페테리아_짬뽕밥,카페테리아_치즈돈까스,카페테리아_카페라떼(HOT),카페테리아_카페라떼(ICE),카페테리아_한상 삼겹구이 정식(2인) 소요시간 약 15~20분,포레스트릿_꼬치어묵,포레스트릿_떡볶이,포레스트릿_복숭아 아이스티,포레스트릿_생수,포레스트릿_스프라이트,포레스트릿_아메리카노(HOT),포레스트릿_아메리카노(ICE),포레스트릿_치즈 핫도그,포레스트릿_카페라떼(HOT),포레스트릿_카페라떼(ICE),포레스트릿_코카콜라,포레스트릿_페스츄리 소시지,화담숲주막_느린마을 막걸리,화담숲주막_단호박 식혜 ,화담숲주막_병천순대,화담숲주막_스프라이트,화담숲주막_참살이 막걸리,화담숲주막_찹쌀식혜,화담숲주막_콜라,화담숲주막_해물파전,화담숲카페_메밀미숫가루,화담숲카페_아메리카노 HOT,화담숲카페_아메리카노 ICE,화담숲카페_카페라떼 ICE,화담숲카페_현미뻥스크림
TEST_00+1일,13.8029203414917,1.0,6.091310501098633,3.473991870880127,1.0,1.0,1.0,2.5346288681030273,1.0,1.0,1.0,1,1.0,3.2666354179382324,17.3228816986084,1.0,1.0,1.0,2.1728062629699707,1.0,1.0,1.0,1.0,1.0,1.2406646013259888,1.0,1.0,3.5337181091308594,15.720906257629395,3.591887950897217,2.679769277572632,2.398141384124756,2.5822184085845947,1.4237490892410278,1.0,1.0,27.758481979370117,1.0,2.2481393814086914,22.309307098388672,20.917192459106445,1.0,1.0,1.0,1,4.599433898925781,1.0,4.058934211730957,1.0,2.2091381549835205,13.75867748260498,1,6.094818592071533,1.0,1.0,1.0,2.4017059803009033,1.0,1.2410240173339844,1.0,5.788790702819824,10.440378189086914,12.55334758758545,10.5694580078125,6.834124565124512,1.2946995496749878,1.0,1.0,2.192638874053955,27.513811111450195,1.9054752588272095,2.7186737060546875,1.0,1.338407039642334,2.01278018951416,2.9146029949188232,1.0,1.321006417274475,1.0,4.745257377624512,2.5951011180877686,2.2745935916900635,1.0,1.0,1.9083752632141113,2.909029483795166,1.5031594038009644,1.0,2.464923858642578,4.471166133880615,1.204755187034607,1.0,2.0689382553100586,5.298410892486572,1,1.0,1.0,1.0,27.096702575683594,4.1747002601623535,1.0,1.0,1.897035002708435,1.0,136.7812957763672,15.181809425354004,29.218219757080078,2.80798602104187,3.760104179382324,1.0,2.087784767150879,1.0,2.2254722118377686,1.0,1.0,1.0,1.0,1.2708635330200195,1.8504054546356201,1.0,1.0,1.7224372625350952,1,1.0,1,1.0,1,1,1.0,1.0,1.0,1,1.0,1.0,1.0,1.0,1.0,1.0,1.0,1.0,1.0,1.0,1.0,1.0,5.473682403564453,1.0,1.0,6.057597637176514,9.839035987854004,1.0,5.859874248504639,1.0,1.0,23.13360595703125,1.0,1.0,18.537546157836914,4.765690326690674,1.0,1.0,6.056063175201416,1.0,6.425884246826172,1.9763362407684326,7.35862398147583,1.0,1.0,7.637587070465088,1.0,1.0,1.0,12.232855796813965,1.0,1.0,1.773651123046875,1.0,1.0,1.0,2.0441222190856934,1.6359437704086304,21.156877517700195,6.2054924964904785,28.807231903076172,3.889012098312378,17.460603713989258,27.23103904724121,5.875174522399902,45.8121223449707,24.678972244262695,5.951373100280762,35.658634185791016,10.45370864868164,18.732004165649414
TEST_00+2일,8.303850173950195,1.0,3.088426351547241,1.0838074684143066,1.0,1.0,1.0,1.0,1.0,1.0,1.0,1,1.0,1.0,9.657005310058594,1.0,1.0,1.0,1.0,1.0,1.0,1.0,1.0,1.0,2.567601442337036,5.451596260070801,1.0,3.061188220977783,6.666784286499023,2.706066608428955,2.1195101737976074,1.6475310325622559,2.0884103775024414,1.1882593631744385,1.0,1.0,12.05807113647461,1.0,1.0,12.797687530517578,9.957537651062012,1.0,1.0,1.0,1,1.0,1.0,4.0154709815979,1.0,2.1908421516418457,10.987070083618164,1,6.415523529052734,1.0,1.0,1.0,1.1976594924926758,1.0,1.0,1.0,4.909839630126953,5.953399181365967,4.963065147399902,6.765420913696289,4.230542182922363,1.0,1.0,1.0,1.0,3.077319383621216,1.0,1.0,1.0,1.0,1.0,1.0,1.0,1.0,1.0,1.380866289138794,1.1126176118850708,1.0,1.0,1.0,1.0,1.0,1.0,1.0,1.0416280031204224,1.0,1.6169917583465576,1.0,1.0,4.187526226043701,1,1.0,1.0,1.0,9.129486083984375,4.482903957366943,1.0,1.0,10.883602142333984,1.0,1.0,83.47805786132812,20.01484489440918,1.95632004737854,3.3264503479003906,1.0,2.6247053146362305,1.0,1.0,1.0,1.0,1.0,1.0,1.187654972076416,1.4558095932006836,1.0,1.0,5.041736602783203,1,1.0,1,1.0,1,1,1.0136864185333252,2.240549325942993,1.0,1,1.0,1.0,1.0,1.0,1.0,1.0,1.0,1.0,1.0,1.0,1.0,1.0,6.008953094482422,1.0,1.0,17.366708755493164,7.642889976501465,1.0,2.471090316772461,1.0,1.0,12.976555824279785,1.0,1.0,11.208460807800293,3.9880805015563965,1.0,1.0,2.8712050914764404,1.0,2.546062469482422,1.910483717918396,2.008661985397339,1.0,1.0,4.268329620361328,1.0,1.0,1.0,1.0,1.0,1.0,1.0,1.0,1.0,1.0,1.0,1.0,2.237461805343628,1.0,3.9403629302978516,1.0,3.6665287017822266,1.0,1.0,1.0,7.712306976318359,1.0,9.390687942504883,1.0,1.0
TEST_00+3일,8.966748237609863,1.0,4.2386064529418945,1.9666250944137573,1.0,1.0,1.0,1.0,1.0,1.0,1.0,1,1.0,1.1985998153686523,10.913166999816895,1.0,1.0,1.0,1.4773205518722534,1.0,1.0,1.0,1.0,1.0,2.07106614112854,23.843402862548828,1.0,40.749088287353516,7.358514785766602,2.1845030784606934,1.5542300939559937,1.0,1.878021478652954,1.0,1.9749152660369873,1.0,2.7493629455566406,1.0,1.2106250524520874,7.499894618988037,8.9913911819458,1.0,1.0,1.0,1,1.0,1.0,2.7212958335876465,1.0,1.0,4.791629791259766,1,4.344326972961426,1.0,1.0,1.0,1.1049195528030396,1.0,1.0,1.0,2.618910789489746,6.433845520019531,3.065859317779541,6.595518112182617,5.366061210632324,1.9282667636871338,1.0,1.0,1.7255136966705322,3.60085391998291,1.2576756477355957,2.6951920986175537,1.0,1.0,1.4186595678329468,1.1849632263183594,1.0,1.4653819799423218,1.0,2.3184542655944824,1.7055776119232178,1.0,1.0,1.0,1.5871031284332275,2.4613265991210938,1.0,1.0,2.0146355628967285,3.730722188949585,66.32833862304688,1.0,1.1241906881332397,3.0867295265197754,1,1.0,1.0,1.0,7.0524210929870605,3.5795507431030273,1.0,1.0,3.065537691116333,1.0,1.0,40.57522201538086,11.31840705871582,2.229172468185425,2.477755546569824,1.0,1.6801185607910156,1.0,1.0,1.0,1.0,1.0,1.0,1.257045865058899,1.3949555158615112,1.0,1.0,37.286563873291016,1,1.2207967042922974,1,1.0,1,1,1.0,1.9414784908294678,1.3810263872146606,1,59.3651237487793,1.0,1.0,1.0,1.0,1.0,1.0,1.0,1.0,1.0,1.0,1.0,3.707632064819336,1.0,2.8800973892211914,91.27274322509766,7.048570156097412,1.0,3.4139652252197266,1.0,1.0,9.377272605895996,1.0,1.0,10.534863471984863,1.0,1.0,1.0,1.7152336835861206,1.0,2.575455665588379,3.7205300331115723,1.4160329103469849,1.0,1.0,3.382047653198242,1.0,1.0,1.0,1.0,1.0,1.0,1.0,1.0,1.0,1.0,1.0,1.0,10.38542366027832,2.5251622200012207,8.70820140838623,5.0202956199646,9.233990669250488,10.292855262756348,1.0,23.614383697509766,22.512353897094727,2.1428580284118652,20.76073455810547,6.680613040924072,7.786149978637695
TEST_00+4일,11.412728309631348,1.0,3.9877002239227295,2.11680006980896,1.0,1.0,1.0,1.0,1.0,1.0,1.0,1,1.0,1.2738145589828491,16.48467254638672,1.0,4.699984073638916,1.0,1.8390660285949707,1.0,1.0,1.0,1.0,1.0,2.467890501022339,1.51461660861969,1.0,32.452911376953125,7.479321002960205,1.3572502136230469,1.247956395149231,1.0,2.4461731910705566,1.4189016819000244,1.0,1.0,9.24101448059082,1.0,1.3439619541168213,12.007128715515137,9.603906631469727,1.0,1.0,1.0,1,1.5642831325531006,1.0,3.8317298889160156,1.0,1.1335358619689941,6.003408432006836,1,4.527571678161621,1.0,1.0,1.0,1.0904008150100708,1.0,1.0,1.0,2.5858592987060547,5.354827880859375,1.2422446012496948,4.484617710113525,4.453633785247803,1.3556911945343018,1.0,1.0,1.0,3.9655556678771973,1.1726495027542114,3.6934354305267334,1.0,1.0,1.6530216932296753,1.4336516857147217,1.0,1.0,1.0,3.710437297821045,1.9154350757598877,1.0,1.0,1.0,1.3111492395401,1.22147536277771,1.0,1.0,1.9865787029266357,2.165635824203491,11.494527816772461,1.0,1.3262523412704468,4.028596878051758,1,1.0,1.0,1.0,7.977478981018066,5.977921485900879,1.0,1.0,1.0309710502624512,1.0,1.0,55.43318176269531,11.052541732788086,2.642400026321411,4.5482282638549805,1.0,1.9202041625976562,1.0,1.2479697465896606,1.0,1.0,1.3401436805725098,1.0,1.0,1.5686028003692627,1.0,1.0,4.468806743621826,1,1.222196340560913,1,1.0,1,1,1.0,1.6806493997573853,1.0,1,1.0,1.0,1.0,1.0,1.0,1.0,1.0,1.0,1.0,1.0,1.0,1.0,4.354482173919678,1.0,1.0,23.367595672607422,6.202775955200195,1.0,2.380720615386963,1.0,1.0,10.139184951782227,1.0,1.0,11.018982887268066,1.282740592956543,1.0,1.0,1.0,1.0,1.0,2.135653257369995,1.6368552446365356,1.0,1.0,1.7042198181152344,1.5430063009262085,1.0,1.2921173572540283,1.0,1.0,1.0,1.718369960784912,1.0,1.0,1.0,1.0,1.0,7.603732109069824,4.724617958068848,6.627382278442383,1.0,6.6268630027771,10.971197128295898,1.0,20.734636306762695,18.151012420654297,4.239273548126221,19.135787963867188,7.286008834838867,8.215868949890137
TEST_00+5일,12.023824691772461,1.0,2.4102976322174072,1.9648634195327759,1.0,1.0,1.0,1.9492617845535278,1.0,1.0,1.0,1,1.2732852697372437,2.0490615367889404,15.56870174407959,1.0,1.0,1.0,2.023519992828369,1.0,1.0,1.0,1.0,1.0,11.611160278320312,15.920767784118652,3.742894411087036,5.688227653503418,8.947922706604004,3.690861701965332,1.2392178773880005,2.3622665405273438,2.3076412677764893,1.0853618383407593,1.0,1.0,15.389409065246582,1.0,1.0656397342681885,13.598947525024414,12.951650619506836,1.0,1.0,1.0,1,1.0,1.0,4.014044284820557,1.0,1.492184042930603,5.336918354034424,1,5.064230918884277,1.0,1.0,1.0,1.179990291595459,1.0,1.0701740980148315,1.0,2.6089494228363037,3.8973045349121094,1.0153324604034424,7.696392059326172,4.36214542388916,1.0,1.0,1.0,2.8098011016845703,3.847376823425293,3.557892322540283,2.566693067550659,1.0,1.0,3.7872064113616943,2.4323410987854004,1.0,1.1544370651245117,1.0,2.600484848022461,2.082674503326416,1.0,1.0,1.0,1.5791418552398682,2.7216086387634277,1.0,1.0,2.2918269634246826,6.024298667907715,66.37178039550781,1.0,1.32489812374115,5.241921424865723,1,1.0,1.0,1.0,13.05671501159668,3.5060577392578125,1.0,1.0,2.248725175857544,1.0,2.072033166885376,41.38941192626953,8.870227813720703,2.783679485321045,2.336912155151367,1.0,2.3709373474121094,1.0,1.0,1.0,1.0,1.0,1.0,1.6913270950317383,2.3208131790161133,1.0,1.0,6.428421974182129,1,1.0,1,1.0,1,1,1.23139488697052,2.7306251525878906,1.5485438108444214,1,1.0,1.0,1.0,1.0,1.0,1.0,1.0,1.0,1.0,1.0,1.0,1.0,2.9574904441833496,1.0,1.0,16.75515365600586,5.104072570800781,1.0,2.143195390701294,1.0,1.0,8.364646911621094,1.0,1.0,12.084269523620605,1.0,1.0,1.0,1.0,1.0,1.3877465724945068,2.727973461151123,2.180227756500244,1.0,1.0,2.989396572113037,2.197448968887329,1.0,1.0,2.686311721801758,1.0,1.0,1.8278392553329468,1.0,1.0,1.0,1.0788904428482056,1.0,10.844524383544922,7.602601528167725,10.327929496765137,4.975587844848633,8.417864799499512,11.189470291137695,3.0921857357025146,20.35052490234375,26.313692092895508,4.001154899597168,45.735626220703125,7.883969783782959,8.221203804016113
TEST_00+6일,15.040447235107422,1.1954212188720703,7.174056529998779,3.341005563735962,1.0,1.4343112707138062,1.0,5.471800804138184,2.99548602104187,1.0,1.0,1,1.8114334344863892,11.882486343383789,30.165607452392578,1.0,7.659686088562012,1.0,2.5671393871307373,1.0,1.0,1.0,1.0,1.0,2.978698492050171,17.448102951049805,1.0,117.26863098144531,8.686391830444336,2.0998826026916504,1.1119716167449951,2.744206428527832,5.034311771392822,1.7187553644180298,1.0,1.0,30.090885162353516,1.0,2.6608338356018066,25.380380630493164,14.758715629577637,1.0,1.0,1.0,1,2.1708312034606934,1.0,4.864180088043213,1.043297529220581,1.781909465789795,10.621450424194336,1,6.2450385093688965,1.0,2.1917078495025635,1.0,1.4329203367233276,1.0,1.0,1.0,5.902681350708008,3.387345552444458,3.735666275024414,9.618071556091309,3.640637159347534,1.8145636320114136,1.0,1.0,1.0,4.492143630981445,1.775364875793457,3.5154058933258057,1.0,1.0,2.562481164932251,1.5848811864852905,1.0,1.0,1.0,3.0520784854888916,2.362057685852051,1.1123220920562744,1.0,1.0,3.2852165699005127,2.2432754039764404,2.7236337661743164,1.0,2.350795269012451,3.7579731941223145,39.53656005859375,1.0,1.7966814041137695,5.374295711517334,1,1.0,1.0,1.0,18.38776206970215,3.4195234775543213,1.0,1.0,4.880948543548584,1.0,1.0,73.89823150634766,12.708187103271484,3.2004265785217285,2.5799851417541504,1.0,2.0696468353271484,1.0,1.097804069519043,1.0,1.0,1.0587434768676758,1.0,1.5661952495574951,1.1364243030548096,1.0,1.0,4.3683366775512695,1,1.215264081954956,1,1.0,1,1,1.2638769149780273,6.069179534912109,1.0426291227340698,1,1.0,2.1176154613494873,1.0,2.546565055847168,2.2797164916992188,1.0,1.836651086807251,6.924646377563477,1.0,1.0,1.6479904651641846,1.0,4.681093692779541,1.0,4.695501804351807,19.47789192199707,8.781134605407715,1.0,3.79390549659729,1.0,1.0,16.9915771484375,1.0,1.0,17.81191635131836,3.837293863296509,1.0,1.0,4.619292259216309,1.0,4.096592426300049,2.768136739730835,2.9285836219787598,1.0,1.0,5.559089660644531,1.0,1.0,1.0,13.547534942626953,1.0,1.0,2.2851758003234863,1.0,1.0,1.0,1.0,1.0,16.20634651184082,3.880239963531494,13.237887382507324,2.650651454925537,14.235596656799316,9.74025821685791,6.864100933074951,24.56587028503418,28.281330108642578,3.1238656044006348,26.108192443847656,6.676464080810547,18.5834903717041
TEST_00+7일,24.074913024902344,1.0,12.095050811767578,8.398820877075195,1.0,1.0,1.0,3.6166348457336426,1.4553216695785522,2.0235166549682617,1.0,1,2.130194664001465,6.949769973754883,42.983577728271484,2.6736974716186523,1.0,1.0,3.5621371269226074,1.0,1.0,2.6740193367004395,1.0,1.0,13.804712295532227,1.0,1.0,32.181549072265625,8.579127311706543,2.1986536979675293,1.942487359046936,1.8774086236953735,4.429167747497559,2.3980305194854736,1.007982611656189,1.0,36.312034606933594,1.0,1.4505112171173096,30.330078125,11.131842613220215,1.0927155017852783,1.0,1.0,1,2.9265952110290527,1.0,6.5908918380737305,1.0,4.346277236938477,12.058486938476562,1,6.813910961151123,1.0,1.0,1.0,2.922452688217163,1.0,1.9524999856948853,1.0,4.723746299743652,11.609055519104004,12.886958122253418,10.167400360107422,12.673386573791504,3.311659812927246,1.0,1.0,1.6228455305099487,4.076426982879639,2.9983363151550293,7.872804641723633,1.0,1.0,4.349688529968262,1.653061032295227,1.0,1.1730053424835205,1.0,4.915939807891846,3.6088738441467285,1.2109856605529785,1.0,1.0,3.2270689010620117,4.364627838134766,1.1530921459197998,1.2318369150161743,4.125438690185547,6.148209095001221,1.0,1.0524940490722656,3.332963705062866,8.003700256347656,1,1.0,1.0,1.0,10.25395679473877,7.723790168762207,2.2115204334259033,1.0,5.643829345703125,1.0,91.92748260498047,18.2537841796875,22.979923248291016,3.740030288696289,4.030217170715332,1.2380532026290894,4.566303730010986,1.1702162027359009,1.620697021484375,1.3773505687713623,1.0,1.6859854459762573,1.007135272026062,3.2337281703948975,1.5759992599487305,2.0405614376068115,1.0,1.0,1,1.2222743034362793,1,1.0,1,1,1.0,1.0,1.0,1,1.0,3.5789806842803955,1.18978750705719,4.040829658508301,3.1462554931640625,1.0,2.8670477867126465,8.276142120361328,1.138984203338623,1.383419156074524,2.5689332485198975,1.0,6.1548333168029785,1.0,38.265953063964844,5.793242931365967,15.984373092651367,1.0,10.226517677307129,1.0,1.0,26.27813148498535,1.0,1.0,37.564640045166016,6.201718807220459,1.0,1.0,11.767040252685547,1.0,7.41167688369751,1.934730052947998,7.616040229797363,1.0,1.0,6.607930660247803,1.0731754302978516,1.668556809425354,1.0,22.359664916992188,1.0,1.0,6.489552021026611,2.1684813499450684,1.0,1.0,3.43282151222229,1.0,24.073951721191406,11.579206466674805,26.697193145751953,8.659037590026855,26.11454200744629,28.89467430114746,11.53691577911377,55.5186882019043,62.40339279174805,2.0962467193603516,55.10880661010742,12.2687349319458,31.680782318115234
TEST_01+1일,7.949148178100586,1.0,13.343672752380371,3.569512367248535,1.0,1.0,1.0,3.0114734172821045,2.290006637573242,1.0,1.0,1,1.0,4.752781391143799,25.117591857910156,1.2549431324005127,1.0,1.0,1.703916311264038,1.0,1.0,1.0,1.0,1.0,1.0,1.0,1.0,1.6628481149673462,6.720508098602295,5.752237319946289,3.356689453125,6.665745735168457,3.5126466751098633,2.132185697555542,1.0,1.0,52.51509475708008,1.0,3.1011531352996826,34.40288162231445,14.446002006530762,1.0,1.0,1.0,1,3.8435492515563965,1.0,5.774003028869629,1.0,7.936168670654297,11.182511329650879,1,3.8285088539123535,1.0,2.7538461685180664,1.0,2.504952907562256,1.2065331935882568,2.923598051071167,1.0,10.457892417907715,7.372955322265625,13.346420288085938,8.886058807373047,11.966166496276855,1.1605874300003052,1.0,3.110727310180664,4.270628929138184,1.0,1.4195060729980469,1.0,1.0,1.0,1.792342185974121,3.863858222961426,1.0,1.690466284751892,1.0,3.8441028594970703,2.5935306549072266,1.1999430656433105,1.0,1.0,1.1608120203018188,2.48330020904541,1.0,1.0067331790924072,1.597690463066101,5.27552604675293,1.0,1.0,3.5813584327697754,9.059968948364258,1,1.0,1.0,1.0,33.936161041259766,6.5898261070251465,1.5001111030578613,1.0,8.629463195800781,1.0,180.5105438232422,1.0,54.78697967529297,3.419457197189331,3.459256887435913,1.0,3.74648118019104,1.0,1.8734313249588013,1.0,1.0,1.0,2.2688446044921875,1.3368014097213745,2.625933885574341,1.1729544401168823,1.0,1.0,1,1.0,1,1.0,1,1,1.0,1.0,1.0,1,1.0,2.2646989822387695,2.134403944015503,3.094963788986206,1.6994558572769165,1.0,1.0,8.264593124389648,1.0,1.0,3.8972833156585693,1.1547940969467163,7.134339809417725,1.0,1.0,1.0,10.388957977294922,1.0,12.747191429138184,1.0,1.0,27.026647567749023,1.0,1.0,13.574295997619629,9.23381519317627,1.0,1.0,13.740660667419434,1.0,7.503671169281006,3.1267526149749756,9.284808158874512,1.0,1.0,16.431974411010742,1.0,1.0,1.0,29.51692008972168,1.0,1.0,5.999434471130371,1.0,1.0,1.0,1.4916350841522217,1.0,14.728178977966309,5.785576820373535,14.585368156433105,3.493037462234497,22.63666534423828,20.388381958007812,6.512449264526367,21.734220504760742,25.203277587890625,3.316209316253662,32.29649353027344,2.8459973335266113,26.31727409362793
TEST_01+2일,7.577314376831055,1.0,7.111268043518066,2.1673898696899414,1.0,1.0,1.0,1.0,2.2434840202331543,1.0,1.0,1,1.0,1.0,6.403008937835693,1.0,1.0,1.0,1.3181066513061523,9.361648559570312,1.0,1.0,1.0,1.0,1.0,1.0,1.0,1.0,4.290354251861572,2.8232719898223877,1.6114283800125122,9.139132499694824,4.107998371124268,2.7641212940216064,1.0,1.0,42.22212600708008,1.0,1.3848271369934082,38.71274948120117,10.238036155700684,1.0,1.0,1.0,1,3.2725605964660645,1.0,2.9207215309143066,1.0,5.510806560516357,8.604212760925293,1,3.610682725906372,1.0,2.48612904548645,1.0,1.788773775100708,1.4312551021575928,1.3974443674087524,1.0,10.417734146118164,6.806770324707031,9.710102081298828,6.4662184715271,6.270752429962158,1.949999213218689,1.0,1.167466640472412,2.347195863723755,1.0,1.0,1.0,1.0,1.0,2.092831611633301,1.0,1.0,1.3599648475646973,1.0,1.786590814590454,2.00830340385437,1.0,1.0,1.0,1.0,1.0,1.0,1.2570531368255615,1.0,1.75107741355896,1.0,1.714255690574646,3.9077162742614746,10.471060752868652,1,1.0,1.0,1.0,29.352819442749023,5.654821395874023,1.600404977798462,1.0,17.81879425048828,1.0,1.0,3.5956673622131348,40.428035736083984,7.678073406219482,5.18686580657959,2.65803599357605,5.137897491455078,1.0,3.0464301109313965,1.3614559173583984,1.0,2.1736395359039307,2.6154651641845703,1.303659200668335,2.172208309173584,1.0,1.0,1.6362946033477783,1,1.0,1,1.0,1,1,1.0,1.0,1.0,1,1.0,1.0,1.0,2.1980507373809814,1.1410220861434937,1.0,1.0,3.4468846321105957,1.0,1.0,3.548931360244751,1.0,8.76378345489502,1.0,1.0,1.0,12.796493530273438,1.0,10.653404235839844,1.0,1.0,20.20705223083496,1.0,1.0,17.81934928894043,12.127469062805176,1.0,1.0,14.502604484558105,1.0,4.724794864654541,2.5041866302490234,8.597542762756348,1.0,1.0,12.407269477844238,1.0231537818908691,1.0,1.0,1.0,1.0,1.0,7.820377349853516,1.0,1.0,1.0,1.0,1.0,1.5093592405319214,1.0,3.430097818374634,1.0,5.1343278884887695,1.0,1.0,1.0,7.499172210693359,1.0,8.849300384521484,1.0,1.0
TEST_01+3일,5.043290615081787,1.0,6.654480457305908,1.2231144905090332,1.0,1.0,1.0,1.0,1.0,1.0,1.0,1,1.144225001335144,1.6411751508712769,8.018716812133789,1.0,1.0,1.0,1.7527443170547485,2.482334613800049,1.0,1.0,1.0,1.0,1.0,1.0,1.0,9.393213272094727,6.426855564117432,2.683288335800171,1.5284281969070435,4.957372188568115,2.576211452484131,1.3316529989242554,1.0,1.0,33.59014892578125,1.0,1.3569509983062744,29.573898315429688,13.55331802368164,1.0,1.0,1.0,1,3.007054328918457,1.0,6.302453994750977,1.0,5.049661636352539,7.2931599617004395,1,4.967635154724121,1.0,4.112096786499023,1.0,1.5834153890609741,1.597931981086731,2.355772018432617,1.0,9.953692436218262,6.084096431732178,5.415516376495361,10.753231048583984,9.366324424743652,2.1101129055023193,1.0,2.013810634613037,7.0994157791137695,1.0,1.546022653579712,1.0,1.0,1.0,1.0,1.7062128782272339,1.0,1.412039041519165,1.0,1.9498357772827148,2.0643508434295654,1.0,1.0,1.0,1.4086540937423706,2.735203504562378,1.0,1.0,1.0,4.676458835601807,1.0,1.6556270122528076,2.071425199508667,7.190616607666016,1,1.0,1.0,1.0,29.279325485229492,4.748254299163818,1.0,1.0,12.032308578491211,1.3002055883407593,1.0,1.0,39.1494026184082,3.2941508293151855,6.158059120178223,1.0,3.360133647918701,1.0,1.3033885955810547,1.0,1.0,1.0,1.0051803588867188,1.1186798810958862,1.4295710325241089,1.0,1.0,1.9863049983978271,1,1.0,1,1.0,1,1,1.0,1.0,1.0,1,1.0,1.8072240352630615,1.0555087327957153,1.0,1.0,1.0,1.0,5.508275985717773,1.0,1.0,2.489499568939209,1.0,3.076474189758301,1.0,1.0,1.0,7.548888683319092,1.0,6.403951168060303,1.0,1.0,11.617419242858887,1.0,1.0,12.687253952026367,1.5976746082305908,1.0,1.0,5.356337070465088,1.0,5.17781400680542,2.2331037521362305,6.142395973205566,1.0,1.0,12.390624046325684,1.0,1.0103322267532349,1.0,1.0,1.0,1.0,1.5641329288482666,1.0,1.0,1.0,1.0,1.0,4.668721675872803,5.734137535095215,7.29134464263916,3.893662452697754,9.339797019958496,7.125826835632324,1.0,22.294851303100586,31.290529251098633,3.4436819553375244,25.171424865722656,9.198453903198242,18.987598419189453
TEST_01+4일,12.603759765625,1.0,10.323501586914062,1.978415608406067,1.0,1.0,1.0,1.0,1.5409919023513794,1.0,1.0,1,1.0,2.266698122024536,14.970232009887695,1.0,2.3003616333007812,1.0,3.6376473903656006,6.536343097686768,1.0,1.0,1.0,1.0,1.0,1.0,1.7309260368347168,9.863471984863281,5.154345989227295,2.556053400039673,2.2609145641326904,6.478209495544434,2.912736177444458,1.7020034790039062,1.0,1.0,45.560848236083984,1.0,2.660181760787964,41.22149658203125,11.562888145446777,1.0,1.0,1.0,1,2.549342155456543,1.0,5.138058185577393,1.0,5.569031238555908,4.122448444366455,1,5.404308795928955,1.0,4.187616348266602,1.0,4.5034966468811035,1.25080144405365,1.2994459867477417,1.0,8.2484712600708,5.044159412384033,4.421459197998047,6.447303771972656,3.912813663482666,1.279770016670227,1.0,1.4902907609939575,3.5454251766204834,1.0,1.0,1.0,1.0,1.0,2.7730960845947266,2.333594560623169,1.0,2.6130471229553223,1.0,2.5372753143310547,1.9495830535888672,1.2832573652267456,1.0,1.0,1.0,1.1014806032180786,1.0,1.1369191408157349,1.1829793453216553,3.8265979290008545,1.0,1.0,2.823911428451538,6.859911918640137,1,1.0,1.0,1.0,26.189651489257812,5.811543941497803,1.4836280345916748,1.1197731494903564,10.8642578125,1.0,1.0,1.0,35.31481170654297,2.025869846343994,3.7802679538726807,1.0924689769744873,3.2221689224243164,1.0,1.0332139730453491,1.0,1.0,1.0,1.6921731233596802,1.0,2.016587495803833,1.851477026939392,1.0,1.0,1,1.0,1,1.0,1,1,1.0,1.0,1.0,1,1.0,1.252922773361206,3.188676595687866,1.0,1.0,1.3400342464447021,1.0,5.944747447967529,1.0,1.0,2.717278480529785,1.0,6.381340503692627,1.0,1.0,1.0,8.077503204345703,1.0,5.6274824142456055,1.0,1.0,9.48524284362793,1.0,1.0,8.211265563964844,2.438436985015869,1.0,1.0,5.260383605957031,1.0,3.8878278732299805,2.50256085395813,6.829118251800537,1.0,1.0,12.753727912902832,1.8505710363388062,1.0,1.0,1.8127821683883667,1.0,1.0,4.291182518005371,1.0,1.0,1.0,1.0,1.0,3.4480667114257812,2.9261348247528076,2.4750654697418213,1.6150978803634644,8.215531349182129,8.235532760620117,1.0297350883483887,17.401042938232422,26.056381225585938,4.005356788635254,23.3184814453125,3.8893940448760986,13.865654945373535
TEST_01+5일,9.210351943969727,1.0,5.712141990661621,1.1929007768630981,1.0,1.0,1.44719660282135,1.6385250091552734,1.0,1.0,1.0,1,1.0,15.53722858428955,24.99588966369629,1.589815616607666,1.0,1.0,1.627806544303894,1.0,1.0,1.0,1.0,1.0,1.0,1.0,1.0,1.0,6.0432634353637695,6.276707172393799,2.7454006671905518,5.934552192687988,3.3573179244995117,1.523766040802002,1.0,1.0,47.140079498291016,1.0,1.8067671060562134,27.35802459716797,15.788789749145508,1.0,1.0,1.0,1,1.2082247734069824,1.0,4.5971245765686035,1.0,6.561833381652832,12.062753677368164,1,4.8236308097839355,1.0,2.5328216552734375,1.2099982500076294,2.5318870544433594,1.4391738176345825,1.9545493125915527,1.0,10.113306999206543,5.125452995300293,6.737539291381836,10.696778297424316,8.648897171020508,1.7360293865203857,1.0,1.6743879318237305,3.3152236938476562,1.0,1.0,1.0,1.0,1.0,2.34047794342041,2.031259536743164,1.0,2.7061798572540283,1.0,2.2805185317993164,3.418929100036621,1.0,1.0,1.0,1.0,1.3207507133483887,1.0,1.0,1.2000552415847778,5.8408660888671875,1.0,1.988986611366272,5.052107810974121,10.34658432006836,1,1.0,1.0,1.0,32.098419189453125,11.929112434387207,1.0,1.0,11.340048789978027,1.0,1.0,1.0,43.26622772216797,4.512071132659912,3.2137210369110107,1.0081102848052979,4.049551963806152,1.0,1.4399642944335938,1.0,1.0,1.446696162223816,3.664574384689331,1.015872836112976,1.6508047580718994,1.0,1.0,2.5563948154449463,1,1.0,1,1.0,1,1,1.0,1.0,1.0,1,1.0,1.5392955541610718,1.1854280233383179,1.0,1.1394762992858887,1.0677324533462524,1.0,2.3941650390625,1.0,1.0,4.225729942321777,1.4824482202529907,8.2788724899292,1.0,1.0,1.0,9.10351276397705,1.0,11.859875679016113,1.0,1.0,22.623733520507812,1.0,1.0,20.9969482421875,6.298133850097656,1.0,1.0,7.020744800567627,1.0,4.555912494659424,3.2171342372894287,7.25553560256958,1.0,1.0,15.552112579345703,1.0,1.0,1.0,4.992569446563721,1.0,1.0,10.223130226135254,1.0,1.0,1.0,1.0,1.0,13.675735473632812,10.439776420593262,12.306313514709473,7.154705047607422,14.822355270385742,15.793256759643555,1.3555094003677368,36.97547149658203,35.42133331298828,6.801860809326172,42.36092758178711,6.218357563018799,17.310211181640625
TEST_01+6일,6.6938557624816895,1.0,9.166461944580078,3.0419797897338867,1.0,1.0,1.0,1.9166830778121948,1.3220679759979248,1.0,1.0,1,1.0,5.623262882232666,22.1401424407959,1.0275676250457764,8.025405883789062,1.0,2.1102547645568848,12.004984855651855,1.0,1.0,1.0,1.0,1.0,1.0,1.0,15.298759460449219,4.445599555969238,2.201063394546509,3.0016860961914062,8.692355155944824,3.7318637371063232,1.3093770742416382,1.0,1.0,53.57133483886719,1.0,2.272139549255371,48.60240936279297,11.535496711730957,1.0699429512023926,1.0,1.0,1,4.0522308349609375,1.0,6.458159446716309,1.0,7.384094715118408,7.955096244812012,1,4.95137882232666,1.0,3.980973482131958,1.1947956085205078,2.9468472003936768,1.6058584451675415,1.374198079109192,1.130858063697815,9.935587882995605,6.657358169555664,14.389140129089355,9.203051567077637,5.7357096672058105,3.1758573055267334,1.0,3.3546059131622314,6.3067827224731445,1.0,2.8801631927490234,1.0,1.0,1.0,6.4036970138549805,2.621887683868408,1.0,3.6686041355133057,1.0,2.514925479888916,4.426657676696777,2.130108594894409,1.0,1.0,1.2188713550567627,3.65291166305542,1.0,1.0,1.6114838123321533,6.036818027496338,1.0,1.0,2.873091697692871,13.480060577392578,1,1.0,1.0,1.0,29.624082565307617,5.644725799560547,1.1632684469223022,1.0,13.660115242004395,1.0,1.0,2.2715566158294678,49.77469253540039,3.2204859256744385,7.336801528930664,1.0,4.599504470825195,1.0,1.4017655849456787,1.0,1.0,1.0,2.422456979751587,1.7422734498977661,1.8824456930160522,1.0,1.0,1.0,1,1.0,1,1.0,1,1,1.0,1.0,1.0,1,1.9056235551834106,5.68602991104126,1.0,5.6173319816589355,2.4118101596832275,1.0,2.0808327198028564,14.733366012573242,1.0,1.0,3.986159086227417,1.1117255687713623,6.415903568267822,1.0,1.0,1.0,9.92742919921875,1.0,7.481701374053955,1.0,1.0,24.052101135253906,1.0,1.0,23.74172019958496,11.11747932434082,1.0,1.0,10.780067443847656,1.0,7.801567077636719,2.605100154876709,11.226632118225098,1.0,1.0,15.906084060668945,1.0,1.0,1.0,16.50347328186035,1.0,1.0,1.7276175022125244,1.0,1.0,1.0,1.0,1.0,12.148795127868652,6.300073623657227,11.27451229095459,3.0555150508880615,21.03601837158203,8.954933166503906,2.994344711303711,27.140918731689453,38.759307861328125,3.94254994392395,25.006458282470703,5.289616107940674,33.21934127807617
TEST_01+7일,12.095820426940918,1.0,14.453254699707031,5.718140125274658,1.0,1.0,1.0,3.0080318450927734,2.820145606994629,1.0,1.0,1,1.0,8.638388633728027,26.91922950744629,2.3972151279449463,1.0,1.0,3.212714433670044,1.0,1.0,1.0,1.0,1.0,1.0,1.0,1.0,11.727447509765625,8.262191772460938,6.6843342781066895,2.521785259246826,8.319330215454102,6.380146026611328,1.5266541242599487,1.0,1.0,66.62398529052734,1.0,3.3221282958984375,52.06876754760742,21.61358642578125,1.2973120212554932,1.0,1.0,1,5.292400360107422,1.0,5.87152099609375,1.4584511518478394,6.43609094619751,13.153773307800293,1,4.322290897369385,1.0,2.519252300262451,1.0,4.711090564727783,2.8322880268096924,1.4697680473327637,1.3822556734085083,13.912508964538574,9.25676441192627,11.698657989501953,14.434389114379883,10.54076099395752,2.2106258869171143,1.0,2.686122179031372,3.594898223876953,1.0,1.7098807096481323,1.0,1.0,1.0,4.144842147827148,4.106687068939209,1.0,2.2086803913116455,1.0,4.4888105392456055,2.0774781703948975,2.8471872806549072,1.0,1.0,1.8865262269973755,4.301149368286133,1.0,1.9236449003219604,2.2709038257598877,7.131451606750488,1.0,1.419516921043396,4.630998134613037,12.161097526550293,1,1.0,1.0,1.0,16.780677795410156,8.292716979980469,1.7995377779006958,1.0,12.978496551513672,1.0,56.41790008544922,1.0,38.15867614746094,3.923344850540161,7.0182719230651855,1.1153743267059326,4.041688919067383,1.0,2.614147424697876,1.0,1.0,2.0263586044311523,2.2005207538604736,3.1529171466827393,3.4730658531188965,2.096292495727539,1.0,1.0,1,1.0,1,1.0,1,1,1.0,1.0,1.0,1,1.0,6.127373218536377,2.2175729274749756,3.933090925216675,3.9109020233154297,1.0,2.3414177894592285,9.916913032531738,1.0,1.0,4.660761833190918,3.6981048583984375,5.390974521636963,1.0,1.0,1.0,14.013875007629395,1.0,11.669418334960938,1.0,1.0,28.22792625427246,1.0,1.0,25.110355377197266,7.822540760040283,1.0,1.0,17.655071258544922,1.0,8.886609077453613,2.868417263031006,16.80089569091797,1.0,1.0,19.596343994140625,1.30264151096344,1.5831481218338013,1.0,29.3692569732666,2.5045111179351807,1.0,4.825267791748047,3.1804938316345215,1.0,1.0,3.3746559619903564,1.0,13.361666679382324,9.653203964233398,16.042224884033203,4.174317359924316,18.90776252746582,18.943363189697266,5.367188930511475,32.40650939941406,40.41910171508789,3.9158341884613037,46.20337677001953,5.454098701477051,33.047706604003906
TEST_02+1일,11.441971778869629,1.0,12.754525184631348,6.0187883377075195,1.3216030597686768,1.0,1.0,1.0,2.1058456897735596,1.0,1.3756070137023926,1,3.543978452682495,6.216310977935791,57.029605865478516,1.909934401512146,1.0,1.3711336851119995,1.4926320314407349,1.0,1.0,1.0,1.035163164138794,1.0,1.0,1.0,1.0,1.2509175539016724,16.77479362487793,11.585332870483398,6.759245872497559,8.773826599121094,2.4974372386932373,2.169903516769409,1.0,6.603811740875244,64.13716125488281,4.54188871383667,2.4269416332244873,40.83475112915039,35.82023239135742,2.2156317234039307,1.0,1.0,1,2.2097995281219482,1.0,5.9720540046691895,1.0,10.145235061645508,22.56807518005371,1,11.657231330871582,1.0697858333587646,1.8097975254058838,1.0,2.016648292541504,1.6698399782180786,1.0,1.0,13.016999244689941,12.675674438476562,27.909547805786133,21.037870407104492,14.258830070495605,1.4036445617675781,1.0,2.431994676589966,2.9224143028259277,1.0,2.3842194080352783,1.0,1.0,1.0,3.0769524574279785,5.392319202423096,1.0,3.8649721145629883,1.0,5.014782428741455,1.9159924983978271,1.901120901107788,1.0,1.0,1.3524041175842285,1.1171883344650269,1.119875192642212,2.0392000675201416,2.965851306915283,4.8905863761901855,1.0,1.3812916278839111,4.324641704559326,1.0,1,1.0,1.0,1.0,15.502732276916504,16.44513511657715,1.0,1.0,1.3243046998977661,1.0,231.93341064453125,3.8197181224823,38.08750534057617,7.180665493011475,6.468723297119141,2.7469751834869385,3.75661301612854,1.0,3.0412039756774902,1.0,1.0,1.0,2.0608325004577637,1.0,3.2472493648529053,1.9010969400405884,1.0,1.0,1,1.0,1,1.0,1,1,1.0,1.0,1.0,1,1.0,1.0,1.0,1.8943805694580078,1.8124830722808838,1.0,1.0,1.1809334754943848,1.0,1.0,1.694401502609253,1.0,8.550431251525879,1.0,1.0,1.638524055480957,9.438026428222656,1.0,9.774868965148926,1.0,1.0,17.71564292907715,1.0,1.0,27.558015823364258,7.583215236663818,1.0,1.0,20.119741439819336,1.0,6.270141124725342,4.1098785400390625,11.349721908569336,1.0,1.0,13.833930015563965,2.1698715686798096,3.671967029571533,1.0,31.090282440185547,2.797893762588501,1.0,11.462202072143555,6.054625034332275,1.0,3.456690788269043,8.758912086486816,5.135185241699219,55.80398941040039,38.41358184814453,63.699337005615234,21.231332778930664,26.601791381835938,65.12957000732422,31.542091369628906,123.70673370361328,102.14386749267578,9.46414852142334,125.78937530517578,38.302433013916016,101.66748809814453
TEST_02+2일,5.039703369140625,1.0,8.593762397766113,5.112569332122803,1.0,1.0,1.0,1.0,2.1203413009643555,1.0,1.0,1,1.0,1.6567708253860474,30.944580078125,2.755241870880127,1.0,1.0,1.0,1.0,1.6982665061950684,1.0,1.0,1.0,1.0,1.0,1.0,1.0,23.573440551757812,13.337454795837402,9.360576629638672,5.092514514923096,2.0233616828918457,2.5398035049438477,1.0,8.9315824508667,69.33150482177734,7.797228813171387,3.4887020587921143,42.85524368286133,48.92839813232422,2.6860997676849365,1.0,1.0,1,2.3445963859558105,1.0,8.048629760742188,1.0,10.745512962341309,17.44190216064453,1,9.440053939819336,1.0,1.2639728784561157,1.0,1.7832268476486206,1.730019211769104,1.153770089149475,1.0,15.00790786743164,17.55215835571289,26.822900772094727,18.377992630004883,8.948402404785156,4.058177471160889,1.0,1.0,1.0,1.0,1.1188348531723022,1.0,1.0,1.0,1.712335467338562,1.0,1.0,4.58738899230957,1.0,3.9377527236938477,1.8106770515441895,1.0,1.0,1.0,1.0,1.0,1.5266098976135254,2.059499740600586,1.7151670455932617,2.184077501296997,1.0,2.7971551418304443,5.0037689208984375,1.0,1,1.0,1.0,1.0,12.123066902160645,16.529146194458008,1.0,1.0,5.375896453857422,1.0,42.796512603759766,28.3023624420166,38.66069412231445,8.656761169433594,11.645891189575195,1.7462459802627563,6.8591837882995605,1.0,2.2669715881347656,1.6926400661468506,1.0,1.0,1.9060776233673096,1.032564401626587,5.40847110748291,1.3277602195739746,1.0,1.0,1,1.0,1,1.0,1,1,1.0,1.0,1.0,1,1.0,1.0,1.0,1.4567936658859253,1.0,1.0,1.0,1.0,1.0,1.0,1.570907473564148,1.0,11.471762657165527,1.0,1.0,8.733299255371094,14.025864601135254,1.0,6.558065891265869,1.0,1.0,23.315853118896484,1.0,1.0,28.930511474609375,10.251230239868164,1.0,1.0,15.56666374206543,1.085606336593628,9.470664978027344,4.334994792938232,12.967750549316406,1.0,1.0,17.117868423461914,3.6991708278656006,1.3942676782608032,1.0,1.0,1.0,1.0,10.4265718460083,2.0504322052001953,1.0,2.4863200187683105,8.782135009765625,1.0,23.337749481201172,5.914590358734131,29.779504776000977,9.09990119934082,23.458024978637695,13.87442684173584,12.012703895568848,55.27480697631836,46.054683685302734,1.1047301292419434,66.4142074584961,13.267245292663574,41.77134323120117
TEST_02+3일,5.514029026031494,1.0,12.322837829589844,6.10410737991333,1.0,1.0,1.0,1.0,2.164741277694702,1.2834346294403076,1.3094167709350586,1,1.700670838356018,2.0273735523223877,35.54933166503906,1.3814265727996826,1.0,1.0,1.0,1.0,1.0,1.6571213006973267,1.0,1.0,1.0,1.0,1.0,6.743585109710693,21.718412399291992,10.076021194458008,10.372883796691895,4.7438130378723145,3.3268823623657227,1.5638982057571411,1.0,5.659660339355469,43.44414138793945,5.360098838806152,2.3557772636413574,28.974790573120117,49.17549133300781,1.231127381324768,1.0,1.0,1,3.1409218311309814,1.0,9.052766799926758,1.0,6.442443370819092,21.651254653930664,1,14.673686027526855,1.0,1.3360103368759155,1.0,1.9031764268875122,1.0,1.0,1.0,13.60055923461914,16.247167587280273,17.091094970703125,21.381986618041992,12.91988754272461,2.997422933578491,1.0,1.9528977870941162,1.5159027576446533,1.0,4.3544392585754395,1.0,1.0,1.0,4.063305854797363,2.829228162765503,1.0,3.457253932952881,1.0,4.461306095123291,2.895198106765747,1.0,1.0,1.0,1.0,1.266027808189392,1.0618354082107544,1.9530905485153198,5.166221618652344,5.69074821472168,1.0,2.7503979206085205,4.330931186676025,1.0,1,1.0,1.0,1.0,10.542162895202637,14.259706497192383,1.0,1.0,3.5537424087524414,1.0,17.184228897094727,12.577346801757812,38.65873718261719,9.267884254455566,8.376996994018555,3.2592694759368896,6.844305038452148,1.0,4.518514156341553,1.0,1.0,2.2732126712799072,2.0050203800201416,1.6425153017044067,3.5599730014801025,2.7209835052490234,1.1658159494400024,1.0,1,1.0,1,1.0,1,1,1.0,1.0,1.0,1,1.0,1.1656665802001953,1.8256590366363525,1.0,1.2890528440475464,1.0,1.0,3.6057417392730713,1.0,1.0,1.9437191486358643,1.0,7.251582622528076,1.0,1.0,12.59233570098877,20.540117263793945,1.0,12.688751220703125,1.0,1.0,23.274946212768555,1.0,1.0,34.85708236694336,7.400051116943359,1.0,1.0,14.8627290725708,1.1151100397109985,13.776487350463867,3.4670634269714355,11.346108436584473,1.0,1.0,18.285940170288086,2.9340667724609375,3.5800325870513916,1.0,4.637460708618164,1.0,1.0,9.454236030578613,3.3735086917877197,1.0,1.2003587484359741,8.466596603393555,1.0,45.3333740234375,39.50766372680664,53.918704986572266,23.0103702545166,24.34415054321289,52.461849212646484,18.9317626953125,119.1703872680664,104.22909545898438,7.837746620178223,110.26195526123047,32.35240936279297,75.56309509277344
TEST_02+4일,8.781081199645996,1.0,11.613154411315918,2.806565523147583,1.0,1.0,3.4577276706695557,1.0,4.720859527587891,1.0,1.0,1,1.0,1.9758977890014648,49.043636322021484,1.0,8.770398139953613,1.1068276166915894,1.0,1.0,1.0,1.0,1.0,1.0,1.0,1.0,1.0,5.6725993156433105,14.08887767791748,7.09160041809082,5.941554069519043,3.255122423171997,2.5465140342712402,1.8800468444824219,1.0,5.114075183868408,48.43898010253906,3.2764339447021484,2.283444404602051,25.702144622802734,31.80668830871582,1.8790088891983032,1.0,1.0,1,3.0781123638153076,1.0,5.732677936553955,1.0,5.911959171295166,14.146563529968262,1,6.272622585296631,1.0,1.057458758354187,1.0,1.4793016910552979,1.0433679819107056,1.0,1.0,10.040639877319336,14.79350471496582,33.2796516418457,13.307469367980957,9.861936569213867,2.695765495300293,1.0,2.2711093425750732,3.4594414234161377,1.0,1.412642240524292,1.0,1.0,1.0,2.9029645919799805,1.6133663654327393,1.0,4.8771867752075195,1.0,4.290773868560791,1.0,1.120115876197815,1.0,1.0,1.0,1.0,1.0,1.0279444456100464,2.6458306312561035,3.7006802558898926,1.0,2.123509168624878,3.0760855674743652,1.0,1,1.0396654605865479,1.0,1.0,22.725969314575195,10.285812377929688,1.0,1.0,3.2323291301727295,1.0,30.851205825805664,19.983718872070312,40.614585876464844,6.487181186676025,7.9511566162109375,1.5452436208724976,3.8839080333709717,1.0,2.7681071758270264,1.0,1.0,1.3866604566574097,2.8432323932647705,2.2472219467163086,3.1720685958862305,1.7458006143569946,1.0,1.0,1,1.0,1,1.0,1,1,1.0,1.0,1.0,1,1.0,1.0,1.0,1.0,1.1100183725357056,1.0,1.0,2.8793704509735107,1.0,1.0,1.0076206922531128,1.0,9.118773460388184,1.0,1.0,17.068042755126953,8.175596237182617,1.0,5.5118727684021,1.0,1.0,14.059562683105469,1.0,1.0,16.821786880493164,4.154900074005127,1.0,1.0,6.385311603546143,1.0,4.633066654205322,2.6393821239471436,8.372631072998047,1.0,1.0,10.935563087463379,3.9446516036987305,1.9021000862121582,1.0,2.086024284362793,1.0,1.0,10.369930267333984,1.5552520751953125,1.0,2.748070478439331,6.783047199249268,1.0,28.443077087402344,24.188045501708984,37.38957595825195,10.565211296081543,14.44959831237793,30.05412483215332,16.401395797729492,79.05438232421875,74.5894775390625,8.86164379119873,71.24539947509766,21.870094299316406,51.199981689453125
TEST_02+5일,7.459224700927734,1.0,5.193107604980469,2.019498586654663,1.0,1.0,7.335855960845947,1.0,1.0,1.0,1.0,1,1.0,1.873703956604004,23.769733428955078,1.0,1.0,1.0,1.061410665512085,1.0,1.0,1.0,1.0,1.0,1.0,1.0,1.0,4.226144313812256,11.03742790222168,4.913543224334717,4.678414821624756,5.224734783172607,1.5130366086959839,1.7712886333465576,1.0,4.279448986053467,45.53443145751953,3.102639675140381,2.0439398288726807,27.6513614654541,22.334474563598633,1.993957281112671,1.0,1.0,1,1.7548882961273193,1.0,4.239569664001465,1.0,3.780517101287842,13.22445297241211,1,5.882144927978516,1.0,1.3509283065795898,1.0,1.9893020391464233,1.0120714902877808,1.0,1.0,10.010700225830078,7.5018720626831055,13.26987075805664,13.645615577697754,10.206334114074707,3.2918570041656494,1.0,1.9518780708312988,3.225552797317505,1.0,1.2329142093658447,1.0,1.0,1.0,2.6965553760528564,3.2251298427581787,1.0,2.912193775177002,1.0,2.4773263931274414,2.052828073501587,1.0,1.0,1.0,1.0621976852416992,1.0,1.0,2.1346096992492676,2.698430061340332,3.396246910095215,1.0,1.3985819816589355,6.7743239402771,1.0,1,1.0,1.0,1.0,28.699718475341797,12.276612281799316,1.0,1.0,5.571223258972168,1.0,15.358414649963379,97.36824035644531,29.728599548339844,7.06403923034668,5.795984268188477,1.702307939529419,6.753122806549072,1.0,3.2722203731536865,1.0008028745651245,1.0,1.6337647438049316,1.694135308265686,1.248569130897522,5.132416248321533,1.0,1.0,1.49763822555542,1,1.0,1,1.0,1,1,1.0,1.0,1.0,1,1.0,1.0,1.0,1.676988124847412,2.218801975250244,1.0,1.0,1.0,1.0,1.0,2.692247152328491,1.0,6.107263088226318,1.0,1.0,14.067049026489258,4.792585849761963,1.0,4.647584915161133,1.0,1.0,12.620359420776367,1.0,1.0,18.9453067779541,1.6737240552902222,1.0,1.0,3.392143964767456,1.0,1.646130919456482,3.7440943717956543,6.677037239074707,1.0,1.0,8.715065002441406,1.0,1.0,1.0,7.607180118560791,1.0,1.0,2.6920289993286133,1.0,1.0,2.1607327461242676,2.3882691860198975,1.0,26.416004180908203,21.305397033691406,24.44517707824707,9.081908226013184,12.858932495117188,22.482831954956055,10.860806465148926,53.54922103881836,48.642974853515625,6.726797103881836,57.82283020019531,13.592293739318848,31.654539108276367
TEST_02+6일,5.93705415725708,50.11161422729492,9.082819938659668,3.4469375610351562,1.0,1.0,20.975473403930664,1.0,1.0,1.0,1.0,1,1.0,3.8782601356506348,27.487842559814453,1.0,41.774169921875,1.0,1.0,24.109134674072266,12.902271270751953,1.0,1.0,1.0,1.0,1.0,1.0,8.394492149353027,11.5835599899292,2.205198287963867,4.157386302947998,4.431094169616699,3.409137487411499,4.001191139221191,1.0,2.07717227935791,41.25527572631836,3.8623788356781006,1.717011570930481,27.576066970825195,20.945632934570312,3.393826961517334,1.0,1.0,1,2.3639914989471436,1.0,4.162312030792236,1.0,5.122209072113037,11.360983848571777,1,5.502986907958984,1.0,1.7966958284378052,1.0,1.8453701734542847,1.0,1.0,1.0,8.217531204223633,7.955109596252441,14.184564590454102,13.836792945861816,6.300748348236084,2.269852638244629,1.0,1.6005364656448364,2.1046595573425293,1.0,1.2020748853683472,1.0,1.0,1.0,3.3398897647857666,4.457468509674072,1.0,3.5035862922668457,1.0,4.112408638000488,1.6076167821884155,1.0,1.0,1.0,1.2813817262649536,1.2622995376586914,1.0,1.5383942127227783,2.4151902198791504,2.991048574447632,1.0,1.8939892053604126,4.88688850402832,1.0,1,1.0,1.0,1.0,21.15915298461914,17.757686614990234,1.0,1.0,5.2851386070251465,1.0,10.0341796875,79.69862365722656,30.512989044189453,6.903974533081055,8.43549633026123,2.3373708724975586,6.02907133102417,1.0,3.889252185821533,1.2293332815170288,1.0,2.186004161834717,1.6673634052276611,1.7240040302276611,3.9808831214904785,1.6248079538345337,1.0,1.0,1,1.0,1,1.0,1,1,1.0,1.0,1.0,1,1.0,4.313941955566406,1.0,3.367011070251465,2.68815279006958,1.0,1.3420944213867188,7.963656425476074,1.0,1.0,1.1399033069610596,1.0,8.152582168579102,1.0,1.0,24.377561569213867,7.4100260734558105,1.0,4.235630512237549,1.0,1.0,18.507396697998047,1.0,1.0,21.810060501098633,6.000430107116699,1.0,1.0,8.343925476074219,1.0,6.6703782081604,3.350214958190918,6.474919319152832,1.0,1.0,9.365249633789062,1.0,1.0,1.0,16.876882553100586,1.0,1.0,3.2104883193969727,1.0,1.0,1.0,1.9253785610198975,1.390013337135315,29.4427433013916,13.670541763305664,17.772327423095703,5.696562767028809,11.471531867980957,18.507061004638672,13.553196907043457,43.934410095214844,34.917415618896484,6.8539276123046875,35.28928756713867,10.538942337036133,31.208786010742188
TEST_02+7일,14.685439109802246,1.0,16.200868606567383,7.179388046264648,2.2021639347076416,1.0,1.0,1.0,2.267488479614258,1.4133378267288208,1.9760985374450684,1,1.4149631261825562,6.541747570037842,43.31254196166992,1.0,1.0,1.0,2.3660600185394287,1.0,1.0,1.0,1.0300589799880981,1.0,1.0,1.0,1.0,7.936894416809082,13.290209770202637,3.820927381515503,4.650805950164795,5.81400728225708,2.910200357437134,2.6741561889648438,1.0,4.477910995483398,62.451087951660156,3.834327220916748,3.3838000297546387,39.2891845703125,24.970659255981445,2.0769615173339844,1.0,1.0,1,4.205443382263184,1.0,5.378426551818848,1.0,5.3045477867126465,23.311338424682617,1,6.55087947845459,1.0,2.7352182865142822,2.2477893829345703,3.5532994270324707,1.6350599527359009,1.180666208267212,1.0,9.811589241027832,11.26507568359375,16.343503952026367,25.121030807495117,10.388476371765137,1.6049892902374268,1.0,1.5620089769363403,3.8712968826293945,1.0,1.3851288557052612,1.0,1.0,1.0,3.1437478065490723,5.413249492645264,1.0,3.7053935527801514,1.0,4.517029762268066,2.858686923980713,1.7070692777633667,1.0,1.0,3.1174399852752686,1.4814642667770386,1.9591323137283325,1.9387727975845337,3.2699873447418213,5.121639728546143,1.0,1.701074242591858,5.788948059082031,1.0,1,1.0,1.0,1.365548014640808,4.523088455200195,13.995437622070312,1.0,1.0,7.297200679779053,1.0,142.19857788085938,5.858704090118408,30.7044620513916,8.203117370605469,12.85596752166748,2.4454398155212402,6.107783794403076,1.0,2.8638556003570557,1.0,1.0,1.145731806755066,2.7918338775634766,2.463590383529663,2.766355514526367,3.2446749210357666,1.0,1.0,1,1.0,1,1.0,1,1,1.0,1.0,1.0,1,1.0,2.550947904586792,1.2024356126785278,4.700936317443848,2.7584993839263916,1.0,2.3472092151641846,8.450907707214355,1.0,1.0,1.5193275213241577,1.0,9.489225387573242,1.0,3.956648588180542,11.46728801727295,10.171586036682129,1.0,9.112768173217773,1.0,1.0,27.112354278564453,1.0,1.0,23.552305221557617,5.95895528793335,1.0,1.0,13.07984733581543,1.0,8.015113830566406,2.713473320007324,12.736145973205566,1.0,1.0,12.933797836303711,1.9362261295318604,3.4129445552825928,1.0,30.472436904907227,4.670177936553955,1.0,1.0,5.467027187347412,1.0,1.0,4.071532726287842,7.880756378173828,40.852684020996094,19.604137420654297,33.95125961303711,7.851178169250488,26.70035743713379,33.928775787353516,24.099729537963867,89.20342254638672,54.59611511230469,9.448973655700684,49.849884033203125,9.504627227783203,42.95863723754883
TEST_03+1일,9.835617065429688,1.0,11.227783203125,4.023787975311279,1.0,1.0,7.353143215179443,2.2395920753479004,3.01912522315979,1.0,1.0,1,1.3897207975387573,3.4223947525024414,25.69702911376953,1.0,1.0,1.2461473941802979,1.0,1.2883700132369995,1.0,1.0,1.708422064781189,1.0,1.0,1.0,1.502667784690857,13.827242851257324,15.727757453918457,6.595312595367432,8.470599174499512,2.82287859916687,1.4461051225662231,1.0,1.0,3.969074249267578,42.66486358642578,5.855132102966309,2.097353458404541,15.92415714263916,22.406005859375,1.0,1.0,1.0,1,1.2464699745178223,1.0,1.4266259670257568,1.0,1.0138776302337646,16.07560920715332,1,4.857761859893799,1.0,3.709974527359009,2.0964019298553467,2.0860817432403564,1.0,1.0,1.0,4.755996227264404,10.973041534423828,33.28963088989258,16.780065536499023,14.547207832336426,2.5905027389526367,1.0,1.667021632194519,4.198037624359131,1.0,2.277621269226074,1.0,1.0,1.0,5.46724796295166,2.625398635864258,1.0,4.316318988800049,1.0,5.8289666175842285,1.5801565647125244,1.6152209043502808,1.0,1.0,1.5460089445114136,1.0,1.9385755062103271,1.5203659534454346,5.346251964569092,5.7533278465271,6.276684761047363,1.0533368587493896,4.854678630828857,9.581961631774902,1,1.0,1.7108123302459717,1.0,32.132877349853516,7.8435378074646,3.2152631282806396,1.0,2.782024383544922,1.0,158.5845489501953,26.888032913208008,31.873340606689453,5.584349155426025,1.0,1.0,5.216595649719238,1.0,2.2548773288726807,2.0811798572540283,1.0,1.4253880977630615,1.8208510875701904,1.9355469942092896,4.403261184692383,1.8172109127044678,1.0,20.417572021484375,1,1.0,1,1.0,1,1,1.0,1.0,1.0,1,15.848369598388672,1.0,1.0,1.0,1.0,1.0,1.0,1.0,1.0,1.0,1.0,1.0,10.51436710357666,1.0,20.365541458129883,75.39630126953125,16.45174217224121,1.0,17.832843780517578,1.0,1.0,34.328495025634766,1.0,1.0,50.47233581542969,10.752628326416016,1.0,1.0,18.435718536376953,1.0,8.323129653930664,3.848198175430298,14.858946800231934,1.0,1.0,20.22357940673828,21.893152236938477,12.120098114013672,1.0,36.934200286865234,1.0,23.644277572631836,25.166868209838867,33.05375289916992,16.344402313232422,3.5991077423095703,3.2916347980499268,22.19231605529785,170.60374450683594,81.69278717041016,127.30490112304688,41.71696090698242,87.84333038330078,166.29457092285156,80.59461975097656,623.2537231445312,134.19358825683594,117.7906723022461,122.63693237304688,25.492061614990234,186.44635009765625
TEST_03+2일,3.2168946266174316,3.872692108154297,2.6009228229522705,1.0,1.0,1.0,13.674688339233398,1.0,1.0,1.0,1.0,1,1.0,1.0,1.801932692527771,1.0,6.765868663787842,1.0,1.0,51.930877685546875,15.50441837310791,1.0,1.0,1.3855009078979492,6.626804351806641,1.1725929975509644,2.271124839782715,2.9724388122558594,17.559476852416992,6.182283878326416,11.582745552062988,4.693207263946533,2.135998010635376,1.0,1.0,3.963287115097046,51.26573944091797,5.774402141571045,1.66069495677948,34.31564712524414,27.722410202026367,1.0,1.0,1.0,1,1.0,1.0,4.426808834075928,1.0,2.2117841243743896,15.880943298339844,1,12.330714225769043,1.0,4.653542518615723,1.4145534038543701,2.768779754638672,1.0,1.0,1.0,6.070663928985596,11.744831085205078,22.058801651000977,19.190889358520508,15.391690254211426,1.3588677644729614,1.0,1.0,1.0,1.0,1.0,1.0,1.0,1.0,1.5684350728988647,1.0,1.0,2.252182722091675,1.0,2.6514668464660645,1.0,1.0,1.0,1.0,1.0,1.0,1.0,1.0,1.920238733291626,1.0856025218963623,24.94676399230957,1.0,4.6456098556518555,7.311366081237793,1,1.0,1.0,1.0663573741912842,20.618885040283203,5.371979236602783,2.2493810653686523,1.0,7.862551689147949,1.0,1.0,111.82942962646484,15.681153297424316,5.147325038909912,1.1565462350845337,1.0,4.801182746887207,1.0,1.3039392232894897,1.0,1.138381004333496,1.0,1.8315975666046143,1.3226721286773682,3.670647382736206,1.0,1.0,77.83397674560547,1,1.0,1,1.0,1,1,1.0080605745315552,3.2983367443084717,1.0,1,3.310485601425171,1.0,1.0,1.0,1.0,1.0,1.0,1.0,1.0,1.0,1.0,1.0,11.33959674835205,1.0,42.35985565185547,95.6591567993164,12.464797019958496,1.0,11.459822654724121,1.0,1.0,24.299144744873047,1.0,1.0,41.167030334472656,7.45070219039917,1.0,1.0,12.986469268798828,2.5219202041625977,2.831839084625244,3.959306240081787,7.080255508422852,1.0,1.0,19.846248626708984,9.297303199768066,5.94156551361084,1.0,1.0,1.0,1.0,17.179929733276367,10.568035125732422,1.4349325895309448,1.8357479572296143,1.7278579473495483,1.0,124.70796203613281,54.78419876098633,100.48896026611328,25.47686195373535,77.46709442138672,76.44389343261719,43.155948638916016,440.08953857421875,103.12380981445312,84.55760955810547,108.21981048583984,21.594667434692383,142.1859588623047
TEST_03+3일,2.26161527633667,1.0,5.667508125305176,1.0,1.0,1.0544217824935913,11.404808044433594,1.0,1.5752004384994507,1.0,1.0,1,1.0,1.0,8.518777847290039,1.0,18.9598445892334,1.0,1.0,17.407575607299805,2.8104124069213867,1.0,1.0,1.0,1.0,40.674522399902344,2.8831467628479004,87.60249328613281,16.600770950317383,5.7168402671813965,6.0617756843566895,2.2737181186676025,1.0395525693893433,1.014660358428955,1.0,2.3956007957458496,34.22930908203125,3.7019262313842773,2.5506227016448975,22.338905334472656,28.70120620727539,1.0534273386001587,1.0,1.0,1,2.1095492839813232,1.0,3.93841290473938,1.0,1.0989484786987305,10.682256698608398,1,5.610853672027588,1.0,3.2259416580200195,2.384739398956299,1.9008309841156006,1.0,1.0,1.0,3.6261160373687744,9.117876052856445,23.667739868164062,19.610628128051758,13.910569190979004,2.0243937969207764,1.0,1.4099500179290771,3.6875650882720947,1.0,4.836542129516602,1.0,1.0,1.0,6.028721809387207,1.772308588027954,1.0,5.450767993927002,1.0,4.012033462524414,1.0462288856506348,1.3935407400131226,1.0,1.6387622356414795,1.4644604921340942,1.0,1.2484748363494873,2.543968915939331,5.640949726104736,6.423950672149658,63.248619079589844,1.5354645252227783,4.139262676239014,6.728293418884277,1,1.0,1.0,1.0,24.065425872802734,4.76580810546875,1.6296483278274536,1.0,4.993918418884277,1.0,1.0,119.27452850341797,13.484292984008789,5.4009928703308105,1.9373719692230225,1.0,5.762745380401611,1.0,1.0,1.0435914993286133,1.0,1.0,1.698755145072937,2.1449520587921143,4.018986701965332,1.0,1.0,24.67332649230957,1,1.0,1,1.0,1,1,1.0,3.3016674518585205,1.0,1,10.709129333496094,1.0,1.0,1.0,1.0,1.0,1.0,1.0,1.0,1.0,1.0,1.0,4.980617046356201,1.0,75.95634460449219,198.5074462890625,6.726856708526611,1.0,6.958217620849609,1.0,1.0,15.20491886138916,1.0,1.0,27.382993698120117,2.250370979309082,1.0,1.0,3.917091131210327,1.0,3.724026679992676,3.0773227214813232,5.450459957122803,1.0,1.0,13.004166603088379,5.386777877807617,1.9970864057540894,1.0,2.3460428714752197,1.0,4.213273525238037,10.208516120910645,5.021514415740967,1.039815068244934,1.0,1.0,3.8558647632598877,146.95155334472656,55.30976867675781,96.44902801513672,34.23823165893555,85.64970397949219,94.66203308105469,44.15849304199219,430.4990539550781,105.30030059814453,105.30245208740234,104.26476287841797,26.09705352783203,142.2505645751953
TEST_03+4일,3.5782406330108643,1.0,6.446034908294678,1.3430955410003662,1.0,1.0,22.13590431213379,1.0,1.0,1.0,1.0,1,1.0,1.0,11.039165496826172,1.0,81.00242614746094,1.0,1.0,78.3511734008789,14.790362358093262,1.0,1.0,1.0,1.0,1.8233786821365356,20.81281852722168,36.27832794189453,18.500871658325195,4.273669719696045,5.464300632476807,4.450239181518555,1.0,1.0,1.0,2.798335552215576,42.89914321899414,5.555662631988525,1.8374677896499634,25.48145866394043,25.816150665283203,1.1776585578918457,1.0,1.0,1,1.406690239906311,1.0,2.8161189556121826,1.0,1.6574029922485352,13.813252449035645,1,8.002187728881836,1.0,2.6781346797943115,1.5872786045074463,1.8417961597442627,1.0,1.0,1.0,3.214674234390259,7.839006423950195,33.76033401489258,24.809778213500977,21.007808685302734,2.613769769668579,1.0,2.235905170440674,3.4378607273101807,1.0,2.8966715335845947,1.0,1.0,1.0,3.8959717750549316,1.0,1.0,3.779996871948242,1.0,5.579573154449463,1.0,1.761868953704834,1.0,1.0,2.1734554767608643,1.0,1.240693211555481,2.207246780395508,5.053837299346924,6.323050022125244,78.2049560546875,1.0,3.110311269760132,5.521218299865723,1,1.0,1.0,1.0,19.66288185119629,4.572286128997803,2.4410383701324463,1.0,5.36063814163208,1.0,1.0,100.37358093261719,11.142800331115723,4.302192211151123,1.1265339851379395,1.0,3.333691358566284,1.0,1.0384960174560547,1.0,1.0,1.0,1.647100567817688,1.0,2.279174327850342,1.0,1.0,65.34716796875,1,1.0,1,1.0,1,1,1.0,3.0118725299835205,1.3083595037460327,1,12.399106979370117,1.0,1.0,1.0,1.0,1.0,1.0,1.0,1.0,1.0,1.0,1.0,7.619115829467773,1.0,56.26620864868164,126.4158935546875,13.161703109741211,1.0,6.057524681091309,1.0,1.0,18.82028579711914,1.0,1.0,35.74404525756836,1.723097324371338,1.0,1.0,6.390781879425049,1.0,3.758824348449707,3.253082036972046,7.918212890625,1.0,1.0,12.398552894592285,10.526012420654297,3.67508602142334,1.3073148727416992,2.8363804817199707,1.0,4.10520076751709,15.465752601623535,12.525474548339844,3.767756700515747,1.0,1.0,1.0,156.97354125976562,69.11821746826172,120.66590118408203,34.4056282043457,89.06051635742188,112.68296813964844,57.16436767578125,557.4488525390625,126.37004852294922,159.47128295898438,105.89225006103516,26.360836029052734,156.67599487304688
TEST_03+5일,5.478250980377197,41.036651611328125,3.8300275802612305,1.0,1.0,1.0,54.580787658691406,1.0,1.357499122619629,1.0,1.0,1,1.0,1.0,5.7699480056762695,1.0,43.77882766723633,1.0,1.0,73.22342681884766,49.74739074707031,1.0,1.0,1.0,26.70562171936035,3.017975330352783,5.2833943367004395,29.45704460144043,15.825230598449707,4.301540374755859,5.576069355010986,4.639708518981934,1.530730962753296,1.0,1.0,3.4404377937316895,45.21611404418945,4.9404072761535645,1.7842098474502563,25.81745147705078,23.181079864501953,1.279977560043335,1.0,1.0,1,1.0,1.2252485752105713,2.851571798324585,1.0,1.0,17.999588012695312,1,7.531912326812744,1.0,2.102006435394287,1.3237898349761963,2.470545768737793,1.0,1.0,1.0,5.325982093811035,9.7880859375,14.721349716186523,18.15741729736328,19.43869400024414,2.314819097518921,1.0,1.8176249265670776,3.5266852378845215,1.0,2.626638412475586,1.0,1.0,1.0,3.245934009552002,1.9156593084335327,1.0,4.350576877593994,1.0,5.570441722869873,1.2243728637695312,1.2515575885772705,1.0,1.0,1.0390821695327759,1.0,1.3070451021194458,1.8988559246063232,4.895692825317383,6.699444770812988,42.76036834716797,1.0,3.5351109504699707,4.151198387145996,1,1.0,1.0,1.0,19.693822860717773,3.767559766769409,1.8736323118209839,1.0,4.224174976348877,1.0,3.2213127613067627,95.03533935546875,10.15427303314209,3.5225515365600586,1.1014368534088135,1.0,3.238381862640381,1.0,1.0,1.0,1.0,1.0,1.3693697452545166,1.0850882530212402,2.4954164028167725,1.0,1.0,87.50321197509766,1,1.0,1,1.0,1,1,1.2060801982879639,5.706089496612549,1.0946030616760254,1,59.60455322265625,1.0,1.0,1.0,1.0,1.0,1.0,1.0,1.0,1.0,1.0,1.0,6.559150695800781,1.0,154.69476318359375,154.2866973876953,4.71136474609375,1.0,7.0068888664245605,1.0,1.0,21.372541427612305,1.0,1.0,42.95245361328125,2.164522886276245,1.0,1.0,6.180440425872803,1.0,4.270512104034424,3.7874152660369873,11.942573547363281,1.0,1.0,12.136136054992676,12.8145170211792,7.27712869644165,1.0,11.6263427734375,1.0,16.540319442749023,20.683961868286133,7.2686381340026855,4.799901008605957,2.6788480281829834,1.5366230010986328,5.363577365875244,122.09052276611328,68.36154174804688,108.19599914550781,44.09270095825195,118.38054656982422,122.64507293701172,65.46876525878906,579.3435668945312,133.91738891601562,148.15309143066406,142.0439910888672,40.47567367553711,189.40524291992188
TEST_03+6일,2.153848171234131,45.86602783203125,9.230995178222656,1.5196832418441772,1.0,1.0,32.65925598144531,1.0,1.0,1.0,1.0,1,1.0,1.0,16.51433753967285,1.0,62.34010314941406,1.0,1.0,71.3117904663086,27.86509132385254,1.0,1.0,2.216095209121704,5.005526542663574,19.83342170715332,5.704584121704102,112.46997833251953,12.548534393310547,1.844455361366272,4.887862682342529,5.227707386016846,1.0,1.0,1.0,2.1775176525115967,44.8855094909668,8.876028060913086,1.7130470275878906,31.74892807006836,21.014543533325195,1.0,1.0,1.0,1,2.426948070526123,1.0,2.0584137439727783,1.0,2.2737908363342285,10.753807067871094,1,4.992474555969238,1.0,4.677237510681152,3.6932809352874756,2.3681607246398926,1.0,1.0,1.0,6.135400772094727,7.917092800140381,23.396474838256836,13.939706802368164,13.463292121887207,3.1124801635742188,1.0,2.5578367710113525,4.047300815582275,1.0,3.5115580558776855,1.0,1.0,1.0,5.361626148223877,2.100959300994873,1.0,6.71329402923584,1.0,8.264571189880371,1.0,2.0020711421966553,1.671582818031311,1.0,1.9971736669540405,1.1064784526824951,1.9671434164047241,4.156875133514404,6.475666522979736,5.85547399520874,142.30801391601562,1.0,5.036981105804443,9.407014846801758,1,1.0,1.0,1.0,12.393245697021484,4.644298076629639,3.4189417362213135,1.0,1.5991723537445068,1.0,1.0,101.78816986083984,11.947524070739746,4.142094612121582,1.1158004999160767,1.0,3.331050157546997,1.0,1.0,1.2285133600234985,1.0,1.0,4.760908603668213,2.5699191093444824,2.725963592529297,1.0,1.0,18.008224487304688,1,1.0,1,1.0,1,1,1.1565208435058594,7.504767417907715,1.0603169202804565,1,77.0338363647461,2.780141592025757,2.0956320762634277,5.278197765350342,1.2268329858779907,1.0,2.1452043056488037,9.096907615661621,1.5576410293579102,1.5640207529067993,3.596066474914551,1.0,6.686970233917236,1.0,131.0692138671875,177.64996337890625,9.798467636108398,1.0,6.950603485107422,1.0,1.0,26.496135711669922,1.0,1.0,33.00457763671875,8.261740684509277,1.0,1.0,11.513651847839355,1.0,5.362156867980957,3.6907529830932617,10.978582382202148,1.0,1.0,18.047481536865234,8.064408302307129,3.194422721862793,1.0,22.790218353271484,1.0,9.271595001220703,20.170364379882812,11.29892349243164,4.284450054168701,1.0,2.7368836402893066,3.1113810539245605,169.12249755859375,76.4313735961914,103.18841552734375,50.25044631958008,77.62468719482422,144.7234649658203,74.23339080810547,596.2031860351562,153.66317749023438,108.70848846435547,142.7736053466797,37.70317077636719,207.34197998046875
TEST_03+7일,6.2454705238342285,1.0,14.681879997253418,6.315907001495361,1.0,1.0,6.644865989685059,1.0,2.162450075149536,1.0,1.0,1,1.0,1.0,15.484569549560547,1.25126051902771,1.0,1.0,1.3269038200378418,8.011990547180176,1.0,1.0,1.0,1.0,1.0,1.0,9.153836250305176,91.40623474121094,13.994818687438965,5.865431785583496,7.009706020355225,5.413767337799072,3.024512529373169,1.0,1.0,3.8595449924468994,55.89171600341797,5.283050060272217,1.6019420623779297,41.09067916870117,28.76888084411621,1.1450903415679932,1.0,1.0,1,2.6261444091796875,1.0,4.679891109466553,1.0,1.9053783416748047,19.125593185424805,1,7.945479869842529,1.0,6.290895938873291,4.621949195861816,5.64525842666626,1.0621631145477295,1.472680687904358,1.0,5.989603042602539,9.456201553344727,25.632017135620117,16.04374885559082,15.906623840332031,2.387378692626953,1.0,2.0323679447174072,3.160928726196289,1.0,3.304091691970825,1.0,1.957218050956726,1.0,4.362792015075684,1.587286114692688,1.0,3.53098464012146,1.0,4.630053520202637,1.0,3.091825008392334,1.0,3.748540163040161,3.0382068157196045,1.0,1.2952264547348022,1.0414619445800781,8.090262413024902,7.312026500701904,5.448557376861572,1.074073076248169,4.719114303588867,8.464766502380371,1,1.0,1.0,1.3948177099227905,5.013477325439453,7.020408630371094,4.552804470062256,1.0,3.4108500480651855,1.0,104.47525787353516,26.973896026611328,15.661011695861816,5.280651569366455,2.7676875591278076,1.2460912466049194,5.186225891113281,1.0,2.054328441619873,1.0,1.0,1.0,3.5348386764526367,2.2068777084350586,3.557694435119629,2.706324577331543,1.0,12.919415473937988,1,1.0,1,1.0,1,1,1.0,1.0,1.0,1,4.452539920806885,3.1079633235931396,1.7484626770019531,5.912672996520996,1.0,1.0,2.2521660327911377,11.206618309020996,1.0,1.311753511428833,2.165461540222168,1.1314945220947266,6.184657096862793,1.0,26.37890625,72.2079849243164,12.560891151428223,1.0,12.408551216125488,1.0,1.0,32.47980499267578,1.0,1.0,31.120771408081055,10.394899368286133,1.0,1.0,17.76277732849121,1.2967318296432495,9.487177848815918,3.516650915145874,15.863255500793457,1.0,1.0,16.199594497680664,12.179036140441895,14.36841869354248,1.0,39.50338363647461,4.154040813446045,6.120005130767822,28.985837936401367,22.2965145111084,5.602244853973389,2.5590803623199463,5.727651119232178,14.104544639587402,174.2620391845703,104.27037811279297,135.07980346679688,61.04092788696289,89.40845489501953,184.4168701171875,86.1268310546875,619.3287963867188,166.76637268066406,75.58711242675781,173.891845703125,37.97265625,207.34197998046875
TEST_04+1일,5.2601470947265625,1.0,6.115143775939941,6.160060882568359,1.059303879737854,1.0,1.0,1.0,1.0,1.0,1.0,1,1.0,1.0,1.0,1.0,1.0,1.0,1.0,1.0,1.0,1.0,1.0,1.0,1.0,1.0,1.117446780204773,9.130014419555664,26.102205276489258,5.2297682762146,5.823055267333984,2.527355909347534,1.7052600383758545,1.7230634689331055,1.0,5.49454927444458,58.067848205566406,4.2324299812316895,1.765036702156067,40.16814422607422,25.759876251220703,1.7820221185684204,1.0,1.0,1,2.5679562091827393,1.0,2.0915777683258057,1.0,2.0944488048553467,12.302934646606445,1,6.22510290145874,1.0,5.948019981384277,1.0,2.669187545776367,1.436041235923767,1.0,1.0,6.236662864685059,9.998703002929688,15.11075210571289,14.051902770996094,11.875557899475098,2.2269225120544434,1.0,1.1998813152313232,2.8971147537231445,1.0,4.254180908203125,1.0,1.0,1.0,5.338353633880615,1.0,1.0,1.0,1.0976228713989258,6.5131449699401855,1.0,2.283153533935547,1.0,1.0,2.2873802185058594,1.5811388492584229,2.6824426651000977,1.8531767129898071,2.9660043716430664,5.018369674682617,1.0,1.2002463340759277,3.6372857093811035,5.961160182952881,1,1.0,1.0,1.0,24.401880264282227,6.602791786193848,1.5746500492095947,1.0,5.0931549072265625,1.0,124.34974670410156,14.139200210571289,23.335878372192383,5.009171009063721,3.436410665512085,1.0,3.196810722351074,1.0,2.919300079345703,1.0,1.0,1.0,1.0,1.1027635335922241,2.320746421813965,1.0,1.0,29.448850631713867,1,1.0,1,1.0,1,1,1.0,1.0,1.0,1,1.0,1.0,1.0,1.0,1.0,1.0,1.0,1.0,1.0,1.0,1.0,1.0,4.639110088348389,1.0,4.511839866638184,88.32870483398438,5.348656177520752,1.0,7.307048797607422,1.0,1.0,22.07486915588379,1.0,1.0,19.5838680267334,4.1549072265625,1.0,1.0,7.3273539543151855,1.0,5.416999340057373,3.614837884902954,6.705390930175781,1.0,1.0,6.761605262756348,1.0,1.0,1.0,1.0,1.0,1.0,1.0,1.0,1.0,1.0,1.0,1.0,4.37575101852417,1.1854584217071533,17.757822036743164,7.804945468902588,15.39059066772461,2.4586498737335205,2.9753122329711914,30.305543899536133,2.938455104827881,14.986747741699219,2.4381308555603027,5.358151912689209,7.488113880157471
TEST_04+2일,1.1106253862380981,5.529811859130859,1.0162138938903809,1.0,1.0,1.0,4.483434200286865,1.0,1.0,1.0,1.0,1,1.0,1.0,1.0,1.0,1.0,1.0,1.0,9.006442070007324,7.626623153686523,1.0,1.0,1.0,1.274231195449829,1.0,1.110162615776062,2.559718370437622,8.076034545898438,1.5780776739120483,1.566583514213562,1.8234808444976807,1.0,1.3556413650512695,1.0,3.3916144371032715,20.764528274536133,1.3142530918121338,1.0,19.14105987548828,9.530511856079102,1.0,1.0,1.0,1,1.0,1.0,1.9242370128631592,1.0,1.3096864223480225,7.496429443359375,1,7.33574914932251,1.0,2.0046913623809814,1.0,1.6219335794448853,1.0,1.0,1.0,1.6683380603790283,7.5587382316589355,12.104971885681152,6.361363410949707,11.684467315673828,1.2433468103408813,1.0,1.0,1.0,1.0,1.0,1.0,1.0,1.0,1.1196836233139038,1.0,1.0,1.0,1.0,1.60866379737854,1.0,1.0,1.0,1.0,1.0,1.0,1.0,1.0,1.13899564743042,1.0,8.034258842468262,1.0,2.1281893253326416,4.807458400726318,1,1.0,1.0,1.0,6.534332275390625,3.2614805698394775,1.0,1.0,3.654237747192383,1.0,1.0,86.51888275146484,13.199723243713379,2.8813400268554688,3.8274874687194824,1.0,1.028405785560608,1.0,1.239427089691162,1.418997049331665,1.0,1.0,1.0,1.4797879457473755,2.5153403282165527,1.0,1.0,57.78290557861328,1,1.0,1,1.0,1,1,1.0,2.4398109912872314,1.0,1,1.8794479370117188,1.0,1.0,1.0,1.0,1.0,1.0,1.0,1.0,1.0,1.0,1.0,4.299397945404053,1.0,1.963645100593567,217.8544921875,3.206207275390625,1.0,2.607330322265625,1.0,1.0,11.485859870910645,1.0,1.0,14.067771911621094,2.1521778106689453,1.0,1.0,2.6547863483428955,1.0,1.2736443281173706,2.526505708694458,3.0225491523742676,1.0,1.0,2.233220100402832,1.0,1.0,1.0,1.0,1.0,1.0,1.0,1.0,1.0,1.0,1.0,1.0,1.0,1.0,1.0,1.0,1.0,1.0,1.0,1.0,1.0,1.0,1.0,1.0,1.0
TEST_04+3일,1.0,1.0,1.80958092212677,1.0,1.0,1.0,18.476974487304688,1.0,1.0,1.0,1.0,1,1.0,1.0,1.0,1.0,41.757511138916016,1.0,1.0,19.04001808166504,8.884692192077637,1.0,1.0,1.0,1.0,1.0,1.0,38.625938415527344,9.004973411560059,2.5502734184265137,2.7628307342529297,1.0122606754302979,1.8735554218292236,1.7156741619110107,1.0,2.816434860229492,10.514012336730957,1.8799476623535156,1.0,10.128623962402344,8.760093688964844,1.9089930057525635,1.0,1.0,1,1.0,1.0,1.0839927196502686,1.0,1.0,12.715693473815918,1,11.092875480651855,1.0,2.3457541465759277,1.0,1.4449528455734253,1.124423623085022,1.0,1.0,2.0169217586517334,4.4897308349609375,10.16463851928711,9.577895164489746,8.506418228149414,1.3251996040344238,1.0,1.0,1.4363127946853638,1.0,2.4707281589508057,1.0,1.0,1.0,1.80755615234375,1.0,1.0,1.0,1.0,3.4210073947906494,1.0,1.0,1.0,1.0,1.9449653625488281,1.0,1.2811992168426514,1.0,3.817887783050537,1.9272773265838623,39.18434524536133,1.0,1.1951348781585693,3.633655071258545,1,1.0,1.0,1.0,9.78615951538086,4.382474899291992,1.0,1.0,1.0,1.0,1.0,33.54399490356445,5.6320600509643555,2.089020013809204,3.9312596321105957,1.0,1.310869812965393,1.0,1.1333564519882202,1.0608190298080444,1.0,1.0,1.0,1.1949254274368286,1.7171680927276611,1.0,1.0,66.1180419921875,1,1.0,1,1.0,1,1,1.0,8.31712532043457,1.0,1,6.100308418273926,1.0,1.0,1.0,1.0,1.0,1.0,1.0,1.0,1.0,1.0,1.0,1.478697419166565,1.0,36.95990753173828,181.87667846679688,3.927940845489502,1.0,2.3013947010040283,1.0,1.0,6.412258148193359,1.0,1.0,10.188780784606934,1.0,1.0,1.0,3.2005817890167236,1.0,2.627068281173706,2.702617883682251,1.5377756357192993,1.0,1.0,2.1181838512420654,1.0,1.0,1.0,1.0,1.0,1.0,1.0,1.0,1.0,1.0,1.0,1.0,1.0,1.0,1.0,1.0,1.0,1.0,1.0,1.0,1.0,1.0,1.0,1.0,1.0
TEST_04+4일,1.1755359172821045,6.530148029327393,2.07989501953125,1.5988487005233765,1.0,1.0,15.90104866027832,1.0,1.0,1.0,1.0,1,1.0,1.0,1.0,1.0,30.076805114746094,1.0,1.0,6.4330902099609375,3.1792917251586914,1.0,1.0,1.0,1.0,1.0,1.1186636686325073,30.47159194946289,7.007289886474609,1.3726786375045776,1.7292957305908203,1.510394811630249,1.0,1.3660972118377686,1.0,7.343504428863525,22.490219116210938,1.1397939920425415,1.0,17.283023834228516,8.724910736083984,1.0,1.0,1.0,1,1.0,1.0,1.1739457845687866,1.0,1.0,7.8610758781433105,1,8.452784538269043,1.0,3.6650550365448,1.0,3.0771701335906982,1.3678895235061646,1.0,1.0,1.842117190361023,2.9448401927948,7.798577785491943,6.134891986846924,11.382061004638672,1.1548237800598145,1.0,1.0,1.0,1.0,1.0425430536270142,1.0,1.0,1.0,2.343956708908081,1.0,1.0,1.0,1.0,2.195573329925537,1.0,1.0,1.0,1.0,1.471768856048584,1.0,1.5203588008880615,1.0,1.9564605951309204,1.604727864265442,37.89786911010742,1.0,1.4866422414779663,5.109894752502441,1,1.0,1.0,1.0,10.937918663024902,3.8091630935668945,1.0,1.0,1.0,1.0,1.0,31.602764129638672,4.804835319519043,2.417456865310669,5.377222537994385,1.0,2.471764087677002,1.0,1.312518835067749,1.0780805349349976,1.0,1.0,1.0,1.0,2.4355525970458984,1.0,1.0,64.90379333496094,1,1.0,1,1.0,1,1,1.0,4.329308032989502,1.0,1,1.0,1.0,1.0,1.0,1.0,1.0,1.0,1.0,1.0,1.0,1.0,1.0,4.201188087463379,1.0,35.45078659057617,244.7557373046875,4.468131065368652,1.0,2.3291163444519043,1.0,1.0,9.45483684539795,1.0,1.0,8.258856773376465,1.0,1.0,1.0,1.6826176643371582,1.0,2.8099379539489746,3.3317530155181885,5.113839626312256,1.0,1.0,1.0,1.9489829540252686,1.0,1.0,1.0,1.0,1.0,1.3634414672851562,1.0,1.0,1.0,1.0,1.0,1.0,1.0,1.0,1.0,1.0,1.0,1.0,1.0,1.0,1.0,1.0,1.0,1.0
TEST_04+5일,1.3633571863174438,1.0,1.0,1.0,1.0,1.0,17.246713638305664,1.0,1.0,1.0,1.0,1,1.0,1.0,1.0,1.0,1.0,1.0,1.0,1.0,8.522109031677246,1.0,1.0,1.0,1.0,1.0,1.127423882484436,63.8013801574707,8.896071434020996,1.31529700756073,2.529334545135498,1.239467740058899,1.0,2.7157113552093506,1.0,2.1277363300323486,18.408798217773438,1.7087751626968384,1.0,12.326001167297363,10.711403846740723,1.0,1.0,1.0,1,1.0,1.0,1.4150538444519043,1.0,1.0,6.002470016479492,1,13.256766319274902,1.0,1.99773371219635,1.0,1.610292673110962,1.0,1.0,1.0,1.7694237232208252,5.079875946044922,4.885402679443359,6.253900527954102,8.844756126403809,1.6149872541427612,1.0,1.0,1.0,1.0,1.4464248418807983,1.0,1.0,1.0,2.495864152908325,1.0,1.0,1.0,1.0,2.195507764816284,1.0,1.0,1.0,1.0,1.8085559606552124,1.0,1.0,1.963329553604126,3.7153778076171875,2.1792209148406982,2.6521859169006348,1.0,1.4808062314987183,2.458883285522461,1,1.0,1.0,1.0,9.652467727661133,3.3297221660614014,1.0,1.0,1.1764345169067383,1.0,1.0,37.57197570800781,5.937132835388184,2.3185977935791016,2.786336660385132,1.0,1.2128489017486572,1.0,1.0,1.0,1.0,1.0,1.0,1.0345605611801147,1.9762096405029297,1.0,1.0,117.82075500488281,1,1.0,1,1.0,1,1,1.7139719724655151,7.297461032867432,1.0,1,1.0,1.0,1.0,1.0,1.0,1.0,1.0,1.0,1.0,1.0,1.0,1.0,4.524993896484375,1.0,8.3648099899292,359.8184814453125,12.127394676208496,1.0,4.68559455871582,1.0,1.0,21.871435165405273,1.0,1.0,21.456493377685547,1.0,1.0,1.0,2.912782669067383,1.0,6.18081521987915,4.964016437530518,10.059733390808105,1.0,1.0,1.698571801185608,1.0,1.0,1.0,1.0,1.0,1.0,1.8558534383773804,1.0,1.0,1.0,1.0,1.0,1.0,1.0,1.0,1.0,1.0,1.0,1.0,1.0,1.0,1.0,1.0,1.0,1.0
TEST_04+6일,2.0476560592651367,12.878219604492188,5.616330623626709,4.488307476043701,1.0,1.0,9.860773086547852,1.0,1.0,1.0,1.0,1,1.0,1.0,1.0,1.0,29.164533615112305,1.0,1.0,9.0311861038208,1.0,1.0,1.0,1.0,1.0,1.0,1.5444972515106201,112.63764190673828,6.157521724700928,1.3730435371398926,1.549454927444458,1.6931289434432983,1.0,1.0062060356140137,1.0,1.4185494184494019,32.54741287231445,2.338193416595459,1.0,23.18727684020996,7.77642297744751,1.0,1.0,1.0,1,1.0,1.0,2.093823194503784,1.0,1.0,8.260770797729492,1,8.263031005859375,1.0,3.229320764541626,1.0,2.31516432762146,1.0,1.1513845920562744,1.0,3.5773518085479736,2.3178510665893555,14.6500825881958,13.538555145263672,5.4709577560424805,1.8482532501220703,1.0,1.0,1.37875497341156,1.0,1.7194105386734009,1.0,1.0,3.753108024597168,2.1337015628814697,1.0,1.0,1.0,1.0,2.0979864597320557,1.0,1.0,1.0,1.0,1.9806798696517944,1.1015945672988892,1.0,1.0591281652450562,2.190033197402954,3.775099039077759,18.52491569519043,1.8073320388793945,2.073253631591797,6.857780933380127,1,1.0,1.0,1.0,21.553340911865234,5.702723503112793,1.34572172164917,1.0,2.034414768218994,1.0,1.0,58.56789779663086,9.066399574279785,3.825305700302124,15.247549057006836,1.1114767789840698,1.544464111328125,1.0,1.0,1.302608609199524,1.0,1.0,1.171269416809082,2.3624391555786133,2.2242207527160645,1.0,1.0,32.46833801269531,1,1.0,1,1.0,1,1,1.4202494621276855,4.472218990325928,1.0,1,1.0,3.0500638484954834,1.7637008428573608,4.053431510925293,1.8410359621047974,1.3446286916732788,1.0,5.170008659362793,1.0,1.0,1.3402255773544312,1.0,3.162381887435913,1.0,113.28546142578125,280.5451965332031,8.179549217224121,1.0,3.6827645301818848,1.0,1.0,15.99569034576416,1.0,1.0,26.43265724182129,2.386908769607544,1.0,1.0,6.509068012237549,1.0,3.702402353286743,4.068902492523193,5.472716331481934,1.0,1.0,2.378297805786133,1.0,1.0,1.0,1.0,1.0,1.0,1.5889166593551636,1.0,1.0,1.0,1.0,1.0,1.0,1.0,1.0,1.0,1.0,1.0,1.0,1.0,1.0,1.0,1.0,1.0,1.0
TEST_04+7일,8.23029899597168,1.0,10.415631294250488,6.485027313232422,1.0,1.0,1.0,1.0,1.0,1.0,1.0,1,1.0,1.0,1.0,1.0,1.0,1.0,1.0,1.0,1.0,1.0,1.0,1.0,1.0,1.0,18.743480682373047,67.70036315917969,7.73189640045166,2.1648635864257812,1.5370484590530396,4.461238384246826,1.8401403427124023,1.0,1.0,2.776684284210205,48.32170486450195,2.3434906005859375,2.5226521492004395,42.42290496826172,9.15377140045166,1.0,1.0,1.0,1,2.5155937671661377,1.0,1.6204766035079956,1.0,1.3259328603744507,10.537613868713379,1,5.888790130615234,1.0,4.906753063201904,1.0,3.4611597061157227,1.674723744392395,1.401346206665039,1.0,3.5447871685028076,4.187098503112793,13.743678092956543,11.033346176147461,10.190994262695312,2.305516481399536,1.5492901802062988,1.710854172706604,4.091484546661377,1.0,3.118483543395996,1.0,1.0,1.0099446773529053,4.088066577911377,1.0,1.0,1.0,1.0,5.24746036529541,1.0,1.0,1.0,1.0,4.083987236022949,2.8452494144439697,1.6709375381469727,1.0,3.868382453918457,3.4464967250823975,1.0,1.0,2.8278021812438965,7.699077129364014,1,1.0,1.0,1.0,12.108853340148926,8.669210433959961,2.486281156539917,1.0,6.386913776397705,1.0,82.53561401367188,7.127624034881592,11.522658348083496,6.1391401290893555,5.098097801208496,1.0,2.180680513381958,1.0,3.1260881423950195,1.6752299070358276,1.489014744758606,1.0,1.1424055099487305,2.988546848297119,4.527517318725586,1.2661800384521484,1.0,25.893342971801758,1,1.0,1,1.0,1,1,1.0,1.0,1.0,1,1.0,6.021115303039551,1.3727303743362427,4.852321147918701,4.243628978729248,1.0,1.0,6.462530136108398,1.0,1.0,1.2576297521591187,1.4933887720108032,4.177770137786865,1.0,7.240421772003174,87.33856964111328,7.387592315673828,1.0,6.368572235107422,1.7794160842895508,1.0,19.659971237182617,1.0,1.0,17.100019454956055,4.63925313949585,1.0,1.0,8.212017059326172,1.0,6.203854560852051,2.0085337162017822,7.977878570556641,1.0,1.483012318611145,2.8145782947540283,1.0,1.0,1.0,1.0,2.788090705871582,1.0,1.2560956478118896,1.8479610681533813,1.0,1.0,1.0,1.0,1.0,1.0,1.0,1.0,1.0,1.0,1.0,1.0,1.0,1.0,1.0,1.0,1.0
TEST_05+1일,6.480900764465332,1.0,10.660524368286133,1.4589673280715942,1.0,1.0,1.0,1.0,1.0142555236816406,1.0,1.0,1,1.0,1.0,1.0,1.0,1.0,1.0,1.0,1.0,1.0,1.0,1.0,1.0,1.0,1.0,1.0,1.1224429607391357,23.557167053222656,4.646333694458008,4.525241851806641,2.8813109397888184,1.420702576637268,1.2828235626220703,1.0,5.397222995758057,44.89931869506836,3.97091007232666,2.788038969039917,19.72247314453125,34.86436080932617,1.1612974405288696,1.0,1.0,1,3.1261096000671387,1.0,2.922774076461792,1.0,4.983625888824463,27.562570571899414,1,10.791627883911133,1.129456877708435,1.9360127449035645,1.0,1.7228658199310303,2.793271780014038,1.0,1.0,20.677146911621094,11.04491901397705,9.06261920928955,16.48463249206543,6.5204176902771,1.0,1.0,2.4593312740325928,7.5993781089782715,1.0,1.4752739667892456,5.1651411056518555,1.0,1.0,3.2099995613098145,2.575629949569702,1.0,2.7492990493774414,1.0,2.969494104385376,1.502830147743225,1.3362483978271484,1.667482614517212,3.5717382431030273,4.781311511993408,6.915714263916016,3.827603816986084,1.501977562904358,4.007624626159668,8.236927032470703,1.0,1.4072622060775757,4.838284492492676,10.828316688537598,1,1.1206048727035522,1.0,1.331062912940979,9.337019920349121,15.084080696105957,2.8188259601593018,1.023332118988037,1.0,1.0,108.71151733398438,20.062833786010742,45.4532356262207,3.6030056476593018,3.7361371517181396,2.1251652240753174,7.504462718963623,1.0,1.202465295791626,1.0,1.0,1.0,2.0648069381713867,1.0,3.67525577545166,1.761074423789978,1.0,1.0,1,1.0,1,1.0,1,1,1.0,1.0,1.0,1,1.0,6.663193702697754,4.483348369598389,2.823333740234375,2.365933418273926,1.0912926197052002,1.0,11.002924919128418,1.0451806783676147,1.0,1.3729803562164307,1.5682834386825562,47.966651916503906,42.03980255126953,1.0,1.0,80.20147705078125,61.485816955566406,53.63263702392578,1.0,2.9378514289855957,202.36924743652344,122.11205291748047,115.00418853759766,81.81420135498047,33.053436279296875,1.0,64.21701049804688,80.00759887695312,3.0080277919769287,31.29094123840332,18.96672248840332,91.1490249633789,80.40824127197266,24.248804092407227,1.0,552.6130981445312,313.0425109863281,44.85629653930664,386.27142333984375,39.2388916015625,99.01828002929688,89.63133239746094,212.66294860839844,54.58546829223633,8.819672584533691,113.35222625732422,108.96607971191406,1.0,1.0,1.0,1.0,1.0,1.0,1.0,1.0,1.0,1.0,1.0,1.0,1.0
TEST_05+2일,3.4075562953948975,1.0,7.213797092437744,1.5987999439239502,1.0,1.0,1.0,1.0,1.2551530599594116,1.0,1.0,1,1.0,1.0,1.0,1.0,1.0,1.0,1.0,1.0,1.0,1.0,1.0,1.0,1.0,1.0,1.0,1.0,18.545249938964844,3.1739072799682617,4.350592136383057,4.327160835266113,1.623413324356079,2.1692750453948975,1.0,5.9196038246154785,44.10163116455078,2.1765401363372803,2.491011381149292,35.218379974365234,30.872337341308594,1.423064947128296,1.0,1.0,1,2.921578884124756,1.0,3.4227676391601562,1.0,4.728882312774658,19.6191463470459,1,7.333327770233154,1.0,2.063689947128296,1.0,1.284360408782959,2.723491668701172,1.0,3.867889165878296,16.395145416259766,13.201499938964844,10.869251251220703,13.939739227294922,7.2673420906066895,1.5593640804290771,1.0,1.0,1.3956882953643799,1.0,1.0,1.0,1.0,1.0,1.766798734664917,1.0,1.0,1.4144974946975708,1.0,2.4911770820617676,1.2238038778305054,1.2674318552017212,1.0,1.0,1.0,2.414971113204956,2.5920915603637695,1.0,2.349710702896118,2.845525026321411,1.0,1.0,2.7393219470977783,10.463896751403809,1,1.0,1.0,1.0,2.3624331951141357,9.724992752075195,2.4081950187683105,1.0,3.1496684551239014,1.0,1.0,138.05772399902344,51.395286560058594,4.891308784484863,7.251784801483154,1.6514837741851807,7.002674579620361,1.0,1.9678497314453125,1.0,1.0,1.0,1.82881498336792,1.4687801599502563,2.763895273208618,1.0,1.0,1.0,1,1.0,1,1.0,1,1,1.0,1.0,1.0,1,1.0,4.103787899017334,1.091962456703186,1.8443330526351929,1.0,1.0,2.372786045074463,9.912986755371094,1.0,1.0,2.568704843521118,2.7759716510772705,55.33226013183594,39.66040802001953,1.0,1.0,74.00057983398438,53.23736572265625,50.89335250854492,1.0,3.04341197013855,200.24044799804688,87.99844360351562,114.70890808105469,75.98448181152344,34.458744049072266,1.0,60.196502685546875,73.97289276123047,5.665211200714111,36.05448532104492,16.890039443969727,93.89537811279297,66.50425720214844,23.580589294433594,1.0,569.3095703125,319.43017578125,37.078269958496094,366.96368408203125,47.47309112548828,67.52154541015625,105.8792953491211,255.87586975097656,47.1614990234375,11.627747535705566,118.0301284790039,86.05022430419922,1.0,1.0,1.0,1.0,1.0,1.0,1.0,1.0,1.0,1.0,1.0,1.0,1.0
TEST_05+3일,4.279277324676514,1.0,10.784920692443848,1.0,1.0,2.5152745246887207,1.0,1.0,3.780153512954712,1.0,1.0,1,1.0,1.0,1.0,1.0,1.0,1.0,1.0,1.0,1.0,1.0,1.0,1.0,1.0,1.0,1.0,13.605015754699707,17.40019416809082,3.1232364177703857,2.6766154766082764,2.8429081439971924,2.993581533432007,1.0,1.0,3.479846239089966,37.953216552734375,3.4794416427612305,3.0438854694366455,19.129501342773438,27.2541446685791,1.0,1.0,1.0,1,2.1829211711883545,1.0,1.7358044385910034,1.0,1.6271028518676758,27.21864128112793,1,11.884672164916992,1.0,1.178911805152893,1.0,1.0,2.556781053543091,1.0,1.0,14.101089477539062,10.754111289978027,2.7412362098693848,16.6678524017334,5.729887008666992,2.147432327270508,1.0,1.9387843608856201,5.622860908508301,1.0,1.746250867843628,1.9862606525421143,1.0,1.0,4.935054302215576,1.323726773262024,1.0,1.8065894842147827,1.0,5.161823272705078,2.4797680377960205,1.6359972953796387,1.148958683013916,1.2793331146240234,5.247317314147949,4.979059219360352,1.7653818130493164,1.384553074836731,3.423051595687866,4.727417945861816,1.0,1.211595058441162,4.27789831161499,10.737588882446289,1,1.0,1.0,1.0,3.0577712059020996,9.084212303161621,2.280094861984253,1.0,1.288417935371399,1.0,1.0,130.74928283691406,46.811431884765625,6.6932854652404785,5.469351291656494,1.5712436437606812,6.946849346160889,1.0,1.410953164100647,1.0,1.0,2.184669017791748,1.4032379388809204,1.4048786163330078,3.170335054397583,1.0,1.0032167434692383,1.0,1,1.0,1,1.0,1,1,1.0,1.0,1.0,1,1.0,5.011435031890869,1.2291111946105957,2.4743990898132324,1.5220152139663696,1.0,1.0,8.60472583770752,1.0,1.0,1.0,2.7746691703796387,45.943077087402344,36.984493255615234,1.0,1.0,87.9879379272461,60.67655944824219,43.631324768066406,1.0,4.318551063537598,179.77398681640625,104.52721405029297,103.11084747314453,67.38835144042969,27.073156356811523,1.0,83.182373046875,59.63347625732422,3.0321033000946045,37.4576301574707,19.37334442138672,87.06704711914062,74.40637969970703,21.26741600036621,1.0,552.6954345703125,315.2653503417969,36.56321716308594,327.87738037109375,30.53888511657715,97.42760467529297,87.88004302978516,219.27890014648438,52.86350631713867,9.699234962463379,107.75250244140625,96.39981842041016,1.0,1.0,1.0,1.0,1.0,1.0,1.0,1.0,1.0,1.0,1.0,1.0,1.0
TEST_05+4일,9.894525527954102,1.0,5.6962199211120605,1.4341707229614258,1.0,1.0,1.0,1.0,1.0,1.0,1.0,1,1.0,1.0,1.0,1.0,2.856478452682495,1.0,1.0,1.0,1.0,1.0,1.0,1.0,1.0,1.0,1.0,10.406916618347168,23.29829216003418,3.8073630332946777,3.4142260551452637,3.7109405994415283,1.068131446838379,1.3247771263122559,1.0,4.254672527313232,34.15351486206055,4.647592544555664,2.3012807369232178,22.102903366088867,33.655860900878906,1.4682917594909668,1.0,1.0,1,1.6499589681625366,1.0,3.8083982467651367,1.0,4.090421199798584,26.318452835083008,1,10.099950790405273,1.960708498954773,4.485486030578613,1.0,1.2326877117156982,2.3461029529571533,1.2535076141357422,1.0,18.914621353149414,11.963499069213867,13.704816818237305,12.559163093566895,7.845061302185059,1.0,1.0,1.8674991130828857,5.322626113891602,1.0,3.078141212463379,4.678796291351318,1.0,1.0,4.5476460456848145,1.0,1.5734124183654785,2.1822354793548584,1.0588526725769043,4.637470245361328,2.3434693813323975,2.845158338546753,2.2012951374053955,1.0,4.056395530700684,4.200333595275879,1.4802340269088745,2.1086814403533936,5.977218151092529,3.6505510807037354,1.0,1.4439952373504639,3.100633144378662,7.1504716873168945,1,1.0,1.0,1.0,21.17926788330078,10.227578163146973,2.4561877250671387,1.0,1.0,1.0,18.07954216003418,36.93891525268555,45.59712219238281,2.769869327545166,4.4797821044921875,1.6608288288116455,3.884035110473633,1.0,1.5490334033966064,1.0,1.0,1.4528024196624756,2.155708074569702,2.611593723297119,3.2291808128356934,1.5594711303710938,1.0,1.0,1,1.0,1,1.0,1,1,1.0,1.0,1.0,1,1.0,4.674411773681641,1.0,1.0201376676559448,1.467085361480713,1.0,1.0,7.594180107116699,1.0,1.0,1.360520601272583,1.9549479484558105,60.7113037109375,16.826171875,1.0,1.0,74.1645736694336,51.97648620605469,45.216548919677734,1.0,3.352189064025879,197.88182067871094,100.47467041015625,109.25053405761719,74.0179443359375,28.111650466918945,3.121450662612915,67.03114318847656,66.4823226928711,1.7636317014694214,38.79678726196289,19.07224464416504,88.3505859375,67.94031524658203,25.491825103759766,1.0,512.5905151367188,283.1330261230469,47.222354888916016,335.45355224609375,27.518674850463867,74.38461303710938,89.93681335449219,227.97750854492188,43.9687614440918,8.863958358764648,99.32230377197266,81.5270767211914,1.0,1.0,1.0,1.0,1.0,1.0,1.0,1.0,1.0,1.0,1.0,1.0,1.0
TEST_05+5일,10.670409202575684,1.0,5.822789669036865,1.31142258644104,1.0,3.129368305206299,1.0,1.0,5.562951564788818,1.0,1.0,1,1.0,1.0,1.0,1.0,1.0,1.0,1.0,1.0,1.0,1.0,1.0,1.0,1.0,1.0,1.0,11.785120964050293,18.948665618896484,4.643826484680176,5.568605422973633,2.7298717498779297,3.3154704570770264,1.0,1.0,6.097366809844971,49.51667785644531,2.409911870956421,2.5249545574188232,22.405588150024414,36.227725982666016,1.16141676902771,1.0,1.0,1,1.631075143814087,1.0,2.844822645187378,1.0,3.987332582473755,27.110857009887695,1,10.051958084106445,1.0,1.477095365524292,1.0,1.0,3.019771099090576,1.0,1.0,22.439739227294922,11.18808364868164,4.439651012420654,16.52297592163086,6.054682731628418,1.6417193412780762,1.0,1.9190161228179932,5.904626369476318,1.0,2.688743829727173,1.467449426651001,1.0,1.0,2.4589693546295166,1.9331564903259277,1.0,3.581143856048584,1.0,4.389896392822266,1.6455641984939575,1.7754106521606445,1.8453540802001953,1.0,2.934793710708618,10.673295021057129,1.771505355834961,1.0,3.381241798400879,4.094906806945801,8.016988754272461,1.0,4.857754707336426,9.523704528808594,1,1.0,1.0,1.0,25.904850006103516,8.520974159240723,2.268641710281372,1.6156834363937378,2.9430179595947266,1.0,1.0,125.37409973144531,42.263710021972656,4.095602512359619,3.9291398525238037,1.8553305864334106,8.569740295410156,1.0,1.231974482536316,1.0,1.0,1.460558533668518,1.955902099609375,1.3305387496948242,3.9733943939208984,1.0,1.0,1.0,1,1.0,1,1.0,1,1,1.0,1.0,1.0,1,1.0,3.340447187423706,1.7219487428665161,1.0,1.6448309421539307,1.0,1.9927620887756348,6.458478927612305,1.0,1.0,3.124018907546997,2.1291615962982178,45.61518859863281,25.529565811157227,1.0,1.0,64.06774139404297,57.5860595703125,41.82209777832031,1.0,4.830896377563477,174.03807067871094,109.30992126464844,107.73076629638672,76.08722686767578,29.2300968170166,1.0,54.65495681762695,53.962249755859375,1.0,29.032907485961914,20.740184783935547,83.85155487060547,71.87870788574219,25.830961227416992,1.0,465.2203369140625,264.5962829589844,36.87893295288086,318.25299072265625,25.40575408935547,72.49577331542969,82.58219146728516,197.99205017089844,44.98788833618164,10.959704399108887,102.25804138183594,91.00634765625,1.0,1.0,1.0,1.0,1.0,1.0,1.0,1.0,1.0,1.0,1.0,1.0,1.0
TEST_05+6일,8.412215232849121,1.0,6.045866966247559,2.27961802482605,1.0,1.0,1.0,1.0,1.0,1.0,1.0,1,1.0,1.0,1.0,1.0,4.615161895751953,1.0,1.0,1.0,1.0,1.0,1.0,1.0,1.0,4.1636528968811035,1.0,32.74099349975586,12.659137725830078,1.3689870834350586,3.6365065574645996,3.82521390914917,2.831082582473755,2.8243470191955566,1.0,3.19911527633667,38.95515441894531,4.139115333557129,1.6034561395645142,26.463802337646484,21.25729751586914,1.4009538888931274,1.0,1.0,1,2.785226583480835,1.0,4.301651477813721,1.0,5.527641296386719,20.62525749206543,1,7.472759246826172,1.0,2.2207634449005127,1.0,1.5107825994491577,2.6390700340270996,1.0,1.0,20.079334259033203,7.359041690826416,7.9644341468811035,14.568620681762695,4.001148700714111,2.888929605484009,1.0,1.7320122718811035,5.791965484619141,1.0,3.4805924892425537,1.894903302192688,1.0,1.0,2.588003396987915,1.7752858400344849,1.0,1.984976887702942,1.0,4.945671081542969,2.3791871070861816,1.3605189323425293,1.1579666137695312,1.0,4.307771682739258,3.794950008392334,2.343963384628296,1.4853216409683228,2.3161635398864746,4.500941753387451,1.0,1.2582954168319702,2.4748880863189697,8.218562126159668,1,1.0,1.0,1.0,15.33321475982666,8.625693321228027,4.071558475494385,1.0,1.4402236938476562,1.0,1.0,126.4889144897461,61.05336380004883,2.880211591720581,4.191871166229248,1.270032286643982,5.750444412231445,1.0,1.7818442583084106,1.0,1.0,1.0,1.0,1.1621208190917969,3.765793561935425,1.0,1.0,1.0,1,1.0,1,1.0,1,1,1.0,1.0,1.0,1,1.0,3.246642827987671,1.9737051725387573,2.617360830307007,1.0,1.0,2.9235851764678955,8.225659370422363,1.0,1.0,2.851353168487549,2.8774023056030273,40.41265106201172,40.10017013549805,1.0,1.0,56.4035530090332,45.889461517333984,45.72040557861328,1.0,4.982105255126953,180.95504760742188,100.7842788696289,95.20465850830078,69.28694915771484,35.92265319824219,1.8845629692077637,69.87639617919922,52.8023567199707,1.7891658544540405,36.94700241088867,19.038570404052734,84.66455841064453,75.65380096435547,25.366430282592773,1.0,519.9638061523438,286.33551025390625,38.73109436035156,373.34918212890625,35.21072769165039,87.1081771850586,92.53633117675781,197.79718017578125,40.91065216064453,5.847015857696533,107.56031036376953,87.4146499633789,1.0,1.0,1.0,1.0,1.0,1.0,1.0,1.0,1.0,1.0,1.0,1.0,1.0
TEST_05+7일,6.712253093719482,1.0,5.16630220413208,3.290548801422119,1.0,1.0,1.0,1.0,1.0,1.0,1.0,1,1.0,1.0,1.0,1.0,1.0,1.0,1.0,1.0,1.0,1.0,1.0,1.0,1.0,1.0,1.0,35.58477020263672,13.874743461608887,3.1098389625549316,2.1431686878204346,4.0471086502075195,2.0364692211151123,1.4422248601913452,1.0,4.7120161056518555,51.82829284667969,3.0968477725982666,2.696660280227661,35.14130401611328,23.766523361206055,1.2212399244308472,1.0,1.0,1,3.8731744289398193,1.0,3.19486665725708,1.1151686906814575,5.309872627258301,24.831966400146484,1,7.984207630157471,1.6779823303222656,3.629530191421509,1.0,1.1988540887832642,3.328707695007324,1.2351312637329102,1.0,17.838151931762695,14.831149101257324,7.8552961349487305,18.221336364746094,7.784298419952393,1.1220569610595703,1.0,2.4574835300445557,5.269108772277832,1.0,3.4725842475891113,4.837977409362793,1.0,1.0,3.1686127185821533,1.3007709980010986,1.0,1.9367915391921997,1.0,2.9765961170196533,3.36112642288208,2.1548941135406494,1.9439291954040527,1.0,5.37238073348999,6.654278755187988,1.8476154804229736,1.0,2.434403419494629,4.854862689971924,1.0,1.4198803901672363,6.788141250610352,7.77512788772583,1,1.0,1.0,1.0,1.1565144062042236,10.27784252166748,2.7828445434570312,1.0,5.938232898712158,1.0,101.71149444580078,22.426719665527344,42.954341888427734,5.6905412673950195,3.3109846115112305,2.002662181854248,7.4107513427734375,1.0,1.738373041152954,1.0174908638000488,1.0,1.0,3.814932107925415,1.1923294067382812,4.08419942855835,1.8598054647445679,1.1037945747375488,1.0,1,1.0,1,1.0,1,1,1.0,1.0,1.0,1,1.0,9.058995246887207,3.943676233291626,5.150452613830566,2.1807572841644287,1.6054147481918335,2.449068069458008,14.289911270141602,1.0076618194580078,2.507201671600342,2.035036087036133,4.272340774536133,49.283851623535156,58.62062072753906,1.0,1.0,73.78052520751953,67.48420715332031,53.47024154663086,1.0,5.293929100036621,237.6195068359375,148.9174346923828,137.6942901611328,72.51785278320312,33.13121032714844,1.0,58.37413024902344,73.25497436523438,7.825359344482422,49.588802337646484,23.13895034790039,105.6706314086914,93.41105651855469,32.383914947509766,1.0,687.4378051757812,366.1307678222656,45.59831619262695,459.84417724609375,52.27560043334961,108.99334716796875,109.49819946289062,269.0765686035156,61.739131927490234,10.145557403564453,141.17298889160156,122.48902893066406,1.0,1.0,1.0,1.0,1.0,1.0,1.0,1.0,1.0,1.0,1.0,1.0,1.0
TEST_06+1일,3.308453321456909,1.0,10.146307945251465,1.082634687423706,1.0,1.0,1.0,1.0,1.0,1.0,1.0,1,1.0,1.0,1.0,1.0,1.0,1.0,1.0,1.0,1.0,1.0,1.0,1.0,1.0,1.0,1.0,5.353362083435059,15.325514793395996,5.000263214111328,3.451645612716675,2.737539291381836,1.3016877174377441,1.0,1.0,3.5835845470428467,24.349218368530273,3.4460484981536865,2.126657485961914,17.80355453491211,20.698925018310547,1.0,1.0,1.0,1,2.2005858421325684,1.0,2.294037103652954,1.0,3.867624521255493,24.265300750732422,1,7.058934688568115,1.0,3.4240224361419678,1.0,1.7332128286361694,2.0554752349853516,1.436061143875122,1.0,14.567460060119629,3.9036614894866943,3.0033199787139893,9.88249683380127,9.309425354003906,1.0,1.0,1.8644745349884033,4.497968673706055,1.0,1.7751480340957642,2.502148389816284,1.0,1.0,1.4388598203659058,1.0,1.0,1.843197226524353,1.0,2.949326276779175,2.11489200592041,1.7636520862579346,1.0,1.0,3.488090991973877,3.173227071762085,2.708564281463623,1.2007832527160645,2.601604700088501,3.2321105003356934,1.0,1.0,3.1980526447296143,9.450812339782715,1,1.3986220359802246,1.0,1.0,14.805347442626953,5.591462135314941,1.0,1.0,1.0,1.0,72.91278839111328,8.9486083984375,24.70206642150879,4.637702941894531,1.602655053138733,1.3920091390609741,4.540378093719482,1.0,1.5245858430862427,1.0,1.0,1.0,1.47243070602417,1.0,2.0290029048919678,1.0,1.0,16.450157165527344,1,1.0,1,1.0,1,1,1.0,1.0,1.0,1,1.0,4.986242771148682,2.5185012817382812,6.443114280700684,3.1059632301330566,1.327977180480957,2.104501247406006,10.304241180419922,2.2745516300201416,1.0,2.542543888092041,2.528205156326294,56.66250228881836,7.531505107879639,1.0,27.826765060424805,56.864009857177734,73.90177917480469,52.256744384765625,31.48247718811035,5.212594985961914,192.32583618164062,139.88973999023438,138.3545684814453,52.65776062011719,26.767709732055664,3.019139051437378,57.061195373535156,76.07020568847656,2.244206190109253,40.44004440307617,16.89314842224121,78.5433120727539,89.08908081054688,28.808542251586914,1.0,453.44293212890625,274.3316345214844,46.06402587890625,292.5442810058594,35.1551399230957,63.994407653808594,76.27279663085938,202.19549560546875,36.391727447509766,14.602606773376465,72.68480682373047,89.39712524414062,1.0,1.0,1.0,1.0,1.0,1.0,1.0,1.0,1.0,1.0,1.0,1.0,1.0
TEST_06+2일,1.9660634994506836,1.0,6.993993282318115,1.0,1.0,1.0,1.1495627164840698,1.0,1.0,1.0,1.0,1,1.0,1.0,1.0,1.0,1.0,1.0,1.0,1.0,1.2587405443191528,1.0,1.0,1.0,1.0,1.0,1.0,3.1576452255249023,9.446894645690918,1.279329776763916,2.936333417892456,2.8585593700408936,1.1061632633209229,1.0,1.0,1.3297710418701172,14.407004356384277,4.168374538421631,1.5608434677124023,17.722787857055664,14.583864212036133,1.0,1.0,1.0,1,1.100311040878296,1.0,4.406711101531982,1.0,4.479780673980713,24.968408584594727,1,9.660677909851074,1.0,2.614133596420288,1.0,2.3458518981933594,1.9127823114395142,1.0,1.0,8.754754066467285,5.346553325653076,5.854687213897705,8.761844635009766,7.878896236419678,1.0,1.0,1.0,1.0,1.0,1.0,1.0,1.0,1.0,1.9916272163391113,1.0,1.0,1.0,1.0,2.0093514919281006,1.0,1.0,1.0,1.0,1.0,1.0551316738128662,1.2129815816879272,1.0,1.5289361476898193,1.0,1.0,1.0,1.7623616456985474,5.258151054382324,1,1.5220885276794434,1.0,1.0,6.789772033691406,4.693852424621582,1.0074875354766846,1.0,1.098806619644165,1.0,1.0,105.15019226074219,32.93498229980469,2.8965885639190674,1.4937193393707275,1.095943570137024,2.3618950843811035,1.0,1.1631286144256592,1.0,1.0,1.0,1.0,1.0,1.3438085317611694,1.0,1.0,20.57049560546875,1,1.0,1,1.0,1,1,1.0,1.0,1.0,1,1.0,2.6998178958892822,2.1909122467041016,4.92640495300293,2.0400917530059814,1.0,1.0,6.314264297485352,1.0,1.0,1.4639432430267334,1.290157437324524,51.83146667480469,7.8122124671936035,1.0,38.89778518676758,46.90202713012695,60.56358337402344,37.8488883972168,29.315719604492188,4.4146647453308105,131.01097106933594,108.64057922363281,94.57662200927734,48.940528869628906,20.78052520751953,2.4358255863189697,42.606502532958984,49.462982177734375,3.6171700954437256,36.214595794677734,13.796628952026367,63.75886535644531,74.33042907714844,23.563518524169922,1.0,360.10382080078125,201.1629638671875,16.482725143432617,97.29501342773438,20.91795539855957,27.766109466552734,30.52712631225586,111.69451141357422,12.326027870178223,5.272050857543945,39.89210510253906,34.590084075927734,1.0,1.0,1.0,1.0,1.0,1.0,1.0,1.0,1.0,1.0,1.0,1.0,1.0
TEST_06+3일,2.319362163543701,1.0,6.814682960510254,1.8294198513031006,1.0,1.0,1.0,1.0,1.0,1.0,1.0,1,1.0,1.0,1.0,1.0,1.0,1.0,1.0,1.0,1.0,1.0,1.0,1.0,6.624709129333496,1.0,1.0,74.64273071289062,11.007054328918457,4.480876445770264,3.019904136657715,1.0,1.2408310174942017,1.0,1.0,1.0,9.604352951049805,2.5870227813720703,1.2820849418640137,11.669526100158691,19.334020614624023,1.0,1.0,1.0,1,2.373910665512085,1.0,1.8445930480957031,1.0,1.0959393978118896,15.902727127075195,1,11.867765426635742,1.0,2.5995829105377197,1.0,1.0,1.25303316116333,1.233902096748352,1.0,7.073286533355713,2.4255032539367676,1.0,5.913002967834473,7.014161109924316,1.7346320152282715,1.0,1.0784379243850708,4.143347263336182,1.0,1.0937169790267944,1.192172884941101,1.0,1.0,2.0967588424682617,1.0,1.0,1.6008070707321167,1.0,3.6872265338897705,2.6274240016937256,1.3404862880706787,1.0,1.0,2.735511541366577,2.033395767211914,1.5547559261322021,1.0,2.4283254146575928,3.5780880451202393,10.687429428100586,1.0,2.4451184272766113,6.100005149841309,1,7.2037458419799805,1.0,1.0,4.014364719390869,5.4411468505859375,1.0,1.0,1.0,1.0,1.0,80.8250503540039,23.258630752563477,4.604982376098633,1.5159363746643066,1.0,3.5217795372009277,1.0,1.0492981672286987,1.0,1.0,1.0,1.0,1.0,1.2558625936508179,1.0,1.0,79.63192749023438,1,1.0,1,1.0,1,1,1.0,1.0,1.0,1,11.601646423339844,2.828035593032837,1.7086482048034668,4.662492752075195,3.1403956413269043,1.0,1.0,5.190767288208008,1.0,1.0,1.0,1.3509145975112915,37.721534729003906,7.3983845710754395,1.0,86.61808013916016,48.376121520996094,58.590423583984375,37.825828552246094,21.364795684814453,5.82705545425415,128.85401916503906,109.4919662475586,76.96240997314453,47.1509895324707,14.873289108276367,3.116271495819092,44.23428726196289,37.806800842285156,2.0527150630950928,38.26862335205078,14.938605308532715,53.62294387817383,77.2239761352539,22.296276092529297,1.0,308.5955810546875,172.41879272460938,10.884708404541016,107.62487030029297,10.96732234954834,32.73908996582031,20.525949478149414,104.18264770507812,16.741880416870117,4.083566665649414,39.429542541503906,39.003822326660156,1.0,1.0,1.0,1.0,1.0,1.0,1.0,1.0,1.0,1.0,1.0,1.0,1.0
TEST_06+4일,2.807698965072632,1.0,7.00279426574707,1.3009774684906006,1.0,1.0,1.9159384965896606,1.0,1.4236125946044922,1.0,1.0,1,1.0,1.0,1.0,1.0,5.227137088775635,1.0,1.0,1.0,1.0,1.0,1.0,1.0,3.8782806396484375,21.591262817382812,12.178803443908691,48.4670295715332,10.210990905761719,2.0250051021575928,3.4207444190979004,1.0455349683761597,1.3682135343551636,1.0,1.0,1.549142837524414,14.474176406860352,2.9010415077209473,1.2287591695785522,13.33316707611084,16.701892852783203,1.0,1.0,1.0,1,1.1645057201385498,1.0,2.8629367351531982,1.0,1.6802664995193481,15.691657066345215,1,9.209494590759277,1.0,1.5097391605377197,1.0,1.0059089660644531,1.250651240348816,1.0,1.0,7.481631278991699,1.175232172012329,1.3420073986053467,7.509755611419678,7.236418724060059,1.1667615175247192,1.0,1.0,1.2723132371902466,1.0,1.91499924659729,1.5424543619155884,1.0,1.0,1.2426713705062866,1.0,2.540172576904297,1.8638807535171509,1.0,1.6061829328536987,1.8242844343185425,1.200907588005066,1.0,1.0,2.482846736907959,1.6291651725769043,1.112856388092041,1.006635308265686,2.4744462966918945,2.6947267055511475,10.45872974395752,1.0,2.5386128425598145,7.174866676330566,1,1.0527722835540771,1.0,1.0,5.896135330200195,4.333983898162842,1.3244017362594604,1.0,1.0,1.0,1.0,52.92754364013672,16.94073486328125,4.91702938079834,1.0072779655456543,1.6345518827438354,3.503572463989258,1.0,1.0219773054122925,1.0,1.0,1.0,1.0,1.0,1.6813181638717651,1.0,1.0,19.879974365234375,1,1.0,1,1.0,1,1,1.0,1.0,1.0,1,1.0,2.613103151321411,1.9540205001831055,4.3570709228515625,2.375251531600952,1.0,1.0,7.114680290222168,1.0,1.0,1.1807739734649658,1.0,47.0272102355957,16.09362030029297,1.0,51.46110534667969,52.576812744140625,63.4991455078125,34.98628616333008,20.037221908569336,5.204632759094238,130.0745086669922,106.76002502441406,88.0494155883789,47.611549377441406,12.832119941711426,4.571183204650879,46.56155014038086,41.95747756958008,1.0,35.3862190246582,12.118219375610352,56.182647705078125,71.14435577392578,23.96318817138672,1.0,301.3097839355469,166.47283935546875,21.27537727355957,110.62334442138672,13.357847213745117,31.038373947143555,26.88665199279785,104.75624084472656,15.969976425170898,6.336822986602783,36.265869140625,38.6246337890625,1.0,1.0,1.0,1.0,1.0,1.0,1.0,1.0,1.0,1.0,1.0,1.0,1.0
TEST_06+5일,2.5141706466674805,1.0,6.606512069702148,1.2952287197113037,1.0,1.0,6.931520462036133,1.0,1.0,1.0,1.0,1,1.0,1.0,1.0,1.0,1.0,1.0,1.0,1.0,1.0,1.0,1.0,1.0,1.0,7.033900260925293,1.0,25.137325286865234,10.296920776367188,2.8591153621673584,6.335731029510498,1.4372369050979614,1.0692102909088135,1.0,1.0,1.5554872751235962,16.274608612060547,2.625619649887085,1.5405223369598389,15.348341941833496,18.951135635375977,1.0,1.0,1.0,1,1.2212108373641968,1.0,2.433530330657959,1.0,2.097731590270996,18.731046676635742,1,6.919654846191406,1.0,1.474367380142212,1.0,1.0810245275497437,1.588415503501892,1.0,1.0,9.767899513244629,1.0,1.473555326461792,5.753293514251709,6.204893589019775,1.0,1.0,1.0,1.1700918674468994,1.0,3.0602500438690186,1.0,1.0,1.0,1.0464603900909424,1.0,1.0,1.304591417312622,1.0,2.14015531539917,1.2030655145645142,1.0,1.157257318496704,1.0,2.6543996334075928,1.7200127840042114,2.790208578109741,1.0,4.204281806945801,2.4156455993652344,86.0055923461914,1.0,1.6790682077407837,5.2136311531066895,1,1.3890701532363892,1.0,1.0,7.788517475128174,3.816702127456665,1.0,1.0,1.0,1.0,1.0,38.169708251953125,20.403474807739258,4.096601486206055,1.0,1.0,3.026334524154663,1.0,1.0,1.0,1.0,1.0,1.0,1.0,1.7159792184829712,1.0,1.0,79.93223571777344,1,1.0,1,1.0,1,1,1.0,1.0,1.0,1,1.0,3.6161632537841797,3.0842878818511963,5.651937484741211,1.946375846862793,1.0,1.4566774368286133,5.890427589416504,1.5099095106124878,1.0,2.486313581466675,4.030416965484619,47.79550552368164,20.81077766418457,1.0,69.01560974121094,46.110633850097656,55.69039535522461,36.54279708862305,25.248228073120117,4.329777240753174,140.84593200683594,105.23676300048828,83.93363189697266,47.130306243896484,12.366188049316406,1.0,43.717315673828125,40.66242218017578,1.3695369958877563,34.23760986328125,13.403077125549316,58.78242111206055,72.96176147460938,21.7132568359375,1.0,313.7662048339844,165.1895751953125,22.71431541442871,155.03233337402344,10.73570442199707,36.778785705566406,33.689334869384766,117.79663848876953,16.38290786743164,7.390988826751709,52.381351470947266,50.456729888916016,1.0,1.0,1.0,1.0,1.0,1.0,1.0,1.0,1.0,1.0,1.0,1.0,1.0
TEST_06+6일,2.2963314056396484,1.0,6.134951591491699,2.6482982635498047,1.0,1.3203089237213135,3.9235739707946777,1.0,1.3542436361312866,1.0,1.0,1,1.0,1.0,1.0,1.0,7.9086995124816895,1.0,1.0,1.0,1.0,1.0,1.0,1.0,1.0,2.527108907699585,1.0,38.012264251708984,8.62848949432373,1.0,3.927807569503784,2.6758408546447754,1.2955985069274902,1.0,1.0,1.0,24.516965866088867,3.373955488204956,1.8685736656188965,27.31577491760254,14.52737045288086,1.0,1.0,1.0,1,2.248204231262207,1.0,2.720518112182617,1.0,3.4094932079315186,23.668548583984375,1,7.0811591148376465,1.0,3.037888765335083,1.0,1.3233511447906494,1.4193017482757568,1.0,1.0,11.197966575622559,1.8222161531448364,1.3962106704711914,12.36047649383545,37.53470230102539,1.0,1.0,1.5358784198760986,1.2137709856033325,1.0,1.754929780960083,1.7410906553268433,1.0,1.0,1.9365284442901611,1.0,1.0,1.0,1.0,2.1840670108795166,1.7959455251693726,1.9485511779785156,1.0,1.0,4.06988000869751,4.2161173820495605,2.7470896244049072,1.0,1.8818161487579346,2.0889272689819336,5.828702449798584,1.0,2.433908700942993,8.349982261657715,1,1.5767067670822144,1.0,1.0,9.920870780944824,4.714379787445068,1.4000002145767212,1.0,1.0,1.0,1.0,55.51223373413086,25.906641006469727,3.0269951820373535,1.0,1.2106096744537354,3.321403980255127,1.0,1.0,1.0,1.0,1.0,1.16768479347229,1.0,1.3123950958251953,1.0,1.0,21.497859954833984,1,1.0,1,1.0,1,1,1.0,1.0,1.0,1,1.0,3.7448806762695312,3.2604920864105225,7.262840747833252,2.814582347869873,1.7461144924163818,3.6895933151245117,8.81940746307373,1.4510602951049805,1.2169119119644165,1.085082769393921,3.706852912902832,45.2570915222168,29.774944305419922,1.0,80.53362274169922,58.63189697265625,57.23027801513672,36.531707763671875,29.850704193115234,5.035517692565918,153.87078857421875,137.16885375976562,102.74392700195312,51.39070510864258,18.59368896484375,1.0,47.169944763183594,41.66317367553711,1.2318756580352783,44.829864501953125,18.95196533203125,65.7905502319336,75.53185272216797,26.124771118164062,1.0,431.584716796875,221.38430786132812,21.82596206665039,165.7642059326172,19.71360206604004,58.752784729003906,30.46526336669922,139.88311767578125,26.564945220947266,3.1905436515808105,52.26004409790039,46.9591064453125,1.0,1.0,1.0,1.0,1.0,1.0,1.0,1.0,1.0,1.0,1.0,1.0,1.0
TEST_06+7일,3.7016336917877197,1.0,8.624972343444824,2.98541522026062,1.0,1.0,8.457377433776855,1.0,1.0,1.0,1.0,1,1.0,1.0,1.0,1.0,1.0,1.0,1.0,1.0,1.0,1.0,1.0,1.0,5.359339714050293,1.442867636680603,1.0,51.6347770690918,12.902402877807617,1.8162248134613037,3.5876522064208984,4.3125786781311035,4.083400249481201,1.0,1.0,1.8375047445297241,42.397987365722656,5.97638463973999,4.434974670410156,35.83634948730469,19.32695198059082,1.0,1.0,1.0,1,3.2972776889801025,1.0,7.562356472015381,1.0,4.55267858505249,38.86639404296875,1,10.088164329528809,1.0,6.029866695404053,1.0,1.8374583721160889,2.544059991836548,1.0,1.0,13.852289199829102,2.7177364826202393,1.7042869329452515,15.05207347869873,8.467089653015137,1.3060557842254639,1.0,1.0,3.95941162109375,1.0,3.372692346572876,2.3051960468292236,1.0,1.0,2.468432664871216,1.0,1.0,1.2950109243392944,1.0,3.900541305541992,2.4787983894348145,2.4963696002960205,1.0,1.0,2.914039373397827,3.164675712585449,2.235931396484375,1.0,2.7762069702148438,5.047999858856201,1.0,1.0,3.9302821159362793,9.865055084228516,1,1.6056817770004272,1.0,1.0,1.0,7.501743793487549,1.7431191205978394,1.0,2.00460147857666,1.0,44.916019439697266,10.48439884185791,25.44837760925293,4.4753737449646,2.079984188079834,2.7758090496063232,5.270650863647461,1.0,1.288858413696289,1.0,1.0,1.0,1.7103912830352783,1.0,2.617115020751953,1.1844267845153809,1.0,15.015629768371582,1,1.0,1,1.0,1,1,1.0,1.0,1.0,1,1.0,5.991268634796143,6.543024063110352,11.886759757995605,2.661362886428833,3.6398520469665527,4.409738540649414,15.367530822753906,3.161524772644043,2.244971513748169,2.4592387676239014,3.0276873111724854,48.60548400878906,31.28545379638672,8.292701721191406,40.45908737182617,68.38445281982422,89.41960906982422,50.76909637451172,48.00495147705078,7.259675025939941,226.91957092285156,184.93511962890625,162.89584350585938,64.1302719116211,22.21843910217285,1.0,50.741371154785156,59.58094787597656,4.099422454833984,59.40104675292969,17.995527267456055,99.93907928466797,102.1297836303711,40.96007537841797,1.0,558.7014770507812,313.93560791015625,27.354703903198242,256.85418701171875,41.45150375366211,78.84817504882812,50.481651306152344,226.20303344726562,37.877845764160156,8.202910423278809,78.1198501586914,99.85514831542969,1.0,1.0,1.0,1.0,1.0,1.0,1.0,1.0,1.0,1.0,1.0,1.0,1.0
TEST_07+1일,1.0,1.0,2.6167831420898438,1.887251615524292,1.0,1.0,1.0,1.0,1.0,1.0,1.0,1,1.0,1.0,1.0,1.0,1.0,1.0,1.0,1.0,1.0,1.0,1.0,1.0,1.0,1.0,1.0,2.017310619354248,1.0,1.0,1.0,1.0,1.0,1.0,1.0,1.0,6.283687591552734,1.0,1.0,5.057847499847412,1.0530729293823242,1.0,1.0,1.0,1,1.0,1.0,1.0,1.0,1.1026350259780884,3.313072919845581,1,1.3837376832962036,1.0,1.0,1.0,1.0,1.0,1.0,1.0,1.7669658660888672,1.9429271221160889,1.0,1.9500627517700195,1.250988245010376,1.0,1.0,1.0,1.0,1.0,1.0,1.0,1.0,1.0,1.0,1.0,1.0,1.0,1.0,1.0,1.0,1.0,1.0,1.0,1.0,1.0,1.0,1.0,1.0,1.0,1.0,1.0,1.1539257764816284,3.763840913772583,1,1.0,1.0,1.0,1.658846139907837,2.6047592163085938,1.0,1.0,1.0,1.0,13.303407669067383,1.0,3.0453004837036133,2.1239709854125977,1.0,1.0,2.363769054412842,1.0,1.0,1.0,1.0,1.0,1.0,1.0,1.0,1.0,1.0,1.0,1,1.0,1,1.0,1,1,1.0,1.0,1.0,1,1.0,1.0,1.0,1.0,1.0,1.0,1.0,1.0,1.0,1.0,1.0,1.0,1.1406939029693604,1.0,1.0,1.0,1.758974313735962,1.0,2.493928909301758,1.0,1.0,5.3086442947387695,1.0,1.0,4.4177327156066895,1.1831860542297363,1.0,1.0,1.4589301347732544,1.0,1.3147459030151367,1.5163166522979736,1.2110956907272339,1.0,1.0,1.0,1.705966591835022,1.0,1.0,1.0,1.0,1.0,1.1914366483688354,1.0,1.0,1.0,1.0,1.0,1.0,1.0,1.0,1.0,1.0,1.0,1.0,1.0,1.0,1.0,1.0,1.0,1.0
TEST_07+2일,1.0,1.0,1.0,1.0,1.0,1.0,1.0,1.0,1.0,1.0,1.0,1,1.0,1.0,1.0,1.0,1.0,1.0,1.0,1.0,1.5099220275878906,1.0,1.0,1.0,1.0,1.0,1.0,1.0,1.0,1.0,1.0,1.0,1.0,1.0,1.0,1.0,5.392673015594482,1.0,1.0,5.402117729187012,1.0,1.0,1.0,1.0,1,1.0,1.0,1.0146702527999878,1.0,1.3110766410827637,2.6445376873016357,1,1.48496413230896,1.0,1.0,1.0,1.0,1.0,1.0,1.0,1.7540087699890137,2.3607587814331055,1.0,1.4177428483963013,1.103011131286621,1.0,1.0,1.0,1.0,1.0,1.0,1.0,1.0,1.0,1.0,1.0,1.0,1.0,1.0,1.0,1.0,1.0,1.0,1.0,1.0,1.0,1.0,1.0,1.0,1.0,1.0,1.0,1.0,3.734152317047119,1,1.0,1.0,1.0,1.1586699485778809,2.094524383544922,1.0,1.0,1.0,1.0,1.0,6.4464616775512695,4.013868808746338,2.3048973083496094,1.0,1.0,2.0607409477233887,1.0,1.0,1.0,1.0,1.0,1.0,1.0,1.0,1.0,1.0,1.0,1,1.0,1,1.0,1,1,1.0,1.0,1.0,1,1.0,1.0,1.0,1.0,1.0,1.0,1.0,1.0,1.0,1.0,1.0,1.0,2.466186761856079,1.0,1.0,1.0,1.0202598571777344,1.0,1.0,1.0,1.0,2.460446834564209,1.0,1.0,2.346498489379883,1.1351943016052246,1.0,1.0,1.0,1.0,1.0,1.4917162656784058,1.0,1.0,1.0,1.0,1.060819387435913,1.0,1.0,1.0,1.0,1.0,1.0,1.0,1.0,1.0,1.0,1.0,1.0,1.0,1.0,1.0,1.0,1.0,1.0,1.0,1.0,1.0,1.0,1.0,1.0
TEST_07+3일,1.0,1.0,1.5649080276489258,1.1097065210342407,1.0,1.0,1.0,1.0,1.0,1.0,1.0,1,1.0,1.0,1.0,1.0,1.0,1.0,1.0,1.0,1.0,1.0,1.0,1.0,1.0,1.0,1.0,13.00436782836914,1.0,1.0,1.0,1.0,1.0,1.0,1.0,1.0,4.202380180358887,1.0,1.0,4.472387313842773,1.0,1.0,1.0,1.0,1,1.0,1.0,1.0,1.0,1.0,2.8943235874176025,1,1.6291741132736206,1.0,1.0,1.0,1.0,1.0,1.0,1.0,1.682044267654419,2.3085622787475586,1.0,1.7896533012390137,1.0,1.0,1.0,1.0,1.0,1.0,1.0,1.0,1.0,1.0,1.0,1.0,1.0,1.0,1.0,1.0,1.0,1.0,1.0,1.0,1.0,1.0,1.0,1.0,1.0,1.0,1.0,1.0,1.0,3.614180088043213,1,1.0,1.0,1.0,1.1047965288162231,2.516080856323242,1.0,1.0,1.0,1.0,1.0,1.7160720825195312,3.328859329223633,2.0283572673797607,1.0,1.0,2.6233954429626465,1.0,1.0,1.0,1.0,1.0,1.0,1.0,1.0,1.0,1.0,1.0,1,1.0,1,1.0,1,1,1.0,1.0,1.0,1,1.0,1.0,1.0,1.0,1.0,1.0,1.0,1.0,1.0,1.0,1.0,1.0,1.0,1.0,1.0,1.0,2.022291660308838,1.0,1.0705684423446655,1.0,1.0,1.0,1.0,1.0,2.663975954055786,1.0,1.0,1.0,1.0,1.0,1.747167706489563,1.4179966449737549,1.0,1.0,1.0,1.0,1.0,1.0,1.0,1.0,1.0,1.0,1.0,1.0,1.0,1.0,1.0,1.0,1.0,1.0,1.0,1.0,1.0,1.0,1.0,1.0,1.0,1.0,1.0,1.0,1.0
TEST_07+4일,1.0,1.0,2.210916519165039,1.150876760482788,1.0,1.0,1.0,1.0,1.0,1.0,1.0,1,1.0,1.0,1.0,1.0,7.3595733642578125,1.0,1.0,1.0,1.0,1.0,1.0,1.0,1.0,1.0,1.0,8.583060264587402,1.0,1.0,1.0,1.0,1.0,1.0,1.0,1.0,5.0648369789123535,1.0,1.0,4.779335021972656,1.0,1.0,1.0,1.0,1,1.0,1.0,1.0146541595458984,1.0,1.0,2.6273019313812256,1,1.5681273937225342,1.0,1.0,1.0,1.0,1.0,1.0,1.0,1.6096115112304688,1.380862832069397,1.0,1.5072410106658936,1.0,1.0,1.0,1.0,1.0,1.0,1.0,1.0,1.0,1.0,1.0,1.0,1.0,1.0,1.0,1.0,1.0,1.0,1.0,1.0,1.0,1.0,1.0,1.0,1.0,1.0,1.0,1.0,1.0,3.5494942665100098,1,1.0,1.0,1.0,1.1452817916870117,2.080430030822754,1.0,1.0,1.0,1.0,1.0,3.6876354217529297,3.2657437324523926,1.9535548686981201,1.0,1.0,2.1715221405029297,1.0,1.0,1.0,1.0,1.0,1.0,1.0,1.0,1.0,1.0,1.0,1,1.0,1,1.0,1,1,1.0,1.0,1.0,1,1.0,1.0,1.0,1.0,1.0,1.0,1.0,1.0,1.0,1.0,1.0,1.0,1.8694298267364502,1.0,1.0,1.0,2.2056455612182617,1.0,1.4070192575454712,1.0,1.0,1.0,1.0,1.0,2.28983736038208,1.0,1.0,1.0,1.0,1.0,1.0,1.3472641706466675,1.0,1.0,1.0,1.0,3.012831687927246,1.0,1.0,1.0,1.0,1.0,1.2617125511169434,1.0,1.0,1.0,1.0,1.0,1.0,1.0,1.0,1.0,1.0,1.0,1.0,1.0,1.0,1.0,1.0,1.0,1.0
TEST_07+5일,1.0,12.082608222961426,1.0,1.0817819833755493,1.0,1.0,8.69920825958252,1.0,1.0,1.0,1.0,1,1.0,1.0,1.0,1.0,1.0,1.0,1.0,6.499626636505127,6.295605659484863,1.0,1.0,1.0,14.306750297546387,6.213743686676025,1.0,1.0,1.0,1.0,1.0,1.0,1.0,1.0,1.0,1.0,6.190250873565674,1.0,1.0,5.515174388885498,1.0,1.0,1.0,1.0,1,1.0,1.0,1.0,1.0,1.0,3.9394142627716064,1,1.9571082592010498,1.0,1.0,1.0,1.0,1.0,1.0,1.0,1.7939916849136353,1.4304165840148926,1.0,2.6245524883270264,1.0,1.0,1.0,1.0,1.0,1.0,1.0,1.0,1.0,1.0,1.0,1.0,1.0,1.0,1.0,1.0,1.0,1.0,1.0,1.0,1.0,1.0,1.0,1.0,1.0,1.0,1.0,1.0,1.023645043373108,3.3151495456695557,1,1.0,1.0,1.0,1.9568895101547241,2.0726065635681152,1.0,1.0,1.0,1.0,1.0,3.6061086654663086,2.50880765914917,2.1506519317626953,1.0,1.0,2.403594493865967,1.0,1.0,1.0,1.0,1.0,1.0,1.0,1.0,1.0,1.0,1.0,1,1.0,1,1.0,1,1,1.0,1.0,1.0,1,1.0,1.0,1.0,1.0,1.0,1.0,1.0,1.0,1.0,1.0,1.0,1.0,1.0,1.0,1.0,1.0,1.387764573097229,1.0,1.6160386800765991,1.0,1.0,1.1017054319381714,1.0,1.0,3.883126974105835,1.0,1.0,1.0,1.0,1.0,1.0,1.4398291110992432,1.0,1.0,1.0,1.0,2.700512647628784,1.0,1.0,1.0,1.0,1.0,1.5939761400222778,1.3876152038574219,1.0,1.0,1.0,1.0,1.0,1.0,1.0,1.0,1.0,1.0,1.0,1.0,1.0,1.0,1.0,1.0,1.0
TEST_07+6일,1.0,1.0,4.696691989898682,3.571936845779419,1.0,1.0,4.227232933044434,1.0,1.0,1.0,1.0,1,1.0,1.0,1.0,1.0,17.861263275146484,1.0,1.0,1.0,2.0020415782928467,1.0,1.0,1.0,14.430482864379883,1.0,1.0,27.19054412841797,1.0,1.0,1.0,1.0,1.0,1.0,1.0,1.0,14.450299263000488,2.3285958766937256,1.0,17.4807071685791,1.0,1.0,1.0,1.0,1,1.8662536144256592,1.0,1.4271557331085205,1.0,1.8277881145477295,6.814838409423828,1,2.522091865539551,1.0,1.0,1.0,1.2192213535308838,1.0,1.0,1.0,2.8445231914520264,2.665109157562256,1.3055031299591064,4.798611640930176,1.391650676727295,1.0,1.0,1.0,1.0,1.0,1.0,1.0,1.0,1.0,1.0,1.0,1.0,1.0,1.0,1.0,1.0,1.0,1.0,1.0,1.0,1.0,1.0,1.0,1.0,1.0,2.2508468627929688,1.0,1.2527981996536255,4.301289081573486,1,1.0,1.0,1.0,3.2272043228149414,2.3827366828918457,1.0,1.0,1.0,1.0,1.0,14.5071439743042,3.787195920944214,2.2227375507354736,1.0,1.0,3.5036556720733643,1.0,1.0,1.0,1.0,1.0,1.0,1.0,1.0,1.0,1.0,1.0,1,1.0,1,1.0,1,1,1.0,1.0,1.0,1,1.0,1.6644338369369507,1.0,1.6570242643356323,1.1236571073532104,1.0,1.0,3.9234657287597656,1.0,1.0,1.0,1.0,1.789000153541565,1.0,2.2644121646881104,1.0,3.4757158756256104,1.0,1.8920401334762573,1.0,1.0,6.269097805023193,1.0,1.0,5.855618000030518,1.1340256929397583,1.0,1.0,1.2476422786712646,1.0,2.2034084796905518,1.679947853088379,1.8653637170791626,1.0,1.0,1.0,2.637197494506836,1.0,1.0,1.0,1.0,1.0,1.0,1.0,1.0,1.0,1.0,1.0,1.0,1.0,1.0,1.0,1.0,1.0,1.0,1.0,1.0,1.0,1.0,1.0,1.0
TEST_07+7일,1.0,1.0,9.340590476989746,7.769032955169678,1.0,1.0,1.0,1.0,1.0,1.0,1.0,1,1.0,1.0,1.0,1.0,1.0,1.0,1.0,1.0,1.0,1.0,1.0,1.0,1.0,1.0,1.0,22.11030387878418,1.0,1.0,1.0,1.0,1.0,1.0,1.0,1.0,15.210762023925781,1.0,1.0,15.921425819396973,1.0510125160217285,1.0,1.0,1.0,1,1.2802919149398804,1.0,3.7863831520080566,1.0,4.526334285736084,7.83219575881958,1,4.092222213745117,1.0,1.0,1.0,1.0,1.0,1.0,1.0,5.161824703216553,5.683005332946777,2.1737425327301025,4.924917221069336,2.9331448078155518,1.0,1.0,1.0,1.0,1.0,1.0,1.0,1.0,1.0,1.0,1.0,1.0,1.0,1.0,1.0,1.0,1.0,1.0,1.0,1.0,1.0,1.0,1.0,1.0,1.0,1.0,1.0542049407958984,3.4305615425109863,11.85554027557373,1,1.0,1.0,1.0,1.1047359704971313,6.6916823387146,2.2596094608306885,1.0,1.0,1.0,25.620647430419922,1.0,10.203078269958496,6.486666202545166,2.0554490089416504,1.0,6.953628063201904,1.0,1.365430474281311,1.685124397277832,1.0,1.0,1.3943203687667847,1.0,1.0,1.335309386253357,1.0,1.0,1,1.0,1,1.0,1,1,1.0,1.0,1.0,1,1.0,6.402120113372803,1.0,2.276679754257202,2.0311169624328613,1.0,1.3119372129440308,6.170986652374268,1.0,1.0,1.0,1.4259679317474365,1.5797206163406372,1.0,1.0,1.0,4.024734973907471,1.0,2.607455015182495,1.0,1.0,6.786218643188477,1.0,1.0,8.017735481262207,1.9698398113250732,1.0,1.0,4.0489983558654785,1.0,3.014927387237549,1.4883931875228882,2.330179452896118,1.0,1.0,1.0,1.3134368658065796,1.0,1.0,1.0,1.0,1.0,1.6794871091842651,2.9109697341918945,1.0,1.0,1.0,1.0,1.0,1.0,1.0,1.0,1.0,1.0,1.0,1.0,1.0,1.0,1.0,1.0,1.0
TEST_08+1일,3.593315601348877,1.0,5.146889686584473,4.5014328956604,1.0,1.0,2.945615530014038,1.0,1.125533938407898,1.0,1.0,1,1.0,1.0,1.0,1.0,1.0,1.0,1.0,1.0,1.0,1.0,1.0,1.0,1.0,1.0,1.0,4.639831066131592,22.597585678100586,2.286505699157715,3.8592936992645264,5.093211650848389,1.0,1.116753339767456,1.0,5.425472259521484,37.159088134765625,1.0,2.5313827991485596,26.23564910888672,21.2762451171875,1.3313379287719727,2.1946237087249756,1.0,1,3.4326839447021484,1.0,2.017096996307373,1.0,2.1140389442443848,12.298050880432129,1,4.766852378845215,1.0,5.106977939605713,1.0,2.0632619857788086,1.2379536628723145,1.0,1.0,4.505647659301758,9.013127326965332,18.661563873291016,8.278664588928223,34.02667999267578,2.1649861335754395,1.0,2.082629680633545,4.612581729888916,1.0,1.0,2.689695119857788,1.0,1.0,3.0351877212524414,1.2249412536621094,1.0,2.1023271083831787,1.0,1.7478090524673462,1.0,1.0,1.0,2.0430853366851807,3.204772472381592,1.3712728023529053,2.1999306678771973,1.0,3.899937152862549,4.1008501052856445,1.0,1.0337830781936646,2.1482250690460205,3.992374897003174,1,1.0,1.0,1.0,21.400802612304688,5.998522758483887,2.424551486968994,1.0,3.540464162826538,1.0,157.99317932128906,7.8533501625061035,24.06241226196289,1.841956615447998,1.4281299114227295,1.0,2.029930591583252,1.0,1.0,1.0,1.0,1.0,1.0,1.0,2.393850088119507,1.3837053775787354,1.0,11.535959243774414,1,1.0,1,1.0,1,1,1.0,1.0,1.0,1,1.0,1.0,1.0,1.0,1.0,1.0,1.0,1.0,1.0,1.0,1.0,1.0,2.2594857215881348,1.0,13.144966125488281,21.60439109802246,6.764636516571045,1.0,4.595091342926025,1.0,1.0,10.691361427307129,1.0,1.0,16.618743896484375,2.9583098888397217,11.17247200012207,1.0,9.914948463439941,1.0,6.1742167472839355,3.246365547180176,5.396979808807373,1.0,1.0,4.989840984344482,1.0,1.0,1.0,7.911840438842773,1.0,1.0,2.406336784362793,3.6875874996185303,2.128523826599121,1.0,1.1174176931381226,1.0,38.860496520996094,15.825411796569824,51.14763259887695,5.894852638244629,30.17824935913086,45.746238708496094,13.881722450256348,212.10044860839844,37.38506317138672,81.28023529052734,102.5051498413086,16.0317440032959,55.51776123046875
TEST_08+2일,1.5772063732147217,1.0,1.0,1.0,1.0,1.0,7.266723155975342,1.0,1.0,1.0,1.0,1,1.0,1.0,1.0,1.0,1.0,1.0,1.0,25.241130828857422,10.633768081665039,1.0,1.0,1.0,1.0,1.0,1.0,2.4394426345825195,11.697105407714844,1.2003347873687744,2.326835870742798,3.3049612045288086,1.0,1.0,1.0,3.719681739807129,17.849994659423828,1.0,1.946696400642395,19.214218139648438,12.879766464233398,1.2246556282043457,1.560102939605713,1.0,1,1.0,1.0,2.100353956222534,1.0,1.5550732612609863,7.913299083709717,1,5.931910991668701,1.0,2.72605299949646,1.0,2.6820359230041504,1.5200899839401245,1.0,1.0,2.322857141494751,5.267536163330078,14.75619125366211,6.060197353363037,8.133199691772461,1.0,1.0,1.0,1.0,1.0,1.0,1.0,1.0,1.0,1.5435584783554077,1.0,1.0,1.1363070011138916,1.0,1.313303828239441,1.0,1.0,1.0,1.0,1.0,1.0,1.2962675094604492,1.0,1.0831949710845947,1.0,1.0,1.0,1.9325953722000122,3.744262456893921,1,1.0,1.0,1.0,12.602764129638672,5.810304164886475,1.467671275138855,1.0,5.4908246994018555,1.0,1.0,59.5294303894043,14.33178424835205,1.9919954538345337,1.9445842504501343,1.0,1.4410134553909302,1.0,1.0,1.0,1.0,1.0554686784744263,1.0,1.0,2.25262451171875,1.0,1.0,59.57277297973633,1,1.0,1,1.0,1,1,1.0,1.0,1.0,1,1.0,1.0,1.0,1.0,1.0,1.0,1.0,1.0,1.0,1.0,1.0,1.0,4.276756763458252,1.0,6.258866786956787,29.001890182495117,5.820621967315674,1.0,2.018894672393799,1.0,1.0,8.98995590209961,1.0,1.0,14.533605575561523,2.0840160846710205,27.220033645629883,1.0,5.620980262756348,1.0,3.5389623641967773,2.4226772785186768,1.744246244430542,1.0,1.0,3.0595998764038086,1.4761112928390503,1.0,1.0,1.0,1.0,1.0,2.1126835346221924,1.8772153854370117,1.0,1.0,1.0,1.0,13.52352237701416,1.0068572759628296,8.629642486572266,1.0,15.776082038879395,1.0,1.0,41.67574691772461,13.654084205627441,15.733997344970703,51.37772750854492,4.685736656188965,7.906491756439209
TEST_08+3일,1.6994855403900146,1.0,2.932276725769043,1.057631492614746,1.0,1.0,6.530354976654053,1.0,1.7279824018478394,1.0,1.0,1,1.0,1.0,1.0,1.0,9.450498580932617,1.0,1.0,6.594283580780029,1.0,1.0,1.0,1.0,1.0,4.923151969909668,1.0,49.04948043823242,12.107749938964844,2.728256940841675,2.8679449558258057,1.6285409927368164,1.0,1.0,1.0,3.9962384700775146,12.227108001708984,1.0,1.6322052478790283,12.127823829650879,14.091270446777344,1.0,2.4830493927001953,1.0,1,1.3494240045547485,1.0,2.30312442779541,1.0,1.0,5.159579277038574,1,5.450989246368408,1.0,3.316136360168457,1.0,2.2196221351623535,1.174087405204773,1.0,1.0,2.162139415740967,6.158194541931152,8.647489547729492,3.852937936782837,6.606608867645264,1.0096286535263062,1.0,1.5839104652404785,1.899601936340332,1.0,1.0,1.8502365350723267,1.0,1.0,2.579970359802246,1.1693062782287598,1.0,1.6066654920578003,1.0,2.1416852474212646,1.0,1.0,1.0,1.0,2.619553327560425,1.0,2.797375440597534,1.0,3.4114954471588135,4.603736877441406,1.0,1.1538562774658203,2.4667789936065674,3.6378674507141113,1,1.0,1.0,1.0,14.59839916229248,5.845779895782471,2.1020429134368896,1.0,3.2618277072906494,1.0,1.0,43.45396423339844,10.068098068237305,2.7000718116760254,1.391360878944397,1.0,2.2411327362060547,1.0,1.0,1.0,1.0,1.1111907958984375,1.0,1.0,2.9613037109375,1.0,1.0,16.70648193359375,1,1.0,1,1.0,1,1,1.0,1.0,1.0,1,1.0,1.0,1.0,1.0,1.0,1.0,1.0,1.0,1.0,1.0,1.0,1.0,1.1825141906738281,1.0,61.8649787902832,174.73834228515625,8.732995986938477,1.0,2.700831890106201,1.0,1.0,7.972597122192383,1.0,1.0,12.687154769897461,1.0,53.98223114013672,1.0,4.819947242736816,1.0,3.986786127090454,2.4178574085235596,1.0,1.0,1.0,4.330393314361572,1.0,1.0,1.0,1.0,1.0,1.0,1.0,1.0,1.0,1.0,1.0,1.0,46.1846809387207,20.870582580566406,45.628448486328125,8.59342098236084,29.351781845092773,40.40937042236328,14.541732788085938,284.6224670410156,53.60539627075195,132.16650390625,125.12791442871094,23.70261001586914,54.716922760009766
TEST_08+4일,1.749584674835205,18.66075325012207,2.2319090366363525,1.1836977005004883,1.0,1.0,11.284249305725098,1.0,1.0,1.0,1.0,1,1.0,1.0,1.0,1.0,46.05375289916992,1.0,1.0,23.326492309570312,3.2823352813720703,1.0,1.0,1.0,8.636016845703125,1.0,1.0,20.00836753845215,14.731096267700195,1.6516408920288086,3.196425199508667,1.8780169486999512,1.0,1.0,1.0,5.831231594085693,16.17731475830078,1.0,1.444529414176941,15.307657241821289,15.827996253967285,1.0,1.0142797231674194,1.0,1,1.84274423122406,1.0,2.668705701828003,1.0,1.0,7.865450859069824,1,5.212108135223389,1.0,2.3247599601745605,1.0,2.0616700649261475,1.3064124584197998,1.0,1.0,3.4229109287261963,4.095256328582764,23.4946231842041,3.6018857955932617,13.834993362426758,1.3560854196548462,1.0,1.0,2.4356651306152344,1.0,1.3517030477523804,2.549891710281372,1.0,1.0,3.067821741104126,1.0,1.0,2.4889283180236816,1.0,2.9015021324157715,1.0,1.0,1.0,1.0,2.3976542949676514,1.0,1.690969705581665,1.0,3.3259856700897217,1.8293955326080322,1.0,1.143399715423584,1.566028356552124,4.184466361999512,1,1.0,1.0,1.0,17.959609985351562,4.850926399230957,1.565101146697998,1.0,2.6618428230285645,1.0,1.0,55.702392578125,8.056812286376953,1.2327516078948975,1.5210094451904297,1.0,2.0010664463043213,1.0,1.0,1.0237901210784912,1.0,1.0,1.0,1.0,2.3387269973754883,1.0,1.0,16.3388729095459,1,1.0,1,1.0,1,1,1.0,1.0,1.0,1,1.0,1.0,1.0,1.0,1.0,1.0,1.0,1.0,1.0,1.0,1.0,1.0,4.521509647369385,1.0,72.41067504882812,46.46931838989258,7.161211013793945,1.0,2.4700968265533447,1.0,1.0,4.470404148101807,1.0,1.0,15.879701614379883,1.0,67.9044418334961,1.0,4.20289421081543,1.0,2.90014910697937,2.160545825958252,2.4800753593444824,1.0,1.0,3.675274610519409,2.5486888885498047,1.0,1.0,1.0,1.0,1.0,2.633589267730713,1.0,1.0,1.0,1.0,1.0,34.18903350830078,22.260984420776367,46.95966339111328,11.467443466186523,29.878936767578125,42.23268127441406,15.412945747375488,260.7876892089844,67.66666412353516,86.2906265258789,206.4549560546875,41.759864807128906,64.98723602294922
TEST_08+5일,3.31270694732666,10.319920539855957,1.088937520980835,1.590824842453003,1.0,1.0,37.02253341674805,1.0,1.4398633241653442,1.0,1.0,1,1.0,1.0,1.0,1.0,47.43831253051758,1.0,1.0,44.31147384643555,34.633941650390625,1.0,1.0,1.0,1.0,1.0,1.0,38.761409759521484,12.578641891479492,1.2804760932922363,2.8308043479919434,3.0228686332702637,1.5642166137695312,1.0,1.0,4.103024959564209,18.742006301879883,1.0,1.3912583589553833,18.22657012939453,13.375134468078613,1.0,1.899599313735962,1.0,1,1.0,1.0,2.3739919662475586,1.0,1.0,5.37084436416626,1,9.145352363586426,1.0,3.6966662406921387,1.0,3.0669925212860107,1.3224748373031616,1.0,1.0,3.8263604640960693,3.81599497795105,8.223057746887207,5.827020168304443,6.406306266784668,2.0262985229492188,1.0,1.5131465196609497,3.2783632278442383,1.0,1.0,1.705962896347046,1.0,1.0,4.170494556427002,1.810380220413208,1.0,2.235184907913208,1.0,2.6639604568481445,1.0,1.0,1.0,1.0,1.6644365787506104,1.0,2.5125906467437744,1.0,1.3699467182159424,2.3796918392181396,1.0,1.0,2.449321985244751,3.9432339668273926,1,2.4310526847839355,1.0,1.0,10.689435005187988,5.795355319976807,1.900670051574707,1.0,2.7375617027282715,1.0,3.095278263092041,57.91748046875,7.851322650909424,1.8588941097259521,1.4074543714523315,1.0,1.471756100654602,1.0,1.0,1.0,1.0,1.0,1.0,1.0,1.9273422956466675,1.0,1.0,66.68492889404297,1,1.0,1,1.3187607526779175,1,1,1.0537389516830444,1.0,1.0,1,1.0,1.0,1.0,1.0,1.0,1.0,1.0,1.0,1.0,1.0,1.0,1.0,2.262179374694824,1.0,17.287376403808594,123.88490295410156,4.6419525146484375,1.0,3.360152244567871,1.0,1.0,2.272697925567627,1.0,1.0,10.587180137634277,1.0,82.85888671875,1.0,3.7823712825775146,1.0,1.0056593418121338,1.97560715675354,1.0,1.0,1.0,3.040531873703003,1.0,1.0,1.0,1.0,1.0,1.0,3.0304086208343506,1.0,1.0,1.0,1.0,1.0,39.632843017578125,19.457849502563477,42.613006591796875,15.745805740356445,37.00466537475586,48.796356201171875,17.095630645751953,238.1297607421875,68.816650390625,76.5823974609375,263.6990966796875,42.668495178222656,68.91927337646484
TEST_08+6일,2.9495456218719482,22.4384708404541,5.220912456512451,7.700451374053955,1.4106733798980713,3.658158779144287,11.5518159866333,1.0,5.4945478439331055,1.0,1.0,1,1.0,1.0,2.631502866744995,1.0,32.34317398071289,1.0,1.0,16.27985382080078,8.583429336547852,1.0,1.0,1.0,1.0,11.97901439666748,5.351260185241699,97.70086669921875,21.075345993041992,1.9925352334976196,3.9305572509765625,5.001880168914795,1.0,1.0,1.0,2.318664789199829,38.45047378540039,1.0,1.890214443206787,37.45311737060547,22.685483932495117,1.2895605564117432,3.291322708129883,1.0,1,2.3770627975463867,1.0,4.133526802062988,1.0,1.6625723838806152,7.945013046264648,1,7.322426795959473,1.2664580345153809,5.988137245178223,1.0,3.0796525478363037,1.8147506713867188,2.3011865615844727,1.0,4.822484493255615,2.514662265777588,15.024248123168945,8.109164237976074,5.325734615325928,1.1906077861785889,1.0,1.2941175699234009,2.695176601409912,1.0,1.216223120689392,2.582247018814087,1.0,1.0,3.631920337677002,2.2019591331481934,1.0,3.0448617935180664,1.0,3.278682231903076,1.0,1.9605387449264526,1.0,1.9503467082977295,2.869401454925537,3.491037607192993,3.288733720779419,1.0,2.4717600345611572,4.677558422088623,20.182615280151367,1.9801207780838013,3.1978135108947754,8.112306594848633,1,1.0,1.0,1.0,22.376169204711914,7.941451549530029,6.019419193267822,1.0,3.092546224594116,1.0,1.0,62.59685516357422,11.11497688293457,2.539827585220337,2.252544641494751,2.0575387477874756,5.695973873138428,2.1224231719970703,1.0,1.9890321493148804,1.0,1.0,1.0,2.2840018272399902,4.800259113311768,1.2116637229919434,1.0,16.543983459472656,1,1.0,1,1.0,1,1,1.0,1.0,1.0,1,1.0,4.212540626525879,1.0,4.969631671905518,2.825603485107422,1.0,1.9865319728851318,6.045435905456543,1.0,1.0,1.0,1.0,5.117218017578125,1.0,113.22767639160156,120.06647491455078,7.839613437652588,1.0,4.008486270904541,1.0,1.0,13.673224449157715,1.0,1.0,20.255069732666016,2.339301347732544,61.83367156982422,1.0,8.547690391540527,1.0,5.1853742599487305,2.6731183528900146,4.006906986236572,1.0,1.0,8.9158935546875,1.5840238332748413,1.0,1.0,1.8723969459533691,1.0,1.0,2.5539190769195557,1.5918046236038208,1.0794193744659424,1.0,1.0,1.0,54.230289459228516,26.844493865966797,51.07832717895508,15.41127872467041,43.225276947021484,57.97104263305664,26.646408081054688,265.285400390625,76.74205780029297,102.1258316040039,247.49871826171875,48.120391845703125,75.42193603515625
TEST_08+7일,7.8452348709106445,1.0,5.61691951751709,7.409701347351074,1.2271028757095337,1.0,13.66968059539795,1.0,1.9750868082046509,1.0,2.227760076522827,1,1.0,1.0,2.170882225036621,1.0,1.0,1.0,1.0,10.49970531463623,2.249630928039551,1.6833751201629639,1.0,1.0,4.253458499908447,1.0,1.0,41.72690200805664,20.0401554107666,2.6665430068969727,3.5780317783355713,4.066802978515625,1.2094006538391113,1.0,1.0,8.197999954223633,67.93334197998047,1.0,3.932999849319458,50.98280715942383,24.39865493774414,3.272047519683838,2.2856032848358154,1.0,1,3.993926763534546,1.0,3.874962091445923,1.0,2.211416721343994,8.10208511352539,1,7.448105812072754,1.0,7.734358310699463,1.0,4.874937057495117,4.049368381500244,1.9153743982315063,1.0,7.001504898071289,8.164857864379883,22.733522415161133,10.069968223571777,12.450563430786133,1.6479612588882446,1.0,2.24204421043396,5.165940284729004,1.0,2.036611795425415,2.6374266147613525,1.0,1.0,4.844141006469727,1.4501700401306152,1.0,2.4394543170928955,1.0,2.591306686401367,1.0,1.0,1.0,1.0,3.592745065689087,1.5211330652236938,3.1653425693511963,1.0,2.2275898456573486,4.583411693572998,1.0,1.292358636856079,4.465452194213867,8.872173309326172,1,1.0,1.0,1.0,5.367560863494873,10.950860023498535,5.4360761642456055,1.0,7.1535444259643555,1.0,131.69549560546875,8.479931831359863,22.24614715576172,2.6916604042053223,3.48408842086792,1.3764516115188599,2.5671398639678955,1.2262846231460571,1.0,2.461305618286133,1.0,1.648010015487671,1.0,1.0,3.316145420074463,2.329514265060425,1.0,9.027027130126953,1,1.0,1,1.0,1,1,1.0,1.0,1.0,1,1.0,4.881173610687256,1.4628965854644775,6.5226874351501465,3.001936674118042,1.0,3.7476859092712402,9.859274864196777,1.0,3.0521554946899414,1.0,2.1508066654205322,3.3025598526000977,1.0,19.226804733276367,21.664033889770508,7.763691425323486,1.0,8.347677230834961,1.0,1.0,13.113534927368164,1.0,1.0,20.194623947143555,3.0462050437927246,18.451337814331055,1.0,11.721822738647461,1.0,10.336057662963867,3.42499041557312,9.057955741882324,1.0,1.0,6.445425987243652,3.031506061553955,1.9810069799423218,1.0,11.28043270111084,2.983933687210083,1.0,7.7233099937438965,13.296215057373047,2.5212457180023193,1.0,1.1319196224212646,2.27465558052063,55.55439758300781,20.808969497680664,55.60239791870117,12.823386192321777,40.31486892700195,58.64028549194336,24.759992599487305,261.6408386230469,52.81646728515625,87.3084945678711,155.67483520507812,23.947635650634766,57.63640213012695
TEST_09+1일,9.675256729125977,1.0,5.958254337310791,2.5497963428497314,1.0,1.0,7.858426570892334,1.0,1.4548670053482056,1.2246394157409668,1.0,1,1.516968011856079,2.74835467338562,20.850811004638672,1.6195439100265503,1.0,1.0,2.2939400672912598,1.0,1.0,1.0,1.035080909729004,1.0,1.0,1.0,1.0,3.7675273418426514,17.826574325561523,4.9795122146606445,3.1382763385772705,5.459211349487305,2.7161319255828857,1.2036439180374146,1.0,2.5478992462158203,52.637451171875,1.0,2.800044536590576,28.56604766845703,28.097606658935547,2.199488878250122,2.5410196781158447,1.0,1,1.350582242012024,1.0,3.5916919708251953,1.0,2.278212070465088,9.497753143310547,1,6.097653865814209,1.0,6.403257846832275,1.0,3.01647686958313,1.729691743850708,1.517324686050415,1.0,6.8614678382873535,8.518782615661621,11.687037467956543,8.84499454498291,7.700211524963379,1.0,1.0,1.4152132272720337,4.1483049392700195,1.0,1.0,2.3944897651672363,1.0,1.0,1.1299233436584473,1.5479228496551514,1.0,1.6750545501708984,1.0,1.0,1.0,1.0,1.0,1.0,2.381662130355835,2.5085017681121826,1.0,1.0,2.3565385341644287,2.7443485260009766,1.0,1.0,4.129183769226074,6.113825798034668,1,1.0,1.0,1.0,21.218225479125977,3.3796305656433105,1.0,1.0,3.241765260696411,1.0,132.12181091308594,2.9846343994140625,23.28365707397461,3.2018179893493652,1.9011638164520264,1.0,2.0202062129974365,1.018553376197815,1.2996007204055786,1.0,1.0,1.0,1.7205978631973267,1.0,2.000549793243408,1.0,1.0,5.444766998291016,1,1.0,1,1.0,1,1,1.0,1.0,1.0,1,1.0,1.0,1.0,1.0,1.0,1.0,1.0,1.0,1.0,1.0,1.0,1.0,6.498445510864258,1.0,9.99148178100586,52.843753814697266,10.504525184631348,1.0,10.108428001403809,1.0,1.0,22.037879943847656,1.0,1.0,17.361833572387695,9.683303833007812,1.0,1.0,13.883017539978027,1.0,10.293537139892578,6.650151252746582,8.173558235168457,1.0,1.0,10.970733642578125,1.0,1.0,1.0,19.98152732849121,1.0,1.0,19.4434814453125,18.900070190429688,1.0,2.2594757080078125,4.273629665374756,12.625140190124512,40.1671028137207,14.841287612915039,40.96764373779297,8.645919799804688,19.075130462646484,34.754920959472656,15.085790634155273,139.94100952148438,47.44919967651367,55.011695861816406,124.27555847167969,29.586299896240234,66.88876342773438
TEST_09+2일,2.5318069458007812,15.317891120910645,1.165883183479309,1.0,1.0,1.0,11.835489273071289,1.0,1.0,1.0,1.0,1,1.0,1.0,4.476619243621826,1.0,1.0,1.0,1.0,19.286731719970703,13.97702693939209,1.0,1.0,1.0,1.0,1.8481911420822144,1.0,2.051462411880493,7.1334943771362305,1.3016459941864014,1.9589511156082153,3.222155809402466,1.0,1.0,1.0,1.7395997047424316,18.90724754333496,1.0,1.6926220655441284,19.831058502197266,7.7674970626831055,1.0,2.4258291721343994,1.0,1,1.0,1.0,3.1806130409240723,1.0,2.5918524265289307,6.49664831161499,1,12.723114967346191,1.0,1.0632193088531494,1.0,2.5447990894317627,1.2005562782287598,1.0,1.0,4.616384029388428,10.20783519744873,17.878583908081055,5.002659797668457,6.522446632385254,1.0,1.0,1.0,1.0,1.0,1.0,1.0,1.0,1.0,1.0,1.0,1.0,1.0,1.0,1.0,1.0,1.0,1.0,1.0,1.0,1.0,1.0,1.0,1.0,1.0,1.0,1.0,2.3591482639312744,4.793729305267334,1,1.0,1.0,1.0,5.6512532234191895,2.480783224105835,1.0,1.0,4.541506290435791,1.0,1.0,57.948936462402344,11.20914077758789,3.470808744430542,2.3566982746124268,1.0,1.471590280532837,1.0,1.0,1.0,1.0,1.0,1.3920751810073853,1.0,1.0591644048690796,1.0,1.0,8.052291870117188,1,1.185679316520691,1,1.0,1,1,1.0,1.0,1.0,1,1.0,1.0,1.0,1.0,1.0,1.0,1.0,1.0,1.0,1.0,1.0,1.0,5.827095031738281,1.0,7.707936763763428,64.17862701416016,8.429011344909668,1.0,2.8883981704711914,1.0,1.0,9.789522171020508,1.0,1.0,12.836163520812988,2.930419921875,1.0,1.0,2.8534200191497803,1.0,3.846906900405884,3.016686201095581,4.932674884796143,1.0,1.0,7.597581386566162,1.0,1.0,1.0,1.0,1.0,1.0,1.0,1.0,1.0,1.0,1.0,1.0,7.483785152435303,1.0,9.17983341217041,1.0,6.1094889640808105,1.0,1.0,6.004976749420166,8.887307167053223,12.91273307800293,27.50856590270996,4.956096649169922,1.6988797187805176
TEST_09+3일,2.510157346725464,1.0,3.3561084270477295,1.0,1.0,1.0,10.656547546386719,1.0,1.0,1.0,1.0,1,1.0,1.0,9.682926177978516,1.0,12.557170867919922,1.0,1.0,1.0,2.3368980884552,1.0,1.0,1.0,13.780259132385254,7.971101760864258,1.0,39.73263168334961,8.787074089050293,2.5828025341033936,3.080623149871826,1.9358854293823242,1.0,1.0,1.0,1.2302546501159668,15.432394027709961,1.0,1.1504708528518677,17.610979080200195,12.432893753051758,1.0,2.2830166816711426,6.918854236602783,1,1.0008151531219482,1.0,3.4346883296966553,1.0,1.1650670766830444,11.660476684570312,1,8.666633605957031,1.0,3.714695930480957,1.0,3.8045036792755127,1.0,1.0,1.0,4.214901447296143,5.389472484588623,5.797530174255371,11.225944519042969,4.594640731811523,1.0,1.0,1.0,2.3122916221618652,1.0,1.614255666732788,1.4268296957015991,1.0,1.0,1.0440428256988525,1.46272611618042,1.0,1.0,1.0,1.0,1.0,1.0,1.0,1.0,1.6917943954467773,1.291933536529541,1.0,1.0,1.0,1.380232334136963,1.0,1.0,1.841294765472412,3.6922671794891357,1,1.0,1.0,1.0,14.272727966308594,2.2859630584716797,1.0,1.0,1.0889010429382324,1.0,1.0,24.381853103637695,5.775278091430664,2.125333070755005,2.1445424556732178,1.0,1.4963184595108032,1.0,1.0,1.0,1.5400761365890503,1.0,1.366633653640747,1.0,1.0,1.0,1.0,7.742740631103516,1,1.0,1,1.0,1,1,1.0,1.0,1.0,1,1.0,1.0,1.0,1.0,1.0,1.0,1.0,1.0,1.0,1.0,1.0,1.0,1.322355031967163,1.0,17.598020553588867,106.8254623413086,7.777434349060059,1.0,4.207175254821777,1.0,1.0,9.886147499084473,1.0,1.0,9.785405158996582,1.0,1.0,1.0,4.244346618652344,1.0,5.609354496002197,2.522526741027832,4.1359028816223145,1.0,1.0,7.658372402191162,1.0,1.0,1.0,1.0,1.0,1.0,1.0,1.0,1.0,1.0,1.0,1.0,15.403875350952148,13.988715171813965,14.502090454101562,2.3050003051757812,10.043967247009277,10.244990348815918,2.8051326274871826,65.59258270263672,30.858531951904297,43.1162223815918,98.53510284423828,23.72964859008789,22.59558868408203
TEST_09+4일,2.840085506439209,25.28380012512207,3.5550894737243652,1.7906471490859985,1.0,1.0,26.63454818725586,1.0,1.0,1.0,1.0,1,1.0,1.0,11.32723617553711,1.0,59.988677978515625,1.0,1.0,28.325145721435547,12.8495454788208,1.0,1.0,1.0,1.0,1.0,1.0,18.612632751464844,11.652873992919922,2.177436351776123,3.0461783409118652,3.416250467300415,1.0,1.0,1.0,2.4222817420959473,25.593273162841797,1.0,1.4431145191192627,26.917558670043945,10.85158920288086,1.7851288318634033,2.509514808654785,1.0,1,1.0,1.0,4.83857536315918,1.0,3.0369679927825928,11.065168380737305,1,8.874105453491211,1.0,1.0,1.0,4.974120616912842,1.0,1.0,1.0,3.768308162689209,4.093972206115723,11.239983558654785,9.483844757080078,6.185837268829346,1.0,1.0,1.0743708610534668,3.3846330642700195,1.0,1.0,1.5464671850204468,1.0,1.0,1.0,1.0,1.0,1.0,1.0,1.0,1.0,1.0,1.0,1.0,1.7801707983016968,1.5538873672485352,1.0,1.0,1.0,2.1597018241882324,1.0,1.0,1.8261094093322754,4.888094902038574,1,1.0,1.0,1.0,7.5231032371521,2.209897756576538,1.0,1.0,1.0,1.0,1.0,39.947059631347656,6.190971374511719,2.091822385787964,2.508293867111206,1.0,1.6125599145889282,1.0,1.0,1.0,1.0,1.0,1.0,1.0,1.167731761932373,1.0,1.0,7.801637649536133,1,1.2008774280548096,1,1.0,1,1,1.0,1.0,1.0,1,1.0,1.0,1.0,1.0,1.0,1.0,1.0,1.0,1.0,1.0,1.0,1.0,4.100322723388672,1.0,9.451547622680664,123.4266128540039,5.673161029815674,1.0,2.5127644538879395,1.0,1.0,11.310826301574707,1.0,1.0,14.743623733520508,1.0,1.0,1.0,1.6578378677368164,1.0,2.464712381362915,2.2248940467834473,4.444087982177734,1.0,1.0,3.58849835395813,1.0,1.0,2.070075511932373,1.0,1.0,1.0,1.3375595808029175,1.0,1.0,1.0198806524276733,1.0,1.0,12.921529769897461,4.8208513259887695,9.968564987182617,1.203109622001648,8.129843711853027,6.081794261932373,4.734762191772461,55.46316146850586,26.309904098510742,37.97454833984375,88.07763671875,20.889755249023438,42.12641525268555
TEST_09+5일,3.792147636413574,25.391904830932617,1.7660441398620605,1.0,1.0,1.0,53.58558654785156,1.0,1.0,1.0,1.0,1,1.0,2.6786813735961914,13.095966339111328,1.0279595851898193,94.61190795898438,1.0,1.0,76.77549743652344,47.07674789428711,1.0,1.0,1.0,4.09240198135376,1.0,1.0,14.437429428100586,7.908503532409668,1.7277090549468994,1.9660401344299316,3.0677077770233154,1.0,1.1427675485610962,1.0,1.7519842386245728,22.28842544555664,1.0,1.5328657627105713,20.082008361816406,9.186797142028809,1.1425855159759521,2.8675150871276855,1.0,1,3.7528436183929443,1.0,7.524117946624756,1.0,1.3142682313919067,4.943615913391113,1,5.544129371643066,1.0,1.0,1.0,2.4585254192352295,1.0,1.0314934253692627,1.0,5.014344215393066,2.011765241622925,6.945118427276611,9.845389366149902,4.0301923751831055,1.0,1.0,1.0,2.640897512435913,1.0,1.0,1.0,1.0,1.0,1.0,4.9588422775268555,1.0,1.0525099039077759,1.0,1.0,1.0,1.0,1.0,1.0,1.2523399591445923,1.7808016538619995,1.0,1.0,1.0,1.5558562278747559,1.0,1.0,2.7035443782806396,3.6507365703582764,1,1.0,1.0,1.0,9.666462898254395,2.4208693504333496,1.0,1.0,1.0721782445907593,1.0,1.0,26.84178352355957,5.127656936645508,5.522492408752441,1.8941187858581543,1.0,1.5175002813339233,1.0,1.0,1.0,1.0,1.0,1.1242948770523071,1.0,1.96864914894104,1.0,1.0,75.40985107421875,1,1.2158246040344238,1,1.0,1,1,1.1618528366088867,1.0,1.0,1,1.0,1.0,1.0,1.0,1.0,1.0,1.0,1.0,1.0,1.0,1.0,1.0,3.658782720565796,1.0,12.33414363861084,357.1588134765625,5.787408828735352,1.0,2.3027217388153076,1.0,1.0,10.055009841918945,1.0,1.0,10.364739418029785,1.0,1.0,1.0,1.0408589839935303,1.0,1.4918421506881714,4.30432653427124,3.058452844619751,1.0,1.0,4.078084945678711,1.0,1.0,1.0,1.0,1.0,1.0,1.7258381843566895,1.0,1.0,1.661999225616455,1.0,1.0,22.845417022705078,13.008882522583008,14.888568878173828,2.0048177242279053,13.156853675842285,8.538954734802246,3.5410072803497314,66.80667877197266,23.486862182617188,54.54701232910156,84.2101821899414,18.531291961669922,19.78696060180664
TEST_09+6일,3.8007829189300537,67.61849212646484,7.495713233947754,1.4922852516174316,1.0,1.0,60.69827651977539,1.3091356754302979,1.2277246713638306,1.3645668029785156,1.0,1,1.3746787309646606,4.8589372634887695,28.139192581176758,1.1734281778335571,80.5728530883789,1.0,1.0,12.876099586486816,52.661556243896484,1.0,1.299654483795166,1.0,1.0,25.065479278564453,1.0,76.0457763671875,9.089316368103027,1.20088529586792,2.178135395050049,4.60330867767334,1.0,1.0,1.0,1.0,35.53489685058594,1.0,1.8089823722839355,31.50046157836914,11.86397647857666,1.867372989654541,2.9452474117279053,1.0,1,1.5899467468261719,1.0,3.1521644592285156,1.0,2.1236774921417236,6.094344615936279,1,4.298673629760742,1.0,1.6696012020111084,1.0,3.031045436859131,1.071534276008606,1.0,1.0,5.136623382568359,1.5079110860824585,8.87962818145752,7.476562023162842,2.998358726501465,1.0,1.0,1.5811470746994019,4.752501964569092,1.0,1.4197471141815186,1.0,1.0,1.0,1.8649593591690063,1.4692599773406982,1.0,1.0,1.0,2.1032676696777344,1.4737355709075928,1.0,1.0,1.0,1.4561508893966675,1.9730799198150635,1.6568711996078491,1.0,1.0,4.641239643096924,57.4222297668457,1.0,3.279005527496338,7.218552112579346,1,1.0,1.0,1.0,14.139291763305664,5.4050493240356445,1.6733142137527466,1.0,2.403313159942627,1.0,1.0,49.441673278808594,8.418806076049805,3.0129830837249756,7.440227031707764,1.0,3.9197778701782227,1.0,2.86975359916687,1.0,1.0,1.0,1.0,1.0,1.8944977521896362,1.0,1.0,8.044865608215332,1,1.1830919981002808,1,1.0,1,1,1.0568073987960815,1.0,1.0,1,1.0,1.8621753454208374,1.0,3.4126293659210205,1.0,1.0,1.0,3.8030922412872314,1.0,1.0,1.2273006439208984,1.0,3.5064592361450195,1.0,94.58472442626953,176.86961364746094,7.34319543838501,1.0,2.8810739517211914,1.0,1.0,12.17639446258545,1.0,1.0,11.460517883300781,2.9578545093536377,1.0,1.0,5.5925822257995605,1.0,2.729339122772217,3.127694845199585,3.570951223373413,1.0,1.0,6.70177698135376,1.0,1.0,1.0,4.2141008377075195,1.0,1.0,1.721664547920227,1.3927308320999146,1.0,1.0,1.0,1.0,24.49998664855957,8.32215690612793,15.0797758102417,3.9318199157714844,15.496594429016113,8.529314994812012,7.241935729980469,65.72920227050781,29.46880531311035,61.56795883178711,71.72300720214844,20.422901153564453,33.02123260498047
TEST_09+7일,8.04904842376709,1.0,8.909140586853027,9.001124382019043,1.867053508758545,1.0,8.87175178527832,1.5652318000793457,2.1149721145629883,1.1953710317611694,1.0,1,2.252594232559204,5.842077255249023,30.893083572387695,3.9918813705444336,1.0,1.0,2.381767749786377,1.0,1.0,1.0,1.0,1.0,1.0,1.0,1.0,25.42874526977539,13.41495132446289,2.8641674518585205,2.693666696548462,8.206310272216797,2.80759859085083,2.4415271282196045,1.0,2.042316198348999,66.10813903808594,1.0,5.383627414703369,67.30352783203125,16.118310928344727,2.0925912857055664,3.1800520420074463,1.0,1,2.9657139778137207,1.0,4.079352855682373,1.0,3.0015788078308105,14.161338806152344,1,7.187292098999023,1.0,3.5848090648651123,1.0,6.3856987953186035,2.122140884399414,1.3994860649108887,1.0,7.70699405670166,5.911404132843018,14.9213285446167,18.23377227783203,7.271191120147705,1.515684962272644,1.0,1.3958250284194946,6.443598747253418,1.0,2.403752088546753,2.3767213821411133,1.0,1.0,1.957777738571167,1.9051077365875244,1.0,1.0,1.0,2.358271837234497,1.0,1.0577006340026855,1.0,1.0,1.674854040145874,2.680162191390991,1.0,1.0,1.0,3.1313858032226562,1.0,1.029167652130127,5.620802879333496,8.405016899108887,1,1.0,1.0,1.0,14.304969787597656,2.961390972137451,2.033353090286255,1.0,4.621779918670654,1.0,104.11365509033203,5.00393533706665,14.549543380737305,4.959988594055176,3.9533135890960693,1.0,1.815561294555664,1.5954498052597046,1.069573163986206,1.0409774780273438,1.0,1.0424327850341797,2.1393630504608154,2.40116286277771,2.053278923034668,1.5861445665359497,1.0,3.297342538833618,1,1.0,1,1.0,1,1,1.0,1.0,1.0,1,1.0,2.0607481002807617,1.0,2.5350570678710938,1.0,1.0,1.0,4.368473529815674,1.0,1.0,1.0,1.0,5.651261329650879,1.0,35.391300201416016,48.77566146850586,9.38573169708252,1.0,6.012348175048828,1.0,1.0,22.70880126953125,1.0,1.0,24.082672119140625,5.723766326904297,1.0,1.0,11.358285903930664,1.0,7.15148401260376,3.9537150859832764,7.013697624206543,1.0,1.0,11.33209228515625,1.0,1.0,1.0,9.695422172546387,3.0092689990997314,1.0,3.5413928031921387,9.51231861114502,1.0,1.2823611497879028,1.8664859533309937,5.3005242347717285,36.08088684082031,15.647518157958984,32.55735397338867,6.649411678314209,25.178003311157227,23.965070724487305,13.731098175048828,148.2249755859375,30.9468994140625,89.79835510253906,56.84412384033203,11.965142250061035,33.19475173950195
