영업일자,느티나무 셀프BBQ_1인 수저세트,느티나무 셀프BBQ_BBQ55(단체),"느티나무 셀프BBQ_대여료 30,000원","느티나무 셀프BBQ_대여료 60,000원","느티나무 셀프BBQ_대여료 90,000원","느티나무 셀프BBQ_본삼겹 (단품,실내)",느티나무 셀프BBQ_스프라이트 (단체),느티나무 셀프BBQ_신라면,느티나무 셀프BBQ_쌈야채세트,느티나무 셀프BBQ_쌈장,느티나무 셀프BBQ_육개장 사발면,느티나무 셀프BBQ_일회용 소주컵,느티나무 셀프BBQ_일회용 종이컵,느티나무 셀프BBQ_잔디그늘집 대여료 (12인석),느티나무 셀프BBQ_잔디그늘집 대여료 (6인석),느티나무 셀프BBQ_잔디그늘집 의자 추가,느티나무 셀프BBQ_참이슬 (단체),느티나무 셀프BBQ_친환경 접시 14cm,느티나무 셀프BBQ_친환경 접시 23cm,느티나무 셀프BBQ_카스 병(단체),느티나무 셀프BBQ_콜라 (단체),느티나무 셀프BBQ_햇반,느티나무 셀프BBQ_허브솔트,담하_(단체) 공깃밥,담하_(단체) 생목살 김치전골 2.0,담하_(단체) 은이버섯 갈비탕,담하_(단체) 한우 우거지 국밥,담하_(단체) 황태해장국 3/27까지,담하_(정식) 된장찌개,담하_(정식) 물냉면 ,담하_(정식) 비빔냉면,담하_(후식) 된장찌개,담하_(후식) 물냉면,담하_(후식) 비빔냉면,담하_갑오징어 비빔밥,담하_갱시기,담하_공깃밥,담하_꼬막 비빔밥,담하_느린마을 막걸리,담하_담하 한우 불고기,담하_담하 한우 불고기 정식,담하_더덕 한우 지짐,담하_들깨 양지탕,담하_라면사리,담하_룸 이용료,담하_메밀면 사리,담하_명인안동소주,담하_명태회 비빔냉면,담하_문막 복분자 칵테일,담하_봉평메밀 물냉면,담하_생목살 김치찌개,담하_스프라이트,담하_은이버섯 갈비탕,담하_제로콜라,담하_참이슬,담하_처음처럼,담하_카스,담하_콜라,담하_테라,담하_하동 매실 칵테일,담하_한우 떡갈비 정식,담하_한우 미역국 정식,담하_한우 우거지 국밥,담하_한우 차돌박이 된장찌개,담하_황태해장국,라그로타_AUS (200g),라그로타_G-Charge(3),라그로타_Gls.Sileni,라그로타_Gls.미션 서드,라그로타_Open Food,라그로타_그릴드 비프 샐러드,라그로타_까르보나라,라그로타_모둠 해산물 플래터,라그로타_미션 서드 카베르네 쉬라,라그로타_버섯 크림 리조또,라그로타_빵 추가 (1인),라그로타_스프라이트,라그로타_시저 샐러드 ,라그로타_아메리카노,라그로타_알리오 에 올리오 ,라그로타_양갈비 (4ps),라그로타_자몽리치에이드,라그로타_제로콜라,라그로타_카스,라그로타_콜라,라그로타_하이네켄(생),라그로타_한우 (200g),라그로타_해산물 토마토 리조또,라그로타_해산물 토마토 스튜 파스타,라그로타_해산물 토마토 스파게티,"미라시아_(단체)브런치주중 36,000",미라시아_(오븐) 하와이안 쉬림프 피자,미라시아_(화덕) 불고기 페퍼로니 반반피자,미라시아_BBQ Platter,미라시아_BBQ 고기추가,미라시아_공깃밥,미라시아_글라스와인 (레드),미라시아_레인보우칵테일(알코올),미라시아_미라시아 브런치 (패키지),미라시아_버드와이저(무제한),미라시아_보일링 랍스타 플래터,미라시아_보일링 랍스타 플래터(덜매운맛),미라시아_브런치 2인 패키지 ,미라시아_브런치 4인 패키지 ,미라시아_브런치(대인) 주말,미라시아_브런치(대인) 주중,미라시아_브런치(어린이),미라시아_쉬림프 투움바 파스타,미라시아_스텔라(무제한),미라시아_스프라이트,미라시아_애플망고 에이드,미라시아_얼그레이 하이볼,미라시아_오븐구이 윙과 킬바사소세지,미라시아_유자 하이볼,미라시아_잭 애플 토닉,미라시아_칠리 치즈 프라이,미라시아_코카콜라,미라시아_코카콜라(제로),미라시아_콥 샐러드,미라시아_파스타면 추가(150g),미라시아_핑크레몬에이드,연회장_Cass Beer,연회장_Conference L1,연회장_Conference L2,연회장_Conference L3,연회장_Conference M1,연회장_Conference M8,연회장_Conference M9,연회장_Convention Hall,연회장_Cookie Platter,연회장_Grand Ballroom,연회장_OPUS 2,연회장_Regular Coffee,연회장_골뱅이무침,연회장_공깃밥,연회장_돈목살 김치찌개 (밥포함),연회장_로제 치즈떡볶이,연회장_마라샹궈,연회장_매콤 무뼈닭발&계란찜,연회장_모둠 돈육구이(3인),연회장_삼겹살추가 (200g),연회장_야채추가,연회장_왕갈비치킨,연회장_주먹밥 (2ea),카페테리아_공깃밥(추가),카페테리아_구슬아이스크림,카페테리아_단체식 13000(신),카페테리아_단체식 18000(신),카페테리아_돼지고기 김치찌개,카페테리아_복숭아 아이스티,카페테리아_새우 볶음밥,카페테리아_새우튀김 우동,카페테리아_샷 추가,카페테리아_수제 등심 돈까스,카페테리아_아메리카노(HOT),카페테리아_아메리카노(ICE),카페테리아_약 고추장 돌솥비빔밥,카페테리아_어린이 돈까스,카페테리아_오픈푸드,카페테리아_진사골 설렁탕,카페테리아_짜장면,카페테리아_짜장밥,카페테리아_짬뽕,카페테리아_짬뽕밥,카페테리아_치즈돈까스,카페테리아_카페라떼(HOT),카페테리아_카페라떼(ICE),카페테리아_한상 삼겹구이 정식(2인) 소요시간 약 15~20분,포레스트릿_꼬치어묵,포레스트릿_떡볶이,포레스트릿_복숭아 아이스티,포레스트릿_생수,포레스트릿_스프라이트,포레스트릿_아메리카노(HOT),포레스트릿_아메리카노(ICE),포레스트릿_치즈 핫도그,포레스트릿_카페라떼(HOT),포레스트릿_카페라떼(ICE),포레스트릿_코카콜라,포레스트릿_페스츄리 소시지,화담숲주막_느린마을 막걸리,화담숲주막_단호박 식혜 ,화담숲주막_병천순대,화담숲주막_스프라이트,화담숲주막_참살이 막걸리,화담숲주막_찹쌀식혜,화담숲주막_콜라,화담숲주막_해물파전,화담숲카페_메밀미숫가루,화담숲카페_아메리카노 HOT,화담숲카페_아메리카노 ICE,화담숲카페_카페라떼 ICE,화담숲카페_현미뻥스크림
TEST_00+1일,3.8797898292541504,1.0,7.923104763031006,2.8203468322753906,1.0217061042785645,1.0,1.0,5.260501861572266,3.1958889961242676,1.0,2.326070785522461,1.3037079572677612,1.995111107826233,1.8313899040222168,16.74875259399414,1.0,3.858872652053833,1.6298699378967285,1.7655373811721802,1.0,1.5034213066101074,3.571401834487915,1.8716498613357544,1.0,7.766779899597168,9.056231498718262,1.0,13.048635482788086,5.077938556671143,4.710000991821289,3.47975754737854,6.359258651733398,2.007136344909668,1.400233268737793,5.732217311859131,3.3501055240631104,20.373886108398438,1.0,1.330599069595337,14.438149452209473,15.63447093963623,1.5204870700836182,8.484161376953125,1.7281742095947266,1.1069831848144531,2.4147613048553467,1.0,5.785616874694824,1.0,5.725766181945801,16.768451690673828,1.1775004863739014,2.168778896331787,1.9651143550872803,1.848320722579956,2.8681585788726807,2.8709657192230225,2.7484443187713623,1.5608946084976196,1.2235758304595947,14.871196746826172,14.829556465148926,14.95290756225586,9.093453407287598,11.350252151489258,1.2666836977005005,1.0,1.5398037433624268,4.588730335235596,1.0,3.1390793323516846,3.65754771232605,1.1187596321105957,1.0,3.5552937984466553,4.588232517242432,1.0,2.771371364593506,2.135650157928467,7.5164594650268555,2.825653553009033,1.1078715324401855,1.32421875,1.0,2.2991702556610107,2.1781694889068604,1.3384641408920288,1.7527124881744385,5.460751056671143,7.252778053283691,1.0,1.4949167966842651,3.4597270488739014,4.010353088378906,1.086655855178833,1.0,1.0,1.0,23.884199142456055,4.692038536071777,2.365833282470703,1.32551109790802,1.0,1,85.72869873046875,1.5275522470474243,17.500207901000977,3.736572504043579,5.30294942855835,1.3313552141189575,4.710236072540283,1.0,1.5398590564727783,1.7411383390426636,1.336225986480713,1.0,3.804973602294922,1.6676667928695679,1.0,1.9340766668319702,1.9684293270111084,1.8861017227172852,1.0,1.0,1.0,1.0,1.0,1.0,1.0,1.0,1.0,1.0,1.0,3.732039213180542,1.5937808752059937,1.7984274625778198,1.8663740158081055,1.0,1.6369606256484985,6.615076541900635,1.9917619228363037,1.0,3.05059552192688,1.9751532077789307,2.4359755516052246,1.0,30.920801162719727,1.0,2.0867667198181152,4.425844192504883,7.952182292938232,1.0,1.0,27.109079360961914,2.194979667663574,1.0,14.142892837524414,7.415259838104248,8.648004531860352,1.0,13.023767471313477,1.0,9.144204139709473,3.2111799716949463,12.003108024597168,1.9907286167144775,1.5086829662322998,6.126240253448486,90.17308044433594,233.6151123046875,1.0,86.45577239990234,1.0,40.96181869506836,17.108728408813477,66.6498031616211,1.0,6.725275039672852,1.0,1.0,22.902267456054688,38.66629409790039,37.396724700927734,26.682600021362305,24.133777618408203,44.62215042114258,53.86804962158203,33.5296516418457,34.868106842041016,41.11784744262695,52.2937126159668,9.901185035705566,16.307968139648438
TEST_00+2일,7.525687217712402,11.82651138305664,4.911929607391357,1.0,1.0,1.0,2.8223509788513184,3.132129192352295,2.7732536792755127,1.0,1.0,1.4624263048171997,1.7116475105285645,1.0,12.087532997131348,1.0,29.694414138793945,1.0,1.1516979932785034,31.57877540588379,11.415775299072266,2.99591064453125,1.0,1.0,19.963171005249023,31.74967384338379,1.0,1.0,3.1803243160247803,3.862727642059326,1.0,2.393054723739624,1.7244032621383667,1.2664484977722168,2.118359088897705,5.658813953399658,14.32867431640625,2.1493186950683594,1.274417519569397,16.979196548461914,14.22072982788086,1.8483500480651855,1.1369624137878418,1.0,2.1170268058776855,3.986816167831421,1.545738697052002,4.351772785186768,1.0,3.778705358505249,9.24741268157959,3.616028308868408,2.0856900215148926,1.0,1.0,2.3110175132751465,1.0,1.7757012844085693,1.0197272300720215,1.0,11.744309425354004,5.464005470275879,5.723227024078369,3.601457357406616,10.689064979553223,1.0,1.0459184646606445,1.0,3.5073459148406982,1.0,2.545111894607544,1.0,1.0,1.0,1.5383284091949463,2.5215399265289307,1.0,3.682115077972412,1.0,3.666152000427246,2.841601610183716,1.0,1.0,2.3286139965057373,1.0,2.117637872695923,1.5667475461959839,1.0,3.5985312461853027,3.629765033721924,18.668882369995117,1.2727746963500977,3.2483057975769043,4.434281826019287,1.0,1.0,1.0,1.0,10.469649314880371,12.041987419128418,1.3146320581436157,1.2332465648651123,4.186707973480225,1,39.95278549194336,41.21019744873047,26.448165893554688,3.599963665008545,3.859825611114502,2.0164899826049805,2.5428271293640137,1.5192577838897705,2.1555585861206055,2.140808582305908,1.2451286315917969,1.5504761934280396,2.301727533340454,1.7984813451766968,1.0,1.2992217540740967,2.4295666217803955,1.0,1.0,1.0,1.000648021697998,1.0,1.0,1.0,1.0,1.1568976640701294,1.0,1.0,1.0,1.0,1.0,1.0,1.0,1.0,1.0,1.472957730293274,1.0,1.0,2.1447107791900635,1.070056438446045,5.139873504638672,1.0,46.586463928222656,89.40113830566406,14.889695167541504,1.0,2.116657018661499,1.0,3.35783052444458,4.734705448150635,1.0,20.6748104095459,10.388068199157715,1.0,44.98878860473633,1.0,1.0,1.0,1.0,4.465068817138672,6.043037414550781,1.0,1.0,2.6849489212036133,1.0,94.32836151123047,43.6855354309082,1.0,1.0,3.715449571609497,2.553061008453369,36.17121887207031,1.0,7.907386779785156,10.042803764343262,1.0,4.942051410675049,26.277135848999023,27.80843734741211,34.800254821777344,24.048765182495117,10.886208534240723,45.670597076416016,1.0,35.15443420410156,19.95203399658203,1.0,9.450128555297852,7.192178249359131
TEST_00+3일,4.180506229400635,83.4657211303711,3.3834080696105957,1.0,1.0,1.0,5.279791831970215,5.5330119132995605,2.6343510150909424,1.0,1.0,1.0,1.0664139986038208,1.0,10.817291259765625,1.4183249473571777,3.962846279144287,1.0233820676803589,1.0,32.09592819213867,24.443201065063477,2.130958080291748,1.0,1.1136159896850586,34.57480239868164,30.887557983398438,1.0,54.68417739868164,1.9597841501235962,5.695215225219727,3.830469846725464,2.4758141040802,1.8132597208023071,1.0209147930145264,5.160606861114502,3.7434709072113037,10.42054271697998,9.014141082763672,1.1905314922332764,10.537903785705566,19.874364852905273,2.2077345848083496,4.333714962005615,1.0,2.2444775104522705,1.442491054534912,1.2837733030319214,3.9968035221099854,1.0,4.168889045715332,10.109200477600098,1.0,3.731297016143799,2.201417922973633,1.0931700468063354,1.1543586254119873,2.3017351627349854,2.4428505897521973,2.4082908630371094,1.0,5.023914337158203,10.487241744995117,4.725498676300049,7.760863304138184,3.611884117126465,2.2203989028930664,1.0,1.6537556648254395,2.346141815185547,5.338010311126709,2.4508674144744873,1.0,1.0,1.0,2.368792772293091,4.964853286743164,1.0,3.2901153564453125,1.0,3.4427621364593506,1.933388590812683,1.0,1.0581943988800049,1.0,1.6995480060577393,2.9182538986206055,1.299795150756836,1.2564949989318848,4.460679531097412,4.7412543296813965,55.36341094970703,1.139715552330017,1.923040747642517,2.9225125312805176,1.0,1.0,1.0,1.0,14.379911422729492,5.727547645568848,1.0,1.3140240907669067,8.641861915588379,1,1.3539493083953857,22.886707305908203,8.77778434753418,3.762321710586548,3.1205151081085205,1.6650599241256714,2.927156686782837,1.4120358228683472,1.3184574842453003,1.733893632888794,1.0,1.1217044591903687,1.8665486574172974,1.4675465822219849,1.0,1.0,1.5615073442459106,1.0,1.0,1.0,1.0,1.0,1.0,1.0,1.0,4.11677360534668,1.0,1.0,1.0,2.470259189605713,2.4926557540893555,1.0,1.0,1.0,1.0,2.626002788543701,1.0,1.0,1.0,1.3317753076553345,1.0,1.0,122.99359893798828,70.61579132080078,2.5900235176086426,1.0,2.6043198108673096,1.0,1.0,1.0,22.134517669677734,26.69898796081543,4.746979236602783,2.668599843978882,15.606064796447754,1.0,7.459521293640137,1.0,3.08778977394104,1.0,4.975526332855225,1.0,1.0,1.525493860244751,1.0,105.78834533691406,1.0,60.55952835083008,1.0,34.82061767578125,1.0,1.0,1.0,1.0,28.09962272644043,1.0,20.466127395629883,24.142545700073242,26.074804306030273,6.241654872894287,10.697875022888184,6.322663307189941,26.061843872070312,13.020751953125,18.167694091796875,9.076092720031738,12.494118690490723,12.847660064697266,34.24315643310547
TEST_00+4일,3.7249128818511963,60.72514343261719,3.7449769973754883,1.0,1.079501748085022,1.0,5.412146091461182,2.504563808441162,1.960785150527954,1.0377599000930786,1.0,1.0,1.398617148399353,1.4852640628814697,7.631789684295654,1.0,54.075653076171875,2.0936648845672607,1.1549773216247559,63.028587341308594,20.832305908203125,2.7935903072357178,1.5018612146377563,1.0,30.97651481628418,23.641019821166992,14.143876075744629,39.28797149658203,1.0,3.6631085872650146,1.1749316453933716,2.9997525215148926,1.8536101579666138,1.375125765800476,3.1764183044433594,2.5249645709991455,9.140738487243652,2.0595219135284424,1.3549747467041016,9.010085105895996,2.028975009918213,2.037360429763794,1.4387481212615967,1.3913847208023071,1.0,1.616368293762207,1.0,1.9154634475708008,1.0396367311477661,4.799676895141602,8.041569709777832,1.0,1.0,1.2708277702331543,1.146921157836914,1.0,1.0341417789459229,1.0,1.2929794788360596,1.0,5.155662536621094,8.5795259475708,9.67794418334961,5.235249042510986,1.939867615699768,1.2318073511123657,1.0,1.8435648679733276,2.900730848312378,1.0,3.199396848678589,1.0,1.0,1.0,1.5532808303833008,6.103640079498291,1.0,3.319751739501953,1.0,3.5839977264404297,1.975409746170044,1.4888020753860474,1.9131122827529907,1.0,1.2926825284957886,1.2738218307495117,2.2100276947021484,2.247905969619751,4.572414398193359,4.870448112487793,40.720970153808594,1.2916327714920044,2.0763304233551025,3.193204164505005,1.0,1.0,1.0,1.091874599456787,11.048269271850586,4.89944314956665,1.74617600440979,1.3330682516098022,5.514687538146973,1,17.45050621032715,28.250974655151367,9.040523529052734,2.137915849685669,5.671650409698486,1.27780020236969,2.7509796619415283,1.0,1.0148937702178955,1.4070018529891968,1.1284890174865723,1.233190894126892,1.658846378326416,1.0,1.0,1.1775296926498413,2.1428439617156982,1.0,1.0989136695861816,1.0,1.0,1.0,1.0,1.0,1.0335601568222046,4.973323822021484,1.158672571182251,1.0,1.6568819284439087,1.712215781211853,1.0,1.0,1.0,1.0,1.063725233078003,1.0,1.0,1.0,3.331461191177368,1.7728062868118286,1.0,1.0,51.7568244934082,59.286781311035156,3.2830517292022705,1.0,1.0,1.0,1.0,6.362216949462891,4.056587219238281,75.61332702636719,6.335183620452881,1.4769400358200073,1.0,1.0,2.444141149520874,1.0,1.0,2.8183021545410156,2.430176019668579,1.0,1.0,3.312751531600952,1.0,8.172718048095703,68.23444366455078,8.389702796936035,5.926199436187744,6.832968711853027,17.092771530151367,28.37071990966797,1.0,1.0,1.0,10.811107635498047,7.697298049926758,33.17349624633789,5.3061957359313965,19.58995246887207,16.531524658203125,11.247669219970703,46.69940948486328,1.0,10.512048721313477,45.15205764770508,13.694891929626465,8.445045471191406,17.710275650024414
TEST_00+5일,8.959087371826172,26.43035888671875,3.2559845447540283,1.1740036010742188,1.0,1.0,19.314321517944336,2.4903509616851807,1.4875329732894897,1.0,1.0,1.2010226249694824,1.1981137990951538,3.1078085899353027,11.707134246826172,2.337831735610962,56.31515884399414,1.0,1.525567889213562,79.58738708496094,24.343706130981445,4.468495845794678,1.0,1.0,40.85116195678711,24.766727447509766,14.511234283447266,54.59904098510742,6.284801006317139,4.391704082489014,1.0,2.986949920654297,1.3578332662582397,1.4747225046157837,1.8722199201583862,1.0,12.537145614624023,9.123279571533203,2.039246082305908,13.937003135681152,7.463650703430176,2.05851411819458,3.2357590198516846,3.678107738494873,2.6906864643096924,2.1487674713134766,1.0,4.297398090362549,1.0,2.9038748741149902,11.491150856018066,1.8805683851242065,4.1010661125183105,1.9056068658828735,1.0265583992004395,2.103919506072998,1.3336080312728882,1.2195600271224976,1.9564322233200073,1.001881718635559,3.1535868644714355,2.1651558876037598,3.1274147033691406,9.01605224609375,5.468034744262695,3.857252597808838,2.3482911586761475,1.753264307975769,2.644826889038086,7.580971717834473,2.0979936122894287,1.0,1.0461583137512207,1.0,2.334641456604004,6.101718425750732,1.0,2.9272656440734863,1.0,4.713435649871826,2.675952672958374,1.6576319932937622,1.7835862636566162,1.150307536125183,2.559459686279297,2.638434410095215,1.3877322673797607,1.0938551425933838,3.474806308746338,4.784955978393555,63.76301574707031,1.4239943027496338,1.7843939065933228,4.103404998779297,1.0,1.0,1.1611372232437134,1.0,12.806007385253906,3.760713815689087,1.5159889459609985,1.0,13.594497680664062,1,1.0,29.959468841552734,12.386122703552246,2.9572181701660156,3.995683193206787,1.314906358718872,2.543473243713379,1.1246119737625122,1.7255139350891113,1.0,1.8194060325622559,1.0853415727615356,4.410913467407227,2.4649336338043213,1.0,1.0,1.840972661972046,1.0,1.0473508834838867,1.0,1.0342204570770264,1.0,1.2937208414077759,1.0,1.0,7.473150253295898,1.2605571746826172,1.0045673847198486,6.039412498474121,3.3688313961029053,1.932494044303894,1.0,1.0,1.0,1.0,1.7845466136932373,1.2172729969024658,1.0,1.5406206846237183,1.0,4.347403049468994,1.0,67.20081329345703,86.29872131347656,5.448943614959717,19.174591064453125,1.3170095682144165,2.836764097213745,1.0,1.0,5.247381210327148,9.907281875610352,9.247906684875488,1.7006020545959473,1.0,7.11163854598999,3.231902837753296,2.1669466495513916,3.017585277557373,2.0286643505096436,1.7368946075439453,20.272430419921875,1.0,2.503769636154175,1.0,79.5400619506836,1.0,1.0,25.452144622802734,9.396563529968262,10.995633125305176,32.689064025878906,3.5468058586120605,3.018226385116577,6.547497749328613,7.568383693695068,10.865220069885254,6.549592971801758,29.958627700805664,32.120914459228516,5.245980739593506,12.196417808532715,17.003751754760742,1.0,12.022672653198242,27.735475540161133,70.08045959472656,11.670781135559082,9.522449493408203
TEST_00+6일,7.452881813049316,47.48994445800781,6.672392845153809,2.445829153060913,1.0,2.0840933322906494,3.4256932735443115,4.885560035705566,3.1108834743499756,1.3263787031173706,3.348268747329712,1.1664237976074219,1.9177534580230713,1.0,27.44746208190918,2.7133753299713135,46.26746368408203,1.9844179153442383,1.8098481893539429,28.434606552124023,21.186071395874023,3.6069793701171875,1.1420875787734985,1.0,29.64033317565918,7.260197162628174,13.590836524963379,103.61388397216797,5.634057998657227,4.741515159606934,1.960976243019104,5.8468122482299805,3.2491812705993652,2.260842800140381,5.718227386474609,5.509711742401123,33.32657241821289,3.476853847503662,1.8126729726791382,29.61144256591797,13.534685134887695,1.7744220495224,5.2525715827941895,3.236025810241699,1.6640256643295288,3.0635719299316406,1.6323691606521606,3.939135789871216,1.0,5.299641132354736,14.596723556518555,1.0,5.396973609924316,1.3129477500915527,2.1599583625793457,1.5911526679992676,1.85175359249115,2.2513723373413086,2.9328503608703613,1.4141255617141724,8.697646141052246,5.9918131828308105,12.298406600952148,8.326874732971191,8.285503387451172,3.303766965866089,1.2772388458251953,1.354583740234375,5.564863204956055,1.8137459754943848,2.6321935653686523,1.4493331909179688,1.0286128520965576,1.0,3.3781681060791016,6.281357765197754,1.0,4.764955997467041,2.0693345069885254,4.749401092529297,2.500608205795288,1.9759771823883057,2.2166755199432373,1.800347924232483,1.6611073017120361,2.666534662246704,1.8650996685028076,1.9934356212615967,3.251767873764038,5.737250804901123,69.15950012207031,1.127695918083191,2.771090269088745,9.409151077270508,1.0,1.0,1.0,1.0,38.023799896240234,6.396374225616455,2.3796157836914062,1.0174270868301392,10.030320167541504,1,1.0,38.14515686035156,2.8534793853759766,4.773153781890869,4.567060470581055,2.667053461074829,5.487396240234375,1.816636085510254,1.6055877208709717,1.1480045318603516,1.5629433393478394,1.6578773260116577,2.6202404499053955,1.6382920742034912,1.0,2.3005363941192627,2.29972243309021,1.9504671096801758,1.0277810096740723,1.120882272720337,1.1014925241470337,1.1716514825820923,1.0,1.0,1.0,8.014211654663086,1.1798105239868164,1.0,1.0,4.568352699279785,1.5679237842559814,1.7482413053512573,2.9497299194335938,1.0,1.750738501548767,7.85306453704834,2.1210477352142334,1.060043215751648,3.178757429122925,2.1706974506378174,3.9345173835754395,1.0,121.53728485107422,66.90930938720703,8.76391315460205,18.306806564331055,4.451883792877197,1.0,1.0,6.277758598327637,23.122760772705078,1.2716681957244873,11.139492988586426,4.953912258148193,34.20220947265625,1.0,5.340913772583008,1.729220986366272,5.891096115112305,4.419195652008057,3.3614556789398193,1.0,1.1979738473892212,7.51908540725708,1.0,1.0,1.0,1.0,9.628774642944336,1.0,3.947056293487549,145.79188537597656,1.0,4.839748859405518,5.499423503875732,9.021329879760742,21.66323471069336,33.32087326049805,22.004215240478516,6.535546779632568,4.082424640655518,6.964535236358643,18.800846099853516,45.39693832397461,3.1104331016540527,24.588064193725586,42.30529022216797,18.61469268798828,27.83070945739746
TEST_00+7일,9.84246826171875,7.886596202850342,9.72214126586914,6.485114574432373,1.2806332111358643,1.0,1.0,5.538431167602539,3.673938274383545,1.1785651445388794,3.308061122894287,1.650368094444275,2.2651193141937256,5.361796855926514,35.19963836669922,2.65421199798584,2.661512851715088,2.119513750076294,3.0392935276031494,1.0,1.0,5.3247246742248535,1.0,1.0,1.0,1.0,1.0,52.89255142211914,5.669458866119385,4.476519584655762,6.650518417358398,7.181053638458252,2.7923471927642822,2.7474730014801025,5.249776840209961,8.95895004272461,47.96455001831055,3.9967730045318604,3.052682399749756,53.23113250732422,12.883686065673828,2.832817316055298,5.523885726928711,1.0,1.5499826669692993,2.0595507621765137,1.0429238080978394,5.667529582977295,1.0,3.8865458965301514,23.02284812927246,3.245033025741577,5.252470970153809,1.7884963750839233,4.2153425216674805,1.1198382377624512,3.310797691345215,1.8447542190551758,2.574819326400757,2.1183207035064697,18.68617820739746,9.983161926269531,14.697684288024902,13.777447700500488,16.355806350708008,2.144804000854492,2.580972194671631,2.951185941696167,5.187893867492676,1.0,3.8754162788391113,1.7892574071884155,1.2019459009170532,1.0,7.054330825805664,8.489644050598145,1.0724369287490845,2.4529383182525635,1.7087054252624512,5.9763031005859375,2.454103946685791,1.6039319038391113,2.0725643634796143,2.239129066467285,1.0,5.0455546379089355,2.229452133178711,4.480195999145508,4.474893093109131,9.650623321533203,12.646601676940918,1.5672295093536377,5.453160285949707,15.2794828414917,3.605470657348633,1.0,1.6871376037597656,1.0,9.166074752807617,12.196593284606934,2.2369017601013184,1.0,10.416569709777832,1,74.93751525878906,1.0,7.951061248779297,7.823864936828613,6.799831867218018,2.9788851737976074,5.43276834487915,2.8857650756835938,2.6248161792755127,2.123163938522339,1.4220951795578003,1.5945781469345093,4.31706428527832,2.7262203693389893,1.0,1.4808909893035889,2.6262013912200928,1.0,1.0,1.0,1.0,1.0,1.0,1.0,1.0,1.0,1.0,1.0,1.0,5.31114387512207,4.646610260009766,4.386824607849121,3.063671827316284,1.0,2.5068042278289795,11.567597389221191,3.0200600624084473,1.0,5.455204963684082,2.055910348892212,9.275179862976074,18.163820266723633,65.12629699707031,1.0,8.272195816040039,14.414712905883789,6.226559638977051,1.0,1.0,18.751073837280273,1.1097434759140015,1.0,16.406923294067383,10.302727699279785,1.0,4.0623273849487305,9.920943260192871,1.8641444444656372,5.404297351837158,2.9127695560455322,12.527091026306152,1.0,1.0,9.230230331420898,3.094771385192871,193.48333740234375,56.73215866088867,34.59187698364258,9.514710426330566,21.779281616210938,20.260526657104492,110.2879867553711,1.0,1.0,1.0,31.16506576538086,20.764177322387695,53.44586181640625,39.937339782714844,23.199748992919922,22.06244468688965,36.883636474609375,18.408246994018555,76.44087982177734,27.176483154296875,31.161314010620117,65.9742202758789,19.98387908935547,34.251495361328125
TEST_01+1일,6.556231498718262,1.0,8.843378067016602,3.0434765815734863,1.188462734222412,2.4705798625946045,1.0,5.41824197769165,4.350133895874023,1.0159730911254883,1.7233715057373047,1.3974313735961914,2.3529112339019775,2.353060245513916,21.899499893188477,1.0,6.106654167175293,1.5444371700286865,1.8246420621871948,1.0,1.0,4.0587029457092285,2.875648021697998,1.0,25.598936080932617,1.0,1.0,11.190841674804688,5.454680919647217,5.085907936096191,4.578566551208496,3.905414581298828,2.6216282844543457,1.6183255910873413,4.6196441650390625,4.974569797515869,38.685855865478516,1.0,1.5758860111236572,20.933948516845703,24.546010971069336,1.6568883657455444,8.24069595336914,1.0,1.0,4.245388507843018,1.0,5.609997272491455,1.2253856658935547,5.190227508544922,16.833559036254883,2.611253261566162,3.6961240768432617,1.8284732103347778,1.876762866973877,2.645284414291382,1.5902314186096191,2.7117629051208496,1.3345266580581665,1.9008909463882446,12.522472381591797,15.975419044494629,13.770833969116211,8.151834487915039,11.770665168762207,1.5804779529571533,1.0,1.6075304746627808,4.780479907989502,1.3045132160186768,3.555553436279297,4.960260391235352,1.0,1.0,6.028697490692139,4.658197402954102,1.44406259059906,1.5515384674072266,2.3584787845611572,7.783051013946533,2.15335750579834,1.1381018161773682,1.4286315441131592,2.4273791313171387,2.016629219055176,3.8897318840026855,1.3274247646331787,2.353578805923462,2.1770517826080322,6.804268836975098,1.0,2.546532392501831,3.4224154949188232,11.117456436157227,1.0883971452713013,1.0,1.0,1.1315088272094727,37.11738967895508,8.966999053955078,2.7256431579589844,1.1514506340026855,1.0,1,80.83942413330078,3.805544376373291,23.526395797729492,5.225221633911133,5.379206657409668,1.445660948753357,4.7724480628967285,1.3354531526565552,2.9344375133514404,1.7647285461425781,1.5635240077972412,1.088085651397705,4.102292537689209,2.6585707664489746,3.0947468280792236,1.96994948387146,2.020418643951416,3.5116024017333984,1.0,1.0,1.0,1.0,1.0,1.0,1.0,1.0,1.0,1.0,1.0,5.460433483123779,1.0,4.8218817710876465,2.3663687705993652,1.0,2.044398307800293,8.483662605285645,2.073809862136841,1.0,4.299708366394043,1.3205265998840332,6.871727466583252,2.4320356845855713,13.001262664794922,1.0,11.205571174621582,1.0,12.957243919372559,1.0,1.0,34.365631103515625,1.0,1.0,20.2677001953125,7.853818893432617,1.0,13.115623474121094,18.250778198242188,1.6458740234375,9.265865325927734,4.320727825164795,9.615645408630371,1.195816159248352,3.7927606105804443,11.965655326843262,1.0,134.35415649414062,1.0,64.62017059326172,1.0,45.23727798461914,25.71531867980957,49.045040130615234,12.439942359924316,6.8104777336120605,13.569976806640625,12.42513370513916,18.91531753540039,44.9202766418457,37.67144012451172,23.796302795410156,22.18881607055664,46.46643829345703,78.79166412353516,66.87953186035156,37.914634704589844,54.89203643798828,69.44353485107422,5.116742134094238,38.161102294921875
TEST_01+2일,7.616811275482178,1.0,6.302690505981445,1.0,1.0,1.0,3.842055320739746,3.5084381103515625,3.388556718826294,1.0,1.4916768074035645,1.5679070949554443,1.9095808267593384,1.6160900592803955,18.151304244995117,2.006981372833252,35.73482131958008,1.0,1.5367953777313232,20.583251953125,3.0885567665100098,2.9912517070770264,1.697676420211792,1.0,27.69464683532715,28.459918975830078,1.0,1.0,5.694934844970703,4.250401496887207,2.398428440093994,1.43126380443573,2.2676444053649902,1.5435693264007568,1.0,6.982912540435791,24.107019424438477,1.0,1.2671923637390137,16.048234939575195,10.351892471313477,1.8491121530532837,1.4253575801849365,1.0,1.0,3.1524767875671387,1.6694027185440063,3.388719320297241,1.0,3.9269492626190186,9.928932189941406,2.6781859397888184,5.171111583709717,1.0,1.0,1.5484262704849243,1.0320250988006592,1.9422976970672607,1.2529815435409546,1.0607876777648926,8.20697021484375,6.301132678985596,7.7613301277160645,2.9510347843170166,8.63680362701416,1.0,1.490126609802246,1.0,3.502519369125366,1.0,2.503668785095215,1.1726312637329102,1.0,1.0,3.6669421195983887,2.1236894130706787,1.0,3.1259801387786865,1.0,3.6050708293914795,1.3253651857376099,1.0,1.0,3.0002481937408447,1.0,3.0915563106536865,1.3693360090255737,1.0,1.0,2.875318765640259,4.879090785980225,1.2587422132492065,3.7846949100494385,8.675209999084473,1.0,1.0,1.0,1.0,26.469322204589844,13.836968421936035,1.4017717838287354,1.3417720794677734,5.858850955963135,1,49.40485763549805,37.570919036865234,30.118741989135742,3.583226203918457,3.8192903995513916,2.2421607971191406,2.738384962081909,1.6858696937561035,2.2258310317993164,2.039530038833618,1.7826666831970215,1.4555758237838745,3.347010850906372,2.373922824859619,1.7341939210891724,1.1264054775238037,1.2607409954071045,1.5172187089920044,1.0,1.0,1.0431486368179321,1.0,1.0,1.0,1.0,2.984774112701416,1.0,1.0,1.0,1.4780921936035156,1.0,1.435136079788208,1.2872146368026733,1.0,1.0,2.8621952533721924,1.0,1.0,3.9773409366607666,1.0,8.336350440979004,1.0,41.846099853515625,36.8984375,16.631229400634766,1.0,5.590494632720947,1.9086534976959229,2.414544105529785,22.111270904541016,1.0,1.0,16.71333885192871,1.0,37.31226348876953,1.0,6.9642791748046875,1.0,1.0,4.835235118865967,6.002498149871826,1.0,3.235084295272827,6.750782012939453,1.0,30.993261337280273,53.13210678100586,1.0,1.0,15.922710418701172,24.610919952392578,69.16401672363281,7.199538230895996,6.703000545501709,20.32648468017578,1.0,7.8487443923950195,32.71597671508789,20.60615348815918,24.260488510131836,29.179370880126953,11.006814002990723,39.13272476196289,1.0,36.074947357177734,30.72930908203125,23.162338256835938,6.9314680099487305,16.180429458618164
TEST_01+3일,6.353721618652344,69.7774887084961,4.184787273406982,1.0,1.0,1.35874605178833,1.0,3.988739490509033,3.8031952381134033,1.0,1.7426186800003052,1.0301789045333862,1.1605674028396606,1.0,14.206148147583008,1.9143508672714233,1.0,1.1540082693099976,1.4080042839050293,17.99520492553711,14.571779251098633,2.3556041717529297,1.0,1.5697026252746582,44.51424789428711,25.022184371948242,1.0,47.69020080566406,4.956502437591553,4.4325785636901855,4.796236515045166,3.389434576034546,1.9304413795471191,1.1668879985809326,5.3138556480407715,5.509348392486572,15.105627059936523,3.2989554405212402,1.2872416973114014,14.68802261352539,20.284011840820312,2.3047120571136475,4.446356296539307,1.0,1.0,1.9335533380508423,1.376285195350647,3.275376319885254,1.0,3.831536054611206,7.394680976867676,1.1415750980377197,4.870713710784912,1.3282849788665771,1.4090408086776733,1.129819631576538,2.4417643547058105,3.164764642715454,2.010404586791992,1.0,4.273547172546387,11.0235595703125,8.282073020935059,6.558258533477783,4.4448676109313965,2.291095495223999,1.0,1.5153833627700806,2.780778169631958,3.5528855323791504,3.4181249141693115,1.5828139781951904,1.0,1.0,4.086144924163818,4.642481327056885,1.0,2.4394733905792236,1.0,3.3714518547058105,1.8623480796813965,1.4739038944244385,1.1202610731124878,2.023552179336548,1.5303884744644165,4.010982990264893,1.1438738107681274,2.0672004222869873,2.103893995285034,4.891846656799316,55.28065490722656,1.2616536617279053,3.300196647644043,5.939159393310547,1.0,1.0,1.0,1.0,18.196063995361328,4.871886730194092,1.3307613134384155,1.7006633281707764,8.436920166015625,1,1.0,16.592313766479492,13.042405128479004,5.00071907043457,3.283179521560669,1.7312785387039185,2.622091293334961,1.5597729682922363,2.0877797603607178,1.5927202701568604,1.0,1.0358308553695679,2.2766172885894775,2.2352237701416016,2.9787521362304688,1.0,1.0386183261871338,1.0,1.0,1.0,1.0,1.0,1.0,1.0,1.0,1.2004950046539307,1.0,1.0,1.0,3.5583560466766357,1.971823811531067,1.8672863245010376,1.0,1.4206900596618652,1.572801947593689,4.294277667999268,1.0,1.0,1.4350565671920776,1.0,3.877885580062866,1.4025919437408447,119.91012573242188,18.965471267700195,6.138622760772705,1.0,4.831058025360107,1.0,1.0,10.635884284973145,12.929774284362793,1.0,8.53158187866211,1.5016001462936401,4.40652322769165,1.9771174192428589,9.770881652832031,1.6610854864120483,6.57777738571167,1.0,9.167229652404785,1.0,1.0,8.019190788269043,1.0,26.353261947631836,1.0,52.85368347167969,1.0,39.33106231689453,3.2185444831848145,1.0,2.143705368041992,1.0,23.022693634033203,1.0,18.792343139648438,30.082311630249023,21.825786590576172,7.21512508392334,13.843277931213379,11.591301918029785,46.69105529785156,15.256927490234375,19.80838394165039,11.034208297729492,28.605392456054688,7.216727256774902,44.45242691040039
TEST_01+4일,7.285686016082764,53.555423736572266,3.9338979721069336,1.0,1.0894733667373657,1.6403141021728516,4.596001625061035,4.087241172790527,2.912102222442627,1.0656455755233765,1.0,1.0,1.700024127960205,1.1764808893203735,11.216178894042969,1.069352626800537,57.91971969604492,1.0,1.5009421110153198,45.579158782958984,19.55312728881836,2.5497055053710938,2.334221124649048,1.0,43.288604736328125,11.797616004943848,9.850812911987305,34.94117736816406,3.4637362957000732,3.293341636657715,1.9194415807724,2.4815659523010254,1.9994637966156006,1.1517837047576904,3.235490322113037,4.053142070770264,12.720078468322754,1.0,1.2535221576690674,15.577235221862793,16.22365379333496,2.0264925956726074,1.4264800548553467,1.4706255197525024,1.0,1.9440972805023193,1.0,3.4483752250671387,1.3014618158340454,4.736828327178955,8.925874710083008,1.0,1.077075481414795,1.5217342376708984,3.6013669967651367,1.0,1.3342479467391968,1.46963369846344,1.0,1.0,4.267402172088623,9.050277709960938,8.243011474609375,4.998480319976807,5.321062088012695,1.232144832611084,1.0,1.771832823753357,3.0805864334106445,1.0,3.680528402328491,1.3792603015899658,1.0,1.201865792274475,4.770057201385498,4.260684013366699,1.0782768726348877,3.121893882751465,1.0,3.203317403793335,1.2170096635818481,2.0442848205566406,1.8197317123413086,1.840925931930542,1.0580356121063232,1.2778997421264648,2.043095350265503,2.7917582988739014,1.2284659147262573,5.402002334594727,33.90769958496094,1.0,2.5021467208862305,5.7433762550354,1.0,1.0,1.0,1.0,19.598114013671875,5.7550764083862305,2.2714121341705322,1.3036205768585205,6.731842041015625,1,9.789572715759277,39.81296920776367,11.531716346740723,1.0,5.1494669914245605,1.0852071046829224,1.4014183282852173,1.0,1.392975926399231,1.0384268760681152,1.5207653045654297,1.3318337202072144,2.33544659614563,1.4006410837173462,2.2264065742492676,1.3273500204086304,1.813647985458374,1.0,1.0,1.0,1.0,1.0,1.0,1.0,1.0,5.093966484069824,1.0,1.0,4.444176197052002,1.0,1.3566633462905884,1.0,1.0,2.22124981880188,1.4526420831680298,1.1795682907104492,1.1674295663833618,1.0,3.3265271186828613,1.448028802871704,2.2839133739471436,3.6629865169525146,50.91938400268555,31.151216506958008,7.1327619552612305,1.0,1.8691948652267456,1.0,1.0,5.6593756675720215,1.0,1.0,9.741292953491211,1.6731945276260376,1.0,1.0,5.434565544128418,1.0,3.387071132659912,2.081796407699585,1.1265984773635864,1.0,1.0,6.827865123748779,1.0,44.43153762817383,93.36801147460938,42.925086975097656,1.0,11.583457946777344,21.944507598876953,1.0,2.622843027114868,1.0,6.580582618713379,18.036588668823242,9.149415969848633,36.905399322509766,8.091326713562012,7.622516632080078,10.886212348937988,7.491252899169922,49.80195236206055,1.0,13.500731468200684,51.186279296875,48.2683219909668,5.994206428527832,22.851165771484375
TEST_01+5일,11.17947006225586,41.911582946777344,2.4962034225463867,1.606736183166504,1.0,1.2588942050933838,24.54447364807129,2.9441399574279785,1.970549464225769,1.0,1.4011129140853882,1.1139631271362305,1.282214879989624,2.9331746101379395,14.7080659866333,3.0209767818450928,56.32040786743164,1.291237711906433,1.6551849842071533,66.32108306884766,19.227142333984375,4.235156059265137,1.1979888677597046,1.0,43.481624603271484,19.974136352539062,12.802484512329102,31.37040901184082,6.238492488861084,4.862941741943359,1.777517557144165,1.963693618774414,1.4407744407653809,1.336169958114624,1.0,1.5250153541564941,13.829644203186035,2.246314764022827,2.4679675102233887,12.85929012298584,12.931428909301758,1.7455782890319824,2.858729362487793,3.4133129119873047,1.0,1.0,1.0,3.0756006240844727,1.0,4.004578590393066,9.99985122680664,1.0,6.394559383392334,1.6208736896514893,2.999216079711914,2.102149486541748,1.3891993761062622,1.6893236637115479,1.9214324951171875,1.339423656463623,3.9416463375091553,1.9669426679611206,5.266404628753662,7.005222320556641,4.305558681488037,3.7252063751220703,1.456434965133667,1.7515227794647217,1.9824271202087402,7.382193088531494,2.80651593208313,1.8836712837219238,1.224003553390503,1.0,5.781125545501709,4.2336249351501465,1.0,2.522902011871338,1.0,4.641044616699219,2.0121538639068604,1.6437090635299683,1.8179051876068115,1.9260494709014893,2.059755325317383,2.506857395172119,1.9800922870635986,1.6898173093795776,1.451331615447998,4.763418674468994,54.072853088378906,1.0941070318222046,2.833752155303955,6.408229827880859,1.0,1.0,1.0,1.0,20.88141441345215,4.816204071044922,1.9166364669799805,1.3275314569473267,10.863282203674316,1,4.185787200927734,29.033676147460938,7.602538585662842,3.268015146255493,4.467519283294678,1.5766465663909912,3.574244260787964,1.0974299907684326,1.5268384218215942,1.0,1.633030891418457,1.5884532928466797,4.827499866485596,2.7170886993408203,3.467162609100342,1.168089509010315,1.7841116189956665,2.014441728591919,1.0,1.0,1.0719521045684814,1.0,1.1902122497558594,1.0,1.0326597690582275,6.1548004150390625,1.3366655111312866,1.0,6.832967281341553,2.8575596809387207,1.0,1.6396631002426147,1.0,1.0,1.0,4.277797698974609,1.9611783027648926,1.0,2.234572649002075,1.0181418657302856,4.877187728881836,1.0,65.11283111572266,102.32353973388672,7.537534236907959,1.4740586280822754,1.1401093006134033,15.108735084533691,1.0,3.8436264991760254,1.0,1.0,12.180676460266113,1.8313571214675903,1.0,1.0758733749389648,4.734058380126953,1.5950005054473877,1.5106180906295776,1.7675483226776123,5.12294340133667,19.948049545288086,1.0,7.326883792877197,1.0,55.22526168823242,1.0,1.0,23.766313552856445,6.419271469116211,1.0,33.48415756225586,17.13782501220703,4.842130661010742,1.0,24.704526901245117,1.0,10.234330177307129,15.118770599365234,20.134939193725586,16.99436378479004,17.174694061279297,13.556066513061523,1.0,14.130149841308594,37.341705322265625,83.4681396484375,7.282429218292236,19.34050941467285
TEST_01+6일,11.123848915100098,40.44633865356445,8.293471336364746,2.8495874404907227,1.0,2.013517141342163,7.364193916320801,6.169656276702881,3.6700387001037598,1.1397383213043213,3.5701141357421875,1.3913851976394653,2.1542036533355713,1.762244701385498,28.621681213378906,3.647416114807129,45.992916107177734,1.33152174949646,2.012484550476074,29.710220336914062,19.775251388549805,3.438152551651001,1.6271915435791016,1.0,36.46733474731445,14.018844604492188,17.11122703552246,99.75396728515625,5.341919422149658,4.26419734954834,2.3122169971466064,2.9226887226104736,3.5119636058807373,2.2357330322265625,8.411576271057129,6.624088287353516,30.196584701538086,1.0,1.6554546356201172,25.143964767456055,14.425758361816406,1.9620921611785889,4.564479827880859,2.6525936126708984,1.0574740171432495,3.441213846206665,1.6713204383850098,4.1725592613220215,1.0,5.118387222290039,9.533646583557129,2.2759053707122803,5.446463584899902,1.4066129922866821,2.474461078643799,1.904974102973938,2.7880468368530273,1.6316710710525513,2.667250633239746,1.464276909828186,6.772296905517578,6.06584358215332,16.496191024780273,7.367157459259033,6.648815631866455,3.1716063022613525,1.84901762008667,1.3807755708694458,4.681485652923584,2.743041753768921,2.788128614425659,1.1944938898086548,1.0,1.0,5.659427165985107,4.249662399291992,1.8617511987686157,4.707395553588867,1.9265401363372803,4.695629119873047,1.971881628036499,2.0852291584014893,1.9587684869766235,3.553400754928589,1.4251364469528198,2.490859270095825,1.6577341556549072,2.756211996078491,2.1092936992645264,6.370780944824219,55.253475189208984,1.4133073091506958,3.6781389713287354,10.152752876281738,1.0,1.0,1.0,1.2138826847076416,37.51022720336914,8.266606330871582,2.3990893363952637,1.4091967344284058,9.611303329467773,1,1.0,32.84027099609375,7.847685813903809,5.972321033477783,3.9152865409851074,1.5534533262252808,4.02727746963501,1.437268614768982,1.7550513744354248,1.3947374820709229,1.5023189783096313,1.7455579042434692,2.240333080291748,1.6115018129348755,2.989126682281494,2.204045534133911,2.101141929626465,1.5090655088424683,1.0,1.048810362815857,1.0451442003250122,1.1769697666168213,1.0,1.0,1.0,4.286570072174072,1.132563591003418,1.0,5.633172988891602,3.7069218158721924,1.9227827787399292,2.857805013656616,3.0599985122680664,1.5384422540664673,2.222202777862549,9.160050392150879,2.2606265544891357,1.0,3.2919187545776367,2.170970916748047,7.518758296966553,11.1459379196167,107.32784271240234,40.027976989746094,8.524654388427734,11.987927436828613,4.1822190284729,1.0,1.0,11.534276962280273,1.9357316493988037,1.0,14.618608474731445,3.779207468032837,33.30875015258789,1.5145097970962524,5.912430286407471,2.741821765899658,8.565505027770996,2.944091558456421,4.728842735290527,1.0,4.697951316833496,9.551551818847656,1.0,1.0,1.0,1.0,1.0,15.755989074707031,1.0,108.32899475097656,1.0,2.6746480464935303,1.0,2.2156598567962646,18.604198455810547,40.40182113647461,1.0,12.236960411071777,10.60671329498291,6.611025810241699,42.90664291381836,45.790283203125,1.4133052825927734,36.23557662963867,66.07768249511719,17.58492088317871,39.82343292236328
TEST_01+7일,14.61928939819336,1.0,11.00213623046875,6.558791637420654,1.3433890342712402,1.1693388223648071,1.0,7.784963607788086,4.797827243804932,1.0544825792312622,3.5016932487487793,1.5644145011901855,2.2188498973846436,5.220439910888672,34.106536865234375,2.767770290374756,1.0,1.2792272567749023,2.618279457092285,1.0,1.0,4.854050636291504,1.5137927532196045,1.0,26.514150619506836,2.2759509086608887,1.0,48.1492919921875,6.793771743774414,5.403487205505371,7.59461784362793,5.730830192565918,3.7481319904327393,2.311065673828125,5.302119731903076,10.47729206085205,51.92545700073242,1.0,3.280336856842041,47.20960235595703,17.84353256225586,2.7540271282196045,4.657532691955566,1.0,1.0,3.782825231552124,1.0778310298919678,3.787921905517578,1.0,4.234656810760498,15.451394081115723,1.453229546546936,6.12890625,1.857993245124817,5.305583477020264,1.4763861894607544,1.790610909461975,2.454789876937866,2.3752269744873047,2.1258292198181152,15.992378234863281,10.152015686035156,11.050806045532227,13.582058906555176,14.05665397644043,2.3390283584594727,2.6157994270324707,2.8188014030456543,4.481307506561279,1.0,4.33507776260376,4.5284647941589355,1.0938085317611694,1.0,9.843352317810059,6.9712324142456055,1.407023310661316,2.0612990856170654,1.7330296039581299,6.16182804107666,2.155428647994995,2.402346134185791,2.0805399417877197,3.6095049381256104,1.0,5.127047538757324,1.9866328239440918,4.378238201141357,1.4788548946380615,8.51622486114502,17.463573455810547,2.1730833053588867,5.2951250076293945,16.398508071899414,3.750755548477173,1.0,1.777305245399475,1.0,17.127302169799805,13.770709991455078,2.402193784713745,1.0199329853057861,11.694158554077148,1,75.63973236083984,5.260618209838867,16.251678466796875,7.4737629890441895,6.102862358093262,3.0314857959747314,6.08501672744751,2.7847750186920166,2.424970865249634,1.9209202527999878,1.6560685634613037,1.5518178939819336,4.91788387298584,2.590486764907837,4.078431129455566,1.704033374786377,2.134704113006592,1.9031286239624023,1.0,1.0,1.0,1.0,1.0,1.0,1.0,1.0,1.0,1.0,3.3560078144073486,4.420248031616211,4.530938148498535,5.5140252113342285,3.170182704925537,1.1165457963943481,2.6409029960632324,12.055997848510742,3.205864906311035,1.0,5.726666450500488,2.850043773651123,11.622902870178223,4.170042514801025,75.38567352294922,1.0,12.928191184997559,1.0,4.479074478149414,10.430977821350098,1.0,24.440942764282227,1.0,1.0,18.56308364868164,7.538442134857178,1.0,12.432073593139648,12.998090744018555,2.805579423904419,5.119919300079346,2.321312665939331,7.382277488708496,1.0,6.2800140380859375,12.234362602233887,1.0,161.4166259765625,65.39373016357422,41.7093391418457,1.0,31.92775535583496,26.891725540161133,81.76274871826172,4.731091022491455,2.3782763481140137,6.872742652893066,37.16653060913086,17.013145446777344,54.93485641479492,28.251502990722656,16.001108169555664,28.825056076049805,33.486995697021484,39.22248840332031,81.76664733886719,28.20664405822754,31.964122772216797,98.29254913330078,18.78879737854004,40.8772087097168
TEST_02+1일,7.898550987243652,1.0,6.367908000946045,2.7828826904296875,1.0,3.005763053894043,1.0,4.623636722564697,3.685251474380493,1.0,1.6908984184265137,1.3174810409545898,2.022798538208008,3.944257974624634,25.52652931213379,1.0,1.0,1.5910248756408691,1.9438601732254028,1.0,4.266422271728516,3.441746950149536,2.763883590698242,1.0,14.589277267456055,1.0,1.0,10.06293773651123,10.204828262329102,4.629330635070801,5.34946346282959,5.533757209777832,2.4062747955322266,1.0726829767227173,1.0,4.979562282562256,34.12664794921875,1.0,1.2133846282958984,4.974225997924805,27.826576232910156,1.335964322090149,8.197723388671875,1.122849941253662,1.0,2.7714898586273193,1.0,3.8694281578063965,1.0,4.655054092407227,9.835853576660156,1.461684226989746,6.149877548217773,1.6865055561065674,1.5490939617156982,2.47459077835083,2.0758540630340576,3.035611152648926,1.0889397859573364,1.2862650156021118,6.7290778160095215,13.676531791687012,13.123315811157227,9.176299095153809,11.529911041259766,2.0235397815704346,1.0,1.783304214477539,4.924222946166992,5.48519229888916,3.4314918518066406,7.100707054138184,1.2577481269836426,1.0,6.385270118713379,4.3840789794921875,1.2111704349517822,2.4505603313446045,1.1615649461746216,5.060784816741943,2.5650875568389893,1.0,1.5818212032318115,2.1932780742645264,2.221217155456543,2.1227917671203613,1.129426121711731,2.2821977138519287,1.4304325580596924,4.07235860824585,6.187647819519043,1.6833916902542114,3.0179333686828613,7.696015357971191,1.0,1.0,1.0,1.0,30.195035934448242,7.205171585083008,2.055711269378662,1.0,1.704078197479248,1,83.11908721923828,1.0,23.28118133544922,4.12645959854126,3.869765043258667,1.0,5.097500801086426,1.0869832038879395,2.102928400039673,1.5787452459335327,1.2870076894760132,1.0,3.0028679370880127,1.578171730041504,2.158906936645508,2.060232162475586,2.2968602180480957,1.565733551979065,1.0,1.0,1.0,1.0,1.0,1.0,1.0,1.0,1.0,1.0,1.0,3.292574644088745,1.7472000122070312,2.2423789501190186,1.8154454231262207,1.0,2.190328598022461,6.102938175201416,1.4967211484909058,1.0,3.3005428314208984,1.668812870979309,5.122939109802246,1.0,6.823500156402588,12.492301940917969,5.95041036605835,6.335114002227783,6.269094944000244,42.779029846191406,1.0,28.603132247924805,1.0,1.0,16.086854934692383,6.594839096069336,1.0,1.0,8.982953071594238,1.0,8.558297157287598,3.9975123405456543,8.165199279785156,1.0,1.0,9.078112602233887,62.428382873535156,172.51036071777344,1.0,64.82841491699219,1.0,32.095062255859375,45.547027587890625,23.0407657623291,17.640779495239258,8.926780700683594,1.0,1.0,71.9087142944336,39.625057220458984,46.4002799987793,37.110801696777344,38.30805969238281,34.91373062133789,51.17842102050781,119.18041229248047,45.18296813964844,67.48963165283203,56.73568344116211,8.704544067382812,26.488975524902344
TEST_02+2일,7.5574116706848145,7.327118396759033,3.822222948074341,1.0,1.0,1.0,1.642896294593811,2.6056272983551025,3.104252338409424,1.0,1.3483495712280273,1.4085273742675781,1.5821868181228638,1.211461067199707,8.08452320098877,1.2765573263168335,32.86367416381836,1.0,1.5360071659088135,31.91196060180664,9.581501960754395,2.7881054878234863,1.650168776512146,1.0,20.234375,33.0060920715332,1.0,1.0,8.19869327545166,2.9508230686187744,3.217839479446411,2.0163955688476562,2.2567765712738037,1.3123619556427002,1.0,6.862082004547119,28.969635009765625,1.0,1.027704119682312,10.181132316589355,15.473737716674805,1.6644682884216309,1.0,1.0,1.0,2.288461208343506,1.3239983320236206,1.7105951309204102,1.0,3.658966064453125,5.395942211151123,2.1367454528808594,7.066730976104736,1.0,1.0,1.9290639162063599,1.0,1.4944891929626465,1.3614777326583862,1.0,3.874633550643921,6.921212196350098,2.898862600326538,4.607097625732422,8.76844596862793,1.317529320716858,1.34320867061615,1.0,2.6813836097717285,4.145163536071777,2.49330472946167,2.5696802139282227,1.0,1.0,3.7720510959625244,1.0,1.0,2.458352565765381,1.0,1.8009929656982422,2.247580051422119,1.0,1.0,2.098646879196167,1.0,2.22820782661438,1.0,1.0,1.0,1.0,36.70831298828125,1.0859019756317139,3.144479990005493,5.175059795379639,1.0,1.0,1.0,1.0,14.044458389282227,8.42381763458252,1.0,1.0,5.602976322174072,1,51.3321418762207,65.79647064208984,26.699819564819336,2.449526071548462,2.606914520263672,1.0,3.0006911754608154,1.3973815441131592,1.4791938066482544,1.7565343379974365,1.1102155447006226,1.4834692478179932,1.9495518207550049,1.732448935508728,1.9784036874771118,1.1078143119812012,2.1039609909057617,2.6831440925598145,1.0,1.0,1.027633786201477,1.0,1.0,1.0,1.0,1.473083734512329,1.0,1.0,1.0,1.0,1.0,1.0,1.0,1.0,1.1746773719787598,1.0,1.0,1.0,3.0991218090057373,1.0,6.461501121520996,1.0,51.67727279663086,121.37779235839844,9.596988677978516,1.0,1.0,56.9987678527832,4.352642059326172,1.1663371324539185,1.0,1.0,13.855720520019531,1.0,42.845272064208984,3.3692235946655273,5.739522933959961,1.0,1.0,4.0283122062683105,1.8314024209976196,1.0,1.0,4.329436779022217,1.0,85.54923248291016,44.8775749206543,1.0,1.0,1.0,17.132680892944336,8.163005828857422,14.955108642578125,8.112504005432129,9.172441482543945,1.0,53.98091506958008,28.791337966918945,50.50410842895508,35.598079681396484,34.84034729003906,30.60719108581543,50.24352264404297,67.61671447753906,39.066680908203125,50.36359786987305,1.0,11.16673469543457,12.503557205200195
TEST_02+3일,7.9920334815979,67.01044464111328,1.0401391983032227,1.0461252927780151,1.0,1.0,1.0,3.284693956375122,2.8643460273742676,1.0,1.8899401426315308,1.0,1.0222991704940796,1.0,10.97004508972168,1.534684419631958,14.301158905029297,1.0036908388137817,1.3811650276184082,32.97777557373047,21.905553817749023,1.7970494031906128,1.0,1.0001420974731445,44.362728118896484,21.736427307128906,1.0,50.88937759399414,8.45716381072998,4.5905303955078125,4.8896260261535645,2.9723243713378906,2.201768159866333,1.1400970220565796,1.0,4.007401943206787,23.719837188720703,3.5880167484283447,1.0,15.131352424621582,17.774789810180664,1.7802202701568604,3.970323324203491,1.05946946144104,1.1532413959503174,1.1460824012756348,1.395119071006775,3.1097683906555176,1.0,3.4126522541046143,7.030776500701904,1.0,4.2624897956848145,1.0,1.0927269458770752,1.0,2.4254825115203857,1.6850075721740723,1.3041857481002808,1.0,3.268298387527466,11.05686092376709,6.245480060577393,5.587252140045166,3.0888144969940186,2.556553363800049,1.0,1.7436293363571167,2.369776487350464,6.286622047424316,2.502119302749634,5.245908260345459,1.0,1.0,4.733397483825684,5.4901347160339355,1.0,3.1018829345703125,1.0,1.9966832399368286,1.7158063650131226,1.0264843702316284,1.0465363264083862,1.6043998003005981,1.0,2.9487788677215576,1.0,2.0206761360168457,1.4249706268310547,1.8836318254470825,74.28565216064453,1.1141437292099,2.6075384616851807,3.536750078201294,1.0,1.0,1.0,1.0,15.979273796081543,7.276831150054932,1.0,1.5091861486434937,8.956323623657227,1,1.0,35.54133224487305,14.914397239685059,3.712284564971924,2.5821595191955566,1.0,2.8987607955932617,1.4970782995224,2.3699591159820557,1.2045080661773682,1.0,1.0,1.4601993560791016,1.4842027425765991,2.1942543983459473,1.3245739936828613,2.54461932182312,6.980691909790039,1.032851219177246,1.0,1.0,1.0,1.0,1.0,1.0,2.285599946975708,1.0,1.0,2.1838223934173584,1.434099555015564,2.5268993377685547,1.0,1.081581950187683,1.799763560295105,1.508198857307434,1.0,1.0,1.0,1.374961256980896,1.2670952081680298,4.069298267364502,1.0737286806106567,116.36772155761719,94.08238220214844,3.977444648742676,1.0,3.07185697555542,42.318878173828125,1.0,7.532225608825684,11.988174438476562,12.330750465393066,12.29384708404541,1.6812227964401245,1.0,1.0,8.32896614074707,1.0,4.252184867858887,1.8779700994491577,7.052941799163818,1.0,1.0,5.449424743652344,1.0,53.661415100097656,1.0,38.7276611328125,1.0,11.1119966506958,12.972050666809082,1.0,7.4116716384887695,4.522971153259277,27.700960159301758,1.0,51.86934280395508,28.442907333374023,34.841312408447266,13.596166610717773,31.28549575805664,30.605335235595703,21.67859649658203,39.07353973388672,41.33402633666992,23.084941864013672,13.111167907714844,13.440851211547852,23.451663970947266
TEST_02+4일,9.058661460876465,57.08951187133789,1.9729918241500854,1.0,1.0,1.3729541301727295,6.98660945892334,3.363987922668457,2.659630537033081,1.174130916595459,1.0,1.0,1.3429144620895386,1.7308123111724854,5.519408702850342,1.0,54.771854400634766,1.426561713218689,1.4709261655807495,62.41847229003906,24.198102951049805,2.2273383140563965,2.3086097240448,1.0,38.58538818359375,10.09349536895752,8.529576301574707,36.52771759033203,7.770459175109863,3.1125943660736084,2.6587328910827637,3.3288092613220215,2.1239407062530518,1.1544381380081177,1.0,2.2171881198883057,18.259536743164062,1.0,1.0635020732879639,10.470152854919434,7.428983211517334,1.9986214637756348,1.252606987953186,1.2561802864074707,1.0,1.3074878454208374,1.0,2.6106457710266113,1.0,4.177473068237305,5.799134731292725,1.0,2.3891115188598633,1.5329087972640991,2.088010311126709,1.0,1.2588444948196411,1.0,1.0,1.0,3.208169460296631,7.848056316375732,1.4836305379867554,7.009450912475586,5.729830741882324,1.654931664466858,1.0,1.8546202182769775,2.513064384460449,1.0,3.310077667236328,5.253189563751221,1.0,1.0697935819625854,5.093380451202393,4.228417873382568,1.1087446212768555,2.811192035675049,1.0,2.565524101257324,1.5797991752624512,1.2849196195602417,1.4679696559906006,1.5582729578018188,1.0,1.4263074398040771,2.4223122596740723,2.8356480598449707,1.0,2.6259965896606445,39.465606689453125,1.014803409576416,2.4967904090881348,3.8194494247436523,1.0,1.0,1.0,1.072137713432312,10.361616134643555,7.685459136962891,2.0686450004577637,1.4880212545394897,3.412992477416992,1,25.520288467407227,55.31514358520508,12.138787269592285,1.7389276027679443,3.225216865539551,1.1101089715957642,2.3210113048553467,1.0,2.0559728145599365,1.0,1.0633867979049683,1.340421438217163,1.0276145935058594,1.1649343967437744,1.2324349880218506,1.7170993089675903,1.928274154663086,1.0,1.0,1.0,1.0,1.0,1.0,1.0,1.0,3.8988709449768066,1.0,1.0,3.9205338954925537,1.0,1.2685000896453857,1.0,1.3072376251220703,2.0241591930389404,1.8334559202194214,1.0,1.0,1.0,3.1183621883392334,1.73081374168396,2.9749338626861572,1.0,50.118255615234375,94.75496673583984,6.483598232269287,1.0,2.775167226791382,35.803428649902344,1.0,6.266063213348389,1.0,52.87165451049805,14.491071701049805,1.2047970294952393,2.408968687057495,1.0,4.887080192565918,1.0,1.1647940874099731,2.266953945159912,1.0,1.0,1.0,3.7680394649505615,55.22635269165039,40.66950225830078,96.1496810913086,51.858089447021484,1.0,2.910358428955078,14.507085800170898,1.0,9.04434585571289,2.6699585914611816,1.0,34.99137878417969,59.876373291015625,34.26234436035156,36.95262908935547,26.402868270874023,49.439273834228516,19.062685012817383,39.242706298828125,33.518802642822266,26.748489379882812,54.39453125,15.652684211730957,12.507312774658203,17.623004913330078
TEST_02+5일,12.150190353393555,58.7342414855957,1.0,1.7801448106765747,1.0,1.6869877576828003,16.297847747802734,3.1784615516662598,1.8973662853240967,1.080661416053772,1.0,1.0851869583129883,1.084118127822876,4.048623561859131,13.865506172180176,2.68015193939209,66.2686538696289,1.0,1.918905258178711,58.07533264160156,22.512920379638672,4.411741256713867,1.5046430826187134,1.0,40.8911018371582,23.032442092895508,13.024060249328613,43.5703010559082,9.973283767700195,5.067965507507324,4.14495849609375,2.982903003692627,1.45661199092865,1.0890878438949585,1.0,1.6978060007095337,25.32554054260254,3.1525394916534424,3.1475048065185547,9.36793327331543,19.236125946044922,1.7264750003814697,3.3835458755493164,2.901954174041748,1.3137080669403076,1.0,1.0,2.4812135696411133,1.0,3.567295789718628,6.801479339599609,1.3401740789413452,7.021941184997559,1.0,1.972579002380371,1.9455316066741943,1.407973289489746,1.6704038381576538,2.064540147781372,1.3274582624435425,6.5201005935668945,2.9206721782684326,2.063840627670288,8.153181076049805,3.6672372817993164,4.223648548126221,2.0125186443328857,1.6679702997207642,2.3432512283325195,8.184209823608398,2.5971033573150635,4.428650379180908,1.1080650091171265,1.0,6.077576637268066,3.9657185077667236,1.0,2.7035388946533203,1.0,3.6025867462158203,2.378791093826294,1.5583970546722412,1.5140024423599243,1.5764204263687134,1.0,2.682734966278076,1.5843969583511353,2.12495493888855,1.0,2.8615214824676514,92.22098541259766,1.1064505577087402,3.28787899017334,2.588568687438965,1.0,1.0,1.0,1.0,17.931774139404297,4.753626346588135,1.8670092821121216,1.4017579555511475,8.343493461608887,1,13.533527374267578,82.60359954833984,10.364567756652832,2.812000036239624,4.706064224243164,1.3011975288391113,3.088390350341797,1.2633780241012573,1.0,1.0,1.96894109249115,1.4788726568222046,4.178070545196533,2.2621381282806396,2.700180768966675,1.265317678451538,2.1825809478759766,2.7404255867004395,1.0,1.0316988229751587,1.0,1.0,1.119340419769287,1.0,1.0112600326538086,6.23916482925415,1.1943525075912476,1.029022455215454,3.1293447017669678,3.078122615814209,3.8582520484924316,1.0,1.0,1.344054102897644,1.455051302909851,1.0,1.7348281145095825,1.0,2.4476277828216553,1.6012521982192993,6.4708170890808105,1.0,67.35757446289062,134.88299560546875,8.542608261108398,17.118816375732422,4.215652942657471,62.53775405883789,1.0,2.898012161254883,1.0097984075546265,1.0,19.673450469970703,2.173370838165283,1.0,3.641188621520996,6.560385227203369,1.0,3.9296162128448486,1.0858861207962036,5.030075550079346,19.79567527770996,1.0,4.022186756134033,188.1796875,84.7209243774414,1.0,1.0,6.464680194854736,1.0,15.538135528564453,91.47852325439453,19.668689727783203,4.076216220855713,1.0,14.951469421386719,40.06502914428711,11.127158164978027,25.655803680419922,26.73908805847168,63.54731750488281,21.62752342224121,9.42083740234375,46.59335708618164,33.887908935546875,44.33241653442383,72.00971984863281,17.241167068481445,36.04787826538086
TEST_02+6일,11.622162818908691,37.07939529418945,6.761215686798096,2.8692140579223633,1.0717910528182983,2.2593517303466797,5.619217872619629,6.717487335205078,3.5535056591033936,1.160974144935608,2.9137229919433594,1.0851243734359741,1.8193742036819458,2.1522905826568604,29.10024642944336,2.9773664474487305,54.67526626586914,1.4997283220291138,2.023125171661377,24.561349868774414,18.927593231201172,3.3536486625671387,1.9527525901794434,1.0,27.322511672973633,22.316373825073242,18.80569076538086,105.0228500366211,12.000224113464355,5.055951118469238,3.6403074264526367,6.18400239944458,4.619483947753906,1.6664918661117554,1.365198016166687,5.350770473480225,51.826602935791016,1.0,1.788758397102356,32.697364807128906,13.850761413574219,1.8394160270690918,5.2404656410217285,1.6971888542175293,1.1741851568222046,3.426618814468384,1.7223366498947144,3.82218861579895,1.0,5.0086588859558105,13.686493873596191,2.054312229156494,5.370909214019775,1.201135516166687,2.595996379852295,1.3931297063827515,1.923121690750122,2.341775894165039,2.6647114753723145,1.6540427207946777,5.24791145324707,8.112936019897461,6.635901927947998,12.817686080932617,7.23711633682251,3.7245450019836426,2.0674259662628174,1.3685723543167114,4.534078598022461,4.55233097076416,2.8364388942718506,1.0,1.0008574724197388,1.220207929611206,5.293339252471924,5.026334762573242,1.3405598402023315,4.429126739501953,1.8410334587097168,3.6616666316986084,2.6798155307769775,1.8676257133483887,2.414931297302246,3.2345283031463623,1.0395352840423584,2.9435532093048096,1.6561777591705322,2.7349965572357178,2.239198684692383,5.291325092315674,74.82068634033203,1.495971918106079,3.942938804626465,10.046359062194824,1.0,1.0,1.0,1.0,34.058616638183594,8.732654571533203,2.455937147140503,1.613059401512146,8.479252815246582,1,3.19667911529541,67.38236999511719,11.688258171081543,4.393974304199219,3.942551851272583,1.9168773889541626,4.070239543914795,1.9207181930541992,2.680121421813965,1.2725728750228882,1.6025047302246094,1.9043591022491455,2.375135660171509,1.8775442838668823,2.733611583709717,2.603395700454712,2.9831058979034424,1.0,1.0,1.0,1.0713027715682983,1.0933468341827393,1.0,1.0,1.0,5.303635597229004,1.0441467761993408,1.0,1.0,3.828188419342041,1.3892813920974731,2.981980323791504,2.8769147396087646,2.0548763275146484,2.6680734157562256,6.958714008331299,2.112797975540161,1.0,4.593528747558594,2.1862030029296875,7.138945579528809,7.0793352127075195,134.43638610839844,101.84127044677734,6.892297744750977,10.701512336730957,5.51605224609375,1.938305377960205,1.0,16.217220306396484,3.027172803878784,1.0,30.544858932495117,5.245482921600342,28.406558990478516,1.0,10.176139831542969,1.9769155979156494,8.431697845458984,5.948108196258545,5.749396324157715,1.0,1.0,9.812891960144043,84.2241439819336,1.0,1.0,26.593992233276367,1.0,1.7526829242706299,20.145410537719727,112.05175018310547,8.239826202392578,9.152017593383789,5.857407569885254,19.282665252685547,56.629302978515625,39.30916976928711,41.025596618652344,31.139604568481445,45.64347839355469,53.786678314208984,16.24991798400879,103.56822967529297,22.63372039794922,44.16051483154297,48.14714431762695,19.483116149902344,43.54001235961914
TEST_02+7일,16.565532684326172,1.0,8.926450729370117,6.964727878570557,1.5046099424362183,1.6186002492904663,1.0,8.827619552612305,4.641096115112305,1.2609366178512573,3.4875662326812744,1.7307605743408203,2.0650899410247803,5.451449871063232,38.53810501098633,2.6436588764190674,11.081960678100586,1.8203412294387817,3.002537727355957,7.584714412689209,1.0,4.855640888214111,1.5982016324996948,1.0,18.584747314453125,10.510475158691406,1.0,31.028030395507812,12.458070755004883,5.955382347106934,7.5210041999816895,7.4451069831848145,3.5146982669830322,2.818692207336426,1.0,9.782957077026367,64.5425033569336,1.0,3.7014098167419434,47.16660690307617,25.423572540283203,2.9935476779937744,4.743659973144531,1.0,1.2166672945022583,4.88310432434082,1.0,3.043123960494995,1.0,3.8424794673919678,18.35304069519043,3.0685293674468994,6.403449535369873,1.575678825378418,5.234196186065674,1.2833232879638672,3.5513744354248047,1.0870579481124878,2.0476763248443604,2.4993896484375,13.220671653747559,9.787314414978027,9.314754486083984,18.56196403503418,15.030442237854004,2.9116599559783936,3.192934274673462,2.615767002105713,5.4697794914245605,1.0,3.7944397926330566,8.486302375793457,1.1936383247375488,1.0,10.398262977600098,7.573553085327148,1.1110745668411255,2.0231664180755615,1.2878644466400146,5.551120758056641,2.2222697734832764,1.5922456979751587,2.150498390197754,3.3043711185455322,1.3458064794540405,5.440141201019287,2.262516975402832,4.425946235656738,1.0,7.5042572021484375,31.59112548828125,2.1492691040039062,5.751851558685303,15.043305397033691,4.197441101074219,1.0,2.0283892154693604,1.0,16.4158992767334,13.799878120422363,2.377944231033325,1.2002837657928467,13.147771835327148,1,82.92937469482422,36.93773651123047,20.324329376220703,7.4345173835754395,5.112617492675781,2.579355239868164,5.564882278442383,3.1109514236450195,2.7924771308898926,1.700203537940979,1.1397976875305176,1.7513166666030884,3.1724953651428223,2.6919732093811035,3.9396395683288574,2.0040242671966553,3.025358200073242,5.218043327331543,1.0,1.0,1.0,1.0,1.0,1.0,1.0,1.0,1.0,1.0,1.0,4.336195945739746,5.018801212310791,5.0935869216918945,3.3409059047698975,1.2877585887908936,3.1528704166412354,11.342131614685059,2.789307117462158,1.0,4.956079006195068,2.142728805541992,15.427115440368652,1.0,50.234378814697266,9.173967361450195,13.689525604248047,4.9553985595703125,10.608475685119629,49.8444938659668,1.0,20.920862197875977,1.0,1.0,36.8094367980957,9.110107421875,1.0,8.525936126708984,14.889368057250977,2.3523848056793213,10.04879093170166,5.777493476867676,6.4081621170043945,1.0,2.0206844806671143,11.15206241607666,251.734130859375,47.6900520324707,59.855655670166016,18.069276809692383,1.0,7.500265598297119,49.502986907958984,115.90294647216797,13.730978012084961,5.466367244720459,1.0,21.177871704101562,49.48997116088867,59.309288024902344,49.183834075927734,37.94414138793945,60.97637939453125,73.477783203125,21.048994064331055,167.594482421875,62.54329299926758,57.04172134399414,76.7505111694336,21.20841407775879,62.02808380126953
TEST_03+1일,6.10134220123291,1.0,9.794329643249512,3.7630374431610107,1.043032169342041,1.7460236549377441,1.0,3.8500306606292725,4.098084926605225,1.024449110031128,1.2279921770095825,1.252126693725586,2.1865310668945312,1.3401695489883423,17.759492874145508,1.0,1.2226972579956055,1.6534497737884521,1.5834790468215942,1.0,1.0,3.105820655822754,2.7667319774627686,1.0,5.045267581939697,1.0,1.0,16.393709182739258,19.437177658081055,5.858822822570801,7.406692028045654,5.174783229827881,1.0,1.2081975936889648,1.0,1.5719910860061646,70.59765625,1.0,1.3354679346084595,63.29877471923828,30.221940994262695,1.7738144397735596,10.58199691772461,1.3863849639892578,1.0,3.4733333587646484,1.0,5.303813457489014,1.0,6.357803821563721,23.758451461791992,1.087402105331421,10.293241500854492,2.1322154998779297,2.164013624191284,2.7104458808898926,1.1221824884414673,3.7084522247314453,1.5073407888412476,1.5137161016464233,17.741436004638672,14.564614295959473,35.78182601928711,18.768938064575195,24.74172019958496,1.4107552766799927,1.0,1.8795267343521118,4.810027599334717,1.6239229440689087,5.053015232086182,7.133758544921875,1.3184281587600708,1.0,6.0144548416137695,4.041831016540527,1.95589017868042,1.647748589515686,1.7731798887252808,6.562022686004639,2.6058108806610107,1.0,1.2007979154586792,2.053018093109131,2.3015153408050537,2.5702521800994873,1.551998257637024,3.084205389022827,3.127817392349243,7.003623962402344,1.0,1.327081561088562,3.284824848175049,12.066492080688477,1.0727176666259766,1.0,1.0,1.0,48.626163482666016,8.36433219909668,2.1266286373138428,1.1590009927749634,3.682015895843506,1,104.19641876220703,1.0,28.616586685180664,3.9184377193450928,6.587769031524658,1.0,5.445652008056641,1.5181154012680054,2.0509045124053955,1.3016035556793213,1.3174772262573242,1.0,3.6238927841186523,1.4238353967666626,2.6681368350982666,2.1552460193634033,2.13206148147583,2.103367805480957,1.0,1.0,1.0,1.0,1.0,1.0,1.0,1.0,1.0,1.0,1.0,2.882091522216797,1.0,1.4096723794937134,1.9310681819915771,1.0,1.7742640972137451,4.9046125411987305,1.6814528703689575,1.0,2.930133104324341,1.9515893459320068,12.144097328186035,1.0,58.683902740478516,1.0,12.799525260925293,13.76935863494873,15.335657119750977,7.433402061462402,1.0,32.855621337890625,1.0,17.90766716003418,38.05643844604492,9.006355285644531,1.0,1.0,10.376031875610352,1.3670305013656616,12.803627967834473,4.5155110359191895,19.81255531311035,1.0,2.830578088760376,14.842000007629395,1.0,127.39546203613281,1.0,121.59268951416016,37.93849182128906,67.76402282714844,57.515201568603516,67.0892562866211,13.244683265686035,6.928742408752441,9.801084518432617,1.0,140.7489776611328,43.16904830932617,89.1263656616211,53.283042907714844,106.27092742919922,67.11214447021484,117.1816177368164,656.0070190429688,66.4346923828125,89.75467681884766,118.02074432373047,5.41068696975708,80.49560546875
TEST_03+2일,7.462126731872559,17.508529663085938,6.310513019561768,1.0,1.0,1.0,10.497245788574219,2.107306957244873,3.570528507232666,1.0,2.1795945167541504,1.3715331554412842,1.582712173461914,1.1532384157180786,11.86110782623291,1.0,28.934640884399414,1.0,1.0553659200668335,40.656436920166016,10.62264347076416,2.429090976715088,1.6635850667953491,1.0,13.368552207946777,24.306564331054688,1.0,1.0,16.399742126464844,4.923663139343262,5.634692192077637,2.0164670944213867,1.0,1.7225295305252075,1.0,2.4702043533325195,57.73063278198242,1.0,1.0347400903701782,43.44462203979492,18.982921600341797,2.1958277225494385,2.2147202491760254,1.0,1.7202262878417969,3.390469551086426,1.5760602951049805,2.858750104904175,1.0,3.364797592163086,17.860387802124023,3.573500633239746,8.3300199508667,1.0,1.0,1.9958264827728271,1.1575850248336792,2.731457233428955,1.0,1.0,13.354228019714355,7.538372993469238,19.483203887939453,16.53396224975586,22.27761459350586,1.0,1.497413992881775,1.0,3.38480544090271,1.1393111944198608,3.9092140197753906,1.652249813079834,1.0,1.0,3.2438340187072754,1.0,1.0,3.366208076477051,1.0,2.217301607131958,1.952078938484192,1.0,1.0,2.0329501628875732,1.0,1.9190177917480469,1.0,1.0,1.1566665172576904,6.4718427658081055,33.73162841796875,1.5928444862365723,3.3053853511810303,9.416106224060059,1.0,1.0,1.0,1.0,55.01203536987305,11.203327178955078,1.0831083059310913,1.0,7.602228164672852,1,63.15740966796875,99.46024322509766,34.68081283569336,2.7092578411102295,3.445967435836792,1.0,3.2287299633026123,1.5524808168411255,1.777570128440857,1.5722662210464478,1.0482953786849976,1.0,2.074375867843628,1.7821487188339233,2.0057380199432373,1.2178738117218018,2.4882097244262695,2.2448651790618896,1.0,1.0,1.0,1.0,1.0,1.0,1.0,3.596585988998413,1.0,1.0,6.1090407371521,1.0,1.0,1.0,1.0,1.0,1.0,1.0,1.0,1.0,1.023500919342041,1.0,10.636820793151855,1.0,33.935211181640625,58.770782470703125,10.475135803222656,1.0,5.876392841339111,9.138760566711426,3.5541651248931885,14.793949127197266,1.0,34.81180953979492,37.326332092285156,3.829011917114258,51.552677154541016,5.428308486938477,14.066353797912598,3.1614983081817627,2.7021164894104004,5.703261375427246,10.979793548583984,1.6233001947402954,3.4165096282958984,7.224221229553223,1.0,72.79463958740234,6.358922958374023,7.877931594848633,10.076967239379883,28.106203079223633,27.297012329101562,43.984275817871094,13.280014038085938,6.988282680511475,8.312725067138672,1.0,124.73392486572266,28.770912170410156,107.62606811523438,44.631107330322266,79.51986694335938,123.09834289550781,77.67413330078125,637.5732421875,94.8283920288086,66.39287567138672,62.769798278808594,7.884294509887695,62.30961227416992
TEST_03+3일,6.322503566741943,77.01536560058594,2.4801487922668457,1.0,1.0,1.0,4.01694917678833,2.5414557456970215,3.070317029953003,1.0,2.495852470397949,1.1794424057006836,1.074415683746338,1.0,12.277312278747559,1.5038644075393677,4.713503360748291,1.136385440826416,1.371433138847351,37.2758903503418,16.305694580078125,1.8450270891189575,1.0,1.0,35.040992736816406,15.026439666748047,1.0,49.65453338623047,18.256772994995117,5.191900253295898,5.836849212646484,4.101367950439453,1.0,1.0379266738891602,1.0,1.1505241394042969,36.369991302490234,6.671783447265625,1.1361496448516846,30.812423706054688,24.780181884765625,2.7596592903137207,6.523495197296143,1.0,1.9036474227905273,1.6524755954742432,1.3521684408187866,3.153329610824585,1.0,4.518441677093506,18.9857177734375,1.0,6.557431221008301,1.334775447845459,1.5274027585983276,1.0538462400436401,2.7735252380371094,2.2211384773254395,2.7074966430664062,1.0,6.833043575286865,11.367714881896973,10.573034286499023,17.486427307128906,9.364278793334961,1.8555768728256226,1.0,1.9230287075042725,1.6371678113937378,3.708639144897461,3.435718297958374,3.8843905925750732,1.0,1.0,4.136642932891846,4.604828357696533,1.226108193397522,2.8266611099243164,1.0,2.820481300354004,2.1613306999206543,1.0,1.047492504119873,1.3270734548568726,1.0,3.0973169803619385,1.0,2.1382691860198975,2.5877013206481934,5.264391899108887,54.244728088378906,1.3718432188034058,2.9858884811401367,4.946693420410156,1.0,1.0,1.0,1.0185166597366333,39.22003936767578,7.131899356842041,1.2767841815948486,1.123244285583496,7.844364643096924,1,1.0,48.63064956665039,18.647464752197266,4.3042683601379395,4.385712146759033,1.1427901983261108,2.399113893508911,1.896158218383789,1.7139012813568115,1.0509235858917236,1.0,1.0,2.22456431388855,1.2259455919265747,2.260438919067383,1.0,1.8376133441925049,1.0,1.0741246938705444,1.0,1.0,1.0,1.0,1.0,1.0,1.3987334966659546,1.0097955465316772,1.0,1.0,1.0,2.295529365539551,1.0,1.0,2.0447535514831543,1.0110722780227661,1.0,1.0,1.0,1.0,1.0,7.622609615325928,1.0,126.55095672607422,72.0661392211914,7.886560916900635,1.0,7.682583332061768,2.1217188835144043,1.0,19.218183517456055,11.711343765258789,41.08330154418945,27.237934112548828,4.1510009765625,1.0,3.2896854877471924,10.727042198181152,1.8633309602737427,9.644786834716797,2.4212541580200195,5.717965126037598,1.0,1.0,8.875203132629395,1.0,33.26199722290039,1.0,42.17884063720703,1.0,56.93889617919922,18.73674201965332,1.9869509935379028,9.619344711303711,1.0552674531936646,33.313873291015625,1.0,106.3166732788086,30.63812828063965,61.1234130859375,23.54555892944336,51.89069747924805,78.82573699951172,75.43112182617188,225.44081115722656,32.74555206298828,36.21099853515625,60.427101135253906,9.300166130065918,47.25471878051758
TEST_03+4일,7.622208118438721,54.13689422607422,4.42843770980835,1.0,1.0,1.1702852249145508,6.369554042816162,2.00929856300354,2.5199222564697266,1.0,1.179134726524353,1.0,1.4539841413497925,1.3003135919570923,7.132423400878906,1.0,58.95069885253906,1.0,1.0812395811080933,62.814109802246094,20.123239517211914,1.8517169952392578,2.1810243129730225,1.0,31.943994522094727,9.349238395690918,12.3556489944458,35.46660614013672,16.499608993530273,4.532975196838379,4.960360050201416,2.166592836380005,1.0,1.2060966491699219,1.0,1.0,43.417327880859375,2.7703981399536133,1.2271108627319336,42.249855041503906,13.707386016845703,2.3669466972351074,3.2884860038757324,1.9548858404159546,1.0,2.4680898189544678,1.0,2.424346685409546,1.0,4.606947898864746,17.217451095581055,1.0,6.795529842376709,1.7074857950210571,1.3517194986343384,1.0,1.2833939790725708,1.0,1.3136255741119385,1.0,7.241814136505127,9.137362480163574,19.974966049194336,15.206978797912598,17.20955467224121,1.2923105955123901,1.0,1.8899428844451904,1.8987637758255005,1.0,4.625129222869873,4.456023216247559,1.0192739963531494,1.1196993589401245,5.085580348968506,4.370596885681152,1.0,3.057241201400757,1.0,2.5843849182128906,1.300716757774353,1.0534019470214844,1.290997862815857,1.4338459968566895,1.0,1.208546757698059,2.887615919113159,3.669006586074829,2.34745454788208,8.013347625732422,43.98263931274414,1.5801798105239868,1.9320162534713745,6.007608890533447,1.0,1.0,1.0,1.1507505178451538,38.713966369628906,6.895112037658691,2.2102131843566895,1.1249111890792847,6.396470069885254,1,13.60558795928955,68.39816284179688,16.454959869384766,1.4564690589904785,5.980656623840332,1.1514240503311157,1.4964439868927002,1.0,1.0393213033676147,1.0,1.000596046447754,1.0,2.010399341583252,1.0,1.4909306764602661,1.344292402267456,2.0426175594329834,2.695950746536255,1.0,1.0,1.0,1.0,1.0,1.0,1.0,4.06842565536499,1.2420117855072021,1.0,1.0,1.0,1.0,1.0,1.0,2.3508431911468506,1.0915433168411255,1.0,1.0,1.0,2.2627835273742676,1.835329294204712,9.403332710266113,2.1410715579986572,86.44225311279297,63.7578239440918,10.618497848510742,6.482362270355225,5.033397197723389,6.875391483306885,1.0,12.783903121948242,2.2805607318878174,95.72325134277344,26.76725959777832,2.0825486183166504,4.511984348297119,1.0,8.785908699035645,1.0,8.230123519897461,4.167256832122803,5.022228717803955,1.0,1.0,10.84888744354248,1.0,50.782562255859375,49.06240463256836,39.170780181884766,5.965704441070557,17.780637741088867,20.72325897216797,34.03920364379883,13.73353099822998,2.256442070007324,2.3254330158233643,11.588521003723145,119.01099395751953,47.284027099609375,90.26226043701172,47.88451385498047,110.61575317382812,90.88880920410156,80.13521575927734,594.0978393554688,74.6006851196289,21.009647369384766,95.97572326660156,8.578804969787598,62.53865432739258
TEST_03+5일,10.569329261779785,71.6655502319336,2.5891664028167725,1.1980491876602173,1.0,1.3432879447937012,36.56919479370117,1.052358627319336,1.9238659143447876,1.0,1.0,1.0,1.1550720930099487,1.4985337257385254,9.903278350830078,2.178586721420288,50.66514205932617,1.1454050540924072,1.0191824436187744,69.10617065429688,26.421192169189453,3.584995746612549,1.098899006843567,1.0,37.58709716796875,16.741016387939453,14.332215309143066,38.53550338745117,16.055404663085938,5.270059108734131,5.460890293121338,3.4728775024414062,1.2375354766845703,1.1940027475357056,1.0,1.0,35.368099212646484,8.462468147277832,2.4306814670562744,39.40542221069336,15.33601188659668,2.223764181137085,5.4511542320251465,3.92579984664917,2.204770088195801,1.0,1.0,4.416389465332031,1.0,1.9628931283950806,15.54902172088623,1.8288179636001587,8.672662734985352,1.4317930936813354,1.2889602184295654,2.123161554336548,1.285325527191162,2.5605199337005615,2.3579869270324707,1.0,5.262628078460693,3.0472400188446045,18.562503814697266,21.5107421875,13.200418472290039,3.640864610671997,1.4612127542495728,1.8597509860992432,3.3122565746307373,7.4239277839660645,3.8559019565582275,3.6033413410186768,1.104674220085144,1.0,5.207676887512207,2.656402349472046,1.0,2.954913377761841,1.2262252569198608,4.347020149230957,2.2383694648742676,1.360353946685791,1.5067291259765625,1.29625403881073,1.0,2.0913000106811523,1.3527740240097046,2.0403504371643066,1.8272672891616821,7.558624744415283,65.75296783447266,1.6616201400756836,2.491668462753296,6.828354835510254,1.0,1.0,1.0,1.024190068244934,50.54887008666992,3.7947027683258057,1.808106780052185,1.0,15.267874717712402,1,20.154478073120117,80.40170288085938,14.799108505249023,2.5829477310180664,3.5995423793792725,1.192156434059143,3.238145112991333,1.4091655015945435,1.2473453283309937,1.0585962533950806,1.9534785747528076,1.1165040731430054,4.256843090057373,2.048866033554077,3.119025468826294,1.0,1.9199999570846558,2.4584243297576904,1.0,1.0,1.0,1.0,1.342363953590393,1.0,1.0139949321746826,6.5147833824157715,1.283973217010498,1.0516066551208496,29.31976890563965,2.732203483581543,1.0,1.0,1.0,1.1698174476623535,1.0,1.0,1.798370122909546,1.0,1.0,1.0,12.335652351379395,1.0,78.7737808227539,104.34959411621094,10.103771209716797,12.894512176513672,6.420416831970215,28.006471633911133,1.0,9.257359504699707,1.44932222366333,29.07052993774414,24.8115177154541,2.4711754322052,1.0,1.0,9.789796829223633,1.5698782205581665,6.64138650894165,1.8709012269973755,5.743811130523682,18.78656768798828,1.0,7.673712730407715,89.8120346069336,42.8361930847168,1.0,12.21280288696289,28.275455474853516,21.09819793701172,19.892433166503906,93.94286346435547,20.00532341003418,4.915936470031738,4.805803298950195,6.949289321899414,122.7885513305664,9.43868350982666,25.834617614746094,36.86144256591797,132.68673706054688,77.2769775390625,41.97722244262695,385.8634033203125,75.06393432617188,34.54253387451172,105.14974212646484,8.702460289001465,56.6546516418457
TEST_03+6일,8.102738380432129,38.49324035644531,8.91966438293457,2.9788706302642822,1.0,1.9479459524154663,9.248018264770508,4.444781303405762,3.3799047470092773,1.0,3.806224822998047,1.3762924671173096,1.6739674806594849,1.2457647323608398,28.100940704345703,2.854228973388672,51.74970626831055,1.8627218008041382,1.4367623329162598,37.623077392578125,22.197147369384766,3.095662832260132,1.0482839345932007,1.0,25.489540100097656,31.26679801940918,17.674713134765625,96.62608337402344,13.040565490722656,4.778787136077881,3.599700689315796,5.954418182373047,1.8867238759994507,2.7132668495178223,1.0,4.075331687927246,64.2973403930664,6.012284755706787,1.731458306312561,44.80802917480469,20.17718505859375,1.8281265497207642,5.737525939941406,2.2532765865325928,1.478675127029419,3.681225538253784,1.6829530000686646,4.496893405914307,1.0,2.9646475315093994,14.829205513000488,1.599486231803894,6.644418239593506,1.5136507749557495,2.1762008666992188,1.0463718175888062,2.7252914905548096,2.209977388381958,2.8571231365203857,1.1264855861663818,8.716005325317383,6.8272480964660645,19.42621421813965,15.459524154663086,18.200702667236328,2.731179714202881,1.5964254140853882,1.5548086166381836,4.196277618408203,4.923649311065674,3.234020471572876,1.0,1.1374616622924805,1.0,5.651801586151123,3.030025005340576,2.1482315063476562,4.715606689453125,2.1123576164245605,5.349582672119141,2.0049617290496826,2.082362174987793,2.3437340259552,2.720221757888794,1.0,2.7668216228485107,1.8340941667556763,1.972633719444275,2.6791114807128906,8.89121150970459,91.84028625488281,1.267768383026123,3.1680076122283936,12.315739631652832,1.0,1.0,1.0,1.0,46.872467041015625,6.760471343994141,2.1693761348724365,1.3845371007919312,7.276273727416992,1,3.7314960956573486,80.1601333618164,20.53680419921875,3.8040475845336914,4.449038505554199,1.0,4.749378681182861,1.601439118385315,2.0147523880004883,1.5335719585418701,1.2448625564575195,1.7486270666122437,2.5471649169921875,1.8060462474822998,1.9099968671798706,1.8101459741592407,2.2848429679870605,1.0,1.0,1.0512888431549072,1.0264567136764526,1.1640264987945557,1.0,1.0,1.0201212167739868,4.082314491271973,1.081774115562439,1.0,3.432297706604004,4.817373275756836,2.2053139209747314,2.2161855697631836,2.587721347808838,1.0,1.5596039295196533,6.317908763885498,1.7505208253860474,1.0366648435592651,2.8861844539642334,2.051203727722168,6.997649669647217,9.912120819091797,154.22970581054688,69.97746276855469,8.306143760681152,10.965920448303223,5.8478546142578125,1.0,1.0,16.816547393798828,7.103103160858154,3.725158452987671,31.500709533691406,4.05093240737915,24.395549774169922,3.753507375717163,11.232656478881836,1.0,9.27325439453125,3.438124895095825,1.9369251728057861,1.0,2.355029582977295,11.310154914855957,200.89578247070312,1.0,1.0,24.254213333129883,16.680648803710938,1.0,2.4559426307678223,103.43500518798828,16.722599029541016,8.977946281433105,2.137995719909668,1.0,87.38369750976562,39.7984619140625,54.06379318237305,44.3267707824707,103.89453125,124.09086608886719,21.23300552368164,475.2120056152344,58.99559783935547,14.473962783813477,71.52368927001953,15.128090858459473,46.02033615112305
TEST_03+7일,10.207634925842285,1.0,10.856492042541504,7.213985443115234,1.5337144136428833,1.536419153213501,1.0,5.966249942779541,4.291700839996338,1.1214832067489624,3.3088269233703613,1.0,1.7642899751663208,3.369501829147339,36.81167984008789,2.762097120285034,7.693873882293701,2.1942508220672607,1.8427550792694092,1.0,1.0,4.738275051116943,1.0,1.0,2.7524683475494385,18.326236724853516,1.0,42.50532150268555,16.264320373535156,5.941354274749756,7.12114143371582,8.49335765838623,2.3187336921691895,2.5351428985595703,1.0,6.766205310821533,80.98209381103516,2.194176197052002,3.1957626342773438,75.36474609375,24.1157283782959,2.889598846435547,5.970694541931152,1.0,1.4291419982910156,4.044811248779297,1.0857561826705933,4.288889408111572,1.0,1.7360824346542358,22.307085037231445,3.3159821033477783,11.34759521484375,1.7589712142944336,5.2267746925354,1.6504117250442505,1.646130919456482,2.05308198928833,2.5999016761779785,1.5665513277053833,16.602142333984375,10.5018949508667,17.804914474487305,18.984046936035156,25.924203872680664,2.156190872192383,2.7712011337280273,2.904478073120117,6.3055877685546875,1.0,4.8052897453308105,7.416163444519043,1.3817930221557617,1.0,10.21253776550293,5.504878997802734,1.862006664276123,2.9486162662506104,1.6861978769302368,4.758835792541504,1.2071510553359985,2.2345283031463623,2.221162796020508,3.114485263824463,1.2397691011428833,5.34194803237915,1.6639567613601685,4.685536861419678,2.039804220199585,10.131587028503418,25.139699935913086,2.174898147583008,4.6818928718566895,17.129125595092773,4.404910564422607,1.0,1.8058592081069946,1.0,31.299488067626953,14.216940879821777,2.156975269317627,1.1743319034576416,11.79283332824707,1,90.28609466552734,48.097389221191406,19.493703842163086,6.273184299468994,7.086019992828369,2.654984712600708,5.763648509979248,2.7527456283569336,3.4866740703582764,2.02972149848938,1.5376371145248413,1.4428367614746094,2.6121175289154053,2.5021615028381348,3.300873279571533,1.602454662322998,2.6554205417633057,1.0,1.0,1.0,1.0,1.0,1.0,1.0,1.0,1.0,1.0,1.0,4.049701690673828,5.534568786621094,5.038455963134766,4.536970138549805,2.726773977279663,1.0,1.9843343496322632,11.3101806640625,2.187046766281128,1.0,4.21519660949707,2.3552327156066895,15.397136688232422,1.0,70.02889251708984,1.0,15.571504592895508,1.0,11.501150131225586,2.361785650253296,1.2232437133789062,36.3625373840332,1.0,1.0,39.428401947021484,8.16384220123291,1.0,12.502100944519043,12.047103881835938,1.4051605463027954,9.964874267578125,5.2098307609558105,14.861404418945312,3.6187548637390137,2.2196903228759766,12.399007797241211,413.0628356933594,30.75094985961914,53.55795669555664,40.4888801574707,9.093888282775879,38.01728820800781,25.681079864501953,91.40948486328125,9.636758804321289,3.941779375076294,1.0,54.19055938720703,89.35939025878906,53.15427017211914,89.28057861328125,54.40266418457031,110.26966094970703,150.65818786621094,37.25481033325195,656.5916137695312,69.27298736572266,71.65858459472656,78.40440368652344,20.746234893798828,81.63923645019531
TEST_04+1일,3.3336610794067383,1.0,6.379557132720947,1.9395149946212769,1.0546131134033203,2.3365659713745117,1.0,1.5664007663726807,3.973932981491089,1.0298058986663818,1.5441988706588745,1.2096514701843262,1.9443415403366089,1.0,1.0,1.0,1.0,1.5665273666381836,1.3517498970031738,1.0,4.921521186828613,2.6140353679656982,2.1639318466186523,1.0,6.693531513214111,1.0,1.0,12.146097183227539,12.21020221710205,4.516918182373047,3.606902837753296,3.565094470977783,1.8870757818222046,1.345089077949524,1.0,1.1955162286758423,14.324798583984375,1.0,1.1185095310211182,1.0,28.683673858642578,1.4798991680145264,9.110262870788574,1.726240634918213,1.0,2.8749752044677734,1.0,3.7191379070281982,1.0,4.674178600311279,13.001721382141113,1.2459908723831177,6.941462516784668,1.753275752067566,2.4364840984344482,2.2055141925811768,1.0277658700942993,2.740818977355957,1.4354122877120972,1.07192862033844,7.699525356292725,13.200082778930664,13.72213077545166,7.927611351013184,6.132958889007568,1.0,1.0,1.838840365409851,4.429259300231934,1.6361464262008667,2.0641050338745117,6.270389080047607,1.2771466970443726,1.0,6.547184944152832,4.684539318084717,1.8173332214355469,2.160036325454712,1.1460680961608887,3.6772451400756836,2.8710215091705322,1.091880440711975,1.5220661163330078,2.5621590614318848,2.2694621086120605,2.335568428039551,1.6870193481445312,2.130096912384033,4.303671360015869,6.069199562072754,1.0,1.6640454530715942,3.3736684322357178,11.43600845336914,1.420210599899292,1.0,1.0,1.0,23.364364624023438,3.616222858428955,1.9981520175933838,1.23212730884552,1.0,1,100.10965728759766,1.0,21.947175979614258,3.4466819763183594,2.6797544956207275,1.0,5.185816764831543,1.1820766925811768,2.8702409267425537,1.4684998989105225,1.1973856687545776,1.0,3.344352960586548,2.5259406566619873,1.0,1.7248743772506714,2.3149895668029785,1.110817551612854,1.0,1.0,1.0,1.0,1.0,1.0,1.0,1.0,1.0,1.0,1.0,2.1639506816864014,2.036547899246216,1.0,1.4390226602554321,1.0,1.873091459274292,6.146076202392578,1.1166406869888306,1.0275713205337524,3.2892518043518066,2.03780198097229,2.4984097480773926,1.0,33.06507110595703,2.1029889583587646,1.21338951587677,17.963682174682617,15.860438346862793,37.173526763916016,1.0,30.52743148803711,1.945828914642334,1.0,11.006311416625977,6.8469462394714355,1.0,1.0,20.609233856201172,1.0,7.730422496795654,6.272261142730713,9.809713363647461,1.0,6.270185947418213,2.873983144760132,146.9977569580078,257.5812072753906,40.65670394897461,73.14341735839844,37.67863845825195,65.59449005126953,27.35686683654785,80.18091583251953,11.889601707458496,7.875128746032715,1.0,1.36986243724823,62.635154724121094,39.050907135009766,35.80525588989258,38.33320999145508,24.469627380371094,19.388227462768555,81.67167663574219,93.96089172363281,40.103267669677734,55.64299774169922,77.52605438232422,6.199309349060059,36.904380798339844
TEST_04+2일,7.659347057342529,14.360025405883789,4.348855972290039,1.0,1.0,1.0,3.7378792762756348,1.0,4.246100425720215,1.0,1.490046739578247,1.3852978944778442,1.4614218473434448,1.0,7.3417487144470215,1.0,20.51210594177246,1.0,1.0,41.83134460449219,14.461992263793945,1.9225823879241943,1.0379916429519653,1.0,19.38970184326172,30.064828872680664,1.0,1.0,7.583826541900635,5.0337395668029785,3.6703975200653076,1.0,1.3491946458816528,1.7667782306671143,1.0,1.3313888311386108,5.513792991638184,1.0,1.4015992879867554,5.958693504333496,16.931381225585938,1.779060959815979,1.8287359476089478,1.0,1.7783732414245605,3.6374011039733887,1.4327092170715332,1.0,1.0,2.7775096893310547,5.165407657623291,2.533125638961792,6.535173416137695,1.0,1.0,1.4949631690979004,1.0,2.464871644973755,1.5174092054367065,1.0,3.9767239093780518,6.538422107696533,2.1074306964874268,2.0273215770721436,4.042197227478027,1.0,1.321211576461792,1.0,2.705146312713623,1.4460251331329346,1.2264726161956787,1.0,1.0,1.0,4.0813889503479,1.0,1.0,3.774092197418213,1.0,1.3122488260269165,2.9099295139312744,1.0,1.0,1.1035207509994507,1.0,3.076291799545288,1.0,1.0,2.745534896850586,1.1043281555175781,29.93121910095215,1.3663338422775269,2.697756052017212,7.180054664611816,1.0,1.0,1.0,1.0,5.302844524383545,10.172433853149414,1.3849000930786133,1.0,4.015774250030518,1,55.16289138793945,91.52688598632812,40.29460525512695,2.5321402549743652,3.7255561351776123,1.0,2.3071792125701904,1.392497181892395,2.021481513977051,1.4613759517669678,1.0481046438217163,1.3147926330566406,2.1911211013793945,1.9266111850738525,1.1702425479888916,1.373381495475769,1.770649790763855,1.0,1.0,1.0,1.0,1.0,1.0,1.0,1.0,2.749608278274536,1.0,1.0,1.0,1.0,1.0,1.0,1.0,1.0,1.0,1.0,1.0,1.0,1.0,1.0,6.037773609161377,3.245331048965454,39.51932907104492,49.73601150512695,4.450106620788574,6.432839870452881,2.33196759223938,39.47679901123047,3.242509126663208,4.118305683135986,1.0,1.0,10.547008514404297,1.1544040441513062,47.97809982299805,2.8020997047424316,4.6247663497924805,1.3305503129959106,1.0,7.205691814422607,2.9387712478637695,1.0,7.834362506866455,1.1395939588546753,1.0,133.5936737060547,86.5080337524414,1.0,27.425262451171875,40.834022521972656,5.609068870544434,47.44862747192383,15.854601860046387,9.574621200561523,8.08640193939209,1.0,36.671478271484375,24.841245651245117,22.55454444885254,29.58426856994629,27.41641616821289,1.0,47.01138687133789,63.87692642211914,13.343340873718262,46.16602325439453,16.95402717590332,8.268647193908691,19.401958465576172
TEST_04+3일,4.615439414978027,88.10076904296875,3.4003641605377197,1.0888434648513794,1.0,1.0,3.28242826461792,1.0,2.637794256210327,1.0,1.8495163917541504,1.126101016998291,1.0211910009384155,1.0,14.714645385742188,1.278501272201538,16.63187026977539,1.1270759105682373,1.0608035326004028,40.84585952758789,26.410072326660156,2.134441614151001,1.0,1.1851882934570312,39.98474884033203,19.313751220703125,1.0,47.794410705566406,8.513714790344238,5.613567352294922,3.7758500576019287,3.1881871223449707,1.9190500974655151,1.1297025680541992,1.0,1.0,4.066685676574707,5.6212005615234375,1.0886634588241577,7.009922981262207,23.840784072875977,2.011439085006714,5.098705768585205,1.0,1.958868145942688,1.3358988761901855,1.4299023151397705,2.985022783279419,1.0,2.657137393951416,3.8123602867126465,1.0,4.886167526245117,1.2686046361923218,1.128661870956421,1.0,2.913508892059326,2.922386646270752,1.9322551488876343,1.0,1.0,12.222610473632812,1.0,6.2107415199279785,1.525822639465332,1.464713215827942,1.0,1.8129221200942993,1.3678537607192993,4.06613826751709,2.203916072845459,1.623047113418579,1.0952086448669434,1.0,4.295687198638916,5.606586933135986,1.2496776580810547,3.180982828140259,1.0,1.0330874919891357,1.5931367874145508,1.0468937158584595,1.1077901124954224,1.5598499774932861,1.2186741828918457,2.64631724357605,1.0,1.804777979850769,3.0291309356689453,3.7864389419555664,50.85916519165039,1.2266689538955688,1.0721969604492188,4.8969011306762695,1.0,1.0,1.0,1.0941869020462036,11.490894317626953,4.427365303039551,1.0,1.3018754720687866,7.997254848480225,1,1.0,52.3135986328125,12.740164756774902,4.230732440948486,2.2937567234039307,1.0,1.9403085708618164,1.6377027034759521,2.00154709815979,1.1537041664123535,1.0,1.0,1.9713389873504639,2.290956735610962,1.190672516822815,1.0,1.6400508880615234,3.3059940338134766,1.1302915811538696,1.0,1.0,1.0,1.0,1.0,1.0,1.8868321180343628,1.0,1.0,1.0,1.0,2.6293270587921143,1.0,1.0,1.0768678188323975,1.0,1.0,1.0,1.0,1.0,1.0,1.0,6.526229381561279,125.02890014648438,70.5279541015625,1.0,9.309194564819336,8.112091064453125,31.80107307434082,1.0,3.3010153770446777,21.065200805664062,1.0,5.953157424926758,1.0,1.0,1.0,16.235734939575195,1.8329298496246338,6.739953517913818,1.1494070291519165,5.535542964935303,1.0,1.0,1.755618691444397,124.310791015625,125.8111572265625,1.0,44.675785064697266,1.0,74.65686798095703,9.138129234313965,1.0,11.827560424804688,1.0,26.730396270751953,1.0,70.52073669433594,21.517040252685547,15.36273193359375,2.479863405227661,34.66277313232422,3.080540657043457,46.397125244140625,1.0,34.48027801513672,23.899499893188477,35.719974517822266,8.870108604431152,33.35402297973633
TEST_04+4일,4.963145732879639,60.95326232910156,2.661463975906372,1.1557856798171997,1.0,1.753199577331543,5.234105110168457,1.0,2.1866321563720703,1.0,1.0,1.0,1.2628777027130127,1.2228946685791016,2.39162015914917,1.0,46.313228607177734,1.0,1.0093472003936768,72.47294616699219,22.399946212768555,1.3362420797348022,1.835602879524231,1.0,33.98250961303711,9.058416366577148,9.705279350280762,38.85320281982422,3.4556691646575928,5.5860114097595215,2.4353902339935303,1.0,2.0626883506774902,1.3272466659545898,1.0,1.0,3.003115177154541,1.0,1.1725844144821167,6.342140197753906,9.575807571411133,2.033503293991089,1.327850580215454,1.6680108308792114,1.0,2.162950277328491,1.0,1.6163891553878784,1.0,4.371566295623779,7.140042304992676,1.0,4.542968273162842,1.616239070892334,1.3648364543914795,1.0,1.5784268379211426,1.5546685457229614,1.0,1.0,1.0,11.557207107543945,1.5485563278198242,5.207203388214111,3.4748287200927734,1.0146123170852661,1.0,1.9060335159301758,1.3513013124465942,1.0,2.341545581817627,3.175467014312744,1.0,1.3152860403060913,7.231648921966553,4.925868511199951,1.0,3.490649938583374,1.0,1.9159438610076904,2.1329619884490967,1.8699952363967896,2.1269781589508057,1.677128791809082,1.0,1.8627506494522095,2.472461462020874,2.543478012084961,3.0551199913024902,3.2593047618865967,40.654720306396484,1.2234201431274414,1.455581545829773,5.455454349517822,1.0,1.0,1.0,1.1861921548843384,1.0,4.967837810516357,1.8355107307434082,1.3027909994125366,1.8485080003738403,1,15.528678894042969,52.84658432006836,15.320982933044434,1.0,4.088413238525391,1.0,2.3924968242645264,1.0,1.3548169136047363,1.0,1.0,1.1253396272659302,1.8593018054962158,1.1777021884918213,1.0,1.727742075920105,1.9235889911651611,1.7604395151138306,1.0,1.0,1.0,1.0,1.0,1.0,1.0,3.9112305641174316,1.0556883811950684,1.0,1.0,1.0,1.2281230688095093,1.0,1.0,1.409425139427185,1.2517328262329102,1.0,1.0,1.1088171005249023,1.7073314189910889,1.914795994758606,1.0,1.0,70.48395538330078,58.4434700012207,1.0,12.202634811401367,2.781381607055664,28.36174964904785,1.0,4.444110870361328,4.626227378845215,13.182063102722168,5.805999279022217,1.1998319625854492,1.0,1.0,5.282008171081543,1.0,6.549845218658447,4.5068745613098145,1.837337851524353,1.0,2.7864530086517334,1.0,1.0,107.23374938964844,150.11422729492188,116.331298828125,34.71701431274414,23.334228515625,26.521329879760742,45.79948425292969,15.55746841430664,2.7070236206054688,1.3310751914978027,3.205883026123047,25.89222526550293,43.817535400390625,21.821889877319336,8.28933334350586,1.0,1.0,51.26589584350586,1.0,1.0,42.17864227294922,46.35039138793945,8.271077156066895,21.153493881225586
TEST_04+5일,8.44092082977295,32.38347244262695,2.3557472229003906,1.7358742952346802,1.0,1.4383940696716309,25.168949127197266,1.0,1.6305303573608398,1.0,1.0407459735870361,1.0,1.124815821647644,1.0,1.0,1.0207043886184692,63.1720085144043,1.1604255437850952,1.0,76.80260467529297,26.370609283447266,2.5178675651550293,1.0,1.0,39.32784652709961,19.686080932617188,13.754195213317871,44.016170501708984,3.1209442615509033,3.7016608715057373,2.665886640548706,1.276781439781189,1.0,1.0,1.0,1.0,5.597172737121582,5.933366775512695,2.442817449569702,7.482437610626221,18.137399673461914,2.0773661136627197,4.242977619171143,3.709930181503296,2.2775776386260986,1.0,1.0,2.3014895915985107,1.0,2.551002264022827,5.316422462463379,1.2295302152633667,6.9730072021484375,1.6794475317001343,1.1120744943618774,1.3816416263580322,1.346914291381836,1.7086384296417236,2.4721508026123047,1.1224470138549805,1.2160333395004272,4.8784685134887695,1.8354556560516357,6.44670295715332,1.3588954210281372,3.427266836166382,1.7332768440246582,1.7382047176361084,2.5337839126586914,7.5675153732299805,1.5845859050750732,2.7487614154815674,1.4566349983215332,1.0,5.935607433319092,3.0208656787872314,1.0,2.8294522762298584,1.0,2.6822240352630615,2.3934731483459473,1.5409796237945557,1.9246708154678345,1.457201600074768,1.9684921503067017,2.7090039253234863,1.6120691299438477,1.9227782487869263,2.6585874557495117,1.6326206922531128,74.46290588378906,1.3183974027633667,1.8821206092834473,4.892794132232666,1.0,1.0,1.0,1.0,7.821715354919434,2.563668727874756,1.6877285242080688,1.0155175924301147,8.030670166015625,1,10.562899589538574,72.30960845947266,14.434399604797363,2.501577377319336,3.634615421295166,1.1704802513122559,2.9853649139404297,1.0417004823684692,1.3802903890609741,1.0,1.6754060983657837,1.2856853008270264,3.6669702529907227,2.1345019340515137,2.00126051902771,1.0,1.9549871683120728,4.415895462036133,1.0,1.035384178161621,1.0,1.0,1.2644779682159424,1.0,1.0,6.618136882781982,1.068895697593689,1.0888683795928955,15.670674324035645,1.9342104196548462,4.474862098693848,1.0,1.289819359779358,1.0,1.0,1.0,1.2717949151992798,1.0,1.0,1.0,4.612142562866211,1.0,76.48218536376953,94.22358703613281,4.141271114349365,20.70272445678711,2.4210867881774902,53.22053146362305,1.0,1.7250831127166748,5.870074272155762,1.0,11.008485794067383,1.0,1.0,5.230257511138916,6.92690896987915,1.0,1.8147029876708984,4.180779933929443,4.052913665771484,18.771686553955078,8.203899383544922,1.0,232.10643005371094,188.71632385253906,51.594390869140625,14.328800201416016,56.37070083618164,25.30599594116211,11.368258476257324,78.81533813476562,19.51129913330078,4.152987480163574,1.0,8.429109573364258,41.94055938720703,1.5587657690048218,13.008091926574707,27.825899124145508,10.42082691192627,2.675637722015381,15.059640884399414,1.0,1.0,36.43694305419922,87.81788635253906,10.881690979003906,27.290302276611328
TEST_04+6일,8.092192649841309,43.7501106262207,4.677600860595703,2.939556837081909,1.0,1.9898152351379395,4.073904037475586,2.379763603210449,3.3355464935302734,1.0,2.4573490619659424,1.3657171726226807,1.5991101264953613,1.6794259548187256,28.34748077392578,2.123940944671631,51.293331146240234,1.4930977821350098,1.3552134037017822,27.741117477416992,22.65917205810547,3.5298616886138916,1.0,1.0,23.332080841064453,21.095563888549805,19.69506072998047,87.24833679199219,7.417407989501953,5.592165470123291,2.799940586090088,1.2438366413116455,2.660048723220825,2.47513484954834,1.0,1.0465630292892456,24.17391014099121,1.0,2.039435625076294,23.495433807373047,17.145898818969727,1.7094476222991943,5.323307514190674,2.860059976577759,1.5214656591415405,2.7198636531829834,1.6121550798416138,2.864452838897705,1.0633618831634521,3.3618152141571045,8.639026641845703,1.5623723268508911,6.510469436645508,1.37314772605896,2.274718999862671,1.5359541177749634,1.8297477960586548,2.01593279838562,2.75836443901062,1.468505859375,4.853139877319336,9.35669231414795,5.123467445373535,5.416688919067383,2.3912153244018555,2.3329012393951416,1.452945590019226,1.5211455821990967,4.24818754196167,3.4693105220794678,2.55637264251709,1.0,1.14096999168396,1.0,5.486706256866455,2.067303419113159,3.2833447456359863,4.942095756530762,2.196044445037842,2.140472888946533,3.184767723083496,1.9365946054458618,2.4070935249328613,2.7782936096191406,1.301241159439087,2.8017499446868896,1.6378376483917236,2.7050909996032715,1.9608454704284668,4.761271953582764,58.6031494140625,1.0383116006851196,2.6107289791107178,12.511425018310547,1.0,1.0,1.0,1.0,27.384843826293945,4.543031215667725,2.6149115562438965,1.2311688661575317,7.101003170013428,1,1.0,73.04280853271484,22.128711700439453,3.0180459022521973,5.355900764465332,1.1580944061279297,5.982785224914551,1.4683226346969604,1.6976425647735596,1.1495139598846436,1.3440722227096558,1.6443145275115967,2.1550533771514893,1.2118635177612305,1.5555698871612549,1.6856573820114136,2.7307090759277344,1.0,1.0,1.0,1.0097378492355347,1.0048730373382568,1.0,1.0,1.065144419670105,4.7933220863342285,1.0534989833831787,1.0,1.0,4.077086448669434,1.7574172019958496,2.3796067237854004,2.353135108947754,1.64454984664917,2.088554859161377,6.945339202880859,1.3765422105789185,1.1937190294265747,3.254107713699341,2.0524868965148926,2.8787753582000732,15.267232894897461,104.08480072021484,97.66098022460938,2.10903263092041,14.732357025146484,8.065716743469238,1.0562361478805542,1.0,7.7490339279174805,19.558090209960938,1.0,7.330195426940918,3.4616708755493164,24.241090774536133,1.7882744073867798,14.612890243530273,3.1579501628875732,8.921222686767578,2.748769760131836,2.3089728355407715,1.0,1.1308990716934204,6.571187973022461,106.92528533935547,26.044679641723633,48.0223388671875,43.87864303588867,42.45074462890625,38.32954406738281,10.920666694641113,101.87102508544922,16.53957176208496,12.569432258605957,1.0,1.0,48.13605499267578,39.31560516357422,1.0,41.43920135498047,12.368978500366211,1.0,31.647615432739258,8.586461067199707,1.0,31.90520668029785,62.65044403076172,17.906352996826172,39.128971099853516
TEST_04+7일,9.508279800415039,3.4141695499420166,7.426161766052246,5.244148254394531,1.4785341024398804,1.7076212167739868,1.0,2.096088171005249,4.519008636474609,1.0041803121566772,3.426618814468384,1.1910440921783447,1.4416025876998901,3.6288185119628906,30.773303985595703,2.787247896194458,8.46442699432373,1.3332228660583496,2.401026487350464,1.0,1.0,4.0705060958862305,1.0,1.0,6.209031105041504,10.048553466796875,1.0,29.804828643798828,5.944895267486572,5.304730415344238,7.7591447830200195,4.711044788360596,2.0107157230377197,2.232109546661377,1.0,4.316838264465332,39.08677291870117,1.0,3.4309287071228027,35.894474029541016,22.231800079345703,2.4313008785247803,4.799947738647461,1.0,1.3700904846191406,3.624194622039795,1.0653148889541626,2.7964541912078857,1.0,2.3371307849884033,14.126191139221191,3.257664442062378,6.950473785400391,1.9940307140350342,4.0673675537109375,1.630554437637329,2.762108087539673,2.49483585357666,2.403944730758667,1.9084703922271729,12.408502578735352,8.930859565734863,7.756438255310059,11.06048583984375,4.029345989227295,1.3755793571472168,2.491006374359131,2.9152140617370605,5.320301055908203,1.0,2.917726755142212,5.913886070251465,1.4073739051818848,1.0,7.887148857116699,4.6562323570251465,2.14404034614563,2.2498130798339844,1.2621159553527832,4.089520454406738,3.1703691482543945,1.7775129079818726,2.3076512813568115,3.448242425918579,1.1256390810012817,4.9554572105407715,1.8953015804290771,4.706911087036133,3.1381800174713135,6.291733264923096,37.60216522216797,2.9509949684143066,4.8353352546691895,16.558279037475586,2.507709264755249,1.0,1.5506558418273926,1.0,9.330475807189941,11.902435302734375,2.301215648651123,1.0,8.722421646118164,1,80.17437744140625,46.35946273803711,15.888943672180176,6.501724720001221,6.296960830688477,2.7522199153900146,6.021673202514648,2.6606855392456055,2.9013664722442627,1.2629293203353882,1.11446213722229,1.3937627077102661,4.454326629638672,2.7890985012054443,3.162224054336548,1.8861943483352661,2.1004726886749268,1.7358812093734741,1.0,1.0,1.0,1.0,1.0,1.0,1.0,1.0,1.0,1.0,1.0,4.16585636138916,5.006557464599609,4.739388942718506,2.6079962253570557,1.0,2.4632625579833984,11.59602165222168,2.089461088180542,1.084729790687561,4.499013423919678,2.495757579803467,8.374300003051758,3.564769744873047,63.50978469848633,1.0,8.910590171813965,11.98173999786377,4.6658525466918945,37.93185043334961,1.155710220336914,25.06887435913086,3.044177293777466,1.0,16.462120056152344,9.21207332611084,1.0,15.03650951385498,18.095836639404297,2.71474027633667,7.7402143478393555,5.229691982269287,12.07434368133545,1.0,9.924461364746094,7.703464508056641,241.88018798828125,71.76179504394531,111.6382064819336,31.95925521850586,45.803123474121094,63.00004959106445,25.963476181030273,43.937774658203125,13.756340026855469,5.685277938842773,16.029054641723633,39.48944854736328,39.25495529174805,43.770870208740234,19.368879318237305,49.072547912597656,24.43285369873047,45.975887298583984,42.45701599121094,107.67182922363281,18.907915115356445,49.823184967041016,87.01718139648438,18.289119720458984,46.52627182006836
TEST_05+1일,1.9327635765075684,1.0,7.827304363250732,4.009690761566162,1.142907977104187,1.6722084283828735,1.0,1.0,3.613776683807373,1.0,1.3070688247680664,1.3256548643112183,1.9356894493103027,2.60307240486145,1.0,1.0,1.9149874448776245,1.4993799924850464,1.0324418544769287,1.0,1.0,3.400378704071045,3.247333288192749,1.0,18.50007438659668,1.0,1.0,10.376324653625488,12.052096366882324,5.960165977478027,5.025852203369141,4.0241618156433105,1.9177080392837524,1.213821530342102,1.0,3.54440975189209,45.299766540527344,1.0,1.8429969549179077,9.283761978149414,24.560062408447266,1.7884509563446045,7.901622295379639,2.975921154022217,1.0,3.5580575466156006,1.0,7.269685745239258,1.0604114532470703,4.472006797790527,30.81894874572754,2.747279405593872,12.454833984375,2.04068922996521,2.1638145446777344,2.6673545837402344,2.1576809883117676,2.4593136310577393,1.3860310316085815,1.3204575777053833,23.685089111328125,13.359039306640625,10.972421646118164,11.908034324645996,7.249897480010986,1.6279845237731934,1.0,1.6510076522827148,4.616822242736816,4.054571151733398,2.6109156608581543,6.62320613861084,1.083760142326355,1.0,5.061946868896484,5.017833232879639,1.667105793952942,2.7538952827453613,1.1304974555969238,7.760546684265137,2.5501039028167725,1.0280436277389526,1.4744404554367065,2.7687315940856934,2.493258237838745,1.454655647277832,2.1390175819396973,1.983996033668518,3.266913414001465,6.682744026184082,1.0,1.9434056282043457,4.279091835021973,17.013202667236328,1.6538918018341064,1.0,1.0,1.0541664361953735,25.514986038208008,8.254531860351562,2.1918728351593018,1.378653645515442,1.579167366027832,1,83.18463897705078,1.7704354524612427,38.4301872253418,4.515054702758789,5.50339412689209,1.4965122938156128,7.033576965332031,1.1392886638641357,1.2613648176193237,1.3912681341171265,1.635039210319519,1.125301718711853,4.1508378982543945,3.141558885574341,2.578007459640503,1.8912982940673828,2.343679428100586,2.9753236770629883,1.0,1.0,1.0,1.0,1.0,1.0,1.0,1.0,1.0,1.0,1.0,5.8246331214904785,3.4058125019073486,7.774667739868164,3.3290493488311768,1.0,3.1074635982513428,11.431212425231934,1.901522159576416,1.0,5.962308406829834,2.5358400344848633,60.93409729003906,95.0185546875,1.0,1.0,116.65308380126953,38.40374755859375,59.25379180908203,27.85466194152832,1.6097638607025146,143.37777709960938,75.5179443359375,1.0,72.97283172607422,39.11052703857422,1.8584423065185547,103.55957794189453,57.15739059448242,3.2703609466552734,57.9951286315918,29.16518211364746,92.6978530883789,23.275379180908203,13.097274780273438,1.0,442.88226318359375,361.0886535644531,1.0,370.17987060546875,75.79762268066406,97.58382415771484,69.25155639648438,197.77235412597656,34.07227325439453,10.633622169494629,151.26904296875,27.71037483215332,1.0,41.564979553222656,35.72846984863281,22.36064910888672,25.337974548339844,39.939022064208984,52.83723449707031,1.0,41.64010238647461,45.48796081542969,67.7694091796875,18.776145935058594,1.3774851560592651
TEST_05+2일,7.64612340927124,1.0,5.237275123596191,1.5815958976745605,1.0,1.0,3.8881759643554688,1.0,3.20377516746521,1.0,1.344721794128418,1.3608869314193726,1.2707180976867676,1.0,1.0,1.0,27.904993057250977,1.0,1.0,13.799722671508789,1.0,2.241208076477051,2.0492875576019287,1.0,24.954408645629883,28.59877586364746,1.0,1.0,9.159751892089844,4.932156562805176,3.9739487171173096,1.3517247438430786,1.888882040977478,1.4753162860870361,1.0,4.4049272537231445,33.11997604370117,1.0,1.462268590927124,9.631386756896973,20.4849910736084,2.398404836654663,2.018810987472534,1.0,2.2448956966400146,3.758662700653076,1.7196816205978394,5.006796360015869,1.0,3.4012064933776855,21.49820899963379,2.573866844177246,9.536741256713867,1.0,1.0,1.8545777797698975,1.0,2.204474925994873,1.2525864839553833,1.272289752960205,21.085840225219727,7.831979751586914,2.412336587905884,8.165509223937988,3.6061933040618896,1.1270942687988281,1.6666643619537354,1.0,2.3816583156585693,2.7565176486968994,1.7937754392623901,2.360736131668091,1.0,1.0,2.597003936767578,1.0,1.0,3.1968958377838135,1.0,4.812673568725586,1.9802253246307373,1.0,1.0,2.5391316413879395,1.0,2.32169508934021,1.0304479598999023,1.0,1.3560646772384644,3.3214282989501953,1.0,1.718803882598877,3.600506544113159,11.119032859802246,1.0,1.0,1.0,1.0,13.66401481628418,10.919306755065918,1.3863825798034668,1.0,1.29987633228302,1,44.71471405029297,103.79006958007812,37.28114700317383,3.0791077613830566,3.2054831981658936,1.0,2.8530168533325195,1.6435716152191162,2.84112548828125,1.6408323049545288,1.0315582752227783,1.6769509315490723,4.02203893661499,1.7867058515548706,1.4740384817123413,1.1319446563720703,4.242596626281738,1.0,1.0,1.0,1.0,1.0,1.0,1.0,1.0,2.4589650630950928,1.0,1.0,14.585047721862793,3.116159200668335,1.9534964561462402,6.053876876831055,1.8507112264633179,1.0,1.8545159101486206,5.520721435546875,1.0,1.0,3.946805477142334,1.5362948179244995,47.972232818603516,59.73262023925781,24.619359970092773,6.722401142120361,77.75420379638672,31.310277938842773,51.30730438232422,19.37040901184082,6.321123123168945,189.04013061523438,75.50663757324219,1.0,85.63838958740234,30.55813217163086,45.974369049072266,86.4587173461914,72.15943145751953,6.401824474334717,46.49065017700195,33.83881759643555,69.99845886230469,44.87862777709961,14.008122444152832,1.0,244.7496795654297,220.3770294189453,40.43747329711914,203.1859588623047,53.21316146850586,67.98176574707031,43.60923767089844,151.35826110839844,33.18971633911133,11.48226261138916,137.47425842285156,78.345458984375,10.283795356750488,24.38827896118164,34.2396125793457,10.020256996154785,35.64231872558594,8.9872407913208,31.178268432617188,1.0,13.065589904785156,37.00266647338867,10.499772071838379,13.161988258361816,1.0
TEST_05+3일,3.6098766326904297,71.79049682617188,3.4236409664154053,1.662145972251892,1.0,1.0,1.0,1.0,3.492335319519043,1.0,1.6263211965560913,1.0,1.0006201267242432,1.0,13.754734992980957,1.7082321643829346,1.0,1.1347750425338745,1.094872236251831,7.108598232269287,19.722332000732422,1.9876350164413452,1.2711622714996338,1.0267841815948486,45.92143249511719,22.738332748413086,1.0,48.79825973510742,12.658550262451172,6.167621612548828,5.317037582397461,2.509845733642578,1.9212058782577515,1.1535358428955078,1.0,3.150873899459839,25.42220687866211,4.535789489746094,1.4075517654418945,15.800253868103027,23.363327026367188,2.8014438152313232,4.211514472961426,1.0,1.9087520837783813,1.0,1.3127623796463013,2.422711133956909,1.0,2.871314287185669,20.533735275268555,1.5433794260025024,7.974273681640625,1.5452760457992554,1.9486119747161865,1.0,2.629894256591797,3.3309617042541504,1.9387168884277344,1.0,13.550153732299805,13.763489723205566,6.253955841064453,11.865640640258789,2.4457547664642334,2.6297378540039062,1.0,1.6181541681289673,2.7178955078125,6.032839775085449,2.2178239822387695,3.822923183441162,1.0,1.0,3.476172924041748,3.61007022857666,1.0,3.4354231357574463,1.0,3.7813804149627686,2.3199594020843506,1.0996763706207275,1.179694652557373,1.9365713596343994,1.8041255474090576,2.8184547424316406,1.0,1.7688249349594116,2.7715976238250732,3.7734503746032715,43.24723434448242,1.5709189176559448,1.7264857292175293,9.195940017700195,1.0,1.0,1.0,1.0,10.734712600708008,6.8059916496276855,1.0,1.0247530937194824,5.7141571044921875,1,1.0,61.01835632324219,23.638992309570312,4.369104862213135,3.2993993759155273,1.3873682022094727,3.0272135734558105,1.6950531005859375,1.5710726976394653,1.0,1.0,1.027700662612915,2.2332711219787598,2.224036931991577,2.424318552017212,1.026655673980713,2.963135242462158,1.076972246170044,1.0,1.0,1.0,1.0,1.0,1.0,1.0,1.2085745334625244,1.0,1.0,1.0,3.6283109188079834,2.7287471294403076,3.838688611984253,1.1207923889160156,1.758775234222412,1.8186931610107422,4.803717613220215,1.0,1.0,1.3539186716079712,1.2062115669250488,40.68956756591797,71.67496490478516,105.20518493652344,3.7707042694091797,93.85304260253906,23.289424896240234,44.75349807739258,18.672378540039062,1.0,176.94281005859375,71.68445587158203,1.0,60.93939208984375,24.928194046020508,1.0,59.150245666503906,34.8939323425293,6.243736743927002,36.255950927734375,27.671724319458008,53.06145095825195,6.652466297149658,8.615119934082031,1.0,426.2674255371094,308.66009521484375,1.0,173.59950256347656,7.13632869720459,36.016822814941406,33.920249938964844,70.19465637207031,22.69218635559082,4.379585266113281,92.7684555053711,10.041930198669434,35.19369888305664,21.255287170410156,32.56682205200195,9.791990280151367,17.14470100402832,25.383949279785156,26.61371612548828,1.0,29.390464782714844,19.906883239746094,20.958683013916016,22.34207534790039,12.395966529846191
TEST_05+4일,2.7770655155181885,19.0260066986084,3.7838661670684814,2.5837459564208984,1.0872286558151245,1.0,2.3549344539642334,1.0,2.507368803024292,1.0,1.0,1.0,1.3064026832580566,1.0,1.0,1.0,53.65071105957031,1.0,1.0,29.0231990814209,23.021263122558594,1.0,2.501985788345337,1.0,40.00551986694336,6.985962390899658,14.027647018432617,37.30828094482422,9.656661987304688,3.9663212299346924,3.316453695297241,2.657212018966675,2.1966500282287598,1.0,1.0,1.0,21.742279052734375,1.0,1.4979183673858643,15.800667762756348,12.921101570129395,2.625969886779785,1.4590455293655396,2.0660128593444824,1.2967395782470703,1.1608928442001343,1.0,2.887861967086792,1.5101956129074097,4.269680976867676,19.574443817138672,1.0,9.607303619384766,1.2224864959716797,2.296562910079956,1.0,1.4883884191513062,2.1302342414855957,1.0,1.0,13.486196517944336,12.091285705566406,4.868967533111572,9.274322509765625,2.752121686935425,1.414063811302185,1.0,1.6914068460464478,2.802232027053833,1.0,1.5260674953460693,4.019467830657959,1.0,1.0127413272857666,3.165687084197998,4.407578945159912,1.0,3.182555675506592,1.0,3.674830913543701,1.6097100973129272,1.7144508361816406,2.030219793319702,1.772713303565979,3.2445731163024902,2.8182342052459717,2.243741512298584,2.477069139480591,2.5513932704925537,4.986961364746094,27.24923324584961,1.4583200216293335,2.3132972717285156,9.091135025024414,1.0,1.0,1.0,1.0,9.215485572814941,5.692442417144775,1.8678133487701416,1.0,1.0,1,22.644371032714844,58.37683868408203,18.30132484436035,1.2364834547042847,4.974689483642578,1.5972355604171753,2.797070026397705,1.0,1.0,1.0,1.265517234802246,1.3772772550582886,2.0925052165985107,1.2029553651809692,1.2247823476791382,1.7074798345565796,3.0253942012786865,1.0,1.0,1.0,1.0,1.0,1.0,1.0,1.0052281618118286,4.346635341644287,1.0,1.0,4.276932716369629,2.7647178173065186,1.5415621995925903,4.042757511138916,1.6612989902496338,2.334038734436035,1.6550250053405762,5.575746536254883,1.0,1.0,4.966808319091797,2.616576671600342,55.45536804199219,68.15699768066406,57.887046813964844,1.0,103.49213409423828,26.688220977783203,48.46491622924805,19.266094207763672,2.5747344493865967,178.977783203125,101.83675384521484,12.467156410217285,77.16069793701172,33.03971862792969,8.144933700561523,72.93103790283203,60.16313934326172,8.669742584228516,45.955318450927734,27.406423568725586,74.75209045410156,47.382362365722656,12.588098526000977,1.0,286.9111022949219,255.6094512939453,64.8692398071289,247.86387634277344,44.696842193603516,70.07438659667969,48.27259063720703,158.70765686035156,36.78091049194336,5.571002006530762,145.35902404785156,55.349151611328125,1.0,39.7200927734375,24.541635513305664,1.0,1.0,9.885995864868164,34.05991744995117,1.0,1.0,30.759456634521484,38.91700744628906,14.04736614227295,1.0
TEST_05+5일,9.308016777038574,55.37062072753906,2.919431209564209,2.4753928184509277,1.123262882232666,1.0,26.471038818359375,1.0,1.2542444467544556,1.0,1.0,1.0,1.0150350332260132,1.5257710218429565,1.0,1.0,56.600502014160156,1.1412349939346313,1.0,44.40670394897461,13.431680679321289,2.4913032054901123,1.7706420421600342,1.0,43.454124450683594,18.5549373626709,13.746001243591309,33.80339431762695,9.109344482421875,5.21578311920166,2.401637315750122,1.5418330430984497,1.6161631345748901,1.0,1.0,1.0,28.87495994567871,4.50911283493042,1.6289092302322388,8.006307601928711,14.284831047058105,2.359117031097412,3.0258796215057373,3.6175923347473145,2.0873119831085205,1.0,1.0,2.4899184703826904,1.0,3.6038901805877686,17.29446792602539,1.0,9.523512840270996,1.3464152812957764,1.6790584325790405,1.0,1.834229826927185,1.251921534538269,2.2886691093444824,1.044810175895691,13.52603816986084,3.8123958110809326,2.4924063682556152,11.956463813781738,1.0,4.367153167724609,1.7314372062683105,1.9635779857635498,1.4749082326889038,8.524194717407227,1.0238595008850098,3.6260712146759033,1.0061756372451782,1.0,4.388740062713623,2.7531793117523193,1.7370473146438599,2.8381054401397705,1.0,4.708064079284668,2.118406057357788,1.610569953918457,1.9218379259109497,1.3974928855895996,2.3271658420562744,3.7147200107574463,2.055025815963745,1.51005220413208,2.060781955718994,4.427799701690674,24.861236572265625,1.450670838356018,2.4935622215270996,8.662764549255371,1.0,1.0,1.0,1.0,11.648721694946289,3.4748589992523193,1.445895791053772,1.0,9.057940483093262,1,1.9747425317764282,93.59148406982422,14.206034660339355,3.5134387016296387,3.120861291885376,1.117855191230774,4.688119411468506,1.0845293998718262,1.9856207370758057,1.0,2.208995819091797,1.4673484563827515,4.886670112609863,1.7339545488357544,3.0040645599365234,1.2201311588287354,2.3427205085754395,2.113002061843872,1.0,1.0,1.0,1.0,1.0585027933120728,1.0,1.0,6.130001068115234,1.1055800914764404,1.0985385179519653,30.55202293395996,3.407407760620117,3.2770230770111084,3.6349589824676514,1.8523991107940674,1.3151711225509644,1.3015402555465698,6.694167613983154,1.6679904460906982,1.0,3.685497522354126,1.7449337244033813,59.10462188720703,61.43779754638672,75.18196105957031,1.0,100.32566833496094,42.733985900878906,52.09194564819336,41.771827697753906,2.0698657035827637,153.30128479003906,69.02567291259766,1.0,76.43427276611328,27.978796005249023,8.400654792785645,57.72157669067383,54.654197692871094,7.921751499176025,52.119972229003906,25.288726806640625,74.44182586669922,18.982040405273438,15.682364463806152,1.0,568.04248046875,315.21710205078125,8.301156997680664,214.62779235839844,72.4498291015625,96.38851928710938,48.96220016479492,179.3079376220703,33.55075454711914,5.200567722320557,136.7896728515625,43.021095275878906,1.0,1.0,20.098045349121094,19.571922302246094,11.214247703552246,14.211548805236816,1.0,1.0,1.0,16.36433982849121,64.69620513916016,21.597232818603516,10.96645450592041
TEST_05+6일,7.085723876953125,8.135856628417969,5.24095344543457,2.0504331588745117,1.0363197326660156,2.0266072750091553,5.541757106781006,1.0,3.1951940059661865,1.0,2.193744659423828,1.0,1.6161285638809204,2.408322811126709,27.006010055541992,2.955094575881958,34.307273864746094,1.1020182371139526,1.0,27.00497817993164,20.482805252075195,3.398277521133423,2.2032129764556885,1.0,28.9138126373291,19.372411727905273,11.681472778320312,95.24349975585938,10.91330337524414,4.793861389160156,3.063422441482544,2.1492230892181396,2.947688341140747,1.5604705810546875,1.0,3.660247325897217,34.06971740722656,1.3602221012115479,1.8616589307785034,24.16737174987793,18.9311466217041,1.860749363899231,3.7647690773010254,3.202052354812622,1.6443439722061157,3.260289430618286,1.6012424230575562,4.6532769203186035,1.0,4.342894554138184,21.719404220581055,2.4441983699798584,7.809775352478027,1.4438141584396362,2.494839906692505,1.3837239742279053,1.9801325798034668,2.650545597076416,2.5577473640441895,1.6460968255996704,15.974958419799805,10.908303260803223,4.299639701843262,9.908506393432617,1.845183253288269,3.9153568744659424,1.441251516342163,1.105715274810791,3.3437113761901855,4.196663856506348,2.926783800125122,1.647586703300476,1.040942907333374,1.0532368421554565,4.3245697021484375,1.0,2.6995468139648438,4.744378089904785,1.8507252931594849,4.3001017570495605,2.475818634033203,2.0297489166259766,2.4644370079040527,3.3677430152893066,1.63053560256958,4.088583946228027,1.9703346490859985,2.3896474838256836,3.125775098800659,6.3914995193481445,42.69343948364258,1.0,2.936383008956909,15.142645835876465,1.0,1.0,1.0,1.0,35.23344039916992,6.099087715148926,2.1257166862487793,1.1526392698287964,8.434259414672852,1,1.0,79.6548080444336,26.4681339263916,3.8300321102142334,3.6578803062438965,2.197850227355957,5.84995698928833,1.6574300527572632,1.9503706693649292,1.3813344240188599,1.8210232257843018,1.7749682664871216,3.6439268589019775,1.0,2.5458648204803467,1.0,2.3901093006134033,1.0,1.0,1.0,1.0408604145050049,1.0,1.0,1.0,1.0,5.090120315551758,1.0,1.0,1.0,5.648961067199707,1.9156514406204224,6.008645534515381,3.6332895755767822,2.33805251121521,2.6780788898468018,11.262721061706543,2.1077497005462646,1.0,5.1023125648498535,2.8320465087890625,47.23128890991211,74.15719604492188,113.95341491699219,13.508753776550293,81.65593719482422,31.054161071777344,54.24795150756836,1.0,1.6984565258026123,182.32029724121094,75.5125732421875,1.0,75.64414978027344,36.904945373535156,23.915359497070312,70.21186828613281,66.35513305664062,5.267154216766357,44.722957611083984,33.775604248046875,80.92670440673828,37.02640914916992,13.199213981628418,4.443883419036865,417.36370849609375,174.90362548828125,1.0,372.5703125,52.584930419921875,67.54105377197266,48.224403381347656,213.494384765625,40.4671630859375,14.564244270324707,120.73544311523438,42.01710510253906,35.46720886230469,31.186145782470703,16.31585121154785,33.90065383911133,6.667742729187012,1.0,3.5819716453552246,1.0,1.0,29.804481506347656,46.21129608154297,17.930587768554688,5.315642356872559
TEST_05+7일,7.714600086212158,1.0,7.894384384155273,6.19393253326416,1.4159928560256958,1.0,1.0,1.0,4.3676629066467285,1.0,3.32920241355896,1.0,1.4398391246795654,4.209424018859863,28.398237228393555,2.7931904792785645,1.0,1.2957478761672974,1.4194194078445435,4.47733736038208,1.0,4.3886189460754395,1.8275485038757324,1.0,17.015134811401367,9.452125549316406,1.0,27.81598663330078,14.576260566711426,5.3404221534729,8.575775146484375,5.100581645965576,2.351046323776245,2.314826726913452,1.0,6.579878807067871,60.816734313964844,1.0,2.9423987865448,43.65404510498047,24.02625274658203,3.257359027862549,5.277712821960449,1.0,1.0385102033615112,2.9392669200897217,1.0121415853500366,5.492664813995361,1.0,3.439770221710205,32.39845275878906,1.344955325126648,12.928257942199707,1.6500593423843384,4.2660980224609375,1.8055230379104614,3.931443214416504,2.6017770767211914,2.2501420974731445,2.2452499866485596,22.734338760375977,11.63105297088623,6.359164714813232,17.717275619506836,5.055758476257324,2.6359641551971436,2.703308582305908,2.4538559913635254,4.689833164215088,1.0,2.3380446434020996,6.712940216064453,1.2197976112365723,1.0,8.577359199523926,3.8788604736328125,2.033851146697998,3.187793493270874,1.4242442846298218,5.630534648895264,2.67518949508667,1.8938535451889038,2.3564870357513428,3.619471549987793,2.308656692504883,5.855102062225342,1.7633521556854248,4.276483058929443,2.6262094974517822,8.64680004119873,1.9822967052459717,2.660845994949341,5.734511375427246,17.726240158081055,1.8120993375778198,1.0,1.5109344720840454,1.0,8.597721099853516,12.607610702514648,2.153975009918213,1.142319679260254,3.283902645111084,1,73.99604797363281,48.82850646972656,28.109766006469727,7.004544734954834,6.492607593536377,2.564302921295166,6.858912944793701,2.6658284664154053,3.1751201152801514,1.5902544260025024,1.2496401071548462,1.4063897132873535,4.4461445808410645,2.1386771202087402,4.083974838256836,2.1969382762908936,3.6243574619293213,2.316950559616089,1.0,1.0,1.0,1.0,1.0,1.0,1.0,1.0,1.0,1.0,1.0,5.899545192718506,5.0799102783203125,9.104429244995117,4.029123783111572,1.5416680574417114,4.047597885131836,15.272409439086914,2.9004647731781006,1.0,7.319783687591553,2.990108013153076,71.29267883300781,67.6174545288086,42.54022979736328,1.0,110.05815887451172,50.85247039794922,61.464019775390625,30.886760711669922,4.507721424102783,226.77813720703125,113.32081604003906,1.0,100.03675079345703,36.02447509765625,1.0,74.26506805419922,85.58641052246094,4.802858829498291,52.072998046875,41.68722915649414,107.69869995117188,34.22303009033203,16.926437377929688,7.154088973999023,735.40283203125,329.59130859375,76.51239776611328,252.0640869140625,59.849788665771484,121.9266357421875,63.2357063293457,248.66127014160156,43.112239837646484,8.230323791503906,156.46661376953125,39.58631134033203,25.175243377685547,44.5021858215332,34.50849151611328,25.06052589416504,20.26683807373047,39.079864501953125,22.889429092407227,24.86203384399414,21.54471206665039,15.179049491882324,90.75788116455078,18.95452308654785,31.365320205688477
TEST_06+1일,3.6489174365997314,1.0,6.961916446685791,2.9328973293304443,1.0,2.6125144958496094,1.0,2.4878973960876465,4.4054646492004395,1.045240044593811,1.1115347146987915,1.190317988395691,1.809116005897522,1.4663182497024536,1.0,1.0,1.0,1.3736443519592285,1.1968610286712646,1.0,3.4360430240631104,2.1945719718933105,1.845219373703003,1.0,17.762462615966797,1.0,1.0,10.096912384033203,11.218791007995605,4.622749328613281,3.9184093475341797,4.535739421844482,1.0,1.7705100774765015,1.0,5.96441650390625,38.07693099975586,1.0,1.2371597290039062,21.926427841186523,22.824676513671875,1.163464903831482,8.93230152130127,1.5643267631530762,1.0,3.3967859745025635,1.0,4.505355358123779,1.0,5.297552585601807,27.477203369140625,1.4083272218704224,7.902630805969238,1.3179410696029663,1.773479700088501,2.702521562576294,1.3461452722549438,4.1630144119262695,1.3976150751113892,1.3875864744186401,17.99225425720215,13.297818183898926,13.206116676330566,14.418498039245605,6.496304035186768,1.43434476852417,1.0,1.4048947095870972,4.021371364593506,1.0,1.657130241394043,6.580381393432617,1.2798281908035278,1.0,4.4572529792785645,4.436712265014648,1.0922659635543823,1.8063175678253174,1.0,7.273624897003174,2.2146928310394287,1.0684444904327393,1.6385787725448608,1.734799861907959,2.3107330799102783,2.970578193664551,1.2962310314178467,1.9127577543258667,3.5966413021087646,6.613311290740967,1.0,1.7158801555633545,3.1941301822662354,13.067717552185059,1.0478755235671997,1.0772790908813477,1.0,1.0,32.40998077392578,6.626132965087891,2.141367197036743,1.0,3.194941997528076,1,91.02437591552734,1.0,29.591482162475586,4.167243003845215,3.3717422485351562,1.0,6.581707000732422,1.0,1.5532625913619995,1.0,1.1048011779785156,1.0,3.9773542881011963,2.275764226913452,1.755336046218872,1.8809504508972168,1.4580714702606201,1.927875280380249,1.0,1.0,1.0,1.0,1.0,1.0,1.0,1.0,1.0,1.0,1.0,5.320176124572754,2.1084187030792236,4.494957447052002,3.824215888977051,1.0,2.5130906105041504,9.249654769897461,1.8531510829925537,1.0,4.608980178833008,2.0001049041748047,50.24153518676758,80.79627227783203,2.978926181793213,1.0,77.53353881835938,26.135618209838867,41.160064697265625,34.909278869628906,1.0151984691619873,100.39521789550781,70.95911407470703,1.0,62.75772476196289,22.9162654876709,22.698686599731445,55.48178482055664,48.903297424316406,3.1272635459899902,46.0514030456543,20.636667251586914,76.1639404296875,32.692928314208984,17.390588760375977,1.2260524034500122,279.69537353515625,433.0599365234375,1.0,315.0159606933594,83.66840362548828,93.51144409179688,67.93829345703125,173.1115264892578,33.01197052001953,10.703360557556152,121.48320007324219,25.546993255615234,1.0,42.265716552734375,58.04924392700195,23.711544036865234,28.148319244384766,42.924861907958984,49.459232330322266,78.68318176269531,21.154329299926758,56.57548141479492,61.769535064697266,4.78879451751709,10.40959644317627
TEST_06+2일,7.542679786682129,1.0,4.738668918609619,1.2873326539993286,1.0,1.0,1.0,1.0,3.199876070022583,1.0,1.7022966146469116,1.255662202835083,1.3721752166748047,1.0,1.0,1.0,20.783132553100586,1.0,1.0,29.549779891967773,1.0,1.1928802728652954,1.0,1.0,18.37865447998047,32.08073043823242,1.0,1.0,6.573637962341309,5.029582500457764,2.1215596199035645,2.823939085006714,1.0,1.876178503036499,1.0,7.557499885559082,30.997474670410156,1.0,1.0723649263381958,20.079286575317383,18.9936580657959,1.1521847248077393,1.4055002927780151,1.0,1.7190382480621338,3.7393457889556885,1.5535223484039307,1.7234609127044678,1.0,4.1289238929748535,20.910484313964844,2.69510817527771,6.87325382232666,1.0,1.0,1.2923693656921387,1.0,2.873492956161499,1.0,1.0,15.146446228027344,6.9136247634887695,3.560495376586914,9.357039451599121,5.181369781494141,1.0,1.1630256175994873,1.0,2.263209342956543,1.0,1.0,1.8816945552825928,1.0,1.0,2.401920795440674,1.0,1.0,3.8196468353271484,1.0,3.7419872283935547,1.3125991821289062,1.0,1.0,1.4902184009552002,1.0,3.168968915939331,1.0,1.0,1.6125619411468506,2.267422676086426,1.0,1.485148549079895,2.9182498455047607,8.95860767364502,1.0,1.0,1.0,1.0,14.230164527893066,9.270792961120605,1.0,1.0,3.5663697719573975,1,62.19966506958008,51.85995864868164,31.163259506225586,2.476905107498169,3.329543352127075,1.0,1.9428386688232422,1.382220983505249,2.2514097690582275,1.0275962352752686,1.3315757513046265,1.1493648290634155,1.8109954595565796,1.348837971687317,1.687821865081787,1.0,1.7372757196426392,1.9638484716415405,1.0,1.0,1.0,1.0,1.0,1.0,1.0,3.1190900802612305,1.0,1.0,1.0,2.34200119972229,1.633705496788025,2.154402017593384,2.105875253677368,1.0,1.4240586757659912,3.8468356132507324,1.0,1.0,2.989758253097534,1.011349081993103,37.00259017944336,50.29184341430664,46.0482063293457,24.899330139160156,50.08201217651367,26.97251319885254,33.125770568847656,44.02064895629883,4.606441974639893,123.77619171142578,58.238948822021484,1.0,61.7115592956543,13.463183403015137,75.34294128417969,53.802085876464844,69.89539337158203,6.136804103851318,35.82242202758789,25.82522201538086,55.9710807800293,38.10114669799805,13.496505737304688,1.0,97.58692169189453,218.91452026367188,56.0872917175293,184.4411163330078,57.34897232055664,65.51025390625,39.45096969604492,120.20542907714844,24.441482543945312,11.498706817626953,130.06845092773438,71.740966796875,1.0,25.33974838256836,68.52406311035156,14.270720481872559,23.096729278564453,25.79688835144043,38.34051513671875,15.617228507995605,1.0,37.69975662231445,1.0,8.430416107177734,3.6473519802093506
TEST_06+3일,4.8011250495910645,69.61689758300781,3.399263858795166,1.8729586601257324,1.0,1.2708097696304321,1.0,1.0,4.194721221923828,1.0,2.100614070892334,1.0127558708190918,1.059682846069336,1.0,7.69667911529541,1.1204898357391357,4.901808261871338,1.0210087299346924,1.1048918962478638,20.163959503173828,23.642194747924805,1.984070897102356,1.0,1.0017489194869995,37.743186950683594,24.063459396362305,1.0,49.951507568359375,6.789254665374756,5.5739216804504395,5.075896263122559,4.135829925537109,1.0,1.3697513341903687,1.0,6.230234146118164,22.895938873291016,4.537370204925537,1.1699689626693726,20.877887725830078,20.882516860961914,1.2875308990478516,5.368444442749023,1.0,1.9672311544418335,1.1042578220367432,1.2105302810668945,2.6301355361938477,1.0,3.9829533100128174,20.662689208984375,1.0,5.340565204620361,1.4279911518096924,1.0,1.0,2.8208818435668945,1.969431757926941,2.4250924587249756,1.0,8.714426040649414,13.095046997070312,3.6117966175079346,10.512125968933105,2.0285680294036865,2.002056360244751,1.0,1.5193166732788086,2.205310344696045,3.436471462249756,2.106323480606079,4.442513942718506,1.1662286520004272,1.0,2.973670244216919,4.590636253356934,1.0,2.877528429031372,1.0,3.576570749282837,1.9961881637573242,1.3841066360473633,1.0717099905014038,1.0,1.4595915079116821,2.8558759689331055,1.0,1.756742238998413,3.047785997390747,4.778689861297607,43.956382751464844,1.2593176364898682,1.1914063692092896,7.000302791595459,1.0,1.0,1.0,1.0,13.198418617248535,5.354363918304443,1.0785763263702393,1.2309956550598145,8.145825386047363,1,1.0,28.212284088134766,21.001367568969727,4.012072563171387,2.7468461990356445,1.0318870544433594,2.504819631576538,1.4057912826538086,1.3859959840774536,1.0,1.0,1.0,1.7566159963607788,1.5094324350357056,1.7101331949234009,1.0,1.299242615699768,1.6809889078140259,1.1306259632110596,1.0,1.0,1.0,1.0,1.0,1.0,1.4619501829147339,1.0,1.0,1.7374298572540283,2.814124345779419,2.2863128185272217,1.6781153678894043,1.9783344268798828,1.0,1.5694031715393066,3.452559471130371,1.0,1.0,1.0,1.0,33.219024658203125,52.53654479980469,119.44969177246094,13.822139739990234,63.64955520629883,13.301876068115234,32.943641662597656,26.1430606842041,1.0,136.14566040039062,67.81241607666016,1.0,57.40755081176758,18.545833587646484,12.87722396850586,40.548583984375,55.40327835083008,6.996397495269775,39.684234619140625,15.997964859008789,59.2899055480957,10.32512092590332,12.825188636779785,2.4697039127349854,278.0610656738281,246.0127716064453,1.0,176.05084228515625,24.449785232543945,74.85388946533203,28.059385299682617,69.82299041748047,18.222707748413086,10.922961235046387,76.58663177490234,9.966002464294434,5.416004180908203,27.724794387817383,68.04060363769531,6.353466510772705,8.447376251220703,24.154512405395508,25.681005477905273,27.44957733154297,17.014551162719727,18.502952575683594,23.948322296142578,10.20300006866455,29.09008026123047
TEST_06+4일,5.530292987823486,62.89799880981445,2.5786163806915283,1.9518119096755981,1.0908033847808838,1.0,8.931238174438477,1.0,2.066199541091919,1.0,1.0,1.0,1.315947413444519,2.1209218502044678,1.0,1.0,50.727256774902344,1.0,1.0,34.323978424072266,25.971641540527344,1.0,1.4353715181350708,1.0,39.04015350341797,21.63443946838379,12.405099868774414,37.98778533935547,3.188279151916504,4.566601276397705,2.00360369682312,2.9355695247650146,1.429398536682129,1.9608206748962402,1.0,4.778010845184326,22.840267181396484,1.0,1.332813024520874,22.653621673583984,5.223441123962402,1.4711233377456665,2.139235258102417,1.8206732273101807,1.0,2.2847516536712646,1.0,2.0248610973358154,1.0,4.989052772521973,17.378063201904297,1.0,5.215420722961426,1.240881085395813,1.4927771091461182,1.0,1.73847234249115,1.0,1.0,1.0,8.231072425842285,12.046549797058105,5.9683685302734375,7.376985549926758,1.7766172885894775,1.3118977546691895,1.0,1.6473872661590576,2.090733528137207,1.0,1.0774515867233276,4.07471227645874,1.090043544769287,1.2604442834854126,3.4142754077911377,5.588116645812988,1.0,3.2798373699188232,1.0,2.614189624786377,1.2862082719802856,2.1370961666107178,2.3466687202453613,1.100954532623291,1.2194430828094482,1.8687177896499634,2.8168447017669678,2.449282646179199,2.8096444606781006,5.417271614074707,34.61793518066406,1.3507345914840698,1.695963740348816,6.794612884521484,1.0,1.0,1.0,1.0328534841537476,10.975523948669434,4.486623764038086,2.0395400524139404,1.3553733825683594,1.2623182535171509,1,13.797553062438965,30.5146484375,15.444697380065918,1.1564654111862183,4.46046781539917,1.0,2.791097402572632,1.0,1.0,1.0,1.0,1.0425968170166016,1.4248160123825073,1.0,1.1210453510284424,1.3149504661560059,1.9397555589675903,1.0,1.0,1.0,1.0,1.0,1.0,1.0,1.0,4.431980609893799,1.0,1.0,4.685330390930176,2.9995319843292236,1.0248185396194458,1.3479063510894775,2.4299893379211426,1.3265907764434814,1.3588783740997314,3.413806915283203,1.0,1.0,3.3245043754577637,2.021843433380127,36.87263488769531,41.629886627197266,59.500431060791016,4.881664276123047,69.56303405761719,18.940406799316406,26.73725128173828,25.815011978149414,2.63397479057312,99.07811737060547,66.35698699951172,7.872496128082275,54.89678192138672,13.079375267028809,20.055156707763672,38.5234260559082,43.967552185058594,6.946144104003906,30.90207290649414,19.944080352783203,53.734676361083984,25.50052261352539,13.267945289611816,1.0,181.30667114257812,219.37652587890625,87.67168426513672,231.7945098876953,44.245338439941406,49.73878479003906,46.11348342895508,97.75504302978516,19.628047943115234,8.078614234924316,118.12181091308594,27.816171646118164,1.0,52.7391471862793,26.485816955566406,1.0,1.0,15.258269309997559,32.94747543334961,1.0,1.0,28.025774002075195,26.52009391784668,10.744915962219238,10.32574462890625
TEST_06+5일,8.905904769897461,57.20197296142578,1.8855750560760498,2.4209420680999756,1.027814507484436,1.8580678701400757,12.605977058410645,1.0,1.8831331729888916,1.0,1.0,1.0,1.1007944345474243,1.0,1.0,1.0,56.83034133911133,1.0645999908447266,1.0,72.13789367675781,12.51268196105957,2.83319091796875,1.0,1.0,38.3612174987793,24.952760696411133,14.355789184570312,38.825679779052734,8.25822925567627,4.673405647277832,1.7774728536605835,3.2934911251068115,1.757839560508728,1.8650683164596558,1.0,2.747408866882324,26.953371047973633,4.109589099884033,1.878008484840393,21.179737091064453,20.32704734802246,1.6386457681655884,3.6051270961761475,3.6384832859039307,2.303964614868164,1.2212895154953003,1.0,3.4624485969543457,1.0,3.6353745460510254,17.484704971313477,1.7094365358352661,7.360296726226807,1.9519951343536377,1.5542351007461548,1.1152583360671997,2.150542736053467,2.9466166496276855,1.8187147378921509,1.0,7.488262176513672,5.774719715118408,1.6211647987365723,14.076791763305664,1.0,3.6836392879486084,2.6516377925872803,2.239443063735962,1.5166555643081665,7.572266578674316,1.0998023748397827,3.2743732929229736,1.0,1.0,4.188745021820068,4.46967077255249,1.0,2.9376089572906494,1.0,4.0583367347717285,1.8272536993026733,1.5142027139663696,1.965274453163147,1.0764245986938477,2.4010701179504395,2.576155424118042,1.232373833656311,1.4421324729919434,2.0956387519836426,4.007687091827393,58.739376068115234,1.410271167755127,1.632050633430481,8.018537521362305,1.0,1.0,1.0256582498550415,1.0557613372802734,12.202896118164062,2.8719229698181152,1.6622806787490845,1.0821382999420166,11.90225887298584,1,2.271930694580078,32.72526168823242,13.585601806640625,3.5895986557006836,3.1642916202545166,1.184348464012146,2.51249098777771,1.0715370178222656,1.8257684707641602,1.0,1.0,1.3481717109680176,3.6364850997924805,1.7663226127624512,2.1980643272399902,1.0,1.6925358772277832,2.4585585594177246,1.0549614429473877,1.0,1.0,1.0,1.2716776132583618,1.0,1.0,6.280794143676758,1.2212682962417603,1.0,2.957827568054199,3.3699543476104736,2.459383964538574,2.254702568054199,1.6174342632293701,1.0,1.0,3.7998814582824707,1.2903558015823364,1.0,1.887865424156189,2.0232045650482178,40.717220306396484,44.042877197265625,66.86300659179688,7.214188575744629,68.93485260009766,28.199161529541016,30.23712921142578,49.67353439331055,1.0,92.23591613769531,50.67118835449219,1.0,49.50431442260742,16.06221580505371,1.0,33.35345458984375,41.089962005615234,6.634201526641846,35.596107482910156,17.54158592224121,60.171810150146484,22.68438148498535,14.101187705993652,1.0,354.6698303222656,322.54730224609375,28.673158645629883,163.1161651611328,72.17218017578125,72.38453674316406,56.0769157409668,137.94117736816406,19.479694366455078,8.63276481628418,112.13502502441406,33.368141174316406,1.0,3.381446361541748,44.056121826171875,22.386070251464844,4.826956272125244,12.154314041137695,1.0,1.0,1.0,23.817005157470703,68.39730072021484,12.962458610534668,14.100897789001465
TEST_06+6일,8.819872856140137,30.191177368164062,4.439522743225098,3.3753182888031006,1.0,2.226994037628174,4.644185543060303,1.0,3.5006349086761475,1.0,1.366158366203308,1.4772474765777588,1.8743008375167847,1.341496229171753,24.01262664794922,2.0778121948242188,41.29789352416992,1.4076924324035645,1.0924620628356934,41.06651306152344,20.5844783782959,2.8454489707946777,1.0,1.0,26.4852352142334,15.441656112670898,15.567676544189453,97.2618637084961,9.180815696716309,5.288682460784912,2.2745156288146973,3.848829746246338,1.7887777090072632,2.978445291519165,1.0,7.7213335037231445,36.066017150878906,1.0,1.6054069995880127,34.124290466308594,15.222207069396973,1.5346342325210571,4.6488800048828125,3.1629202365875244,1.4772732257843018,2.993779420852661,1.6103514432907104,3.7977583408355713,1.0,5.979621887207031,21.452476501464844,1.7131457328796387,6.630037307739258,1.4901797771453857,1.9744882583618164,2.37739896774292,2.287611484527588,2.7263245582580566,1.6884058713912964,1.3478760719299316,12.836880683898926,10.078262329101562,5.585158348083496,13.245301246643066,4.512745380401611,2.9365057945251465,1.0,1.0,3.7141830921173096,2.204540967941284,2.6842968463897705,1.4562748670578003,1.15553879737854,1.0204170942306519,4.10407018661499,2.332735776901245,2.0008163452148438,4.590965747833252,2.29939603805542,4.033216953277588,2.2915120124816895,1.9736297130584717,2.4957165718078613,2.353309392929077,1.43914794921875,2.624729871749878,1.5694122314453125,2.7493419647216797,3.249931573867798,6.492196559906006,43.37405014038086,1.0122506618499756,2.689764976501465,13.303150177001953,1.0,1.0,1.0,1.0,39.43745803833008,6.225027561187744,2.246980905532837,1.5595628023147583,8.341167449951172,1,1.0,36.97395706176758,19.63443374633789,3.1271584033966064,4.100086688995361,1.0,5.3076653480529785,1.7102497816085815,1.528273344039917,1.2766025066375732,1.079412817955017,1.4931617975234985,2.0822815895080566,1.5133779048919678,2.4415194988250732,1.2831841707229614,1.7036516666412354,1.0,1.0,1.0,1.049360752105713,1.0099989175796509,1.0,1.0,1.0,4.878317832946777,1.024099588394165,1.0,1.0,5.757678985595703,1.8639614582061768,4.1795334815979,4.278739929199219,1.738203525543213,2.151775360107422,10.309225082397461,2.188006639480591,1.0,3.6937386989593506,2.7571518421173096,28.305438995361328,50.678585052490234,96.57568359375,15.539175987243652,49.47886276245117,18.52813148498535,34.92454147338867,1.0,1.0,111.10743713378906,54.74564743041992,1.0,51.35649871826172,14.625539779663086,17.63414192199707,41.31201171875,49.77407455444336,4.975469589233398,28.956212997436523,18.7497615814209,53.98459243774414,7.44439697265625,16.611900329589844,4.0291595458984375,258.85205078125,173.78155517578125,4.85614013671875,313.3404235839844,48.97511672973633,58.38920211791992,48.07448196411133,192.11167907714844,33.40478515625,17.198366165161133,79.4509506225586,16.01729965209961,2.0658812522888184,47.104286193847656,34.77939224243164,38.95820617675781,6.4131340980529785,1.0,1.0,64.36824035644531,16.868377685546875,39.253543853759766,23.643108367919922,18.447254180908203,21.92519760131836
TEST_06+7일,9.930893898010254,1.0,7.6958231925964355,6.8296613693237305,1.4166815280914307,1.2402726411819458,1.0,1.0,4.915863037109375,1.0,3.3363003730773926,1.0,1.9450117349624634,4.655634880065918,26.93392562866211,2.6414096355438232,1.0,1.1704673767089844,2.1148762702941895,1.0,1.0,3.5895564556121826,1.0,1.0,18.20987319946289,5.327470302581787,1.0,29.401968002319336,8.287140846252441,5.837493419647217,6.723828315734863,7.518731117248535,3.4527621269226074,2.7743189334869385,1.0,11.734759330749512,63.69976806640625,1.0,3.064361333847046,56.46253204345703,25.534427642822266,2.332929849624634,5.92377233505249,1.0,1.4868042469024658,3.473886013031006,1.0299816131591797,3.5345511436462402,1.0,4.824304103851318,32.237152099609375,2.6239471435546875,9.66728687286377,1.7217274904251099,4.225841522216797,2.130121946334839,3.164339780807495,2.3592517375946045,1.5450630187988281,2.1720151901245117,19.638216018676758,9.09832763671875,9.444294929504395,18.604825973510742,6.4008684158325195,2.352947950363159,2.3006627559661865,2.23557448387146,4.450868606567383,1.0,2.3636679649353027,7.468766689300537,1.4495084285736084,1.0,7.512337684631348,4.628117084503174,1.4841609001159668,2.0531842708587646,1.4290579557418823,5.550830841064453,2.2651126384735107,2.0691351890563965,2.4899935722351074,2.6945786476135254,1.0,4.9516282081604,1.9990242719650269,4.026257514953613,2.7596354484558105,6.980719566345215,16.19626808166504,2.341620683670044,5.001821041107178,16.71047019958496,3.5695061683654785,1.0,1.5857349634170532,1.0126365423202515,10.581827163696289,14.00468921661377,2.1181163787841797,1.2735953330993652,7.658102989196777,1,86.16735076904297,4.512564659118652,23.573884963989258,6.6728386878967285,6.311970233917236,2.66107177734375,6.041799545288086,2.5796542167663574,2.616381883621216,1.4350711107254028,1.5780290365219116,1.3425159454345703,4.076305866241455,2.0696911811828613,2.9899845123291016,1.59744393825531,1.9472523927688599,1.8509504795074463,1.0,1.0,1.0,1.0,1.0,1.0,1.0,1.0,1.0,1.0,3.1778202056884766,6.173350811004639,3.8652186393737793,7.029293537139893,4.728283882141113,1.0,3.318307399749756,13.776144027709961,2.8874480724334717,1.0087919235229492,5.665101051330566,2.9498069286346436,47.210670471191406,33.72175979614258,66.5919189453125,1.0,63.8324089050293,26.809473037719727,36.63333511352539,37.95364761352539,4.755156993865967,143.2373046875,87.21045684814453,1.0,65.74927520751953,23.584911346435547,12.983601570129395,51.21745300292969,55.36073684692383,5.004499912261963,37.09123229980469,29.77572250366211,84.17790222167969,31.565942764282227,19.62594223022461,8.496291160583496,498.0560607910156,357.06103515625,90.2025146484375,248.1985626220703,55.75682830810547,89.21697998046875,62.38874435424805,156.90455627441406,28.321304321289062,10.672714233398438,155.499755859375,47.43975067138672,1.0,40.36162567138672,65.1701431274414,29.75130271911621,17.178680419921875,39.80641174316406,27.20663070678711,85.70771026611328,1.0,9.07137393951416,76.84600830078125,18.492233276367188,45.122520446777344
TEST_07+1일,5.520548343658447,1.0,6.2997589111328125,2.378410816192627,1.0260655879974365,1.0,1.0,4.955916881561279,4.29644775390625,1.0,1.8818198442459106,1.1716729402542114,1.7753063440322876,1.0,2.8247926235198975,1.1299365758895874,1.0,1.415705680847168,1.2447195053100586,1.0,1.301055908203125,3.314753532409668,1.9371864795684814,1.0,1.0399119853973389,1.0,1.0,12.427927017211914,2.9224977493286133,4.11538028717041,2.3190033435821533,2.6500627994537354,1.023065447807312,1.0,1.423535704612732,2.800524950027466,10.426883697509766,1.7779736518859863,1.0,1.0,16.261737823486328,1.7214752435684204,7.916425704956055,1.1682612895965576,1.0,3.749802827835083,1.0,5.088844299316406,1.0,6.396183490753174,10.691092491149902,1.0854159593582153,5.080150127410889,1.6214227676391602,1.5755698680877686,2.566662073135376,1.475406289100647,3.3941550254821777,1.3318599462509155,1.3341997861862183,6.399091720581055,14.250468254089355,15.269786834716797,2.8272430896759033,7.022544860839844,1.0,1.0,1.0573890209197998,4.230815410614014,2.165452480316162,1.9072166681289673,5.0654730796813965,1.1782143115997314,1.0,2.8453469276428223,2.549774646759033,2.025143623352051,3.4898176193237305,1.4345978498458862,5.297616004943848,2.0398380756378174,1.0,1.0,2.2066915035247803,2.1974592208862305,1.334281086921692,1.0,1.8987658023834229,3.055380344390869,3.8969030380249023,1.0,1.3871570825576782,2.7909398078918457,1.8991864919662476,1.2422142028808594,1.0,1.0,1.0,24.862468719482422,5.713198184967041,2.08056902885437,1.0,1.0,1,43.78583908081055,1.5597455501556396,17.764259338378906,3.3830811977386475,1.9640129804611206,1.0,6.425308704376221,1.0328298807144165,1.0,1.0118522644042969,1.0602682828903198,1.0,2.189131736755371,1.0,1.122665524482727,1.7860617637634277,1.3028995990753174,1.469530463218689,1.0,1.0,1.0,1.0,1.0,1.0,1.0,1.0,1.0,1.0,1.0,4.071812152862549,1.0,1.3018869161605835,1.6969573497772217,1.0,1.3307384252548218,5.601634502410889,1.0352554321289062,1.0332306623458862,2.866532564163208,1.0,9.160460472106934,16.065479278564453,1.0,1.0,3.7835731506347656,7.353614330291748,7.381801605224609,3.8244247436523438,1.0,29.679637908935547,1.2068126201629639,1.0,10.221017837524414,6.976617336273193,1.0,1.0,10.745614051818848,1.5398032665252686,6.646430492401123,5.985793113708496,9.650221824645996,9.718680381774902,3.038365125656128,1.288793921470642,118.35628509521484,174.65267944335938,14.944148063659668,132.82681274414062,32.17283630371094,39.53231430053711,13.344207763671875,77.22152709960938,7.171380043029785,8.878642082214355,1.1893575191497803,3.673452138900757,17.951549530029297,39.536170959472656,39.35106658935547,30.639240264892578,27.921463012695312,35.506534576416016,37.61835479736328,118.42276763916016,35.832496643066406,27.718141555786133,68.56334686279297,4.929078578948975,30.687803268432617
TEST_07+2일,6.4236226081848145,1.0,2.3968284130096436,1.0,1.0,1.0,7.42923641204834,3.458554267883301,2.9876041412353516,1.0,1.0,1.424268126487732,1.6443690061569214,1.0,1.0,1.0,33.80805969238281,1.0,1.0,23.751665115356445,6.1564788818359375,2.1118412017822266,1.0,1.0,9.49100399017334,33.5911979675293,1.0,1.0,1.0,3.8090169429779053,1.2047606706619263,1.0,1.0,1.247504711151123,1.0,4.153435707092285,1.8963637351989746,3.5397796630859375,1.0837457180023193,1.0,12.857257843017578,1.9636564254760742,1.439190149307251,1.0,1.578958511352539,4.772887706756592,1.5692870616912842,3.328415632247925,1.0,3.865811824798584,5.699772357940674,3.516383171081543,5.73442268371582,1.0,1.0,1.0,1.0,2.5428850650787354,1.0,1.0,3.305128574371338,5.448622703552246,3.100428819656372,1.0,4.730503559112549,1.0,1.4559470415115356,1.0,2.6869280338287354,1.322877287864685,1.0,1.0,1.0,1.0,1.0,1.0,1.0,3.775226354598999,1.0,2.410059928894043,1.689046025276184,1.0,1.0,2.4371113777160645,1.0,2.7592458724975586,1.0,1.0,1.0,1.0,6.9362921714782715,1.3734641075134277,2.914052724838257,1.4864611625671387,1.0,1.0,1.0,1.0,1.0,8.856203079223633,1.123626470565796,1.0,3.529249906539917,1,44.10700225830078,23.719327926635742,35.92035675048828,2.6445798873901367,2.502807140350342,1.0,2.2500808238983154,1.50010347366333,1.8778034448623657,1.0117764472961426,1.1773566007614136,1.391927719116211,1.0,1.4126697778701782,1.483873724937439,1.0,1.0,4.4554009437561035,1.0,1.0,1.0200082063674927,1.0,1.0,1.0,1.0,1.3720465898513794,1.0,1.0,1.0,1.0,1.0,1.0,1.0,1.0,1.0,1.0,1.0,1.0,1.5262727737426758,1.0,1.9286469221115112,2.3298487663269043,55.987239837646484,20.400543212890625,5.1430487632751465,1.0,1.0,14.454192161560059,4.141918182373047,5.3027424812316895,1.0,18.33855438232422,5.815181255340576,1.0,40.68559265136719,5.3907952308654785,3.976081609725952,3.1672403812408447,1.0,3.187248945236206,5.290008068084717,2.5703253746032715,1.521178126335144,1.0,1.0,39.4202995300293,60.34452819824219,84.001953125,1.0,1.2612470388412476,7.073690891265869,47.48897171020508,1.0,9.351885795593262,18.265594482421875,34.9045295715332,20.87058448791504,26.292560577392578,31.759817123413086,26.952287673950195,25.231916427612305,11.971277236938477,40.291282653808594,69.43235778808594,9.804157257080078,28.431291580200195,11.15520191192627,8.82236099243164,17.040203094482422
TEST_07+3일,4.90478515625,75.7938003540039,1.0,1.0,1.0,1.0,2.1148264408111572,4.469330310821533,3.693402051925659,1.0,1.1461676359176636,1.0,1.1030570268630981,1.0,8.293892860412598,1.9456690549850464,9.126924514770508,1.1636288166046143,1.2635570764541626,18.738704681396484,24.03232192993164,1.0,1.0,1.0,32.00994873046875,20.607397079467773,1.0,45.81782150268555,1.0,5.751272678375244,3.506639242172241,3.683882236480713,1.377602219581604,1.0,1.8547956943511963,2.92390513420105,2.1260101795196533,10.034591674804688,1.0011234283447266,6.913918495178223,22.795122146606445,2.4795114994049072,4.349881649017334,1.1749894618988037,1.2261525392532349,1.0,1.1328327655792236,1.7001503705978394,1.0,4.257279872894287,5.613054275512695,1.0,4.964706897735596,1.230136752128601,1.0,1.0,2.756591796875,2.184128522872925,2.0095152854919434,1.0,1.0,11.696651458740234,2.1313095092773438,2.4640274047851562,2.349747896194458,1.8812988996505737,1.0,1.348227858543396,1.4639195203781128,3.5257110595703125,2.7585301399230957,2.2890563011169434,1.0,1.0,1.8812834024429321,2.332690715789795,1.2516157627105713,3.537416934967041,1.0,1.598267912864685,1.3129401206970215,1.0,1.0,1.7277911901474,1.8583639860153198,2.288600206375122,1.0,2.2339212894439697,2.5284454822540283,1.7302926778793335,49.47115707397461,1.2124683856964111,1.6730375289916992,1.0,1.0,1.0,1.0,1.1024065017700195,8.475232124328613,3.3294548988342285,1.0,1.1911425590515137,3.866481304168701,1,1.0,14.644771575927734,9.429952621459961,3.824065923690796,3.04645037651062,1.0,2.8742778301239014,1.4512226581573486,1.5658084154129028,1.0,1.0,1.0,1.0793441534042358,1.1035213470458984,1.0,1.0,1.101706862449646,1.5476551055908203,1.0865260362625122,1.0,1.0,1.0,1.0,1.0,1.0,2.5615625381469727,1.0,1.0,1.0,2.819192886352539,1.528153896331787,1.0,1.0,1.0,1.0,1.0,1.0,1.0,1.0,1.0,2.2941160202026367,7.838768005371094,118.1302719116211,13.744566917419434,3.1334500312805176,1.0,2.00038480758667,1.6902602910995483,1.0,1.0,14.873546600341797,13.47331428527832,2.9797778129577637,1.0,1.0,1.0,2.272670269012451,4.171597480773926,4.173425197601318,1.3092310428619385,5.583513259887695,1.0,1.0,1.207956075668335,165.31346130371094,12.511276245117188,1.0,135.468017578125,1.0,23.786216735839844,1.0,1.0,2.9839401245117188,6.518291473388672,26.243064880371094,1.0,23.084867477416992,24.510305404663086,30.78173828125,10.996201515197754,17.89228630065918,30.89581871032715,21.339153289794922,31.87521743774414,23.723865509033203,35.86243438720703,33.291648864746094,10.494590759277344,40.373085021972656
TEST_07+4일,6.014043807983398,75.39474487304688,1.5941600799560547,1.0,1.0,1.0,4.3840718269348145,2.9479286670684814,2.178269863128662,1.0,1.0,1.0,1.149357795715332,1.0,1.0,1.0,51.321956634521484,1.0,1.0,39.407962799072266,23.854034423828125,1.0,1.3489429950714111,1.0,26.22844886779785,9.515201568603516,11.41588306427002,36.180355072021484,1.0,4.228343963623047,1.0,1.0,1.665442705154419,1.0721392631530762,1.0,1.4184927940368652,1.0,3.437551259994507,1.0951364040374756,12.835030555725098,5.820469856262207,2.114513397216797,1.1508415937423706,1.3612486124038696,1.0,2.286738395690918,1.0,2.5757713317871094,1.0,4.333677291870117,10.025708198547363,1.0,2.117880344390869,1.4573363065719604,1.5352848768234253,1.0,1.4694263935089111,1.0,1.0,1.0,2.2923619747161865,8.643878936767578,2.873491048812866,1.3122035264968872,1.0,1.0757137537002563,1.0,1.731223225593567,1.4138962030410767,1.0,1.8717116117477417,1.5285860300064087,1.0,1.4239145517349243,1.5088437795639038,1.112858533859253,1.0,3.170886278152466,1.0,1.9599552154541016,1.5585052967071533,1.258001446723938,2.1949174404144287,1.558701992034912,1.0,2.3438382148742676,1.9365367889404297,2.370406150817871,2.239886999130249,1.9673229455947876,35.195152282714844,1.265223503112793,1.2367602586746216,1.0,1.0,1.0,1.0,1.0,1.0,3.6216251850128174,1.8881919384002686,1.3032689094543457,1.0,1,2.1437647342681885,30.60285186767578,12.478341102600098,1.0,2.597179651260376,1.0,2.0636227130889893,1.0,1.0,1.0,1.0,1.1309829950332642,1.0,1.0,1.0,1.0,1.8033733367919922,1.0,1.0,1.0,1.0,1.0,1.0,1.0,1.0097393989562988,4.3816680908203125,1.0,1.0,1.40305757522583,1.0,1.0,1.0,1.0,1.0,1.0,1.0,1.0,1.2015820741653442,1.0,1.0,1.0,1.0,50.99046325683594,2.308668375015259,1.3643954992294312,1.0,2.2783279418945312,4.797983169555664,1.0,3.55962872505188,3.1511623859405518,72.97163391113281,2.4032557010650635,1.0612473487854004,3.1880245208740234,1.0,1.7063342332839966,3.876120090484619,1.3199928998947144,2.0556321144104004,1.7081434726715088,1.0,1.0,1.0,72.29981994628906,64.43451690673828,76.04117584228516,110.04403686523438,1.7624053955078125,4.779160499572754,28.13713264465332,7.185168266296387,1.0,4.199374675750732,2.600015640258789,25.27869415283203,1.0,44.963218688964844,12.701908111572266,15.544312477111816,1.0,10.52114486694336,25.89396095275879,78.80020904541016,23.033000946044922,21.442232131958008,36.452369689941406,9.475018501281738,24.34901237487793
TEST_07+5일,10.391127586364746,54.101051330566406,1.0,1.0,1.0073989629745483,1.0,27.25143814086914,2.905170440673828,1.0797942876815796,1.0,1.0,1.0569920539855957,1.2426649332046509,1.0,1.0,1.0323289632797241,60.8463020324707,1.1359422206878662,1.1903705596923828,65.5770034790039,18.22393226623535,3.3228423595428467,1.0,1.0,36.66187286376953,23.95000457763672,13.854721069335938,26.677289962768555,3.560283660888672,3.8944475650787354,1.0,1.9441583156585693,1.2104328870773315,1.1176578998565674,1.0,1.0,1.0,10.443618774414062,2.9508132934570312,6.568427085876465,16.151391983032227,2.0821468830108643,2.5926015377044678,2.9168591499328613,1.377558946609497,1.9696252346038818,1.0,1.512432336807251,1.0,2.2168335914611816,12.647941589355469,2.43441104888916,7.956992149353027,1.811108112335205,1.3990497589111328,1.0,2.407418966293335,1.871810793876648,1.8434594869613647,1.0,1.1452925205230713,2.685861825942993,1.069533348083496,3.3414864540100098,1.0,3.9564552307128906,1.2503533363342285,2.2434747219085693,2.125894784927368,8.073474884033203,1.3143744468688965,1.2621101140975952,1.0197104215621948,1.0,1.216703176498413,1.0,1.0002601146697998,3.283381938934326,1.0,2.831965208053589,1.8659571409225464,1.0766316652297974,1.9472609758377075,1.5397979021072388,2.558516025543213,3.0429084300994873,1.4163234233856201,1.8446003198623657,1.921363353729248,2.0799195766448975,54.429237365722656,1.3165186643600464,1.0,1.7485826015472412,1.0,1.0,1.0,1.0,4.75751256942749,2.41640305519104,1.4896634817123413,1.2069658041000366,14.065528869628906,1,1.0,12.435203552246094,16.893367767333984,2.6409659385681152,2.6402997970581055,1.0023912191390991,2.480149507522583,1.0764930248260498,1.4127100706100464,1.0,1.1575596332550049,1.2535268068313599,1.8109861612319946,1.9727051258087158,1.6112159490585327,1.0,1.7459338903427124,3.1164536476135254,1.0,1.0,1.0485776662826538,1.0,1.3624149560928345,1.0,1.0536495447158813,6.444677829742432,1.1012980937957764,1.055099368095398,11.573691368103027,3.7348737716674805,1.58316969871521,1.0,1.0,1.0,1.0,1.0,1.0,1.0,1.0,1.0,2.25710391998291,7.747861385345459,63.386207580566406,23.09674835205078,6.6468915939331055,8.857376098632812,1.0,29.06464958190918,1.0,1.0,3.2337403297424316,1.0,6.892970085144043,1.0,11.620806694030762,18.73044776916504,3.2399697303771973,4.357494831085205,6.294047832489014,1.0,4.722224712371826,20.6910400390625,1.0,1.0,176.76976013183594,152.0761260986328,40.550045013427734,87.2675552368164,7.617697238922119,1.0,15.26526927947998,64.47024536132812,8.274176597595215,3.915823221206665,14.877266883850098,11.603267669677734,8.028412818908691,2.2809653282165527,21.475488662719727,26.987749099731445,7.703398704528809,25.181671142578125,1.0,1.0,22.006633758544922,9.147197723388672,74.0378646850586,12.766227722167969,44.82569885253906
TEST_07+6일,9.882369995117188,48.67036056518555,4.078193664550781,2.3594160079956055,1.0,1.8252028226852417,5.298454761505127,5.351953983306885,2.8355424404144287,1.0,1.9865599870681763,1.3077183961868286,1.7452448606491089,2.028546094894409,26.076520919799805,3.2518482208251953,37.474613189697266,1.0969147682189941,1.4835586547851562,32.94464111328125,21.811182022094727,4.064437389373779,1.1154876947402954,1.0,20.584077835083008,24.153440475463867,16.16155433654785,95.12195587158203,2.6554322242736816,4.956536769866943,1.5301557779312134,1.7683509588241577,1.7424960136413574,1.548200011253357,1.0,4.543428421020508,16.47846031188965,5.861501216888428,1.5957229137420654,17.483163833618164,14.463844299316406,1.920196294784546,3.8486270904541016,1.5908602476119995,1.4315158128738403,3.6416819095611572,1.590275526046753,4.205878257751465,1.0,4.729879856109619,10.5444974899292,1.0312626361846924,6.435541152954102,1.317888617515564,2.0479743480682373,2.08447265625,1.0764260292053223,2.658078670501709,2.003913640975952,1.4315482378005981,6.850883960723877,7.145118236541748,8.342257499694824,3.5612375736236572,3.2453548908233643,3.256105899810791,1.8346598148345947,1.0,4.896592617034912,1.43922758102417,2.485201835632324,1.4838131666183472,1.0356225967407227,1.0,2.736645221710205,1.0,3.6231281757354736,4.572153568267822,1.734532117843628,2.484459161758423,2.48016357421875,1.5183866024017334,1.8528611660003662,3.424898624420166,1.163562297821045,3.391939163208008,1.376261830329895,3.5643656253814697,2.569669008255005,4.814630508422852,46.46165466308594,1.0986688137054443,2.376136541366577,4.424460411071777,1.0,1.0,1.0,1.0,28.05020523071289,5.220815181732178,2.3215322494506836,1.6742289066314697,1.0,1,1.0,19.691057205200195,9.464763641357422,3.2240724563598633,1.8441619873046875,1.0,4.71205472946167,1.8718818426132202,1.3908771276474,1.2357035875320435,1.1246941089630127,1.6585522890090942,2.034048318862915,1.5287002325057983,2.1630797386169434,1.211043119430542,1.5046377182006836,1.0,1.0,1.0,1.1167851686477661,1.0,1.0,1.0,1.0,6.640476226806641,1.0572925806045532,1.0,1.0,4.099045276641846,1.0,2.4135069847106934,2.658029556274414,1.0,1.4255900382995605,5.574063301086426,1.0,1.1334260702133179,1.5196795463562012,1.2857534885406494,1.0,12.96020221710205,105.68433380126953,14.10898494720459,2.1409623622894287,7.158059120178223,2.5092415809631348,1.0,1.0,3.822084426879883,8.208898544311523,1.0,8.105224609375,1.318389654159546,28.13190269470215,1.0,6.2317399978637695,4.232223987579346,5.837141513824463,3.923441171646118,5.293835163116455,1.0,1.0,4.189540863037109,1.0,18.807270050048828,13.944947242736816,30.218387603759766,4.66316032409668,7.39749002456665,1.0,103.52952575683594,10.86440658569336,11.052380561828613,6.665361404418945,22.222511291503906,41.98149490356445,43.98908996582031,29.859596252441406,43.185638427734375,5.194937705993652,12.097319602966309,1.0,91.51402282714844,44.593109130859375,9.466174125671387,44.82341003417969,18.39164924621582,32.14929962158203
TEST_07+7일,12.412984848022461,1.0,8.548145294189453,6.983184337615967,1.607810616493225,1.0,1.0,3.9354443550109863,4.407444477081299,1.0693074464797974,3.6031532287597656,1.6141189336776733,1.7857736349105835,3.7306199073791504,29.77489471435547,2.8518974781036377,4.524019718170166,1.037845253944397,1.9592430591583252,1.0,1.0,4.715917110443115,1.0,1.0,1.0,10.466553688049316,1.0,45.640377044677734,2.947492837905884,4.294638156890869,6.834112644195557,5.827058792114258,2.1353759765625,2.4321846961975098,1.0,7.864306449890137,35.524993896484375,4.896339416503906,3.54874324798584,40.44390869140625,19.32451629638672,2.8929879665374756,4.6683807373046875,1.0,1.0,4.471170902252197,1.0108094215393066,3.971836805343628,1.0,3.731545925140381,15.110371589660645,3.438352346420288,7.324733257293701,1.8465063571929932,4.393523693084717,1.674942970275879,3.8373239040374756,2.4950010776519775,1.7005155086517334,2.2419519424438477,15.125601768493652,9.246295928955078,9.095983505249023,8.400069236755371,6.992042541503906,1.7766282558441162,2.421617269515991,2.374739408493042,5.116192817687988,1.0,2.2940077781677246,5.273349285125732,1.155624270439148,1.0,5.008124351501465,2.864901542663574,2.147094964981079,3.0671539306640625,1.4260523319244385,5.111048698425293,2.650806427001953,1.1452348232269287,2.112584352493286,3.5815553665161133,1.0,5.518849849700928,1.7350826263427734,3.3635077476501465,2.3392417430877686,4.982582092285156,19.932994842529297,1.3152793645858765,4.660878658294678,12.437708854675293,2.2797091007232666,1.0,1.85945463180542,1.0,10.465889930725098,13.999015808105469,2.1151463985443115,1.410559058189392,11.578691482543945,1,76.22700500488281,1.0,7.363633632659912,7.2836384773254395,4.322381973266602,2.8591856956481934,5.874057769775391,2.705223560333252,1.8845270872116089,1.4024535417556763,1.4178578853607178,1.3639423847198486,3.012028455734253,2.0789167881011963,2.52850604057312,1.4856096506118774,1.7539745569229126,2.7595977783203125,1.0,1.0,1.0,1.0,1.0,1.0,1.0,1.0,1.0,1.0,1.0,4.398782253265381,3.509967088699341,4.488193988800049,2.850942611694336,1.0,1.6690682172775269,8.910013198852539,1.4785950183868408,1.1538649797439575,3.5143189430236816,2.677318811416626,9.475386619567871,1.0,72.01192474365234,6.329764366149902,4.022068500518799,2.0396718978881836,3.0256636142730713,16.837873458862305,1.0,12.758594512939453,1.3155256509780884,1.0,24.417011260986328,6.739927768707275,1.0,8.512248992919922,2.8161330223083496,3.763338565826416,7.734030723571777,3.5252673625946045,10.122830390930176,13.411065101623535,3.0128555297851562,8.503405570983887,113.46125793457031,147.3805389404297,96.6066665649414,69.56732177734375,5.085055351257324,16.694643020629883,29.702796936035156,27.33064842224121,2.6917221546173096,4.315019607543945,20.078550338745117,25.14873504638672,38.1271858215332,43.7371940612793,37.28907012939453,38.038578033447266,21.62926483154297,67.6102066040039,31.307849884033203,116.24935913085938,19.302656173706055,22.63943099975586,84.76492309570312,18.4205265045166,39.01803970336914
TEST_08+1일,1.69082510471344,1.0,6.680544376373291,2.827939510345459,1.0456385612487793,2.474515676498413,1.0,3.547128677368164,2.382354259490967,1.0,1.1743496656417847,1.1356468200683594,1.895450234413147,2.0497212409973145,6.890475749969482,1.0,1.0,1.38715660572052,1.8021776676177979,1.0,1.5513849258422852,3.269718885421753,2.016159772872925,1.0,17.466148376464844,2.3690600395202637,1.0,10.25336742401123,8.714912414550781,5.011225700378418,5.509036064147949,5.608892917633057,1.0,1.4348150491714478,5.7656660079956055,5.176180362701416,27.648189544677734,1.0,1.881708025932312,29.688764572143555,21.687152862548828,1.0,8.785365104675293,1.2502881288528442,1.0,4.697178840637207,1.0,5.002817153930664,1.097535490989685,6.379343032836914,17.55712127685547,1.5565688610076904,9.77039623260498,2.046509265899658,2.8625786304473877,2.816810131072998,1.0,3.66045880317688,1.6385338306427002,1.4847691059112549,11.442093849182129,15.931968688964844,20.819538116455078,14.998700141906738,16.171865463256836,1.9433746337890625,1.0,1.3168197870254517,4.517122745513916,3.5322718620300293,1.5160659551620483,6.068305969238281,1.2107927799224854,1.0,4.324277877807617,4.282125473022461,1.0,3.0734920501708984,2.8745815753936768,6.221773624420166,2.4139842987060547,1.0,1.9510819911956787,2.020416021347046,2.4796855449676514,1.9613423347473145,1.5026053190231323,1.674147129058838,4.392343521118164,5.893477439880371,1.0,1.2653294801712036,2.476187229156494,5.206065654754639,1.345818042755127,1.0,1.0,1.0,24.3695011138916,9.495562553405762,2.5149478912353516,1.0,2.237800359725952,1,87.78067779541016,1.3708672523498535,18.38730812072754,3.419562339782715,4.010282039642334,1.19272780418396,4.566365718841553,1.047162652015686,1.0,1.226061463356018,1.288473129272461,1.0,2.3142805099487305,1.6915922164916992,2.3963403701782227,1.8685604333877563,1.6472666263580322,2.057209014892578,1.0,1.0,1.0,1.0,1.0,1.0,1.0,1.0,1.0,1.0,1.0,3.118195056915283,1.0,1.7211813926696777,1.1580854654312134,1.0,1.3924697637557983,5.853446960449219,1.263314127922058,1.0316330194473267,1.570284128189087,1.279713749885559,3.698120355606079,1.0,37.84754943847656,4.350637435913086,3.3354952335357666,12.663020133972168,9.089322090148926,1.0,1.0,31.756759643554688,1.0,1.0,13.459769248962402,6.680233001708984,1.0,1.0,9.353796005249023,1.0,6.099098205566406,5.393013954162598,8.996749877929688,1.0,9.31522274017334,6.870855808258057,43.252479553222656,220.58375549316406,1.0,64.50090789794922,28.549867630004883,46.93825912475586,33.237361907958984,47.77730941772461,8.995119094848633,6.340021133422852,1.0,4.878872394561768,61.101036071777344,38.48110580444336,54.60878372192383,43.82426834106445,48.32599639892578,39.79694366455078,90.27596282958984,242.9618377685547,34.283443450927734,43.910091400146484,93.7414321899414,18.92572784423828,45.54623794555664
TEST_08+2일,8.036731719970703,1.0,4.182002067565918,1.0,1.0,1.0,8.762974739074707,2.061404228210449,2.542879581451416,1.0,1.0,1.3323736190795898,1.795923113822937,1.0,3.4033732414245605,1.0,30.51704216003418,1.0,1.0,38.484893798828125,2.7541487216949463,1.990877389907837,1.0,1.0,21.13071632385254,29.759092330932617,1.0,1.0,4.220463275909424,3.4428250789642334,3.407538890838623,3.545287847518921,1.0,1.6869405508041382,2.1170403957366943,5.52406120300293,17.84820556640625,1.0,1.2491379976272583,22.23956871032715,15.221490859985352,1.0,3.9730472564697266,1.0,1.8261252641677856,6.933560371398926,1.4901930093765259,2.856289863586426,1.0,4.272079944610596,10.56659984588623,2.7680916786193848,8.533446311950684,1.0,1.0,1.7909499406814575,1.0,2.6991677284240723,1.674739956855774,1.0,9.282243728637695,7.033187389373779,7.805807113647461,6.479382038116455,12.566900253295898,1.0,1.1739181280136108,1.0,2.108295202255249,2.7427334785461426,1.0,1.0,1.0,1.0,2.5148143768310547,1.0,1.0,3.473022222518921,1.0,2.5944712162017822,2.4544191360473633,1.0,1.0,2.1138060092926025,1.0,2.178356647491455,1.0,1.0,2.43153715133667,2.669102907180786,4.899853706359863,1.3594622611999512,2.5047879219055176,3.479823589324951,1.0,1.0,1.0,1.0,5.900912761688232,10.429201126098633,1.3366466760635376,1.3068766593933105,7.773352146148682,1,56.14625930786133,37.47281265258789,30.533601760864258,2.577481269836426,3.0560173988342285,1.0,1.3722455501556396,1.3202314376831055,2.444856643676758,1.3949700593948364,1.0,1.2102789878845215,1.0,1.905733585357666,1.831254482269287,1.0,1.7366106510162354,4.862668991088867,1.0,1.0,1.0,1.0,1.0,1.0,1.0,2.1502435207366943,1.0,1.0,1.0,1.0,1.0,1.0,1.0,1.0,1.0,1.0,1.0,1.0,1.0,1.0,5.360560417175293,1.0,54.84279251098633,12.506635665893555,8.18970012664795,12.699150085449219,2.586440324783325,3.566553831100464,3.5393941402435303,5.515452861785889,1.0,1.0,13.549689292907715,1.0,40.94144821166992,2.553226947784424,1.0,1.0,1.0,5.076886177062988,2.4687716960906982,1.0,1.0,3.9479408264160156,1.0,94.37510681152344,7.233792304992676,1.0890247821807861,1.0,12.643753051757812,15.996819496154785,15.829256057739258,10.164251327514648,6.313882350921631,11.701842308044434,1.0,41.43183517456055,23.73139190673828,67.11775970458984,40.58222198486328,40.130897521972656,35.5562744140625,57.3683967590332,168.3357696533203,60.5582275390625,44.938262939453125,36.254539489746094,14.235496520996094,27.15024185180664
TEST_08+3일,3.760181427001953,60.61404037475586,3.219726085662842,1.0,1.0,1.0,1.6511390209197998,2.0895438194274902,1.2429319620132446,1.0,1.695333480834961,1.0,1.1772346496582031,1.0,5.644087314605713,1.8667871952056885,9.996622085571289,1.0203726291656494,1.0928733348846436,31.85645866394043,21.841447830200195,1.3821287155151367,1.0,1.1770416498184204,38.78973388671875,24.580604553222656,1.0,48.61344528198242,2.406423807144165,4.814838409423828,4.556197166442871,4.4918212890625,1.4104849100112915,1.302432656288147,4.49544620513916,4.361477851867676,13.310578346252441,2.7855300903320312,1.3646451234817505,15.659281730651855,19.65976333618164,1.0,6.125515937805176,1.0,2.128627300262451,1.4744446277618408,1.2548871040344238,2.870914936065674,1.0,4.900148868560791,11.256991386413574,1.0,7.301222324371338,1.2452102899551392,1.9338655471801758,1.3348588943481445,2.3378639221191406,2.091515064239502,1.8698370456695557,1.0,1.931860327720642,11.89379596710205,9.29230785369873,13.26936149597168,9.211318016052246,2.5914387702941895,1.0,1.3714821338653564,2.00508975982666,4.824084758758545,2.2031188011169434,2.2320220470428467,1.0,1.0,2.8565595149993896,5.167747497558594,1.0,3.26846981048584,1.0,2.370300531387329,1.8739513158798218,1.598718523979187,1.0,1.0325305461883545,1.3975961208343506,2.8125109672546387,1.0,1.5005494356155396,3.629702568054199,3.8418307304382324,62.26543045043945,1.3225904703140259,2.238492250442505,2.1913256645202637,1.0,1.0,1.0,1.0,10.735247611999512,7.231359958648682,1.0,1.4839222431182861,4.215944766998291,1,1.0,17.493528366088867,4.423736572265625,3.5393474102020264,3.313734769821167,1.5274220705032349,2.2687582969665527,1.349578619003296,1.2411969900131226,1.0,1.0,1.0,1.3079679012298584,1.8657292127609253,2.0151236057281494,1.0,1.5874422788619995,1.0,1.1092164516448975,1.0,1.0,1.0,1.0,1.0,1.0,1.952126383781433,1.0,1.0,4.655200004577637,2.116333484649658,1.5768729448318481,1.0,1.0,1.0,1.0,1.0,1.0,1.0,1.0,1.087281584739685,1.0,1.0,131.14657592773438,10.96023178100586,2.5811572074890137,10.315083503723145,2.6004788875579834,1.0,1.0,6.748616695404053,8.114100456237793,1.0,4.848459720611572,1.0,11.28951358795166,1.0,10.4832763671875,1.0,4.23735237121582,1.2357821464538574,5.917691230773926,1.0,1.0,3.402768850326538,1.0,50.567745208740234,1.0,67.16204071044922,1.0,36.6165657043457,4.110550880432129,1.0,8.237747192382812,1.8989609479904175,16.279870986938477,1.0,33.868255615234375,20.071990966796875,51.20062255859375,17.296934127807617,35.1153564453125,27.383983612060547,55.019447326660156,81.63735961914062,24.038330078125,29.08432960510254,53.847320556640625,24.1735897064209,34.41320037841797
TEST_08+4일,4.416204929351807,75.66168975830078,2.882338762283325,1.0,1.0141745805740356,1.087431788444519,7.145642280578613,2.030989170074463,1.0675865411758423,1.0,1.0,1.0,1.1505730152130127,1.4318573474884033,2.144102096557617,1.0,46.82072830200195,1.161293625831604,1.1199060678482056,62.778194427490234,27.594585418701172,1.4599511623382568,1.5623620748519897,1.0,37.199188232421875,14.559036254882812,10.86613941192627,38.07386779785156,4.1667160987854,3.37026047706604,2.792548418045044,3.652487277984619,1.8807611465454102,1.6399949789047241,6.153489112854004,2.8032498359680176,15.452792167663574,1.0,1.6076509952545166,19.910667419433594,1.763361930847168,1.2803328037261963,3.854888677597046,1.5966942310333252,1.0,3.549938440322876,1.0,2.0019466876983643,1.5948230028152466,4.781850337982178,11.400352478027344,1.0,7.707137584686279,1.5608177185058594,1.0,1.0,1.2193700075149536,1.0,1.0,1.0,3.006861448287964,8.763303756713867,9.698521614074707,10.154813766479492,13.010030746459961,1.4782670736312866,1.0,2.0327041149139404,2.011242151260376,1.0,1.2455389499664307,2.6368186473846436,1.1705981492996216,1.39728844165802,3.6326963901519775,5.059676647186279,1.0,2.9465408325195312,1.0,2.412285327911377,2.0304107666015625,2.2400238513946533,1.9291660785675049,1.1635000705718994,1.511905312538147,1.7570736408233643,3.3122057914733887,2.286299228668213,3.4643189907073975,5.530654430389404,40.02510452270508,1.2771422863006592,1.1504148244857788,1.9294780492782593,1.0,1.0,1.0,1.0730082988739014,6.072081089019775,6.974360466003418,1.769447684288025,1.4088244438171387,1.6407495737075806,1,15.680278778076172,26.320709228515625,10.386037826538086,1.0,4.336715221405029,1.0435855388641357,1.0,1.0,1.0,1.0,1.0,1.1299582719802856,1.0,1.1592648029327393,1.7607922554016113,1.413097620010376,1.9877327680587769,1.0,1.0,1.0,1.0,1.0,1.0,1.0255430936813354,1.0000849962234497,4.287010192871094,1.0,1.0,3.6456210613250732,1.0,1.0,1.0,1.0,1.0,1.1240988969802856,1.0,1.0,1.1824569702148438,1.0,1.2813454866409302,1.8421728610992432,1.0,83.75345611572266,6.819840431213379,3.822301149368286,11.37382984161377,2.2285542488098145,1.0,1.0,3.7748727798461914,1.0,39.59317398071289,7.5534586906433105,1.0190438032150269,1.0,1.0,5.591648101806641,1.0,1.6076109409332275,2.9404094219207764,1.2665144205093384,1.0,3.949427604675293,3.966244697570801,1.0,38.580692291259766,1.0,62.25395202636719,1.0,9.96047592163086,14.802645683288574,8.43210220336914,1.0,3.4051759243011475,1.0,37.239723205566406,45.24151611328125,40.318424224853516,51.24871063232422,32.13409423828125,41.07676696777344,32.06088638305664,60.836185455322266,118.00558471679688,34.86065673828125,37.65434265136719,59.08845520019531,13.39751148223877,31.340744018554688
TEST_08+5일,7.5186285972595215,62.40427780151367,1.8467199802398682,1.0,1.0087711811065674,1.3687207698822021,27.50298500061035,1.0,1.0,1.0,1.0,1.0450255870819092,1.3317060470581055,2.5938477516174316,3.6742777824401855,1.20263671875,61.12165451049805,1.0,1.4519383907318115,100.23141479492188,15.905424118041992,4.3299102783203125,1.0,1.0,40.151145935058594,22.264915466308594,13.438329696655273,38.32148361206055,6.096023082733154,4.685673236846924,1.9822081327438354,3.7073051929473877,1.178966999053955,1.6811338663101196,1.9320600032806396,2.0730957984924316,18.600282669067383,1.5938283205032349,2.194232225418091,27.622777938842773,20.41343116760254,1.2314492464065552,4.688416004180908,3.5934970378875732,2.4771292209625244,4.344175815582275,1.0,3.23771595954895,1.0,2.5223848819732666,13.661405563354492,1.5268100500106812,9.553873062133789,1.5618515014648438,1.3161914348602295,2.4414873123168945,1.7021079063415527,1.824167251586914,2.175574779510498,1.0,1.1091508865356445,5.222072124481201,4.3708624839782715,16.71609115600586,7.194169044494629,4.278408050537109,1.82779860496521,1.3491764068603516,1.7776423692703247,8.439571380615234,1.3148640394210815,2.7296364307403564,1.1193617582321167,1.0,3.7051916122436523,3.3205785751342773,1.0,3.1388795375823975,1.4100937843322754,3.8496358394622803,2.1660797595977783,1.4739174842834473,1.629980444908142,1.187989354133606,2.1796605587005615,2.6298587322235107,1.20964515209198,1.2600657939910889,2.9054808616638184,5.488251209259033,39.504817962646484,1.107210397720337,1.1367262601852417,2.6087822914123535,1.0,1.0,1.0,1.0,6.5310564041137695,4.121908664703369,1.2976882457733154,1.2122069597244263,23.346519470214844,1,1.0,29.037723541259766,14.65770149230957,2.8134472370147705,2.8876798152923584,1.2017927169799805,1.0,1.0828832387924194,2.409344434738159,1.0,1.8908425569534302,1.3210628032684326,1.714627981185913,2.172753095626831,3.2666776180267334,1.0,1.9801058769226074,2.449955701828003,1.0,1.0,1.0,1.0184473991394043,1.3600006103515625,1.0211668014526367,1.0420414209365845,6.2675065994262695,1.3032233715057373,1.0305147171020508,1.1962542533874512,3.4872875213623047,1.0,1.0,1.0,1.0,1.0,1.0,1.139363408088684,1.0,1.0,1.1206488609313965,3.8027377128601074,1.0,70.32535552978516,26.49003791809082,2.5975635051727295,21.78154182434082,1.0,16.99497413635254,1.0,1.0,2.0140483379364014,1.0,7.3065104484558105,1.0,1.0,4.521985054016113,5.830074310302734,1.0,5.251286029815674,1.8477039337158203,1.0,18.639131546020508,1.0,3.484375476837158,1.0,139.3780975341797,2.364734649658203,1.0,2.77823543548584,1.0883821249008179,16.582754135131836,47.76166915893555,14.084940910339355,4.371674060821533,18.83351707458496,16.057453155517578,45.173885345458984,1.648666501045227,41.911685943603516,40.30093765258789,32.81401443481445,24.610692977905273,24.178712844848633,75.4225082397461,43.014617919921875,24.9554500579834,80.85816955566406,18.2654972076416,40.38750457763672
TEST_08+6일,7.178586483001709,41.48719787597656,4.8968186378479,2.8895339965820312,1.0567028522491455,2.394007921218872,8.316983222961426,3.3406264781951904,2.245349645614624,1.0,1.9321789741516113,1.0778802633285522,1.700437307357788,2.82845139503479,24.632041931152344,2.776729106903076,39.83247756958008,1.3884506225585938,1.8691831827163696,33.57761764526367,20.362199783325195,3.457404851913452,1.2897480726242065,1.0,34.118896484375,8.354897499084473,17.737995147705078,88.55326843261719,5.999894618988037,4.271803379058838,2.6424248218536377,4.77421760559082,2.7597298622131348,2.3081750869750977,8.49980640411377,5.884024143218994,28.840354919433594,1.0,1.8829423189163208,32.66836166381836,11.658674240112305,1.5201328992843628,5.675459384918213,2.1907458305358887,1.5762722492218018,5.3379225730896,1.5097830295562744,3.9096176624298096,1.1910136938095093,5.514273643493652,15.845513343811035,1.3828431367874146,7.813715934753418,1.617041826248169,2.895730495452881,2.204979419708252,2.377481460571289,2.3042194843292236,2.9760844707489014,1.2712714672088623,8.46608829498291,8.684797286987305,12.414338111877441,14.297174453735352,9.983442306518555,3.8248074054718018,1.5591846704483032,1.3183003664016724,3.5923004150390625,2.2764644622802734,2.4405624866485596,2.681140184402466,1.0890309810638428,1.0,4.285233020782471,3.37766432762146,1.8509879112243652,4.490394115447998,1.2752366065979004,3.9448044300079346,2.757875919342041,2.1005046367645264,2.315889835357666,2.616131544113159,1.2811204195022583,2.733302116394043,1.8942791223526,2.581967830657959,2.7050909996032715,7.421718597412109,67.93170928955078,1.39968740940094,2.6771767139434814,5.959162712097168,1.0,1.0,1.0,1.0,34.78564453125,7.587244033813477,2.0062739849090576,1.3127539157867432,5.674055576324463,1,1.0,29.802457809448242,4.715836048126221,3.546567678451538,3.1820967197418213,2.068300247192383,3.5048983097076416,1.4480022192001343,1.8663744926452637,1.5671827793121338,1.5252864360809326,1.5931422710418701,2.004769802093506,1.2772533893585205,2.7398624420166016,2.6692464351654053,1.7857842445373535,1.0,1.0,1.0,1.0611417293548584,1.0462915897369385,1.0,1.0,1.037309169769287,5.303079605102539,1.0450642108917236,1.0,1.1072444915771484,3.3738527297973633,1.0,1.9107205867767334,2.160778522491455,1.0,1.8808362483978271,6.559606552124023,1.372115135192871,1.0,1.0309494733810425,1.8673467636108398,2.0764498710632324,8.51634407043457,96.24300384521484,12.95421028137207,3.962704658508301,12.910728454589844,3.5650715827941895,1.0,1.0,5.560737609863281,1.0,1.0,9.63674259185791,2.7507433891296387,25.623157501220703,1.0,8.828169822692871,3.6142935752868652,6.117485046386719,4.907912731170654,2.435818910598755,1.0,4.831145763397217,7.357479572296143,1.0,22.298261642456055,1.0,1.0,4.899134159088135,17.897174835205078,8.20883560180664,111.13984680175781,12.102506637573242,4.86292028427124,11.832165718078613,27.68444061279297,58.56328582763672,34.83120346069336,62.551116943359375,35.44687271118164,34.65773010253906,53.42387390136719,41.4826774597168,144.0281219482422,34.50197219848633,11.053180694580078,85.76727294921875,14.9833984375,42.61292266845703
TEST_08+7일,7.5803399085998535,1.0,8.934216499328613,7.10404634475708,1.589673399925232,1.1486270427703857,1.0,3.477848768234253,2.3969664573669434,1.0,3.002265453338623,1.2043468952178955,1.7904889583587646,4.693921089172363,28.29013442993164,2.814552068710327,2.0050394535064697,1.2931157350540161,2.7828638553619385,1.0,1.0,4.698770046234131,1.0,1.0,13.658476829528809,1.0,1.0,27.41126251220703,8.665865898132324,5.306181907653809,7.189563751220703,8.572237014770508,2.4069082736968994,2.8557705879211426,7.614556312561035,10.191104888916016,60.56364440917969,1.0,3.369429349899292,65.09661865234375,23.544355392456055,2.845374345779419,6.218094825744629,1.0,1.4899436235427856,5.305689334869385,1.0,4.009120464324951,1.2039668560028076,4.241223335266113,22.498640060424805,2.13071346282959,11.83737850189209,1.8796091079711914,4.329488754272461,1.1946220397949219,2.268012046813965,2.2741401195526123,2.2693710327148438,2.267749309539795,17.644853591918945,8.6617431640625,17.48599624633789,19.757219314575195,16.940587997436523,2.9097707271575928,2.5092785358428955,3.309751510620117,4.809232234954834,1.0,2.650921583175659,4.345081806182861,1.201086163520813,1.016821026802063,7.543285846710205,6.896247386932373,1.5820543766021729,2.8551156520843506,2.1884422302246094,5.548807621002197,3.165639877319336,2.144226312637329,2.222734212875366,2.7681467533111572,1.8838807344436646,5.274431228637695,2.415306806564331,3.7441115379333496,3.5297865867614746,8.658050537109375,1.0,1.552377700805664,4.64142370223999,14.09147834777832,2.147503614425659,1.0,1.5899728536605835,1.0,6.300858974456787,13.828521728515625,2.0477294921875,1.012803077697754,12.536118507385254,1,89.17140197753906,6.328157901763916,4.575302600860596,7.092343330383301,5.487376689910889,3.09364652633667,4.745912551879883,2.595407485961914,2.759927988052368,1.7781566381454468,1.3134253025054932,1.466502070426941,3.7043955326080322,2.4139623641967773,4.038284778594971,2.0505595207214355,2.483598232269287,1.6243845224380493,1.0,1.0,1.0,1.0,1.0,1.0,1.0,1.0,1.0,1.0,1.1282535791397095,4.375817775726318,3.2993531227111816,5.090946197509766,2.5000298023223877,1.0,2.216188669204712,10.463751792907715,2.15220046043396,1.0,2.726459264755249,2.3527445793151855,8.190231323242188,1.0,82.52019500732422,1.9826430082321167,9.065627098083496,9.801889419555664,5.935393333435059,8.90129566192627,1.0,21.314075469970703,1.0,1.0,16.778657913208008,8.397512435913086,1.0,6.662622451782227,11.598648071289062,1.8740732669830322,6.455349922180176,5.3976335525512695,8.889140129089355,1.0,11.23306941986084,11.037510871887207,39.496429443359375,142.19200134277344,46.035972595214844,14.065780639648438,4.710334300994873,27.567617416381836,39.56978988647461,58.57387161254883,10.595171928405762,3.286907434463501,11.480254173278809,13.108794212341309,53.81356430053711,45.262001037597656,79.0369644165039,45.15589141845703,58.603729248046875,80.48360443115234,57.0443115234375,203.29403686523438,53.92416763305664,55.634090423583984,103.30583190917969,22.333784103393555,56.06661605834961
TEST_09+1일,2.19463849067688,1.0,6.882448673248291,2.0224602222442627,1.0207364559173584,2.1004114151000977,1.0,4.176563739776611,3.5367980003356934,1.0,1.529651165008545,1.3519123792648315,1.8666472434997559,3.1466238498687744,20.664236068725586,1.7172847986221313,1.0,1.46816885471344,1.822108268737793,1.0,1.0,3.142411947250366,3.0614287853240967,1.0,14.421489715576172,2.2994697093963623,1.0,8.785211563110352,11.474737167358398,4.409702777862549,3.23587965965271,5.466455459594727,1.7240827083587646,1.0,2.848799705505371,2.208801746368408,38.0292854309082,1.0,1.3225833177566528,25.594175338745117,18.400344848632812,1.2470396757125854,8.108855247497559,1.220811128616333,1.0,3.3894782066345215,1.0,4.834481716156006,1.5651148557662964,5.629129886627197,17.957700729370117,1.4586938619613647,5.925789833068848,2.469123363494873,1.7523834705352783,2.5026211738586426,1.0,3.116805076599121,1.5779775381088257,1.2228283882141113,9.153558731079102,14.56585693359375,20.392215728759766,10.587509155273438,14.940135955810547,1.9011362791061401,1.0,1.4891951084136963,4.28955078125,1.8820326328277588,2.424485683441162,6.909297943115234,1.128594994544983,1.0,3.3277063369750977,4.803706169128418,1.2304370403289795,3.5165188312530518,2.3119261264801025,5.2680745124816895,2.7343881130218506,1.0,1.667061686515808,3.074134111404419,2.2560582160949707,1.8971741199493408,1.0,1.9309741258621216,3.6290812492370605,5.149392127990723,1.0,1.7345268726348877,3.6221210956573486,6.295483112335205,1.5623657703399658,1.0,1.0,1.0,23.710954666137695,3.7465755939483643,2.294659376144409,1.177655816078186,1.0,1,90.31751251220703,3.4444386959075928,19.18011474609375,3.462580919265747,3.729374885559082,1.135074257850647,4.874673366546631,1.0,1.0755181312561035,1.532071828842163,1.0832206010818481,1.019973635673523,2.182945489883423,1.7482373714447021,2.4735918045043945,1.8057304620742798,1.136359691619873,1.6101282835006714,1.0,1.0,1.0,1.0,1.0,1.0,1.0,1.0,1.0,1.0,1.0,3.0107924938201904,1.3916281461715698,1.8421659469604492,1.1099226474761963,1.0,2.043764591217041,6.304544448852539,1.1136753559112549,1.0999680757522583,1.1526135206222534,1.0,6.561385154724121,1.0,1.0,1.4921435117721558,6.229316234588623,1.0,7.897061347961426,21.00079345703125,1.0,31.828073501586914,1.0,16.67205047607422,14.31667709350586,6.512068271636963,1.0,1.0,8.366545677185059,2.413769006729126,2.8551089763641357,6.2982635498046875,8.399641990661621,1.0,8.76142692565918,7.144094467163086,84.80160522460938,81.1037826538086,15.690522193908691,103.15776824951172,11.653785705566406,33.99969482421875,56.307655334472656,92.57659149169922,8.933025360107422,7.349640846252441,1.0,11.573184967041016,35.32768630981445,45.20536804199219,50.563255310058594,28.86060333251953,33.51938247680664,34.570682525634766,59.57027053833008,169.78680419921875,46.6541748046875,50.826175689697266,106.63619995117188,10.531190872192383,34.285499572753906
TEST_09+2일,7.998928070068359,11.482133865356445,3.530139684677124,1.0,1.0,1.0,9.538110733032227,2.211977481842041,2.796196937561035,1.0,1.348330020904541,1.6131407022476196,1.7705838680267334,1.0,8.941558837890625,1.0,35.42700958251953,1.0,1.0,23.950258255004883,11.708571434020996,1.9628585577011108,2.0102248191833496,1.0,19.649932861328125,24.240182876586914,1.0,1.0,6.826566696166992,4.523444175720215,1.0932923555374146,2.4926133155822754,1.1205147504806519,1.3084259033203125,1.0,2.8345069885253906,28.68800926208496,1.0,1.6353267431259155,19.450801849365234,11.539630889892578,1.4783811569213867,2.225691080093384,1.0,1.747732162475586,4.895750522613525,1.4678956270217896,3.562255382537842,1.2879658937454224,2.779808521270752,7.211833953857422,2.528843402862549,5.6899638175964355,1.0,1.0,1.3623194694519043,1.0,1.6889023780822754,1.5762706995010376,1.0,5.838048934936523,5.116336345672607,10.720804214477539,3.3902101516723633,10.936365127563477,1.1742397546768188,1.1497019529342651,1.0,2.7300827503204346,1.0,1.4545866250991821,1.8481875658035278,1.0,1.0,1.078397274017334,1.983763337135315,1.0,3.6438403129577637,1.0,1.7288074493408203,2.703761100769043,1.0,1.0,2.297175168991089,1.0,2.4546666145324707,1.0,1.0,1.5013184547424316,1.3820496797561646,17.189085006713867,1.2071267366409302,2.493469715118408,4.164125442504883,1.0,1.0,1.0,1.0,2.5962231159210205,9.008039474487305,1.1699790954589844,1.1642059087753296,1.0,1,57.83485794067383,33.513458251953125,24.427412033081055,2.650381565093994,3.1182901859283447,1.0697323083877563,2.602248191833496,1.4747028350830078,2.4368300437927246,1.8268154859542847,1.2124507427215576,1.2777962684631348,1.0,1.9214457273483276,1.7861897945404053,1.0,2.157994031906128,1.0,1.0,1.0,1.0215457677841187,1.0,1.0,1.0,1.0,1.462073564529419,1.0,1.0,1.0,1.0,1.0,1.0,1.0,1.0,1.1451948881149292,1.0,1.0,1.0,1.0,1.0,4.943384170532227,1.0,75.86140441894531,44.2881965637207,14.610214233398438,1.0,2.9507555961608887,29.488271713256836,1.782264232635498,1.0,1.0,58.210208892822266,9.96955680847168,1.1854830980300903,47.718971252441406,7.180150508880615,1.0,3.6310527324676514,1.0,5.867176055908203,1.877595067024231,1.0,1.0,3.0380051136016846,1.0,44.65180969238281,57.87715530395508,9.054435729980469,1.0,1.0,18.342592239379883,49.426124572753906,22.304969787597656,7.367856502532959,10.021760940551758,1.0,16.16146469116211,25.922637939453125,52.46147537231445,30.392488479614258,30.309316635131836,20.287368774414062,54.49740219116211,106.22998046875,53.56373977661133,39.690704345703125,77.33448028564453,9.817893028259277,9.115822792053223
TEST_09+3일,3.8546831607818604,83.2869873046875,2.290595769882202,1.0,1.0,1.0,2.4499642848968506,3.1127102375030518,2.4496796131134033,1.0,2.1243784427642822,1.071542739868164,1.1844640970230103,1.1008790731430054,8.557462692260742,1.7790329456329346,15.354297637939453,1.0795562267303467,1.0,17.83685302734375,21.4732723236084,2.874720573425293,1.032348394393921,1.0513464212417603,34.17709732055664,19.899805068969727,1.0,48.29947280883789,5.975921630859375,4.848702907562256,3.54988169670105,4.3348236083984375,1.3975930213928223,1.0,2.929311752319336,2.1029791831970215,18.779844284057617,7.306796550750732,1.137405514717102,12.706273078918457,19.256242752075195,1.5140570402145386,3.9746768474578857,1.0,1.0,1.678804636001587,1.3609397411346436,1.7596704959869385,1.0689492225646973,2.739126205444336,7.957601070404053,1.0,5.982903003692627,1.3508533239364624,1.3103092908859253,1.0,2.8728525638580322,2.245690107345581,1.621235966682434,1.0,1.8578431606292725,10.790390014648438,11.395783424377441,12.515874862670898,6.014509677886963,2.6535122394561768,1.0,1.528828501701355,1.6345351934432983,1.646512508392334,2.9857373237609863,3.705162525177002,1.0,1.0,2.162400722503662,5.102224349975586,1.0,3.7656753063201904,1.0,1.649619460105896,2.0220224857330322,1.0,1.0,2.710718870162964,1.425452470779419,2.8389036655426025,1.0,2.3454065322875977,2.960176944732666,3.0382063388824463,69.87649536132812,1.1712725162506104,1.7828700542449951,1.891181230545044,1.0,1.0,1.0,1.0341922044754028,9.317598342895508,2.451598644256592,1.0227172374725342,1.3001452684402466,4.5419745445251465,1,1.0,10.657453536987305,7.789856433868408,3.633943557739258,2.904076099395752,1.530058741569519,1.9119162559509277,1.4906973838806152,1.3273289203643799,1.0956592559814453,1.0,1.0,1.0,1.799060583114624,2.2942724227905273,1.0,1.1615006923675537,3.2970235347747803,1.1132676601409912,1.0,1.0,1.0,1.0,1.0,1.0,3.26767635345459,1.0,1.0,2.53218150138855,2.3573648929595947,2.7461800575256348,1.0,1.0,1.0,1.3949759006500244,1.0,1.0,1.0,1.0,1.0,3.630380392074585,3.1329357624053955,123.06782531738281,61.51652908325195,3.896376132965088,1.0,1.6854255199432373,19.332643508911133,1.0,7.285590171813965,6.553573131561279,23.20415687561035,5.124600410461426,1.4531524181365967,11.220208168029785,6.219671249389648,8.544384956359863,3.480067491531372,4.874947547912598,1.6128361225128174,7.527803897857666,1.0,1.0,1.361150860786438,155.74560546875,1.0,1.0,33.53948974609375,1.0,9.95015811920166,20.454954147338867,20.08466148376465,16.827749252319336,2.070600986480713,28.008893966674805,1.0,28.604772567749023,27.341459274291992,47.386138916015625,7.901088714599609,18.49118423461914,24.341215133666992,32.84408187866211,86.93637084960938,29.190082550048828,13.625809669494629,59.07950973510742,13.518708229064941,12.568621635437012
TEST_09+4일,3.9465010166168213,78.46241760253906,2.2099225521087646,1.0,1.0766056776046753,1.2523834705352783,6.750662803649902,2.0339856147766113,1.7421189546585083,1.0,1.0,1.0,1.1261276006698608,1.684649109840393,6.034456729888916,1.311332106590271,59.63423538208008,1.0608593225479126,1.0,40.55890655517578,19.166767120361328,1.8397529125213623,2.5060532093048096,1.0,35.95428466796875,9.736947059631348,13.213725090026855,38.506561279296875,7.809864521026611,4.211342811584473,1.0,2.8909378051757812,1.8444668054580688,1.2328044176101685,1.0,1.0,14.560242652893066,1.0,1.1941776275634766,15.832100868225098,7.168745517730713,2.199450731277466,2.3564562797546387,1.6204818487167358,1.6862846612930298,2.5750350952148438,1.0,3.6166024208068848,1.4818521738052368,3.2367968559265137,7.273810386657715,1.0,4.893983364105225,1.6811069250106812,2.620710611343384,1.0,1.7476433515548706,1.0,1.0,1.0,3.2025179862976074,8.501611709594727,16.06106185913086,11.632551193237305,7.829522609710693,1.353193759918213,1.0,1.9115310907363892,1.898579716682434,1.0,2.7213313579559326,3.8603880405426025,1.0,1.0097447633743286,1.2418233156204224,6.395151138305664,1.0,3.2159817218780518,1.0,1.7237557172775269,1.9304178953170776,1.568344235420227,2.262833833694458,2.282574415206909,1.0,1.7909990549087524,2.748478889465332,2.3671767711639404,2.385418653488159,4.696863174438477,38.986427307128906,1.1153583526611328,1.4688860177993774,2.5964009761810303,1.0,1.0,1.0,1.0,2.3333048820495605,3.8395841121673584,1.9842476844787598,1.3679181337356567,4.552490234375,1,15.456854820251465,31.942523956298828,8.4384765625,1.0,4.293437480926514,1.0300261974334717,1.0626152753829956,1.0,1.0,1.0,1.0,1.1628150939941406,1.0,1.1617035865783691,1.9925081729888916,1.0468974113464355,2.329329013824463,1.0,1.0,1.0,1.0,1.0,1.0,1.0,1.0,4.8883867263793945,1.015488624572754,1.0,2.445007085800171,1.0,1.140409231185913,1.0,1.0,1.0,1.7099754810333252,1.0,1.0,1.354161024093628,1.0,1.0,1.0618624687194824,1.2061468362808228,46.25434494018555,45.57411193847656,6.268897533416748,1.0,2.3566222190856934,18.523096084594727,1.0,4.171689033508301,1.0,64.59130859375,6.81392765045166,2.739243507385254,1.0,1.0,2.2727789878845215,1.8666517734527588,4.631230354309082,2.772862434387207,1.8609039783477783,1.0,1.0,5.332299709320068,97.55168151855469,20.762493133544922,92.094970703125,22.240198135375977,3.870253801345825,2.6927855014801025,13.685084342956543,63.91404342651367,3.7967917919158936,1.524806261062622,1.0,35.85664749145508,28.938329696655273,55.268062591552734,40.00230026245117,19.766435623168945,22.44561004638672,24.718507766723633,43.08290481567383,61.387691497802734,24.894006729125977,38.74467468261719,87.91339111328125,8.59705924987793,14.366374015808105
TEST_09+5일,7.4023613929748535,48.315853118896484,1.6407060623168945,1.0,1.0490161180496216,1.243333101272583,29.772480010986328,1.691417932510376,1.0,1.0,1.0962287187576294,1.4324668645858765,1.3782598972320557,5.114185333251953,13.7212553024292,1.0,62.0836067199707,1.0308318138122559,1.142637848854065,66.64149475097656,26.926639556884766,4.557515621185303,1.521661639213562,1.0,40.483394622802734,17.784048080444336,13.655339241027832,34.1244010925293,9.08016300201416,4.763539791107178,1.0,3.1718242168426514,1.4895732402801514,1.1418838500976562,1.0,1.0,17.794879913330078,7.590460777282715,3.4894659519195557,24.23155975341797,17.19407844543457,1.877994418144226,3.26027250289917,3.8697705268859863,1.1223880052566528,2.688127040863037,1.0,1.8144253492355347,1.0,2.0800695419311523,11.763325691223145,2.031399726867676,7.258044242858887,1.2885807752609253,2.417423963546753,1.881074070930481,2.38360595703125,1.4169560670852661,1.8799920082092285,1.0,2.413259744644165,2.246835470199585,7.174835681915283,11.102640151977539,6.974324703216553,4.174834728240967,2.176037073135376,1.7442041635513306,2.4120306968688965,6.394894599914551,2.1031715869903564,3.3494670391082764,1.0542947053909302,1.0,1.892528772354126,5.361485481262207,1.0,3.286815881729126,1.0,3.1995115280151367,2.2885069847106934,1.4216952323913574,1.9107016324996948,1.7670621871948242,2.6974987983703613,2.8207199573516846,1.2547087669372559,2.2906246185302734,2.2981512546539307,4.329121112823486,52.92277145385742,1.251606822013855,1.2903003692626953,2.929063558578491,1.0,1.0,1.0,1.0,6.1935505867004395,2.7720017433166504,1.6707565784454346,1.0295231342315674,10.172171592712402,1,1.2670526504516602,21.644224166870117,15.118888854980469,2.50321102142334,3.4977705478668213,1.3630272150039673,1.6275393962860107,1.2257494926452637,2.041304111480713,1.0,1.1289173364639282,1.6374378204345703,2.335820436477661,2.2481868267059326,3.390268087387085,1.0026555061340332,1.4678503274917603,3.123511791229248,1.0,1.078081488609314,1.0787352323532104,1.0,1.2651888132095337,1.0002198219299316,1.011332392692566,6.586103439331055,1.3618309497833252,1.0,12.898930549621582,3.3383448123931885,1.921673059463501,1.1698651313781738,1.0,1.0,1.1633820533752441,1.0,1.5242700576782227,1.0,1.0,1.4240350723266602,4.3376994132995605,1.0,55.87065887451172,57.44582748413086,5.0480146408081055,8.754048347473145,1.384582281112671,40.521095275878906,1.0,4.0171356201171875,2.4717869758605957,5.519503116607666,9.063701629638672,1.1903228759765625,1.0,1.0,5.485911846160889,2.434717893600464,6.474242210388184,3.2533485889434814,3.6730215549468994,21.810022354125977,1.0,2.2144992351531982,50.80347442626953,1.0,45.28694152832031,1.0,14.271196365356445,1.0,17.330524444580078,70.13847351074219,20.35399627685547,5.2594146728515625,4.770474433898926,25.9843807220459,31.6105899810791,10.049606323242188,37.38356018066406,31.303739547729492,12.074555397033691,17.50779914855957,12.264050483703613,56.71815490722656,45.18885040283203,26.470773696899414,91.75983428955078,13.734835624694824,33.83797073364258
TEST_09+6일,6.554076194763184,44.48818588256836,4.907594680786133,1.5771251916885376,1.0200024843215942,2.2997219562530518,9.379077911376953,4.071792125701904,2.8673925399780273,1.2192988395690918,2.8366611003875732,1.4516068696975708,1.9793272018432617,2.49365496635437,29.259294509887695,2.5720467567443848,44.441680908203125,1.2482253313064575,1.5772124528884888,30.550214767456055,20.637645721435547,3.44635272026062,1.9307146072387695,1.0,30.4566593170166,4.447198390960693,13.37644100189209,90.12733459472656,8.921530723571777,4.961481094360352,2.054838180541992,4.526190280914307,2.6904358863830566,1.7279472351074219,7.381626605987549,3.6101489067077637,34.08376693725586,2.4404499530792236,2.0811359882354736,30.662033081054688,13.810688018798828,1.7624108791351318,5.336311340332031,2.2967164516448975,1.6113418340682983,3.7472140789031982,1.7203317880630493,4.8897786140441895,1.8805516958236694,2.5724594593048096,15.8172607421875,1.0,6.791741371154785,1.2630763053894043,2.754664897918701,2.022843837738037,2.0185775756835938,2.136680841445923,2.400080442428589,1.9223847389221191,7.442636013031006,6.763776779174805,16.9541015625,10.164523124694824,10.871702194213867,3.9011013507843018,1.4065921306610107,1.2485350370407104,4.429874897003174,1.0,2.5331385135650635,2.8579647541046143,1.0,1.0,2.9505679607391357,5.621941566467285,2.2961883544921875,4.469991683959961,2.342801570892334,3.570523262023926,2.605386257171631,1.8954601287841797,2.112370252609253,3.9465389251708984,1.41724693775177,2.9996368885040283,1.7676693201065063,3.3655178546905518,1.6189205646514893,6.649978160858154,78.2677993774414,1.3591670989990234,2.663177251815796,6.871705532073975,1.0,1.0,1.0,1.0,32.597930908203125,4.355420112609863,2.3967700004577637,1.2268222570419312,8.172734260559082,1,1.0,27.788818359375,5.845885276794434,4.199216842651367,3.953615427017212,1.6230095624923706,3.814788341522217,1.997603178024292,1.9244271516799927,1.4554294347763062,1.1287003755569458,1.8912482261657715,2.3715426921844482,1.4568891525268555,2.8545899391174316,1.0,1.107405185699463,1.0,1.0,1.153725028038025,1.060295820236206,1.0,1.0,1.0,1.0572925806045532,6.488149166107178,1.1907819509506226,1.0,1.0,4.706120491027832,1.9941967725753784,2.4433774948120117,2.4536125659942627,1.0,2.0835893154144287,5.6945085525512695,1.3901677131652832,1.0,1.9273799657821655,1.7475594282150269,4.6891350746154785,18.484172821044922,127.18994903564453,56.43111801147461,7.157121181488037,4.101377964019775,4.427972316741943,1.0,1.0,13.7808198928833,1.0,15.548567771911621,12.383782386779785,5.483898162841797,22.198537826538086,3.669898271560669,9.210831642150879,3.8421883583068848,9.497172355651855,2.318100929260254,4.729117393493652,1.0,6.945926666259766,8.042244911193848,1.0,1.0,13.920244216918945,7.719308376312256,20.49803924560547,1.0,20.084579467773438,108.2992935180664,13.915773391723633,4.3841776847839355,3.4385879039764404,20.5139217376709,42.074031829833984,50.03154373168945,41.05777359008789,19.42965316772461,13.066043853759766,46.996646881103516,16.138751983642578,107.69699096679688,21.621171951293945,22.042451858520508,82.00081634521484,17.92812728881836,27.83676528930664
TEST_09+7일,7.024105548858643,1.0,8.516608238220215,6.025140285491943,1.5993413925170898,1.0,1.0,4.240274429321289,3.6251912117004395,1.3085781335830688,3.5058555603027344,2.2137420177459717,2.434072732925415,5.501603126525879,38.45899200439453,3.60267972946167,9.776119232177734,1.2632741928100586,2.8470728397369385,4.246574401855469,1.0,3.9791131019592285,1.8430156707763672,1.0,12.509644508361816,1.0,1.0,16.90399932861328,8.373875617980957,6.2572431564331055,5.1361894607543945,8.444252967834473,3.1726512908935547,2.5114800930023193,3.134413719177246,6.342635154724121,51.10552978515625,2.299776554107666,4.012386798858643,59.13212966918945,20.020296096801758,3.1343870162963867,5.453708171844482,1.0,1.0,3.3571038246154785,1.058824062347412,3.3442294597625732,1.7964298725128174,1.8598116636276245,24.42510223388672,2.696047782897949,9.079980850219727,1.9046313762664795,5.697166919708252,1.361760139465332,2.5432677268981934,1.4881943464279175,1.8313143253326416,2.7545714378356934,16.648256301879883,9.656482696533203,15.763251304626465,16.69036102294922,16.251117706298828,2.9490039348602295,2.814546823501587,2.8878746032714844,4.79468297958374,1.0,3.4850196838378906,6.434663772583008,1.123644232749939,1.0,6.1413726806640625,9.161534309387207,2.014716386795044,3.2927703857421875,1.7436734437942505,5.424280643463135,3.50247859954834,1.5430793762207031,2.3356008529663086,4.018004417419434,1.0,5.430588245391846,2.1533937454223633,3.915900468826294,2.477094888687134,6.942532062530518,11.215697288513184,2.038252353668213,5.164926052093506,14.376105308532715,1.2228279113769531,1.0,1.7680795192718506,1.0,8.582777976989746,13.444316864013672,2.4237332344055176,1.0452524423599243,7.645359992980957,1,89.93926239013672,1.0,9.26849365234375,7.367838382720947,5.954365253448486,3.3661108016967773,5.135476589202881,2.8748087882995605,2.434114456176758,1.9811111688613892,1.4044464826583862,1.6002204418182373,2.4805972576141357,2.650022029876709,4.267292499542236,1.703889012336731,1.7773126363754272,3.0042011737823486,1.0,1.0,1.0,1.0,1.0,1.0,1.0,1.0,1.0,1.0,1.0,5.227368354797363,5.174600601196289,5.3095574378967285,2.6528987884521484,1.0,2.961829423904419,10.457439422607422,2.2566754817962646,1.297986388206482,2.4282712936401367,2.183614492416382,12.844714164733887,1.0,82.28350830078125,1.0,12.231324195861816,1.0,5.100675106048584,31.27669334411621,1.0,20.095401763916016,1.0,1.0,17.992647171020508,9.935441970825195,1.0,12.08343505859375,10.122956275939941,3.865812301635742,9.71187686920166,5.552243709564209,6.760911464691162,1.0,8.107182502746582,9.859908103942871,147.27120971679688,46.7982177734375,93.72016143798828,21.08626937866211,25.923368453979492,1.8599207401275635,51.012367248535156,56.10304260253906,18.19037437438965,3.7912473678588867,5.647432804107666,14.729921340942383,35.389122009277344,43.64313888549805,69.90945434570312,25.96713638305664,32.35200119018555,60.22085189819336,30.234813690185547,159.60250854492188,57.588287353515625,41.054443359375,133.4743194580078,20.36937713623047,54.460514068603516
