영업일자,느티나무 셀프BBQ_1인 수저세트,느티나무 셀프BBQ_BBQ55(단체),"느티나무 셀프BBQ_대여료 30,000원","느티나무 셀프BBQ_대여료 60,000원","느티나무 셀프BBQ_대여료 90,000원","느티나무 셀프BBQ_본삼겹 (단품,실내)",느티나무 셀프BBQ_스프라이트 (단체),느티나무 셀프BBQ_신라면,느티나무 셀프BBQ_쌈야채세트,느티나무 셀프BBQ_쌈장,느티나무 셀프BBQ_육개장 사발면,느티나무 셀프BBQ_일회용 소주컵,느티나무 셀프BBQ_일회용 종이컵,느티나무 셀프BBQ_잔디그늘집 대여료 (12인석),느티나무 셀프BBQ_잔디그늘집 대여료 (6인석),느티나무 셀프BBQ_잔디그늘집 의자 추가,느티나무 셀프BBQ_참이슬 (단체),느티나무 셀프BBQ_친환경 접시 14cm,느티나무 셀프BBQ_친환경 접시 23cm,느티나무 셀프BBQ_카스 병(단체),느티나무 셀프BBQ_콜라 (단체),느티나무 셀프BBQ_햇반,느티나무 셀프BBQ_허브솔트,담하_(단체) 공깃밥,담하_(단체) 생목살 김치전골 2.0,담하_(단체) 은이버섯 갈비탕,담하_(단체) 한우 우거지 국밥,담하_(단체) 황태해장국 3/27까지,담하_(정식) 된장찌개,담하_(정식) 물냉면 ,담하_(정식) 비빔냉면,담하_(후식) 된장찌개,담하_(후식) 물냉면,담하_(후식) 비빔냉면,담하_갑오징어 비빔밥,담하_갱시기,담하_공깃밥,담하_꼬막 비빔밥,담하_느린마을 막걸리,담하_담하 한우 불고기,담하_담하 한우 불고기 정식,담하_더덕 한우 지짐,담하_들깨 양지탕,담하_라면사리,담하_룸 이용료,담하_메밀면 사리,담하_명인안동소주,담하_명태회 비빔냉면,담하_문막 복분자 칵테일,담하_봉평메밀 물냉면,담하_생목살 김치찌개,담하_스프라이트,담하_은이버섯 갈비탕,담하_제로콜라,담하_참이슬,담하_처음처럼,담하_카스,담하_콜라,담하_테라,담하_하동 매실 칵테일,담하_한우 떡갈비 정식,담하_한우 미역국 정식,담하_한우 우거지 국밥,담하_한우 차돌박이 된장찌개,담하_황태해장국,라그로타_AUS (200g),라그로타_G-Charge(3),라그로타_Gls.Sileni,라그로타_Gls.미션 서드,라그로타_Open Food,라그로타_그릴드 비프 샐러드,라그로타_까르보나라,라그로타_모둠 해산물 플래터,라그로타_미션 서드 카베르네 쉬라,라그로타_버섯 크림 리조또,라그로타_빵 추가 (1인),라그로타_스프라이트,라그로타_시저 샐러드 ,라그로타_아메리카노,라그로타_알리오 에 올리오 ,라그로타_양갈비 (4ps),라그로타_자몽리치에이드,라그로타_제로콜라,라그로타_카스,라그로타_콜라,라그로타_하이네켄(생),라그로타_한우 (200g),라그로타_해산물 토마토 리조또,라그로타_해산물 토마토 스튜 파스타,라그로타_해산물 토마토 스파게티,"미라시아_(단체)브런치주중 36,000",미라시아_(오븐) 하와이안 쉬림프 피자,미라시아_(화덕) 불고기 페퍼로니 반반피자,미라시아_BBQ Platter,미라시아_BBQ 고기추가,미라시아_공깃밥,미라시아_글라스와인 (레드),미라시아_레인보우칵테일(알코올),미라시아_미라시아 브런치 (패키지),미라시아_버드와이저(무제한),미라시아_보일링 랍스타 플래터,미라시아_보일링 랍스타 플래터(덜매운맛),미라시아_브런치 2인 패키지 ,미라시아_브런치 4인 패키지 ,미라시아_브런치(대인) 주말,미라시아_브런치(대인) 주중,미라시아_브런치(어린이),미라시아_쉬림프 투움바 파스타,미라시아_스텔라(무제한),미라시아_스프라이트,미라시아_애플망고 에이드,미라시아_얼그레이 하이볼,미라시아_오븐구이 윙과 킬바사소세지,미라시아_유자 하이볼,미라시아_잭 애플 토닉,미라시아_칠리 치즈 프라이,미라시아_코카콜라,미라시아_코카콜라(제로),미라시아_콥 샐러드,미라시아_파스타면 추가(150g),미라시아_핑크레몬에이드,연회장_Cass Beer,연회장_Conference L1,연회장_Conference L2,연회장_Conference L3,연회장_Conference M1,연회장_Conference M8,연회장_Conference M9,연회장_Convention Hall,연회장_Cookie Platter,연회장_Grand Ballroom,연회장_OPUS 2,연회장_Regular Coffee,연회장_골뱅이무침,연회장_공깃밥,연회장_돈목살 김치찌개 (밥포함),연회장_로제 치즈떡볶이,연회장_마라샹궈,연회장_매콤 무뼈닭발&계란찜,연회장_모둠 돈육구이(3인),연회장_삼겹살추가 (200g),연회장_야채추가,연회장_왕갈비치킨,연회장_주먹밥 (2ea),카페테리아_공깃밥(추가),카페테리아_구슬아이스크림,카페테리아_단체식 13000(신),카페테리아_단체식 18000(신),카페테리아_돼지고기 김치찌개,카페테리아_복숭아 아이스티,카페테리아_새우 볶음밥,카페테리아_새우튀김 우동,카페테리아_샷 추가,카페테리아_수제 등심 돈까스,카페테리아_아메리카노(HOT),카페테리아_아메리카노(ICE),카페테리아_약 고추장 돌솥비빔밥,카페테리아_어린이 돈까스,카페테리아_오픈푸드,카페테리아_진사골 설렁탕,카페테리아_짜장면,카페테리아_짜장밥,카페테리아_짬뽕,카페테리아_짬뽕밥,카페테리아_치즈돈까스,카페테리아_카페라떼(HOT),카페테리아_카페라떼(ICE),카페테리아_한상 삼겹구이 정식(2인) 소요시간 약 15~20분,포레스트릿_꼬치어묵,포레스트릿_떡볶이,포레스트릿_복숭아 아이스티,포레스트릿_생수,포레스트릿_스프라이트,포레스트릿_아메리카노(HOT),포레스트릿_아메리카노(ICE),포레스트릿_치즈 핫도그,포레스트릿_카페라떼(HOT),포레스트릿_카페라떼(ICE),포레스트릿_코카콜라,포레스트릿_페스츄리 소시지,화담숲주막_느린마을 막걸리,화담숲주막_단호박 식혜 ,화담숲주막_병천순대,화담숲주막_스프라이트,화담숲주막_참살이 막걸리,화담숲주막_찹쌀식혜,화담숲주막_콜라,화담숲주막_해물파전,화담숲카페_메밀미숫가루,화담숲카페_아메리카노 HOT,화담숲카페_아메리카노 ICE,화담숲카페_카페라떼 ICE,화담숲카페_현미뻥스크림
TEST_00+1일,8.768348693847656,17.05986213684082,10.785388946533203,2.373750925064087,1.0,1.0,6.683281898498535,1.6090312004089355,2.0744969844818115,1.0,1.0,1.0,2.394549608230591,4.92014217376709,22.300918579101562,1.0,13.496535301208496,1.0,1.8247497081756592,38.026790618896484,5.391467094421387,3.073183298110962,1.0,1,4.0971150398254395,1,1,13.923345565795898,6.668996334075928,1.0,2.083098888397217,5.272280216217041,1.4691147804260254,1.6638621091842651,1.0,4.901362419128418,47.50113296508789,1.0381391048431396,2.050267457962036,41.79623794555664,16.13554573059082,1.0,3.9896011352539062,1,1.0,1.3079872131347656,1,3.8064401149749756,1.0,1.7276827096939087,18.738754272460938,1.0,4.200340747833252,1,3.0419256687164307,1.0,2.30981707572937,1.0,1.0,1.0,10.951183319091797,8.289027214050293,17.158340454101562,10.78183364868164,12.67137622833252,3.0756750106811523,1.0,1.353406310081482,3.3324036598205566,1,1.1154210567474365,3.261730909347534,1.0,1.0,3.348026752471924,1.0,1,1.9937705993652344,1.0,2.5759241580963135,1.0951626300811768,1.0,1.0,1.0,1.0,1.0,1.9753093719482422,1.097834587097168,1.0,6.929306507110596,18.93291664123535,1.0,2.2732856273651123,11.858928680419922,1.0224552154541016,1,1,1.0,25.918317794799805,6.125049114227295,2.310920000076294,1.0,7.344471454620361,1.0,70.8076171875,34.957763671875,20.940101623535156,4.321169376373291,4.460371971130371,1.0,1.6976243257522583,1.8946340084075928,1.881501317024231,1.0,1.0,1.0,1.0,1.490861177444458,2.101954221725464,1.0,1.0,1,1,1,1,1,1,1,1.0,1.0,1,1,1,1.0,1.1501623392105103,1.0,1.0,1.0,1.0,3.390110969543457,1.0,1,2.7382707595825195,1.0,4.822219371795654,1.0,28.45293426513672,24.0141544342041,20.02757453918457,1.0,1.0,1.0,1.0,50.002586364746094,1.0,1.0,41.91122817993164,6.7346343994140625,1.0,1.0,9.113133430480957,1.0,6.732221603393555,3.6412110328674316,7.0119948387146,1.0,1.0,9.147201538085938,1.0,1.0,1.0,20.03180503845215,4.698328018188477,1.0,9.008209228515625,1.0,1.6163374185562134,1.0,3.6392736434936523,1.0,127.91542053222656,43.29821014404297,159.46310424804688,24.167850494384766,115.43416595458984,67.87560272216797,33.954105377197266,500.8572082519531,68.97614288330078,43.17957305908203,94.61846923828125,23.293127059936523,56.20964813232422
TEST_00+2일,6.922311782836914,5.3172407150268555,1.7516028881072998,1.0,1.0,1.0,1.1999354362487793,1.0,1.0,1.0,1.0,1.0,1.0,1.9051438570022583,12.731527328491211,1.0,28.736772537231445,1.080116629600525,1.0,29.695924758911133,7.21840238571167,1.6304293870925903,1.0,1,5.661629676818848,1,1,11.716504096984863,2.7367162704467773,3.2327497005462646,1.0,3.2292652130126953,2.0124027729034424,1.0,1.0,1.0,48.44970703125,1.0,1.6666581630706787,26.03687286376953,13.654609680175781,1.0909556150436401,1.0,1,1.0,1.488267421722412,1,3.6912546157836914,1.0,2.4691975116729736,16.515125274658203,1.0,4.269044399261475,1,1.6638103723526,1.0,2.0695178508758545,1.0,1.0,1.0,2.2336232662200928,7.806088447570801,12.513585090637207,12.072382926940918,11.857145309448242,1.0,1.0,1.0,1.348870873451233,1,1.0,1.0,1.0,1.0,1.0,1.9726368188858032,1,1.0,1.0,1.0,1.0,1.0,1.0,1.0,1.0,1.132203459739685,1.0,1.4873696565628052,1.2583606243133545,1.0,25.049781799316406,1.5767520666122437,1.939498782157898,9.695377349853516,1.0,1,1,1.0,32.120574951171875,3.2971150875091553,1.2907487154006958,1.0,6.9760918617248535,1.0689362287521362,39.53579330444336,41.924495697021484,16.67474937438965,2.905837059020996,3.007166862487793,1.0,1.1687734127044678,1.7592287063598633,1.9412734508514404,1.0,1.0,1.0,1.0,1.345054030418396,2.426109552383423,1.0,1.0,1,1,1,1,1,1,1,1.0,1.6114286184310913,1,1,1,1.0,1.0,1.0,1.2777855396270752,1.0,1.0,3.8199808597564697,1.0,1,1.0,1.0,1.0,1.0,32.36163330078125,58.61875915527344,5.0339226722717285,1.0,1.0,1.231266975402832,1.0,55.63502883911133,1.0,1.0,27.619415283203125,5.14259147644043,1.0,1.0,4.0411810874938965,1.0,3.192072629928589,2.7809412479400635,1.6050630807876587,1.0,1.0,8.09485149383545,1.0,1.0,3.0373740196228027,1.0,1.0,1.0,1.0,1.0,3.476951837539673,1.0,3.103792428970337,1.0,111.58952331542969,20.677658081054688,141.0741424560547,10.092438697814941,101.11951446533203,44.495330810546875,25.26312828063965,449.0765686035156,58.59703826904297,41.51484298706055,73.72357940673828,21.16460609436035,47.78724670410156
TEST_00+3일,4.813931941986084,19.868175506591797,1.7654896974563599,2.3738341331481934,1.0,1.0,3.6069507598876953,3.0916318893432617,1.0,1.0,1.0,1.0,1.0,1.6056932210922241,11.170981407165527,1.0,28.58609390258789,1.0,1.0,28.732820510864258,5.660727024078369,1.7849140167236328,1.0,1,2.272806406021118,1,1,29.655372619628906,3.885990858078003,3.5429177284240723,1.915163278579712,1.0,1.951231598854065,1.0,1.603657841682434,1.0,27.631303787231445,1.0,1.5401673316955566,28.97359848022461,17.560441970825195,1.1616973876953125,1.0829869508743286,1,1.0,2.7754621505737305,1,3.1474242210388184,1.0,1.5477752685546875,14.077272415161133,1.0,3.8469510078430176,1,1.0,1.0,2.1321864128112793,1.0,1.0,1.0,4.972084045410156,2.773023843765259,4.5047783851623535,12.000917434692383,9.33553409576416,1.0,1.0,1.0814141035079956,1.590958833694458,1,1.3648004531860352,3.123307704925537,1.0,1.0,2.7734105587005615,1.0,1,1.4685447216033936,1.0,3.822392225265503,1.0,1.0,1.0,1.0,1.0,2.483516216278076,1.0,1.0,1.0,3.3523004055023193,21.18160629272461,1.0,1.0,5.233810901641846,1.0,1,1,1.0,20.45729637145996,6.364896297454834,1.2440159320831299,1.0,3.6377859115600586,1.0,11.739131927490234,22.11212158203125,9.040553092956543,3.0790908336639404,1.7126182317733765,1.0,2.4777309894561768,1.0,1.8436168432235718,1.0,1.0,1.0,1.0,1.0,1.3021533489227295,1.0,1.0,1,1,1,1,1,1,1,1.0,2.020678758621216,1,1,1,1.0,1.0,1.0,1.0,1.0,1.0,1.260407567024231,1.0,1,1.0,1.0,1.0,1.0,15.680932998657227,71.88746643066406,5.066563129425049,1.0,1.0,1.0,1.0,44.322715759277344,1.0,1.0,39.54257583618164,6.969263553619385,1.0,9.017183303833008,1.2180153131484985,1.0,1.0,4.59152364730835,1.0,1.0,1.0,5.455978870391846,12.603047370910645,1.0,2.4128525257110596,1.12067449092865,1.0,1.0,15.319287300109863,1.0,1.0,1.0,7.515463352203369,1.0,111.40806579589844,30.783517837524414,155.92425537109375,13.192078590393066,93.21472930908203,55.08211135864258,31.919797897338867,469.7259826660156,57.404598236083984,45.77665710449219,116.77394104003906,22.528057098388672,54.10215377807617
TEST_00+4일,10.00466251373291,20.302778244018555,1.0,1.0,1.0,1.0,1.0,4.762458324432373,1.1214343309402466,1.0,1.0,1.0,1.3451858758926392,1.697882890701294,11.043749809265137,1.0,34.331424713134766,1.0,1.1611087322235107,28.297025680541992,8.161717414855957,2.125394344329834,1.0,1,9.295578956604004,1,1,28.574922561645508,3.324040174484253,2.652277708053589,2.1144745349884033,3.9650752544403076,1.5638127326965332,1.0,1.0,2.5902271270751953,30.216962814331055,1.0,2.110800266265869,24.082361221313477,17.598133087158203,1.2736577987670898,1.3942744731903076,1,1.0,2.1069130897521973,1,3.1848299503326416,1.0,2.3992385864257812,17.0040340423584,1.0,5.864765167236328,1,1.0,1.0,1.917575716972351,1.0,1.0,1.0,2.341104507446289,1.9345343112945557,8.493660926818848,14.83019733428955,6.879613399505615,1.0,1.0,1.0,1.5383528470993042,1,1.0,1.793989658355713,1.0,1.0,2.32535982131958,2.1128108501434326,1,1.0,1.0,3.1542439460754395,1.0,1.0,1.0,1.0,1.0,1.8953509330749512,1.0,1.0,1.3775802850723267,4.024232864379883,29.999914169311523,1.0168415307998657,1.0,6.534142017364502,1.0,1,1,1.0,34.6959228515625,2.867833375930786,1.0,1.0,4.862918376922607,1.0,11.891772270202637,16.761756896972656,15.48472785949707,2.599316120147705,2.9833054542541504,1.0,1.8351658582687378,1.0,1.547215223312378,1.0711348056793213,1.0,1.1235603094100952,1.8662852048873901,1.0,1.275846242904663,1.0,1.0,1,1,1,1,1,1,1,1.0,2.703200340270996,1,1,1,1.0,1.0,1.4520328044891357,1.0,1.0,1.0,6.148453235626221,1.0,1,2.479768991470337,1.0,1.0,1.0,26.49349594116211,55.12263870239258,5.600785732269287,1.0,5.8436598777771,1.0,1.0,40.08823013305664,1.2325313091278076,1.0,51.83320236206055,1.672398567199707,1.0,5.820041656494141,1.0,1.0,4.8877854347229,2.0947251319885254,3.806760311126709,1.0,1.0,5.4849419593811035,1.0,1.0,9.020331382751465,2.491936206817627,1.2142080068588257,1.0,5.5537190437316895,1.0,1.0,1.0,4.422292709350586,1.0,107.48696899414062,38.52949523925781,133.97874450683594,6.01695442199707,84.93885040283203,59.89617919921875,41.68035125732422,454.8946228027344,69.35884857177734,49.30282974243164,111.67129516601562,23.23367691040039,56.78274154663086
TEST_00+5일,12.233073234558105,38.40428161621094,1.0,1.3866605758666992,1.0,1.0,11.114734649658203,4.8339385986328125,1.0,1.0,1.0,1.0,2.034606695175171,3.8829126358032227,18.812175750732422,1.0,32.63288879394531,1.0,1.0,49.775482177734375,9.573963165283203,1.0,1.1610043048858643,1,6.397328853607178,1,1,29.831153869628906,6.90651798248291,2.0580873489379883,2.0072758197784424,2.5417966842651367,1.2149766683578491,1.0,1.0,1.030043601989746,42.335357666015625,1.0,1.0,21.906654357910156,18.570819854736328,1.9658162593841553,3.392876148223877,1,1.0,2.097968101501465,1,3.263117790222168,1.0,3.092133045196533,12.968664169311523,1.0,2.9102208614349365,1,2.464332342147827,1.0,1.0,1.0,1.0174570083618164,1.0,1.5787739753723145,4.178896427154541,8.011571884155273,13.472010612487793,9.833016395568848,2.902317523956299,1.0,1.0,1.331138253211975,1,1.0,2.7800991535186768,1.0,1.0,1.0,3.4466896057128906,1,2.593390464782715,1.1204332113265991,2.51941180229187,1.0,1.0,1.0,1.0176312923431396,1.3034391403198242,1.2189404964447021,1.0,1.0,2.5340676307678223,7.114394664764404,44.31719970703125,1.0592658519744873,1.260998249053955,9.165627479553223,1.0,1,1,1.0,29.62643814086914,5.717799186706543,1.028430700302124,1.0,4.948513031005859,1.0,19.174190521240234,32.71231460571289,12.315117835998535,2.6471617221832275,4.009804725646973,1.0,1.9996058940887451,1.352630853652954,1.5560888051986694,1.0,1.0,1.0,1.5354987382888794,1.3303731679916382,1.2281007766723633,1.0,1.0,1,1,1,1,1,1,1,1.0,3.476844072341919,1,1,1,1.0,1.0,1.0,1.0,1.0,1.0,4.73829460144043,1.0,1,2.2172420024871826,1.0,1.0,1.0,24.184383392333984,85.87010192871094,8.6790771484375,1.0,2.251145362854004,1.0,1.0,38.3453254699707,1.0,1.0,41.86672592163086,2.0552163124084473,1.0,12.72001838684082,3.042113780975342,1.0,3.4150145053863525,2.065673828125,1.0,1.0,1.0,5.362727642059326,1.0,1.0,1.2498369216918945,1.0,1.0,1.0,1.0624021291732788,1.0,1.0,1.0,1.0,1.0,118.89070129394531,48.72771453857422,152.14459228515625,16.033716201782227,93.92176055908203,80.40322875976562,54.234947204589844,489.77362060546875,56.805416107177734,56.835731506347656,111.3966064453125,25.695714950561523,64.6043472290039
TEST_00+6일,12.891044616699219,24.795717239379883,4.803854942321777,1.727306842803955,1.0,1.0,1.257585048675537,5.280045509338379,2.70762300491333,1.0229289531707764,1.0,1.0,1.4544849395751953,6.527636528015137,27.674034118652344,1.5342597961425781,7.821162223815918,1.1109356880187988,2.098057508468628,11.208943367004395,2.586576461791992,2.6742777824401855,1.0,1,5.146242618560791,1,1,50.28761291503906,9.641408920288086,4.374902725219727,2.8130691051483154,5.692126274108887,2.1159780025482178,1.0,1.0,3.576491355895996,60.526893615722656,2.4845023155212402,1.3442574739456177,40.187923431396484,14.334940910339355,1.7085000276565552,3.509862184524536,1,1.0,2.833951711654663,1,3.179910659790039,1.0,2.1488757133483887,15.650666236877441,1.0,5.335389614105225,1,2.8264195919036865,1.0,1.496196985244751,1.0,1.3869105577468872,1.0,12.132377624511719,3.6270174980163574,10.223787307739258,18.4294490814209,8.900975227355957,3.081679105758667,1.0,1.5332528352737427,1.4625542163848877,1,1.0,2.4275801181793213,1.0917075872421265,1.0,2.5768604278564453,4.127171039581299,1,1.0,1.0,2.754938840866089,1.1172161102294922,1.1365090608596802,1.0,1.0,1.0,1.1681880950927734,1.0,1.0,1.872766137123108,8.388457298278809,17.951677322387695,1.0,1.0,9.140205383300781,1.0,1,1,1.0,25.248231887817383,4.476023197174072,1.3593568801879883,1.2274037599563599,8.043495178222656,1.0,25.032072067260742,27.461410522460938,15.906728744506836,5.167903900146484,5.174203872680664,1.0,2.600501775741577,1.6681499481201172,2.4575226306915283,1.0898300409317017,1.0,1.0,1.378109097480774,1.7025692462921143,2.225860357284546,1.163561224937439,1.0,1,1,1,1,1,1,1,1.0,2.393495559692383,1,1,1,4.491307735443115,2.251344919204712,3.498340129852295,1.757725715637207,1.0,2.223191261291504,8.435855865478516,1.0,1,4.9890947341918945,1.0,7.154445171356201,1.0,34.265830993652344,75.28882598876953,6.8749098777771,1.0,1.1679651737213135,1.0,1.0,64.94832611083984,1.0,1.0,51.0629997253418,7.069297790527344,1.0,2.7177248001098633,3.0166571140289307,1.0,9.843902587890625,1.7123087644577026,2.3465638160705566,1.0,1.0,7.653985977172852,1.0,1.0,1.0,12.01421070098877,1.0,1.0,35.404415130615234,1.0,1.0,1.0,1.0,1.0,111.66139221191406,42.360904693603516,153.43833923339844,22.990928649902344,94.42705535888672,85.335693359375,51.403926849365234,501.6785888671875,69.39620971679688,44.48801803588867,86.06558990478516,23.77620506286621,67.26268768310547
TEST_00+7일,10.61961841583252,6.330175399780273,9.6453857421875,9.002694129943848,1.3500386476516724,1.0,1.0,4.258718490600586,2.2324113845825195,1.3119819164276123,1.385655403137207,1.0098214149475098,3.5260543823242188,7.567663669586182,35.69771194458008,1.5554394721984863,1.0,1.0,2.066415309906006,13.10578441619873,1.0,1.6224576234817505,1.2092692852020264,1,3.6405766010284424,1,1,25.11086654663086,6.1868157386779785,1.6581331491470337,2.476816415786743,5.739158630371094,1.4295830726623535,2.3629283905029297,1.0,4.161708354949951,65.67683410644531,1.1276003122329712,2.466226816177368,50.13894271850586,17.123313903808594,1.0,2.6212949752807617,1,1.0,3.373253107070923,1,2.3197836875915527,1.0,5.840867042541504,19.303497314453125,1.0,5.511283874511719,1,4.748693466186523,1.0,2.214052438735962,1.0,1.400450348854065,1.0171747207641602,14.618463516235352,7.286356449127197,21.954805374145508,20.074480056762695,17.84048843383789,2.1748948097229004,1.0,1.4959760904312134,4.6884846687316895,1,1.0,3.5296778678894043,1.5543385744094849,1.0,2.7319576740264893,4.427688121795654,1,1.0,1.3929729461669922,3.8386268615722656,1.21306574344635,1.0,1.0,1.0,1.0,1.957039475440979,1.0,1.8330144882202148,2.137267827987671,8.71970272064209,1.0,1.2380014657974243,5.275552272796631,11.093589782714844,1.2080179452896118,1,1,1.0,34.858665466308594,9.672384262084961,1.6716433763504028,1.7195744514465332,7.313442230224609,1.0,61.86590576171875,8.100544929504395,20.48672866821289,3.407346487045288,6.185393333435059,1.1904423236846924,4.019933223724365,1.6979707479476929,2.530160427093506,1.0,1.0,1.18190336227417,2.567678451538086,1.6244100332260132,1.4727009534835815,1.1310993432998657,2.7911202907562256,1,1,1,1,1,1,1,1.0,1.0,1,1,1,4.297469615936279,1.4177889823913574,3.965270757675171,3.535207986831665,1.0920994281768799,2.046144485473633,9.759714126586914,1.0,1,4.384649276733398,1.3339602947235107,1.0,1.0,28.71097755432129,50.116458892822266,11.440892219543457,1.0,3.428302049636841,1.2617340087890625,1.0,50.14796829223633,1.0,1.0,43.41220474243164,9.750758171081543,1.0,17.209819793701172,1.743761420249939,1.2737809419631958,10.085926055908203,3.5958614349365234,5.458384037017822,1.0,1.0,9.155070304870605,1.0,1.0,8.07081127166748,1.0,4.848033905029297,1.0,7.71456241607666,1.0,1.0,1.0,9.099065780639648,1.0,134.78228759765625,57.69585037231445,171.0813751220703,29.812217712402344,107.51597595214844,92.16719055175781,47.837799072265625,518.6934814453125,63.343299865722656,62.25773620605469,92.12246704101562,24.8177433013916,54.7867546081543
TEST_01+1일,10.242318153381348,18.335628509521484,5.488802433013916,2.1713783740997314,1.0,1.0,1.0,4.992544651031494,2.6178457736968994,1.0,1.0,1.0,3.128342390060425,4.446651458740234,25.32793426513672,1.2216103076934814,1.0,1.0,1.1126583814620972,1.0,1.0,2.5496201515197754,1.0,1,5.602883815765381,1,1,32.321495056152344,8.597246170043945,2.63757586479187,3.36232328414917,3.813366651535034,1.5207669734954834,1.1886990070343018,1.0,4.277017116546631,49.02793884277344,1.0,2.4614500999450684,43.98338317871094,24.625057220458984,1.0,3.5653326511383057,1,1.0,1.2934037446975708,1,3.506856679916382,1.0,3.601318359375,16.867755889892578,1.0,5.150821685791016,1,2.621335506439209,1.0,1.0,1.0,1.0,1.0,15.97836971282959,14.653825759887695,19.523027420043945,12.770034790039062,15.712369918823242,3.1732726097106934,1.0,1.8537863492965698,2.307560443878174,1,1.0633296966552734,1.5460127592086792,1.0,1.0,4.053193092346191,1.0,1,1.1661200523376465,1.0,2.1650686264038086,1.3701015710830688,1.0,1.0,1.0,1.1531562805175781,3.5333263874053955,1.0,1.0,1.0,7.646266460418701,17.773927688598633,1.2544423341751099,3.5592494010925293,10.681585311889648,1.0,1,1,1.0,31.393430709838867,5.807254791259766,1.6967077255249023,1.0,6.34232234954834,1.0,80.60154724121094,16.693065643310547,25.393442153930664,3.474902868270874,5.6827592849731445,1.0,5.083402156829834,1.514505386352539,1.815781593322754,1.0,1.0,1.0,1.7030267715454102,1.3879295587539673,2.5306057929992676,1.0,1.0,1,1,1,1,1,1,1,1.0,1.0,1,1,1,3.2173492908477783,1.5141762495040894,2.717909812927246,2.067284107208252,1.0,1.0,1.0,1.0,1,1.9138106107711792,1.1801265478134155,8.969796180725098,1.0,1.1392319202423096,1.0,1.0,1.0,3.3047921657562256,1.0,1.0,70.31008911132812,1.0,1.0,54.29606628417969,2.4470713138580322,1.0,1.0,12.496724128723145,1.4590924978256226,6.543825626373291,4.043776035308838,4.754273414611816,1.0,1.0,10.83504867553711,1.0,13.853920936584473,2.5384013652801514,39.927947998046875,5.277902603149414,1.9772250652313232,50.19215774536133,1.1437931060791016,1.4999184608459473,4.19148063659668,1.0,1.0,94.73512268066406,36.996437072753906,139.5640869140625,17.658414840698242,86.20962524414062,64.34786224365234,27.425739288330078,513.160888671875,76.58056640625,1.0,122.21770477294922,26.924585342407227,68.36019897460938
TEST_01+2일,10.405205726623535,4.377462387084961,3.8309969902038574,1.0,1.0,1.0,1.0,3.5861546993255615,2.055852174758911,1.0,1.0,1.0,1.3384078741073608,3.5100345611572266,19.27495002746582,1.0,4.8501410484313965,1.0,1.1759474277496338,1.0,1.0,1.6169912815093994,1.0,1,1.0,1,1,21.7138671875,6.331777095794678,3.024829149246216,3.399773359298706,4.854846954345703,1.8507245779037476,1.0,1.3070205450057983,1.0,50.03998565673828,1.0,1.444254755973816,34.998985290527344,22.196077346801758,1.0,1.0,1,1.0,2.4655961990356445,1,3.8446297645568848,1.0,3.427302837371826,14.08124828338623,1.0,6.929464817047119,1,1.2755348682403564,1.0,1.3945883512496948,1.0,1.5207254886627197,1.0,9.65975570678711,10.416035652160645,14.779008865356445,14.607173919677734,14.645450592041016,2.5336573123931885,1.0,1.0,3.655695915222168,1,1.297324538230896,1.0,1.0,1.0,1.0,2.6510396003723145,1,1.0,1.0,2.894989252090454,1.0,1.0,1.0,1.0,1.0,1.0,1.0,1.0,1.0,2.824458599090576,18.9277286529541,1.830970287322998,4.4838032722473145,8.118672370910645,1.0,1,1,1.0,24.512008666992188,6.294644832611084,1.1442195177078247,1.0,8.45016098022461,1.0,44.18465805053711,1.0,21.919225692749023,3.5255019664764404,3.6573097705841064,1.0,3.319976806640625,1.7589223384857178,1.6691412925720215,1.0,1.0,1.0,2.0456392765045166,1.0,3.0687315464019775,1.124601125717163,1.0,1,1,1,1,1,1,1,1.0,1.7374211549758911,1,1,1,3.1365108489990234,1.0,3.3573334217071533,1.8327428102493286,1.0,1.2440946102142334,1.6191151142120361,1.0,1,3.4965121746063232,1.205062985420227,2.1729674339294434,1.0,29.292484283447266,1.0,1.0,1.0,5.827615261077881,1.305568814277649,1.0,81.77542114257812,1.0,1.0,43.92914962768555,1.734829306602478,1.0,1.0,4.553857803344727,1.0,1.0,3.6765801906585693,4.545752048492432,1.0,1.0,9.466227531433105,1.0,1.0,1.0,20.58518409729004,3.1768505573272705,1.4123810529708862,45.9965934753418,14.90931510925293,5.526154518127441,1.0,1.0,1.0,74.63561248779297,8.18397045135498,126.6544189453125,1.0,75.69247436523438,47.721073150634766,7.308595180511475,466.667236328125,69.02457427978516,1.0,102.4810562133789,19.571456909179688,67.78671264648438
TEST_01+3일,9.491825103759766,5.110693454742432,2.236504554748535,1.0,1.0,1.0,5.48049783706665,3.2653450965881348,2.092111825942993,1.0,1.0,1.0,1.3861628770828247,3.6188437938690186,19.701906204223633,1.0,1.1020957231521606,1.0,1.0,3.9574880599975586,1.1053879261016846,1.359534740447998,1.0,1,3.1806490421295166,1,1,28.04758071899414,2.0551066398620605,4.800440311431885,2.8151986598968506,3.6800363063812256,1.7820160388946533,1.0,1.5685845613479614,1.0,40.27076721191406,1.9277576208114624,2.2880923748016357,34.81201934814453,24.60935401916504,1.0,1.0,1,1.0,2.019437313079834,1,4.732295513153076,1.0,1.6059874296188354,15.781996726989746,1.0,5.857311248779297,1,1.9678372144699097,1.135009527206421,1.0838512182235718,1.0,1.2414400577545166,1.0,6.8471269607543945,7.756051063537598,6.047824382781982,14.415323257446289,14.77023983001709,1.0,1.0,1.0,2.302534341812134,1,2.8833491802215576,1.0,1.0,1.0,3.856718063354492,1.0,1,1.793269157409668,1.0,3.3122825622558594,1.0561778545379639,1.0,1.0,1.0,1.0,2.2391273975372314,1.0,1.0535343885421753,1.481600046157837,3.7870891094207764,27.588768005371094,1.0,2.210153102874756,3.8547611236572266,1.0,1,1,1.0,17.6698055267334,5.915634632110596,1.0,1.5855358839035034,3.3062009811401367,1.0978683233261108,18.894906997680664,28.44272804260254,21.06482696533203,3.0911941528320312,4.218581199645996,1.0,3.2129037380218506,1.8127340078353882,1.8006290197372437,1.0,1.0,1.0,1.0,1.0,1.0,1.0,1.0,1,1,1,1,1,1,1,1.0,1.613742470741272,1,1,1,2.074946641921997,1.0,2.954491376876831,1.0851919651031494,1.0,1.1353853940963745,1.0,1.0,1,2.35253643989563,1.0,1.0,1.0,18.462858200073242,11.422799110412598,1.0,1.0,4.8011155128479,1.0,1.0,74.74303436279297,1.0,2.0299336910247803,52.71562194824219,1.0,1.0,11.13918399810791,11.627006530761719,1.2887234687805176,1.0,1.6665425300598145,6.221301555633545,1.0,1.0,8.387285232543945,20.479400634765625,13.668177604675293,3.3236324787139893,29.05498504638672,3.7316668033599854,1.371551752090454,48.26210403442383,1.0,1.0,1.0,1.0,1.0,101.90767669677734,17.965681076049805,144.71279907226562,9.054597854614258,63.51939392089844,59.246734619140625,19.850095748901367,535.3893432617188,66.40592956542969,1.0,134.80096435546875,19.07711410522461,61.73105239868164
TEST_01+4일,10.31960678100586,4.794827938079834,2.106539249420166,2.2337145805358887,1.0,1.0,1.0736445188522339,1.9432708024978638,1.967798113822937,1.0,1.0,1.4168368577957153,1.0,3.0018773078918457,16.614667892456055,1.0,1.0,1.0,1.0,8.60342025756836,1.5206722021102905,1.9156713485717773,1.0,1,3.1175739765167236,1,1,23.851205825805664,3.05631685256958,3.9511775970458984,1.9371705055236816,3.482342481613159,1.4348922967910767,1.0,1.0,2.779714345932007,43.35982894897461,1.688246488571167,1.9600750207901,33.59421157836914,20.62272071838379,1.0,1.6931498050689697,1,1.0,2.544799327850342,1,3.6745047569274902,1.0,2.4230756759643555,16.154539108276367,1.0,6.402102470397949,1,1.0,1.0,1.1723264455795288,1.0,1.0,1.0,4.275509834289551,5.892971992492676,11.950661659240723,14.751699447631836,13.44428539276123,1.7206095457077026,1.0,1.0333467721939087,3.4014463424682617,1,1.5444451570510864,3.32069730758667,1.0,1.0,3.050833225250244,1.0,1,1.4277675151824951,1.0,3.318956136703491,1.0,1.0,1.0,1.0,1.0,1.6907312870025635,1.0,1.0,1.0,5.649383068084717,25.841808319091797,1.0141677856445312,1.550322413444519,4.378655910491943,1.0,1,1,1.0,26.590614318847656,5.170677185058594,1.637466549873352,1.0,8.36014175415039,1.0,17.760623931884766,19.81458282470703,19.872482299804688,2.933100938796997,1.9696327447891235,1.0738319158554077,2.7861838340759277,1.994946837425232,1.8959814310073853,1.015014410018921,1.0,1.1308865547180176,1.6176576614379883,1.0,1.0,1.1563557386398315,1.0,1,1,1,1,1,1,1,1.0,2.2298128604888916,1,1,1,3.1609575748443604,1.0,3.3788084983825684,1.0,1.0,1.5295708179473877,1.0,1.0,1,1.8913041353225708,1.0,5.314972400665283,1.0,32.43806076049805,7.086741924285889,1.7083966732025146,1.0,9.094527244567871,1.0,1.0,67.55135345458984,1.0,1.0,55.34185791015625,2.2838425636291504,1.0,3.624645948410034,2.1095240116119385,1.0,4.810868740081787,4.5480499267578125,5.416301727294922,1.0,1.0,8.932353973388672,1.0,1.0,9.050436973571777,1.6250776052474976,1.0,1.0,30.144346237182617,9.571831703186035,1.0,1.966143012046814,1.3701841831207275,1.0,94.82803344726562,22.904693603515625,128.6257781982422,7.473443984985352,58.22416305541992,55.1553840637207,26.030290603637695,525.1294555664062,82.73218536376953,4.310083389282227,120.3710708618164,23.50545310974121,65.47380065917969
TEST_01+5일,6.925734043121338,26.63113784790039,2.3968403339385986,1.3690248727798462,1.0,1.0,10.032645225524902,3.2776706218719482,2.838557243347168,1.0,1.0,1.0,1.3306188583374023,4.245500564575195,16.92822265625,1.0,1.0,1.0,1.11773681640625,6.943994522094727,4.116528511047363,1.5496101379394531,1.0,1,2.215512275695801,1,1,24.490633010864258,5.2904744148254395,4.17011833190918,2.858093023300171,3.169856548309326,2.145759344100952,1.0,1.2546424865722656,1.0,44.50435256958008,1.0,1.0,24.435293197631836,15.640874862670898,2.19962477684021,3.3203930854797363,1,1.0,2.7163634300231934,1,4.352024078369141,1.0,3.139124631881714,13.393074989318848,1.0,6.233335494995117,1,1.5086108446121216,1.1584488153457642,1.0,1.0,1.134408950805664,1.0,2.3029932975769043,7.744775772094727,15.441997528076172,14.229494094848633,14.774369239807129,3.216265916824341,1.0,1.006549596786499,1.3779964447021484,1,1.0,2.4685230255126953,1.0,1.0,1.7715134620666504,1.4044959545135498,1,1.6750794649124146,1.0,2.602222442626953,1.0,1.0,1.0,1.0,1.0,1.561092734336853,1.0,1.5263142585754395,1.7355051040649414,6.955234050750732,38.08442687988281,1.0,1.0,6.229827404022217,1.0,1,1,1.0,28.67464256286621,7.083582878112793,1.252468228340149,1.0,5.378103733062744,1.0245966911315918,11.284505844116211,30.039113998413086,15.280957221984863,2.350949287414551,3.005194664001465,1.0,2.822002649307251,1.4568389654159546,1.3127440214157104,1.0,1.0,1.0,1.648696780204773,1.2980177402496338,1.0,1.0,1.0,1,1,1,1,1,1,1,1.0,2.832834482192993,1,1,1,3.2864913940429688,1.0,1.0,1.0,1.0,1.1258013248443604,1.5736342668533325,1.0,1,2.728909492492676,1.0,4.398132801055908,1.0,8.059737205505371,69.6393051147461,1.0,1.0,4.642169952392578,1.0,1.0,64.91365051269531,1.0,1.0,51.16868209838867,1.589003562927246,1.0,14.360278129577637,8.262701988220215,1.0,4.077393531799316,3.878648042678833,10.585165023803711,1.0,1.0,8.00053596496582,6.148655891418457,8.302922248840332,1.0,21.22016143798828,1.0,1.0,27.89510726928711,1.0,1.0,1.3188252449035645,2.955765962600708,1.0,99.8291015625,38.62055587768555,146.1053924560547,17.940380096435547,73.45225524902344,77.14933013916016,35.562801361083984,549.1036987304688,70.45993041992188,10.717964172363281,107.44861602783203,27.857030868530273,70.85210418701172
TEST_01+6일,7.883471965789795,19.241010665893555,3.301948070526123,1.5966132879257202,1.0,1.0,5.25150203704834,4.792263984680176,3.380396842956543,1.0,1.0,1.0,2.1092581748962402,4.471705913543701,20.957868576049805,1.735320806503296,1.0,1.0,1.958071231842041,10.145607948303223,2.8603007793426514,2.95395827293396,1.0,1,1.2065249681472778,1,1,34.194034576416016,9.504497528076172,4.077179431915283,2.505842924118042,3.6888160705566406,2.6158268451690674,1.0,1.5085327625274658,4.531948089599609,45.82685852050781,4.362125873565674,1.0,31.98268699645996,23.21087646484375,1.0,3.7340104579925537,1,1.0,2.2179884910583496,1,3.5112829208374023,1.0,2.731776475906372,16.43044662475586,1.0,7.601217746734619,1,3.6527023315429688,1.0,1.0,1.0,1.6463464498519897,1.0,7.753571033477783,8.298958778381348,14.20482349395752,15.515586853027344,10.807507514953613,2.928638458251953,1.0,1.1119279861450195,1.7088454961776733,1,1.443195104598999,2.72855544090271,1.0,1.0,2.561103343963623,3.9551377296447754,1,1.0,1.0,2.062899351119995,1.0,1.0,1.0,1.0,1.1988307237625122,1.1941639184951782,1.0,1.9236239194869995,1.711716651916504,8.574366569519043,22.32547950744629,1.0,1.8476375341415405,8.067704200744629,1.0,1,1,1.0,18.755374908447266,7.190606594085693,1.813652753829956,1.0,7.377821922302246,1.0,18.056095123291016,32.17147445678711,22.866891860961914,4.323462963104248,4.101201057434082,1.0,3.019624948501587,1.2221896648406982,1.6762322187423706,1.0,1.0,1.273447871208191,2.2183430194854736,1.5738295316696167,2.8146913051605225,1.0573129653930664,1.0,1,1,1,1,1,1,1,1.0,2.6489169597625732,1,1,1,4.190059185028076,1.489168405532837,2.81390643119812,1.441467046737671,1.0,1.0,2.7033469676971436,1.0,1,2.6475560665130615,1.0,8.00378704071045,1.0,11.801473617553711,9.874119758605957,1.0,1.0,6.309623718261719,1.0,1.0,64.8790054321289,1.0,1.0,56.828460693359375,4.662471294403076,1.0,8.278721809387207,12.778077125549316,1.0,4.988863945007324,3.65708589553833,3.5751953125,1.0,1.0,8.397350311279297,25.873985290527344,1.0,1.0,24.95016860961914,1.0,1.0,36.783470153808594,1.0,1.0,1.0,1.0,1.0,100.46070098876953,33.01569366455078,152.48680114746094,21.63351821899414,71.24456787109375,77.08930206298828,34.54691696166992,524.7140502929688,77.24666595458984,13.723618507385254,102.20539093017578,33.337669372558594,71.4715805053711
TEST_01+7일,13.163963317871094,1.0,3.5809266567230225,3.825847625732422,1.0,1.0,1.2882633209228516,6.215166091918945,2.6117138862609863,1.0,1.0,1.0,3.2628238201141357,6.954638481140137,26.647216796875,1.7412805557250977,1.0,1.0,2.141376495361328,1.0,2.2991089820861816,1.0,1.0170375108718872,1,2.816624879837036,1,1,31.12980079650879,7.4059367179870605,3.7214341163635254,1.8270318508148193,4.014822959899902,2.4645957946777344,1.9975605010986328,1.2077484130859375,3.658104419708252,54.6034049987793,3.2453839778900146,2.2222647666931152,37.470394134521484,22.00265121459961,1.2656980752944946,2.2724111080169678,1,1.0,2.8706161975860596,1,3.3572540283203125,1.0,3.6876654624938965,21.244220733642578,1.0,8.104172706604004,1,3.1195456981658936,1.0,2.124025344848633,1.0,1.110641360282898,1.0,14.558878898620605,8.557589530944824,18.350942611694336,18.29393768310547,19.21306800842285,2.494755744934082,1.0,1.6495426893234253,3.8411448001861572,1,1.9326602220535278,3.459934949874878,1.0,1.0,1.620880126953125,1.508115530014038,1,1.0,1.0,5.3869524002075195,1.0,1.0,1.0,1.0,1.0,2.3135170936584473,1.0,1.701639175415039,2.272249698638916,7.005007266998291,13.872793197631836,1.0180387496948242,5.071784019470215,8.74100112915039,1.0,1,1,1.0,26.30632781982422,9.528319358825684,1.6965662240982056,1.0404690504074097,6.239502906799316,1.0,70.88533782958984,7.703495025634766,23.120115280151367,3.245142936706543,4.16643762588501,1.8974542617797852,4.031732559204102,1.2369945049285889,2.018338918685913,1.2809985876083374,1.0,1.833086609840393,2.6626780033111572,1.2837302684783936,1.0,1.0661606788635254,2.9727983474731445,1,1,1,1,1,1,1,1.0,1.0,1,1,1,3.2434945106506348,2.351452589035034,2.1574831008911133,2.5873799324035645,1.2019639015197754,1.282689094543457,1.9574302434921265,1.1635210514068604,1,3.439450740814209,2.3977484703063965,1.0,1.0,31.555171966552734,12.904294967651367,1.0,1.0,6.284369468688965,1.0,1.0,64.85697937011719,1.0,1.1144083738327026,52.24100875854492,6.417703151702881,1.0,19.66619110107422,14.065749168395996,1.0,7.761607646942139,4.955126762390137,7.569447994232178,1.0,1.0,8.592106819152832,1.0,1.0,7.815707683563232,51.15261459350586,2.680717945098877,1.0,47.14118957519531,1.0,1.2928509712219238,4.745981216430664,5.3943257331848145,12.164582252502441,115.72748565673828,50.168277740478516,163.8235626220703,26.536518096923828,86.29991149902344,80.57843017578125,36.57820510864258,554.346923828125,77.28308868408203,24.357027053833008,110.5208969116211,29.776752471923828,68.23456573486328
TEST_02+1일,8.593026161193848,34.26537322998047,7.764652252197266,1.6167151927947998,1.0,1.0,11.491945266723633,1.0,2.3051934242248535,1.0,1.2195438146591187,1.0,1.9079941511154175,2.9943432807922363,26.738048553466797,1.0428619384765625,24.497028350830078,1.0,1.3420449495315552,40.28244400024414,11.065592765808105,2.101138114929199,1.0710773468017578,1,5.807184219360352,1,1,5.940021514892578,15.295721054077148,5.041990756988525,2.805612325668335,6.574276924133301,3.40781307220459,1.6893808841705322,1.0,5.323724269866943,63.98773193359375,1.0,1.469809651374817,26.393779754638672,20.199607849121094,1.0,3.0330007076263428,1,1.0,3.7209856510162354,1,3.755969524383545,1.0,3.5562245845794678,22.492813110351562,1.0,3.6245357990264893,1,2.447925567626953,1.0333013534545898,1.5646321773529053,1.0,1.0,1.0,6.092940330505371,13.526264190673828,22.27289390563965,14.560853958129883,14.683357238769531,3.095885753631592,1.0,1.6654622554779053,3.78066349029541,1,1.0,2.6111884117126465,1.0,1.0,2.6026620864868164,1.6217081546783447,1,2.32582950592041,1.0,2.973397970199585,1.616242527961731,1.019426703453064,1.0,1.0,1.6698461771011353,1.56782865524292,1.2558400630950928,1.8113023042678833,1.0,3.3179097175598145,5.6435465812683105,1.0,5.671574592590332,9.230402946472168,1.070916771888733,1,1,1.0,20.53945541381836,6.288802623748779,1.0,1.0,6.6089348793029785,1.0,84.60233306884766,29.486312866210938,21.48431968688965,1.7487748861312866,5.368902206420898,1.570357322692871,3.6274843215942383,1.1201488971710205,1.3740487098693848,1.0,1.0,1.161442518234253,2.378556489944458,1.13828444480896,2.5796265602111816,1.0,1.0,1,1,1,1,1,1,1,1.0,1.0,1,1,1,3.7164621353149414,2.827787160873413,3.13273549079895,3.7800674438476562,1.0,1.081416130065918,10.468441009521484,1.0,1,2.6046388149261475,1.0,2.3100428581237793,1.0,20.048931121826172,49.437278747558594,1.0,1.0,1.0,1.0,1.0,63.2353401184082,1.0,1.0,43.54177474975586,9.120457649230957,1.0,1.0,22.633543014526367,1.0,2.4206702709198,8.200395584106445,3.491602897644043,1.0,1.0,11.932820320129395,1.0,1.0,15.835935592651367,8.752030372619629,1.0,11.740134239196777,30.65991973876953,1.0,2.87353777885437,14.418015480041504,1.6220823526382446,4.642991065979004,113.57373046875,54.93511962890625,140.7377471923828,31.905263900756836,105.21297454833984,82.43285369873047,44.1422004699707,535.1866455078125,82.91802978515625,13.068285942077637,145.8302459716797,24.744293212890625,72.9008560180664
TEST_02+2일,8.73461627960205,22.840496063232422,1.0,1.641585350036621,1.0,1.0,10.03384017944336,1.0,1.413097620010376,1.0,1.1183220148086548,1.0,1.9213756322860718,1.2883983850479126,17.749265670776367,1.0,41.1400260925293,1.0,1.0,46.25836181640625,15.35960578918457,1.0,1.0,1,1.487450361251831,1,1,9.852198600769043,12.628365516662598,1.0,2.820519208908081,4.95602560043335,1.4361175298690796,1.0,1.0,2.4243202209472656,62.06913375854492,1.0,1.0,22.338029861450195,27.74907875061035,1.0,1.5207668542861938,1,1.0,2.502168893814087,1,3.65398907661438,1.0,2.9814319610595703,20.609651565551758,1.0,6.9748077392578125,1,1.4161725044250488,1.0,1.0,1.0,1.0,1.0,7.806427955627441,9.923229217529297,16.57602310180664,17.51348114013672,13.888482093811035,1.5378350019454956,1.0,1.0,3.1998839378356934,1,1.0,1.0,1.0,1.0,1.0,1.9119573831558228,1,1.0,1.0,2.626356840133667,1.114808201789856,1.0,1.0,1.0,1.0,1.0,1.0,2.2025184631347656,1.8281879425048828,1.0,9.706439018249512,1.0,4.97002649307251,9.832831382751465,1.0,1,1,1.0,21.715171813964844,5.18556547164917,1.1369560956954956,1.0,3.025355815887451,1.3480643033981323,58.554893493652344,48.076961517333984,17.263439178466797,2.715886116027832,2.8627474308013916,1.8466540575027466,1.6052335500717163,1.2293540239334106,2.069707155227661,1.0,1.0,1.0,3.0033774375915527,1.3995643854141235,1.0,1.0404633283615112,1.0,1,1,1,1,1,1,1,1.0,1.2615914344787598,1,1,1,1.747825264930725,1.0,3.9350264072418213,2.8932387828826904,1.0,1.0,8.457558631896973,1.0,1,1.0,1.065042495727539,1.0,1.0,34.882972717285156,56.080326080322266,1.0,1.0,1.0,1.0,1.0,72.96134948730469,1.0,1.0,28.799205780029297,7.880301475524902,1.0,3.1506388187408447,13.039432525634766,1.0,3.388903856277466,2.4991188049316406,1.2237626314163208,1.0,1.0,9.734238624572754,27.639019012451172,1.0,6.363375186920166,31.695743560791016,1.0,1.0,46.49132537841797,19.50935173034668,3.5926594734191895,4.759056568145752,4.226383686065674,1.0,86.09050750732422,36.56025695800781,134.1790771484375,16.353723526000977,86.53534698486328,72.63512420654297,27.462661743164062,474.98602294921875,66.44515228271484,14.560078620910645,131.00799560546875,26.939449310302734,64.44093322753906
TEST_02+3일,4.757073402404785,24.08927345275879,1.3515510559082031,2.125661849975586,1.0,1.0,7.911104679107666,1.0,1.4853507280349731,1.0,1.0,1.0,1.3477190732955933,1.0,15.236120223999023,1.0,21.494163513183594,1.0,1.0,17.2518253326416,9.549567222595215,1.2309629917144775,1.0,1,2.814131736755371,1,1,39.56453323364258,10.078171730041504,4.015152931213379,1.81427800655365,1.0,1.3652218580245972,1.0,1.0,2.0247304439544678,45.930686950683594,1.0,1.0,20.80365562438965,27.30972671508789,1.0,1.0,1,1.0,1.8102352619171143,1,2.5762147903442383,1.0,1.267265796661377,18.89427375793457,1.0,7.183594226837158,1,1.0,1.0,1.375684142112732,1.0,1.0007656812667847,1.0,5.0469160079956055,6.900647163391113,7.609869480133057,18.446044921875,9.350336074829102,1.5833213329315186,1.0,1.0,2.687291145324707,1,1.2932757139205933,1.0,1.0,1.0,3.8933401107788086,2.5293800830841064,1,1.471137523651123,1.0,3.6287171840667725,1.0875368118286133,1.0,1.0,1.0,1.0965877771377563,1.0,1.0,1.3790391683578491,1.5563517808914185,6.922214031219482,25.366886138916016,1.1913824081420898,3.797168731689453,4.896689414978027,1.0,1,1,1.0,17.480295181274414,7.125024795532227,1.173283576965332,1.0,2.3413891792297363,1.0,25.556915283203125,46.312232971191406,13.806952476501465,2.478781223297119,3.831197500228882,1.3395109176635742,1.419221043586731,1.0,1.1977581977844238,1.0,1.0,1.0,1.8637465238571167,1.0,1.1485050916671753,1.0,1.0,1,1,1,1,1,1,1,1.0,1.1453536748886108,1,1,1,1.6008508205413818,1.0,3.148315191268921,2.5486276149749756,1.0,1.0,8.28384780883789,1.0,1,1.0,1.0,1.0,1.0,35.56432342529297,76.5937728881836,1.0,1.0,1.0,1.0,1.0,62.868797302246094,1.0,1.0,42.78084182739258,3.2181079387664795,1.0,11.798415184020996,11.824816703796387,1.2310864925384521,1.0,2.321033477783203,1.0,1.0,1.0,7.72307014465332,20.89923667907715,1.0,12.724126815795898,10.782130241394043,1.0394065380096436,1.2521252632141113,40.85771942138672,1.0,1.0,1.9167330265045166,2.7121615409851074,4.937755584716797,113.61531829833984,42.29989242553711,150.87384033203125,26.948335647583008,91.94185638427734,79.5468978881836,41.84642791748047,524.82763671875,64.67813873291016,19.12400245666504,140.3031768798828,20.877676010131836,65.93840789794922
TEST_02+4일,8.148526191711426,29.49854850769043,1.0,1.7748428583145142,1.0,1.0,6.304076194763184,1.0,1.5648329257965088,1.0,1.0384714603424072,1.022438645362854,1.0,1.0,14.83796215057373,1.0,30.873022079467773,1.0,1.0,29.583459854125977,13.074845314025879,2.004538059234619,1.0,1,4.7789387702941895,1,1,23.382732391357422,5.979657173156738,3.766329526901245,1.7320774793624878,3.6328766345977783,1.3220922946929932,1.0,1.0,2.5867769718170166,44.789608001708984,1.0,1.2487238645553589,32.171688079833984,20.363235473632812,1.8085546493530273,2.280136823654175,1,1.0,3.214852809906006,1,2.8631129264831543,1.0,2.9096109867095947,19.675180435180664,1.0,6.172033786773682,1,1.3538198471069336,1.0,1.314227819442749,1.0,1.0,1.0,2.2176570892333984,3.340470552444458,14.554986953735352,18.46339988708496,12.031279563903809,1.2226451635360718,1.0,1.334792971611023,2.8988020420074463,1,1.0,1.0674647092819214,1.0,1.0,3.0955984592437744,2.5794451236724854,1,1.4275500774383545,1.0,2.8385796546936035,1.0,1.0,1.0,1.0,1.0,1.4411966800689697,1.0,1.5677868127822876,1.0,8.33049488067627,20.190532684326172,1.0,4.135160446166992,7.364534378051758,1.0,1,1,1.0,23.78734016418457,10.554549217224121,1.0,1.0,3.0644540786743164,1.0822334289550781,25.071346282958984,46.59383010864258,13.672491073608398,3.0195250511169434,2.2259626388549805,1.2656867504119873,1.9863172769546509,1.22344970703125,1.5007753372192383,1.0,1.0,1.3438678979873657,1.743569254875183,1.0,1.0,1.0,1.0,1,1,1,1,1,1,1,1.0,2.400184392929077,1,1,1,2.146958112716675,1.0,1.7221713066101074,1.0,1.0,1.0,14.106396675109863,1.0,1,2.4734091758728027,1.0,1.0,1.0,24.494178771972656,71.34335327148438,1.0,1.0,1.0,1.0,1.0,60.7805061340332,1.0,1.0,46.081295013427734,2.5590267181396484,1.0,9.970805168151855,9.207475662231445,1.0,1.0,3.2589364051818848,1.0,1.0,1.0,8.849992752075195,1.0,1.0,23.439056396484375,16.077796936035156,2.4033360481262207,1.0,17.602985382080078,7.944003582000732,4.487649917602539,1.0,2.9380359649658203,1.0,105.2156753540039,42.93038558959961,131.64794921875,24.121910095214844,96.8703384399414,70.85982513427734,47.867469787597656,478.09881591796875,77.92089080810547,25.03624153137207,122.5825424194336,25.37378692626953,69.83683776855469
TEST_02+5일,7.059519290924072,45.61741256713867,2.454195976257324,2.4375040531158447,1.0,1.0,11.504465103149414,1.0,2.5990853309631348,1.0,1.3466912508010864,1.0,2.016599655151367,2.6481950283050537,18.890844345092773,1.0,37.54254913330078,1.0,1.0,55.18204116821289,12.26301383972168,1.7417608499526978,1.0,1,5.874569892883301,1,1,39.501121520996094,10.88237190246582,3.202089786529541,3.128085136413574,2.6726224422454834,2.2227180004119873,1.0,1.184692621231079,2.5505995750427246,49.43562316894531,1.0,1.5651679039001465,32.394901275634766,20.43821907043457,1.6497441530227661,4.075596809387207,1,1.0,3.356764078140259,1,4.064929962158203,1.0,3.098198413848877,18.745325088500977,1.0,7.6798553466796875,1,2.7168402671813965,1.0,1.0,1.0,1.0,1.0,1.5819578170776367,8.033527374267578,7.879951477050781,15.865368843078613,14.858102798461914,3.242178440093994,1.0,1.8817113637924194,1.7317599058151245,1,1.0,1.5680493116378784,1.0,1.0,1.7330458164215088,2.8232462406158447,1,2.9573445320129395,1.0,2.0756640434265137,1.14441978931427,1.0,1.0,1.0,1.235622525215149,1.0,1.0,1.6684616804122925,1.9161710739135742,6.432270050048828,34.035430908203125,1.0,5.398523807525635,8.321733474731445,1.0,1,1,1.0,22.807703018188477,11.805315971374512,1.8784984350204468,1.0,6.2742133140563965,1.0,20.099899291992188,47.79274368286133,5.248960018157959,3.5002222061157227,3.1357638835906982,1.0,2.507305145263672,1.4531265497207642,1.0,1.0,1.0,1.0,1.8850880861282349,1.0,1.518347978591919,1.0,1.0,1,1,1,1,1,1,1,1.0,1.7012383937835693,1,1,1,1.9664689302444458,1.6537346839904785,1.2586089372634888,1.1050772666931152,1.0,1.0,9.740730285644531,1.0,1,1.0,1.0,1.0,1.0,22.0710506439209,65.78852081298828,1.0,1.0,1.0,1.0,1.0,50.95038986206055,1.0,1.0,36.03310012817383,1.0,1.0,26.385177612304688,7.090228080749512,1.0,1.0,4.2402262687683105,8.368088722229004,1.0,1.0,6.935532093048096,10.79797077178955,1.0,12.111693382263184,34.86945724487305,1.0,1.0801143646240234,31.01207733154297,1.0,3.0108728408813477,5.392753601074219,4.937239646911621,1.0,117.12713623046875,57.53232192993164,143.2743682861328,31.045434951782227,104.05651092529297,86.68940734863281,55.72103500366211,508.40704345703125,70.25507354736328,23.420177459716797,126.27509307861328,22.518117904663086,75.87677001953125
TEST_02+6일,7.740442752838135,30.623422622680664,4.965658187866211,3.1693344116210938,1.0,1.0,11.940421104431152,1.5751826763153076,2.92649507522583,1.0,1.023090124130249,1.0,1.5790205001831055,3.9723317623138428,27.57553482055664,1.4357950687408447,31.90074920654297,1.0,1.2045862674713135,31.077871322631836,9.980154037475586,1.9164317846298218,1.0,1,1.0,1,1,34.17010498046875,14.795166969299316,3.699528217315674,1.9696844816207886,5.062577247619629,3.3640358448028564,1.038543701171875,1.0,3.5743443965911865,61.63627624511719,2.638030767440796,1.6223753690719604,40.028987884521484,26.58408546447754,1.7938637733459473,3.317990779876709,1,1.0209109783172607,3.1834018230438232,1,3.7408533096313477,1.0,3.8625073432922363,20.439786911010742,1.0,6.592253684997559,1,3.292548418045044,1.0,1.0,1.0,1.5504968166351318,1.0,9.151472091674805,9.517287254333496,6.961668968200684,20.250364303588867,8.563382148742676,2.6628832817077637,1.0,1.6195788383483887,2.1252315044403076,1,1.8359520435333252,1.041678786277771,1.0,1.0,2.740960121154785,2.6085102558135986,1,1.0,1.0,3.7394907474517822,1.0,1.0,1.0,1.0,1.0,1.0,1.0,1.3106235265731812,1.0,8.207191467285156,16.307886123657227,1.0871233940124512,7.143490791320801,17.114410400390625,1.0,1,1,1.0,19.01630401611328,11.344987869262695,1.7032456398010254,1.0,5.3382744789123535,1.0,23.382604598999023,34.05242156982422,19.811288833618164,6.296161651611328,6.085510730743408,1.467684030532837,3.732022523880005,1.6961867809295654,1.2284739017486572,1.0876548290252686,1.0,1.1233736276626587,2.4557693004608154,1.0405241250991821,1.8170547485351562,1.511704921722412,1.5052258968353271,1,1,1,1,1,1,1,1.0,2.392422676086426,1,1,1,3.514336585998535,3.2132904529571533,5.011584281921387,1.5227940082550049,1.0,2.5260233879089355,9.751511573791504,1.0,1,3.4490647315979004,1.0,7.370408058166504,1.0,26.993186950683594,80.90089416503906,1.0,1.0,5.457851409912109,1.0,1.0,66.85283660888672,1.0,1.0,60.806640625,6.960615634918213,1.0,16.008211135864258,15.71666145324707,1.0,5.933043003082275,6.93351411819458,6.414852142333984,1.0,1.0,10.507323265075684,21.389352798461914,1.0,18.53822898864746,34.412513732910156,2.618194103240967,1.0,51.800636291503906,5.076144218444824,2.154926061630249,4.966510772705078,4.295382976531982,1.0,120.88311004638672,50.88687515258789,166.3833770751953,36.609153747558594,101.21747589111328,97.19813537597656,61.27717971801758,499.994384765625,77.90258026123047,29.45494842529297,123.21956634521484,27.297338485717773,77.74260711669922
TEST_02+7일,8.950629234313965,20.2510986328125,10.120109558105469,6.474044322967529,1.0,1.0,6.821750164031982,1.0,1.872149109840393,1.0,1.3097851276397705,1.0,2.758707284927368,6.602030277252197,31.313241958618164,1.6924391984939575,13.938458442687988,1.0,2.346198558807373,22.065425872802734,3.2001216411590576,1.797908067703247,1.0,1,3.3685519695281982,1,1,21.268720626831055,15.492605209350586,1.4711241722106934,1.5537140369415283,5.722936153411865,3.549818277359009,1.8239353895187378,1.3337349891662598,5.651598930358887,76.04193878173828,4.079519748687744,2.582423448562622,40.50094985961914,23.316715240478516,1.0735692977905273,3.15191650390625,1,1.0,3.178832769393921,1,4.9861626625061035,1.0,4.569051742553711,27.49928855895996,1.0,8.130857467651367,1,3.5660409927368164,1.1826790571212769,1.0,1.7124691009521484,1.3938122987747192,1.0,11.742632865905762,9.310776710510254,14.775440216064453,21.15479850769043,16.851001739501953,3.6060776710510254,1.0,1.8706954717636108,4.216444969177246,1,1.0,1.8080978393554688,1.0,1.0,1.3873770236968994,4.171422004699707,1,1.4284871816635132,1.160605788230896,3.962165594100952,1.7973017692565918,1.286054253578186,1.0,1.0,1.101135015487671,1.2943315505981445,1.0,1.7882754802703857,1.6953785419464111,8.561727523803711,4.044611930847168,1.8583602905273438,8.1574125289917,18.604822158813477,1.0,1,1,1.210334300994873,21.053781509399414,10.888121604919434,1.8617360591888428,1.1483341455459595,6.83707857131958,1.0,74.04130554199219,1.0,20.443387985229492,3.3514456748962402,3.9489505290985107,1.408219337463379,4.19534158706665,1.3022149801254272,1.340576410293579,1.0480090379714966,1.0,1.691657304763794,2.356687068939209,1.933225393295288,1.7476258277893066,1.1218982934951782,1.5963228940963745,1,1,1,1,1,1,1,1.0,1.0,1,1,1,4.776811122894287,4.293408393859863,5.700779914855957,3.8047678470611572,1.4884681701660156,2.16235613822937,11.272550582885742,1.0,1,2.2778027057647705,1.9414414167404175,1.0,1.0,34.47602844238281,77.44776153564453,1.0,1.0,5.602011203765869,1.0,1.0,66.63616180419922,1.0898786783218384,1.0,50.20437240600586,12.411819458007812,1.0,13.070160865783691,15.110074996948242,1.5658026933670044,7.376849174499512,1.0641140937805176,12.101612091064453,1.0,1.0,9.126448631286621,1.0,11.4061279296875,18.64049530029297,19.08667755126953,4.804384231567383,9.303865432739258,40.23971176147461,6.835818290710449,5.227888107299805,11.141186714172363,11.522615432739258,9.265166282653809,146.0437469482422,71.31471252441406,180.10499572753906,45.45602798461914,112.63374328613281,114.42081451416016,57.73516845703125,582.8193359375,87.84646606445312,36.852962493896484,131.67843627929688,30.58098793029785,79.8805923461914
TEST_03+1일,8.746354103088379,42.98590850830078,5.921467304229736,4.154825687408447,1.0,1.0,6.662765026092529,2.3588497638702393,2.8774588108062744,1.0,1.0,1.0,1.0230079889297485,1.936610221862793,18.08134651184082,1.0,10.17519474029541,1.0,1.0314934253692627,25.060527801513672,1.301056981086731,1.6831339597702026,1.0,1,3.8210718631744385,1,1,14.65365219116211,21.09376335144043,2.6907317638397217,1.479233980178833,4.48254919052124,1.3120449781417847,1.1749457120895386,1.0,4.562148571014404,40.074462890625,7.461047649383545,1.0,36.09916687011719,28.59054946899414,1.0,4.16603422164917,1,1.0,2.3344578742980957,1,2.9568657875061035,1.0,1.2252516746520996,23.169071197509766,1.0,6.814387798309326,1,2.350595712661743,1.083193063735962,2.1427319049835205,1.6645317077636719,1.0,1.0,10.383172035217285,13.658828735351562,14.595105171203613,15.125712394714355,15.92538070678711,3.9846107959747314,1.0,1.0,4.246484756469727,1,2.0002925395965576,2.384042263031006,1.0,1.0,2.279905319213867,2.1306686401367188,1,1.0,1.0,2.7082061767578125,1.9100698232650757,1.0,1.0,1.188739538192749,1.7583589553833008,1.7096766233444214,2.101477861404419,2.4214112758636475,1.492767095565796,7.121179580688477,1.0,1.1129778623580933,4.375017166137695,14.121392250061035,1.0,1,1,1.0,33.6803092956543,6.380198955535889,1.0,1.0,7.380313873291016,1.1488925218582153,62.318912506103516,13.50663948059082,23.036975860595703,2.8108036518096924,1.5215208530426025,1.6347110271453857,5.113098621368408,1.1661961078643799,1.4226250648498535,1.0,1.0,1.0,1.2572548389434814,1.1930972337722778,1.5740013122558594,1.0,1.0,1,1,1,1,1,1,1,1.0,1.416962742805481,1,1,1,1.0,1.9144245386123657,1.0,1.0,1.0,1.0,1.0,1.0,1,1.1656758785247803,1.0,16.82907485961914,1.0,1.0,1.0,37.50294876098633,1.0,22.240840911865234,1.0,1.0,80.61651611328125,1.1036924123764038,1.0,54.750431060791016,12.805146217346191,1.0,1.0,56.491943359375,2.716331958770752,26.233362197875977,5.589391708374023,49.036861419677734,1.0,1.0,11.336894035339355,77.41395568847656,71.17301177978516,57.23970413208008,18.082670211791992,1.9923062324523926,25.106760025024414,29.337648391723633,44.86829376220703,11.555767059326172,7.374831199645996,1.0,29.3059024810791,146.12745666503906,71.51731872558594,169.75877380371094,60.860740661621094,128.03500366210938,93.45243072509766,74.99812316894531,510.8263854980469,77.29826354980469,69.02821350097656,133.9545135498047,28.39019203186035,69.29361724853516
TEST_03+2일,3.9452924728393555,18.44708251953125,1.0,1.0,1.0,1.0,4.337481498718262,1.458391785621643,2.2219371795654297,1.0,1.0,1.0,1.0,3.1294760704040527,15.72911548614502,1.0,5.008917808532715,1.0,1.0,29.74812126159668,4.051145076751709,2.2601797580718994,1.0,1,5.430486679077148,1,1,23.325468063354492,17.812986373901367,5.635602951049805,1.834263801574707,3.7812161445617676,1.9211100339889526,1.1713916063308716,1.0,3.436952829360962,43.32381820678711,5.724531173706055,1.0,28.751279830932617,24.32518196105957,1.0,2.9388585090637207,1,1.0,1.0283832550048828,1,3.837446451187134,1.0,1.6286662817001343,23.86423110961914,1.0,4.951798915863037,1,2.788419485092163,1.1145819425582886,1.669987440109253,1.2662767171859741,1.0,1.0,4.361404895782471,10.354175567626953,11.752226829528809,18.692052841186523,12.638046264648438,1.0,1.0,1.2519254684448242,3.567706346511841,1,1.216373324394226,1.0,1.0,1.0,2.3569862842559814,1.1154046058654785,1,1.5637855529785156,1.0,3.0459299087524414,1.0,1.0,1.0,1.0,1.434716820716858,1.0,1.0,1.5730454921722412,1.6834750175476074,1.7792330980300903,33.38822937011719,1.0,4.330958366394043,14.113154411315918,1.0,1,1,1.0,25.989370346069336,6.850113868713379,1.0,1.0,6.799159526824951,1.3395519256591797,34.70317840576172,46.95356750488281,15.88994026184082,3.7838194370269775,2.429140090942383,1.0,3.4014463424682617,1.0306440591812134,1.8401561975479126,1.1149256229400635,1.0,1.0,2.271672248840332,1.2987232208251953,1.3958549499511719,1.0,1.0,1,1,1,1,1,1,1,1.0,1.683678388595581,1,1,1,1.0,1.0,1.0,1.0,1.0,1.0,1.0,1.0,1,1.9708665609359741,1.0,11.41662311553955,1.0,19.634811401367188,1.0,27.372209548950195,1.0,22.751476287841797,1.0,1.0,93.3415756225586,1.0,1.0,43.831390380859375,13.464924812316895,1.0,1.790009617805481,45.81362533569336,1.4905858039855957,22.96007537841797,4.514543533325195,48.73554611206055,1.0,1.0,8.940264701843262,57.15251922607422,52.684207916259766,50.804725646972656,19.887935638427734,1.0,10.687224388122559,18.21529197692871,46.65339660644531,9.29837703704834,3.3956058025360107,1.0,19.94631004333496,134.0419921875,59.903995513916016,160.11305236816406,52.85914611816406,120.43760681152344,90.75463104248047,73.61985778808594,484.0865478515625,71.62344360351562,72.3634033203125,117.96412658691406,25.471284866333008,58.41367721557617
TEST_03+3일,3.1468749046325684,22.335453033447266,1.840981364250183,2.302306890487671,1.0,1.0,4.658023357391357,2.719860553741455,2.493330717086792,1.0,1.0,1.0,1.0,3.181195020675659,18.026874542236328,1.0,13.95006275177002,1.0,1.0,23.00090980529785,4.248236179351807,1.2097493410110474,1.0,1,3.3374924659729004,1,1,36.890167236328125,16.269075393676758,3.8250882625579834,3.3195676803588867,1.0,1.367770791053772,1.0,1.0,2.7310781478881836,35.01411056518555,5.632414817810059,1.364707350730896,31.723541259765625,26.217805862426758,1.1005109548568726,1.0,1,1.0,2.1811165809631348,1,3.342625856399536,1.0,1.0,22.529640197753906,1.3359986543655396,6.45475435256958,1,1.0,1.2650948762893677,1.8458409309387207,1.4503082036972046,1.0,1.0,7.910905838012695,8.440176010131836,5.66315221786499,19.692331314086914,13.98271656036377,1.0,1.0486172437667847,1.702447772026062,2.9818170070648193,1,2.348616361618042,1.0003323554992676,1.0,1.0,2.4407200813293457,1.11411714553833,1,1.1859540939331055,1.0,4.04697322845459,2.2439842224121094,1.0,1.0,1.0,1.7079111337661743,2.020664691925049,1.0,2.1622025966644287,1.4285967350006104,4.029393196105957,26.06704330444336,1.0,3.526852607727051,10.870224952697754,1.0,1,1,1.0,23.02642250061035,5.7540974617004395,1.0,1.0,2.8343894481658936,1.0,25.57796859741211,24.388277053833008,17.6337833404541,2.102736473083496,2.9020605087280273,1.0,3.0648910999298096,1.0836299657821655,1.4467623233795166,1.0,1.0,1.015007495880127,1.399227499961853,1.0,1.6552541255950928,1.0,1.0,1,1,1,1,1,1,1,1.0,2.2262117862701416,1,1,1,1.0,1.0,1.0,1.0,1.0,1.0,1.0,1.0,1,1.372819185256958,1.0,13.494693756103516,1.0,28.50255584716797,20.269153594970703,31.11725616455078,1.0,27.937509536743164,1.0,1.0,82.20317077636719,1.0,1.1669809818267822,50.71112060546875,12.157313346862793,1.0,14.113609313964844,52.19178009033203,2.156667470932007,25.2564640045166,6.911798000335693,52.49679946899414,1.0,1.0,9.93431568145752,55.10797119140625,92.92278289794922,53.682945251464844,45.575096130371094,1.0,19.1310977935791,21.350982666015625,57.83961868286133,8.684569358825684,3.460193395614624,1.0,29.509687423706055,148.6389923095703,71.68362426757812,180.10499572753906,56.37452697753906,123.52629089355469,95.44197082519531,84.11066436767578,538.4461059570312,76.34134674072266,75.11689758300781,142.917236328125,25.149208068847656,66.36170196533203
TEST_03+4일,4.335216999053955,11.49227523803711,1.1728559732437134,1.5099002122879028,1.0,1.0,9.967037200927734,3.441206455230713,2.649186134338379,1.0,1.0,1.0,1.0513275861740112,3.0321221351623535,15.814226150512695,1.0,18.154638290405273,1.0,1.0,38.24614334106445,5.638693809509277,1.7453285455703735,1.0,1,6.274569511413574,1,1,27.243654251098633,14.220067024230957,4.0244975090026855,2.9332425594329834,3.2718112468719482,2.2161030769348145,1.1979742050170898,1.0,2.7280521392822266,44.64539337158203,7.117877006530762,1.523881196975708,29.44466781616211,21.107200622558594,1.1545729637145996,2.8939857482910156,1,1.0,3.096245527267456,1,3.4236748218536377,1.0,2.3938190937042236,19.95332145690918,1.0,7.196113109588623,1,1.6948846578598022,1.0,1.7407829761505127,1.4854793548583984,1.0,1.0,5.93366813659668,7.185096263885498,11.828028678894043,20.92888641357422,13.404282569885254,1.0,1.0,1.2251383066177368,3.870239019393921,1,2.7642760276794434,1.0,1.0,1.0,2.6535332202911377,3.013660430908203,1,1.0,1.0,2.6286556720733643,1.0,1.515575647354126,1.0,1.0,1.0,1.0,1.2451298236846924,2.5387439727783203,1.4181334972381592,6.023706436157227,31.891132354736328,1.0,3.6026196479797363,11.05091381072998,1.0,1,1,1.0,26.230548858642578,4.481067657470703,1.0,1.0,8.613077163696289,1.0,23.410175323486328,46.52132797241211,16.183496475219727,3.218663215637207,2.701188325881958,1.8469339609146118,2.7919983863830566,1.0,1.0,1.0,1.0,1.2803183794021606,2.089315891265869,1.0,1.4411858320236206,1.0,1.0,1,1,1,1,1,1,1,1.0,2.1911070346832275,1,1,1,1.0,1.7532362937927246,1.757995367050171,1.0,1.0,1.0,3.626352548599243,1.0,1,2.434272050857544,1.0,12.17063045501709,1.0,35.587738037109375,15.352075576782227,27.959291458129883,1.0,27.6187801361084,1.0,1.0,78.15096282958984,1.433464765548706,1.0,62.703556060791016,9.675888061523438,1.0,10.627155303955078,48.79047775268555,1.0,31.992151260375977,8.102901458740234,49.09010314941406,1.0,1.0,9.896013259887695,72.18678283691406,77.25016784667969,57.93256759643555,32.732662200927734,1.0,11.90434741973877,12.176589965820312,47.87759017944336,14.53408145904541,1.7395848035812378,1.0,20.177518844604492,154.0614013671875,63.46243667602539,165.87840270996094,57.12545394897461,119.61215209960938,91.04900360107422,85.67269134521484,514.41357421875,83.33548736572266,68.9360122680664,121.03449249267578,28.6755313873291,69.54568481445312
TEST_03+5일,6.122725963592529,29.155664443969727,1.2683782577514648,2.214432954788208,1.0,1.0,13.359898567199707,1.7384353876113892,3.2980740070343018,1.0,1.0,1.0,1.0,3.532780170440674,18.636211395263672,1.0,7.557728290557861,1.0,1.0,47.09636306762695,4.206721782684326,2.20505952835083,1.0,1,5.8880157470703125,1,1,4.482675552368164,16.803146362304688,5.036923408508301,3.5632410049438477,4.042028427124023,1.7748384475708008,1.0,1.0,4.295109272003174,53.667118072509766,5.9987077713012695,1.1553715467453003,29.28199577331543,20.50775909423828,1.7577885389328003,3.2228195667266846,1,1.0,2.8586058616638184,1,3.229550361633301,1.0,2.5598978996276855,20.70603370666504,1.0,7.469139099121094,1,2.28016996383667,1.2724637985229492,1.5174877643585205,1.8567755222320557,1.3166507482528687,1.0,6.0847673416137695,10.160414695739746,8.882706642150879,20.309526443481445,14.051010131835938,3.1134402751922607,1.0,1.0555707216262817,2.3854002952575684,1,1.104763150215149,1.9248584508895874,1.0,1.0,1.8550214767456055,1.0,1,2.8908469676971436,1.0,2.978733539581299,1.0,1.0,1.0,1.0,1.8754427433013916,1.4763292074203491,1.0,2.007784605026245,2.275099754333496,5.085134029388428,50.03362274169922,1.019964337348938,3.210237503051758,12.834442138671875,1.0,1,1,1.0,24.05840301513672,5.61969518661499,1.0484654903411865,1.0,5.601076602935791,1.0,32.21916198730469,44.59114456176758,13.532661437988281,2.8742048740386963,1.0,1.0433238744735718,2.7023911476135254,1.5367999076843262,1.1754823923110962,1.0,1.0,1.0,1.6731058359146118,1.0,1.9144976139068604,1.0,1.0,1,1,1,1,1,1,1,1.0,3.592240810394287,1,1,1,1.0,1.7961337566375732,1.0,1.0,1.0,1.0,1.2914735078811646,1.0,1,1.2835969924926758,1.0,14.061498641967773,1.0,18.719934463500977,47.148231506347656,34.90628433227539,1.0,30.439565658569336,1.0,1.0,79.65411376953125,1.0,1.0,59.6356086730957,15.712104797363281,1.0,20.633934020996094,51.79698944091797,1.2488430738449097,29.449222564697266,4.838396072387695,51.188514709472656,1.0,1.0,7.95609188079834,99.1407241821289,75.90794372558594,45.284568786621094,28.283405303955078,1.0,10.961393356323242,23.933563232421875,38.39638900756836,12.908096313476562,3.431206464767456,1.0,15.368661880493164,158.0,76.98321533203125,171.5987548828125,55.367591857910156,128.03500366210938,115.4671630859375,84.24171447753906,539.8137817382812,71.13044738769531,73.02693939208984,135.56932067871094,29.4871768951416,74.76140594482422
TEST_03+6일,9.544631958007812,34.17148208618164,4.589384078979492,2.0905873775482178,1.0,1.0,6.841328144073486,3.2770981788635254,2.4457788467407227,1.0,1.0,1.0,1.0,3.133848190307617,20.4132022857666,1.317570447921753,19.190988540649414,1.0,1.0,45.094974517822266,6.771337032318115,1.4086014032363892,1.0,1,2.6927504539489746,1,1,34.0743408203125,16.0579833984375,3.3984780311584473,2.1272997856140137,3.304997444152832,1.1450525522232056,1.0,1.0,3.7293648719787598,59.2471923828125,4.901169300079346,1.462636113166809,33.178104400634766,21.77667236328125,1.4914751052856445,2.625394821166992,1,1.0,2.8405728340148926,1,4.276574611663818,1.0,1.2497076988220215,20.955493927001953,1.0,5.881863117218018,1,2.8243236541748047,1.0279418230056763,2.047995090484619,1.254257082939148,1.1309667825698853,1.0,8.604904174804688,11.274383544921875,6.740693092346191,22.48181915283203,12.99327278137207,1.9661189317703247,1.0,2.239236831665039,1.5527933835983276,1,2.1369028091430664,1.0,1.0,1.0,1.4840947389602661,1.0,1,1.3076633214950562,1.0,2.3606984615325928,1.3932796716690063,1.0,1.0,1.0,1.6855132579803467,1.711902141571045,1.0,1.8788789510726929,1.0,7.20513916015625,23.12639808654785,1.71451735496521,3.6490559577941895,10.963602066040039,1.0,1,1,1.0,19.393068313598633,2.338059663772583,1.9768747091293335,1.1291742324829102,7.310612678527832,1.0,17.84317970275879,46.40569305419922,23.833480834960938,4.065481662750244,1.7382540702819824,1.6099931001663208,3.6483852863311768,1.9349857568740845,1.484133243560791,1.144335150718689,1.0,1.0,3.6378021240234375,1.4082446098327637,2.4430840015411377,1.0,1.0,1,1,1,1,1,1,1,1.0,2.2255163192749023,1,1,1,3.277621269226074,1.1001156568527222,3.849870443344116,1.2349225282669067,1.213685393333435,2.502398729324341,6.8561248779296875,1.0,1,2.12956166267395,1.0,16.140501022338867,1.0,40.4818000793457,17.320804595947266,34.05363464355469,1.0,28.86489486694336,1.0,1.0,71.12922668457031,1.0,1.0,59.37140655517578,14.354194641113281,1.0,23.406824111938477,55.313480377197266,1.0,33.98432540893555,7.8949761390686035,44.73340606689453,1.0,1.0,8.378815650939941,97.66590118408203,24.521827697753906,50.39243698120117,42.03428649902344,1.0,9.757739067077637,39.7182731628418,58.256221771240234,11.834661483764648,3.650470018386841,1.0,15.001872062683105,141.74923706054688,71.33086395263672,173.40541076660156,57.38347244262695,120.50923156738281,116.28917694091797,82.96246337890625,500.70025634765625,70.5403060913086,69.5784683227539,115.87017822265625,29.750633239746094,75.99835968017578
TEST_03+7일,8.502696990966797,2.3541171550750732,4.3419976234436035,6.442441940307617,1.0,1.0,4.995250701904297,3.334181547164917,2.8990209102630615,1.0,1.0,1.0,1.4978879690170288,4.183995723724365,17.965930938720703,1.061198353767395,7.588870525360107,1.0,1.614455223083496,19.207103729248047,5.348406791687012,1.0555325746536255,1.0,1,3.318103790283203,1,1,34.93809509277344,15.861008644104004,3.562007188796997,3.3702940940856934,4.621298313140869,1.0,2.15242862701416,1.0,4.382542133331299,59.481929779052734,4.970628261566162,1.5479227304458618,37.57821273803711,16.260900497436523,1.0,3.30120849609375,1,1.0,1.9431647062301636,1,4.810067653656006,1.0,3.319406032562256,23.45656394958496,1.0,6.005083084106445,1,4.571297645568848,1.0,2.3488872051239014,1.5386033058166504,1.6489371061325073,1.0,10.918853759765625,9.511584281921387,13.739401817321777,22.64295768737793,18.343717575073242,2.3824386596679688,1.0,2.0056698322296143,3.5835862159729004,1,2.1128311157226562,1.0,1.0,1.0,3.1867172718048096,1.538358449935913,1,1.0,1.0,3.631481885910034,1.0,1.8633103370666504,1.0,1.0,2.1343445777893066,1.9517021179199219,1.0,2.8238096237182617,1.3151757717132568,8.078798294067383,10.192018508911133,1.0,5.0329742431640625,15.39990234375,1.0069122314453125,1,1,1.0,18.917621612548828,7.055542469024658,2.4476475715637207,1.0,5.700100421905518,1.0,64.85248565673828,8.684747695922852,23.092844009399414,2.011300802230835,2.6834068298339844,2.307781219482422,4.595356464385986,1.5804930925369263,1.7574753761291504,1.003890037536621,1.0,1.4747309684753418,2.960019588470459,1.0,2.7722041606903076,1.403620719909668,1.3107858896255493,1,1,1,1,1,1,1,1.0,1.1891032457351685,1,1,1,2.6353368759155273,1.8743431568145752,4.3943986892700195,2.5616283416748047,1.9294196367263794,2.275559425354004,6.519596576690674,1.261408805847168,1,2.3268394470214844,1.7119932174682617,10.918882369995117,1.0,34.941749572753906,4.8654465675354,33.71394348144531,1.0,29.102664947509766,1.2443528175354004,1.0,70.78547668457031,1.0,1.0,55.80882263183594,17.885704040527344,1.0,10.134483337402344,47.33384323120117,1.561180591583252,32.99174880981445,9.930510520935059,54.24282455444336,1.0,1.0,8.446013450622559,120.71975708007812,71.08483123779297,61.09242248535156,24.75432777404785,1.0,27.600013732910156,27.485795974731445,26.45791244506836,17.258325576782227,5.271364212036133,1.2414511442184448,19.971973419189453,158.0,83.06063079833984,180.10499572753906,61.34539794921875,126.49786376953125,121.60026550292969,80.79910278320312,564.2272338867188,75.72748565673828,72.44499969482422,117.90570068359375,32.14091491699219,71.83777618408203
TEST_04+1일,6.512561798095703,12.010177612304688,6.28199577331543,1.1397432088851929,1.0,1.0,3.3256468772888184,1.0,1.825840711593628,1.0,1.0157390832901,1.0,2.1749656200408936,1.0,1.0,1.0,10.743840217590332,1.0,1.1487536430358887,20.855989456176758,4.0122270584106445,1.7078312635421753,1.0,1,4.977942943572998,1,1,6.87276554107666,18.57201385498047,2.878408193588257,3.303567409515381,4.018263339996338,1.5752556324005127,1.2948952913284302,1.0,5.241886138916016,39.964073181152344,6.861745357513428,1.423306941986084,38.1677360534668,26.046483993530273,1.4639389514923096,4.062323570251465,1,1.0,1.0,1,3.285287857055664,1.0,1.0,21.136999130249023,1.0,8.874320030212402,1,2.910493850708008,1.0,1.599130630493164,1.0,1.0,1.0,11.995594024658203,13.139573097229004,14.610298156738281,12.279014587402344,14.127032279968262,4.1771440505981445,1.0,1.9204126596450806,4.0279622077941895,1,1.0,2.1382689476013184,1.0,1.0,1.8682827949523926,1.0,1,1.0134947299957275,1.0,2.6184651851654053,1.3961864709854126,1.0,1.0,1.0,1.8006339073181152,1.9701820611953735,1.1677221059799194,1.858388066291809,1.0,4.258352279663086,20.545316696166992,1.372719645500183,4.1631760597229,8.843242645263672,1.0758174657821655,1,1,1.0,30.645204544067383,7.310331344604492,1.1962801218032837,1.0,5.131669521331787,1.0,88.08567810058594,22.08270835876465,23.182687759399414,2.5322680473327637,3.89396333694458,1.1048383712768555,5.93133544921875,1.0216646194458008,1.3523610830307007,1.0,1.0,1.0,1.0295573472976685,1.2152152061462402,1.063174843788147,1.0,1.0,1,1,1,1,1,1,1,1.0,1.0,1,1,1,1.0,2.4321787357330322,1.1793286800384521,1.6406008005142212,1.0,1.775473952293396,1.0,1.0,1,1.6755385398864746,1.0,18.38887596130371,1.0,19.990177154541016,31.792282104492188,30.19753074645996,1.0,13.133452415466309,1.0,1.0,72.32792663574219,1.1632474660873413,1.0,43.733524322509766,5.3373637199401855,1.0,1.0,34.62672805786133,1.0,28.043506622314453,10.084282875061035,30.529970169067383,1.0,1.0,8.275481224060059,102.71710205078125,61.70783615112305,77.32848358154297,19.972135543823242,2.587728261947632,30.94011116027832,41.07081604003906,38.79331588745117,11.353022575378418,3.2916030883789062,2.2344586849212646,22.27302360534668,144.76210021972656,60.11531066894531,167.54025268554688,53.320072174072266,125.42578125,89.84103393554688,67.89898681640625,506.5294494628906,70.23027038574219,63.97409439086914,110.86552429199219,26.125598907470703,60.3941764831543
TEST_04+2일,2.2709906101226807,25.699684143066406,2.066147804260254,1.0,1.0,1.0,10.353119850158691,1.0,1.0,1.0,1.0,1.0,1.0,1.0,1.0,1.0,20.914382934570312,1.0,1.0,30.552282333374023,7.715573310852051,1.4629759788513184,1.0,1,6.52955961227417,1,1,16.708377838134766,16.24006462097168,5.019022464752197,1.5260766744613647,3.728320837020874,1.503792405128479,1.301401138305664,1.0,3.429243564605713,40.574806213378906,4.004364013671875,1.0,29.028955459594727,21.782602310180664,1.0,3.2579572200775146,1,1.0,1.6382555961608887,1,2.610567808151245,1.0,1.4072341918945312,21.13125991821289,1.0,4.484461784362793,1,1.0,1.0,1.303446888923645,1.0,1.0,1.0,4.936611175537109,12.128360748291016,10.563309669494629,15.765681266784668,13.522200584411621,1.125754952430725,1.0,1.2017754316329956,2.1945390701293945,1,1.4906165599822998,1.0,1.0,1.0,2.748490333557129,1.0,1,1.0418723821640015,1.0,1.5730420351028442,1.0,1.0,1.0,1.0,1.0,1.0,1.0,1.375657320022583,1.3066927194595337,1.0,39.947811126708984,1.0,3.957434892654419,6.331272602081299,1.0,1,1,1.0,27.249711990356445,3.919903516769409,1.315956950187683,1.0,5.73940372467041,1.0,34.301490783691406,44.30825424194336,21.42242431640625,3.4123973846435547,1.7081588506698608,1.0,2.9902868270874023,1.2944269180297852,2.0701699256896973,1.0,1.0,1.1669896841049194,1.0254157781600952,1.0128687620162964,1.1532235145568848,1.0,1.0,1,1,1,1,1,1,1,1.0,1.8889116048812866,1,1,1,1.0,1.0,1.0,1.0,1.0,2.2961478233337402,1.0,1.0,1,1.0,1.0,11.540719032287598,1.0,48.719783782958984,74.65079498291016,28.046974182128906,1.0,15.117146492004395,1.0,1.0,84.31248474121094,1.0,1.0,30.030790328979492,5.899033069610596,1.0,7.628554344177246,23.33258819580078,1.0,27.879318237304688,8.505400657653809,34.68204116821289,1.0,1.0,6.791449546813965,117.4202880859375,19.109670639038086,76.85735321044922,26.46664047241211,1.0,31.440887451171875,29.86583137512207,55.868438720703125,10.443652153015137,1.0,1.0,18.36432647705078,136.11558532714844,54.25625991821289,158.56585693359375,48.62744903564453,116.08486938476562,77.27505493164062,64.09777069091797,490.90570068359375,65.31477355957031,65.82322692871094,83.38262939453125,25.075397491455078,58.65314483642578
TEST_04+3일,1.0,27.77255630493164,1.6112548112869263,1.6323546171188354,1.0,1.0,9.795674324035645,1.0,1.1261152029037476,1.0,1.0,1.0,1.0,1.0,1.0,1.0,23.09065818786621,1.0,1.0,35.10720443725586,4.909179210662842,1.2622708082199097,1.0,1,3.62469482421875,1,1,26.59255599975586,15.700475692749023,2.7217252254486084,4.169449806213379,2.3752424716949463,1.8869231939315796,1.0,1.0,1.1682265996932983,24.851688385009766,2.886204957962036,1.150968074798584,25.504047393798828,23.7609806060791,1.6663103103637695,1.0,1,1.0,2.4076812267303467,1,2.6838302612304688,1.0,1.0,21.120267868041992,1.0,7.482546329498291,1,1.0,1.0,2.229776382446289,1.0,1.0,1.0,5.088308811187744,6.70177698135376,3.406275987625122,16.457489013671875,14.416330337524414,1.0,1.0,1.7160433530807495,2.484177350997925,1,2.3810718059539795,1.3743605613708496,1.0,1.0060547590255737,1.9570990800857544,1.0,1,1.1503582000732422,1.0,3.92380690574646,1.9843153953552246,1.0,1.0,1.0,1.7874717712402344,1.1838728189468384,1.0,1.923668622970581,1.0,3.447469472885132,25.314455032348633,1.0339820384979248,2.8885655403137207,1.381614089012146,1.0,1,1,1.0,18.897531509399414,4.673914432525635,1.0,1.0,2.012937068939209,1.0,14.933308601379395,45.32863998413086,17.52280044555664,1.6393482685089111,2.7012529373168945,1.0,3.8860013484954834,1.0,1.0714422464370728,1.0,1.0,1.2073193788528442,1.0,1.0,1.3990027904510498,1.0,1.0,1,1,1,1,1,1,1,1.0,2.7636563777923584,1,1,1,1.0,1.0,1.0,1.0,1.0,1.0,1.0,1.0,1,1.0,1.0,14.859041213989258,1.0,48.38564682006836,115.69901275634766,25.504671096801758,1.0,16.422910690307617,1.0,1.0,75.35332489013672,1.0,1.0,40.86054229736328,1.353270411491394,1.0,11.600844383239746,34.01875305175781,1.807546615600586,28.393125534057617,11.915693283081055,35.68018341064453,1.0,1.0,6.754711627960205,108.2190933227539,85.12076568603516,78.60821533203125,45.7905387878418,1.0,18.693716049194336,42.77029800415039,33.399227142333984,14.45201587677002,1.4028398990631104,1.0,18.741979598999023,135.89295959472656,60.850563049316406,170.95840454101562,48.71769332885742,115.31916809082031,73.35990905761719,68.34148406982422,490.5960693359375,57.75272750854492,65.00025939941406,112.35923767089844,21.727643966674805,57.39524459838867
TEST_04+4일,1.2422873973846436,38.606224060058594,1.0,1.4211161136627197,1.0,1.0,12.843880653381348,1.0,1.260032296180725,1.0,1.0,1.0,1.0,1.0,1.0,1.0,45.46977996826172,1.0,1.0,57.57132339477539,12.380813598632812,1.0,1.0,1,5.7939958572387695,1,1,34.23642349243164,14.494221687316895,5.035643577575684,4.105388164520264,1.0824881792068481,1.0,1.0,1.0,2.203439712524414,33.612857818603516,4.985180854797363,1.0,22.661724090576172,21.370920181274414,1.6914118528366089,2.955103874206543,1,1.0,2.072549343109131,1,1.7225422859191895,1.0,1.0,18.59844970703125,1.0,7.215986728668213,1,1.593636393547058,1.0,1.7979682683944702,1.033685564994812,1.0,1.0,3.577383279800415,6.671955585479736,9.049013137817383,16.9324951171875,11.991087913513184,1.0802770853042603,1.0156195163726807,1.1783933639526367,1.8274706602096558,1,2.2984883785247803,1.0,1.0,1.0,2.3263895511627197,1.2628982067108154,1,1.0,1.0,3.1835012435913086,1.0,1.2219874858856201,1.0,1.0,1.0,1.0,1.0,2.284567356109619,1.0766198635101318,4.39184045791626,28.233200073242188,1.0,1.1263118982315063,3.7510454654693604,1.0,1,1,1.0,28.160470962524414,3.121216058731079,1.0,1.0,4.949461460113525,1.0,13.527162551879883,38.544918060302734,20.60477066040039,2.578519105911255,1.0269304513931274,1.0,2.9615771770477295,1.0,1.0,1.0,1.0,1.0880224704742432,1.9204946756362915,1.0,1.2247698307037354,1.0,1.0,1,1,1,1,1,1,1,1.0,2.7886571884155273,1,1,1,1.0,1.0,1.5807607173919678,1.0,1.0,1.4728604555130005,2.3306188583374023,1.0,1,1.8975448608398438,1.0,9.378203392028809,1.0,11.983125686645508,81.57849884033203,28.70134162902832,1.0,16.662975311279297,1.0,1.0,68.21295166015625,1.2389823198318481,1.9498234987258911,49.12785720825195,2.30552339553833,1.0,11.56075382232666,29.967985153198242,1.0,28.354080200195312,9.757406234741211,33.764915466308594,1.0,1.0,6.3449602127075195,42.12033462524414,65.79874420166016,84.44613647460938,43.28672790527344,1.0,24.936279296875,22.86884307861328,49.989498138427734,15.133487701416016,1.3570369482040405,1.0,17.571556091308594,135.16009521484375,54.19529724121094,147.98451232910156,46.513729095458984,106.77043151855469,78.45173645019531,75.67872619628906,526.5765991210938,60.20123291015625,64.3438949584961,102.46930694580078,25.63569450378418,50.72551345825195
TEST_04+5일,1.0,60.85969161987305,1.0,1.0,1.0,1.0,17.434337615966797,1.0,1.0,1.0,1.0,1.0,1.0,1.0,1.0,1.0,41.57636260986328,1.0,1.0,66.51398468017578,10.125802993774414,1.0,1.0,1,3.5024356842041016,1,1,22.636499404907227,14.928511619567871,4.83050012588501,4.058746814727783,1.2074419260025024,1.519477367401123,1.0,1.0,1.0,44.590850830078125,4.707767963409424,1.0,22.50812530517578,22.189687728881836,1.5808888673782349,2.535618543624878,1,1.0,1.6339868307113647,1,3.0152320861816406,1.0,1.0,19.09661293029785,1.0,6.280886173248291,1,2.6778078079223633,1.4918482303619385,1.5249967575073242,1.1577733755111694,1.0,1.0,2.7234272956848145,5.593276500701904,4.324113845825195,17.449710845947266,10.257534980773926,3.3271865844726562,1.0,1.6644959449768066,1.248173713684082,1,1.0982232093811035,1.787660837173462,1.0,1.0,1.9823813438415527,1.0,1,1.912455439567566,1.0,3.7922182083129883,1.0,1.4437021017074585,1.0,1.0,1.6132770776748657,1.2349563837051392,1.0,2.3995583057403564,1.8884623050689697,4.1429009437561035,38.41786575317383,1.390960931777954,1.207564353942871,9.191462516784668,1.0,1,1,1.0,22.823532104492188,4.515084743499756,1.2136491537094116,1.0,3.7846763134002686,1.0,1.0,46.55332565307617,8.932994842529297,2.615231990814209,1.6895067691802979,1.0,4.105201244354248,1.0,1.0,1.0,1.0,1.0,2.7106945514678955,1.9097859859466553,1.293269157409668,1.0,1.0,1,1,1,1,1,1,1,1.0,2.3207364082336426,1,1,1,1.0,1.0,1.0,1.0,1.0,1.0542327165603638,1.0,1.0,1,1.162674069404602,1.0,13.833823204040527,1.0,27.1376895904541,78.2753677368164,27.731433868408203,1.0,19.626834869384766,1.0,1.0,69.89325714111328,1.0,1.0,43.27737808227539,2.604945659637451,1.0,28.908123016357422,39.82621765136719,1.0,24.846267700195312,8.026664733886719,36.35450744628906,1.0,1.0,6.411431789398193,103.83818054199219,90.97747039794922,70.60840606689453,24.8433895111084,4.320359230041504,29.094467163085938,13.01828384399414,12.842398643493652,10.195981979370117,1.9095426797866821,1.4106642007827759,8.98920726776123,137.24920654296875,63.71683120727539,161.2414093017578,46.46482849121094,122.14325714111328,88.47713470458984,74.6145248413086,536.452880859375,53.16272735595703,68.61559295654297,104.39981079101562,24.688793182373047,56.50440216064453
TEST_04+6일,3.8962483406066895,43.664100646972656,3.197510242462158,1.6523410081863403,1.0,1.0,8.043063163757324,1.0,1.638945460319519,1.0,1.0,1.0,1.0,1.0,1.0,1.0,40.46967697143555,1.0,1.0,40.941993713378906,10.882505416870117,1.0,1.0,1,3.3728256225585938,1,1,39.222511291503906,14.307591438293457,2.395979881286621,2.0657074451446533,2.5819573402404785,2.501112461090088,1.0,1.0,2.3814632892608643,45.26326370239258,1.5262868404388428,1.0,30.184947967529297,23.711368560791016,1.5487478971481323,2.220942735671997,1,1.0,3.7150776386260986,1,3.4750943183898926,1.0,1.0,22.454898834228516,1.0,7.899956703186035,1,1.7862755060195923,1.186880111694336,2.0088448524475098,1.220987319946289,1.494608759880066,1.0,8.703235626220703,8.484490394592285,4.50368070602417,18.303869247436523,8.800459861755371,1.2426738739013672,1.0,1.7892831563949585,2.3580822944641113,1,2.744598627090454,1.0,1.0,1.0,1.525240421295166,1.4422634840011597,1,1.0,1.0,2.409834384918213,1.4907275438308716,1.0,1.0,1.0840034484863281,1.094188928604126,2.379207134246826,1.0,1.8307377099990845,1.0,6.207698345184326,11.52341079711914,1.2105733156204224,2.843921661376953,9.524971008300781,1.0,1,1,1.0,17.8489990234375,5.542960166931152,1.6076946258544922,1.0,6.6257476806640625,1.0,6.411548137664795,31.61041259765625,24.89369773864746,3.703993320465088,2.3448896408081055,1.237083911895752,3.265533924102783,1.0,1.9088053703308105,1.0,1.0,1.0,2.678027629852295,1.091904878616333,2.197615146636963,1.0,1.3928581476211548,1,1,1,1,1,1,1,1.0,2.387359380722046,1,1,1,2.648418426513672,2.809952974319458,4.299269676208496,1.0,1.8604120016098022,2.129279613494873,6.845589637756348,1.0,1,3.4534871578216553,1.2548580169677734,17.192873001098633,1.7555809020996094,21.096927642822266,73.0741958618164,26.752033233642578,1.0,18.844215393066406,1.0828913450241089,1.0,62.771240234375,1.0,1.0058091878890991,45.474853515625,4.840924263000488,1.0,26.827632904052734,34.91908264160156,1.0,29.208919525146484,11.867366790771484,33.07571029663086,1.0,1.0,6.4409074783325195,99.04530334472656,71.62220764160156,73.00235748291016,43.422523498535156,3.3706061840057373,26.070377349853516,25.48894500732422,32.38434982299805,5.775675296783447,1.839992880821228,1.0,10.045759201049805,119.59474182128906,56.197967529296875,152.86912536621094,49.30830001831055,108.69772338867188,89.92327117919922,74.43739318847656,479.01898193359375,59.819305419921875,62.680198669433594,91.64644622802734,24.553197860717773,54.77423858642578
TEST_04+7일,4.091750621795654,17.537521362304688,6.104022979736328,4.986780643463135,1.0,1.110053539276123,4.4880571365356445,1.0,2.1832046508789062,1.0,1.0,1.0,1.7510961294174194,1.0,1.992705225944519,1.0,26.215042114257812,1.0,1.1216838359832764,22.408226013183594,6.388030052185059,1.6101878881454468,1.0,1,5.355380535125732,1,1,11.856524467468262,15.035123825073242,4.661073684692383,3.4074819087982178,3.2288599014282227,2.0727546215057373,1.0819236040115356,1.0,4.099076271057129,52.87625503540039,5.196118354797363,1.5740625858306885,34.440975189208984,17.57746696472168,1.0,2.187116861343384,1,1.0,1.4467538595199585,1,3.784639596939087,1.0,1.4954830408096313,24.45301628112793,1.0,7.339386940002441,1,2.5855252742767334,1.3980486392974854,2.602374792098999,1.3255479335784912,1.0,1.0,12.402353286743164,7.138608455657959,10.36983585357666,18.713199615478516,14.526763916015625,3.496220588684082,1.148703694343567,1.7283594608306885,3.8487532138824463,1,2.0763726234436035,1.0,1.0,1.0,1.8286213874816895,1.0,1,1.3512890338897705,1.0,3.9286694526672363,1.055225133895874,1.842157244682312,1.0,1.0,1.5003328323364258,3.215298891067505,1.575698971748352,2.811326026916504,1.0,7.673107147216797,9.116952896118164,1.0,4.574649333953857,8.550054550170898,1.1933971643447876,1,1,1.0,22.700130462646484,8.953970909118652,1.4660778045654297,1.0,4.670602798461914,1.0,80.08657836914062,1.0,21.816679000854492,2.5036041736602783,3.0257081985473633,2.3195412158966064,4.518075466156006,1.8098490238189697,1.1888902187347412,1.0,1.0,1.4175572395324707,2.5127882957458496,1.3088302612304688,2.2916579246520996,1.2432243824005127,1.0,1,1,1,1,1,1,1,1.0,1.0,1,1,1,5.283799171447754,4.021799564361572,7.434431076049805,4.1397271156311035,2.4129879474639893,4.054628372192383,12.586285591125488,1.1106699705123901,1,3.376868963241577,2.3626198768615723,15.12846851348877,5.529500961303711,21.03333282470703,72.64320373535156,28.495153427124023,1.4792590141296387,17.260433197021484,4.672930717468262,1.0,68.10562896728516,1.0,9.271265983581543,39.568973541259766,11.04051399230957,1.0,3.173760414123535,32.94579315185547,1.0,29.746469497680664,15.156883239746094,39.011234283447266,1.371440052986145,1.492432951927185,5.248604774475098,119.65487670898438,77.32500457763672,94.35371398925781,35.393131256103516,3.5547666549682617,44.084144592285156,28.75132179260254,14.693901062011719,16.471769332885742,1.2718483209609985,4.468694686889648,19.41008186340332,129.7157745361328,65.10944366455078,157.9639434814453,47.166046142578125,114.10858154296875,93.40869140625,69.74452209472656,488.6722106933594,52.93861389160156,63.90700912475586,82.44709777832031,27.311447143554688,49.626678466796875
TEST_05+1일,1.7912019491195679,1.0,4.187895774841309,1.5437865257263184,1.0,1.0,1.0,1.0,1.1928247213363647,1.0,1.0,1.0,1.0,1.0,1.0,1.0,1.0,1.0,1.0,1.0,1.0,1.4067150354385376,1.0,1,1.0444409847259521,1,1,1.0,11.938948631286621,2.191697120666504,3.2529706954956055,6.395792484283447,2.9547641277313232,1.8463205099105835,1.0,4.280391693115234,47.89816665649414,6.387063503265381,1.5569125413894653,46.404762268066406,14.464561462402344,1.0,3.10309100151062,1,1.0,2.515256881713867,1,5.541254043579102,1.0,4.8943915367126465,26.7442626953125,1.3284339904785156,5.3763837814331055,1,2.158554792404175,1.0,1.2935906648635864,2.4232094287872314,1.0,1.0,15.824273109436035,13.050148010253906,14.589458465576172,19.448196411132812,8.343374252319336,1.7355568408966064,1.0,1.3597097396850586,4.325187683105469,1,1.6027328968048096,2.9599361419677734,1.0,1.0,2.514000177383423,1.0,1,1.1955429315567017,1.0,4.694272994995117,1.9275456666946411,2.1245667934417725,1.0,1.0,1.9671800136566162,2.028843879699707,1.0,1.184924840927124,2.6776833534240723,3.0518341064453125,11.779169082641602,1.0480151176452637,4.279931545257568,13.99972152709961,1.0389008522033691,1,1,1.0,11.634542465209961,2.671846389770508,1.0,1.0,1.0,1.0,85.71405792236328,28.97229766845703,22.145618438720703,3.5642640590667725,4.682831764221191,1.4095401763916016,5.544018745422363,1.0,1.1519761085510254,1.0,1.0511213541030884,1.0,2.865347385406494,1.174780249595642,3.0025415420532227,1.0,1.0750072002410889,1,1,1,1,1,1,1,1.0,1.0,1,1,1,6.382106304168701,4.658977508544922,5.642920017242432,4.359199047088623,1.2974965572357178,2.987349510192871,11.242348670959473,1.2969810962677002,1,2.695725440979004,1.436527967453003,65.1266098022461,32.83811950683594,1.0,6.722748279571533,112.2810287475586,24.202911376953125,64.89710998535156,10.217379570007324,1.8201037645339966,106.88279724121094,33.451026916503906,47.19116973876953,64.77529907226562,24.32680320739746,1.0,58.887451171875,92.50468444824219,8.597050666809082,39.3944206237793,31.079809188842773,80.85140228271484,18.555744171142578,10.25308609008789,1.1098265647888184,134.40281677246094,170.22962951660156,66.2820816040039,25.149145126342773,40.22621154785156,87.90054321289062,64.78753662109375,86.83118438720703,18.58780288696289,13.215120315551758,60.43252182006836,50.41957092285156,3.8295764923095703,1.0,1.0,1.0,1.0,2.523085117340088,1.0,4.776606559753418,1.0,1.0,1.0,1.0,1.0
TEST_05+2일,2.228663921356201,1.0,3.8388631343841553,1.833122730255127,1.0,1.0,1.0,1.0,1.3859643936157227,1.0,1.0,1.0,1.0,1.0,1.0,1.0,1.0,1.0,1.0,1.0,1.0,1.0,1.0,1,1.0,1,1,1.0,11.689520835876465,1.6161812543869019,2.703793525695801,5.170709133148193,1.4273731708526611,1.0,1.0,2.1166257858276367,46.81560134887695,2.530193567276001,1.0,36.85489273071289,25.236061096191406,1.4681775569915771,2.331657648086548,1,1.0,2.304776906967163,1,4.486267566680908,1.0,2.742366075515747,25.716215133666992,1.0,9.206963539123535,1,1.1832456588745117,1.0,1.5512526035308838,1.0,1.4923735857009888,1.0,13.781133651733398,10.786040306091309,6.964302062988281,25.27308464050293,8.960317611694336,1.885254979133606,1.0,1.0,2.4930126667022705,1,1.4210841655731201,1.7262605428695679,1.0,1.0,3.446556329727173,1.0,1,1.0,1.0,3.5277457237243652,1.1918102502822876,1.0,1.0,1.0,1.4667549133300781,1.5004234313964844,1.0,2.1039962768554688,1.8562642335891724,1.0,10.50869369506836,1.5476491451263428,3.9511172771453857,10.803874969482422,1.0,1,1,1.0,9.858309745788574,6.017246246337891,1.0,1.0,1.0,1.0,20.250459671020508,48.02936935424805,20.691434860229492,4.2770586013793945,3.531702756881714,1.0,4.810073375701904,1.0,1.8484563827514648,1.0,1.0,1.0,3.522733211517334,1.0328525304794312,2.3231074810028076,1.0,1.0,1,1,1,1,1,1,1,1.0,1.9025944471359253,1,1,1,4.083156585693359,2.0328564643859863,6.656534671783447,1.741074562072754,1.5928469896316528,3.5713446140289307,11.375621795654297,1.5049241781234741,1,3.376534938812256,1.7408603429794312,67.52079772949219,28.372549057006836,31.750831604003906,1.0,112.4016342163086,25.378829956054688,68.03489685058594,9.008447647094727,1.5094035863876343,111.28767395019531,32.77756881713867,46.152591705322266,37.832698822021484,21.899198532104492,1.0,65.05368041992188,88.40521240234375,8.563580513000488,44.92679977416992,32.06417465209961,82.99297332763672,18.031707763671875,10.810558319091797,1.0,163.62393188476562,207.4188690185547,70.02188110351562,42.2391357421875,40.39632797241211,78.4367446899414,55.52676010131836,56.277793884277344,17.51040267944336,11.5274658203125,67.05585479736328,44.52822494506836,1.0,1.0,1.0,1.0,1.0,1.0,1.0,32.15431213378906,1.0,1.0,1.0,1.0331618785858154,1.0
TEST_05+3일,2.623347043991089,1.0,1.530256986618042,2.0696287155151367,1.0,1.0,1.0,1.0,1.3181742429733276,1.0,1.0,1.0,1.0,1.0,1.0,1.0,1.0,1.0,1.0,1.0,1.0,2.0925333499908447,1.0,1,7.902751922607422,1,1,36.70347213745117,10.076348304748535,3.4186079502105713,2.9257657527923584,3.640672206878662,1.7009350061416626,1.0,1.0,1.3994157314300537,38.30742263793945,4.803346633911133,1.0,46.474788665771484,26.036706924438477,1.7641338109970093,1.0,1,1.0,1.8328274488449097,1,4.006939888000488,1.0,1.3332223892211914,25.614330291748047,1.3911750316619873,5.382603645324707,1,1.0,1.0,1.4618029594421387,1.31331467628479,1.0,1.0,14.370227813720703,3.878012180328369,1.0,24.604990005493164,7.322592258453369,1.0,1.0,1.0,1.0,1,2.1113767623901367,1.0027916431427002,1.0,1.0,3.633382797241211,1.6142288446426392,1,2.225022554397583,1.0,3.060129404067993,2.2362594604492188,1.0,1.0,1.0,1.3381403684616089,1.4085719585418701,1.0,2.100285530090332,2.057650327682495,4.272676467895508,9.257213592529297,1.0,1.9626446962356567,3.869893789291382,1.0,1,1,1.0,6.421301364898682,10.88629150390625,1.0,1.0,1.0,1.0,1.0,28.640674591064453,12.616820335388184,2.094430923461914,2.216719388961792,1.0,5.468226432800293,1.0,1.9433399438858032,1.0,1.0,1.0,1.824847936630249,1.342732548713684,1.0,1.0,1.0,1,1,1,1,1,1,1,1.0,1.8788765668869019,1,1,1,3.2445638179779053,2.3156774044036865,5.061862468719482,3.6843161582946777,2.0139660835266113,3.381197452545166,6.711926460266113,1.0,1,2.136720895767212,1.0585836172103882,64.68981170654297,32.17738342285156,36.09284591674805,39.44825744628906,112.09834289550781,21.51816177368164,65.31495666503906,7.9829840660095215,1.659829020500183,101.2269515991211,30.09592056274414,47.15232467651367,57.575904846191406,28.633785247802734,1.0,72.97233581542969,85.7992172241211,8.907565116882324,43.10277557373047,28.846363067626953,80.86345672607422,18.627986907958984,11.290411949157715,1.0,157.13914489746094,169.8567352294922,75.97078704833984,47.725643157958984,37.932037353515625,75.03125762939453,59.697391510009766,92.77494049072266,14.673442840576172,14.747376441955566,73.62640380859375,30.195446014404297,1.1209214925765991,1.281105399131775,1.1866930723190308,1.0,1.0,1.5630942583084106,1.0,1.0,2.7019200325012207,1.7835988998413086,1.0,1.0,1.0
TEST_05+4일,3.3726072311401367,2.8568778038024902,1.8240458965301514,1.2760051488876343,1.0,1.0,1.0,1.0,1.0,1.0,1.0,1.0,1.0,1.0,1.0781904458999634,1.0,1.0,1.0,1.0,1.0,1.6409143209457397,1.0,1.0,1,1.8918194770812988,1,1,36.26884078979492,14.783445358276367,1.2414181232452393,2.553624391555786,3.2936973571777344,3.062685012817383,2.0880424976348877,1.0,3.056532144546509,42.443607330322266,5.964338779449463,1.1126608848571777,34.47291946411133,24.2263126373291,1.3895249366760254,1.0,1,1.0,3.243082046508789,1,3.4000277519226074,1.0546307563781738,1.5809330940246582,22.333101272583008,1.0,8.51455307006836,1,1.0,1.0,1.6832447052001953,1.5672707557678223,1.0,1.0,8.903393745422363,3.885770797729492,10.852334022521973,21.133899688720703,2.4023377895355225,1.1040284633636475,1.0,1.0,1.0,1,1.8847932815551758,1.0,1.0,1.0,3.2906484603881836,1.0,1,1.0,1.0,3.3677732944488525,1.3030833005905151,1.6151303052902222,1.0,1.0,1.0,1.0,1.0,1.0,1.6687259674072266,4.739501476287842,17.92402458190918,1.2463792562484741,2.7269558906555176,5.281209945678711,1.0,1,1,1.0,5.822730541229248,5.5950517654418945,1.0,1.0,1.0,1.0,25.162649154663086,21.657756805419922,17.493505477905273,3.1060826778411865,1.002009630203247,1.0,4.793565273284912,1.0,1.447298526763916,1.0,1.0,1.0,2.3646671772003174,1.0,1.5028918981552124,1.0,1.0,1,1,1,1,1,1,1,1.0,2.3528330326080322,1,1,1,4.408607006072998,2.6190733909606934,5.38426399230957,3.101064443588257,1.0,2.390199661254883,11.693349838256836,1.2110060453414917,1,1.9412142038345337,1.5602744817733765,68.50285339355469,30.106714248657227,47.5084114074707,30.035511016845703,105.35671997070312,21.957719802856445,63.16273498535156,11.70581340789795,1.9078290462493896,90.61543273925781,33.18102264404297,46.971649169921875,59.6715087890625,26.38971710205078,1.222400188446045,71.1839370727539,89.30940246582031,9.013479232788086,41.176979064941406,30.94631576538086,76.89141845703125,18.319721221923828,12.60229206085205,1.0,161.4256134033203,171.48390197753906,74.84925842285156,28.268922805786133,39.29492950439453,72.90117645263672,69.20165252685547,88.56354522705078,11.711913108825684,15.28997802734375,60.79157257080078,40.31205368041992,1.4277522563934326,1.0,1.0,1.0,1.0,1.0,1.0,7.155535697937012,1.0,1.0,1.0,1.0,1.0
TEST_05+5일,6.6054582595825195,3.9950451850891113,1.5963541269302368,2.550631523132324,1.0,1.0,2.603503704071045,1.0,1.586466670036316,1.0,1.0,1.0,1.0,1.0,1.0,1.0,1.0,1.0,1.0,1.0,5.5458083152771,1.0,1.0,1,5.608712673187256,1,1,33.20801544189453,13.030512809753418,3.2449800968170166,2.073326587677002,3.5878727436065674,2.506908893585205,1.7926119565963745,1.0,3.9879324436187744,43.77524185180664,3.5326080322265625,1.1359174251556396,27.571285247802734,18.94638442993164,1.5512200593948364,2.8607516288757324,1,1.0,3.108358383178711,1,5.553347587585449,1.0,3.4626808166503906,22.5595703125,1.0,9.645378112792969,1,2.274597644805908,1.0,1.7246838808059692,2.323728084564209,1.3462276458740234,1.0,8.364082336425781,6.12750768661499,8.175575256347656,22.470985412597656,8.819540023803711,1.8559653759002686,1.0,1.0,1.2661129236221313,1,1.0,3.208570718765259,1.0,1.0,1.359554648399353,1.0,1,2.105947494506836,1.0,4.875795841217041,1.615871787071228,1.0,1.0,1.0,1.3510239124298096,1.3082585334777832,1.0,1.704305648803711,2.4895410537719727,4.774239540100098,38.533782958984375,1.836545467376709,1.7527666091918945,8.655496597290039,1.0,1,1,1.0,19.149503707885742,7.104289531707764,1.0,1.0,1.9833604097366333,1.0,25.35298728942871,43.83401870727539,14.70641803741455,1.4037476778030396,2.1138675212860107,1.0,4.618771553039551,1.0,1.5181903839111328,1.0,1.0,1.0,3.1862828731536865,1.0,2.216627836227417,1.0,1.0,1,1,1,1,1,1,1,1.0,2.9901180267333984,1,1,1,4.04457426071167,1.6080758571624756,4.141167163848877,3.383150339126587,1.0,2.3282365798950195,12.347164154052734,1.2967562675476074,1,1.2751480340957642,1.5222176313400269,70.90951538085938,30.3573055267334,1.0,1.0,109.2392807006836,23.28218650817871,69.00757598876953,14.172905921936035,1.8636549711227417,85.21346282958984,32.463462829589844,48.670589447021484,61.29827117919922,26.387056350708008,1.0,60.87126541137695,92.18583679199219,9.214325904846191,42.51100158691406,29.83152198791504,83.97130584716797,16.400169372558594,11.454312324523926,1.0,161.97854614257812,153.42807006835938,55.830997467041016,32.66721725463867,35.56235885620117,80.4792709350586,55.055694580078125,50.16587448120117,20.26453399658203,17.464496612548828,73.99153900146484,25.850149154663086,1.0,3.043771982192993,2.334214925765991,1.0,1.0,1.0,1.0,23.769899368286133,1.0,1.0,1.0,2.1823713779449463,1.0
TEST_05+6일,7.366571426391602,1.0,1.889648675918579,1.7942619323730469,1.0,1.0,7.591335296630859,1.0,1.9409525394439697,1.0,1.0,1.0,1.0,1.0,1.0,1.0,1.0,1.0,1.0,1.0,1.5276254415512085,1.0,1.0,1,1.5691745281219482,1,1,60.96728515625,11.418815612792969,2.8428285121917725,2.7082457542419434,4.959661483764648,2.804257869720459,1.8613865375518799,1.0,2.5638632774353027,52.20021057128906,2.7574002742767334,1.269290566444397,38.67052459716797,21.22409439086914,1.6892653703689575,1.537292718887329,1,1.0,2.4103808403015137,1,5.995151519775391,1.0,1.4171019792556763,27.315763473510742,1.0,6.710211753845215,1,1.151873230934143,1.0,1.4652984142303467,2.480940580368042,1.0,1.0,12.327938079833984,7.827713966369629,4.594216346740723,24.045087814331055,4.6376543045043945,1.6664177179336548,1.0,1.1266415119171143,1.4423474073410034,1,1.102824091911316,3.758805751800537,1.0,1.0,2.3838140964508057,1.0,1,1.2124611139297485,1.0,3.074147939682007,1.016728162765503,1.0,1.0,1.0,1.8147830963134766,2.568549394607544,1.0,1.331222653388977,1.0,5.096034049987793,36.01926040649414,1.0,2.811772584915161,10.341691017150879,1.0,1,1,1.0,10.264660835266113,6.021615028381348,1.0710861682891846,1.0,1.0,1.0,21.842514038085938,48.59206008911133,17.579599380493164,5.517152786254883,4.045217037200928,1.0,3.3504714965820312,1.0,1.9931741952896118,1.0,1.0,1.0,2.9688096046447754,1.8665670156478882,1.9048359394073486,1.0,1.487993597984314,1,1,1,1,1,1,1,1.0,1.4023617506027222,1,1,1,4.491815567016602,1.9462790489196777,6.042870044708252,1.909684658050537,2.090271472930908,3.4670186042785645,9.037013053894043,1.1737030744552612,1,3.0838029384613037,1.0,73.7620620727539,31.648954391479492,1.0,1.0,104.34282684326172,24.411649703979492,70.35400390625,13.622159957885742,1.9730210304260254,92.32498931884766,34.24980163574219,47.9530029296875,63.81060791015625,28.51901626586914,1.0,67.04286193847656,91.8944091796875,11.04642105102539,40.20948028564453,32.97869110107422,78.46074676513672,18.750314712524414,11.853972434997559,1.322597861289978,161.36614990234375,164.02288818359375,50.16828918457031,73.39679718017578,34.708553314208984,68.25506591796875,53.70608139038086,103.36412048339844,19.066417694091797,16.944934844970703,69.40274047851562,32.898956298828125,1.0,1.0,1.2075618505477905,1.0,1.0,2.387216091156006,1.0,1.0,1.0,1.0,1.0,1.0,1.0
TEST_05+7일,7.8907318115234375,1.0,2.2759451866149902,2.5825603008270264,1.0,1.0,1.0,1.0,1.9147229194641113,1.0,1.0,1.0,1.0,1.0,1.0,1.0,1.0,1.0,1.0,1.0,1.586928367614746,1.6869025230407715,1.0,1,1.0,1,1,38.54240036010742,11.001690864562988,1.0,1.6869158744812012,4.047006607055664,2.246704578399658,2.6053123474121094,1.0,6.163957595825195,57.15829086303711,2.4238033294677734,1.9536514282226562,46.5675048828125,25.249589920043945,1.1187820434570312,1.0,1,1.0,1.6861469745635986,1,5.578413963317871,1.0,5.446670055389404,29.169628143310547,1.249363899230957,7.439996242523193,1,1.7681453227996826,1.0,1.8935905694961548,1.8762260675430298,1.2857520580291748,1.0,10.605504989624023,7.956449031829834,8.913602828979492,25.711454391479492,11.07686996459961,2.6435718536376953,1.0,1.950384497642517,3.1364147663116455,1,1.0,3.604890823364258,1.0,1.0,1.3418402671813965,2.0041491985321045,1,1.0,1.0,5.018503665924072,1.0,2.0008013248443604,1.0,1.0,2.0030364990234375,2.198707103729248,1.0,1.7570152282714844,1.8427307605743408,6.03719425201416,1.9875004291534424,1.1188677549362183,6.279595851898193,12.39342975616455,1.0,1,1,1.0,5.29428768157959,5.451655864715576,1.0,1.0223283767700195,1.0,1.0,95.67726135253906,2.763758659362793,20.446809768676758,1.2919557094573975,4.1995015144348145,1.2199150323867798,4.366206645965576,1.0,2.192178964614868,1.0,1.0,1.4493638277053833,1.66106379032135,1.0,2.2271339893341064,1.0,1.0,1,1,1,1,1,1,1,1.0,1.0,1,1,1,4.335628032684326,4.362360000610352,8.917841911315918,4.9991374015808105,2.345707893371582,3.816385269165039,13.875184059143066,1.462729811668396,1,2.719043493270874,2.6006948947906494,67.27516174316406,37.682106018066406,45.76559829711914,30.894363403320312,109.47277069091797,23.696353912353516,63.70446014404297,18.05134391784668,1.6703979969024658,89.07992553710938,32.9011116027832,44.59148025512695,63.06603240966797,24.51543426513672,1.0,66.75080871582031,86.52371978759766,8.217072486877441,45.28266906738281,36.022037506103516,86.25836181640625,21.118383407592773,10.599189758300781,1.0,119.22457122802734,153.6144561767578,59.25312423706055,44.985496520996094,30.691598892211914,97.74605560302734,53.68634796142578,71.29119873046875,19.926010131835938,16.47289276123047,73.98096466064453,34.387813568115234,1.0,1.0,1.0,1.0,1.0,1.0,1.0,1.0,1.0,1.0,1.0,1.0,1.0
TEST_06+1일,2.8145556449890137,2.2217159271240234,5.002715110778809,1.0,1.0,1.0,1.0,1.0,1.0,1.0,1.0,1.0,1.0,1.0,1.0,1.0,1.0,1.0,1.0,1.0,1.0,1.0,1.0,1,6.61906623840332,1,1,5.935566425323486,17.053789138793945,2.531348466873169,3.684148073196411,4.870140552520752,1.7128846645355225,1.3981940746307373,1.0,5.723221302032471,45.159576416015625,8.5720853805542,1.0,37.7220344543457,24.50848960876465,1.0,3.8525924682617188,1,1.0,1.0,1,1.1882236003875732,1.0,3.8467369079589844,21.984848022460938,1.4773696660995483,9.164024353027344,1,2.936896562576294,1.0,1.9557406902313232,1.275611400604248,1.0,1.0,11.77393627166748,13.694008827209473,11.925843238830566,14.488271713256836,8.135043144226074,2.1096420288085938,1.0,1.480631709098816,3.209808349609375,1,2.485166311264038,2.4684627056121826,1.0,1.0,2.930898666381836,1.7881505489349365,1,1.9485636949539185,1.0,3.99845290184021,1.6102546453475952,1.8186181783676147,1.0,1.0,1.6111384630203247,3.0560665130615234,2.0187549591064453,1.3986384868621826,2.667121410369873,2.8584671020507812,10.836421966552734,1.877855658531189,4.250321865081787,8.33155632019043,1.021114468574524,1,1,1.0,8.149356842041016,4.40240478515625,1.7582082748413086,1.144922137260437,1.0,1.0,61.468040466308594,17.268381118774414,25.279071807861328,4.322332382202148,2.22819447517395,1.6557420492172241,5.7495646476745605,1.0,1.0849028825759888,1.0,1.0,1.0,2.6272125244140625,1.0,2.5707058906555176,1.0,1.0,1,1,1,1,1,1,1,1.0,1.0,1,1,1,5.478360652923584,3.545030355453491,3.6635422706604004,3.619168281555176,1.0,1.643149495124817,4.7085652351379395,1.3518115282058716,1,2.8005776405334473,1.817859411239624,69.05048370361328,31.291166305541992,1.0,86.48650360107422,111.73095703125,24.811250686645508,71.89839935302734,54.57405471801758,1.59030020236969,93.44164276123047,34.60407257080078,49.8288459777832,63.49123001098633,34.766170501708984,1.0,54.175140380859375,83.15247344970703,11.05543327331543,50.72774124145508,38.01594543457031,77.70806884765625,21.008514404296875,8.338894844055176,1.0,192.09776306152344,226.444091796875,56.930545806884766,52.97344207763672,26.760974884033203,98.45918273925781,66.42354583740234,104.55032348632812,18.958599090576172,13.21930980682373,47.32340621948242,51.13044357299805,1.6016826629638672,1.0,1.0,1.0,1.1417871713638306,1.0,1.0,6.227151870727539,5.36072301864624,1.0,1.0,1.0,1.0
TEST_06+2일,1.0,1.5830597877502441,1.429371953010559,1.0,1.0,1.0,1.0,1.0,1.0,1.0,1.0,1.0,1.0,1.0,1.0,1.0,1.0,1.0,1.0,1.0,1.0,1.0,1.0,1,6.179620265960693,1,1,11.890220642089844,12.669628143310547,4.006302356719971,1.0,4.560033798217773,1.9990851879119873,1.3913648128509521,1.0,3.457528829574585,43.23943328857422,3.8889482021331787,1.0,27.055217742919922,20.870651245117188,1.0805325508117676,2.3666610717773438,1,1.0,3.847193479537964,1,3.079615354537964,1.0,3.639970541000366,22.272714614868164,1.0,9.594447135925293,1,1.0,1.0,1.0,1.266648292541504,1.276551604270935,1.0,8.947608947753906,11.839438438415527,10.828258514404297,17.292072296142578,10.265332221984863,1.0754739046096802,1.0,1.0,2.1092405319213867,1,1.3246870040893555,2.075474262237549,1.0,1.0,2.4362382888793945,1.0,1,1.8723766803741455,1.0,3.3419506549835205,2.031528949737549,1.0639642477035522,1.0,1.0,2.67049241065979,1.6752933263778687,1.0,1.5327309370040894,1.1496409177780151,1.9130579233169556,28.91533088684082,1.0,3.4053258895874023,7.21506929397583,1.0,1,1,1.0,2.2852091789245605,5.7240309715271,1.0,1.0,1.0,1.0,27.343280792236328,36.098384857177734,21.98995018005371,4.902223587036133,1.8666237592697144,1.0,3.945452928543091,1.0,1.0712480545043945,1.0,1.0,1.0,1.2247536182403564,1.0,2.3584482669830322,1.0,1.0,1,1,1,1,1,1,1,1.0,1.7677472829818726,1,1,1,5.739834785461426,2.4198005199432373,4.225561141967773,2.5829524993896484,1.441454291343689,1.4630199670791626,4.448205947875977,1.1830189228057861,1,2.728719472885132,2.0174946784973145,67.40849304199219,26.554893493652344,1.0,20.705020904541016,107.48204803466797,24.684783935546875,74.55135345458984,50.152313232421875,1.7978870868682861,100.2767333984375,32.79547119140625,48.690555572509766,51.99848175048828,36.57276916503906,1.0,57.91773223876953,84.78779602050781,10.367369651794434,55.033809661865234,39.47942352294922,82.06900787353516,21.31362533569336,8.880794525146484,1.0,183.07516479492188,203.98855590820312,54.89777374267578,49.662384033203125,26.4588565826416,92.96556091308594,64.13713836669922,125.99633026123047,19.850921630859375,11.27471923828125,47.28541946411133,36.931434631347656,3.7536728382110596,1.0,1.0,1.0,1.0,1.0,1.0,17.665796279907227,1.0,1.0,1.0,1.0,1.0
TEST_06+3일,1.0,2.0500311851501465,1.0,1.4429455995559692,1.0,1.0,1.0,1.0,1.0,1.0,1.0,1.0,1.0,1.0,1.0,1.0,1.0,1.0,1.0,1.0,1.0,1.0,1.0,1,2.5576233863830566,1,1,52.34607696533203,14.208625793457031,3.6296088695526123,1.5131139755249023,3.059391975402832,2.910421848297119,1.0,1.0,3.0636751651763916,33.03805160522461,5.561471462249756,1.1551140546798706,28.336044311523438,27.78375244140625,1.287602424621582,1.0,1,1.0,2.404508352279663,1,1.0,1.0,1.9722789525985718,22.599227905273438,1.0,8.64891529083252,1,1.0,1.0,1.4282896518707275,1.0,1.0,1.0,8.776947975158691,6.26111364364624,5.269669055938721,16.026119232177734,8.56812572479248,1.0,1.0,1.0,1.0,1,1.0,2.77195405960083,1.0,1.0,1.2369462251663208,1.2709277868270874,1,1.0154647827148438,1.0,3.6955406665802,2.828277587890625,1.0,1.0,1.0,1.8616409301757812,1.9585340023040771,1.0,2.004246711730957,1.150000810623169,2.843449115753174,27.93446159362793,1.1225147247314453,2.716712713241577,2.2920584678649902,1.0,1,1,1.0,3.2122702598571777,5.1241230964660645,1.0,1.0,1.0,1.0,17.51580047607422,19.241872787475586,20.255094528198242,3.2407305240631104,1.2662841081619263,1.0,4.135333061218262,1.1641433238983154,1.0,1.0,1.0,1.0,1.5063444375991821,1.0,1.9606459140777588,1.0,1.0,1,1,1,1,1,1,1,1.0,1.9129064083099365,1,1,1,4.066433429718018,2.2284841537475586,3.566772222518921,1.9252407550811768,1.0,1.5696736574172974,4.685971260070801,1.318462610244751,1,3.2009713649749756,1.710907220840454,67.92224884033203,31.674503326416016,1.0,77.95093536376953,107.64398956298828,22.85457420349121,73.13928985595703,44.27275466918945,1.4275497198104858,91.79100036621094,36.9344367980957,48.02460479736328,58.75924301147461,34.218833923339844,1.2216061353683472,62.40947723388672,83.77757263183594,10.379899978637695,53.43406295776367,38.593936920166016,82.82659912109375,19.65228843688965,8.151413917541504,1.0,208.90090942382812,233.3530731201172,55.26912307739258,81.31109619140625,27.717056274414062,73.93296813964844,64.05687713623047,94.12542724609375,17.520078659057617,10.115948677062988,46.72746276855469,45.365962982177734,1.0,1.0,1.0,1.038938283920288,1.0,1.0,1.0,1.0,1.6359754800796509,1.0,1.0,1.0,1.0
TEST_06+4일,1.0,1.0,2.1362733840942383,2.059861183166504,1.0,1.0,1.0,1.0,1.5410938262939453,1.0,1.0,1.0,1.0,1.0,1.0,1.0,1.0,1.0,1.0,1.0,1.0,1.0,1.0,1,6.509048938751221,1,1,41.519996643066406,12.50722885131836,4.530543327331543,3.886430025100708,3.007081985473633,2.0974278450012207,1.3321822881698608,1.0,3.136472702026367,39.532867431640625,7.165945529937744,1.039628028869629,27.00527000427246,22.20302963256836,1.0,1.477699637413025,1,1.0,2.574497938156128,1,2.0599048137664795,1.0,3.4843854904174805,20.354583740234375,1.0,11.839655876159668,1,1.2329765558242798,1.0,1.5949440002441406,1.6878771781921387,1.0,1.0,4.837242603302002,7.006717205047607,10.061407089233398,15.301392555236816,11.0460205078125,1.0,1.0,1.0,1.0,1,1.625288724899292,1.1438791751861572,1.0,1.0,2.719756603240967,1.791609525680542,1,1.0,1.0,2.6525261402130127,1.0,1.5734477043151855,1.0,1.0,1.0327670574188232,1.0,1.1842434406280518,1.3842519521713257,1.7199912071228027,4.377596855163574,28.815406799316406,1.0,1.5101879835128784,4.005902290344238,1.0,1,1,1.0,1.0,2.4962782859802246,1.0,1.0,2.5203418731689453,1.0,28.28826141357422,30.099924087524414,20.026765823364258,3.6341097354888916,1.0,1.0,4.945239543914795,1.2352854013442993,1.490020751953125,1.0,1.0,1.0,1.7741841077804565,1.0,2.0389580726623535,1.0,1.0,1,1,1,1,1,1,1,1.0,2.5276098251342773,1,1,1,3.4172163009643555,2.4244563579559326,2.9966487884521484,1.3492257595062256,1.0,1.3641105890274048,3.2864551544189453,1.1996619701385498,1,2.483649969100952,1.231481671333313,65.60845947265625,33.50502014160156,27.174638748168945,49.18104934692383,102.55326080322266,24.829071044921875,72.948486328125,42.28311538696289,1.811855673789978,84.86802673339844,35.29045867919922,48.59268569946289,64.76580047607422,31.013751983642578,1.0,62.7391242980957,88.87937927246094,10.127140998840332,53.108455657958984,39.238468170166016,80.80651092529297,19.18000030517578,7.905888557434082,1.0,163.5115203857422,231.43365478515625,51.004737854003906,75.26724243164062,27.876935958862305,72.19548797607422,46.054325103759766,101.5851058959961,15.240233421325684,10.280569076538086,43.27482986450195,40.018882751464844,1.1123014688491821,1.0,1.0,1.0,1.0,1.0,1.0,1.0,1.0,1.0,8.347962379455566,1.0,1.0
TEST_06+5일,1.5891941785812378,2.0903115272521973,2.1496901512145996,2.9978091716766357,1.0,1.0,1.0,1.0,1.0,1.0,1.0,1.0,1.0,1.0,1.0,1.0,1.0,1.0,1.0,1.0,1.2014878988265991,1.0,1.0,1,6.318821430206299,1,1,23.311050415039062,12.177011489868164,4.259768009185791,3.786731719970703,3.346290349960327,2.7772727012634277,1.5235954523086548,1.0,1.0,38.781219482421875,6.1227240562438965,1.0,23.839441299438477,20.073209762573242,1.6747719049453735,3.0290119647979736,1,1.0,2.8955321311950684,1,3.1418874263763428,1.0,3.263404607772827,19.793598175048828,1.0,5.324930191040039,1,1.0,1.0,1.0,1.1372151374816895,1.0510629415512085,1.0,3.594639778137207,6.798367023468018,5.2619147300720215,16.30002784729004,7.4498724937438965,3.2047441005706787,1.0,1.0607658624649048,1.0,1,1.744368553161621,1.0,1.0,1.0,1.2683906555175781,1.0,1,1.7462680339813232,1.0,2.4926259517669678,2.2790989875793457,1.5192227363586426,1.0,1.0,2.1149954795837402,1.0,1.0,1.9803612232208252,1.3396307229995728,3.131246566772461,42.640472412109375,1.1001120805740356,1.0,6.626932144165039,1.0,1,1,1.0,11.826033592224121,4.816289901733398,1.0,1.0,3.0823941230773926,1.0,29.1523494720459,45.149967193603516,14.775187492370605,2.1457293033599854,1.0,1.0,4.282734394073486,1.3331332206726074,1.5868982076644897,1.0,1.0,1.0,1.8710110187530518,1.0,1.9644280672073364,1.0,1.0,1,1,1,1,1,1,1,1.0,1.851009726524353,1,1,1,3.425196409225464,2.1008431911468506,1.0,1.3712410926818848,1.0,2.3532447814941406,5.7745442390441895,1.4765115976333618,1,1.0,1.5680744647979736,65.28807067871094,33.36233901977539,2.7378792762756348,19.700403213500977,105.84717559814453,24.866846084594727,77.8879623413086,50.03627395629883,2.2424614429473877,86.18092346191406,36.284915924072266,49.946998596191406,64.7158203125,36.913185119628906,1.0,47.606746673583984,94.25432586669922,9.960331916809082,52.71488952636719,39.76911926269531,82.9232177734375,18.647676467895508,9.813660621643066,1.0,144.65272521972656,211.3131103515625,55.28950119018555,45.87726593017578,24.09798812866211,86.35789489746094,52.36757278442383,84.7938461303711,22.424392700195312,11.474117279052734,45.088111877441406,34.0925407409668,5.01443338394165,1.0,1.0,1.0,1.0,1.0,1.0,28.24557876586914,1.0,1.0,1.0,1.061057209968567,1.003587007522583
TEST_06+6일,1.0,1.0,1.0,1.850638747215271,1.0,1.0,1.0,1.0,1.0,1.0,1.0,1.0,1.0,1.0,1.0,1.0,1.0,1.0,1.0,1.0,1.4607549905776978,1.0,1.0,1,4.013284683227539,1,1,55.16718673706055,12.267121315002441,3.374657154083252,2.679095983505249,3.7344608306884766,3.30380916595459,1.0,1.0,1.3853850364685059,45.24424743652344,4.538448810577393,1.0,32.53562545776367,21.162778854370117,1.5954904556274414,1.0,1,1.0,2.141566038131714,1,3.5846266746520996,1.0,2.072418212890625,21.562177658081055,1.0,9.934061050415039,1,1.0,1.0,1.0,1.0,1.2617336511611938,1.0,10.311466217041016,6.087708473205566,8.126526832580566,17.456966400146484,3.835928201675415,2.3498713970184326,1.0,1.6309800148010254,1.0,1,2.191736936569214,1.9643735885620117,1.0,1.0,1.36457097530365,1.0,1,1.0,1.0,2.9449639320373535,1.8795570135116577,1.000230312347412,1.0,1.0,1.4940518140792847,1.2695780992507935,1.0,1.7286986112594604,1.0,3.634211301803589,15.959568977355957,1.4335941076278687,1.8440544605255127,7.32072639465332,1.0,1,1,1.0,1.0,1.3458629846572876,1.2285196781158447,1.0,1.0168100595474243,1.0,28.770030975341797,40.4981689453125,25.335739135742188,3.969834089279175,2.162773609161377,1.0146197080612183,4.071717262268066,1.0,1.400956153869629,1.0,1.0,1.0,2.0382964611053467,1.4911860227584839,2.411815881729126,1.0,1.0050551891326904,1,1,1,1,1,1,1,1.0,2.002884864807129,1,1,1,4.979875564575195,2.8331665992736816,2.78432297706604,2.647104501724243,1.0,2.9176177978515625,5.726480484008789,1.2064141035079956,1,3.4932281970977783,1.99868643283844,66.5703125,31.78040313720703,1.6073511838912964,95.28750610351562,98.9053726196289,25.482769012451172,77.10792541503906,45.505615234375,1.6939314603805542,82.71035766601562,36.14773178100586,46.97513961791992,64.4884033203125,32.54232406616211,1.0,58.4761848449707,87.17414855957031,9.598485946655273,52.251708984375,40.90218734741211,79.033935546875,18.542917251586914,8.617940902709961,1.0,224.90289306640625,208.70948791503906,48.28522872924805,68.44186401367188,25.12983512878418,78.36912536621094,68.65264129638672,99.7273178100586,20.28420066833496,8.571267127990723,44.060813903808594,32.17519760131836,1.0,1.0,1.0,1.0,1.0,1.0,1.0,1.0,1.0,1.0,1.0,1.0,1.0
TEST_06+7일,4.594213485717773,1.0,2.848881244659424,2.8423209190368652,1.2559269666671753,1.0,1.0,1.0,1.0040029287338257,1.0,1.0,1.0,1.0,1.0,1.0,1.0,1.0,1.0,1.0,1.0,1.0,1.0,1.0,1,4.321320533752441,1,1,34.01411437988281,12.435704231262207,3.2530603408813477,3.1124460697174072,3.3113515377044678,1.633528232574463,2.2808079719543457,1.2446807622909546,5.047291278839111,50.982582092285156,3.6157848834991455,1.56781804561615,36.48893737792969,21.32759666442871,1.8742990493774414,1.0,1,1.0,3.760298490524292,1,3.1032018661499023,1.0,3.033968925476074,22.116992950439453,1.227562427520752,7.920473575592041,1,2.4460880756378174,1.0,1.315821647644043,1.4400198459625244,1.2579619884490967,1.0,12.189854621887207,7.648274898529053,14.084054946899414,20.096786499023438,9.32735824584961,2.2974603176116943,1.4199239015579224,1.7564877271652222,2.047293186187744,1,1.2994399070739746,3.2164556980133057,1.0,1.0,1.5870373249053955,1.464844822883606,1,1.8518422842025757,1.0,2.934812307357788,1.464903473854065,2.3894290924072266,1.0,1.0,1.8600952625274658,1.4600293636322021,1.2620846033096313,2.24540638923645,1.8805968761444092,5.804049491882324,1.0,1.7138179540634155,4.392419338226318,5.649878978729248,1.0,1,1,1.0,2.319578170776367,7.038451194763184,1.0045051574707031,1.0,1.0,1.0,65.40840148925781,1.6700750589370728,23.547077178955078,2.400131940841675,3.923802614212036,1.442888617515564,4.442549705505371,1.0,1.6140505075454712,1.0,1.0,1.0,1.0,1.523606777191162,2.201138734817505,1.0,1.301855444908142,1,1,1,1,1,1,1,1.0,1.0,1,1,1,4.677195072174072,3.508049249649048,4.514186859130859,3.129924774169922,1.6641122102737427,2.51933217048645,6.113004207611084,1.6935875415802002,1,3.6095402240753174,2.6985886096954346,64.78102111816406,32.53154754638672,24.22125816345215,63.2396240234375,102.28752899169922,24.649999618530273,71.16079711914062,41.206504821777344,1.5849467515945435,76.15424346923828,30.46813201904297,49.13399887084961,66.38827514648438,35.36089324951172,1.0,52.61897277832031,79.21409606933594,10.073423385620117,53.54163360595703,42.78279113769531,80.0346908569336,19.337005615234375,8.411067008972168,1.0,183.10812377929688,207.28765869140625,58.65024185180664,43.27579879760742,25.343782424926758,97.83531951904297,64.92842864990234,98.01847076416016,20.6523494720459,13.06826114654541,46.170326232910156,40.972164154052734,1.0,1.0,1.0,1.0,1.0,1.0,1.0,4.399176597595215,1.0,1.0,1.0,1.0,1.0
TEST_07+1일,1.0,19.062705993652344,4.64385986328125,3.1025235652923584,1.0,1.0,1.0,1.0,1.1745725870132446,1.0,1.0,1.0,1.0,1.0,1.0,1.0,1.0,1.0,1.0,1.0,1.0,1.3216103315353394,1.0,1,1.0,1,1,5.485974311828613,7.117112636566162,2.318056344985962,2.2732632160186768,3.4349007606506348,1.3765676021575928,1.7317057847976685,1.9209814071655273,3.738445520401001,29.544790267944336,4.375466823577881,1.0,27.65867805480957,24.21119499206543,1.0,4.485739231109619,1,1.0,1.674080491065979,1,1.2980059385299683,1.0,1.0,18.31203269958496,1.0,4.433429718017578,1,1.4164472818374634,1.0,1.0383973121643066,1.2664496898651123,1.0,1.0,7.542994976043701,11.190560340881348,7.4018120765686035,4.978784561157227,8.305072784423828,1.4307217597961426,1.0,1.188684344291687,2.740628957748413,1,1.0,1.3506447076797485,1.0,1.0,2.2791099548339844,1.0,1,1.0,1.0,1.1115829944610596,1.0,1.0,1.0,1.0,1.8220874071121216,1.122702956199646,1.0,1.0,1.0,1.6187437772750854,8.51460075378418,1.0,1.295965552330017,4.009289741516113,1.0,1,1,1.0,11.354789733886719,6.654272556304932,1.0,1.0,1.0,1.0,48.284236907958984,10.165374755859375,21.325918197631836,2.664607524871826,2.562692403793335,1.0,2.6839261054992676,1.0,1.0,1.0,1.0,1.0,1.0,1.299790382385254,2.527061700820923,1.0,1.0,1,1,1,1,1,1,1,1.0,1.0,1,1,1,1.9256168603897095,2.6494412422180176,2.047245979309082,1.0,1.0,1.0,1.0,1.0,1,1.2315647602081299,1.0,13.335654258728027,20.956687927246094,1.0,1.0,34.089420318603516,13.661091804504395,22.606632232666016,28.662899017333984,1.0,23.7969913482666,17.771371841430664,20.40373992919922,24.25214195251465,13.314947128295898,1.0,16.8204402923584,22.127790451049805,4.172711372375488,20.146617889404297,12.551843643188477,28.073644638061523,10.121174812316895,2.2341301441192627,1.0,125.14493560791016,95.27245330810547,9.662965774536133,47.31794738769531,10.687976837158203,39.12042236328125,42.63526916503906,43.503257751464844,16.581083297729492,4.0963053703308105,12.427266120910645,26.600648880004883,8.972657203674316,1.0,1.0,1.0,2.6887590885162354,1.8516768217086792,1.0,1.0,1.0,1.0,3.1834287643432617,1.0,1.0
TEST_07+2일,1.5931706428527832,9.414530754089355,1.0,2.092696189880371,1.0,1.0,1.0,1.0,1.0,1.0,1.0,1.0,1.0,1.0,1.0,1.0,8.158697128295898,1.0,1.0,1.0,1.0,1.0,1.0,1,1.082000732421875,1,1,1.0,4.27543306350708,2.7172250747680664,1.0,3.0061752796173096,1.0,1.0,1.4742770195007324,3.4844868183135986,27.14317512512207,1.1688534021377563,1.0,23.379072189331055,17.047029495239258,1.0,1.0,1,1.0,1.662479043006897,1,3.0496299266815186,1.0,1.0,15.088086128234863,1.0,6.929617881774902,1,1.3870179653167725,1.0,1.181922197341919,1.0,1.0,1.0,4.834124565124512,5.57217264175415,3.6657826900482178,11.04814338684082,6.325686931610107,1.0,1.0,1.0,1.3070234060287476,1,1.0,1.0,1.0,1.0,1.987563967704773,1.0,1,1.0,1.0,1.1230474710464478,1.0,1.0,1.0,1.0,1.3561346530914307,1.0,1.0,1.0,1.0,1.0,15.554722785949707,1.0848489999771118,1.6278406381607056,1.0,1.0,1,1,1.0,1.0,2.822181224822998,1.0,1.0,1.0,1.0,31.44839859008789,34.95512771606445,15.022931098937988,3.042739152908325,1.0,1.0,1.8834542036056519,1.1187595129013062,1.0,1.0,1.0,1.0,1.0238800048828125,1.0,1.5977013111114502,1.0,1.0,1,1,1,1,1,1,1,1.0,1.4687213897705078,1,1,1,1.0756152868270874,1.0,2.789522409439087,1.0,1.0,1.0,1.0,1.0,1,3.126197099685669,1.0674281120300293,14.508495330810547,17.57155418395996,1.0,1.0,21.07134437561035,11.751564025878906,24.81256866455078,23.28993797302246,1.0,26.47120475769043,16.80317497253418,18.2464599609375,17.81574821472168,14.438220977783203,1.0,31.33723258972168,18.721662521362305,3.9605140686035156,19.70792579650879,12.586350440979004,25.44216537475586,10.504312515258789,3.345881462097168,1.0,158.2758331298828,61.110477447509766,13.039127349853516,40.547271728515625,9.624701499938965,36.93416213989258,45.65286636352539,68.071044921875,18.578144073486328,2.841073513031006,17.06168556213379,23.194887161254883,2.019530773162842,2.5069000720977783,1.0,1.0,1.0,1.0,1.0,1.0,1.0,1.0,1.0,1.0,1.0
TEST_07+3일,1.0,14.447914123535156,1.0,2.6344797611236572,1.0,1.0,1.0,1.0,1.0,1.0,1.0,1.0,1.0,1.0,1.0,1.0,9.879789352416992,1.0,1.0,1.0,1.0,1.0,1.0,1,9.507055282592773,1,1,31.412029266357422,1.55726957321167,3.069911241531372,2.6858327388763428,1.0,1.0,1.0,2.230142831802368,1.245363712310791,18.620737075805664,2.8445048332214355,1.0,12.29723072052002,18.830371856689453,1.0,1.7213653326034546,1,1.0,1.0,1,2.2300920486450195,1.0,1.0,18.460529327392578,1.0,4.5865159034729,1,1.0,1.0,1.60406494140625,1.0,1.0,1.0,4.381381511688232,2.638542890548706,1.0,10.700406074523926,4.494769096374512,1.0,1.0,1.0,1.0,1,1.0,1.42399001121521,1.0,1.0,2.4407057762145996,1.0,1,1.6890184879302979,1.0,1.0,1.0,1.0,1.0,1.0,1.428210973739624,1.0,1.0,1.6425129175186157,1.0,1.0,22.538267135620117,1.0,1.3117387294769287,1.0,1.0,1,1,1.0,2.1273720264434814,1.0,1.0,1.0,1.0,1.0,15.36355209350586,29.767526626586914,15.79038143157959,1.442137360572815,1.0,1.0,1.0,1.631216049194336,1.0,1.0,1.0,1.0,1.0,1.0,1.0,1.0,1.0,1,1,1,1,1,1,1,1.0,1.50019371509552,1,1,1,1.0,1.0,1.2032595872879028,1.0,1.0,1.0,1.0,1.0,1,2.142613410949707,1.0,14.632758140563965,22.204195022583008,1.0,1.0,22.542407989501953,11.102341651916504,22.618057250976562,25.912071228027344,1.0,38.4783935546875,22.290834426879883,20.510635375976562,20.77749252319336,6.8760271072387695,1.0,26.151641845703125,27.197813034057617,4.6419291496276855,18.409997940063477,12.600603103637695,27.37036895751953,10.983781814575195,2.5563578605651855,1.0,134.2205047607422,105.92244720458984,12.928507804870605,58.31025695800781,10.62330436706543,30.362611770629883,52.382164001464844,42.110652923583984,11.231861114501953,3.1688170433044434,7.113735675811768,25.27039337158203,1.0,1.5540704727172852,1.0,1.0,1.0,1.0,1.0,1.0,1.0,1.0,1.0,1.0,3.780076265335083
TEST_07+4일,1.0,15.848832130432129,1.0,1.514014482498169,1.0,1.0,3.0952022075653076,1.0,1.0,1.0,1.0,1.0,1.0,1.0,1.0,1.0,1.0,1.0,1.0,1.0,3.028242588043213,1.0,1.0,1,2.9161293506622314,1,1,33.64485549926758,5.701720237731934,3.8760859966278076,1.6603233814239502,1.4685695171356201,1.0,1.0,1.0670275688171387,1.0,25.50620460510254,2.2162680625915527,1.0,7.417351245880127,10.583144187927246,1.0,1.0,1,1.0,2.8321900367736816,1,1.1667572259902954,1.0,1.0,16.832340240478516,1.0,5.474829196929932,1,1.0,1.0,1.5565274953842163,1.0,1.0,1.0,3.4039454460144043,1.0,1.2931002378463745,11.412590980529785,1.4465088844299316,1.0,1.0355836153030396,1.0,1.3551884889602661,1,1.0,1.4058001041412354,1.0,1.0,3.2450027465820312,1.0,1,1.0,1.0,1.8330165147781372,1.0,1.0,1.0,1.1390479803085327,1.0,1.1353318691253662,1.0,1.0,1.0,2.4460232257843018,17.4173583984375,1.0,1.0,1.0,1.0,1,1,1.0,1.0,1.0,1.0,1.0,1.5684287548065186,1.0,25.29669952392578,17.22654914855957,18.948131561279297,2.2352406978607178,1.0,1.0,2.290456771850586,1.2989124059677124,1.0,1.0,1.0,1.0,1.3101211786270142,1.0,1.0,1.0,1.0,1,1,1,1,1,1,1,1.0,2.0825066566467285,1,1,1,1.095216155052185,1.2950609922409058,1.8018519878387451,1.0,1.0,1.0,1.0,1.0,1,2.0476834774017334,1.0,12.013993263244629,24.22572898864746,23.626054763793945,1.0,25.817543029785156,12.652328491210938,20.316822052001953,27.74281883239746,1.0,24.886240005493164,18.690568923950195,18.755718231201172,26.051921844482422,9.45547103881836,1.0,17.55607795715332,24.88334083557129,3.3322362899780273,21.56869125366211,10.5631742477417,24.461566925048828,10.510631561279297,3.1192069053649902,1.0,73.26062774658203,94.27342987060547,13.568771362304688,74.95172882080078,9.968626022338867,32.945953369140625,26.104290008544922,51.916770935058594,13.819379806518555,1.0,7.390966415405273,22.755939483642578,1.0,1.0,1.0,1.0,1.0,1.0,1.0,1.0,1.0,1.0,3.8473246097564697,1.0,1.0
TEST_07+5일,1.0,16.16213607788086,1.0,3.72428297996521,1.0,1.0,4.968935966491699,1.0,1.0,1.0,1.0,1.0,1.0,1.0,1.0,1.0,5.716266632080078,1.0,1.0,1.0,8.612608909606934,1.0,1.0,1,3.661935567855835,1,1,20.415084838867188,5.23723030090332,2.357896089553833,2.9801573753356934,1.5500773191452026,1.0,1.0,1.718051552772522,1.0,26.373159408569336,2.176560640335083,1.0,12.743953704833984,16.302751541137695,1.0,3.362142324447632,1,1.0,3.4987237453460693,1,2.1522011756896973,1.0,2.010474443435669,13.97912883758545,1.0,5.226152420043945,1,1.0482360124588013,1.0,1.0,1.0,1.0,1.0,2.2254490852355957,4.400450706481934,1.0,11.13537883758545,5.326035022735596,1.0,1.0,1.0,1.0,1,1.0,1.1835768222808838,1.0,1.0,1.0,1.4444167613983154,1,1.1005210876464844,1.0,1.0,1.0,1.0,1.0,1.0,1.148298740386963,1.0,1.0,1.922333836555481,1.0,3.390958547592163,31.12642478942871,1.0399384498596191,1.0,2.8739287853240967,1.0,1,1,1.0,11.180808067321777,2.133937358856201,1.0,1.0,1.109913945198059,1.0,7.004766941070557,30.182819366455078,7.2159318923950195,1.881827473640442,1.0,1.0,1.6663146018981934,1.0,1.0,1.0,1.0,1.0,1.2736986875534058,1.0,1.0,1.0,1.0,1,1,1,1,1,1,1,1.0,1.0,1,1,1,1.8343164920806885,2.3151028156280518,1.0,1.0,1.0,1.0,1.7649470567703247,1.0,1,1.8361811637878418,1.0,11.775618553161621,24.42289161682129,1.0,1.0,28.386430740356445,13.155830383300781,25.226974487304688,23.552236557006836,1.0,16.403730392456055,19.88144302368164,20.001344680786133,19.975021362304688,15.870813369750977,1.0,15.253847122192383,31.421510696411133,3.3239858150482178,20.311033248901367,8.345925331115723,30.19356346130371,9.376651763916016,3.859184741973877,1.0,106.34698486328125,127.21571350097656,15.182613372802734,45.12041091918945,6.945812702178955,37.76079559326172,28.485931396484375,15.090316772460938,12.48702621459961,2.523219585418701,8.46480655670166,15.132842063903809,1.0,1.2045544385910034,1.0,1.0,1.0,1.0,1.0,1.0,1.0,1.0,1.0,1.0,1.0
TEST_07+6일,1.0,9.998212814331055,2.149395704269409,3.409642219543457,1.0,1.0,4.992775917053223,1.0,1.0,1.0,1.0,1.0,1.0,1.0,1.6781777143478394,1.0,3.383890390396118,1.0,1.0,1.0,7.131953239440918,1.0,1.0,1,4.145946979522705,1,1,52.64583206176758,5.7240190505981445,3.277082681655884,1.5891743898391724,1.752204179763794,1.031187891960144,1.327078938484192,1.795515775680542,1.0,26.078941345214844,3.20196795463562,1.0,12.57445240020752,20.234153747558594,1.0,1.0,1,1.0,3.0781142711639404,1,3.1361753940582275,1.0,1.0,16.188798904418945,1.0,5.434276103973389,1,2.519202709197998,1.0,1.0583852529525757,1.5943163633346558,1.0,1.0,5.917606353759766,3.120701551437378,1.0,15.651347160339355,1.031706690788269,1.0,1.0,1.177383303642273,1.0,1,1.290871262550354,2.1141517162323,1.0,1.0,1.0,2.1279358863830566,1,1.0,1.0,1.389836072921753,1.0,1.0,1.0,1.0,1.0,2.258207082748413,1.0,1.145097255706787,1.0,2.686035394668579,31.163110733032227,1.0,1.0,2.417778491973877,1.0,1,1,1.0,1.464363932609558,1.077247977256775,1.0,1.0,1.0,1.0,1.0,22.249826431274414,23.34912872314453,2.1009180545806885,1.4765427112579346,1.0,2.4964139461517334,1.0,1.0,1.0,1.0,1.0,2.0165581703186035,1.7990421056747437,2.291759729385376,1.0,1.0,1,1,1,1,1,1,1,1.0,1.0,1,1,1,4.31896448135376,1.8492088317871094,2.847045660018921,1.3821672201156616,1.0,1.7718160152435303,3.019221067428589,1.0,1,1.9721872806549072,1.0,16.30927276611328,22.811281204223633,1.0,9.567164421081543,20.04073143005371,15.012578964233398,25.32517433166504,24.209867477416992,1.0,17.83124351501465,17.257108688354492,18.187480926513672,17.90818214416504,10.842873573303223,1.0,23.135345458984375,20.814260482788086,3.363982915878296,23.377641677856445,13.227957725524902,24.62050437927246,7.647361755371094,3.0732502937316895,2.058833360671997,139.255615234375,110.0311279296875,7.279280185699463,50.24231719970703,7.640178203582764,30.426971435546875,26.758058547973633,52.37806701660156,9.103343963623047,1.0,7.6750407218933105,14.561568260192871,8.256768226623535,2.9115118980407715,5.634160041809082,3.041774034500122,1.0,7.943931579589844,1.554334044456482,5.709439277648926,1.7141170501708984,5.242559909820557,1.0,1.416839838027954,1.0
TEST_07+7일,1.4188706874847412,1.0,5.386463642120361,6.204739570617676,1.3623000383377075,1.0,1.0,1.0,1.0,1.0,1.0,1.0,1.0,1.0,3.569375514984131,1.0,1.0,1.0,1.0,1.0,5.2320098876953125,1.0,1.0,1,3.048257827758789,1,1,38.427459716796875,4.838016033172607,4.068812370300293,3.1757006645202637,4.271165370941162,1.0,2.222975254058838,2.263505220413208,1.6670295000076294,33.40348815917969,1.670659065246582,1.0,24.290752410888672,11.086326599121094,1.0,1.0,1,1.0,2.000615358352661,1,1.271607756614685,1.0,1.9434137344360352,17.47042465209961,1.0605850219726562,5.028256416320801,1,2.5151569843292236,1.0,1.9666545391082764,1.0,1.0,1.0,9.592696189880371,2.454437017440796,3.7693681716918945,11.779121398925781,6.971844673156738,1.0,1.0,1.0769298076629639,2.4055304527282715,1,1.0,1.5980219841003418,1.0,1.0,2.3070337772369385,1.4286404848098755,1,1.4192924499511719,1.0,2.1045918464660645,1.0,1.0033166408538818,1.0,1.0,1.4671506881713867,1.7833127975463867,1.0,1.987377643585205,1.5510433912277222,4.625058650970459,1.0,1.0,2.8287627696990967,1.0,1.030378818511963,1,1,1.0,3.3497941493988037,6.329860687255859,1.0,1.2142564058303833,1.0,1.0,34.514617919921875,1.0,21.368358612060547,3.059699535369873,1.894392490386963,1.0,2.584665298461914,1.0,1.0,1.0,1.0,1.0,2.508294105529785,1.175419807434082,2.1758992671966553,1.0,1.0,1,1,1,1,1,1,1,1.0,1.6688692569732666,1,1,1,5.168735980987549,1.9117697477340698,3.325514078140259,2.9304111003875732,1.0996874570846558,1.8694305419921875,2.6062047481536865,1.0613139867782593,1,2.7278590202331543,1.6009926795959473,10.119431495666504,20.967660903930664,18.644115447998047,1.0,25.11422348022461,13.961753845214844,14.385157585144043,29.121850967407227,1.0,29.161500930786133,16.142345428466797,22.581729888916016,12.890279769897461,16.710813522338867,1.0,24.301755905151367,22.872241973876953,3.974747896194458,17.764591217041016,13.390159606933594,25.835969924926758,11.637913703918457,2.8836917877197266,2.0463480949401855,127.72525787353516,102.29988861083984,13.828986167907715,43.25836944580078,7.639513969421387,48.92070007324219,28.929012298583984,23.98952293395996,16.34226417541504,2.369494915008545,8.597597122192383,21.75984001159668,2.5444118976593018,1.0,1.0,2.387315511703491,11.645540237426758,2.7502050399780273,1.0,33.2483024597168,7.3489909172058105,1.0,1.0,2.3669111728668213,1.0
TEST_08+1일,1.0,23.009366989135742,5.087696552276611,3.4865667819976807,1.148510456085205,1.0,8.178731918334961,1.0,1.1241942644119263,1.0,1.0,1.0,1.096860408782959,1.0,8.25367259979248,1.0,13.257401466369629,1.0,1.0,21.721364974975586,6.773300647735596,3.2205233573913574,1.0,1,2.557988166809082,1,1,15.81824016571045,9.02318000793457,1.0602275133132935,3.836695671081543,5.8933610916137695,1.9164156913757324,1.3972222805023193,2.655679702758789,5.45760440826416,43.39812088012695,1.0,1.4934649467468262,34.41753005981445,19.83485221862793,1.34360671043396,6.238326549530029,1,1.0,1.0,1,3.0167529582977295,1.0,3.1890909671783447,23.042285919189453,1.0,5.802414417266846,1,2.4823176860809326,1.0,1.8432254791259766,1.0,1.0,1.0,12.994248390197754,12.602335929870605,22.10118865966797,16.973388671875,15.62767219543457,1.5926917791366577,1.0,1.9493743181228638,3.0825531482696533,1,1.341838002204895,3.1139943599700928,1.0,1.0,3.807480573654175,1.1883035898208618,1,1.0,1.0,2.256819486618042,1.7585846185684204,1.224635362625122,1.0,1.0,1.2230374813079834,1.0,2.5124402046203613,1.0,1.0,3.496372938156128,9.241806983947754,1.0997357368469238,2.723961353302002,5.94661808013916,1.0,1,1,1.0,14.874563217163086,5.4164042472839355,1.0,1.0,1.7375316619873047,1.0,81.21739196777344,18.118751525878906,14.031753540039062,3.133941888809204,2.3859970569610596,1.0,1.475440502166748,1.0,1.0,1.0,1.0,1.0,1.0,1.0,4.003006935119629,1.0,1.0,1,1,1,1,1,1,1,1.0,1.0553336143493652,1,1,1,1.0,1.6763724088668823,1.0,1.0,1.0,1.0,5.18955659866333,1.0,1,2.2979025840759277,1.0,1.5680838823318481,1.0,21.987483978271484,69.51847076416016,2.8382816314697266,1.0,5.114020824432373,1.0,1.0,27.20868492126465,1.0,1.0,34.07460021972656,11.887176513671875,1.0,1.0,2.9598591327667236,2.4268829822540283,3.834017276763916,7.364769458770752,2.6241683959960938,1.0,1.0,9.364152908325195,1.0,1.0,12.156485557556152,9.67126178741455,12.243400573730469,2.1726768016815186,1.0,1.0,4.997299671173096,3.3562963008880615,1.3811421394348145,1.0,109.09691619873047,35.1441764831543,99.28466033935547,27.902441024780273,38.63184356689453,66.65705108642578,42.87645721435547,336.9121398925781,69.3691635131836,43.65717697143555,113.54521942138672,29.69681739807129,50.101200103759766
TEST_08+2일,1.0,35.40725326538086,1.0,1.0,1.0,1.0,8.115598678588867,1.0,1.0,1.0,1.0,1.0,1.0,1.0,3.627856969833374,1.0,40.17570877075195,1.0,1.0,34.674922943115234,12.350062370300293,1.4367882013320923,1.0,1,6.395156383514404,1,1,5.0586113929748535,8.80550765991211,2.9145586490631104,1.0,3.262094020843506,1.5321314334869385,1.6912742853164673,2.016718626022339,2.8071963787078857,45.70542526245117,1.0,1.0,26.56334114074707,27.15548324584961,1.1625193357467651,2.905285596847534,1,1.0,2.8118934631347656,1,4.259364604949951,1.0,1.2655224800109863,17.329320907592773,1.0,6.110771179199219,1,2.516676425933838,1.0,1.3914507627487183,1.0,1.0,1.0,11.752080917358398,8.841571807861328,14.220017433166504,15.06065845489502,11.06055736541748,1.0,1.0,1.0,1.0,1,1.0,2.157996416091919,1.0,1.0,1.380136489868164,1.9487959146499634,1,1.108425259590149,1.0,1.6750469207763672,1.0,1.0,1.0,1.0,1.0,1.0,1.0,1.0821926593780518,1.3881758451461792,1.2196625471115112,24.823894500732422,1.0,1.9037325382232666,1.0,1.0,1,1,1.0,19.3780517578125,3.0167853832244873,1.0,1.0,1.3996753692626953,1.0,47.79604721069336,34.602874755859375,11.752429962158203,2.18943452835083,1.0,1.0,1.3766543865203857,1.0,1.0,1.0,1.0,1.0,1.3491671085357666,1.0,2.4901204109191895,1.0,1.0,1,1,1,1,1,1,1,1.0,1.1267684698104858,1,1,1,1.0,1.0,1.0,1.0,1.0,1.0,1.3504064083099365,1.0,1,1.0,1.0027122497558594,1.0,2.395782709121704,23.604829788208008,12.165714263916016,1.0,1.0,8.685919761657715,1.0,1.0,47.47113037109375,1.0,1.0,17.396291732788086,3.101132869720459,1.0,1.0,1.0,1.0,1.0,2.5510897636413574,2.372349262237549,1.0,1.0,2.841857671737671,1.0,1.0,7.589966297149658,1.0,2.666198968887329,1.0,1.0,1.0,4.022951126098633,1.122733235359192,1.0,1.0,48.90402603149414,12.830053329467773,46.25080871582031,1.1035915613174438,37.172054290771484,39.29822540283203,5.587274074554443,196.18153381347656,50.24508285522461,37.9811897277832,79.11539459228516,15.151132583618164,22.746654510498047
TEST_08+3일,1.0,17.378347396850586,1.0,1.4537525177001953,1.0,1.0,11.621135711669922,1.0,1.0,1.0,1.0,1.0,1.0,1.0,2.2631676197052,1.0,38.347862243652344,1.0,1.0,24.59646987915039,7.972303867340088,1.5337778329849243,1.0,1,4.5491766929626465,1,1,33.56827926635742,4.168309211730957,3.5308191776275635,1.0,1.4368271827697754,1.0,1.0,3.0269079208374023,2.2836227416992188,30.867807388305664,1.0,1.41794753074646,36.657493591308594,27.493919372558594,1.004801630973816,2.693079948425293,1,1.0,2.4200193881988525,1,3.4403650760650635,1.0,1.6918885707855225,15.452677726745605,1.0,5.247650146484375,1,1.5254424810409546,1.0,1.77321195602417,1.0,1.0,1.0,6.2105278968811035,4.289883136749268,6.736532688140869,20.67037010192871,10.953256607055664,2.4670803546905518,1.0,1.0,1.4770448207855225,1,1.0,1.7035402059555054,1.0,1.0,2.0936574935913086,1.0,1,1.2231742143630981,1.0,2.7413437366485596,1.0,1.0,1.0,1.0,1.0,1.5087730884552002,1.0,1.4101476669311523,2.100257635116577,3.224623441696167,23.11954116821289,1.0,1.0,1.0,1.0,1,1,1.0,14.070403099060059,1.494936466217041,1.0,1.0,3.8018288612365723,1.0,25.0305118560791,17.963083267211914,8.59532642364502,3.125093698501587,1.0,1.0,1.3672610521316528,1.0,1.0,1.0,1.0,1.0,2.182771682739258,1.0,1.0,1.0,1.0,1,1,1,1,1,1,1,1.0,1.0,1,1,1,1.0,1.6674866676330566,1.0,1.0,1.0,1.0,1.0,1.0,1,1.0,1.0,1.0,1.2394628524780273,18.487070083618164,72.01343536376953,1.0,1.0,1.4663704633712769,1.0,1.0,36.004085540771484,1.0,1.0,21.346071243286133,2.6944711208343506,1.0,1.0,1.0,1.0,1.0,5.308642864227295,1.0,1.0,1.0,2.202927827835083,1.0,1.0,2.296294927597046,8.734844207763672,11.953591346740723,1.0,1.0,1.0,4.990975856781006,1.0,6.431552410125732,5.227134704589844,54.95401382446289,22.29498863220215,74.06639099121094,19.483585357666016,57.1332893371582,31.22513198852539,23.85198402404785,221.3990478515625,44.446006774902344,40.98263168334961,108.924560546875,7.2049784660339355,17.370969772338867
TEST_08+4일,1.0,24.968618392944336,1.0,1.0,1.0,1.0,7.597207069396973,1.0,1.0,1.0,1.0,1.0,1.0,1.0076462030410767,1.0,1.0,36.77588653564453,1.0,1.0,35.53968048095703,7.43599796295166,1.0,1.0,1,7.841427803039551,1,1,50.58699417114258,4.134936332702637,2.7195277214050293,2.7663278579711914,3.8173513412475586,1.1957697868347168,1.0,2.4565961360931396,1.0,42.99934005737305,1.1435115337371826,1.0,31.699623107910156,15.692170143127441,1.0,2.4492268562316895,1,1.0,2.3318746089935303,1,4.711215019226074,1.0,1.1748883724212646,13.925747871398926,1.0,7.785497665405273,1,1.0,1.0,1.6441177129745483,1.0,1.0,1.0,3.4747085571289062,4.803400993347168,10.212896347045898,17.023435592651367,9.983319282531738,1.0062282085418701,1.0,1.0,2.9748096466064453,1,1.8249319791793823,1.0,1.0,1.0,3.223031520843506,1.0,1,1.4124091863632202,1.0,2.2609779834747314,1.5413718223571777,1.0979195833206177,1.0,1.0,1.0,1.0,1.2549771070480347,1.143707513809204,1.0831539630889893,6.295132160186768,9.176095962524414,1.0051161050796509,1.0,1.0,1.0,1,1,1.0,13.530996322631836,3.010688066482544,1.0,1.0,2.2004339694976807,1.0,21.700855255126953,11.299817085266113,13.531668663024902,2.5237090587615967,1.0,1.0,1.7922465801239014,1.0,1.0,1.0,1.0,1.0,1.3223497867584229,1.0,1.0,1.0,1.0,1,1,1,1,1,1,1,1.0,1.5349866151809692,1,1,1,1.0,1.192966341972351,1.0,1.0,1.0,1.0,1.0,1.0,1,1.5680241584777832,1.0,1.0,1.0,19.637813568115234,60.398643493652344,1.0,1.0,1.2122355699539185,1.8192375898361206,1.0,33.753150939941406,1.0,1.0,39.23454666137695,1.0,1.0,1.0,1.0,1.1852943897247314,1.0,1.9704679250717163,1.0,1.0,1.0,6.008079528808594,1.0,1.0,16.654008865356445,1.0,12.564958572387695,1.0,1.0,1.0,1.279112458229065,1.0,1.0,1.5692558288574219,65.24527740478516,25.633941650390625,62.81953811645508,14.577324867248535,43.601585388183594,36.807395935058594,18.221010208129883,202.58457946777344,46.184478759765625,52.67439270019531,84.72843170166016,14.668352127075195,12.790781021118164
TEST_08+5일,1.1770246028900146,44.44508743286133,1.0,1.8067632913589478,1.0,1.0,9.686325073242188,1.0,1.3783252239227295,1.0,1.0,1.0,1.0,2.238027334213257,1.0,1.0,38.055320739746094,1.0,1.0,50.533260345458984,10.4187650680542,1.0,1.0,1,12.895223617553711,1,1,18.462875366210938,7.7807841300964355,1.3188947439193726,3.6767845153808594,3.6325294971466064,1.7739405632019043,1.0,1.940231204032898,1.6672998666763306,50.23836135864258,1.0,1.0,28.092601776123047,17.564571380615234,1.0,3.668431043624878,1,1.0,3.0785393714904785,1,4.615634441375732,1.0,2.639411449432373,19.28615951538086,1.0,4.602759838104248,1,1.5390511751174927,1.0,1.2609752416610718,1.0,1.0,1.0,1.0,5.017661094665527,8.81441879272461,17.65949058532715,11.074368476867676,1.0,1.0,1.0265356302261353,1.2120435237884521,1,1.6228532791137695,2.492914915084839,1.0,1.0,1.8718202114105225,3.889221429824829,1,1.9598522186279297,1.0,1.4525254964828491,1.0,1.0,1.0,1.0,1.039331078529358,1.0,1.0,2.8319251537323,2.1142611503601074,5.945475101470947,6.89617395401001,1.0,1.0,1.0,1.0,1,1,1.0,13.570651054382324,4.253413200378418,1.0,1.0,4.092041492462158,1.0,9.951828956604004,30.630535125732422,5.227358341217041,2.847029685974121,1.5615566968917847,1.0,1.0,1.0,1.0,1.0,1.0,1.0,1.7999427318572998,1.0014688968658447,1.0,1.0,1.0,1,1,1,1,1,1,1,1.0,1.9119495153427124,1,1,1,1.0,1.0,1.0,1.0,1.0,1.0,1.4962518215179443,1.0,1,2.1190779209136963,1.0,1.0,1.0520991086959839,20.293092727661133,68.18213653564453,1.0,1.0,5.616762638092041,1.0,1.0,23.112947463989258,1.0,1.0,17.961362838745117,1.0,1.0,4.724132537841797,3.0853235721588135,1.0,1.0,2.9439480304718018,2.145124673843384,1.0,1.0,2.6510074138641357,1.0,1.0,1.699894905090332,11.978517532348633,7.27659273147583,1.0,1.0,1.0,1.0,1.0,5.730937480926514,1.0,96.00302124023438,40.03866958618164,83.57889556884766,18.29914093017578,40.88698959350586,35.21125411987305,35.66773223876953,257.4227600097656,53.65346908569336,46.78644561767578,68.1058349609375,22.337602615356445,40.90039825439453
TEST_08+6일,5.6568989753723145,43.11488723754883,4.436145782470703,5.548717498779297,1.0,1.0,8.87621021270752,1.0,1.1709092855453491,1.0,1.0,1.0,1.0,1.189379096031189,9.310006141662598,1.0,25.501323699951172,1.0,1.0,34.13629913330078,8.780481338500977,1.0,1.0691167116165161,1,5.630595684051514,1,1,38.58526611328125,11.053696632385254,3.8772003650665283,2.2050483226776123,7.317525386810303,2.4199635982513428,1.112705945968628,3.3551032543182373,2.924032688140869,62.79269790649414,1.0,1.0,37.96847152709961,21.015357971191406,1.0,5.533420085906982,1,1.0,3.8878917694091797,1,3.8479158878326416,1.0,2.5534751415252686,21.92949676513672,1.0,6.626221179962158,1,1.9703515768051147,1.0,1.5990339517593384,1.7459548711776733,1.0,1.0,7.6439056396484375,6.654793739318848,9.815712928771973,19.245349884033203,10.019366264343262,2.9138271808624268,1.0,1.3761767148971558,1.0,1,1.1659172773361206,3.8432745933532715,1.0,1.0,2.5718603134155273,2.580155849456787,1,1.0,1.0,2.389122247695923,1.2191282510757446,1.4728548526763916,1.0779988765716553,1.0,1.0,1.786759853363037,1.0,1.5614068508148193,1.0,6.278302192687988,28.631874084472656,1.0,1.0,2.9207608699798584,1.0,1,1,1.0,13.8984375,7.026224613189697,1.8235888481140137,1.0,1.5145299434661865,1.0,13.870220184326172,33.067710876464844,10.393588066101074,5.35506010055542,4.4309821128845215,1.0,1.7183847427368164,1.0,1.4140172004699707,1.0,1.0,1.0,1.894223690032959,1.4856457710266113,1.8023264408111572,1.0,1.0,1,1,1,1,1,1,1,1.0,1.1252939701080322,1,1,1,5.558042049407959,1.0,2.5499963760375977,1.6534756422042847,1.0501610040664673,1.6292142868041992,8.864802360534668,1.0,1,3.511173725128174,1.0,8.74594783782959,1.0,35.09943389892578,66.31895446777344,1.0,1.0,7.868432521820068,1.0493038892745972,1.0,35.54236602783203,1.0,1.0,31.575136184692383,2.656165838241577,1.0,1.8411539793014526,1.0,1.7102055549621582,1.0,2.2484118938446045,1.0,1.0,1.0,5.996041297912598,1.0,1.0,5.530481815338135,1.0,10.378973960876465,1.0,6.078768253326416,1.0,1.0,1.2042111158370972,2.454984664916992,1.0,76.78466796875,44.66362762451172,109.29966735839844,24.283355712890625,47.57925796508789,58.69008255004883,36.33209228515625,197.32461547851562,72.04080200195312,53.79164123535156,90.601318359375,29.775238037109375,60.15547180175781
TEST_08+7일,5.85986852645874,25.005491256713867,7.530155658721924,9.239764213562012,1.5665674209594727,1.0,4.508256435394287,1.0,1.6166516542434692,1.125380277633667,1.0,1.0,2.1163551807403564,2.1177473068237305,12.268502235412598,1.0,20.249711990356445,1.0,1.6038703918457031,24.858911514282227,5.514906883239746,1.0,1.3218318223953247,1,4.510507583618164,1,1,26.39155387878418,9.910850524902344,1.7351101636886597,2.51379132270813,6.636892795562744,1.0,2.6287126541137695,3.5887181758880615,4.850485801696777,68.93486785888672,1.0,1.3062663078308105,41.63503646850586,16.689619064331055,1.0,2.655745506286621,1,1.0,3.661780834197998,1,2.4850454330444336,1.0,6.025168418884277,24.436756134033203,1.0,4.772387981414795,1,3.877175807952881,1.0,2.1255741119384766,2.100003719329834,1.3817414045333862,1.6062349081039429,12.942922592163086,8.611294746398926,17.92472267150879,20.41563606262207,16.56255340576172,2.6800386905670166,1.0,1.8733943700790405,2.4865822792053223,1,1.0,3.6599414348602295,1.0,1.0,2.6753172874450684,2.4398748874664307,1,1.3965613842010498,1.1364625692367554,4.435634136199951,1.5538215637207031,1.2693779468536377,1.0,1.0,1.7529338598251343,1.3759346008300781,1.340917706489563,2.8926053047180176,1.1557774543762207,8.134843826293945,8.74748706817627,1.3799304962158203,4.6746039390563965,3.149623155593872,1.0,1,1,1.0,15.365873336791992,9.419787406921387,1.4672073125839233,1.355211615562439,2.8676340579986572,1.0,64.61547088623047,1.0,8.28096866607666,3.5093886852264404,3.8085477352142334,1.6181206703186035,2.405963659286499,1.0,1.392338514328003,1.0,1.0,1.0,1.0,1.1927988529205322,2.507636308670044,1.211547613143921,1.0,1,1,1,1,1,1,1,1.0,2.624876022338867,1,1,1,5.76754903793335,1.0,4.458924293518066,3.1206140518188477,1.944258213043213,1.2028032541275024,12.950797080993652,1.0,1,3.964679002761841,1.360047459602356,4.331795692443848,4.927212238311768,39.2916145324707,99.56482696533203,1.0,1.0,13.3984956741333,2.8771324157714844,1.0,46.037906646728516,1.0,1.0,22.03336524963379,5.0376434326171875,1.0,1.0,1.0,1.0,1.3907749652862549,5.4123992919921875,10.383285522460938,1.0,1.0,11.379499435424805,1.0,1.0,12.719074249267578,1.0,13.868154525756836,1.0,4.242176055908203,1.0,1.0,4.109278678894043,8.518900871276855,1.0,87.04932403564453,37.221954345703125,118.97557830810547,24.131166458129883,62.67612075805664,46.66535949707031,37.5562744140625,293.32952880859375,58.34911346435547,62.51856231689453,82.21453094482422,18.02357292175293,57.27293014526367
TEST_09+1일,4.319093227386475,17.152128219604492,5.340898513793945,1.0599365234375,1.0,1.0,4.676506996154785,1.0,1.9400304555892944,1.0,1.0,1.0,2.468507766723633,6.683586120605469,31.143033981323242,1.3841092586517334,13.012150764465332,1.0,2.284259080886841,1.3503568172454834,1.0,4.373671531677246,1.0,1,3.7338218688964844,1,1,22.757658004760742,10.708537101745605,2.1013078689575195,2.5722177028656006,6.518608570098877,1.6859450340270996,1.704045057296753,3.074742555618286,5.9684295654296875,54.08025360107422,1.0,1.0,42.0493278503418,18.77499771118164,1.0,4.8350043296813965,1,1.0,1.7841804027557373,1,2.3179800510406494,1.0,2.61675763130188,20.432390213012695,1.0,8.206700325012207,1,1.989470362663269,1.0,1.4634870290756226,1.0,1.0,1.0,6.186186790466309,15.862857818603516,15.540009498596191,12.392480850219727,15.777347564697266,1.4280064105987549,1.0,1.2026065587997437,1.9187849760055542,1,1.0,1.939184308052063,1.0,1.0,2.6738688945770264,1.0,1,1.0,1.0,2.800262451171875,1.5149033069610596,1.0383827686309814,1.0,1.0,1.3160085678100586,1.0,3.903209924697876,1.1955605745315552,2.4546380043029785,5.328420162200928,12.709234237670898,1.0,1.8774744272232056,5.129788875579834,1.0,1,1,1.0,21.308975219726562,7.611073017120361,1.5120751857757568,1.0,3.4308559894561768,1.0,83.07257080078125,11.252034187316895,24.333271026611328,3.1342992782592773,5.266595363616943,1.180384874343872,3.6257898807525635,1.0,1.1051220893859863,1.0,1.0,1.0,2.9803178310394287,1.0,1.6129587888717651,1.0,1.0,1,1,1,1,1,1,1,1.0,1.0286542177200317,1,1,1,1.2651352882385254,1.4988871812820435,1.0,1.0,1.0,1.0,1.8277060985565186,1.0,1,1.6824923753738403,1.0,13.11867618560791,1.0,25.475887298583984,5.918854236602783,30.163673400878906,1.0,13.908683776855469,1.0,1.0,57.51033020019531,1.0,1.0,41.234378814697266,5.625752925872803,1.0,1.0,11.854357719421387,1.4409030675888062,21.802486419677734,3.234807252883911,24.774991989135742,1.0,1.0,9.817115783691406,1.0,1.0,2.9731993675231934,33.851890563964844,3.540858507156372,18.905988693237305,54.81388854980469,25.912586212158203,5.751387596130371,5.662181854248047,2.212918281555176,1.0,150.5806427001953,62.230979919433594,170.98406982421875,48.293521881103516,123.18575286865234,94.13011169433594,57.18634796142578,476.03521728515625,78.94032287597656,58.080387115478516,113.14961242675781,27.97660255432129,61.972633361816406
TEST_09+2일,3.7170770168304443,28.3828182220459,1.2729498147964478,1.0,1.0,1.0,4.019847869873047,1.0,1.6026504039764404,1.0,1.0,1.0,1.0,2.018317461013794,22.816665649414062,1.0,25.502277374267578,1.0,1.0,26.55339813232422,7.670412540435791,1.220160722732544,1.0,1,1.0,1,1,16.258129119873047,8.309197425842285,5.901224613189697,1.9974638223648071,4.314034938812256,1.619837760925293,1.0,1.9861555099487305,5.312028884887695,47.68182373046875,1.0,1.0,20.85882568359375,17.155841827392578,1.0,2.4360358715057373,1,1.0,3.3949809074401855,1,2.0207271575927734,1.0,1.2281566858291626,17.629579544067383,1.0,5.115370273590088,1,1.8038097620010376,1.0,1.007635235786438,1.0,1.0,1.0,6.29581880569458,9.771416664123535,10.682303428649902,15.928107261657715,12.321754455566406,1.0,1.0,1.0,2.2211012840270996,1,1.0,1.0,1.0,1.0,1.0,3.5957608222961426,1,1.0,1.0,1.5511924028396606,1.0,1.0,1.0,1.0,1.0,1.0062851905822754,1.2338522672653198,2.0464088916778564,1.0,2.2403314113616943,17.20807647705078,1.5448054075241089,2.1468870639801025,1.2997881174087524,1.0,1,1,1.0,16.740636825561523,6.761758327484131,1.0,1.0,3.047476291656494,1.0,47.8432731628418,26.618492126464844,14.370550155639648,3.399839401245117,3.548614025115967,1.0,1.457873821258545,1.0,1.0,1.0,1.0,1.0,1.8732541799545288,1.0,1.0,1.0,1.0,1,1,1,1,1,1,1,1.0,1.1104248762130737,1,1,1,1.0,1.0,1.0,1.0,1.0,1.0,1.837597370147705,1.0,1,1.0,1.0,14.894927978515625,1.0,20.2992000579834,29.978803634643555,22.469030380249023,1.0,17.8619327545166,1.0,1.0,53.95425796508789,1.0,1.0,30.995471954345703,7.141775131225586,1.0,1.0,8.2461576461792,1.0,18.587068557739258,3.07033371925354,23.7666072845459,1.0,1.0,7.626746654510498,1.0,1.0,1.0,9.422168731689453,1.0,11.705803871154785,22.68960952758789,44.1928825378418,9.341730117797852,4.584014892578125,8.197957038879395,1.0,144.15269470214844,52.189388275146484,153.63963317871094,47.222042083740234,117.28990173339844,84.3843765258789,54.92975616455078,476.5032958984375,71.20890045166016,63.562374114990234,125.50836181640625,28.96742057800293,62.9613151550293
TEST_09+3일,2.101729393005371,25.671470642089844,1.2593202590942383,1.0,1.0,1.0,7.056096076965332,1.0,1.4555482864379883,1.0,1.0,1.0,1.0,1.0,19.96339988708496,1.0,35.53276824951172,1.0,1.0,10.157269477844238,5.930471420288086,1.6909664869308472,1.0,1,4.675657272338867,1,1,25.715517044067383,7.469788551330566,4.229381084442139,2.7345495223999023,2.1614513397216797,1.0066263675689697,1.0,3.2654478549957275,4.705270767211914,26.407733917236328,1.0,1.0,25.182918548583984,17.016521453857422,1.0,4.912819862365723,1,1.0,2.219248056411743,1,1.8184325695037842,1.0,1.4379267692565918,18.10828399658203,1.0,10.087220191955566,1,1.0,1.0,1.6225547790527344,1.0,1.0,1.0,5.4732346534729,5.455392360687256,5.318908214569092,16.243900299072266,8.450511932373047,1.0,1.0,1.016129493713379,2.989999294281006,1,1.2429143190383911,1.4355976581573486,1.0,1.0,2.288325309753418,3.390903949737549,1,1.0,1.0,1.7929801940917969,1.3956977128982544,1.0,1.0,1.0,1.0,1.4639517068862915,1.0945404767990112,1.3617750406265259,1.1059143543243408,2.8363499641418457,25.42128562927246,1.0,1.083001732826233,1.0,1.0,1,1,1.0,22.763534545898438,2.5142641067504883,1.0,1.0,2.9069266319274902,1.0,24.093198776245117,43.59197235107422,13.14993667602539,3.374051809310913,1.1882990598678589,1.0,1.5931066274642944,1.0,1.0,1.0,1.0,1.0,1.7660372257232666,1.0,1.921251893043518,1.0,1.0,1,1,1,1,1,1,1,1.0,1.656292200088501,1,1,1,1.0,1.0,1.0,1.0,1.0,1.0,1.5239267349243164,1.0,1,1.1088861227035522,1.0,11.774027824401855,1.0,31.342592239379883,65.39522552490234,23.362579345703125,1.0,14.185444831848145,1.0,1.0,60.86713790893555,1.0,1.0,37.38337707519531,2.8427114486694336,1.0,1.0,6.341770172119141,1.0,17.117145538330078,2.3817124366760254,21.80320167541504,1.0,1.0,8.302412033081055,1.0,1.0,1.0,24.72313690185547,1.0,1.6358542442321777,43.224727630615234,31.082616806030273,1.5409713983535767,1.845170021057129,7.787392616271973,7.207921981811523,141.1703643798828,64.31561279296875,165.7184600830078,47.29072189331055,103.89248657226562,90.24191284179688,55.82567596435547,468.6058044433594,69.40445709228516,59.434329986572266,145.6014862060547,31.136577606201172,56.58399963378906
TEST_09+4일,1.023558259010315,41.751853942871094,1.0,1.0,1.0,1.0,11.351688385009766,1.0,1.0,1.0,1.0,1.0,1.0,3.005679130554199,14.740456581115723,1.0,31.76630210876465,1.0,1.0,36.01927185058594,10.472003936767578,1.0,1.0,1,3.706782817840576,1,1,25.208946228027344,11.383232116699219,3.6326100826263428,2.674947500228882,2.7889041900634766,1.0,1.0,2.320298433303833,2.6643118858337402,33.931846618652344,1.0,1.1939961910247803,30.393333435058594,15.450596809387207,1.3971366882324219,1.7902408838272095,1,1.0,1.0,1,1.7193204164505005,1.0,2.6158969402313232,16.17945671081543,1.0,9.053586959838867,1,1.0,1.0,1.7962682247161865,1.7381047010421753,1.0,1.0,9.480588912963867,1.2951478958129883,7.435944080352783,17.496797561645508,7.692569255828857,1.0,1.0,1.0,2.267857074737549,1,1.5180583000183105,1.0,1.0,1.0,2.6077780723571777,1.2660675048828125,1,1.0,1.0,2.6072311401367188,1.0,1.0,1.0,1.0,1.0,1.4519628286361694,1.0,1.9903433322906494,1.0,4.009505748748779,9.218798637390137,1.0289325714111328,1.0,3.395272731781006,1.0,1,1,1.0,21.557437896728516,4.200267314910889,1.0,1.0,4.334756374359131,1.0,16.100671768188477,55.08549880981445,11.170875549316406,1.8247970342636108,2.0973217487335205,1.0,1.8891462087631226,1.0,1.0,1.0,1.0,1.0,1.5394971370697021,1.0,1.0004316568374634,1.0,1.0,1,1,1,1,1,1,1,1.0,2.120614767074585,1,1,1,1.0,1.0274808406829834,1.0,1.0,1.0,1.0,2.7769150733947754,1.0,1,1.0895113945007324,1.0,6.294995307922363,1.0,19.03209114074707,84.35514831542969,16.413959503173828,1.0,10.399239540100098,1.0,1.0,51.566097259521484,1.0,1.0,43.85844802856445,5.098879337310791,1.0,1.7272274494171143,5.451929092407227,1.0,21.232242584228516,4.613633632659912,18.783424377441406,1.0,1.0,6.055913925170898,1.0,1.0,5.116398811340332,25.5914363861084,1.0,12.521170616149902,9.337404251098633,18.291521072387695,3.2122368812561035,1.5559443235397339,2.3631176948547363,1.0,128.73890686035156,53.95585632324219,134.95338439941406,37.608253479003906,99.90230560302734,77.31199645996094,57.645809173583984,457.2512512207031,72.20268249511719,64.11476135253906,121.7804183959961,29.761140823364258,65.72086334228516
TEST_09+5일,1.0,52.903743743896484,1.0,1.6366456747055054,1.0,1.0,11.884049415588379,1.0,1.2013680934906006,1.0,1.0,1.0,1.1024974584579468,6.570258140563965,19.890913009643555,1.0,24.135238647460938,1.0,1.0,40.122501373291016,6.636552333831787,1.0,1.0,1,4.142886161804199,1,1,31.8536319732666,8.620347023010254,3.521956443786621,3.926072835922241,4.241588592529297,1.662109375,1.0,2.047729253768921,2.7650580406188965,44.21858215332031,1.0,1.0,39.55968475341797,19.752992630004883,1.0,5.0910186767578125,1,1.0,2.15126633644104,1,2.818636178970337,1.0,3.294436454772949,13.379143714904785,1.0,5.608094692230225,1,1.533031702041626,1.0,1.0,1.0,1.0,1.0,4.466047286987305,4.954626083374023,1.54935884475708,14.764702796936035,9.539159774780273,1.0,1.0,1.0,1.611344814300537,1,1.0,1.2018202543258667,1.0,1.0,1.0,2.8082242012023926,1,2.1114838123321533,1.0,1.0,1.0,1.0,1.0,1.0,1.0229480266571045,1.7478314638137817,1.0,1.9509824514389038,1.0,5.995575428009033,8.50084114074707,1.0,1.0,3.4033451080322266,1.0,1,1,1.0,12.923430442810059,3.4734017848968506,1.0,1.0,3.9903616905212402,1.0,5.016470432281494,54.68252944946289,9.099970817565918,2.4006500244140625,3.1808435916900635,1.0,2.3657021522521973,1.0,1.0,1.0,1.0,1.0,2.287365198135376,1.1095755100250244,1.0,1.0,1.0,1,1,1,1,1,1,1,1.1889904737472534,2.2565603256225586,1,1,1,1.0,1.0,1.0,1.0,1.0,1.0,3.6883602142333984,1.0,1,2.774791955947876,1.0,5.28741979598999,1.0,19.09565544128418,63.862239837646484,25.96456527709961,1.0,8.384679794311523,1.0,1.0,49.979637145996094,1.0,1.0,37.3801383972168,2.1113219261169434,1.0,3.7786779403686523,11.468806266784668,1.0,16.871883392333984,3.719777822494507,20.697099685668945,1.0,1.0,4.82310152053833,1.0,1.0,1.0,25.76818084716797,2.4768474102020264,11.458396911621094,1.0,1.0,7.119453430175781,2.46917724609375,1.0,1.0,135.21617126464844,56.400047302246094,141.41258239746094,43.28223419189453,110.65156555175781,83.10200500488281,55.41948699951172,470.77801513671875,57.229652404785156,60.666568756103516,121.36805725097656,21.538475036621094,62.57097625732422
TEST_09+6일,3.4603500366210938,38.564208984375,2.2385170459747314,4.092517375946045,1.0,1.0,10.53643798828125,1.0,1.6762267351150513,1.0,1.0,1.0,1.0,8.021965026855469,26.920013427734375,1.4202606678009033,27.68277931213379,1.0,1.0935438871383667,48.55514144897461,7.551450252532959,1.700356364250183,1.0,1,2.572268009185791,1,1,25.279399871826172,8.913228988647461,4.213518142700195,1.4312924146652222,5.347894191741943,3.0776515007019043,1.0,3.392371654510498,2.4605987071990967,54.27845001220703,1.0990517139434814,1.0,38.45822525024414,17.945438385009766,1.0,5.58975076675415,1,1.0,3.199476480484009,1,2.5478250980377197,1.0,2.5447282791137695,17.819416046142578,1.0,6.509075164794922,1,1.2610150575637817,1.0,1.908318042755127,1.3854082822799683,1.0,1.0,5.46729850769043,6.596664905548096,2.8467564582824707,17.751705169677734,10.568873405456543,1.2901999950408936,1.0,1.3354512453079224,1.0,1,1.3056427240371704,3.385427474975586,1.0,1.0,1.1387325525283813,2.7840399742126465,1,1.0,1.0,1.0,1.114356279373169,1.105492115020752,1.0,1.0,1.1825058460235596,1.949221134185791,2.195007801055908,2.032150983810425,1.0,6.023678779602051,30.103233337402344,1.0,1.5860440731048584,5.091991424560547,1.0,1,1,1.0,12.38216495513916,6.1920342445373535,1.0,1.0,4.307858467102051,1.0,8.073925018310547,44.12449645996094,22.76043701171875,4.714243412017822,3.0891001224517822,1.0,2.979276180267334,1.0,1.0,1.0,1.0,1.0,2.30890154838562,1.5117888450622559,1.8050100803375244,1.0,1.0,1,1,1,1,1,1,1,1.0288841724395752,1.753687858581543,1,1,1,3.5781288146972656,1.0,2.9997901916503906,1.0763423442840576,1.0,1.355941891670227,6.926865577697754,1.0,1,5.0125603675842285,1.0,10.144091606140137,1.0,30.864919662475586,75.66329193115234,23.040925979614258,1.0,13.985984802246094,1.0,1.0,56.76700210571289,1.0,1.0,46.65827560424805,1.864894986152649,1.0,3.8514578342437744,8.15615463256836,1.0,22.68326187133789,2.2657339572906494,22.002944946289062,1.0,1.0,6.024251937866211,1.0,1.0,1.0,27.647808074951172,3.937774658203125,1.0,13.53664493560791,29.159690856933594,2.8274359703063965,1.0,4.943784236907959,1.0,126.79913330078125,48.64179992675781,144.87974548339844,37.774295806884766,86.507080078125,79.14903259277344,48.32195281982422,424.3062438964844,60.0776481628418,53.98429870605469,90.69499206542969,20.0937442779541,50.55155944824219
TEST_09+7일,5.332751750946045,10.60545539855957,6.6353044509887695,6.345019817352295,1.269081473350525,1.0,6.683122634887695,1.0,1.5763455629348755,1.0,1.0,1.0,2.8253583908081055,9.826225280761719,34.46565628051758,1.9657011032104492,12.81080150604248,1.0,2.368572950363159,1.6842178106307983,5.959965705871582,1.1861076354980469,1.0,1,3.448625326156616,1,1,16.494504928588867,7.2542948722839355,4.537407398223877,3.052518606185913,6.76699686050415,1.0,1.4711664915084839,3.8686115741729736,3.8606584072113037,66.36515808105469,1.0,1.8100638389587402,45.765838623046875,13.243412017822266,1.473708987236023,2.412257671356201,1,1.0,4.032067775726318,1,1.3084768056869507,1.0,3.1275599002838135,23.11412239074707,1.0,4.994565010070801,1,4.30582332611084,1.0,2.3836684226989746,1.8883883953094482,1.0,1.5055110454559326,7.530722141265869,8.519315719604492,11.941693305969238,20.819580078125,17.287572860717773,2.5099925994873047,1.0,1.3081574440002441,1.719827651977539,1,1.0173295736312866,2.7548129558563232,1.0,1.0,3.056788444519043,2.5449764728546143,1,1.0,1.0,2.7910144329071045,1.0,1.2948479652404785,1.0,1.0,1.0642122030258179,2.272721529006958,1.0064934492111206,3.2791731357574463,1.7352430820465088,7.044111728668213,7.6297783851623535,1.0,3.714001417160034,5.25456428527832,1.1410729885101318,1,1,1.0,13.725184440612793,10.067728996276855,1.5100653171539307,1.0,3.8795149326324463,1.0,66.85454559326172,1.0,12.133307456970215,4.608141899108887,5.061539173126221,1.0253493785858154,3.5776803493499756,1.0,1.0,1.0,1.0,1.0,1.1540488004684448,1.0,2.762476682662964,1.0,1.0,1,1,1,1,1,1,1,1.0,3.2321584224700928,1,1,1,3.1757256984710693,1.529021978378296,3.5054433345794678,2.6834235191345215,1.0,1.3756086826324463,7.2164177894592285,1.1165661811828613,1,5.103419780731201,1.3469102382659912,11.457653999328613,1.0,31.674726486206055,64.58822631835938,26.33014678955078,1.0,14.460576057434082,1.0,1.0,60.378868103027344,1.0,1.0,39.68931579589844,9.809907913208008,1.0,1.0,9.29251766204834,1.0,25.278596878051758,6.790475368499756,21.02242088317871,1.0,1.0,6.382692813873291,1.0,1.0,1.0,20.312150955200195,2.2522051334381104,19.707538604736328,29.397541046142578,11.744084358215332,1.0,2.1376495361328125,1.0,1.0,137.130615234375,60.8373908996582,163.78260803222656,45.81745529174805,103.70484924316406,83.38062286376953,49.74597930908203,477.998779296875,69.92613220214844,60.8467903137207,105.79608154296875,24.764833450317383,57.916954040527344
