영업일자,느티나무 셀프BBQ_1인 수저세트,느티나무 셀프BBQ_BBQ55(단체),"느티나무 셀프BBQ_대여료 30,000원","느티나무 셀프BBQ_대여료 60,000원","느티나무 셀프BBQ_대여료 90,000원","느티나무 셀프BBQ_본삼겹 (단품,실내)",느티나무 셀프BBQ_스프라이트 (단체),느티나무 셀프BBQ_신라면,느티나무 셀프BBQ_쌈야채세트,느티나무 셀프BBQ_쌈장,느티나무 셀프BBQ_육개장 사발면,느티나무 셀프BBQ_일회용 소주컵,느티나무 셀프BBQ_일회용 종이컵,느티나무 셀프BBQ_잔디그늘집 대여료 (12인석),느티나무 셀프BBQ_잔디그늘집 대여료 (6인석),느티나무 셀프BBQ_잔디그늘집 의자 추가,느티나무 셀프BBQ_참이슬 (단체),느티나무 셀프BBQ_친환경 접시 14cm,느티나무 셀프BBQ_친환경 접시 23cm,느티나무 셀프BBQ_카스 병(단체),느티나무 셀프BBQ_콜라 (단체),느티나무 셀프BBQ_햇반,느티나무 셀프BBQ_허브솔트,담하_(단체) 공깃밥,담하_(단체) 생목살 김치전골 2.0,담하_(단체) 은이버섯 갈비탕,담하_(단체) 한우 우거지 국밥,담하_(단체) 황태해장국 3/27까지,담하_(정식) 된장찌개,담하_(정식) 물냉면 ,담하_(정식) 비빔냉면,담하_(후식) 된장찌개,담하_(후식) 물냉면,담하_(후식) 비빔냉면,담하_갑오징어 비빔밥,담하_갱시기,담하_공깃밥,담하_꼬막 비빔밥,담하_느린마을 막걸리,담하_담하 한우 불고기,담하_담하 한우 불고기 정식,담하_더덕 한우 지짐,담하_들깨 양지탕,담하_라면사리,담하_룸 이용료,담하_메밀면 사리,담하_명인안동소주,담하_명태회 비빔냉면,담하_문막 복분자 칵테일,담하_봉평메밀 물냉면,담하_생목살 김치찌개,담하_스프라이트,담하_은이버섯 갈비탕,담하_제로콜라,담하_참이슬,담하_처음처럼,담하_카스,담하_콜라,담하_테라,담하_하동 매실 칵테일,담하_한우 떡갈비 정식,담하_한우 미역국 정식,담하_한우 우거지 국밥,담하_한우 차돌박이 된장찌개,담하_황태해장국,라그로타_AUS (200g),라그로타_G-Charge(3),라그로타_Gls.Sileni,라그로타_Gls.미션 서드,라그로타_Open Food,라그로타_그릴드 비프 샐러드,라그로타_까르보나라,라그로타_모둠 해산물 플래터,라그로타_미션 서드 카베르네 쉬라,라그로타_버섯 크림 리조또,라그로타_빵 추가 (1인),라그로타_스프라이트,라그로타_시저 샐러드 ,라그로타_아메리카노,라그로타_알리오 에 올리오 ,라그로타_양갈비 (4ps),라그로타_자몽리치에이드,라그로타_제로콜라,라그로타_카스,라그로타_콜라,라그로타_하이네켄(생),라그로타_한우 (200g),라그로타_해산물 토마토 리조또,라그로타_해산물 토마토 스튜 파스타,라그로타_해산물 토마토 스파게티,"미라시아_(단체)브런치주중 36,000",미라시아_(오븐) 하와이안 쉬림프 피자,미라시아_(화덕) 불고기 페퍼로니 반반피자,미라시아_BBQ Platter,미라시아_BBQ 고기추가,미라시아_공깃밥,미라시아_글라스와인 (레드),미라시아_레인보우칵테일(알코올),미라시아_미라시아 브런치 (패키지),미라시아_버드와이저(무제한),미라시아_보일링 랍스타 플래터,미라시아_보일링 랍스타 플래터(덜매운맛),미라시아_브런치 2인 패키지 ,미라시아_브런치 4인 패키지 ,미라시아_브런치(대인) 주말,미라시아_브런치(대인) 주중,미라시아_브런치(어린이),미라시아_쉬림프 투움바 파스타,미라시아_스텔라(무제한),미라시아_스프라이트,미라시아_애플망고 에이드,미라시아_얼그레이 하이볼,미라시아_오븐구이 윙과 킬바사소세지,미라시아_유자 하이볼,미라시아_잭 애플 토닉,미라시아_칠리 치즈 프라이,미라시아_코카콜라,미라시아_코카콜라(제로),미라시아_콥 샐러드,미라시아_파스타면 추가(150g),미라시아_핑크레몬에이드,연회장_Cass Beer,연회장_Conference L1,연회장_Conference L2,연회장_Conference L3,연회장_Conference M1,연회장_Conference M8,연회장_Conference M9,연회장_Convention Hall,연회장_Cookie Platter,연회장_Grand Ballroom,연회장_OPUS 2,연회장_Regular Coffee,연회장_골뱅이무침,연회장_공깃밥,연회장_돈목살 김치찌개 (밥포함),연회장_로제 치즈떡볶이,연회장_마라샹궈,연회장_매콤 무뼈닭발&계란찜,연회장_모둠 돈육구이(3인),연회장_삼겹살추가 (200g),연회장_야채추가,연회장_왕갈비치킨,연회장_주먹밥 (2ea),카페테리아_공깃밥(추가),카페테리아_구슬아이스크림,카페테리아_단체식 13000(신),카페테리아_단체식 18000(신),카페테리아_돼지고기 김치찌개,카페테리아_복숭아 아이스티,카페테리아_새우 볶음밥,카페테리아_새우튀김 우동,카페테리아_샷 추가,카페테리아_수제 등심 돈까스,카페테리아_아메리카노(HOT),카페테리아_아메리카노(ICE),카페테리아_약 고추장 돌솥비빔밥,카페테리아_어린이 돈까스,카페테리아_오픈푸드,카페테리아_진사골 설렁탕,카페테리아_짜장면,카페테리아_짜장밥,카페테리아_짬뽕,카페테리아_짬뽕밥,카페테리아_치즈돈까스,카페테리아_카페라떼(HOT),카페테리아_카페라떼(ICE),카페테리아_한상 삼겹구이 정식(2인) 소요시간 약 15~20분,포레스트릿_꼬치어묵,포레스트릿_떡볶이,포레스트릿_복숭아 아이스티,포레스트릿_생수,포레스트릿_스프라이트,포레스트릿_아메리카노(HOT),포레스트릿_아메리카노(ICE),포레스트릿_치즈 핫도그,포레스트릿_카페라떼(HOT),포레스트릿_카페라떼(ICE),포레스트릿_코카콜라,포레스트릿_페스츄리 소시지,화담숲주막_느린마을 막걸리,화담숲주막_단호박 식혜 ,화담숲주막_병천순대,화담숲주막_스프라이트,화담숲주막_참살이 막걸리,화담숲주막_찹쌀식혜,화담숲주막_콜라,화담숲주막_해물파전,화담숲카페_메밀미숫가루,화담숲카페_아메리카노 HOT,화담숲카페_아메리카노 ICE,화담숲카페_카페라떼 ICE,화담숲카페_현미뻥스크림
TEST_00+1일,15.837484359741211,53.695152282714844,12.29704475402832,7.368955612182617,1.8031165599822998,2.7525153160095215,19.828720092773438,4.089544296264648,3.844003200531006,1.0,1.798312783241272,1.7582831382751465,3.679473876953125,4.278342247009277,28.728696823120117,1.0,54.05337905883789,1.9184551239013672,2.1550443172454834,67.05453491210938,23.87531089782715,3.465735912322998,1.9185254573822021,1.167889952659607,32.2934455871582,22.183473587036133,1.0,103.0971908569336,20.03963851928711,9.267921447753906,7.236577987670898,9.768787384033203,5.696468353271484,3.6799378395080566,6.960871696472168,6.931471824645996,71.4275894165039,12.563292503356934,3.770254611968994,66.91101837158203,40.793846130371094,3.5434365272521973,11.783502578735352,2.7189226150512695,1.732867956161499,7.911397933959961,1.0,8.361586570739746,1.786115050315857,7.942789554595947,31.68440055847168,1.732867956161499,16.72439956665039,1.732867956161499,7.1549296379089355,1.8171310424804688,3.6988232135772705,3.465735912322998,3.633578062057495,1.808985710144043,25.591266632080078,13.526972770690918,24.101551055908203,25.845735549926758,19.577619552612305,7.50520658493042,1.732867956161499,3.5515899658203125,7.2797369956970215,1.732867956161499,5.538751602172852,10.199115753173828,1.732867956161499,1.9015710353851318,8.5039701461792,10.556624412536621,1.8347783088684082,3.888136386871338,1.9278717041015625,8.809263229370117,2.1497278213500977,3.7449951171875,1.7711888551712036,2.1432137489318848,3.6695728302001953,5.749727725982666,5.571191310882568,5.362753391265869,5.932005405426025,12.831323623657227,85.17488098144531,3.7039973735809326,6.274643898010254,20.729219436645508,1.732867956161499,1.0,1.732867956161499,1.755070686340332,56.9107551574707,15.298951148986816,3.710474967956543,1.732867956161499,16.123376846313477,1.502077579498291,100.94203186035156,102.05574798583984,37.49995422363281,10.075709342956543,9.363303184509277,3.634524345397949,8.680414199829102,3.5380239486694336,3.7807881832122803,1.8715317249298096,1.732867956161499,1.8958368301391602,5.700908184051514,3.675107002258301,5.654223442077637,1.8465003967285156,3.465735912322998,13.172418594360352,1.5452736616134644,1.725160837173462,1.3887109756469727,1.5213693380355835,1.052062749862671,1.7174546718597412,2.0018386840820312,7.794888496398926,1.6320468187332153,1.388704776763916,16.101404190063477,8.869956016540527,3.514573335647583,8.886219024658203,5.335233211517334,1.0,3.6348748207092285,16.272146224975586,1.0,1.732867956161499,5.07828950881958,3.465735912322998,71.78040313720703,69.3147201538086,84.52838897705078,92.97271728515625,96.52732849121094,45.0545654296875,54.8924446105957,76.2461929321289,3.0325188636779785,187.11395263671875,74.51332092285156,82.31122589111328,85.86553192138672,35.8366584777832,1.732867956161499,1.0,81.55699157714844,10.457261085510254,53.122501373291016,29.43696403503418,99.84380340576172,49.81995391845703,17.32868003845215,14.91555118560791,506.26202392578125,390.6485290527344,100.07312774658203,261.7136535644531,53.71890640258789,109.17068481445312,121.96173095703125,205.3733673095703,49.81995391845703,19.061548233032227,130.9047088623047,101.37277221679688,57.17472839355469,37.467689514160156,68.49980163574219,24.991622924804688,47.57988739013672,49.869876861572266,28.451026916503906,199.35586547851562,54.71733474731445,37.135948181152344,92.75646209716797,22.19011688232422,35.14002227783203
TEST_00+2일,15.831111907958984,53.511070251464844,12.29633903503418,7.369353771209717,1.8033490180969238,2.6934051513671875,19.829111099243164,4.062624454498291,3.8481454849243164,1.0,1.7900079488754272,1.758318543434143,3.679661512374878,4.374515533447266,28.742755889892578,1.0,54.06023406982422,1.9180383682250977,2.1636290550231934,67.10665893554688,23.876914978027344,3.465735912322998,1.9187543392181396,1.1399755477905273,32.28824234008789,22.55583381652832,1.0,103.09255981445312,20.035654067993164,9.267141342163086,7.237078666687012,9.768717765808105,5.696334362030029,3.680219888687134,6.9608659744262695,6.931471824645996,71.42903137207031,12.563292503356934,3.769819736480713,66.91166687011719,40.78540802001953,3.5428342819213867,11.783502578735352,2.728769540786743,1.732867956161499,7.911587715148926,1.0,8.36179256439209,1.7847073078155518,7.941042900085449,31.685386657714844,1.732867956161499,16.723613739013672,1.732867956161499,7.155036926269531,1.8346418142318726,3.6994786262512207,3.465735912322998,3.632938861846924,1.8051058053970337,25.591520309448242,13.52610969543457,24.101688385009766,25.846960067749023,19.576641082763672,7.5034661293029785,1.732867956161499,3.5515224933624268,7.280081748962402,1.732867956161499,5.542054176330566,10.197636604309082,1.732867956161499,1.9002925157546997,8.505115509033203,10.55671501159668,1.8430728912353516,3.889925241470337,1.9525949954986572,8.809871673583984,2.1422996520996094,3.7451207637786865,1.7678234577178955,2.145822286605835,3.670114040374756,5.75024938583374,5.570700645446777,5.362735748291016,5.93326473236084,12.830423355102539,84.07978820800781,3.7039496898651123,6.2752180099487305,20.729232788085938,1.732867956161499,1.0,1.732867956161499,1.7550967931747437,56.909664154052734,15.299670219421387,3.7105000019073486,1.732867956161499,16.120798110961914,1.502201795578003,100.3703384399414,101.97001647949219,37.49613571166992,10.075568199157715,9.364235877990723,3.634194850921631,8.68055534362793,3.538090229034424,3.7808072566986084,1.8663742542266846,1.732867956161499,1.8932371139526367,5.700690269470215,3.67497181892395,5.654745578765869,1.8439425230026245,3.465735912322998,13.050395011901855,1.5450173616409302,1.7248964309692383,1.388711929321289,1.5212491750717163,1.0184566974639893,1.7171337604522705,2.0017433166503906,7.7968597412109375,1.6315643787384033,1.388702154159546,17.799182891845703,8.870108604431152,3.511899948120117,8.886497497558594,5.335071086883545,1.0,3.635641098022461,16.272411346435547,1.0,1.732867956161499,5.078380584716797,3.465735912322998,71.78034973144531,69.3147201538086,85.14887237548828,92.98985290527344,96.52578735351562,45.0545654296875,54.89268112182617,76.2461929321289,3.0325188636779785,187.11105346679688,74.51332092285156,82.31122589111328,85.86600494384766,35.836830139160156,1.732867956161499,1.0,81.55696868896484,10.457275390625,53.12366485595703,29.43702507019043,99.84232330322266,49.81995391845703,17.32868003845215,14.913383483886719,506.2615966796875,390.6471862792969,100.07312774658203,261.7143249511719,53.71890640258789,109.17068481445312,121.96174621582031,205.37318420410156,49.81995391845703,19.061548233032227,130.9049835205078,101.37277221679688,57.1551628112793,37.44019317626953,68.51300048828125,25.021577835083008,47.53965759277344,49.77042770385742,28.419904708862305,199.08937072753906,54.769630432128906,37.14134216308594,92.78430938720703,22.1829776763916,34.993831634521484
TEST_00+3일,15.834917068481445,53.443050384521484,12.299439430236816,7.370804786682129,1.8031173944473267,2.799441337585449,19.82763671875,4.214483261108398,3.839733123779297,1.0,1.7897138595581055,1.7581710815429688,3.6797738075256348,4.335308074951172,28.800979614257812,1.0,54.05034637451172,1.9186041355133057,2.171808958053589,67.05621337890625,23.875213623046875,3.465735912322998,1.9191694259643555,1.132138729095459,32.28513717651367,22.235910415649414,1.0,103.03546905517578,20.03792381286621,9.267197608947754,7.236823081970215,9.76790714263916,5.696115016937256,3.6791210174560547,6.960834503173828,6.931471824645996,71.42711639404297,12.563292503356934,3.769996404647827,66.90763854980469,40.792938232421875,3.543234348297119,11.783502578735352,2.833245038986206,1.732867956161499,7.911559581756592,1.0,8.360177993774414,1.788169264793396,7.94103479385376,31.683359146118164,1.732867956161499,16.724451065063477,1.732867956161499,7.155045986175537,1.8194284439086914,3.699960947036743,3.465735912322998,3.6337461471557617,1.80746328830719,25.591768264770508,13.526942253112793,24.1019229888916,25.847900390625,19.576671600341797,7.50301456451416,1.732867956161499,3.5514533519744873,7.280137538909912,1.732867956161499,5.5416975021362305,10.197504043579102,1.732867956161499,1.9001649618148804,8.501582145690918,10.556718826293945,1.8504269123077393,3.888625144958496,1.9412455558776855,8.814163208007812,2.139678955078125,3.74513840675354,1.761011004447937,2.16607403755188,3.6704330444335938,5.7518815994262695,5.5706353187561035,5.3628339767456055,5.929149150848389,12.830737113952637,84.65878295898438,3.703871965408325,6.275157928466797,20.729333877563477,1.732867956161499,1.0,1.732867956161499,1.7549467086791992,56.912078857421875,15.299849510192871,3.7109293937683105,1.732867956161499,16.119749069213867,1.5020891427993774,100.0172348022461,102.00347137451172,37.487850189208984,10.075427055358887,9.363475799560547,3.6333343982696533,8.681209564208984,3.53834867477417,3.7803573608398438,1.864945888519287,1.732867956161499,1.8969060182571411,5.700691223144531,3.675814151763916,5.655627250671387,1.8479282855987549,3.465735912322998,12.914937019348145,1.5453511476516724,1.725386142730713,1.3887169361114502,1.5214345455169678,1.0514596700668335,1.7171491384506226,2.001530170440674,7.795156478881836,1.63224458694458,1.3887016773223877,18.469112396240234,8.869865417480469,3.512942314147949,8.88642406463623,5.335206985473633,1.0,3.635692834854126,16.273372650146484,1.0,1.732867956161499,5.078424453735352,3.465735912322998,71.78056335449219,69.3147201538086,84.22844696044922,92.96527099609375,96.52564239501953,45.0545654296875,54.892333984375,76.2461929321289,3.0325188636779785,187.1150665283203,74.51332092285156,82.31122589111328,85.86749267578125,35.83712387084961,1.732867956161499,1.0,81.55827331542969,10.457254409790039,53.12250900268555,29.43680763244629,99.84182739257812,49.81995391845703,17.32868003845215,14.914552688598633,506.2615966796875,390.6475830078125,100.07312774658203,261.7143859863281,53.71890640258789,109.17068481445312,121.96198272705078,205.37339782714844,49.81995391845703,19.061548233032227,130.9048309326172,101.37277221679688,57.21315383911133,37.416893005371094,68.45149993896484,25.00845718383789,47.50474166870117,49.846343994140625,28.401893615722656,198.68905639648438,54.85699462890625,37.18028259277344,92.74092102050781,22.166519165039062,34.94515609741211
TEST_00+4일,15.829988479614258,53.3621711730957,12.297628402709961,7.370432376861572,1.8028812408447266,2.7934157848358154,19.827194213867188,4.233428955078125,3.8375985622406006,1.0,1.7917429208755493,1.7583072185516357,3.6796727180480957,4.566744804382324,28.748098373413086,1.0,54.01484680175781,1.9178194999694824,2.1298575401306152,67.03857421875,23.875524520874023,3.465735912322998,1.919779658317566,1.1502141952514648,32.27950668334961,21.34926414489746,1.0,103.10218811035156,20.03769302368164,9.26689624786377,7.2362470626831055,9.76773738861084,5.697415351867676,3.679403066635132,6.960887432098389,6.931471824645996,71.42635345458984,12.563292503356934,3.77003812789917,66.9136734008789,40.79380798339844,3.543287754058838,11.783502578735352,2.772469997406006,1.732867956161499,7.911623001098633,1.0,8.363064765930176,1.7836253643035889,7.941039085388184,31.68483543395996,1.732867956161499,16.72345542907715,1.732867956161499,7.155111312866211,1.819959282875061,3.69956374168396,3.465735912322998,3.633883476257324,1.8063806295394897,25.59239387512207,13.526241302490234,24.09990692138672,25.8477840423584,19.576995849609375,7.505627632141113,1.732867956161499,3.55161452293396,7.279664993286133,1.732867956161499,5.542301654815674,10.20105266571045,1.732867956161499,1.9005675315856934,8.503582000732422,10.556344985961914,1.8446089029312134,3.8895621299743652,1.9503331184387207,8.813538551330566,2.152456283569336,3.7454748153686523,1.7593790292739868,2.1828927993774414,3.669881820678711,5.752054214477539,5.571170330047607,5.362783908843994,5.929723262786865,12.83069896697998,82.75675201416016,3.704472064971924,6.274223327636719,20.730159759521484,1.732867956161499,1.0,1.732867956161499,1.7549283504486084,56.910213470458984,15.301228523254395,3.711076259613037,1.732867956161499,16.119596481323242,1.5020767450332642,101.03697204589844,102.03070831298828,37.48579788208008,10.075605392456055,9.363255500793457,3.6339213848114014,8.680290222167969,3.5382423400878906,3.7805676460266113,1.8967430591583252,1.732867956161499,1.8929026126861572,5.700953483581543,3.6751890182495117,5.654036521911621,1.8448013067245483,3.465735912322998,12.945147514343262,1.545041799545288,1.7250596284866333,1.3887193202972412,1.5220046043395996,1.0373437404632568,1.7168691158294678,2.0015358924865723,7.795172691345215,1.632417917251587,1.388702392578125,17.47262191772461,8.870010375976562,3.517493724822998,8.886046409606934,5.335186004638672,1.0,3.6348342895507812,16.272279739379883,1.0,1.732867956161499,5.077914237976074,3.465735912322998,71.78024291992188,69.3147201538086,83.9365234375,92.96780395507812,96.52660369873047,45.0545654296875,54.89257049560547,76.2461929321289,3.0325188636779785,187.11439514160156,74.51332092285156,82.31122589111328,85.86769104003906,35.83686447143555,1.732867956161499,1.0,81.55630493164062,10.45723819732666,53.12422180175781,29.43651580810547,99.8425064086914,49.81995391845703,17.32868003845215,14.91434097290039,506.26202392578125,390.6475830078125,100.07312774658203,261.7143249511719,53.71890640258789,109.17068481445312,121.96208953857422,205.37339782714844,49.81995391845703,19.061548233032227,130.90480041503906,101.37277221679688,57.0793571472168,37.420448303222656,68.42164611816406,24.996315002441406,47.51780700683594,49.762733459472656,28.416643142700195,198.81581115722656,54.992431640625,37.149620056152344,92.76150512695312,22.156417846679688,34.92546844482422
TEST_00+5일,15.824183464050293,53.53666305541992,12.296405792236328,7.370213985443115,1.8031723499298096,2.660747528076172,19.829219818115234,4.134251594543457,3.8348257541656494,1.0,1.7913713455200195,1.7582911252975464,3.6798248291015625,4.28897762298584,28.77680015563965,1.0,54.05718994140625,1.9187904596328735,2.2133960723876953,67.06898498535156,23.875228881835938,3.465735912322998,1.9204483032226562,1.1841133832931519,32.269222259521484,22.32655143737793,1.0,103.10111999511719,20.03692054748535,9.267777442932129,7.236870765686035,9.768755912780762,5.696539878845215,3.680312395095825,6.960849761962891,6.931471824645996,71.42975616455078,12.563292503356934,3.769341468811035,66.91059112548828,40.7926025390625,3.54296875,11.783502578735352,2.7413907051086426,1.732867956161499,7.911118984222412,1.0,8.3606595993042,1.7871513366699219,7.942165374755859,31.684803009033203,1.732867956161499,16.724332809448242,1.732867956161499,7.154969215393066,1.8210505247116089,3.700702428817749,3.465735912322998,3.6332554817199707,1.809207797050476,25.5918025970459,13.524568557739258,24.10416603088379,25.846975326538086,19.577625274658203,7.506320953369141,1.732867956161499,3.5515599250793457,7.279972076416016,1.732867956161499,5.5409746170043945,10.202408790588379,1.732867956161499,1.8997888565063477,8.504755020141602,10.55649471282959,1.8403332233428955,3.890552520751953,1.948699951171875,8.812124252319336,2.1370341777801514,3.7464287281036377,1.7596609592437744,2.1609034538269043,3.6708436012268066,5.749454498291016,5.571917533874512,5.362741947174072,5.930206775665283,12.830496788024902,82.40634155273438,3.7040293216705322,6.2744140625,20.72900390625,1.732867956161499,1.0,1.732867956161499,1.7549662590026855,56.910987854003906,15.299457550048828,3.7103936672210693,1.732867956161499,16.12006378173828,1.5022460222244263,100.2125244140625,101.99958038330078,37.49492263793945,10.075871467590332,9.36461067199707,3.6339540481567383,8.680933952331543,3.5381526947021484,3.780609130859375,1.8781267404556274,1.732867956161499,1.8952889442443848,5.700850009918213,3.674842357635498,5.654951095581055,1.8428692817687988,3.465735912322998,12.613626480102539,1.5450005531311035,1.7250306606292725,1.3887183666229248,1.5215377807617188,1.052935004234314,1.7174179553985596,2.0017478466033936,7.794954299926758,1.6324031352996826,1.388709306716919,17.195756912231445,8.869745254516602,3.5120649337768555,8.886201858520508,5.335157871246338,1.0,3.6354122161865234,16.272397994995117,1.0,1.732867956161499,5.079257965087891,3.465735912322998,71.77996826171875,69.3147201538086,85.16555786132812,93.0345458984375,96.52483367919922,45.0545654296875,54.89262771606445,76.2461929321289,3.0325188636779785,187.11288452148438,74.51332092285156,82.31122589111328,85.86746215820312,35.83718490600586,1.732867956161499,1.0,81.557861328125,10.457365036010742,53.122867584228516,29.43671226501465,99.8431167602539,49.81995391845703,17.32868003845215,14.913996696472168,506.26116943359375,390.64752197265625,100.07312774658203,261.71527099609375,53.71890640258789,109.17068481445312,121.96185302734375,205.37339782714844,49.81995391845703,19.061548233032227,130.9053955078125,101.37277221679688,57.07017517089844,37.399566650390625,68.41405487060547,24.992456436157227,47.498653411865234,49.774269104003906,28.39920997619629,198.66270446777344,55.14017105102539,37.140464782714844,92.70964050292969,22.17133140563965,34.90127182006836
TEST_00+6일,15.825080871582031,53.469505310058594,12.300976753234863,7.37047004699707,1.8027102947235107,2.807516574859619,19.828758239746094,4.294503211975098,3.8338584899902344,1.0,1.7924463748931885,1.75819993019104,3.679173469543457,4.2793378829956055,28.779584884643555,1.0,54.042362213134766,1.9183529615402222,2.1532657146453857,67.049560546875,23.875688552856445,3.465735912322998,1.9199039936065674,1.123971939086914,32.22572708129883,22.045068740844727,1.0,103.08094787597656,20.03908348083496,9.265985488891602,7.23661470413208,9.767763137817383,5.696561813354492,3.680219888687134,6.9608635902404785,6.931471824645996,71.42913818359375,12.563292503356934,3.769345283508301,66.9098892211914,40.78500747680664,3.5432333946228027,11.783502578735352,2.661072015762329,1.732867956161499,7.911556720733643,1.0,8.361526489257812,1.7849886417388916,7.942041397094727,31.685060501098633,1.732867956161499,16.72423553466797,1.732867956161499,7.155022621154785,1.8099913597106934,3.701516628265381,3.465735912322998,3.633000612258911,1.812397837638855,25.592403411865234,13.528223037719727,24.101337432861328,25.846525192260742,19.5787296295166,7.504650115966797,1.732867956161499,3.5515854358673096,7.280172348022461,1.732867956161499,5.539027690887451,10.199417114257812,1.732867956161499,1.9001543521881104,8.503473281860352,10.556303024291992,1.8456416130065918,3.8906288146972656,1.9255030155181885,8.813612937927246,2.1392006874084473,3.745147943496704,1.7620291709899902,2.1606438159942627,3.670067310333252,5.752444744110107,5.571840286254883,5.362789154052734,5.930130481719971,12.831148147583008,83.4666748046875,3.704007863998413,6.274909496307373,20.72879981994629,1.732867956161499,1.0,1.732867956161499,1.7549484968185425,56.913944244384766,15.299917221069336,3.7121188640594482,1.732867956161499,16.119842529296875,1.502016544342041,100.22520446777344,102.00929260253906,37.49154281616211,10.075457572937012,9.364773750305176,3.6339917182922363,8.681199073791504,3.538147211074829,3.780989170074463,1.8817996978759766,1.732867956161499,1.8930834531784058,5.700991630554199,3.6751456260681152,5.654622554779053,1.84428071975708,3.465735912322998,13.380051612854004,1.5454140901565552,1.7253981828689575,1.388716697692871,1.5212106704711914,1.0393987894058228,1.7171156406402588,2.0016489028930664,7.7952470779418945,1.6320143938064575,1.3886995315551758,18.130603790283203,8.87022876739502,3.517641067504883,8.886260032653809,5.335308074951172,1.0,3.635171890258789,16.27327537536621,1.0,1.732867956161499,5.078496932983398,3.465735912322998,71.77982330322266,69.3147201538086,84.88565826416016,92.9966812133789,96.52508544921875,45.0545654296875,54.89170455932617,76.2461929321289,3.0325188636779785,187.11451721191406,74.51332092285156,82.31122589111328,85.8663330078125,35.837188720703125,1.732867956161499,1.0,81.55654907226562,10.457342147827148,53.12279510498047,29.43696403503418,99.84247589111328,49.81995391845703,17.32868003845215,14.914311408996582,506.2629089355469,390.64752197265625,100.07312774658203,261.7157287597656,53.71890640258789,109.17068481445312,121.96210479736328,205.373291015625,49.81995391845703,19.061548233032227,130.905029296875,101.37277221679688,57.066890716552734,37.4063720703125,68.4194564819336,24.97933578491211,47.495426177978516,49.77964401245117,28.40848731994629,198.55142211914062,55.79846954345703,37.14702224731445,92.75334930419922,22.193321228027344,34.90034866333008
TEST_00+7일,15.829629898071289,53.316707611083984,12.2967529296875,7.3698930740356445,1.8028284311294556,2.7831218242645264,19.830747604370117,4.263485431671143,3.8464462757110596,1.0,1.794590950012207,1.7584619522094727,3.679567575454712,4.1166205406188965,28.855709075927734,1.0,54.02684783935547,1.918454885482788,2.1565487384796143,67.06269836425781,23.876089096069336,3.465735912322998,1.9203554391860962,1.1632786989212036,32.27946472167969,23.161014556884766,1.0,103.0614013671875,20.03676414489746,9.267317771911621,7.236527442932129,9.76773452758789,5.696831226348877,3.680114269256592,6.960873126983643,6.931471824645996,71.4294204711914,12.563292503356934,3.769944906234741,66.91105651855469,40.79659652709961,3.5426979064941406,11.783502578735352,2.6717259883880615,1.732867956161499,7.911653995513916,1.0,8.361919403076172,1.7827818393707275,7.941456317901611,31.685169219970703,1.732867956161499,16.723636627197266,1.732867956161499,7.15503454208374,1.8183672428131104,3.6995811462402344,3.465735912322998,3.6331069469451904,1.8097590208053589,25.591995239257812,13.525662422180176,24.102012634277344,25.845273971557617,19.577001571655273,7.505345821380615,1.732867956161499,3.5515198707580566,7.280126094818115,1.732867956161499,5.540157794952393,10.197118759155273,1.732867956161499,1.8992376327514648,8.501872062683105,10.556724548339844,1.8420143127441406,3.889927387237549,1.9370899200439453,8.813125610351562,2.141554355621338,3.7451698780059814,1.7645165920257568,2.155477285385132,3.6715660095214844,5.751898765563965,5.572675704956055,5.362630844116211,5.927641868591309,12.830109596252441,83.50434112548828,3.7037503719329834,6.274075031280518,20.7296085357666,1.732867956161499,1.0,1.732867956161499,1.754992127418518,56.918006896972656,15.299249649047852,3.7108705043792725,1.732867956161499,16.11989974975586,1.5021045207977295,100.88113403320312,101.9936752319336,37.48080062866211,10.075626373291016,9.363682746887207,3.634105920791626,8.680429458618164,3.5381932258605957,3.780359983444214,1.9154356718063354,1.732867956161499,1.9027538299560547,5.701103210449219,3.6748173236846924,5.65371561050415,1.84182870388031,3.465735912322998,12.976882934570312,1.5449966192245483,1.7252496480941772,1.388709545135498,1.5212059020996094,1.029523253440857,1.7172845602035522,2.0016071796417236,7.795444488525391,1.6319856643676758,1.3887038230895996,17.35112190246582,8.869912147521973,3.511164426803589,8.886789321899414,5.335154056549072,1.0,3.63485050201416,16.27278709411621,1.0,1.732867956161499,5.078169345855713,3.465735912322998,71.78141784667969,69.3147201538086,84.40361785888672,92.970703125,96.52752685546875,45.0545654296875,54.891395568847656,76.2461929321289,3.0325188636779785,187.11708068847656,74.51332092285156,82.31122589111328,85.8669204711914,35.83745574951172,1.732867956161499,1.0,81.5572738647461,10.457274436950684,53.122467041015625,29.43674659729004,99.8424301147461,49.81995391845703,17.32868003845215,14.9140625,506.2616882324219,390.6475830078125,100.07312774658203,261.7149353027344,53.71890640258789,109.17068481445312,121.96206665039062,205.373291015625,49.81995391845703,19.061548233032227,130.90525817871094,101.37277221679688,57.09169006347656,37.4165153503418,68.4434585571289,24.991106033325195,47.50044631958008,49.75391387939453,28.41217041015625,198.7155303955078,55.66108322143555,37.14352798461914,92.74356842041016,22.179147720336914,34.91064453125
TEST_01+1일,14.840652465820312,51.98603820800781,13.105093002319336,7.291961193084717,1.8649911880493164,3.05120849609375,19.125308990478516,3.1535606384277344,4.041300296783447,1.0,2.018214702606201,1.732867956161499,3.555978298187256,3.7752647399902344,28.428911209106445,1.5533971786499023,53.71890640258789,1.7672823667526245,2.1099889278411865,65.84898376464844,23.826934814453125,3.706536054611206,1.767761468887329,1.0,1.0,1.0,1.0,91.12837982177734,19.32575035095215,9.476611137390137,7.243893146514893,10.789152145385742,5.969509124755859,3.8583457469940186,7.076025485992432,6.931471824645996,75.52415466308594,12.563292503356934,3.795651435852051,70.56092834472656,40.33519744873047,3.6320960521698,11.783502578735352,1.732867956161499,1.732867956161499,8.100608825683594,1.0387310981750488,8.476054191589355,2.0163521766662598,8.732516288757324,31.34067153930664,2.1398303508758545,16.5521240234375,1.8058480024337769,7.699965476989746,2.077850103378296,3.952737808227539,3.6412596702575684,3.7086386680603027,1.9315446615219116,26.364892959594727,13.908805847167969,24.60493278503418,25.71785545349121,19.983901977539062,7.345410346984863,1.732867956161499,3.9738593101501465,7.756906032562256,1.732867956161499,5.503114223480225,9.357486724853516,1.9027540683746338,1.732867956161499,8.263481140136719,10.584012985229492,1.732867956161499,3.8744897842407227,1.732867956161499,8.198006629943848,2.220168352127075,3.81856107711792,2.3579599857330322,2.5298309326171875,3.5802671909332275,5.59820032119751,5.402884483337402,5.438257217407227,5.8058037757873535,12.691322326660156,70.61437225341797,3.823866367340088,6.625705718994141,21.197689056396484,1.8547581434249878,1.4282469749450684,1.732867956161499,1.7973400354385376,58.126861572265625,15.510574340820312,3.7277884483337402,1.970637559890747,16.879335403442383,1.5440266132354736,97.93384552001953,91.83757781982422,42.117515563964844,10.058110237121582,9.55998706817627,3.6193573474884033,8.98807430267334,3.495953321456909,3.8293516635894775,1.7527172565460205,1.8066989183425903,1.9641945362091064,6.34219217300415,3.784306526184082,5.638866901397705,2.0949087142944336,3.465735912322998,1.0,1.3862943649291992,1.4714707136154175,1.3862943649291992,1.3862943649291992,1.0,1.3862943649291992,1.7725765705108643,7.148098468780518,1.422276496887207,1.3862943649291992,10.60258960723877,9.65709114074707,4.024049758911133,9.407474517822266,5.604668617248535,1.3256598711013794,3.9232101440429688,17.711557388305664,1.298133373260498,2.367016315460205,5.815223217010498,3.847236156463623,72.11544036865234,69.3147201538086,69.3147201538086,83.10247039794922,97.1407470703125,45.0545654296875,55.5330810546875,76.2461929321289,3.0325188636779785,188.1963653564453,74.51332092285156,82.31122589111328,87.798828125,36.61360549926758,1.732867956161499,1.0,82.89470672607422,10.554342269897461,53.41220474243164,29.492839813232422,100.64144134521484,49.81995391845703,17.32868003845215,16.48541831970215,506.1348876953125,390.7312927246094,100.07312774658203,262.67779541015625,53.90546798706055,109.17068481445312,122.83419036865234,205.39622497558594,49.81995391845703,19.257381439208984,130.94342041015625,101.46639251708984,56.38862228393555,37.41265869140625,67.0173110961914,24.78215217590332,46.87715530395508,49.566184997558594,28.270458221435547,197.64501953125,54.73453903198242,36.5766487121582,92.17906188964844,21.7202205657959,36.91349792480469
TEST_01+2일,14.835711479187012,51.98603820800781,13.103372573852539,7.292464733123779,1.8658040761947632,3.0574023723602295,19.125734329223633,3.035999298095703,4.045248985290527,1.0,2.0005202293395996,1.732867956161499,3.5560784339904785,3.903332233428955,28.441896438598633,1.5708423852920532,53.71890640258789,1.7671735286712646,2.1238934993743896,65.84898376464844,23.826934814453125,3.693566083908081,1.7678166627883911,1.0,1.0,1.0,1.0,91.12786102294922,19.322433471679688,9.47470474243164,7.244777202606201,10.788827896118164,5.969378471374512,3.858863115310669,7.075989723205566,6.931471824645996,75.52942657470703,12.563292503356934,3.794814348220825,70.56316375732422,40.32675552368164,3.630707025527954,11.783502578735352,1.732867956161499,1.732867956161499,8.101127624511719,1.0095586776733398,8.476295471191406,2.0024588108062744,8.726411819458008,31.34210777282715,2.25038743019104,16.5516300201416,1.7986541986465454,7.700485706329346,2.186426877975464,3.9544870853424072,3.6419801712036133,3.707534074783325,1.9184563159942627,26.365623474121094,13.907492637634277,24.605154037475586,25.72003746032715,19.98234748840332,7.342904090881348,1.732867956161499,3.9733920097351074,7.758318901062012,1.732867956161499,5.506367206573486,9.357486724853516,1.9081891775131226,1.732867956161499,8.264935493469238,10.58417797088623,1.732867956161499,3.8772802352905273,1.732867956161499,8.198620796203613,2.211127519607544,3.8188395500183105,2.2694506645202637,2.6240296363830566,3.580662727355957,5.598578453063965,5.402555465698242,5.438223838806152,5.806574821472168,12.689811706542969,70.61437225341797,3.8237509727478027,6.627234935760498,21.197763442993164,1.8566744327545166,1.3888317346572876,1.732867956161499,1.7973740100860596,58.123905181884766,15.511920928955078,3.7278175354003906,1.9706416130065918,16.87102699279785,1.5445542335510254,97.2573471069336,91.83521270751953,42.10774230957031,10.057856559753418,9.562045097351074,3.618997097015381,8.988625526428223,3.4959821701049805,3.8293895721435547,1.7516626119613647,1.8047207593917847,1.9594019651412964,6.340053081512451,3.7840452194213867,5.639761924743652,2.0818397998809814,3.465735912322998,1.0,1.3862943649291992,1.471431016921997,1.3862943649291992,1.3862943649291992,1.0,1.3862943649291992,1.7725632190704346,7.14888334274292,1.4222081899642944,1.3862943649291992,11.91080093383789,9.658098220825195,4.001779556274414,9.408281326293945,5.6041131019592285,1.2898995876312256,3.9259192943573,17.712385177612305,1.274491548538208,2.348681688308716,5.815593242645264,3.8451778888702393,72.11527252197266,69.3147201538086,69.3147201538086,83.11228942871094,97.1372299194336,45.0545654296875,55.53359603881836,76.2461929321289,3.0325188636779785,188.19017028808594,74.51332092285156,82.31122589111328,87.80008697509766,36.614009857177734,1.732867956161499,1.0,82.89495849609375,10.554402351379395,53.415218353271484,29.492891311645508,100.63641357421875,49.81995391845703,17.32868003845215,16.475879669189453,506.1346435546875,390.6949768066406,100.07312774658203,262.6792907714844,53.90613555908203,109.17068481445312,122.83441925048828,205.3957977294922,49.81995391845703,19.25783920288086,130.9442596435547,101.46630096435547,56.395931243896484,37.372379302978516,67.03197479248047,24.807235717773438,46.834259033203125,49.476070404052734,28.24827003479004,197.37330627441406,54.81300354003906,36.58018493652344,92.20494842529297,21.71537971496582,36.609066009521484
TEST_01+3일,14.839141845703125,51.98603820800781,13.110570907592773,7.294259548187256,1.8649781942367554,3.171555519104004,19.123926162719727,3.09653377532959,4.033900260925293,1.0,1.9968781471252441,1.732867956161499,3.5561373233795166,3.884296417236328,28.515016555786133,1.678627371788025,53.71890640258789,1.7673234939575195,2.1300837993621826,65.84898376464844,23.826934814453125,3.6780049800872803,1.7679225206375122,1.0,1.0,1.0,1.0,91.12019348144531,19.32442855834961,9.474791526794434,7.24433708190918,10.783644676208496,5.969006538391113,3.8568015098571777,7.075784683227539,6.931471824645996,75.52290344238281,12.563292503356934,3.795132637023926,70.54955291748047,40.3332405090332,3.631527900695801,11.783502578735352,1.732867956161499,1.732867956161499,8.101020812988281,1.048277735710144,8.474445343017578,2.027539014816284,8.726125717163086,31.33904266357422,2.1755728721618652,16.552291870117188,1.8021659851074219,7.70054817199707,2.0985052585601807,3.9558329582214355,3.6425533294677734,3.708989381790161,1.9258028268814087,26.366413116455078,13.908805847167969,24.605432510375977,25.721635818481445,19.982349395751953,7.342116355895996,1.732867956161499,3.9728715419769287,7.758552551269531,1.732867956161499,5.505514144897461,9.357486724853516,1.9020038843154907,1.732867956161499,8.2610502243042,10.584192276000977,1.732867956161499,3.87532901763916,1.732867956161499,8.20211410522461,2.2078750133514404,3.8188741207122803,2.1636803150177,2.664562702178955,3.580796957015991,5.59972620010376,5.402426719665527,5.438388347625732,5.804062843322754,12.690327644348145,70.61437225341797,3.823537826538086,6.6271233558654785,21.198007583618164,1.8537925481796265,1.418203353881836,1.732867956161499,1.7969295978546143,58.13007354736328,15.5122652053833,3.7285313606262207,1.9785200357437134,16.868009567260742,1.5441211462020874,97.35873413085938,91.83616638183594,42.084754943847656,10.057595252990723,9.560370445251465,3.6180901527404785,8.990585327148438,3.4960861206054688,3.828524589538574,1.750969409942627,1.806786298751831,1.966045618057251,6.340099811553955,3.7854647636413574,5.641261100769043,2.0992817878723145,3.465735912322998,1.0,1.3862943649291992,1.471501111984253,1.3862943649291992,1.3862943649291992,1.0,1.3862943649291992,1.7725335359573364,7.148200988769531,1.4223051071166992,1.3862943649291992,12.316900253295898,9.656506538391113,4.013338565826416,9.408219337463379,5.6046061515808105,1.3708419799804688,3.9260568618774414,17.715578079223633,1.2937297821044922,2.384937047958374,5.81576681137085,3.8453876972198486,72.11581420898438,69.3147201538086,69.3147201538086,83.10009002685547,97.13694763183594,45.0545654296875,55.532779693603516,76.2461929321289,3.0325188636779785,188.19956970214844,74.51332092285156,82.31122589111328,87.80316162109375,36.61483383178711,1.732867956161499,1.0,82.899658203125,10.554315567016602,53.412296295166016,29.492582321166992,100.63470458984375,49.81995391845703,17.32868003845215,16.480968475341797,506.1346435546875,390.7101745605469,100.07312774658203,262.67950439453125,53.905765533447266,109.17068481445312,122.83872985839844,205.3962860107422,49.81995391845703,19.25836944580078,130.9436492919922,101.46636962890625,56.412567138671875,37.33612060546875,66.96765899658203,24.794004440307617,46.791587829589844,49.55665969848633,28.23479652404785,196.98361206054688,54.87876892089844,36.597686767578125,92.16365814208984,21.700782775878906,36.52267074584961
TEST_01+4일,14.834548950195312,51.98603820800781,13.106494903564453,7.293770790100098,1.8643476963043213,3.1541852951049805,19.123323440551758,3.076547622680664,4.029721260070801,1.0,2.0380911827087402,1.732867956161499,3.5560898780822754,4.041065692901611,28.447126388549805,1.5784085988998413,53.71890640258789,1.7671170234680176,2.072038173675537,65.84898376464844,23.826934814453125,3.7116191387176514,1.768096685409546,1.0,1.0,1.0,1.0,91.1288833618164,19.32421875,9.474067687988281,7.2432861328125,10.78260326385498,5.9710211753845215,3.8573381900787354,7.07612419128418,6.931471824645996,75.52041625976562,12.563292503356934,3.7952260971069336,70.57001495361328,40.336910247802734,3.6317636966705322,11.783502578735352,1.732867956161499,1.732867956161499,8.101215362548828,1.0641047954559326,8.477620124816895,1.9980223178863525,8.726344108581543,31.341323852539062,2.2228431701660156,16.551483154296875,1.807073950767517,7.7008771896362305,2.0913357734680176,3.954658031463623,3.641793727874756,3.709228992462158,1.921879529953003,26.36868667602539,13.907942771911621,24.602693557739258,25.72166633605957,19.98283576965332,7.345867156982422,1.732867956161499,3.9741463661193848,7.756634712219238,1.732867956161499,5.5060505867004395,9.357486724853516,1.9216091632843018,1.732867956161499,8.263300895690918,10.583484649658203,1.732867956161499,3.8769211769104004,1.732867956161499,8.201388359069824,2.2243947982788086,3.8195836544036865,2.1287660598754883,2.7144317626953125,3.5805728435516357,5.599798679351807,5.402924060821533,5.438302040100098,5.804499626159668,12.690269470214844,70.61437225341797,3.825106620788574,6.624766826629639,21.199979782104492,1.8541449308395386,1.4574943780899048,1.732867956161499,1.796868920326233,58.125694274902344,15.514885902404785,3.728792667388916,1.9693197011947632,16.8675479888916,1.5440658330917358,98.81536102294922,91.83668518066406,42.07917404174805,10.0579252243042,9.559913635253906,3.6187374591827393,8.98780632019043,3.496047019958496,3.82893705368042,1.7573294639587402,1.805288553237915,1.9590816497802734,6.342695236206055,3.7843048572540283,5.638560771942139,2.0849130153656006,3.465735912322998,1.0,1.3862943649291992,1.4714559316635132,1.3862943649291992,1.3862943649291992,1.0,1.3862943649291992,1.7725383043289185,7.148215293884277,1.4223289489746094,1.3862943649291992,11.554743766784668,9.65749740600586,4.0646653175354,9.407022476196289,5.604519844055176,1.3085860013961792,3.923060655593872,17.71188735961914,1.383797287940979,2.381143569946289,5.813752174377441,3.8463356494903564,72.11502075195312,69.3147201538086,69.3147201538086,83.09999084472656,97.13899230957031,45.0545654296875,55.53335952758789,76.2461929321289,3.0325188636779785,188.19769287109375,74.51332092285156,82.31122589111328,87.80345916748047,36.6141242980957,1.732867956161499,1.0,82.89222717285156,10.554241180419922,53.416664123535156,29.49211883544922,100.6370620727539,49.81995391845703,17.32868003845215,16.480236053466797,506.1349792480469,390.7000427246094,100.07312774658203,262.6792907714844,53.90537643432617,109.17068481445312,122.84087371826172,205.3962860107422,49.81995391845703,19.257282257080078,130.9436492919922,101.46647644042969,56.332950592041016,37.34803009033203,66.93963623046875,24.784984588623047,46.8067626953125,49.46788024902344,28.246471405029297,197.12286376953125,55.03811264038086,36.5828971862793,92.18304443359375,21.69540023803711,36.473716735839844
TEST_01+5일,14.829732894897461,51.98603820800781,13.103612899780273,7.293471813201904,1.8651165962219238,3.0822336673736572,19.125873565673828,3.0157833099365234,4.026886940002441,1.0,2.0173726081848145,1.732867956161499,3.556169033050537,3.8040683269500732,28.483301162719727,1.5137341022491455,53.71890640258789,1.767349362373352,2.1966261863708496,65.84898376464844,23.826934814453125,3.6923482418060303,1.7682850360870361,1.0,1.0,1.0,1.0,91.12899017333984,19.323413848876953,9.476232528686523,7.244410991668701,10.789193153381348,5.969639301300049,3.8589839935302734,7.075885772705078,6.931471824645996,75.53184509277344,12.563292503356934,3.7939417362213135,70.55941009521484,40.33318328857422,3.6311073303222656,11.783502578735352,1.732867956161499,1.732867956161499,8.099883079528809,1.0387582778930664,8.474920272827148,2.0112555027008057,8.730186462402344,31.341245651245117,2.2247538566589355,16.552196502685547,1.8011751174926758,7.700181007385254,2.0938072204589844,3.957868814468384,3.641209602355957,3.708131790161133,1.9310261011123657,26.36656951904297,13.905301094055176,24.60869598388672,25.720048904418945,19.9838924407959,7.3468217849731445,1.732867956161499,3.9735910892486572,7.757862091064453,1.732867956161499,5.5046820640563965,9.357486724853516,1.922364354133606,1.732867956161499,8.264366149902344,10.583754539489746,1.732867956161499,3.8783440589904785,1.732867956161499,8.200352668762207,2.2035939693450928,3.8216552734375,2.1446774005889893,2.6209678649902344,3.5810317993164062,5.598021507263184,5.403470993041992,5.438231945037842,5.804876327514648,12.68997859954834,70.61437225341797,3.8239550590515137,6.625222206115723,21.197219848632812,1.8570250272750854,1.4737976789474487,1.732867956161499,1.796991229057312,58.127384185791016,15.511475563049316,3.727649211883545,1.968727707862854,16.869047164916992,1.544580101966858,97.24674987792969,91.83612060546875,42.10634994506836,10.058436393737793,9.562899589538574,3.618734121322632,8.989720344543457,3.4960079193115234,3.8290138244628906,1.753792643547058,1.8053628206253052,1.963306188583374,6.341612339019775,3.7838122844696045,5.64006233215332,2.076874256134033,3.465735912322998,1.0,1.3862943649291992,1.471449613571167,1.3862943649291992,1.3862943649291992,1.0,1.3862943649291992,1.7725636959075928,7.148123741149902,1.4223271608352661,1.3862943649291992,11.442267417907715,9.655755996704102,4.003964424133301,9.407270431518555,5.604447364807129,1.300002098083496,3.9251818656921387,17.712352752685547,1.2461366653442383,2.372724771499634,5.819059371948242,3.846102714538574,72.11463165283203,69.3147201538086,69.3147201538086,83.13700866699219,97.1351318359375,45.0545654296875,55.53358459472656,76.2461929321289,3.0325188636779785,188.19473266601562,74.51332092285156,82.31122589111328,87.80281066894531,36.61500549316406,1.732867956161499,1.0,82.89825439453125,10.554770469665527,53.41331100463867,29.492443084716797,100.63908386230469,49.81995391845703,17.32868003845215,16.478351593017578,506.13427734375,390.68817138671875,100.07312774658203,262.6818542480469,53.906097412109375,109.17068481445312,122.83633422851562,205.3962860107422,49.81995391845703,19.25769805908203,130.9451141357422,101.46623229980469,56.336002349853516,37.31538772583008,66.92745971679688,24.78245735168457,46.787105560302734,49.47543716430664,28.23321533203125,196.92762756347656,55.22077941894531,36.57924270629883,92.13568878173828,21.70514678955078,36.42193603515625
TEST_01+6일,14.830286026000977,51.98603820800781,13.113832473754883,7.293824672698975,1.8638449907302856,3.185216188430786,19.125255584716797,3.1263089179992676,4.0249247550964355,1.0,2.011232852935791,1.732867956161499,3.555819034576416,3.796069383621216,28.487045288085938,1.530431866645813,53.71890640258789,1.7672502994537354,2.1063594818115234,65.84898376464844,23.826934814453125,3.726715087890625,1.768125057220459,1.0,1.0,1.0,1.0,91.12626647949219,19.325223922729492,9.471797943115234,7.243959426879883,10.782721519470215,5.9696807861328125,3.8588685989379883,7.075972557067871,6.931471824645996,75.52951049804688,12.563292503356934,3.793994188308716,70.55720520019531,40.32577133178711,3.6316733360290527,11.783502578735352,1.732867956161499,1.732867956161499,8.101025581359863,1.0591835975646973,8.475960731506348,2.0176730155944824,8.730023384094238,31.34161949157715,2.1744320392608643,16.552072525024414,1.799773931503296,7.700427055358887,2.031400203704834,3.9598891735076904,3.642233371734619,3.707623243331909,1.9432766437530518,26.368513107299805,13.910738945007324,24.604625701904297,25.71922492980957,19.985334396362305,7.344480514526367,1.732867956161499,3.973841905593872,7.758667945861816,1.732867956161499,5.503628730773926,9.357486724853516,1.90683114528656,1.732867956161499,8.263040542602539,10.58340835571289,1.732867956161499,3.8783419132232666,1.732867956161499,8.201719284057617,2.2066099643707275,3.818894624710083,2.1959922313690186,2.603583812713623,3.580559492111206,5.600114345550537,5.403402328491211,5.4383087158203125,5.804773807525635,12.691011428833008,70.61437225341797,3.823903799057007,6.626415252685547,21.196691513061523,1.8571830987930298,1.4779056310653687,1.732867956161499,1.7969595193862915,58.135162353515625,15.512446403503418,3.7305233478546143,1.9707129001617432,16.868181228637695,1.543866753578186,97.5023193359375,91.83631896972656,42.095359802246094,10.057665824890137,9.563294410705566,3.618809223175049,8.990525245666504,3.496004343032837,3.829751968383789,1.7543953657150269,1.8072460889816284,1.9594147205352783,6.342975616455078,3.7843780517578125,5.639525890350342,2.08365797996521,3.465735912322998,1.0,1.3862943649291992,1.4715027809143066,1.3862943649291992,1.3862943649291992,1.0,1.3862943649291992,1.772554636001587,7.148253440856934,1.42227041721344,1.3862943649291992,11.9397611618042,9.658873558044434,4.059195041656494,9.407612800598145,5.604909420013428,1.3578522205352783,3.924344062805176,17.71514892578125,1.3087341785430908,2.3331851959228516,5.816060543060303,3.8465867042541504,72.1141128540039,69.3147201538086,69.3147201538086,83.11685180664062,97.13556671142578,45.0545654296875,55.53120803833008,76.2461929321289,3.0325188636779785,188.19790649414062,74.51332092285156,82.31122589111328,87.8007583618164,36.61501693725586,1.732867956161499,1.0,82.89303588867188,10.554671287536621,53.41299819946289,29.492774963378906,100.63692474365234,49.81995391845703,17.32868003845215,16.480201721191406,506.1355895996094,390.6866760253906,100.07312774658203,262.6826171875,53.906150817871094,109.17068481445312,122.84041595458984,205.39601135253906,49.81995391845703,19.25753402709961,130.94432067871094,101.46631622314453,56.333045959472656,37.32288360595703,66.93728637695312,24.770278930664062,46.78099060058594,49.49102783203125,28.23961639404297,196.79885864257812,55.99439239501953,36.580322265625,92.17476654052734,21.72178840637207,36.42185974121094
TEST_01+7일,14.83445930480957,51.98603820800781,13.10439682006836,7.293099403381348,1.864206314086914,3.1631815433502197,19.127840042114258,3.1099624633789062,4.043658256530762,1.0,2.038200855255127,1.732867956161499,3.5560317039489746,3.7121634483337402,28.57881736755371,1.6443926095962524,53.71890640258789,1.7672765254974365,2.1109845638275146,65.84898376464844,23.826934814453125,3.6643924713134766,1.7682427167892456,1.0,1.0,1.0,1.0,91.12348937988281,19.323335647583008,9.475090026855469,7.243785858154297,10.782548904418945,5.970053672790527,3.8586483001708984,7.076030254364014,6.931471824645996,75.53074645996094,12.563292503356934,3.795046329498291,70.56092834472656,40.337989807128906,3.6304092407226562,11.783502578735352,1.732867956161499,1.732867956161499,8.10128402709961,1.0564130544662476,8.476424217224121,2.000682830810547,8.727771759033203,31.341827392578125,2.2114009857177734,16.551570892333984,1.8014764785766602,7.700491905212402,2.0822274684906006,3.9547369480133057,3.64312744140625,3.707821846008301,1.9331550598144531,26.367250442504883,13.906792640686035,24.605453491210938,25.716856002807617,19.982927322387695,7.345573902130127,1.732867956161499,3.973297119140625,7.758493423461914,1.732867956161499,5.504538536071777,9.357486724853516,1.9557669162750244,1.732867956161499,8.261311531066895,10.584210395812988,1.732867956161499,3.877459764480591,1.732867956161499,8.201482772827148,2.2095587253570557,3.8189468383789062,2.219860076904297,2.702937364578247,3.581589698791504,5.599695682525635,5.4041314125061035,5.43804931640625,5.803308486938477,12.68930435180664,70.61437225341797,3.8232340812683105,6.6242780685424805,21.198715209960938,1.8556253910064697,1.508415937423706,1.732867956161499,1.7970144748687744,58.145450592041016,15.51109504699707,3.7284374237060547,1.9672479629516602,16.8684024810791,1.5441972017288208,98.2774887084961,91.83602142333984,42.068458557128906,10.057950019836426,9.560850143432617,3.6189188957214355,8.988292694091797,3.4960246086120605,3.8285419940948486,1.760866641998291,1.8163957595825195,1.9769344329833984,6.344049453735352,3.7837677001953125,5.6379899978637695,2.073437213897705,3.465735912322998,1.0,1.3862943649291992,1.4714821577072144,1.3862943649291992,1.3862943649291992,1.0,1.3862943649291992,1.7725437879562378,7.148310661315918,1.4222681522369385,1.3862943649291992,11.40347957611084,9.656853675842285,3.9956111907958984,9.409246444702148,5.604465007781982,1.3614654541015625,3.9230430126190186,17.71355438232422,1.2866894006729126,2.313904285430908,5.81474494934082,3.846573829650879,72.11808013916016,69.3147201538086,69.3147201538086,83.10176086425781,97.14167022705078,45.0545654296875,55.53040313720703,76.2461929321289,3.0325188636779785,188.20391845703125,74.51332092285156,82.31122589111328,87.80155944824219,36.615596771240234,1.732867956161499,1.0,82.89579010009766,10.554381370544434,53.41206741333008,29.49245834350586,100.6366195678711,49.81995391845703,17.32868003845215,16.47942352294922,506.1346435546875,390.7050476074219,100.07312774658203,262.6810607910156,53.905967712402344,109.17068481445312,122.83965301513672,205.3960723876953,49.81995391845703,19.257497787475586,130.94480895996094,101.4661636352539,56.36640167236328,37.344329833984375,66.95936584472656,24.78048324584961,46.792015075683594,49.46098709106445,28.243196487426758,197.04925537109375,55.86186981201172,36.578834533691406,92.16254425048828,21.708803176879883,36.449859619140625
TEST_02+1일,15.882109642028809,64.14939880371094,14.671487808227539,8.378494262695312,2.1390702724456787,2.66274356842041,22.272750854492188,1.732867956161499,4.440555095672607,1.0,2.8982186317443848,1.732867956161499,3.753803014755249,5.090235710144043,34.92792892456055,1.75529146194458,62.5829963684082,2.024817943572998,2.33718204498291,69.10526275634766,25.46379280090332,4.213176250457764,1.901543140411377,1.0,1.0,1.0,1.0,90.40884399414062,20.745344161987305,10.301213264465332,8.033773422241211,10.673799514770508,6.306580066680908,3.9142370223999023,6.931471824645996,7.802367210388184,81.3837890625,13.855463981628418,3.85435152053833,72.43397521972656,43.32268142700195,3.875619888305664,11.783502578735352,1.9313316345214844,1.732867956161499,8.126644134521484,1.074548602104187,9.208887100219727,1.883436918258667,9.35986328125,32.75989532470703,1.839592456817627,17.43840980529785,1.732867956161499,7.22139835357666,2.2795796394348145,3.785470724105835,3.712965250015259,3.529932737350464,1.941271424293518,27.38618278503418,15.304499626159668,27.72637367248535,27.41725730895996,21.280593872070312,7.807969093322754,2.022614002227783,4.159257888793945,7.415108680725098,1.732867956161499,5.511638641357422,9.357486724853516,2.0919790267944336,1.7926125526428223,8.645078659057617,10.986263275146484,1.732867956161499,4.575145721435547,2.0569510459899902,8.553418159484863,2.6408863067626953,3.806825637817383,2.2811965942382812,2.198878526687622,3.659842014312744,5.428786277770996,5.700123310089111,5.783963203430176,6.507523536682129,12.604188919067383,70.66922760009766,4.069930076599121,7.559237480163574,19.408233642578125,1.9002556800842285,1.0,2.5683183670043945,1.8600504398345947,57.401790618896484,18.500680923461914,3.465735912322998,1.732867956161499,16.15578269958496,1.5020140409469604,265.4180908203125,101.49057006835938,43.13152313232422,11.056437492370605,9.99841022491455,4.274218559265137,9.924315452575684,3.621664524078369,4.57814884185791,2.202486753463745,1.732867956161499,2.16563081741333,6.391983985900879,4.0449323654174805,6.321534633636475,2.2483043670654297,3.465735912322998,1.0,1.3862943649291992,1.537348747253418,1.3862943649291992,1.4316493272781372,1.0,1.3862943649291992,1.7362035512924194,6.93908166885376,1.3890323638916016,1.3870986700057983,1.592710256576538,9.435720443725586,3.968376636505127,9.403887748718262,5.890773773193359,1.0,3.661686897277832,16.790332794189453,1.0,1.732867956161499,5.61265754699707,3.465735912322998,72.49407196044922,69.3147201538086,73.4475326538086,87.69037628173828,96.98350524902344,45.0545654296875,55.69794845581055,76.2461929321289,3.0325188636779785,189.5388946533203,74.51332092285156,82.31122589111328,89.53459930419922,36.89056396484375,1.732867956161499,1.0,83.75718688964844,10.614180564880371,53.576988220214844,29.728530883789062,101.39656829833984,49.81995391845703,17.32868003845215,17.087310791015625,506.26116943359375,391.14715576171875,100.07312774658203,263.6387634277344,54.29180145263672,109.2265853881836,123.90005493164062,205.86244201660156,49.81995391845703,19.659425735473633,131.68748474121094,101.5839614868164,69.9162368774414,46.08669662475586,81.79181671142578,29.999910354614258,55.43063735961914,59.82696533203125,36.82048034667969,235.51504516601562,67.6295394897461,37.730525970458984,102.11198425292969,25.238574981689453,64.1676025390625
TEST_02+2일,15.875188827514648,64.55462646484375,14.669734001159668,8.379236221313477,2.141099691390991,2.6118576526641846,22.273700714111328,1.732867956161499,4.4433770179748535,1.0,2.817685842514038,1.732867956161499,3.754028797149658,5.322816848754883,34.95096206665039,1.7554255723953247,61.967567443847656,2.0241189002990723,2.3045575618743896,69.255859375,25.5167293548584,4.175174713134766,1.9018572568893433,1.0,1.0,1.0,1.0,90.40878295898438,20.738100051879883,10.299036026000977,8.03659725189209,10.67350959777832,6.306453704833984,3.9148190021514893,6.931471824645996,7.80317497253418,81.38823699951172,13.853363037109375,3.8534328937530518,72.43510437011719,43.30836486816406,3.8741650581359863,11.783502578735352,1.931185245513916,1.732867956161499,8.126955032348633,1.04323148727417,9.209185600280762,1.8812865018844604,9.354330062866211,32.76254653930664,1.850587010383606,17.437747955322266,1.732867956161499,7.22156286239624,2.3736002445220947,3.7868800163269043,3.713588237762451,3.529688835144043,1.9303046464920044,27.3869571685791,15.300267219543457,27.72667694091797,27.421646118164062,21.277759552001953,7.805212020874023,1.9878548383712769,4.158932685852051,7.415891170501709,1.732867956161499,5.51275110244751,9.357486724853516,2.101466655731201,1.7921719551086426,8.646339416503906,10.986639022827148,1.732867956161499,4.579033374786377,2.1028048992156982,8.554256439208984,2.631467580795288,3.8069961071014404,2.2032933235168457,2.2322745323181152,3.6602559089660645,5.428936958312988,5.700277805328369,5.783888339996338,6.50872802734375,12.602774620056152,70.6653060913086,4.06975793838501,7.56126070022583,19.408233642578125,1.902789831161499,1.0,2.5638785362243652,1.8601856231689453,57.40064239501953,18.50385284423828,3.465735912322998,1.732867956161499,16.15167808532715,1.5021339654922485,267.4575500488281,101.43196105957031,43.11882400512695,11.05582046508789,10.001541137695312,4.272972106933594,9.924968719482422,3.621765613555908,4.578187942504883,2.2097480297088623,1.732867956161499,2.160188674926758,6.389655113220215,4.044684886932373,6.322690963745117,2.231339454650879,3.465735912322998,1.0,1.3862943649291992,1.5372543334960938,1.3862943649291992,1.431633710861206,1.0,1.3862943649291992,1.7362027168273926,6.939107894897461,1.3890275955200195,1.3870972394943237,1.7289528846740723,9.436116218566895,3.9753146171569824,9.40442943572998,5.890271186828613,1.0,3.6627962589263916,16.790781021118164,1.0,1.732867956161499,5.612839221954346,3.465735912322998,72.49413299560547,69.3147201538086,73.74091339111328,87.7027816772461,96.9820327758789,45.0545654296875,55.69822692871094,76.2461929321289,3.0325188636779785,189.53477478027344,74.51332092285156,82.31122589111328,89.53572082519531,36.89089584350586,1.732867956161499,1.0,83.75733184814453,10.614236831665039,53.57887649536133,29.728540420532227,101.39232635498047,49.81995391845703,17.32868003845215,17.08051300048828,506.260986328125,391.1335144042969,100.07312774658203,263.640625,54.29239273071289,109.2266616821289,123.90009307861328,205.8616485595703,49.81995391845703,19.660234451293945,131.68850708007812,101.58385467529297,70.25718688964844,45.93492126464844,82.3093490600586,30.35829734802246,54.51048278808594,59.73183822631836,36.97807693481445,236.68727111816406,67.9380874633789,37.76273727416992,102.15209197998047,25.222145080566406,63.92896270751953
TEST_02+3일,15.879660606384277,65.40802764892578,14.677046775817871,8.381784439086914,2.1389873027801514,2.7004427909851074,22.26957893371582,1.732867956161499,4.432580947875977,1.0,2.7915096282958984,1.732867956161499,3.7541584968566895,5.4015045166015625,35.1204833984375,1.8785523176193237,62.4605827331543,2.0250978469848633,2.258927822113037,69.1048583984375,25.45945930480957,4.153426647186279,1.902376413345337,1.0,1.0,1.0,1.0,90.40699005126953,20.742321014404297,10.299237251281738,8.035205841064453,10.67094612121582,6.306173801422119,3.9124503135681152,6.931471824645996,7.802961349487305,81.38272094726562,13.855182647705078,3.8538293838500977,72.42579650878906,43.31946563720703,3.8750252723693848,11.783502578735352,1.9470765590667725,1.732867956161499,8.126925468444824,1.0810773372650146,9.207221984863281,1.8967022895812988,9.354133605957031,32.756832122802734,1.8478131294250488,17.438615798950195,1.732867956161499,7.221586227416992,2.2919797897338867,3.7877941131591797,3.7142105102539062,3.5300371646881104,1.936598300933838,27.387643814086914,15.30331802368164,27.727134704589844,27.424718856811523,21.277788162231445,7.804370880126953,2.0374598503112793,4.158543586730957,7.415988922119141,1.732867956161499,5.512567043304443,9.357486724853516,2.092304229736328,1.7921223640441895,8.643046379089355,10.9866304397583,1.732867956161499,4.576452255249023,2.130340576171875,8.559502601623535,2.6286463737487793,3.807032585144043,2.108900308609009,2.2368953227996826,3.6604464054107666,5.429360866546631,5.6993489265441895,5.784296035766602,6.5040106773376465,12.603226661682129,70.66699981689453,4.069377422332764,7.561139106750488,19.408233642578125,1.8988394737243652,1.0,2.5851786136627197,1.859151005744934,57.40322494506836,18.504718780517578,3.465735912322998,1.732867956161499,16.150104522705078,1.5020246505737305,266.81787109375,101.45366668701172,43.10725402832031,11.055041313171387,9.999021530151367,4.2701334953308105,9.92778491973877,3.622100830078125,4.576692581176758,2.1950066089630127,1.732867956161499,2.167626142501831,6.389759063720703,4.046195030212402,6.324599742889404,2.2556405067443848,3.465735912322998,1.0,1.3862943649291992,1.537428855895996,1.3862943649291992,1.4316707849502563,1.0,1.3862943649291992,1.7362005710601807,6.939084053039551,1.3890340328216553,1.3870972394943237,1.7802734375,9.43543815612793,3.941514730453491,9.404267311096191,5.890773773193359,1.0,3.662891387939453,16.792421340942383,1.0,1.732867956161499,5.612908840179443,3.465735912322998,72.49484252929688,69.3147201538086,73.34012603759766,87.68375396728516,96.98190307617188,45.0545654296875,55.697731018066406,76.2461929321289,3.0325188636779785,189.54129028320312,74.51332092285156,82.31122589111328,89.5379638671875,36.89147186279297,1.732867956161499,1.0,83.7607650756836,10.61414909362793,53.57697296142578,29.728282928466797,101.39080047607422,49.81995391845703,17.32868003845215,17.084096908569336,506.2607116699219,391.13916015625,100.07312774658203,263.6405944824219,54.29213333129883,109.22669982910156,123.90502166748047,205.862548828125,49.81995391845703,19.661087036132812,131.68775939941406,101.58393859863281,70.62432861328125,45.328041076660156,82.20930480957031,30.31073570251465,54.738433837890625,59.7841911315918,36.35322570800781,236.28118896484375,68.1731948852539,37.970699310302734,102.08638763427734,25.18085289001465,64.92376708984375
TEST_02+4일,15.87392807006836,64.06175231933594,14.673110008239746,8.381024360656738,2.1358017921447754,2.6522340774536133,22.26821517944336,1.732867956161499,4.4278411865234375,1.0,2.91426420211792,1.732867956161499,3.7540483474731445,5.467472076416016,34.97869110107422,1.774659514427185,62.45249557495117,2.023876667022705,2.2351129055023193,69.05188751220703,25.469425201416016,4.197341442108154,1.9031693935394287,1.0,1.0,1.0,1.0,90.40899658203125,20.742143630981445,10.29835319519043,8.031953811645508,10.670365333557129,6.307923316955566,3.913081645965576,6.931471824645996,7.803230285644531,81.38033294677734,13.850296974182129,3.8538620471954346,72.4404067993164,43.3253173828125,3.8751959800720215,11.783502578735352,1.9391714334487915,1.732867956161499,8.127013206481934,1.0934631824493408,9.210625648498535,1.8801584243774414,9.354341506958008,32.76087188720703,1.851331114768982,17.437496185302734,1.732867956161499,7.221689224243164,2.291450023651123,3.7869343757629395,3.713465690612793,3.530089855194092,1.9330949783325195,27.389799118041992,15.300162315368652,27.722854614257812,27.425294876098633,21.278770446777344,7.808548927307129,2.0088601112365723,4.159465789794922,7.414961338043213,1.732867956161499,5.512579441070557,9.357486724853516,2.125115156173706,1.7922335863113403,8.64498233795166,10.985084533691406,1.732867956161499,4.578737258911133,2.084446430206299,8.558350563049316,2.6458840370178223,3.8074936866760254,2.0743117332458496,2.2548608779907227,3.660161018371582,5.4294257164001465,5.700314044952393,5.7840752601623535,6.505093574523926,12.603182792663574,70.6623764038086,4.072111129760742,7.558061599731445,19.408233642578125,1.8993653059005737,1.0,2.641204595565796,1.8590284585952759,57.401329040527344,18.5102481842041,3.465735912322998,1.732867956161499,16.14993667602539,1.5020182132720947,265.2504577636719,101.47492218017578,43.108455657958984,11.0558443069458,9.998334884643555,4.272242546081543,9.923820495605469,3.621980905532837,4.577418327331543,2.162224054336548,1.732867956161499,2.1598057746887207,6.392444610595703,4.0449371337890625,6.321062088012695,2.2352294921875,3.465735912322998,1.0,1.3862943649291992,1.5373108386993408,1.3862943649291992,1.4318455457687378,1.0,1.3862943649291992,1.7362011671066284,6.939085006713867,1.389035701751709,1.387097716331482,1.7054446935653687,9.435853004455566,3.9369635581970215,9.403429985046387,5.890659809112549,1.0,3.6616456508636475,16.790496826171875,1.0,1.732867956161499,5.611964702606201,3.465735912322998,72.4936752319336,69.3147201538086,73.20816802978516,87.68264770507812,96.98282623291016,45.0545654296875,55.698055267333984,76.2461929321289,3.0325188636779785,189.53977966308594,74.51332092285156,82.31122589111328,89.53810119628906,36.891021728515625,1.732867956161499,1.0,83.75545501708984,10.614080429077148,53.57963562011719,29.727907180786133,101.39293670654297,49.81995391845703,17.32868003845215,17.08338737487793,506.26123046875,391.1386413574219,100.07312774658203,263.64044189453125,54.291683197021484,109.22681427001953,123.9074935913086,205.862548828125,49.81995391845703,19.6593017578125,131.68765258789062,101.5841293334961,67.53746795654297,46.29951477050781,82.10527038574219,29.72000503540039,54.50185775756836,59.30905532836914,36.88536834716797,235.43971252441406,69.00321960449219,37.861690521240234,102.11643981933594,25.162914276123047,64.84227752685547
TEST_02+5일,15.867855072021484,64.67919158935547,14.669981002807617,8.380608558654785,2.139349937438965,2.5068979263305664,22.273799896240234,1.732867956161499,4.4251389503479,1.0,2.8579177856445312,1.732867956161499,3.7542154788970947,5.1371002197265625,35.05717849731445,1.6992666721343994,62.31715774536133,2.02514910697937,2.3127479553222656,69.14225769042969,25.461454391479492,4.138465881347656,1.9040125608444214,1.0,1.0,1.0,1.0,90.40902709960938,20.740360260009766,10.300758361816406,8.035595893859863,10.67361068725586,6.306735038757324,3.914973735809326,6.931471824645996,7.803741455078125,81.3906478881836,13.852059364318848,3.8524227142333984,72.43257904052734,43.318912506103516,3.87455677986145,11.783502578735352,1.9313431978225708,1.732867956161499,8.126251220703125,1.065590739250183,9.207736015319824,1.8891574144363403,9.357845306396484,32.76079559326172,1.8519725799560547,17.43840980529785,1.732867956161499,7.221467018127441,2.300213575363159,3.789398193359375,3.7128779888153076,3.5298590660095215,1.947229027748108,27.38780975341797,15.293421745300293,27.732316970825195,27.421770095825195,21.280696868896484,7.809588432312012,1.9599580764770508,4.159107208251953,7.415627956390381,1.732867956161499,5.512131690979004,9.357486724853516,2.1251308917999268,1.7919785976409912,8.646045684814453,10.985672950744629,1.732867956161499,4.580654144287109,2.100904703140259,8.556713104248047,2.624528646469116,3.808785915374756,2.0888876914978027,2.2139289379119873,3.660703182220459,5.428740978240967,5.70092248916626,5.783918380737305,6.505640029907227,12.602964401245117,70.66180419921875,4.070105075836182,7.558691024780273,19.408233642578125,1.9032572507858276,1.0,2.5258493423461914,1.8595062494277954,57.4020881652832,18.502811431884766,3.465735912322998,1.732867956161499,16.150651931762695,1.5021462440490723,268.58575439453125,101.45124053955078,43.12492752075195,11.057214736938477,10.002938270568848,4.272173881530762,9.926451683044434,3.6218512058258057,4.5775322914123535,2.1652040481567383,1.732867956161499,2.1644155979156494,6.391368389129639,4.044483184814453,6.323007583618164,2.2241857051849365,3.465735912322998,1.0,1.3862943649291992,1.53730309009552,1.3862943649291992,1.4317190647125244,1.0,1.3862943649291992,1.736202359199524,6.93908166885376,1.389035701751709,1.387100100517273,1.688937783241272,9.435110092163086,3.9311983585357666,9.40383243560791,5.8904900550842285,1.0,3.66247296333313,16.790727615356445,1.0,1.732867956161499,5.614429950714111,3.465735912322998,72.49286651611328,69.3147201538086,73.5306625366211,87.74480438232422,96.98115539550781,45.0545654296875,55.698204040527344,76.2461929321289,3.0325188636779785,189.53799438476562,74.51332092285156,82.31122589111328,89.53758239746094,36.8915901184082,1.732867956161499,1.0,83.75975036621094,10.614558219909668,53.57754898071289,29.7281436920166,101.3945541381836,49.81995391845703,17.32868003845215,17.08244514465332,506.2604675292969,391.13568115234375,100.07312774658203,263.64349365234375,54.29248809814453,109.22675323486328,123.90217590332031,205.8625030517578,49.81995391845703,19.66004180908203,131.68899536132812,101.5837631225586,70.25653839111328,46.28901290893555,81.87223815917969,29.88627052307129,54.168636322021484,59.153663635253906,36.01139831542969,234.0137939453125,70.04187774658203,37.771324157714844,102.02877044677734,25.194189071655273,63.650306701660156
TEST_02+6일,15.868643760681152,64.84368896484375,14.68094539642334,8.381187438964844,2.1342554092407227,2.634462356567383,22.272809982299805,1.732867956161499,4.423465251922607,1.0,2.8193142414093018,1.732867956161499,3.7534689903259277,5.129183769226074,35.060115814208984,1.7144593000411987,62.72224807739258,2.0246145725250244,2.254283905029297,69.08244323730469,25.47842025756836,4.1591877937316895,1.9033191204071045,1.0,1.0,1.0,1.0,90.40837860107422,20.744352340698242,10.295714378356934,8.034015655517578,10.670506477355957,6.306748390197754,3.914836883544922,6.931471824645996,7.805834770202637,81.38847351074219,13.864370346069336,3.852480888366699,72.43104553222656,43.30643081665039,3.8748910427093506,11.783502578735352,1.9142462015151978,1.732867956161499,8.126893997192383,1.0905522108078003,9.208827018737793,1.879306435585022,9.35747241973877,32.76133728027344,1.8463741540908813,17.438377380371094,1.732867956161499,7.221546649932861,2.241715431213379,3.7906885147094727,3.7138524055480957,3.5297086238861084,1.9586950540542603,27.389671325683594,15.307548522949219,27.72591209411621,27.420230865478516,21.283939361572266,7.806992530822754,2.0236921310424805,4.159266948699951,7.416099548339844,1.732867956161499,5.5118889808654785,9.357486724853516,2.0990381240844727,1.7920445203781128,8.644831657409668,10.984918594360352,1.732867956161499,4.580379009246826,2.0576415061950684,8.55903434753418,2.6279757022857666,3.807039260864258,2.1261792182922363,2.2083053588867188,3.6601643562316895,5.4295125007629395,5.700881004333496,5.784091472625732,6.505331993103027,12.603902816772461,70.66364288330078,4.070036888122559,7.5602569580078125,19.408233642578125,1.9034968614578247,1.0,2.5984902381896973,1.859297752380371,57.40562057495117,18.50485610961914,3.465735912322998,1.732867956161499,16.150279998779297,1.50197434425354,265.15496826171875,101.46263122558594,43.12104415893555,11.055191993713379,10.003377914428711,4.272452354431152,9.927637100219727,3.621845006942749,4.57886266708374,2.173314332962036,1.732867956161499,2.1601858139038086,6.392756938934326,4.045010566711426,6.322307586669922,2.2349462509155273,3.465735912322998,1.0,1.3862943649291992,1.537431240081787,1.3862943649291992,1.4316027164459229,1.0,1.3862943649291992,1.736202359199524,6.939086437225342,1.3890318870544434,1.3870962858200073,1.7606886625289917,9.4365234375,3.929056167602539,9.403940200805664,5.891161918640137,1.0,3.6621692180633545,16.792171478271484,1.0,1.732867956161499,5.613053798675537,3.465735912322998,72.49207305908203,69.3147201538086,73.24584197998047,87.70988464355469,96.98139953613281,45.0545654296875,55.69685745239258,76.2461929321289,3.0325188636779785,189.53990173339844,74.51332092285156,82.31122589111328,89.53599548339844,36.891578674316406,1.732867956161499,1.0,83.75601959228516,10.614462852478027,53.577457427978516,29.728439331054688,101.39293670654297,49.81995391845703,17.32868003845215,17.08342742919922,506.2618408203125,391.1360778808594,100.07312774658203,263.64447021484375,54.29253387451172,109.22662353515625,123.90663146972656,205.86212158203125,49.81995391845703,19.659666061401367,131.68850708007812,101.58385467529297,68.92384338378906,45.704044342041016,81.61015319824219,30.040315628051758,54.03399658203125,59.53139114379883,36.673858642578125,235.3092041015625,72.83756256103516,37.885005950927734,102.10489654541016,25.240333557128906,64.3849105834961
TEST_02+7일,15.873542785644531,63.903079986572266,14.670614242553711,8.380106925964355,2.134700059890747,2.620756149291992,22.27867889404297,1.732867956161499,4.441711902618408,1.0,2.860684871673584,1.732867956161499,3.7539291381835938,5.019946575164795,35.258174896240234,1.8499574661254883,62.35012435913086,2.024763822555542,2.2415716648101807,69.1214370727539,25.496156692504883,4.121606826782227,1.9038751125335693,1.0,1.0,1.0,1.0,90.40776824951172,20.740196228027344,10.299483299255371,8.033560752868652,10.67042064666748,6.307077884674072,3.9145758152008057,6.931471824645996,7.808887958526611,81.38960266113281,13.862090110778809,3.8536758422851562,72.43378448486328,43.32733917236328,3.8738369941711426,11.783502578735352,1.9204399585723877,1.732867956161499,8.12704849243164,1.0890473127365112,9.20930290222168,1.873683214187622,9.35558795928955,32.762020111083984,1.8506211042404175,17.437599182128906,1.732867956161499,7.221567630767822,2.2863101959228516,3.7870736122131348,3.7147343158721924,3.5297515392303467,1.9474856853485107,27.38843536376953,15.297489166259766,27.727224349975586,27.41555404663086,21.27878189086914,7.808101654052734,2.007080078125,4.158864974975586,7.415953636169434,1.732867956161499,5.512399196624756,9.357486724853516,2.1770644187927246,1.7918457984924316,8.643370628356934,10.986695289611816,1.732867956161499,4.579423904418945,2.0935351848602295,8.558738708496094,2.631220579147339,3.8070871829986572,2.1488192081451416,2.245242118835449,3.6612863540649414,5.42938232421875,5.702386856079102,5.783449649810791,6.5025529861450195,12.602311134338379,70.66570281982422,4.068879127502441,7.557511806488037,19.408233642578125,1.9012131690979004,1.0,2.649932861328125,1.8595070838928223,57.41019821166992,18.5020751953125,3.465735912322998,1.732867956161499,16.150318145751953,1.502051591873169,263.9712219238281,101.45429229736328,43.08000183105469,11.055983543395996,9.999805450439453,4.272791862487793,9.924455642700195,3.62190580368042,4.57673454284668,2.162299394607544,1.732867956161499,2.1786835193634033,6.3938469886779785,4.044375896453857,6.320255279541016,2.2185120582580566,3.465735912322998,1.0,1.3862943649291992,1.5373729467391968,1.3862943649291992,1.4316004514694214,1.0,1.3862943649291992,1.736201524734497,6.939088821411133,1.3890318870544434,1.3870981931686401,1.6893808841705322,9.435562133789062,3.91774320602417,9.405017852783203,5.890534400939941,1.0,3.66163969039917,16.791336059570312,1.0,1.732867956161499,5.6124420166015625,3.465735912322998,72.49720001220703,69.3147201538086,73.23980712890625,87.68659210205078,96.98365783691406,45.0545654296875,55.69643783569336,76.2461929321289,3.0325188636779785,189.54428100585938,74.51332092285156,82.31122589111328,89.53663635253906,36.892024993896484,1.732867956161499,1.0,83.75797271728516,10.614194869995117,53.576927185058594,29.72818946838379,101.39238739013672,49.81995391845703,17.32868003845215,17.08262825012207,506.26080322265625,391.13751220703125,100.07312774658203,263.642333984375,54.29216766357422,109.22677612304688,123.90565490722656,205.86215209960938,49.81995391845703,19.659687042236328,131.6887969970703,101.58365631103516,70.5240707397461,46.02425765991211,82.48970031738281,30.00809669494629,55.27455520629883,59.165611267089844,36.19151306152344,238.19281005859375,72.64739227294922,37.89904022216797,102.0792007446289,25.20404052734375,66.8559799194336
TEST_03+1일,14.821928024291992,71.64948272705078,12.98825454711914,7.337399482727051,1.9017484188079834,2.7994024753570557,28.88581657409668,2.3647098541259766,4.165477275848389,1.0,2.4928414821624756,1.7671276330947876,3.5908424854278564,4.7715630531311035,31.281597137451172,1.2595475912094116,72.58934020996094,1.8524831533432007,1.9881529808044434,77.7066879272461,29.85183334350586,3.668057918548584,1.7723605632781982,2.42022705078125,22.152530670166016,1.0,6.406925678253174,104.07695770263672,22.1031494140625,9.68049144744873,8.795254707336426,10.50227165222168,5.468052387237549,3.62532901763916,6.931471824645996,8.406501770019531,78.95999908447266,15.58697509765625,3.7752175331115723,72.60298156738281,43.771217346191406,3.591480255126953,11.783502578735352,1.8727343082427979,1.732867956161499,7.907293319702148,1.0,8.484994888305664,1.8366756439208984,8.01003646850586,32.208927154541016,1.9421782493591309,17.314645767211914,1.8306124210357666,7.894062042236328,2.1085336208343506,3.974473237991333,3.5447678565979004,3.537818193435669,1.7724111080169678,25.77274513244629,15.32287311553955,29.53425407409668,29.097312927246094,23.761363983154297,7.695197105407715,1.732867956161499,3.7640771865844727,7.730379581451416,2.0051450729370117,5.975507736206055,9.357486724853516,2.112755537033081,1.8115437030792236,9.336740493774414,10.63785457611084,1.7990590333938599,4.858490943908691,1.9130198955535889,9.392631530761719,2.9691619873046875,3.9387295246124268,3.133681297302246,2.4692721366882324,3.753105401992798,5.4101409912109375,6.075972557067871,6.218934535980225,7.4316725730896,13.36806869506836,101.87493133544922,3.776746988296509,7.307028770446777,21.328535079956055,1.7604238986968994,1.127978801727295,1.732867956161499,1.9107942581176758,57.71178436279297,15.306509017944336,4.0856099128723145,2.1238903999328613,16.473682403564453,1.50202214717865,150.22821044921875,117.28575134277344,37.82734680175781,10.382505416870117,8.908538818359375,3.5479378700256348,9.144412994384766,3.519172191619873,3.7539830207824707,1.898840069770813,2.0360703468322754,1.804809331893921,6.011998176574707,3.8619256019592285,6.415603160858154,2.1024837493896484,3.5151734352111816,19.978740692138672,1.6228922605514526,1.7145723104476929,1.4507721662521362,1.4809423685073853,1.0,1.56645667552948,2.0498313903808594,8.432415962219238,1.6912542581558228,1.5979688167572021,67.337158203125,8.945287704467773,4.19010066986084,9.098472595214844,5.307539939880371,1.0,3.6357526779174805,16.666383743286133,1.0180583000183105,1.9031165838241577,5.228278160095215,3.6460208892822266,72.7271957397461,69.3147201538086,138.6887969970703,123.64871978759766,98.18205261230469,45.0545654296875,56.187591552734375,76.2461929321289,3.0325188636779785,192.47238159179688,74.51332092285156,82.31122589111328,95.149658203125,36.756187438964844,1.732867956161499,1.0,83.69058990478516,10.695741653442383,53.598419189453125,29.726219177246094,101.70780181884766,49.81995391845703,17.32868003845215,18.054119110107422,508.8031311035156,392.6903381347656,100.07312774658203,263.343017578125,53.96923065185547,111.7280502319336,125.38826751708984,208.64566040039062,50.889793395996094,19.47869300842285,131.36087036132812,102.24349975585938,144.75523376464844,71.22378540039062,122.5490493774414,47.84290313720703,96.58390808105469,114.99551391601562,73.51019287109375,547.4328002929688,130.07479858398438,97.904052734375,108.57866668701172,27.45098304748535,147.2196044921875
TEST_03+2일,14.818643569946289,70.17021179199219,12.986580848693848,7.337823867797852,1.9021921157836914,2.62890362739563,28.888107299804688,2.3387975692749023,4.1675004959106445,1.0,2.4805703163146973,1.7671900987625122,3.591001510620117,4.788187026977539,31.29462242126465,1.2569729089736938,72.78997802734375,1.8520914316177368,1.9863100051879883,78.09589385986328,30.027128219604492,3.65982723236084,1.7724305391311646,2.3151960372924805,22.150766372680664,1.0,6.4238457679748535,104.0702133178711,22.09470558166504,9.678053855895996,8.798626899719238,10.501960754394531,5.468009948730469,3.625445604324341,6.931471824645996,8.407696723937988,78.96378326416016,15.584185600280762,3.7748098373413086,72.60386657714844,43.75921630859375,3.5907042026519775,11.783502578735352,1.873298168182373,1.732867956161499,7.907463073730469,1.0,8.4851655960083,1.8295561075210571,8.008906364440918,32.21083450317383,1.9883333444595337,17.31412696838379,1.8179045915603638,7.894400596618652,2.209479570388794,3.9757747650146484,3.544983386993408,3.5374786853790283,1.7706185579299927,25.773073196411133,15.320735931396484,29.534656524658203,29.100046157836914,23.75849723815918,7.692892551422119,1.732867956161499,3.7638161182403564,7.731042861938477,1.9984303712844849,5.977863311767578,9.357486724853516,2.1499810218811035,1.811131238937378,9.34019660949707,10.638089179992676,1.797268271446228,4.86271333694458,1.9137870073318481,9.393451690673828,2.9584884643554688,3.93906569480896,3.180053234100342,2.4986023902893066,3.753601551055908,5.410275459289551,6.075523853302002,6.218859672546387,7.434000015258789,13.366790771484375,100.62454986572266,3.776671886444092,7.308691024780273,21.32855987548828,1.7608058452606201,1.107515811920166,1.732867956161499,1.910949468612671,57.71016311645508,15.307595252990723,4.085680961608887,2.124704360961914,16.47054100036621,1.5021300315856934,150.91490173339844,117.14625549316406,37.82402038574219,10.382185935974121,8.908957481384277,3.547725200653076,9.14493179321289,3.5192294120788574,3.7540056705474854,1.8948513269424438,2.0272417068481445,1.8036141395568848,6.010869979858398,3.8616065979003906,6.417705535888672,2.091275691986084,3.515451431274414,19.91129493713379,1.6227082014083862,1.7144604921340942,1.4507948160171509,1.4808950424194336,1.0,1.5662509202957153,2.0497803688049316,8.435550689697266,1.6909455060958862,1.5977710485458374,74.1645278930664,8.945477485656738,4.181682586669922,9.098937034606934,5.307446479797363,1.0,3.6365697383880615,16.666812896728516,1.0127489566802979,1.9053311347961426,5.228408336639404,3.6452767848968506,72.72716522216797,69.3147201538086,139.17041015625,123.7217788696289,98.17977142333984,45.0545654296875,56.187923431396484,76.2461929321289,3.0325188636779785,192.466796875,74.51332092285156,82.31122589111328,95.1511459350586,36.75646209716797,1.732867956161499,1.0,83.6905517578125,10.695818901062012,53.600826263427734,29.72620964050293,101.70304870605469,49.81995391845703,17.32868003845215,18.046642303466797,508.8017272949219,392.67962646484375,100.07312774658203,263.3452453613281,53.969459533691406,111.7301254272461,125.38832092285156,208.6417999267578,50.89045333862305,19.479345321655273,131.3618927001953,102.24297332763672,144.97315979003906,72.0090560913086,123.11920928955078,49.44259262084961,93.55925750732422,112.91956329345703,74.2590103149414,568.2413330078125,129.09378051757812,99.1366958618164,108.67181396484375,27.42363739013672,141.21481323242188
TEST_03+3일,14.8203763961792,69.33680725097656,12.993501663208008,7.339284420013428,1.9017940759658813,2.626171588897705,28.877193450927734,2.3611559867858887,4.158697128295898,1.0,2.5106916427612305,1.7669130563735962,3.5910913944244385,4.890623569488525,31.37563133239746,1.3300375938415527,72.73690032958984,1.852634072303772,1.9664576053619385,77.73379516601562,29.834714889526367,3.6384665966033936,1.7725598812103271,2.2354471683502197,22.14755630493164,1.0,6.173594951629639,103.95938110351562,22.099456787109375,9.678279876708984,8.796928405761719,10.500116348266602,5.467902183532715,3.6249921321868896,6.931471824645996,8.407920837402344,78.95895385742188,15.586138725280762,3.775003433227539,72.59613037109375,43.76893997192383,3.591162919998169,11.783502578735352,1.8818645477294922,1.732867956161499,7.907453536987305,1.0,8.484099388122559,1.8393917083740234,8.008871078491211,32.20664596557617,1.9546740055084229,17.314889907836914,1.8239452838897705,7.894437313079834,2.1299171447753906,3.9767942428588867,3.5451087951660156,3.5379409790039062,1.7720885276794434,25.7733211517334,15.322321891784668,29.535663604736328,29.10210418701172,23.758567810058594,7.692255973815918,1.732867956161499,3.7634966373443604,7.731119155883789,1.9968726634979248,5.9777326583862305,9.357486724853516,2.119736671447754,1.8110511302947998,9.332202911376953,10.638081550598145,1.8036930561065674,4.859965801239014,1.9290684461593628,9.39865779876709,2.9547553062438965,3.9391274452209473,3.0900635719299316,2.5174217224121094,3.753958225250244,5.410667419433594,6.074827194213867,6.219238758087158,7.424483776092529,13.367256164550781,101.23426818847656,3.7764668464660645,7.3086838722229,21.328731536865234,1.7601604461669922,1.1204584836959839,1.732867956161499,1.9096238613128662,57.713687896728516,15.307812690734863,4.087090015411377,2.140958547592163,16.469440460205078,1.5020238161087036,150.90838623046875,117.19903564453125,37.817195892333984,10.381834030151367,8.908613204956055,3.5472705364227295,9.147340774536133,3.5194196701049805,3.7535407543182373,1.8931779861450195,2.036261796951294,1.80535888671875,6.010937213897705,3.8633334636688232,6.421936988830566,2.107585906982422,3.5152385234832764,19.946151733398438,1.6229530572891235,1.714669108390808,1.450882077217102,1.4809887409210205,1.0,1.5662505626678467,2.0496349334716797,8.432760238647461,1.6913836002349854,1.5977387428283691,77.24095153808594,8.945151329040527,4.139313697814941,9.098848342895508,5.307557582855225,1.0,3.636639356613159,16.668577194213867,1.0199074745178223,1.9107282161712646,5.228461265563965,3.6453957557678223,72.7275161743164,69.3147201538086,127.35481262207031,123.61931610107422,98.17958068847656,45.0545654296875,56.18717956542969,76.2461929321289,3.0325188636779785,192.47572326660156,74.51332092285156,82.31122589111328,95.1554946899414,36.75697326660156,1.732867956161499,1.0,83.6937026977539,10.695691108703613,53.59828567504883,29.725852966308594,101.70144653320312,49.81995391845703,17.32868003845215,18.050539016723633,508.80059814453125,392.68292236328125,100.07312774658203,263.3452453613281,53.96936798095703,111.73094940185547,125.40013885498047,208.646484375,50.889793395996094,19.480064392089844,131.36114501953125,102.24329376220703,147.40032958984375,69.27418518066406,125.96568298339844,49.26702117919922,93.38780975341797,114.09899139404297,71.15980529785156,566.7899780273438,122.8268814086914,101.73335266113281,108.53034973144531,27.359634399414062,148.4553680419922
TEST_03+4일,14.817922592163086,68.66844177246094,12.98983383178711,7.338893413543701,1.9007974863052368,2.5967800617218018,28.873210906982422,2.3647279739379883,4.154877662658691,1.0,2.538242816925049,1.7671762704849243,3.59100079536438,5.079567909240723,31.310457229614258,1.2748875617980957,70.93482971191406,1.8519015312194824,1.92444908618927,77.61286163330078,29.868915557861328,3.660445213317871,1.7727584838867188,2.349031448364258,22.143939971923828,1.0,6.922115325927734,104.08682250976562,22.099470138549805,9.677326202392578,8.793116569519043,10.499653816223145,5.468576908111572,3.6251087188720703,6.931471824645996,8.407715797424316,78.95684051513672,15.580992698669434,3.7750015258789062,72.60816192626953,43.77396774291992,3.5912492275238037,11.783502578735352,1.87810480594635,1.732867956161499,7.9074883460998535,1.0,8.486021041870117,1.8303368091583252,8.008906364440918,32.20966720581055,1.9752936363220215,17.313907623291016,1.8320547342300415,7.8946533203125,2.134899616241455,3.9758105278015137,3.5449278354644775,3.538017749786377,1.7713178396224976,25.774110794067383,15.32061767578125,29.52997398376465,29.102529525756836,23.75950813293457,7.695788860321045,1.732867956161499,3.764244318008423,7.730268478393555,2.004338264465332,5.977919578552246,9.357486724853516,2.2616052627563477,1.8112283945083618,9.337385177612305,10.6371488571167,1.8012158870697021,4.86262321472168,1.9193130731582642,9.397432327270508,2.9716053009033203,3.9400112628936768,3.1226933002471924,2.525890350341797,3.753446340560913,5.4107346534729,6.076022148132324,6.219038963317871,7.4264140129089355,13.36719036102295,99.52875518798828,3.7778267860412598,7.306240558624268,21.32999610900879,1.7602665424346924,1.1348152160644531,1.732867956161499,1.909493327140808,57.71114730834961,15.309473991394043,4.087501525878906,2.122657537460327,16.46935272216797,1.50202214717865,150.3154754638672,117.24678802490234,37.815589904785156,10.38223934173584,8.908525466918945,3.547621250152588,9.14389419555664,3.5193471908569336,3.7537624835968018,1.9269487857818604,2.0296790599823,1.803490161895752,6.012203693389893,3.8618903160095215,6.414605617523193,2.0942656993865967,3.515289068222046,19.925058364868164,1.6227259635925293,1.714524507522583,1.4509291648864746,1.4813685417175293,1.0,1.5660500526428223,2.049652099609375,8.432872772216797,1.691478967666626,1.597804069519043,72.52095031738281,8.945337295532227,4.142168998718262,9.097902297973633,5.307520389556885,1.0,3.6357688903808594,16.666587829589844,1.0536149740219116,1.9130247831344604,5.227740287780762,3.6456799507141113,72.7268295288086,69.3147201538086,136.08831787109375,123.62158203125,98.18106842041016,45.0545654296875,56.18772506713867,76.2461929321289,3.0325188636779785,192.47349548339844,74.51332092285156,82.31122589111328,95.1557846069336,36.75653839111328,1.732867956161499,1.0,83.68904876708984,10.69562816619873,53.60210037231445,29.725330352783203,101.70380401611328,49.81995391845703,17.32868003845215,18.049976348876953,508.8038024902344,392.6834716796875,100.07312774658203,263.3450622558594,53.96916580200195,111.73306274414062,125.40591430664062,208.646484375,50.89139938354492,19.478601455688477,131.3609619140625,102.24405670166016,130.79135131835938,73.47391510009766,124.9354476928711,46.63470458984375,93.70677947998047,110.67232513427734,74.21414184570312,564.6705932617188,127.03105163574219,99.85242462158203,108.59259796142578,27.326091766357422,143.56881713867188
TEST_03+5일,14.81534481048584,70.46192932128906,12.986785888671875,7.338646411895752,1.9017587900161743,2.4098401069641113,28.888641357421875,2.3352842330932617,4.152859210968018,1.0,2.504070281982422,1.7672020196914673,3.5911190509796143,4.720327377319336,31.352474212646484,1.235268235206604,73.25943756103516,1.852654218673706,2.0027406215667725,77.83222198486328,29.841108322143555,3.6437418460845947,1.7729920148849487,2.4253718852996826,22.137401580810547,1.0,6.722052574157715,104.08997344970703,22.097623825073242,9.680047988891602,8.797513008117676,10.502035140991211,5.468099594116211,3.625486135482788,6.931471824645996,8.408470153808594,78.96554565429688,15.583417892456055,3.7743301391601562,72.60191345214844,43.768760681152344,3.590909957885742,11.783502578735352,1.8730335235595703,1.732867956161499,7.907064437866211,1.0,8.484406471252441,1.8340967893600464,8.009626388549805,32.20964431762695,1.9749842882156372,17.314739227294922,1.8209975957870483,7.894196033477783,2.1429262161254883,3.978178024291992,3.5447754859924316,3.537691116333008,1.7736340761184692,25.773374557495117,15.317339897155762,29.541831970214844,29.100276947021484,23.761430740356445,7.696671009063721,1.732867956161499,3.7639822959899902,7.730817794799805,2.0005807876586914,5.976774215698242,9.357486724853516,2.25280499458313,1.8109710216522217,9.341315269470215,10.637499809265137,1.7979657649993896,4.864696979522705,1.9223895072937012,9.395930290222168,2.951584815979004,3.942485809326172,3.21405291557312,2.494631767272949,3.7543118000030518,5.410101413726807,6.077241897583008,6.218886375427246,7.427398681640625,13.367012977600098,99.36263275146484,3.77683424949646,7.306650161743164,21.328161239624023,1.760904312133789,1.1474084854125977,1.732867956161499,1.9098132848739624,57.712135314941406,15.307226181030273,4.085385322570801,2.121039390563965,16.469886779785156,1.5021543502807617,151.33349609375,117.18370819091797,37.82295227050781,10.382890701293945,8.909132957458496,3.547602653503418,9.14626407623291,3.519280433654785,3.7537999153137207,1.9079564809799194,2.030000686645508,1.8045823574066162,6.01176118850708,3.8613781929016113,6.418666362762451,2.086638927459717,3.515207290649414,19.572851181030273,1.6226897239685059,1.7145240306854248,1.4509060382843018,1.4810811281204224,1.0,1.566419005393982,2.049776554107666,8.432537078857422,1.691483974456787,1.5982635021209717,71.49915313720703,8.94497299194336,4.123248100280762,9.098398208618164,5.307483196258545,1.0,3.6363091468811035,16.66678237915039,1.0,1.9113659858703613,5.229654312133789,3.645615577697754,72.72630310058594,69.3147201538086,139.85000610351562,123.92982482910156,98.17839050292969,45.0545654296875,56.18791580200195,76.2461929321289,3.0325188636779785,192.4712677001953,74.51332092285156,82.31122589111328,95.155029296875,36.75709533691406,1.732867956161499,1.0,83.69274139404297,10.696256637573242,53.59907150268555,29.725666046142578,101.70552825927734,49.81995391845703,17.32868003845215,18.04844856262207,508.7991027832031,392.68280029296875,100.07312774658203,263.3485107421875,53.96953582763672,111.73220825195312,125.3935546875,208.64637756347656,50.89072036743164,19.47920799255371,131.3623809814453,102.2427749633789,147.06088256835938,72.29955291748047,121.61488342285156,47.353450775146484,90.79913330078125,111.26568603515625,70.25846862792969,546.4014892578125,127.16432189941406,99.22466278076172,108.39334106445312,27.378904342651367,139.6935577392578
TEST_03+6일,14.815678596496582,69.9133071899414,12.997010231018066,7.33892297744751,1.9003968238830566,2.5219969749450684,28.88617515563965,2.3701987266540527,4.15164852142334,1.0,2.565441131591797,1.7669613361358643,3.590627908706665,4.636105060577393,31.342317581176758,1.2495372295379639,72.6885757446289,1.8523621559143066,1.9570612907409668,77.658935546875,29.894519805908203,3.654717206954956,1.772794246673584,2.2287895679473877,22.109375,1.0,6.852963447570801,104.04776000976562,22.102365493774414,9.674579620361328,8.795536041259766,10.49979305267334,5.468130111694336,3.6254444122314453,6.931471824645996,8.411779403686523,78.9639892578125,15.595270156860352,3.774336814880371,72.60041046142578,43.75771713256836,3.591076135635376,11.783502578735352,1.8598240613937378,1.732867956161499,7.907430648803711,1.0,8.484984397888184,1.8342500925064087,8.009543418884277,32.209991455078125,1.9500532150268555,17.314573287963867,1.8199846744537354,7.894359111785889,2.0780322551727295,3.9798190593719482,3.5450329780578613,3.537519931793213,1.7748746871948242,25.774105072021484,15.324317932128906,29.534067153930664,29.099266052246094,23.764554977416992,7.694461345672607,1.732867956161499,3.7641005516052246,7.731180667877197,2.000607490539551,5.976339817047119,9.357486724853516,2.1350579261779785,1.8110573291778564,9.33707046508789,10.637040138244629,1.7980737686157227,4.863959312438965,1.9081002473831177,9.398080825805664,2.9541845321655273,3.9391446113586426,3.167788505554199,2.5160727500915527,3.7535386085510254,5.410805702209473,6.077327728271484,6.219048500061035,7.426950454711914,13.367857933044434,99.96871948242188,3.7767884731292725,7.307858943939209,21.3278751373291,1.7608058452606201,1.158628225326538,1.732867956161499,1.9096691608428955,57.71688461303711,15.307828903198242,4.090778827667236,2.125028133392334,16.469524383544922,1.5019781589508057,150.26576232910156,117.20511627197266,37.82065963745117,10.381914138793945,8.909189224243164,3.547654628753662,9.147144317626953,3.519274950027466,3.7542004585266113,1.9112250804901123,2.0387327671051025,1.8035006523132324,6.012441158294678,3.8619937896728516,6.417336940765381,2.0938849449157715,3.515348196029663,19.980316162109375,1.6230206489562988,1.7146732807159424,1.450878620147705,1.4808391332626343,1.0,1.5662165880203247,2.049730062484741,8.433084487915039,1.691237449645996,1.5976158380508423,74.53193664550781,8.945694923400879,4.132101058959961,9.098525047302246,5.30764102935791,1.0,3.636125087738037,16.668365478515625,1.0245311260223389,1.8986369371414185,5.2285847663879395,3.6457362174987793,72.72588348388672,69.3147201538086,136.14671325683594,123.75892639160156,98.1788558959961,45.0545654296875,56.18596267700195,76.2461929321289,3.0325188636779785,192.4737548828125,74.51332092285156,82.31122589111328,95.15196990966797,36.757080078125,1.732867956161499,1.0,83.68962860107422,10.696150779724121,53.5989875793457,29.72606086730957,101.70378875732422,49.81995391845703,17.32868003845215,18.04973793029785,508.80712890625,392.6839294433594,100.07312774658203,263.34991455078125,53.96951675415039,111.728515625,125.40380096435547,208.64373779296875,50.890872955322266,19.47890281677246,131.3618927001953,102.24302673339844,140.41098022460938,71.43191528320312,123.50064086914062,48.18153381347656,90.53943634033203,109.93434143066406,73.60297393798828,547.2033081054688,122.50403594970703,97.89900970458984,108.56590270996094,27.45811653137207,146.2406463623047
TEST_03+7일,14.817831039428711,68.4055404663086,12.987424850463867,7.3383378982543945,1.9005213975906372,2.5112099647521973,28.90260124206543,2.3609039783477783,4.165833473205566,1.0,2.573925256729126,1.7675262689590454,3.5909342765808105,4.510255336761475,31.448036193847656,1.301745891571045,71.27074432373047,1.852428913116455,1.9489924907684326,77.78219604492188,29.942949295043945,3.6280927658081055,1.772922158241272,2.3791754245758057,22.14277458190918,1.0,6.841423511505127,104.00814819335938,22.097305297851562,9.67856216430664,8.795075416564941,10.499734878540039,5.468259334564209,3.6254019737243652,6.931471824645996,8.416606903076172,78.9645767211914,15.593232154846191,3.7749135494232178,72.60292053222656,43.77553176879883,3.59053111076355,11.783502578735352,1.8637912273406982,1.732867956161499,7.907515525817871,1.0,8.48521900177002,1.828341007232666,8.0091552734375,32.210453033447266,1.9673597812652588,17.313989639282227,1.8219044208526611,7.894405841827393,2.123737096786499,3.9759416580200195,3.5452511310577393,3.53757381439209,1.7738522291183472,25.773591995239258,15.319196701049805,29.535696029663086,29.095996856689453,23.759620666503906,7.6952409744262695,1.732867956161499,3.763768434524536,7.731093883514404,2.004395008087158,5.977031230926514,9.357486724853516,2.402766704559326,1.8107898235321045,9.333907127380371,10.63807487487793,1.7988289594650269,4.863162994384766,1.9122769832611084,9.397871971130371,2.95801043510437,3.9392330646514893,3.1766610145568848,2.4908878803253174,3.7550032138824463,5.41070556640625,6.079293251037598,6.218445777893066,7.421438694000244,13.36635971069336,100.70179748535156,3.776214599609375,7.30576753616333,21.329103469848633,1.7605254650115967,1.1702868938446045,1.732867956161499,1.9100600481033325,57.722938537597656,15.307042121887207,4.086848735809326,2.1182525157928467,16.46954917907715,1.5020527839660645,149.9038848876953,117.18482208251953,37.811683654785156,10.382230758666992,8.90872573852539,3.5477051734924316,9.144474983215332,3.519303321838379,3.753547191619873,1.9466893672943115,2.0774030685424805,1.8079723119735718,6.012961387634277,3.86126708984375,6.41303014755249,2.0819950103759766,3.515310525894165,19.743825912475586,1.6226799488067627,1.7146024703979492,1.4507485628128052,1.480832815170288,1.0,1.566335916519165,2.0496885776519775,8.433321952819824,1.6912134885787964,1.5979371070861816,72.09474182128906,8.945194244384766,4.102943420410156,9.099587440490723,5.307488441467285,1.0,3.6357758045196533,16.667495727539062,1.0072698593139648,1.8966398239135742,5.228105068206787,3.645803928375244,72.72903442382812,69.3147201538086,130.05178833007812,123.63240814208984,98.18221282958984,45.0545654296875,56.18534469604492,76.2461929321289,3.0325188636779785,192.4801025390625,74.51332092285156,82.31122589111328,95.1534652709961,36.75752639770508,1.732867956161499,1.0,83.69121551513672,10.695807456970215,53.598365783691406,29.72571563720703,101.70321655273438,49.81995391845703,17.32868003845215,18.04923439025879,508.80157470703125,392.6825866699219,100.07312774658203,263.3473205566406,53.96936798095703,111.7323989868164,125.4018325805664,208.6443328857422,50.88988494873047,19.47890853881836,131.36227416992188,102.24235534667969,138.93740844726562,72.6009750366211,125.95782470703125,48.0311279296875,92.22663879394531,107.85359191894531,71.87158966064453,571.7168579101562,125.88468933105469,103.55866241455078,108.51251983642578,27.4001407623291,149.86993408203125
TEST_04+1일,14.519110679626465,62.55866241455078,12.439626693725586,7.741257190704346,2.0114386081695557,2.15216064453125,24.405263900756836,1.732867956161499,3.512773275375366,1.0,2.4390625953674316,1.732867956161499,3.465735912322998,1.732867956161499,25.559803009033203,1.0,65.83936309814453,1.8091022968292236,1.9385571479797363,72.55007934570312,26.38673210144043,3.465735912322998,1.7887431383132935,1.0,7.150949954986572,2.7705178260803223,2.2329695224761963,103.80226135253906,20.761674880981445,9.132499694824219,7.480010509490967,9.73875904083252,5.495142936706543,3.8896446228027344,6.931471824645996,8.212249755859375,73.3210220336914,13.586134910583496,3.841869592666626,68.60403442382812,40.60592269897461,3.6940810680389404,11.783502578735352,2.3733110427856445,2.1846837997436523,7.854675769805908,1.292344093322754,8.084007263183594,1.7481034994125366,7.801097393035889,31.875986099243164,1.8085355758666992,17.847034454345703,1.732867956161499,8.245648384094238,1.9071359634399414,3.8707730770111084,3.6599764823913574,3.6253058910369873,1.8666733503341675,25.284881591796875,13.966115951538086,25.58462142944336,26.28523063659668,20.730052947998047,7.238256931304932,2.2261948585510254,3.6086015701293945,7.355657577514648,1.7642563581466675,5.768408298492432,9.357486724853516,1.9306169748306274,2.0897982120513916,8.422547340393066,10.4285888671875,1.769972562789917,3.7143101692199707,2.009408473968506,8.539610862731934,1.9359941482543945,3.623966693878174,2.0018038749694824,2.162952184677124,3.695284128189087,5.410518646240234,5.8629231452941895,5.611824035644531,6.321685791015625,12.654472351074219,82.37352752685547,3.8227944374084473,6.4565839767456055,20.718551635742188,1.7348610162734985,1.0,2.270402669906616,1.807855486869812,57.281036376953125,15.467962265014648,3.786881923675537,1.8490979671478271,16.02169418334961,1.5020335912704468,127.22830200195312,102.7801742553711,37.30406188964844,10.406935691833496,9.34267520904541,3.6075901985168457,8.605452537536621,3.529788017272949,3.8677124977111816,1.9723247289657593,1.9609375,1.8056167364120483,5.854551792144775,4.063281536102295,5.750368118286133,1.8730223178863525,3.5195538997650146,90.6634521484375,1.523824691772461,1.7117151021957397,1.4963661432266235,1.5763933658599854,1.0,1.5512306690216064,2.16225004196167,8.439611434936523,1.5318918228149414,1.5074273347854614,25.381406784057617,8.91003131866455,3.7891175746917725,9.012542724609375,5.326603889465332,1.0,3.465735912322998,16.098827362060547,1.0,1.732867956161499,4.983283519744873,3.573672294616699,71.58381652832031,69.3147201538086,91.53226470947266,163.524658203125,96.74087524414062,45.0545654296875,54.882598876953125,76.2461929321289,3.0325188636779785,187.6672821044922,74.51332092285156,82.31122589111328,87.64974212646484,35.83799743652344,1.732867956161499,1.0,81.4721450805664,10.49327278137207,53.165069580078125,29.719335556030273,100.39836120605469,49.81995391845703,17.32868003845215,15.000228881835938,506.25714111328125,390.5628356933594,100.07312774658203,261.2372131347656,53.719295501708984,109.18161010742188,121.9390869140625,205.33348083496094,49.825401306152344,19.066621780395508,130.87623596191406,101.37811279296875,62.05845642089844,37.94076156616211,69.71975708007812,25.43243980407715,48.821388244628906,51.20603942871094,29.839984893798828,216.08981323242188,52.70294189453125,43.53065872192383,90.22938537597656,21.971256256103516,36.734188079833984
TEST_04+2일,14.516630172729492,61.69574737548828,12.43895149230957,7.741734027862549,2.012899398803711,2.1328976154327393,24.406646728515625,1.732867956161499,3.5129799842834473,1.0,2.378173828125,1.732867956161499,3.465735912322998,1.732867956161499,25.559803009033203,1.0,66.12312316894531,1.8089021444320679,1.943859577178955,72.81967163085938,26.46396255493164,3.465735912322998,1.7888028621673584,1.0,7.149777889251709,2.8107614517211914,2.2845702171325684,103.79942321777344,20.75605583190918,9.131824493408203,7.4808502197265625,9.738584518432617,5.4951019287109375,3.889967918395996,6.931471824645996,8.213481903076172,73.32290649414062,13.585113525390625,3.8410391807556152,68.60474395751953,40.60087203979492,3.6931662559509277,11.783502578735352,2.3905739784240723,2.2025082111358643,7.854844093322754,1.2384577989578247,8.084105491638184,1.7485382556915283,7.800369739532471,31.87688446044922,1.822150707244873,17.846113204956055,1.732867956161499,8.24614429473877,1.9398107528686523,3.872002124786377,3.6605403423309326,3.6244630813598633,1.859337329864502,25.28508758544922,13.965249061584473,25.584810256958008,26.286542892456055,20.727632522583008,7.2365641593933105,2.1546332836151123,3.608518123626709,7.3561906814575195,1.7630635499954224,5.770538330078125,9.357486724853516,1.940688133239746,2.088178873062134,8.424010276794434,10.428609848022461,1.7688703536987305,3.7152247428894043,2.0134453773498535,8.540105819702148,1.928858995437622,3.6240622997283936,1.9850753545761108,2.1643168926239014,3.6959166526794434,5.410665512084961,5.862367630004883,5.611790180206299,6.322665214538574,12.653732299804688,81.98662567138672,3.822741985321045,6.4572882652282715,20.718555450439453,1.7348864078521729,1.0,2.2824647426605225,1.8078936338424683,57.27981185913086,15.468853950500488,3.786914348602295,1.8491703271865845,16.019214630126953,1.5021339654922485,127.55622863769531,102.7274398803711,37.301151275634766,10.406702041625977,9.343703269958496,3.6073317527770996,8.605587005615234,3.529839277267456,3.8677406311035156,1.9580206871032715,1.9552476406097412,1.8045661449432373,5.854132175445557,4.062844276428223,5.75144100189209,1.8691939115524292,3.5199246406555176,90.5060806274414,1.5236716270446777,1.7116005420684814,1.4964001178741455,1.5763216018676758,1.0,1.5510244369506836,2.16215181350708,8.44284439086914,1.5317143201828003,1.507228136062622,28.469650268554688,8.910192489624023,3.770744800567627,9.01284408569336,5.3264946937561035,1.0,3.465735912322998,16.099027633666992,1.0,1.732867956161499,4.983345985412598,3.5731863975524902,71.58379364013672,69.3147201538086,89.71786499023438,163.6262664794922,96.73970794677734,45.0545654296875,54.88280487060547,76.2461929321289,3.0325188636779785,187.6645965576172,74.51332092285156,82.31122589111328,87.65026092529297,35.838134765625,1.732867956161499,1.0,81.47216033935547,10.493294715881348,53.16653060913086,29.719465255737305,100.39585876464844,49.81995391845703,17.32868003845215,14.99804973602295,506.2569580078125,390.5622863769531,100.07312774658203,261.23724365234375,53.719295501708984,109.18164825439453,121.93913269042969,205.33326721191406,49.82542037963867,19.066635131835938,130.87655639648438,101.37808990478516,62.21601867675781,37.905029296875,69.89119720458984,25.472806930541992,48.69264602661133,51.03558349609375,29.75725555419922,215.0109405517578,52.71271514892578,43.37171936035156,90.23723602294922,21.96131134033203,36.50178527832031
TEST_04+3일,14.517984390258789,60.6572265625,12.441760063171387,7.743340492248535,2.011425495147705,2.153038501739502,24.400733947753906,1.732867956161499,3.512343406677246,1.0,2.406651735305786,1.732867956161499,3.465735912322998,1.732867956161499,25.559803009033203,1.0,66.23745727539062,1.809180736541748,1.9400949478149414,72.54945373535156,26.385746002197266,3.465735912322998,1.7889498472213745,1.0,7.149231433868408,2.7830827236175537,2.172086238861084,103.73296356201172,20.7592716217041,9.13189697265625,7.480420112609863,9.737311363220215,5.4950385093688965,3.888589382171631,6.931471824645996,8.213653564453125,73.3204116821289,13.585957527160645,3.8414626121520996,68.59841918945312,40.605140686035156,3.6936936378479004,11.783502578735352,2.42617130279541,2.165015697479248,7.85481071472168,1.3064227104187012,8.083569526672363,1.7496473789215088,7.8003668785095215,31.874902725219727,1.812201738357544,17.84720802307129,1.732867956161499,8.24620246887207,1.9125628471374512,3.8729381561279297,3.660877227783203,3.625725746154785,1.8647871017456055,25.285247802734375,13.966043472290039,25.58509063720703,26.28755760192871,20.727766036987305,7.236077308654785,2.23518705368042,3.608417510986328,7.356243133544922,1.7628028392791748,5.770384311676025,9.357486724853516,1.9315309524536133,2.0877511501312256,8.419527053833008,10.428606986999512,1.7734664678573608,3.714613676071167,2.0354065895080566,8.543111801147461,1.9278298616409302,3.6240768432617188,1.9356608390808105,2.1864635944366455,3.696255683898926,5.411121845245361,5.862038612365723,5.611937046051025,6.318330764770508,12.6539945602417,82.18669128417969,3.8225910663604736,6.457305431365967,20.718677520751953,1.7348473072052002,1.0,2.2923927307128906,1.8075072765350342,57.282264709472656,15.46902847290039,3.7877893447875977,1.8525454998016357,16.01839828491211,1.50203275680542,127.5211181640625,102.74658203125,37.29743576049805,10.406499862670898,9.342805862426758,3.6067800521850586,8.6061429977417,3.5300076007843018,3.8671140670776367,1.955756425857544,1.9612395763397217,1.806072473526001,5.854153156280518,4.065501689910889,5.753309726715088,1.874556541442871,3.5196352005004883,89.73263549804688,1.5238752365112305,1.7118111848831177,1.4965428113937378,1.576445460319519,1.0,1.5510121583938599,2.161933183670044,8.439984321594238,1.531956434249878,1.5071831941604614,29.677688598632812,8.909912109375,3.7761387825012207,9.012765884399414,5.326604843139648,1.0,3.465735912322998,16.099802017211914,1.0,1.732867956161499,4.983365058898926,3.5732569694519043,71.58390808105469,69.3147201538086,85.79048156738281,163.47373962402344,96.73958587646484,45.0545654296875,54.88248825073242,76.2461929321289,3.0325188636779785,187.66867065429688,74.51332092285156,82.31122589111328,87.65185546875,35.83832550048828,1.732867956161499,1.0,81.47311401367188,10.493258476257324,53.16503143310547,29.71894645690918,100.39502716064453,49.81995391845703,17.32868003845215,14.99915885925293,506.25677490234375,390.5622863769531,100.07312774658203,261.23724365234375,53.719295501708984,109.18164825439453,121.93942260742188,205.3335418701172,49.825401306152344,19.066648483276367,130.87632751464844,101.37811279296875,62.571632385253906,37.875370025634766,69.6767578125,25.46742820739746,48.6131591796875,51.14923095703125,29.7065372467041,213.843017578125,52.74810028076172,44.176353454589844,90.22503662109375,21.953561782836914,36.46324157714844
TEST_04+4일,14.51616382598877,60.94995880126953,12.440112113952637,7.742913722991943,2.009782314300537,2.174273729324341,24.398555755615234,1.732867956161499,3.512084722518921,1.0,2.4524762630462646,1.732867956161499,3.465735912322998,1.732867956161499,25.559803009033203,1.0,64.19014739990234,1.808810830116272,1.9011447429656982,72.46904754638672,26.398090362548828,3.465735912322998,1.7891968488693237,1.0,7.1479973793029785,2.647998571395874,2.4140210151672363,103.81163787841797,20.759254455566406,9.131627082824707,7.4794697761535645,9.737008094787598,5.495499134063721,3.8889482021331787,6.931471824645996,8.213454246520996,73.31946563720703,13.583827018737793,3.841451644897461,68.60838317871094,40.60708236694336,3.693802833557129,11.783502578735352,2.4055118560791016,2.1670329570770264,7.85488748550415,1.3199517726898193,8.084516525268555,1.748584508895874,7.800382614135742,31.87635612487793,1.8182342052459717,17.845735549926758,1.732867956161499,8.246501922607422,1.9103035926818848,3.8720626831054688,3.6603810787200928,3.6258742809295654,1.8624446392059326,25.285743713378906,13.965190887451172,25.58270835876465,26.287734985351562,20.728452682495117,7.238649845123291,2.1885318756103516,3.608642101287842,7.355545997619629,1.764073371887207,5.770534515380859,9.357486724853516,1.9723063707351685,2.0882863998413086,8.422605514526367,10.428521156311035,1.7710883617401123,3.7151525020599365,2.015623092651367,8.54242992401123,1.9415897130966187,3.6243300437927246,1.9273113012313843,2.194514751434326,3.6957387924194336,5.411153793334961,5.863046646118164,5.611861228942871,6.319175720214844,12.653958320617676,81.6219482421875,3.823561191558838,6.456207752227783,20.719573974609375,1.73485267162323,1.0,2.3111917972564697,1.807462453842163,57.28045654296875,15.470436096191406,3.788083553314209,1.8486323356628418,16.018310546875,1.5020344257354736,127.16664123535156,102.76651763916016,37.29718017578125,10.406780242919922,9.342620849609375,3.6071972846984863,8.605379104614258,3.5299477577209473,3.8674113750457764,2.030125617980957,1.956641674041748,1.8044466972351074,5.854630947113037,4.063291072845459,5.749946117401123,1.8703789710998535,3.519704580307007,89.47476196289062,1.5236889123916626,1.7116634845733643,1.4966275691986084,1.5769299268722534,1.0,1.5508548021316528,2.161972999572754,8.440059661865234,1.53202223777771,1.5072671175003052,27.91407585144043,8.910083770751953,3.807917833328247,9.012264251708984,5.326573848724365,1.0,3.465735912322998,16.09890365600586,1.0,1.732867956161499,4.9830522537231445,3.5734424591064453,71.58366394042969,69.3147201538086,88.04447174072266,163.4829864501953,96.74034881591797,45.0545654296875,54.8826904296875,76.2461929321289,3.0325188636779785,187.6677703857422,74.51332092285156,82.31122589111328,87.65196228027344,35.838165283203125,1.732867956161499,1.0,81.47166442871094,10.493233680725098,53.167205810546875,29.718353271484375,100.3962631225586,49.81995391845703,17.32868003845215,14.999021530151367,506.2572021484375,390.5622863769531,100.07312774658203,261.23724365234375,53.719295501708984,109.18164825439453,121.9395980834961,205.3335418701172,49.8254280090332,19.066621780395508,130.87625122070312,101.37811279296875,61.50965118408203,37.8824577331543,69.58625030517578,25.416982650756836,48.63827133178711,51.013797760009766,29.7548828125,214.51339721679688,52.766082763671875,43.729530334472656,90.22980499267578,21.940250396728516,36.42014694213867
TEST_04+5일,14.514082908630371,61.845794677734375,12.438982963562012,7.742672920227051,2.011443614959717,2.136988401412964,24.406936645507812,1.732867956161499,3.5118839740753174,1.0,2.422631025314331,1.732867956161499,3.465735912322998,1.732867956161499,25.559803009033203,1.0,66.23597717285156,1.809204339981079,1.9653481245040894,72.62447357177734,26.385473251342773,3.465735912322998,1.7894619703292847,1.0,7.145853042602539,2.780848741531372,2.3620364665985107,103.81330108642578,20.758079528808594,9.132367134094238,7.480535507202148,9.73868465423584,5.495189666748047,3.890077590942383,6.931471824645996,8.21422004699707,73.32390594482422,13.584609031677246,3.8399553298950195,68.60305786132812,40.60481262207031,3.693397045135498,11.783502578735352,2.3813741207122803,2.1756954193115234,7.854397296905518,1.27257239818573,8.083736419677734,1.7490488290786743,7.800844192504883,31.87635612487793,1.8181493282318115,17.846845626831055,1.732867956161499,8.245832443237305,1.9116408824920654,3.874075412750244,3.6599974632263184,3.625164031982422,1.8700675964355469,25.285280227661133,13.963628768920898,25.58759117126465,26.286643981933594,20.730005264282227,7.23939323425293,2.116488218307495,3.6085736751556396,7.3560051918029785,1.7633836269378662,5.76956844329834,9.357486724853516,1.9661659002304077,2.087359666824341,8.424888610839844,10.428556442260742,1.7692822217941284,3.7156059741973877,2.0291330814361572,8.541558265686035,1.9164893627166748,3.6250433921813965,1.9298458099365234,2.1900548934936523,3.696641683578491,5.410478591918945,5.864167213439941,5.611795902252197,6.31963586807251,12.653809547424316,81.56571197509766,3.8228540420532227,6.456387042999268,20.71830940246582,1.7348930835723877,1.0,2.2659966945648193,1.807507872581482,57.28123092651367,15.468561172485352,3.7866945266723633,1.8483370542526245,16.018705368041992,1.5021710395812988,127.72888946533203,102.74557495117188,37.301361083984375,10.407193183898926,9.344048500061035,3.607186794281006,8.605887413024902,3.5298826694488525,3.8674652576446533,1.9905728101730347,1.9569625854492188,1.8054213523864746,5.85444974899292,4.06249475479126,5.751871585845947,1.867896556854248,3.5195956230163574,87.65394592285156,1.5236575603485107,1.711665153503418,1.496586561203003,1.5765655040740967,1.0,1.5511990785598755,2.162144184112549,8.439732551574707,1.5320106744766235,1.5076271295547485,27.527833938598633,8.909772872924805,3.777221441268921,9.012523651123047,5.326541900634766,1.0,3.465735912322998,16.099000930786133,1.0,1.732867956161499,4.983867168426514,3.5733983516693115,71.58350372314453,69.3147201538086,88.95589447021484,163.9390869140625,96.73894500732422,45.0545654296875,54.88280487060547,76.2461929321289,3.0325188636779785,187.6665496826172,74.51332092285156,82.31122589111328,87.65167999267578,35.83839416503906,1.732867956161499,1.0,81.47279357910156,10.493441581726074,53.16547775268555,29.718856811523438,100.39723205566406,49.81995391845703,17.32868003845215,14.998575210571289,506.2566833496094,390.56243896484375,100.07312774658203,261.2373046875,53.719295501708984,109.18164825439453,121.93930053710938,205.3335418701172,49.82542037963867,19.066631317138672,130.87669372558594,101.3780746459961,61.724369049072266,37.852195739746094,69.53736877441406,25.421035766601562,48.584102630615234,51.03602981567383,29.70691680908203,213.47723388671875,52.78791809082031,43.56238555908203,90.21379089355469,21.957374572753906,36.38376998901367
TEST_04+6일,14.514403343200684,61.37793731689453,12.44311809539795,7.742935657501221,2.0087826251983643,2.17110538482666,24.405498504638672,1.732867956161499,3.5117695331573486,1.0,2.4597787857055664,1.732867956161499,3.465735912322998,1.732867956161499,25.559803009033203,1.0,65.82975006103516,1.8090306520462036,1.917950987815857,72.52180480957031,26.407861709594727,3.465735912322998,1.7892050743103027,1.0,7.136842727661133,2.761079788208008,2.4298646450042725,103.78634643554688,20.761276245117188,9.130830764770508,7.480071067810059,9.737085342407227,5.495192050933838,3.8899598121643066,6.931471824645996,8.217374801635742,73.32313537597656,13.589696884155273,3.8399288654327393,68.60198211669922,40.600196838378906,3.693608283996582,11.783502578735352,2.3349099159240723,2.1869308948516846,7.854808330535889,1.3151800632476807,8.084005355834961,1.747542381286621,7.8007707595825195,31.876527786254883,1.811009168624878,17.847034454345703,1.732867956161499,8.246099472045898,1.8936388492584229,3.8757200241088867,3.660691738128662,3.6245222091674805,1.8747551441192627,25.285743713378906,13.966992378234863,25.584354400634766,26.286174774169922,20.73249626159668,7.2376580238342285,2.2253811359405518,3.6086061000823975,7.356331825256348,1.7633674144744873,5.769197940826416,9.357486724853516,1.9357531070709229,2.0877685546875,8.42216682434082,10.428513526916504,1.7692592144012451,3.7155306339263916,2.001749038696289,8.542800903320312,1.9163753986358643,3.6240806579589844,1.941533088684082,2.1853437423706055,3.69582462310791,5.411268711090088,5.864053726196289,5.611865997314453,6.319586753845215,12.654345512390137,81.76582336425781,3.822816848754883,6.456938743591309,20.71810531616211,1.7348897457122803,1.0,2.3012328147888184,1.8074990510940552,57.28401184082031,15.469066619873047,3.790205955505371,1.849133014678955,16.0184326171875,1.5019845962524414,127.2069320678711,102.75296020507812,37.30056381225586,10.406564712524414,9.344310760498047,3.6072349548339844,8.606141090393066,3.529874801635742,3.867997646331787,2.000000238418579,1.9625579118728638,1.8044681549072266,5.854700565338135,4.063433647155762,5.751230239868164,1.8698368072509766,3.5197787284851074,92.11103057861328,1.5239275693893433,1.7118161916732788,1.496543049812317,1.5762553215026855,1.0,1.5510034561157227,2.1620895862579346,8.440180778503418,1.5318747758865356,1.5070916414260864,29.073421478271484,8.91034984588623,3.807006359100342,9.012551307678223,5.326702117919922,1.0,3.465735912322998,16.099687576293945,1.0,1.732867956161499,4.9834184646606445,3.5734915733337402,71.58335876464844,69.3147201538086,89.7729721069336,163.667724609375,96.73921966552734,45.0545654296875,54.8819580078125,76.2461929321289,3.0325188636779785,187.66790771484375,74.51332092285156,82.31122589111328,87.65064239501953,35.83839416503906,1.732867956161499,1.0,81.47185516357422,10.493406295776367,53.165428161621094,29.719242095947266,100.39630126953125,49.81995391845703,17.32868003845215,14.9989652633667,506.2574768066406,390.5623779296875,100.07312774658203,261.2373046875,53.719295501708984,109.18161010742188,121.9395980834961,205.3333740234375,49.82542037963867,19.06662940979004,130.87655639648438,101.37808990478516,61.525047302246094,37.86375427246094,69.59235382080078,25.398845672607422,48.58164978027344,51.04744338989258,29.730499267578125,213.03195190429688,53.00982666015625,43.4713134765625,90.22760772705078,21.972166061401367,36.38804626464844
TEST_04+7일,14.516090393066406,60.66873550415039,12.439312934875488,7.742308616638184,2.009422540664673,2.157952070236206,24.41447639465332,1.732867956161499,3.5128016471862793,1.0,2.4418749809265137,1.732867956161499,3.465735912322998,1.732867956161499,25.559803009033203,1.0,64.62057495117188,1.8090746402740479,1.9195520877838135,72.58900451660156,26.42770767211914,3.465735912322998,1.7893774509429932,1.0,7.147963047027588,2.915990114212036,2.4287335872650146,103.76485443115234,20.757862091064453,9.131958961486816,7.479931831359863,9.737048149108887,5.495298385620117,3.8898539543151855,6.931471824645996,8.221872329711914,73.3233871459961,13.588799476623535,3.841252088546753,68.60391998291016,40.60790252685547,3.6929452419281006,11.783502578735352,2.345996618270874,2.1526947021484375,7.854920864105225,1.3118828535079956,8.084147453308105,1.7477524280548096,7.800532341003418,31.87668800354004,1.8164645433425903,17.84589958190918,1.732867956161499,8.246114730834961,1.9075738191604614,3.872117519378662,3.661261558532715,3.6246349811553955,1.8702514171600342,25.285438537597656,13.964593887329102,25.585132598876953,26.284616470336914,20.728588104248047,7.238282203674316,2.1630282402038574,3.608504295349121,7.35621976852417,1.7639753818511963,5.769700527191162,9.357486724853516,2.010138511657715,2.086792230606079,8.420524597167969,10.428609848022461,1.7696199417114258,3.7152938842773438,2.0082240104675293,8.542631149291992,1.916225552558899,3.6241073608398438,1.9570767879486084,2.1681249141693115,3.6976547241210938,5.4111433029174805,5.865464210510254,5.611626148223877,6.316751003265381,12.65349006652832,81.97610473632812,3.822415351867676,6.4560065269470215,20.71895980834961,1.734866976737976,1.0,2.3219690322875977,1.807594895362854,57.28837585449219,15.468398094177246,3.7876768112182617,1.8477535247802734,16.018463134765625,1.5020605325698853,127.01781463623047,102.74578094482422,37.293548583984375,10.406778335571289,9.343088150024414,3.6072888374328613,8.605496406555176,3.529907464981079,3.8671278953552246,2.0761427879333496,1.9865689277648926,1.8083006143569946,5.854880332946777,4.06230354309082,5.749239921569824,1.8661458492279053,3.5197277069091797,90.04422760009766,1.5236477851867676,1.7117459774017334,1.4963247776031494,1.5762434005737305,1.0,1.5511153936386108,2.1620163917541504,8.44054126739502,1.531867265701294,1.5073606967926025,27.656291961669922,8.909958839416504,3.7660133838653564,9.013168334960938,5.326549053192139,1.0,3.465735912322998,16.099294662475586,1.0,1.732867956161499,4.983209133148193,3.57351016998291,71.58451843261719,69.3147201538086,86.58082580566406,163.51596069335938,96.74099731445312,45.0545654296875,54.8817138671875,76.2461929321289,3.0325188636779785,187.67062377929688,74.51332092285156,82.31122589111328,87.6511001586914,35.83858108520508,1.732867956161499,1.0,81.47232055664062,10.493290901184082,53.16503143310547,29.718856811523438,100.39594268798828,49.81995391845703,17.32868003845215,14.998806953430176,506.2569580078125,390.56243896484375,100.07312774658203,261.23724365234375,53.719295501708984,109.18164825439453,121.9395980834961,205.33340454101562,49.825401306152344,19.06662940979004,130.87664794921875,101.3780746459961,61.65293502807617,37.87492370605469,69.64866638183594,25.415372848510742,48.589725494384766,50.99589538574219,29.74188995361328,214.161865234375,52.96381378173828,43.777896881103516,90.22418975830078,21.966550827026367,36.38485336303711
TEST_05+1일,15.08968448638916,51.98603820800781,12.609718322753906,7.1559977531433105,1.732867956161499,3.891538619995117,19.12494659423828,1.732867956161499,3.9051833152770996,1.0,1.732867956161499,1.732867956161499,3.465735912322998,1.732867956161499,25.559803009033203,1.0,53.71890640258789,1.8252729177474976,1.7990933656692505,65.84898376464844,23.826934814453125,3.7518951892852783,1.732867956161499,1.0,1.0,1.0,1.2745864391326904,93.1721420288086,21.19269371032715,9.638113021850586,7.4983601570129395,9.975165367126465,5.568061828613281,3.781615734100342,6.931471824645996,7.792906761169434,74.54412841796875,13.6992826461792,4.035304069519043,68.03570556640625,42.4505500793457,3.7102622985839844,11.783502578735352,2.0765693187713623,1.9111043214797974,7.938681125640869,1.0,8.192506790161133,1.8719069957733154,8.33845043182373,33.6202507019043,2.2531511783599854,17.21514129638672,2.2202272415161133,7.374853610992432,1.8319077491760254,3.5993027687072754,3.7162864208221436,3.564208984375,1.919602632522583,28.217594146728516,14.739331245422363,24.241579055786133,27.039892196655273,19.950632095336914,7.185776710510254,2.0166523456573486,3.8141136169433594,7.803757190704346,2.0973148345947266,5.698574542999268,9.995750427246094,1.7859529256820679,1.8188774585723877,8.338092803955078,10.554823875427246,1.9076632261276245,3.7779297828674316,2.0194931030273438,8.32453727722168,2.0933775901794434,3.7630298137664795,2.092738628387451,2.1103897094726562,4.016599178314209,6.0402936935424805,5.849311351776123,5.521646976470947,6.113814353942871,12.765742301940918,71.5202407836914,3.794065475463867,6.705123424530029,21.055742263793945,1.7629575729370117,1.4751884937286377,2.0636308193206787,1.732867956161499,55.5826416015625,15.985882759094238,4.30288028717041,2.1016294956207275,15.395299911499023,1.4715958833694458,125.24127960205078,108.17643737792969,42.988868713378906,10.167256355285645,9.37692642211914,3.746049165725708,9.384127616882324,3.505274772644043,3.7744367122650146,1.7918051481246948,1.8738601207733154,1.9069223403930664,6.258181571960449,3.745335578918457,5.907631874084473,2.1646807193756104,3.605877161026001,1.0,1.3862943649291992,1.4714640378952026,1.3862943649291992,1.4139885902404785,1.0,1.3873684406280518,1.732867956161499,7.0312066078186035,1.3862943649291992,1.3862943649291992,9.517923355102539,9.714821815490723,4.299591064453125,9.148449897766113,5.497791290283203,1.5158025026321411,3.799753189086914,18.01753807067871,1.5361945629119873,2.9409239292144775,5.285476207733154,3.8037240505218506,81.88572692871094,77.45226287841797,69.31431579589844,83.10710906982422,107.23109436035156,53.332908630371094,62.08189010620117,76.2461929321289,3.5874218940734863,217.78439331054688,92.76929473876953,101.65533447265625,96.6782455444336,40.88246536254883,2.1653990745544434,60.77890396118164,91.49046325683594,11.456026077270508,58.93463134765625,32.59843444824219,114.87110137939453,61.332462310791016,21.152809143066406,13.862943649291992,592.4927368164062,436.6705627441406,111.85598754882812,314.4737854003906,60.467227935791016,124.02788543701172,135.55581665039062,239.4767303466797,58.2052001953125,20.79588508605957,147.3147430419922,113.02045440673828,55.018558502197266,36.390228271484375,65.41576385498047,24.260150909423828,45.0545654296875,48.08708572387695,27.725887298583984,191.91513061523438,50.253170013427734,36.390228271484375,88.37626647949219,20.794414520263672,32.92449188232422
TEST_05+2일,15.082884788513184,51.98603820800781,12.608420372009277,7.156387805938721,1.732867956161499,3.735917091369629,19.12543296813965,1.732867956161499,3.9081521034240723,1.0,1.732867956161499,1.732867956161499,3.465735912322998,1.732867956161499,25.559803009033203,1.0,53.71890640258789,1.8249750137329102,1.8009910583496094,65.84898376464844,23.826934814453125,3.7352261543273926,1.732867956161499,1.0,1.0,1.0,1.2878406047821045,93.17144775390625,21.179912567138672,9.635923385620117,7.4999589920043945,9.975011825561523,5.567963600158691,3.782043695449829,6.931471824645996,7.794140815734863,74.54795837402344,13.697227478027344,4.0339250564575195,68.03704833984375,42.430274963378906,3.7087111473083496,11.783502578735352,2.0839340686798096,1.905359148979187,7.939017295837402,1.0,8.192727088928223,1.865684986114502,8.33479118347168,33.623687744140625,2.3772759437561035,17.214263916015625,2.1678459644317627,7.375155448913574,1.861674189567566,3.5997390747070312,3.7173378467559814,3.5637590885162354,1.9076627492904663,28.219409942626953,14.737199783325195,24.241825103759766,27.04358673095703,19.949199676513672,7.184460639953613,1.9679713249206543,3.8138177394866943,7.805221080780029,2.086264133453369,5.701437473297119,9.99415397644043,1.786908507347107,1.8183200359344482,8.339713096618652,10.55496883392334,1.9069597721099854,3.7797598838806152,2.063292980194092,8.325175285339355,2.088404655456543,3.763275146484375,2.038905382156372,2.119155168533325,4.018235683441162,6.041109561920166,5.848066806793213,5.5215983390808105,6.115283966064453,12.764135360717773,71.43888854980469,3.793948173522949,6.706865310668945,21.0557861328125,1.7633633613586426,1.4218108654022217,2.0503787994384766,1.732867956161499,55.58144760131836,15.987998962402344,4.303011417388916,2.1019034385681152,15.39457893371582,1.4717429876327515,124.3211441040039,108.01719665527344,42.97607421875,10.166953086853027,9.378503799438477,3.745354652404785,9.384861946105957,3.505312442779541,3.7744741439819336,1.7901611328125,1.8697493076324463,1.9031026363372803,6.256359100341797,3.7451415061950684,5.909045219421387,2.149383783340454,3.6068930625915527,1.0,1.3862943649291992,1.4714237451553345,1.3862943649291992,1.4139752388000488,1.0,1.3873660564422607,1.732867956161499,7.031569957733154,1.3862943649291992,1.3862943649291992,10.593280792236328,9.71570873260498,4.256503105163574,9.148991584777832,5.497358798980713,1.4785771369934082,3.80159854888916,18.018346786499023,1.5059596300125122,2.902052402496338,5.285677433013916,3.8022079467773438,81.88513946533203,77.43807983398438,69.31429290771484,83.11663818359375,107.21214294433594,53.33028793334961,62.08417892456055,76.2461929321289,3.5902516841888428,217.73033142089844,92.74166107177734,101.61720275878906,96.68334197998047,40.88447189331055,2.1664211750030518,64.3961410522461,91.49126434326172,11.456414222717285,58.94873046875,32.59859085083008,114.8170394897461,61.33625793457031,21.163118362426758,13.862943649291992,592.4342041015625,436.5455017089844,111.85969543457031,314.5240173339844,60.47681427001953,124.04988861083984,135.55638122558594,239.41648864746094,58.213035583496094,20.799861907958984,147.3466339111328,113.00902557373047,55.018558502197266,36.390228271484375,65.41576385498047,24.260150909423828,45.0545654296875,48.08708572387695,27.725887298583984,191.91513061523438,50.253170013427734,36.390228271484375,88.37626647949219,20.794414520263672,32.92449188232422
TEST_05+3일,15.087326049804688,51.98603820800781,12.613799095153809,7.1578779220581055,1.732867956161499,3.8934707641601562,19.12369155883789,1.732867956161499,3.900179386138916,1.0,1.732867956161499,1.732867956161499,3.465735912322998,1.732867956161499,25.559803009033203,1.0,53.71890640258789,1.8253899812698364,1.8018805980682373,65.84898376464844,23.826934814453125,3.7219228744506836,1.732867956161499,1.0,1.0,1.0,1.2607423067092896,93.14762878417969,21.187339782714844,9.636157989501953,7.4991655349731445,9.972891807556152,5.567807197570801,3.7804198265075684,6.931471824645996,7.7939772605896,74.54277801513672,13.69878101348877,4.034402847290039,68.02827453613281,42.44640350341797,3.70963191986084,11.783502578735352,2.114720582962036,1.8999898433685303,7.9389848709106445,1.0,8.191436767578125,1.873798131942749,8.334545135498047,33.616336822509766,2.3160223960876465,17.215591430664062,2.1943206787109375,7.375193119049072,1.83677339553833,3.6001036167144775,3.7179386615753174,3.564361095428467,1.9145827293395996,28.22089195251465,14.739789009094238,24.242202758789062,27.04606819152832,19.94920539855957,7.1841912269592285,2.00433349609375,3.8134658336639404,7.805459022521973,2.0835886001586914,5.701103210449219,9.994108200073242,1.785463809967041,1.8182802200317383,8.335643768310547,10.554962158203125,1.9295341968536377,3.7785804271698,2.1013312339782715,8.329126358032227,2.0862674713134766,3.7633094787597656,1.9807379245758057,2.1373090744018555,4.018877029418945,6.043647766113281,5.847963809967041,5.52181339263916,6.110106945037842,12.764665603637695,71.4676513671875,3.793778896331787,6.706791400909424,21.056018829345703,1.7627232074737549,1.4740016460418701,2.065920114517212,1.732867956161499,55.58384704589844,15.988568305969238,4.30548620223999,2.115323066711426,15.394323348999023,1.4716081619262695,124.37452697753906,108.0792465209961,42.94974899291992,10.166648864746094,9.377177238464355,3.7437665462493896,9.387761116027832,3.5054447650909424,3.773752450942993,1.788521409034729,1.8739349842071533,1.908078908920288,6.256458759307861,3.746378183364868,5.911398887634277,2.1704835891723633,3.606172800064087,1.0,1.3862943649291992,1.4714936017990112,1.3862943649291992,1.4139994382858276,1.0,1.3873660564422607,1.732867956161499,7.031244277954102,1.3862943649291992,1.3862943649291992,11.129040718078613,9.713969230651855,4.252768516540527,9.148902893066406,5.497742652893066,1.5902771949768066,3.8017024993896484,18.02247428894043,1.548762559890747,2.9986259937286377,5.285735130310059,3.802424669265747,81.88849639892578,77.44705963134766,69.3143081665039,83.10311889648438,107.20983123779297,53.34440612792969,62.07969665527344,76.2461929321289,3.5865859985351562,217.81951904296875,92.77223205566406,101.60999298095703,96.6937484741211,40.8880500793457,2.165635824203491,57.92082595825195,91.51343536376953,11.455863952636719,58.93367004394531,32.596221923828125,114.79946899414062,61.34027862548828,21.16809844970703,13.862943649291992,592.4107666015625,436.5396423339844,111.85569763183594,314.5352478027344,60.4724006652832,124.05409240722656,135.61659240722656,239.49452209472656,58.204925537109375,20.804054260253906,147.32044982910156,113.01539611816406,55.018558502197266,36.390228271484375,65.41576385498047,24.260150909423828,45.0545654296875,48.08708572387695,27.725887298583984,191.91513061523438,50.253170013427734,36.390228271484375,88.37626647949219,20.794414520263672,32.92449188232422
TEST_05+4일,15.08182144165039,51.98603820800781,12.610610008239746,7.157436370849609,1.732867956161499,4.138032913208008,19.12311363220215,1.732867956161499,3.8969497680664062,1.0,1.732867956161499,1.732867956161499,3.465735912322998,1.732867956161499,25.559803009033203,1.0,53.71890640258789,1.8248291015625,1.7919189929962158,65.84898376464844,23.826934814453125,3.7609517574310303,1.732867956161499,1.0,1.0,1.0,1.3278672695159912,93.1738052368164,21.18748664855957,9.635214805603027,7.497353553771973,9.972452163696289,5.568752765655518,3.780839681625366,6.931471824645996,7.794287204742432,74.54045104980469,13.694735527038574,4.034567832946777,68.04147338867188,42.45481872558594,3.7097959518432617,11.783502578735352,2.0915417671203613,1.8935987949371338,7.939094066619873,1.0,8.193713188171387,1.864522933959961,8.334733963012695,33.62150573730469,2.358999013900757,17.213951110839844,2.2294321060180664,7.375389099121094,1.8333501815795898,3.5997543334960938,3.717057466506958,3.564453601837158,1.911109209060669,28.225372314453125,14.737781524658203,24.239788055419922,27.04661750793457,19.949703216552734,7.186076641082764,1.979175090789795,3.8143208026885986,7.803499221801758,2.095385789871216,5.701238632202148,9.997843742370605,1.789996862411499,1.8183213472366333,8.338057518005371,10.554381370544434,1.923664927482605,3.779716730117798,2.0563464164733887,8.328238487243652,2.0944833755493164,3.7638542652130127,1.9597618579864502,2.1446409225463867,4.017734527587891,6.043947219848633,5.849196910858154,5.521703720092773,6.110815048217773,12.76460075378418,71.37974548339844,3.795222043991089,6.704089164733887,21.057849884033203,1.7628097534179688,1.518695592880249,2.0847771167755127,1.732867956161499,55.58211135864258,15.992525100708008,4.306221961975098,2.0997583866119385,15.394285202026367,1.4716037511825562,123.90991973876953,108.1331787109375,42.94536590576172,10.167037010192871,9.376827239990234,3.7449381351470947,9.38358211517334,3.5053954124450684,3.77409029006958,1.8047739267349243,1.8710062503814697,1.902774691581726,6.258563995361328,3.745354175567627,5.907036304473877,2.1536760330200195,3.6063036918640137,1.0,1.3862943649291992,1.4714467525482178,1.3862943649291992,1.414106845855713,1.0,1.3873646259307861,1.732867956161499,7.0312604904174805,1.3862943649291992,1.3862943649291992,10.472498893737793,9.715126991271973,4.304406642913818,9.148093223571777,5.497666358947754,1.4771628379821777,3.7996082305908203,18.017711639404297,1.6620453596115112,2.9505860805511475,5.284740924835205,3.803041458129883,81.88329315185547,77.43221282958984,69.31432342529297,83.10181427001953,107.22286224365234,53.337982177734375,62.082603454589844,76.2461929321289,3.5892791748046875,217.79751586914062,92.80631256103516,101.66144561767578,96.69440460205078,40.88494110107422,2.1636438369750977,60.47351837158203,91.47960662841797,11.455368995666504,58.95730209350586,32.59227752685547,114.82382202148438,61.33206558227539,21.16776466369629,13.862943649291992,592.5402221679688,436.54534912109375,111.88007354736328,314.5282897949219,60.466854095458984,124.072021484375,135.64529418945312,239.49270629882812,58.221954345703125,20.795265197753906,147.3137664794922,113.0306625366211,55.018558502197266,36.390228271484375,65.41576385498047,24.260150909423828,45.0545654296875,48.08708572387695,27.725887298583984,191.91513061523438,50.253170013427734,36.390228271484375,88.37626647949219,20.794414520263672,32.92449188232422
TEST_05+5일,15.075475692749023,51.98603820800781,12.60850715637207,7.157252311706543,1.732867956161499,3.8896374702453613,19.125499725341797,1.732867956161499,3.894423007965088,1.0,1.732867956161499,1.732867956161499,3.465735912322998,1.732867956161499,25.559803009033203,1.0,53.71890640258789,1.8254659175872803,1.8116357326507568,65.84898376464844,23.826934814453125,3.7386927604675293,1.732867956161499,1.0,1.0,1.0,1.322153091430664,93.17537689208984,21.184659957885742,9.637678146362305,7.499412536621094,9.975095748901367,5.568119049072266,3.7822139263153076,6.931471824645996,7.795085430145264,74.55020904541016,13.696436882019043,4.032412052154541,68.03459167480469,42.44552230834961,3.7091052532196045,11.783502578735352,2.0844500064849854,1.9045822620391846,7.938228607177734,1.0,8.191779136657715,1.866058111190796,8.337186813354492,33.62146759033203,2.353766441345215,17.215402603149414,2.186230421066284,7.374980926513672,1.8348162174224854,3.6005642414093018,3.7163028717041016,3.5640194416046143,1.919381856918335,28.221092224121094,14.733131408691406,24.244747161865234,27.043495178222656,19.95065689086914,7.186657905578613,1.9512221813201904,3.8139519691467285,7.804731369018555,2.090039014816284,5.700009822845459,9.998388290405273,1.7906532287597656,1.818088412284851,8.339109420776367,10.554600715637207,1.9111578464508057,3.780585527420044,2.0935633182525635,8.32705020904541,2.0846760272979736,3.765552520751953,1.9690485000610352,2.1469812393188477,4.019890785217285,6.039888381958008,5.851081848144531,5.521613121032715,6.111527442932129,12.76431941986084,71.36418151855469,3.7941579818725586,6.7045698165893555,21.055267333984375,1.7634716033935547,1.535754919052124,2.0385515689849854,1.732867956161499,55.58268356323242,15.987366676330566,4.302467346191406,2.0984740257263184,15.394407272338867,1.4717836380004883,123.36839294433594,108.07487487792969,42.97084045410156,10.167635917663574,9.379107475280762,3.7449116706848145,9.386515617370605,3.505345582962036,3.774156093597412,1.796083927154541,1.871036171913147,1.906071424484253,6.257806777954102,3.74497652053833,5.909488201141357,2.1436715126037598,3.606015205383301,1.0,1.3862943649291992,1.4714443683624268,1.3862943649291992,1.414028525352478,1.0,1.3873679637908936,1.732867956161499,7.03122091293335,1.3862943649291992,1.3862943649291992,10.338778495788574,9.713201522827148,4.222390651702881,9.148366928100586,5.497599124908447,1.4937418699264526,3.801126718521118,18.01842498779297,1.4734785556793213,2.9630346298217773,5.2873759269714355,3.8028945922851562,81.87883758544922,77.44283294677734,69.31431579589844,83.1407241821289,107.20072937011719,53.35401916503906,62.08387756347656,76.2461929321289,3.5879361629486084,217.77784729003906,92.75567626953125,101.62959289550781,96.69217681884766,40.88905715942383,2.166902780532837,57.00101089477539,91.50708770751953,11.458846092224121,58.93853759765625,32.59452819824219,114.84542846679688,61.349571228027344,21.149946212768555,13.862943649291992,592.314453125,436.5897521972656,111.87996673583984,314.6083679199219,60.47810363769531,124.06898498535156,135.580810546875,239.49234008789062,58.216590881347656,20.798925399780273,147.3524169921875,113.00623321533203,55.018558502197266,36.390228271484375,65.41576385498047,24.260150909423828,45.0545654296875,48.08708572387695,27.725887298583984,191.91513061523438,50.253170013427734,36.390228271484375,88.37626647949219,20.794414520263672,32.92449188232422
TEST_05+6일,15.076330184936523,51.98603820800781,12.616353034973145,7.15749454498291,1.732867956161499,4.0940704345703125,19.12502098083496,1.732867956161499,3.8929226398468018,1.0,1.732867956161499,1.732867956161499,3.465735912322998,1.732867956161499,25.559803009033203,1.0,53.71890640258789,1.8251926898956299,1.7977274656295776,65.84898376464844,23.826934814453125,3.7774240970611572,1.732867956161499,1.0,1.0,1.0,1.340417504310608,93.1670913696289,21.19199562072754,9.632484436035156,7.498477935791016,9.972536087036133,5.568118095397949,3.782055139541626,6.931471824645996,7.798079967498779,74.54866027832031,13.705900192260742,4.03249454498291,68.03321075439453,42.42741775512695,3.709460496902466,11.783502578735352,2.061701774597168,1.9004127979278564,7.938950061798096,1.0,8.19251823425293,1.8712972402572632,8.337007522583008,33.622188568115234,2.308101177215576,17.21504783630371,2.1761367321014404,7.375128269195557,1.8175421953201294,3.6011078357696533,3.717618227005005,3.563793182373047,1.928918480873108,28.22541046142578,14.74260139465332,24.241567611694336,27.042253494262695,19.95223045349121,7.185425758361816,1.9994208812713623,3.814122438430786,7.805519104003906,2.0908663272857666,5.699529647827148,9.995621681213379,1.7868366241455078,1.8180468082427979,8.337814331054688,10.55431079864502,1.9091174602508545,3.780334234237671,2.043710708618164,8.32873821258545,2.08613920211792,3.763317823410034,1.9977202415466309,2.1453170776367188,4.017909049987793,6.0445876121521,5.8509521484375,5.521710395812988,6.111340045928955,12.765424728393555,71.40357971191406,3.7941088676452637,6.7059149742126465,21.0548038482666,1.763474702835083,1.5653406381607056,2.0674655437469482,1.732867956161499,55.585411071777344,15.988887786865234,4.312116622924805,2.101754665374756,15.394336700439453,1.4715332984924316,123.8786392211914,108.092529296875,42.96462631225586,10.166740417480469,9.379493713378906,3.7450649738311768,9.38753890991211,3.5053396224975586,3.7747626304626465,1.79683256149292,1.8751227855682373,1.9029902219772339,6.258925914764404,3.745401382446289,5.908692836761475,2.151470422744751,3.606458902359009,1.0,1.3862943649291992,1.4714957475662231,1.3862943649291992,1.4139598608016968,1.0,1.3873660564422607,1.732867956161499,7.031279563903809,1.3862943649291992,1.3862943649291992,10.889849662780762,9.716714859008789,4.287619590759277,9.148555755615234,5.497949600219727,1.5721325874328613,3.8005547523498535,18.02223777770996,1.5499359369277954,2.880594253540039,5.285902500152588,3.803145408630371,81.87554168701172,77.42991638183594,69.31430053710938,83.11860656738281,107.20419311523438,53.33848571777344,62.07117462158203,76.2461929321289,3.5876004695892334,217.79942321777344,92.7595443725586,101.611572265625,96.68489074707031,40.88904571533203,2.1600887775421143,58.362857818603516,91.48333740234375,11.458252906799316,58.93796920776367,32.59736251831055,114.82228088378906,61.35457229614258,21.158916473388672,13.862943649291992,592.7129516601562,436.55169677734375,111.89241027832031,314.6399841308594,60.47726058959961,124.03327941894531,135.63560485839844,239.4478759765625,58.21615219116211,20.796981811523438,147.3428955078125,113.01094818115234,55.018558502197266,36.390228271484375,65.41576385498047,24.260150909423828,45.0545654296875,48.08708572387695,27.725887298583984,191.91513061523438,50.253170013427734,36.390228271484375,88.37626647949219,20.794414520263672,32.92449188232422
TEST_05+7일,15.081280708312988,51.98603820800781,12.609176635742188,7.15694522857666,1.732867956161499,3.9075894355773926,19.127431869506836,1.732867956161499,3.907012462615967,1.0,1.732867956161499,1.732867956161499,3.465735912322998,1.732867956161499,25.559803009033203,1.0,53.71890640258789,1.8252347707748413,1.7991459369659424,65.84898376464844,23.826934814453125,3.708461284637451,1.732867956161499,1.0,1.0,1.0,1.3285222053527832,93.15785217285156,21.18414306640625,9.636353492736816,7.498266220092773,9.972455978393555,5.568305969238281,3.781869411468506,6.931471824645996,7.802717685699463,74.54963684082031,13.704277992248535,4.0342698097229,68.03565979003906,42.45790100097656,3.708376407623291,11.783502578735352,2.0624091625213623,1.8702830076217651,7.939122200012207,1.0,8.192753791809082,1.867206335067749,8.335627555847168,33.62303924560547,2.343775749206543,17.214088439941406,2.1886913776397705,7.375149726867676,1.8313884735107422,3.599808692932129,3.7187018394470215,3.5638680458068848,1.9206538200378418,28.222551345825195,14.735685348510742,24.24227523803711,27.03813934326172,19.94973373413086,7.1858649253845215,1.971372365951538,3.8137412071228027,7.805398941040039,2.0972108840942383,5.700520038604736,9.993429183959961,1.798927903175354,1.8179271221160889,8.335894584655762,10.55499267578125,1.9138004779815674,3.7799720764160156,2.0724542140960693,8.328496932983398,2.08813738822937,3.763359546661377,2.010235548019409,2.1684279441833496,4.022763729095459,6.043734073638916,5.852910995483398,5.521352291107178,6.1084208488464355,12.763579368591309,71.451171875,3.793504476547241,6.703563213348389,21.0566349029541,1.7630900144577026,1.580112099647522,2.095770835876465,1.732867956161499,55.58929443359375,15.986773490905762,4.30513334274292,2.0962095260620117,15.394351959228516,1.4716445207595825,124.42447662353516,108.07051086425781,42.927635192871094,10.167058944702148,9.377514839172363,3.745255947113037,9.384371757507324,3.505368232727051,3.7737715244293213,1.8135148286819458,1.8936532735824585,1.916649341583252,6.259727478027344,3.7448902130126953,5.906106472015381,2.1380529403686523,3.6063952445983887,1.0,1.3862943649291992,1.4714723825454712,1.3862943649291992,1.413954734802246,1.0,1.3873670101165771,1.732867956161499,7.031305313110352,1.3862943649291992,1.3862943649291992,10.302820205688477,9.714295387268066,4.181326866149902,9.149614334106445,5.497650623321533,1.5400428771972656,3.799593448638916,18.020313262939453,1.5137566328048706,2.8421103954315186,5.285247802734375,3.8033156394958496,81.90816497802734,77.45446014404297,69.31430053710938,83.10662841796875,107.23214721679688,53.33673858642578,62.066871643066406,76.2461929321289,3.5887115001678467,217.8672637939453,92.7713851928711,101.66144561767578,96.68695068359375,40.89186096191406,2.1646740436553955,55.000343322753906,91.49568939208984,11.4563570022583,58.93406677246094,32.594993591308594,114.81951904296875,61.34684753417969,21.162555694580078,13.862943649291992,592.4669189453125,436.576904296875,111.89810943603516,314.59423828125,60.471256256103516,124.06869506835938,135.62103271484375,239.4615478515625,58.20610046386719,20.797164916992188,147.3511199951172,112.9971694946289,55.018558502197266,36.390228271484375,65.41576385498047,24.260150909423828,45.0545654296875,48.08708572387695,27.725887298583984,191.91513061523438,50.253170013427734,36.390228271484375,88.37626647949219,20.794414520263672,32.92449188232422
TEST_06+1일,14.28759479522705,51.98603820800781,12.806092262268066,7.292196273803711,1.7824065685272217,2.512794017791748,19.674909591674805,1.732867956161499,3.881213665008545,1.0,1.732867956161499,1.732867956161499,3.465735912322998,1.732867956161499,25.559803009033203,1.0,53.71890640258789,1.7549011707305908,1.732867956161499,65.84898376464844,23.826934814453125,3.465735912322998,1.7749022245407104,1.0,9.17151927947998,14.785664558410645,1.0,97.05476379394531,20.30472183227539,9.623043060302734,7.558899402618408,9.756817817687988,5.534955024719238,3.532177209854126,6.931471824645996,7.402073860168457,71.29521179199219,13.899542808532715,3.948856830596924,67.14789581298828,41.20085144042969,3.5624184608459473,11.783502578735352,2.1314644813537598,1.8967058658599854,7.877895832061768,1.0,8.256401062011719,1.732867956161499,8.348388671875,33.84452819824219,1.971337914466858,17.883440017700195,1.8160314559936523,7.459380149841309,1.7537493705749512,3.6762192249298096,3.6624529361724854,3.6196601390838623,1.7564923763275146,27.429710388183594,13.48536491394043,23.519643783569336,26.721506118774414,19.82514190673828,7.136176109313965,1.8876367807388306,3.7516891956329346,7.704919815063477,2.0282506942749023,5.895270824432373,9.811485290527344,1.931485891342163,1.8158758878707886,8.157334327697754,10.40588665008545,1.885301113128662,3.845801591873169,2.0230133533477783,8.31146240234375,2.376244306564331,3.8616886138916016,2.039780855178833,2.281745672225952,3.957935333251953,5.518505096435547,6.129602432250977,5.617549419403076,5.999988555908203,12.535253524780273,76.96331787109375,3.6754088401794434,6.561550617218018,21.379493713378906,1.8869411945343018,2.182868003845215,1.9706040620803833,1.738857626914978,55.508758544921875,15.54421615600586,3.7661218643188477,1.9255943298339844,15.425188064575195,1.5020302534103394,102.8885269165039,104.55799865722656,41.08399963378906,10.47266674041748,8.915322303771973,3.7330901622772217,8.773170471191406,3.541585922241211,3.765878200531006,1.8913413286209106,1.732867956161499,1.9227491617202759,6.059971809387207,3.5742626190185547,5.51027250289917,2.0564751625061035,3.5090909004211426,1.0,1.5094012022018433,1.7066980600357056,1.497711420059204,1.3862943649291992,1.0,1.3862943649291992,1.8703439235687256,7.023808479309082,1.472703218460083,1.3862943649291992,1.0,9.48310661315918,4.878922462463379,9.697681427001953,5.831179141998291,2.0436697006225586,4.054285526275635,18.88680076599121,2.6099939346313477,2.843158483505249,5.306720733642578,4.070403099060059,88.94506072998047,74.90030670166016,69.3147201538086,98.61988067626953,110.60535430908203,61.14455032348633,64.17098999023438,83.8416748046875,3.974968433380127,226.44268798828125,97.40103912353516,113.81407928466797,99.51239776611328,40.538177490234375,1.9560611248016357,43.44558334350586,95.15399932861328,11.440019607543945,60.96107864379883,33.95826721191406,117.9499282836914,64.84197998046875,24.209177017211914,13.862943649291992,604.1751708984375,443.0119934082031,110.6260757446289,298.2230529785156,58.864498138427734,122.55929565429688,130.21449279785156,238.97195434570312,56.079654693603516,20.434432983398438,142.573486328125,112.73075103759766,55.018558502197266,36.390228271484375,65.41576385498047,24.260150909423828,45.0545654296875,48.08708572387695,27.725887298583984,191.91513061523438,50.253170013427734,36.390228271484375,88.37626647949219,20.794414520263672,32.92449188232422
TEST_06+2일,14.285286903381348,51.98603820800781,12.804844856262207,7.292420864105225,1.7825924158096313,2.469951868057251,19.675212860107422,1.732867956161499,3.8828396797180176,1.0,1.732867956161499,1.732867956161499,3.465735912322998,1.732867956161499,25.559803009033203,1.0,53.71890640258789,1.754833698272705,1.732867956161499,65.84898376464844,23.826934814453125,3.465735912322998,1.7749584913253784,1.0,9.169842720031738,15.059538841247559,1.0,97.05107879638672,20.298147201538086,9.621944427490234,7.560698986053467,9.756717681884766,5.534867286682129,3.5322344303131104,6.931471824645996,7.402424335479736,71.2969970703125,13.897928237915039,3.94783616065979,67.14888763427734,41.19038009643555,3.5620336532592773,11.783502578735352,2.1373684406280518,1.8899648189544678,7.878159999847412,1.0,8.256629943847656,1.732867956161499,8.346512794494629,33.847434997558594,2.0032219886779785,17.882686614990234,1.8112266063690186,7.459756851196289,1.758713722229004,3.6766715049743652,3.6629371643066406,3.6192405223846436,1.7553343772888184,27.430444717407227,13.484930038452148,23.519699096679688,26.72323226928711,19.824371337890625,7.13548469543457,1.8670660257339478,3.7515439987182617,7.705563545227051,2.0236241817474365,5.897315979003906,9.810873985290527,1.936084508895874,1.8154399394989014,8.157942771911621,10.405891418457031,1.8832367658615112,3.846977710723877,2.050778865814209,8.31177043914795,2.3715381622314453,3.861877679824829,2.0107040405273438,2.3055500984191895,3.958524465560913,5.5188069343566895,6.128647804260254,5.617522716522217,6.001189708709717,12.534528732299805,76.37421417236328,3.6753714084625244,6.562320232391357,21.3795223236084,1.889051079750061,2.0800106525421143,1.9648964405059814,1.7388617992401123,55.508121490478516,15.545066833496094,3.7661516666412354,1.9256359338760376,15.42430591583252,1.5021283626556396,103.0103988647461,104.48372650146484,41.07898712158203,10.472482681274414,8.915667533874512,3.7323925495147705,8.773457527160645,3.5416343212127686,3.7658963203430176,1.889005184173584,1.732867956161499,1.9202604293823242,6.0592756271362305,3.574208974838257,5.510872840881348,2.0513901710510254,3.509275436401367,1.0,1.5092334747314453,1.706587314605713,1.4977691173553467,1.3862943649291992,1.0,1.3862943649291992,1.8702902793884277,7.024186134338379,1.4725638628005981,1.3862943649291992,1.0,9.483609199523926,4.789447784423828,9.698966026306152,5.830781936645508,1.9832215309143066,4.0561957359313965,18.887409210205078,2.5307860374450684,2.829836368560791,5.306927680969238,4.068881034851074,88.94447326660156,74.89252471923828,69.3147201538086,98.65621948242188,110.59429168701172,61.14210510253906,64.1723861694336,83.83915710449219,3.9779469966888428,226.4114990234375,97.37065124511719,113.78610229492188,99.51447296142578,40.53898620605469,1.9569382667541504,44.99339294433594,95.15375518798828,11.440227508544922,60.97439956665039,33.95831298828125,117.9187240600586,64.84681701660156,24.21769905090332,13.862943649291992,604.1448974609375,442.9466552734375,110.6280517578125,298.2384338378906,58.868221282958984,122.56903076171875,130.21469116210938,238.9436798095703,56.082496643066406,20.436098098754883,142.58462524414062,112.7259521484375,55.018558502197266,36.390228271484375,65.41576385498047,24.260150909423828,45.0545654296875,48.08708572387695,27.725887298583984,191.91513061523438,50.253170013427734,36.390228271484375,88.37626647949219,20.794414520263672,32.92449188232422
TEST_06+3일,14.286665916442871,51.98603820800781,12.810444831848145,7.29331111907959,1.7823981046676636,2.514265537261963,19.673961639404297,1.732867956161499,3.8781790733337402,1.0,1.732867956161499,1.732867956161499,3.465735912322998,1.732867956161499,25.559803009033203,1.0,53.71890640258789,1.7549259662628174,1.732867956161499,65.84898376464844,23.826934814453125,3.465735912322998,1.7750637531280518,1.0,9.169183731079102,14.833733558654785,1.0,96.99542236328125,20.301986694335938,9.622021675109863,7.559803009033203,9.755351066589355,5.534730911254883,3.532033920288086,6.931471824645996,7.402403354644775,71.29460906982422,13.899044036865234,3.9482479095458984,67.14285278320312,41.198631286621094,3.5622658729553223,11.783502578735352,2.1665525436401367,1.8870818614959717,7.878137111663818,1.0,8.255202293395996,1.732867956161499,8.346412658691406,33.841182708740234,1.9913980960845947,17.883769989013672,1.8135875463485718,7.4598164558410645,1.75496506690979,3.677039384841919,3.663257122039795,3.6197919845581055,1.7558906078338623,27.430959701538086,13.485342979431152,23.519790649414062,26.72437286376953,19.824411392211914,7.135333061218262,1.8870879411697388,3.7513818740844727,7.705657005310059,2.022540330886841,5.897069931030273,9.810903549194336,1.930651068687439,1.8154836893081665,8.156448364257812,10.405891418457031,1.8980467319488525,3.8462133407592773,2.074688673019409,8.31380844116211,2.36960506439209,3.861912727355957,1.9700700044631958,2.3203840255737305,3.9589285850524902,5.519755840301514,6.128572463989258,5.617670059204102,5.997165203094482,12.534774780273438,76.73298645019531,3.6753110885620117,6.562333583831787,21.379663467407227,1.885774850845337,2.1879220008850098,1.9747498035430908,1.7388290166854858,55.50946044921875,15.54531478881836,3.7666015625,1.9297749996185303,15.42395305633545,1.50203275680542,103.02140808105469,104.5113296508789,41.06794357299805,10.472267150878906,8.915387153625488,3.7308483123779297,8.774827003479004,3.541804552078247,3.76552152633667,1.886793851852417,1.732867956161499,1.923478603363037,6.059310436248779,3.574533700942993,5.511929035186768,2.0590367317199707,3.5091352462768555,1.0,1.5094448328018188,1.706788182258606,1.4979989528656006,1.3862943649291992,1.0,1.3862943649291992,1.8701941967010498,7.023836135864258,1.4727604389190674,1.3862943649291992,1.0,9.482657432556152,4.809779644012451,9.698515892028809,5.831123352050781,2.18697190284729,4.0562424659729,18.889963150024414,2.629218101501465,2.8655264377593994,5.306979656219482,4.069136619567871,88.94713592529297,74.8975830078125,69.3147201538086,98.60545349121094,110.59341430664062,61.15386199951172,64.16939544677734,83.83277130126953,3.973817825317383,226.46250915527344,97.40177917480469,113.78124237060547,99.52014923095703,40.540504455566406,1.956763744354248,42.22233963012695,95.16744995117188,11.43994426727295,60.96011734008789,33.956485748291016,117.90862274169922,64.84941864013672,24.22140884399414,13.862943649291992,604.142822265625,442.9428405761719,110.62677764892578,298.2428283691406,58.866722106933594,122.57058715820312,130.2342987060547,238.98193359375,56.07937240600586,20.437719345092773,142.57582092285156,112.7286605834961,55.018558502197266,36.390228271484375,65.41576385498047,24.260150909423828,45.0545654296875,48.08708572387695,27.725887298583984,191.91513061523438,50.253170013427734,36.390228271484375,88.37626647949219,20.794414520263672,32.92449188232422
TEST_06+4일,14.284807205200195,51.98603820800781,12.807193756103516,7.293047904968262,1.7822420597076416,2.5287842750549316,19.673595428466797,1.732867956161499,3.876431465148926,1.0,1.732867956161499,1.732867956161499,3.465735912322998,1.732867956161499,25.559803009033203,1.0,53.71890640258789,1.7547972202301025,1.732867956161499,65.84898376464844,23.826934814453125,3.465735912322998,1.7752195596694946,1.0,9.167365074157715,13.972196578979492,1.0,97.05684661865234,20.301868438720703,9.621593475341797,7.5577802658081055,9.755070686340332,5.535620212554932,3.532083034515381,6.931471824645996,7.402424335479736,71.29361724853516,13.896224975585938,3.948324203491211,67.15187072753906,41.20309829711914,3.562312602996826,11.783502578735352,2.149061679840088,1.877353310585022,7.878228664398193,1.0,8.257576942443848,1.732867956161499,8.34648323059082,33.84559631347656,2.006618022918701,17.882505416870117,1.817191243171692,7.460055351257324,1.7548246383666992,3.6767313480377197,3.6628293991088867,3.619882106781006,1.755595326423645,27.432594299316406,13.484939575195312,23.519227981567383,26.724529266357422,19.824655532836914,7.1363444328308105,1.873321533203125,3.751777172088623,7.704800605773926,2.0271894931793213,5.897110462188721,9.812280654907227,1.949493408203125,1.8154877424240112,8.157316207885742,10.405868530273438,1.8977164030075073,3.8469254970550537,2.062901258468628,8.313362121582031,2.3771414756774902,3.862346649169922,1.9560267925262451,2.341427803039551,3.9582724571228027,5.519860744476318,6.129460334777832,5.6175923347473145,5.997738361358643,12.534749031066895,75.70304107666016,3.6757912635803223,6.561142444610596,21.380769729614258,1.8861651420593262,2.2758328914642334,1.991257667541504,1.7388242483139038,55.50846481323242,15.546756744384766,3.7668075561523438,1.9248532056808472,15.423916816711426,1.5020352602005005,103.1849136352539,104.54609680175781,41.06698989868164,10.472521781921387,8.915313720703125,3.7320261001586914,8.772841453552246,3.541741371154785,3.765697479248047,1.9118820428848267,1.732867956161499,1.9200267791748047,6.060109615325928,3.5742788314819336,5.510024070739746,2.0527713298797607,3.5091652870178223,1.0,1.509251356124878,1.706648826599121,1.4981337785720825,1.3862943649291992,1.0,1.3862943649291992,1.870198130607605,7.023862838745117,1.4728084802627563,1.3862943649291992,1.0,9.483260154724121,4.924635410308838,9.696551322937012,5.831057548522949,2.0171303749084473,4.054162502288818,18.887056350708008,2.867335796356201,2.855095863342285,5.305968284606934,4.069753646850586,88.94338989257812,74.88973999023438,69.3147201538086,98.59750366210938,110.6005859375,61.148590087890625,64.17141723632812,83.83560180664062,3.976912021636963,226.45034790039062,97.4359130859375,113.8209228515625,99.5208511352539,40.539119720458984,1.9555001258850098,43.50970458984375,95.14726257324219,11.439738273620605,60.982513427734375,33.9542121887207,117.9228744506836,64.84210968017578,24.221324920654297,13.862943649291992,604.2058715820312,442.9462890625,110.6368179321289,298.2401428222656,58.86433410644531,122.57879638671875,130.24462890625,238.9806365966797,56.085453033447266,20.43421173095703,142.5732879638672,112.73543548583984,55.018558502197266,36.390228271484375,65.41576385498047,24.260150909423828,45.0545654296875,48.08708572387695,27.725887298583984,191.91513061523438,50.253170013427734,36.390228271484375,88.37626647949219,20.794414520263672,32.92449188232422
TEST_06+5일,14.28276538848877,51.98603820800781,12.804954528808594,7.292941570281982,1.782425045967102,2.4372124671936035,19.6752872467041,1.732867956161499,3.8749356269836426,1.0,1.732867956161499,1.732867956161499,3.465735912322998,1.732867956161499,25.559803009033203,1.0,53.71890640258789,1.7549668550491333,1.732867956161499,65.84898376464844,23.826934814453125,3.465735912322998,1.7753933668136597,1.0,9.164342880249023,14.819218635559082,1.0,97.05694580078125,20.300405502319336,9.622851371765137,7.560112476348877,9.756793975830078,5.535001754760742,3.5322484970092773,6.931471824645996,7.402675151824951,71.29801177978516,13.897582054138184,3.9466638565063477,67.14727020263672,41.19850540161133,3.5621352195739746,11.783502578735352,2.134582042694092,1.8836920261383057,7.87753963470459,1.0,8.255593299865723,1.732867956161499,8.347715377807617,33.84551239013672,2.003972291946411,17.88356590270996,1.812948226928711,7.459540367126465,1.7551062107086182,3.677539825439453,3.6624398231506348,3.61946702003479,1.756638765335083,27.431053161621094,13.484095573425293,23.520431518554688,26.723033905029297,19.825145721435547,7.136641025543213,1.8601799011230469,3.7516088485717773,7.705349922180176,2.0250930786132812,5.896261692047119,9.81246280670166,1.9507982730865479,1.8153274059295654,8.157697677612305,10.405877113342285,1.8878843784332275,3.847519874572754,2.0773353576660156,8.31273365020752,2.3680977821350098,3.8636651039123535,1.9616479873657227,2.3662259578704834,3.959420919418335,5.518360137939453,6.130918502807617,5.6175360679626465,5.998345851898193,12.534648895263672,75.47969818115234,3.675435781478882,6.561343193054199,21.37921714782715,1.8895699977874756,2.3113718032836914,1.9552278518676758,1.7388349771499634,55.50877380371094,15.54479694366455,3.766057252883911,1.924538493156433,15.424072265625,1.502166748046875,102.84970092773438,104.50813293457031,41.07700729370117,10.472906112670898,8.915813446044922,3.7319648265838623,8.774232864379883,3.5416767597198486,3.7657310962677,1.8964958190917969,1.732867956161499,1.922188401222229,6.059797286987305,3.5741891860961914,5.511046409606934,2.0489649772644043,3.5091159343719482,1.0,1.5092213153839111,1.7066457271575928,1.4980827569961548,1.3862943649291992,1.0,1.3862943649291992,1.8702921867370605,7.023819923400879,1.472802758216858,1.3862943649291992,1.0,9.482218742370605,4.75140380859375,9.697539329528809,5.830965518951416,2.0172572135925293,4.055627822875977,18.887441635131836,2.480576753616333,2.860226631164551,5.308684825897217,4.069619655609131,88.94036865234375,74.89579010009766,69.3147201538086,98.73710632324219,110.58711242675781,61.16282272338867,64.17223358154297,83.8356704711914,3.975158929824829,226.43930053710938,97.38636016845703,113.79597473144531,99.5198745727539,40.54081726074219,1.9567071199417114,41.82867431640625,95.16343688964844,11.441276550292969,60.96478271484375,33.95561981201172,117.93435668945312,64.85770416259766,24.206890106201172,13.862943649291992,604.0891723632812,442.9698486328125,110.63655853271484,298.2685546875,58.86880874633789,122.5771713256836,130.22303771972656,238.9810028076172,56.08364486694336,20.435739517211914,142.58746337890625,112.7238540649414,55.018558502197266,36.390228271484375,65.41576385498047,24.260150909423828,45.0545654296875,48.08708572387695,27.725887298583984,191.91513061523438,50.253170013427734,36.390228271484375,88.37626647949219,20.794414520263672,32.92449188232422
TEST_06+6일,14.283014297485352,51.98603820800781,12.81328296661377,7.2931389808654785,1.7821044921875,2.510805130004883,19.67498207092285,1.732867956161499,3.8744819164276123,1.0,1.732867956161499,1.732867956161499,3.465735912322998,1.732867956161499,25.559803009033203,1.0,53.71890640258789,1.7548863887786865,1.732867956161499,65.84898376464844,23.826934814453125,3.465735912322998,1.7752406597137451,1.0,9.151997566223145,14.687311172485352,1.0,97.03938293457031,20.304317474365234,9.6202974319458,7.559051036834717,9.755126953125,5.535017013549805,3.5322344303131104,6.931471824645996,7.4035491943359375,71.29713439941406,13.904037475585938,3.946678876876831,67.1461410522461,41.189002990722656,3.562236785888672,11.783502578735352,2.114793300628662,1.880284309387207,7.878121376037598,1.0,8.256368637084961,1.732867956161499,8.347612380981445,33.84609603881836,1.9926838874816895,17.883377075195312,1.8119399547576904,7.459721565246582,1.7517800331115723,3.6781716346740723,3.6630725860595703,3.6192786693573,1.7577590942382812,27.432640075683594,13.485857963562012,23.519636154174805,26.722644805908203,19.825956344604492,7.13597297668457,1.8845338821411133,3.7516846656799316,7.705694198608398,2.0255355834960938,5.895951271057129,9.811450958251953,1.9348065853118896,1.8152825832366943,8.157238006591797,10.405864715576172,1.8870563507080078,3.847334384918213,2.0398454666137695,8.313577651977539,2.3694376945495605,3.86190128326416,1.976694941520691,2.3583123683929443,3.9585084915161133,5.520081520080566,6.130804061889648,5.617600440979004,5.998259544372559,12.535137176513672,76.14191436767578,3.6754207611083984,6.561913967132568,21.378921508789062,1.889696717262268,2.365952968597412,1.972287654876709,1.7388325929641724,55.510746002197266,15.545414924621582,3.7679502964019775,1.9255269765853882,15.423980712890625,1.5019816160202026,102.97084045410156,104.5231704711914,41.074378967285156,10.472330093383789,8.915851593017578,3.732128381729126,8.774712562561035,3.541670799255371,3.766061782836914,1.899623990058899,1.732867956161499,1.9201864004135132,6.060196876525879,3.5742764472961426,5.510746955871582,2.0520660877227783,3.509197235107422,1.0,1.5094953775405884,1.7067890167236328,1.4979944229125977,1.3862943649291992,1.0,1.3862943649291992,1.8702542781829834,7.023895263671875,1.4726930856704712,1.3862943649291992,1.0,9.484167098999023,4.897611618041992,9.697687149047852,5.831377029418945,2.125147819519043,4.055110931396484,18.88982582092285,2.657620906829834,2.7934062480926514,5.307165145874023,4.069745063781738,88.93789672851562,74.88971710205078,69.3147201538086,98.66336059570312,110.59001159667969,61.14925003051758,64.16403198242188,83.8343734741211,3.974992036819458,226.4514617919922,97.38937377929688,113.78280639648438,99.51542663574219,40.54083251953125,1.9535019397735596,42.02712631225586,95.14978790283203,11.441046714782715,60.9643440246582,33.95746612548828,117.92120361328125,64.86310577392578,24.214412689208984,13.862943649291992,604.2918701171875,442.9503479003906,110.64281463623047,298.27801513671875,58.86846923828125,122.5617904663086,130.24082946777344,238.9577178955078,56.08350372314453,20.43487548828125,142.58351135253906,112.72673034667969,55.018558502197266,36.390228271484375,65.41576385498047,24.260150909423828,45.0545654296875,48.08708572387695,27.725887298583984,191.91513061523438,50.253170013427734,36.390228271484375,88.37626647949219,20.794414520263672,32.92449188232422
TEST_06+7일,14.28470516204834,51.98603820800781,12.805522918701172,7.292754173278809,1.78219735622406,2.4717445373535156,19.67664337158203,1.732867956161499,3.88181471824646,1.0,1.732867956161499,1.732867956161499,3.465735912322998,1.732867956161499,25.559803009033203,1.0,53.71890640258789,1.7549011707305908,1.732867956161499,65.84898376464844,23.826934814453125,3.465735912322998,1.7753527164459229,1.0,9.167083740234375,15.623530387878418,1.0,97.01869201660156,20.300302505493164,9.622162818908691,7.558793544769287,9.755077362060547,5.5351948738098145,3.53220796585083,6.931471824645996,7.404913425445557,71.29747772216797,13.902832984924316,3.9480807781219482,67.14801025390625,41.20451736450195,3.5619583129882812,11.783502578735352,2.113856315612793,1.8452694416046143,7.878249645233154,1.0,8.256734848022461,1.732867956161499,8.34693431854248,33.846900939941406,2.000943899154663,17.88262176513672,1.813188910484314,7.459749698638916,1.7540721893310547,3.676774263381958,3.6636180877685547,3.619349479675293,1.756690502166748,27.431570053100586,13.484602928161621,23.519805908203125,26.720922470092773,19.824649810791016,7.136189937591553,1.8701554536819458,3.751511335372925,7.705632209777832,2.028188705444336,5.89670467376709,9.810614585876465,1.9780161380767822,1.8152034282684326,8.156538009643555,10.405893325805664,1.8883687257766724,3.8471343517303467,2.0609679222106934,8.31346607208252,2.3713579177856445,3.861934185028076,1.9845092296600342,2.3835604190826416,3.960444688796997,5.51978063583374,6.132282257080078,5.617369174957275,5.995785236358643,12.534286499023438,76.36005401611328,3.675219774246216,6.560925006866455,21.380043029785156,1.8877058029174805,2.385444402694702,1.990992784500122,1.7388391494750977,55.51335906982422,15.544628143310547,3.76656174659729,1.9238255023956299,15.423998832702637,1.5020596981048584,103.14607238769531,104.50984191894531,41.05881118774414,10.472530364990234,8.915473937988281,3.7323296070098877,8.773194313049316,3.541706085205078,3.765526056289673,1.924412488937378,1.732867956161499,1.9288666248321533,6.0605149269104,3.57415771484375,5.509605884552002,2.046884536743164,3.509180784225464,1.0,1.5092182159423828,1.7067234516143799,1.4976509809494019,1.3862943649291992,1.0,1.3862943649291992,1.8702340126037598,7.023911952972412,1.4726848602294922,1.3862943649291992,1.0,9.482829093933105,4.726251602172852,9.700271606445312,5.831006050109863,2.0670223236083984,4.054178714752197,18.888574600219727,2.5467333793640137,2.769679546356201,5.306478977203369,4.069925785064697,88.96222686767578,74.90088653564453,69.3147201538086,98.61573791503906,110.60673522949219,61.14845657348633,64.16124725341797,83.83580017089844,3.9758553504943848,226.49163818359375,97.4046859741211,113.81903076171875,99.51744079589844,40.54204177856445,1.9561742544174194,40.473140716552734,95.15664672851562,11.440189361572266,60.960697174072266,33.95599365234375,117.92035675048828,64.85636901855469,24.217315673828125,13.862943649291992,604.1748657226562,442.96453857421875,110.64520263671875,298.26287841796875,58.865840911865234,122.57759857177734,130.2371826171875,238.96493530273438,56.08003234863281,20.43501853942871,142.5865020751953,112.72029876708984,55.018558502197266,36.390228271484375,65.41576385498047,24.260150909423828,45.0545654296875,48.08708572387695,27.725887298583984,191.91513061523438,50.253170013427734,36.390228271484375,88.37626647949219,20.794414520263672,32.92449188232422
TEST_07+1일,13.937273025512695,48.66537857055664,11.808037757873535,7.010845184326172,1.732867956161499,1.9031667709350586,19.67475128173828,1.732867956161499,3.585092544555664,1.0,1.732867956161499,1.732867956161499,3.465735912322998,1.732867956161499,25.559803009033203,1.0,53.71890640258789,1.732867956161499,1.732867956161499,65.84898376464844,23.826934814453125,3.465735912322998,1.732867956161499,1.0,1.0,1.0,1.0,91.70774841308594,18.7261962890625,8.670337677001953,6.935355186462402,9.45511531829834,5.2652058601379395,3.5274088382720947,6.931471824645996,7.052798271179199,67.52291870117188,12.817970275878906,3.554535388946533,64.60671997070312,38.833961486816406,3.50223970413208,11.783502578735352,1.732867956161499,1.732867956161499,7.749351978302002,1.0,7.933847427368164,1.7875462770462036,7.946190357208252,30.39212989807129,1.7332878112792969,16.252426147460938,1.7332148551940918,7.031698226928711,1.732867956161499,3.4846863746643066,3.465735912322998,3.4679245948791504,1.732867956161499,24.969873428344727,13.24492073059082,22.998241424560547,24.36238670349121,18.947969436645508,6.932778358459473,1.733554482460022,3.4669125080108643,6.934876918792725,1.735974669456482,5.201478958129883,9.361307144165039,1.7344324588775635,1.732867956161499,7.627741813659668,10.397207260131836,1.7340717315673828,3.467266321182251,1.732867956161499,7.628159046173096,1.7332351207733154,3.4669253826141357,1.7337321043014526,1.7333829402923584,3.468475580215454,5.200649261474609,5.20097017288208,5.2007975578308105,5.547984600067139,11.787764549255371,71.11494445800781,3.5790042877197266,6.1443915367126465,20.18962860107422,1.8178783655166626,1.0,1.732867956161499,1.732867956161499,54.264366149902344,14.939303398132324,3.5597662925720215,1.8362760543823242,15.281608581542969,1.5020596981048584,93.57791137695312,92.78056335449219,35.610530853271484,9.7589111328125,8.79465103149414,3.4667229652404785,8.708660125732422,3.487589120864868,3.5587878227233887,1.7790982723236084,1.732867956161499,1.791664481163025,5.767916679382324,3.5388481616973877,5.319111347198486,1.8566052913665771,3.556489944458008,1.0,1.3862943649291992,1.5019307136535645,1.3862943649291992,1.3862943649291992,1.0,1.3862943649291992,1.732867956161499,6.931471824645996,1.3862943649291992,1.3862943649291992,3.4071969985961914,8.996722221374512,3.6065945625305176,8.818806648254395,5.350742816925049,1.074227213859558,3.5323195457458496,16.187055587768555,1.0,2.169820785522461,4.882338047027588,3.647850513458252,71.05935668945312,69.32911682128906,69.3147201538086,85.54016876220703,95.45540618896484,45.08547592163086,54.173553466796875,76.26358795166016,3.0350637435913086,185.35043334960938,74.56710815429688,82.38374328613281,84.72989654541016,35.46234893798828,1.7346280813217163,1.0,80.82147216796875,10.40141773223877,52.46514129638672,29.150115966796875,99.30604553222656,49.84813690185547,17.345726013183594,13.862943649291992,506.3190002441406,390.5946044921875,100.11249542236328,261.35479736328125,53.7392463684082,109.2041015625,121.97879028320312,205.3994903564453,49.83778762817383,19.0706787109375,130.83055114746094,101.40520477294922,55.018558502197266,36.390228271484375,65.41576385498047,24.260150909423828,45.0545654296875,48.08708572387695,27.725887298583984,191.91513061523438,50.253170013427734,36.390228271484375,88.37626647949219,20.794414520263672,32.92449188232422
TEST_07+2일,13.936878204345703,48.74583053588867,11.807454109191895,7.011100769042969,1.732867956161499,1.8669629096984863,19.675050735473633,1.732867956161499,3.586275815963745,1.0,1.732867956161499,1.732867956161499,3.465735912322998,1.732867956161499,25.559803009033203,1.0,53.71890640258789,1.732867956161499,1.732867956161499,65.84898376464844,23.826934814453125,3.465735912322998,1.732867956161499,1.0,1.0,1.0,1.0,91.70716857910156,18.72612190246582,8.670324325561523,6.935369491577148,9.45506763458252,5.265183925628662,3.527484893798828,6.931471824645996,7.0529656410217285,67.52361297607422,12.817608833312988,3.5543437004089355,64.60701751708984,38.83386993408203,3.501997470855713,11.783502578735352,1.732867956161499,1.732867956161499,7.749483108520508,1.0,7.933974266052246,1.7884076833724976,7.944398880004883,30.39266014099121,1.733366847038269,16.252222061157227,1.7331784963607788,7.031769275665283,1.732867956161499,3.484748363494873,3.465735912322998,3.467914581298828,1.732867956161499,24.970062255859375,13.244338989257812,22.998260498046875,24.362987518310547,18.947681427001953,6.932772636413574,1.7335532903671265,3.4669113159179688,6.934883117675781,1.7357898950576782,5.201496601104736,9.361296653747559,1.734475016593933,1.732867956161499,7.627748489379883,10.397207260131836,1.7340383529663086,3.467275857925415,1.732867956161499,7.628161430358887,1.7332249879837036,3.4669265747070312,1.7336504459381104,1.7333767414093018,3.4684839248657227,5.200650691986084,5.200965404510498,5.2007975578308105,5.54799222946167,11.78775691986084,71.05952453613281,3.5789718627929688,6.144954204559326,20.189620971679688,1.8191797733306885,1.0,1.732867956161499,1.732867956161499,54.264163970947266,14.94001293182373,3.5599138736724854,1.8365670442581177,15.2814359664917,1.5021629333496094,93.4126205444336,92.77494812011719,35.609500885009766,9.758767127990723,8.794981002807617,3.4667205810546875,8.70891284942627,3.4876105785369873,3.5588083267211914,1.7704600095748901,1.732867956161499,1.7904088497161865,5.767518997192383,3.538743019104004,5.319338321685791,1.853021502494812,3.557201623916626,1.0,1.3862943649291992,1.5019030570983887,1.3862943649291992,1.3862943649291992,1.0,1.3862943649291992,1.732867956161499,6.931471824645996,1.3862943649291992,1.3862943649291992,3.7723734378814697,8.997003555297852,3.599696636199951,8.81895637512207,5.35055685043335,1.065271019935608,3.5329370498657227,16.18728256225586,1.0,2.1687748432159424,4.882388114929199,3.647007465362549,71.05933380126953,69.32913970947266,69.3147201538086,85.5467300415039,95.4551773071289,45.085514068603516,54.173583984375,76.26358032226562,3.035085678100586,185.3499298095703,74.56703186035156,82.38357543945312,84.73001098632812,35.46239471435547,1.7347668409347534,1.0,80.82144165039062,10.401419639587402,52.465431213378906,29.15012550354004,99.30543518066406,49.8481559753418,17.34580421447754,13.862943649291992,506.3187561035156,390.5932312011719,100.11249542236328,261.35498046875,53.73928451538086,109.20413970947266,121.97881317138672,205.39910888671875,49.837806701660156,19.07069969177246,130.83094787597656,101.40516662597656,55.018558502197266,36.390228271484375,65.41576385498047,24.260150909423828,45.0545654296875,48.08708572387695,27.725887298583984,191.91513061523438,50.253170013427734,36.390228271484375,88.37626647949219,20.794414520263672,32.92449188232422
TEST_07+3일,13.937112808227539,48.540470123291016,11.80999755859375,7.012207508087158,1.732867956161499,1.871552586555481,19.673839569091797,1.732867956161499,3.5836660861968994,1.0,1.732867956161499,1.732867956161499,3.465735912322998,1.732867956161499,25.559803009033203,1.0,53.71890640258789,1.732867956161499,1.732867956161499,65.84898376464844,23.826934814453125,3.465735912322998,1.732867956161499,1.0,1.0,1.0,1.0,91.69398498535156,18.726167678833008,8.67032527923584,6.935362339019775,9.454743385314941,5.26515531539917,3.5271763801574707,6.931471824645996,7.052937030792236,67.52268981933594,12.817919731140137,3.554417133331299,64.6043701171875,38.83395767211914,3.502145290374756,11.783502578735352,1.732867956161499,1.732867956161499,7.749471187591553,1.0,7.9332661628723145,1.7914931774139404,7.944368839263916,30.391523361206055,1.7333120107650757,16.25255012512207,1.7331960201263428,7.031774997711182,1.732867956161499,3.484799385070801,3.465735912322998,3.467928886413574,1.732867956161499,24.970224380493164,13.24493408203125,22.998308181762695,24.363441467285156,18.94768714904785,6.9327712059021,1.733673095703125,3.4669101238250732,6.934883117675781,1.735734224319458,5.201493263244629,9.361296653747559,1.7344118356704712,1.732867956161499,7.627729892730713,10.397207260131836,1.734215259552002,3.4672698974609375,1.732867956161499,7.628182411193848,1.7332217693328857,3.4669265747070312,1.7334990501403809,1.7334145307540894,3.468487024307251,5.200656890869141,5.200965404510498,5.200799465179443,5.547967433929443,11.787760734558105,71.07776641845703,3.578897476196289,6.144946098327637,20.189769744873047,1.8172168731689453,1.0,1.732867956161499,1.732867956161499,54.264488220214844,14.940237045288086,3.560204267501831,1.8404136896133423,15.281352043151855,1.5020596981048584,93.36102294921875,92.77731323242188,35.60798263549805,9.758589744567871,8.794715881347656,3.46671462059021,8.710126876831055,3.487682819366455,3.5585882663726807,1.7760823965072632,1.732867956161499,1.7920528650283813,5.767525672912598,3.5392143726348877,5.319746971130371,1.8583581447601318,3.5566115379333496,1.0,1.3862943649291992,1.5019551515579224,1.3862943649291992,1.3862943649291992,1.0,1.3862943649291992,1.732867956161499,6.931471824645996,1.3862943649291992,1.3862943649291992,3.929577112197876,8.996509552001953,3.603801727294922,8.818950653076172,5.350718021392822,1.1147910356521606,3.532945156097412,16.188634872436523,1.0,2.1776225566864014,4.882388114929199,3.647138833999634,71.05937957763672,69.32913970947266,69.3147201538086,85.53678894042969,95.45514678955078,45.085838317871094,54.173526763916016,76.2635498046875,3.0350570678710938,185.35069274902344,74.5671157836914,82.38352966308594,84.7304916381836,35.46247482299805,1.734707236289978,1.0,80.82188415527344,10.401415824890137,52.46512222290039,29.150054931640625,99.30522918701172,49.8481559753418,17.345827102661133,13.862943649291992,506.3187561035156,390.5933837890625,100.11249542236328,261.35498046875,53.73926544189453,109.20413970947266,121.97938537597656,205.39956665039062,49.83778762817383,19.07071876525879,130.8306884765625,101.40516662597656,55.018558502197266,36.390228271484375,65.41576385498047,24.260150909423828,45.0545654296875,48.08708572387695,27.725887298583984,191.91513061523438,50.253170013427734,36.390228271484375,88.37626647949219,20.794414520263672,32.92449188232422
TEST_07+4일,13.936614990234375,48.760616302490234,11.808699607849121,7.011940002441406,1.732867956161499,1.866015911102295,19.673437118530273,1.732867956161499,3.58310604095459,1.0,1.732867956161499,1.732867956161499,3.465735912322998,1.732867956161499,25.559803009033203,1.0,53.71890640258789,1.732867956161499,1.732867956161499,65.84898376464844,23.826934814453125,3.465735912322998,1.732867956161499,1.0,1.0,1.0,1.0,91.70747375488281,18.726154327392578,8.670319557189941,6.935348033905029,9.454668045043945,5.26534366607666,3.5272505283355713,6.931471824645996,7.053008079528809,67.52237701416016,12.817024230957031,3.554417133331299,64.60855865478516,38.833984375,3.5021779537200928,11.783502578735352,1.732867956161499,1.732867956161499,7.749520301818848,1.0,7.934539794921875,1.7884025573730469,7.94439172744751,30.392343521118164,1.7333441972732544,16.25214195251465,1.7332205772399902,7.031817436218262,1.732867956161499,3.484764575958252,3.465735912322998,3.4679298400878906,1.732867956161499,24.970651626586914,13.244440078735352,22.998083114624023,24.363393783569336,18.947782516479492,6.932780742645264,1.7336194515228271,3.4669132232666016,6.934875965118408,1.7359496355056763,5.201496601104736,9.361319541931152,1.7345860004425049,1.732867956161499,7.627740383148193,10.397207260131836,1.7341365814208984,3.4672746658325195,1.732867956161499,7.628177165985107,1.7332444190979004,3.4669289588928223,1.7334461212158203,1.7334153652191162,3.468480348587036,5.200657844543457,5.200969219207764,5.200799465179443,5.547970294952393,11.787760734558105,71.0180892944336,3.5793843269348145,6.144064903259277,20.190685272216797,1.8174880743026733,1.0,1.732867956161499,1.732867956161499,54.26427459716797,14.941384315490723,3.560279607772827,1.8359285593032837,15.281343460083008,1.5020625591278076,93.64227294921875,92.77930450439453,35.60730743408203,9.758761405944824,8.794645309448242,3.466719388961792,8.7083740234375,3.4876558780670166,3.558687925338745,1.7863712310791016,1.732867956161499,1.7902452945709229,5.768024444580078,3.5388875007629395,5.319018840789795,1.8542383909225464,3.5567731857299805,1.0,1.3862943649291992,1.5019192695617676,1.3862943649291992,1.3862943649291992,1.0,1.3862943649291992,1.732867956161499,6.931471824645996,1.3862943649291992,1.3862943649291992,3.6949286460876465,8.996794700622559,3.616349458694458,8.81860637664795,5.350695610046387,1.0669323205947876,3.5324013233184814,16.187061309814453,1.0,2.1875157356262207,4.882167339324951,3.64748215675354,71.05931091308594,69.32909393310547,69.3147201538086,85.53754425048828,95.45530700683594,45.08561706542969,54.17356491088867,76.26356506347656,3.0350825786590576,185.3505401611328,74.56720733642578,82.38377380371094,84.73053741455078,35.46242141723633,1.7346668243408203,1.0,80.82125091552734,10.401415824890137,52.46559143066406,29.149974822998047,99.30550384521484,49.84813690185547,17.34583282470703,13.862943649291992,506.3191833496094,390.5933837890625,100.11257934570312,261.35498046875,53.739227294921875,109.20417785644531,121.9796371459961,205.39956665039062,49.83782196044922,19.0706729888916,130.83058166503906,101.40522003173828,55.018558502197266,36.390228271484375,65.41576385498047,24.260150909423828,45.0545654296875,48.08708572387695,27.725887298583984,191.91513061523438,50.253170013427734,36.390228271484375,88.37626647949219,20.794414520263672,32.92449188232422
TEST_07+5일,13.93631362915039,48.71903991699219,11.807565689086914,7.011792182922363,1.732867956161499,1.8486878871917725,19.675090789794922,1.732867956161499,3.5820138454437256,1.0,1.732867956161499,1.732867956161499,3.465735912322998,1.732867956161499,25.559803009033203,1.0,53.71890640258789,1.732867956161499,1.732867956161499,65.84898376464844,23.826934814453125,3.465735912322998,1.732867956161499,1.0,1.0,1.0,1.0,91.70809173583984,18.72613525390625,8.67033576965332,6.935364723205566,9.455082893371582,5.2652130126953125,3.5275073051452637,6.931471824645996,7.053061008453369,67.52409362792969,12.81734848022461,3.5540637969970703,64.60636138916016,38.83394241333008,3.502054214477539,11.783502578735352,1.732867956161499,1.732867956161499,7.749152660369873,1.0,7.9335150718688965,1.7910279035568237,7.945549964904785,30.392322540283203,1.7333394289016724,16.252479553222656,1.7331910133361816,7.031721115112305,1.732867956161499,3.484875202178955,3.465735912322998,3.4679203033447266,1.732867956161499,24.970232009887695,13.243459701538086,22.998538970947266,24.362947463989258,18.947973251342773,6.932783126831055,1.733489751815796,3.466911792755127,6.93488073348999,1.7358267307281494,5.2014875411987305,9.361322402954102,1.7345895767211914,1.732867956161499,7.627744674682617,10.397207260131836,1.7340582609176636,3.4672799110412598,1.732867956161499,7.628171920776367,1.7332202196121216,3.466937303543091,1.7334632873535156,1.7334049940109253,3.468491792678833,5.200648307800293,5.200976371765137,5.2007975578308105,5.547974109649658,11.787758827209473,71.00494384765625,3.5790319442749023,6.1442155838012695,20.189373016357422,1.8192622661590576,1.0,1.732867956161499,1.732867956161499,54.2642936706543,14.939757347106934,3.559870719909668,1.835587978363037,15.281373023986816,1.502216100692749,93.38970947265625,92.77693939208984,35.60982894897461,9.75906753540039,8.795111656188965,3.4667186737060547,8.709600448608398,3.48762845993042,3.5587072372436523,1.7806369066238403,1.732867956161499,1.7914133071899414,5.767836093902588,3.5387635231018066,5.319414138793945,1.8514814376831055,3.5565569400787354,1.0,1.3862943649291992,1.501918077468872,1.3862943649291992,1.3862943649291992,1.0,1.3862943649291992,1.732867956161499,6.931471824645996,1.3862943649291992,1.3862943649291992,3.673435926437378,8.99625301361084,3.601048469543457,8.818784713745117,5.3506550788879395,1.0656768083572388,3.5326805114746094,16.187240600585938,1.0,2.196500539779663,4.882778167724609,3.6473987102508545,71.05924987792969,69.32915496826172,69.3147201538086,85.56434631347656,95.45500946044922,45.08589553833008,54.1735725402832,76.26356506347656,3.0350751876831055,185.350341796875,74.56705474853516,82.38362884521484,84.73047637939453,35.46249771118164,1.7347038984298706,1.0,80.82173156738281,10.401427268981934,52.4652214050293,29.150026321411133,99.30574035644531,49.848182678222656,17.345703125,13.862943649291992,506.3182373046875,390.5936584472656,100.11257934570312,261.3552551269531,53.73929214477539,109.20417785644531,121.97908782958984,205.39956665039062,49.837806701660156,19.07069206237793,130.8312225341797,101.4051513671875,55.018558502197266,36.390228271484375,65.41576385498047,24.260150909423828,45.0545654296875,48.08708572387695,27.725887298583984,191.91513061523438,50.253170013427734,36.390228271484375,88.37626647949219,20.794414520263672,32.92449188232422
TEST_07+6일,13.93624210357666,48.725685119628906,11.81149673461914,7.011981964111328,1.732867956161499,1.860224962234497,19.67486000061035,1.732867956161499,3.5820627212524414,1.0,1.732867956161499,1.732867956161499,3.465735912322998,1.732867956161499,25.559803009033203,1.0,53.71890640258789,1.732867956161499,1.732867956161499,65.84898376464844,23.826934814453125,3.465735912322998,1.732867956161499,1.0,1.0,1.0,1.0,91.70380401611328,18.726186752319336,8.670304298400879,6.935357570648193,9.454689979553223,5.265209197998047,3.527482509613037,6.931471824645996,7.053479194641113,67.523681640625,12.819632530212402,3.5540566444396973,64.60584259033203,38.83385467529297,3.502126693725586,11.783502578735352,1.732867956161499,1.732867956161499,7.749462127685547,1.0,7.9338579177856445,1.7888973951339722,7.945393085479736,30.39244270324707,1.7333018779754639,16.252403259277344,1.7331844568252563,7.031763076782227,1.732867956161499,3.484961986541748,3.465735912322998,3.467914581298828,1.732867956161499,24.970661163330078,13.245733261108398,22.998245239257812,24.362802505493164,18.948274612426758,6.932777404785156,1.7336719036102295,3.4669125080108643,6.934885501861572,1.7357892990112305,5.201484203338623,9.361307144165039,1.734470248222351,1.732867956161499,7.627739429473877,10.397207260131836,1.734072208404541,3.4672794342041016,1.732867956161499,7.628180027008057,1.733223795890808,3.4669265747070312,1.7335079908370972,1.7333954572677612,3.468482255935669,5.200658798217773,5.20097541809082,5.200799465179443,5.547973155975342,11.787764549255371,71.037841796875,3.579010486602783,6.144660949707031,20.189167022705078,1.8195338249206543,1.0,1.732867956161499,1.732867956161499,54.2647590637207,14.940278053283691,3.5609700679779053,1.8364512920379639,15.281362533569336,1.5019981861114502,93.46044158935547,92.77777862548828,35.60869598388672,9.758621215820312,8.795146942138672,3.466719388961792,8.710041999816895,3.487626075744629,3.5589065551757812,1.7820769548416138,1.732867956161499,1.7903075218200684,5.768089294433594,3.5388574600219727,5.319295883178711,1.8538587093353271,3.5568854808807373,1.0,1.3862943649291992,1.5019556283950806,1.3862943649291992,1.3862943649291992,1.0,1.3862943649291992,1.732867956161499,6.931471824645996,1.3862943649291992,1.3862943649291992,3.854341983795166,8.997308731079102,3.617043972015381,8.818841934204102,5.350860118865967,1.1016409397125244,3.5326573848724365,16.18832015991211,1.0,2.1525113582611084,4.882437705993652,3.647516965866089,71.05919647216797,69.32911682128906,69.3147201538086,85.54966735839844,95.45506286621094,45.08563232421875,54.17341613769531,76.26356506347656,3.0350711345672607,185.35057067871094,74.56707763671875,82.38356018066406,84.73015594482422,35.46248245239258,1.7345998287200928,1.0,80.82133483886719,10.401427268981934,52.465213775634766,29.15009117126465,99.30550384521484,49.84819030761719,17.345767974853516,13.862943649291992,506.31988525390625,390.59344482421875,100.11261749267578,261.3554382324219,53.73928451538086,109.2041015625,121.97956848144531,205.39927673339844,49.83781433105469,19.07068634033203,130.83094787597656,101.40516662597656,55.018558502197266,36.390228271484375,65.41576385498047,24.260150909423828,45.0545654296875,48.08708572387695,27.725887298583984,191.91513061523438,50.253170013427734,36.390228271484375,88.37626647949219,20.794414520263672,32.92449188232422
TEST_07+7일,13.936782836914062,48.835052490234375,11.807791709899902,7.011526107788086,1.732867956161499,1.854733943939209,19.676464080810547,1.732867956161499,3.5857162475585938,1.0,1.732867956161499,1.732867956161499,3.465735912322998,1.732867956161499,25.559803009033203,1.0,53.71890640258789,1.732867956161499,1.732867956161499,65.84898376464844,23.826934814453125,3.465735912322998,1.732867956161499,1.0,1.0,1.0,1.0,91.69913482666016,18.72614097595215,8.670327186584473,6.935352802276611,9.45467758178711,5.265256404876709,3.5274577140808105,6.931471824645996,7.054140567779541,67.52384185791016,12.819169998168945,3.554370403289795,64.60675811767578,38.83400344848633,3.5019431114196777,11.783502578735352,1.732867956161499,1.732867956161499,7.749529838562012,1.0,7.934013366699219,1.7823669910430908,7.944777488708496,30.392562866210938,1.7333338260650635,16.252164840698242,1.7331931591033936,7.0317606925964355,1.732867956161499,3.4847664833068848,3.465735912322998,3.467916965484619,1.732867956161499,24.970359802246094,13.244132041931152,22.99830436706543,24.36223602294922,18.947782516479492,6.932778358459473,1.7335938215255737,3.4669113159179688,6.934883117675781,1.7359195947647095,5.201489448547363,9.36129379272461,1.7348867654800415,1.732867956161499,7.6277313232421875,10.397207260131836,1.7340761423110962,3.4672770500183105,1.732867956161499,7.628177165985107,1.733227014541626,3.4669265747070312,1.733554482460022,1.7333388328552246,3.4685041904449463,5.200657844543457,5.200982570648193,5.200795650482178,5.547957897186279,11.78775691986084,71.06377410888672,3.578805923461914,6.143893718719482,20.190067291259766,1.8183904886245728,1.0,1.732867956161499,1.732867956161499,54.26530456542969,14.939632415771484,3.5601258277893066,1.834979772567749,15.281364440917969,1.5020891427993774,93.50440216064453,92.77680969238281,35.60645294189453,9.75879192352295,8.794804573059082,3.4667201042175293,8.7086820602417,3.487640380859375,3.5585858821868896,1.7900912761688232,1.732867956161499,1.7949427366256714,5.768272399902344,3.538736343383789,5.318862438201904,1.8501721620559692,3.5568106174468994,1.0,1.3862943649291992,1.5019381046295166,1.3862943649291992,1.3862943649291992,1.0,1.3862943649291992,1.732867956161499,6.931471824645996,1.3862943649291992,1.3862943649291992,3.664951801300049,8.996582984924316,3.602456569671631,8.819215774536133,5.3506550788879395,1.087958574295044,3.532371759414673,16.187742233276367,1.0,2.147850275039673,4.882288455963135,3.647552013397217,71.05960083007812,69.32913970947266,69.3147201538086,85.53946685791016,95.45547485351562,45.08546829223633,54.17335891723633,76.26356506347656,3.0350847244262695,185.35113525390625,74.56710815429688,82.38378143310547,84.73030090332031,35.46255874633789,1.7347185611724854,1.0,80.82157897949219,10.401419639587402,52.46514129638672,29.150026321411133,99.30546569824219,49.84819030761719,17.345779418945312,13.862943649291992,506.3189392089844,390.593505859375,100.11263275146484,261.35516357421875,53.73927307128906,109.20417785644531,121.9794692993164,205.39938354492188,49.83778762817383,19.07068634033203,130.83116149902344,101.40513610839844,55.018558502197266,36.390228271484375,65.41576385498047,24.260150909423828,45.0545654296875,48.08708572387695,27.725887298583984,191.91513061523438,50.253170013427734,36.390228271484375,88.37626647949219,20.794414520263672,32.92449188232422
TEST_08+1일,14.57934284210205,55.68695831298828,12.258755683898926,7.917459487915039,2.1479783058166504,3.029446601867676,22.609254837036133,1.732867956161499,3.9481730461120605,1.0,2.5048134326934814,1.8079978227615356,3.465735912322998,1.732867956161499,25.559803009033203,1.0,63.09962844848633,1.8784282207489014,1.744566559791565,74.28898620605469,26.456768035888672,3.744901418685913,1.7833338975906372,1.0,9.938789367675781,8.865617752075195,1.0,103.17445373535156,22.485464096069336,9.318944931030273,7.5362043380737305,10.190701484680176,5.459040641784668,3.5963735580444336,6.931471824645996,7.674750328063965,74.25288391113281,12.563292503356934,4.0121073722839355,69.63895416259766,42.41628646850586,3.5872719287872314,12.280388832092285,1.732867956161499,1.732867956161499,7.915332794189453,1.0,8.09949779510498,1.732867956161499,8.021479606628418,31.855728149414062,1.732867956161499,16.808719635009766,1.8866735696792603,7.851429462432861,2.005281448364258,3.891899824142456,3.559709072113037,3.5123517513275146,1.732867956161499,25.558103561401367,13.836735725402832,25.06593132019043,26.045459747314453,20.679285049438477,7.287168502807617,1.7370933294296265,3.8999202251434326,7.566952228546143,1.732867956161499,5.475706577301025,9.90755558013916,1.9294238090515137,1.9441757202148438,8.610191345214844,10.458582878112793,1.77871835231781,3.899340867996216,1.837814450263977,8.305554389953613,1.7525627613067627,3.6455061435699463,2.01731538772583,2.8883471488952637,3.8916168212890625,5.425111293792725,6.066051006317139,5.315402984619141,6.191106796264648,12.783647537231445,70.61437225341797,3.9186129570007324,6.570126533508301,20.743858337402344,1.732867956161499,1.1398589611053467,1.732867956161499,1.732867956161499,57.40562057495117,15.40942668914795,3.876695156097412,1.902464509010315,16.002424240112305,1.5020344257354736,103.57244110107422,104.6194839477539,37.716983795166016,9.955730438232422,8.907088279724121,3.6503753662109375,8.639848709106445,3.465735912322998,3.6464250087738037,2.756692409515381,1.732867956161499,1.9073630571365356,5.723982334136963,3.5797910690307617,5.966992378234863,2.0218396186828613,3.465735912322998,1.0,1.617664098739624,1.604530930519104,1.4821913242340088,1.593756914138794,1.0,1.3862943649291992,1.99472177028656,6.931471824645996,1.5196747779846191,1.5396435260772705,17.364660263061523,8.91421127319336,3.465735912322998,9.10591983795166,5.24569845199585,1.0,3.5099802017211914,16.175966262817383,1.0,1.907118320465088,4.945684432983398,3.465735912322998,71.49334716796875,69.3147201538086,106.24238586425781,113.58147430419922,96.69927215576172,45.0545654296875,54.67826461791992,76.2461929321289,3.0325188636779785,187.19195556640625,74.51332092285156,82.31122589111328,88.16815185546875,35.79179763793945,1.732867956161499,1.0,81.57799530029297,10.397207260131836,53.44388961791992,29.41952896118164,100.01873016357422,49.81995391845703,17.32868003845215,15.026786804199219,506.2939758300781,390.6169128417969,100.07312774658203,261.2298583984375,53.71890640258789,109.17068481445312,121.96173095703125,205.4273223876953,49.81995391845703,19.061548233032227,130.87353515625,101.37277221679688,64.38645935058594,41.64398956298828,77.22315979003906,27.640472412109375,52.38100814819336,59.19340896606445,34.698909759521484,272.3961181640625,64.6054458618164,77.2054214477539,128.9106903076172,29.214223861694336,50.74089813232422
TEST_08+2일,14.576640129089355,55.53457260131836,12.258255958557129,7.9180169105529785,2.149402618408203,2.9116039276123047,22.611543655395508,1.732867956161499,3.9528512954711914,1.0,2.4713118076324463,1.8081568479537964,3.465735912322998,1.732867956161499,25.559803009033203,1.0,63.288108825683594,1.8778927326202393,1.744093418121338,74.81238555908203,26.579708099365234,3.7340140342712402,1.7833926677703857,1.0,9.937037467956543,8.996078491210938,1.0,103.16995239257812,22.474876403808594,9.318078994750977,7.537899494171143,10.190512657165527,5.45898962020874,3.5965001583099365,6.931471824645996,7.67576789855957,74.25518798828125,12.563292503356934,4.011425495147705,69.63985443115234,42.40573501586914,3.5864784717559814,12.280831336975098,1.732867956161499,1.732867956161499,7.915570259094238,1.0,8.099678993225098,1.732867956161499,8.020386695861816,31.856597900390625,1.732867956161499,16.808086395263672,1.8712741136550903,7.851764678955078,2.0664772987365723,3.893429756164551,3.5600852966308594,3.51216983795166,1.732867956161499,25.5583553314209,13.835586547851562,25.06612205505371,26.046606063842773,20.678146362304688,7.286056995391846,1.7365909814834595,3.8996973037719727,7.568068504333496,1.732867956161499,5.4769463539123535,9.906885147094727,1.9357614517211914,1.9425028562545776,8.611531257629395,10.45861530303955,1.7784327268600464,3.9021358489990234,1.858746886253357,8.305850982666016,1.7525603771209717,3.645599126815796,1.991868257522583,2.8571624755859375,3.8922812938690186,5.425260066986084,6.064370632171631,5.3153910636901855,6.192079544067383,12.78282642364502,70.61437225341797,3.918513774871826,6.571269512176514,20.743852615356445,1.732867956161499,1.1181222200393677,1.732867956161499,1.732867956161499,57.40452575683594,15.410676956176758,3.876988410949707,1.9027607440948486,15.999719619750977,1.5021601915359497,102.90887451171875,104.55805969238281,37.71384048461914,9.955608367919922,8.907658576965332,3.6500775814056396,8.640037536621094,3.465735912322998,3.646436929702759,2.745554208755493,1.732867956161499,1.9037318229675293,5.723820209503174,3.579721212387085,5.9678521156311035,2.0137219429016113,3.465735912322998,1.0,1.6174836158752441,1.604461908340454,1.482223391532898,1.5936648845672607,1.0,1.3862943649291992,1.99467134475708,6.931471824645996,1.5194916725158691,1.539355993270874,19.221969604492188,8.914379119873047,3.465735912322998,9.10643482208252,5.2456583976745605,1.0,3.5102157592773438,16.176193237304688,1.0,1.9037272930145264,4.945749759674072,3.465735912322998,71.4935302734375,69.3147201538086,103.71742248535156,113.61917114257812,96.69815063476562,45.0545654296875,54.67839431762695,76.2461929321289,3.0325188636779785,187.1902618408203,74.51332092285156,82.31122589111328,88.16876220703125,35.79191970825195,1.732867956161499,1.0,81.57782745361328,10.397207260131836,53.44512939453125,29.419572830200195,100.01716613769531,49.81995391845703,17.32868003845215,15.024681091308594,506.29388427734375,390.6162414550781,100.07312774658203,261.2298583984375,53.71890640258789,109.17068481445312,121.96173095703125,205.42689514160156,49.81995391845703,19.061548233032227,130.87379455566406,101.37277221679688,64.48784637451172,41.43336486816406,77.26469421386719,27.938892364501953,52.194766998291016,58.066802978515625,34.209259033203125,269.2056579589844,64.6718978881836,76.65773010253906,129.02635192871094,29.123701095581055,49.93898391723633
TEST_08+3일,14.578652381896973,55.5361442565918,12.26050090789795,7.920050621032715,2.1479580402374268,2.9917728900909424,22.602489471435547,1.732867956161499,3.9425745010375977,1.0,2.4596166610717773,1.8075072765350342,3.465735912322998,1.732867956161499,25.559803009033203,1.0,63.22046661376953,1.878645658493042,1.7435624599456787,74.30001068115234,26.450950622558594,3.7157373428344727,1.7835230827331543,1.0,9.936243057250977,8.865304946899414,1.0,103.10504913330078,22.48099708557129,9.318166732788086,7.537098407745361,10.189056396484375,5.458916664123535,3.5959901809692383,6.931471824645996,7.675548076629639,74.25225830078125,12.563292503356934,4.0115814208984375,69.63379669189453,42.41447830200195,3.5869619846343994,12.280420303344727,1.732867956161499,1.732867956161499,7.9155497550964355,1.0,8.098624229431152,1.732867956161499,8.02033519744873,31.85474967956543,1.732867956161499,16.808990478515625,1.8789088726043701,7.851790904998779,2.0146706104278564,3.894658327102661,3.560336112976074,3.512429714202881,1.732867956161499,25.558565139770508,13.83683967590332,25.066484451293945,26.047502517700195,20.678129196166992,7.285793304443359,1.737011194229126,3.8994555473327637,7.56817102432251,1.732867956161499,5.476722717285156,9.906770706176758,1.9283419847488403,1.9423657655715942,8.608087539672852,10.45861530303955,1.7823107242584229,3.9002230167388916,1.8609446287155151,8.307807922363281,1.7529516220092773,3.645617723464966,1.958385705947876,2.9547410011291504,3.892573833465576,5.425703048706055,6.064161777496338,5.3154425621032715,6.188498497009277,12.783086776733398,70.61437225341797,3.9183759689331055,6.571181774139404,20.743995666503906,1.732867956161499,1.141516089439392,1.732867956161499,1.732867956161499,57.406707763671875,15.411080360412598,3.877889633178711,1.9083223342895508,15.998387336730957,1.5020499229431152,102.6471176147461,104.5832290649414,37.708457946777344,9.955465316772461,8.907190322875977,3.64937424659729,8.640718460083008,3.465735912322998,3.6461541652679443,2.787116765975952,1.732867956161499,1.908698558807373,5.723822116851807,3.5801305770874023,5.969274520874023,2.025175094604492,3.465735912322998,1.0,1.6177287101745605,1.604589581489563,1.4823663234710693,1.5938236713409424,1.0,1.3862943649291992,1.994557499885559,6.931471824645996,1.5197465419769287,1.5393083095550537,19.891843795776367,8.914100646972656,3.465735912322998,9.10632038116455,5.24569845199585,1.0,3.5102314949035645,16.17702293395996,1.0,1.9130975008010864,4.945749759674072,3.465735912322998,71.49371337890625,69.3147201538086,99.6834487915039,113.55210876464844,96.6980209350586,45.0545654296875,54.67814254760742,76.2461929321289,3.0325188636779785,187.19302368164062,74.51332092285156,82.31122589111328,88.1703109741211,35.792137145996094,1.732867956161499,1.0,81.57975769042969,10.397207260131836,53.443817138671875,29.419384002685547,100.01664733886719,49.81995391845703,17.32868003845215,15.025772094726562,506.29388427734375,390.6163024902344,100.07312774658203,261.2298583984375,53.71890640258789,109.17068481445312,121.96202087402344,205.4273223876953,49.81995391845703,19.061548233032227,130.8736572265625,101.37277221679688,64.90801239013672,41.322731018066406,77.03602600097656,27.811384201049805,52.05109405517578,58.76052474975586,33.49462127685547,264.6656188964844,64.81397247314453,79.89896392822266,128.8041229248047,29.019447326660156,49.54539108276367
TEST_08+4일,14.57509994506836,55.403724670410156,12.259264945983887,7.9194841384887695,2.1465630531311035,3.0390143394470215,22.599178314208984,1.732867956161499,3.9397387504577637,1.0,2.5161314010620117,1.8081412315368652,3.465735912322998,1.732867956161499,25.559803009033203,1.0,62.041542053222656,1.8777817487716675,1.7436705827713013,74.12373352050781,26.470989227294922,3.7576305866241455,1.7837233543395996,1.0,9.934466361999512,8.432672500610352,1.0,103.17601013183594,22.4805850982666,9.31782341003418,7.535143852233887,10.188709259033203,5.459354877471924,3.5961203575134277,6.931471824645996,7.675966739654541,74.2509536743164,12.563292503356934,4.011725425720215,69.64308166503906,42.41844940185547,3.5870659351348877,12.280961036682129,1.732867956161499,1.732867956161499,7.91564416885376,1.0,8.10047435760498,1.732867956161499,8.0203857421875,31.856040954589844,1.732867956161499,16.807870864868164,1.886989951133728,7.852003574371338,2.014789581298828,3.893735885620117,3.559981346130371,3.5124709606170654,1.732867956161499,25.559219360351562,13.835989952087402,25.063119888305664,26.04749298095703,20.67853355407715,7.28743314743042,1.736896276473999,3.900038242340088,7.5667829513549805,1.732867956161499,5.476889610290527,9.908501625061035,1.949805498123169,1.9426140785217285,8.610095977783203,10.458473205566406,1.7812902927398682,3.9018659591674805,1.8447918891906738,8.307448387145996,1.7519654035568237,3.645860195159912,1.9474434852600098,2.950603723526001,3.8920764923095703,5.425746440887451,6.065839767456055,5.315413475036621,6.1891937255859375,12.783045768737793,70.61437225341797,3.919559955596924,6.569390773773193,20.744888305664062,1.732867956161499,1.1599065065383911,1.732867956161499,1.732867956161499,57.40510559082031,15.413423538208008,3.8780694007873535,1.9021124839782715,15.998237609863281,1.5020413398742676,103.72065734863281,104.60202026367188,37.70629119873047,9.9556245803833,8.907082557678223,3.649876356124878,8.639810562133789,3.465735912322998,3.6462881565093994,2.6773595809936523,1.732867956161499,1.9033503532409668,5.724019527435303,3.5798189640045166,5.966684341430664,2.016225576400757,3.465735912322998,1.0,1.6175010204315186,1.604501485824585,1.4824408292770386,1.5944807529449463,1.0,1.3862943649291992,1.994571566581726,6.931471824645996,1.5198121070861816,1.5394201278686523,18.85535430908203,8.914261817932129,3.465735912322998,9.10540771484375,5.245691299438477,1.0,3.5099925994873047,16.176025390625,1.0,1.9154014587402344,4.945483207702637,3.465735912322998,71.49334716796875,69.3147201538086,101.8798599243164,113.56200408935547,96.69878387451172,45.0545654296875,54.67831802368164,76.2461929321289,3.0325188636779785,187.19241333007812,74.51332092285156,82.31122589111328,88.17045593261719,35.7919807434082,1.732867956161499,1.0,81.57695770263672,10.397207260131836,53.445838928222656,29.419145584106445,100.017333984375,49.81995391845703,17.32868003845215,15.02562141418457,506.2940673828125,390.6163024902344,100.07312774658203,261.2298583984375,53.71890640258789,109.17068481445312,121.96210479736328,205.4272918701172,49.81995391845703,19.061548233032227,130.8735809326172,101.37277221679688,63.69636154174805,41.36818313598633,76.93246459960938,27.453784942626953,52.07611083984375,57.83885192871094,34.138580322265625,266.29876708984375,65.10507202148438,77.8960189819336,128.9427032470703,28.95565414428711,49.21965026855469
TEST_08+5일,14.572845458984375,55.546390533447266,12.258323669433594,7.91916036605835,2.1481356620788574,2.8561930656433105,22.611427307128906,1.732867956161499,3.935699462890625,1.0,2.4863104820251465,1.808168888092041,3.465735912322998,1.732867956161499,25.559803009033203,1.0,63.218109130859375,1.878875732421875,1.7441651821136475,74.43875885009766,26.45200538635254,3.7230777740478516,1.7839385271072388,1.0,9.931175231933594,8.882335662841797,1.0,103.17808532714844,22.47813606262207,9.318766593933105,7.537352561950684,10.190564155578613,5.4590654373168945,3.5965216159820557,6.931471824645996,7.676483154296875,74.25635528564453,12.563292503356934,4.0102858543396,69.63809967041016,42.41328811645508,3.5866785049438477,12.280221939086914,1.732867956161499,1.732867956161499,7.914994239807129,1.0,8.09893798828125,1.732867956161499,8.02110481262207,31.856019973754883,1.732867956161499,16.808841705322266,1.876074194908142,7.851557731628418,2.016389846801758,3.896489381790161,3.5596892833709717,3.512289524078369,1.732867956161499,25.558610916137695,13.833544731140137,25.070594787597656,26.046674728393555,20.6793270111084,7.287845611572266,1.7363026142120361,3.899784564971924,7.567681312561035,1.732867956161499,5.476339817047119,9.9088134765625,1.9494282007217407,1.941652536392212,8.610930442810059,10.458526611328125,1.779203176498413,3.9032559394836426,1.8534148931503296,8.306783676147461,1.753161907196045,3.6465537548065186,1.9518954753875732,3.0205421447753906,3.892948865890503,5.4250569343566895,6.0684380531311035,5.315394878387451,6.189624786376953,12.782905578613281,70.61437225341797,3.9187076091766357,6.569745063781738,20.743602752685547,1.732867956161499,1.1660645008087158,1.732867956161499,1.732867956161499,57.40556716918945,15.410311698913574,3.876948118209839,1.9010889530181885,15.998676300048828,1.5021798610687256,102.68151092529297,104.58148956298828,37.713905334472656,9.955893516540527,8.907861709594727,3.6498868465423584,8.640436172485352,3.465735912322998,3.6463098526000977,2.6999030113220215,1.732867956161499,1.9066863059997559,5.723946571350098,3.5796990394592285,5.9680914878845215,2.011190414428711,3.465735912322998,1.0,1.6174651384353638,1.6044983863830566,1.482406735420227,1.5940033197402954,1.0,1.3862943649291992,1.9946694374084473,6.931471824645996,1.519808053970337,1.539973258972168,18.614946365356445,8.913957595825195,3.465735912322998,9.105839729309082,5.245678901672363,1.0,3.510141372680664,16.176124572753906,1.0,1.911721110343933,4.946194648742676,3.465735912322998,71.4931640625,69.3147201538086,103.34516906738281,113.74834442138672,96.6974868774414,45.0545654296875,54.678375244140625,76.2461929321289,3.0325188636779785,187.191650390625,74.51332092285156,82.31122589111328,88.17020416259766,35.792198181152344,1.732867956161499,1.0,81.57918548583984,10.397207260131836,53.44424057006836,29.419292449951172,100.01795196533203,49.81995391845703,17.32868003845215,15.025274276733398,506.293701171875,390.616455078125,100.07312774658203,261.2298583984375,53.71890640258789,109.17068481445312,121.96185302734375,205.4272918701172,49.81995391845703,19.061548233032227,130.8740692138672,101.37277221679688,63.88640594482422,41.235450744628906,76.90393829345703,27.563987731933594,52.022682189941406,58.05876159667969,33.48799133300781,264.3282165527344,65.21072387695312,76.0248031616211,128.6385040283203,29.034679412841797,49.07084655761719
TEST_08+6일,14.57240104675293,55.353111267089844,12.261869430541992,7.919647693634033,2.1454598903656006,3.0154683589935303,22.609699249267578,1.732867956161499,3.9342875480651855,1.0,2.47163724899292,1.807630181312561,3.465735912322998,1.732867956161499,25.559803009033203,1.0,63.04316329956055,1.878342628479004,1.7437070608139038,74.23993682861328,26.490543365478516,3.7516424655914307,1.7837203741073608,1.0,9.917963981628418,8.796476364135742,1.0,103.15431213378906,22.483779907226562,9.316800117492676,7.536359786987305,10.18878173828125,5.459054470062256,3.596487283706665,6.931471824645996,7.679052352905273,74.25543975830078,12.563292503356934,4.010279655456543,69.63715362548828,42.40422821044922,3.5868892669677734,12.281188011169434,1.732867956161499,1.732867956161499,7.915529251098633,1.0,8.099485397338867,1.732867956161499,8.021037101745605,31.85618782043457,1.732867956161499,16.80866241455078,1.8741378784179688,7.851722240447998,1.9818967580795288,3.898399829864502,3.5601983070373535,3.512179374694824,1.732867956161499,25.5592041015625,13.838554382324219,25.06560707092285,26.046228408813477,20.680713653564453,7.286813735961914,1.7370977401733398,3.899902820587158,7.568301200866699,1.732867956161499,5.476002216339111,9.907495498657227,1.9337937831878662,1.9419245719909668,8.609858512878418,10.45845890045166,1.779248595237732,3.9031553268432617,1.842533826828003,8.307659149169922,1.7519062757492065,3.645606279373169,1.9655113220214844,2.9640018939971924,3.892152786254883,5.425838470458984,6.068266868591309,5.315414905548096,6.1894402503967285,12.783473014831543,70.61437225341797,3.918666362762451,6.570672988891602,20.743404388427734,1.732867956161499,1.1773438453674316,1.732867956161499,1.732867956161499,57.408935546875,15.411200523376465,3.8798398971557617,1.9025452136993408,15.998584747314453,1.5019896030426025,102.8121337890625,104.58848571777344,37.71122360229492,9.95549488067627,8.908003807067871,3.6499476432800293,8.640729904174805,3.465735912322998,3.646566390991211,2.714282512664795,1.732867956161499,1.9036414623260498,5.7240519523620605,3.579796314239502,5.967677593231201,2.0153584480285645,3.465735912322998,1.0,1.6177996397018433,1.6045926809310913,1.482359528541565,1.593559741973877,1.0,1.3862943649291992,1.9946342706680298,6.931471824645996,1.5196613073349,1.5391687154769897,19.731761932373047,8.914541244506836,3.465735912322998,9.105978965759277,5.245733737945557,1.0,3.5100972652435303,16.17682456970215,1.0,1.9034478664398193,4.945805549621582,3.465735912322998,71.49282836914062,69.3147201538086,106.38256072998047,113.63958740234375,96.69768524169922,45.0545654296875,54.67767333984375,76.2461929321289,3.0325188636779785,187.19247436523438,74.51332092285156,82.31122589111328,88.16902923583984,35.792171478271484,1.732867956161499,1.0,81.5773696899414,10.397207260131836,53.444190979003906,29.41950798034668,100.01731872558594,49.81995391845703,17.32868003845215,15.025616645812988,506.2944030761719,390.6163635253906,100.07312774658203,261.2298583984375,53.71890640258789,109.17068481445312,121.96210479736328,205.4270782470703,49.81995391845703,19.061548233032227,130.8738555908203,101.37277221679688,63.69710922241211,41.23651885986328,76.88803100585938,27.471162796020508,51.98696517944336,58.08453369140625,33.94600296020508,263.0013122558594,66.6709976196289,72.0557632446289,128.88180541992188,29.1995792388916,49.016719818115234
TEST_08+7일,14.57582950592041,55.34053421020508,12.258528709411621,7.918721675872803,2.146233320236206,2.9502713680267334,22.622394561767578,1.732867956161499,3.951785087585449,1.0,2.472672939300537,1.8088617324829102,3.465735912322998,1.732867956161499,25.559803009033203,1.0,62.25358200073242,1.8783926963806152,1.7435882091522217,74.37251281738281,26.525009155273438,3.712212562561035,1.7839083671569824,1.0,9.934340476989746,9.338239669799805,1.0,103.13182830810547,22.4775447845459,9.31825065612793,7.536073684692383,10.188728332519531,5.4591474533081055,3.5964431762695312,6.931471824645996,7.683069229125977,74.2559814453125,12.563292503356934,4.011543273925781,69.63883972167969,42.420005798339844,3.5862812995910645,12.279876708984375,1.732867956161499,1.732867956161499,7.915652275085449,1.0,8.099742889404297,1.732867956161499,8.020637512207031,31.856412887573242,1.732867956161499,16.8079833984375,1.8770079612731934,7.851762771606445,2.0134811401367188,3.893749237060547,3.5606274604797363,3.512211799621582,1.732867956161499,25.55881118774414,13.835006713867188,25.06664276123047,26.044950485229492,20.678543090820312,7.287232875823975,1.736773133277893,3.899643659591675,7.568120002746582,1.732867956161499,5.476405620574951,9.90656566619873,1.9867923259735107,1.941301703453064,8.608295440673828,10.458619117736816,1.7792911529541016,3.902315616607666,1.8526291847229004,8.307519912719727,1.7516933679580688,3.6456336975097656,1.9723293781280518,2.8942365646362305,3.894139289855957,5.4257283210754395,6.071157455444336,5.315337657928467,6.187586784362793,12.782522201538086,70.61437225341797,3.918159246444702,6.569056034088135,20.74428939819336,1.732867956161499,1.190017819404602,1.732867956161499,1.732867956161499,57.4130859375,15.409954071044922,3.877614974975586,1.9007737636566162,15.998638153076172,1.5020772218704224,103.56095886230469,104.58019256591797,37.70282745361328,9.955657958984375,8.907337188720703,3.6500260829925537,8.639946937561035,3.465735912322998,3.6461591720581055,2.6483840942382812,1.732867956161499,1.9170762300491333,5.724129676818848,3.579665184020996,5.966125965118408,2.008261203765869,3.465735912322998,1.0,1.6174545288085938,1.6045490503311157,1.4821491241455078,1.593553066253662,1.0,1.3862943649291992,1.9946014881134033,6.931471824645996,1.5196481943130493,1.539569616317749,18.759389877319336,8.914145469665527,3.465735912322998,9.107047080993652,5.245678901672363,1.0,3.5099830627441406,16.176422119140625,1.0,1.8988656997680664,4.945625305175781,3.465735912322998,71.4944076538086,69.3147201538086,101.36849975585938,113.58045959472656,96.69940948486328,45.0545654296875,54.67742919921875,76.2461929321289,3.0325188636779785,187.19448852539062,74.51332092285156,82.31122589111328,88.16951751708984,35.792388916015625,1.732867956161499,1.0,81.57831573486328,10.397207260131836,53.443851470947266,29.419313430786133,100.01720428466797,49.81995391845703,17.32868003845215,15.025429725646973,506.2939758300781,390.6163635253906,100.07312774658203,261.2298583984375,53.71890640258789,109.17068481445312,121.96206665039062,205.42710876464844,49.81995391845703,19.061548233032227,130.8740234375,101.37277221679688,64.01213836669922,41.309696197509766,77.00267791748047,27.430875778198242,52.022911071777344,57.72256851196289,33.87477493286133,264.76458740234375,66.3616943359375,74.0655746459961,128.79324340820312,29.108652114868164,49.070648193359375
TEST_09+1일,14.61885929107666,78.59056854248047,12.682021141052246,7.5535783767700195,1.7641830444335938,2.6548991203308105,25.701723098754883,1.732867956161499,3.8986291885375977,1.2139124870300293,1.732867956161499,1.7720617055892944,3.465735912322998,3.9443187713623047,29.545867919921875,1.5074536800384521,70.40998840332031,1.8648736476898193,2.0357260704040527,71.63789367675781,27.4163818359375,3.465735912322998,1.8086241483688354,1.0,1.0,12.653268814086914,1.0,91.31057739257812,20.120073318481445,9.330008506774902,7.307214260101318,9.946826934814453,5.592456817626953,3.6251063346862793,6.931471824645996,7.389776706695557,73.11117553710938,12.563292503356934,4.027099132537842,68.767333984375,41.121116638183594,3.782315254211426,12.55655288696289,1.732867956161499,1.9486088752746582,7.826402187347412,1.0383347272872925,8.32923698425293,1.732867956161499,8.05605411529541,31.497180938720703,1.851349115371704,16.917755126953125,1.732867956161499,7.5745158195495605,1.7679107189178467,3.760911464691162,3.5673766136169434,3.6219992637634277,1.732867956161499,25.42690658569336,14.028034210205078,24.920473098754883,25.69664764404297,20.314855575561523,7.045449256896973,1.8110908269882202,3.6821558475494385,7.568332672119141,1.732867956161499,5.391061782836914,9.58360481262207,1.8066399097442627,1.862760066986084,7.860195159912109,10.48548412322998,1.8376988172531128,3.5724284648895264,1.7423325777053833,7.919063568115234,1.8128507137298584,3.5523030757904053,2.065837860107422,2.1378281116485596,3.776587963104248,5.514032363891602,5.610866069793701,5.31659460067749,5.708387851715088,12.248537063598633,70.61437225341797,3.6979498863220215,6.794124603271484,20.80919075012207,1.8432261943817139,1.0,1.793100118637085,1.732867956161499,57.41422653198242,15.127152442932129,3.750948905944824,1.8202638626098633,15.904679298400879,1.5020254850387573,101.95038604736328,99.879150390625,36.86914825439453,10.319233894348145,9.219276428222656,3.470633029937744,8.741055488586426,3.465735912322998,3.6982929706573486,2.194716453552246,1.732867956161499,1.8662561178207397,6.130919456481934,3.7197656631469727,5.62593412399292,1.9449549913406372,3.465735912322998,1.0,1.5499470233917236,1.7599267959594727,1.3862943649291992,1.4406508207321167,1.0,1.3862943649291992,1.951169729232788,6.931471824645996,1.4650623798370361,1.4784116744995117,1.0,8.831080436706543,3.7533764839172363,8.883973121643066,5.240523815155029,1.0,3.4731557369232178,16.0341739654541,1.0,1.8222403526306152,5.000172138214111,3.5127077102661133,71.69869232177734,69.3147201538086,97.30834197998047,114.21636962890625,96.77950286865234,45.0545654296875,54.988746643066406,76.2461929321289,3.0325188636779785,188.2526092529297,74.51332092285156,82.31122589111328,88.19276428222656,36.173343658447266,1.732867956161499,1.0,81.88180541992188,10.484991073608398,53.21636199951172,29.721837997436523,100.43029022216797,49.81995391845703,17.32868003845215,15.61211109161377,506.2604675292969,390.5849304199219,100.07312774658203,261.7008361816406,53.80302429199219,109.51416015625,122.77215576171875,206.54647827148438,49.893463134765625,19.155460357666016,131.0584259033203,101.41837310791016,60.16902542114258,38.63626480102539,69.65965270996094,25.329010009765625,47.954673767089844,50.75785446166992,29.040708541870117,215.3497772216797,56.44419860839844,45.129432678222656,105.3035659790039,25.14125633239746,40.16263198852539
TEST_09+2일,14.61507797241211,75.79137420654297,12.681333541870117,7.554025650024414,1.7643399238586426,2.466249942779541,25.703857421875,1.732867956161499,3.9029436111450195,1.2424732446670532,1.732867956161499,1.772131323814392,3.465735912322998,3.802333116531372,29.55283546447754,1.5162756443023682,70.12261962890625,1.8644641637802124,2.043177843093872,71.8548583984375,27.525686264038086,3.465735912322998,1.808752417564392,1.0,1.0,13.018198013305664,1.0,91.31024169921875,20.111858367919922,9.329045295715332,7.308343887329102,9.946576118469238,5.592315673828125,3.625340700149536,6.931471824645996,7.390434741973877,73.11385345458984,12.563292503356934,4.026401042938232,68.7685546875,41.112648010253906,3.780259847640991,12.557254791259766,1.732867956161499,1.938414454460144,7.826562881469727,1.0119842290878296,8.329479217529297,1.732867956161499,8.053802490234375,31.498361587524414,1.8754262924194336,16.91714859008789,1.732867956161499,7.574799537658691,1.775673508644104,3.761930465698242,3.567791223526001,3.6215219497680664,1.732867956161499,25.4273681640625,14.02663516998291,24.920766830444336,25.698741912841797,20.31389617919922,7.0448150634765625,1.8021763563156128,3.6820249557495117,7.569410800933838,1.732867956161499,5.392629146575928,9.58308219909668,1.8084572553634644,1.8622201681137085,7.860731601715088,10.485555648803711,1.8370531797409058,3.5729188919067383,1.7427120208740234,7.919229984283447,1.811918020248413,3.5523734092712402,2.02506160736084,2.136813163757324,3.777158498764038,5.514366149902344,5.61042594909668,5.3165812492370605,5.708632469177246,12.247780799865723,70.61437225341797,3.6979026794433594,6.79541540145874,20.8092098236084,1.8449833393096924,1.0,1.790532112121582,1.732867956161499,57.41315460205078,15.127716064453125,3.751082420349121,1.8205504417419434,15.902905464172363,1.502152681350708,101.24050903320312,99.84002685546875,36.86653137207031,10.319043159484863,9.220084190368652,3.470621109008789,8.741246223449707,3.465735912322998,3.698322296142578,2.1806159019470215,1.732867956161499,1.8633521795272827,6.129668712615967,3.7192323207855225,5.626425266265869,1.9369218349456787,3.465735912322998,1.0,1.5498125553131104,1.7597993612289429,1.3862943649291992,1.44063138961792,1.0,1.3862943649291992,1.9510806798934937,6.931471824645996,1.4649620056152344,1.4783215522766113,1.0,8.831207275390625,3.7321879863739014,8.884181022644043,5.240475654602051,1.0,3.473198652267456,16.034303665161133,1.0,1.8220460414886475,5.000243663787842,3.512557029724121,71.69884490966797,69.3147201538086,98.28094482421875,114.2492446899414,96.77830505371094,45.0545654296875,54.98890686035156,76.2461929321289,3.0325188636779785,188.2496795654297,74.51332092285156,82.31122589111328,88.19357299804688,36.17359924316406,1.732867956161499,1.0,81.88166046142578,10.48501205444336,53.21757888793945,29.721858978271484,100.42819213867188,49.81995391845703,17.32868003845215,15.607583999633789,506.2602844238281,390.5843811035156,100.07312774658203,261.70166015625,53.80314636230469,109.51451873779297,122.7721939086914,206.54428100585938,49.893531799316406,19.155635833740234,131.0588836669922,101.41834259033203,60.18264389038086,38.591426849365234,69.67803192138672,25.350919723510742,47.922786712646484,50.664669036865234,28.99984359741211,214.82801818847656,56.49564743041992,45.24761962890625,105.34295654296875,25.12911605834961,39.842105865478516
TEST_09+3일,14.618143081665039,74.55513000488281,12.684575080871582,7.555655002593994,1.7641769647598267,2.431384563446045,25.696321487426758,1.732867956161499,3.8939361572265625,1.2591443061828613,1.732867956161499,1.7717968225479126,3.465735912322998,3.8813014030456543,29.629867553710938,1.643188238143921,70.38597106933594,1.8650460243225098,2.0401034355163574,71.64726257324219,27.411128997802734,3.465735912322998,1.8089635372161865,1.0,1.0,12.814313888549805,1.0,91.30352020263672,20.116424560546875,9.329121589660645,7.307797431945801,9.944602012634277,5.592162609100342,3.624504566192627,6.931471824645996,7.390409469604492,73.11042785644531,12.563292503356934,4.02655553817749,68.76097869873047,41.119781494140625,3.7815451622009277,12.556668281555176,1.732867956161499,1.9351886510849,7.826557636260986,1.0454506874084473,8.327874183654785,1.732867956161499,8.053691864013672,31.495914459228516,1.8576669692993164,16.91809844970703,1.732867956161499,7.574810981750488,1.7694613933563232,3.762753963470459,3.5680973529815674,3.622124433517456,1.732867956161499,25.427675247192383,14.027703285217285,24.92099952697754,25.700345993041992,20.313884735107422,7.044629096984863,1.8079115152359009,3.681880235671997,7.569543838500977,1.732867956161499,5.392257213592529,9.583059310913086,1.806208610534668,1.8621649742126465,7.859378814697266,10.485555648803711,1.8459270000457764,3.5725765228271484,1.7435040473937988,7.920339107513428,1.8115593194961548,3.5523910522460938,1.9653189182281494,2.1578972339630127,3.7774312496185303,5.51529598236084,5.610387802124023,5.316643714904785,5.7075934410095215,12.248003005981445,70.61437225341797,3.697803497314453,6.795385837554932,20.809343338012695,1.8424363136291504,1.0,1.7928650379180908,1.732867956161499,57.41551971435547,15.12786865234375,3.7516930103302,1.823655605316162,15.902127265930176,1.5020450353622437,100.98738098144531,99.8552017211914,36.86101531982422,10.318785667419434,9.219411849975586,3.470597267150879,8.742025375366211,3.465735912322998,3.697866916656494,2.191394329071045,1.732867956161499,1.867151141166687,6.129684925079346,3.7212343215942383,5.627371311187744,1.94877290725708,3.465735912322998,1.0,1.5499908924102783,1.7600352764129639,1.3862943649291992,1.4406687021255493,1.0,1.3862943649291992,1.9509059190750122,6.931471824645996,1.4651033878326416,1.4783128499984741,1.0,8.830998420715332,3.745903730392456,8.884119033813477,5.240522861480713,1.0,3.473198175430298,16.034841537475586,1.0,1.8242948055267334,5.000260353088379,3.512573719024658,71.69927215576172,69.3147201538086,96.58944702148438,114.19435119628906,96.7781753540039,45.0545654296875,54.9886360168457,76.2461929321289,3.0325188636779785,188.25448608398438,74.51332092285156,82.31122589111328,88.19579315185547,36.17390823364258,1.732867956161499,1.0,81.88339233398438,10.484980583190918,53.216270446777344,29.72151756286621,100.427490234375,49.81995391845703,17.32868003845215,15.609838485717773,506.2602844238281,390.5844421386719,100.07312774658203,261.7015686035156,53.8031005859375,109.51528930664062,122.77620697021484,206.5468292236328,49.89344787597656,19.155845642089844,131.05853271484375,101.41837310791016,60.231266021728516,38.55413818359375,69.59478759765625,25.3431396484375,47.89048385620117,50.72063446044922,28.97203254699707,214.11781311035156,56.54317092895508,46.250282287597656,105.28128814697266,25.096986770629883,39.74489974975586
TEST_09+4일,14.61407470703125,74.81314086914062,12.682662010192871,7.555167198181152,1.764020323753357,2.4726688861846924,25.693775177001953,1.732867956161499,3.891406536102295,1.2725110054016113,1.732867956161499,1.7720849514007568,3.465735912322998,4.140824317932129,29.5675048828125,1.5425360202789307,68.50808715820312,1.8642971515655518,1.9870853424072266,71.57818603515625,27.428997039794922,3.465735912322998,1.809240460395813,1.0,1.0,12.23500919342041,1.0,91.31110382080078,20.115995407104492,9.328768730163574,7.306532382965088,9.944128036499023,5.5931501388549805,3.6247143745422363,6.931471824645996,7.39072847366333,73.10881042480469,12.563292503356934,4.026711463928223,68.77230072021484,41.12242126464844,3.7817718982696533,12.557369232177734,1.732867956161499,1.9281096458435059,7.826597690582275,1.0563030242919922,8.330789566040039,1.732867956161499,8.053805351257324,31.497608184814453,1.8663908243179321,16.91691780090332,1.732867956161499,7.574978351593018,1.7696187496185303,3.76210880279541,3.5676872730255127,3.6222310066223145,1.732867956161499,25.428659439086914,14.026764869689941,24.918033599853516,25.700395584106445,20.31424903869629,7.045607089996338,1.8048261404037476,3.682220220565796,7.56814432144165,1.732867956161499,5.392523765563965,9.58436393737793,1.812713623046875,1.8622255325317383,7.860141277313232,10.485268592834473,1.8433380126953125,3.5728743076324463,1.743342399597168,7.920122146606445,1.8132388591766357,3.552579641342163,1.945827603340149,2.156100034713745,3.7769665718078613,5.515360355377197,5.610813140869141,5.316610336303711,5.707845687866211,12.247969627380371,70.61437225341797,3.698488235473633,6.793356418609619,20.810300827026367,1.8427517414093018,1.0,1.7962419986724854,1.732867956161499,57.41374588012695,15.128824234008789,3.751865863800049,1.820286750793457,15.90205192565918,1.5020352602005005,101.83545684814453,99.86985778808594,36.859371185302734,10.3190279006958,9.219244956970215,3.470615863800049,8.740947723388672,3.465735912322998,3.6980721950531006,2.1909844875335693,1.732867956161499,1.8630168437957764,6.13114070892334,3.7201240062713623,5.625763893127441,1.9391709566116333,3.465735912322998,1.0,1.5498257875442505,1.7598750591278076,1.3862943649291992,1.4408260583877563,1.0,1.3862943649291992,1.9509201049804688,6.931471824645996,1.4651377201080322,1.478341817855835,1.0,8.831122398376465,3.7753186225891113,8.883782386779785,5.240512371063232,1.0,3.473158836364746,16.034231185913086,1.0,1.826862096786499,4.999904632568359,3.512639045715332,71.69849395751953,69.3147201538086,95.72789764404297,114.19710540771484,96.77898406982422,45.0545654296875,54.98880386352539,76.2461929321289,3.0325188636779785,188.25335693359375,74.51332092285156,82.31122589111328,88.19598388671875,36.173648834228516,1.732867956161499,1.0,81.88089752197266,10.484960556030273,53.21828079223633,29.72102928161621,100.428466796875,49.81995391845703,17.32868003845215,15.609577178955078,506.2604675292969,390.5844421386719,100.07312774658203,261.7016906738281,53.80302429199219,109.51602172851562,122.77782440185547,206.5467529296875,49.89360046386719,19.15542984008789,131.05844116210938,101.41842651367188,60.04604721069336,38.55990982055664,69.55562591552734,25.32973861694336,47.900882720947266,50.6571159362793,28.99696159362793,214.28213500976562,56.6347541809082,45.42527770996094,105.31053924560547,25.083406448364258,39.695072174072266
TEST_09+5일,14.610454559326172,76.52278900146484,12.681388854980469,7.5549516677856445,1.7641998529434204,2.278409481048584,25.70369529724121,1.732867956161499,3.8877546787261963,1.2370247840881348,1.732867956161499,1.7721248865127563,3.465735912322998,3.866396427154541,29.60791778564453,1.4683605432510376,71.05309295654297,1.8652880191802979,2.0944416522979736,71.70153045654297,27.41089630126953,3.465735912322998,1.8095636367797852,1.0,1.0,12.829407691955566,1.0,91.31116485595703,20.11433982849121,9.329811096191406,7.307940483093262,9.94663143157959,5.592522621154785,3.6253955364227295,6.931471824645996,7.390803813934326,73.11514282226562,12.563292503356934,4.025295734405518,68.76632690429688,41.1187858581543,3.7807562351226807,12.556421279907227,1.732867956161499,1.9432499408721924,7.826180458068848,1.027721643447876,8.328351974487305,1.732867956161499,8.0552339553833,31.4975643157959,1.8676520586013794,16.91794776916504,1.732867956161499,7.57460880279541,1.7696731090545654,3.763873815536499,3.5673511028289795,3.6217668056488037,1.732867956161499,25.427743911743164,14.024828910827637,24.92465591430664,25.698776245117188,20.31487274169922,7.045826435089111,1.7978415489196777,3.682086706161499,7.5690460205078125,1.732867956161499,5.391873359680176,9.584538459777832,1.8126494884490967,1.861958384513855,7.860555648803711,10.48537540435791,1.8385885953903198,3.573134422302246,1.7434388399124146,7.9197492599487305,1.8112016916275024,3.5530924797058105,1.9533969163894653,2.157386302947998,3.7777833938598633,5.5139336585998535,5.611512660980225,5.316587448120117,5.707982063293457,12.247870445251465,70.61437225341797,3.697997570037842,6.793680667877197,20.808948516845703,1.8451976776123047,1.0,1.7893105745315552,1.732867956161499,57.41437911987305,15.127511024475098,3.751039981842041,1.8196941614151,15.902359962463379,1.5021650791168213,100.38751983642578,99.8532943725586,36.86593246459961,10.319456100463867,9.220407485961914,3.4706151485443115,8.741684913635254,3.465735912322998,3.698115825653076,2.1785080432891846,1.732867956161499,1.8655779361724854,6.130618095397949,3.719421625137329,5.626586437225342,1.933462381362915,3.465735912322998,1.0,1.5497992038726807,1.7598698139190674,1.3862943649291992,1.4407120943069458,1.0,1.3862943649291992,1.9510878324508667,6.931471824645996,1.4651377201080322,1.4785407781600952,1.0,8.830899238586426,3.739917278289795,8.883956909179688,5.240506172180176,1.0,3.4731855392456055,16.0342960357666,1.0,1.8261370658874512,5.0008463859558105,3.5126209259033203,71.69800567626953,69.3147201538086,97.4612808227539,114.36345672607422,96.77752685546875,45.0545654296875,54.98887634277344,76.2461929321289,3.0325188636779785,188.25216674804688,74.51332092285156,82.31122589111328,88.1956558227539,36.17401885986328,1.732867956161499,1.0,81.8828125,10.485129356384277,53.21669006347656,29.721284866333008,100.42929077148438,49.81995391845703,17.32868003845215,15.608713150024414,506.2601013183594,390.5845947265625,100.07312774658203,261.70263671875,53.80315399169922,109.51541900634766,122.77406311035156,206.5467529296875,49.893550872802734,19.155588150024414,131.05906677246094,101.41834259033203,60.05760192871094,38.52660369873047,69.54378509521484,25.325973510742188,47.88584518432617,50.66674041748047,28.97243881225586,214.056640625,56.69166564941406,45.2369499206543,105.21890258789062,25.10710334777832,39.64485168457031
TEST_09+6일,14.610479354858398,75.0534439086914,12.686247825622559,7.555380344390869,1.7638963460922241,2.3704562187194824,25.701980590820312,1.732867956161499,3.887063980102539,1.2378802299499512,1.732867956161499,1.7718815803527832,3.465735912322998,3.8208868503570557,29.594926834106445,1.507836103439331,70.41476440429688,1.8647961616516113,2.019230604171753,71.61405181884766,27.441932678222656,3.465735912322998,1.8093047142028809,1.0,1.0,12.667513847351074,1.0,91.3088607788086,20.118511199951172,9.327618598937988,7.307324409484863,9.94423770904541,5.592467784881592,3.625323534011841,6.931471824645996,7.392685413360596,73.1142349243164,12.563292503356934,4.025310516357422,68.76509857177734,41.11127471923828,3.7812976837158203,12.557718276977539,1.732867956161499,1.9323004484176636,7.826546669006348,1.058391809463501,8.329227447509766,1.732867956161499,8.055161476135254,31.497821807861328,1.8557240962982178,16.917659759521484,1.732867956161499,7.574759483337402,1.7650620937347412,3.7651543617248535,3.5679244995117188,3.621579647064209,1.732867956161499,25.42871856689453,14.02928352355957,24.920141220092773,25.69802474975586,20.316049575805664,7.045192241668701,1.8081424236297607,3.6821484565734863,7.569611549377441,1.732867956161499,5.391444683074951,9.583589553833008,1.8080974817276,1.8620026111602783,7.860133647918701,10.485236167907715,1.8381928205490112,3.573075532913208,1.7424322366714478,7.920233249664307,1.8114842176437378,3.552384853363037,1.9730967283248901,2.158383369445801,3.7770214080810547,5.515580654144287,5.611459255218506,5.316611289978027,5.707929611206055,12.248391151428223,70.61437225341797,3.697972059249878,6.794704914093018,20.808727264404297,1.8458198308944702,1.0,1.793642282485962,1.732867956161499,57.41762924194336,15.127899169921875,3.7531676292419434,1.8205283880233765,15.902189254760742,1.5019879341125488,100.73243713378906,99.85983276367188,36.8636360168457,10.318807601928711,9.220553398132324,3.4706175327301025,8.742023468017578,3.465735912322998,3.6984963417053223,2.1941094398498535,1.732867956161499,1.8631417751312256,6.13140869140625,3.719677686691284,5.626336574554443,1.9391400814056396,3.465735912322998,1.0,1.5500388145446777,1.760041356086731,1.3862943649291992,1.4406081438064575,1.0,1.3862943649291992,1.9510124921798706,6.931471824645996,1.4650577306747437,1.478259801864624,1.0,8.831320762634277,3.769676923751831,8.88399600982666,5.240553855895996,1.0,3.473174810409546,16.0347843170166,1.0,1.8192119598388672,5.0003204345703125,3.5126445293426514,71.69735717773438,69.3147201538086,98.32884216308594,114.26620483398438,96.77778625488281,45.0545654296875,54.98814392089844,76.2461929321289,3.0325188636779785,188.2534637451172,74.51332092285156,82.31122589111328,88.19393920898438,36.173988342285156,1.732867956161499,1.0,81.88125610351562,10.485097885131836,53.216644287109375,29.721731185913086,100.42839813232422,49.81995391845703,17.32868003845215,15.6095609664917,506.2607116699219,390.5844421386719,100.07312774658203,261.70343017578125,53.80315399169922,109.51431274414062,122.77742767333984,206.54542541503906,49.893550872802734,19.155508041381836,131.05885314941406,101.4183578491211,60.04234313964844,38.5379638671875,69.54307556152344,25.314863204956055,47.88158416748047,50.674598693847656,28.98540687561035,213.8726043701172,57.27804946899414,45.2680778503418,105.29783630371094,25.1448917388916,39.63447952270508
TEST_09+7일,14.613578796386719,74.33775329589844,12.681641578674316,7.554611682891846,1.7639808654785156,2.318373441696167,25.71222496032715,1.732867956161499,3.9027152061462402,1.2321702241897583,1.732867956161499,1.772454023361206,3.465735912322998,3.7705159187316895,29.676599502563477,1.597517490386963,69.15953063964844,1.8648654222488403,2.0247106552124023,71.67214965820312,27.47108268737793,3.465735912322998,1.8095372915267944,1.0,1.0,13.209917068481445,1.0,91.30646514892578,20.113996505737305,9.329262733459473,7.307131290435791,9.944173812866211,5.592692852020264,3.6252355575561523,6.931471824645996,7.395318031311035,73.11457824707031,12.563292503356934,4.026546478271484,68.76712799072266,41.12419128417969,3.7797751426696777,12.55592155456543,1.732867956161499,1.9017373323440552,7.826621055603027,1.0524239540100098,8.329551696777344,1.732867956161499,8.054326057434082,31.498126983642578,1.8661253452301025,16.917016983032227,1.732867956161499,7.574775218963623,1.769007682800293,3.7621192932128906,3.5684151649475098,3.6216559410095215,1.732867956161499,25.42802619934082,14.026151657104492,24.92110824584961,25.695697784423828,20.314285278320312,7.045473098754883,1.8037582635879517,3.6820006370544434,7.569501876831055,1.732867956161499,5.3918633460998535,9.58283805847168,1.8234432935714722,1.8618072271347046,7.859466075897217,10.485573768615723,1.8394434452056885,3.5729482173919678,1.7427831888198853,7.920172214508057,1.8118094205856323,3.552403688430786,1.9841140508651733,2.171642541885376,3.7784767150878906,5.51531982421875,5.6121721267700195,5.316514492034912,5.707266330718994,12.247529983520508,70.61437225341797,3.6976795196533203,6.79295539855957,20.809656143188477,1.8440519571304321,1.0,1.798173427581787,1.732867956161499,57.42177963256836,15.127399444580078,3.7515664100646973,1.819387674331665,15.902255058288574,1.5020703077316284,101.94644165039062,99.85438537597656,36.8570442199707,10.319089889526367,9.219603538513184,3.4706199169158936,8.741122245788574,3.465735912322998,3.6978719234466553,2.2038075923919678,1.732867956161499,1.8737448453903198,6.132038593292236,3.7193117141723633,5.625421047210693,1.9315117597579956,3.465735912322998,1.0,1.5497932434082031,1.7599585056304932,1.3862943649291992,1.440603494644165,1.0,1.3862943649291992,1.9509727954864502,6.931471824645996,1.4650492668151855,1.4783976078033447,1.0,8.831036567687988,3.739475965499878,8.884424209594727,5.240508079528809,1.0,3.473158121109009,16.034526824951172,1.0,1.8167157173156738,5.0000901222229,3.512662410736084,71.70098876953125,69.3147201538086,97.37092590332031,114.21336364746094,96.77963256835938,45.0545654296875,54.9879035949707,76.2461929321289,3.0325188636779785,188.25706481933594,74.51332092285156,82.31122589111328,88.19479370117188,36.174346923828125,1.732867956161499,1.0,81.8821029663086,10.485007286071777,53.21630859375,29.721349716186523,100.42829895019531,49.81995391845703,17.32868003845215,15.609217643737793,506.2604675292969,390.5845031738281,100.07312774658203,261.7020568847656,53.8031005859375,109.51543426513672,122.77655792236328,206.54571533203125,49.893463134765625,19.155506134033203,131.05899047851562,101.41830444335938,60.11587905883789,38.55513000488281,69.57762908935547,25.32461166381836,47.88642501831055,50.652191162109375,28.992511749267578,214.0847930908203,57.13441848754883,45.22993850708008,105.27367401123047,25.115232467651367,39.64919662475586
