영업일자,느티나무 셀프BBQ_1인 수저세트,느티나무 셀프BBQ_BBQ55(단체),"느티나무 셀프BBQ_대여료 30,000원","느티나무 셀프BBQ_대여료 60,000원","느티나무 셀프BBQ_대여료 90,000원","느티나무 셀프BBQ_본삼겹 (단품,실내)",느티나무 셀프BBQ_스프라이트 (단체),느티나무 셀프BBQ_신라면,느티나무 셀프BBQ_쌈야채세트,느티나무 셀프BBQ_쌈장,느티나무 셀프BBQ_육개장 사발면,느티나무 셀프BBQ_일회용 소주컵,느티나무 셀프BBQ_일회용 종이컵,느티나무 셀프BBQ_잔디그늘집 대여료 (12인석),느티나무 셀프BBQ_잔디그늘집 대여료 (6인석),느티나무 셀프BBQ_잔디그늘집 의자 추가,느티나무 셀프BBQ_참이슬 (단체),느티나무 셀프BBQ_친환경 접시 14cm,느티나무 셀프BBQ_친환경 접시 23cm,느티나무 셀프BBQ_카스 병(단체),느티나무 셀프BBQ_콜라 (단체),느티나무 셀프BBQ_햇반,느티나무 셀프BBQ_허브솔트,담하_(단체) 공깃밥,담하_(단체) 생목살 김치전골 2.0,담하_(단체) 은이버섯 갈비탕,담하_(단체) 한우 우거지 국밥,담하_(단체) 황태해장국 3/27까지,담하_(정식) 된장찌개,담하_(정식) 물냉면 ,담하_(정식) 비빔냉면,담하_(후식) 된장찌개,담하_(후식) 물냉면,담하_(후식) 비빔냉면,담하_갑오징어 비빔밥,담하_갱시기,담하_공깃밥,담하_꼬막 비빔밥,담하_느린마을 막걸리,담하_담하 한우 불고기,담하_담하 한우 불고기 정식,담하_더덕 한우 지짐,담하_들깨 양지탕,담하_라면사리,담하_룸 이용료,담하_메밀면 사리,담하_명인안동소주,담하_명태회 비빔냉면,담하_문막 복분자 칵테일,담하_봉평메밀 물냉면,담하_생목살 김치찌개,담하_스프라이트,담하_은이버섯 갈비탕,담하_제로콜라,담하_참이슬,담하_처음처럼,담하_카스,담하_콜라,담하_테라,담하_하동 매실 칵테일,담하_한우 떡갈비 정식,담하_한우 미역국 정식,담하_한우 우거지 국밥,담하_한우 차돌박이 된장찌개,담하_황태해장국,라그로타_AUS (200g),라그로타_G-Charge(3),라그로타_Gls.Sileni,라그로타_Gls.미션 서드,라그로타_Open Food,라그로타_그릴드 비프 샐러드,라그로타_까르보나라,라그로타_모둠 해산물 플래터,라그로타_미션 서드 카베르네 쉬라,라그로타_버섯 크림 리조또,라그로타_빵 추가 (1인),라그로타_스프라이트,라그로타_시저 샐러드 ,라그로타_아메리카노,라그로타_알리오 에 올리오 ,라그로타_양갈비 (4ps),라그로타_자몽리치에이드,라그로타_제로콜라,라그로타_카스,라그로타_콜라,라그로타_하이네켄(생),라그로타_한우 (200g),라그로타_해산물 토마토 리조또,라그로타_해산물 토마토 스튜 파스타,라그로타_해산물 토마토 스파게티,"미라시아_(단체)브런치주중 36,000",미라시아_(오븐) 하와이안 쉬림프 피자,미라시아_(화덕) 불고기 페퍼로니 반반피자,미라시아_BBQ Platter,미라시아_BBQ 고기추가,미라시아_공깃밥,미라시아_글라스와인 (레드),미라시아_레인보우칵테일(알코올),미라시아_미라시아 브런치 (패키지),미라시아_버드와이저(무제한),미라시아_보일링 랍스타 플래터,미라시아_보일링 랍스타 플래터(덜매운맛),미라시아_브런치 2인 패키지 ,미라시아_브런치 4인 패키지 ,미라시아_브런치(대인) 주말,미라시아_브런치(대인) 주중,미라시아_브런치(어린이),미라시아_쉬림프 투움바 파스타,미라시아_스텔라(무제한),미라시아_스프라이트,미라시아_애플망고 에이드,미라시아_얼그레이 하이볼,미라시아_오븐구이 윙과 킬바사소세지,미라시아_유자 하이볼,미라시아_잭 애플 토닉,미라시아_칠리 치즈 프라이,미라시아_코카콜라,미라시아_코카콜라(제로),미라시아_콥 샐러드,미라시아_파스타면 추가(150g),미라시아_핑크레몬에이드,연회장_Cass Beer,연회장_Conference L1,연회장_Conference L2,연회장_Conference L3,연회장_Conference M1,연회장_Conference M8,연회장_Conference M9,연회장_Convention Hall,연회장_Cookie Platter,연회장_Grand Ballroom,연회장_OPUS 2,연회장_Regular Coffee,연회장_골뱅이무침,연회장_공깃밥,연회장_돈목살 김치찌개 (밥포함),연회장_로제 치즈떡볶이,연회장_마라샹궈,연회장_매콤 무뼈닭발&계란찜,연회장_모둠 돈육구이(3인),연회장_삼겹살추가 (200g),연회장_야채추가,연회장_왕갈비치킨,연회장_주먹밥 (2ea),카페테리아_공깃밥(추가),카페테리아_구슬아이스크림,카페테리아_단체식 13000(신),카페테리아_단체식 18000(신),카페테리아_돼지고기 김치찌개,카페테리아_복숭아 아이스티,카페테리아_새우 볶음밥,카페테리아_새우튀김 우동,카페테리아_샷 추가,카페테리아_수제 등심 돈까스,카페테리아_아메리카노(HOT),카페테리아_아메리카노(ICE),카페테리아_약 고추장 돌솥비빔밥,카페테리아_어린이 돈까스,카페테리아_오픈푸드,카페테리아_진사골 설렁탕,카페테리아_짜장면,카페테리아_짜장밥,카페테리아_짬뽕,카페테리아_짬뽕밥,카페테리아_치즈돈까스,카페테리아_카페라떼(HOT),카페테리아_카페라떼(ICE),카페테리아_한상 삼겹구이 정식(2인) 소요시간 약 15~20분,포레스트릿_꼬치어묵,포레스트릿_떡볶이,포레스트릿_복숭아 아이스티,포레스트릿_생수,포레스트릿_스프라이트,포레스트릿_아메리카노(HOT),포레스트릿_아메리카노(ICE),포레스트릿_치즈 핫도그,포레스트릿_카페라떼(HOT),포레스트릿_카페라떼(ICE),포레스트릿_코카콜라,포레스트릿_페스츄리 소시지,화담숲주막_느린마을 막걸리,화담숲주막_단호박 식혜 ,화담숲주막_병천순대,화담숲주막_스프라이트,화담숲주막_참살이 막걸리,화담숲주막_찹쌀식혜,화담숲주막_콜라,화담숲주막_해물파전,화담숲카페_메밀미숫가루,화담숲카페_아메리카노 HOT,화담숲카페_아메리카노 ICE,화담숲카페_카페라떼 ICE,화담숲카페_현미뻥스크림
TEST_00+1일,7.432010650634766,1.0,9.866398811340332,2.4911229610443115,1.0,1.8341336250305176,1.0,1.9777590036392212,3.3517470359802246,1.026013970375061,2.980342388153076,1.4266449213027954,1.5641982555389404,4.718437671661377,22.19466781616211,2.018367290496826,1.0,1.5545400381088257,1.5313427448272705,25.867786407470703,8.637845993041992,2.972689390182495,1.3024861812591553,1.0,33.089996337890625,18.843647003173828,5.598053455352783,25.174758911132812,6.598662376403809,4.42683744430542,2.606826066970825,5.054643630981445,2.4772613048553467,1.9407320022583008,2.968005418777466,4.236848831176758,31.57473373413086,4.532544136047363,1.9998466968536377,14.724167823791504,9.803563117980957,1.2595301866531372,1.0,1.0,1.0,2.381673812866211,1.0088320970535278,4.186729431152344,1.650231957435608,4.329852104187012,9.593915939331055,1.4871853590011597,4.437102317810059,1.1419857740402222,1.3886120319366455,1.524790644645691,1.9098148345947266,1.675755500793457,1.2393401861190796,2.053999185562134,10.03404712677002,10.2559232711792,16.1514835357666,7.199564456939697,11.995064735412598,2.630234956741333,1.0,3.625574827194214,2.2405290603637695,1.9394792318344116,2.8277575969696045,4.096094131469727,1.3277301788330078,1.367865800857544,2.930432081222534,4.511224746704102,1.1864163875579834,2.032442808151245,2.93769907951355,3.4103915691375732,3.598271369934082,1.3474079370498657,1.6390714645385742,2.4405722618103027,1.8557324409484863,1.7578239440917969,4.890804290771484,2.157069683074951,3.4603893756866455,6.175892353057861,7.232803821563721,2.0053272247314453,3.6225216388702393,4.601362705230713,2.341702699661255,1.5748378038406372,1.7608178853988647,1.6704117059707642,28.372940063476562,6.186826229095459,1.508716106414795,1.044354796409607,1.0,1,96.42512512207031,3.506148338317871,23.31121253967285,3.940129041671753,5.905707359313965,2.052316904067993,5.476467609405518,1.0,1.6006356477737427,1.8532500267028809,1.0087528228759766,1.1107426881790161,3.2174274921417236,2.898531913757324,1.0547430515289307,1.1091567277908325,1.2806036472320557,1.0,1.0,1,1.0,1.0,1,1.0,1.0,5.007596492767334,1.0,1.0,1.0,4.752167224884033,1.0412962436676025,3.3651626110076904,2.306884527206421,1.0,1.7176014184951782,7.737541198730469,1.284954309463501,1.0,5.114854335784912,1.0,8.573322296142578,1.0,21.983243942260742,16.600841522216797,7.608953952789307,1.0,5.986056327819824,1.0,1.2525995969772339,23.051355361938477,34.13917922973633,50.58164978027344,15.330689430236816,6.455881595611572,16.152467727661133,8.52147102355957,16.58429718017578,1.0,6.281619548797607,3.7848060131073,6.964822292327881,20.980915069580078,6.273796081542969,8.320624351501465,35.72677230834961,49.379276275634766,14.403697967529297,3.651134490966797,5.119627952575684,11.829631805419922,21.83879852294922,13.138050079345703,1.1611520051956177,3.649165153503418,1.0,11.518952369689941,26.704904556274414,14.138408660888672,20.585174560546875,7.24492073059082,49.85014724731445,27.55232048034668,11.269131660461426,104.23877716064453,37.29464340209961,6.527207374572754,39.913021087646484,8.30919361114502,30.477645874023438
TEST_00+2일,10.939034461975098,75.59965515136719,5.794430732727051,1.0,1.0117136240005493,3.553443431854248,1.2124192714691162,2.488093614578247,3.0375022888183594,1.0,2.5846049785614014,1.0,1.6904675960540771,6.505670547485352,9.484321594238281,1.030353307723999,22.125625610351562,1.0060724020004272,1.4058094024658203,20.68754005432129,12.694734573364258,2.443763017654419,1.0,2.9362432956695557,30.68682289123535,15.814393043518066,5.708599090576172,4.1426262855529785,6.837704181671143,3.225191116333008,3.2913849353790283,3.213772773742676,2.6222550868988037,1.055336833000183,3.129840850830078,3.7359001636505127,10.997151374816895,1.3886181116104126,1.8680341243743896,25.094738006591797,8.537824630737305,2.2550857067108154,1.0,2.270231246948242,2.458514451980591,3.0574111938476562,1.048110842704773,3.9017727375030518,1.505054235458374,4.515552997589111,9.334562301635742,1.9101818799972534,2.250833511352539,1.0,1.3863633871078491,1.2191057205200195,1.0,1.0,1.6447043418884277,1.3728852272033691,6.208273887634277,5.38698148727417,6.096285343170166,8.047545433044434,5.216856002807617,2.755899667739868,1.4068002700805664,2.30434250831604,2.597835063934326,3.0804662704467773,2.7312495708465576,1.0,1.0,1.0,1.4317246675491333,6.121212482452393,1.4729692935943604,1.3946279287338257,3.541818857192993,4.640233039855957,1.4774154424667358,1.4086498022079468,2.0199153423309326,1.7369948625564575,1.9395262002944946,2.527008056640625,1.426957607269287,1.1738839149475098,1.9866819381713867,5.341571807861328,29.5278263092041,1.5429414510726929,2.6778337955474854,3.696894407272339,2.2315926551818848,1.0,2.0942978858947754,1.615595817565918,9.354669570922852,7.833709716796875,1.4549018144607544,1.0,9.822956085205078,1,85.09294128417969,66.3738021850586,14.498214721679688,3.941953659057617,3.5620322227478027,1.9999980926513672,3.692925453186035,1.430389404296875,2.5472400188446045,1.9670451879501343,1.0,1.0,2.1470510959625244,1.494038701057434,1.9872363805770874,1.0971250534057617,1.4797348976135254,1.0,1.0009394884109497,1,1.0,1.0,1,1.0,1.0,4.342358589172363,1.0,1.0,8.187774658203125,1.9766143560409546,1.5998107194900513,2.856130361557007,1.0,1.0,1.0752460956573486,3.609018325805664,2.1359188556671143,1.0,3.1159682273864746,2.015167713165283,4.517215728759766,1.0,29.964393615722656,47.399234771728516,5.786789417266846,3.588080644607544,3.1694250106811523,2.514805793762207,2.8949623107910156,10.964085578918457,6.183200836181641,1.0,9.883087158203125,1.5837206840515137,1.173136591911316,16.564329147338867,4.020906925201416,2.994842290878296,2.1360995769500732,2.119401216506958,8.296319007873535,1.0,1.0,4.186699390411377,1.0,48.229530334472656,3.259320020675659,31.900602340698242,13.372088432312012,18.491456985473633,1.0,8.317923545837402,1.0,2.916755437850952,1.0,6.167367458343506,14.894497871398926,5.442440032958984,9.487367630004883,6.575822353363037,18.7642879486084,16.07444190979004,1.0,88.0770034790039,42.975929260253906,1.0,25.459196090698242,8.8818998336792,12.618227005004883
TEST_00+3일,9.504436492919922,56.14344024658203,5.465958595275879,1.0,1.0,2.2046289443969727,5.12135648727417,3.832343816757202,1.7589694261550903,1.0,2.363222360610962,1.2679660320281982,1.0,1.1178441047668457,8.61379623413086,1.9756865501403809,52.18975830078125,1.4282879829406738,1.1163564920425415,17.714780807495117,13.789494514465332,3.5809361934661865,1.0349560976028442,1.4784773588180542,32.56332015991211,23.60806655883789,12.644451141357422,73.22532653808594,7.321553707122803,3.139754056930542,2.7042722702026367,2.5915114879608154,2.397387742996216,1.5451322793960571,4.157769203186035,1.6350120306015015,5.422362327575684,3.9875380992889404,2.4400501251220703,20.01698112487793,7.480924129486084,1.0,3.0717673301696777,1.0,1.611189365386963,1.0,1.0,2.666161298751831,1.9680397510528564,3.7966809272766113,6.192493915557861,1.235878586769104,3.951686382293701,1.004961371421814,1.8894633054733276,1.4334675073623657,2.2551074028015137,1.6836811304092407,2.2213473320007324,2.243591547012329,3.5063772201538086,5.404569625854492,6.932705402374268,5.051435470581055,5.378187656402588,1.5579742193222046,1.0704501867294312,2.4462406635284424,2.5464084148406982,3.1842763423919678,2.6077914237976074,1.6555633544921875,1.0,1.1405296325683594,2.358428478240967,5.866708278656006,1.3221940994262695,3.216529130935669,3.7373571395874023,3.443613052368164,2.0607128143310547,1.999159336090088,2.0586459636688232,1.1356819868087769,1.9440388679504395,2.1858205795288086,3.2623472213745117,1.7859163284301758,2.5986428260803223,6.125892162322998,42.41740417480469,1.758806824684143,2.2904245853424072,4.2658538818359375,2.4350388050079346,1.0,1.8856617212295532,1.4003580808639526,12.309741973876953,5.621638298034668,1.199059247970581,1.2408411502838135,2.8985486030578613,1,1.0,32.590415954589844,8.158257484436035,3.4735562801361084,4.243626117706299,1.1412123441696167,2.652026414871216,1.1622223854064941,1.8509429693222046,2.225463390350342,1.075423002243042,1.2702046632766724,2.7350661754608154,1.5319530963897705,2.3097918033599854,1.0,1.0,1.4265286922454834,1.0,1,1.1458346843719482,1.0,1,1.0,1.0,4.668115139007568,1.0,1.0,70.21551513671875,3.0901613235473633,2.0521469116210938,3.1947925090789795,1.0,1.0,1.0,1.1890496015548706,1.0,1.0,2.4097561836242676,1.4984514713287354,6.129762172698975,25.467069625854492,129.46746826171875,45.37078857421875,4.5180487632751465,6.1298723220825195,1.8133021593093872,14.05015754699707,3.323251962661743,13.66397476196289,2.9698033332824707,1.0,7.812373638153076,1.6902235746383667,37.543724060058594,1.0,3.408729076385498,1.0,3.1946451663970947,4.442444801330566,6.37431001663208,1.0,4.660223484039307,4.477414131164551,33.304317474365234,52.82939147949219,6.12801456451416,1.0,1.0,2.8971593379974365,3.440948963165283,1.0,1.4014891386032104,1.0,4.903312683105469,1.0,7.966129779815674,1.0,9.192595481872559,9.686819076538086,15.864188194274902,1.2051358222961426,2.200178861618042,24.919780731201172,28.7796688079834,1.8538548946380615,37.06411361694336,5.792475700378418,5.731846332550049
TEST_00+4일,5.8485426902771,55.91902160644531,4.191860675811768,1.0,1.0,2.2766387462615967,7.978082180023193,2.851008892059326,3.3315463066101074,1.0,2.576397657394409,1.4963164329528809,1.107483148574829,2.730543613433838,7.605574607849121,2.53005313873291,44.8314323425293,1.1362191438674927,1.4821722507476807,39.64704513549805,22.131879806518555,2.9192965030670166,1.0147062540054321,1.709556221961975,19.55169105529785,29.169816970825195,17.721336364746094,69.12446594238281,2.252957344055176,2.286275625228882,1.7122339010238647,2.4139018058776855,1.5162914991378784,1.1503318548202515,2.377112627029419,1.185394525527954,13.561593055725098,1.8764898777008057,1.8719031810760498,3.3187670707702637,2.930318832397461,2.4918854236602783,1.0,5.04933500289917,1.741600513458252,2.104010581970215,1.188696265220642,3.198927640914917,1.2023621797561646,4.04645299911499,7.599384784698486,1.0,4.766878128051758,1.3194350004196167,1.7805109024047852,1.7845152616500854,1.5667650699615479,1.7141867876052856,1.3649358749389648,1.81098473072052,1.679728627204895,4.521542549133301,6.460242748260498,8.750670433044434,4.333315372467041,2.922008514404297,1.8350178003311157,2.482973337173462,3.0217134952545166,1.455033779144287,2.5980522632598877,1.6465028524398804,1.0926529169082642,1.0,2.798769950866699,6.030646800994873,1.5472007989883423,1.7032052278518677,2.5165531635284424,3.8589909076690674,1.2895079851150513,1.3764063119888306,1.8151664733886719,2.122292995452881,2.073295831680298,1.7757548093795776,3.1027274131774902,2.1006979942321777,1.9975693225860596,4.171864032745361,36.16615676879883,1.0,1.839678406715393,4.273934364318848,1.0,1.0,1.7298426628112793,1.4589074850082397,10.39808177947998,5.461192607879639,1.90613853931427,1.333040714263916,1.0,1,59.26958465576172,36.07181930541992,7.4766621589660645,2.658858299255371,2.947622537612915,1.6962820291519165,2.933070182800293,1.138742208480835,1.3550230264663696,1.0716123580932617,1.0,1.034677267074585,1.9470926523208618,1.150273323059082,1.5616214275360107,1.149749994277954,1.0,1.0,1.0,1,1.083993673324585,1.0,1,1.0,1.0,5.2822065353393555,1.0,1.0,36.28163528442383,3.0815370082855225,2.539947032928467,3.074608325958252,1.0,1.0,1.4047892093658447,4.0671586990356445,1.6669254302978516,1.2174121141433716,2.6687769889831543,1.3660733699798584,4.76015567779541,34.02435302734375,92.11434173583984,35.25450897216797,3.554994821548462,1.0,1.5949289798736572,1.0,1.0,25.27618980407715,23.51522445678711,1.0,6.096739292144775,1.0,16.19156837463379,1.0,1.5913927555084229,1.0,4.866587162017822,2.9113166332244873,4.749555587768555,1.0,6.604681015014648,2.1333370208740234,1.0,38.49678421020508,1.0,1.0,31.565990447998047,1.0,2.0044138431549072,7.730658054351807,1.0,1.2887831926345825,1.0,1.0,4.3113579750061035,1.0,5.471273899078369,2.2352168560028076,9.25189208984375,3.540954351425171,4.764688968658447,29.07756233215332,10.881028175354004,1.9643670320510864,33.9597053527832,5.938663959503174,7.178562164306641
TEST_00+5일,10.67642593383789,94.07100677490234,6.019480228424072,1.0,1.0,2.4832801818847656,12.885128021240234,2.8064560890197754,3.5047528743743896,1.0,2.202958583831787,1.0,1.8947882652282715,3.686617374420166,9.625144004821777,2.1857221126556396,50.319149017333984,1.3004764318466187,1.131468415260315,47.05618667602539,21.961362838745117,2.623713970184326,1.1998034715652466,2.696885585784912,29.456384658813477,31.700624465942383,16.270713806152344,76.72357177734375,3.578993320465088,3.044123411178589,3.182558536529541,4.436205863952637,1.5489625930786133,1.264129400253296,3.4732699394226074,2.9919326305389404,14.936201095581055,1.5636736154556274,1.9946281909942627,17.252220153808594,6.317406177520752,1.9961729049682617,1.7675119638442993,7.353224754333496,2.002816915512085,3.5733776092529297,1.2776648998260498,3.2997565269470215,1.0,3.815329074859619,9.391533851623535,1.3477293252944946,6.475811958312988,1.3298377990722656,1.1359666585922241,1.3765687942504883,1.781441330909729,2.029103994369507,1.935703992843628,1.786891222000122,7.271669387817383,3.7918384075164795,8.147432327270508,7.670907497406006,5.452156066894531,2.625110626220703,1.0,2.046898603439331,1.9104106426239014,1.0,2.471679925918579,1.2919888496398926,1.0,1.0177648067474365,1.0,5.122321128845215,1.205705165863037,2.3791379928588867,3.8698039054870605,4.192814826965332,1.7972118854522705,1.409100890159607,2.0591092109680176,1.7479959726333618,2.1938297748565674,3.1483404636383057,4.179557800292969,1.2083942890167236,1.4564448595046997,5.576640605926514,56.46852493286133,1.7051239013671875,1.9046519994735718,5.360889434814453,1.0,1.0,2.4949159622192383,1.5081185102462769,10.961555480957031,7.1214399337768555,1.9139875173568726,1.1807588338851929,2.984236717224121,1,14.55896282196045,47.199459075927734,4.322932243347168,3.0144808292388916,3.389709949493408,2.3757028579711914,2.9112131595611572,1.0536736249923706,1.6210674047470093,1.4274154901504517,2.0376358032226562,1.0,2.331838846206665,2.475081443786621,2.2003791332244873,1.6207525730133057,1.0,15.550372123718262,1.0,1,1.1810029745101929,1.0,1,1.0095267295837402,1.0,8.29227066040039,1.0395385026931763,1.0,48.77891159057617,4.1509318351745605,3.2455735206604004,3.130420446395874,1.0,1.0,2.175348997116089,1.2785797119140625,1.0,1.0,1.2881351709365845,1.3792521953582764,6.218292236328125,1.4965959787368774,112.79969024658203,20.845754623413086,4.422617435455322,1.0,1.490574598312378,1.6262385845184326,2.3479552268981934,17.017850875854492,35.048118591308594,1.0,8.642655372619629,1.7805012464523315,7.345600128173828,35.298675537109375,3.3701655864715576,1.0155322551727295,4.727224826812744,3.95218563079834,4.193305015563965,1.0,5.181508541107178,3.125032901763916,1.0,1.0,4.802372455596924,6.346932888031006,1.0,1.3666212558746338,10.090038299560547,22.185457229614258,1.0,3.5342068672180176,2.384596109390259,1.3181025981903076,6.937519550323486,3.435922145843506,6.288482189178467,1.0,8.008033752441406,6.427212238311768,1.8178001642227173,18.219928741455078,9.284412384033203,4.528796672821045,24.611270904541016,5.308851718902588,11.924583435058594
TEST_00+6일,9.500906944274902,59.56764602661133,6.822991371154785,1.5686966180801392,1.0819519758224487,2.1549835205078125,16.3767147064209,2.644235610961914,3.925246477127075,1.0023168325424194,2.347231864929199,1.523485779762268,1.4927363395690918,5.296782970428467,34.86430358886719,1.4220075607299805,53.407657623291016,1.5736297369003296,1.620094895362854,26.30657196044922,24.44156265258789,2.346484661102295,1.2592087984085083,2.332282543182373,32.679439544677734,30.575578689575195,21.34244728088379,104.8064193725586,4.964069843292236,3.2164998054504395,1.7437957525253296,2.877700090408325,2.801513671875,1.7299790382385254,3.827005386352539,1.7923557758331299,24.574928283691406,2.636331796646118,1.9094221591949463,22.106548309326172,3.0196478366851807,1.1503478288650513,1.0,1.3591713905334473,1.1962124109268188,4.820796966552734,1.0022363662719727,4.565670490264893,1.3688502311706543,4.510410785675049,14.622386932373047,1.0,3.6444551944732666,1.0,2.1521754264831543,1.0771675109863281,2.5550270080566406,2.220641851425171,2.268099069595337,1.6537185907363892,8.776506423950195,5.496273517608643,10.747852325439453,7.586773872375488,6.271756649017334,1.884495496749878,1.6699632406234741,1.3841112852096558,3.3556630611419678,3.3457469940185547,2.7789268493652344,3.629746675491333,1.0910561084747314,1.2603594064712524,2.01356840133667,6.688196182250977,2.155508518218994,1.9283586740493774,2.423022747039795,4.719812393188477,2.414616346359253,1.588374137878418,2.4046711921691895,1.8841588497161865,1.3128081560134888,3.97867488861084,2.6084766387939453,1.096944808959961,3.221452474594116,5.197412014007568,41.87760925292969,1.1965910196304321,3.3528127670288086,11.05380916595459,2.6512019634246826,1.0,1.8291019201278687,1.4578146934509277,37.92399215698242,5.700166702270508,2.180494785308838,1.4397355318069458,3.382490396499634,1,3.8994157314300537,47.22813415527344,11.815905570983887,4.010200500488281,6.813088893890381,2.1181752681732178,3.362215042114258,1.1937202215194702,1.5439717769622803,1.804803490638733,1.0,1.283711552619934,4.764013290405273,2.125347375869751,1.3003933429718018,2.0651040077209473,1.0791563987731934,1.0,1.0,1,1.0682768821716309,1.0,1,1.0,1.0,7.75222635269165,1.0,1.0,46.64134979248047,5.211408615112305,3.096801996231079,2.7406277656555176,1.9336071014404297,1.5740028619766235,1.6308127641677856,7.752640724182129,1.4458376169204712,1.0641344785690308,2.9276535511016846,1.7906169891357422,3.64687442779541,1.0,109.85798645019531,7.672648906707764,6.129944801330566,1.0,2.6752238273620605,5.517637252807617,4.439009189605713,17.154306411743164,34.722450256347656,16.84844970703125,7.591339588165283,3.59881591796875,85.47372436523438,8.501167297363281,7.300171375274658,1.0,3.2369344234466553,2.73152494430542,6.330925941467285,1.0,11.289566993713379,6.409677982330322,32.066680908203125,28.28736114501953,8.506058692932129,12.055174827575684,1.0,3.7823493480682373,3.2280492782592773,6.605136394500732,1.0,3.645416021347046,1.0,5.1393961906433105,17.40609359741211,1.0,13.648284912109375,6.687897205352783,8.485671043395996,2.130246877670288,1.0,17.27345085144043,21.88955307006836,1.0,38.832679748535156,9.856121063232422,11.64918041229248
TEST_00+7일,14.90074348449707,57.06779098510742,11.00177001953125,6.778848171234131,1.5319466590881348,2.435610771179199,1.4922000169754028,7.419894695281982,3.364398956298828,1.202593445777893,2.588925361633301,2.075592279434204,2.3419039249420166,5.819727420806885,33.7972412109375,1.6750003099441528,1.0,1.972730040550232,2.87394118309021,21.34422492980957,14.511944770812988,3.5353450775146484,1.5824507474899292,2.7150964736938477,30.950756072998047,30.31049919128418,13.200709342956543,84.4513168334961,8.386067390441895,5.743122577667236,2.6160008907318115,5.630016326904297,2.804701805114746,2.4623050689697266,3.896388530731201,3.8037190437316895,39.328182220458984,1.0,3.4965808391571045,25.109262466430664,10.265762329101562,1.8099911212921143,1.0,2.3441784381866455,1.8417484760284424,2.9563910961151123,1.0,3.950460195541382,1.4174327850341797,5.21182107925415,13.52192497253418,2.0801384449005127,5.751108646392822,1.727914810180664,5.06650972366333,1.28183114528656,2.447567939758301,1.4595450162887573,2.5001463890075684,1.9063150882720947,12.124459266662598,7.922013759613037,15.970776557922363,13.282315254211426,11.225236892700195,3.2415778636932373,2.051715612411499,2.6742208003997803,3.3913912773132324,1.547768235206604,3.2505500316619873,4.436917304992676,1.2451907396316528,1.7211110591888428,5.587262153625488,5.95621919631958,1.2359751462936401,3.376772880554199,1.7902523279190063,4.579376220703125,2.9526212215423584,2.458773612976074,2.2954490184783936,2.094331741333008,3.1217141151428223,4.494773864746094,4.003236770629883,1.5363671779632568,3.0127341747283936,4.988059997558594,1.0,1.6980479955673218,5.475778579711914,17.228103637695312,1.6318014860153198,2.0740513801574707,1.7479275465011597,1.5934655666351318,11.630873680114746,14.49913215637207,1.6513127088546753,1.2020957469940186,9.834847450256348,1,78.78003692626953,2.6671204566955566,18.12438201904297,5.937754154205322,5.474465847015381,2.0041911602020264,6.964212894439697,2.033785581588745,2.3247127532958984,2.169193983078003,1.4571616649627686,2.2002389430999756,4.360561847686768,2.4099581241607666,3.771846294403076,2.149095058441162,1.9519368410110474,1.0,1.0,1,1.0,1.0,1,1.0,1.0,2.6294913291931152,1.0087194442749023,1.0,50.86761474609375,5.7593302726745605,4.180983543395996,5.328821659088135,3.2790634632110596,1.0,2.0149223804473877,12.505908012390137,2.141058921813965,1.1087976694107056,4.064932823181152,2.0006048679351807,8.841479301452637,8.167430877685547,82.2799072265625,24.65544319152832,9.18040657043457,23.46160888671875,7.150259494781494,1.0,1.0,28.894548416137695,20.69788932800293,41.542022705078125,15.614293098449707,9.76146125793457,8.326183319091797,23.272865295410156,11.966487884521484,1.0,6.636247634887695,3.7077460289001465,7.930832386016846,1.0,13.693063735961914,9.853571891784668,89.4427719116211,18.116867065429688,1.0,33.915985107421875,37.647132873535156,15.637227058410645,32.7156867980957,16.716190338134766,1.3770114183425903,4.731560230255127,1.0,7.374694347381592,25.652908325195312,17.439247131347656,36.35675048828125,6.219748497009277,18.19837760925293,27.713022232055664,12.296727180480957,108.1076431274414,35.25958251953125,4.767228603363037,55.37181854248047,17.469844818115234,17.961971282958984
TEST_01+1일,7.679530143737793,1.0,9.719021797180176,2.907667398452759,1.0949957370758057,2.8305649757385254,1.0,2.8494741916656494,3.798677921295166,1.0,3.11643123626709,1.0,2.1334986686706543,2.4664461612701416,27.884946823120117,1.821485161781311,1.0,1.2688804864883423,3.1587679386138916,30.991077423095703,9.053911209106445,3.510331630706787,1.1010035276412964,1.0,37.085208892822266,1.0,1.8167318105697632,1.0,5.217138290405273,6.2308149337768555,3.2323853969573975,5.510075569152832,2.846653938293457,1.8944206237792969,1.0,2.7383673191070557,42.99416732788086,3.9389073848724365,2.162710666656494,32.309104919433594,13.013752937316895,1.0,2.022550106048584,3.3020405769348145,1.0,3.0320651531219482,1.0,4.844631671905518,1.5156700611114502,6.052394390106201,11.960267066955566,1.760217308998108,6.361452579498291,1.2933661937713623,2.709256172180176,2.3492112159729004,2.3528685569763184,1.0,2.012089490890503,1.4241716861724854,13.213276863098145,13.184493064880371,14.384054183959961,7.969210624694824,13.189513206481934,2.7347512245178223,2.4541730880737305,2.5328192710876465,5.059657573699951,1.0,3.1810526847839355,3.4995975494384766,1.1426842212677002,2.282080888748169,2.813727855682373,4.125774383544922,1.609434962272644,2.5082249641418457,1.867482304573059,3.5645580291748047,3.474853992462158,1.3840916156768799,2.1641464233398438,2.633798837661743,1.6878341436386108,1.9947710037231445,5.378257751464844,1.2635620832443237,3.077455997467041,6.475416660308838,4.331618309020996,1.7695468664169312,4.438448429107666,7.939433574676514,1.0,2.8699090480804443,1.4090131521224976,1.2968039512634277,38.21880340576172,6.51246452331543,1.968482494354248,1.8957525491714478,1.0,1,118.40522766113281,1.0,40.652862548828125,4.841020107269287,5.272764205932617,2.113571882247925,4.451048851013184,1.0,1.7597529888153076,1.6553195714950562,1.0100963115692139,1.4898451566696167,4.423705101013184,2.7067973613739014,1.0,2.0265109539031982,1.3316739797592163,1.0,1.0,1,1.0,1.0,1,1.0,1.0,1.1364675760269165,1.0,1.0,8.393683433532715,5.893292427062988,2.4879214763641357,5.376324653625488,2.653366804122925,1.325984239578247,2.32161021232605,10.386618614196777,1.3343855142593384,1.1667275428771973,6.128933429718018,1.8654555082321167,13.276530265808105,15.446359634399414,33.00625228881836,1.0,9.921385765075684,2.9541239738464355,11.347735404968262,1.0,1.0,33.122806549072266,38.3625373840332,39.438232421875,24.69147491455078,11.54762077331543,1.0,1.0,29.721065521240234,1.285776138305664,6.752880096435547,7.901798725128174,7.3012614250183105,24.738073348999023,1.0,12.93818187713623,8.244325637817383,1.0,18.127805709838867,30.23485565185547,36.200992584228516,21.593515396118164,27.24977684020996,18.10957145690918,8.259331703186035,4.107773303985596,3.8524556159973145,19.931161880493164,23.059263229370117,10.906364440917969,11.023171424865723,10.907824516296387,41.69696807861328,27.57974624633789,12.86231517791748,96.9395523071289,38.16475296020508,2.846792697906494,39.41818618774414,12.52269458770752,26.725568771362305
TEST_01+2일,10.954922676086426,45.800994873046875,6.122134208679199,1.0,1.0320768356323242,3.713693380355835,3.426588535308838,2.8063623905181885,3.4909889698028564,1.0,1.84634530544281,1.0129985809326172,2.3539133071899414,3.230287551879883,14.276176452636719,1.0088279247283936,11.92420482635498,1.0774461030960083,2.0191538333892822,23.470550537109375,13.05447006225586,3.0719313621520996,1.0,1.645634412765503,29.382884979248047,16.451091766357422,2.725883722305298,1.0,6.435882568359375,3.4174611568450928,3.7275943756103516,4.33908748626709,2.9091784954071045,1.686079978942871,2.2767531871795654,1.8046848773956299,32.72610855102539,1.531471848487854,1.4445534944534302,31.862977981567383,12.99004077911377,2.2763729095458984,2.1295974254608154,3.9922258853912354,1.321610927581787,3.5941812992095947,1.161870002746582,4.791618824005127,1.1430037021636963,5.990111827850342,11.119174003601074,2.4024362564086914,4.175687789916992,1.0,2.716472625732422,2.124229669570923,2.2225964069366455,1.1957083940505981,1.0086930990219116,1.4971592426300049,10.22549057006836,8.679049491882324,12.198081970214844,7.193605422973633,6.454005241394043,3.0155653953552246,1.8202606439590454,2.562121868133545,3.6798689365386963,1.0,3.1737139225006104,1.0,1.0,1.2509864568710327,1.9844582080841064,4.633738040924072,1.1653021574020386,1.6529033184051514,1.538591980934143,3.33756160736084,1.4496231079101562,1.0,1.0,2.0818231105804443,2.185098171234131,2.700685501098633,2.158858299255371,1.1787055730819702,1.883399486541748,3.6154375076293945,17.502975463867188,1.262171745300293,2.9781816005706787,6.041329383850098,2.654529094696045,1.0,1.476292371749878,1.0629075765609741,23.002685546875,8.708245277404785,1.5375186204910278,1.461946964263916,12.270525932312012,1,119.87277221679688,33.565670013427734,35.77992630004883,4.259577751159668,3.8888609409332275,1.5271879434585571,3.047180652618408,1.8675750494003296,2.5111184120178223,1.8827612400054932,1.094240427017212,1.0949634313583374,3.696934700012207,1.8483494520187378,1.5704030990600586,1.4109385013580322,1.3738510608673096,1.0,1.0,1,1.0,1.0,1,1.0,1.0,3.3184993267059326,1.0,1.0,28.154470443725586,3.1841769218444824,2.469165325164795,4.086480140686035,1.0,1.0,1.4321414232254028,7.656355857849121,1.7534842491149902,1.0,3.487926483154297,1.7014355659484863,6.724522113800049,1.0,29.15122413635254,16.245410919189453,12.643267631530762,6.605576038360596,8.215866088867188,3.6646151542663574,1.5847448110580444,17.65787696838379,1.0,1.0,14.39660930633545,3.5163538455963135,1.0,4.798235893249512,13.793571472167969,3.773975133895874,3.866558313369751,3.973970890045166,9.314470291137695,1.0,1.0,5.80047082901001,1.0,12.650144577026367,6.924578666687012,44.58483123779297,12.343360900878906,30.46330451965332,2.351681709289551,13.867111206054688,2.555342197418213,4.7678632736206055,4.723260402679443,12.657346725463867,10.52552604675293,4.315793037414551,4.754821300506592,13.860953330993652,16.50873374938965,10.994513511657715,2.828084707260132,96.21151733398438,49.56648635864258,1.0,22.397090911865234,9.86680793762207,11.250449180603027
TEST_01+3일,9.117258071899414,46.193443298339844,5.6096415519714355,1.0,1.0507310628890991,2.8348910808563232,1.0,4.386533260345459,2.0279252529144287,1.019046425819397,1.4380097389221191,1.0990277528762817,1.579117774963379,1.271254301071167,8.164413452148438,1.9273221492767334,25.875078201293945,1.7050278186798096,3.095019578933716,23.982284545898438,15.071077346801758,2.67812442779541,1.0,1.0,39.776466369628906,13.868995666503906,15.222831726074219,49.575191497802734,5.340766906738281,3.8404855728149414,3.2573859691619873,4.814146995544434,2.4113781452178955,1.0,2.796205520629883,2.7430784702301025,16.312149047851562,3.9527947902679443,2.4743030071258545,26.039443969726562,10.284202575683594,1.0,4.551015377044678,3.08611798286438,2.0491390228271484,1.007214069366455,1.0,4.063643932342529,1.570386290550232,5.2340779304504395,9.679083824157715,1.4325447082519531,5.689016819000244,1.0,1.9103878736495972,1.9911893606185913,1.0,2.0254478454589844,1.0,1.5791410207748413,5.432202339172363,5.604531764984131,6.65274715423584,5.076128959655762,6.507697582244873,1.3642314672470093,1.0,1.728157877922058,3.244070291519165,1.0,2.4840874671936035,1.24982488155365,1.0,1.0940643548965454,1.3698376417160034,3.9608757495880127,1.6498178243637085,3.0395541191101074,2.541088342666626,2.927752733230591,2.2328147888183594,1.9435443878173828,1.8391658067703247,1.1044895648956299,1.527976155281067,2.0770938396453857,3.9877195358276367,1.4921073913574219,2.7264516353607178,4.911428928375244,28.058826446533203,1.0,2.691298723220825,5.97795295715332,1.0,1.537950038909912,1.3042021989822388,1.0,24.79001235961914,6.701701641082764,1.727590560913086,1.1043367385864258,4.739223957061768,1,30.15022850036621,13.567743301391602,26.00428581237793,3.3248109817504883,2.254246950149536,2.3479132652282715,2.50945782661438,1.4869968891143799,2.6991188526153564,2.0509843826293945,1.0,1.3430171012878418,2.334803342819214,2.1061413288116455,1.5267773866653442,1.2336796522140503,1.0049535036087036,1.0,1.005489468574524,1,1.0139936208724976,1.0,1,1.0,1.0,1.0,1.0,1.0,31.340972900390625,2.6267545223236084,2.8202085494995117,4.270694732666016,1.1252868175506592,1.0,1.0,3.536226511001587,1.0,1.0,1.2013181447982788,1.1145844459533691,6.784626007080078,9.175590515136719,114.7704086303711,13.529627799987793,9.567133903503418,4.633440971374512,5.461462020874023,17.66282844543457,1.0,15.198963165283203,1.0,1.0,11.90916633605957,2.1282427310943604,1.0,1.0,6.506562232971191,1.0848697423934937,2.794523239135742,1.781029224395752,8.13158130645752,1.0,4.864569664001465,6.819920063018799,7.300295352935791,54.16056823730469,4.49943733215332,6.376994609832764,20.366207122802734,18.150209426879883,9.296040534973145,9.450920104980469,2.900620937347412,1.0,5.103671073913574,11.606771469116211,7.5449628829956055,6.480854511260986,3.280548095703125,11.897687911987305,10.70604133605957,1.0,2.138965606689453,35.40637969970703,34.9477653503418,3.2565646171569824,40.61860656738281,9.462967872619629,26.96760368347168
TEST_01+4일,6.790589332580566,54.801395416259766,4.3077497482299805,1.0,1.0,2.838550090789795,6.047746181488037,2.2231099605560303,3.651846170425415,1.0,1.9820410013198853,1.0,1.7024223804473877,4.615972518920898,6.43386173248291,2.7003979682922363,25.654800415039062,1.384905457496643,1.4142905473709106,68.15934753417969,13.86446762084961,2.8732848167419434,1.036161184310913,1.0,31.179208755493164,15.445391654968262,22.779735565185547,49.025306701660156,3.7343006134033203,2.8406741619110107,1.8013142347335815,4.825953483581543,1.2364161014556885,1.0,1.5878312587738037,1.0,17.22891616821289,1.0030102729797363,1.4683421850204468,14.884805679321289,5.868492603302002,2.3536393642425537,2.8711180686950684,7.782033443450928,1.0,2.0313501358032227,1.0643925666809082,3.6005022525787354,1.153207540512085,3.9531681537628174,5.973955154418945,1.0,6.722872734069824,1.0224283933639526,3.203115463256836,2.32951283454895,2.392587184906006,1.7387117147445679,1.0542086362838745,1.2189289331436157,3.0169637203216553,3.789632558822632,7.705392837524414,7.548097610473633,7.479636192321777,3.23823618888855,1.280720829963684,2.139065980911255,2.956658124923706,1.0,3.141183614730835,1.0,1.0,1.2822824716567993,1.931480050086975,5.419015884399414,1.4922163486480713,1.751215934753418,2.2023470401763916,3.6513519287109375,1.1923003196716309,1.62151038646698,2.5677692890167236,1.874578595161438,1.900236964225769,1.7373696565628052,3.405134439468384,2.0184648036956787,2.0113255977630615,3.8884592056274414,29.091718673706055,1.3752788305282593,2.017301082611084,3.9879438877105713,1.0,1.4639025926589966,1.0,1.0,15.335898399353027,5.056612491607666,1.9772194623947144,1.087288737297058,1.0,1,72.56051635742188,6.158195972442627,26.57355499267578,1.6844136714935303,3.2705609798431396,1.7159922122955322,1.9453966617584229,1.62620210647583,1.5575125217437744,1.084053874015808,1.0,1.3171741962432861,1.940990924835205,1.7379690408706665,1.0,1.0485039949417114,1.0,1.0,1.0090978145599365,1,1.0,1.0,1,1.0,1.0,4.462773323059082,1.0,1.0,21.9237117767334,2.2594096660614014,3.3801259994506836,3.0736076831817627,1.0,1.0,1.8488932847976685,6.135260105133057,1.4797067642211914,1.0,3.208087205886841,1.0065805912017822,6.064001083374023,1.0,94.10012817382812,1.0,3.875654458999634,1.0,2.75437593460083,1.3767603635787964,1.0,18.605688095092773,19.870431900024414,1.0,4.9053754806518555,1.1623047590255737,1.0,1.0,1.0244426727294922,2.0320756435394287,4.028871536254883,3.175508737564087,9.584749221801758,1.0,1.2270762920379639,6.352987766265869,1.0,13.348176956176758,1.0,1.0,46.39474868774414,1.0,3.1969897747039795,9.860610008239746,4.7396321296691895,1.7811931371688843,1.0,1.0,3.840156078338623,1.0,4.319215774536133,1.7520458698272705,6.521894931793213,1.0,4.804369926452637,34.26425552368164,9.284722328186035,3.6750504970550537,32.45201110839844,7.20401668548584,1.3082762956619263
TEST_01+5일,10.743480682373047,70.91120910644531,5.776180744171143,1.3287267684936523,1.1574512720108032,3.2581658363342285,15.037344932556152,2.7329471111297607,3.7095372676849365,1.1433128118515015,1.8605433702468872,1.0,2.158935070037842,3.0043113231658936,10.718500137329102,2.3025922775268555,37.830989837646484,1.1531813144683838,2.4437127113342285,60.5019416809082,24.008705139160156,3.463257074356079,1.237886905670166,2.943331480026245,60.42987823486328,25.131000518798828,16.023420333862305,70.85993957519531,3.0786893367767334,3.067678689956665,3.879703998565674,5.723549842834473,1.0111749172210693,1.105279803276062,3.295307159423828,4.223016738891602,5.876014709472656,1.0,1.0972673892974854,26.0736083984375,8.68222713470459,2.249315023422241,4.162650108337402,9.006990432739258,2.4500505924224854,2.1779205799102783,1.0,2.868053674697876,1.0,4.159890651702881,9.007975578308105,1.450054407119751,7.029720783233643,1.5449378490447998,2.429853677749634,1.7888553142547607,2.76442289352417,1.3933191299438477,1.1852248907089233,1.3455543518066406,4.045419216156006,1.3709068298339844,3.4416487216949463,7.064467430114746,5.178839206695557,3.223681926727295,1.0205942392349243,2.017030954360962,2.5643765926361084,1.7333126068115234,2.000117063522339,1.7626276016235352,1.0,1.6050596237182617,1.0,4.570595741271973,1.0255309343338013,2.644476890563965,1.8768467903137207,3.815143585205078,1.6686497926712036,1.9507814645767212,2.000598907470703,1.1100062131881714,1.3128432035446167,3.2627499103546143,4.442996978759766,1.9020406007766724,1.5854204893112183,5.936176300048828,20.558399200439453,1.6822372674942017,2.42339825630188,4.053839683532715,1.0,1.0,1.7430200576782227,1.0686099529266357,21.587800979614258,7.554861545562744,2.055971384048462,1.0,3.6755869388580322,1,22.355764389038086,12.758424758911133,18.510648727416992,2.450180768966675,2.7885706424713135,1.0,1.9612270593643188,1.3448891639709473,2.165205240249634,1.0662271976470947,1.9754862785339355,1.3570713996887207,2.4353690147399902,2.5292301177978516,1.4279966354370117,1.8860739469528198,1.0,13.094840049743652,1.0237740278244019,1,1.0774866342544556,1.0,1,1.0,1.0,5.052542209625244,1.0299930572509766,1.0,45.442134857177734,2.798354148864746,3.7377028465270996,2.507939100265503,1.0,1.0,1.5069808959960938,2.97336745262146,1.2032185792922974,1.0,1.0278425216674805,1.0,3.3637025356292725,1.0,87.82675170898438,1.0,4.346726894378662,1.0,3.3381357192993164,8.168436050415039,1.0,11.324481010437012,16.526220321655273,1.0,6.422991752624512,2.4259066581726074,1.0,23.41499900817871,2.8425092697143555,2.8618454933166504,4.598094463348389,2.8051328659057617,5.729580402374268,1.0,1.0,5.003162384033203,1.0,1.0,14.152589797973633,1.0,1.0,5.883319854736328,7.713841438293457,17.22943687438965,1.0,3.2101073265075684,1.0,1.5273798704147339,4.662712574005127,4.448902130126953,1.0,4.89064884185791,7.355693817138672,2.0723865032196045,2.8333752155303955,27.06991958618164,8.431306838989258,3.2576191425323486,19.29720687866211,10.12045955657959,17.05442237854004
TEST_01+6일,9.798844337463379,82.32213592529297,5.095654487609863,2.079698085784912,1.3754523992538452,3.0729055404663086,19.953170776367188,2.404921770095825,4.536869525909424,1.009116291999817,2.134781837463379,1.5535492897033691,1.9543898105621338,4.865550518035889,31.72519874572754,1.628902554512024,44.14072799682617,1.7875977754592896,2.9998738765716553,48.00722122192383,27.816436767578125,3.1862611770629883,1.1356744766235352,1.1979665756225586,30.538728713989258,27.0764102935791,23.837677001953125,90.39778900146484,5.086815357208252,3.7068068981170654,2.53302264213562,1.68745756149292,2.7298636436462402,1.5976492166519165,2.8601455688476562,1.0,18.098005294799805,2.443976402282715,1.201284408569336,26.76948356628418,6.7757568359375,1.336897850036621,2.718865156173706,4.043426036834717,1.1914960145950317,2.996217966079712,1.0,4.907364845275879,1.0,5.579584121704102,11.29277515411377,1.167535662651062,4.842576503753662,1.1564065217971802,3.504028797149658,1.4130430221557617,4.06967306137085,1.5070689916610718,1.7878375053405762,1.6265816688537598,6.497867107391357,5.449859619140625,3.291957378387451,7.434092044830322,7.810672760009766,2.3952112197875977,1.093634009361267,2.123929738998413,4.126096725463867,1.0,3.7437021732330322,2.7670345306396484,1.0,1.0,1.4897207021713257,5.680328845977783,1.903864860534668,2.069277763366699,1.9107720851898193,3.5040156841278076,2.34061598777771,1.3391990661621094,1.5407359600067139,1.8916131258010864,1.138987421989441,3.998033285140991,2.7908096313476562,1.6583271026611328,3.1847047805786133,4.195731163024902,54.539031982421875,1.3502023220062256,2.8104779720306396,8.426965713500977,1.0,1.0,1.380897879600525,1.3109668493270874,40.80670928955078,5.646374702453613,2.546708822250366,1.3536473512649536,2.866823196411133,1,11.404745101928711,25.420801162719727,27.82664680480957,4.6453704833984375,5.1324238777160645,1.166776180267334,3.178431987762451,1.3403223752975464,1.914409875869751,1.840627670288086,1.1052963733673096,1.5959923267364502,3.7261483669281006,2.6605842113494873,1.0,1.2051658630371094,1.0,1.0,1.0116981267929077,1,1.0,1.0,1,1.0,1.0044772624969482,5.998992919921875,1.0815452337265015,1.0,37.148136138916016,3.6622252464294434,3.8151497840881348,3.553234338760376,1.7053818702697754,1.6586596965789795,1.5971760749816895,7.40523099899292,1.2023073434829712,1.0,3.3213462829589844,2.3052172660827637,4.278875827789307,1.0,102.21726989746094,10.20821762084961,5.930619239807129,1.0,3.2361388206481934,20.908071517944336,3.649637222290039,14.996780395507812,45.94086456298828,24.889558792114258,11.194393157958984,3.657156467437744,1.0,3.1952381134033203,7.377793312072754,2.13774037361145,3.2213737964630127,3.7166314125061035,6.478653430938721,2.0326766967773438,6.4035162925720215,4.862032890319824,14.21812629699707,14.578230857849121,12.77856731414795,37.93008804321289,22.514707565307617,12.690314292907715,2.3743338584899902,5.715486526489258,6.1387176513671875,2.5147173404693604,1.0,2.7827022075653076,11.844535827636719,1.988060474395752,10.757085800170898,9.042327880859375,1.1675281524658203,10.305234909057617,1.196887731552124,15.826501846313477,24.88035774230957,1.0,38.11566162109375,15.044583320617676,1.9706552028656006
TEST_01+7일,14.015892028808594,37.08805465698242,11.528620719909668,6.747304439544678,1.714846134185791,2.98589825630188,1.0,8.540335655212402,4.108969688415527,1.2389628887176514,1.813847541809082,1.6863031387329102,2.766728401184082,4.424376487731934,33.50482177734375,2.278531551361084,1.0,1.892736792564392,2.7672107219696045,55.55832290649414,10.7409086227417,5.450716018676758,1.412774920463562,2.546870231628418,26.018953323364258,17.240375518798828,9.417183876037598,64.2813491821289,6.590124130249023,5.96247673034668,3.004848003387451,5.665393352508545,2.382986545562744,1.7002705335617065,3.3750996589660645,6.737927436828613,40.03145980834961,1.416832685470581,2.2904584407806396,30.464529037475586,14.462377548217773,1.3450692892074585,1.6350313425064087,1.9010443687438965,1.3785725831985474,3.384978771209717,1.2406463623046875,5.528007984161377,1.5306917428970337,7.590157508850098,12.383397102355957,2.5013620853424072,6.599210739135742,1.3030301332473755,5.151237964630127,1.6340569257736206,2.921825885772705,1.2311837673187256,1.079461693763733,1.6107330322265625,10.51967716217041,6.625976085662842,6.516911029815674,13.384950637817383,9.631155014038086,3.438714027404785,1.7669053077697754,2.344846725463867,4.031895637512207,1.0,3.2729859352111816,3.9981424808502197,1.4610836505889893,1.8050074577331543,4.70351505279541,5.465872764587402,1.2480709552764893,3.2956454753875732,1.471420168876648,3.9903061389923096,2.9576785564422607,1.8317720890045166,2.1249337196350098,1.8482015132904053,2.2719178199768066,4.678761959075928,4.334283351898193,1.9288458824157715,3.014051914215088,6.022184371948242,1.0,1.0839110612869263,5.207348346710205,15.074092864990234,1.758988857269287,2.544046640396118,1.0736604928970337,1.085433840751648,10.635799407958984,13.207730293273926,1.9608126878738403,1.1772047281265259,11.168314933776855,1,76.10629272460938,7.694972991943359,38.76797866821289,5.70345401763916,4.526439189910889,2.5020976066589355,4.929666042327881,2.411864995956421,2.7949941158294678,1.9007503986358643,1.9153779745101929,2.21022367477417,5.05063009262085,2.3048691749572754,3.331712484359741,1.5858020782470703,1.307164192199707,1.0,1.0,1,1.0,1.0,1,1.0,1.0,1.9963123798370361,1.0,1.0,40.575138092041016,5.357944965362549,4.52717399597168,5.29199743270874,2.9559826850891113,1.27960205078125,3.006854772567749,10.312856674194336,1.7875343561172485,1.0,3.774742603302002,2.0309619903564453,11.03088665008545,19.0231990814209,66.90008544921875,12.424386024475098,10.635604858398438,22.618839263916016,9.237598419189453,1.0,1.0,30.41701889038086,4.70574951171875,57.511512756347656,18.18630599975586,8.771058082580566,1.0,21.54384422302246,14.362799644470215,2.3090035915374756,5.461391925811768,4.214206695556641,9.835982322692871,1.0,8.43433952331543,12.819372177124023,45.336036682128906,1.0,1.0,30.030704498291016,19.525358200073242,16.14749526977539,28.115516662597656,14.997834205627441,1.0,3.3493289947509766,3.9596011638641357,14.437621116638184,23.375362396240234,12.868955612182617,22.22532081604004,11.552783966064453,11.131505966186523,31.43126678466797,13.583561897277832,118.44754028320312,37.80104446411133,4.555745601654053,49.246952056884766,18.2319393157959,7.93202543258667
TEST_02+1일,7.068073272705078,1.0,7.115285396575928,1.5862007141113281,1.0,2.1307053565979004,1.0,2.767103433609009,4.464879989624023,1.3458366394042969,3.373875141143799,1.2592848539352417,1.7435306310653687,4.464627265930176,24.446197509765625,2.80962872505188,1.0,1.4177731275558472,2.423509359359741,61.51837921142578,15.069693565368652,6.292469024658203,1.5942761898040771,1.0,36.116455078125,7.573923110961914,3.9792897701263428,3.3547861576080322,12.344297409057617,9.759723663330078,2.8525264263153076,5.0760650634765625,3.07849383354187,2.87204647064209,1.0,8.371360778808594,42.92781066894531,4.789778709411621,2.2798616886138916,37.71113204956055,20.980331420898438,1.1585657596588135,2.011531114578247,1.2484546899795532,1.118952989578247,2.3636677265167236,1.0,2.9841697216033936,1.8279941082000732,4.8647308349609375,12.537895202636719,1.4618421792984009,8.387670516967773,1.5852659940719604,1.786207914352417,1.83635413646698,1.8283487558364868,1.2409716844558716,1.2937589883804321,1.3106625080108643,10.63426685333252,15.456674575805664,23.823484420776367,11.035941123962402,16.811296463012695,2.8550634384155273,1.0,1.8767714500427246,3.7589023113250732,1.1881299018859863,2.430643081665039,4.7654290199279785,1.3327018022537231,1.5323113203048706,1.8277918100357056,6.490652561187744,2.2945444583892822,3.126901626586914,1.1146430969238281,4.327311992645264,3.469961166381836,1.3639670610427856,2.002013921737671,2.6205289363861084,1.8718900680541992,1.7387081384658813,2.5214474201202393,2.429295063018799,5.344025611877441,5.572765827178955,22.616947174072266,1.6454766988754272,3.5514020919799805,9.525028228759766,1.82296621799469,2.7922773361206055,1.8712252378463745,1.3715486526489258,32.076534271240234,11.863911628723145,2.3762755393981934,1.0,2.619236469268799,1,264.7696228027344,1.0,44.12570571899414,6.9443817138671875,6.802035808563232,1.5213099718093872,5.347261428833008,1.4567227363586426,1.9395209550857544,1.8864798545837402,1.312029242515564,1.2686620950698853,3.6404616832733154,1.9558472633361816,1.0,2.21662974357605,2.0915398597717285,1.1392629146575928,1.0,1,1.0,1.0,1,1.0,1.0,3.555274486541748,1.0,1.0,18.100351333618164,3.5000100135803223,1.7577072381973267,3.8082478046417236,2.412973403930664,1.1561356782913208,2.358222246170044,8.434172630310059,1.6034826040267944,1.0,5.831408500671387,1.4632443189620972,12.099753379821777,19.899925231933594,19.162931442260742,6.283086776733398,7.885712146759033,1.0,10.18307876586914,1.0,1.0,23.251235961914062,34.628822326660156,49.6523323059082,19.683399200439453,8.815376281738281,71.27658081054688,1.0,22.694665908813477,2.406463623046875,9.359996795654297,4.4221320152282715,16.709659576416016,3.891495943069458,3.5044212341308594,14.390867233276367,2.5466959476470947,48.0217170715332,15.713237762451172,19.913494110107422,40.87092590332031,17.377756118774414,27.204261779785156,4.783644199371338,2.293581485748291,10.134974479675293,3.918858528137207,10.895074844360352,65.58973693847656,38.94990921020508,73.15548706054688,36.85029220581055,57.38100051879883,68.41741180419922,51.389713287353516,199.33416748046875,87.9197998046875,13.969696998596191,81.68510437011719,21.63599395751953,74.46678924560547
TEST_02+2일,11.864777565002441,63.56355285644531,4.728431701660156,1.0,1.4089361429214478,4.509821891784668,2.7964937686920166,6.374480724334717,3.132180690765381,1.022707462310791,2.75114107131958,1.0,1.587222933769226,6.8258538246154785,16.77255630493164,1.6582350730895996,39.9942512512207,1.0729851722717285,2.161255121231079,67.56725311279297,20.655302047729492,3.5079941749572754,1.1388790607452393,2.0157597064971924,31.386138916015625,31.838726043701172,3.8602638244628906,1.0,13.714103698730469,6.580778121948242,4.986968994140625,4.1535162925720215,3.3403308391571045,1.4270846843719482,1.0,3.495401382446289,28.90042495727539,5.781290054321289,2.082982063293457,30.90273666381836,10.583413124084473,1.8109662532806396,1.3758455514907837,3.9099085330963135,1.6629419326782227,2.409501075744629,1.2663443088531494,2.4042398929595947,2.032696485519409,4.798878192901611,8.090624809265137,1.74015474319458,6.2671942710876465,1.0,1.5092240571975708,1.7955297231674194,1.2342764139175415,1.848739743232727,1.7315927743911743,1.2677695751190186,6.549315929412842,10.628418922424316,3.167865514755249,8.850174903869629,9.524215698242188,2.473646879196167,1.539835810661316,2.2445995807647705,2.8922839164733887,1.0,2.9415431022644043,3.250427484512329,1.0013480186462402,1.0,1.0352977514266968,5.710219860076904,2.2091736793518066,1.7004365921020508,1.0,3.126762628555298,1.4651464223861694,1.9798535108566284,1.0,1.8441790342330933,1.8987280130386353,2.297001600265503,1.464811086654663,2.1319751739501953,4.934276580810547,4.473374366760254,34.059913635253906,1.0,2.013267993927002,9.513216018676758,1.566281795501709,1.0,1.6428033113479614,1.0,17.220914840698242,9.294356346130371,1.9661595821380615,1.0,9.992574691772461,1,160.90330505371094,67.75089263916016,27.13895034790039,5.585949420928955,5.606527805328369,2.3728067874908447,4.714154243469238,1.5184839963912964,1.820045828819275,2.0050783157348633,1.538617730140686,1.1162141561508179,2.462920665740967,1.6650117635726929,1.0,1.5126651525497437,1.7216752767562866,1.0,1.0,1,1.0,1.0,1,1.0,1.0,4.735921382904053,1.0,1.0,28.378795623779297,1.0,2.4002463817596436,1.9667508602142334,1.0,1.0,2.0578203201293945,4.654969692230225,2.559779167175293,1.0,3.6976189613342285,2.4436774253845215,6.290056228637695,1.0,32.37932586669922,30.537023544311523,7.466923713684082,1.8809120655059814,6.523467063903809,1.0,1.6787731647491455,7.257600784301758,16.35698127746582,1.0,9.143616676330566,1.5697346925735474,1.0,1.0,9.12778091430664,4.618189334869385,3.304502487182617,2.506742000579834,12.707026481628418,1.0,1.0,6.173815727233887,1.0,3.6471641063690186,2.994751214981079,28.6312255859375,1.0,22.47811508178711,1.0,10.107067108154297,1.0,4.97282075881958,1.6623891592025757,12.025591850280762,42.59419631958008,25.554950714111328,52.31024169921875,33.81446075439453,33.21001052856445,40.352752685546875,34.62904739379883,190.1151123046875,98.20355987548828,8.295857429504395,77.2359619140625,20.74733543395996,43.24747085571289
TEST_02+3일,9.468810081481934,52.89622497558594,4.280535697937012,1.0,1.2087554931640625,2.6048057079315186,4.997265338897705,7.803486347198486,1.9363188743591309,1.0892900228500366,2.6172919273376465,1.0305006504058838,1.0,1.0,8.85416030883789,2.4849042892456055,50.08030700683594,1.174365520477295,1.9266382455825806,49.28069305419922,22.956701278686523,4.964671611785889,1.2193562984466553,1.0,33.39216613769531,21.50786590576172,12.516823768615723,47.08656692504883,11.995521545410156,6.157063961029053,6.626741409301758,3.4156734943389893,2.584270477294922,1.4536643028259277,2.171095609664917,6.350926399230957,7.519972324371338,4.943734169006348,2.6442134380340576,32.41752624511719,15.353046417236328,1.554914951324463,3.936155080795288,1.0,2.1627891063690186,1.0339261293411255,1.0,1.0329298973083496,2.2516396045684814,3.8454935550689697,8.208081245422363,1.041074514389038,7.1908440589904785,1.0,1.372933268547058,1.6778372526168823,2.104374885559082,2.9406964778900146,1.6061245203018188,1.4167574644088745,1.4568994045257568,7.748105049133301,8.93662166595459,10.529202461242676,9.571239471435547,1.4030450582504272,1.1226353645324707,1.3648169040679932,2.7775704860687256,1.0,2.533590316772461,2.6252858638763428,1.0,1.0,1.0,5.384306907653809,1.951674222946167,3.4435598850250244,1.3390235900878906,3.236814022064209,2.8240370750427246,1.8814414739608765,1.9037237167358398,1.0,1.8058264255523682,1.7778337001800537,3.3535525798797607,1.9632481336593628,4.203320503234863,4.320061206817627,45.63065719604492,1.182263731956482,1.0,10.565552711486816,1.9078598022460938,1.5638236999511719,1.1939995288848877,1.0186080932617188,22.01864242553711,12.990713119506836,2.367652654647827,1.0750974416732788,4.662198543548584,1,23.126434326171875,29.264808654785156,17.661300659179688,6.2309675216674805,1.0,1.5446231365203857,3.9259140491485596,1.74554443359375,2.2762093544006348,2.1481142044067383,1.28170645236969,1.0,1.100120186805725,1.890845537185669,1.0,1.3756885528564453,1.1279851198196411,1.0,1.0970379114151,1,1.0,1.0855679512023926,1,1.0,1.0,1.667049765586853,1.0,1.0,42.65971755981445,1.9152222871780396,3.383255958557129,2.4480888843536377,1.0,1.110883116722107,1.5383561849594116,1.778289794921875,1.7189685106277466,1.0,2.3646435737609863,1.949581503868103,4.19638204574585,12.548660278320312,114.09552764892578,23.74380111694336,5.287079334259033,1.0,6.432651042938232,13.043181419372559,1.1356955766677856,9.402019500732422,12.664031028747559,1.0,11.086779594421387,2.2690417766571045,45.965187072753906,1.0,5.015338897705078,1.0,5.900358200073242,1.6273137331008911,10.232370376586914,1.0,3.2709054946899414,8.21665096282959,1.0,140.4427490234375,6.0814290046691895,1.8797014951705933,3.5714001655578613,8.550650596618652,7.365522384643555,1.0,2.5626561641693115,5.706640243530273,4.36716890335083,4.646553993225098,37.85952377319336,22.012500762939453,36.61861038208008,25.58196258544922,28.908010482788086,37.80650329589844,40.32463073730469,129.3934326171875,77.64204406738281,10.194122314453125,70.69913482666016,16.166038513183594,25.28234100341797
TEST_02+4일,5.158655643463135,49.3446044921875,1.5772454738616943,1.0,1.0,3.0512945652008057,6.801215171813965,3.7974822521209717,2.8606605529785156,1.0414353609085083,2.197260618209839,1.1664490699768066,1.224666953086853,1.6528072357177734,13.624277114868164,3.354282855987549,66.92228698730469,1.1797024011611938,2.3091487884521484,72.15847778320312,20.414201736450195,7.310521125793457,1.0354112386703491,1.000128984451294,22.08306312561035,22.124225616455078,16.005691528320312,40.273216247558594,10.36771297454834,4.682592868804932,1.6411187648773193,2.631563186645508,3.086310625076294,1.2127879858016968,1.4551198482513428,7.4080810546875,15.700899124145508,3.900813102722168,1.8937993049621582,26.634822845458984,5.496694564819336,1.9534554481506348,6.095098495483398,6.167916774749756,1.1506308317184448,1.6534810066223145,1.0,2.058340311050415,1.2704854011535645,1.9797027111053467,6.461640357971191,1.0,8.184422492980957,1.3089509010314941,2.1783902645111084,1.9375733137130737,2.00056529045105,2.237913131713867,1.0,1.0571656227111816,1.5400665998458862,6.811492919921875,4.422287940979004,10.863839149475098,7.500483512878418,2.8798747062683105,1.6333587169647217,1.4580703973770142,3.103023052215576,1.0,3.43442964553833,2.275624990463257,1.465220332145691,1.359401822090149,1.0,7.0141682624816895,1.3648860454559326,2.1750237941741943,2.0197560787200928,4.319642066955566,1.4497853517532349,1.2877098321914673,2.5936086177825928,1.9987174272537231,1.8433092832565308,2.012293815612793,1.5371034145355225,2.911724328994751,5.238161087036133,4.231009006500244,37.81609344482422,1.2029626369476318,1.1951470375061035,10.330390930175781,1.1944383382797241,1.562086582183838,1.0,1.0,16.27540397644043,8.144549369812012,1.816157341003418,1.1425153017044067,1.0,1,127.48563385009766,41.70319366455078,18.034772872924805,1.7814521789550781,4.33550500869751,1.0,1.0,1.1979215145111084,2.1433255672454834,1.2070993185043335,1.0,1.2375353574752808,1.5806703567504883,1.6680481433868408,1.0,1.2418746948242188,1.047137975692749,1.0,1.0581971406936646,1,1.0,1.0489585399627686,1,1.0,1.0,4.785088539123535,1.0,1.0,35.46419906616211,1.0,3.1322906017303467,2.422314405441284,1.0,1.0,2.145850658416748,5.249179363250732,1.864686369895935,1.4453109502792358,3.618601083755493,1.5111782550811768,7.139442443847656,1.0,94.31932830810547,33.587608337402344,5.483709812164307,1.0,5.356590747833252,1.0,1.0,15.711925506591797,30.399492263793945,1.0,5.741713523864746,1.001214623451233,33.59269714355469,1.0,2.5349788665771484,2.401585340499878,5.0849480628967285,2.659120559692383,9.24667739868164,1.0,2.980090856552124,4.03109884262085,1.0,1.0,1.0,1.0,30.831209182739258,1.0,9.193679809570312,10.9468412399292,1.8100000619888306,5.142148494720459,1.0,1.0,30.84882164001465,24.076343536376953,35.35548782348633,10.998063087463379,21.353479385375977,28.433982849121094,34.61371612548828,89.47276306152344,49.77991485595703,13.760163307189941,74.0610580444336,18.37358856201172,25.516143798828125
TEST_02+5일,9.970233917236328,89.32337188720703,5.547466278076172,1.2872610092163086,1.5251948833465576,2.6094563007354736,16.289960861206055,7.1539306640625,4.020731449127197,1.0,2.538233995437622,1.0,1.9623069763183594,4.008403301239014,15.277442932128906,2.713920831680298,79.01830291748047,1.1146838665008545,2.103264808654785,77.19121551513672,27.599380493164062,8.708484649658203,1.3279714584350586,2.445202589035034,49.51068878173828,27.58835220336914,16.319908142089844,53.81595993041992,9.882702827453613,5.60899019241333,5.303067684173584,5.516568183898926,2.910963535308838,1.7676035165786743,4.103404521942139,6.468601226806641,13.145610809326172,2.714613199234009,2.0320167541503906,32.14113998413086,12.40246295928955,1.8461835384368896,3.7312326431274414,7.568601131439209,2.5452115535736084,2.9538183212280273,1.0,2.3542447090148926,1.0,4.39219856262207,8.774794578552246,1.4089607000350952,9.38213062286377,1.6233649253845215,1.5777798891067505,1.8359029293060303,1.4584136009216309,1.392272710800171,1.6568700075149536,1.2136541604995728,5.784660816192627,3.714240550994873,3.170025110244751,14.221853256225586,7.860429763793945,3.7421016693115234,1.0665218830108643,1.7397061586380005,2.701500177383423,2.8734755516052246,3.1747307777404785,4.882408618927002,1.0,1.3351596593856812,1.0,6.260026454925537,1.0,3.2835497856140137,1.4370079040527344,5.421173572540283,2.1885316371917725,1.279480218887329,1.5105737447738647,1.438768744468689,1.8412102460861206,2.503201961517334,2.12933611869812,2.887986183166504,2.8604400157928467,5.681760787963867,45.542022705078125,2.1365041732788086,2.5750460624694824,9.74080753326416,1.0,1.0,2.2445173263549805,1.094316005706787,20.73792839050293,12.673999786376953,2.1786093711853027,1.39445161819458,5.331366539001465,1,114.52812957763672,50.07451629638672,14.778581619262695,4.619297504425049,1.8878262042999268,2.2506484985351562,4.3234429359436035,1.4627246856689453,1.5806713104248047,1.6050539016723633,1.6375948190689087,1.1752474308013916,2.654262065887451,2.639089345932007,1.746641755104065,2.3157455921173096,1.509072184562683,17.603363037109375,1.028397560119629,1,1.0,1.0218350887298584,1,1.014079213142395,1.0102394819259644,3.922203779220581,1.0,1.0,40.31058883666992,1.0287301540374756,4.634865760803223,2.4248220920562744,1.0,1.0,3.02604341506958,2.283140182495117,1.5257534980773926,1.2429906129837036,2.6983611583709717,1.6201856136322021,6.221462726593018,1.0,103.08042907714844,8.282435417175293,5.75269079208374,1.0,6.83339262008667,1.0,1.1524783372879028,3.692376136779785,44.04206466674805,1.0,11.909891128540039,3.820600748062134,51.32489013671875,15.392067909240723,8.924180030822754,2.7846062183380127,2.7257299423217773,2.5596330165863037,7.709895133972168,1.0,1.4382655620574951,6.5644989013671875,1.0,1.0,15.329971313476562,17.068889617919922,1.0,9.790645599365234,17.243789672851562,31.728315353393555,2.8303446769714355,6.071208477020264,1.0,4.4677605628967285,38.787818908691406,39.49338912963867,38.740970611572266,13.481329917907715,29.708993911743164,34.3044319152832,32.47063446044922,154.2205352783203,56.055633544921875,14.341508865356445,75.14334106445312,21.154071807861328,30.556142807006836
TEST_02+6일,7.747939109802246,51.944671630859375,4.855259895324707,3.6982920169830322,2.1471493244171143,2.436246395111084,20.138296127319336,7.5132737159729,5.568551063537598,1.2601066827774048,1.5140894651412964,1.4187793731689453,1.6670866012573242,5.512075424194336,41.11083984375,1.9986542463302612,47.40311050415039,1.574958324432373,2.607409954071045,66.32640075683594,30.109970092773438,7.1451263427734375,1.5214325189590454,1.6629433631896973,27.093975067138672,27.932281494140625,16.9625186920166,76.95957946777344,14.542799949645996,5.294908046722412,3.214965581893921,2.4414937496185303,4.165590286254883,1.943038821220398,1.0,4.408215045928955,33.98908615112305,6.227784156799316,1.8090513944625854,40.49098587036133,11.018436431884766,1.0,4.769652366638184,2.859447956085205,1.0615650415420532,4.577043533325195,1.0,3.392876148223877,1.057180404663086,5.11203670501709,12.292476654052734,1.0,7.422142028808594,1.0,3.395951747894287,1.5734145641326904,2.082948923110962,1.422871470451355,1.3969335556030273,1.7218245267868042,9.681575775146484,10.07140064239502,9.994399070739746,13.689884185791016,10.70090103149414,2.1706879138946533,1.4644614458084106,1.8456623554229736,3.5068204402923584,1.0,2.1812479496002197,3.114871025085449,1.4728724956512451,1.596779227256775,1.0,8.0496187210083,2.609929084777832,2.5468504428863525,1.7814637422561646,3.6190311908721924,1.9467717409133911,1.83541738986969,1.6537925004959106,2.09895396232605,1.2793854475021362,3.024022102355957,1.4631489515304565,3.348989725112915,4.532976150512695,4.802698612213135,67.85552215576172,2.2412824630737305,3.171022891998291,15.448904037475586,1.0732848644256592,1.0,1.2903581857681274,1.318446159362793,36.70153045654297,11.371610641479492,1.98708176612854,1.0,4.569565296173096,1,108.103759765625,45.4893798828125,28.74077606201172,7.182123184204102,5.30093240737915,2.123995304107666,6.032366752624512,1.1088098287582397,2.200890064239502,1.8587607145309448,1.5493193864822388,1.088793158531189,2.051189422607422,2.6062512397766113,1.0,1.0,1.2454200983047485,2.44342041015625,1.022563099861145,1,1.0,1.019529938697815,1,1.0,1.0228224992752075,4.992458343505859,1.0466200113296509,1.0,19.382360458374023,3.1870787143707275,3.9175994396209717,4.104177951812744,1.611894965171814,2.7199883460998535,2.200028657913208,7.323432922363281,2.0567703247070312,1.1123963594436646,5.377835750579834,2.1862356662750244,8.397222518920898,3.153249502182007,117.00006103515625,24.0648193359375,4.062078475952148,3.8358616828918457,5.307064056396484,1.0,3.092848300933838,15.637593269348145,36.369110107421875,17.34725570678711,19.153118133544922,4.676947593688965,109.79012298583984,1.0,9.173657417297363,1.888558268547058,5.822608947753906,4.655186653137207,10.13111686706543,4.972980499267578,6.493549346923828,12.503174781799316,18.79421615600586,5.614192962646484,10.598193168640137,45.70650100708008,25.531740188598633,6.278868198394775,11.14465045928955,1.8412082195281982,6.0545573234558105,7.603348255157471,1.0,10.214741706848145,53.804988861083984,32.780731201171875,71.58674621582031,29.842172622680664,28.034515380859375,37.49583435058594,48.460689544677734,187.66197204589844,64.58185577392578,17.888839721679688,90.4859619140625,24.979259490966797,33.47114181518555
TEST_02+7일,13.861108779907227,41.1779670715332,15.333895683288574,9.716265678405762,2.576474905014038,2.2054364681243896,1.1363725662231445,13.16151237487793,5.433220863342285,1.523850440979004,2.3426125049591064,1.7204078435897827,2.5080478191375732,6.036504745483398,38.905174255371094,2.500253677368164,1.7120933532714844,1.8334581851959229,3.6829707622528076,43.54922103881836,10.962810516357422,10.081033706665039,1.9234802722930908,2.338872194290161,22.212541580200195,14.209826469421387,8.588545799255371,47.73540115356445,17.089248657226562,10.899918556213379,6.2202019691467285,7.833082675933838,3.8151235580444336,2.944749593734741,1.673790454864502,10.69129467010498,63.809242248535156,10.126108169555664,3.4356062412261963,43.90501403808594,26.104806900024414,1.805435061454773,3.950479507446289,1.1678138971328735,1.5425230264663696,3.5383658409118652,1.382509708404541,3.012270927429199,1.1823251247406006,8.274430274963379,13.460789680480957,2.540128469467163,10.543177604675293,1.8625853061676025,4.80894660949707,1.7524583339691162,2.196333885192871,1.5551949739456177,2.1818649768829346,1.1652737855911255,17.06208610534668,11.293243408203125,12.314153671264648,21.15921974182129,14.842117309570312,3.3048648834228516,1.8380613327026367,2.565141201019287,4.2452712059021,1.635503888130188,3.3794572353363037,4.621655464172363,1.7464836835861206,1.5360393524169922,4.533957481384277,7.6819539070129395,1.3793576955795288,2.980363130569458,1.682759165763855,4.664003849029541,3.1271700859069824,2.2754523754119873,2.824903964996338,2.1670846939086914,2.602583885192871,3.9111862182617188,3.6280806064605713,2.774287462234497,3.780215263366699,5.875347137451172,19.459339141845703,1.8178749084472656,6.409861087799072,18.693723678588867,2.327009439468384,2.6414129734039307,1.4405479431152344,1.0,15.72509765625,17.048751831054688,2.1269381046295166,1.0380370616912842,12.297575950622559,1,221.10093688964844,4.767159938812256,36.42044448852539,7.905120849609375,5.038041114807129,2.109806776046753,5.14316987991333,2.1576578617095947,3.0574898719787598,2.252351999282837,2.5226032733917236,2.0738892555236816,3.719241142272949,2.4520366191864014,3.8065412044525146,2.070969343185425,2.519909143447876,1.0,1.0,1,1.0,1.0,1,1.0,1.014374852180481,1.0,1.0,1.0,17.68766975402832,4.391562461853027,5.403701305389404,6.425632476806641,3.3806071281433105,3.133786916732788,2.5107107162475586,11.117647171020508,2.6017117500305176,1.614425778388977,4.852444648742676,2.092127799987793,13.840155601501465,32.222713470458984,79.79895782470703,34.61764144897461,13.354445457458496,19.845855712890625,11.163224220275879,1.0,1.0,31.956148147583008,30.890047073364258,33.05922317504883,26.451902389526367,10.36717700958252,8.065070152282715,26.000946044921875,20.320209503173828,3.025141716003418,11.005877494812012,5.041435718536377,14.252538681030273,1.0,12.150532722473145,14.68415641784668,84.03068542480469,63.517520904541016,1.4597645998001099,60.741943359375,48.08798599243164,19.329862594604492,47.609336853027344,30.197093963623047,5.541916370391846,9.636509895324707,9.406377792358398,16.09960174560547,72.59321594238281,53.502193450927734,95.06835174560547,39.302059173583984,40.343570709228516,79.75513458251953,59.20927047729492,249.92449951171875,79.95701599121094,24.883073806762695,99.40753173828125,29.183820724487305,57.771949768066406
TEST_03+1일,7.888547420501709,1.0,10.207742691040039,2.798069953918457,1.0,1.7797887325286865,1.175399899482727,4.9769110679626465,3.265223264694214,1.0,3.0473897457122803,1.201247215270996,1.6329299211502075,3.0888922214508057,27.919946670532227,2.4048242568969727,4.837001323699951,1.4214181900024414,2.549905776977539,75.9006118774414,17.64729881286621,3.268465280532837,1.4480839967727661,1.7749354839324951,35.971710205078125,18.62693214416504,1.0,37.16376495361328,15.958189010620117,6.1275858879089355,4.963581562042236,6.696091651916504,1.410275936126709,1.3274775743484497,1.0,5.371922492980957,60.54001998901367,14.574610710144043,2.1084210872650146,36.258419036865234,42.23453140258789,2.356781005859375,1.1887850761413574,3.172220230102539,1.0,2.8873109817504883,1.1138784885406494,4.663362503051758,1.736208438873291,4.0895209312438965,18.474241256713867,1.3496136665344238,7.629014492034912,2.185849905014038,2.3712289333343506,1.6329067945480347,2.167316198348999,2.3303956985473633,2.182889699935913,1.4886850118637085,14.027770042419434,19.16805648803711,41.085975646972656,18.768999099731445,17.884193420410156,4.059258937835693,2.051609992980957,2.958404541015625,4.541840076446533,1.0,3.2678065299987793,3.5719361305236816,2.1403307914733887,1.2033159732818604,4.603291034698486,2.654454469680786,1.857513666152954,3.2777674198150635,3.152160406112671,3.6637251377105713,2.4933321475982666,1.4247421026229858,2.180521249771118,2.8676445484161377,1.5567150115966797,1.917724609375,3.3241186141967773,3.8968098163604736,6.571880340576172,7.0293145179748535,55.7695426940918,2.55576229095459,4.9550604820251465,12.060086250305176,3.054037570953369,2.3022472858428955,1.891336441040039,1.925053358078003,42.4998779296875,4.761673927307129,1.5938364267349243,1.3821696043014526,1.954628348350525,1,201.9431610107422,2.914097547531128,35.83393478393555,4.936756134033203,4.080435276031494,1.6030566692352295,5.53900146484375,1.6077862977981567,1.6717076301574707,1.5912060737609863,1.0746705532073975,1.0,3.5598111152648926,2.85505747795105,3.6607754230499268,1.399057149887085,2.4959938526153564,1.0,1.0,1,1.0,1.0,1,1.0,1.0,2.750096321105957,1.0,1.0,1.0,4.258144378662109,1.0,6.662487506866455,2.616926670074463,1.5707391500473022,1.9839972257614136,7.3497161865234375,1.7572481632232666,1.1292352676391602,5.9760613441467285,2.537620782852173,16.095890045166016,8.403363227844238,37.908226013183594,53.19320297241211,18.084903717041016,13.67066764831543,14.486408233642578,1.0,1.0,43.21324157714844,44.584224700927734,46.13832092285156,38.08523941040039,8.136098861694336,1.0,10.3264741897583,26.126163482666016,1.828147053718567,11.765522956848145,7.191151142120361,15.593441009521484,5.65529727935791,5.455862522125244,19.04399299621582,29.176279067993164,91.5113296508789,20.484817504882812,18.90937614440918,39.302799224853516,37.23092269897461,33.35895919799805,8.601188659667969,8.419861793518066,7.36167573928833,4.827852249145508,16.6746768951416,176.81517028808594,95.89968872070312,168.25839233398438,41.87017059326172,115.67064666748047,148.20423889160156,125.65829467773438,725.0639038085938,126.73058319091797,111.78150939941406,114.38725280761719,22.35920524597168,169.34654235839844
TEST_03+2일,8.965909004211426,66.91954803466797,4.122688293457031,1.0,1.0647783279418945,3.9260430335998535,6.099984645843506,6.844757080078125,3.280465841293335,1.0,1.0,1.0014712810516357,1.8550071716308594,3.523266553878784,17.47051429748535,2.0682032108306885,57.10878372192383,1.1026928424835205,1.8761061429977417,87.88731384277344,18.18109130859375,2.7813191413879395,1.0,2.3646481037139893,33.520484924316406,32.797000885009766,1.0,4.581489086151123,16.099538803100586,5.869359016418457,5.210728645324707,4.141302585601807,1.6186572313308716,2.097515821456909,2.116453170776367,3.5011301040649414,54.11285400390625,12.932602882385254,1.4193156957626343,33.87118911743164,43.574153900146484,3.552016019821167,1.972832202911377,6.892386436462402,1.452783465385437,3.993295907974243,1.009305477142334,3.563110113143921,1.6763474941253662,5.066191673278809,18.100122451782227,1.8379499912261963,5.91625452041626,1.4418773651123047,2.58797287940979,1.479857325553894,1.5850108861923218,1.108049988746643,1.9820619821548462,1.1098467111587524,9.431510925292969,13.75708293914795,20.7111873626709,15.461153030395508,11.351974487304688,3.680912733078003,2.7036056518554688,2.0913407802581787,3.936964750289917,1.0,3.751614570617676,1.0,1.3837406635284424,1.0,3.340928792953491,3.273301124572754,1.479509949684143,2.0150558948516846,4.358365058898926,5.291629314422607,1.0,1.5929605960845947,1.0180238485336304,2.3741989135742188,1.8051787614822388,3.1095528602600098,1.4300137758255005,2.879209280014038,5.747093200683594,5.947192192077637,64.2193603515625,2.0355920791625977,2.915015935897827,10.14824390411377,2.4561502933502197,1.0,1.580450415611267,1.6426156759262085,34.383567810058594,6.736635208129883,1.3852306604385376,1.0,17.128952026367188,1,154.895751953125,122.88460540771484,14.910325050354004,3.8908050060272217,2.6341822147369385,1.3885630369186401,2.6498990058898926,1.6637712717056274,2.335371255874634,1.8485249280929565,1.369064211845398,1.0878018140792847,2.100712537765503,1.3725110292434692,5.143970489501953,1.0354294776916504,2.458878517150879,4.371225357055664,1.0,1,1.0,1.0,1,1.0,1.0,3.6190669536590576,1.0,1.0,1.0,1.0,3.0284621715545654,4.867612361907959,1.0013020038604736,1.0,2.0907435417175293,5.311733245849609,2.3653886318206787,1.041672706604004,3.939239740371704,2.627424478530884,7.878761291503906,1.0,20.617568969726562,52.05289840698242,17.783836364746094,12.662686347961426,8.720720291137695,2.505889654159546,2.6999218463897705,29.573396682739258,19.197574615478516,8.372405052185059,34.96021270751953,2.451765775680542,38.55929946899414,1.2937418222427368,11.699488639831543,4.370989799499512,5.160077095031738,5.439014911651611,13.713702201843262,1.0,1.0,15.676798820495605,20.44919776916504,37.76579666137695,4.365827560424805,12.280527114868164,11.187667846679688,8.7714204788208,9.806236267089844,15.8899507522583,5.8907341957092285,3.953697919845581,1.0,10.85250186920166,126.95784759521484,77.7671127319336,129.3984832763672,39.23762130737305,87.90797424316406,127.22224426269531,89.88628387451172,711.9600219726562,114.54039001464844,95.74091339111328,130.492919921875,28.530363082885742,148.84146118164062
TEST_03+3일,7.304797172546387,58.60902404785156,3.762491226196289,1.0,1.0,2.3068947792053223,3.690135955810547,7.82667875289917,2.6712706089019775,1.0,2.8722610473632812,1.1464297771453857,1.0354770421981812,1.4503700733184814,6.5152482986450195,2.612001895904541,45.33841323852539,1.723608374595642,1.9055978059768677,49.492958068847656,19.104381561279297,2.722334146499634,1.0610393285751343,1.679459810256958,35.71831512451172,15.82498550415039,23.5347900390625,79.1294174194336,11.228923797607422,5.026179790496826,7.144773960113525,3.3720123767852783,1.7185548543930054,2.1810364723205566,2.380131483078003,1.0,40.30614471435547,6.829287052154541,2.1687846183776855,32.41792297363281,36.26995086669922,1.8432104587554932,3.5798966884613037,1.0,2.1129090785980225,1.0,1.0,3.1240997314453125,2.301893711090088,1.5544973611831665,15.185884475708008,1.9197131395339966,7.000529766082764,1.3318108320236206,1.700441598892212,1.3965930938720703,2.896012544631958,3.231125831604004,2.934293746948242,1.8239670991897583,6.160410404205322,7.736275672912598,18.458942413330078,19.173646926879883,10.717681884765625,3.9241204261779785,2.033726453781128,2.067833185195923,2.763911247253418,1.3077514171600342,3.27091121673584,1.0,1.7151254415512085,1.0,5.160161972045898,3.1127045154571533,1.6921905279159546,3.7748169898986816,5.223275661468506,3.917125940322876,1.6665616035461426,2.2561397552490234,1.176063895225525,1.162333607673645,1.4615837335586548,2.208530902862549,3.0053024291992188,3.107445001602173,4.65389347076416,6.16843318939209,75.30552673339844,2.4545233249664307,3.746267557144165,10.814448356628418,3.245851516723633,1.3347880840301514,1.7343788146972656,1.2548575401306152,37.89411163330078,5.208471775054932,1.237035870552063,1.0,5.952775955200195,1,36.738040924072266,96.9044418334961,12.987370491027832,3.4961583614349365,3.4084503650665283,1.1191413402557373,2.0520081520080566,2.0853939056396484,2.021669626235962,1.8366854190826416,1.152071475982666,1.0608481168746948,1.5527288913726807,1.5242085456848145,5.300546646118164,1.0,2.2469451427459717,1.0,1.0,1,1.028562307357788,1.0,1,1.0,1.009047508239746,5.01122522354126,1.0,1.0,87.24990844726562,1.0,3.720740556716919,3.4489567279815674,1.0,1.9470648765563965,1.8268721103668213,1.9305188655853271,1.8146624565124512,1.0,2.8404011726379395,2.89957594871521,9.94300651550293,13.309415817260742,147.74766540527344,62.285919189453125,14.665616035461426,18.29160499572754,7.7966413497924805,10.139966011047363,2.5965633392333984,23.217660903930664,44.23031997680664,1.0,30.778470993041992,3.035221815109253,34.14470672607422,1.0,7.251297950744629,1.0,5.593760013580322,2.911090612411499,9.5243558883667,1.0,11.003775596618652,15.81700611114502,3.20605731010437,152.48426818847656,11.174718856811523,1.0,16.35965347290039,18.577892303466797,16.021211624145508,1.0,6.788671016693115,3.136549472808838,2.987929344177246,1.0,128.52774047851562,66.29630279541016,101.46004486083984,87.99440002441406,97.33470153808594,99.71456146240234,106.3408203125,565.0626220703125,82.47058868408203,98.59452056884766,97.2361068725586,19.891681671142578,91.5639419555664
TEST_03+4일,6.17689323425293,65.94556427001953,3.069054365158081,1.1505776643753052,1.0,2.4091784954071045,9.82393741607666,4.7393903732299805,3.027371883392334,1.0,2.772818088531494,1.1857621669769287,1.1919230222702026,4.494601726531982,1.0,3.4381279945373535,74.78534698486328,1.2594797611236572,1.5464119911193848,61.048622131347656,22.149250030517578,3.1432595252990723,1.009374976158142,1.0,29.605899810791016,14.55803394317627,26.940868377685547,67.70043182373047,10.653790473937988,4.158586025238037,4.789668560028076,2.0143837928771973,1.0,1.414241075515747,1.5934135913848877,1.0,44.937599182128906,7.317948818206787,1.7048571109771729,22.07311248779297,24.04869842529297,2.723402738571167,1.8144186735153198,7.97445011138916,1.0,2.960040330886841,1.1731184720993042,3.163259983062744,1.2647650241851807,4.099165439605713,15.876813888549805,1.0,8.211909294128418,1.8063104152679443,3.2182931900024414,1.817891240119934,2.004262685775757,2.9091081619262695,3.170915126800537,1.504683017730713,4.165257930755615,7.934067249298096,21.687559127807617,16.77469253540039,12.14445972442627,4.341203689575195,1.396743655204773,1.4217174053192139,3.235483169555664,1.652579426765442,4.406896114349365,1.0283398628234863,2.2858052253723145,1.074906826019287,4.392349720001221,4.142573356628418,1.7489813566207886,2.8327677249908447,3.9753715991973877,4.248927116394043,1.0,1.8427098989486694,1.8751232624053955,2.523458957672119,2.1534178256988525,2.373986005783081,2.1799111366271973,3.8030238151550293,5.395715713500977,5.902930736541748,77.41822814941406,1.2235743999481201,2.4159531593322754,8.033831596374512,1.559051752090454,1.3485302925109863,1.05572509765625,1.440366506576538,29.575960159301758,4.3173298835754395,1.4746698141098022,1.0,4.000295162200928,1,137.72303771972656,116.03401184082031,9.800322532653809,2.1070961952209473,2.5131750106811523,1.9075413942337036,2.2312166690826416,1.20766019821167,1.305843472480774,1.1888983249664307,1.0,1.2002983093261719,2.0119407176971436,1.1145871877670288,4.510707855224609,1.0,1.5934327840805054,2.353095531463623,1.0,1,1.0,1.0,1,1.0,1.0,6.633114814758301,1.0,1.0,22.643117904663086,1.2791069746017456,2.7044026851654053,3.8868248462677,1.0,1.0,1.8549360036849976,4.975096702575684,1.7071194648742676,1.0248357057571411,3.5921950340270996,2.3039894104003906,10.385565757751465,16.240753173828125,123.34173583984375,159.24981689453125,8.812909126281738,1.0,3.1765286922454834,1.0,1.0,30.902751922607422,14.541534423828125,1.0,24.37837028503418,1.455108880996704,1.0,1.0,3.5409233570098877,2.039928436279297,4.416925430297852,4.699653148651123,9.112102508544922,1.0,5.985720157623291,5.15898323059082,46.961097717285156,32.58760070800781,1.0,1.0,47.30320739746094,15.234910011291504,11.836923599243164,6.731080532073975,2.312774181365967,3.736211061477661,1.0,2.152907371520996,118.22098541259766,66.49871826171875,105.84941864013672,50.78322982788086,79.08228302001953,80.56704711914062,103.33977508544922,558.1030883789062,76.19149017333984,105.01831817626953,103.63015747070312,19.235103607177734,104.1210708618164
TEST_03+5일,7.176423072814941,104.59894561767578,5.52431583404541,1.0,1.0,2.4378271102905273,22.187740325927734,6.111222267150879,4.328649520874023,1.051487922668457,1.1730433702468872,1.0,2.0025744438171387,3.7669577598571777,15.456377983093262,2.7198128700256348,104.62108612060547,1.2977294921875,1.789818525314331,95.69743347167969,34.04564666748047,3.1460230350494385,1.2014847993850708,1.0,40.9052734375,26.05855369567871,22.12694549560547,70.0135726928711,8.954509735107422,4.544795036315918,6.110976219177246,5.84382963180542,1.0123810768127441,1.115812063217163,1.5528734922409058,1.1137243509292603,39.989723205566406,7.637373924255371,1.5207858085632324,27.698163986206055,23.045833587646484,2.6850783824920654,3.258115768432617,10.655964851379395,2.7336673736572266,2.3070099353790283,1.2109943628311157,3.3999102115631104,1.0,2.8856191635131836,16.515731811523438,1.4176102876663208,8.805769920349121,1.777090311050415,2.2423319816589355,1.650952935218811,1.6942148208618164,2.6933372020721436,3.322542428970337,1.4622399806976318,9.120070457458496,3.390554189682007,18.89535140991211,18.06043815612793,10.890890121459961,3.251404285430908,1.6293904781341553,1.7645751237869263,3.1508724689483643,1.0,3.0858848094940186,3.5930023193359375,1.966168999671936,1.112455129623413,2.151352643966675,3.1181514263153076,1.0,3.1009693145751953,2.628507375717163,5.435374736785889,1.0,2.198221206665039,1.4035460948944092,1.3173518180847168,1.3375096321105957,3.4307198524475098,3.003328561782837,2.9824609756469727,3.0551629066467285,6.957653999328613,130.4600372314453,2.1313681602478027,2.0212812423706055,8.219619750976562,1.238754153251648,1.0,1.7967472076416016,1.493212103843689,37.648101806640625,6.852212905883789,1.9943993091583252,1.0,8.18989086151123,1,74.23465728759766,102.43270874023438,11.363182067871094,2.4925498962402344,3.352482795715332,1.8241348266601562,2.954181432723999,1.593908429145813,1.5478214025497437,1.2623112201690674,1.4507049322128296,1.0,1.9243930578231812,2.4044501781463623,7.178089141845703,1.5584264993667603,1.6697943210601807,27.009695053100586,1.0,1,1.0,1.0,1,1.0,1.0,7.912074565887451,1.0,1.166562557220459,34.28739929199219,2.9592599868774414,3.657274007797241,4.693334102630615,1.277759075164795,1.0697851181030273,1.4646302461624146,2.0853188037872314,1.8080335855484009,1.0,2.9752655029296875,1.8241711854934692,8.734437942504883,1.0,195.54287719726562,47.312599182128906,10.089754104614258,9.104825973510742,5.454134941101074,3.612308979034424,2.2494218349456787,15.660272598266602,24.07285499572754,1.0,34.17915725708008,2.0795488357543945,1.0,17.421485900878906,4.9521331787109375,2.5398385524749756,3.4053025245666504,4.210275650024414,6.338789463043213,1.0,4.954746723175049,6.916612148284912,1.0,29.87973976135254,25.20632553100586,1.0,7.146880149841309,27.630020141601562,22.704084396362305,24.420625686645508,4.298638820648193,4.237754821777344,1.0,4.677842617034912,125.69548034667969,82.19739532470703,114.19618225097656,66.71900177001953,80.09496307373047,105.9782943725586,80.33181762695312,621.3147583007812,78.20709228515625,103.12439727783203,116.78700256347656,23.195199966430664,109.77474212646484
TEST_03+6일,7.488095760345459,74.80924987792969,5.106558799743652,1.0347226858139038,1.2283451557159424,2.631463050842285,28.32916831970215,6.843365669250488,4.28132963180542,1.0,2.1459522247314453,1.5901318788528442,1.4334484338760376,4.371304035186768,35.81757736206055,2.3320233821868896,30.6070556640625,1.4938130378723145,2.5015885829925537,62.96158981323242,28.43538475036621,1.8169093132019043,1.415828824043274,1.2857342958450317,25.57699966430664,28.257707595825195,23.50494384765625,88.70377349853516,14.092245101928711,2.9302918910980225,5.016768455505371,2.53261399269104,2.4091358184814453,1.9621198177337646,2.756736993789673,2.2918601036071777,52.960899353027344,9.401033401489258,1.8105406761169434,40.18452453613281,35.638587951660156,1.0206469297409058,2.6494548320770264,2.9640848636627197,1.577536702156067,3.7429230213165283,1.2260122299194336,4.262192726135254,1.502488613128662,4.156965255737305,21.075931549072266,1.0,4.633202075958252,1.6173492670059204,3.108553886413574,1.597718358039856,2.704735279083252,1.8716176748275757,3.162121057510376,1.5417207479476929,10.238600730895996,8.385782241821289,17.6015625,15.984718322753906,12.976430892944336,2.230100154876709,1.205540418624878,1.8758583068847656,3.7108311653137207,1.1915934085845947,3.9336886405944824,3.523909330368042,2.2139267921447754,1.6055889129638672,3.683302640914917,3.8669586181640625,1.7438634634017944,2.979276418685913,2.0341131687164307,5.6290740966796875,2.2160491943359375,1.52944815158844,1.6387174129486084,1.815475344657898,1.0,2.595590353012085,2.193847417831421,2.852198362350464,5.25472354888916,6.206392288208008,66.30952453613281,1.1604411602020264,2.684898853302002,10.717822074890137,1.9704583883285522,1.0,1.2040669918060303,1.1596688032150269,55.68233871459961,4.0684638023376465,1.73227858543396,1.0,3.677863121032715,1,54.32736587524414,79.66566467285156,21.484033584594727,5.235305309295654,5.555668830871582,1.4016152620315552,3.810788869857788,1.0506941080093384,1.6967062950134277,1.8720022439956665,1.2377456426620483,1.130466341972351,2.462543249130249,2.506856918334961,1.0423660278320312,1.0,2.073399543762207,1.0,1.0260076522827148,1,1.0,1.024911880493164,1,1.0,1.0,5.532296180725098,1.0,1.0,51.88386154174805,3.596959114074707,3.6925652027130127,7.239826202392578,2.826916456222534,3.235708236694336,1.8316328525543213,8.907058715820312,1.2278902530670166,1.4693650007247925,3.974088668823242,1.949953317642212,5.894219875335693,4.94160795211792,135.84637451171875,41.930294036865234,5.138116836547852,3.1490638256073,4.047893524169922,1.0,3.279924154281616,27.021385192871094,41.6695442199707,18.31285858154297,20.29554557800293,3.320970296859741,11.857882499694824,11.38219928741455,9.026780128479004,1.6063647270202637,8.31318187713623,6.47327184677124,9.536186218261719,11.422224998474121,8.328720092773438,10.994808197021484,7.479315757751465,1.0,1.0,24.370668411254883,19.50071907043457,15.386080741882324,14.264266014099121,1.0,2.8410606384277344,4.093082904815674,1.0,15.752197265625,130.17681884765625,75.4703598022461,147.3955078125,74.77281951904297,78.40059661865234,81.96236419677734,96.15067291259766,694.9816284179688,64.63013458251953,75.65119934082031,106.15602111816406,22.135263442993164,78.14632415771484
TEST_03+7일,11.753602981567383,29.11979866027832,11.292769432067871,6.266325950622559,1.723516821861267,3.04441499710083,1.9094575643539429,10.854536056518555,4.425814628601074,1.25741446018219,3.127105236053467,1.8395931720733643,2.2048158645629883,3.7149994373321533,35.85926055908203,2.6770501136779785,1.0,1.9764686822891235,2.385221481323242,35.548831939697266,4.977427959442139,3.484846353530884,1.7252148389816284,1.0,19.170026779174805,31.222625732421875,7.8627753257751465,68.09111022949219,14.085747718811035,5.61507511138916,6.449262619018555,5.873597621917725,2.1117782592773438,2.2819058895111084,5.09904146194458,4.368247985839844,71.17498779296875,11.323904991149902,2.987520694732666,43.75812530517578,38.81797790527344,2.24206805229187,2.357999086380005,3.42995023727417,1.7449580430984497,4.32259464263916,1.0,4.392465114593506,1.6221266984939575,3.320767402648926,19.887165069580078,1.8236157894134521,7.41793966293335,1.916987419128418,5.352916240692139,1.6744002103805542,2.734229564666748,1.2652580738067627,2.776620388031006,1.2594484090805054,13.892801284790039,9.338461875915527,35.42085266113281,22.182531356811523,17.311189651489258,3.252532482147217,2.284633159637451,2.6885247230529785,4.973106384277344,1.0,3.845029592514038,4.779596328735352,2.406601905822754,1.4797890186309814,7.469358921051025,4.423356056213379,1.0,3.5542683601379395,2.658113479614258,5.424959182739258,2.799691915512085,2.8385283946990967,2.757214307785034,1.5727605819702148,2.3641576766967773,3.913665533065796,3.2376294136047363,3.4316565990448,4.161294460296631,7.282277584075928,39.252254486083984,1.0147156715393066,5.442314147949219,15.73969841003418,1.5932375192642212,2.458590269088745,1.0526124238967896,1.0233300924301147,22.388355255126953,11.80750846862793,1.8930882215499878,1.0614969730377197,12.799233436584473,1,199.00511169433594,21.955707550048828,21.51328468322754,6.591972827911377,4.824007511138916,1.3892401456832886,5.679691314697266,1.7570468187332153,2.103670358657837,2.2450273036956787,2.062312602996826,2.0993988513946533,3.2412936687469482,2.108499526977539,3.982029438018799,1.306356430053711,2.5454838275909424,1.0,1.0,1,1.0,1.0,1,1.0,1.0,1.4960615634918213,1.0198829174041748,1.0,46.21659851074219,4.829843044281006,4.941183567047119,9.582651138305664,3.1580803394317627,4.366959571838379,2.5277326107025146,12.069802284240723,2.0353033542633057,2.0072476863861084,4.630349159240723,2.2390193939208984,12.374859809875488,40.56141662597656,27.913183212280273,18.043256759643555,13.333419799804688,47.310672760009766,10.540417671203613,1.0,1.0,43.70551300048828,8.659339904785156,37.997623443603516,36.30466842651367,5.94533109664917,37.793067932128906,24.10491371154785,17.536062240600586,1.9357426166534424,9.657710075378418,4.9805779457092285,11.036968231201172,1.0,10.950370788574219,16.523595809936523,139.727783203125,45.94211196899414,1.0,30.532638549804688,9.091562271118164,29.606952667236328,42.46369552612305,22.960010528564453,8.093979835510254,5.429741382598877,2.8351595401763916,21.500429153442383,178.11874389648438,105.50215148925781,187.4502716064453,75.81946563720703,86.82447052001953,132.88754272460938,113.6349868774414,729.7401123046875,95.81433868408203,110.64396667480469,106.21197509765625,27.97732925415039,90.81893157958984
TEST_04+1일,6.154748439788818,1.0,7.915563583374023,2.46748948097229,1.0368692874908447,2.1989312171936035,1.0,1.3414744138717651,2.6910805702209473,1.0,3.4776759147644043,1.0987300872802734,1.5618139505386353,1.0,2.273989677429199,2.357156991958618,1.0,1.1218070983886719,1.6349740028381348,55.514278411865234,17.766407012939453,2.436781644821167,1.2227586507797241,1.3069413900375366,34.65315246582031,15.0833158493042,1.0,18.622629165649414,9.06633472442627,4.295492172241211,2.457928419113159,4.417835235595703,1.9309771060943604,2.2479538917541504,1.0,6.807490348815918,29.299026489257812,3.9786183834075928,1.6934045553207397,14.0933837890625,8.581278800964355,1.3511497974395752,1.6145910024642944,2.231160879135132,1.562354326248169,1.0,1.0,2.782808303833008,1.3112341165542603,2.9253063201904297,5.6408843994140625,1.315209150314331,7.293286323547363,1.556225299835205,2.1746816635131836,1.5476571321487427,2.0523507595062256,2.325672149658203,1.8525205850601196,1.6135962009429932,7.086885929107666,8.78743839263916,12.306344032287598,7.824252128601074,14.213065147399902,2.8653054237365723,1.575377106666565,2.736786365509033,4.106101036071777,1.4024006128311157,3.1294004917144775,4.9175872802734375,1.3158478736877441,1.5305792093276978,1.8853225708007812,1.5050415992736816,1.9182573556900024,2.20005202293396,1.9576715230941772,3.7625064849853516,2.6192715167999268,1.843363881111145,1.991026759147644,2.372171640396118,2.731125593185425,1.9620614051818848,2.3375468254089355,2.463440418243408,3.8860630989074707,2.743637800216675,46.619747161865234,1.8001545667648315,3.0016520023345947,7.245813369750977,2.460747241973877,2.9738638401031494,1.7788430452346802,1.6685152053833008,19.13051986694336,4.685420989990234,2.1299891471862793,1.0987780094146729,2.8988442420959473,1,147.4183807373047,2.73079776763916,24.212982177734375,4.068002700805664,5.106239318847656,1.4634777307510376,3.4528162479400635,1.000953197479248,1.7193033695220947,1.8771491050720215,1.0328032970428467,1.1639703512191772,2.8960864543914795,1.5714060068130493,1.424670934677124,1.0,1.8775053024291992,1.0,1.0,1,1.0,1.0,1,1.0,1.0,6.715023040771484,1.0,1.0,35.71544647216797,5.505732536315918,1.6453170776367188,2.938833475112915,1.9254626035690308,1.2066596746444702,1.8783299922943115,5.026987075805664,1.5097765922546387,1.0493988990783691,5.684370517730713,1.7143431901931763,7.743068695068359,24.214155197143555,16.858482360839844,110.41783142089844,8.425125122070312,6.2476043701171875,9.202865600585938,4.8338141441345215,1.0,21.213823318481445,37.73593521118164,58.93540573120117,14.823260307312012,7.704061031341553,40.7401008605957,3.486051321029663,15.1654634475708,1.0286129713058472,7.43052864074707,4.997161388397217,10.836105346679688,1.3831459283828735,4.982089519500732,8.379291534423828,17.74965476989746,131.1861114501953,20.818449020385742,103.05364990234375,42.85411834716797,13.651825904846191,24.884111404418945,21.467973709106445,10.372404098510742,6.981796741485596,15.438549041748047,14.340456008911133,25.68706703186035,9.030016899108887,35.237510681152344,16.861696243286133,49.644493103027344,47.25450897216797,21.7591495513916,157.52676391601562,29.82131004333496,28.30637550354004,63.4116096496582,1.056292176246643,43.331298828125
TEST_04+2일,6.694027423858643,61.61627960205078,3.1542372703552246,1.0,1.009867787361145,3.0310113430023193,1.8540759086608887,2.159914493560791,2.8599600791931152,1.0,1.0,1.0213910341262817,1.8102076053619385,1.9783196449279785,3.60984468460083,2.0617754459381104,39.90198516845703,1.0,1.380126953125,60.87835693359375,19.584760665893555,1.9762886762619019,1.0,2.6409716606140137,30.841022491455078,38.73711013793945,1.0,4.909614562988281,9.40975284576416,5.266554832458496,3.213538408279419,2.025242805480957,1.9136507511138916,1.3368923664093018,2.1921513080596924,3.3500266075134277,15.040468215942383,3.0482449531555176,1.411988615989685,14.87591552734375,6.937208652496338,2.8296902179718018,1.5584443807601929,5.3537373542785645,2.711313247680664,2.0181522369384766,1.3656260967254639,1.8987700939178467,1.849020004272461,3.1025290489196777,6.463919639587402,1.6815097332000732,7.094417572021484,1.2838232517242432,2.714792251586914,1.4117650985717773,1.2161445617675781,1.6499775648117065,2.017925262451172,1.63814377784729,3.726543426513672,3.9132328033447266,10.917961120605469,9.070297241210938,9.121309280395508,3.593930721282959,1.6377238035202026,2.115046977996826,3.274893045425415,1.0,2.4128968715667725,2.6234638690948486,1.0365519523620605,1.0,1.0,2.240401268005371,1.7725367546081543,1.443063497543335,1.5543805360794067,3.938380002975464,1.0,1.0,1.166274070739746,1.8703186511993408,2.6138906478881836,3.9305875301361084,1.7014833688735962,1.8669813871383667,2.7807693481445312,2.009392499923706,59.71108627319336,1.5419491529464722,1.7506171464920044,4.896980285644531,2.258432149887085,1.0,1.635233998298645,1.8131625652313232,8.480962753295898,6.598480224609375,1.0907083749771118,1.0,8.04611873626709,1,109.38472747802734,69.44346618652344,14.690286636352539,2.616199016571045,4.927572250366211,1.164651870727539,2.0483453273773193,1.141075849533081,2.375997543334961,1.9058231115341187,1.1682250499725342,1.1026110649108887,1.6825422048568726,2.2299060821533203,2.3898766040802,1.0,1.996397852897644,1.0,1.0,1,1.0,1.0,1,1.0,1.0,3.6036996841430664,1.0,1.0,46.11747741699219,1.0,2.266749858856201,1.7164864540100098,1.0,1.0,1.9281353950500488,3.335789203643799,1.4755420684814453,1.0,4.00618314743042,2.1049587726593018,4.83394718170166,2.475072145462036,1.0,120.799072265625,9.297682762145996,1.3573453426361084,4.830926418304443,12.91488265991211,2.76908016204834,11.187192916870117,26.264541625976562,6.946567058563232,6.440514087677002,3.862170934677124,34.11687088012695,2.1703197956085205,1.4775493144989014,3.7525579929351807,2.9785258769989014,2.599982738494873,13.228395462036133,1.0,1.0,4.233758449554443,1.0,58.702247619628906,7.477327823638916,100.0785903930664,30.753620147705078,3.9343678951263428,1.0,23.628366470336914,3.3948822021484375,5.223531723022461,14.717500686645508,5.584933757781982,17.059799194335938,23.36707878112793,16.95625114440918,23.690277099609375,15.916656494140625,38.910552978515625,2.009629964828491,186.2852020263672,32.75570297241211,14.264627456665039,43.93429946899414,5.587997913360596,19.819337844848633
TEST_04+3일,6.084322929382324,55.253787994384766,3.6467790603637695,1.0,1.036548137664795,2.681427001953125,6.037497520446777,5.349987030029297,3.6373023986816406,1.0,2.634563684463501,1.1534265279769897,1.038857102394104,1.2004921436309814,1.0,2.503589391708374,37.279022216796875,1.1656804084777832,1.190270185470581,28.686738967895508,22.55950164794922,3.1640307903289795,1.0512186288833618,1.9981293678283691,35.69100570678711,28.34640884399414,18.660547256469727,75.13467407226562,5.319087982177734,4.205122947692871,3.521315574645996,1.9699993133544922,1.7675379514694214,1.26565420627594,2.9480345249176025,2.651494026184082,3.4375808238983154,4.7724080085754395,2.372408151626587,13.522483825683594,10.20467472076416,1.7262699604034424,2.2728962898254395,1.32021164894104,2.177602767944336,1.0,1.0,1.1234623193740845,1.7350494861602783,1.9973825216293335,4.268383026123047,1.0,4.90497350692749,1.1058051586151123,1.9198493957519531,1.6793019771575928,2.2506508827209473,3.66667103767395,2.9962236881256104,1.7340703010559082,2.1222939491271973,4.635436534881592,4.8547444343566895,7.241022109985352,8.771880149841309,3.7641894817352295,1.8102055788040161,1.7816429138183594,2.5946693420410156,1.0,2.2167813777923584,3.2793872356414795,1.040108561515808,1.0,1.0,2.0713915824890137,1.8321971893310547,2.6690332889556885,1.5896209478378296,3.642251968383789,1.4571186304092407,2.6471176147460938,1.3821138143539429,1.2344683408737183,2.70509934425354,2.6008291244506836,2.998507022857666,2.249546527862549,2.8289542198181152,1.8897686004638672,64.42139434814453,1.6842565536499023,2.0464401245117188,3.386526107788086,2.5370566844940186,1.5060673952102661,1.3590704202651978,1.3834195137023926,5.432286739349365,5.755123615264893,2.4533753395080566,1.1860958337783813,3.8105721473693848,1,1.0,23.77141761779785,11.670031547546387,3.290281295776367,2.48691463470459,1.254067301750183,1.6259547472000122,1.0,2.421696662902832,2.2178282737731934,1.0217190980911255,1.3235973119735718,2.1121747493743896,1.0,2.379678964614868,1.0,1.6136269569396973,1.0,1.0,1,1.0,1.0,1,1.0,1.0,7.031525611877441,1.0,1.0172361135482788,50.80118179321289,1.4407744407653809,2.5148119926452637,1.5737011432647705,1.0,1.002363920211792,2.1147913932800293,1.0,1.0,1.0,2.9243671894073486,1.0021929740905762,1.0581423044204712,36.21535110473633,59.31239700317383,92.34220123291016,6.881722927093506,1.0,4.378658771514893,13.762324333190918,2.8785879611968994,13.657207489013672,30.14116096496582,13.466705322265625,7.277442455291748,5.235300064086914,81.15349578857422,1.0,3.319875955581665,1.9980909824371338,3.7146363258361816,2.4121298789978027,6.15702486038208,1.0,8.567322731018066,4.529718399047852,1.0,149.50762939453125,14.758008003234863,107.23641967773438,21.85731315612793,6.561901092529297,6.03596830368042,8.222210884094238,9.98332691192627,1.3229008913040161,13.704849243164062,1.0,4.240981101989746,8.184995651245117,8.70621109008789,18.87102699279785,19.386518478393555,31.214555740356445,11.0730562210083,92.99657440185547,21.28639793395996,4.20062780380249,28.0454158782959,1.0,14.903518676757812
TEST_04+4일,4.589522838592529,70.92244720458984,3.900144100189209,1.0,1.0,2.685251474380493,7.940318584442139,2.513627767562866,3.381375789642334,1.0,2.395481824874878,1.0446257591247559,1.155236005783081,4.844757556915283,1.0,2.3076083660125732,61.718448638916016,1.10647451877594,1.1121468544006348,57.580318450927734,16.956071853637695,2.102417230606079,1.0102471113204956,1.6366196870803833,39.130958557128906,32.687950134277344,23.813520431518555,72.96835327148438,2.633312702178955,3.6972129344940186,1.2151106595993042,1.597831130027771,1.0,1.0284826755523682,2.3412299156188965,2.918670654296875,7.777487277984619,2.527238130569458,1.4138399362564087,4.94451904296875,1.0,2.6229655742645264,1.0,7.484805583953857,2.35762882232666,1.7401663064956665,1.0,1.7364575862884521,1.317124843597412,1.7301969528198242,1.402422308921814,1.0,5.932136535644531,1.0,3.486560344696045,1.7026060819625854,1.8159953355789185,3.208798885345459,2.3247292041778564,1.330039143562317,1.0,3.5993869304656982,7.7075982093811035,9.405330657958984,5.709300518035889,4.502383232116699,1.6823970079421997,2.6449825763702393,3.349452257156372,1.0,2.175509214401245,1.8384774923324585,1.4663541316986084,1.0,1.0157389640808105,2.4827258586883545,1.6585322618484497,1.233801245689392,1.9745521545410156,3.826983690261841,1.2222093343734741,2.299201726913452,1.3557347059249878,2.2026240825653076,2.3529016971588135,3.2918972969055176,1.801186203956604,2.224388599395752,2.929548978805542,1.0,58.778663635253906,1.0,1.0,3.016433000564575,1.0,1.793125867843628,1.0,1.5411372184753418,3.866055965423584,4.579456329345703,1.4019657373428345,1.2028924226760864,1.0,1,96.454833984375,38.42837142944336,12.472748756408691,1.2028239965438843,3.6460001468658447,1.766156554222107,1.3544020652770996,1.0,1.4537947177886963,1.0280795097351074,1.0,1.3532861471176147,2.1343841552734375,1.1029971837997437,1.8177706003189087,1.0,1.0,5.801305294036865,1.0,1,1.0,1.0,1,1.0,1.0,4.733188629150391,1.0,1.0,41.63924026489258,1.0,2.973663091659546,2.492586851119995,1.0,1.0,1.8560181856155396,3.061972141265869,1.7569795846939087,1.2760087251663208,3.241612195968628,1.281233787536621,1.958327293395996,24.945810317993164,71.95646667480469,273.57232666015625,9.896788597106934,1.0,2.579449415206909,1.0,1.0,18.95211410522461,28.256372451782227,27.9836483001709,4.107315540313721,3.2744176387786865,8.752341270446777,1.0,1.0,2.7247724533081055,3.8773086071014404,3.0023107528686523,8.079943656921387,1.0,5.05759859085083,2.240323543548584,11.162856101989746,45.421104431152344,1.0,64.31190490722656,65.02872467041016,1.0,5.603610992431641,18.220232009887695,9.033872604370117,3.6871225833892822,8.565225601196289,1.804439902305603,6.544276237487793,1.0,3.4807960987091064,4.14863395690918,14.154800415039062,3.6096668243408203,13.578847885131836,60.733062744140625,17.60843849182129,3.080690383911133,55.16470718383789,2.5932881832122803,1.0
TEST_04+5일,5.054445743560791,92.41893768310547,3.3207571506500244,1.0,1.0447746515274048,3.009826421737671,15.47635555267334,2.253401041030884,4.480345726013184,1.0,1.6219966411590576,1.0,1.8590959310531616,2.300200939178467,8.1028413772583,2.353717565536499,94.98001861572266,1.0,1.0286470651626587,89.61827850341797,33.38169860839844,1.9389960765838623,1.0716066360473633,4.192841529846191,61.55655288696289,34.95370101928711,20.756771087646484,67.07637786865234,5.821686744689941,3.7182207107543945,4.227136611938477,3.347656488418579,1.1202809810638428,1.1963304281234741,3.8895561695098877,1.707598090171814,2.307534694671631,1.6334694623947144,1.6927030086517334,20.443056106567383,9.019451141357422,2.277519702911377,4.466492652893066,10.083237648010254,3.29964280128479,3.105539560317993,1.0,1.6627726554870605,1.3132758140563965,3.355809211730957,2.8193278312683105,1.2557142972946167,7.746378421783447,1.7254685163497925,2.2261533737182617,1.4230175018310547,1.9102885723114014,2.6013357639312744,2.712893486022949,1.4232999086380005,1.0,2.8746511936187744,1.0,8.537581443786621,6.748135089874268,2.3359014987945557,1.8219130039215088,2.3479158878326416,2.8043055534362793,1.5929290056228638,1.6270334720611572,5.398530006408691,1.0181492567062378,1.0,1.0,2.1957108974456787,1.040331482887268,2.7400989532470703,1.903395175933838,3.739291191101074,1.3106790781021118,1.8663229942321777,1.8476240634918213,1.7899408340454102,2.888592004776001,3.4318740367889404,2.2250616550445557,1.9348139762878418,1.7460129261016846,3.1862659454345703,69.7053451538086,1.445370078086853,1.0,3.067056179046631,1.0972223281860352,1.0,2.162693977355957,1.521533489227295,7.085513591766357,7.4351959228515625,2.0764312744140625,1.0925941467285156,2.0444092750549316,1,21.19919204711914,35.044403076171875,9.672593116760254,1.981984257698059,3.7327394485473633,1.2762935161590576,1.7786327600479126,1.0,1.8821784257888794,1.508986473083496,1.6722339391708374,1.2410690784454346,2.533034563064575,2.4279837608337402,2.906000852584839,1.1678248643875122,1.0797126293182373,21.779203414916992,1.0,1,1.0,1.0,1,1.0,1.0,9.673095703125,1.0,1.0,60.46612548828125,2.837440013885498,3.9233007431030273,2.728410482406616,1.0,1.0,1.3785098791122437,1.0,1.1433025598526,1.1152188777923584,1.8754026889801025,1.0,5.9703593254089355,17.391050338745117,93.42273712158203,122.40921020507812,13.292608261108398,1.0,2.760505437850952,13.903925895690918,2.7428126335144043,15.518856048583984,39.771854400634766,26.987783432006836,8.365468978881836,3.490342378616333,7.724471092224121,23.27029037475586,2.4118566513061523,3.3653619289398193,4.312489032745361,3.5264878273010254,6.745767593383789,1.0,4.736878871917725,1.6060638427734375,1.0,10.975974082946777,22.297998428344727,114.18878173828125,14.299873352050781,8.279568672180176,7.476290702819824,39.29854202270508,4.7510552406311035,7.212092876434326,14.508210182189941,7.110317707061768,9.327799797058105,1.0,12.906458854675293,8.661378860473633,18.73578453063965,20.86722183227539,7.2006611824035645,71.46173095703125,1.0,1.0,40.603126525878906,1.0,14.90147590637207
TEST_04+6일,5.552119731903076,91.39523315429688,3.5569493770599365,1.1712809801101685,1.3758175373077393,2.5394930839538574,17.511699676513672,1.0,3.032766580581665,1.0,2.479229688644409,1.540137529373169,1.4991127252578735,2.8143694400787354,22.816059112548828,2.314472198486328,34.698184967041016,1.2384222745895386,1.5816233158111572,62.97987365722656,31.547325134277344,2.066962242126465,1.194174885749817,2.2232863903045654,25.719825744628906,41.901763916015625,23.275699615478516,98.23696899414062,5.906021595001221,3.334576368331909,2.010817766189575,2.2345290184020996,1.9927960634231567,1.7293026447296143,3.014944076538086,2.462697982788086,15.65800666809082,2.914510488510132,1.3577288389205933,15.903958320617676,3.807366132736206,1.5042853355407715,2.75655460357666,2.8183023929595947,1.4982470273971558,4.066831588745117,1.0,2.999178647994995,2.092670440673828,3.74107027053833,7.396335601806641,1.0,4.077246189117432,1.3484584093093872,3.648308038711548,1.4567598104476929,2.9286022186279297,1.8275114297866821,2.8360018730163574,1.3542805910110474,4.539371013641357,4.024054527282715,6.122132301330566,8.020983695983887,7.376029968261719,3.0933613777160645,1.7381404638290405,2.086700677871704,3.612769842147827,1.1827950477600098,2.862423896789551,4.292181015014648,1.5407118797302246,1.0,1.0,3.207699775695801,2.091125726699829,1.8873120546340942,1.671142339706421,4.247598171234131,1.5339694023132324,1.3977808952331543,1.586836338043213,1.9804390668869019,1.7058926820755005,3.5986239910125732,1.8114069700241089,2.350707530975342,3.4894497394561768,1.9883636236190796,53.42764663696289,1.5652257204055786,2.2979135513305664,8.62212085723877,1.7195701599121094,1.0,1.3527171611785889,1.4324133396148682,24.955829620361328,4.676413059234619,2.505023956298828,1.222128987312317,1.5136291980743408,1,20.677709579467773,47.357791900634766,16.924057006835938,4.71728515625,5.059488773345947,1.397613525390625,2.2663938999176025,1.007501244544983,1.7577877044677734,1.903459072113037,1.0,1.264931321144104,3.7783496379852295,1.9809318780899048,1.937609314918518,1.0,2.008246421813965,1.0,1.0,1,1.0,1.0,1,1.0,1.0,9.011072158813477,1.0,1.0,44.079437255859375,2.8336329460144043,3.3095040321350098,2.7333784103393555,2.413938522338867,2.0719053745269775,1.7461655139923096,5.391537189483643,1.5916708707809448,1.0,3.225895643234253,1.8407011032104492,5.073267459869385,21.69117546081543,116.9962387084961,72.98948669433594,21.036243438720703,16.031360626220703,2.4506819248199463,30.136075973510742,3.775273561477661,11.706157684326172,42.91372299194336,42.35346221923828,9.612281799316406,5.38712739944458,29.172218322753906,2.153988838195801,5.004388809204102,2.128960609436035,7.0206451416015625,3.862213134765625,7.426119804382324,3.94594669342041,8.317804336547852,6.33847188949585,40.36225128173828,23.316783905029297,6.772597789764404,112.66791534423828,30.935466766357422,9.876309394836426,6.133586406707764,7.3534321784973145,9.5328950881958,7.595107555389404,12.050743103027344,1.6948696374893188,5.346349716186523,1.0,9.653328895568848,21.949249267578125,11.548110008239746,14.645051002502441,10.251897811889648,19.499177932739258,12.648834228515625,9.704244613647461,59.60102081298828,4.491879940032959,13.425616264343262
TEST_04+7일,5.92836856842041,56.9018440246582,7.18610954284668,6.575507164001465,1.7355592250823975,2.234637498855591,1.0,8.02087116241455,2.9368650913238525,1.0,3.6039695739746094,1.7755627632141113,2.280488967895508,2.4570295810699463,29.81629753112793,2.0658011436462402,1.0,1.6582205295562744,2.24145770072937,60.37187957763672,17.357213973999023,3.235363245010376,1.5461007356643677,2.433891773223877,23.167232513427734,21.929960250854492,6.596007347106934,75.01465606689453,11.287663459777832,6.679572105407715,2.909883975982666,4.810388565063477,2.0304219722747803,2.252241373062134,3.376680612564087,5.267310619354248,26.232812881469727,4.27347993850708,2.9420347213745117,22.883663177490234,7.113033771514893,3.4304277896881104,1.9856860637664795,3.212646245956421,2.1039206981658936,1.8436683416366577,1.6386383771896362,3.4061684608459473,1.8246324062347412,3.254645347595215,7.344295024871826,2.133483648300171,8.810724258422852,1.1239585876464844,5.2085747718811035,1.513002872467041,2.1843907833099365,1.3502627611160278,2.73299503326416,1.6118369102478027,6.764636039733887,7.458614826202393,7.834549427032471,13.513230323791504,10.736051559448242,3.2150375843048096,2.488251209259033,2.5850493907928467,4.561974048614502,1.3578743934631348,2.9784538745880127,5.905523300170898,1.715833067893982,2.106438636779785,4.510537624359131,3.739755153656006,1.3119549751281738,2.477632999420166,2.067401170730591,4.100614070892334,2.516904830932617,2.5522422790527344,1.2440991401672363,2.1094093322753906,4.1305460929870605,3.6511075496673584,3.1325764656066895,1.997622013092041,3.0153439044952393,4.581630706787109,5.487771987915039,1.8230301141738892,4.593492031097412,14.929492950439453,1.0584231615066528,1.9175498485565186,1.4694838523864746,1.5214736461639404,1.0,12.45820140838623,1.9456087350845337,1.353324294090271,7.124001502990723,1,146.59396362304688,1.0,18.456451416015625,5.589581489562988,4.877138614654541,1.7092341184616089,3.778064489364624,1.5550726652145386,2.3510618209838867,2.427380323410034,1.2547568082809448,2.179443597793579,4.0017619132995605,2.1950736045837402,4.271629810333252,1.1779719591140747,2.410115957260132,1.2442290782928467,1.0,1,1.0,1.0,1,1.0,1.0,1.3403509855270386,1.0,1.0,60.229644775390625,5.094858169555664,4.317850112915039,5.334878921508789,3.054356336593628,2.6189303398132324,3.0807838439941406,10.022908210754395,2.050795555114746,1.541680097579956,4.963284015655518,2.5663046836853027,8.653963088989258,40.83338928222656,32.884483337402344,16.797607421875,22.236177444458008,4.630683898925781,8.770026206970215,12.496208190917969,2.0952563285827637,25.366884231567383,50.356040954589844,63.245479583740234,14.546547889709473,15.914111137390137,27.687808990478516,31.039236068725586,12.73789119720459,2.493330240249634,7.642547607421875,4.8572998046875,16.64156723022461,1.0,8.809710502624512,9.009312629699707,164.64932250976562,106.37786865234375,7.634322166442871,154.33399963378906,32.77813720703125,17.493837356567383,31.207834243774414,23.781963348388672,15.867098808288574,8.884628295898438,10.63871955871582,17.88072395324707,23.49884033203125,21.568862915039062,46.69869613647461,6.085618019104004,25.02958106994629,35.79619216918945,24.035491943359375,176.9274139404297,33.9080810546875,4.1975555419921875,77.09769439697266,1.0,19.377309799194336
TEST_05+1일,7.603808403015137,1.0,8.577760696411133,4.084743499755859,1.0,2.796293258666992,1.0,3.8050649166107178,3.9304919242858887,1.0,1.3269084692001343,1.0479158163070679,1.272734522819519,3.4825832843780518,1.0,1.5322555303573608,1.0,1.1394001245498657,1.4870890378952026,2.9973490238189697,10.16253662109375,1.7288522720336914,1.020219326019287,3.39644455909729,31.97303009033203,1.0,8.670011520385742,1.0,12.694002151489258,6.672218322753906,3.1839547157287598,4.2885894775390625,2.7548811435699463,1.6822787523269653,1.0,6.700428485870361,51.172386169433594,8.669678688049316,2.8290703296661377,30.820884704589844,31.73982810974121,1.4229165315628052,3.0266270637512207,3.1205599308013916,1.0,2.032510757446289,1.1083706617355347,3.730177402496338,1.2100915908813477,4.814801216125488,27.954753875732422,1.6016817092895508,9.89564037322998,2.3945820331573486,1.7243534326553345,2.4189720153808594,2.654449462890625,2.170510768890381,1.7688775062561035,1.7548303604125977,27.20111846923828,14.874019622802734,15.77856731414795,12.867506980895996,12.140772819519043,4.875284671783447,1.2482613325119019,2.3114511966705322,5.404564380645752,1.07229745388031,2.7229113578796387,6.160317897796631,1.266740083694458,1.216310739517212,4.364078998565674,1.0,1.8230936527252197,2.4893808364868164,1.376572847366333,4.444202899932861,3.327441692352295,1.3561902046203613,2.1710073947906494,1.8151872158050537,2.6535844802856445,1.5981330871582031,3.2948062419891357,2.6548917293548584,3.851119041442871,5.343976974487305,1.0,2.1354756355285645,4.752655029296875,15.220840454101562,1.0,1.8871557712554932,1.0024030208587646,1.6136667728424072,25.482126235961914,7.588994026184082,1.8141725063323975,2.296022891998291,1.0,1,127.61565399169922,6.669949054718018,59.8977165222168,5.158596038818359,4.803760051727295,1.7980562448501587,9.317564964294434,1.047570824623108,1.5465730428695679,1.7517286539077759,1.0,1.4340097904205322,5.131992816925049,2.9556446075439453,1.4627954959869385,1.545751690864563,3.0714290142059326,1.0,1.0,1,1.0,1.0,1,1.0,1.0,1.1752848625183105,1.0,1.0,1.0,7.007546424865723,3.27364444732666,6.631120681762695,4.751370906829834,1.0,2.5171854496002197,13.196063041687012,1.249120831489563,1.4023473262786865,6.310882091522217,2.645134925842285,67.58866119384766,53.05772018432617,15.955585479736328,1.0,79.75733184814453,49.80678939819336,55.279296875,1.0,2.4162254333496094,232.16476440429688,110.2688217163086,153.07623291015625,73.47999572753906,40.338558197021484,1.0,66.53545379638672,91.40911865234375,7.682380199432373,63.67056655883789,31.842782974243164,97.94151306152344,105.05963134765625,29.7733097076416,8.654582977294922,501.2577819824219,401.92706298828125,76.41313171386719,302.9407653808594,59.92428207397461,122.8820571899414,112.13816833496094,205.66383361816406,53.59595489501953,15.614213943481445,134.64279174804688,74.93450927734375,1.0,1.0,12.672870635986328,4.411900043487549,43.70215606689453,33.92003631591797,44.72816848754883,126.52201080322266,9.55660629272461,3.0175514221191406,37.17833709716797,1.0,20.14510154724121
TEST_05+2일,8.172172546386719,29.62090301513672,3.95841121673584,2.385800838470459,1.0235413312911987,3.878788948059082,1.0,5.430772304534912,3.405503749847412,1.0,1.0,1.0,1.2424588203430176,6.424075126647949,8.339753150939941,1.0,3.725741386413574,1.0,1.1919324398040771,1.0,14.185708999633789,1.4563266038894653,1.0,3.4364614486694336,27.566680908203125,21.922697067260742,6.554145336151123,1.0,13.88279914855957,4.848742485046387,3.8404486179351807,1.6686336994171143,2.7748782634735107,1.252912998199463,1.187543272972107,3.6627442836761475,35.5987434387207,9.174579620361328,2.0783286094665527,24.37481117248535,20.358613967895508,2.311034679412842,3.1804885864257812,5.11736536026001,1.8029942512512207,2.9920172691345215,1.0587531328201294,3.6360578536987305,1.0,4.898830890655518,25.142589569091797,2.278482437133789,7.8311052322387695,1.1339848041534424,1.9336557388305664,2.178685188293457,1.7759640216827393,1.8390103578567505,1.9000952243804932,1.727583646774292,21.44638442993164,11.852788925170898,8.859289169311523,12.131155967712402,4.624714374542236,5.209336757659912,1.0,2.387770175933838,3.621521234512329,1.1907448768615723,2.13067889213562,3.842681646347046,1.0,1.0,1.7972804307937622,2.4153499603271484,1.5373045206069946,1.3733412027359009,1.1894985437393188,3.93949556350708,1.182554841041565,1.7025377750396729,1.0762300491333008,1.0059027671813965,2.835015296936035,3.323336124420166,1.843436598777771,1.2168161869049072,2.578345537185669,3.7997143268585205,1.0,1.9010564088821411,3.651658058166504,11.951436042785645,1.705863118171692,1.0,1.3890844583511353,1.609105110168457,11.716632843017578,7.763224124908447,1.5866138935089111,1.2931069135665894,9.34463882446289,1,106.38351440429688,102.23336791992188,41.53123092651367,4.600665092468262,4.617321968078613,1.8606561422348022,6.590777397155762,1.9781781435012817,2.184511184692383,1.9005991220474243,1.0799027681350708,1.6410574913024902,3.648505687713623,2.0483837127685547,2.9960296154022217,1.0339219570159912,3.604597330093384,1.0,1.0,1,1.0,1.0,1,1.0,1.0,2.7411913871765137,1.0,1.0,28.087249755859375,4.078557014465332,3.6202454566955566,3.9692859649658203,2.764679431915283,1.0,1.852358102798462,8.388728141784668,2.367863893508911,1.4458948373794556,4.682461738586426,1.9941048622131348,48.57395553588867,36.73111343383789,9.802793502807617,10.533472061157227,82.094970703125,41.295833587646484,50.64925003051758,8.45508861541748,1.7859370708465576,166.86618041992188,112.33650207519531,75.33304595947266,81.181640625,25.556116104125977,1.0,53.57046127319336,71.23128509521484,10.543968200683594,47.4586296081543,28.821613311767578,76.15966033935547,74.3117904663086,17.888534545898438,6.052488803863525,466.34344482421875,215.73008728027344,53.4551887512207,228.98895263671875,49.8796501159668,86.0223388671875,67.3603744506836,210.0241241455078,52.815025329589844,10.838089942932129,79.00364685058594,64.92185974121094,1.0,11.9793062210083,1.0,24.877838134765625,6.719456195831299,34.433128356933594,12.826436996459961,149.84445190429688,34.20418167114258,1.0,1.0,4.592431545257568,12.179384231567383
TEST_05+3일,4.825807094573975,38.87086486816406,4.563686370849609,1.1816734075546265,1.0,2.6848437786102295,1.0,7.180977821350098,1.084468960762024,1.0,1.0,1.0,1.0,1.481566071510315,1.1036566495895386,1.9111766815185547,40.28284454345703,1.1705429553985596,1.3040471076965332,9.902546882629395,15.300122261047363,4.077706813812256,1.0,3.317526340484619,36.80561447143555,20.070207595825195,8.721116065979004,53.78419494628906,12.543654441833496,4.5038933753967285,4.3490986824035645,2.1796584129333496,2.775359869003296,1.4139800071716309,1.5407154560089111,4.302065849304199,18.211320877075195,4.81223201751709,2.454697847366333,22.867717742919922,28.060550689697266,1.0916208028793335,5.012430667877197,2.3539412021636963,1.8014001846313477,1.0,1.0,2.46089243888855,1.1733366250991821,3.0208399295806885,17.55695915222168,3.461071252822876,7.38295316696167,1.5786149501800537,2.067878246307373,2.0569136142730713,4.0155134201049805,2.8948276042938232,2.5031392574310303,1.736633539199829,11.216303825378418,10.052495956420898,8.363912582397461,10.923736572265625,5.203882694244385,5.215694427490234,1.7773977518081665,1.2117788791656494,3.1448540687561035,1.1938611268997192,2.0993618965148926,4.029253959655762,1.0,1.0,5.847180366516113,2.114628314971924,1.5723549127578735,2.2552340030670166,1.9966661930084229,3.9019134044647217,1.9921791553497314,1.5778976678848267,1.5975908041000366,1.3337819576263428,2.9431419372558594,2.4502463340759277,2.554805278778076,1.0,2.9166476726531982,5.08670711517334,7.729102611541748,1.7353543043136597,3.1780271530151367,11.84325885772705,1.0,1.5244899988174438,1.0,1.277109980583191,10.386395454406738,7.265542507171631,1.0,1.031842589378357,2.596778154373169,1,22.361921310424805,73.00718688964844,34.75377655029297,3.804980993270874,2.896852493286133,1.6992905139923096,5.7826924324035645,1.3570317029953003,2.0834622383117676,2.1989731788635254,1.0,1.7419328689575195,3.3347904682159424,1.588609218597412,2.5142688751220703,1.152747631072998,3.5704703330993652,1.0,1.0,1,1.0,1.0,1,1.0,1.0,1.0,1.0,1.0,27.79047203063965,3.583608627319336,3.07011342048645,2.751875877380371,3.107348680496216,1.1980060338974,1.9986153841018677,6.129059791564941,1.0,1.1103533506393433,3.6346771717071533,2.4003634452819824,50.64662551879883,48.798248291015625,57.65808868408203,9.824797630310059,78.01780700683594,36.82586669921875,42.88544464111328,28.188016891479492,1.0,134.38681030273438,74.96952819824219,66.61356353759766,64.1784896850586,26.367298126220703,16.199020385742188,44.804908752441406,52.312503814697266,5.226589202880859,46.80112075805664,19.183063507080078,71.43095397949219,49.66127395629883,18.01694107055664,6.450741767883301,544.6419067382812,328.8916931152344,66.35198211669922,201.83856201171875,35.8480224609375,72.2337875366211,51.53717041015625,125.54473114013672,35.13203811645508,10.07156753540039,97.4264907836914,38.264774322509766,3.898205518722534,16.318252563476562,1.2039005756378174,5.1991658210754395,12.42775821685791,29.58357810974121,27.863157272338867,97.15348815917969,17.648340225219727,1.0,28.059154510498047,1.0,12.842491149902344
TEST_05+4일,6.18348503112793,39.18187713623047,3.1596896648406982,1.9919071197509766,1.0,3.8176867961883545,4.056502819061279,1.0,3.1675965785980225,1.0,2.3781635761260986,1.0,1.0,4.1327805519104,1.0,1.0,16.97421646118164,1.063627004623413,1.0,23.527341842651367,20.677949905395508,2.131779432296753,1.0,2.8499629497528076,35.89554214477539,23.556833267211914,12.987153053283691,59.128173828125,9.982845306396484,3.326514959335327,2.2695677280426025,1.897925853729248,2.2586987018585205,1.0,1.1170867681503296,3.6611058712005615,23.95186424255371,4.578976154327393,2.0420126914978027,11.377365112304688,16.950824737548828,1.940889596939087,4.889859199523926,7.84342622756958,1.4238085746765137,1.3143203258514404,1.3077020645141602,2.7210800647735596,1.0,3.0861244201660156,23.110916137695312,1.0,8.681512832641602,2.020554304122925,2.455793619155884,2.313072443008423,2.4700756072998047,2.274437427520752,1.7845338582992554,1.3199326992034912,9.916718482971191,7.177371025085449,5.133849143981934,12.030691146850586,3.1791603565216064,4.942288875579834,1.419392466545105,1.0264087915420532,2.6796765327453613,1.0708707571029663,1.628726840019226,3.6993279457092285,1.0,1.0,4.869344234466553,2.2068252563476562,1.2450531721115112,1.0372852087020874,2.1593992710113525,3.983297824859619,1.5814417600631714,1.2400091886520386,1.8473414182662964,1.845126748085022,3.6912989616394043,2.201231002807617,2.6848928928375244,2.151665210723877,2.3871123790740967,3.0184006690979004,9.48900032043457,1.3288781642913818,2.4761407375335693,11.3490629196167,1.0,1.048923373222351,1.0,1.4161877632141113,6.9217529296875,4.538490295410156,1.7337265014648438,1.0,1.0,1,94.57856750488281,81.29906463623047,34.54793167114258,3.170006275177002,3.103458881378174,1.8986228704452515,3.9510018825531006,1.429677128791809,1.5118739604949951,1.073897361755371,1.0,1.8062615394592285,3.7393200397491455,1.5753988027572632,1.6135395765304565,1.3723124265670776,2.0295543670654297,1.0,1.0,1,1.0,1.0,1,1.0,1.0,4.425801753997803,1.0,1.0,23.66278076171875,3.3954367637634277,3.580040216445923,3.076228380203247,2.626880407333374,1.0,2.352607011795044,7.962599277496338,1.9840139150619507,1.275769591331482,3.6035573482513428,1.8718485832214355,54.95976638793945,34.11248779296875,80.44141387939453,1.0,78.59503936767578,43.185306549072266,45.98977279663086,3.6746666431427,2.898864269256592,134.09739685058594,100.30636596679688,103.41634368896484,52.674198150634766,24.991775512695312,1.0,39.073455810546875,46.72468566894531,7.578211307525635,46.48542022705078,21.339601516723633,72.82007598876953,50.17448806762695,13.991650581359863,1.228013515472412,357.6103210449219,260.4599914550781,57.97787857055664,197.91384887695312,30.37496566772461,87.45171356201172,69.43510437011719,139.76364135742188,42.211360931396484,6.920978546142578,86.66860961914062,44.97431564331055,1.0,9.436685562133789,1.0,1.0,10.339568138122559,1.0,25.68987464904785,49.649837493896484,13.526871681213379,1.0,32.6789665222168,1.0,1.0
TEST_05+5일,4.990747928619385,80.14053344726562,3.6602783203125,2.6719231605529785,1.0,3.266688823699951,11.9224853515625,4.545021057128906,3.485391855239868,1.0,1.0,1.0,1.3973554372787476,3.0014288425445557,4.675716400146484,1.4114638566970825,19.310466766357422,1.0319247245788574,1.329242467880249,16.799575805664062,21.599105834960938,1.0,1.0,1.9869270324707031,63.47515106201172,33.53904342651367,15.405362129211426,77.24117279052734,10.126176834106445,4.419292449951172,3.465256452560425,2.9733033180236816,2.117185115814209,1.2089177370071411,3.9825363159179688,3.400143623352051,24.325851440429688,4.204334735870361,1.718890905380249,23.477720260620117,18.6168212890625,1.961632490158081,3.891413927078247,9.570867538452148,2.8353893756866455,1.3156108856201172,1.4647818803787231,2.182882785797119,1.0,3.909470558166504,17.592679977416992,1.3239446878433228,8.79023551940918,1.9395099878311157,1.5898686647415161,1.9656318426132202,1.9420347213745117,2.3567564487457275,2.603893518447876,1.3111554384231567,14.28971004486084,9.133932113647461,3.8380067348480225,13.857287406921387,3.3397772312164307,3.1429367065429688,1.945560336112976,1.1215547323226929,2.229989528656006,1.0,2.220475196838379,5.520684719085693,1.0,1.0,1.8580961227416992,2.0440194606781006,1.0,2.371389627456665,2.0018277168273926,4.087342262268066,1.7091695070266724,1.8124048709869385,1.528854489326477,1.6943531036376953,3.667114019393921,3.452195405960083,2.578745126724243,1.0,1.4705172777175903,4.6595330238342285,18.906160354614258,1.8982861042022705,2.5625646114349365,11.13827133178711,1.0,1.0,1.6466317176818848,1.4145903587341309,9.941046714782715,5.529903411865234,1.9652628898620605,1.0,1.0,1,27.561960220336914,103.82503509521484,25.36945152282715,2.683039903640747,3.9687304496765137,1.328608512878418,5.2731475830078125,1.4150315523147583,1.5391148328781128,1.2133164405822754,1.5951393842697144,1.393626093864441,2.7256767749786377,2.5719046592712402,3.505506753921509,1.9350996017456055,2.0664143562316895,18.18979263305664,1.0,1,1.0,1.0,1,1.0,1.0,3.4532477855682373,1.0,1.0,37.922637939453125,3.9779984951019287,4.131546497344971,3.0167386531829834,1.892323613166809,1.0,2.199843406677246,4.761420726776123,1.0,1.0871882438659668,2.3134543895721436,1.0,41.28322982788086,47.55126953125,54.44468688964844,1.0,66.18561553955078,38.98674011230469,43.334312438964844,2.918970823287964,1.5154914855957031,123.42832946777344,85.91053009033203,107.04960632324219,74.2530517578125,25.295400619506836,1.0,47.15584945678711,53.226104736328125,7.696120262145996,36.85905456542969,21.9345703125,65.04497528076172,47.63125228881836,18.09471893310547,5.008044242858887,370.7317199707031,241.82347106933594,75.44831848144531,327.7813720703125,23.54844093322754,105.196044921875,80.49349975585938,111.52272033691406,35.392433166503906,10.472188949584961,67.44969177246094,57.53441619873047,1.0,6.506165981292725,1.0,1.0,18.89460563659668,19.450468063354492,13.108038902282715,16.312883377075195,4.317298889160156,1.0,1.0,1.0,3.9797592163085938
TEST_05+6일,6.018389701843262,48.06963348388672,3.62902569770813,3.869025945663452,1.0632654428482056,2.8770973682403564,16.3961124420166,3.1519510746002197,4.668610572814941,1.0,1.945235013961792,1.1981289386749268,1.2549962997436523,3.9368197917938232,22.911893844604492,1.2556850910186768,44.66619110107422,1.2095590829849243,2.128814697265625,6.075515270233154,23.03569793701172,1.4607409238815308,1.0685912370681763,3.0303008556365967,27.908170700073242,34.04207992553711,16.90717124938965,104.13855743408203,12.3399019241333,4.169591426849365,1.74119234085083,1.7645649909973145,3.0787909030914307,1.6404303312301636,1.8061916828155518,2.6035847663879395,34.72593688964844,5.400238990783691,1.4844204187393188,22.368255615234375,17.526784896850586,1.1575268507003784,2.88649582862854,3.584973096847534,1.1848959922790527,1.9409195184707642,1.1547280550003052,3.9861552715301514,1.482883334159851,4.689817428588867,22.354084014892578,1.2405916452407837,7.02169942855835,1.4886549711227417,2.537862777709961,1.3819632530212402,2.380650758743286,2.054447650909424,2.875638246536255,1.6378706693649292,15.346834182739258,8.596259117126465,8.015543937683105,14.33905029296875,4.465338230133057,4.0473551750183105,1.6158058643341064,1.084797739982605,4.050021648406982,1.0,2.2449676990509033,4.430621147155762,1.0,1.0,4.451651573181152,3.208188056945801,2.359160900115967,1.6721761226654053,1.8942570686340332,4.274456977844238,2.171285390853882,2.0532448291778564,1.4277126789093018,1.9909746646881104,2.3827476501464844,4.685842514038086,2.185472011566162,2.035620927810669,3.702955722808838,4.296632289886475,22.02778434753418,1.6947352886199951,3.3161089420318604,12.64221477508545,1.0,1.0,1.2177472114562988,1.6277095079421997,28.099437713623047,5.649852752685547,2.350879669189453,1.0,1.5700892210006714,1,4.077985763549805,70.44489288330078,34.70844268798828,4.502655029296875,5.443787574768066,1.5751210451126099,6.322220325469971,1.1242064237594604,1.5355682373046875,1.798765778541565,1.2132304906845093,1.3935061693191528,4.051576137542725,2.2310094833374023,1.971339225769043,1.0687143802642822,3.250440835952759,3.9759304523468018,1.0,1,1.0,1.0,1,1.0,1.0506043434143066,4.003541469573975,1.0666518211364746,1.0,32.953731536865234,4.60561990737915,3.858863115310669,5.862440586090088,3.378514528274536,2.1722214221954346,2.1486854553222656,9.644582748413086,1.7030805349349976,1.0017081499099731,3.294849395751953,2.4420464038848877,44.69367218017578,35.93522262573242,74.90234375,3.5357134342193604,61.257015228271484,45.642818450927734,51.4093017578125,2.716233730316162,2.821882963180542,158.0659637451172,97.80673217773438,96.29031372070312,55.91474914550781,30.00642967224121,22.487350463867188,48.78826904296875,58.746463775634766,8.45266342163086,44.621116638183594,29.80463981628418,74.12533569335938,41.60988235473633,21.289764404296875,7.385383129119873,611.7385864257812,339.7500305175781,71.74362182617188,313.310302734375,52.33336639404297,101.05765533447266,109.17019653320312,234.55931091308594,50.951690673828125,11.675298690795898,134.04298400878906,58.595062255859375,1.0,8.651084899902344,1.0295196771621704,12.316587448120117,10.866486549377441,19.125696182250977,24.55513572692871,12.294488906860352,26.57261848449707,1.546264410018921,19.214157104492188,7.017851829528809,1.0
TEST_05+7일,9.28870964050293,39.49559020996094,9.086377143859863,9.450677871704102,1.3889307975769043,3.4972991943359375,1.0,10.553316116333008,3.3756330013275146,1.0,2.6161718368530273,1.574517846107483,1.796856164932251,4.3464226722717285,28.318086624145508,1.0,1.0,1.674716591835022,1.2970772981643677,8.603483200073242,14.05534839630127,1.8513649702072144,1.2928777933120728,2.529923915863037,31.4283504486084,15.863003730773926,16.411941528320312,72.49311828613281,15.752167701721191,7.791860580444336,3.530705213546753,3.344660997390747,2.8167874813079834,2.086601734161377,3.5254838466644287,7.551162242889404,54.689544677734375,8.219006538391113,2.5757551193237305,28.124801635742188,37.794490814208984,2.5885024070739746,1.2219250202178955,2.063563346862793,1.8190648555755615,2.382091999053955,1.0,4.00157356262207,1.5074708461761475,5.989045143127441,25.712963104248047,2.1023342609405518,9.066627502441406,2.377549409866333,5.111313343048096,1.6619608402252197,3.268221139907837,1.8949861526489258,2.764500379562378,2.084406852722168,24.584177017211914,12.827269554138184,9.272615432739258,19.72096824645996,7.284252643585205,4.1175737380981445,2.5792877674102783,1.8755823373794556,3.6197056770324707,1.0,2.6386783123016357,5.199951171875,1.3217933177947998,1.160775899887085,7.528059959411621,3.4376332759857178,1.5292439460754395,2.4773287773132324,1.7902029752731323,4.826507091522217,3.3449742794036865,1.7558481693267822,1.5964003801345825,1.1229596138000488,4.6638994216918945,5.498296737670898,3.3206019401550293,1.477070689201355,3.105620861053467,5.335661888122559,1.0,1.8031213283538818,5.788210868835449,18.144811630249023,1.0,1.6190218925476074,1.147643804550171,1.4287492036819458,2.007505178451538,13.18685245513916,2.322542428970337,1.0,7.185588359832764,1,85.80943298339844,14.78001594543457,46.714256286621094,5.760661602020264,5.132916450500488,2.096979856491089,6.955083847045898,1.9786661863327026,2.237670660018921,2.0685532093048096,1.7632262706756592,2.1524221897125244,4.3742499351501465,2.39141583442688,4.323968887329102,2.070225477218628,2.6622791290283203,1.0,1.0,1,1.0,1.0,1,1.0,1.0,1.535046935081482,1.0,1.0,27.638153076171875,6.255739212036133,5.807443618774414,7.398569107055664,4.898975849151611,2.4709346294403076,3.6614573001861572,14.39874267578125,2.3789358139038086,1.3669058084487915,5.197046756744385,2.628459930419922,78.28350830078125,66.86405181884766,36.39085006713867,11.460702896118164,86.68708038330078,92.14606475830078,58.120994567871094,2.9801769256591797,3.695852279663086,263.0108947753906,76.9549560546875,159.62159729003906,86.00306701660156,36.5250244140625,1.0,71.99980926513672,78.53963470458984,8.427834510803223,58.25417709350586,30.19141387939453,97.76573944091797,74.33924102783203,33.708534240722656,9.33512020111084,677.3513793945312,293.6094665527344,98.63092041015625,475.3994445800781,79.19867706298828,133.04737854003906,126.72115325927734,297.9032287597656,58.50474548339844,13.856959342956543,137.31671142578125,106.11900329589844,1.0,22.86686134338379,1.0,1.0,18.087343215942383,45.02558898925781,46.84196472167969,88.33772277832031,20.41786766052246,1.0,31.407203674316406,1.0,13.943349838256836
TEST_06+1일,5.914456367492676,1.0,6.354265213012695,1.29883873462677,1.08620023727417,2.0157246589660645,1.0,1.0,3.188373565673828,1.0,1.0,1.3199679851531982,1.4512234926223755,3.7387804985046387,1.0,1.5761630535125732,1.0,1.0182194709777832,1.7549688816070557,15.7975492477417,7.495853424072266,2.630753517150879,1.0240179300308228,1.0,28.510530471801758,11.293203353881836,1.9292771816253662,7.808783531188965,9.58317756652832,6.060016632080078,3.7433366775512695,5.872044086456299,2.971356153488159,2.8363406658172607,1.0,5.713562488555908,45.512325286865234,6.3350701332092285,2.61053204536438,20.832809448242188,20.442792892456055,1.372765302658081,1.0929914712905884,1.0,1.1986949443817139,2.9113283157348633,1.0,3.6232094764709473,1.1442724466323853,4.551987171173096,22.284082412719727,1.668897271156311,8.25377082824707,1.688162922859192,1.64743173122406,1.3896100521087646,2.306915044784546,2.987621307373047,1.1844463348388672,1.7399001121520996,16.891664505004883,8.715753555297852,8.986948013305664,9.007622718811035,14.870826721191406,1.0,1.0,2.464020013809204,3.1697757244110107,1.702293038368225,2.7501308917999268,5.350686550140381,1.4180368185043335,1.3118845224380493,3.7989554405212402,1.0109115839004517,1.3113433122634888,1.8835238218307495,1.2070658206939697,3.621429204940796,3.02164888381958,1.3855606317520142,2.1878108978271484,3.0139577388763428,2.3171961307525635,3.1609277725219727,1.5259015560150146,1.8959063291549683,4.057377338409424,4.587094783782959,15.902551651000977,1.6784087419509888,4.0464982986450195,13.088897705078125,1.2869199514389038,6.2859086990356445,1.1117068529129028,1.4049307107925415,19.17582893371582,4.998757362365723,1.9858057498931885,1.5610660314559937,4.625853061676025,1,101.82027435302734,1.0,34.372859954833984,4.406696796417236,3.251516103744507,1.2743396759033203,6.662015914916992,1.846316933631897,1.5742336511611938,1.198463797569275,1.0493744611740112,1.0847251415252686,3.4042747020721436,2.9888014793395996,1.8250036239624023,1.4758694171905518,2.829418897628784,1.0,1.0,1,1.0,1.0,1,1.0,1.0,3.228027105331421,1.0,1.0,31.420551300048828,6.6922078132629395,3.745070695877075,4.066904544830322,4.316318511962891,1.6437764167785645,1.9275180101394653,11.673130989074707,1.8225284814834595,1.0997549295425415,5.240137577056885,2.8448896408081055,64.60821533203125,32.865169525146484,10.853529930114746,14.765932083129883,56.02824020385742,56.59028625488281,46.9547004699707,21.491369247436523,5.812922954559326,190.8494415283203,94.43407440185547,129.20945739746094,52.7542839050293,28.225574493408203,1.0,42.94960403442383,68.52901458740234,3.6879990100860596,49.52235794067383,23.8143253326416,77.31227111816406,93.05848693847656,30.05723762512207,4.383507251739502,304.616455078125,317.3086853027344,57.66146469116211,196.75828552246094,53.35797119140625,76.51081848144531,56.443870544433594,94.81768798828125,31.448122024536133,16.47928810119629,72.759765625,41.261104583740234,21.187705993652344,1.0,33.64720153808594,27.126096725463867,42.35065841674805,40.09276580810547,25.234779357910156,85.21293640136719,6.522847652435303,1.0,67.8705825805664,1.0,36.086185455322266
TEST_06+2일,7.146866321563721,50.12333297729492,3.531615734100342,1.0,1.0731674432754517,2.6979198455810547,1.0,2.1764566898345947,2.736698865890503,1.0,2.837236166000366,1.0,1.4027382135391235,6.33462381362915,2.2996551990509033,2.370734930038452,8.644613265991211,1.0,1.2609140872955322,18.562442779541016,9.268793106079102,2.150557041168213,1.0,2.379371166229248,29.01449966430664,8.460227966308594,1.0,1.0,10.433425903320312,2.4374070167541504,3.5442028045654297,3.538489580154419,3.1205577850341797,1.7447270154953003,3.191364049911499,4.757494926452637,30.045209884643555,6.499072551727295,2.0944111347198486,29.243391036987305,20.643707275390625,2.0081918239593506,1.8220311403274536,3.1653757095336914,2.348301410675049,3.3700664043426514,1.1792762279510498,3.123278856277466,1.0,5.084547996520996,22.684709548950195,2.2453808784484863,7.880990505218506,1.1919678449630737,1.900542140007019,1.4094114303588867,1.8938075304031372,1.1937767267227173,1.8527437448501587,1.4950741529464722,12.316566467285156,5.131289005279541,4.958815574645996,7.71608829498291,8.771452903747559,2.0253491401672363,1.8783464431762695,1.7635167837142944,2.2301464080810547,1.5339267253875732,2.4165399074554443,3.1600589752197266,1.5400794744491577,1.0491747856140137,1.9506335258483887,2.4597928524017334,1.6655778884887695,1.1944516897201538,1.3788033723831177,3.5895791053771973,1.0,1.3750113248825073,1.2861791849136353,1.9942656755447388,2.189026355743408,2.3574905395507812,2.069196939468384,1.6323492527008057,2.4165146350860596,3.754847764968872,37.219200134277344,1.7166736125946045,3.0545761585235596,10.93143081665039,2.3630173206329346,3.458758592605591,1.7494759559631348,1.3583976030349731,8.324605941772461,4.4872212409973145,1.0,1.0,6.8596930503845215,1,64.7090835571289,76.3057861328125,22.69464111328125,3.523458957672119,2.947313070297241,1.3653357028961182,4.023260116577148,1.4623997211456299,2.3604631423950195,1.3508169651031494,1.0,1.0386756658554077,1.9230506420135498,1.0,3.144906759262085,1.145212173461914,3.2461013793945312,1.0,1.0,1,1.0,1.0,1,1.0,1.0,2.658109664916992,1.0,1.0,41.122528076171875,1.7861357927322388,4.237404823303223,3.3345937728881836,2.2066824436187744,1.4981036186218262,1.7762415409088135,5.517005920410156,2.9217748641967773,1.22626793384552,3.045225143432617,2.133397102355957,49.134525299072266,10.819276809692383,7.493978500366211,31.550968170166016,59.763065338134766,30.75639533996582,35.03123092651367,25.51105499267578,3.793947696685791,135.70289611816406,103.51812744140625,46.62531280517578,52.125244140625,18.03664207458496,1.0,36.53544998168945,49.29873275756836,6.049350738525391,31.471738815307617,21.070337295532227,50.78352355957031,60.884891510009766,13.270310401916504,1.0,258.5138244628906,136.68975830078125,49.48688507080078,124.57447814941406,25.24773597717285,60.85580062866211,38.34906005859375,114.48335266113281,29.080595016479492,10.518760681152344,41.364227294921875,38.88347625732422,21.73404884338379,9.066180229187012,8.341785430908203,32.24338150024414,1.0,33.35093688964844,1.0,59.016502380371094,28.896215438842773,1.0,54.55406951904297,2.3770925998687744,20.49222183227539
TEST_06+3일,4.396872043609619,48.67090606689453,4.032108783721924,1.0,1.0,2.0733933448791504,4.717224597930908,4.541644096374512,1.3106491565704346,1.0,1.0,1.0,1.0,1.0571268796920776,2.453280448913574,2.668250799179077,27.783124923706055,1.244997262954712,1.5028998851776123,21.135757446289062,11.341224670410156,2.836250066757202,1.0,1.3104329109191895,35.96717834472656,19.803600311279297,12.519332885742188,68.10594177246094,6.581630706787109,3.6517183780670166,4.179347991943359,2.8466691970825195,2.82963490486145,2.6365578174591064,2.7449791431427,2.5524258613586426,23.600357055664062,4.7771501541137695,2.258845329284668,24.42401123046875,17.243595123291016,1.0,2.738502264022827,1.0,2.0178017616271973,1.4528971910476685,1.0,2.2344117164611816,1.087786316871643,3.2045090198516846,14.388643264770508,2.7928311824798584,6.104712009429932,1.1047813892364502,1.641924500465393,1.4025434255599976,2.476233959197998,2.6207692623138428,1.806091547012329,1.3101972341537476,7.0327229499816895,3.666677951812744,3.3849380016326904,7.9704413414001465,8.28884220123291,1.1560194492340088,1.0220773220062256,1.7493579387664795,2.8516743183135986,1.1709797382354736,2.2536416053771973,3.1360063552856445,1.2394812107086182,1.0,2.886591672897339,2.3564822673797607,1.0,2.880953788757324,1.8044332265853882,3.3523592948913574,2.0139496326446533,2.1110899448394775,1.500633716583252,1.0146114826202393,2.116779088973999,1.9477624893188477,3.0560643672943115,1.524314045906067,3.1743290424346924,3.5234100818634033,54.16035842895508,1.3958686590194702,2.0550386905670166,11.121786117553711,2.7323381900787354,3.6394004821777344,1.0,1.1631379127502441,7.850496768951416,4.0615715980529785,1.7085822820663452,1.4287309646606445,1.0919110774993896,1,1.0,31.084571838378906,18.457584381103516,3.6398444175720215,1.6528867483139038,1.1948758363723755,3.732189893722534,1.937745213508606,2.004026174545288,1.5554287433624268,1.0590459108352661,1.0966349840164185,2.1572484970092773,1.2065997123718262,2.278459310531616,1.2665358781814575,3.021768808364868,1.0,1.0413343906402588,1,1.0221600532531738,1.0625892877578735,1,1.0,1.0,1.314784288406372,1.0,1.0,50.82841491699219,2.552604913711548,3.014150857925415,2.3938870429992676,2.0924830436706543,1.9459470510482788,1.706323504447937,3.3556292057037354,1.6499040126800537,1.0,2.1778721809387207,1.187241792678833,45.85980224609375,37.956302642822266,74.49363708496094,20.248538970947266,52.845359802246094,32.595027923583984,32.8742561340332,39.775333404541016,2.9932010173797607,99.49590301513672,69.61526489257812,35.077457427978516,38.399967193603516,19.125675201416016,1.0,35.55757141113281,35.369895935058594,1.96848464012146,35.0577278137207,11.453682899475098,44.60406494140625,44.318275451660156,14.789530754089355,1.0966635942459106,315.51446533203125,249.3101043701172,62.996315002441406,91.43456268310547,19.999980926513672,35.028900146484375,23.089332580566406,26.29383087158203,20.426986694335938,12.079585075378418,49.15620422363281,19.927120208740234,12.948281288146973,6.250519752502441,11.183831214904785,1.0,10.713376998901367,38.09803009033203,6.294795513153076,29.793190002441406,12.698505401611328,1.9973639249801636,25.91170310974121,1.0,6.504052639007568
TEST_06+4일,4.772416114807129,26.482545852661133,2.3387632369995117,1.0,1.0,2.7506394386291504,6.9550604820251465,1.0,2.745478868484497,1.0,2.248593807220459,1.2487688064575195,1.0,3.971764087677002,1.0,1.1938419342041016,15.53586196899414,1.100830316543579,1.1044074296951294,26.375064849853516,4.741940498352051,2.0030014514923096,1.0814380645751953,1.2267735004425049,34.39805221557617,18.944908142089844,15.910155296325684,57.60441207885742,4.241948127746582,3.171093702316284,2.2360565662384033,1.972036600112915,2.580148220062256,2.2594985961914062,2.476677656173706,2.6579182147979736,29.05254364013672,3.9846014976501465,2.0580060482025146,7.68367862701416,10.098648071289062,1.9220637083053589,2.7972655296325684,5.322963237762451,2.0692193508148193,1.5211188793182373,1.0082988739013672,2.5802559852600098,1.0,4.09235143661499,20.984006881713867,1.0592292547225952,7.577649116516113,1.0,2.7626402378082275,1.5116899013519287,2.3707828521728516,2.637963056564331,1.0,1.014955759048462,5.890866279602051,3.519587278366089,4.429218769073486,8.553096771240234,3.2428929805755615,3.2665152549743652,1.379852533340454,1.5988149642944336,2.3867807388305664,1.028255581855774,1.9123947620391846,2.6618595123291016,1.9926620721817017,1.0,3.7684171199798584,2.601182222366333,1.1456151008605957,1.382917046546936,1.9761245250701904,3.622194528579712,1.412151575088501,1.66782808303833,1.4901716709136963,2.288318395614624,3.0483713150024414,2.7243196964263916,1.4995830059051514,2.660576105117798,2.2440762519836426,2.972815990447998,38.00931930541992,1.299922227859497,2.6952319145202637,9.9461030960083,1.753081202507019,5.526810169219971,1.2124948501586914,1.214418649673462,4.616257667541504,2.087737798690796,1.4419673681259155,1.5316299200057983,1.8564238548278809,1,73.51384735107422,42.679649353027344,19.323318481445312,2.026949644088745,1.8410016298294067,1.5777349472045898,3.423811435699463,1.0,1.487423062324524,1.0,1.0,1.137708067893982,1.281501293182373,1.013089656829834,2.6466012001037598,1.182323694229126,2.3076329231262207,1.6643035411834717,1.0,1,1.0,1.0168812274932861,1,1.0175817012786865,1.0,5.157894611358643,1.0,1.0,44.87916946411133,2.055928945541382,3.996872901916504,2.0345616340637207,2.2453484535217285,1.2446686029434204,1.8663941621780396,5.5663557052612305,1.9805034399032593,1.3641204833984375,2.840876340866089,1.4696639776229858,45.04338455200195,21.929054260253906,21.23853874206543,49.915828704833984,53.38630676269531,38.338932037353516,31.771238327026367,13.81658935546875,5.472728729248047,110.73118591308594,72.70362854003906,73.078125,28.549814224243164,16.81916618347168,1.0,20.487831115722656,37.832618713378906,3.6798148155212402,28.664838790893555,13.901185035705566,44.984642028808594,42.61113357543945,12.498490333557129,1.0911688804626465,197.55929565429688,143.2818603515625,33.1563720703125,67.77572631835938,48.02924728393555,39.74506378173828,39.32052230834961,52.15055465698242,20.919710159301758,9.054943084716797,58.87178421020508,20.740304946899414,16.85542106628418,1.0,1.0,10.377714157104492,6.892615795135498,1.0,5.351981163024902,3.7538058757781982,8.82302188873291,5.8626203536987305,67.2936782836914,1.0,1.0
TEST_06+5일,5.678968906402588,83.78407287597656,3.5893988609313965,1.6511108875274658,1.0,2.1832339763641357,12.73908519744873,2.2637364864349365,3.030181884765625,1.0,1.0278222560882568,1.0,1.5809540748596191,2.7579431533813477,3.3756256103515625,1.907855749130249,36.87105178833008,1.0,1.700539469718933,25.530189514160156,16.036487579345703,2.389876365661621,1.0,2.275216579437256,48.090110778808594,31.336591720581055,16.595529556274414,56.66501235961914,5.40968656539917,3.4283013343811035,4.155303955078125,5.37322998046875,2.3976056575775146,2.3840277194976807,3.351799726486206,2.7259531021118164,37.31919860839844,3.4692814350128174,1.878392219543457,22.65459632873535,12.13375186920166,1.6777585744857788,3.1179862022399902,7.362229347229004,2.963853120803833,2.3354029655456543,1.3462443351745605,2.460458517074585,1.0,3.7548115253448486,15.068674087524414,1.3873193264007568,8.105124473571777,1.740509271621704,1.803513765335083,1.312551498413086,2.426311492919922,3.073462724685669,1.644506573677063,1.1831443309783936,9.608003616333008,1.519228219985962,2.792140007019043,10.228702545166016,3.276827096939087,1.5965831279754639,1.0,1.6662946939468384,2.0139284133911133,1.8659359216690063,1.7938570976257324,5.375453472137451,1.3466782569885254,1.3680669069290161,1.4699299335479736,2.2691080570220947,1.0,1.7263071537017822,1.869489312171936,2.6191673278808594,1.3529800176620483,1.7547293901443481,1.9465219974517822,1.2974281311035156,2.6099424362182617,2.7361927032470703,1.8723024129867554,1.2526483535766602,1.6400312185287476,4.281782150268555,50.98244857788086,1.5238242149353027,3.6550073623657227,10.016283988952637,1.0,3.4421634674072266,1.951110601425171,1.2587995529174805,7.026006698608398,4.792855739593506,1.9433457851409912,1.0466312170028687,4.198960304260254,1,29.25446128845215,49.636512756347656,14.821761131286621,2.5529963970184326,3.917705535888672,1.3005955219268799,4.172684669494629,1.4766446352005005,1.6181919574737549,1.0,1.772416353225708,1.056878924369812,1.0442150831222534,2.5404324531555176,3.3749306201934814,1.8384673595428467,2.5435397624969482,23.098468780517578,1.023404598236084,1,1.0115025043487549,1.0,1,1.0,1.0,4.463690280914307,1.0,1.0,41.09446716308594,3.682868003845215,3.541593074798584,2.2227933406829834,1.685126543045044,1.413846492767334,1.5004321336746216,3.2422730922698975,2.0722761154174805,1.2138538360595703,1.1809213161468506,1.0,41.170318603515625,24.077722549438477,57.50244903564453,21.577733993530273,45.98082733154297,33.646968841552734,29.172941207885742,14.872186660766602,2.201483726501465,97.18739318847656,69.67402648925781,70.60276794433594,46.37434387207031,19.5607967376709,1.0,34.42392349243164,34.34368133544922,4.026686191558838,24.634775161743164,14.390405654907227,41.441226959228516,37.3526611328125,16.63976287841797,1.0,155.1348114013672,131.1722412109375,81.33928680419922,110.88549041748047,14.854981422424316,63.06035232543945,57.04018783569336,74.85194396972656,18.442440032958984,13.530709266662598,40.82624435424805,25.659753799438477,23.318920135498047,2.65505313873291,1.0,18.567459106445312,17.032093048095703,27.068492889404297,4.263679504394531,1.0,1.7472084760665894,1.0,49.26677322387695,1.0,5.895145416259766
TEST_06+6일,6.083468437194824,32.572509765625,3.481261968612671,1.8032007217407227,1.1448286771774292,1.8242205381393433,15.17724609375,1.0,3.6385293006896973,1.0192455053329468,2.5828258991241455,1.3479678630828857,1.455479621887207,4.177886962890625,26.43535614013672,2.3181045055389404,25.43204116821289,1.2039530277252197,2.4947915077209473,11.727877616882324,15.039347648620605,2.0857057571411133,1.0214519500732422,2.214736223220825,27.724430084228516,24.9818058013916,18.751739501953125,89.77499389648438,10.331501007080078,4.086519718170166,3.2465977668762207,3.401858329772949,3.031820774078369,2.2929446697235107,3.5655980110168457,3.0610506534576416,46.89099884033203,4.1735382080078125,1.6828584671020508,22.578109741210938,11.731633186340332,1.0243558883666992,1.0,2.0927517414093018,1.3588601350784302,3.306368589401245,1.0,3.8288745880126953,1.759443759918213,4.6314496994018555,19.721166610717773,1.0,6.134161472320557,1.1653164625167847,3.0917482376098633,1.0,2.8920562267303467,2.6499969959259033,1.5141276121139526,1.230220913887024,11.86836051940918,3.759077548980713,2.9952869415283203,9.892269134521484,6.786903381347656,2.006138563156128,1.4797210693359375,1.5982757806777954,2.6977221965789795,1.4268009662628174,2.696688652038574,4.110870838165283,2.2578983306884766,1.0,2.342052936553955,2.76084303855896,2.01896333694458,1.464815616607666,1.8175225257873535,4.307283401489258,2.210751533508301,1.463930368423462,1.651357889175415,2.5670812129974365,1.8654770851135254,3.1776320934295654,1.8659448623657227,1.3944828510284424,3.8014936447143555,3.460554599761963,44.1259765625,1.5453953742980957,3.4184086322784424,11.101937294006348,3.6216633319854736,4.272576332092285,1.3194526433944702,1.513620376586914,25.753389358520508,2.912931442260742,2.7020325660705566,1.5908260345458984,2.185133934020996,1,4.456655979156494,51.459861755371094,21.70366096496582,4.169095993041992,5.019741535186768,1.484135627746582,4.052505016326904,1.0,1.4767897129058838,1.5337570905685425,1.0,1.060274362564087,3.2932639122009277,1.829891562461853,2.9931371212005615,1.3671447038650513,2.7740399837493896,1.0,1.0,1,1.0,1.0,1,1.0,1.0008505582809448,4.310690402984619,1.056573748588562,1.0,35.1724853515625,2.9527945518493652,5.047197341918945,4.82088041305542,2.823072671890259,2.597989559173584,1.7895259857177734,8.263419151306152,1.9888426065444946,1.0,2.7094693183898926,2.581247568130493,40.64937210083008,19.973552703857422,78.30064392089844,15.36087703704834,42.71774673461914,36.102989196777344,32.929779052734375,14.846992492675781,4.36859655380249,120.35075378417969,67.86585998535156,72.98999786376953,39.475433349609375,21.332075119018555,1.0,34.82779312133789,36.36834716796875,3.7750401496887207,29.746822357177734,19.89987564086914,45.600830078125,34.19322204589844,19.19431495666504,1.8625646829605103,295.07244873046875,198.0179443359375,60.0648307800293,145.2129364013672,35.92020034790039,52.10435485839844,49.926116943359375,114.11918640136719,28.758296966552734,11.76882553100586,73.04887390136719,31.650203704833984,17.193662643432617,3.442201614379883,1.0,16.11636734008789,7.305063724517822,12.587554931640625,2.389029026031494,11.073737144470215,26.68561553955078,7.03973913192749,48.48833465576172,2.640329360961914,9.656437873840332
TEST_06+7일,7.415546894073486,30.895658493041992,9.478372573852539,5.596254825592041,1.5067782402038574,2.0722014904022217,1.0,7.803545951843262,2.214813470840454,1.0191489458084106,2.1598994731903076,1.8675400018692017,1.9187970161437988,4.736600875854492,28.428895950317383,2.221235513687134,1.0,1.6514103412628174,1.3124244213104248,9.263750076293945,1.0,4.147427082061768,1.1973989009857178,1.831068754196167,25.89783477783203,13.84918212890625,9.971939086914062,69.83008575439453,12.660333633422852,6.485942840576172,4.0723724365234375,7.030043125152588,3.1821606159210205,2.922903060913086,3.8470046520233154,4.884151458740234,58.499305725097656,6.321933746337891,2.803875207901001,31.21149253845215,27.90813446044922,2.420724868774414,1.0518827438354492,1.0,1.9613852500915527,3.3283448219299316,1.0059223175048828,4.045019626617432,1.4763158559799194,5.089723587036133,22.27845573425293,2.1039819717407227,9.060259819030762,1.1455715894699097,4.807628631591797,1.333975911140442,3.0712647438049316,2.0394632816314697,2.23052978515625,1.7201955318450928,17.72515106201172,5.15117883682251,5.7598652839660645,16.301977157592773,5.202139377593994,2.884371519088745,1.6091657876968384,2.5938549041748047,2.936094045639038,2.0382707118988037,2.766822099685669,5.235952377319336,1.9896258115768433,1.9588581323623657,6.19171667098999,2.8988406658172607,1.100584626197815,2.8130626678466797,1.7195086479187012,3.843191623687744,2.9510247707366943,2.2452287673950195,1.4306918382644653,2.3952674865722656,3.3437588214874268,4.790830135345459,2.888995885848999,2.227137565612793,3.440319776535034,4.713021278381348,1.3631939888000488,1.256540060043335,4.779749870300293,18.180513381958008,4.161535739898682,6.411383152008057,1.3261719942092896,1.3284755945205688,1.0,9.81812572479248,1.4833451509475708,1.3224719762802124,8.61674690246582,1,83.42561340332031,1.0,29.08061981201172,5.478132724761963,4.64660120010376,1.7884984016418457,7.28303337097168,2.026686429977417,2.090940475463867,1.7667917013168335,1.5724304914474487,2.0459556579589844,3.5486457347869873,1.7582600116729736,3.169964075088501,1.1015797853469849,2.7123913764953613,1.0,1.0,1,1.0,1.0,1,1.0,1.0,1.4862847328186035,1.0,1.0,41.588050842285156,5.855305194854736,5.136814117431641,6.559589385986328,4.651015758514404,2.8443615436553955,3.2775070667266846,14.318419456481934,2.5948047637939453,1.324070930480957,3.9144771099090576,2.829493999481201,69.10189819335938,45.90324783325195,53.36510467529297,1.0,58.691864013671875,91.56229400634766,35.764610290527344,21.855152130126953,6.519901275634766,203.94895935058594,73.6585464477539,127.66739654541016,55.1520881652832,28.575305938720703,1.0,47.825313568115234,55.27059555053711,4.130852222442627,43.017799377441406,21.004745483398438,61.870330810546875,58.828582763671875,28.78447914123535,8.203526496887207,423.2398376464844,180.6528778076172,64.93448638916016,198.4293212890625,40.122962951660156,85.34563446044922,77.62625122070312,159.63763427734375,32.44814682006836,13.858031272888184,73.55393981933594,68.81456756591797,35.143795013427734,25.31859588623047,27.821290969848633,9.521811485290527,12.494185447692871,34.6816520690918,18.424541473388672,1.0,14.378376007080078,1.0,91.43367004394531,1.0,20.09918975830078
TEST_07+1일,6.600575923919678,5.214603424072266,6.933122634887695,2.4972472190856934,1.0425128936767578,1.0,1.0,1.0,2.4931390285491943,1.0,1.0,1.184593677520752,1.051964521408081,1.0,5.558341026306152,2.0676136016845703,1.0,1.158345103263855,1.4523183107376099,38.61418914794922,9.935487747192383,3.577775478363037,1.1800239086151123,1.0,28.33498191833496,24.63693618774414,1.8903366327285767,1.0,2.319401264190674,2.3508450984954834,3.4959523677825928,4.028104305267334,1.846493124961853,2.1240594387054443,1.2780238389968872,2.1201868057250977,26.84174919128418,2.110314130783081,1.6333354711532593,2.797471046447754,8.346734046936035,1.301685094833374,1.832138180732727,1.6254464387893677,1.0,2.0755856037139893,1.130998969078064,3.655402660369873,1.3509042263031006,3.594353437423706,6.839544296264648,1.2694811820983887,4.72797155380249,2.1590895652770996,1.4466556310653687,1.1096153259277344,1.706699252128601,1.6715480089187622,1.4613767862319946,1.9402823448181152,8.847217559814453,6.917888164520264,6.887487888336182,6.177450180053711,9.459288597106934,1.3451082706451416,1.200650691986084,2.480262517929077,2.461839437484741,1.0,1.739763617515564,3.6427857875823975,1.0432554483413696,1.263218879699707,2.97819185256958,1.2416276931762695,1.369641661643982,1.477821946144104,1.0,2.623670816421509,2.3128793239593506,1.3369287252426147,1.5729060173034668,2.0200867652893066,2.0971126556396484,1.0260696411132812,2.912095069885254,1.8578882217407227,2.61796236038208,2.773742198944092,9.49850082397461,1.726340889930725,2.3138136863708496,2.2473931312561035,2.5670435428619385,1.9026464223861694,1.0054458379745483,1.256670594215393,19.365299224853516,3.8961944580078125,1.799400806427002,1.3364821672439575,1.0,1,59.623355865478516,1.0,11.195442199707031,3.8623433113098145,3.8409223556518555,1.6398552656173706,3.923637866973877,1.4214850664138794,1.5198601484298706,1.602064847946167,1.1177550554275513,1.014641523361206,2.659208297729492,2.510728359222412,1.4850273132324219,1.12666654586792,1.0,1.0,1.0,1,1.0,1.0,1,1.0,1.0,3.0206971168518066,1.0,1.0,28.85552215576172,3.963352680206299,1.0,2.4240453243255615,2.059596538543701,1.0,1.647808313369751,6.4180707931518555,1.1038628816604614,1.0,4.055304527282715,1.1240284442901611,5.553800106048584,12.150491714477539,1.0,1.0,4.958305358886719,9.57520866394043,6.488501071929932,1.0,1.0348206758499146,20.940776824951172,27.87472152709961,48.29275894165039,11.598578453063965,3.605239152908325,45.7313117980957,15.637266159057617,12.864261627197266,1.0,4.919876575469971,3.4841525554656982,4.859013557434082,9.96221923828125,5.821448802947998,5.11078405380249,1.0,97.30735778808594,20.631317138671875,21.280473709106445,13.001296043395996,19.808731079101562,15.439858436584473,21.050966262817383,2.351269483566284,5.142797946929932,3.1062259674072266,12.21832275390625,40.012752532958984,4.9833245277404785,49.8293571472168,33.01846694946289,39.21229934692383,63.689613342285156,39.40761947631836,166.37059020996094,27.76253890991211,1.781643271446228,57.652896881103516,7.5524821281433105,52.36690902709961
TEST_07+2일,6.290071487426758,79.38621520996094,2.9288721084594727,1.0,1.0829662084579468,2.092961549758911,1.0,1.0,3.15452241897583,1.077457070350647,1.0,1.0,1.367233157157898,4.364634990692139,1.980624794960022,1.0,22.16534996032715,1.0,1.259971261024475,39.95448684692383,12.479840278625488,2.7243552207946777,1.0,2.1880295276641846,27.34501838684082,41.84694290161133,4.33994197845459,1.0,3.2786216735839844,3.6982154846191406,1.7093262672424316,2.7480106353759766,2.030989408493042,1.0,2.887989044189453,2.151987314224243,9.116385459899902,1.6987582445144653,1.0035897493362427,17.968494415283203,1.0,2.328277111053467,1.8181090354919434,4.030337333679199,1.7830374240875244,3.2288713455200195,1.0255467891693115,2.711876153945923,1.3351327180862427,3.4869370460510254,6.401966094970703,1.2609272003173828,6.536276817321777,1.2176254987716675,1.4613652229309082,1.0,1.1353307962417603,1.0,2.0384035110473633,1.7365138530731201,4.464099884033203,3.7703521251678467,2.6794543266296387,2.1663243770599365,3.0047597885131836,2.514857769012451,2.5612633228302,1.7193031311035156,1.642390489578247,1.0,1.5185490846633911,1.0,1.0,1.0,1.0028010606765747,3.1787948608398438,1.736538290977478,1.0254971981048584,1.0,2.260406255722046,1.0,1.0787441730499268,1.0899640321731567,1.3492732048034668,1.533693790435791,2.413074254989624,1.4457279443740845,1.2117120027542114,1.006608486175537,3.4180192947387695,13.429743766784668,1.7754653692245483,1.771794319152832,1.2705590724945068,1.0760778188705444,1.0,1.7401173114776611,1.580849528312683,3.743905544281006,3.1817595958709717,1.5392391681671143,1.0,5.308770656585693,1,54.237361907958984,35.98710250854492,5.783081531524658,2.432614803314209,3.9503166675567627,1.205844521522522,2.0576260089874268,1.547417163848877,2.4099535942077637,1.7761681079864502,1.0970168113708496,1.0,1.4783200025558472,1.0,2.408785104751587,1.0,1.778916835784912,1.0,1.0,1,1.0,1.0,1,1.0,1.0039393901824951,2.4959707260131836,1.0,1.0,33.38081359863281,1.0,2.0074050426483154,1.0,1.0,1.0,1.4564151763916016,3.7711992263793945,1.1863921880722046,1.0,1.9043927192687988,1.7306650876998901,1.7618168592453003,1.0,1.0,2.873361110687256,3.305098533630371,5.749963283538818,2.14713191986084,1.0,1.0,10.17697525024414,3.4461965560913086,1.0,5.418818950653076,1.4010142087936401,61.916969299316406,18.658952713012695,2.5891525745391846,2.710783004760742,1.7802729606628418,1.5738266706466675,5.003778457641602,1.0,1.0,1.4734137058258057,1.0,34.86688232421875,4.261759281158447,13.094367980957031,12.971370697021484,14.87628173828125,1.0,10.012452125549316,1.0,2.167916774749756,1.0,12.033320426940918,36.307701110839844,20.25878143310547,28.09343719482422,32.767906188964844,23.406448364257812,55.045692443847656,10.364299774169922,187.2784423828125,30.54608154296875,5.198158264160156,9.419428825378418,10.659650802612305,48.601280212402344
TEST_07+3일,3.0437710285186768,66.39091491699219,4.139095306396484,1.0,1.0,1.5598856210708618,3.943342447280884,3.4508121013641357,1.6191340684890747,1.0,1.0,1.0,1.0,1.0,1.5352336168289185,1.6365611553192139,41.74767303466797,1.0185902118682861,1.0859771966934204,31.684526443481445,12.811869621276855,2.0297341346740723,1.0,1.8441829681396484,35.112754821777344,35.34223556518555,15.797504425048828,50.74531173706055,2.5561561584472656,2.9352171421051025,2.1064672470092773,2.144900321960449,1.9611748456954956,1.500640630722046,3.678363800048828,1.0,3.379812002182007,2.8900623321533203,1.9370853900909424,15.640323638916016,1.0,1.3322480916976929,5.846400260925293,1.0,1.0,1.0,1.0,2.443347454071045,1.9019113779067993,3.5806074142456055,5.172199726104736,1.0,3.7184927463531494,1.0932344198226929,2.143359422683716,1.0,3.169243097305298,2.0287601947784424,2.190507411956787,1.395692229270935,4.608508110046387,2.297717571258545,2.158111810684204,2.8819963932037354,2.9894320964813232,1.9144673347473145,1.5550991296768188,1.2268469333648682,2.5854332447052,1.428784728050232,1.5047038793563843,1.2892392873764038,1.0,1.0,1.0,2.4556686878204346,1.8923522233963013,2.82641339302063,1.1310584545135498,1.5468286275863647,1.2612404823303223,1.7265126705169678,1.251362681388855,1.0,1.682904601097107,2.1676883697509766,3.1135919094085693,2.1251487731933594,2.509559392929077,2.20548677444458,23.167495727539062,1.6136677265167236,1.6378464698791504,1.0013461112976074,1.0725542306900024,1.0,1.009932041168213,1.1952309608459473,5.312117576599121,2.885131359100342,1.1250953674316406,1.2110936641693115,1.0,1,1.0,10.247626304626465,3.4995641708374023,2.609044313430786,3.5679385662078857,1.0421499013900757,1.5494577884674072,1.6456576585769653,1.749894142150879,1.921368956565857,1.1209889650344849,1.1469802856445312,2.234614849090576,1.1830642223358154,2.175487995147705,1.0,1.0,1.0,1.0644117593765259,1,1.0,1.0,1,1.0,1.0,1.2616301774978638,1.0,1.0,19.813398361206055,1.6364411115646362,1.282666802406311,1.4478803873062134,1.0,1.0,1.476901888847351,1.0,1.0,1.0,2.1752395629882812,1.0,2.562863349914551,30.696874618530273,45.6135139465332,17.844676971435547,2.3811001777648926,3.1369285583496094,2.210354804992676,15.346492767333984,1.0,9.601490020751953,1.0,1.0,5.720490455627441,1.083361029624939,124.006103515625,1.0,2.609428644180298,1.0,2.4917731285095215,1.7917745113372803,6.174029350280762,1.0,4.721014499664307,2.1202728748321533,1.0,72.31736755371094,15.372173309326172,1.0,1.0,15.304929733276367,2.8626115322113037,4.636160850524902,1.390864372253418,1.0,1.670907974243164,1.0,28.59331512451172,27.49189567565918,12.364484786987305,23.954992294311523,24.144697189331055,46.88323974609375,13.559261322021484,127.15901947021484,19.44500732421875,7.362161159515381,27.707334518432617,7.540189266204834,15.018857955932617
TEST_07+4일,5.4533514976501465,61.04016876220703,4.654609203338623,1.0,1.0,1.6351145505905151,6.827131748199463,1.0,3.1640713214874268,1.0,1.8134100437164307,1.1231900453567505,1.0,2.889629602432251,1.0,1.0,37.26836395263672,1.0,1.0,47.17685317993164,23.82072639465332,1.5128947496414185,1.1103652715682983,1.930886149406433,37.320125579833984,42.71723556518555,21.873615264892578,47.11063003540039,1.0,2.216740369796753,2.9839320182800293,2.3824121952056885,1.5985084772109985,1.4421290159225464,3.244516134262085,1.0,10.54944896697998,1.0,1.7526625394821167,1.0,1.0,2.3557474613189697,4.3913469314575195,5.6277618408203125,1.1611148118972778,2.53118634223938,1.220745325088501,2.5927131175994873,1.0,2.1482059955596924,4.193668365478516,1.0,5.998924255371094,1.7908791303634644,2.286909818649292,1.3933379650115967,2.017777919769287,1.668584942817688,2.239426374435425,1.2671607732772827,1.0,2.01119065284729,3.474637985229492,2.6142284870147705,3.5162203311920166,3.194939136505127,1.431778073310852,1.3608912229537964,2.647158622741699,1.795442819595337,1.4722051620483398,1.2345267534255981,1.1024173498153687,1.388757586479187,2.7672173976898193,2.6452555656433105,2.05961275100708,1.3036736249923706,1.6249767541885376,2.7370872497558594,1.2874348163604736,1.4377881288528442,1.158257246017456,1.7097289562225342,1.2364710569381714,1.7383670806884766,1.6827926635742188,2.5375454425811768,1.1223171949386597,1.54076087474823,21.0566463470459,1.0,1.0,1.2536375522613525,1.0,1.0,1.2369288206100464,1.4036617279052734,4.9796295166015625,1.5840272903442383,1.843194603919983,1.2740495204925537,1.0,1,33.63157653808594,5.68588399887085,3.672560214996338,1.0,3.000671148300171,1.057018756866455,1.4366179704666138,1.0544815063476562,1.2792527675628662,1.17756187915802,1.0,1.0,1.0,1.1806968450546265,2.085386037826538,1.0,1.0,1.0,1.021777868270874,1,1.0,1.0,1,1.0,1.0,4.3472700119018555,1.0,1.0,27.488595962524414,1.2379050254821777,1.5120455026626587,2.018094301223755,1.0,1.0,1.465107798576355,3.9783103466033936,1.841935157775879,1.0,1.3843439817428589,1.0,3.5109658241271973,23.40080451965332,1.0,1.0,3.284313678741455,1.0,2.1878292560577393,1.0,1.0,16.027372360229492,4.9013285636901855,1.0,3.356109142303467,1.0,27.073945999145508,1.0,1.0,1.3697166442871094,1.5950134992599487,2.8282313346862793,4.898703098297119,1.0,2.6323394775390625,1.155450463294983,1.0,33.90713119506836,1.0,1.0,43.223594665527344,1.0,1.0,5.58204984664917,1.0,2.0353057384490967,1.0,1.0,24.484521865844727,24.387327194213867,10.100801467895508,8.215181350708008,16.592998504638672,13.489083290100098,5.463183879852295,56.81732940673828,25.369314193725586,20.747634887695312,53.22126770019531,1.6481974124908447,13.839851379394531
TEST_07+5일,4.009760856628418,106.77728271484375,3.3412182331085205,1.0,1.0,1.2605417966842651,11.999900817871094,1.2748101949691772,3.5586209297180176,1.0551236867904663,1.0,1.0,1.3994925022125244,1.0,2.8725972175598145,1.9081218242645264,51.31481170654297,1.030454397201538,1.0200250148773193,69.7286605834961,22.315401077270508,3.3185226917266846,1.0,1.5183823108673096,48.67366409301758,42.826942443847656,16.650726318359375,55.793907165527344,1.043375015258789,2.0377893447875977,2.815045118331909,3.578155755996704,1.0154131650924683,1.1416321992874146,3.2515082359313965,1.0,10.680887222290039,1.0,1.5166758298873901,13.087983131408691,2.388240098953247,1.4948054552078247,2.4688498973846436,8.476225852966309,1.2056896686553955,2.933591365814209,1.2576816082000732,2.1692850589752197,1.0,3.8413822650909424,6.630871772766113,1.122564435005188,5.759348392486572,1.8322161436080933,1.0994763374328613,1.0,1.5923093557357788,1.8099679946899414,2.9442849159240723,1.3610215187072754,3.344125986099243,1.0,1.0,4.469949722290039,2.392284393310547,1.2865489721298218,1.4286893606185913,1.2168959379196167,1.8942084312438965,1.0,1.0,2.0902349948883057,1.0,1.1587644815444946,1.0,2.2258408069610596,1.4141755104064941,1.598177194595337,1.0,1.9209578037261963,1.0,1.227025032043457,1.0,1.4614596366882324,1.548545479774475,2.8889124393463135,2.0359690189361572,1.0,1.2876389026641846,3.164421319961548,39.51898956298828,1.5977580547332764,1.0,1.0320109128952026,1.0,1.0,1.8866596221923828,1.1052058935165405,5.506952285766602,4.216204643249512,1.969989538192749,1.0,1.0,1,2.59429669380188,14.836403846740723,3.1229214668273926,1.847835659980774,4.33328914642334,1.3898766040802002,1.7601470947265625,1.411457896232605,1.5742541551589966,1.0999482870101929,1.8102346658706665,1.0,2.1651012897491455,2.35205340385437,2.4128005504608154,1.1069508790969849,1.0,12.978951454162598,1.0594996213912964,1,1.0,1.0,1,1.0,1.0,2.84443998336792,1.0,1.0,42.933815002441406,2.156264305114746,1.2060415744781494,1.3912564516067505,1.0,1.0,1.6839491128921509,1.837620735168457,1.0,1.0,1.0,1.0,1.929370641708374,4.071103096008301,24.103416442871094,1.0,2.9279298782348633,10.8934326171875,1.662808895111084,11.771166801452637,1.0,3.166020154953003,9.27793025970459,1.0,6.914258003234863,1.0,15.147201538085938,33.07695770263672,1.0,1.8686656951904297,2.574416160583496,2.408670663833618,4.92829704284668,1.0,2.543304920196533,1.0,4.909091949462891,1.0,19.4805850982666,1.0,1.0,9.516101837158203,1.0,15.657953262329102,1.0,4.022027492523193,1.0,1.0,32.581600189208984,13.776796340942383,4.883227348327637,11.84721851348877,33.26118850708008,36.49372100830078,15.513419151306152,81.09989929199219,14.580897331237793,1.0,20.588970184326172,1.0,12.261488914489746
TEST_07+6일,5.1277313232421875,70.92369842529297,4.327638149261475,2.603248119354248,1.1254916191101074,1.4610868692398071,17.2586612701416,1.0,2.5833535194396973,1.0,1.0,1.465843915939331,1.0,2.1788103580474854,25.551959991455078,1.887527346611023,48.74828338623047,1.2297077178955078,1.6643059253692627,56.53547668457031,24.406578063964844,3.0230348110198975,1.082413673400879,2.587028980255127,25.75480842590332,55.929420471191406,22.349044799804688,76.37268829345703,2.985536575317383,2.244357109069824,1.0,2.813551664352417,2.0931427478790283,1.3979955911636353,4.306033611297607,1.0,24.461984634399414,2.191559076309204,1.8871145248413086,14.088396072387695,1.6235991716384888,1.4694331884384155,2.958817720413208,2.6543703079223633,1.0,3.9730489253997803,1.0035302639007568,4.038902759552002,1.749828577041626,4.098457336425781,11.022688865661621,1.0,4.046726226806641,1.6357134580612183,2.3844845294952393,1.0,2.003175973892212,1.6965292692184448,2.8680570125579834,1.0,6.567236423492432,1.987489938735962,1.9111926555633545,4.565675258636475,5.6138458251953125,1.9115217924118042,1.2733733654022217,1.041657567024231,2.5296571254730225,1.2440705299377441,1.6207791566848755,2.7011919021606445,1.4386954307556152,1.7262095212936401,1.1417059898376465,3.0876059532165527,2.4474499225616455,1.0,1.2930254936218262,2.7732839584350586,1.432814121246338,1.6465423107147217,1.073592185974121,1.3823508024215698,1.0,2.962100028991699,1.0166095495224,1.0,2.857600450515747,3.393657684326172,43.158382415771484,1.4769043922424316,2.1257882118225098,7.772982120513916,1.0,1.0,1.365668535232544,1.093590497970581,23.564598083496094,2.157686948776245,2.4368414878845215,1.2362546920776367,1.0,1,1.0,21.604183197021484,5.897533416748047,3.8159871101379395,5.456206321716309,1.2437784671783447,2.2094483375549316,1.0975710153579712,1.5916277170181274,1.9915434122085571,1.0,1.1475319862365723,3.1416068077087402,2.227595090866089,1.8154456615447998,1.0,1.2348664999008179,1.0,1.0233855247497559,1,1.0,1.0,1,1.0,1.0476253032684326,3.1074302196502686,1.0291770696640015,1.0,39.794734954833984,2.616384983062744,1.7076900005340576,1.5666444301605225,2.0827090740203857,1.7823779582977295,1.7772819995880127,6.108221530914307,1.0718835592269897,1.0,1.016531229019165,1.7532622814178467,3.662716865539551,1.0,44.872962951660156,4.643428802490234,5.322490692138672,1.0,2.483184337615967,23.667421340942383,2.8544352054595947,10.844560623168945,34.673675537109375,19.499509811401367,7.826653957366943,3.178251028060913,23.72601890563965,16.115428924560547,4.851905822753906,1.0,2.753584861755371,2.127800703048706,8.419963836669922,1.0,8.46890640258789,2.966674327850342,1.0,16.71010971069336,9.663833618164062,9.597527503967285,1.0,11.609525680541992,1.0,14.55795669555664,1.5821928977966309,5.272469520568848,1.0,1.0,47.53459167480469,27.454038619995117,6.2951979637146,34.40199661254883,17.437908172607422,32.93903350830078,13.83676815032959,69.29547119140625,36.070037841796875,26.118806838989258,37.80332565307617,13.890000343322754,4.382569789886475
TEST_07+7일,6.111572265625,64.42577362060547,7.8051981925964355,8.10302734375,1.6383579969406128,1.1692405939102173,2.4839718341827393,6.2213263511657715,1.4702237844467163,1.0073082447052002,1.0,1.839151382446289,1.8138724565505981,1.0,28.733556747436523,1.2917143106460571,1.0,1.6038151979446411,2.063429355621338,43.165374755859375,13.710836410522461,5.847201824188232,1.0,3.2966604232788086,19.5753231048584,30.492961883544922,9.195480346679688,56.03665542602539,4.838573932647705,4.670473575592041,2.1010758876800537,4.547825813293457,1.8001165390014648,1.9059646129608154,4.412717819213867,2.388387680053711,36.88393020629883,3.1788976192474365,2.9874210357666016,15.05837345123291,15.792251586914062,2.9665122032165527,2.200756788253784,1.3086124658584595,1.860170841217041,3.540005683898926,1.0,4.152783393859863,1.5008338689804077,5.14435338973999,11.291864395141602,1.913642168045044,7.355386257171631,2.3722405433654785,4.813892841339111,1.0,2.2118465900421143,1.0,2.6085903644561768,1.7001104354858398,9.204925537109375,3.7675607204437256,3.445913553237915,13.294563293457031,6.2528228759765625,3.191887140274048,2.1177945137023926,2.1211390495300293,2.8175036907196045,1.041007399559021,1.730333685874939,3.8201279640197754,1.2464646100997925,1.6070624589920044,5.807439804077148,4.163332939147949,1.4476341009140015,3.5444095134735107,1.256635069847107,3.179412841796875,1.8991323709487915,1.5522129535675049,1.7231438159942627,2.013014078140259,2.744656562805176,3.6799442768096924,3.7314891815185547,1.8707034587860107,2.980778217315674,3.44711971282959,4.097457408905029,1.2463492155075073,3.9139702320098877,12.753134727478027,1.0,2.006958484649658,1.2687091827392578,1.1970319747924805,3.0555851459503174,9.135406494140625,1.819186806678772,1.0433448553085327,5.072540760040283,1,52.269954681396484,1.6002652645111084,8.956690788269043,4.6929521560668945,3.858694553375244,1.3928605318069458,4.208534240722656,2.182335376739502,2.323129892349243,1.995807409286499,1.9309320449829102,2.1080148220062256,3.105959177017212,1.9785836935043335,2.804109811782837,1.0,1.8297773599624634,1.0,1.0,1,1.0,1.0,1,1.0,1.0,1.0,1.0,1.0,19.20255470275879,4.4901041984558105,3.2113170623779297,3.757054090499878,2.8599581718444824,2.0089173316955566,2.305877447128296,10.338809967041016,1.4389853477478027,1.0,2.8494677543640137,1.842236876487732,7.872829914093018,21.085432052612305,34.50045394897461,11.315738677978516,5.667349815368652,39.31319046020508,6.193966388702393,1.0,1.0,23.12712287902832,9.97514820098877,32.83195114135742,10.644244194030762,5.640809535980225,41.996795654296875,21.866283416748047,10.076961517333984,1.0,4.60452127456665,2.704620122909546,7.027328968048096,1.0,8.720935821533203,8.4273042678833,52.10833740234375,1.0,4.731949806213379,30.190906524658203,9.034725189208984,20.29060935974121,21.768402099609375,24.238080978393555,1.0,6.321008682250977,1.179692268371582,9.332395553588867,60.578250885009766,51.6705322265625,45.95547103881836,29.31511688232422,32.722625732421875,49.17450714111328,35.43885040283203,157.1735382080078,45.979339599609375,12.37314224243164,60.19126892089844,5.428929328918457,38.49195098876953
TEST_08+1일,7.57708215713501,1.0,7.411840438842773,2.82234263420105,1.0,2.320812225341797,1.966951608657837,1.107594609260559,2.973536491394043,1.0,1.9182064533233643,1.313676357269287,1.4212044477462769,3.0252926349639893,22.01414680480957,2.0466015338897705,1.0,1.1524866819381714,1.981889009475708,65.39762878417969,19.040437698364258,3.4363832473754883,1.0396794080734253,1.0,40.77677917480469,24.903419494628906,5.991260051727295,3.2356324195861816,9.5177001953125,4.581569671630859,3.8708269596099854,6.604104518890381,1.084453821182251,1.7184263467788696,2.5003414154052734,6.64708137512207,41.386085510253906,1.5268458127975464,2.328291654586792,30.054651260375977,23.204710006713867,1.1422733068466187,3.621748208999634,1.1117733716964722,1.0,4.00605583190918,1.1308164596557617,4.129297733306885,1.243476152420044,2.311491012573242,12.527541160583496,1.4473952054977417,6.673918724060059,1.4841022491455078,1.9876898527145386,1.4249187707901,2.117859363555908,1.8329914808273315,1.9547861814498901,1.4488805532455444,11.923160552978516,10.983346939086914,22.443164825439453,8.126163482666016,16.73925018310547,2.6933786869049072,2.0849521160125732,1.528436303138733,3.395880937576294,1.220104694366455,2.3297009468078613,4.110577583312988,1.7521690130233765,1.8194572925567627,3.929194211959839,4.84935188293457,1.187072992324829,2.4239566326141357,2.1381709575653076,4.13344144821167,3.239098072052002,1.4400382041931152,1.9323606491088867,4.680018424987793,2.2227137088775635,2.1477677822113037,1.2139592170715332,2.994990587234497,4.005187034606934,5.4852752685546875,31.316059112548828,2.0240461826324463,2.623612642288208,4.8271002769470215,1.107003927230835,2.600987434387207,1.0,1.3296329975128174,25.940208435058594,4.219274997711182,1.2535139322280884,1.319258213043213,2.562931537628174,1,100.3045654296875,4.05946683883667,21.732784271240234,4.510272979736328,3.5130131244659424,1.3821113109588623,3.03991961479187,1.6026583909988403,1.3157974481582642,1.766290545463562,1.1062235832214355,1.3225260972976685,2.4191489219665527,2.4743354320526123,1.876676321029663,1.1061830520629883,1.2608755826950073,3.438638925552368,1.0,1,1.0,1.0,1,1.0,1.0,4.7694268226623535,1.0,1.0,5.468994140625,4.276986598968506,1.0,3.2031877040863037,1.3724842071533203,1.0,1.8069875240325928,7.829963684082031,1.4259653091430664,1.1457626819610596,3.6575422286987305,1.410014033317566,6.201910018920898,16.846147537231445,36.667938232421875,28.643966674804688,8.065489768981934,9.59996223449707,7.356893062591553,8.566449165344238,1.0,27.195880889892578,40.1057014465332,47.78245544433594,18.445392608642578,5.511412620544434,150.22634887695312,6.912402153015137,21.94275665283203,1.0,6.740573406219482,4.913814544677734,5.618113994598389,11.583891868591309,1.8121776580810547,6.2553277015686035,44.99372863769531,74.74794006347656,11.457350730895996,9.606697082519531,6.260258197784424,17.032638549804688,21.28810691833496,1.0,4.259039878845215,4.3765482902526855,3.2064626216888428,19.29738998413086,72.290283203125,34.60176467895508,101.22957611083984,33.54616165161133,67.24055480957031,76.8720932006836,49.25321578979492,286.90179443359375,71.05187225341797,67.01236724853516,104.7400894165039,27.427059173583984,80.96870422363281
TEST_08+2일,8.112485885620117,84.18971252441406,4.931301116943359,1.0,1.4780089855194092,5.052464008331299,7.256899356842041,4.295217990875244,3.642667055130005,1.0,1.0,1.0,1.762973427772522,3.881091594696045,9.540486335754395,1.7889893054962158,21.462244033813477,1.0,1.4701839685440063,73.38362121582031,25.197633743286133,1.917349934577942,1.0,2.4470434188842773,35.35562515258789,49.792694091796875,5.000268936157227,1.0,10.51017951965332,4.187945365905762,3.4250056743621826,3.6661393642425537,1.0137078762054443,1.4165788888931274,3.9217021465301514,2.5516819953918457,27.444808959960938,1.0,1.9766104221343994,24.54058265686035,12.265998840332031,1.9566082954406738,4.409615993499756,4.169122695922852,2.3868277072906494,4.703855991363525,1.0,4.2859272956848145,1.1254101991653442,1.7107692956924438,13.60860538482666,1.573094367980957,7.5313568115234375,1.0,1.9729175567626953,1.5991883277893066,1.3097801208496094,1.181653380393982,1.4772554636001587,1.4527631998062134,7.257787704467773,6.772575855255127,9.200543403625488,7.229431629180908,10.36834716796875,3.681246757507324,2.5459580421447754,1.8691006898880005,2.654096841812134,1.0,1.7629023790359497,2.1907434463500977,1.2327275276184082,1.0,1.6437097787857056,5.438401222229004,1.632800817489624,1.4011130332946777,2.0274434089660645,2.751845121383667,1.0,1.447664499282837,1.3557651042938232,3.815389394760132,2.289443016052246,2.3727989196777344,2.1152284145355225,1.8283299207687378,2.8128347396850586,4.8689374923706055,39.066646575927734,1.6330493688583374,1.9192616939544678,2.4737226963043213,1.2180125713348389,1.7400416135787964,1.483960747718811,1.266225814819336,6.430980205535889,4.7929253578186035,1.7281780242919922,1.0,9.055538177490234,1,70.96717071533203,69.29478454589844,11.389385223388672,3.5096426010131836,4.254705905914307,1.2607636451721191,1.7520304918289185,1.603328824043274,2.2779242992401123,1.8203761577606201,1.1007176637649536,1.2128585577011108,1.0,1.0,2.671330213546753,1.0,1.3388946056365967,3.657266139984131,1.0,1,1.0,1.0,1,1.0,1.0,4.609838962554932,1.0,1.0,18.128694534301758,1.9089664220809937,2.2000551223754883,1.8099414110183716,1.0,1.0,1.7059996128082275,3.8484463691711426,1.7817686796188354,1.0918753147125244,1.7572015523910522,1.7156752347946167,2.9933109283447266,1.0,23.199602127075195,35.61560821533203,6.478765487670898,1.0,2.497868537902832,1.0,1.136565089225769,13.264291763305664,1.0,1.0,9.37657356262207,1.712502121925354,174.4273681640625,1.0,4.983199596405029,2.780825138092041,1.9670476913452148,2.9116432666778564,7.824056148529053,1.0,1.0,3.1892664432525635,33.094940185546875,13.125537872314453,2.7236390113830566,17.563188552856445,16.20771598815918,1.0,1.0,9.175835609436035,1.0,1.937833309173584,1.0,18.598041534423828,46.377845764160156,22.754981994628906,57.63328552246094,26.626169204711914,49.989742279052734,53.02507400512695,14.391140937805176,254.42062377929688,68.92798614501953,53.36369705200195,114.82860565185547,25.642000198364258,44.67573165893555
TEST_08+3일,6.314966678619385,50.74095153808594,4.900726318359375,1.0,1.0669262409210205,2.634450912475586,1.1202046871185303,7.0360612869262695,1.0,1.0,1.5228521823883057,1.1309900283813477,1.0,1.8183194398880005,4.24112606048584,2.1310696601867676,26.753101348876953,1.0,1.5239169597625732,48.24140167236328,23.32882308959961,2.6340126991271973,1.0,1.4046434164047241,40.00802993774414,42.9525146484375,11.677775382995605,67.52088165283203,11.24752426147461,3.5468177795410156,4.003663063049316,2.930180549621582,1.0,1.952460527420044,4.473257064819336,3.7022922039031982,13.621368408203125,2.7603297233581543,2.2640416622161865,23.33250617980957,17.399566650390625,1.1535900831222534,4.721436023712158,1.0,2.287140369415283,2.1688787937164307,1.0,2.922786235809326,1.4727474451065063,3.5327906608581543,9.092249870300293,1.3926689624786377,4.963606834411621,1.002034068107605,1.6100356578826904,1.345733642578125,1.6446071863174438,2.0561680793762207,2.343202829360962,1.85725998878479,4.1955084800720215,4.652884006500244,8.152843475341797,8.799015045166016,9.544454574584961,1.7059543132781982,1.8422108888626099,1.1162561178207397,2.9194071292877197,1.053658127784729,1.5738774538040161,2.1470108032226562,1.2754006385803223,1.162280797958374,4.586609363555908,6.016424179077148,1.0,3.110151529312134,2.711134910583496,3.036407947540283,1.797045350074768,1.6367827653884888,1.569176435470581,1.63124680519104,2.292833089828491,3.318743944168091,2.004690647125244,2.5480146408081055,3.1762213706970215,4.367502689361572,56.43174743652344,1.9243124723434448,1.792720079421997,2.4162092208862305,2.9387078285217285,1.5334811210632324,1.0,1.0558634996414185,9.612845420837402,5.271564483642578,1.0,1.3370814323425293,1.1491962671279907,1,3.6578152179718018,25.779985427856445,4.4123711585998535,3.219651699066162,3.2410051822662354,1.1718180179595947,1.6063182353973389,1.8928359746932983,1.8997207880020142,1.922764778137207,1.0747686624526978,1.217175006866455,1.2484146356582642,1.3951760530471802,2.0161287784576416,1.0,1.0,3.480984687805176,1.0,1,1.0142848491668701,1.0567870140075684,1,1.0,1.0,4.4089860916137695,1.0,1.0,29.862993240356445,3.5638535022735596,1.8474268913269043,1.8917655944824219,1.0,1.0,1.5472699403762817,1.0,1.0,1.0,2.108450174331665,1.0,4.889091968536377,18.54322624206543,128.6874237060547,33.67573928833008,4.2411627769470215,1.0,2.4893908500671387,38.990631103515625,1.0,15.46054458618164,1.0,1.0,9.949309349060059,1.0,134.10621643066406,1.0,6.443231105804443,1.0,3.320357322692871,1.0,2.7836015224456787,1.0,8.308923721313477,4.382557392120361,13.178565979003906,97.02101135253906,2.963714361190796,1.0,7.686960220336914,13.22037410736084,9.964180946350098,1.0,4.420047283172607,1.0,1.0,2.2265443801879883,33.005859375,9.849385261535645,41.20949172973633,19.48371124267578,38.038753509521484,59.60221481323242,21.76642608642578,154.31521606445312,42.96012496948242,52.76363754272461,101.30252075195312,23.92296028137207,16.69209861755371
TEST_08+4일,6.072789192199707,68.24110412597656,2.3263440132141113,1.0,1.0,2.7371344566345215,6.297719478607178,1.4084597826004028,2.1572422981262207,1.0,2.7529103755950928,1.3137954473495483,1.0392199754714966,4.667137145996094,1.0,2.141336441040039,49.87567138671875,1.0,1.766958236694336,54.02488327026367,29.128042221069336,1.9464789628982544,1.0624743700027466,1.3760868310928345,28.99416732788086,51.13002395629883,18.022253036499023,57.30354309082031,6.206741809844971,2.934083938598633,2.56170916557312,2.4710826873779297,1.4112802743911743,1.3308277130126953,2.087700605392456,4.2266459465026855,23.71134376525879,1.0,1.8953874111175537,11.564581871032715,10.566184997558594,1.941624402999878,3.079097032546997,4.764153957366943,2.0796923637390137,4.2796854972839355,1.2217742204666138,3.9556221961975098,1.0,1.0,10.824273109436035,1.0,6.859491348266602,1.1236892938613892,2.568990468978882,1.970954179763794,1.6222094297409058,1.9899381399154663,1.843509554862976,1.5955408811569214,2.8481171131134033,3.660226345062256,11.43578815460205,8.350703239440918,11.811586380004883,3.2523038387298584,1.4514007568359375,1.964271903038025,2.7717812061309814,1.0,1.1991550922393799,2.3013341426849365,1.8321768045425415,1.0,4.47643518447876,5.808900356292725,1.0190517902374268,1.7150216102600098,2.7109134197235107,4.161444664001465,2.5347177982330322,1.1946510076522827,1.6821377277374268,3.056079149246216,2.2674765586853027,2.4730072021484375,2.3320229053497314,2.599738597869873,2.9990901947021484,5.04133415222168,47.19499969482422,1.2314389944076538,1.0,1.9736692905426025,1.0,1.9012463092803955,1.0177890062332153,1.1135547161102295,8.633295059204102,2.795133590698242,1.4965039491653442,1.4252339601516724,1.0,1,76.32667541503906,34.62498092651367,3.920623302459717,1.6653870344161987,3.464444160461426,1.3243821859359741,1.0,1.2892084121704102,1.0,1.2898852825164795,1.0,1.2247440814971924,1.4559228420257568,1.2424417734146118,2.359405994415283,1.0,1.0,1.0,1.0,1,1.005409836769104,1.0300898551940918,1,1.1132025718688965,1.0,4.938819885253906,1.0,1.0,28.05855369567871,3.0051393508911133,2.146961212158203,2.4321372509002686,1.0,1.0,1.478430986404419,3.8776021003723145,1.7388635873794556,1.0,1.3594090938568115,1.2280988693237305,3.478193759918213,7.240050315856934,76.49899291992188,89.79204559326172,5.242136478424072,1.0,1.969157338142395,1.0,1.0,20.281641006469727,1.0,1.0,7.490628719329834,1.0,181.62493896484375,1.0,4.629951477050781,2.1395885944366455,4.097706317901611,2.952073097229004,3.270035982131958,1.0,5.23831033706665,4.281993389129639,83.85753631591797,1.0,1.0,1.0,29.12891960144043,1.0,5.4434099197387695,1.0,1.0,1.1642245054244995,1.0,3.4178836345672607,30.39797592163086,7.261744976043701,35.98844528198242,8.180488586425781,32.8465576171875,31.214908599853516,26.784481048583984,130.6923065185547,30.971908569335938,56.37061309814453,108.19217681884766,24.62408447265625,27.318397521972656
TEST_08+5일,7.584918022155762,118.8593521118164,5.711090564727783,1.0,1.24156653881073,3.110297203063965,19.736888885498047,4.401252269744873,4.311095714569092,1.0953391790390015,1.0,1.0,1.8533037900924683,4.081461429595947,4.448546409606934,2.551575183868408,92.90380859375,1.0,1.6158760786056519,108.68035125732422,37.11166000366211,2.594895362854004,1.1604986190795898,4.904256343841553,48.396331787109375,45.412044525146484,17.721263885498047,50.296844482421875,7.892895698547363,3.6247081756591797,4.823033332824707,6.2027153968811035,1.2459232807159424,1.0443835258483887,4.849695205688477,2.8359127044677734,26.54871940612793,1.0,1.5897692441940308,23.361913681030273,12.154440879821777,1.8927054405212402,5.715742588043213,6.859130382537842,2.9485971927642822,4.7547149658203125,1.0,3.552736520767212,1.0171079635620117,3.2801008224487305,10.606646537780762,1.5719128847122192,6.875871181488037,1.9428679943084717,1.9454669952392578,1.3442095518112183,1.9495062828063965,2.0992298126220703,2.036376714706421,1.4610673189163208,7.863028049468994,2.5058696269989014,7.7129011154174805,9.918912887573242,11.54558277130127,3.5235652923583984,1.6480871438980103,1.8327769041061401,2.5308756828308105,1.1004427671432495,1.2235887050628662,2.876800060272217,1.4979708194732666,1.1621075868606567,1.6751883029937744,5.07210636138916,1.0,2.840256929397583,2.32108211517334,3.526076316833496,2.1443214416503906,1.5079749822616577,1.5050796270370483,1.5839892625808716,2.505572557449341,4.365715980529785,1.8923442363739014,1.5578651428222656,1.9805364608764648,5.176519393920898,62.12128448486328,1.8953914642333984,1.1592146158218384,1.9839904308319092,1.0,1.9426226615905762,1.6688833236694336,1.1556570529937744,6.227939128875732,5.4011969566345215,1.7459741830825806,1.1310573816299438,2.2380669116973877,1,8.054193496704102,42.7315559387207,1.0,3.1929519176483154,4.874448776245117,1.1670058965682983,1.4236639738082886,1.7485334873199463,1.675584077835083,1.4034638404846191,1.837721586227417,1.1558620929718018,1.0,2.3612101078033447,3.2432000637054443,1.0,1.0,24.57978057861328,1.0,1,1.0,1.0048778057098389,1,1.0,1.0,4.880051136016846,1.0294828414916992,1.051506519317627,41.59888458251953,3.612701177597046,1.6517304182052612,2.662001132965088,1.0,1.0,1.0102514028549194,1.0,1.0,1.0,1.0,1.0,3.726623058319092,1.0,150.51246643066406,30.975465774536133,4.672314643859863,1.0,1.545297622680664,27.834718704223633,1.0,6.614336967468262,9.709391593933105,1.0,9.448831558227539,1.0,17.45693588256836,10.373741149902344,1.184234857559204,2.3992199897766113,3.106388807296753,1.9282231330871582,3.4574782848358154,1.0,3.1332509517669678,4.822939872741699,1.0,1.0,12.947798728942871,1.0,1.0,4.849578380584717,12.579690933227539,15.755690574645996,1.0,3.358022451400757,1.0,1.0,34.49607849121094,15.21597957611084,37.70512390136719,7.611318111419678,35.205108642578125,46.38129806518555,20.122657775878906,157.78851318359375,33.18996047973633,57.587032318115234,107.3984375,25.130653381347656,34.24462890625
TEST_08+6일,6.804468631744385,50.71882247924805,6.008769989013672,1.6674058437347412,1.6579036712646484,3.2700819969177246,25.461015701293945,3.2139487266540527,4.151480674743652,1.0,2.584686040878296,1.5408650636672974,1.4670612812042236,3.7777092456817627,22.391685485839844,2.5533084869384766,19.799802780151367,1.022158145904541,2.7581868171691895,70.43594360351562,40.77458572387695,2.831000566482544,1.0695393085479736,1.9428495168685913,35.49994659423828,58.89398956298828,21.746814727783203,80.18831634521484,8.631285667419434,3.4653122425079346,3.441931962966919,3.4808051586151123,1.8999863862991333,1.807859182357788,2.8202106952667236,2.854609727859497,39.93987274169922,1.6452494859695435,1.4971081018447876,29.093856811523438,13.88361930847168,1.017298698425293,5.328176498413086,2.1786112785339355,1.5210247039794922,5.6664814949035645,1.0428543090820312,4.892329216003418,1.9489362239837646,3.165860652923584,15.878643989562988,1.1617159843444824,4.883150577545166,1.0039966106414795,2.8385465145111084,1.0,2.926914930343628,1.984988808631897,2.7439374923706055,1.268415927886963,8.434683799743652,4.1281418800354,12.304232597351074,10.075553894042969,12.691162109375,3.0916731357574463,1.1008862257003784,2.1132705211639404,3.142698049545288,1.1501189470291138,1.5385956764221191,2.900524616241455,1.8907486200332642,1.0,3.3920912742614746,7.813849925994873,1.7872601747512817,2.2962658405303955,2.5458829402923584,3.4015889167785645,1.750342845916748,1.9460253715515137,1.5587263107299805,3.8904662132263184,1.3042289018630981,4.389208793640137,2.4933359622955322,2.009021520614624,3.623741626739502,5.381997108459473,73.16128540039062,1.3393610715866089,2.9816784858703613,7.758330345153809,3.0341951847076416,1.0,1.2816194295883179,1.3433244228363037,35.2079963684082,3.902871608734131,1.6514509916305542,1.5062432289123535,1.5106481313705444,1,3.513990879058838,45.812782287597656,6.773703575134277,4.372962474822998,4.547067642211914,1.343318223953247,2.165757894515991,1.3587573766708374,1.55289626121521,1.9947257041931152,1.0,1.2579785585403442,2.1506142616271973,2.5776805877685547,2.725565195083618,1.0,1.0,3.81089186668396,1.0,1,1.0,1.0,1,1.0,1.0,6.592100620269775,1.0432262420654297,1.046406626701355,48.36760330200195,5.399606227874756,2.4088988304138184,3.592864513397217,1.0,1.5860892534255981,1.63530433177948,7.0458903312683105,1.546329379081726,1.0,1.0,1.9178178310394287,1.0,1.0,163.44627380371094,18.761919021606445,4.0944929122924805,1.0,2.7649307250976562,42.76894760131836,2.883861541748047,20.181718826293945,40.841331481933594,20.545063018798828,12.171544075012207,3.008720636367798,178.22467041015625,1.0,4.979214191436768,1.0,3.250380039215088,3.0127828121185303,3.4340875148773193,1.0,10.11296272277832,4.2064361572265625,6.281986236572266,12.634194374084473,9.715957641601562,12.911335945129395,2.602849006652832,11.407270431518555,3.549849510192871,1.0,1.0,3.866856575012207,1.5431864261627197,1.7859524488449097,45.676143646240234,15.859916687011719,59.201698303222656,14.210262298583984,31.108238220214844,37.94163513183594,24.557992935180664,176.56231689453125,38.21369934082031,45.764442443847656,115.1705093383789,30.829715728759766,30.838176727294922
TEST_08+7일,7.157634735107422,68.96690368652344,9.826835632324219,7.0926690101623535,2.4576470851898193,3.215068817138672,2.7280771732330322,9.676796913146973,2.582195281982422,1.1138349771499634,4.087745189666748,1.8878341913223267,2.1703171730041504,4.5159735679626465,25.636537551879883,2.431579113006592,1.0,1.3093748092651367,2.739720582962036,57.4006233215332,21.236732482910156,4.5213446617126465,1.4292751550674438,2.7817280292510986,29.55082130432129,35.090492248535156,13.268619537353516,58.94267654418945,13.507442474365234,6.837891578674316,4.337409496307373,8.552413940429688,1.7184537649154663,1.9263181686401367,4.136971950531006,7.3730549812316895,57.081295013427734,1.5951273441314697,2.777613878250122,30.680465698242188,29.69948959350586,2.0892131328582764,5.020474910736084,1.0,1.8403087854385376,4.778955459594727,1.1078314781188965,4.558231830596924,1.732764720916748,5.5187201499938965,18.402353286743164,2.341693162918091,8.1644926071167,1.4815454483032227,5.103875637054443,1.295533537864685,2.3389298915863037,1.754297137260437,2.597151756286621,1.8973945379257202,14.07857894897461,6.150851249694824,15.836230278015137,17.267688751220703,17.290693283081055,4.516406536102295,2.302993059158325,2.5159246921539307,3.994422674179077,1.224016547203064,2.179307699203491,3.571958303451538,1.9289714097976685,1.7538708448410034,6.642736911773682,9.099443435668945,1.0,2.8890841007232666,1.6246284246444702,3.7694809436798096,3.0999953746795654,1.2768785953521729,2.001723051071167,3.213347911834717,3.4943323135375977,6.022124290466309,2.3380138874053955,1.7622116804122925,3.2065823078155518,5.166604518890381,31.00102424621582,1.8981624841690063,4.9331769943237305,13.92409896850586,2.090918779373169,3.8487672805786133,1.1160577535629272,1.1533313989639282,6.27634334564209,10.632709503173828,1.8499499559402466,1.415462851524353,6.683112621307373,1,79.99478912353516,1.0,13.297690391540527,6.828073501586914,4.320761680603027,1.6940116882324219,3.4148075580596924,2.3273794651031494,2.3956074714660645,2.2379016876220703,1.3051393032073975,2.1760919094085693,2.722583055496216,2.6908953189849854,3.5082082748413086,1.0,1.0581872463226318,1.7834787368774414,1.0,1,1.0,1.0,1,1.0,1.0,3.201525926589966,1.033799409866333,1.0,17.98021125793457,6.494986057281494,3.4637744426727295,6.107743740081787,2.1812362670898438,1.4692463874816895,2.897968053817749,10.818318367004395,1.861770749092102,1.1450868844985962,2.843635320663452,2.2627596855163574,8.264877319335938,26.195396423339844,82.88994598388672,1.0,8.325477600097656,34.22373962402344,7.103069305419922,1.0,1.0,29.14596939086914,17.723468780517578,32.29196548461914,20.065723419189453,6.6870646476745605,13.420366287231445,23.311908721923828,17.293954849243164,1.0,7.0778608322143555,4.032553195953369,7.347620487213135,1.0,4.686690330505371,10.092220306396484,123.64950561523438,31.141738891601562,1.0,10.894787788391113,1.0,13.389487266540527,26.787015914916992,9.525686264038086,8.015419960021973,5.555315971374512,2.4996206760406494,18.472949981689453,68.58856201171875,45.817989349365234,91.76840209960938,26.37884521484375,45.85709762573242,63.07054138183594,35.79319763183594,245.08645629882812,53.238372802734375,56.713111877441406,135.59817504882812,32.3089714050293,52.784080505371094
TEST_09+1일,7.706246852874756,12.18820858001709,8.662114143371582,3.024075984954834,1.0,1.5364176034927368,1.681899070739746,1.8447988033294678,3.2563366889953613,1.3150287866592407,2.151942729949951,1.3878352642059326,1.709688663482666,3.0980124473571777,29.730731964111328,1.922688364982605,1.0,1.1419998407363892,1.3607927560806274,78.32998657226562,15.264382362365723,4.33402681350708,1.02144455909729,1.0,26.31260871887207,18.87836456298828,10.454599380493164,1.0,7.534970283508301,4.79018497467041,4.037796497344971,5.833602428436279,2.590944766998291,2.3669357299804688,3.3308732509613037,5.786131858825684,38.55452346801758,4.019397258758545,2.920898675918579,25.376056671142578,18.976184844970703,1.1359516382217407,4.104864597320557,1.9479517936706543,1.0,2.355281114578247,1.068384051322937,3.094573497772217,1.5634294748306274,4.854568004608154,9.538719177246094,1.2904791831970215,8.548508644104004,1.516654372215271,1.7743979692459106,1.0,2.373508930206299,1.0,1.3384555578231812,1.6424330472946167,10.056075096130371,9.563509941101074,23.477352142333984,8.679505348205566,11.051553726196289,1.0684152841567993,1.3040361404418945,1.9250563383102417,3.885204553604126,1.0,2.5610387325286865,5.295380115509033,1.4981895685195923,2.0872929096221924,4.2722978591918945,4.698191165924072,1.515089750289917,1.9155665636062622,2.0791828632354736,2.543179750442505,2.8100168704986572,1.3335497379302979,2.0006606578826904,2.4772534370422363,1.8062547445297241,1.6964627504348755,2.553881883621216,2.6518640518188477,2.2172656059265137,4.949734687805176,38.58681106567383,1.8484396934509277,2.0287272930145264,5.676776885986328,1.384687066078186,2.1280479431152344,1.0,1.0705593824386597,28.07044792175293,3.9656801223754883,1.5528247356414795,1.0,1.0,1,74.64016723632812,1.0,14.684852600097656,5.770828723907471,3.9819748401641846,1.765228033065796,4.068354606628418,1.7220909595489502,1.4962317943572998,1.6946779489517212,1.0,1.0,3.4354677200317383,3.652143955230713,1.6092911958694458,1.4297548532485962,1.3702976703643799,1.0,1.0,1,1.0,1.0,1,1.0,1.0,5.014863967895508,1.0,1.0,25.51508140563965,4.623905658721924,1.1828889846801758,2.848224639892578,1.5126882791519165,1.2385845184326172,1.410225749015808,5.160270690917969,1.177202582359314,1.0,4.254550457000732,1.0,8.946727752685547,10.294900894165039,1.0,49.124149322509766,16.079946517944336,1.0,10.558623313903809,1.0,1.0,24.771333694458008,36.050411224365234,49.8836784362793,17.16254997253418,7.243105411529541,1.0,2.7019901275634766,16.750696182250977,1.0,6.835995674133301,4.393436431884766,6.019221782684326,24.0163631439209,1.0,9.19886302947998,15.110284805297852,126.5383071899414,8.6513090133667,17.767393112182617,14.505437850952148,12.98998737335205,30.409948348999023,1.0,2.242893695831299,3.7990880012512207,1.0,14.155232429504395,42.95040512084961,26.516727447509766,48.950016021728516,15.572525024414062,47.88534927368164,51.124996185302734,26.58496856689453,161.65545654296875,44.6861572265625,38.59083557128906,71.42646789550781,19.685091018676758,52.03012466430664
TEST_09+2일,10.882939338684082,82.99476623535156,4.261091709136963,1.0,1.469971776008606,2.9428045749664307,5.183212757110596,5.180666446685791,2.963822364807129,1.0,1.0,1.0,1.891295075416565,4.434528350830078,14.709753036499023,1.0,22.852577209472656,1.0,1.0967087745666504,83.5887222290039,16.30345344543457,2.1313059329986572,1.0,1.0,25.097618103027344,29.926738739013672,10.257731437683105,1.0,8.139573097229004,3.759932518005371,2.9744338989257812,4.246613025665283,3.129054069519043,1.0166295766830444,4.128546237945557,3.8102385997772217,23.789897918701172,1.0,2.277219772338867,28.061508178710938,11.425212860107422,1.3251229524612427,4.664312839508057,4.294425964355469,2.1122794151306152,3.3118762969970703,1.168742299079895,2.7292277812957764,2.0064547061920166,5.428515434265137,7.95664119720459,1.7272145748138428,8.250739097595215,1.0,1.662787914276123,1.0,1.766676425933838,1.0,1.1808454990386963,1.369399905204773,6.839320182800293,4.91204309463501,18.78725814819336,7.684662818908691,6.126165866851807,2.152068853378296,1.2447055578231812,2.127650260925293,2.8066246509552,1.0,2.0907530784606934,3.9238028526306152,1.0,1.168285846710205,2.8531014919281006,5.026615619659424,1.6217191219329834,1.3653262853622437,1.9641854763031006,2.8588707447052,1.0,1.3511152267456055,1.2835345268249512,1.7163958549499512,2.004343271255493,2.455735206604004,1.327925205230713,1.9639307260513306,1.3554117679595947,4.668315410614014,41.468841552734375,1.5701909065246582,1.0,3.3054778575897217,1.0,1.0,1.437959909439087,1.2134371995925903,8.22919750213623,1.5963882207870483,1.2331874370574951,1.0,7.804905891418457,1,57.996620178222656,58.456520080566406,9.236651420593262,3.156909465789795,3.6068921089172363,1.9716212749481201,1.5615901947021484,1.3796852827072144,2.338809013366699,1.7527068853378296,1.2212895154953003,1.0,1.7297053337097168,2.5274360179901123,2.3597283363342285,1.0,1.6080081462860107,1.0,1.0,1,1.0,1.0,1,1.0,1.0,6.040135860443115,1.0,1.0,5.887182712554932,1.0,1.9813092947006226,1.4105054140090942,1.0,1.0,1.5868130922317505,4.479942798614502,1.1302508115768433,1.0,2.4079911708831787,2.0226807594299316,3.3896894454956055,1.0,1.0,36.94508361816406,13.294675827026367,9.22644329071045,5.14346170425415,1.0,1.87570321559906,9.032630920410156,1.0,1.0,3.997833490371704,1.0,1.0,5.969990253448486,2.28935170173645,2.938978910446167,3.0162642002105713,2.830192804336548,5.483804225921631,1.2344204187393188,1.0,3.5627894401550293,1.0,68.57684326171875,1.0,15.803375244140625,5.659088611602783,1.0,1.0,12.557940483093262,1.0,1.816541075706482,1.0,9.205086708068848,21.890905380249023,13.390040397644043,23.252429962158203,11.799114227294922,32.699195861816406,35.96033477783203,2.692732334136963,139.6253662109375,50.13990020751953,26.449996948242188,67.72975158691406,18.938810348510742,28.098831176757812
TEST_09+3일,8.252325057983398,63.99190139770508,4.506369590759277,1.0,1.0624123811721802,1.7814054489135742,5.309822082519531,6.240931034088135,1.4674335718154907,1.042574167251587,2.3585095405578613,1.06826651096344,1.0186939239501953,1.2306675910949707,6.377459526062012,1.5879132747650146,32.133480072021484,1.446177363395691,1.0,49.11638259887695,17.497730255126953,1.788269281387329,1.1046810150146484,1.0,28.531227111816406,28.102067947387695,13.100105285644531,60.1524543762207,8.698939323425293,3.434683322906494,4.176305294036865,2.763540267944336,3.1926462650299072,1.6195504665374756,5.425446510314941,2.7491936683654785,10.804357528686523,3.90498948097229,2.251699209213257,24.061826705932617,12.972137451171875,1.7562493085861206,5.162866115570068,1.0,2.173347234725952,1.0,1.0,1.6433689594268799,2.429433584213257,2.696674346923828,6.9514994621276855,1.0,6.719171047210693,1.020755648612976,1.6233720779418945,1.0,1.0,2.045994758605957,2.2224819660186768,1.6431841850280762,3.8984198570251465,4.562597751617432,11.285648345947266,7.783192157745361,6.094653606414795,1.0382438898086548,1.3395079374313354,1.1300842761993408,2.933253526687622,1.0,1.754798173904419,4.348220348358154,1.0,1.051719069480896,1.0,3.228670358657837,1.0721931457519531,2.9387366771698,3.2828800678253174,1.8405042886734009,1.4473434686660767,1.716328501701355,1.6934645175933838,1.010963797569275,1.2278839349746704,1.8493467569351196,3.0814132690429688,2.2762019634246826,1.915323257446289,4.323502063751221,65.67963409423828,1.4567362070083618,1.0,2.6484076976776123,1.0,1.8393969535827637,1.0,1.0,4.803622245788574,2.8311710357666016,1.0,1.0562293529510498,1.0,1,1.0,20.258115768432617,6.061986446380615,2.9339232444763184,2.121753692626953,1.0,1.138994812965393,1.626091480255127,2.056114912033081,1.800012230873108,1.0,1.0,1.2584552764892578,1.4268003702163696,2.6342155933380127,1.0,1.04403817653656,1.0,1.0,1,1.0985465049743652,1.0,1,1.0,1.0,3.409877300262451,1.0,1.0,59.941837310791016,1.0363574028015137,2.2359426021575928,1.9739577770233154,1.0,1.0,1.2876471281051636,1.0,1.0,1.0,2.3644683361053467,1.0,3.8436434268951416,6.9060258865356445,55.61674880981445,70.9418716430664,11.588047981262207,11.762301445007324,4.89623498916626,13.458845138549805,1.1630288362503052,11.911949157714844,1.0,1.0,7.601114749908447,1.704025149345398,24.925325393676758,1.0,3.646158456802368,1.0,2.471090316772461,2.2785072326660156,3.7042605876922607,1.0,7.220702171325684,4.872414588928223,1.9522254467010498,108.70294952392578,10.836527824401855,1.0,1.0,1.0,11.13315200805664,1.0,1.2214245796203613,1.0,1.5997822284698486,1.0,21.648155212402344,18.42832374572754,17.90416145324707,14.739083290100098,20.757673263549805,29.445829391479492,6.190637588500977,78.78923034667969,28.007850646972656,21.298059463500977,59.22953414916992,16.7891902923584,16.28388214111328
TEST_09+4일,5.142418384552002,109.76826477050781,3.416574478149414,1.3022112846374512,1.0580483675003052,2.3042185306549072,11.718559265136719,1.1638426780700684,3.740044116973877,1.0476831197738647,2.247854471206665,1.3312777280807495,1.2934863567352295,4.772956371307373,9.141610145568848,2.157274007797241,43.65026092529297,1.2430084943771362,1.1086039543151855,50.830604553222656,12.525381088256836,3.1462130546569824,1.0,1.0,17.382553100585938,31.177087783813477,19.273923873901367,52.10734939575195,3.2813596725463867,3.1646132469177246,3.475442886352539,2.2339730262756348,2.7298645973205566,1.4123634099960327,2.619767427444458,2.8397295475006104,19.840595245361328,1.9445064067840576,2.17280650138855,5.806530475616455,7.785512924194336,1.4115689992904663,4.174598693847656,7.169245719909668,1.5815300941467285,1.6645019054412842,1.0,2.331172466278076,1.0,5.235352516174316,7.174533367156982,1.0,8.619146347045898,1.073106050491333,2.9275498390197754,1.2831681966781616,1.4798805713653564,1.6027276515960693,1.6351956129074097,1.3468931913375854,2.311392307281494,3.608597755432129,9.496297836303711,9.89852523803711,6.586155414581299,3.1676313877105713,1.3265492916107178,1.0,2.781412124633789,1.0141451358795166,1.575577974319458,2.8870227336883545,1.0,1.0,2.9371774196624756,6.292064666748047,1.0453959703445435,1.3348256349563599,2.2174229621887207,2.845045804977417,1.479075312614441,1.362928032875061,1.9630682468414307,2.100700616836548,1.3276512622833252,2.2425572872161865,1.4369416236877441,2.3561933040618896,1.6947888135910034,3.868488311767578,49.18490219116211,1.0,1.0,2.831049680709839,1.0,1.0,1.0,1.0,6.057346820831299,1.1677818298339844,1.7595069408416748,1.0631502866744995,1.0,1,51.859283447265625,25.283403396606445,5.564761161804199,3.0788674354553223,1.7927764654159546,1.7918035984039307,2.2522382736206055,1.0,1.451612114906311,1.4375877380371094,1.0,1.0,1.523827314376831,1.7337762117385864,2.299075126647949,1.013274908065796,1.0,1.0,1.0,1,1.015209674835205,1.0,1,1.0,1.0,5.183924674987793,1.0154448747634888,1.0,39.58673858642578,1.715201735496521,1.5455026626586914,2.5673460960388184,1.0,1.0,1.5158812999725342,4.359124660491943,1.2410285472869873,1.0,1.864905595779419,1.0,7.7307634353637695,1.26785147190094,83.7450180053711,154.65773010253906,11.482819557189941,1.0,3.7593994140625,1.0,1.0,18.796602249145508,1.0,1.0,3.3821301460266113,1.0,1.0,1.0,1.0,1.0,4.189400672912598,2.4055676460266113,4.359818935394287,1.0,1.0,3.437074899673462,1.0,17.30632972717285,1.0,1.0,29.630666732788086,1.0,11.049936294555664,3.3331711292266846,1.0,1.240250825881958,1.0,1.0,14.896766662597656,14.980252265930176,11.596211433410645,8.335022926330566,16.61246681213379,14.552785873413086,2.347386598587036,54.02394104003906,21.237409591674805,23.003793716430664,62.20050048828125,14.63990306854248,10.35328483581543
TEST_09+5일,9.190743446350098,129.08424377441406,5.477693557739258,1.769254207611084,1.2641804218292236,2.510751724243164,21.534008026123047,4.700411319732666,3.4956717491149902,1.0,1.9432960748672485,1.0,1.9197160005569458,3.9205214977264404,12.701188087463379,2.267747402191162,67.2974624633789,1.1222846508026123,1.0,106.59121704101562,28.02681541442871,4.024941444396973,1.0569641590118408,2.5294342041015625,28.000375747680664,31.00615882873535,16.689573287963867,54.994930267333984,5.065797805786133,3.48223876953125,4.794471263885498,5.434510707855225,2.5030438899993896,1.2492971420288086,2.8750550746917725,3.0269739627838135,19.937023162841797,1.4264006614685059,1.7893993854522705,18.052263259887695,11.662395477294922,1.0,6.070907115936279,8.573601722717285,2.5035884380340576,1.0,1.0180248022079468,1.8602910041809082,1.0,3.8247830867767334,10.537643432617188,1.2856324911117554,8.50788402557373,1.7926652431488037,2.070336103439331,1.2085163593292236,1.8444442749023438,1.3239617347717285,1.8342984914779663,1.4443235397338867,5.4805731773376465,2.61320424079895,9.758678436279297,10.393105506896973,5.670777797698975,1.4631167650222778,1.5113407373428345,1.2221399545669556,2.582089900970459,1.1471108198165894,1.107678771018982,5.536192893981934,1.0,1.2524949312210083,2.6915764808654785,4.330959796905518,1.0,1.8696260452270508,2.0313596725463867,2.60270357131958,1.229776382446289,1.1709620952606201,1.9416686296463013,1.5819288492202759,1.0,2.221229076385498,2.2270302772521973,1.8477425575256348,1.3662314414978027,4.591869354248047,73.61717987060547,1.7071980237960815,1.8648163080215454,2.8261780738830566,1.0,1.0,1.8372936248779297,1.0,12.649641990661621,4.344637870788574,2.0188956260681152,1.3482229709625244,2.753873825073242,1,3.254518985748291,32.19621658325195,4.47143030166626,3.7948577404022217,3.4841997623443604,3.1326563358306885,2.1070194244384766,1.3469973802566528,1.5488762855529785,1.1650338172912598,1.35398268699646,1.0,1.5119487047195435,3.374668836593628,2.8403735160827637,1.1287294626235962,1.0,21.57276153564453,1.0,1,1.0780290365219116,1.0,1,1.0,1.0,6.237659454345703,1.0351630449295044,1.0,27.49958610534668,4.49501371383667,1.5066287517547607,2.2049906253814697,1.0,1.0,1.8735253810882568,1.0898077487945557,1.0,1.0,1.110470175743103,1.2606831789016724,1.910867691040039,1.0,86.52095031738281,34.21142578125,10.325689315795898,6.766278266906738,4.47981071472168,1.0,1.14118230342865,11.418167114257812,17.300594329833984,1.0,9.035353660583496,1.9369661808013916,1.0,18.273826599121094,2.1400203704833984,1.3695966005325317,3.834989547729492,2.2465617656707764,2.583017110824585,1.0,1.0,3.2055747509002686,40.929649353027344,1.0,15.887731552124023,1.0,1.0,1.0,7.671113014221191,23.450769424438477,1.8013972043991089,3.0503013134002686,1.09575617313385,3.8564252853393555,11.177512168884277,18.39022445678711,14.127302169799805,1.239863634109497,20.216644287109375,25.749752044677734,9.79623031616211,54.37917709350586,7.943809986114502,25.5223331451416,68.14379119873047,17.823518753051758,17.089492797851562
TEST_09+6일,7.655543327331543,92.44937133789062,6.231224060058594,3.90164852142334,1.5267906188964844,1.9501750469207764,25.96665382385254,3.8588833808898926,3.993767023086548,1.175689458847046,2.8474555015563965,1.4417928457260132,1.6484709978103638,4.749383449554443,30.152294158935547,1.644517183303833,37.19825744628906,1.5208245515823364,1.346107006072998,99.11997985839844,30.475475311279297,2.8933019638061523,1.0,1.0,26.092405319213867,33.267757415771484,22.882680892944336,76.52474212646484,5.461939811706543,3.6346676349639893,3.386486291885376,3.0231192111968994,3.157813310623169,1.7848349809646606,3.1824207305908203,2.946519374847412,34.22115707397461,2.50641131401062,1.8788983821868896,26.80914878845215,10.426288604736328,1.0,5.115871906280518,1.7447733879089355,1.3113683462142944,1.5070041418075562,1.0,3.6178958415985107,1.3092453479766846,4.910894393920898,15.10099983215332,1.0,7.727177619934082,1.2174164056777954,3.8290157318115234,1.1969573497772217,1.9946860074996948,1.6555085182189941,2.7992663383483887,1.0301413536071777,8.649101257324219,3.791940450668335,17.431669235229492,10.4569091796875,8.15632152557373,1.870298147201538,1.3141273260116577,1.1323096752166748,3.261474370956421,1.2134168148040771,2.288830518722534,4.6489152908325195,1.0,1.0,1.649275302886963,7.842569351196289,1.8702517747879028,1.2054359912872314,2.3215603828430176,3.2224690914154053,1.6553462743759155,1.623063564300537,1.8270078897476196,1.990118145942688,1.0,2.819056510925293,1.3314759731292725,2.117562770843506,2.183060646057129,5.3842949867248535,73.71380615234375,1.5487840175628662,1.9839123487472534,8.608597755432129,1.0,1.0,1.1603567600250244,1.1693061590194702,31.306419372558594,2.661827802658081,1.6573636531829834,1.0,1.3006426095962524,1,1.5657315254211426,37.562950134277344,8.689002990722656,4.780726909637451,5.039054870605469,2.667092800140381,1.8010302782058716,1.2700504064559937,1.4398324489593506,2.191635847091675,1.2186392545700073,1.0,2.6249990463256836,2.4885053634643555,2.2077693939208984,1.248470664024353,1.5687288045883179,1.0,1.0,1,1.0,1.0,1,1.0,1.0,9.074236869812012,1.009455919265747,1.0,27.87156105041504,2.6742351055145264,2.5106282234191895,2.6789214611053467,1.9252302646636963,2.00182843208313,1.9718085527420044,6.741690158843994,1.0,1.0,1.0,1.6088683605194092,3.5947935581207275,1.0,107.80274200439453,49.71659469604492,8.304173469543457,5.78315544128418,6.658895015716553,1.0,4.162222385406494,15.136629104614258,29.3807430267334,28.2224178314209,15.528829574584961,3.5480127334594727,1.0,1.0,5.530622959136963,1.0,4.8942179679870605,3.4710161685943604,3.7904512882232666,16.795913696289062,5.740370273590088,5.741328716278076,12.440888404846191,31.328428268432617,14.578146934509277,17.227853775024414,8.950334548950195,4.216938018798828,12.848711967468262,1.0,4.8706159591674805,3.437206506729126,1.0,1.0,23.73464584350586,13.280452728271484,21.070005416870117,10.29428768157959,16.519081115722656,21.371658325195312,7.614194393157959,87.68537902832031,38.01163101196289,14.976518630981445,72.9283218383789,19.652055740356445,10.062997817993164
TEST_09+7일,10.591717720031738,70.57221221923828,10.421961784362793,8.648270606994629,2.3793230056762695,1.8972339630126953,1.0,10.566524505615234,3.349564552307129,1.3469096422195435,4.588327407836914,1.805582046508789,2.4713079929351807,5.838533401489258,32.21876907348633,2.221249580383301,5.720244407653809,1.9171149730682373,2.3090054988861084,41.182106018066406,1.0,6.65822696685791,1.5219030380249023,2.09501576423645,23.7535400390625,22.94868278503418,17.35100555419922,51.32698440551758,10.325417518615723,7.076216220855713,4.571894645690918,7.616999626159668,2.167720317840576,2.300501585006714,3.0689940452575684,5.09801721572876,51.06059265136719,1.0,2.9400947093963623,29.254911422729492,23.979021072387695,1.9965522289276123,5.2045817375183105,1.3827357292175293,1.541807770729065,3.5033230781555176,1.3072861433029175,3.6884777545928955,1.3342626094818115,4.318907260894775,16.388044357299805,2.4195778369903564,10.073719024658203,1.4723401069641113,4.74594783782959,1.3827428817749023,2.4539268016815186,1.309180736541748,2.760897636413574,1.689120888710022,13.094120025634766,6.8215837478637695,19.795879364013672,16.891353607177734,9.879646301269531,3.2187962532043457,2.1872825622558594,1.997499704360962,3.794466972351074,1.1985855102539062,2.357576847076416,5.917146682739258,1.2172869443893433,1.8642326593399048,5.310940265655518,7.3791680335998535,1.0,3.3376898765563965,2.2784736156463623,3.585212230682373,2.4248883724212646,1.5645437240600586,2.190985918045044,2.1817262172698975,2.1631484031677246,3.2741286754608154,3.504373788833618,2.0362868309020996,2.316361904144287,4.789234638214111,37.21855926513672,1.6820889711380005,4.112052917480469,13.914628028869629,1.0633900165557861,1.0167124271392822,1.1924974918365479,1.0,7.150701522827148,8.537643432617188,1.4276316165924072,1.1101211309432983,8.373835563659668,1,81.15390014648438,1.280766248703003,14.05872631072998,6.725436210632324,4.877556324005127,1.5887807607650757,6.300371170043945,1.7882039546966553,1.8706166744232178,2.179763078689575,1.8958466053009033,2.0110361576080322,4.218766689300537,3.365128993988037,3.7639713287353516,1.1069176197052002,1.4909307956695557,1.0,1.0,1,1.0,1.0,1,1.0,1.0,2.5523488521575928,1.0,1.0,14.816011428833008,5.287435054779053,3.9555325508117676,5.0688934326171875,2.5815703868865967,2.3767411708831787,2.161041259765625,10.293362617492676,1.1193500757217407,1.1368050575256348,3.54062557220459,1.2962628602981567,9.761163711547852,19.266244888305664,50.234249114990234,4.84042501449585,14.192505836486816,32.383541107177734,11.096353530883789,1.0,1.0,29.2886962890625,1.0,39.39714813232422,21.369449615478516,9.281892776489258,1.0,20.534648895263672,16.82125473022461,1.0,6.823421955108643,4.529105186462402,8.175395965576172,1.0,6.315446376800537,10.856340408325195,115.68284606933594,107.63525390625,1.0,18.404029846191406,11.581084251403809,7.782655239105225,33.57286071777344,16.543994903564453,2.890246868133545,4.7214508056640625,1.0,13.11929702758789,44.72650146484375,37.93125534057617,59.86214065551758,9.166666030883789,25.766328811645508,41.67247772216797,18.981111526489258,156.2217559814453,42.1301155090332,32.06575393676758,96.39452362060547,30.0283145904541,26.196481704711914
