영업일자,느티나무 셀프BBQ_1인 수저세트,느티나무 셀프BBQ_BBQ55(단체),"느티나무 셀프BBQ_대여료 30,000원","느티나무 셀프BBQ_대여료 60,000원","느티나무 셀프BBQ_대여료 90,000원","느티나무 셀프BBQ_본삼겹 (단품,실내)",느티나무 셀프BBQ_스프라이트 (단체),느티나무 셀프BBQ_신라면,느티나무 셀프BBQ_쌈야채세트,느티나무 셀프BBQ_쌈장,느티나무 셀프BBQ_육개장 사발면,느티나무 셀프BBQ_일회용 소주컵,느티나무 셀프BBQ_일회용 종이컵,느티나무 셀프BBQ_잔디그늘집 대여료 (12인석),느티나무 셀프BBQ_잔디그늘집 대여료 (6인석),느티나무 셀프BBQ_잔디그늘집 의자 추가,느티나무 셀프BBQ_참이슬 (단체),느티나무 셀프BBQ_친환경 접시 14cm,느티나무 셀프BBQ_친환경 접시 23cm,느티나무 셀프BBQ_카스 병(단체),느티나무 셀프BBQ_콜라 (단체),느티나무 셀프BBQ_햇반,느티나무 셀프BBQ_허브솔트,담하_(단체) 공깃밥,담하_(단체) 생목살 김치전골 2.0,담하_(단체) 은이버섯 갈비탕,담하_(단체) 한우 우거지 국밥,담하_(단체) 황태해장국 3/27까지,담하_(정식) 된장찌개,담하_(정식) 물냉면 ,담하_(정식) 비빔냉면,담하_(후식) 된장찌개,담하_(후식) 물냉면,담하_(후식) 비빔냉면,담하_갑오징어 비빔밥,담하_갱시기,담하_공깃밥,담하_꼬막 비빔밥,담하_느린마을 막걸리,담하_담하 한우 불고기,담하_담하 한우 불고기 정식,담하_더덕 한우 지짐,담하_들깨 양지탕,담하_라면사리,담하_룸 이용료,담하_메밀면 사리,담하_명인안동소주,담하_명태회 비빔냉면,담하_문막 복분자 칵테일,담하_봉평메밀 물냉면,담하_생목살 김치찌개,담하_스프라이트,담하_은이버섯 갈비탕,담하_제로콜라,담하_참이슬,담하_처음처럼,담하_카스,담하_콜라,담하_테라,담하_하동 매실 칵테일,담하_한우 떡갈비 정식,담하_한우 미역국 정식,담하_한우 우거지 국밥,담하_한우 차돌박이 된장찌개,담하_황태해장국,라그로타_AUS (200g),라그로타_G-Charge(3),라그로타_Gls.Sileni,라그로타_Gls.미션 서드,라그로타_Open Food,라그로타_그릴드 비프 샐러드,라그로타_까르보나라,라그로타_모둠 해산물 플래터,라그로타_미션 서드 카베르네 쉬라,라그로타_버섯 크림 리조또,라그로타_빵 추가 (1인),라그로타_스프라이트,라그로타_시저 샐러드 ,라그로타_아메리카노,라그로타_알리오 에 올리오 ,라그로타_양갈비 (4ps),라그로타_자몽리치에이드,라그로타_제로콜라,라그로타_카스,라그로타_콜라,라그로타_하이네켄(생),라그로타_한우 (200g),라그로타_해산물 토마토 리조또,라그로타_해산물 토마토 스튜 파스타,라그로타_해산물 토마토 스파게티,"미라시아_(단체)브런치주중 36,000",미라시아_(오븐) 하와이안 쉬림프 피자,미라시아_(화덕) 불고기 페퍼로니 반반피자,미라시아_BBQ Platter,미라시아_BBQ 고기추가,미라시아_공깃밥,미라시아_글라스와인 (레드),미라시아_레인보우칵테일(알코올),미라시아_미라시아 브런치 (패키지),미라시아_버드와이저(무제한),미라시아_보일링 랍스타 플래터,미라시아_보일링 랍스타 플래터(덜매운맛),미라시아_브런치 2인 패키지 ,미라시아_브런치 4인 패키지 ,미라시아_브런치(대인) 주말,미라시아_브런치(대인) 주중,미라시아_브런치(어린이),미라시아_쉬림프 투움바 파스타,미라시아_스텔라(무제한),미라시아_스프라이트,미라시아_애플망고 에이드,미라시아_얼그레이 하이볼,미라시아_오븐구이 윙과 킬바사소세지,미라시아_유자 하이볼,미라시아_잭 애플 토닉,미라시아_칠리 치즈 프라이,미라시아_코카콜라,미라시아_코카콜라(제로),미라시아_콥 샐러드,미라시아_파스타면 추가(150g),미라시아_핑크레몬에이드,연회장_Cass Beer,연회장_Conference L1,연회장_Conference L2,연회장_Conference L3,연회장_Conference M1,연회장_Conference M8,연회장_Conference M9,연회장_Convention Hall,연회장_Cookie Platter,연회장_Grand Ballroom,연회장_OPUS 2,연회장_Regular Coffee,연회장_골뱅이무침,연회장_공깃밥,연회장_돈목살 김치찌개 (밥포함),연회장_로제 치즈떡볶이,연회장_마라샹궈,연회장_매콤 무뼈닭발&계란찜,연회장_모둠 돈육구이(3인),연회장_삼겹살추가 (200g),연회장_야채추가,연회장_왕갈비치킨,연회장_주먹밥 (2ea),카페테리아_공깃밥(추가),카페테리아_구슬아이스크림,카페테리아_단체식 13000(신),카페테리아_단체식 18000(신),카페테리아_돼지고기 김치찌개,카페테리아_복숭아 아이스티,카페테리아_새우 볶음밥,카페테리아_새우튀김 우동,카페테리아_샷 추가,카페테리아_수제 등심 돈까스,카페테리아_아메리카노(HOT),카페테리아_아메리카노(ICE),카페테리아_약 고추장 돌솥비빔밥,카페테리아_어린이 돈까스,카페테리아_오픈푸드,카페테리아_진사골 설렁탕,카페테리아_짜장면,카페테리아_짜장밥,카페테리아_짬뽕,카페테리아_짬뽕밥,카페테리아_치즈돈까스,카페테리아_카페라떼(HOT),카페테리아_카페라떼(ICE),카페테리아_한상 삼겹구이 정식(2인) 소요시간 약 15~20분,포레스트릿_꼬치어묵,포레스트릿_떡볶이,포레스트릿_복숭아 아이스티,포레스트릿_생수,포레스트릿_스프라이트,포레스트릿_아메리카노(HOT),포레스트릿_아메리카노(ICE),포레스트릿_치즈 핫도그,포레스트릿_카페라떼(HOT),포레스트릿_카페라떼(ICE),포레스트릿_코카콜라,포레스트릿_페스츄리 소시지,화담숲주막_느린마을 막걸리,화담숲주막_단호박 식혜 ,화담숲주막_병천순대,화담숲주막_스프라이트,화담숲주막_참살이 막걸리,화담숲주막_찹쌀식혜,화담숲주막_콜라,화담숲주막_해물파전,화담숲카페_메밀미숫가루,화담숲카페_아메리카노 HOT,화담숲카페_아메리카노 ICE,화담숲카페_카페라떼 ICE,화담숲카페_현미뻥스크림
TEST_00+1일,7.355731964111328,1.0,9.539549827575684,4.358602046966553,1.0,1.0,1.0,1.0,1.0731666088104248,1,1.0,1,1.0708414316177368,2.646805763244629,16.970914840698242,1,1.0,1.0,1.2808536291122437,1.0,10.826972961425781,1.9832593202590942,1.0,1,6.1528000831604,1,1,11.43542194366455,6.146456718444824,3.8937456607818604,2.4506280422210693,2.805152654647827,2.0826544761657715,2.0976178646087646,3.571518898010254,1.0,25.417448043823242,4.3840413093566895,1.0,27.29581069946289,14.273308753967285,1.0,3.3868465423583984,1,1,1.799172282218933,1,2.7827577590942383,1.0,5.813022136688232,10.34518051147461,1.0,5.155428886413574,1.0,2.9723963737487793,1.0,2.859818696975708,1.0,1.0004546642303467,1.0,15.39174747467041,5.548373699188232,20.911151885986328,8.451981544494629,10.39236068725586,1.6697360277175903,1,1.190997838973999,3.9004955291748047,1.0,1.2422434091567993,1.021256685256958,1,1,2.0680036544799805,4.1967926025390625,1.0,1.780584454536438,1.0,3.6255722045898438,1.0,1.0,1.0,1,1.353905200958252,1.7873045206069946,1.146098256111145,1.5700942277908325,2.027963638305664,7.302441120147705,6.991983413696289,1.3709838390350342,5.515625,9.374917984008789,1.7193913459777832,1,1,1.1483370065689087,35.30644226074219,9.770030975341797,1.3566464185714722,1,5.175143718719482,1,85.08744049072266,1.0,15.88106918334961,3.5972530841827393,4.922927379608154,1.1026568412780762,4.3971991539001465,2.2657933235168457,2.5391879081726074,1,1.0,1.0,1.2610082626342773,1.1346278190612793,2.996676445007324,1.0,1.4260365962982178,1,1,1,1,1,1,1.0,1,2.2065398693084717,1,1,1,1.0,1.0534988641738892,1.814308524131775,1.0,1,1.0,1.0,1,1,1.4258979558944702,1.0,8.022668838500977,1.0,44.67121505737305,9.394195556640625,10.371072769165039,1.0,8.364574432373047,1.0,1.0,13.744135856628418,1.0,1.0,16.942745208740234,9.243558883666992,1.565579891204834,1,8.18465518951416,1.0,7.619422435760498,2.608766794204712,5.30445671081543,1.0,1.0,9.812119483947754,1.0,1.3325555324554443,1.0,6.145427703857422,2.2466487884521484,1.0,13.789862632751465,1.0,1.8256200551986694,1.2819738388061523,2.6072802543640137,4.9006571769714355,14.62490463256836,8.487020492553711,18.444168090820312,4.922670841217041,2.2662501335144043,12.496028900146484,3.5030391216278076,45.82323455810547,20.229124069213867,3.8950297832489014,33.791778564453125,4.685532093048096,6.319984436035156
TEST_00+2일,3.163280487060547,1.0,1.1570687294006348,1.0,1.0,1.0,1.0,1.0,1.0,1,1.0,1,1.1476913690567017,1.0,7.248599529266357,1,12.229860305786133,1.0,1.0,1.5463716983795166,7.524924278259277,1.9875717163085938,1.0,1,5.918121337890625,1,1,11.760509490966797,6.214233875274658,3.9093761444091797,2.441077947616577,3.1725950241088867,3.0324957370758057,2.2363979816436768,3.427910327911377,1.0,18.639062881469727,3.8792521953582764,1.0,15.90375804901123,11.174042701721191,1.0,1.1727970838546753,1,1,2.169741630554199,1,3.304295063018799,1.0,4.970461845397949,10.826208114624023,1.0,5.074098587036133,1.0,2.0309863090515137,1.0,1.3345704078674316,1.0,1.0,1.0,9.941020965576172,4.005531311035156,13.132757186889648,7.62642240524292,8.09558391571045,1.8328592777252197,1,1.069859504699707,3.066995143890381,1.0,1.0228315591812134,2.8610637187957764,1,1,2.092449426651001,4.235156059265137,1.0,1.8016247749328613,1.0,3.199113130569458,1.0,1.0,1.0,1,1.4211899042129517,1.536981463432312,1.0535368919372559,1.5423641204833984,2.290060043334961,1.2728271484375,18.050159454345703,1.2006372213363647,3.2298431396484375,3.839860439300537,1.2848573923110962,1,1,1.0,29.836074829101562,7.170588493347168,1.0627906322479248,1,4.629598617553711,1,12.159278869628906,42.412147521972656,11.417827606201172,4.346329212188721,4.666596412658691,1.3518011569976807,2.32806396484375,2.008817434310913,2.435675621032715,1,1.0,1.0054209232330322,1.8656209707260132,1.1371214389801025,3.0191853046417236,1.0,1.4836753606796265,1,1,1,1,1,1,1.0,1,1.5223355293273926,1,1,1,1.0,1.0,1.4706683158874512,1.0,1,1.0,1.0,1,1,1.0,1.3311848640441895,5.901956558227539,1.0,34.39122772216797,28.724613189697266,8.571107864379883,1.0,5.2397780418396,1.0,1.0,8.612569808959961,1.0,1.0,17.463367462158203,6.157317638397217,1.6038947105407715,1,5.974296569824219,1.0,6.398396968841553,2.303936719894409,4.145693302154541,1.0,1.0,8.336069107055664,1.0,1.0,1.0,1.0,1.0,1.0,7.171322822570801,1.0,1.0,1.0,1.6366965770721436,5.907891273498535,8.162031173706055,4.331149101257324,10.111246109008789,3.638861656188965,1.5056943893432617,6.362500190734863,1.0,8.30042552947998,18.943613052368164,1.9555469751358032,24.256275177001953,2.366590738296509,1.0
TEST_00+3일,5.152475833892822,7.15261173248291,2.7604730129241943,1.0,1.0,1.0,3.6041781902313232,1.0,1.0,1,1.0,1,1.2831670045852661,1.0,8.578700065612793,1,9.934977531433105,1.0,1.0,1.5759055614471436,7.444271087646484,2.125472068786621,1.0,1,5.87313175201416,1,1,16.135515213012695,5.729938507080078,3.9096977710723877,1.840028166770935,3.156935691833496,3.0070924758911133,1.8442494869232178,3.469102144241333,1.0,20.894573211669922,4.030913829803467,1.0,10.377429008483887,15.087047576904297,1.0,1.5266735553741455,1,1,1.854797124862671,1,3.1375482082366943,1.0,3.62861704826355,10.802605628967285,1.0,4.737582683563232,1.0,1.5701143741607666,1.0,1.0,1.0,1.0,1.0,6.021169662475586,1.891235113143921,5.328249931335449,6.7872633934021,4.809947967529297,2.8566336631774902,1,1.2906993627548218,2.793919086456299,1.0,1.1691594123840332,1.0,1,1,2.256286144256592,4.11935567855835,1.0,1.7302281856536865,1.0,2.766568183898926,1.0,1.0,1.0,1,1.0501946210861206,1.7148038148880005,1.421518087387085,1.5452877283096313,1.9420758485794067,3.9306418895721436,33.42564010620117,1.4161300659179688,1.2779415845870972,3.795187473297119,1.0,1,1,1.0,26.66240692138672,3.9149575233459473,1.0,1,3.7846736907958984,1,1.0,27.31032943725586,4.439882278442383,2.883829116821289,5.0723185539245605,1.3485394716262817,1.0,1.752640962600708,1.651052713394165,1,1.0,1.2361183166503906,2.1182310581207275,1.0,1.4598487615585327,1.0,1.4790821075439453,1,1,1,1,1,1,1.0,1,2.1979992389678955,1,1,1,1.0,1.0100126266479492,1.3341251611709595,1.0,1,1.0,1.3110690116882324,1,1,1.0,1.712915301322937,2.9005351066589355,1.0,36.053741455078125,64.78658294677734,6.423225402832031,1.0,4.387980937957764,1.0,1.0,7.100619316101074,1.0,1.0,12.264789581298828,3.2964766025543213,1.5530694723129272,1,3.99167799949646,1.0,5.031781196594238,1.1410282850265503,2.631239175796509,1.0,1.0,6.698095798492432,1.0,1.0,1.0,1.0,1.0,1.0,1.0,1.0,1.0,1.0,1.5320935249328613,2.380267858505249,3.643303155899048,2.531433582305908,3.004373788833618,2.162503242492676,1.9373152256011963,3.6501638889312744,1.0,19.43964195251465,20.750614166259766,1.8685331344604492,10.259641647338867,1.0,1.0
TEST_00+4일,8.260947227478027,27.968225479125977,2.1835803985595703,1.0,1.0,1.0,8.948243141174316,1.0,1.1677149534225464,1,1.0,1,1.033522129058838,1.0,9.975054740905762,1,23.25078773498535,1.0504767894744873,1.0,11.354044914245605,9.67138671875,1.8636494874954224,1.0,1,6.291574478149414,1,1,29.188201904296875,6.049871921539307,3.7171621322631836,1.2826666831970215,3.2681334018707275,3.2228362560272217,1.385535717010498,3.4436569213867188,1.702569603919983,24.38228416442871,3.9919488430023193,1.0869619846343994,15.904553413391113,11.799859046936035,1.0,2.0070977210998535,1,1,2.0605900287628174,1,3.5190341472625732,1.0,2.780127763748169,11.980934143066406,1.0,4.22162389755249,1.0,1.4699516296386719,1.0,1.0,1.0,1.0,1.0,7.4026384353637695,1.0,6.304402828216553,8.770461082458496,3.8461222648620605,3.210190534591675,1,1.1361253261566162,3.2949538230895996,1.0,1.148226022720337,1.6950418949127197,1,1,2.098857879638672,3.1311278343200684,1.0,1.968443512916565,1.0,2.1412606239318848,1.0,1.0,1.0,1,1.0649333000183105,2.0475447177886963,1.3319931030273438,1.7703299522399902,2.1048576831817627,4.75410795211792,38.500423431396484,1.1291589736938477,1.0,1.9064198732376099,1.0,1,1,1.0,26.06325912475586,4.0627312660217285,1.4933727979660034,1,3.718858480453491,1,5.240688323974609,21.837013244628906,2.3614299297332764,3.7467939853668213,4.753820419311523,1.1394697427749634,1.0,1.6239478588104248,1.8734420537948608,1,1.0,1.0,1.278981328010559,1.1140497922897339,1.0,1.0,1.6934809684753418,1,1,1,1,1,1,1.0,1,2.597985029220581,1,1,1,1.0,1.6760685443878174,1.2585142850875854,1.0,1,1.0,2.1301910877227783,1,1,1.0,1.6997950077056885,1.6018446683883667,1.0,45.455265045166016,79.1829833984375,5.301121234893799,1.0,4.4355082511901855,1.0,1.0,4.625213623046875,1.0,1.0,10.699825286865234,2.799280881881714,1.351933479309082,1,3.763181447982788,1.0,3.5101921558380127,1.0,2.2822437286376953,1.0,1.0,6.467211723327637,1.0,1.0,1.0160295963287354,1.0306113958358765,1.0,1.0,1.0,1.0,1.0,1.0,2.047504186630249,1.4547425508499146,3.667659044265747,4.845947265625,3.8082334995269775,2.679953098297119,2.069856882095337,1.7817364931106567,1.0,31.248855590820312,19.866113662719727,1.5456269979476929,5.267612457275391,1.692276954650879,1.0
TEST_00+5일,13.753400802612305,31.797574996948242,1.0568695068359375,1.0141502618789673,1.0,1.0,14.816085815429688,1.0,1.7079211473464966,1,1.0042805671691895,1,1.1982526779174805,2.626650094985962,17.810916900634766,1,44.8573112487793,1.434217095375061,1.3979417085647583,20.61227035522461,8.657669067382812,1.8916374444961548,1.0,1,6.108508110046387,1,1,50.23837661743164,6.616334438323975,3.3839025497436523,1.448284387588501,3.1418917179107666,2.995800256729126,1.3630837202072144,3.3214962482452393,1.1071442365646362,27.34219741821289,4.266237735748291,1.540248990058899,18.399154663085938,13.306036949157715,1.0,2.1260578632354736,1,1,1.992508888244629,1,3.470658302307129,1.0,2.343245267868042,13.580137252807617,1.0,3.637739658355713,1.0,1.7258737087249756,1.0,1.0,1.0,1.0,1.0,7.19528341293335,1.0,7.188902378082275,10.043106079101562,4.333492279052734,3.8540072441101074,1,1.2345716953277588,4.176557540893555,1.0,1.0,1.0088077783584595,1,1,2.524003267288208,3.895440101623535,1.0,1.8266215324401855,1.0,2.965172290802002,1.0,1.0,1.0,1,1.0,2.052231788635254,1.038735032081604,1.9923725128173828,2.01692271232605,5.281274318695068,43.76195526123047,1.1419641971588135,1.8084710836410522,5.456045150756836,1.0,1,1,1.0,38.8258056640625,6.185476303100586,1.6807620525360107,1,4.686436653137207,1,1.0,30.621891021728516,3.6566483974456787,3.490569591522217,4.740572452545166,1.0,1.6546183824539185,1.769242286682129,2.3652687072753906,1,1.0,1.0,1.4808464050292969,1.0425664186477661,1.0,1.0,1.8453550338745117,1,1,1,1,1,1,1.0,1,2.2688488960266113,1,1,1,1.0,2.286125421524048,2.2970705032348633,1.0,1,1.0,2.807302713394165,1,1,1.5047006607055664,1.618278980255127,1.8619145154953003,1.0,58.45698165893555,72.15284729003906,5.297784328460693,1.0,6.04229211807251,1.0,1.0,13.270611763000488,1.0,1.0,14.75354290008545,4.2768754959106445,1.198462724685669,1,4.316793918609619,1.0,2.82039737701416,1.0,4.548691749572754,1.0,1.0,8.154748916625977,1.0,1.0,1.0,5.93809175491333,1.0,1.0,1.0,1.3290432691574097,1.0,1.0,2.1315205097198486,1.0,7.30774450302124,6.640946388244629,6.340699672698975,2.9431798458099365,1.7448688745498657,3.4909355640411377,2.493838310241699,14.217206954956055,20.440832138061523,2.7623214721679688,10.632363319396973,4.635805130004883,3.197085380554199
TEST_00+6일,16.985759735107422,23.138532638549805,7.375633239746094,4.940118789672852,1.0,1.0,11.089322090148926,1.171250820159912,1.7817027568817139,1,1.0,1,1.192150592803955,4.166144847869873,30.511960983276367,1,35.722206115722656,1.6857895851135254,1.7293214797973633,15.161534309387207,7.931894302368164,2.122875213623047,1.0,1,6.0109734535217285,1,1,47.06474685668945,7.258368015289307,3.6575429439544678,1.3036167621612549,2.4599409103393555,3.568702459335327,1.8105496168136597,4.038394927978516,1.0,34.538848876953125,4.228998184204102,2.1102120876312256,29.672218322753906,14.085151672363281,1.0,3.2585935592651367,1,1,1.6807340383529663,1,3.265958070755005,1.0,3.297517776489258,13.737177848815918,1.0,4.390246391296387,1.0,3.226483106613159,1.0,1.3291714191436768,1.0,1.2957547903060913,1.0,12.945587158203125,2.9772238731384277,10.130383491516113,9.890551567077637,6.346080780029297,3.9503021240234375,1,1.1990931034088135,4.510573387145996,1.0,1.1527247428894043,2.1811399459838867,1,1,2.2566559314727783,3.885065793991089,1.0,1.7160965204238892,1.0,3.6528053283691406,1.0,1.0,1.0,1,1.2795335054397583,2.051354169845581,1.0770161151885986,1.3722306489944458,2.0175111293792725,8.218637466430664,27.694866180419922,1.106571078300476,3.361051082611084,16.02903175354004,1.0,1,1,1.323042631149292,40.72461700439453,8.441471099853516,2.3411803245544434,1,6.638594627380371,1,12.62625503540039,39.90342330932617,8.961042404174805,4.947056293487549,4.97808837890625,1.3853766918182373,4.3050994873046875,2.2263379096984863,3.3027076721191406,1,1.0,1.0183532238006592,2.019162893295288,1.4995108842849731,1.0316048860549927,1.0,2.1577069759368896,1,1,1,1,1,1,1.0,1,1.9855210781097412,1,1,1,2.9903957843780518,2.6668190956115723,3.830641031265259,1.900429368019104,1,1.4644300937652588,5.917568683624268,1,1,3.97385835647583,1.971937894821167,5.237079620361328,1.0,72.5880126953125,40.80678939819336,7.335821628570557,1.0,7.609355449676514,1.0,1.0,17.28049659729004,1.0,1.0,16.73293113708496,7.83959436416626,1.2575795650482178,1,9.794466972351074,1.0,4.379289627075195,1.0,4.541813850402832,1.0,1.0,9.030220031738281,1.0,1.0,1.0,10.263060569763184,1.4927421808242798,1.0,5.156454086303711,3.9076554775238037,1.0,1.0,4.330359935760498,1.6567795276641846,13.249445915222168,11.719319343566895,14.069852828979492,3.1091103553771973,2.4089877605438232,9.890929222106934,4.768643379211426,33.62657165527344,18.961801528930664,4.302102565765381,25.25116539001465,7.715292930603027,7.984683513641357
TEST_00+7일,14.804659843444824,8.69686508178711,14.851641654968262,7.531807899475098,1.4997913837432861,1.0,1.0,1.0280314683914185,1.2726448774337769,1,1.0,1,1.512732744216919,4.440336227416992,34.8921012878418,1,6.458563804626465,1.4790922403335571,1.4601224660873413,2.9410228729248047,10.627251625061035,1.9017332792282104,1.0,1,6.019406318664551,1,1,23.972578048706055,7.766968250274658,4.143886089324951,1.3855299949645996,2.762345552444458,3.9512453079223633,1.9068303108215332,3.386507272720337,1.1580361127853394,36.151153564453125,4.430047035217285,2.658719778060913,39.87571334838867,10.045125007629395,1.0,1.0,1,1,2.1534392833709717,1,3.443085193634033,1.0,4.619703769683838,12.466509819030762,1.0,4.5270676612854,1.0,3.025726318359375,1.0,2.260209321975708,1.0,1.2097513675689697,1.0,18.945384979248047,4.427967548370361,17.622722625732422,11.012624740600586,9.559699058532715,2.368098258972168,1,1.4277548789978027,5.243291854858398,1.0,1.0989749431610107,1.8627804517745972,1,1,2.239006757736206,4.7722320556640625,1.0,1.9142805337905884,1.0,3.954317331314087,1.1983352899551392,1.186936855316162,1.0,1,1.0,1.9725573062896729,1.2808034420013428,1.4740597009658813,2.0447893142700195,11.610663414001465,8.145922660827637,1.111098051071167,5.484425067901611,19.20510482788086,1.4449042081832886,1,1,1.437157392501831,38.59798049926758,10.83265495300293,2.2039363384246826,1,6.824120044708252,1,84.54745483398438,2.171121835708618,18.141704559326172,4.079554080963135,4.34004545211792,1.261438250541687,5.265120506286621,2.486356258392334,3.6600794792175293,1,1.0,1.0,2.964259386062622,1.0900511741638184,1.80687415599823,1.0,1.9233431816101074,1,1,1,1,1,1,1.0,1,2.070672035217285,1,1,1,3.5446937084198,2.3258838653564453,3.835092544555664,2.7902491092681885,1,1.5843844413757324,8.20461368560791,1,1,4.803431510925293,2.37715482711792,7.938003063201904,1.0,65.08779907226562,10.937877655029297,10.359036445617676,1.0,9.513771057128906,1.0,1.0,17.96024513244629,1.0,1.0,17.57317352294922,9.440950393676758,1.0,1,13.057788848876953,1.0,7.120023727416992,2.258939266204834,6.366569519042969,1.0,1.0,10.550939559936523,1.0,1.1049317121505737,3.9535012245178223,13.098517417907715,2.2857823371887207,1.1681448221206665,11.839334487915039,3.9250707626342773,1.0,1.0,4.018694877624512,2.010265350341797,18.011720657348633,12.308269500732422,17.010229110717773,4.027827262878418,3.658806562423706,14.916790008544922,5.634827136993408,68.27135467529297,18.767608642578125,4.268127918243408,39.49567413330078,8.22171401977539,9.197565078735352
TEST_01+1일,8.402588844299316,1.0,10.848733901977539,3.2536590099334717,1.0,1.0,1.0,1.7895172834396362,2.289442777633667,1,1.0,1,1.0,2.8636865615844727,29.337181091308594,1,1.0,1.0,2.2572944164276123,1.0,5.989331245422363,1.760846495628357,1.0,1,6.152848720550537,1,1,19.00957679748535,4.813630104064941,2.2536725997924805,2.3587594032287598,2.7582335472106934,1.6385395526885986,1.0,2.4742729663848877,1.0,27.596269607543945,4.469130516052246,1.3380942344665527,40.68864822387695,16.474773406982422,1.502558946609497,3.621840476989746,1,1,1.9720664024353027,1,2.506530284881592,1.0,6.7997331619262695,9.551791191101074,1.0,1.4260804653167725,1.0,2.621323823928833,1.0,1.0540313720703125,1.0,1.0305513143539429,1.0,15.440683364868164,7.53191614151001,15.84351921081543,7.405600547790527,12.386466026306152,3.0563580989837646,1,1.0829042196273804,2.768751621246338,1.0,1.583528995513916,1.0,1,1,2.095978021621704,3.040644407272339,1.0,2.046318531036377,1.0,3.108584403991699,1.1281085014343262,1.0,1.0,1,1.0,1.674691915512085,1.0972684621810913,1.5564509630203247,1.3490748405456543,4.971683502197266,1.0,1.3762540817260742,4.251686096191406,12.621488571166992,1.0,1,1,1.0,34.67304229736328,6.245685577392578,1.9272900819778442,1,9.276206970214844,1,112.8867416381836,1.0,51.1480712890625,3.459099292755127,4.792099475860596,1.106573462486267,2.352247953414917,1.3382294178009033,2.373257637023926,1,1.0,1.0,4.1631903648376465,1.176200270652771,1.0925530195236206,1.0,1.0,1,1,1,1,1,1,1.0,1,1.5805916786193848,1,1,1,1.0,2.086883306503296,1.7992430925369263,1.0988945960998535,1,1.0,5.580471515655518,1,1,2.397505521774292,2.6109063625335693,9.045659065246582,1.0,26.985061645507812,1.371161937713623,13.5777006149292,1.0,9.078691482543945,1.0,1.0,24.879417419433594,1.0,1.0,17.561994552612305,8.003512382507324,1.0,1,12.236536979675293,1.0,5.724996566772461,4.523613452911377,7.800551891326904,1.0,1.0,12.087859153747559,3.010634183883667,1.0,1.466874599456787,5.5503315925598145,2.1942012310028076,3.777794599533081,17.84438133239746,1.0,1.0,3.427607297897339,4.536562442779541,2.2279207706451416,23.191892623901367,7.067368984222412,14.146263122558594,4.668125629425049,11.722221374511719,9.804543495178223,7.178654193878174,60.13880920410156,13.822601318359375,3.7361371517181396,42.66646957397461,6.763707160949707,13.667204856872559
TEST_01+2일,2.2301478385925293,1.0,2.8029303550720215,1.0,1.0,1.0,1.0292123556137085,1.1238840818405151,1.053844690322876,1,1.0,1,1.1271675825119019,1.1410998106002808,12.23868179321289,1,1.6076654195785522,1.0,1.0,6.753941059112549,3.8053057193756104,1.8345386981964111,1.0,1,5.917813777923584,1,1,21.657190322875977,6.0243706703186035,1.833666443824768,2.4339256286621094,3.2341647148132324,3.3304476737976074,1.0,2.32779598236084,1.0,24.720855712890625,3.578122138977051,1.1054766178131104,30.173965454101562,12.248113632202148,1.3265953063964844,2.3025827407836914,1,1,1.8823046684265137,1,3.1340115070343018,1.0,5.950367450714111,9.447362899780273,1.0,1.2018028497695923,1.0,1.985451579093933,1.0,1.0,1.0,1.0,1.0,9.272998809814453,5.246832847595215,10.767293930053711,6.1927361488342285,7.932952404022217,3.237917900085449,1,1.1650069952011108,2.057016611099243,1.0,1.3225436210632324,1.0,1,1,1.9621968269348145,2.3313682079315186,1.0,1.9958419799804688,1.0,2.866495370864868,1.3289142847061157,1.0,1.0,1,1.0,1.3316549062728882,1.0407906770706177,1.5462133884429932,1.7037053108215332,2.1905975341796875,1.0,1.2327649593353271,1.995441198348999,6.16628360748291,1.0,1,1,1.0,24.642620086669922,5.462282180786133,1.6327426433563232,1,6.186620712280273,1,27.41874122619629,14.165244102478027,34.69095993041992,4.701597690582275,4.325847625732422,1.3876463174819946,1.1457574367523193,1.4089022874832153,1.9483776092529297,1,1.0,1.0167768001556396,3.8481435775756836,1.2477473020553589,1.0,1.0184297561645508,1.0,1,1,1,1,1,1,1.0,1,1.2754535675048828,1,1,1,1.0,1.1235263347625732,1.0,1.0,1,1.0,3.1688640117645264,1,1,1.0,2.8687362670898438,6.082683563232422,1.0,46.328521728515625,13.65249252319336,9.762073516845703,1.0,6.307649612426758,1.0,1.0,15.891834259033203,1.0,1.0,17.074886322021484,5.091315746307373,1.0,1,7.748703956604004,1.0,4.050992965698242,2.0300841331481934,5.316687107086182,1.0,1.0,8.072739601135254,1.0,1.0,1.0,1.0,1.6155977249145508,1.0,12.501310348510742,1.0,1.0,2.3167569637298584,1.0,1.0,12.106605529785156,4.182701587677002,8.44299030303955,2.92094349861145,7.632192611694336,7.2831549644470215,5.361000061035156,16.564586639404297,14.221192359924316,2.073575735092163,29.51333999633789,5.49733304977417,6.558919429779053
TEST_01+3일,2.012742757797241,5.255471229553223,4.049192905426025,1.0,1.0,1.0,4.385194778442383,1.0,1.0,1,1.0,1,1.2945971488952637,1.0,4.582088470458984,1,4.111108303070068,1.0,1.0,12.76115894317627,3.8059885501861572,1.770404577255249,1.0,1,5.87208366394043,1,1,33.47257995605469,6.129703044891357,2.083871841430664,2.0261645317077637,3.1914873123168945,4.466446399688721,1.0,2.0739965438842773,1.0546438694000244,19.45294189453125,4.218262672424316,1.0,21.492938995361328,15.305999755859375,1.649658203125,2.9226698875427246,1,1,1.5577528476715088,1,3.073590040206909,1.0,3.9080188274383545,9.847051620483398,1.0,1.21750009059906,1.0,1.2624893188476562,1.0,1.0,1.0,1.0,1.0,4.246155261993408,1.637375831604004,5.020524024963379,4.890578269958496,3.4218266010284424,3.426631450653076,1,1.3177688121795654,2.1273269653320312,1.0,1.4678897857666016,1.0,1,1,2.0669302940368652,1.2494884729385376,1.0,2.1750495433807373,1.0,2.669923782348633,1.0,1.0,1.0,1,1.0,1.5280126333236694,1.3926281929016113,1.7172133922576904,1.1603665351867676,1.448564887046814,1.0,1.4565496444702148,1.0,4.253422260284424,1.0,1,1,1.0,15.909120559692383,4.575701713562012,1.2150174379348755,1,3.9118175506591797,1,1.0,16.219968795776367,15.8976469039917,2.7641053199768066,4.842035293579102,1.335754632949829,1.0,1.2927613258361816,1.0,1,1.0,1.287959098815918,2.7874972820281982,1.0433052778244019,1.0,1.0,1.0,1,1,1,1,1,1,1.0,1,1.5748780965805054,1,1,1,1.0,1.0,1.0,1.0,1,1.0,2.775017738342285,1,1,1.0,1.0,3.983224868774414,1.0,60.67632293701172,39.089263916015625,7.154616832733154,1.0,6.541661262512207,1.0,1.0,11.25693416595459,1.0,1.0,12.647112846374512,2.513031244277954,1.0,1,4.538583755493164,1.0,2.9335508346557617,1.0187321901321411,1.2847861051559448,1.0,1.0,5.283380031585693,1.0,1.0,3.6028552055358887,3.4768178462982178,1.4405004978179932,1.0,5.821278095245361,1.0,1.0,1.4826856851577759,1.0,1.0,4.527181625366211,2.0922513008117676,2.8833513259887695,1.2779148817062378,7.248687267303467,6.326383113861084,3.349916458129883,20.495182037353516,17.388587951660156,2.999939441680908,11.754323959350586,3.7020654678344727,1.0496548414230347
TEST_01+4일,4.179777145385742,16.708627700805664,3.0028815269470215,1.0,1.0,1.0,11.753068923950195,1.0,1.5630264282226562,1,1.0,1,1.012195110321045,1.0,4.98875617980957,1,15.321063995361328,1.0,1.0,21.97714614868164,6.489757061004639,1.6524189710617065,1.0,1,6.291599750518799,1,1,43.08280944824219,5.623566150665283,2.138028621673584,1.925856590270996,2.99103045463562,4.332028865814209,1.0,1.46626615524292,1.9304536581039429,20.985990524291992,4.7037858963012695,1.0,25.553682327270508,12.862075805664062,1.5402592420578003,2.070322275161743,1,1,1.9265520572662354,1,3.2697904109954834,1.0,2.8717970848083496,9.725271224975586,1.0,1.3840255737304688,1.0,1.314781904220581,1.0,1.0,1.0,1.0,1.0,5.129451751708984,1.0,5.8122124671936035,5.70495080947876,2.690269708633423,2.7688982486724854,1,1.0790245532989502,3.1022751331329346,1.0,1.3981211185455322,1.0,1,1,2.2057337760925293,1.0,1.0,2.5165393352508545,1.0,1.7479853630065918,1.0,1.0,1.0,1,1.0,1.9055836200714111,1.5122976303100586,2.0665676593780518,1.7142562866210938,1.9971649646759033,1.62874174118042,1.4457927942276,1.0,1.8038736581802368,1.0,1,1,1.0,12.413607597351074,5.368777275085449,1.142909049987793,1,2.9899749755859375,1,7.821498870849609,13.855997085571289,12.983540534973145,3.852452278137207,4.7623982429504395,1.052872657775879,1.0,1.2218854427337646,1.0,1,1.0,1.0,1.7983341217041016,1.2493666410446167,1.0,1.0,1.0,1,1,1,1,1,1,1.0,1,1.695328950881958,1,1,1,1.0,1.0,1.0,1.0,1,1.0,1.8949508666992188,1,1,1.0,1.0,3.4572372436523438,1.0,81.27911376953125,48.71686553955078,5.38387393951416,1.0,6.078042030334473,1.0,1.0,3.62052321434021,1.0,1.0,11.101617813110352,1.0,1.0,1,2.7749786376953125,1.0,2.0907318592071533,1.0,1.0,1.0,1.0,4.779599189758301,1.0,1.0,2.276266098022461,6.3748016357421875,1.0,1.0,2.397263288497925,1.0,1.0,1.0,1.0,1.0,1.0,1.3972941637039185,7.537869930267334,2.126451253890991,6.328754425048828,4.605878829956055,3.3273019790649414,32.81246566772461,16.613954544067383,2.9400243759155273,5.200257301330566,1.8905373811721802,1.0
TEST_01+5일,9.976912498474121,20.382123947143555,2.2920494079589844,1.0,1.0,1.0,18.203874588012695,1.0,2.950568199157715,1,1.0,1,1.211071491241455,2.2809765338897705,11.358587265014648,1,34.51050567626953,1.0,1.4625945091247559,35.77018356323242,4.976529121398926,1.719547986984253,1.0,1,6.107571601867676,1,1,72.37577819824219,5.4214253425598145,2.253504991531372,1.9581037759780884,3.374255657196045,2.6354761123657227,1.0,1.4423619508743286,1.5478739738464355,21.89300537109375,4.637480735778809,1.0723609924316406,22.063304901123047,12.68508529663086,1.7297735214233398,2.977168560028076,1,1,2.108457565307617,1,3.1652753353118896,1.0,3.2854177951812744,9.864259719848633,1.0,1.557538628578186,1.0,1.2465697526931763,1.0,1.0,1.0,1.0,1.0,4.405437469482422,1.0,5.887289047241211,6.552393436431885,2.3070662021636963,2.310228109359741,1,1.1012252569198608,3.903641939163208,1.0,1.153107762336731,1.0,1,1,2.5063023567199707,1.7165746688842773,1.0,2.1483099460601807,1.0,2.6431517601013184,1.0,1.0,1.0,1,1.0,1.8901792764663696,1.0,2.1549041271209717,1.6553936004638672,1.7422313690185547,7.5145463943481445,1.1436967849731445,1.4000744819641113,3.788956880569458,1.0,1,1,1.0,24.353410720825195,6.422715187072754,1.083063006401062,1,3.550557851791382,1,1.0,22.206905364990234,14.090730667114258,3.6048340797424316,4.608536243438721,1.0211548805236816,1.0,1.1442677974700928,1.0,1,1.0,1.0166425704956055,1.1123875379562378,1.3277698755264282,1.0,1.0,1.0,1,1,1,1,1,1,1.0,1,1.398668885231018,1,1,1,1.0,1.0,1.0,1.0,1,1.0,2.2334420680999756,1,1,1.0,1.0,3.5608556270599365,1.0,92.28380584716797,41.468292236328125,5.381748199462891,1.0,7.208569049835205,1.0,1.0,11.969084739685059,1.0,1.0,11.851968765258789,1.575806975364685,1.0,1,3.9627363681793213,1.0,2.438680410385132,1.38157057762146,1.34970223903656,1.0,1.0,6.7729387283325195,1.0,1.0,1.0,6.941092491149902,1.0,1.0,1.0,1.0,1.0,1.0,1.0,1.0,4.170259952545166,3.0165305137634277,9.558891296386719,3.6775341033935547,8.695781707763672,3.6717216968536377,5.261083126068115,16.18338966369629,17.944671630859375,3.427459239959717,8.791086196899414,2.817533254623413,1.9871095418930054
TEST_01+6일,14.817109107971191,15.842964172363281,8.004317283630371,4.599539756774902,1.0,1.0,13.123858451843262,1.5473514795303345,3.828455924987793,1,1.0,1,1.1907901763916016,3.8151979446411133,25.43663787841797,1,27.98644256591797,1.107960820198059,2.879258394241333,29.374969482421875,4.576686382293701,1.7619147300720215,1.0,1,6.010777950286865,1,1,64.83951568603516,6.744061470031738,2.3480124473571777,1.6208970546722412,2.714256763458252,1.4751780033111572,1.0,1.5310986042022705,1.0,28.41098403930664,3.962982416152954,1.3944079875946045,28.342327117919922,14.558588981628418,1.5207276344299316,3.11238956451416,1,1,1.5869476795196533,1,2.4147448539733887,1.0,4.0620036125183105,9.932113647460938,1.0,1.8488614559173584,1.0,2.0883586406707764,1.0,1.0,1.0,1.0,1.0,9.856120109558105,3.157456636428833,7.637238025665283,6.604984283447266,5.455250263214111,1.8650801181793213,1,1.2224338054656982,4.052579879760742,1.0,1.3911058902740479,1.0,1,1,2.4740986824035645,2.6148293018341064,1.0,2.1299071311950684,1.0,2.9262380599975586,1.0,1.0,1.0,1,1.0,2.2291312217712402,1.0,1.659639596939087,1.2768452167510986,2.7891454696655273,6.06984806060791,1.2189748287200928,2.5664398670196533,11.59909439086914,1.0,1,1,1.0,29.733335494995117,6.318342685699463,1.693165898323059,1,6.266739368438721,1,10.253700256347656,24.84266471862793,18.932811737060547,5.083336353302002,4.729983329772949,1.3929102420806885,1.9129644632339478,1.1107208728790283,1.2301628589630127,1,1.0,1.083077311515808,1.1320209503173828,1.6152386665344238,1.8183624744415283,1.0,1.0,1,1,1,1,1,1,1.0,1,1.7237844467163086,1,1,1,5.020008087158203,1.0,2.9280707836151123,1.7350841760635376,1,1.2501866817474365,6.056637287139893,1,1,1.2856647968292236,1.0,6.708141326904297,1.0,71.58976745605469,25.01511001586914,7.983312129974365,1.0,7.649588108062744,1.0,1.0,18.54939079284668,1.0,1.0,13.518104553222656,4.800751686096191,1.0,1,8.916953086853027,1.0,4.11234188079834,2.5438647270202637,4.5105156898498535,1.0,1.0,9.3619384765625,1.0,1.0,4.754370212554932,10.70296859741211,1.1921453475952148,1.0,4.241415023803711,1.0,1.0,1.0,3.5484840869903564,1.0,17.612863540649414,8.047964096069336,16.936960220336914,5.7043843269348145,14.019309043884277,6.790768146514893,7.395083904266357,39.09650802612305,17.948171615600586,3.1598660945892334,26.000288009643555,6.2755279541015625,8.933046340942383
TEST_01+7일,14.666672706604004,6.883449554443359,14.162201881408691,6.406742095947266,1.395787000656128,1.0,1.6453639268875122,1.6617107391357422,3.5431947708129883,1,1.0,1,1.557084560394287,4.356057167053223,36.84807586669922,1,11.847168922424316,1.2783108949661255,3.1119611263275146,10.348390579223633,4.681051254272461,1.57332181930542,1.0,1,6.018572807312012,1,1,33.80503463745117,6.465848922729492,2.3862016201019287,1.8627634048461914,2.439188241958618,1.732702374458313,1.0,1.6955476999282837,1.073102593421936,29.040559768676758,4.917520999908447,1.786191463470459,38.660369873046875,11.580167770385742,1.5496470928192139,1.8891856670379639,1,1,2.2337136268615723,1,2.908604383468628,1.0,5.664556503295898,9.295113563537598,1.0,1.6689329147338867,1.0,1.9372379779815674,1.0,1.0,1.0,1.0,1.0,15.254203796386719,5.80600643157959,12.784087181091309,7.817623138427734,11.036539077758789,1.5679268836975098,1,1.514960527420044,4.675433158874512,1.0,1.3181072473526,1.732928991317749,1,1,2.3553333282470703,2.6489787101745605,1.0,2.025733470916748,1.0,3.804187536239624,1.475096344947815,1.0,1.0,1,1.0,2.142878770828247,1.3177664279937744,1.3383344411849976,1.2269470691680908,5.294236660003662,6.610590934753418,1.0,4.305799961090088,16.841228485107422,1.0,1,1,1.0,25.746421813964844,6.426733493804932,1.6017637252807617,1,6.4771809577941895,1,91.35881805419922,12.882011413574219,35.01889419555664,4.337591648101807,4.288553237915039,1.3279415369033813,2.5804154872894287,1.3880465030670166,1.4314820766448975,1,1.0,1.0,1.317475438117981,1.1258103847503662,2.109273672103882,1.1043299436569214,1.0,1,1,1,1,1,1,1.0,1,1.2423079013824463,1,1,1,6.358470916748047,1.5841151475906372,3.6616318225860596,2.926797389984131,1,1.3822191953659058,7.527797222137451,1,1,2.8183157444000244,1.1166293621063232,7.816283702850342,1.0,54.448490142822266,1.2213013172149658,10.550785064697266,1.0,9.926101684570312,1.0,1.0,20.737438201904297,1.0,1.0,15.127574920654297,6.982743740081787,1.0,1,12.570347785949707,1.0,5.665769577026367,2.981847047805786,5.68494176864624,1.0,1.0,10.757505416870117,2.566051959991455,1.0,5.822607040405273,11.852696418762207,1.5739444494247437,1.0,10.656949996948242,1.0,1.0,2.3191514015197754,2.9427077770233154,1.0,26.63922119140625,9.788949966430664,16.95602798461914,8.618512153625488,17.028348922729492,8.402993202209473,8.816788673400879,74.83990478515625,18.829044342041016,3.1014857292175293,45.508644104003906,7.5397844314575195,16.13338279724121
TEST_02+1일,7.36743688583374,1.0,9.81393814086914,5.556877136230469,1.0,1.0,1.0,2.4155220985412598,3.1901984214782715,1,1.1376538276672363,1,1.0862730741500854,3.7812137603759766,29.409765243530273,1,1.0,1.0,3.309206485748291,1.0,10.296090126037598,2.4352126121520996,1.0012410879135132,1,5.728353023529053,1,1,1.0,9.959086418151855,5.575246334075928,3.9771432876586914,2.8345205783843994,1.0136688947677612,1.167396903038025,1.0,3.1849679946899414,43.14661407470703,8.801429748535156,1.0,31.2722225189209,25.41436767578125,1.7316689491271973,6.476413726806641,1,1,1.974931240081787,1,2.9230000972747803,1.0,3.4365172386169434,14.167400360107422,1.0,7.080099582672119,1.0,3.1379079818725586,1.0,1.4510549306869507,1.0,1.0,1.0,11.956404685974121,11.549999237060547,22.669696807861328,13.97290325164795,15.029753684997559,2.396846055984497,1,1.1475656032562256,3.5890350341796875,1.0,2.675067186355591,1.0,1,1,2.1842703819274902,4.498312950134277,1.0,2.3264827728271484,1.0,4.198738098144531,1.3574141263961792,1.0,1.0,1,1.0,1.7033841609954834,1.448983907699585,2.0998361110687256,2.174467086791992,5.039889335632324,2.6465396881103516,1.5654878616333008,4.9631028175354,9.83487606048584,2.0564091205596924,1,1,1.0,9.580421447753906,10.55833625793457,1.0934364795684814,1,4.826169967651367,1,140.24754333496094,1.0,52.989959716796875,3.1998748779296875,4.345947742462158,1.125690221786499,2.508897066116333,1.1029788255691528,1.3585569858551025,1,2.237111806869507,1.0,1.819252610206604,1.306257724761963,2.141770124435425,1.0077049732208252,1.5902423858642578,1,1,1,1,1,1,1.0,1,1.4856643676757812,1,1,1,6.851601600646973,1.493129849433899,3.263482093811035,2.4639487266540527,1,1.540727138519287,10.077462196350098,1,1,3.103407859802246,1.0,9.110901832580566,1.0,25.137794494628906,22.385738372802734,10.010461807250977,1.0,10.274176597595215,1.0,1.0,34.8709716796875,1.0,1.0,33.552879333496094,15.919347763061523,1.0,1,28.45838737487793,1.0101141929626465,9.595531463623047,5.310153961181641,12.40205192565918,1.0,1.0,18.70513343811035,1.0,8.846632957458496,6.511670112609863,10.837851524353027,1.3010241985321045,9.49699878692627,35.164424896240234,10.149999618530273,6.857265472412109,7.473052978515625,4.204627513885498,7.15561056137085,61.98180389404297,36.40868377685547,52.356754302978516,27.45941734313965,40.4505500793457,22.51498794555664,27.459394454956055,178.66372680664062,51.89524841308594,22.68659782409668,63.642677307128906,10.86177921295166,38.292022705078125
TEST_02+2일,5.1738409996032715,9.02596378326416,1.0,1.496729850769043,1.0,1.0,1.0,1.48630690574646,2.0092291831970215,1,1.0,1,1.186849594116211,2.0528624057769775,17.33160972595215,1,23.339378356933594,1.0,1.0,24.97722053527832,5.227860927581787,2.4410977363586426,1.0,1,5.444789409637451,1,1,1.0,10.656549453735352,5.293879985809326,3.936508893966675,3.7671468257904053,1.7893171310424805,1.1971379518508911,1.0,3.3304319381713867,36.20030212402344,7.6475934982299805,1.0,21.418920516967773,24.33348846435547,1.5303629636764526,4.086668491363525,1,1,2.431368827819824,1,3.134089946746826,1.0,2.9441394805908203,14.653059005737305,1.0,7.196412086486816,1.0,1.7309174537658691,1.0,1.2929904460906982,1.0,1.0,1.0,7.660266876220703,10.531558990478516,14.139617919921875,13.54321575164795,11.673271179199219,1.3812447786331177,1,1.2402617931365967,3.5039494037628174,1.0,2.658942699432373,2.598215341567993,1,1,2.1642189025878906,3.381812810897827,1.0,2.133415460586548,1.0,3.5067741870880127,1.7113286256790161,1.0,1.0,1,1.0,1.1144105195999146,1.2460054159164429,1.6805813312530518,2.407393455505371,1.5800538063049316,15.48806095123291,1.408123254776001,3.765282392501831,4.920194625854492,1.7152245044708252,1,1,1.0,10.67892074584961,8.17170238494873,1.0,1,4.84521484375,1,43.2398681640625,37.84230422973633,60.053470611572266,4.274227619171143,4.186631202697754,1.5436325073242188,1.4591500759124756,1.081462025642395,1.357682228088379,1,1.491004467010498,1.047128677368164,1.8620164394378662,1.2131701707839966,2.813789129257202,1.1977484226226807,1.4002306461334229,1,1,1,1,1,1,1.0,1,1.2247724533081055,1,1,1,1.3832324743270874,1.0,2.0565788745880127,1.0,1,1.0,4.717278480529785,1,1,1.6858974695205688,1.0,6.618988513946533,1.0,16.841053009033203,41.817626953125,5.93822717666626,1.0,7.945218563079834,1.0,1.0,27.384395599365234,1.0,1.0,37.71795654296875,10.838750839233398,1.0,1,21.831472396850586,1.1412705183029175,7.620082855224609,4.784847736358643,12.158302307128906,1.0,1.0,13.810708999633789,1.0,6.540637493133545,3.79038667678833,9.294657707214355,1.890671968460083,8.009407997131348,26.627517700195312,8.866483688354492,5.049159049987793,5.77197790145874,1.0,5.980247974395752,43.88857650756836,25.579051971435547,55.07749557495117,23.96369171142578,32.91858673095703,12.864729881286621,21.76206398010254,162.59230041503906,51.668067932128906,22.59209442138672,58.322025299072266,8.775412559509277,31.879318237304688
TEST_02+3일,4.25366735458374,27.05360984802246,2.4869189262390137,1.0,1.0,1.0,3.4448294639587402,1.0,1.0794745683670044,1,1.0901106595993042,1,1.268942952156067,1.0,11.363380432128906,1,16.96185874938965,1.0,1.0,31.441293716430664,7.984878063201904,2.5411229133605957,1.0,1,5.5230021476745605,1,1,15.368356704711914,12.144774436950684,5.631494522094727,4.346259593963623,3.846423387527466,1.7881605625152588,1.3049821853637695,1.0,3.4137024879455566,35.30924987792969,7.7175140380859375,1.0,20.573171615600586,27.38054847717285,1.9239964485168457,5.405608177185059,1,1,2.2173585891723633,1,3.0582923889160156,1.0,2.574965715408325,13.174582481384277,1.0,7.0221171379089355,1.0,1.1356532573699951,1.0,1.3904736042022705,1.0,1.0,1.0,5.762238025665283,8.44342041015625,6.854070663452148,11.16821002960205,8.369062423706055,2.1038942337036133,1,1.4520440101623535,2.6091551780700684,1.0,2.7473065853118896,1.0,1,1,2.4806814193725586,3.25620698928833,1.0,2.435727596282959,1.0,3.8762547969818115,1.1849360466003418,1.0,1.0,1,1.0,1.0214273929595947,1.4740853309631348,1.8953689336776733,1.9816712141036987,1.6158660650253296,34.71098327636719,1.639012098312378,2.4781060218811035,2.7426037788391113,1.0,1,1,1.0,11.561699867248535,7.189504146575928,1.0114539861679077,1,5.122214317321777,1,9.69510269165039,29.111461639404297,41.71018600463867,2.316253423690796,4.543967247009277,1.5642857551574707,1.0,1.0144495964050293,1.360697627067566,1,1.0,1.3306655883789062,1.2722454071044922,1.085622787475586,2.3689651489257812,1.08743417263031,1.1495308876037598,1,1,1,1,1,1,1.0,1,1.349135398864746,1,1,1,1.4892014265060425,1.0,2.132399082183838,1.2158907651901245,1,1.0,3.1948676109313965,1,1,1.4920458793640137,1.0,4.046116352081299,1.0,12.49569320678711,90.04732513427734,2.1415553092956543,1.0,7.4532270431518555,1.0,1.0,24.46454429626465,1.0,1.0,31.48225975036621,5.600378036499023,1.0,1,15.869063377380371,1.161370038986206,5.283752918243408,4.064869403839111,13.961980819702148,1.0,1.0,6.568316459655762,1.0,4.130870819091797,7.882153511047363,8.213282585144043,1.237278938293457,5.3947296142578125,11.914772033691406,10.685714721679688,3.5497231483459473,3.0527234077453613,1.0,4.467639446258545,32.82145309448242,22.885271072387695,49.12203598022461,23.89780616760254,23.995494842529297,19.19081687927246,10.125855445861816,185.16270446777344,53.9151496887207,24.531475067138672,50.8613395690918,9.949140548706055,28.81800651550293
TEST_02+4일,3.860177516937256,66.23651885986328,1.7015113830566406,1.0,1.0,1.0,10.280125617980957,1.0,1.1553837060928345,1,1.3237659931182861,1,1.1616567373275757,1.0,10.276999473571777,1,40.23991775512695,1.0,1.0,47.204322814941406,9.857572555541992,2.4589076042175293,1.0,1,5.782508850097656,1,1,37.068546295166016,10.536091804504395,5.65230131149292,4.69649600982666,3.347184658050537,1.9095019102096558,1.4268802404403687,1.0,3.049551248550415,36.16339111328125,7.2056732177734375,1.079182744026184,25.118106842041016,21.651363372802734,1.7476242780685425,4.915134906768799,1,1,2.550264835357666,1,3.840020179748535,1.0,2.347501039505005,13.512272834777832,1.0,6.968964576721191,1.0,1.9249870777130127,1.0,1.7824678421020508,1.0,1.0,1.0,8.657840728759766,6.937893867492676,6.908515930175781,12.942337036132812,7.636205673217773,2.5877859592437744,1,1.242173433303833,2.4200706481933594,1.0,2.5126094818115234,1.6241462230682373,1,1,2.371488571166992,2.6307287216186523,1.0,2.7791314125061035,1.0,3.2419822216033936,1.2828999757766724,1.0,1.0,1,1.0,1.1550699472427368,1.652077317237854,2.021334409713745,2.270066261291504,1.8730770349502563,46.91893005371094,1.4435827732086182,2.4740750789642334,1.8746947050094604,1.0,1,1,1.0,12.46834659576416,8.311595916748047,2.354290008544922,1,6.438910007476807,1,15.944437980651855,32.878482818603516,25.159021377563477,3.452415704727173,4.4096598625183105,1.4177781343460083,1.4138542413711548,1.0,1.452820897102356,1,1.0,1.0,1.0,1.2645376920700073,2.2420594692230225,1.0307066440582275,1.182442307472229,1,1,1,1,1,1,1.0,1,1.9521528482437134,1,1,1,1.6616188287734985,1.0,2.1918435096740723,1.446462631225586,1,1.0,1.8832597732543945,1,1,1.6763544082641602,1.0,2.4347074031829834,1.0,14.394172668457031,115.2740707397461,1.0,1.0,9.075672149658203,1.0,1.0,23.999967575073242,1.0,1.0,34.254581451416016,3.5870585441589355,1.0,1,16.38058853149414,1.1352314949035645,3.3178722858428955,4.9734673500061035,13.447800636291504,1.0,1.0,3.746206283569336,1.0,3.1778244972229004,4.790896892547607,6.811486721038818,1.0,6.540225982666016,6.127933502197266,8.053213119506836,3.004837989807129,1.0,4.560993194580078,4.8615241050720215,42.020751953125,27.179508209228516,67.71931457519531,27.297292709350586,33.37897872924805,36.77145767211914,6.289640426635742,251.70664978027344,55.32891082763672,28.194684982299805,62.45217514038086,17.07627296447754,27.572702407836914
TEST_02+5일,5.181743621826172,72.9552001953125,1.0,1.0,1.0,1.0,18.049663543701172,1.237055778503418,2.197239875793457,1,1.538907527923584,1,1.3859957456588745,1.4648665189743042,15.403532981872559,1,69.31271362304688,1.0,1.0,86.9217300415039,8.534782409667969,2.4617502689361572,1.0,1,5.704499244689941,1,1,74.02760314941406,10.55746078491211,5.198803424835205,4.530124664306641,3.729215621948242,1.5053117275238037,1.3693040609359741,1.0,2.977133274078369,37.24757385253906,8.114474296569824,1.7878443002700806,27.99131965637207,21.276023864746094,1.895761489868164,4.791286468505859,1,1,2.3090507984161377,1,3.2195286750793457,1.0,3.0023536682128906,13.689696311950684,1.0,6.75244140625,1.0,2.4599790573120117,1.0,2.1022682189941406,1.0,1.0,1.0,10.431045532226562,6.090331077575684,7.652048110961914,14.13102912902832,8.046124458312988,3.587864398956299,1,1.302372694015503,2.7469255924224854,1.0,2.408508777618408,1.0,1,1,2.719654083251953,4.69261360168457,1.0,2.3236355781555176,1.0,4.21921443939209,1.2823107242584229,1.1341668367385864,1.0,1,1.0,1.0053858757019043,1.1895502805709839,2.295199394226074,2.08795166015625,2.0875988006591797,52.39200973510742,1.1830470561981201,3.1027414798736572,4.398873329162598,1.0,1,1,1.0,19.36201286315918,10.867018699645996,2.9178194999694824,1,7.091612815856934,1,13.861065864562988,40.534969329833984,21.96479606628418,3.396906852722168,4.588172435760498,1.052156925201416,2.7144618034362793,1.0,1.507727861404419,1,1.0,1.0388948917388916,1.0,1.2757530212402344,1.6351028680801392,1.0,1.8722771406173706,1,1,1,1,1,1,1.0,1,1.8650939464569092,1,1,1,3.6115572452545166,1.0,3.284658908843994,1.1215684413909912,1,1.0153095722198486,2.6490819454193115,1,1,2.6673319339752197,1.0,5.121210098266602,1.0,20.170818328857422,109.70620727539062,4.427206039428711,1.0,10.285161972045898,1.0,1.0,31.94123077392578,1.0,1.0,36.779598236083984,5.839693069458008,1.0,1,19.510339736938477,1.076279878616333,2.891453981399536,7.148977756500244,14.553050994873047,1.0,1.0,6.244678020477295,1.0,2.5837574005126953,2.689056158065796,9.672703742980957,1.0,11.370361328125,11.1775484085083,9.133882522583008,3.603076219558716,1.0,4.351868152618408,7.800954818725586,65.50177764892578,35.83441925048828,73.1413803100586,34.246707916259766,57.0552978515625,69.98189544677734,15.72000503540039,354.8922424316406,59.83823013305664,28.70702362060547,80.18672180175781,25.29850196838379,36.01837158203125
TEST_02+6일,7.600617408752441,48.29377365112305,5.8585076332092285,4.38535213470459,1.0,1.0,12.84687614440918,2.0693001747131348,3.009692430496216,1,1.4756333827972412,1,1.2313978672027588,3.35020112991333,28.090728759765625,1,45.636600494384766,2.0515198707580566,1.9322365522384644,72.5751953125,8.374198913574219,2.5564076900482178,1.0,1,5.613007545471191,1,1,69.85882568359375,12.533027648925781,5.069697856903076,4.339726448059082,3.125791549682617,1.0,1.0,1.0,3.220200538635254,46.052730560302734,8.225032806396484,1.654264211654663,39.50882339477539,25.667438507080078,1.724341869354248,4.8920087814331055,1,1,2.0675055980682373,1,3.0266151428222656,1.0,3.536440134048462,13.633460998535156,1.0,7.9206953048706055,1.0,4.127243995666504,1.0627583265304565,2.31374192237854,1.0,1.0,1.0,13.949442863464355,8.286355018615723,11.427033424377441,13.93785285949707,11.930695533752441,4.050875663757324,1,1.4124001264572144,2.4203405380249023,1.0,2.584953546524048,2.6249775886535645,1,1,2.9705302715301514,5.158013820648193,1.0,2.2506816387176514,1.0,4.383689880371094,1.2826273441314697,1.0,1.0,1,1.0,1.2018190622329712,1.065991997718811,1.72953462600708,2.255524158477783,4.248161315917969,39.44560623168945,1.19675874710083,3.6974871158599854,10.667829513549805,1.0,1,1,1.0,21.530208587646484,11.270421981811523,2.8177406787872314,1,7.777644157409668,1,51.52077102661133,44.86878967285156,22.753662109375,4.649557590484619,4.500014305114746,1.4957441091537476,4.233103275299072,1.130542516708374,1.5499427318572998,1,1.0,1.1138285398483276,1.0,1.520965814590454,1.0,1.0,1.8110277652740479,1,1,1,1,1,1,1.0,1,1.816697120666504,1,1,1,4.585055351257324,1.386144757270813,7.040826797485352,3.293454885482788,1,2.64562726020813,8.233540534973145,1,1,4.797817230224609,2.1777029037475586,11.475470542907715,1.0,32.99031066894531,78.17121124267578,9.488086700439453,1.0,13.068965911865234,1.0,1.0,40.989830017089844,1.0,1.0,36.602272033691406,11.576648712158203,1.0,1,25.41600799560547,1.0227651596069336,5.413515090942383,9.483282089233398,14.47714900970459,1.0,1.0,11.070719718933105,1.0,8.036314964294434,6.939574718475342,9.017001152038574,3.7043306827545166,16.63275909423828,23.73391342163086,12.060232162475586,4.465869426727295,3.0690579414367676,9.896158218383789,12.604147911071777,92.59943389892578,48.07172393798828,83.016357421875,37.271514892578125,80.31219482421875,90.76603698730469,29.315582275390625,371.8753967285156,57.96583938598633,29.32176971435547,96.91203308105469,29.678050994873047,47.906925201416016
TEST_02+7일,7.99434232711792,14.752106666564941,13.262247085571289,7.432897567749023,1.0,1.0,1.0,2.343233585357666,3.3244619369506836,1,1.3411364555358887,1,1.4866361618041992,4.5327348709106445,40.75300979614258,1,5.679203987121582,2.12951397895813,2.969817876815796,14.662416458129883,10.45008373260498,2.179245948791504,1.0,1,5.655828475952148,1,1,39.70582962036133,10.968118667602539,5.544372081756592,4.208092212677002,3.2282299995422363,1.6372753381729126,1.1150038242340088,1.0,3.4023633003234863,53.39817810058594,7.655735492706299,1.6560182571411133,46.32691955566406,23.77783966064453,1.731823444366455,4.83616828918457,1,1,2.081425428390503,1,3.500791072845459,1.0,4.311916828155518,14.435728073120117,1.0,7.585402965545654,1.0,4.216231346130371,1.00544273853302,2.0655462741851807,1.0522630214691162,1.0,1.0,16.37567710876465,10.253307342529297,19.795787811279297,16.769277572631836,17.13165855407715,3.2195260524749756,1,1.6563786268234253,3.0630393028259277,1.0,2.7338690757751465,2.015521764755249,1,1,2.790741443634033,4.857034206390381,1.0,2.2672924995422363,1.0,4.9892964363098145,1.7794265747070312,1.0,1.0,1,1.0,1.3600786924362183,1.3698865175247192,1.7197885513305664,2.132887363433838,6.787445545196533,28.282508850097656,1.1404258012771606,4.497219085693359,15.461517333984375,1.0691704750061035,1,1,1.0,19.912267684936523,12.536377906799316,1.834646463394165,1,8.254010200500488,1,150.97354125976562,7.085814476013184,26.53146743774414,3.5027670860290527,3.8375027179718018,1.401758074760437,4.347587585449219,1.3647572994232178,1.5511291027069092,1,1.0,1.0,1.3462289571762085,1.1228361129760742,1.0,1.2294367551803589,1.9342093467712402,1,1,1,1,1,1,1.0,1,1.41844642162323,1,1,1,7.45235538482666,1.5436217784881592,7.494106769561768,5.626765727996826,1,2.8997397422790527,12.943073272705078,1,1,5.359449863433838,2.8216023445129395,14.223389625549316,1.0,31.458927154541016,36.61711883544922,14.816452980041504,1.0,15.189449310302734,1.0,1.0,43.90744400024414,1.0,1.0,37.640380859375,15.611635208129883,1.0,1,33.09858703613281,1.0,9.729188919067383,11.198351860046387,17.349464416503906,1.0,1.0,17.818944931030273,1.1346367597579956,10.118465423583984,7.350866794586182,14.719552993774414,6.234282493591309,19.79249382019043,45.576351165771484,12.465380668640137,7.341259479522705,7.270277976989746,11.099387168884277,14.24286937713623,100.10755920410156,54.23772430419922,88.09837341308594,40.083534240722656,88.27149200439453,83.13977813720703,42.52862548828125,298.18218994140625,55.426151275634766,32.590030670166016,99.15714263916016,28.544940948486328,54.0422248840332
TEST_03+1일,6.381392478942871,4.169075012207031,10.95356273651123,5.319823265075684,1.0,1.0,1.0,1.6907685995101929,3.0454139709472656,1,1.0,1,1.0,2.0700225830078125,22.51819610595703,1,10.410637855529785,1.4651923179626465,3.4351511001586914,9.295747756958008,11.08898639678955,1.5353667736053467,1.2059988975524902,1,6.153238773345947,1,1,8.803535461425781,13.871746063232422,7.35554313659668,5.937628746032715,3.539895534515381,1.8600491285324097,2.300617218017578,1.0,3.084669351577759,53.18440628051758,11.057413101196289,1.9138063192367554,56.619503021240234,27.325227737426758,1.5376267433166504,5.903473854064941,1,1,1.597014307975769,1,2.7556138038635254,1.0,3.5211281776428223,19.91567611694336,1.0,9.292561531066895,1.0,4.9699625968933105,1.609715461730957,2.7335667610168457,1.4216488599777222,2.246704339981079,1.0,15.099031448364258,19.31674575805664,31.591842651367188,20.949108123779297,21.869476318359375,2.0193309783935547,1,1.593740701675415,3.822962999343872,1.0,3.9743292331695557,1.0,1,1,1.0,2.622535228729248,1.0,2.584336996078491,1.0671613216400146,3.3716280460357666,1.3308489322662354,1.149183988571167,1.0,1,1.0,1.1324046850204468,1.067847728729248,2.5815179347991943,2.312250852584839,4.27979850769043,1.0,1.560660719871521,6.250829219818115,10.238000869750977,1.0,1,1,1.0,52.39222717285156,12.18309497833252,1.0,1,14.272977828979492,1,135.01890563964844,1.0,42.94612503051758,3.1320440769195557,2.9254918098449707,1.0,3.836031436920166,1.5804417133331299,1.5132255554199219,1,1.0,1.0,2.7540812492370605,1.1560794115066528,2.3089067935943604,1.0,1.4152474403381348,1,1,1,1,1,1,1.0,1,2.5583529472351074,1,1,1,1.0,2.5713891983032227,1.0,1.0,1,1.0,1.0,1,1,1.0,1.0,14.216958045959473,1.0,12.659138679504395,19.635568618774414,17.704978942871094,1.0,12.658218383789062,1.0,1.0,38.968910217285156,1.0,1.0,41.40640640258789,14.356515884399414,1.0,1,22.19269561767578,1.0,11.32481861114502,5.529480457305908,10.874106407165527,1.0,1.0,17.06731605529785,26.688505172729492,15.130558967590332,1.0,15.30264663696289,2.010864019393921,28.06500816345215,57.68549346923828,30.42191505432129,5.499472618103027,7.710934638977051,6.289009094238281,8.915767669677734,111.40088653564453,61.46501922607422,121.3018569946289,43.28119659423828,87.12268829345703,80.19940948486328,54.89059829711914,348.6702575683594,100.65972137451172,54.33231735229492,131.54710388183594,19.048322677612305,52.86538314819336
TEST_03+2일,3.3374478816986084,12.034768104553223,3.080716371536255,1.0,1.0,1.0,2.3818199634552,1.1300288438796997,1.7360018491744995,1,1.0,1,1.0480384826660156,1.0,7.787691116333008,1,12.49135684967041,1.0,1.0,19.809865951538086,6.426553249359131,1.6370915174484253,1.152552604675293,1,5.918773651123047,1,1,1.0,16.581918716430664,6.888426303863525,6.054510593414307,4.616665363311768,2.7435452938079834,2.5849409103393555,1.0,3.285020589828491,46.58926773071289,10.129878044128418,1.39308762550354,51.767215728759766,26.37091827392578,1.5037602186203003,4.208337306976318,1,1,1.8880937099456787,1,3.053990364074707,1.0,2.9381778240203857,20.379722595214844,1.0,9.903878211975098,1.0,3.5437562465667725,1.6687983274459839,2.579568386077881,1.4464149475097656,2.585406541824341,1.0,7.1070685386657715,14.741389274597168,22.538728713989258,20.856491088867188,16.86194610595703,1.0,1,1.6303342580795288,3.0622191429138184,1.0,3.871105194091797,1.0,1,1,1.7561501264572144,2.1300199031829834,1.0,2.526238203048706,1.1098121404647827,3.319302797317505,1.781449317932129,1.0,1.0,1,1.0,1.0,1.1139336824417114,1.9576715230941772,2.500763177871704,3.943646192550659,15.602402687072754,1.2625640630722046,3.737830400466919,5.395545959472656,1.0,1,1,1.0,47.876041412353516,10.725957870483398,1.0,1,13.99706745147705,1,14.28818416595459,136.9961395263672,27.791065216064453,4.123725891113281,3.0029284954071045,1.0,2.8790500164031982,1.506922721862793,1.27242910861969,1,1.0,1.0,2.950777292251587,1.0109692811965942,2.4362475872039795,1.1215224266052246,1.1794604063034058,1,1,1,1,1,1,1.0,1,1.7424976825714111,1,1,1,1.0,1.0,1.0,1.0,1,1.0,1.0,1,1,1.0,1.0,9.984111785888672,1.0,32.399681091308594,43.971405029296875,14.927384376525879,1.0,10.199970245361328,1.0,1.0,31.684648513793945,1.0,1.0,43.300315856933594,9.902484893798828,1.0,1,15.700140953063965,1.0,9.836799621582031,4.6644392013549805,8.074426651000977,1.0,1.0,15.282007217407227,23.35946273803711,10.344717025756836,1.0,7.9086995124816895,1.1889991760253906,20.816829681396484,43.0476188659668,26.57324981689453,4.297813415527344,6.2291741371154785,3.6277265548706055,7.374684810638428,115.40477752685547,57.529075622558594,125.13578033447266,40.558998107910156,93.73275756835938,77.47252655029297,54.384613037109375,346.9776306152344,103.2901840209961,56.098854064941406,141.88772583007812,18.702268600463867,52.77311325073242
TEST_03+3일,1.8444569110870361,22.79042625427246,4.175410270690918,1.0,1.0,1.0,7.955631732940674,1.0,1.0,1,1.0,1,1.0,1.0,1.6538177728652954,1,15.214062690734863,1.0,1.0,13.212584495544434,8.733723640441895,1.6535663604736328,1.0,1,5.873126983642578,1,1,22.189908981323242,17.16518783569336,7.541451454162598,5.901315212249756,4.289175510406494,2.7694807052612305,2.3597168922424316,1.0,3.416692018508911,46.40437698364258,9.7964506149292,1.5027450323104858,50.87885284423828,29.897075653076172,1.6186246871948242,5.0289082527160645,1,1,1.8537613153457642,1,3.226688861846924,1.0,2.3390352725982666,19.087038040161133,1.0,9.48348617553711,1.0,2.108402967453003,1.566901445388794,2.3972318172454834,1.4643973112106323,2.310014247894287,1.0,2.688408136367798,10.274307250976562,14.312183380126953,19.27693748474121,14.046796798706055,1.0258697271347046,1,1.8089807033538818,2.7541234493255615,1.0,3.910489082336426,1.0,1,1,1.8164030313491821,1.0,1.0,2.7965023517608643,1.1328544616699219,3.739110231399536,1.204101324081421,1.3103680610656738,1.0,1,1.0,1.0,1.2850420475006104,2.3510818481445312,2.3089919090270996,8.034544944763184,41.28660583496094,1.5721526145935059,1.5237818956375122,5.160953521728516,1.0,1,1,1.0,43.56200408935547,6.3673553466796875,1.0,1,13.53381061553955,1,1.0,148.66835021972656,13.446304321289062,2.2110843658447266,3.0686280727386475,1.0,2.2885007858276367,1.307840347290039,1.0,1,1.0,1.293258786201477,2.672839403152466,1.0,1.3695895671844482,1.0280548334121704,1.0350722074508667,1,1,1,1,1,1,1.0,1,2.331712484359741,1,1,1,1.0,1.0,1.0,1.0,1,1.0,1.0,1,1,1.0,1.0,8.493745803833008,1.0,50.198150634765625,89.90691375732422,11.944523811340332,1.0,7.504828453063965,1.0,1.0,27.21595001220703,1.0,1.0,33.80187225341797,4.919086933135986,1.0,1,12.581993103027344,1.0,8.095610618591309,4.155036449432373,5.9855217933654785,1.0,1.0,12.037405967712402,19.2915096282959,8.885276794433594,1.0,6.639906883239746,1.0,13.491240501403809,28.364986419677734,24.335124969482422,3.9391543865203857,3.8578648567199707,1.7071980237960815,6.774221420288086,109.33073425292969,59.309234619140625,111.68533325195312,37.61190414428711,93.25542449951172,77.6229248046875,57.34660339355469,355.3854675292969,108.04647064208984,54.086246490478516,126.78427124023438,20.17393684387207,56.610511779785156
TEST_03+4일,1.2933765649795532,45.08641815185547,3.1022167205810547,1.0,1.0,1.0,17.283641815185547,1.0,1.3134254217147827,1,1.0,1,1.0,1.0,2.7939376831054688,1,27.574087142944336,1.0,1.0,38.63442611694336,11.740123748779297,1.557213306427002,1.0,1,6.292031764984131,1,1,30.880882263183594,15.50827693939209,6.978353977203369,5.332465648651123,3.494175434112549,2.1348252296447754,1.5905201435089111,1.0,3.1272082328796387,46.407161712646484,9.765724182128906,2.3338446617126465,47.7318000793457,23.762367248535156,1.409063458442688,4.447966575622559,1,1,2.495375156402588,1,3.845118284225464,1.0,2.153843641281128,19.254993438720703,1.0,9.123021125793457,1.0,2.8438971042633057,1.4915876388549805,2.510824203491211,1.1646113395690918,2.3876163959503174,1.0,4.001545429229736,7.463840484619141,13.050806999206543,21.28522300720215,13.846399307250977,1.4310520887374878,1,1.416059970855713,3.652493476867676,1.0,3.8367409706115723,1.0,1,1,1.9694151878356934,1.0,1.0,3.2795846462249756,1.1078104972839355,3.048595428466797,1.3009719848632812,1.5217214822769165,1.0,1,1.0,1.0,1.3398934602737427,2.5832316875457764,2.5205318927764893,9.085174560546875,49.90047073364258,1.4056562185287476,1.0,5.183248519897461,1.0,1,1,1.0,35.73307418823242,3.705226182937622,1.0,1,10.817002296447754,1,13.47950267791748,143.39102172851562,13.452218055725098,3.149113416671753,3.2745604515075684,1.0,2.466188669204712,1.045029640197754,1.1781994104385376,1,1.0,1.0,2.862074136734009,1.269705891609192,1.0,1.0,1.0422768592834473,1,1,1,1,1,1,1.0,1,2.637258529663086,1,1,1,1.0,1.0,1.0,1.0,1,1.0,1.0,1,1,1.0,1.0,5.880228042602539,1.0,72.76380920410156,109.88200378417969,8.199267387390137,1.0,8.019447326660156,1.0,1.0,23.07594871520996,1.0,1.0,32.399444580078125,2.6332175731658936,1.0,1,10.377057075500488,1.0,6.740085124969482,4.088065147399902,6.476871967315674,1.0,1.0,11.671319007873535,14.339408874511719,8.502768516540527,1.0,9.198079109191895,1.2130736112594604,9.082444190979004,23.479778289794922,18.9960880279541,3.622814893722534,1.9076776504516602,4.004753112792969,7.117979049682617,112.18848419189453,62.58579635620117,123.84184265136719,39.50932312011719,91.93939971923828,75.66558074951172,52.951011657714844,352.089111328125,107.18255615234375,59.9456787109375,131.055908203125,29.58977508544922,58.34523391723633
TEST_03+5일,3.299928903579712,47.74202346801758,2.4117026329040527,1.0,1.0,1.0,25.13605308532715,1.0,2.8365774154663086,1,1.0844992399215698,1,1.0666940212249756,2.6009299755096436,6.144259929656982,1,32.57299041748047,1.0,1.0158871412277222,53.71870803833008,10.356704711914062,1.542976975440979,1.0,1,6.1087493896484375,1,1,54.44780349731445,14.484223365783691,6.30351448059082,4.694849491119385,3.992666006088257,1.1377593278884888,1.527069091796875,1.0,2.927332878112793,49.21859359741211,10.290358543395996,3.4319963455200195,41.58897399902344,24.112821578979492,1.5873301029205322,4.796003341674805,1,1,2.490086793899536,1,3.3614680767059326,1.0,2.6683695316314697,19.829469680786133,1.0,8.542920112609863,1.0,3.140583038330078,1.386642336845398,2.364748477935791,1.2827181816101074,2.0860278606414795,1.0,4.79301643371582,6.7078399658203125,15.683828353881836,21.960803985595703,15.347966194152832,2.336482524871826,1,1.5591216087341309,4.676743984222412,1.0,3.5855932235717773,1.0,1,1,2.0248193740844727,1.0,1.0,2.8699727058410645,1.0016206502914429,3.0591912269592285,1.3270719051361084,1.968500018119812,1.0,1,1.0,1.0,1.0057913064956665,2.8095178604125977,2.0611743927001953,8.459057807922363,55.28089904785156,1.1355006694793701,2.2186341285705566,7.877284049987793,1.0,1,1,1.0,43.88758850097656,4.251118183135986,1.1547456979751587,1,9.949657440185547,1,1.0,139.96627807617188,12.226608276367188,3.1252951622009277,2.709705352783203,1.0,3.0114798545837402,1.2496564388275146,1.4189274311065674,1,1.0,1.0,3.3157694339752197,1.2479228973388672,1.0,1.0,1.8785462379455566,1,1,1,1,1,1,1.0,1,2.2980263233184814,1,1,1,1.0,1.0,2.7022171020507812,1.0,1,1.0,1.0,1,1,1.0,1.0,8.002310752868652,1.0,82.6035385131836,97.28124237060547,7.647943496704102,1.0,8.518831253051758,1.0,1.0,29.220558166503906,1.0,1.0,33.59661865234375,3.425637722015381,1.0,1,12.637152671813965,1.0,6.11734676361084,4.249999523162842,8.291343688964844,1.0,1.0,14.35269546508789,12.222140312194824,7.51762580871582,1.0,11.597770690917969,2.160003423690796,9.711181640625,23.999755859375,17.779436111450195,6.561404228210449,2.098435401916504,2.8847336769104004,7.698641777038574,111.02532196044922,58.27789306640625,128.58628845214844,44.477195739746094,93.72840881347656,76.10157775878906,57.14099884033203,346.5013732910156,115.07227325439453,55.822601318359375,137.771484375,34.2243766784668,57.3915901184082
TEST_03+6일,5.973676681518555,29.461824417114258,7.980280876159668,4.121307849884033,1.0,1.0,19.175695419311523,1.3656686544418335,3.7229349613189697,1,1.0882339477539062,1,1.0296196937561035,3.79831600189209,14.522400856018066,1,16.715850830078125,1.0,2.614231586456299,20.351470947265625,9.955160140991211,1.600642442703247,1.0,1,6.011499404907227,1,1,51.95338821411133,16.249813079833984,6.442798137664795,5.623507499694824,3.4465622901916504,1.0,1.7265377044677734,1.0,3.0784292221069336,56.78154754638672,11.034723281860352,4.3188557624816895,50.37342071533203,26.719186782836914,1.3645741939544678,4.153745174407959,1,1,1.786447286605835,1,3.0985946655273438,1.0,3.0121936798095703,18.376604080200195,1.0,9.45250415802002,1.0,5.042022705078125,1.3150912523269653,2.7879512310028076,1.323215365409851,2.162633180618286,1.0,11.657806396484375,11.845375061035156,20.1386775970459,20.134416580200195,19.67962074279785,3.169008255004883,1,1.5249621868133545,4.94162130355835,1.0,3.874330759048462,1.7839112281799316,1,1,1.9237580299377441,2.1399972438812256,1.0,2.766982316970825,1.1676502227783203,2.8230764865875244,1.360781192779541,1.4176361560821533,1.0,1,1.0,1.0707557201385498,1.0,2.235403537750244,2.272064685821533,11.599105834960938,31.63276481628418,1.3115754127502441,3.684915542602539,13.513855934143066,1.1406974792480469,1,1,1.0,41.11411666870117,5.816491603851318,1.7410439252853394,1,10.773085594177246,1,32.241153717041016,126.03453826904297,21.550870895385742,4.496129989624023,3.135209560394287,1.0,3.8269269466400146,1.6870055198669434,1.7020314931869507,1,1.0,1.051609754562378,2.766056776046753,1.5469841957092285,1.0,1.0,1.9961023330688477,1,1,1,1,1,1,1.0,1,2.1856045722961426,1,1,1,2.5365517139434814,1.1997995376586914,8.506877899169922,2.032153844833374,1,3.683638572692871,8.446321487426758,1,1,4.266486644744873,1.859429121017456,12.65804672241211,1.0,65.2041015625,57.85117721557617,9.692338943481445,1.0,10.374900817871094,1.0,1.0,31.712604522705078,1.0,1.0,34.307098388671875,7.6505656242370605,1.0,1,14.350138664245605,1.0,6.952767848968506,4.981130599975586,10.89417839050293,1.0,1.0,15.581068992614746,13.813660621643066,14.473858833312988,1.0,14.651301383972168,2.736536741256714,13.575455665588379,35.21299743652344,14.164595603942871,8.710612297058105,4.300166130065918,6.078046798706055,11.138040542602539,108.17488861083984,65.18406677246094,135.1075897216797,43.74287796020508,91.24665069580078,76.08187866210938,55.54741287231445,376.65435791015625,105.58131408691406,52.69589614868164,138.683837890625,31.822917938232422,58.966400146484375
TEST_03+7일,7.4233808517456055,6.813060283660889,14.091076850891113,7.4427313804626465,1.0,1.0,5.13088321685791,1.4144716262817383,3.743290901184082,1,1.0,1,1.1926156282424927,3.79154896736145,19.627540588378906,1,2.4963183403015137,1.205763816833496,4.323351860046387,1.0,11.37923812866211,1.3364901542663574,1.0,1,6.019698619842529,1,1,29.298095703125,14.296876907348633,6.537304878234863,4.974793910980225,3.6972999572753906,1.2540918588638306,1.902522087097168,1.0,3.136331081390381,62.6859016418457,10.187392234802246,4.30415678024292,63.32057189941406,25.07974624633789,1.394582986831665,3.9296154975891113,1,1,1.751796007156372,1,3.6643643379211426,1.0,3.824366331100464,19.779552459716797,1.0,9.372512817382812,1.0,5.549629211425781,1.3504165410995483,2.297248601913452,1.248052716255188,2.037031412124634,1.0,17.263263702392578,16.69257164001465,30.135576248168945,22.79555320739746,25.54988670349121,2.800811529159546,1,1.8019766807556152,5.48394250869751,1.0,3.8489131927490234,1.8145196437835693,1,1,1.9082566499710083,2.74863338470459,1.0,2.7277603149414062,1.0,3.6985557079315186,1.780295968055725,1.5066168308258057,1.0,1,1.0,1.340022087097168,1.1669323444366455,2.0800540447235107,2.2991623878479004,10.871112823486328,12.61560344696045,1.2562894821166992,5.760601043701172,15.536514282226562,1.2297370433807373,1,1,1.0,37.535160064697266,10.006330490112305,1.419446349143982,1,11.085185050964355,1,140.39125061035156,11.452381134033203,37.26499557495117,3.461743116378784,3.038393259048462,1.0,3.6698155403137207,1.9532591104507446,1.7694352865219116,1,1.0,1.0,2.7443206310272217,1.0317256450653076,1.3397161960601807,1.1787866353988647,2.080789089202881,1,1,1,1,1,1,1.0,1,2.3905386924743652,1,1,1,6.134589672088623,2.589979648590088,6.663663864135742,3.206127882003784,1,3.421679973602295,11.161398887634277,1,1,4.060380458831787,1.9607281684875488,14.047513008117676,1.0,32.84319305419922,11.469371795654297,12.964156150817871,1.0,11.775972366333008,1.0,1.0,33.615840911865234,1.0,1.0,35.65034103393555,11.223638534545898,1.0,1,16.683828353881836,1.0,8.305499076843262,5.567105293273926,11.229280471801758,1.0,1.0,17.543554306030273,12.987488746643066,14.826668739318848,1.0,14.153097152709961,2.870830535888672,16.35777473449707,47.82080078125,19.126907348632812,10.797059059143066,6.761684417724609,6.236508369445801,13.313295364379883,109.39966583251953,62.96246337890625,129.56771850585938,46.08749008178711,92.0485610961914,80.93538665771484,60.867576599121094,383.51959228515625,102.3519287109375,55.88623046875,141.716796875,28.484851837158203,59.29194259643555
TEST_04+1일,3.6282711029052734,1.0,5.962281227111816,4.480368614196777,1.0,1.0,1.0,1.0,1.3477288484573364,1,1.0,1,1.0,1.0,1.0,1,7.337152481079102,1.0,1.1076631546020508,11.049128532409668,10.979837417602539,1.0,1.0,1,6.153249263763428,1,1,5.0457892417907715,9.61342716217041,1.7210930585861206,2.3202786445617676,2.52660870552063,1.8098945617675781,1.4537543058395386,1.0,1.5042247772216797,17.864341735839844,8.048457145690918,1.0,32.46113586425781,17.165063858032227,1.0,3.7098593711853027,1,1,1.9708549976348877,1,2.176682949066162,1.0,1.9201507568359375,6.170037269592285,1.0,6.585888385772705,1.0,2.610589027404785,1.0,1.0,1.0,1.5289945602416992,1.0,7.042733192443848,8.970635414123535,10.314943313598633,8.936965942382812,4.148091793060303,2.5555248260498047,1,1.6457085609436035,4.116074562072754,1.0,2.3769102096557617,1.0,1,1,1.6309376955032349,1.0,1.0,1.9621330499649048,1.0,2.6346254348754883,1.3680237531661987,1.4303224086761475,1.0,1,1.0,1.7865939140319824,1.0,2.5233256816864014,1.3765628337860107,4.4066853523254395,1.0,1.4586056470870972,4.223015785217285,6.107865333557129,1.0,1,1,1.0,26.491849899291992,10.6461820602417,1.0,1,4.802529335021973,1,142.08233642578125,17.12789535522461,37.23474884033203,3.3610894680023193,3.3604111671447754,1.0,2.1354572772979736,1.1344666481018066,1.5341038703918457,1,1.0,1.0,1.3704607486724854,1.1843339204788208,2.3983280658721924,1.0,1.1085641384124756,1,1,1,1,1,1,1.0,1,2.1542837619781494,1,1,1,1.0,1.9757964611053467,1.0,1.0,1,1.1429609060287476,1.0,1,1,1.0,1.0,3.5925583839416504,1.0,20.025211334228516,43.787879943847656,11.557535171508789,1.0,4.63213586807251,2.5014145374298096,1.0,19.47005844116211,1.0,1.0,13.247714042663574,5.27349853515625,1.0,1,7.459024906158447,1.0,7.432126998901367,3.799335479736328,5.496843338012695,1.0,1.0,4.976810932159424,3.1565184593200684,4.552084445953369,7.887827396392822,1.0,1.0,1.0,1.0,1.0,3.464447021484375,1.0,1.0,2.4405460357666016,24.58223533630371,12.9301118850708,7.835263729095459,6.137917518615723,10.3484525680542,26.968318939208984,12.757128715515137,90.1047134399414,7.211543560028076,15.775638580322266,9.30656623840332,1.4467339515686035,17.53844451904297
TEST_04+2일,2.776803493499756,3.658026933670044,2.5355899333953857,1.0,1.0,1.0,3.876709222793579,1.0,1.0,1,1.0,1,1.0,1.0,1.0,1,27.00619888305664,1.0,1.0,34.29079055786133,6.1991353034973145,1.0,1.0,1,5.918672561645508,1,1,7.689828872680664,11.354314804077148,1.6930354833602905,2.2390596866607666,2.887843608856201,1.80120050907135,1.6516671180725098,1.0,1.2754929065704346,10.885327339172363,7.432483196258545,1.0,15.501639366149902,14.810410499572754,1.0329465866088867,1.85934317111969,1,1,2.0088236331939697,1,2.4288806915283203,1.0,1.8333600759506226,5.4824042320251465,1.0,6.473053932189941,1.0,1.417297124862671,1.0,1.0,1.0,1.5946990251541138,1.0,2.7584574222564697,6.644070625305176,6.775257110595703,8.71611499786377,3.499561309814453,2.410076141357422,1,1.685049295425415,3.331768035888672,1.0,2.344325304031372,1.0,1,1,1.889801025390625,1.9286010265350342,1.0,2.0390236377716064,1.0,2.3129541873931885,1.7524319887161255,1.0,1.0,1,1.0,1.349273681640625,1.0438003540039062,1.936743974685669,1.523383378982544,1.0,17.712961196899414,1.153127670288086,1.957505702972412,2.118180513381958,1.0,1,1,1.0,16.367237091064453,8.270965576171875,1.0,1,3.6290338039398193,1,23.66347885131836,112.44011688232422,22.818248748779297,4.183896064758301,3.4068222045898438,1.0,1.806267499923706,1.0786762237548828,1.2030067443847656,1,1.0,1.0,2.4683797359466553,1.0783239603042603,1.8071844577789307,1.0,1.0,1,1,1,1,1,1,1.0,1,1.606007695198059,1,1,1,1.0,1.0,1.0,1.0,1,1.0,1.0,1,1,1.0,1.0,2.5784695148468018,1.0,23.696861267089844,76.3611068725586,6.203371047973633,1.0,2.757145643234253,1.0,1.0,8.772576332092285,1.0,1.0,10.934212684631348,1.620521068572998,1.0,1,4.623573303222656,1.0,4.963534355163574,2.710099458694458,5.092313289642334,1.0,1.0,3.3294060230255127,1.0,1.0,4.807168483734131,1.0,1.0,1.0,1.0,1.0,2.8521316051483154,1.0,1.0,2.243086099624634,19.326047897338867,9.937723159790039,4.502869129180908,3.4313061237335205,6.523392677307129,17.66637420654297,7.930098533630371,41.582000732421875,2.9121780395507812,11.159431457519531,7.249267578125,1.0872306823730469,12.239842414855957
TEST_04+3일,2.7761662006378174,17.04636001586914,1.222055196762085,1.0,1.0,1.0,7.819423198699951,1.0,1.0,1,1.0,1,1.0,1.0,1.0,1,18.37539291381836,1.0,1.0,25.401958465576172,7.781656742095947,1.0,1.0,1,5.873242378234863,1,1,35.12763977050781,12.726421356201172,1.9597053527832031,1.355007290840149,2.9450254440307617,1.0,1.1769628524780273,1.0,1.8277298212051392,3.9058713912963867,6.7703328132629395,1.0,3.6869542598724365,17.952125549316406,1.0422797203063965,2.795471429824829,1,1,1.6312280893325806,1,2.773130416870117,1.0,1.36232328414917,4.002145767211914,1.0,5.845220565795898,1.0,1.0,1.0,1.0,1.0,1.116843342781067,1.0,1.0,3.545255661010742,2.7921628952026367,6.25020694732666,2.0156257152557373,2.5908567905426025,1,1.8846781253814697,1.959715485572815,1.0,2.0479931831359863,1.0,1,1,2.2650561332702637,1.6034388542175293,1.0,1.9215112924575806,1.0,2.538851022720337,1.3313113451004028,1.0,1.0,1,1.0,1.0161160230636597,1.1835397481918335,2.391582727432251,1.534345030784607,2.157954454421997,43.66242218017578,1.5005861520767212,1.0,2.34597110748291,1.0,1,1,1.0,6.835619926452637,4.5919036865234375,1.0,1,1.2053009271621704,1,1.0,66.13280487060547,1.0,2.5890166759490967,3.6170120239257812,1.0,1.4848458766937256,1.0,1.0,1,1.0,1.302133321762085,2.7050588130950928,1.0,1.0,1.0,1.0,1,1,1,1,1,1,1.0,1,1.8553118705749512,1,1,1,1.0,1.0,1.0,1.0,1,1.0,1.0,1,1,1.0,1.0,1.0,1.0,26.62307357788086,118.51702117919922,3.345545768737793,1.0,2.119816303253174,1.0,1.0,3.8189563751220703,1.0,1.0,8.946816444396973,1.0,1.0,1,3.6721346378326416,1.0,3.015739917755127,1.875535488128662,4.6898193359375,1.0,1.0,1.94712495803833,1.0,1.0,12.162906646728516,1.0,1.0,1.0,1.0,1.0934709310531616,1.631447672843933,1.0,1.0,1.8198446035385132,14.284810066223145,3.895085096359253,2.2955429553985596,1.0,3.8522987365722656,8.056792259216309,4.302556991577148,1.0,5.2012457847595215,7.650354385375977,4.656505584716797,1.0,5.920192241668701
TEST_04+4일,2.291985511779785,42.64987564086914,1.7390124797821045,1.0,1.0,1.0,15.217354774475098,1.0,1.0,1,1.0,1,1.0,1.0,1.0,1,46.56126403808594,1.0,1.0,59.82568359375,11.217952728271484,1.0,1.0,1,6.292070388793945,1,1,50.021331787109375,11.436208724975586,1.6042977571487427,1.0,2.825953245162964,1.0,1.0,1.0,2.0254125595092773,4.519635200500488,7.0179901123046875,1.0,6.68796443939209,15.203612327575684,1.0,3.350262403488159,1,1,1.9708534479141235,1,3.217825412750244,1.0,1.0061531066894531,3.9201600551605225,1.0,5.773726940155029,1.0,1.080937385559082,1.0,1.0,1.0,1.0,1.0,1.352783441543579,2.2484207153320312,1.776879072189331,5.5953264236450195,1.4238711595535278,2.28776216506958,1,1.6162643432617188,1.616903305053711,1.0,2.0903053283691406,1.0,1,1,1.900007724761963,1.5499781370162964,1.0,2.3716392517089844,1.0,1.8045834302902222,1.2589983940124512,1.244689702987671,1.0,1,1.0,1.1831772327423096,1.1414196491241455,2.4418041706085205,1.9296863079071045,3.093686103820801,51.105979919433594,1.2241672277450562,1.0,1.1173152923583984,1.0,1,1,1.0,4.707025051116943,3.3775405883789062,1.0,1,1.0,1,7.972034931182861,50.45474624633789,1.0,3.5959300994873047,3.5691134929656982,1.0,1.0,1.0,1.0,1,1.0,1.0,1.609054446220398,1.213087558746338,1.0,1.0,1.0,1,1,1,1,1,1,1.0,1,2.5848066806793213,1,1,1,1.0,1.0,1.0,1.0,1,1.0,1.0,1,1,1.0,1.0,1.0,1.0,36.65446472167969,133.09632873535156,1.0,1.0,4.368100643157959,1.0,1.0,2.43896746635437,1.0,1.0,8.021567344665527,1.0,1.0,1,1.3264789581298828,1.0,2.2416553497314453,1.2172877788543701,4.387688636779785,1.0,1.0,1.7837058305740356,1.0,1.0,12.777010917663574,1.0,1.0,1.0,1.0,4.69247579574585,1.0,1.0,1.0,2.929823875427246,10.499021530151367,1.0,1.0,1.0,3.9452970027923584,3.4044196605682373,2.202906847000122,8.327926635742188,8.318557739257812,4.501790523529053,2.9250004291534424,1.0,1.5246803760528564
TEST_04+5일,2.7161598205566406,47.70391082763672,1.1515363454818726,1.0,1.0,1.0,22.882244110107422,1.0,1.1619172096252441,1,1.0,1,1.0,1.0,1.0,1,71.67131805419922,1.0,1.0,83.13590240478516,9.490702629089355,1.0,1.0,1,6.108731269836426,1,1,84.95580291748047,10.640405654907227,1.2276408672332764,1.0,3.053809881210327,1.0,1.0,1.0,1.8427085876464844,2.5181660652160645,7.265697956085205,1.0,9.852450370788574,13.28981876373291,1.0339738130569458,3.4663021564483643,1,1,1.9331849813461304,1,2.567821502685547,1.0,1.105893850326538,3.6138815879821777,1.0,5.349826812744141,1.0,1.338515043258667,1.0,1.0,1.0,1.0,1.0,1.644317626953125,1.9698622226715088,2.6546077728271484,5.135339260101318,1.0,2.0756583213806152,1,1.7773758172988892,2.358541250228882,1.0,1.9766266345977783,1.0,1,1,2.1649749279022217,1.416643500328064,1.0,2.202887773513794,1.0,2.0553441047668457,1.27091646194458,1.5132181644439697,1.0,1,1.0,1.3795568943023682,1.0,2.8115787506103516,1.5683023929595947,3.198288679122925,57.29236602783203,1.1234123706817627,1.5171103477478027,3.0441293716430664,1.0,1,1,1.0,12.20030689239502,4.500646591186523,1.0,1,1.0,1,1.0,67.64482116699219,1.0,3.341216802597046,3.384610652923584,1.0,1.1010507345199585,1.0,1.1201930046081543,1,1.0,1.0208247900009155,1.0,1.2886006832122803,1.2280830144882202,1.0,1.0,1,1,1,1,1,1,1.0,1,2.3371171951293945,1,1,1,1.0,1.0,1.0,1.0,1,1.0,1.0,1,1,1.0,1.0,2.0462024211883545,1.0,50.787322998046875,110.79498291015625,2.7189061641693115,1.0,6.11300802230835,1.0,1.0,12.191580772399902,1.0,1.0,11.240276336669922,1.9182298183441162,1.0,1,3.617929458618164,1.461026906967163,3.124058246612549,1.9323184490203857,5.726507663726807,1.0,1.0,3.0774521827697754,1.0,1.0,5.926000118255615,1.0,1.0,1.8659946918487549,2.6613032817840576,5.519296169281006,1.0,1.0,1.0,3.509491205215454,9.727348327636719,1.0,1.0,1.0,2.799349784851074,3.661205530166626,3.6915369033813477,3.563647985458374,4.578193187713623,1.0,4.445535182952881,1.0,2.8171920776367188
TEST_04+6일,3.35205078125,31.707773208618164,2.518315553665161,2.7359988689422607,1.0,1.0,16.40172004699707,1.0,1.8833401203155518,1,1.0,1,1.0,1.0,1.0,1,38.7104606628418,1.5213682651519775,1.0,36.97642517089844,9.418268203735352,1.0,1.0,1,6.011390209197998,1,1,90.79434967041016,11.291326522827148,1.472374439239502,1.0,2.4683732986450195,1.0,1.0,1.0,1.6575243473052979,9.278671264648438,7.912299633026123,1.0,21.258136749267578,16.028324127197266,1.0,3.3448150157928467,1,1,1.3910984992980957,1,2.2071340084075928,1.0,1.3101763725280762,5.389266490936279,1.0,6.604189872741699,1.0,2.9169371128082275,1.0,1.0,1.0,1.0,1.0,5.0239081382751465,4.990350723266602,3.56270694732666,4.460455417633057,2.4500231742858887,2.5351853370666504,1,1.7282769680023193,2.7286312580108643,1.0,2.282672643661499,1.8669968843460083,1,1,2.2674715518951416,1.0,1.022868275642395,2.0652213096618652,1.0,2.264584541320801,1.3751511573791504,1.3135772943496704,1.1707799434661865,1,1.0,1.9163663387298584,1.0,2.23062801361084,1.598393201828003,5.380517959594727,31.32183837890625,1.2024672031402588,2.761920213699341,7.337880611419678,1.0,1,1,1.0,18.151086807250977,6.524074077606201,1.3605290651321411,1,2.058365821838379,1,23.276302337646484,68.79630279541016,3.342881202697754,4.747837543487549,3.606135368347168,1.0,1.8976707458496094,1.0822055339813232,1.3222622871398926,1,1.0,1.0764373540878296,1.0,1.5470832586288452,2.1935861110687256,1.0,1.0118638277053833,1,1,1,1,1,1,1.0,1,1.852462887763977,1,1,1,3.4406795501708984,1.4427096843719482,5.240506172180176,1.7063618898391724,1,2.1199145317077637,7.125964164733887,1,1,3.241713047027588,1.0,6.084609508514404,1.826059103012085,52.28553009033203,57.19633865356445,7.747149467468262,1.0,8.385181427001953,3.185606002807617,1.0,19.302978515625,1.0,1.0,10.784473419189453,6.488464832305908,1.0,1,6.529579162597656,1.9593733549118042,5.329990386962891,3.30843186378479,7.256529331207275,1.0,1.0,4.160531044006348,3.2227783203125,10.157929420471191,10.499608993530273,9.971047401428223,1.0,7.806053638458252,13.18041706085205,8.224797248840332,2.2412686347961426,1.5244646072387695,5.033904075622559,6.818619251251221,8.579604148864746,1.9689193964004517,1.0,2.5134856700897217,1.8708243370056152,4.846034526824951,5.808712005615234,1.0,1.0,1.0,4.1345295906066895,1.0,7.601813316345215
TEST_04+7일,3.351682662963867,11.256917953491211,5.599489212036133,5.609755516052246,1.0,1.0,1.6536366939544678,1.0,2.1350433826446533,1,1.0,1,1.0,1.0,1.0,1,1.0,1.6201367378234863,1.0,1.0,11.273700714111328,1.0,1.0,1,6.019662380218506,1,1,52.31965255737305,10.353355407714844,1.5431464910507202,1.1260123252868652,2.7033112049102783,1.0,1.0,1.0,2.027132749557495,16.786537170410156,7.533819675445557,1.0,36.49692916870117,14.097068786621094,1.0,2.6291494369506836,1,1,2.0146892070770264,1,2.4712741374969482,1.0,1.9575209617614746,4.562678337097168,1.0,6.6758646965026855,1.0,2.7324283123016357,1.0,1.0,1.0,1.079925537109375,1.0,8.349702835083008,7.360341548919678,6.918919563293457,6.365088939666748,4.323688983917236,2.1607210636138916,1,1.945549726486206,4.11250638961792,1.0,2.203402519226074,1.884549856185913,1,1,2.0962042808532715,1.0516797304153442,1.0,2.2893247604370117,1.0,2.5207021236419678,1.7825381755828857,1.617926836013794,1.3076212406158447,1,1.0,2.146042585372925,1.1742271184921265,1.9116287231445312,1.3970866203308105,7.59311580657959,4.7441020011901855,1.2451666593551636,4.563094615936279,9.829682350158691,1.0,1,1,1.0,17.546024322509766,9.680375099182129,1.0,1,3.6503078937530518,1,134.2460174560547,1.0,19.88164520263672,3.724118232727051,3.331001043319702,1.0,2.2294037342071533,1.3603696823120117,1.4112962484359741,1,1.0,1.0,1.0,1.0865983963012695,2.6435067653656006,1.0,1.1449508666992188,1,1,1,1,1,1,1.0,1,2.0401997566223145,1,1,1,5.78693962097168,2.545431137084961,6.685927391052246,3.4012982845306396,1,3.2106950283050537,10.930269241333008,1,1,4.154830455780029,2.6041040420532227,7.962151050567627,5.3402018547058105,27.060243606567383,16.689002990722656,10.879557609558105,1.1573431491851807,10.883551597595215,6.365664482116699,1.0,26.31707000732422,1.0,2.824899911880493,13.25750732421875,8.451620101928711,1.0,1,11.619787216186523,1.9404127597808838,8.066560745239258,4.877053260803223,9.652676582336426,1.2971898317337036,1.0,4.618181228637695,13.075799942016602,40.682159423828125,12.790459632873535,31.825824737548828,1.8507475852966309,12.16709041595459,23.432350158691406,8.149197578430176,4.847855567932129,2.8935091495513916,7.4376115798950195,11.6072998046875,10.73776626586914,5.484106063842773,2.015460968017578,6.015058517456055,1.0,11.56844425201416,7.6467485427856445,23.430442810058594,1.5078105926513672,1.0,2.307224750518799,1.0,12.845976829528809
TEST_05+1일,4.060082912445068,1.0,5.919373512268066,2.1844565868377686,1.0,1.0,1.0,1.0,1.2285853624343872,1,1.0,1,1.0,1.0,1.0,1,1.0,1.0,1.0,1.0,4.954953670501709,1.0,1.0,1,6.152998924255371,1,1,17.991209030151367,8.885172843933105,5.251296520233154,3.2258784770965576,2.8957014083862305,3.775822877883911,1.0670206546783447,1.0,3.45464825630188,39.956443786621094,9.054378509521484,1.1729519367218018,30.532167434692383,19.94316864013672,1.6217420101165771,2.85833740234375,1,1,1.920578122138977,1,3.103483200073242,1.0418717861175537,5.382617473602295,19.768226623535156,1.2706815004348755,8.357002258300781,1.0800846815109253,3.168761730194092,1.0,1.4365956783294678,1.8487321138381958,1.4147975444793701,1.0,25.686037063598633,6.901509761810303,10.849092483520508,14.930501937866211,3.5351507663726807,4.204852104187012,1,1.1381120681762695,3.111452102661133,1.0,1.7044909000396729,2.8732900619506836,1,1,3.2302284240722656,1.0,1.0,2.1587448120117188,1.0,5.402836799621582,1.736509084701538,1.3690649271011353,1.0461652278900146,1,2.899277687072754,2.0389580726623535,1.815187692642212,1.983708143234253,2.0708260536193848,6.124581336975098,2.3364062309265137,1.3677729368209839,4.969645977020264,17.366565704345703,1.0,1,1,1.1909637451171875,10.720276832580566,7.221291542053223,1.0,1,2.696370840072632,1,112.81249237060547,1.0,42.02180862426758,3.4044148921966553,4.565006732940674,1.0,6.994747638702393,1.7569804191589355,1.1573221683502197,1,1.0055652856826782,1.0,4.60291051864624,1.3332164287567139,1.0,1.0,2.2184183597564697,1,1,1,1,1,1,1.0,1,1.0,1,1,1,6.801618576049805,4.1932291984558105,10.044841766357422,3.860316038131714,1,3.5973472595214844,8.797621726989746,1,1,4.8086090087890625,2.2116994857788086,64.39997863769531,35.74186325073242,2.373188018798828,1.0,84.09671783447266,26.206045150756836,51.980411529541016,9.475334167480469,2.036914348602295,150.8363800048828,34.466854095458984,47.662296295166016,86.0152816772461,32.27128601074219,1.2035809755325317,1,93.14693450927734,8.867742538452148,50.29240417480469,35.1012077331543,68.66770935058594,21.68683433532715,9.427549362182617,1.0,364.4895935058594,307.2248229980469,46.733646392822266,154.86497497558594,34.238563537597656,84.03627014160156,98.31350708007812,174.3682098388672,51.54084396362305,13.747865676879883,70.17737579345703,79.44517517089844,1.0,1.0,1.6042115688323975,1.0,1.810869574546814,1.0,1.3941166400909424,1.0,1.0,1.0,1.0,1.0,1.0
TEST_05+2일,3.0861198902130127,1.0,5.857093334197998,2.2574496269226074,1.0,1.0,1.0,1.0,1.0,1,1.0,1,1.0,1.0,1.0,1,1.332278847694397,1.0,1.0,1.2366821765899658,3.257972240447998,1.0,1.0,1,5.918642044067383,1,1,4.875231742858887,10.064270973205566,4.5129852294921875,3.2656712532043457,3.3134119510650635,3.9735500812530518,1.0,1.0,3.4015586376190186,33.55580520629883,8.178513526916504,1.0,16.014312744140625,17.387027740478516,1.452891230583191,1.7996783256530762,1,1,2.2884976863861084,1,3.385157823562622,1.02834153175354,5.187310695648193,20.08926773071289,1.0743098258972168,8.380128860473633,1.1170977354049683,2.3145864009857178,1.0,1.0,2.106330633163452,1.2102744579315186,1.0,20.53938102722168,5.554903984069824,8.996442794799805,13.2077054977417,3.2869842052459717,3.5581722259521484,1,1.3916494846343994,2.375459671020508,1.0,1.8717082738876343,4.899947166442871,1,1,2.9594314098358154,1.0,1.0,2.0683774948120117,1.0,4.728924751281738,2.1049532890319824,1.0034003257751465,1.2374745607376099,1,2.5942232608795166,1.854601263999939,1.5117820501327515,1.5317219495773315,2.097667694091797,3.4112608432769775,7.071817398071289,1.3923369646072388,3.2366480827331543,12.98648738861084,1.0,1,1,1.032707929611206,6.65796422958374,8.422938346862793,1.0,1,1.5902843475341797,1,20.579774856567383,110.63053894042969,44.98194885253906,4.622929096221924,4.30659818649292,1.3217209577560425,5.086239814758301,1.6967146396636963,1.0,1,1.0,1.0,4.174559593200684,1.2638987302780151,1.2312558889389038,1.0648208856582642,2.0544490814208984,1,1,1,1,1,1,1.0,1,1.0,1,1,1,4.991176128387451,3.152350425720215,9.573211669921875,2.1411123275756836,1,3.3232083320617676,8.696495056152344,1,1,3.9965875148773193,2.4406776428222656,55.05024719238281,35.862571716308594,4.857590198516846,3.5194690227508545,84.07069396972656,25.9927978515625,48.95586395263672,7.756405830383301,1.9931832551956177,147.4644317626953,34.5026969909668,48.164737701416016,94.55338287353516,31.391748428344727,1.1148772239685059,1,82.36035919189453,9.097356796264648,48.039615631103516,31.51607894897461,66.53828430175781,20.628461837768555,9.276433944702148,1.0,355.06103515625,301.82623291015625,42.76436996459961,142.82171630859375,31.490375518798828,68.04336547851562,63.146636962890625,177.1746063232422,42.89388656616211,9.970342636108398,70.72838592529297,72.236083984375,1.0,1.0,1.0,1.0,1.0,1.0,1.0,1.0,1.0,1.0,1.0,1.0,1.0
TEST_05+3일,3.26297664642334,1.0,5.678653717041016,2.0854806900024414,1.0,1.0,2.432837963104248,1.0,1.0,1,1.0,1,1.0,1.0,1.0,1,1.0,1.0,1.0,2.3645293712615967,3.261690616607666,1.0,1.0,1,5.87275505065918,1,1,14.091477394104004,11.55782413482666,4.8827738761901855,3.2275619506835938,3.0664477348327637,3.0990805625915527,1.0,1.0,3.3319621086120605,28.936996459960938,8.186412811279297,1.0,9.02842903137207,19.35760498046875,1.7430212497711182,2.910456895828247,1,1,1.907847285270691,1,3.4202656745910645,1.253710389137268,3.7668211460113525,18.460620880126953,1.2599855661392212,8.574557304382324,1.0,1.458911657333374,1.0,1.0,2.031893491744995,1.117071270942688,1.0,15.845895767211914,3.783409595489502,7.382063865661621,10.596997261047363,2.5617570877075195,2.7349326610565186,1,1.4059442281723022,2.088815212249756,1.0,1.5283558368682861,2.6231348514556885,1,1,3.6492772102355957,1.0,1.0,2.1963915824890137,1.0,4.68257474899292,1.5734620094299316,1.0593007802963257,1.2118850946426392,1,2.3223466873168945,1.8588265180587769,1.8816543817520142,1.873687982559204,1.9047528505325317,4.731009483337402,15.887063026428223,1.6652129888534546,1.5516606569290161,10.058655738830566,1.0,1,1,1.0,4.810031890869141,7.911613941192627,1.0,1,1.3756904602050781,1,1.0,119.06693267822266,40.980098724365234,2.7846946716308594,4.822661876678467,1.3723785877227783,3.323514223098755,1.5453479290008545,1.0,1,1.0,1.2803698778152466,3.3119804859161377,1.1468629837036133,1.0,1.0,2.0643951892852783,1,1,1,1,1,1,1.0,1,1.0,1,1,1,4.204452991485596,2.0109846591949463,6.7450032234191895,2.100620746612549,1,3.5778651237487793,8.558741569519043,1,1,3.3104536533355713,2.6128358840942383,44.920509338378906,35.870731353759766,6.114100456237793,22.794761657714844,76.08490753173828,25.883207321166992,50.02790451049805,4.842619895935059,1.9909628629684448,122.51573181152344,34.387733459472656,48.6601448059082,79.9762191772461,29.41524314880371,1.2357789278030396,1,69.99871826171875,8.825024604797363,46.66781234741211,24.354381561279297,67.39220428466797,20.15711784362793,9.299027442932129,1.0,344.5965576171875,287.0868835449219,51.787506103515625,147.88465881347656,29.800809860229492,61.25902557373047,52.60978317260742,165.44847106933594,37.25129318237305,7.458489418029785,66.29886627197266,70.03810119628906,1.0,1.0,1.0,1.0,1.0,1.0,1.0,1.0,1.0,1.0,1.0,1.0,1.0
TEST_05+4일,2.741246223449707,1.0,5.387450218200684,2.053574323654175,1.0,1.0,4.760395050048828,1.0,1.0,1,1.0,1,1.0,1.0,1.0,1,3.993807077407837,1.0,1.0,6.213747024536133,6.460665702819824,1.0,1.0,1,6.291751861572266,1,1,23.699060440063477,9.556344032287598,5.220530033111572,3.139101266860962,3.0686287879943848,2.2358691692352295,1.0,1.0,2.9400718212127686,27.506656646728516,8.158865928649902,1.0,11.687979698181152,16.23468017578125,1.4713168144226074,2.3195254802703857,1,1,2.4667930603027344,1,3.9462344646453857,1.0,2.2288362979888916,18.93459701538086,1.0622246265411377,8.557089805603027,1.0,1.4851458072662354,1.0,1.0,1.8052926063537598,1.0,1.0,16.678190231323242,3.702023506164551,6.498200416564941,12.14810848236084,2.2823562622070312,1.9049382209777832,1,1.135567545890808,2.831810712814331,1.0,1.682316780090332,3.249645471572876,1,1,2.792062997817993,1.0,1.0,2.5029568672180176,1.0,3.8999738693237305,1.4948234558105469,1.4995771646499634,1.2843194007873535,1,2.66025972366333,2.4214837551116943,1.8804583549499512,1.7686216831207275,2.300215244293213,5.025589942932129,14.629448890686035,1.3904703855514526,1.1588822603225708,8.212175369262695,1.0,1,1,1.0,3.319744110107422,7.376664161682129,1.0,1,1.0,1,7.2665791511535645,110.76177215576172,34.72031784057617,3.9188132286071777,4.3521294593811035,1.1590957641601562,3.78745436668396,1.3278603553771973,1.0,1,1.0,1.0,2.878190040588379,1.3155018091201782,1.0,1.0,2.032834529876709,1,1,1,1,1,1,1.0,1,1.3913108110427856,1,1,1,4.386714935302734,1.6763758659362793,5.93843412399292,1.9891517162322998,1,3.3511710166931152,8.57260799407959,1,1,2.8367881774902344,2.5917470455169678,43.56174087524414,35.98660659790039,9.910606384277344,29.198806762695312,70.89016723632812,25.821348190307617,51.23306655883789,5.47947359085083,2.0160226821899414,127.0815658569336,33.66996383666992,48.94295883178711,84.50653839111328,29.084217071533203,1.0850460529327393,1,72.55656433105469,8.645153999328613,43.65486526489258,22.499723434448242,68.20417785644531,20.36703109741211,9.81521224975586,1.0,347.6689147949219,287.1695861816406,45.090476989746094,157.5736541748047,30.735139846801758,73.72176361083984,58.32640075683594,162.78350830078125,32.803871154785156,8.156124114990234,66.9986343383789,65.87071990966797,1.0,1.0,1.0,1.0,1.0,1.0,1.0,1.0,1.0,1.0,1.0,1.0,1.0
TEST_05+5일,3.4865612983703613,1.0,5.992629051208496,2.3512163162231445,1.0,1.0,9.035353660583496,1.0,1.5052133798599243,1,1.0,1,1.0,1.0,1.0,1,5.8264851570129395,1.0,1.0,7.710643768310547,4.712712287902832,1.0,1.0,1,6.108440399169922,1,1,40.531978607177734,9.251559257507324,4.751224994659424,3.154501438140869,3.307213306427002,1.903120994567871,1.371383547782898,1.0,3.0379014015197754,27.120933532714844,8.805464744567871,1.2622498273849487,16.056676864624023,17.355382919311523,1.698775053024292,2.6366024017333984,1,1,2.3851020336151123,1,3.6566853523254395,1.0,1.94581937789917,19.054780960083008,1.2136127948760986,7.980030059814453,1.0,1.5264651775360107,1.0,1.0,1.7315254211425781,1.0,1.0,13.400260925292969,3.5508246421813965,6.617963790893555,13.182682991027832,1.7775115966796875,1.716076374053955,1,1.2105623483657837,3.675595760345459,1.0,1.6915926933288574,1.8450710773468018,1,1,3.261831283569336,1.0,1.0,2.1164445877075195,1.0,4.2238383293151855,1.6051273345947266,1.788265585899353,1.4527010917663574,1,2.6853110790252686,2.3676817417144775,1.4215724468231201,2.2850747108459473,1.825836181640625,5.382680416107178,17.402650833129883,1.2188575267791748,2.3296847343444824,8.88347053527832,1.0,1,1,1.0,11.582996368408203,7.363343715667725,1.0,1,1.0032987594604492,1,1.0,108.06424713134766,32.91252517700195,3.6133458614349365,4.164796829223633,1.0396238565444946,4.910335540771484,1.2052536010742188,1.0,1,1.0,1.0081113576889038,2.672818660736084,1.45536470413208,1.0,1.0,2.6984071731567383,1,1,1,1,1,1,1.0,1,1.2660287618637085,1,1,1,5.223176002502441,1.635896921157837,5.230766773223877,1.921710729598999,1,3.2641801834106445,8.389996528625488,1,1,2.8503968715667725,2.2868313789367676,49.71271514892578,35.36888122558594,12.729679107666016,25.07244873046875,74.95569610595703,25.966630935668945,50.49005126953125,10.571494102478027,2.2182424068450928,129.23016357421875,33.51256561279297,48.874610900878906,82.88394927978516,30.508201599121094,1.0,1,77.71595001220703,9.243521690368652,43.29267883300781,25.02774429321289,67.31048583984375,19.910680770874023,10.059968948364258,1.0,353.7690124511719,295.157958984375,38.50447082519531,172.5167694091797,33.58464431762695,79.00960540771484,87.8139419555664,168.02110290527344,40.45166015625,11.330877304077148,67.37554168701172,68.85692596435547,1.0,1.0,1.0,1.0,1.0147024393081665,1.0,1.0,1.0,1.0,1.0,1.0,1.0,1.0
TEST_05+6일,5.2719011306762695,1.0,6.1631388664245605,2.7322282791137695,1.0,1.169679045677185,5.952392578125,1.0,2.138979434967041,1,1.0,1,1.0,1.0,1.0,1,5.344585418701172,1.0,1.0,7.194372177124023,4.693149089813232,1.0,1.0,1,6.011275291442871,1,1,38.01221466064453,11.256729125976562,4.8050947189331055,2.8602242469787598,3.109470844268799,1.7825819253921509,1.4891703128814697,1.0,3.491891622543335,32.0998420715332,9.090576171875,1.3017827272415161,25.285734176635742,20.77283477783203,1.4720672369003296,2.667837381362915,1,1,1.9674335718154907,1,3.072329521179199,1.0,2.818425178527832,18.90789031982422,1.108067274093628,8.699254035949707,1.0,2.688007354736328,1.0,1.0,1.7517281770706177,1.386656641960144,1.0,19.309268951416016,5.3503828048706055,7.442870616912842,13.292485237121582,3.0803215503692627,2.3497860431671143,1,1.3340544700622559,4.030953407287598,1.0,1.9122732877731323,3.971562147140503,1,1,3.5491037368774414,1.0,1.0,2.0348851680755615,1.0,4.8127241134643555,1.6316108703613281,1.663642168045044,1.387001872062683,1,2.960071086883545,2.605959177017212,1.3826966285705566,1.6228176355361938,2.0680179595947266,6.386241912841797,13.560352325439453,1.2435699701309204,2.969346761703491,13.255762100219727,1.0160822868347168,1,1,1.0005488395690918,12.657604217529297,5.981625556945801,1.1376558542251587,1,2.1418025493621826,1,19.64676856994629,81.25992584228516,34.35502243041992,4.879479885101318,4.444019317626953,1.4052579402923584,6.993349075317383,1.2968387603759766,1.051802396774292,1,1.0,1.0443313121795654,2.0873618125915527,1.695594310760498,1.048994779586792,1.0,2.3651955127716064,1,1,1,1,1,1,1.0,1,1.3544297218322754,1,1,1,5.1364312171936035,2.3406996726989746,6.09132194519043,2.856417417526245,1,3.4895691871643066,10.231163024902344,1,1,3.779409646987915,2.0835163593292236,65.68802642822266,35.89287185668945,11.794705390930176,5.902659893035889,84.40478515625,25.913785934448242,50.5771484375,18.503957748413086,2.2084879875183105,139.40406799316406,34.365970611572266,48.35652160644531,81.26392364501953,35.214500427246094,1.0518243312835693,1,93.06072235107422,9.139504432678223,45.69196319580078,30.049896240234375,71.13192749023438,20.934429168701172,10.400991439819336,1.0,361.10260009765625,309.7098693847656,42.254150390625,185.8309783935547,34.86544418334961,96.8127670288086,129.6641845703125,162.88455200195312,44.30253601074219,18.491708755493164,68.50550842285156,75.175537109375,1.0,1.0,1.2183700799942017,1.0,1.0,1.0,1.0,1.0,1.0,1.0,1.0,1.0,1.0
TEST_05+7일,5.802838325500488,1.0,5.985625267028809,2.750908136367798,1.0,1.0125247240066528,1.0,1.0,2.2560670375823975,1,1.0,1,1.0,1.0,1.0,1,1.0,1.0,1.0,3.802069902420044,4.269437313079834,1.0,1.0,1,6.019440174102783,1,1,42.95142364501953,9.636202812194824,5.0718770027160645,2.7904531955718994,2.417205333709717,1.5613830089569092,1.4316468238830566,1.0,3.4579014778137207,38.95118713378906,8.420403480529785,1.5500411987304688,35.505104064941406,17.519567489624023,1.577303171157837,1.869684100151062,1,1,1.9440797567367554,1,3.872626543045044,1.0,4.226018905639648,19.23724937438965,1.3314515352249146,8.241888046264648,1.0,2.508378267288208,1.0,1.0,2.0682168006896973,1.5809166431427002,1.0,27.67108154296875,7.220529079437256,10.079766273498535,15.848374366760254,4.614770889282227,2.6723339557647705,1,1.5524978637695312,4.834589004516602,1.0,1.8927035331726074,2.8285577297210693,1,1,3.1529250144958496,1.0,1.0,2.1691102981567383,1.0,5.332079887390137,2.1705362796783447,1.670588493347168,1.466243028640747,1,2.7085111141204834,2.4014458656311035,1.5341331958770752,1.644701361656189,1.5825250148773193,8.32540512084961,6.26920223236084,1.2879079580307007,4.353140354156494,18.852968215942383,1.2682794332504272,1,1,1.0942829847335815,7.9284281730651855,7.1947174072265625,1.399129867553711,1,2.694899320602417,1,99.62306213378906,1.0,35.577659606933594,4.065986156463623,4.168490886688232,1.3177075386047363,7.891891002655029,1.4770746231079102,1.2055002450942993,1,1.0,1.0,1.8742316961288452,1.3357300758361816,1.655469298362732,1.0631664991378784,2.4266324043273926,1,1,1,1,1,1,1.0,1,1.0,1,1,1,5.269250869750977,3.235077381134033,7.064390182495117,4.684009075164795,1,4.24273681640625,9.647053718566895,1,1,4.389521598815918,2.4982199668884277,68.92314910888672,36.22905349731445,2.0110154151916504,1.0,94.73369598388672,27.325010299682617,55.036197662353516,22.864559173583984,2.2058138847351074,150.2685546875,34.79296112060547,47.916229248046875,83.0822982788086,37.214168548583984,1.020787000656128,1,99.9793701171875,9.710912704467773,50.95917510986328,34.18928527832031,71.50515747070312,20.94508934020996,9.784728050231934,1.0,375.3206481933594,317.77099609375,46.203670501708984,187.06167602539062,34.785606384277344,95.19508361816406,144.90406799316406,180.30213928222656,54.675987243652344,20.770919799804688,75.4814453125,79.42694854736328,1.0,1.0,1.4140853881835938,1.0,1.4570382833480835,1.0,1.0805319547653198,4.4598870277404785,1.0,1.0,1.0,1.0,1.0
TEST_06+1일,2.76444935798645,1.0,6.082691192626953,2.591928005218506,1.0,1.0,1.0,1.0,1.02852463722229,1,1.0,1,1.0,1.0,1.0,1,1.0,1.0427443981170654,1.0,1.0,4.465326309204102,1.0,1.0,1,6.1528215408325195,1,1,16.605670928955078,8.381979942321777,5.204014778137207,2.9061312675476074,2.9177134037017822,2.702510118484497,1.8880431652069092,1.0,3.4738075733184814,41.19248580932617,8.477678298950195,1.0,46.179901123046875,17.08454704284668,1.0362956523895264,3.444673776626587,1,1,2.058372735977173,1,2.674626111984253,1.0,6.20892858505249,23.53582191467285,1.2045354843139648,11.684587478637695,1.131767749786377,3.2687785625457764,1.0,2.318929672241211,1.5757197141647339,1.4476110935211182,1.0,24.435983657836914,13.191073417663574,11.932516098022461,16.286779403686523,4.6683669090271,3.274995803833008,1,1.0,2.7503647804260254,1.0,1.5318046808242798,3.1165611743927,1,1,2.2047340869903564,1.0,1.0,1.954882025718689,1.0,3.9844582080841064,1.7015267610549927,1.9530682563781738,1.0,1,2.03255033493042,2.6768581867218018,1.2212235927581787,1.531077265739441,2.500030994415283,5.152214527130127,8.210519790649414,1.249002456665039,5.341657638549805,11.819998741149902,1.2724425792694092,1,1,1.0,10.79985523223877,7.26251745223999,1.0,1,1.9125136137008667,1,79.53822326660156,7.769718647003174,17.083942413330078,3.003760814666748,2.7739691734313965,1.0,6.286592960357666,1.0231945514678955,1.1768239736557007,1,1.0,1.0,5.266373634338379,1.1476263999938965,3.664679765701294,1.0,1.0,1,1,1,1,1,1,1.0,1,1.0662763118743896,1,1,1,7.44038200378418,2.5259037017822266,6.3061604499816895,4.4355902671813965,1,2.9868526458740234,10.091047286987305,1,1,4.002734184265137,2.4114885330200195,60.950809478759766,22.94721221923828,2.675764322280884,1.0,85.42631530761719,24.650562286376953,39.34517288208008,53.52040100097656,2.2682504653930664,138.55877685546875,33.40339279174805,46.12655258178711,76.05908203125,30.866920471191406,1.0,1,83.16727447509766,7.882328987121582,49.40312194824219,28.674142837524414,65.12362670898438,19.174816131591797,8.432802200317383,1.0,332.65478515625,285.6041564941406,45.360862731933594,170.7651824951172,29.950227737426758,83.5039291381836,133.55381774902344,160.95651245117188,50.43053436279297,20.005592346191406,65.00350952148438,75.86627960205078,1.0,1.0,1.0,1.0,1.0,1.0,1.0,1.0,1.0,1.0,1.0,1.0,1.0
TEST_06+2일,2.7991607189178467,1.0,6.252139568328857,2.161227226257324,1.0,1.0,1.0,1.0,1.0,1,1.0,1,1.0,1.0,1.0,1,1.0,1.0,1.0,4.1559367179870605,2.306528329849243,1.0,1.0,1,5.918137073516846,1,1,5.420943737030029,9.706722259521484,4.894627094268799,2.5895214080810547,3.663144826889038,5.054344654083252,2.346163511276245,1.0,3.6680822372436523,33.25025177001953,7.975594997406006,1.0,24.90794563293457,14.951906204223633,1.0400409698486328,2.1921465396881104,1,1,2.034501314163208,1,2.8381824493408203,1.0,6.980292320251465,22.94077491760254,1.0197186470031738,12.55836296081543,1.1899291276931763,1.9571456909179688,1.0,1.4570906162261963,1.5104044675827026,1.2072772979736328,1.0,15.434003829956055,10.842902183532715,10.476469993591309,15.360507011413574,3.122401475906372,2.9097704887390137,1,1.0,1.7830071449279785,1.0,1.7172693014144897,4.94877290725708,1,1,2.4989683628082275,1.1925193071365356,1.0,1.989820122718811,1.0,3.6361217498779297,2.1566073894500732,1.0880861282348633,1.0,1,1.886366367340088,2.096886157989502,1.206482172012329,1.311428427696228,2.3699474334716797,1.5865833759307861,12.340116500854492,1.144263505935669,2.80838942527771,6.301104545593262,1.0,1,1,1.0,6.879217624664307,7.2658538818359375,1.018336296081543,1,2.153712749481201,1,10.751605987548828,33.70719909667969,16.428701400756836,4.010538101196289,3.1022424697875977,1.061635971069336,4.678548812866211,1.0,1.0,1,1.0,1.0,5.414109230041504,1.2497106790542603,4.468860626220703,1.0447887182235718,1.0,1,1,1,1,1,1,1.0,1,1.096747875213623,1,1,1,5.127171516418457,1.6687816381454468,4.478221893310547,2.4959702491760254,1,1.8157308101654053,6.681901454925537,1,1,2.8373281955718994,1.5168379545211792,50.50990676879883,16.700349807739258,1.0,10.244027137756348,72.52677154541016,23.741607666015625,37.03348159790039,40.04620361328125,2.18507719039917,117.44660186767578,32.11601257324219,45.62629699707031,80.10356903076172,23.88722038269043,1.0,1,67.72023010253906,7.772894382476807,43.816368103027344,24.61785316467285,61.4616813659668,17.28304100036621,8.451827049255371,1.0,279.619140625,213.7582550048828,40.128013610839844,166.2789764404297,26.911060333251953,58.465309143066406,100.16242218017578,157.760498046875,37.120243072509766,16.509126663208008,66.13777160644531,66.80780792236328,1.0,1.0,1.0,1.0,1.0,1.0,1.0,1.0,1.0,1.0,1.0,1.0,1.0
TEST_06+3일,3.693901538848877,1.0,5.603264331817627,1.6469364166259766,1.0,1.0,1.0,1.0,1.0,1,1.0,1,1.0,1.0,1.0,1,2.457425594329834,1.0,1.0,4.56038236618042,3.134704828262329,1.0,1.0,1,5.8731608390808105,1,1,25.79656982421875,10.595132827758789,5.229320526123047,2.5443568229675293,3.369109630584717,5.57863712310791,1.8251128196716309,1.0,3.5249857902526855,29.008623123168945,7.61139440536499,1.0,11.069883346557617,15.936715126037598,1.0221059322357178,2.9150779247283936,1,1,1.847421407699585,1,2.9986648559570312,1.0,6.454327583312988,20.971614837646484,1.189841389656067,12.03506088256836,1.0792138576507568,1.0,1.0,1.0,1.5241318941116333,1.0282859802246094,1.0,7.974037170410156,6.384405612945557,9.802117347717285,13.118850708007812,2.4678056240081787,3.5224666595458984,1,1.178154706954956,1.581791639328003,1.0,1.5679218769073486,2.592036247253418,1,1,2.8024842739105225,1.0,1.0,2.0954527854919434,1.0,3.9139482975006104,1.4927412271499634,1.0,1.0,1,1.6695246696472168,1.7327865362167358,1.430433750152588,1.5365357398986816,2.2295312881469727,3.233764171600342,18.44651985168457,1.3158667087554932,1.0,5.27734375,1.0,1,1,1.0,5.775789260864258,4.372284889221191,1.425957441329956,1,1.9540259838104248,1,3.7630856037139893,23.743793487548828,11.498068809509277,2.125967264175415,3.2790191173553467,1.0980000495910645,3.482057809829712,1.0,1.0,1,1.0,1.0,3.595134735107422,1.0282291173934937,3.681546688079834,1.0,1.0,1,1,1,1,1,1,1.0,1,1.0,1,1,1,3.529118299484253,1.3154107332229614,3.402523994445801,2.0272860527038574,1,1.368681788444519,5.0555925369262695,1,1,2.2000656127929688,1.0,41.370849609375,14.174949645996094,1.0,49.63106918334961,54.630088806152344,23.347007751464844,37.54314041137695,32.87012481689453,2.0694282054901123,85.20626068115234,31.559186935424805,44.09299850463867,64.36827087402344,17.93421745300293,1.0,1,51.33737564086914,7.730103015899658,39.47727966308594,19.244882583618164,60.46748352050781,16.246374130249023,8.387332916259766,1.0,248.9326629638672,161.80882263183594,47.382171630859375,167.95730590820312,24.616329193115234,43.66645050048828,76.42523193359375,141.07177734375,28.11387825012207,11.216294288635254,62.53472137451172,59.31352996826172,1.0,1.0,1.0,1.0,1.0,1.0,1.0,1.0,1.0,1.0,1.0,1.0,1.0
TEST_06+4일,3.966646671295166,1.0,4.221989631652832,1.6407581567764282,1.0,1.0,3.0753982067108154,1.0,1.0,1,1.0,1,1.0,1.0,1.0,1,4.610776901245117,1.0,1.0,11.128920555114746,5.713112831115723,1.0,1.0,1,6.291593551635742,1,1,40.61027908325195,8.310626983642578,5.180902481079102,2.500675678253174,3.37695574760437,2.8694567680358887,1.3178938627243042,1.0,3.1590538024902344,30.529647827148438,7.136567115783691,1.0,12.87279224395752,13.909032821655273,1.0690826177597046,2.7580111026763916,1,1,2.3427085876464844,1,3.0366225242614746,1.0,4.006996154785156,21.241479873657227,1.0424532890319824,11.30700969696045,1.0,1.0,1.0,1.0,1.3171356916427612,1.0,1.0,7.68841028213501,3.279876232147217,9.726350784301758,13.617620468139648,2.8076374530792236,3.3474466800689697,1,1.0383646488189697,2.1555020809173584,1.1042087078094482,1.536913275718689,3.3375463485717773,1,1,2.475517988204956,1.0,1.0,2.4043383598327637,1.0,3.8024110794067383,1.5594935417175293,1.1377543210983276,1.0,1,1.723361611366272,1.9717423915863037,1.3658391237258911,1.5563210248947144,2.4777846336364746,3.3655331134796143,16.356853485107422,1.1085314750671387,1.0,4.868588447570801,1.0,1,1,1.0,3.605509042739868,3.272531032562256,2.1936533451080322,1,1.7938499450683594,1,8.787543296813965,19.300216674804688,8.007229804992676,2.9554052352905273,3.1789495944976807,1.0,3.8402910232543945,1.0,1.0,1,1.0,1.0,1.8094772100448608,1.2157108783721924,2.3131368160247803,1.0,1.0,1,1,1,1,1,1,1.0,1,1.289803385734558,1,1,1,3.001004934310913,1.573030948638916,3.42903470993042,1.8286755084991455,1,1.101057529449463,4.437943935394287,1,1,2.166597843170166,1.0,36.74217224121094,18.092708587646484,1.0,61.91450500488281,47.26994323730469,24.78823471069336,38.7839469909668,33.24774932861328,2.0433285236358643,91.70759582519531,31.240495681762695,43.83368682861328,65.58380889892578,16.252479553222656,1.0,1,52.374515533447266,7.361444473266602,34.49883270263672,19.52066993713379,60.52684020996094,18.066736221313477,8.655816078186035,1.0,275.8692932128906,165.01278686523438,40.34750747680664,170.99684143066406,26.726327896118164,53.74526596069336,71.56942749023438,134.39935302734375,22.40838050842285,7.624751567840576,62.04298400878906,53.94963073730469,1.0,1.0,1.0,1.0,1.0,1.0,1.0,1.0,1.0,1.0,1.0,1.0,1.0
TEST_06+5일,3.590136766433716,1.0,3.825812578201294,2.0328733921051025,1.0,1.0,5.509739398956299,1.0,1.0,1,1.0,1,1.0,1.0,1.0,1,7.691375255584717,1.0,1.0,10.818126678466797,3.836594820022583,1.0,1.0,1,6.108536720275879,1,1,63.27764892578125,8.69543743133545,4.5968017578125,2.705684185028076,3.610015869140625,1.0,1.275543451309204,1.0,3.0568723678588867,31.719663619995117,8.285358428955078,1.0,18.94032859802246,14.763468742370605,1.0754880905151367,2.95019268989563,1,1,2.3953449726104736,1,2.986173152923584,1.0,1.6016961336135864,21.5310001373291,1.063889503479004,9.720027923583984,1.0,1.0,1.0,1.538341999053955,1.4767239093780518,1.0,1.0,7.219387531280518,2.819382667541504,9.37975025177002,13.777310371398926,3.5573570728302,3.4643938541412354,1,1.0758998394012451,2.8277065753936768,1.0,1.7332836389541626,2.239304780960083,1,1,2.6653082370758057,1.0,1.0,2.2105610370635986,1.0,3.6052584648132324,1.6338460445404053,1.4933757781982422,1.0,1,1.6051945686340332,2.1383378505706787,1.0,1.8095284700393677,2.0979044437408447,3.3748114109039307,17.166927337646484,1.0,1.9020792245864868,8.177699089050293,1.0,1,1,1.0,11.436036109924316,3.004138469696045,2.3370018005371094,1,1.4488353729248047,1,1.0,21.136850357055664,4.900887489318848,3.0931200981140137,2.701758623123169,1.0,4.546964168548584,1.0,1.0,1,1.0,1.0,1.0,1.2385386228561401,1.7115525007247925,1.0,1.0,1,1,1,1,1,1,1.0,1,1.3533912897109985,1,1,1,3.8397274017333984,2.1849746704101562,3.0156288146972656,1.6642560958862305,1,1.0543299913406372,6.461255073547363,1,1,2.35998797416687,1.0,41.17627716064453,25.384775161743164,3.9485952854156494,57.10344314575195,52.56818389892578,25.438953399658203,37.67032241821289,41.33922576904297,2.2367660999298096,102.86708068847656,31.863590240478516,45.35500717163086,67.31268310546875,20.16040802001953,1.0,1,57.667274475097656,7.93186616897583,34.85054016113281,21.975717544555664,58.44520568847656,18.882658004760742,8.754247665405273,1.0,327.6819763183594,222.53355407714844,35.14973068237305,172.50918579101562,31.471538543701172,64.50638580322266,73.75375366210938,128.72262573242188,29.071300506591797,8.332075119018555,61.626983642578125,55.284820556640625,1.0,1.0,1.0,1.0,1.0,1.0,1.0,1.0,1.0,1.0,1.0,1.0,1.0
TEST_06+6일,4.209266185760498,1.0,3.863043785095215,3.0794320106506348,1.0,1.0,3.0542824268341064,1.0,1.0,1,1.0,1,1.0,1.0,1.0,1,4.950826168060303,1.0,1.0,9.388511657714844,3.290153980255127,1.0,1.0,1,6.010986804962158,1,1,61.95981979370117,10.266449928283691,4.744609355926514,2.815530300140381,3.29470157623291,1.0,1.816314458847046,1.0,3.8135271072387695,40.0521354675293,8.161755561828613,1.0,42.54249954223633,15.725086212158203,1.0,3.2378969192504883,1,1,1.5764654874801636,1,2.658782720565796,1.0,1.769271731376648,20.71648406982422,1.0,10.592923164367676,1.0,2.804517984390259,1.0,2.430421829223633,1.4042328596115112,1.0,1.0,15.143925666809082,6.290492534637451,10.796126365661621,13.219051361083984,5.802698135375977,3.301637649536133,1,1.0,2.897472381591797,1.0,1.6704230308532715,3.467275857925415,1,1,2.7313382625579834,1.0,1.0,2.1486923694610596,1.0,3.4018630981445312,1.6089223623275757,1.537176489830017,1.0,1,1.8363441228866577,2.657917022705078,1.0,1.3518420457839966,2.450361728668213,5.34938907623291,12.580857276916504,1.0,3.183481216430664,16.622896194458008,1.0,1,1,1.0,13.249783515930176,4.159019947052002,2.108370304107666,1,2.764407157897949,1,30.9017333984375,14.467691421508789,5.439294815063477,4.04034948348999,2.9897665977478027,1.035571813583374,6.798542022705078,1.056498408317566,1.509857177734375,1,1.0,1.0,1.1117267608642578,1.4783093929290771,1.4043954610824585,1.0,1.1600637435913086,1,1,1,1,1,1,1.0,1,1.3222451210021973,1,1,1,4.1056318283081055,2.9831817150115967,4.961943626403809,2.357140302658081,1,1.838936686515808,11.568866729736328,1,1,3.3435730934143066,2.118474006652832,55.223289489746094,32.59743881225586,3.3891825675964355,27.073259353637695,71.79512023925781,26.350553512573242,35.498390197753906,48.957584381103516,2.2891852855682373,122.4868392944336,33.61471939086914,46.63245391845703,62.384765625,26.646814346313477,1.0,1,72.77889251708984,7.758546829223633,38.74475860595703,24.962757110595703,60.056053161621094,20.38920783996582,9.010211944580078,1.0,374.2270202636719,314.5412902832031,37.24787521362305,172.05203247070312,34.6738395690918,83.66777038574219,93.08113861083984,121.15939331054688,36.89066696166992,13.588966369628906,61.008750915527344,65.16242980957031,1.0,1.0,1.0,1.0,1.0,1.0,1.0,1.0,1.0,1.0,1.0,1.0,1.0
TEST_06+7일,3.761885643005371,1.0,3.934846878051758,3.276592493057251,1.0,1.0,1.0,1.0,1.0,1,1.0,1,1.0,1.0,1.0,1,1.503768801689148,1.0,1.0,4.23448371887207,3.8434770107269287,1.0,1.0,1,6.019423007965088,1,1,49.36004638671875,9.85356330871582,4.9995551109313965,2.7994093894958496,2.8732643127441406,1.0,1.881656527519226,1.0,3.6732795238494873,45.04450607299805,7.466869831085205,1.3392422199249268,58.19054412841797,14.472983360290527,1.0,1.7920829057693481,1,1,1.8386896848678589,1,3.1120166778564453,1.0,2.7129712104797363,22.029844284057617,1.1275014877319336,10.094329833984375,1.0,3.0718019008636475,1.0,2.693758964538574,1.2224870920181274,1.0,1.0,24.357402801513672,9.787656784057617,13.969724655151367,15.84314250946045,7.160755157470703,3.593101978302002,1,1.2650119066238403,3.66499924659729,1.0,1.7502192258834839,2.5848989486694336,1,1,2.66613507270813,1.348215103149414,1.0,2.1070103645324707,1.0,3.469900608062744,2.225980520248413,1.73676598072052,1.0,1,1.601548194885254,2.8110742568969727,1.0731180906295776,1.3864467144012451,2.090310573577881,7.419825553894043,3.422729253768921,1.0,4.996795177459717,20.386898040771484,1.0,1,1,1.0,7.090639591217041,6.393832683563232,1.2993806600570679,1,3.069434881210327,1,94.00759887695312,1.0,9.045809745788574,3.417032241821289,3.242525815963745,1.1207313537597656,6.905666828155518,1.0,1.7948331832885742,1,1.0,1.0,2.8556153774261475,1.1839121580123901,2.0672802925109863,1.1370916366577148,1.165675401687622,1,1,1,1,1,1,1.0,1,1.048897385597229,1,1,1,5.472710609436035,2.9951958656311035,6.451080799102783,4.36740779876709,1,2.69191312789917,12.913206100463867,1,1,4.122054100036621,4.973661422729492,58.241947174072266,33.50180435180664,1.0,1.0,87.12454223632812,26.256736755371094,37.80649185180664,47.87351608276367,2.339268922805786,136.18338012695312,35.0939826965332,45.84885025024414,61.225440979003906,30.82451820373535,1.0,1,82.65949249267578,7.98162841796875,45.52984619140625,26.65241241455078,59.076744079589844,19.929594039916992,8.095732688903809,1.0,379.7518615722656,348.6502990722656,38.00074005126953,161.6487579345703,33.638206481933594,85.10982513427734,110.43807220458984,119.2398910522461,47.547664642333984,18.629182815551758,61.63253402709961,73.71051788330078,1.0,1.0,1.0,1.0,1.0,1.0,1.0,1.0,1.0,1.0,1.0,1.0,1.0
TEST_07+1일,3.9888134002685547,1.0,6.262452125549316,2.930823564529419,1.0,1.0,1.0,1.0,1.0,1,1.0,1,1.0,1.0,1.0,1,1.0,1.0,1.0,1.0,7.07589054107666,1.0,1.0,1,6.152241230010986,1,1,27.473133087158203,3.5449464321136475,1.1216318607330322,1.0,2.5921826362609863,1.0,1.0,1.677025556564331,1.2552120685577393,11.998364448547363,3.772667646408081,1.0,25.507814407348633,9.37504768371582,1.0,3.227414131164551,1,1,2.2247402667999268,1,1.2370449304580688,1.0,1.0,11.359314918518066,1.0,6.6952619552612305,1.0,2.8804402351379395,1.0,1.0521868467330933,1.0,1.0,1.0,7.251120567321777,3.6832125186920166,7.904072284698486,5.183232307434082,5.8779826164245605,1.0,1,1.0,2.3882932662963867,1.0,1.1260404586791992,2.209498405456543,1,1,1.540444016456604,2.4225730895996094,1.0,1.0,1.0,1.0,1.3626224994659424,1.0,1.0,1,1.0,1.0,1.0,1.4014047384262085,1.123488426208496,1.9608675241470337,1.0,1.0,3.821218490600586,7.019847869873047,1.0,1,1,1.0,3.189056634902954,2.15451717376709,1.0,1,1.0,1,63.156776428222656,1.0,17.58715057373047,2.4368231296539307,1.0683672428131104,1.0,2.061958074569702,1.0597383975982666,1.0,1,1.0,1.0,1.0,1.017822265625,2.0443975925445557,1.0,1.0,1,1,1,1,1,1,1.0,1,1.0,1,1,1,1.0,1.3037703037261963,2.32645845413208,1.0216683149337769,1,1.0268913507461548,2.8624954223632812,1,1,1.0,1.0,8.137773513793945,1.0,1.0,1.0,7.8659234046936035,1.0,4.00060510635376,1.0,1.0,14.286378860473633,1.0,1.0,6.987087249755859,7.525517463684082,1.0,1,3.4043402671813965,1.0,2.3691484928131104,1.238326907157898,8.752685546875,1.0,1.0,1.0,1.0,2.6647889614105225,1.0,1.0,1.0,3.390230178833008,1.0,1.0,1.1889647245407104,1.0,2.2158913612365723,2.194476366043091,1.0,1.1655972003936768,1.0,1.0,1.533790111541748,1.0,1.0,1.0,4.534966468811035,1.0,1.0,1.0,1.0
TEST_07+2일,1.0,3.817565441131592,1.0,1.0,1.0,1.0,1.0,1.0,1.0,1,1.0,1,1.0,1.0,1.0,1,21.74595832824707,1.0,1.0,11.740530014038086,3.8929712772369385,1.0,1.0,1,5.917853832244873,1,1,15.046221733093262,2.99969482421875,1.1200124025344849,1.0478248596191406,3.303481101989746,1.0,1.0,1.706862211227417,1.0,12.223950386047363,3.5789425373077393,1.0,15.864333152770996,5.8198699951171875,1.0,1.545583963394165,1,1,2.1785411834716797,1,1.1225706338882446,1.0,1.0,10.3281831741333,1.0,6.383028030395508,1.0,2.225996494293213,1.0,1.0,1.0,1.0,1.0,4.819268703460693,3.3224356174468994,5.775618553161621,6.881824970245361,4.312089443206787,1.0,1,1.0,1.3404899835586548,1.0,1.0,3.3887288570404053,1,1,1.3930855989456177,2.1156816482543945,1.0,1.0,1.0,1.0,1.6730034351348877,1.0,1.0,1,1.0,1.0,1.0,1.4271219968795776,1.0,1.0,3.892504930496216,1.0,2.243069648742676,4.211591720581055,1.0,1,1,1.0,1.0,1.3598582744598389,1.0,1,1.0,1,14.950936317443848,1.9225324392318726,8.162271499633789,3.1210379600524902,1.5486993789672852,1.0,1.1101131439208984,1.0,1.0,1,1.0,1.0,1.0,1.0390520095825195,2.341904878616333,1.0,1.0,1,1,1,1,1,1,1.0,1,1.0,1,1,1,1.0,1.0,1.0,1.0,1,1.0,1.0,1,1,1.0,1.0,6.984662055969238,1.0,1.0,1.0,8.646464347839355,1.0,2.4167752265930176,1.0,1.0,8.821246147155762,1.0,1.0,5.071227550506592,5.373880386352539,1.0,1,1.0,1.0,1.4529422521591187,1.0,5.640095233917236,1.0,1.0,1.0,1.0,1.0971238613128662,1.0,1.0,1.0,1.0,1.0,1.0,1.0134841203689575,1.0,1.0,2.91406512260437,1.0,1.0,1.0,1.0,1.0,1.0,1.0,1.0,3.3017663955688477,1.0,1.0,1.0,1.0
TEST_07+3일,1.0,9.794633865356445,1.6923999786376953,1.0,1.0,1.0,5.398271083831787,1.0,1.0,1,1.0,1,1.0,1.0,1.0,1,17.408531188964844,1.0,1.0,13.010144233703613,4.433953762054443,1.0,1.0,1,5.872270107269287,1,1,27.261098861694336,3.921069860458374,1.0881528854370117,1.0,3.1613352298736572,1.0379061698913574,1.0,2.506413459777832,1.3386569023132324,13.305654525756836,3.042841672897339,1.0,5.235209941864014,7.580270290374756,1.0,2.3371400833129883,1,1,1.9452062845230103,1,1.617110013961792,1.0,1.0,10.03532886505127,1.0,4.898338317871094,1.0,1.0,1.0,1.0,1.0,1.0,1.0,1.0,2.399352788925171,1.9413893222808838,5.890255451202393,2.0621352195739746,1.0,1,1.0,1.0,1.0,1.0,1.9842792749404907,1,1,1.8770759105682373,1.6127206087112427,1.0,1.0756070613861084,1.0,1.0,1.2473113536834717,1.0,1.0,1,1.0,1.0,1.0,1.7798469066619873,1.0550612211227417,3.250278949737549,18.974323272705078,1.0,1.0,1.296457052230835,1.0,1,1,1.0,1.0,1.0,1.0,1,1.0,1,1.0,2.3402180671691895,1.0,1.677290439605713,1.309932827949524,1.0,1.0,1.0,1.0,1,1.0,1.0,1.0,1.0,1.6975421905517578,1.0,1.0,1,1,1,1,1,1,1.0,1,1.0,1,1,1,1.0,1.0,1.0,1.0,1,1.0,1.0,1,1,1.0,1.0,3.552328586578369,1.0,1.0,21.767671585083008,8.16005802154541,1.0,3.6405177116394043,1.0,1.0,5.67003059387207,1.0,1.0,2.6917896270751953,2.0056793689727783,1.0,1,2.035240888595581,1.0,1.0,1.0,3.671337127685547,1.0,1.0,1.0,1.0,1.0,1.0,1.0,1.0,1.0,1.0,1.0,1.0,1.0,1.0,1.0,1.0,1.0,1.0,1.0,1.0,1.0,1.0,1.0,5.937794208526611,1.0,1.0,1.0,1.0
TEST_07+4일,1.0,22.17194175720215,2.0137641429901123,1.0,1.0,1.0,11.977656364440918,1.0,1.0,1,1.0,1,1.0,1.0,1.0,1,38.708770751953125,1.0,1.0,33.442161560058594,7.440742015838623,1.0,1.0,1,6.2908782958984375,1,1,43.74580383300781,3.6079747676849365,1.0,1.0,2.9247190952301025,1.2029383182525635,1.0,2.5021419525146484,1.4951735734939575,12.194588661193848,3.1612088680267334,1.0,5.603459358215332,7.908234119415283,1.0,2.7254700660705566,1,1,2.270874500274658,1,1.2989920377731323,1.0,1.0,8.157576560974121,1.0,4.546011924743652,1.0,1.356050729751587,1.0,1.0,1.0,1.0,1.0,1.0,2.380483865737915,1.0,5.943073749542236,1.8103102445602417,1.0,1,1.0,1.2962924242019653,1.0,1.0,2.4630024433135986,1,1,1.8055988550186157,1.6629220247268677,1.0,1.1140066385269165,1.0,1.0,1.2125270366668701,1.0,1.0,1,1.0,1.0,1.0,1.726589322090149,1.4748539924621582,3.6084039211273193,27.198009490966797,1.0,1.0,1.0,1.0,1,1,1.0,1.0,1.0,1.0,1,1.0,1,1.506535530090332,5.147695541381836,1.0,1.9066895246505737,1.9679065942764282,1.0,1.0,1.0,1.0,1,1.0,1.0,1.0,1.1580935716629028,1.0,1.0,1.0,1,1,1,1,1,1,1.0,1,1.1299253702163696,1,1,1,1.0,1.0,1.0,1.0,1,1.0,1.0,1,1,1.0,1.0,2.1543028354644775,1.0,1.7292894124984741,29.431053161621094,5.56614875793457,1.0,2.8136746883392334,1.0,1.0,1.854372501373291,1.0,1.0,1.658792495727539,1.0687110424041748,1.0,1,1.0,1.0,1.070791482925415,1.0,1.3731929063796997,1.0,1.0,1.0,1.0,1.0,1.0,1.0,1.0,1.0,1.0,1.0,1.0,1.0,1.0,1.0,1.0,1.0,1.0,1.0,1.0,1.0,1.0,1.0,6.204975605010986,1.0,1.0,1.0,1.0
TEST_07+5일,1.5977609157562256,26.903865814208984,1.9460502862930298,1.200538992881775,1.0,1.0,17.32615089416504,1.0,1.0,1,1.0,1,1.0,1.0,1.0,1,62.169456481933594,1.0,1.0,55.31349563598633,5.508164882659912,1.0,1.0,1,6.108026027679443,1,1,61.84697723388672,3.7450599670410156,1.0,1.0,3.4055023193359375,1.0,1.1733914613723755,3.0823538303375244,1.6107449531555176,11.008810043334961,2.6888298988342285,1.0,9.208577156066895,8.026346206665039,1.0,2.65995192527771,1,1,2.323293685913086,1,1.0,1.0,1.0,6.958742141723633,1.0,3.5531280040740967,1.0,1.1881459951400757,1.0,1.0,1.0,1.0,1.0,1.21505868434906,1.3044936656951904,1.0,5.45612096786499,2.5128188133239746,1.0,1,1.0,2.1620497703552246,1.0,1.0,1.4724929332733154,1,1,1.7410740852355957,2.804154396057129,1.0,1.0898914337158203,1.0,1.0,1.2703417539596558,1.0,1.0,1,1.0,1.0,1.0,1.8988128900527954,1.2753751277923584,4.164353370666504,36.52717590332031,1.0,1.109795331954956,3.06095290184021,1.0,1,1,1.0,8.15643310546875,2.0742528438568115,1.0,1,1.0,1,1.0,10.08292007446289,1.0,1.8094356060028076,1.0,1.0,1.2232451438903809,1.0,1.0,1,1.0,1.0,1.0,1.2150622606277466,1.0,1.0,1.0,1,1,1,1,1,1,1.0,1,1.0,1,1,1,1.0,1.0,1.0,1.0,1,1.0,1.0,1,1,1.0,1.0,1.9940248727798462,1.0,6.220396041870117,26.064306259155273,4.751255989074707,1.0,3.726231813430786,1.0,1.0,7.335365295410156,1.0,1.0,3.8477461338043213,1.3487926721572876,1.0,1,2.942598819732666,1.0,2.5199368000030518,1.526434302330017,2.014385461807251,1.0,1.0,1.0,1.0,1.0,1.0,1.0,1.0,1.1469508409500122,1.0,1.0,1.0,1.0,1.0,1.0,1.0,1.0,1.0,1.0,1.0,1.0,1.0,1.0,6.480157375335693,1.0,1.0,1.0,1.0
TEST_07+6일,5.594328880310059,20.579483032226562,7.468288421630859,5.308333873748779,1.0,1.0,13.204072952270508,1.0,1.0,1,1.0,1,1.0,1.0,1.0,1,43.74094009399414,1.0,1.0,30.03311538696289,5.53868293762207,1.0,1.0,1,6.01090669631958,1,1,63.83300018310547,4.006876468658447,1.0,1.0,2.944300889968872,1.0,1.4542878866195679,3.820833206176758,1.4690759181976318,11.207721710205078,2.826000928878784,1.0,17.06774139404297,7.013988018035889,1.0,3.2626073360443115,1,1,1.6718014478683472,1,1.6656121015548706,1.0,1.0,5.943019866943359,1.0,4.700224876403809,1.0,2.4141292572021484,1.0,1.0,1.0,1.0,1.0,4.652734756469727,1.9129120111465454,2.1694722175598145,4.263770580291748,4.445418834686279,1.0,1,1.0,2.6877613067626953,1.0,1.0,2.866572618484497,1,1,1.6627048254013062,2.7660350799560547,1.0,1.0,1.0,1.0,1.2468583583831787,1.0,1.0,1,1.0,1.0,1.0,1.54185152053833,1.3026766777038574,7.1972784996032715,30.292600631713867,1.0,1.9297897815704346,4.8940019607543945,1.0,1,1,1.0,10.01325798034668,2.632338762283325,1.0,1,1.0,1,11.624031066894531,10.583271980285645,3.2092220783233643,2.6949539184570312,1.4231860637664795,1.0,1.756932020187378,1.0,1.0,1,1.0,1.0,1.0,1.4452053308486938,1.0,1.0,1.0,1,1,1,1,1,1,1.0,1,1.1013351678848267,1,1,1,3.5063095092773438,1.743835210800171,1.9744224548339844,1.292560338973999,1,1.0,5.264487266540527,1,1,1.0,1.0,5.309224605560303,1.0,5.468502521514893,5.1355414390563965,4.08955192565918,1.0,3.5716755390167236,1.0,1.0,15.267413139343262,1.0,1.0,2.684244155883789,3.4840025901794434,1.0,1,2.73671817779541,1.0,4.476598262786865,2.216270685195923,4.138788223266602,1.0,1.0,1.259529709815979,2.1588447093963623,1.0,1.0,1.0,1.0,1.0,1.0,1.0,1.0,1.0,1.0,2.645475149154663,1.0,2.03427791595459,1.0,1.0,2.492837905883789,1.0,1.0,1.0,6.662898063659668,1.2719357013702393,4.262284755706787,1.0,1.0
TEST_07+7일,7.1534199714660645,8.38885498046875,12.025003433227539,6.7226972579956055,1.8992397785186768,1.0,1.9831326007843018,1.0,1.0,1,1.0,1,1.0,1.0,1.0,1,10.35293960571289,1.0,1.2653034925460815,2.397179365158081,7.156177520751953,1.0,1.0,1,6.019039630889893,1,1,58.970985412597656,5.195171356201172,1.0,1.0,2.9240384101867676,1.0,1.3944648504257202,3.512268543243408,1.8865488767623901,13.168623924255371,3.3312158584594727,1.0,23.562875747680664,7.663681983947754,1.0,1.7082518339157104,1,1,2.199669361114502,1,1.0,1.0,1.0,5.49006986618042,1.0,5.075013637542725,1.0,2.8074374198913574,1.0,1.2366371154785156,1.0,1.0,1.0,7.716151714324951,2.497075319290161,6.563761234283447,5.177675247192383,5.910647869110107,1.0,1,1.0,3.621953010559082,1.0,1.0,1.6861966848373413,1,1,2.0329031944274902,2.633364200592041,1.0056349039077759,1.204461932182312,1.0,1.0,1.7082264423370361,1.0313143730163574,1.0,1,1.0,1.174286961555481,1.0,1.219504952430725,1.0153310298919678,7.762948513031006,18.705387115478516,1.0,3.4524002075195312,7.473085880279541,1.0,1,1,1.0,4.62215518951416,2.592390537261963,1.0,1,1.0,1,61.54837417602539,3.140570878982544,13.37868881225586,1.9995224475860596,1.7046440839767456,1.0,1.7084944248199463,1.0,1.0,1,1.0,1.0,1.0,1.0,1.6038882732391357,1.0,1.0,1,1,1,1,1,1,1.0,1,1.0,1,1,1,5.540405750274658,1.9518183469772339,3.5968809127807617,2.7521255016326904,1,1.9506094455718994,8.313982009887695,1,1,1.0,1.5372049808502197,6.300495624542236,1.0,2.280144691467285,1.0,4.100498199462891,1.0,5.121356964111328,1.0,1.0,15.586100578308105,1.0,1.0,4.541769027709961,4.858477592468262,1.0,1,3.8155245780944824,1.0,5.0670061111450195,2.273331880569458,5.95518684387207,1.0,1.0,1.5712158679962158,2.5709946155548096,1.0,1.0,3.970224380493164,1.0,1.4652793407440186,2.7050347328186035,1.0,1.7516076564788818,1.0,1.0,6.032454967498779,1.0,2.748262405395508,2.4095849990844727,1.0,6.064873695373535,1.6121429204940796,1.0,13.338726997375488,8.836817741394043,1.187907338142395,8.168527603149414,1.0,1.0
TEST_08+1일,3.847388982772827,7.474364280700684,7.465514183044434,4.8441362380981445,1.1870090961456299,1.0,1.0,1.3003644943237305,1.3260620832443237,1,1.0,1,1.0,1.9158313274383545,17.140026092529297,1,1.0,1.0,1.697113037109375,2.571323871612549,9.561234474182129,1.3247205018997192,1.0,1,6.152822971343994,1,1,9.019651412963867,7.729135990142822,1.7519381046295166,4.4212446212768555,3.2001025676727295,1.8434045314788818,1.0,5.562696933746338,3.1501665115356445,33.05365753173828,1.0,2.0722126960754395,47.99440383911133,15.555983543395996,1.0,5.26543664932251,1,1,2.25787615776062,1,2.0537924766540527,1.0,3.6444952487945557,15.95571231842041,1.0,7.658942699432373,1.0,3.4485623836517334,1.0,2.07865047454834,1.0471011400222778,1.2557448148727417,1.0,13.683884620666504,9.622605323791504,23.41510581970215,16.30385398864746,16.236276626586914,2.2707982063293457,1,1.1554710865020752,2.454241991043091,1.0,1.4545681476593018,2.287382125854492,1,1,3.522326946258545,4.746786594390869,1.0,2.1671509742736816,1.0,2.6151113510131836,1.3736631870269775,1.4464582204818726,1.0,1,1.3242828845977783,2.0838563442230225,1.5584099292755127,2.1041500568389893,2.2953643798828125,6.126882553100586,1.0,1.10823655128479,3.6188151836395264,8.431903839111328,1.0,1,1,1.0,22.450790405273438,9.028624534606934,1.0,1,5.380937576293945,1,88.09749603271484,3.482024669647217,13.928253173828125,2.735607862472534,2.5254178047180176,1.0,1.7499463558197021,1.0,1.1157302856445312,1,1.0,1.0,1.0,1.056929349899292,3.1420531272888184,1.0,1.0,1,1,1,1,1,1,1.0,1,1.4752418994903564,1,1,1,1.0,1.0,1.0,1.0,1,1.0,1.4070578813552856,1,1,1.0,1.1902703046798706,5.648856163024902,1.0,1.0,6.629137992858887,9.829678535461426,1.0,6.4697370529174805,1.0,1.0,18.874704360961914,1.0,1.0,18.22300910949707,6.507955074310303,1.0,1,10.186941146850586,1.0,6.971614837646484,3.994213104248047,4.9434051513671875,1.0,1.0,5.573702812194824,3.007633686065674,5.088805675506592,1.0,15.219720840454102,1.51906156539917,5.638550758361816,75.93807220458984,4.410272598266602,5.970822811126709,4.606094837188721,3.1054303646087646,4.824948310852051,59.99995422363281,35.93928909301758,87.00799560546875,30.24318504333496,30.55023956298828,60.7818603515625,32.17760467529297,196.14016723632812,37.340003967285156,48.594459533691406,86.56827545166016,17.73564910888672,42.182212829589844
TEST_08+2일,1.0,16.687700271606445,1.0,1.0,1.0,1.0,2.825089693069458,1.0,1.0,1,1.0,1,1.0,1.0,1.9268558025360107,1,24.561084747314453,1.0,1.0,27.737808227539062,5.579561233520508,1.3605186939239502,1.0,1,5.918127059936523,1,1,12.72326374053955,9.007558822631836,1.7173254489898682,4.502779006958008,3.9073097705841064,2.662313222885132,1.0,6.169307231903076,3.430206298828125,23.821046829223633,1.0,1.2706018686294556,28.276241302490234,12.011881828308105,1.0,4.039484024047852,1,1,2.7771897315979004,1,2.060858964920044,1.0,3.1983072757720947,16.145673751831055,1.0,7.954038619995117,1.0,2.5562870502471924,1.0,1.8205314874649048,1.2760597467422485,1.2016003131866455,1.0,5.708400726318359,6.654378414154053,16.950756072998047,15.11748218536377,11.979686737060547,1.556701898574829,1,1.0612053871154785,1.8283970355987549,1.0,1.5455021858215332,3.9791712760925293,1,1,3.4602274894714355,4.102480888366699,1.0,2.0224528312683105,1.0,1.9782195091247559,1.4947237968444824,1.0,1.0,1,1.1633021831512451,1.5824906826019287,1.3837916851043701,1.711846947669983,1.9916150569915771,1.5413432121276855,12.21554183959961,1.0,1.9016627073287964,2.842766284942627,1.0,1,1,1.0,18.99935531616211,7.937017917633057,1.0,1,5.690566062927246,1,12.688508033752441,47.006832122802734,8.565095901489258,3.4388387203216553,2.5721161365509033,1.1125812530517578,1.1797360181808472,1.0,1.0,1,1.0,1.0,1.0,1.0,2.93941068649292,1.0,1.0,1,1,1,1,1,1,1.0524917840957642,1,1.2127305269241333,1,1,1,1.0,1.0,1.0,1.0,1,1.0,1.0,1,1,1.0,1.0,5.003598213195801,1.0,1.0,21.217321395874023,6.868312358856201,1.0,3.027137517929077,1.0,1.0,9.744489669799805,1.0,1.0,21.125263214111328,4.551143646240234,1.0,1,4.617758274078369,1.0,3.9112918376922607,3.8830759525299072,4.713639259338379,1.0,1.0,1.8299164772033691,6.306078910827637,4.348040580749512,1.0,9.958176612854004,1.1418941020965576,2.6408450603485107,27.21985626220703,8.482486724853516,4.4931182861328125,3.748540163040161,1.0999112129211426,4.401080131530762,32.4325065612793,20.971508026123047,51.06480026245117,19.67413902282715,16.909130096435547,31.30736541748047,19.066329956054688,42.36222839355469,37.877315521240234,45.714962005615234,63.96908950805664,5.980386257171631,30.691852569580078
TEST_08+3일,1.0,29.59090232849121,1.97434663772583,1.0,1.0,1.0,6.604841232299805,1.0,1.0,1,1.0,1,1.0,1.0,1.0,1,28.115217208862305,1.0,1.0,37.461280822753906,7.332540035247803,1.2875876426696777,1.0,1,5.873156547546387,1,1,15.2606840133667,10.154446601867676,1.8399368524551392,4.632030010223389,4.034045696258545,2.2285356521606445,1.0,6.0415263175964355,3.6044578552246094,19.913503646850586,1.0,1.0,17.506576538085938,15.697882652282715,1.0,4.719573974609375,1,1,2.4512686729431152,1,2.308493137359619,1.0,2.9512085914611816,14.741300582885742,1.0,7.878803730010986,1.0,1.4306670427322388,1.0,1.505778431892395,1.2553377151489258,1.0545872449874878,1.0,1.3790444135665894,3.2566890716552734,8.45069694519043,12.994612693786621,7.836193084716797,2.113032817840576,1,1.343885064125061,1.6173726320266724,1.0,1.2742938995361328,1.7563843727111816,1,1,3.7185451984405518,3.66334867477417,1.0,2.232372283935547,1.0,1.8767335414886475,1.2200247049331665,1.0,1.0,1,1.1057699918746948,1.4304496049880981,1.7621963024139404,1.9930591583251953,1.9748598337173462,5.545598030090332,44.24985885620117,1.0872241258621216,1.0,1.0,1.0,1,1,1.0,19.71305274963379,6.713275909423828,1.0,1,4.479995250701904,1,1.0,32.092105865478516,1.654926061630249,2.030606746673584,2.7085118293762207,1.0,1.0,1.0,1.0,1,1.0,1.2708795070648193,1.0,1.0,1.8646974563598633,1.0,1.0,1,1,1,1,1,1,1.0555142164230347,1,1.3961949348449707,1,1,1,1.0,1.0,1.0,1.0,1,1.0,1.0,1,1,1.0,1.0,3.1538805961608887,1.0,5.866941928863525,53.95060729980469,5.290502071380615,1.0,2.0089402198791504,1.0,1.0,6.242646217346191,1.0,1.0,16.07748794555664,2.050692558288574,1.0,1,1.0,1.0,2.124959707260132,3.0172858238220215,2.1388704776763916,1.0,1.0,1.0,4.489274024963379,2.29211688041687,1.0,1.88625168800354,1.0,2.1523475646972656,1.0,13.305673599243164,3.068490505218506,1.4271414279937744,1.0,1.9643114805221558,20.157865524291992,7.572513580322266,32.24384307861328,5.7533345222473145,16.610836029052734,18.185461044311523,7.910580158233643,122.14878845214844,39.538665771484375,45.153350830078125,34.69704055786133,3.4368793964385986,24.014251708984375
TEST_08+4일,1.0418035984039307,56.32475280761719,1.990645408630371,1.0,1.0,1.0,13.616189956665039,1.0,1.0,1,1.0,1,1.0,1.0,1.0,1,38.363433837890625,1.0,1.0,42.869911193847656,9.956040382385254,1.2759703397750854,1.0,1,6.291591644287109,1,1,14.355498313903809,9.182473182678223,2.0469226837158203,5.204233169555664,3.493806838989258,1.3758805990219116,1.0,5.720564842224121,3.260478973388672,25.923721313476562,1.0,1.0,21.676050186157227,13.643497467041016,1.0,4.139871120452881,1,1,2.66154146194458,1,2.537306785583496,1.0,2.503687620162964,15.260136604309082,1.0,7.808082580566406,1.0,1.7212543487548828,1.0,1.6498452425003052,1.0,1.0,1.0,2.2147390842437744,2.700977325439453,7.656787872314453,14.030864715576172,6.899415493011475,2.6764538288116455,1,1.211898684501648,2.002279281616211,1.0,1.1184773445129395,2.601858139038086,1,1,2.944075345993042,3.078392505645752,1.0,2.592118978500366,1.0,1.5267640352249146,1.0926969051361084,1.0,1.0,1,1.3336868286132812,1.5952668190002441,1.7027219533920288,1.9158778190612793,2.2985870838165283,6.279638290405273,61.351600646972656,1.0,1.0,1.0,1.0,1,1,1.0,18.439111709594727,7.137763977050781,1.033549427986145,1,4.836418151855469,1,5.8668389320373535,22.816551208496094,1.5710763931274414,3.02883243560791,2.9517955780029297,1.0,1.0100581645965576,1.0,1.0,1,1.0,1.0,1.0,1.0324451923370361,1.241694688796997,1.0,1.0,1,1,1,1,1,1,1.201051115989685,1,1.7486579418182373,1,1,1,1.0,1.0,1.0,1.0,1,1.0,1.0,1,1,1.0,1.0,3.016319990158081,1.0,13.18305778503418,64.49911499023438,3.944477081298828,1.0,3.316854238510132,1.0,1.0,2.8629579544067383,1.0,1.0,14.753276824951172,1.124328851699829,1.0,1,1.0,1.0,1.0,3.056910514831543,1.2594558000564575,1.0,1.0,1.9504748582839966,1.0,2.158632755279541,1.0,1.0,1.0,1.427245020866394,1.0,8.354281425476074,2.896078109741211,1.0,2.5411417484283447,1.0610719919204712,26.5734920501709,10.919329643249512,37.85821533203125,6.288278102874756,27.713207244873047,19.768461227416992,6.956457138061523,145.18943786621094,35.99049758911133,48.80447006225586,34.075706481933594,9.95573902130127,20.206161499023438
TEST_08+5일,5.399885177612305,61.02509307861328,1.1575011014938354,1.0,1.0,1.0,20.303922653198242,1.0,1.0,1,1.0,1,1.0729694366455078,1.4726812839508057,5.999088764190674,1,52.98554611206055,1.0,1.0,60.65040969848633,7.654123306274414,1.2773375511169434,1.0,1,6.108526229858398,1,1,31.39704132080078,8.182791709899902,2.0460610389709473,4.4221882820129395,3.6728017330169678,1.0,1.0,5.142381191253662,3.1436781883239746,30.697254180908203,1.0,1.0929961204528809,24.4285945892334,12.282499313354492,1.0,4.343565464019775,1,1,2.535646915435791,1,1.9227885007858276,1.0,3.003676652908325,16.386625289916992,1.0,7.349592685699463,1.0,1.9737818241119385,1.0,1.89711594581604,1.0,1.0,1.0,4.901373386383057,3.1545474529266357,8.521162033081055,14.216168403625488,6.853417873382568,3.0439071655273438,1,1.2491754293441772,2.602123975753784,1.0,1.4897912740707397,1.969296932220459,1,1,3.289687395095825,3.9412357807159424,1.0,2.2020461559295654,1.0,2.038815498352051,1.1367676258087158,1.3503361940383911,1.0,1,1.6198939085006714,1.5274291038513184,1.273748517036438,2.467005968093872,1.962404727935791,6.323779582977295,77.077880859375,1.0,1.4869133234024048,1.8035409450531006,1.0,1,1,1.0,24.50066375732422,8.557953834533691,1.5100054740905762,1,5.475898742675781,1,1.0,32.97562026977539,3.249260902404785,2.7108843326568604,2.6904516220092773,1.0,1.1760478019714355,1.0,1.0,1,1.0,1.040175199508667,1.0,1.0,1.3795067071914673,1.0,1.0,1,1,1,1,1,1,1.2384158372879028,1,1.3859059810638428,1,1,1,1.0,1.0,1.0,1.0,1,1.0,1.0,1,1,1.0,1.0,2.6980018615722656,1.0,22.696624755859375,62.55854415893555,4.790007591247559,1.0,5.7146897315979,1.0,1.0,10.098504066467285,1.0,1.0,17.23798179626465,2.2250590324401855,1.0,1,1.7768280506134033,1.0,2.287325620651245,4.869440078735352,3.2672250270843506,1.0,1.0,6.444851875305176,1.0,1.3841546773910522,1.0,14.02855396270752,1.0,1.4574769735336304,10.942374229431152,11.212261199951172,2.2730610370635986,1.0,1.7482101917266846,3.3739211559295654,44.53627395629883,17.866641998291016,50.84204864501953,9.426370620727539,53.02761459350586,21.828594207763672,15.433753967285156,107.95924377441406,39.69500732421875,45.96479034423828,54.35955810546875,21.272432327270508,27.255489349365234
TEST_08+6일,9.179587364196777,35.7266731262207,5.792181491851807,5.076660633087158,1.0,1.0,14.720537185668945,1.4193401336669922,1.0,1,1.0157793760299683,1,1.0,2.8223464488983154,19.137876510620117,1,41.06150817871094,1.1148782968521118,2.1777985095977783,46.955650329589844,8.614754676818848,1.3057169914245605,1.0,1,6.010979652404785,1,1,30.073116302490234,9.925267219543457,2.4405839443206787,5.0822834968566895,3.712232828140259,1.0,1.0,6.323947906494141,3.3745665550231934,42.44313430786133,1.0,1.588014841079712,50.46344757080078,15.074381828308105,1.0,4.4429850578308105,1,1,2.424100160598755,1,1.915814757347107,1.0,3.433457612991333,17.269224166870117,1.0,8.104789733886719,1.0,3.388779640197754,1.0,2.2544190883636475,1.1057285070419312,1.2543214559555054,1.0349414348602295,11.766725540161133,6.932212829589844,9.825448989868164,14.638117790222168,10.691468238830566,3.657081127166748,1,1.240281343460083,2.8870701789855957,1.0,1.5725510120391846,3.121262550354004,1,1,3.5569543838500977,4.018225193023682,1.0,2.065586805343628,1.0,2.2607779502868652,1.1007575988769531,1.5368380546569824,1.0,1,1.7060524225234985,1.9575845003128052,1.122178316116333,1.882002592086792,2.2080652713775635,9.984724998474121,54.10607147216797,1.0,2.432086944580078,8.756630897521973,1.0,1,1,1.0,26.41868019104004,8.208749771118164,2.353243827819824,1,6.0550336837768555,1,18.242595672607422,38.342708587646484,7.498290538787842,3.7905681133270264,2.7647087574005127,1.0380584001541138,1.7793678045272827,1.0,1.0,1,1.0,1.0680490732192993,1.0,1.4495147466659546,1.490602731704712,1.0,1.0,1,1,1,1,1,1,1.0226587057113647,1,1.4167020320892334,1,1,1,3.9282479286193848,1.0,4.500097751617432,1.6330269575119019,1,3.224771022796631,7.8231401443481445,1,1,1.343248724937439,1.0,2.490208864212036,1.0,18.912601470947266,28.018980026245117,6.60655403137207,1.0,7.675798416137695,1.0,1.0,17.337425231933594,1.0,1.0,18.560054779052734,5.283803462982178,1.0,1,7.588258743286133,1.0,4.5120697021484375,6.363425254821777,5.7422285079956055,1.0,1.0,9.210779190063477,1.0,5.443589210510254,1.0,25.47099494934082,2.966228723526001,1.0,46.912879943847656,9.1669921875,4.605519771575928,1.3947749137878418,4.36725378036499,4.671332836151123,69.51416015625,32.72684860229492,81.78594207763672,17.603689193725586,73.94995880126953,32.022640228271484,26.709070205688477,253.2604217529297,39.06254196166992,44.38701248168945,73.7682876586914,28.585405349731445,40.30979919433594
TEST_08+7일,9.32072925567627,8.947303771972656,12.178847312927246,8.168013572692871,1.728056788444519,1.0,2.4750022888183594,1.4685732126235962,1.07597017288208,1,1.010757327079773,1,1.338881015777588,3.366546392440796,31.203636169433594,1,13.121550559997559,1.7803480625152588,4.060493469238281,7.189835071563721,10.691490173339844,1.2937030792236328,1.0,1,6.019415378570557,1,1,10.82880973815918,8.823036193847656,2.959519624710083,5.019514083862305,3.4538605213165283,1.9870800971984863,1.0,5.601606369018555,3.29429030418396,45.24971008300781,1.0,2.3864386081695557,65.87628173828125,13.78365707397461,1.0,3.841231107711792,1,1,2.3625216484069824,1,2.0615854263305664,1.0,4.268028736114502,18.93085479736328,1.0,8.040635108947754,1.0,3.6609325408935547,1.0,2.148176670074463,1.3715158700942993,1.2781853675842285,1.1196956634521484,16.68450164794922,9.332962989807129,16.96284294128418,17.894908905029297,16.920055389404297,3.1605591773986816,1,1.675194501876831,3.532021999359131,1.0,1.6643742322921753,1.9953358173370361,1,1,3.217691659927368,4.198688983917236,1.0,2.195399761199951,1.0,2.8848750591278076,1.5486747026443481,1.5774152278900146,1.0,1,1.4120419025421143,2.0912997722625732,1.4355841875076294,1.6739275455474854,1.8132314682006836,11.831201553344727,30.42793846130371,1.0,3.713686943054199,13.855942726135254,1.0,1,1,1.0,18.163175582885742,9.230530738830566,2.0215604305267334,1,7.110681533813477,1,89.86190032958984,1.0,13.48026180267334,2.971630334854126,2.596266984939575,1.1051076650619507,1.9925323724746704,1.0252126455307007,1.0,1,1.0,1.0,1.0,1.063999056816101,2.129904270172119,1.0,1.0,1,1,1,1,1,1,1.0,1,1.0,1,1,1,7.039638042449951,1.0,5.76284122467041,1.988810420036316,1,2.4148411750793457,11.222309112548828,1,1,2.0274293422698975,2.490575075149536,4.845235347747803,1.0,5.536092281341553,1.0,10.054545402526855,1.0,9.696818351745605,1.0,1.0,20.721708297729492,1.0,1.0,21.350996017456055,7.294866561889648,1.0,1,13.154594421386719,1.0,6.966972351074219,8.114609718322754,7.216249465942383,1.0,1.0,9.210616111755371,1.0,9.327933311462402,1.4238464832305908,32.12896728515625,6.097255706787109,4.761003494262695,76.27796173095703,7.043750286102295,4.650179386138916,3.4384851455688477,4.668395042419434,6.764382839202881,82.61174011230469,40.41408920288086,93.91716003417969,30.402090072631836,72.64599609375,60.42946243286133,34.00559616088867,366.00140380859375,37.9620246887207,45.8050651550293,88.72028350830078,31.667354583740234,50.811519622802734
TEST_09+1일,7.72287654876709,6.086479663848877,10.75022029876709,5.372683525085449,1.0,1.0,1.0,1.9287934303283691,1.7439502477645874,1,1.0,1,1.0,2.5534348487854004,19.7386417388916,1,10.455296516418457,1.0,2.549077033996582,10.723919868469238,10.171521186828613,2.172118902206421,1.0,1,6.151601314544678,1,1,17.9659481048584,6.858879089355469,1.4919832944869995,2.809591770172119,3.4368579387664795,1.0,1.2650694847106934,5.252317905426025,2.8510830402374268,34.356040954589844,1.0,1.0,37.1735954284668,15.048498153686523,1.1298598051071167,5.74881649017334,1,1,2.092235803604126,1,2.496941566467285,1.0,7.416473865509033,15.624691009521484,1.0,7.760316848754883,1.0,3.2763514518737793,1.0,2.11808180809021,1.058117389678955,1.0,1.0,16.413002014160156,9.91230297088623,24.98002052307129,14.546049118041992,16.76312828063965,3.5248541831970215,1,1.1355249881744385,2.7141225337982178,1.0,1.6266580820083618,2.4479637145996094,1,1,3.074061393737793,3.415480375289917,1.0,2.111313819885254,1.0,3.6994264125823975,1.0579947233200073,1.4033536911010742,1.0,1,1.2738484144210815,1.8719627857208252,2.0763773918151855,1.9328687191009521,1.92997407913208,5.878628253936768,1.0,1.1700576543807983,2.575122594833374,7.39919900894165,1.0,1,1,1.0,21.55024528503418,2.5831186771392822,1.0,1,7.258150577545166,1,74.1764144897461,1.0,13.241827964782715,2.858353614807129,3.02927303314209,1.0,1.0,1.0,1.0,1,1.736713171005249,1.0,1.3310614824295044,1.2757902145385742,3.497685432434082,1.0,1.0,1,1,1,1,1,1,1.0,1,2.4505057334899902,1,1,1,3.0689876079559326,1.905701756477356,1.7460376024246216,1.0,1,1.0,2.572991371154785,1,1,1.0,1.0,8.740584373474121,1.0,27.61784553527832,19.279510498046875,8.530335426330566,1.0,8.623316764831543,1.0,1.0,21.93503189086914,1.0,1.0,19.813812255859375,7.002860069274902,1.0,1,16.232032775878906,1.2359306812286377,6.226853847503662,4.810998439788818,2.9473366737365723,1.0,1.0,13.975354194641113,1.0,12.678167343139648,5.253527641296387,7.23563814163208,3.3984131813049316,3.7576487064361572,29.045198440551758,6.130584239959717,2.433748960494995,9.353303909301758,2.2921080589294434,4.413728713989258,50.735328674316406,32.20928192138672,69.0777816772461,25.40555763244629,46.93677520751953,55.61247634887695,19.83137321472168,185.4394989013672,47.02159881591797,23.861194610595703,89.76205444335938,17.176191329956055,38.559078216552734
TEST_09+2일,3.0889530181884766,18.413410186767578,1.5530238151550293,1.0,1.0,1.0,1.609840989112854,1.1630128622055054,1.1504127979278564,1,1.0,1,1.0,1.0,4.67331600189209,1,36.43938064575195,1.0,1.0,53.17784118652344,5.96110200881958,2.2610929012298584,1.0,1,5.917342662811279,1,1,27.615859985351562,6.615501403808594,1.5222642421722412,3.255013942718506,4.504110336303711,1.5407047271728516,1.4517713785171509,5.681941986083984,2.8881030082702637,25.841754913330078,1.0,1.0,25.988811492919922,11.091437339782715,1.1543188095092773,4.307748317718506,1,1,2.525434970855713,1,2.703453302383423,1.0,6.238621711730957,15.959573745727539,1.0,7.6881489753723145,1.0,2.046187400817871,1.0,1.4671621322631836,1.270989179611206,1.0,1.0,10.7615966796875,7.352668285369873,18.302770614624023,12.645110130310059,13.511123657226562,2.4207022190093994,1,1.3155348300933838,2.3811142444610596,1.0,1.6561723947525024,4.152604103088379,1,1,2.9295740127563477,3.381000280380249,1.0,2.097381591796875,1.0,3.6372499465942383,1.2634668350219727,1.0,1.0,1,1.1774230003356934,1.4302208423614502,1.6140297651290894,1.5552822351455688,1.8151893615722656,1.0,22.671045303344727,1.0,1.5323110818862915,2.8437790870666504,1.0,1,1,1.0,17.870548248291016,2.1944222450256348,1.0,1,6.6603288650512695,1,15.956335067749023,29.583919525146484,9.367288589477539,3.6108570098876953,2.996224880218506,1.0,1.0,1.0,1.0,1,1.3499047756195068,1.0739727020263672,1.1546655893325806,1.1327948570251465,3.2712388038635254,1.0,1.0,1,1,1,1,1,1,1.0,1,2.0623059272766113,1,1,1,1.0,1.0,1.0,1.0,1,1.0,1.0,1,1,1.0,1.0,5.633363246917725,1.0,7.941629886627197,37.297088623046875,6.0519843101501465,1.0,6.299081325531006,1.0,1.0,10.143070220947266,1.0,1.0,21.716449737548828,4.800558090209961,1.0,1,9.423490524291992,1.0829378366470337,3.7018256187438965,2.5234789848327637,2.1240382194519043,1.0,1.0,12.132512092590332,1.0,4.55197286605835,3.6067490577697754,2.2839651107788086,2.2636373043060303,1.9452024698257446,12.54354190826416,5.409263610839844,1.9762904644012451,6.201386451721191,1.0,6.964186191558838,26.063119888305664,24.31269645690918,42.27841567993164,18.26521873474121,32.721927642822266,32.19627380371094,13.739501953125,58.28523254394531,45.32786560058594,17.295133590698242,72.52886199951172,13.038330078125,29.033632278442383
TEST_09+3일,1.0,30.215253829956055,2.7965197563171387,1.0,1.0,1.0,7.1994853019714355,1.0,1.0,1,1.0,1,1.0,1.0,4.9726362228393555,1,26.256006240844727,1.0,1.0,41.040775299072266,7.927384853363037,2.222180128097534,1.0,1,5.8717851638793945,1,1,29.702594757080078,8.06950855255127,1.4500172138214111,3.485365152359009,4.287677764892578,1.8121423721313477,1.5835119485855103,5.483943939208984,3.2215535640716553,22.649412155151367,1.1845331192016602,1.0,21.567447662353516,14.19843864440918,1.2496763467788696,5.063963890075684,1,1,2.3875417709350586,1,2.8319790363311768,1.0,3.9287233352661133,14.929981231689453,1.0,7.416691780090332,1.0,1.0,1.0,1.0937230587005615,1.2827856540679932,1.0,1.0,4.0390472412109375,3.5859735012054443,9.856210708618164,10.644357681274414,8.49802303314209,2.0272011756896973,1,1.2940144538879395,2.591275930404663,1.0,1.4168152809143066,2.0718133449554443,1,1,3.5132505893707275,3.1756017208099365,1.0,2.1996610164642334,1.0,3.8126461505889893,1.0,1.0,1.0,1,1.0435608625411987,1.4076647758483887,1.9293735027313232,1.8125278949737549,1.6354581117630005,4.1228346824646,53.841888427734375,1.2883625030517578,1.0,1.6695003509521484,1.0,1,1,1.0,13.82758617401123,1.0621072053909302,1.0,1,5.474122047424316,1,1.0,18.339067459106445,3.672747850418091,2.227308511734009,3.285235643386841,1.0,1.0,1.0,1.0,1,1.0,1.3306314945220947,1.0,1.0,2.550834894180298,1.0,1.0,1,1,1,1,1,1,1.0,1,2.0350394248962402,1,1,1,1.0,1.0,1.0,1.0,1,1.0,1.0,1,1,1.0,1.0,2.6981821060180664,1.0,3.7651500701904297,77.0475082397461,4.2696967124938965,1.0,4.291384220123291,1.0,1.0,5.227324485778809,1.0,1.0,17.520959854125977,2.817610740661621,1.0,1,3.846160888671875,1.0,1.837079405784607,1.3664085865020752,3.224475145339966,1.0,1.0,7.691131591796875,1.0,1.0,10.332131385803223,1.0,1.0,1.36742103099823,1.0,6.553582668304443,1.0,1.0765827894210815,1.0,5.726587295532227,10.959457397460938,12.958698272705078,19.281036376953125,6.662278175354004,20.708913803100586,15.508224487304688,5.95219612121582,48.65119171142578,46.30015563964844,16.662349700927734,45.714569091796875,9.801799774169922,18.957048416137695
TEST_09+4일,1.0,54.08486557006836,2.5899016857147217,1.0,1.0,1.0,14.15463638305664,1.0,1.0,1,1.0,1,1.0,1.3670222759246826,7.65969181060791,1,52.661277770996094,1.0,1.0,57.39571762084961,10.617071151733398,1.9295144081115723,1.0,1,6.290199279785156,1,1,46.318382263183594,7.209619998931885,1.5574862957000732,3.987664222717285,3.8596129417419434,1.3445733785629272,1.2428680658340454,5.026947021484375,2.8154821395874023,25.92914581298828,2.1231017112731934,1.0,26.940753936767578,12.29929256439209,1.1847624778747559,4.4602885246276855,1,1,2.6246461868286133,1,3.08040714263916,1.0,2.567667007446289,15.156067848205566,1.0,7.266509532928467,1.0,1.17121160030365,1.0,1.0,1.0,1.0,1.0,1.9012293815612793,1.9716095924377441,8.027103424072266,11.434714317321777,7.941665172576904,1.5821199417114258,1,1.1232013702392578,3.337632417678833,1.0,1.29720938205719,2.8706963062286377,1,1,2.7612152099609375,3.254920721054077,1.0,2.482234477996826,1.0,3.475865364074707,1.028516173362732,1.0,1.0,1,1.1595474481582642,1.6234711408615112,2.1026928424835205,1.8005449771881104,1.975448489189148,4.831556797027588,67.62501525878906,1.0867459774017334,1.0,1.0,1.0,1,1,1.0,14.589452743530273,1.6203579902648926,1.0,1,4.740148544311523,1,6.639114856719971,11.842774391174316,2.8708689212799072,2.9169952869415283,3.394376039505005,1.0,1.0,1.0,1.0,1,1.0,1.0,1.0,1.3151531219482422,2.200981855392456,1.0,1.0,1,1,1,1,1,1,1.0,1,2.68056583404541,1,1,1,1.0,1.0,1.0,1.0,1,1.0,1.0,1,1,1.0,1.0,1.3348462581634521,1.0,10.360917091369629,90.97807312011719,1.417380928993225,1.0,4.4498467445373535,1.0,1.0,2.1374852657318115,1.0,1.0,18.060487747192383,1.9526971578598022,1.0,1,3.4735593795776367,1.0,1.7492507696151733,1.579201102256775,5.452857494354248,1.0,1.0,4.2321248054504395,1.0,1.0,8.837955474853516,1.0,1.0,1.0,1.0,2.963047981262207,1.1237130165100098,1.0,1.0,3.879810094833374,6.8391289710998535,8.0702486038208,18.856555938720703,4.288791179656982,15.676185607910156,15.82052993774414,4.038372993469238,94.80463409423828,42.545745849609375,17.821897506713867,44.786781311035156,8.545844078063965,10.819927215576172
TEST_09+5일,2.9788999557495117,55.86680221557617,1.0,1.0,1.0,1.0,19.735301971435547,1.1277343034744263,1.0,1,1.0,1,1.003279209136963,3.073774814605713,18.134410858154297,1,76.15233612060547,1.0,1.0,93.91861724853516,8.949912071228027,1.833338975906372,1.0,1,6.107459545135498,1,1,82.18316650390625,7.3013200759887695,1.9327694177627563,3.578339099884033,4.1248369216918945,1.0,1.1856030225753784,4.394211769104004,2.606771469116211,31.517047882080078,1.5159199237823486,1.0,28.419198989868164,13.154740333557129,1.3777480125427246,4.302341461181641,1,1,2.2633774280548096,1,2.5946481227874756,1.0,2.8996870517730713,15.598845481872559,1.0,6.818056583404541,1.0,1.5490927696228027,1.0,1.32313072681427,1.0776722431182861,1.2735939025878906,1.0,2.5309219360351562,1.7590504884719849,7.897335052490234,12.409390449523926,6.309732913970947,1.568325161933899,1,1.2215124368667603,4.304141044616699,1.0,1.594489574432373,1.910369634628296,1,1,2.980154514312744,3.673527956008911,1.0,2.261373519897461,1.0,2.931875228881836,1.0,1.0,1.0,1,1.2171385288238525,1.8168843984603882,1.6237086057662964,2.153252601623535,1.7511513233184814,5.189958095550537,80.96443939208984,1.0912472009658813,1.4921066761016846,3.402041435241699,1.0,1,1,1.0,24.88344383239746,2.9036526679992676,1.0,1,5.561864852905273,1,1.0,19.428964614868164,4.217001914978027,2.669617176055908,3.105961561203003,1.0,1.0637695789337158,1.0,1.0,1,1.0,1.0468931198120117,1.0,1.2694584131240845,2.1504743099212646,1.0,1.0,1,1,1,1,1,1,1.0,1,2.4431681632995605,1,1,1,1.0,1.0,1.0,1.0,1,1.0,1.0,1,1,1.0,1.0,3.8223512172698975,1.0,27.68389320373535,83.33245849609375,2.0262303352355957,1.0,5.124105453491211,1.0,1.0,11.96138858795166,1.0,1.0,20.295095443725586,3.4430830478668213,1.0,1,7.074919700622559,1.0,2.644024133682251,2.6990272998809814,7.780406475067139,1.0,1.0,5.0279974937438965,1.0,1.0,4.74354362487793,1.0,1.0,1.0,1.563441276550293,3.4280033111572266,1.0,1.1487326622009277,1.6002562046051025,4.216396808624268,14.652994155883789,6.498407363891602,24.009531021118164,4.092512607574463,13.626657485961914,16.55232048034668,7.133071422576904,50.156471252441406,48.05813217163086,18.470279693603516,69.44011688232422,10.800887107849121,16.53842544555664
TEST_09+6일,7.363495826721191,29.21971321105957,5.490886688232422,5.077195167541504,1.0,1.0,13.950399398803711,1.756958246231079,1.1783068180084229,1,1.0,1,1.0,4.611736297607422,35.118404388427734,1,45.05325698852539,1.1900769472122192,2.055901050567627,56.88911056518555,9.127584457397461,1.9645743370056152,1.0,1,6.0100908279418945,1,1,67.99220275878906,8.116800308227539,1.9678781032562256,3.0356762409210205,3.8098506927490234,1.0,1.076909065246582,5.370664596557617,2.9408037662506104,44.611446380615234,1.0,1.0,39.70918655395508,14.540421485900879,1.0514317750930786,4.6820807456970215,1,1,2.2825944423675537,1,3.075601577758789,1.1078605651855469,4.100944519042969,15.493803977966309,1.0,7.694464206695557,1.0,3.215649127960205,1.0,1.8961738348007202,1.191744089126587,1.6841216087341309,1.0,8.903788566589355,4.825985431671143,10.054061889648438,12.224308013916016,10.023136138916016,2.494657278060913,1,1.3214664459228516,4.388120174407959,1.0,1.7713638544082642,3.0716352462768555,1,1,2.886093854904175,3.312386989593506,1.0,2.04693865776062,1.0,2.8800899982452393,1.0,1.241530418395996,1.0,1,1.3853514194488525,2.221231460571289,1.5433831214904785,1.6806961297988892,1.7780287265777588,8.905874252319336,61.28749084472656,1.037172555923462,2.053041458129883,9.612778663635254,1.0,1,1,1.0,29.73017692565918,3.7880754470825195,1.0,1,7.414592742919922,1,18.11886215209961,23.744613647460938,7.786271572113037,3.5590879917144775,3.1345577239990234,1.0,1.8739272356033325,1.0,1.0,1,1.0,1.1036282777786255,1.0,1.5679826736450195,2.3977713584899902,1.0,1.0,1,1,1,1,1,1,1.0,1,1.8242695331573486,1,1,1,2.385556697845459,1.7334495782852173,3.0346221923828125,2.0004165172576904,1,1.1141104698181152,6.268932819366455,1,1,1.5442605018615723,1.049272894859314,7.053247451782227,1.0,56.14292526245117,46.428741455078125,5.119851112365723,1.0,7.209171772003174,1.0,1.0,21.60790252685547,1.0,1.0,21.08819007873535,6.585022926330566,1.0,1,14.71191120147705,1.0,4.285764694213867,4.341545104980469,9.533286094665527,1.0,1.0,6.929550647735596,1.0,11.840353965759277,13.839194297790527,4.133345127105713,1.1590715646743774,1.0,15.10346794128418,4.696112155914307,1.2702628374099731,6.977082252502441,5.407602787017822,5.364779949188232,34.25548553466797,13.706923484802246,53.23556900024414,9.200733184814453,23.908702850341797,22.630403518676758,14.793601036071777,85.5036392211914,48.17522048950195,20.67013168334961,92.55205535888672,12.065595626831055,29.032548904418945
TEST_09+7일,9.620109558105469,4.462208271026611,13.655098915100098,8.569303512573242,1.508509874343872,1.0,2.375164270401001,1.767389178276062,1.4877760410308838,1,1.0,1,1.1329355239868164,4.6140971183776855,41.066864013671875,1,1.0,1.9101046323776245,3.4983649253845215,1.0,10.602103233337402,1.8559644222259521,1.0,1,6.0183820724487305,1,1,24.723920822143555,8.797412872314453,2.422105073928833,3.37082576751709,3.9057929515838623,1.0,1.3545037508010864,4.711989879608154,2.9342432022094727,49.01749038696289,1.3850035667419434,1.3021224737167358,48.89091873168945,11.660404205322266,1.0800983905792236,4.416905403137207,1,1,2.138021230697632,1,3.0521013736724854,1.1736570596694946,6.317948341369629,17.059532165527344,1.0,7.080789089202881,1.0,3.5236892700195312,1.0,2.0908000469207764,1.3730194568634033,1.6398597955703735,1.025036334991455,16.304996490478516,7.3456292152404785,18.673612594604492,15.625348091125488,14.7274808883667,3.4262876510620117,1,1.5502135753631592,4.710982322692871,1.0,1.8356940746307373,2.2231791019439697,1,1,2.8583476543426514,3.5206375122070312,1.0,2.247875213623047,1.0,3.6224477291107178,1.409752607345581,1.4595351219177246,1.0,1,1.1609853506088257,2.3784430027008057,1.7041866779327393,1.7002474069595337,1.4411520957946777,11.500057220458984,32.80205154418945,1.0421972274780273,2.8543033599853516,14.06116771697998,1.0,1,1,1.0,25.668006896972656,4.059854030609131,1.0,1,8.484322547912598,1,78.42906188964844,1.0,13.391778945922852,2.551448345184326,3.0692923069000244,1.0,2.05674409866333,1.0,1.0,1,1.0,1.0,1.0955793857574463,1.1650182008743286,2.4822771549224854,1.0,1.0,1,1,1,1,1,1,1.0,1,1.85569429397583,1,1,1,6.206355094909668,2.304738998413086,4.667403697967529,3.021319627761841,1,1.2025389671325684,9.476414680480957,1,1,1.591186285018921,2.6439082622528076,9.172203063964844,1.0,51.029991149902344,6.303917407989502,8.642061233520508,1.0,9.397536277770996,1.0,1.0,26.798004150390625,1.0,1.0,22.210283279418945,9.429747581481934,1.0,1,21.323789596557617,1.0,7.502357482910156,5.758792400360107,11.29906177520752,1.0,1.0,10.766535758972168,1.0,20.92359733581543,10.743165969848633,10.71245002746582,1.7280867099761963,1.0,28.75981330871582,4.985762119293213,1.6706914901733398,12.494168281555176,6.017457485198975,6.442815780639648,53.47032928466797,23.30031967163086,72.3223648071289,21.511789321899414,37.35954666137695,48.01543045043945,19.501541137695312,203.9340057373047,45.20537567138672,21.88548469543457,110.462646484375,14.05078125,42.25575637817383
