영업일자,느티나무 셀프BBQ_1인 수저세트,느티나무 셀프BBQ_BBQ55(단체),"느티나무 셀프BBQ_대여료 30,000원","느티나무 셀프BBQ_대여료 60,000원","느티나무 셀프BBQ_대여료 90,000원","느티나무 셀프BBQ_본삼겹 (단품,실내)",느티나무 셀프BBQ_스프라이트 (단체),느티나무 셀프BBQ_신라면,느티나무 셀프BBQ_쌈야채세트,느티나무 셀프BBQ_쌈장,느티나무 셀프BBQ_육개장 사발면,느티나무 셀프BBQ_일회용 소주컵,느티나무 셀프BBQ_일회용 종이컵,느티나무 셀프BBQ_잔디그늘집 대여료 (12인석),느티나무 셀프BBQ_잔디그늘집 대여료 (6인석),느티나무 셀프BBQ_잔디그늘집 의자 추가,느티나무 셀프BBQ_참이슬 (단체),느티나무 셀프BBQ_친환경 접시 14cm,느티나무 셀프BBQ_친환경 접시 23cm,느티나무 셀프BBQ_카스 병(단체),느티나무 셀프BBQ_콜라 (단체),느티나무 셀프BBQ_햇반,느티나무 셀프BBQ_허브솔트,담하_(단체) 공깃밥,담하_(단체) 생목살 김치전골 2.0,담하_(단체) 은이버섯 갈비탕,담하_(단체) 한우 우거지 국밥,담하_(단체) 황태해장국 3/27까지,담하_(정식) 된장찌개,담하_(정식) 물냉면 ,담하_(정식) 비빔냉면,담하_(후식) 된장찌개,담하_(후식) 물냉면,담하_(후식) 비빔냉면,담하_갑오징어 비빔밥,담하_갱시기,담하_공깃밥,담하_꼬막 비빔밥,담하_느린마을 막걸리,담하_담하 한우 불고기,담하_담하 한우 불고기 정식,담하_더덕 한우 지짐,담하_들깨 양지탕,담하_라면사리,담하_룸 이용료,담하_메밀면 사리,담하_명인안동소주,담하_명태회 비빔냉면,담하_문막 복분자 칵테일,담하_봉평메밀 물냉면,담하_생목살 김치찌개,담하_스프라이트,담하_은이버섯 갈비탕,담하_제로콜라,담하_참이슬,담하_처음처럼,담하_카스,담하_콜라,담하_테라,담하_하동 매실 칵테일,담하_한우 떡갈비 정식,담하_한우 미역국 정식,담하_한우 우거지 국밥,담하_한우 차돌박이 된장찌개,담하_황태해장국,라그로타_AUS (200g),라그로타_G-Charge(3),라그로타_Gls.Sileni,라그로타_Gls.미션 서드,라그로타_Open Food,라그로타_그릴드 비프 샐러드,라그로타_까르보나라,라그로타_모둠 해산물 플래터,라그로타_미션 서드 카베르네 쉬라,라그로타_버섯 크림 리조또,라그로타_빵 추가 (1인),라그로타_스프라이트,라그로타_시저 샐러드 ,라그로타_아메리카노,라그로타_알리오 에 올리오 ,라그로타_양갈비 (4ps),라그로타_자몽리치에이드,라그로타_제로콜라,라그로타_카스,라그로타_콜라,라그로타_하이네켄(생),라그로타_한우 (200g),라그로타_해산물 토마토 리조또,라그로타_해산물 토마토 스튜 파스타,라그로타_해산물 토마토 스파게티,"미라시아_(단체)브런치주중 36,000",미라시아_(오븐) 하와이안 쉬림프 피자,미라시아_(화덕) 불고기 페퍼로니 반반피자,미라시아_BBQ Platter,미라시아_BBQ 고기추가,미라시아_공깃밥,미라시아_글라스와인 (레드),미라시아_레인보우칵테일(알코올),미라시아_미라시아 브런치 (패키지),미라시아_버드와이저(무제한),미라시아_보일링 랍스타 플래터,미라시아_보일링 랍스타 플래터(덜매운맛),미라시아_브런치 2인 패키지 ,미라시아_브런치 4인 패키지 ,미라시아_브런치(대인) 주말,미라시아_브런치(대인) 주중,미라시아_브런치(어린이),미라시아_쉬림프 투움바 파스타,미라시아_스텔라(무제한),미라시아_스프라이트,미라시아_애플망고 에이드,미라시아_얼그레이 하이볼,미라시아_오븐구이 윙과 킬바사소세지,미라시아_유자 하이볼,미라시아_잭 애플 토닉,미라시아_칠리 치즈 프라이,미라시아_코카콜라,미라시아_코카콜라(제로),미라시아_콥 샐러드,미라시아_파스타면 추가(150g),미라시아_핑크레몬에이드,연회장_Cass Beer,연회장_Conference L1,연회장_Conference L2,연회장_Conference L3,연회장_Conference M1,연회장_Conference M8,연회장_Conference M9,연회장_Convention Hall,연회장_Cookie Platter,연회장_Grand Ballroom,연회장_OPUS 2,연회장_Regular Coffee,연회장_골뱅이무침,연회장_공깃밥,연회장_돈목살 김치찌개 (밥포함),연회장_로제 치즈떡볶이,연회장_마라샹궈,연회장_매콤 무뼈닭발&계란찜,연회장_모둠 돈육구이(3인),연회장_삼겹살추가 (200g),연회장_야채추가,연회장_왕갈비치킨,연회장_주먹밥 (2ea),카페테리아_공깃밥(추가),카페테리아_구슬아이스크림,카페테리아_단체식 13000(신),카페테리아_단체식 18000(신),카페테리아_돼지고기 김치찌개,카페테리아_복숭아 아이스티,카페테리아_새우 볶음밥,카페테리아_새우튀김 우동,카페테리아_샷 추가,카페테리아_수제 등심 돈까스,카페테리아_아메리카노(HOT),카페테리아_아메리카노(ICE),카페테리아_약 고추장 돌솥비빔밥,카페테리아_어린이 돈까스,카페테리아_오픈푸드,카페테리아_진사골 설렁탕,카페테리아_짜장면,카페테리아_짜장밥,카페테리아_짬뽕,카페테리아_짬뽕밥,카페테리아_치즈돈까스,카페테리아_카페라떼(HOT),카페테리아_카페라떼(ICE),카페테리아_한상 삼겹구이 정식(2인) 소요시간 약 15~20분,포레스트릿_꼬치어묵,포레스트릿_떡볶이,포레스트릿_복숭아 아이스티,포레스트릿_생수,포레스트릿_스프라이트,포레스트릿_아메리카노(HOT),포레스트릿_아메리카노(ICE),포레스트릿_치즈 핫도그,포레스트릿_카페라떼(HOT),포레스트릿_카페라떼(ICE),포레스트릿_코카콜라,포레스트릿_페스츄리 소시지,화담숲주막_느린마을 막걸리,화담숲주막_단호박 식혜 ,화담숲주막_병천순대,화담숲주막_스프라이트,화담숲주막_참살이 막걸리,화담숲주막_찹쌀식혜,화담숲주막_콜라,화담숲주막_해물파전,화담숲카페_메밀미숫가루,화담숲카페_아메리카노 HOT,화담숲카페_아메리카노 ICE,화담숲카페_카페라떼 ICE,화담숲카페_현미뻥스크림
TEST_00+1일,149.10619735717773,3788.3190536499023,89.42926025390625,36.014076948165894,1.9376370310783386,4.339528977870941,607.1959412097931,28.136683702468872,11.596204042434692,2.377961426973343,3.362841010093689,2.627774477005005,7.405828237533569,28.207669258117676,597.0884442329407,1.0,2341.6593074798584,2.7709126472473145,6.883955001831055,3560.10938167572,454.0997052192688,27.20836579799652,2.1501341462135315,1,359.40156698226923,1,1,5963.901479244232,259.37322521209717,60.928359389305115,28.0234557390213,60.824106216430664,18.18177044391632,8.47540020942688,1.0,34.593119621276855,2813.9781951904297,106.56969547271729,11.87714695930481,2400.2254962921143,1043.4150331020355,9.13692593574524,87.17350006103516,1,1.9374698400497437,32.33642101287842,1,40.119248390197754,2.203114330768585,40.190887451171875,597.1292452812195,2.862626612186432,178.9602394104004,1.9244326651096344,25.375889539718628,3.409140110015869,10.118459463119507,5.072299242019653,8.833736777305603,2.647751569747925,325.4452819824219,138.73960733413696,355.8319630622864,416.867778301239,207.74072742462158,29.8572039604187,1.7458070814609528,10.639982223510742,41.1364221572876,1.1378690600395203,14.777016341686249,44.42190361022949,1.167096197605133,3.545325994491577,40.468854665756226,61.51034235954285,2.106158584356308,13.18082481622696,3.546699285507202,43.330498933792114,9.619053602218628,6.411588788032532,2.708803713321686,2.989262044429779,9.835118055343628,17.694173455238342,15.521126389503479,12.023189067840576,22.160886764526367,84.77619862556458,3509.241321086884,8.887324333190918,33.103625774383545,230.18402767181396,2.637852430343628,1,1,2.644954025745392,1414.2395324707031,154.01154899597168,9.139496684074402,2.779965400695801,146.70105457305908,1.9486188888549807,7525.132119655609,7120.715074539185,479.7182455062866,47.53310966491699,51.80034041404724,10.079901218414307,29.55632448196411,8.426921367645264,9.939505457878113,3.9469629526138306,2.090955525636673,3.350948393344879,20.575143098831177,10.215855836868286,19.03230607509613,3.4266960620880127,1.6585472226142883,1,1.0,1.0,1.0,1.0,1,1.0,1.4466160535812378,24.915685057640076,1.0069491863250732,1.0,1,33.03946018218994,27.821068167686462,34.9410605430603,13.151773810386658,4.238911867141724,9.897608757019043,139.9155616760254,3.457005023956299,1,38.09245586395264,7.694167494773865,1087.8294522762299,486.76918029785156,9089.551162719727,25233.763542175293,1673.7447838783264,19.169169664382935,869.6055107116699,844.5952588319778,1.0,3713.5272874832153,1.0,684.9601054191589,2634.096996307373,452.73375654220575,1.0,549.0210342407227,1616.5676674842834,13.418028354644775,647.4210376739502,283.5227451324463,1086.6884536743164,2.791610425338149,1.0,141.48473739624023,7188.985970020294,6372.762931108475,1022.3000335693359,4018.736329078674,429.6211391687393,1546.730558872223,5049.189193725586,3880.233279228211,623.448281288147,167.0181405544281,1091.1923937797546,1120.2580833435059,3947.775354385376,1297.0174026489258,4971.340894699097,283.6070132255554,2826.2514305114746,2410.083729028702,267.7628445625305,38294.42882537842,3192.398614883423,264.0247046947479,8613.556385040283,211.20069533586502,819.6426218748093
TEST_00+2일,148.83493423461914,3787.3189544677734,89.77385711669922,34.81085228919983,1.0,3.845747709274292,614.2158435583115,28.763240575790405,11.565126180648804,1.178993135690689,2.2843436896800995,1.5547962486743927,5.589911937713623,28.420557975769043,599.7922897338867,1.0,2358.505868911743,2.2318416833877563,5.752465128898621,3557.0706272125244,451.8732523918152,26.977738738059998,1.0,1,355.0310897827148,1,1,5961.984114646912,260.7629871368408,60.33620846271515,28.060634970664978,61.610493421554565,18.35038661956787,8.757240176200867,1.0,34.30243730545044,2809.778350830078,105.90154767036438,9.037805199623108,2407.13152885437,1036.9142065048218,9.146426320075989,87.80415344238281,1,1.8965576589107513,33.03410291671753,1,39.72355508804321,2.255346328020096,39.8967649936676,596.1229629516602,2.315102517604828,179.25916290283203,1.4963042736053467,20.531669855117798,3.173806667327881,10.366833209991455,5.225959420204163,9.00097370147705,2.758791148662567,323.8413391113281,139.47086906433105,357.5817310810089,416.2371230125427,208.07893788814545,28.721299171447754,1.3085295259952545,8.271065354347229,35.42124032974243,1.247643232345581,14.758362472057343,44.12468385696411,1.301257461309433,1.0,40.84668803215027,60.56889295578003,1.3410741090774536,13.346874117851257,1.9158004224300385,43.040504455566406,9.500834345817566,6.453426480293274,2.5056344270706177,2.123493254184723,9.519604444503784,17.870560884475708,15.511767268180847,11.71886920928955,22.53399085998535,85.7903299331665,3521.193351745606,7.294502854347229,18.09955358505249,232.64995193481445,1.4127521216869354,1,1,2.1909816563129425,1428.0784492492676,152.98132181167603,7.196471691131592,2.8276020288467407,146.97159147262573,2.2312108874320984,7597.159624099731,7142.235431671143,475.11089038848877,47.461795806884766,52.10657715797424,10.221692323684692,30.14836549758911,8.434088826179504,9.981666207313538,3.510720729827881,2.0965568721294403,3.3370929956436157,20.94513237476349,10.473837852478027,18.474531769752502,1.7746849358081818,1.0,1,1.3630057573318481,1.8223255276679995,1.0194038152694702,1.0,1,1.4457093477249146,2.4068962037563324,25.424755811691284,1.2665518522262573,1.0,1,18.37851047515869,28.210823833942413,20.712928771972656,5.39350301027298,1.7062315344810486,9.599319696426392,135.64769744873047,3.522314727306366,1,37.35422372817993,4.62006539106369,1080.303789973259,479.19130504131317,9058.898735046387,25156.32314682007,1629.4210872650146,16.92328304052353,840.9391708374023,864.5194637775421,1.0,3640.8740272521973,1.0,687.4424290657043,2609.7547600269318,450.08194684982294,1.0,685.5973434448242,1638.1259498596191,13.03210735321045,643.4675416946411,282.94497776031494,1096.4221420288086,1.0,1.0,142.8500270843506,6737.522604942322,6378.725711107254,988.845329284668,3958.561867475509,423.9028322696686,1496.398844718933,4910.84606552124,4223.692727088928,626.8054747581482,166.86553359031677,1120.4341492652893,1107.6856994628906,3901.608142852783,1291.8974304199219,4971.735782623291,272.0974004268646,2829.8257207870483,2409.2605447769165,256.9419264793396,38081.50019645691,3174.383668899536,255.91856241226196,8579.649710655212,217.62835890054703,808.7752819061279
TEST_00+3일,148.21805953979492,3774.788017272949,90.48600769042969,34.837361574172974,1.0,3.448880612850189,611.3191907405853,28.175865411758423,11.143977642059326,1.0298547893762589,1.8028807640075684,1.035763919353485,5.088576674461365,28.809900283813477,596.8921780586243,1.0,2352.397871017456,2.332269251346588,6.128194332122803,3520.751578807831,448.3035945892334,26.143385767936707,1.0,1,357.5539112091064,1,1,5942.062883377075,261.0151491165161,59.4141229391098,27.946112155914307,61.42325806617737,18.406115770339966,8.692649006843567,1.0,35.094478130340576,2784.661407470703,104.96415138244629,8.298998475074768,2395.6053972244263,1040.033252954483,9.16145145893097,87.70048522949219,1,1.9549185037612915,31.859614849090576,1,39.76259517669678,2.150692939758301,39.43730044364929,596.560727596283,1.8789489567279816,178.27590465545654,1.0,18.00395965576172,3.004004657268524,10.315830707550049,5.261678695678711,8.443909287452698,2.7981555461883545,321.6100769042969,139.8534278869629,357.71243941783905,411.9784426689148,206.45897805690765,28.99099349975586,1.0,6.686983704566956,30.19810199737549,1.2701000273227692,14.28985744714737,44.36496162414551,1.2009800225496292,1.0,40.00009298324585,60.67231297492981,1.2069065123796463,13.512441515922546,3.9083880186080933,43.26564979553223,9.62337851524353,6.414509415626526,2.4971093237400055,2.932898998260498,9.82892096042633,17.858449816703796,15.530508756637573,11.689609289169312,22.367883682250977,86.01183819770813,3524.6175456047063,6.097522974014282,11.699981689453125,229.0766315460205,1.0,1,1,1.7457397282123566,1416.8250846862793,153.1793303489685,6.540879607200623,2.744782269001007,145.73348236083984,2.1736315488815308,7678.9391040802,7086.922369003296,490.3830842971802,47.861921310424805,51.72032713890076,9.79549527168274,31.29490852355957,8.12862515449524,9.754284620285034,3.1110918521881104,2.2259868681430817,3.2641026377677917,20.386451482772827,10.280625820159912,18.642579317092896,2.006010264158249,1.6136707365512848,1,1.6036931276321411,1.7238181829452517,1.472982406616211,1.1293221712112427,1,1.66288423538208,3.0163756012916565,25.600081086158752,1.7387590408325195,1.6768231391906738,1,12.181110382080078,27.76732236146927,8.965924978256226,1.787976399064064,3.470230996608734,9.764048457145691,136.87006950378418,3.416377604007721,1,38.03252935409546,2.1116480231285095,1089.855926990509,498.085116147995,8999.992561340332,25065.470447540283,1689.30229139328,17.435617744922638,861.5308513641357,756.6869723796844,1.0,3546.0679140090942,1.0,670.2945637702942,2608.425674200058,450.52192020416254,1.0,696.0081481933594,1618.7831616401672,13.158111572265625,645.5202865600586,282.6645345687866,1096.8640480041504,1.2074935622513294,1.0,144.15366172790527,6892.355315208435,6330.180020093918,982.0392322540283,3837.059949636459,403.97337198257446,1523.9528679847717,5064.225025177002,4013.974267482758,620.3833150863647,165.88711738586426,1166.9457387924194,1067.1333694458008,3913.087511062622,1296.7572784423828,4991.300439834595,282.89668440818787,2846.370596885681,2400.1438522338867,262.1210980415344,38184.53035354614,3164.655017852783,241.14350974559784,8549.653935432434,206.18777006864548,780.2300763130188
TEST_00+4일,148.1356143951416,3783.980827331543,90.5525894165039,36.067397117614746,1.1178139597177505,3.7110817432403564,602.1554917097092,27.951051592826843,11.65040373802185,1.0,2.0123939216136932,1.3237155973911285,5.224274396896362,28.080475330352783,596.0683822631836,1.0,2356.5017223358154,2.4077308177948,7.718811631202698,3527.3957014083862,449.916296005249,26.517452001571655,1.172495186328888,1,356.5277194976806,1,1,5944.238069057465,259.74702644348145,59.15212404727936,27.618476510047913,62.2564058303833,17.871941328048706,8.758553266525269,1.0,34.67529296875,2782.640800476074,102.781240940094,7.5900959968566895,2396.338725090027,1048.8924887180328,9.328608512878418,88.88392639160156,1,1.9331058859825134,31.553542613983154,1,39.77202081680298,2.2101418673992157,39.17861986160278,592.8843483924866,1.4225408434867859,176.93630933761597,1.0,18.302047848701477,3.060496747493744,10.256825685501099,5.397797226905823,8.31778347492218,2.7657535672187805,324.0423889160156,138.93864727020264,358.53660821914673,414.0551962852478,205.50005614757538,28.75309944152832,1.1981846392154694,7.372552156448364,30.004243850708008,1.2548235058784485,14.674654304981232,44.715352058410645,1.0481657087802887,1.757567673921585,40.51150870323181,60.602158308029175,1.236778348684311,13.138608634471893,3.0934104323387146,43.17955231666565,9.732645750045776,6.4359259605407715,2.4983762204647064,2.2478479146957397,9.651100039482117,18.609509468078613,16.03628396987915,11.83566689491272,21.700214385986328,85.26841616630554,3549.379570484162,6.151904463768005,11.888887882232666,232.0479612350464,1.0,1,1,1.6328530013561249,1418.7240600585938,152.8914098739624,7.380353808403015,2.8995591402053833,143.36427927017212,1.945140212774277,7731.125235557556,7113.232154846191,489.977614402771,47.18749761581421,52.154600620269775,10.08745789527893,30.80970048904419,8.346582055091858,9.544366598129272,2.789127826690674,2.123333364725113,3.2584357261657715,20.658910274505615,10.57789921760559,18.669986128807068,3.1367069482803345,1.4791449904441833,1,1.5065618753433228,2.1103797256946564,1.4468895196914673,1.2636221647262573,1,1.7539894580841064,2.730778157711029,25.2883780002594,1.9929091930389404,1.772336721420288,1,15.490561723709106,27.419244050979614,11.860659122467041,3.4409916400909424,4.6780988574028015,9.802098870277405,138.44924926757812,3.3658546209335327,1,38.9360785484314,2.490953356027603,1076.4393513202667,469.6018588542938,9038.580894470215,25324.909496307373,1589.6908988952637,14.88775908946991,865.8950986862183,846.5463656187057,1.0,3739.258722782135,1.0,680.9560799598694,2573.6494290828705,452.3562378883361,1.0759337246418,558.8258171081543,1580.5346338748932,12.653456926345825,634.5000896453857,276.94507217407227,1060.3693618774414,4.0790873765945435,1.0,144.22398567199707,6708.8067944049835,6080.634566545486,997.7512741088867,4074.6485292911525,413.38890194892883,1437.437777519226,4849.149215698242,4009.7165532112126,626.0680890083313,164.30704951286316,1111.909321308136,1068.6408805847168,3932.0397663116455,1296.4328384399414,4970.075550079346,271.48927092552185,2837.9233169555664,2405.8869194984436,262.5521230697632,38300.084924697876,3163.192949295044,257.11163878440857,8628.130328655243,210.50034195184708,806.1345970630646
TEST_00+5일,148.07334899902344,3776.6831588745117,89.93238830566406,34.29442739486694,1.6594891250133514,3.9006876945495605,606.8711951971054,28.288516402244568,11.272225379943848,1.4056074619293213,2.909364104270935,2.0479072630405426,7.268369793891907,28.008445501327515,594.9162125587463,1.0,2344.859218597412,2.824811339378357,10.862300395965576,3552.3441100120544,450.94642639160156,26.531612277030945,1.28657266497612,1,361.72822237014765,1,1,5946.259903907776,258.6615171432495,59.75174939632416,27.677836418151855,61.12795972824097,18.25234830379486,8.71829092502594,1.0,34.78154182434082,2804.188034057617,102.9866361618042,8.639439940452576,2399.778723716736,1037.9436683654785,9.117695689201355,88.52112579345703,1,1.9641433656215668,30.922646522521973,1,40.41952085494995,2.1934592723846436,39.10519480705261,590.2215218544006,1.848507970571518,176.3528733253479,1.0100694000720978,15.31552791595459,3.4305334091186523,10.306572914123535,5.01017153263092,8.374992609024048,2.787213921546936,324.29412841796875,138.64211511611938,358.00080049037933,414.28915214538574,208.6297549009323,28.540306091308594,1.6618919372558594,8.616156578063965,35.15256404876709,1.3048018515110016,14.773752093315125,44.30474662780762,1.3835777342319489,1.0,40.68272542953491,59.16665196418762,1.938016563653946,13.392755091190338,3.047313392162323,43.26511740684509,9.317095279693604,6.170074939727783,2.6335030794143677,2.120945304632187,9.93813693523407,18.52530598640442,15.98626971244812,11.828908920288086,21.612445831298828,83.92178392410278,3549.007859230042,7.387462854385376,18.719252347946167,230.69556140899658,1.3008643686771393,1,1,1.8011774122714996,1426.2410316467285,152.85330820083618,9.223276972770691,2.829490005970001,143.56599283218384,2.0511660873889923,7743.6999678611755,7151.096324920654,486.5375394821167,47.55098009109497,51.115989685058594,10.299644470214844,30.19477367401123,8.69294822216034,9.888495206832886,3.306019902229309,2.2326985001564026,3.4100475907325745,21.06203556060791,10.531377792358398,18.71264398097992,3.320109248161316,1.0296083986759186,1,1.9387670755386353,3.259889721870423,1.787327527999878,1.4427638053894043,1,1.8238494396209717,2.224169075489044,25.796536803245544,2.1367673873901367,1.8923234939575195,1,29.048094749450684,27.8829687833786,20.152394771575928,7.577943205833435,3.338201940059662,9.593809843063354,138.78079414367676,3.465554118156433,1,38.74567747116089,5.502657890319824,1059.4165638685226,474.8826742172241,8969.672012329102,25152.84397125244,1619.6799578666687,13.603292405605316,860.1513719558716,755.560587644577,1.0,3545.880800485611,1.0,701.956217288971,2595.644527196884,447.5120148658752,1.277576982975006,660.7394027709961,1557.9705545902252,13.177480697631836,635.444055557251,276.5977554321289,1083.013017654419,2.866700403392315,1.0,143.64895820617676,6717.931845426559,6155.023955821991,1012.5104904174805,3969.328733682632,408.89578878879547,1539.4636344909668,4917.644245147705,4021.808921337128,615.851640701294,162.41511583328247,1111.4512362480164,1080.1215839385986,3943.127098083496,1292.0593643188477,4957.6103591918945,268.16808700561523,2836.2396478652954,2402.2061955928802,255.6218385696411,38208.75291824341,3165.452070236206,239.29576575756073,8626.55838727951,201.5189230442047,814.9198991060257
TEST_00+6일,148.2589340209961,3748.8221740722656,89.45205688476562,35.89203667640686,3.490953743457794,4.165496826171875,600.3920415639877,28.10651421546936,11.48297905921936,2.798027992248535,3.819933533668518,3.1033527851104736,9.389728307723999,27.805005311965942,599.1081833839417,1.0,2338.5968685150146,3.6052215099334717,11.773635149002075,3537.543592453003,447.06347703933716,26.610517501831055,2.745451033115387,1,357.47250080108637,1,1,5932.608325481415,261.48043727874756,59.391801595687866,28.02686846256256,61.863234758377075,18.231934905052185,8.721580505371094,1.0,36.02325916290283,2798.1248092651367,103.52125287055969,10.912244319915771,2404.6545028686523,1039.0689325332642,9.22053873538971,88.84671020507812,1,1.931287795305252,31.740753650665283,1,39.58406138420105,2.168770879507065,39.954425573349,593.5962009429932,2.392064481973648,176.59271621704102,1.5972468256950378,21.787022352218628,3.661157786846161,10.327428579330444,5.067999362945557,8.563089966773987,2.781105935573578,324.65191650390625,139.8017978668213,358.10574674606323,415.6603322029114,208.74155724048615,28.59492301940918,2.1961481869220734,9.711679816246033,41.784701347351074,1.2219532579183578,14.967520236968994,43.75848698616028,1.2249324470758438,1.0,40.26796579360962,59.96130108833313,2.5733211636543274,13.228585124015808,2.73022323846817,43.525670528411865,9.105894565582275,6.049519777297974,2.6050710678100586,3.4477809071540833,9.730084538459778,17.92840003967285,16.018860340118408,11.686007976531982,21.928485870361328,84.4999372959137,3538.220937252045,7.815127372741699,33.05756330490112,228.9852991104126,2.3132723569869995,1,1,2.187330722808838,1397.9175338745117,153.53832721710205,11.137019395828247,2.914508879184723,144.54163599014282,2.0395843386650085,7714.42312002182,7137.1325969696045,486.8233699798584,47.47302579879761,51.6080379486084,10.463544130325317,30.116794109344482,7.980778813362122,9.804961681365967,3.762839138507843,2.081538885831833,3.3428841829299927,20.540691018104553,10.062631368637085,19.03830885887146,3.6169451475143433,1.2962688505649567,1,1.4878689050674438,2.362851917743683,1.5799497365951538,1.4110517501831055,1,1.272624135017395,1.8528710305690765,25.010182857513428,1.9164237976074219,1.7686406373977661,1,44.814324378967285,27.888031899929047,38.484392166137695,16.779014468193054,6.944523453712463,9.750236868858337,137.93328285217285,3.4677815437316895,1,39.021549224853516,9.472393989562988,1058.9388054609299,487.46246695518494,8963.827514648438,25207.753009796143,1654.394727230072,17.785078287124634,866.3998804092407,865.5977886915207,1.0,3634.0789432525635,1.0,660.0032806396484,2617.0018990039825,449.5972895622253,1.172012910246849,676.9862937927246,1614.2694432735443,12.895338535308838,632.5745964050293,275.7002248764038,1086.2884635925293,1.5773182734847069,1.0964453965425491,143.9367389678955,6899.752169370651,6027.407423257828,996.2501049041748,3891.9849693775172,412.64628410339355,1512.0874857902527,5017.444770812988,3947.8001670837407,597.5300192832947,162.44414806365967,1072.2243447303772,1101.2938976287842,3936.024923324585,1295.896339416504,4946.015176773071,280.7810389995575,2827.7270889282227,2403.4328985214233,270.028932094574,38116.97244644165,3167.937698364258,243.5624599456787,8620.41277885437,206.82859987020493,785.2149385213852
TEST_00+7일,148.59989166259766,3756.331672668457,89.70703887939453,35.87024283409119,4.7168028354644775,4.20560747385025,603.5647493600845,28.40005874633789,11.003233194351196,3.6677369475364685,4.069724380970001,3.523382246494293,9.480228424072266,28.366377353668213,597.9011178016663,1.0,2330.1549911499023,3.9456164836883545,10.494266748428345,3502.224199771881,448.8052701950073,27.558640837669373,3.316362202167511,1,356.89882278442377,1,1,5933.028123378754,261.796817779541,60.40071952342987,28.670945048332214,61.550562143325806,18.049054741859436,8.628774881362915,1.0,35.29402256011963,2807.655616760254,102.56502270698547,12.571344375610352,2396.6327905654907,1054.64155626297,8.937847018241882,87.93641662597656,1,1.7973235249519348,31.499905586242676,1,40.138519287109375,2.1940864622592926,40.252885818481445,589.5964612960815,3.0365964770317078,176.2512617111206,2.039009928703308,26.71414017677307,3.7584593892097473,10.229835510253906,5.269930958747864,8.869431018829346,2.6968762278556824,323.6784973144531,139.41635513305664,352.3211016654968,413.1743235588074,206.692622423172,28.497185707092285,2.331770658493042,11.090013980865479,43.4926700592041,1.3089889287948608,15.21747350692749,43.33642864227295,1.3318836688995361,1.0,40.41227984428406,59.98501181602478,2.6179230213165283,13.331364691257477,3.643994629383087,44.292855739593506,9.064648747444153,6.3248395919799805,2.632293701171875,4.504283964633942,9.776641130447388,18.36909055709839,15.819498896598816,12.02197551727295,22.02009391784668,86.10407280921936,3555.0675916671757,8.748521208763123,41.22573375701904,228.38297367095947,2.7536147832870483,1,1,2.6120877265930176,1414.9071006774902,154.25147438049316,11.273829936981201,2.96814888715744,143.2827286720276,2.263912111520767,7688.862204551697,7127.471590042114,491.52165508270264,46.95200872421265,51.16443634033203,10.522048473358154,29.380996227264404,8.903350830078125,9.94411051273346,4.056170582771301,2.1104229986667633,3.333911895751953,21.434195637702942,10.264812707901001,19.34027910232544,4.38248336315155,1.5584394335746765,1,1.0,1.0,1.0,1.0,1,1.0,1.4268343150615692,24.996750354766846,1.2511940002441406,1.0,1,49.06075477600098,27.377595901489258,45.80045223236084,20.653372406959534,9.199974536895752,9.801970720291138,137.74105072021484,3.416920304298401,1,38.524227142333984,10.932145118713379,1058.8085956573486,487.81824946403503,8997.075462341309,25107.652225494385,1626.4797616004944,13.807366788387299,859.2596597671509,818.5870796442032,1.0,3660.5935368537903,1.0,683.8875937461853,2567.4821968078613,445.7053079605102,1.386791169643402,453.42564582824707,1569.9059109687805,14.207688570022583,625.9706001281738,273.12745571136475,1051.139814376831,5.214863363653421,1.5559524297714233,144.92481231689453,6680.0173370838165,5993.50966501236,1000.4660892486572,4006.6476392745967,407.6223850250244,1478.5873699188232,4993.579139709473,4021.5694293975835,605.1942014694214,163.34046721458435,1122.5241708755493,1090.8886528015137,3927.746639251709,1296.222038269043,4947.888317108154,279.10325169563293,2818.2589864730835,2407.362438440323,275.4723572731018,38099.305629730225,3162.052230834961,259.5890462398529,8619.496023654938,208.12257528305054,793.5899305343628
TEST_01+1일,149.10561561584473,3788.3190536499023,89.43085479736328,36.00771975517273,2.1003952622413635,4.443289637565613,607.1960339546204,28.131163716316223,12.65840768814087,2.1644414961338043,1.756211668252945,2.64663428068161,7.725679874420166,25.86111009120941,597.0880508422852,3.852892816066742,2341.659450531006,3.285762667655945,13.410890102386475,3560.10938167572,454.09982919692993,27.22085416316986,3.4534528851509094,1,359.399789571762,1,1,5963.901479244232,259.3745126724243,60.93303430080414,28.031039118766785,60.83065938949585,18.186516165733337,8.489076495170593,1.0,34.59270000457764,2813.9787216186523,106.56981229782104,12.183667421340942,2400.2256631851196,1043.4158589839935,9.162934422492981,87.17400360107422,1,1.9169241189956665,32.355942726135254,1,40.1187002658844,2.331969290971756,40.290952920913696,597.1293959617615,3.7720224261283875,178.95976781845093,2.0428404211997986,24.868226051330566,3.2099831104278564,10.166151523590088,5.907199382781982,8.879839181900024,2.8294843435287476,325.4466857910156,138.7409791946411,355.8314652442932,416.8685450553894,207.74065554141998,29.85490083694458,1.7974801361560822,11.04121446609497,41.19303226470947,1.0460622608661652,14.921551644802094,44.418410301208496,1.5752241015434265,1.0,40.467768907547,61.5125834941864,1.7787371575832367,13.064675331115723,3.3783796429634094,43.32903552055359,9.959776997566223,6.424809694290161,2.7822652459144592,2.4045878648757935,9.7758948802948,17.6554673910141,15.524477362632751,12.036514282226562,22.15968132019043,84.77676558494568,3509.240956306458,10.474148988723755,47.26519584655762,230.18516063690186,1.4856849610805511,1,1,3.7830427289009094,1414.2399101257324,154.01185941696167,9.486698508262634,2.803821861743927,146.7313756942749,2.164691925048828,7525.132119655609,7120.715074539185,587.228572845459,47.53285789489746,51.80056691169739,10.0586998462677,21.026480197906494,8.476884365081787,9.953574538230896,3.8767290115356445,2.1320584416389465,3.38065505027771,26.572217345237732,10.135303735733032,19.042308926582336,5.567601919174194,2.164212018251419,1,1.0,1.0,1.0,1.1353321075439453,1,1.0,1.0,24.86873745918274,1.0,1.0,1,45.79043388366699,27.832600474357605,44.390554428100586,16.426219940185547,4.87752377986908,9.939464926719666,139.91692543029785,3.7459713220596313,1,38.09305667877197,14.866336584091187,1087.8295812606812,486.7694181203842,9089.550590515137,25233.763542175293,1673.7451281547546,19.214986264705658,869.605565071106,844.595702290535,1.0,3713.5278658866882,1.0,684.9600601196289,2634.0971920490265,452.73419713973993,1.4124469459056854,549.0411186218262,1616.5686702728271,13.704575300216675,647.4213066101074,283.52360248565674,1086.6899871826172,2.513999864459038,1.0,163.39845657348633,7188.986685037613,6372.76352930069,1022.3002338409424,4018.736329078674,429.6216148138046,1546.730558872223,5049.189193725586,3880.233638286591,623.448371887207,167.02447056770325,1091.1927347183228,1120.2583503723145,3947.775354385376,1297.0172882080078,4971.340894699097,220.63594102859497,2826.2510776519775,2410.0831139087677,404.356210231781,38294.42882537842,3192.3982429504395,243.3566451072693,8613.556385040283,193.75301510095596,1004.1504836082458
TEST_01+2일,148.83435249328613,3787.3189544677734,89.7755355834961,34.81356930732727,1.0,3.9646393060684204,614.2159826755524,28.760223984718323,12.521030902862549,1.1657144874334335,1.241474524140358,1.5893091261386871,5.502082705497742,24.66172456741333,599.7918248176575,3.792183995246887,2358.505868911743,2.1172404289245605,12.962596416473389,3557.0706272125244,451.87334537506104,26.987609267234802,1.937946230173111,1,355.0292873382568,1,1,5961.984114646912,260.76432609558105,60.34023106098175,28.066791653633118,61.61740708351135,18.35478901863098,8.774548768997192,1.0,34.30234670639038,2809.779052734375,105.9015142917633,9.288230538368225,2407.131862640381,1036.914929151535,9.181241989135742,87.80427551269531,1,1.8782998621463776,33.062124252319336,1,39.72244310379028,2.4044157564640045,39.90670204162598,596.1231513023376,3.1669428944587708,179.25871324539185,1.5250661969184875,19.70364511013031,2.9334107041358948,10.410412549972534,6.060163974761963,9.050835967063904,2.9406562447547913,323.8427734375,139.4723310470581,357.5812643766403,416.2379217147827,208.07884204387665,28.718266487121582,1.4044630527496338,8.71747374534607,35.54056644439697,1.1582398414611816,14.89718645811081,44.12110137939453,1.705571860074997,1.0,40.84554719924927,60.57020425796509,1.0453443974256516,13.236518204212189,1.8191663920879364,43.03897023200989,9.853528141975403,6.465513706207275,2.5450485944747925,1.6408869624137878,9.461579322814941,17.84354567527771,15.511157512664795,11.725809574127197,22.53370475769043,85.79126334190369,3521.19298696518,8.949970006942749,30.75841188430786,232.65100765228271,1.0,1,1,3.0003589391708374,1428.078701019287,152.9816222190857,7.455337047576904,2.8469976782798767,147.0066590309143,2.252994805574417,7597.159624099731,7142.235431671143,579.3340406417847,47.46322774887085,52.110570669174194,10.199815034866333,20.454730987548828,8.472521305084229,9.99891459941864,3.450368046760559,2.130690962076187,3.3648818731307983,27.018826603889465,10.377672910690308,18.481128215789795,4.484675824642181,1.6502919793128967,1,1.2728267908096313,1.529105365276337,1.0124160051345825,1.4980120658874512,1,1.0512406826019287,1.551530659198761,25.427218079566956,1.3200678825378418,1.0,1,27.909536361694336,28.222773373126984,29.84226703643799,7.704475522041321,1.0,9.627213478088379,135.64802169799805,3.8735872507095337,1,37.36227750778198,10.45041799545288,1080.3039189577103,479.19157683849335,9058.897590637207,25156.32314682007,1629.4212594032288,16.8671652674675,840.9391708374023,864.5199626684189,1.0,3640.8743164539337,1.0,687.4424290657043,2609.7547600269318,450.0824608802795,1.3090503215789795,685.6167984008789,1638.126618385315,13.261997699737549,643.4677658081055,282.945894241333,1096.4236755371094,1.0,1.0,163.66989135742188,6737.522604942322,6378.725711107254,988.8454627990723,3958.562202453613,423.9033418893814,1496.3990187644958,4910.846641540527,4223.6934452056885,626.8055653572083,166.87400937080383,1120.434558391571,1107.6859664916992,3901.608142852783,1291.8974304199219,4971.735782623291,208.82230401039124,2829.8251914978027,2409.259775876999,389.3770480155945,38081.50019645691,3174.3832969665527,235.93106865882874,8579.649710655212,199.79367345571518,996.4937281608582
TEST_01+3일,148.2174587249756,3774.788360595703,90.48764038085938,34.83734321594238,1.0,3.5641834139823914,611.3192834854126,28.173192143440247,12.139118909835815,1.0,1.0,1.0,4.766485095024109,24.45409119129181,596.8918561935425,3.7751275300979614,2352.397871017456,1.8545275926589966,12.599786520004272,3520.751578807831,448.30371856689453,26.15378201007843,1.5545637905597687,1,357.5520837306976,1,1,5942.062883377075,261.0164108276367,59.418736696243286,27.9530531167984,61.430564403533936,18.41238498687744,8.706157207489014,1.0,35.09379863739014,2784.661933898926,104.96427655220032,8.413183093070984,2395.6055641174316,1040.0339756011963,9.186645746231079,87.70077514648438,1,1.9382615387439728,31.880760192871094,1,39.76192116737366,2.2503723204135895,39.517738342285156,596.560878276825,2.7370139956474304,178.27540016174316,1.0,16.95828080177307,2.6385685801506042,10.365550518035889,6.050094962120056,8.501933217048645,2.9816168546676636,321.6114196777344,139.85478973388672,357.7119415998459,411.9792733192444,206.45890617370605,28.991079330444336,1.0,7.010112404823303,30.409231185913086,1.1794518679380417,14.41990077495575,44.364248275756836,1.6540814936161041,1.0,39.99921441078186,60.67288517951965,1.012883186340332,13.40830385684967,3.682744801044464,43.26486301422119,10.00476360321045,6.462372541427612,2.5331035256385803,2.2262930870056152,9.777753353118896,17.81309723854065,15.530966520309448,11.702309846878052,22.36711883544922,86.01273703575134,3524.6171808242802,7.745687961578369,21.449410915374756,229.07766151428223,1.0,1,1,2.235330194234848,1416.8253364562988,153.17965078353882,6.594489216804504,2.781262993812561,145.75793552398682,1.9750449359416964,7678.938567638397,7086.921806335449,593.0659847259521,47.86354732513428,51.72286033630371,9.767518043518066,21.969313621520996,8.2016521692276,9.771395921707153,3.0646905303001404,2.2476890683174133,3.2880911231040955,26.15673065185547,10.185250043869019,18.643385767936707,2.951623499393463,2.1435563266277313,1,1.5800803899765015,1.2741689980030062,1.4596590995788574,1.810749888420105,1,1.4753632545471191,2.012978345155716,25.610740184783936,1.761154055595398,1.6691453456878662,1,20.952341556549072,27.778967320919037,16.88948392868042,4.184401631355286,1.0,9.809473156929016,136.870756149292,3.7620869278907776,1,38.040525913238525,7.420603632926941,1089.855926990509,498.08538794517517,8999.991989135742,25065.470447540283,1689.3028078079224,17.331548035144806,861.5309057235718,756.6873604059219,1.0,3546.068492412567,1.0,670.2945637702942,2608.426065683365,450.5223608016967,1.5138205885887146,696.0290908813477,1618.784164428711,13.60669493675232,645.5205554962158,282.66539192199707,1096.8655815124512,1.0,1.0,161.58910751342773,6892.355315208435,6330.180020093918,982.0393657684326,3837.059949636459,403.97381365299225,1523.9528679847717,5064.225601196289,4013.974626541138,620.3834509849548,165.89644074440002,1166.9461479187012,1067.1336364746094,3913.087511062622,1296.7571640014648,4991.300439834595,220.7388699054718,2846.370244026184,2400.143390893936,396.0487961769104,38184.53035354614,3164.6542739868164,221.88593447208405,8549.653935432434,188.87789100408554,979.7016155719757
TEST_01+4일,148.13498497009277,3783.980827331543,90.55398559570312,36.07018232345581,1.0,3.79752516746521,602.1555844545364,27.947155237197876,12.646340131759644,1.0,1.0,1.1791324615478516,5.113858580589294,23.20658504962921,596.0678815841675,3.696531653404236,2356.5017223358154,1.9325126707553864,12.601687908172607,3527.3957014083862,449.9163579940796,26.52818262577057,1.7065544426441193,1,356.525866985321,1,1,5944.238069057465,259.7483139038086,59.15562343597412,27.625751852989197,62.26084756851196,17.878060340881348,8.771929740905762,1.0,34.674975872039795,2782.641502380371,102.78127431869507,7.54499077796936,2396.338891983032,1048.893211364746,9.35835063457489,88.8841781616211,1,1.9216649234294891,31.57371997833252,1,39.771278619766235,2.3139962553977966,39.251391887664795,592.8845367431641,2.041022479534149,176.9357829093933,1.0,17.341867089271545,2.865132987499237,10.316969156265259,6.2376850843429565,8.391589522361755,2.942023277282715,324.0437927246094,138.94026947021484,358.53611040115356,414.0559630393982,205.49998426437378,28.749206066131592,1.1774037033319473,7.590953707695007,30.34435272216797,1.1685669422149658,14.809018671512604,44.71324348449707,1.4880284667015076,1.0,40.51103401184082,60.603004693984985,1.0,13.050554394721985,3.0098122358322144,43.178781270980835,10.058919191360474,6.475343704223633,2.533268928527832,1.7170026898384094,9.592401385307312,18.56107234954834,16.037564277648926,11.848927736282349,21.698320388793945,85.26932883262634,3549.379570484162,7.74100661277771,19.89987015724182,232.0490427017212,1.0,1,1,1.9830439984798431,1418.7245635986328,152.89175033569336,7.239920496940613,2.9230326414108276,143.39181661605835,1.6649539768695834,7731.124699115753,7113.232154846191,593.8370447158813,47.188945293426514,52.156949043273926,10.061771869659424,21.047251224517822,8.448822498321533,9.560954570770264,2.7304786443710327,2.149840146303177,3.279733657836914,26.510451436042786,10.49159288406372,18.680155277252197,2.87467360496521,1.9850102066993713,1,1.461119294166565,1.6875723600387575,1.4331490993499756,1.8096444606781006,1,1.3326380252838135,2.033235728740692,25.258859395980835,2.0214195251464844,1.7733192443847656,1,22.14648723602295,27.428005933761597,15.180424451828003,4.775692373514175,1.7194859683513641,9.845730662345886,138.44999313354492,3.7546786665916443,1,38.95118474960327,6.029813289642334,1076.4393513202667,469.602130651474,9038.579750061035,25324.909496307373,1589.6910710334778,14.878904819488525,865.8951530456543,846.5468645095825,1.0,3739.2590119838715,1.0,680.9560799598694,2573.6498205661774,452.35675191879267,1.7065459489822388,558.84521484375,1580.535302400589,13.31522822380066,634.500358581543,276.9458999633789,1060.3710231781006,3.7486386112868786,1.0,162.18685150146484,6708.808224439621,6080.635164737701,997.751407623291,4074.648864269256,413.38941156864166,1437.4380385875702,4849.149215698242,4009.7165532112126,626.0681796073914,164.31525707244873,1111.9097304344177,1068.6411476135254,3932.0397663116455,1296.4327239990234,4970.075550079346,210.40652513504028,2837.9229640960693,2405.886458158493,389.1673707962036,38300.084924697876,3163.1925773620605,236.94656789302826,8628.130328655243,192.93473571538925,994.4037079811096
TEST_01+5일,148.07275772094727,3776.6831588745117,89.93377685546875,34.29809904098511,1.319713294506073,4.012486636638641,606.8712879419327,28.284659385681152,12.347960472106934,1.255212277173996,1.4071989059448242,1.8295298516750336,7.571353912353516,23.234506845474243,594.915783405304,3.6404958367347717,2344.859218597412,1.9128474593162537,14.101017713546753,3552.3441100120544,450.9465193748474,26.544241905212402,1.6770835220813751,1,361.72639489173883,1,1,5946.259903907776,258.66285610198975,59.757511496543884,27.682217836380005,61.136701583862305,18.257793188095093,8.718044757843018,1.0,34.78126049041748,2804.188735961914,102.9867947101593,8.863134384155273,2399.778890609741,1037.9443910121918,9.149145483970642,88.5214614868164,1,1.94849893450737,30.948612689971924,1,40.418933391571045,2.3147138953208923,39.19447875022888,590.2216725349426,2.698737382888794,176.35243463516235,1.078983098268509,14.09513533115387,3.1374117732048035,10.38060188293457,5.87532639503479,8.443193435668945,2.985817790031433,324.29547119140625,138.64336681365967,358.00033378601074,414.28991889953613,208.6296590566635,28.53679895401001,1.6415227949619293,8.854652047157288,35.4541540145874,1.2194201350212097,14.91490513086319,44.30259084701538,1.7664669454097748,1.0,40.68152952194214,59.16748046875,1.5907225012779236,13.296832144260406,2.973608672618866,43.26619005203247,9.634348154067993,6.159825325012207,2.6972800493240356,1.393514722585678,9.886729717254639,18.487190008163452,15.988470911979675,11.84309720993042,21.611034393310547,83.92272424697876,3549.007859230042,8.843203783035278,27.358667850494385,230.6966428756714,1.0,1,1,2.403607815504074,1426.2415351867676,152.85361862182617,8.971363306045532,2.851366102695465,143.5941309928894,1.729124963283539,7743.699431419373,7151.096324920654,593.2032136917114,47.54954814910889,51.1177659034729,10.278043746948242,21.422860622406006,8.764843940734863,9.906874895095825,3.220123052597046,2.2600069642066956,3.4328487515449524,26.779403686523438,10.466673374176025,18.718074560165405,3.3404213190078735,1.6961641609668732,1,1.8729087114334106,2.7833263278007507,1.7797455787658691,1.948613166809082,1,1.8816708326339722,2.4925877153873444,25.78285574913025,2.1307783126831055,1.8876700401306152,1,34.23933982849121,27.897526025772095,21.841859817504883,7.821740806102753,3.46912682056427,9.637558460235596,138.78100395202637,3.790079653263092,1,38.74476432800293,7.749882340431213,1059.4165638685226,474.8829460144043,8969.672012329102,25152.84397125244,1619.6801300048828,13.661649823188782,860.1513175964355,755.5608093738556,1.0,3545.8810896873474,1.0,701.956217288971,2595.6447229385376,447.51245546340937,1.8672704696655273,660.7648658752441,1557.971390247345,13.954492807388306,635.4443244934082,276.59864234924316,1083.0145511627197,2.550861183553934,1.0,161.79082870483398,6717.932560443878,6155.023955821991,1012.5106906890869,3969.3290686607356,408.8962644338608,1539.4639825820923,4917.645397186279,4021.808921337128,615.851686000824,162.42146730422974,1111.451645374298,1080.1218509674072,3943.12668800354,1292.0592498779297,4957.6103591918945,206.08809232711792,2836.239471435547,2402.2057342529297,387.396457195282,38208.75291824341,3165.4513263702393,219.90054845809937,8626.55838727951,184.80640321969986,997.0617985725403
TEST_01+6일,148.25833320617676,3748.8221740722656,89.45357513427734,35.88622236251831,2.7192258834838867,4.257190227508545,600.392134308815,28.101148009300232,12.58711576461792,2.293638586997986,2.0855946838855743,2.875000536441803,9.966431260108948,23.684436678886414,599.1077542304993,3.7998268008232117,2338.5968685150146,2.734583020210266,15.263172388076782,3537.543592453003,447.0636010169983,26.62487268447876,2.7679580450057983,1,357.47067332267756,1,1,5932.608325481415,261.48175048828125,59.39644932746887,28.030885100364685,61.86880946159363,18.23895514011383,8.730689287185669,1.0,36.022634506225586,2798.1255111694336,103.5212779045105,10.751571655273438,2404.654836654663,1039.0696551799774,9.248733520507812,88.84708404541016,1,1.911442130804062,31.77182912826538,1,39.583494901657104,2.2758734226226807,40.0603289604187,593.5963516235352,3.142811954021454,176.5922336578369,1.6950413584709167,20.67569375038147,3.412170112133026,10.36694884300232,5.910804271697998,8.633978962898254,2.986387014389038,324.6533508300781,139.80316972732544,358.1051867008209,415.66109895706177,208.74146139621735,28.590843677520752,2.162308245897293,9.970353245735168,41.991963386535645,1.1345330625772476,15.101172924041748,43.758833169937134,1.6884642839431763,1.0,40.26713180541992,59.96272563934326,2.1679337322711945,13.146865367889404,2.5361603498458862,43.52552366256714,9.379574060440063,6.0182225704193115,2.6639723777770996,2.2678084671497345,9.68885362148285,17.885499000549316,16.018463373184204,11.702085733413696,21.927696228027344,84.50088453292847,3538.220572471619,9.209843277931213,41.47716999053955,228.98630332946777,1.761578917503357,1,1,3.1179815530776978,1397.9180374145508,153.53864765167236,11.00582480430603,2.9516446590423584,144.5745906829834,1.808517634868622,7714.422047138214,7137.1325969696045,592.02845287323,47.47219705581665,51.6122043132782,10.442219972610474,21.29060983657837,8.062618374824524,9.822897911071777,3.6645835638046265,2.1098171174526215,3.368782699108124,26.64363205432892,9.991145133972168,19.047929048538208,3.2097145915031433,1.950252652168274,1,1.5472962856292725,1.8677360713481905,1.5543104410171509,1.8267064094543457,1,1.8170198202133179,2.553150951862335,24.955934286117554,1.8660633563995361,1.785162329673767,1,48.87990951538086,27.896737456321716,39.62374210357666,16.716272234916687,10.750926733016968,9.80430006980896,137.93477058410645,3.7765929102897644,1,39.02851343154907,11.987463235855103,1058.9388699531555,487.4627387523651,8963.827514648438,25207.753009796143,1654.3948993682861,17.66364723443985,866.3998804092407,865.5982321500778,1.0,3634.0795216560364,1.0,660.0032806396484,2617.0018990039825,449.59773015975946,1.7976994812488556,677.0076942443848,1614.270278930664,13.702104091644287,632.5748653411865,275.70108222961426,1086.28999710083,1.273877928033471,1.0,163.8807487487793,6899.752169370651,6027.408021450043,996.2502384185791,3891.9849693775172,412.6468276977539,1512.0876598358154,5017.444770812988,3947.800885200501,597.5301098823547,162.45185136795044,1072.2246856689453,1101.294231414795,3936.024923324585,1295.896224975586,4946.015176773071,217.80506253242493,2827.7267360687256,2403.4322834014893,409.29667234420776,38116.97244644165,3167.936954498291,224.31333363056183,8620.41277885437,189.8104950785637,970.8021783828735
TEST_01+7일,148.59930038452148,3756.331672668457,89.70848846435547,35.862799882888794,4.046397507190704,4.268043041229248,603.5648421049118,28.396239280700684,12.140823602676392,3.030213415622711,2.4623903632164,3.386237919330597,10.210421085357666,23.79152476787567,597.9006886482239,3.9106839895248413,2330.1549911499023,3.946528136730194,15.067434310913086,3502.224199771881,448.8053321838379,27.570850253105164,4.0599581599235535,1,356.89702033996576,1,1,5933.028123378754,261.7980537414551,60.4060195684433,28.6798152923584,61.55721831321716,18.054562211036682,8.626372814178467,1.0,35.293946266174316,2807.656318664551,102.56518959999084,12.571439743041992,2396.6331243515015,1054.6422789096832,8.965240716934204,87.93667602539062,1,1.7772966623306274,31.525068283081055,1,40.13842487335205,2.2900986671447754,40.274354457855225,589.5965366363525,3.9733263850212097,176.2507462501526,2.1335315704345703,25.86774230003357,3.462344706058502,10.28865098953247,6.095495820045471,8.928850293159485,2.890191376209259,323.679931640625,139.4173765182495,352.3205727338791,413.17512226104736,206.6925265789032,28.494763374328613,2.3322774469852448,11.417921781539917,43.61039638519287,1.2333214282989502,15.372156500816345,43.334514141082764,1.7649857699871063,1.9574365019798279,40.41212773323059,59.98637676239014,2.236936241388321,13.221260905265808,3.559315502643585,44.29064226150513,9.35372531414032,6.3443076610565186,2.684548497200012,3.363350033760071,9.710787534713745,18.32256317138672,15.821605324745178,12.03514575958252,22.01947593688965,86.10491633415222,3555.0672268867497,10.409808158874512,56.46242618560791,228.38405513763428,3.4005755186080933,1,1,3.8037121295928955,1414.9073524475098,154.25178480148315,11.428028345108032,2.9994097352027893,143.31306982040405,1.822827458381653,7688.861668109894,7127.471590042114,603.9789476394653,46.95066595077515,51.16647481918335,10.4960036277771,21.412639617919922,8.953362703323364,9.960898756980896,3.9611634612083435,2.158299833536148,3.3536872267723083,26.494515538215637,10.179427862167358,19.356597661972046,4.095235764980316,2.2563672065734863,1,1.0,1.0,1.0,1.4078166484832764,1,1.0,1.0602322220802307,24.927456378936768,1.1792775392532349,1.0,1,57.868666648864746,27.383691668510437,49.90286350250244,22.122058868408203,11.64993166923523,9.834743738174438,137.74209022521973,3.674035370349884,1,38.52808475494385,15.365774631500244,1058.8085956573486,487.8185212612152,8997.075462341309,25107.652225494385,1626.4801058769226,13.785533607006073,859.2596597671509,818.5875231027603,1.0,3660.594115257263,1.0,683.8875937461853,2567.4823925495148,445.705675125122,2.0170341432094574,453.4431266784668,1569.9067466259003,14.916452169418335,625.9708242416382,273.1282835006714,1051.1413478851318,4.931133426725864,1.0,161.44765853881836,6680.0173370838165,5993.51086139679,1000.4660892486572,4006.6479742527004,407.6228606700897,1478.587543964386,4993.580291748047,4021.5701475143437,605.1943373680115,163.347247838974,1122.5245118141174,1090.8890533447266,3927.746639251709,1296.222038269043,4947.888317108154,217.01952815055847,2818.258810043335,2407.362130880356,414.39887046813965,38099.305629730225,3162.051486968994,239.28393423557281,8619.496023654938,191.33974492549896,976.1337697505951
TEST_02+1일,149.1063404083252,3788.3176803588867,89.43152618408203,36.02404022216797,2.8204157948493958,2.9985445737838745,607.1935298442841,28.01071286201477,15.055886507034302,1.686227023601532,4.848871231079102,3.2104268670082092,7.470308542251587,26.729777455329895,597.0886588096619,4.022338390350342,2341.6584491729736,3.1393784284591675,4.773205816745758,3560.110447406769,454.0980935096741,27.163034677505493,3.125815689563751,1,359.39981460571283,1,1,5963.901479244232,259.44931411743164,60.93208301067352,28.346120238304138,60.84910225868225,18.183991312980652,8.497796654701233,1.0,34.59949970245361,2813.9787216186523,106.57212376594543,11.942589282989502,2400.2256631851196,1043.4225692749023,8.909769058227539,87.17420959472656,1,2.6390284299850464,34.37655448913574,1,40.11900186538696,2.2397011518478394,40.2473783493042,597.128529548645,3.34827721118927,178.96249866485596,2.0913948118686676,26.7131906747818,4.231659770011902,10.177948474884033,6.632509827613831,9.358983039855957,2.8021475672721863,325.4461975097656,138.76949787139893,355.83186972141266,416.8707814216614,207.75143802165985,29.855468273162842,2.5072425603866577,11.656066179275513,41.22976779937744,1.1769826710224152,14.428164660930634,44.418410301208496,2.315906286239624,2.820187509059906,40.46331572532654,61.52122616767883,1.4166538417339325,14.729447364807129,3.7555113434791565,43.33151650428772,11.125085353851318,8.354634642601013,2.7575701475143433,3.407936692237854,9.792024493217468,17.246165871620178,15.530324578285217,12.126966714859009,22.16202163696289,84.77664113044739,3509.240956306458,10.060614347457886,43.995118141174316,230.18199348449707,2.60722279548645,1,1,3.5826146602630615,1414.2429313659668,154.01643562316895,8.44264805316925,2.461080849170685,146.69577741622925,2.041455417871475,7525.132119655609,7120.715074539185,1010.8643474578857,47.53087520599365,51.802730560302734,9.021536707878113,35.031070709228516,7.439838647842407,10.069674253463745,3.737102746963501,2.87617564201355,3.4153708815574646,28.776227831840515,10.295504331588745,19.06829595565796,5.080161094665527,3.487023115158081,1,1.0,1.0,1.0,1.0,1,1.0,1.0,24.9536794424057,1.0,1.0,1,55.5864143371582,27.82526969909668,48.69202136993408,22.305854558944702,4.731907844543457,9.899552464485168,139.9261474609375,2.1521809697151184,1,38.07852745056152,8.125549554824829,1087.8230030536652,486.76948606967926,9089.550590515137,25233.763542175293,1673.7447838783264,1.0,869.5949106216431,844.595702290535,1.0,3713.528444290161,1.0,684.966356754303,2634.0971920490265,452.7590541839599,2.0582054555416107,549.0496444702148,1616.5781967639923,16.804938316345215,647.4329605102539,283.5400695800781,1086.6899871826172,3.2284274138510227,1.0,167.38140106201172,7188.986685037613,6372.76352930069,1022.2884178161621,4018.736329078674,429.6220225095749,1546.7309069633484,5049.207626342773,3880.2494368553166,623.4484171867371,167.03067183494568,1091.2010536193848,1120.258617401123,3947.775354385376,1297.0182037353516,4971.340894699097,979.3448162078857,2826.2517833709717,2410.0838828086853,1536.4955711364746,38294.42882537842,3192.3982429504395,1140.407919883728,8613.556385040283,699.6311509609222,1274.6497821807861
TEST_02+2일,148.83505821228027,3787.3179244995117,89.77625274658203,34.81558346748352,1.0,2.5064808130264282,614.2135249376297,28.642507195472717,14.640563726425171,1.0,3.6665353178977966,2.4095244705677032,6.107935309410095,26.001543402671814,599.7925400733948,4.013516902923584,2358.5057258605957,2.268606424331665,3.0152779817581177,3557.07133769989,451.8716096878052,26.942081451416016,1.615242213010788,1,355.0293374061584,1,1,5961.984114646912,260.8420886993408,60.339619517326355,28.3629629611969,61.63993763923645,18.356205224990845,8.771942257881165,1.0,34.30449962615967,2809.779052734375,105.90352535247803,8.98934006690979,2407.131862640381,1036.921536207199,8.864935636520386,87.80441284179688,1,2.6441779732704163,34.49620962142944,1,39.72309350967407,2.293369323015213,39.9063925743103,596.1221718788147,2.6965558528900146,179.26070928573608,1.6684451699256897,23.242599964141846,4.018233418464661,10.434993505477905,6.837698221206665,9.375510215759277,2.921338677406311,323.8422546386719,139.5009298324585,357.58166885375977,416.2401580810547,208.09278738498688,28.71880054473877,1.5930390357971191,9.507548213005066,35.51718235015869,1.2537308037281036,14.553687572479248,44.12090730667114,2.4977943301200867,1.0905399918556213,40.83930015563965,60.5742871761322,1.1195237934589386,15.122374892234802,2.0322272181510925,43.04124140739441,11.631487607955933,8.272156119346619,2.531370520591736,3.0090707540512085,9.480136036872864,17.49682903289795,15.512797236442566,11.77454948425293,22.53919792175293,85.79091763496399,3521.193351745606,8.878391981124878,28.4269118309021,232.6479949951172,1.2974709272384644,1,1,3.06075781583786,1428.0815963745117,152.9861283302307,6.726239919662476,2.516898214817047,146.96535301208496,2.4173643887043,7597.159624099731,7142.235431671143,999.6694965362549,47.476797103881836,52.11346745491028,9.199509620666504,35.8399772644043,7.497938275337219,10.124493837356567,3.27580064535141,2.819291651248932,3.3940964937210083,29.37533676624298,10.55063247680664,18.52745532989502,3.043215274810791,3.2353293895721436,1,1.1375963687896729,1.0,1.0,1.3077236413955688,1,1.072703242301941,1.630757600069046,25.364561676979065,1.3024717569351196,1.0,1,36.56480073928833,28.21646898984909,33.12674045562744,14.155030846595764,1.0471780598163605,9.601256847381592,135.6574535369873,1.9785518944263458,1,37.349231243133545,4.918237030506134,1080.2975987195969,479.1916447877884,9058.898162841797,25156.32314682007,1629.4212594032288,1.0,840.9283533096313,864.5200181007385,1.0,3640.8838601112366,1.0,687.4488162994385,2609.754955768585,450.108235836029,2.1121257543563843,685.6250381469727,1638.136312007904,16.459139585494995,643.4801368713379,282.9623613357544,1096.4236755371094,1.0,1.0,166.88373565673828,6737.5233199596405,6378.725711107254,988.8341808319092,3958.562202453613,423.9036476612091,1496.3990187644958,4910.865074157715,4223.709961891174,626.8056559562683,166.88204526901245,1120.4430136680603,1107.68630027771,3901.608142852783,1291.8983459472656,4971.735782623291,992.6148796081543,2829.8257207870483,2409.2605447769165,1524.8166942596436,38081.50019645691,3174.383668899536,1128.7206411361694,8579.649710655212,706.0999238491058,1274.9694049358368
TEST_02+3일,148.21821212768555,3774.7866439819336,90.48834228515625,34.849003314971924,1.0,2.239702045917511,611.3168721199036,28.08003544807434,14.292891025543213,1.0,2.9635652899742126,1.4632950723171234,5.605785846710205,25.95388948917389,596.8924283981323,4.010354578495026,2352.3964405059814,2.4548017978668213,2.486577033996582,3520.7526445388794,448.30204486846924,26.118966937065125,1.0824020206928253,1,357.5521087646484,1,1,5942.062404155731,261.09270572662354,59.41800284385681,28.179741859436035,61.45120882987976,18.4069561958313,8.707799315452576,1.0,35.09997606277466,2784.661933898926,104.96593713760376,8.29835593700409,2395.6053972244263,1040.0407891273499,8.950273394584656,87.70095825195312,1,2.6341640949249268,34.71446752548218,1,39.7624614238739,2.178811877965927,39.481431007385254,596.559974193573,2.198241353034973,178.27825164794922,1.099739670753479,20.35459578037262,3.814087212085724,10.374042987823486,6.7737895250320435,9.156622290611267,2.960968017578125,321.6109313964844,139.88250732421875,357.71231496334076,411.98147773742676,206.47361826896667,28.991703987121582,1.1950886994600296,7.710615396499634,30.34183979034424,1.293875128030777,14.023472964763641,44.364437103271484,2.4550308287143707,1.731555163860321,39.99332141876221,60.67488193511963,1.1423703283071518,15.379688143730164,4.020216763019562,43.26611399650574,12.360701560974121,8.381487131118774,2.5259974598884583,3.2211321592330933,9.795734882354736,17.282164692878723,15.535615682601929,11.789783239364624,22.370229721069336,86.0124397277832,3524.6175456047063,7.797490954399109,21.14190101623535,229.07472610473633,1.0,1,1,2.2080083191394806,1416.8283576965332,153.18405675888062,6.404625773429871,2.4285537004470825,145.72926664352417,2.436771333217621,7678.9391040802,7086.922369003296,1004.6762561798096,47.87710094451904,51.72535181045532,8.7441486120224,36.55630111694336,7.040467262268066,9.903721809387207,2.9792502522468567,2.9838159680366516,3.318946361541748,28.087610006332397,10.351660251617432,18.701732754707336,2.5449785590171814,3.5609307885169983,1,1.4641730785369873,1.0,1.39668607711792,1.8009587526321411,1,1.3343009948730469,1.9202470779418945,25.543193221092224,1.6422487497329712,1.6594972610473633,1,26.22464656829834,27.772813141345978,21.96671724319458,10.973977446556091,2.5764086842536926,9.766702055931091,136.8801212310791,2.0281510055065155,1,38.025219440460205,2.2349150478839874,1089.8494777679443,498.0854558944702,8999.991989135742,25065.470447540283,1689.3026356697083,1.0,861.5207948684692,756.6874158382416,1.0,3546.0846877098083,1.0,670.3008151054382,2608.4258699417114,450.5482091903686,2.1459197998046875,696.0377883911133,1618.7938580513,17.02747344970703,645.5324335098267,282.6820363998413,1096.8655815124512,1.643974632024765,1.0,165.98819732666016,6892.356030225754,6330.180020093918,982.028751373291,3837.059949636459,403.9742213487625,1523.9532160758972,5064.244609832764,4013.991502285004,620.3834962844849,165.90517401695251,1166.9547395706177,1067.1340370178223,3913.087921142578,1296.7580795288086,4991.301336288452,991.4909505844116,2846.3707733154297,2400.1441597938538,1534.1442489624023,38184.53035354614,3164.655017852783,1112.3541593551636,8549.654567241669,693.4809923171997,1282.9248297214508
TEST_02+4일,148.13575744628906,3783.9794540405273,90.55461120605469,36.08266067504883,1.0423780977725983,2.528044581413269,602.1529875993729,27.82725155353546,14.50299859046936,1.0,2.8559038043022156,1.2194161117076874,5.099270343780518,24.859989881515503,596.0685610771179,3.943280577659607,2356.501579284668,2.632339596748352,3.9725813269615173,3527.396767139435,449.914870262146,26.488029956817627,1.3816183805465698,1,356.5259170532226,1,1,5944.238069057465,259.8224458694458,59.15538561344147,27.8927184343338,62.28542518615723,17.874292731285095,8.78224492073059,1.0,34.68650817871094,2782.641502380371,102.7820086479187,7.64448881149292,2396.338725090027,1048.9000248908997,9.105222225189209,88.8843765258789,1,2.551339268684387,33.60899209976196,1,39.77154088020325,2.24030464887619,39.221197843551636,592.8837080001831,1.6176149249076843,176.9390950202942,1.0,20.580872297286987,3.753412663936615,10.319770574569702,6.91769003868103,9.035436511039734,2.917990982532501,324.0432434082031,138.96996974945068,358.53648376464844,414.05819940567017,205.51668512821198,28.749756813049316,1.9005054235458374,8.19306194782257,30.232810974121094,1.2831345200538635,14.37098354101181,44.71331167221069,2.410779893398285,2.3016738891601562,40.5040762424469,60.60757637023926,1.1100244522094727,15.266051888465881,3.244006037712097,43.18042302131653,11.485416889190674,8.394882082939148,2.5238895416259766,2.6264911890029907,9.610750079154968,18.108485341072083,16.04166269302368,11.941596269607544,21.701393127441406,85.26894164085388,3549.379570484162,7.676146030426025,21.030917167663574,232.04600429534912,1.0,1,1,1.4739108085632324,1418.7273330688477,152.89623641967773,7.556294798851013,2.6121941208839417,143.35966300964355,2.1856997907161713,7731.125235557556,7113.232154846191,1010.2874298095703,47.2025933265686,52.15912461280823,8.875787258148193,36.8252968788147,7.437564730644226,9.673382043838501,2.710772156715393,2.808569073677063,3.310743272304535,28.539912700653076,10.656020641326904,18.69606614112854,3.4703266620635986,3.2552221417427063,1,1.4059289693832397,1.0,1.3649541139602661,1.776413917541504,1,1.2320771217346191,1.9011515378952026,25.30311405658722,1.8546655178070068,1.773952603340149,1,24.132933616638184,27.42181420326233,23.977577686309814,11.044215559959412,3.4677591919898987,9.805888533592224,138.45927238464355,1.926930993795395,1,38.92796277999878,2.859836220741272,1076.4329665899277,469.60219860076904,9038.580322265625,25324.909496307373,1589.6908988952637,1.0,865.8848791122437,846.5469199419022,1.0,3739.2746288776398,1.0,680.9625124931335,2573.649624824524,452.38201284408564,2.0264968276023865,558.8531684875488,1580.5448288917542,16.763705015182495,634.5125503540039,276.9621305465698,1060.3710231781006,4.502248791977763,1.0,166.26056671142578,6708.808224439621,6080.635762929916,997.7399921417236,4074.648864269256,413.3897852897644,1437.4381256103516,4849.168224334717,4009.7330698966985,626.0682702064514,164.3227779865265,1111.9184584617615,1068.641414642334,3932.0401763916016,1296.4335250854492,4970.075550079346,986.105899810791,2837.9233169555664,2405.887073278427,1543.0467319488525,38300.084924697876,3163.192949295044,1140.2702331542969,8628.130328655243,715.1848125457764,1280.0903534889221
TEST_02+5일,148.07347297668457,3776.681785583496,89.93438720703125,34.310346603393555,1.2638282775878906,2.619682252407074,606.8686447143555,28.18452000617981,14.33455228805542,1.0,3.5972222685813904,1.668461412191391,6.486688852310181,24.739474654197693,594.9164271354675,3.917917311191559,2344.858503341675,3.1647804379463196,6.743229031562805,3552.34482049942,450.9448456764221,26.49355709552765,1.1684269458055496,1,361.72639489173883,1,1,5946.259424686432,258.7358293533325,59.75605058670044,27.775488138198853,61.15903902053833,18.25619637966156,8.73802363872528,1.0,34.7843074798584,2804.188735961914,102.98881411552429,9.07968521118164,2399.778890609741,1037.9511013031006,8.830465078353882,88.52164459228516,1,2.7236074209213257,33.92045736312866,1,40.419583797454834,2.233796566724777,39.15589761734009,590.2207684516907,2.172081470489502,176.35516548156738,1.3070473074913025,18.715789318084717,4.086051881313324,10.375440120697021,6.623290777206421,9.287161231040955,2.9506123065948486,324.29498291015625,138.66940212249756,358.0007071495056,414.2920913696289,208.64192712306976,28.537745475769043,2.7330049872398376,9.413486123085022,35.369205474853516,1.3221554458141327,14.62184876203537,44.30256462097168,2.404704988002777,1.6405051946640015,40.679187536239624,59.1705858707428,1.2635400891304016,15.004536509513855,3.21277916431427,43.26507019996643,11.917226314544678,8.122912645339966,2.676727771759033,2.2990141808986664,9.90438163280487,18.01818609237671,15.992796421051025,11.946526765823364,21.612884521484375,83.92231631278992,3549.007859230042,8.68956208229065,29.49939250946045,230.69355297088623,1.4248095452785492,1,1,1.4669263362884521,1426.2444305419922,152.85751390457153,9.540047645568848,2.503151297569275,143.56117630004883,2.244204342365265,7743.7005043029785,7151.096324920654,1014.7495193481445,47.538103103637695,51.119643449783325,9.07774567604065,35.512073040008545,7.926820516586304,10.030726194381714,3.24820339679718,2.977360486984253,3.4604185819625854,28.86269509792328,10.593539476394653,18.753265142440796,3.3708655834198,3.273361325263977,1,1.7122766971588135,1.2369322478771212,1.7237591743469238,2.26129150390625,1,1.7940219640731812,2.2943198680877686,25.809372067451477,1.9526314735412598,1.8912076950073242,1,33.801374435424805,27.88921684026718,32.82576560974121,13.101597726345062,3.4306615591049194,9.59700345993042,138.7900161743164,1.9925424456596375,1,38.728575706481934,6.050177812576294,1059.4102436304092,474.88304793834686,8969.672012329102,25152.84397125244,1619.6799578666687,1.0,860.1401739120483,755.5609202384949,1.0,3545.8842709064484,1.0,701.9627404212952,2595.6447229385376,447.53632116317743,2.0925018191337585,660.7752799987793,1557.9809167385101,17.220900058746338,635.4559335708618,276.614577293396,1083.0144233703613,3.2744799368083477,1.0,166.67259216308594,6717.932560443878,6155.025152206421,1012.4992084503174,3969.3290686607356,408.896604180336,1539.464156627655,4917.663829803467,4021.8243608474736,615.851776599884,162.42753982543945,1111.460168838501,1080.122184753418,3943.127098083496,1292.0601654052734,4957.6103591918945,986.5697383880615,2836.239824295044,2402.2065031528473,1552.2809219360352,38208.75291824341,3165.452070236206,1098.3518362045288,8626.55838727951,691.9961643218994,1275.897341966629
TEST_02+6일,148.25902938842773,3748.821144104004,89.45423889160156,35.90473794937134,2.5797513127326965,2.959192991256714,600.3898156881332,28.00748884677887,14.716989994049072,1.5563862025737762,4.6655842661857605,2.5185534358024597,8.13729465007782,24.968048930168152,599.108362197876,3.9959707856178284,2338.59601020813,4.1436463594436646,9.032835364341736,3537.5443029403687,447.061927318573,26.570699214935303,2.257199287414551,1,357.47072339057917,1,1,5932.607367038727,261.5598478317261,59.39542329311371,28.20392072200775,61.89292359352112,18.234545588493347,8.744562268257141,1.0,36.02302551269531,2798.1255111694336,103.52369785308838,11.086887121200562,2404.654836654663,1039.0763654708862,8.93710970878601,88.84730529785156,1,2.650490701198578,34.40744638442993,1,39.58402729034424,2.1953733265399933,40.01188945770264,593.5954475402832,2.720363736152649,176.59503030776978,1.8816077709197998,24.295887351036072,4.24973726272583,10.381563901901245,6.6516441106796265,9.48413074016571,2.951582670211792,324.65283203125,139.8312578201294,358.1056534051895,415.66336727142334,208.7536336183548,28.591468334197998,3.4439465403556824,10.461790561676025,41.983580589294434,1.241033747792244,14.789767563343048,43.75914263725281,2.379445731639862,1.649334877729416,40.27000880241394,59.968847036361694,1.589057445526123,15.285667777061462,2.8161317110061646,43.52596163749695,11.836076974868774,7.81421422958374,2.6461374759674072,3.08533638715744,9.702648520469666,17.405730485916138,16.021093726158142,11.83043122291565,21.932437896728516,84.50049042701721,3538.220937252045,8.928653001785278,44.14878845214844,228.98339366912842,3.031720817089081,1,1,2.2555433213710785,1397.9208068847656,153.54324388504028,11.118718385696411,2.504120171070099,144.53589820861816,2.2195788621902466,7714.42312002182,7137.1325969696045,1015.3437232971191,47.468247413635254,51.615262031555176,9.227628707885742,35.584421157836914,7.030779123306274,9.951093196868896,3.687509596347809,2.8389832377433777,3.396427631378174,28.931556344032288,10.120640993118286,19.082102179527283,3.5744181275367737,3.464423716068268,1,1.734281063079834,1.166186720132828,1.549521565437317,1.8668954372406006,1,1.6561814546585083,2.1628351509571075,25.107259154319763,1.7035683393478394,1.8083819150924683,1,47.87961959838867,27.891246676445007,51.17523193359375,20.973351001739502,9.480777382850647,9.75487768650055,137.94376373291016,2.036430835723877,1,39.00797128677368,10.209575891494751,1058.9324207305908,487.4628406763077,8963.827514648438,25207.753009796143,1654.3948993682861,1.0,866.389552116394,865.5982321500778,1.0,3634.072291612625,1.051100492477417,660.0094866752625,2617.0018990039825,449.6220364570617,2.07230344414711,677.0165061950684,1614.2798054218292,17.165653705596924,632.586877822876,275.717490196228,1086.28999710083,1.995984585955739,1.4410480856895447,167.4930763244629,6899.753599405289,6027.408619642258,996.2388896942139,3891.9849693775172,412.64723539352417,1512.0878338813782,5017.463779449463,3947.8166837692265,597.5301551818848,162.4590504169464,1072.2329363822937,1101.2945652008057,3936.024923324585,1295.8971405029297,4946.015176773071,1008.2754707336426,2827.7270889282227,2403.433052301407,1550.1027965545654,38116.97244644165,3167.9373264312744,1100.3715991973877,8620.41277885437,700.6328594684601,1263.5377085208893
TEST_02+7일,148.60002517700195,3756.3302993774414,89.70909118652344,35.882975578308105,4.759381711483002,3.0191224813461304,603.5623379945755,28.26658308506012,14.565168619155884,2.2950729727745056,4.874238967895508,3.276747465133667,8.46322476863861,25.303067564964294,597.9012608528137,4.050304293632507,2330.154275894165,4.742072522640228,8.282638788223267,3502.224910259247,448.80378246307373,27.521401047706604,3.4275466203689575,1,356.89702033996576,1,1,5933.028123378754,261.8704605102539,60.40514302253723,29.00587224960327,61.576749086380005,18.05031716823578,8.642371892929077,1.0,35.300536155700684,2807.656318664551,102.56774306297302,12.68190860748291,2396.6331243515015,1054.6490924358368,8.65369975566864,87.93687438964844,1,2.5907447934150696,33.257808685302734,1,40.13880252838135,2.2211413085460663,40.26642894744873,589.5957455635071,3.488960564136505,176.25443124771118,2.2832030057907104,29.669995307922363,4.387023448944092,10.289992094039917,6.804218888282776,9.722909331321716,2.8683650493621826,323.6794128417969,139.44241046905518,352.32097721099854,413.17742252349854,206.70683133602142,28.494572639465332,3.4785521030426025,11.96916937828064,43.637471199035645,1.3423073291778564,14.977457821369171,43.33445906639099,2.4571408331394196,1.7821300029754639,40.40808629989624,59.99276638031006,1.7991654574871063,15.59801995754242,3.7303587794303894,44.29399919509888,11.846942901611328,8.167492747306824,2.668791711330414,4.082891345024109,9.736602306365967,17.8326416015625,15.827255845069885,12.136142253875732,22.023405075073242,86.10453605651855,3555.0675916671757,9.883949160575867,55.2199125289917,228.38096523284912,3.582688570022583,1,1,3.132913112640381,1414.9101219177246,154.25573015213013,10.813425779342651,2.603144943714142,143.27736139297485,2.533790409564972,7688.8627409935,7127.471590042114,1018.06960105896,46.93859148025513,51.1683464050293,9.370822310447693,34.386136531829834,8.243885040283203,10.09853482246399,3.916321098804474,2.797393798828125,3.3741748332977295,28.737782835960388,10.343830585479736,19.390114545822144,4.744678735733032,3.9155012369155884,1,1.0,1.0,1.0,1.0,1,1.0,1.0,25.063222646713257,1.0940214395523071,1.0,1,60.847716331481934,27.382016479969025,58.828697204589844,26.628488302230835,11.127387285232544,9.803432822227478,137.75057792663574,2.103338837623596,1,38.508617877960205,11.523913145065308,1058.802146434784,487.8186231851578,8997.075462341309,25107.652225494385,1626.4797616004944,1.0,859.2494945526123,818.58757853508,1.0,3660.588331222534,1.0,683.8937997817993,2567.482588291168,445.7304587364196,2.0600950717926025,453.45022201538086,1569.9161059856415,18.501631021499634,625.9828815460205,273.1435384750366,1051.1412200927734,5.672926213592291,1.9822262227535248,165.0270652770996,6680.018052101135,5993.51086139679,1000.4544734954834,4006.6479742527004,407.62320041656494,1478.5877180099487,4993.598148345947,4021.5863051414494,605.1943826675415,163.35421085357666,1122.5333762168884,1090.8893871307373,3927.746639251709,1296.2227249145508,4947.888317108154,991.9397926330566,2818.259162902832,2407.36274600029,1526.3704299926758,38099.305629730225,3162.0518589019775,1118.3974742889404,8619.496023654938,685.9970569610596,1253.420090675354
TEST_03+1일,149.10533905029297,3788.3176803588867,89.4310531616211,36.02534890174866,3.040134310722351,3.5256674885749817,607.1950137615204,27.37076997756958,15.118831396102905,1.3714437186717987,3.520050346851349,2.261369824409485,7.220912575721741,28.18383514881134,597.0884442329407,4.048623740673065,2341.659164428711,2.1254174411296844,8.402498960494995,3560.1108026504517,454.09865140914917,16.552003026008606,1.549447476863861,1,359.39996480941767,1,1,5963.901479244232,259.45062732696533,60.93425738811493,28.37389826774597,60.84881258010864,18.17868411540985,8.456854224205017,1.0,34.60376262664795,2813.9788970947266,106.57264113426208,11.036088466644287,2400.225830078125,1043.4227757453918,8.884246349334717,87.17456817626953,1,2.6657691597938538,34.668540954589844,1,40.11852192878723,2.244616448879242,40.17332649230957,597.128228187561,3.8716599345207214,178.96292638778687,2.6099470257759094,30.632117986679077,3.3434292674064636,10.205985307693481,6.3411688804626465,9.3755042552948,2.589360475540161,325.4457092285156,138.767915725708,355.8329586982727,416.8695034980774,207.75206100940704,29.857239723205566,2.0835067331790924,11.743133068084717,41.19455337524414,2.1506471931934357,27.25969970226288,44.41850471496582,2.3323826491832733,2.434498965740204,40.466850996017456,61.51755452156067,2.7771535515785217,18.289189338684082,3.58818918466568,43.3328173160553,3.19844514131546,8.70831310749054,2.7822187542915344,3.1005248427391052,10.524165630340576,17.248613834381104,15.53091287612915,12.213572263717651,22.167343139648438,84.77740168571472,3509.24168586731,9.889478087425232,47.71629810333252,230.1845941543579,2.715897560119629,1,1,3.71855229139328,1414.2431831359863,154.0155143737793,9.841623902320862,2.4957874417304993,146.7251672744751,2.322232037782669,7525.132119655609,7120.715074539185,1034.5215091705322,47.526259422302246,51.80100202560425,8.828826546669006,28.31495761871338,7.459444999694824,9.982287287712097,3.67584228515625,2.9837986826896667,3.3763843774795532,17.576816082000732,10.312776565551758,19.07962739467621,4.983934760093689,7.258962392807007,1,1.0,1.0,1.0,1.0,1,1.0,1.0,25.072765946388245,1.0238895416259766,1.0,1,38.471882343292236,27.828232049942017,45.09690761566162,12.526690363883972,5.397101640701294,9.895512461662292,139.92853164672852,2.1947112679481506,1,38.08043956756592,7.680761814117432,1087.8228740692139,486.7697238922119,9089.550590515137,25233.763542175293,1673.7451281547546,1.0,869.5952911376953,844.5959794521332,1.0,3713.529022693634,1.0,684.966402053833,2634.09738779068,452.7598252296447,2.0379775762557983,549.0570259094238,1616.5786981582642,9.035513997077942,647.4333639144897,283.54054260253906,1086.6907539367676,3.45540982671082,1.0,170.4228401184082,7188.98811507225,6372.76472568512,1022.2886848449707,4018.736999034881,429.62229430675507,1546.7312550544739,5049.208778381348,3880.250514030457,623.4487342834473,167.0328176021576,1091.2013263702393,1120.2592849731445,3947.776584625244,1297.0247268676758,4971.341791152954,1202.146782875061,2826.2533712387085,2410.092648267746,1602.5127124786377,38294.42882537842,3192.399730682373,1995.603322982788,8613.557648658752,631.0707879066467,1284.6615242958069
TEST_03+2일,148.83408546447754,3787.3179244995117,89.77577209472656,34.81058478355408,1.0,3.0136239528656006,614.215008854866,27.93232262134552,14.680161476135254,1.0,2.351078689098358,2.094530761241913,5.681184530258179,28.317130208015442,599.7922897338867,4.049651026725769,2358.5060119628906,2.092656195163727,4.752158522605896,3557.07133769989,451.8721675872803,16.168566942214966,1.0,1,355.02951264381403,1,1,5961.984114646912,260.84347915649414,60.34133183956146,28.384422183036804,61.639673709869385,18.349971771240234,8.740123510360718,1.0,34.31030750274658,2809.779228210449,105.90404272079468,8.317381143569946,2407.131862640381,1036.9217426776886,8.832391500473022,87.80453491210938,1,2.67711341381073,34.45788860321045,1,39.72342395782471,2.299237996339798,39.88998031616211,596.1219081878662,3.20924311876297,179.26114797592163,1.9309617578983307,27.797430753707886,3.0034491419792175,10.455753803253174,6.550212502479553,9.383647441864014,2.699945569038391,323.841796875,139.49934768676758,357.5827889442444,416.2388801574707,208.09341037273407,28.721129894256592,1.44703209400177,9.664753079414368,35.54729223251343,2.0930738747119904,27.68726348876953,44.12082862854004,2.4957674741744995,1.4098918437957764,40.841686725616455,60.57278513908386,2.2224152088165283,18.287041783332825,1.9575586915016174,43.0419442653656,3.239150047302246,8.647054433822632,2.5422316789627075,2.622670829296112,10.164775848388672,17.497878670692444,15.514084696769714,11.842904090881348,22.54546546936035,85.79210686683655,3521.193716526032,8.763164281845093,31.508667469024658,232.65049266815186,1.4144538342952728,1,1,3.1574127078056335,1428.081974029541,152.98527717590332,7.726911306381226,2.5464731454849243,146.99952936172485,2.6075007915496826,7597.159624099731,7142.235431671143,1036.8746700286865,47.478328704833984,52.10621356964111,8.997793197631836,28.76722812652588,7.514374256134033,10.022952556610107,3.2118263840675354,2.9270049929618835,3.3564263582229614,17.585275769233704,10.568948984146118,18.53155016899109,3.004833161830902,7.2782963514328,1,1.2963978052139282,1.2086219787597658,1.0,1.0,1,1.0340007543563843,2.0713090896606445,25.353711247444153,1.2924636602401733,1.4706577062606812,1,22.581346035003662,28.22027415037155,28.88596534729004,5.069801956415176,1.0,9.59964632987976,135.65884590148926,2.040574699640274,1,37.349817752838135,4.614676535129547,1080.2973407506943,479.1918486356735,9058.897590637207,25156.32314682007,1629.421603679657,1.0,840.9288425445557,864.5202398300171,1.0,3640.884149312973,1.0,687.4488615989685,2609.755738735199,450.10897016525263,2.094665914773941,685.631217956543,1638.136813402176,7.716161012649536,643.4805850982666,282.96283435821533,1096.4245700836182,1.0,1.0,169.52430725097656,6737.524034976959,6378.726907491684,988.8343811035156,3958.5625374317165,423.9039874076843,1496.3997149467468,4910.865650177002,4223.710680007935,626.8059730529785,166.88422322273254,1120.4432864189148,1107.6869010925293,3901.6089630126953,1291.9049835205078,4971.736679077148,1219.9671173095703,2829.827661514282,2409.269617795944,1592.3607158660889,38081.50291442871,3174.3851566314697,1985.079288482666,8579.650342464447,644.6030259132385,1285.2662909030914
TEST_03+3일,148.217191696167,3774.7866439819336,90.48780822753906,34.84508776664734,1.0,2.7270179986953735,611.3183560371399,27.49298930168152,14.340556859970093,1.0,2.0066308975219727,1.723712831735611,4.996747374534607,28.882972598075867,596.8921780586243,4.048126637935638,2352.397298812866,1.8871498107910156,2.940607964992523,3520.7529997825623,448.30260276794434,15.797159671783447,1.0,1,357.552284002304,1,1,5942.062883377075,261.0941219329834,59.41989183425903,28.198155164718628,61.45095133781433,18.40484619140625,8.688923716545105,1.0,35.10432004928589,2784.662284851074,104.96631264686584,8.012977242469788,2395.6055641174316,1040.0409955978394,8.926153779029846,87.7011947631836,1,2.6505032181739807,35.154361724853516,1,39.76205229759216,2.1772877871990204,39.42466735839844,596.559672832489,2.7146339416503906,178.2786684036255,1.2715297937393188,26.262080669403076,2.626812756061554,10.40471076965332,6.512930393218994,9.17119026184082,2.743369936943054,321.6104736328125,139.88102531433105,357.71355950832367,411.9802317619324,206.47424125671387,28.992486000061035,1.0,7.8649985790252686,30.423498153686523,2.16748908162117,27.495317459106445,44.36473083496094,2.472531497478485,2.3828282952308655,39.99520707130432,60.674458742141724,1.7993098497390747,18.17260444164276,3.9930379390716553,43.26618480682373,2.940920889377594,8.743559122085571,2.5311559438705444,2.996285855770111,10.385137796401978,17.286803126335144,15.536123514175415,11.898671388626099,22.375520706176758,86.01357364654541,3524.6182751655583,7.741906642913818,22.16834306716919,229.07719802856445,1.0,1,1,2.270164042711258,1416.8286094665527,153.18311548233032,6.824817657470703,2.470419257879257,145.75283861160278,2.6056841611862183,7678.9391040802,7086.922369003296,1037.419137954712,47.87972354888916,51.72019004821777,8.583901524543762,30.09617328643799,7.067277431488037,9.793472290039062,2.9289087653160095,3.0866622924804688,3.2828184962272644,17.342117428779602,10.374839305877686,18.70072603225708,2.548343539237976,7.505545616149902,1,1.5579999685287476,1.3356227576732638,1.4563502073287964,1.4620373249053955,1,1.174983263015747,2.37042099237442,25.51598846912384,1.6646360158920288,1.8983664512634277,1,12.313473224639893,27.776251137256622,18.321609497070312,1.474352851510048,1.0,9.76464331150055,136.88177108764648,2.078583389520645,1,38.024258613586426,2.2324804961681366,1089.8494777679443,498.08569371700287,8999.991989135742,25065.470447540283,1689.3029799461365,1.0,861.5213384628296,756.6876375675201,1.0,3546.084976911545,1.0,670.3009963035583,2608.4264571666718,450.5490169525146,2.127969264984131,696.0442543029785,1618.794359445572,8.015998601913452,645.5329713821411,282.68250942230225,1096.8666038513184,1.8710111360996962,1.0,169.4139289855957,6892.3567452430725,6330.181216478348,982.0288848876953,3837.0602846145625,403.9744931459427,1523.9535641670227,5064.245185852051,4013.9922204017644,620.3838133811951,165.9071695804596,1166.9551486968994,1067.1345043182373,3913.0887413024902,1296.7647171020508,4991.302680969238,1212.8700304031372,2846.3723611831665,2400.153079032898,1600.2106952667236,38184.53035354614,3164.65576171875,1988.5013103485107,8549.654567241669,624.6665668487549,1292.9221594333649
TEST_03+4일,148.13467025756836,3783.9794540405273,90.55413818359375,36.07801079750061,1.0,2.9987740516662598,602.1544715166092,27.149852514266968,14.542409181594849,1.0,2.251647114753723,1.6462314128875732,4.785438776016235,27.905774116516113,596.0683107376099,3.976145088672638,2356.5017223358154,1.719239056110382,4.185431599617004,3527.3974776268005,449.9154281616211,16.109522581100464,1.0,1,356.52606725692743,1,1,5944.238069057465,259.8237590789795,59.15659511089325,27.914254665374756,62.285154819488525,17.87117600440979,8.747929334640503,1.0,34.6915078163147,2782.6416778564453,102.782142162323,7.826913595199585,2396.3390588760376,1048.9002313613892,9.084017276763916,88.88458251953125,1,2.5696825981140137,33.80487680435181,1,39.771952629089355,2.241296172142029,39.16514229774475,592.8834443092346,1.9812589883804321,176.93953371047974,1.055063083767891,26.694735288619995,2.717965543270111,10.355885028839111,6.624667048454285,9.053722620010376,2.7016273140907288,324.0428161621094,138.96832752227783,358.53763496875763,414.0569214820862,205.51735603809357,28.752074241638184,1.4414668083190918,8.32911491394043,30.373287200927734,2.181011140346527,26.913217306137085,44.71340608596802,2.4385499954223633,2.6265570521354675,40.50614023208618,60.60641407966614,1.7680484056472778,18.1187242269516,3.0971693992614746,43.18093705177307,3.587665855884552,8.782055377960205,2.5355058908462524,2.66834557056427,10.330228805541992,18.11101734638214,16.043944358825684,12.060539722442627,21.70807647705078,85.27014470100403,3549.380300045014,7.633733153343201,20.60119390487671,232.04852771759033,1.0,1,1,1.500634104013443,1418.7275848388672,152.89525508880615,7.326160669326782,2.6473182439804077,143.38614892959595,2.2988002598285675,7731.125235557556,7113.232717514038,1047.301139831543,47.20512676239014,52.15449929237366,8.684591054916382,29.315853118896484,7.464988827705383,9.579983949661255,2.6657289266586304,2.900921404361725,3.2796958088874817,17.490747570991516,10.678393840789795,18.70856523513794,3.5803285241127014,7.011334300041199,1,1.4821186065673828,1.5679301023483279,1.4192851781845093,1.5759427547454834,1,1.1630589962005615,2.2678282856941223,25.373786687850952,1.8654110431671143,1.9320878982543945,1,11.676864624023438,27.42347478866577,21.673262119293213,3.290823921561241,1.5436412394046783,9.804970026016235,138.46075057983398,1.9786639511585236,1,38.92582416534424,3.113187551498413,1076.4327731132507,469.6024364233017,9038.579750061035,25324.909496307373,1589.691243171692,1.0,865.885368347168,846.5471416711807,1.0,3739.2743396759033,1.0,680.9626030921936,2573.650016307831,452.38274717330927,2.0097723603248596,558.860034942627,1580.545163154602,8.769015073776245,634.5129089355469,276.96260356903076,1060.3718538284302,4.722506683319807,1.0,169.58160400390625,6708.80893945694,6080.636361122131,997.7401924133301,4074.64919924736,413.3900570869446,1437.4386477470398,4849.168224334717,4009.734506130219,626.0685873031616,164.3245804309845,1111.9185948371887,1068.6419486999512,3932.0401763916016,1296.4403915405273,4970.076446533203,1215.7927322387695,2837.9252576828003,2405.895838737488,1604.8848056793213,38300.084924697876,3163.194065093994,1991.663932800293,8628.130328655243,647.1452808380127,1289.884135723114
TEST_03+5일,148.07249069213867,3776.681785583496,89.93392944335938,34.30241847038269,1.0221482813358307,3.152252733707428,606.8701286315918,27.599573135375977,14.357311725616455,1.0,3.2020413875579834,1.7250718176364899,6.4078450202941895,27.764182090759277,594.9162125587463,3.962453007698059,2344.8587894439697,1.7696449160575867,6.42980694770813,3552.345530986786,450.9454035758972,15.638349652290344,1.0,1,361.7265951633453,1,1,5946.26038312912,258.73711681365967,59.75872778892517,27.78061532974243,61.15862703323364,18.251561522483826,8.711038827896118,1.0,34.7864294052124,2804.1889114379883,102.9892647266388,8.929551243782043,2399.778890609741,1037.9514110088348,8.801977038383484,88.52190399169922,1,2.7431240677833557,34.3308687210083,1,40.419591665267944,2.237755209207535,39.09130549430847,590.2205047607422,2.613559365272522,176.35552740097046,1.431666910648346,23.16371262073517,2.9108449816703796,10.419211387634277,6.33495569229126,9.312725067138672,2.721683382987976,324.2945556640625,138.66788005828857,358.0018894672394,414.2908773422241,208.64255011081696,28.539597988128662,2.094339430332184,9.522513747215271,35.492990016937256,2.177727222442627,26.788846850395203,44.30272722244263,2.439405620098114,2.216136157512665,40.682822465896606,59.16966795921326,2.1350401639938354,17.73497700691223,3.0837616324424744,43.26423096656799,3.507666289806366,8.534292578697205,2.709944248199463,2.325959652662277,10.503703355789185,18.023325204849243,15.994956493377686,12.076975107192993,21.616796493530273,83.92354011535645,3549.008588790894,8.564561605453491,28.08647871017456,230.69610214233398,1.37884721159935,1,1,1.4964665472507477,1426.2448081970215,152.85649251937866,9.041771292686462,2.5242313742637634,143.58839321136475,2.3732533156871796,7743.7005043029785,7151.096887588501,1046.407205581665,47.529616355895996,51.11600160598755,8.873120546340942,28.74729871749878,7.9624128341674805,9.924307465553284,3.2015258073806763,3.0966168642044067,3.4365496039390564,18.112857341766357,10.60859203338623,18.757957220077515,3.5248780250549316,7.4986279010772705,1,1.922255277633667,2.748724400997162,1.7723443508148193,1.9702885150909424,1,1.5656603574752808,2.5096234679222107,25.837692618370056,1.977379322052002,2.03360915184021,1,24.478836059570312,27.893311977386475,31.35157585144043,7.51918226480484,4.323357939720154,9.59445059299469,138.79097938537598,2.0540517568588257,1,38.7317419052124,6.391782760620117,1059.410114645958,474.8832178115845,8969.672012329102,25152.84397125244,1619.680302143097,1.0,860.1406087875366,755.5610311031342,1.0,3545.884560108185,1.0,701.9627857208252,2595.644918680191,447.53705549240107,2.0766407251358032,660.7843208312988,1557.981418132782,9.650501012802124,635.4564266204834,276.6150207519531,1083.0153179168701,3.486636132001877,1.0,170.25142669677734,6717.933990478516,6155.025152206421,1012.499475479126,3969.3294036388393,408.8969439268112,1539.4646787643433,4917.664405822754,4021.825797080994,615.8520936965942,162.42952466011047,1111.4604415893555,1080.122652053833,3943.127508163452,1292.0666885375977,4957.611255645752,1215.2256202697754,2836.2415885925293,2402.215268611908,1611.5600681304932,38208.75291824341,3165.452814102173,1979.238748550415,8626.55838727951,622.6787781715393,1286.7405688762665
TEST_03+6일,148.25807571411133,3748.821144104004,89.4537353515625,35.907795906066895,2.3067130148410797,3.478805422782898,600.3912996053696,27.43234097957611,14.776803255081177,1.100347489118576,4.000255465507507,2.012706995010376,8.133113980293274,27.512903809547424,599.1081476211548,4.029772877693176,2338.5965824127197,2.092103660106659,10.02139925956726,3537.5446581840515,447.0624852180481,15.691144466400146,1.0,1,357.4708986282348,1,1,5932.608325481415,261.56126403808594,59.39745497703552,28.218896985054016,61.892640352249146,18.231171369552612,8.710848093032837,1.0,36.02877855300903,2798.1255111694336,103.52426528930664,11.595536470413208,2404.654836654663,1039.0766751766205,8.907743692398071,88.84759521484375,1,2.6767244935035706,34.77702856063843,1,39.584161043167114,2.201118618249893,39.94190263748169,593.5951838493347,3.082370162010193,176.59542512893677,1.9976454973220825,27.558987736701965,3.2853206992149353,10.392707586288452,6.369321942329407,9.499775767326355,2.720031440258026,324.65240478515625,139.82975578308105,358.10699129104614,415.66208934783936,208.754256606102,28.59297513961792,2.7098634839057922,10.503878593444824,42.03990936279297,2.086604982614517,27.07003355026245,43.759307861328125,2.3931023478507996,2.7875518798828125,40.27316379547119,59.966546297073364,2.7537569403648376,17.995001077651978,2.8162285685539246,43.52552890777588,4.218238592147827,8.171776533126831,2.6748764514923096,3.116678297519684,10.244468450546265,17.412495017051697,16.021934151649475,12.016921043395996,21.939701080322266,84.50174188613892,3538.221302032471,8.774806261062622,41.8732213973999,228.98583984375,2.498985081911087,1,1,2.3360244929790497,1397.9213104248047,153.54229259490967,11.213958263397217,2.5395548343658447,144.5678915977478,2.3573811650276184,7714.42312002182,7137.1325969696045,1045.2021179199219,47.462231159210205,51.60766839981079,9.005666971206665,28.520500659942627,7.053459286689758,9.838956594467163,3.6334335803985596,2.943914830684662,3.3634287118911743,17.644076943397522,10.138813257217407,19.092174768447876,3.6689984798431396,7.55182147026062,1,1.6853365898132324,2.1915120482444763,1.5925136804580688,1.8324193954467773,1,1.1496808528900146,2.2009243071079254,25.242063403129578,1.7492831945419312,1.5171477794647217,1,41.12185478210449,27.893524765968323,50.03115653991699,16.696200370788574,13.044452667236328,9.752813577651978,137.94626235961914,2.089931070804596,1,39.00853395462036,10.368268489837646,1058.9322917461395,487.4630445241928,8963.827514648438,25207.753009796143,1654.3952436447144,1.0,866.3900957107544,865.5985647439957,1.0,3634.072870016098,1.330466866493225,660.0095772743225,2617.002486228943,449.62277078628534,2.0597968995571136,677.0236587524414,1614.2801396846771,8.401199579238892,632.5873260498047,275.71796321868896,1086.2910194396973,2.2138119069859385,1.6222074627876282,170.3864288330078,6899.753599405289,6027.409217834473,996.2390899658203,3891.985304355621,412.64750719070435,1512.0881819725037,5017.46435546875,3947.817760944367,597.530472278595,162.46092796325684,1072.2333455085754,1101.2950325012207,3936.025743484497,1295.903549194336,4946.016073226929,1210.790295600891,2827.728853225708,2403.441971540451,1611.6108417510986,38116.97244644165,3167.9384422302246,1965.1364088058472,8620.41404247284,634.7352933883667,1273.2085418701172
TEST_03+7일,148.5990333557129,3756.3302993774414,89.70865631103516,35.88594961166382,4.644225835800171,3.566112220287323,603.5638219118118,27.55661129951477,14.621461629867554,1.845051348209381,4.13024514913559,2.1095719933509827,8.386697769165039,28.273104429244995,597.9010820388794,4.074397683143616,2330.1549911499023,2.3176060616970062,11.296095848083496,3502.2256207466125,448.8043403625488,16.338431239128113,1.4201779663562775,1,356.8971705436706,1,1,5933.028123378754,261.87179946899414,60.407392144203186,29.03337872028351,61.57634997367859,18.04889738559723,8.61945390701294,1.0,35.304694175720215,2807.656494140625,102.56830215454102,12.53726601600647,2396.6331243515015,1054.649402141571,8.627135157585144,87.93708801269531,1,2.626989781856537,33.48043441772461,1,40.13880515098572,2.226032167673111,40.24586248397827,589.5954818725586,3.9470818638801575,176.2548589706421,2.4536365270614624,30.172029733657837,3.4113752841949463,10.33339262008667,6.529475450515747,9.747077822685242,2.6421737670898438,323.6789855957031,139.44092845916748,352.3221906423569,413.17611265182495,206.70747828483582,28.49691152572632,2.82756507396698,12.023168802261353,43.63059997558594,2.1778954565525055,27.170879244804382,43.334553480148315,2.4740101397037506,2.6813164353370667,40.40957069396973,59.99058485031128,3.0379563570022583,18.382272720336914,3.65384042263031,44.295053482055664,3.9663347601890564,8.502298593521118,2.680197060108185,4.042859673500061,10.452969074249268,17.838653326034546,15.827870965003967,12.267146110534668,22.02887535095215,86.105628490448,3555.0675916671757,9.6546071767807,56.69548988342285,228.38348865509033,2.8681552410125732,1,1,3.250117301940918,1414.910499572754,154.25473880767822,11.650291681289673,2.6510849595069885,143.30681133270264,2.4619398415088654,7688.862204551697,7127.471590042114,1044.8171691894531,46.930031299591064,51.164209842681885,9.176865816116333,28.038952350616455,8.276270627975464,9.982714056968689,3.856704533100128,2.921682596206665,3.355354368686676,18.46100628376007,10.367437601089478,19.40590739250183,4.696764349937439,8.215911388397217,1,1.0,1.0,1.0,1.0,1,1.0,1.1285628378391266,25.2328884601593,1.141456127166748,1.0,1,51.064767837524414,27.38509565591812,56.77109718322754,20.294065475463867,13.009222745895386,9.801026582717896,137.75245666503906,2.1596701443195343,1,38.51011276245117,11.274268627166748,1058.801952958107,487.8187930583954,8997.075462341309,25107.652225494385,1626.4801058769226,1.0,859.2498207092285,818.5878002643585,1.0,3660.588909626007,1.0,683.8938450813293,2567.482979774475,445.73122978210444,2.047742009162903,453.45608711242676,1569.9162731170654,9.435347318649292,625.9833297729492,273.14395236968994,1051.1421146392822,5.911000706255436,2.205050438642502,168.23993682861328,6680.018767118454,5993.51086139679,1000.454740524292,4006.648309230804,407.62350618839264,1478.5884141921997,4993.598724365234,4021.58738231659,605.1946997642517,163.35638880729675,1122.5337171554565,1090.8899211883545,3927.747459411621,1296.229362487793,4947.889213562012,1195.444631576538,2818.2609272003174,2407.371665239334,1587.8423881530762,38099.305629730225,3162.0529747009277,1950.384020805359,8619.496023654938,611.3517665863037,1263.9067769050598
TEST_04+1일,149.1055393218994,3788.3176803588867,89.42974853515625,36.02399826049805,2.5089439749717712,3.5230785608291626,607.1944572925568,1.0,14.938280582427979,1.4774349331855774,3.679676651954651,2.3030348122119904,4.092373847961426,1.0,597.087550163269,1.0,2341.658878326416,2.0460020005702972,4.54877495765686,3560.1108026504517,454.09883737564087,9.897471070289612,1.3931503891944885,1,359.39986467361445,1,1,5963.901479244232,259.4500608444214,60.92871272563934,28.32596004009247,60.849668741226196,18.174651861190796,8.473657965660095,1.0,34.601454734802246,2813.9787216186523,106.5715479850769,12.138652801513672,2400.2259969711304,1043.4223628044128,8.91187071800232,87.17491149902344,1,2.6689687371253967,34.6690034866333,1,40.116143226623535,2.222159206867218,40.163586139678955,597.1277384757996,3.5497286915779114,178.96235609054565,2.2846731543540955,21.34067952632904,3.2677090167999268,10.205559730529785,6.689687371253967,9.3961900472641,2.8304585814476013,325.4455871582031,138.7657527923584,355.83177638053894,416.868736743927,207.75141406059265,29.856388568878174,3.0272388458251953,11.766211986541748,41.349616050720215,1.4425034821033478,27.20698893070221,44.418599128723145,2.2396114468574524,5.606423616409302,40.4641969203949,61.5159273147583,2.626589834690094,15.908469557762146,3.6067843437194824,43.33114409446716,4.254184663295746,8.568362593650818,2.7407941222190857,2.9987597465515137,10.137370824813843,17.260050773620605,15.53468406200409,12.165454626083374,22.162900924682617,84.7763922214508,3509.24168586731,9.891459941864014,44.401535987854004,230.18436241149902,2.1662016212940216,1,1,3.602776527404785,1414.2431831359863,154.0158748626709,9.798839688301086,2.473173141479492,146.72244358062744,1.869436711072922,7525.132119655609,7120.715074539185,1033.8939456939697,47.526925563812256,51.799315214157104,8.873184323310852,24.5931077003479,7.469832897186279,10.024361610412598,3.7993746995925903,2.9947033524513245,3.3958977460861206,16.83792293071747,10.34298062324524,19.084476828575134,1.8743233382701874,9.051757454872131,1,1.0,1.0,1.0,1.0,1,1.0,1.1252576857805252,25.044520497322083,1.011345386505127,1.0,1,46.64273262023926,27.82540738582611,47.985615730285645,13.623005747795105,4.4537535309791565,9.856056571006775,139.92565155029297,2.1595659852027893,1,38.07789325714111,8.114311695098877,1087.8228740692139,486.769859790802,9089.550590515137,25233.763542175293,1673.7447838783264,1.0,869.5949106216431,844.5962011814117,1.0,3713.528444290161,1.0,684.966402053833,2634.0971920490265,452.7594580650329,2.027624547481537,549.0606307983398,1616.5780296325684,11.50342583656311,647.4331398010254,283.540246963501,1086.6907539367676,3.6859130859375,1.0,155.7322120666504,7188.98811507225,6372.764127492905,1022.2888851165771,4018.736329078674,429.6219205856323,1546.7310810089111,5049.207626342773,3880.250154972077,623.4485530853271,167.02032923698425,1091.2011218070984,1120.259017944336,3947.775354385376,1297.0175170898438,4971.340894699097,397.20194816589355,2826.2510776519775,2410.0835752487183,916.4629077911377,38294.42882537842,3192.3974990844727,1994.4713115692139,8613.556385040283,209.41395163536072,1280.3261625766754
TEST_04+2일,148.83427619934082,3787.3179244995117,89.77436065673828,34.81429839134216,1.0,3.0453577637672424,614.2145451307297,1.0,14.520188570022583,1.3948963582515717,2.5904077291488647,2.022220641374588,3.5583075881004333,1.0,599.7913956642151,1.0,2358.505868911743,2.2264549136161804,3.4528103470802307,3557.07133769989,451.872353553772,9.67174619436264,1.0,1,355.0294125080108,1,1,5961.984114646912,260.8427839279175,60.336357951164246,28.345921635627747,61.640864610672,18.35071563720703,8.754512667655945,1.0,34.30835008621216,2809.7787017822266,105.9030830860138,9.410476684570312,2407.1320295333862,1036.9212265014648,8.866255283355713,87.80464935302734,1,2.672884464263916,34.45816993713379,1,39.72011947631836,2.2680312395095825,39.88768553733826,596.1213431358337,2.884860932826996,179.26062154769897,2.11500346660614,16.694803833961487,2.9647159576416016,10.463012456893921,6.895127296447754,9.392934441566467,2.9447317123413086,323.8416442871094,139.49731492996216,357.5816377401352,416.2380814552307,208.09283530712128,28.720943927764893,1.9250619411468506,9.74615752696991,35.57084321975708,1.4517410099506378,27.63069748878479,44.120744705200195,2.4283747375011444,1.5569844841957092,40.84002923965454,60.57235598564148,2.098172605037689,15.99568247795105,1.970420628786087,43.041841983795166,4.3619415163993835,8.48567247390747,2.516743540763855,2.7348971366882324,9.806327223777771,17.509710788726807,15.514969825744629,11.807169914245605,22.539541244506836,85.79054427146912,3521.194081306458,8.7982839345932,27.99386739730835,232.65031242370605,1.0,1,1,3.0886292457580566,1428.0822257995605,152.98554754257202,7.69801139831543,2.530199885368347,146.99630498886108,2.020285040140152,7597.159624099731,7142.235431671143,1035.9019870758057,47.47780418395996,52.10798382759094,9.053840637207031,24.606382846832275,7.526974081993103,10.067504644393921,3.333713412284851,2.92420357465744,3.3802801370620728,16.89732849597931,10.591800212860107,18.53574514389038,1.4802443981170654,9.10604178905487,1,1.2494710683822632,1.0,1.0,1.1939046382904053,1,1.0,2.13653102517128,25.366496443748474,1.2970926761627197,1.2007473707199097,1,28.07218074798584,28.218121230602264,32.01487064361572,5.7913921773433685,1.0,9.573768377304077,135.65729141235352,1.993539184331894,1,37.34715223312378,4.9630531668663025,1080.2973407506943,479.1919845342636,9058.897590637207,25156.325492858887,1629.4212594032288,1.0,840.9282989501953,864.5204615592957,1.0,3640.8838601112366,1.0,687.4488162994385,2609.754955768585,450.1086030006408,2.0862045884132385,685.6333351135254,1638.13614487648,10.628689527511597,643.4803609848022,282.96259784698486,1096.4246978759766,1.0,1.0,157.32522010803223,6737.524034976959,6378.726907491684,988.8345813751221,3958.5625374317165,423.90357971191406,1496.3993668556213,4910.865074157715,4223.710320949554,626.8057918548584,166.86671376228333,1120.443081855774,1107.6867008209229,3901.608142852783,1291.8976593017578,4971.735782623291,389.9076771736145,2829.8255443573,2409.260390996933,901.5843486785889,38081.50019645691,3174.3829250335693,1983.9913845062256,8579.649710655212,196.85855269432068,1281.0361397266388
TEST_04+3일,148.21738243103027,3774.7866439819336,90.48644256591797,34.84914493560791,1.0,2.7765747904777527,611.3177995681763,1.0,14.181495904922485,1.3957422971725464,2.336413860321045,1.5741358697414398,3.2727915048599243,1.0,596.8913555145264,1.0,2352.397298812866,2.1312180161476135,3.1370365619659424,3520.7526445388794,448.30275774002075,9.119055569171906,1.0,1,357.5521838665008,1,1,5942.062883377075,261.0934009552002,59.414082169532776,28.166220664978027,61.45207142829895,18.398813009262085,8.699474930763245,1.0,35.101566314697266,2784.661933898926,104.96565341949463,8.56255292892456,2395.605731010437,1040.0405826568604,8.955259919166565,87.701416015625,1,2.649907171726227,35.15403985977173,1,39.759162187576294,2.160344570875168,39.416998863220215,596.559145450592,2.3703360557556152,178.278076171875,1.820511817932129,13.246555030345917,2.5541511178016663,10.399211645126343,6.821886897087097,9.178839921951294,2.9881733655929565,321.6103515625,139.87901258468628,357.71231496334076,411.979465007782,206.47366619110107,28.99160861968994,2.302836775779724,7.981383204460144,30.340728759765625,1.5218070149421692,27.433476448059082,44.36502981185913,2.375820130109787,2.3767954111099243,39.99406886100769,60.67437529563904,1.731540858745575,16.132900714874268,3.9759498834609985,43.267642974853516,4.417644441127777,8.615261316299438,2.509368658065796,2.7916771173477173,10.079940557479858,17.306933999061584,15.538591146469116,11.838010549545288,22.371095657348633,86.01218390464783,3524.6182751655583,7.793636322021484,19.526381492614746,229.0769920349121,1.0,1,1,2.2354160249233246,1416.8288612365723,153.18345594406128,6.790549159049988,2.445766031742096,145.7506456375122,1.9676764011383059,7678.9391040802,7086.922369003296,1036.5606861114502,47.87925672531128,51.72063112258911,8.629592061042786,26.075763702392578,7.074891924858093,9.837957620620728,3.014441430568695,3.0849605798721313,3.3042964339256287,16.674442291259766,10.389257669448853,18.69819939136505,2.448691725730896,9.225483536720276,1,1.5389715433120728,1.0,1.4991117715835571,1.6185680627822876,1,1.2045748233795166,2.4965405464172363,25.541265606880188,1.654784083366394,1.8325824737548828,1,18.813363313674927,27.774475812911987,20.4532527923584,2.273767814040184,1.0,9.725237488746643,136.87989234924316,2.0373858511447906,1,38.02250623703003,2.369852066040039,1089.8494777679443,498.08582961559296,8999.991989135742,25065.470447540283,1689.3028078079224,1.0,861.5208492279053,756.6878592967987,1.0,3546.0846877098083,1.0,670.3009963035583,2608.4258699417114,450.5485763549804,2.1192145347595215,696.0463714599609,1618.7938580513,10.687029361724854,645.5327024459839,282.68221378326416,1096.8666038513184,2.1018148167058825,1.0,153.29468727111816,6892.356030225754,6330.180618286133,982.0290184020996,3837.059949636459,403.97411942481995,1523.9532160758972,5064.244609832764,4013.991502285004,620.383677482605,165.8876645565033,1166.954875946045,1067.134370803833,3913.087511062622,1296.7572784423828,4991.300439834595,380.55304527282715,2846.370244026184,2400.143698453903,900.6236362457275,38184.53035354614,3164.6542739868164,1987.420916557312,8549.653935432434,190.147285759449,1288.8607442378998
TEST_04+4일,148.1348705291748,3783.9794540405273,90.55304718017578,36.08513903617859,1.0,3.0211615562438965,602.1539150476456,1.0,14.41072940826416,1.3448674976825714,2.517567276954651,1.4157620072364807,3.260974884033203,1.0,596.067488193512,1.0,2356.5017223358154,1.9388732314109802,3.957182765007019,3527.3974776268005,449.9156141281128,9.620221853256226,1.0,1,356.525992155075,1,1,5944.238069057465,259.82314109802246,59.15207648277283,27.875784516334534,62.28611397743225,17.866464257240295,8.765288591384888,1.0,34.68956232070923,2782.641326904297,102.78199195861816,7.7895015478134155,2396.3390588760376,1048.8998184204102,9.10854697227478,88.88479614257812,1,2.559744715690613,33.80554914474487,1,39.769705057144165,2.2236406803131104,39.15776491165161,592.8829169273376,1.7355918884277344,176.9388976097107,1.8489828705787659,14.407910406589508,2.52687007188797,10.343420505523682,6.96844756603241,9.065021276473999,2.944619357585907,324.0426940917969,138.9662046432495,358.53648376464844,414.0561547279358,205.51673305034637,28.75194549560547,3.2422375679016113,8.443692326545715,30.169358253479004,1.5322691202163696,26.859430074691772,44.71350049972534,2.3051682114601135,4.389138221740723,40.504425048828125,60.60587763786316,1.7042672634124756,15.717517733573914,3.1290948390960693,43.18140912055969,4.62550014257431,8.623958826065063,2.5039371848106384,2.31546089053154,9.950291514396667,18.125174045562744,16.045936346054077,11.995972394943237,21.702367782592773,85.26858901977539,3549.380300045014,7.686089277267456,18.46090793609619,232.048321723938,1.0,1,1,1.47543266415596,1418.7278366088867,152.8955855369568,7.30105459690094,2.6278525590896606,143.38377571105957,1.847234517335892,7731.125771999359,7113.232154846191,1046.3327026367188,47.20446586608887,52.15489864349365,8.740497827529907,25.153992176055908,7.483133673667908,9.619897603988647,2.727101445198059,2.9014235734939575,3.296692669391632,16.782662272453308,10.70224642753601,18.71207356452942,2.854321599006653,8.792927861213684,1,1.4579726457595825,1.0,1.459938645362854,1.6866974830627441,1,1.105809211730957,2.3304036259651184,25.360629558563232,1.863663911819458,1.8809428215026855,1,18.058582544326782,27.42136776447296,22.598867416381836,3.769017308950424,1.6899588704109192,9.777292609214783,138.45906257629395,1.936725378036499,1,38.92269849777222,3.0868911743164062,1076.4327731132507,469.60253834724426,9038.579750061035,25324.909496307373,1589.6910710334778,1.0,865.8848791122437,846.5473634004593,1.0,3739.2743396759033,1.0,680.9626030921936,2573.649624824524,452.3824534416198,2.0040808618068695,558.8631820678711,1580.5446617603302,10.869215726852417,634.5126848220825,276.9623670578003,1060.3718538284302,4.946345966309309,1.0,154.03019905090332,6708.80893945694,6080.635762929916,997.7403259277344,4074.648864269256,413.3896493911743,1437.438473701477,4849.168224334717,4009.7337880134587,626.0683608055115,164.30699586868286,1111.9184584617615,1068.6418151855469,3932.0397663116455,1296.4329528808594,4970.075550079346,376.3079333305359,2837.923140525818,2405.88676571846,876.1450862884521,38300.084924697876,3163.192205429077,1990.5527830123901,8628.130328655243,201.61936908960342,1286.0701704025269
TEST_04+5일,148.07266235351562,3776.681785583496,89.93284606933594,34.31097340583801,1.1847113817930222,3.181399703025818,606.8696185350418,1.0,14.263607263565063,1.4066101610660553,3.3157432079315186,1.5336033701896667,3.4230300784111023,1.0,594.9153542518616,1.0,2344.8587894439697,2.023395597934723,5.144259929656982,3552.345530986786,450.9455895423889,9.554786682128906,1.0,1,361.72649502754206,1,1,5946.259903907776,258.7364730834961,59.751729011535645,27.769222021102905,61.15974712371826,18.249905705451965,8.722883462905884,1.0,34.785120487213135,2804.188735961914,102.98834681510925,9.402728080749512,2399.778890609741,1037.950894832611,8.832118511199951,88.52214813232422,1,2.7554193139076233,34.33063983917236,1,40.41722345352173,2.2204160690307617,39.083120346069336,590.2199397087097,2.309894412755966,176.35502290725708,2.2236941754817963,13.042978942394257,2.773437798023224,10.404011011123657,6.677345037460327,9.330474734306335,2.9800832271575928,324.29437255859375,138.6657772064209,358.0007071495056,414.29011058807373,208.64187920093536,28.53938341140747,3.8336804509162903,9.621832966804504,35.29914379119873,1.5341557562351227,26.738258600234985,44.302884578704834,2.2991107404232025,2.6578575372695923,40.680110692977905,59.16934013366699,2.069169580936432,16.1118882894516,3.1016412377357483,43.26622414588928,5.12162446975708,8.311572670936584,2.653287649154663,2.1239392459392548,10.187281370162964,18.0427086353302,15.996928811073303,12.009658813476562,21.614126205444336,83.92194986343384,3549.008588790894,8.57696533203125,26.11698627471924,230.69592189788818,2.240653932094574,1,1,1.446985900402069,1426.2448081970215,152.85688304901123,9.002629518508911,2.509513199329376,143.5859398841858,1.9136487543582918,7743.6999678611755,7151.096324920654,1045.575138092041,47.53087520599365,51.11602544784546,8.935461044311523,25.057179927825928,7.993053197860718,9.968534708023071,3.2790231704711914,3.1019121408462524,3.4561118483543396,17.411881685256958,10.632541179656982,18.757578134536743,2.9771393537521362,9.463595151901245,1,1.8610496520996094,1.828194320201874,1.8113255500793457,2.028451681137085,1,1.628611445426941,2.385628819465637,25.840811133384705,1.9735417366027832,2.00812029838562,1,29.918334484100342,27.890337109565735,31.318273544311523,7.701340913772583,3.5641616582870483,9.556630253791809,138.78993034362793,2.007538825273514,1,38.72899532318115,6.358224153518677,1059.4099856615067,474.88335371017456,8969.672012329102,25152.84397125244,1619.6801300048828,1.0,860.1401195526123,755.5611974000931,1.0,3545.8842709064484,1.0,701.9627857208252,2595.644527196884,447.53668832778925,2.070624977350235,660.7884407043457,1557.9807496070862,11.749658584594727,635.4562473297119,276.61475467681885,1083.0154457092285,3.7022394128143787,1.0,153.33428382873535,6717.933990478516,6155.025152206421,1012.4996089935303,3969.3290686607356,408.89653623104095,1539.4645047187805,4917.663829803467,4021.825078964234,615.8519577980042,162.41681098937988,1111.4602370262146,1080.122652053833,3943.12668800354,1292.0593643188477,4957.6103591918945,367.51814365386963,2836.239471435547,2402.2061955928802,876.6862869262695,38208.75291824341,3165.4513263702393,1978.1192541122437,8626.55838727951,197.3076295852661,1282.264963388443
TEST_04+6일,148.25824737548828,3748.821144104004,89.45257568359375,35.907780170440674,2.17709943652153,3.482600748538971,600.390743136406,1.0,14.685347080230713,1.4765693247318268,3.948596715927124,1.9091163575649261,3.923751711845398,1.0,599.1073608398438,1.0,2338.596296310425,2.407904863357544,6.164291501045227,3537.5446581840515,447.0626401901245,9.504584670066833,1.0841694474220276,1,357.4707984924316,1,1,5932.608325481415,261.5605945587158,59.39166569709778,28.191137194633484,61.89384412765503,18.226563334465027,8.727591037750244,1.0,36.02642059326172,2798.1255111694336,103.52308869361877,10.770769119262695,2404.655170440674,1039.0761590003967,8.936263918876648,88.84789276123047,1,2.6875871419906616,34.777729511260986,1,39.58203148841858,2.1774472296237946,39.93300938606262,593.5946941375732,2.8446045517921448,176.5948987007141,2.5568872690200806,19.34909999370575,3.139977753162384,10.40769338607788,6.705799698829651,9.52297568321228,2.981260120868683,324.6522216796875,139.82773303985596,358.10559117794037,415.66135454177856,208.7536096572876,28.592288494110107,4.579296112060547,10.533876419067383,41.97436809539795,1.4788594841957092,27.01778769493103,43.75947308540344,2.306257486343384,1.9850961863994598,40.271023750305176,59.96549725532532,2.65481173992157,16.03035271167755,2.803342342376709,43.5269136428833,5.528951287269592,7.95560359954834,2.625773549079895,2.750619947910309,9.95749294757843,17.439050674438477,16.024099588394165,11.925019025802612,21.932891845703125,84.50008249282837,3538.221302032471,8.774635195732117,41.246323585510254,228.9856595993042,3.724949359893799,1,1,2.241172194480896,1397.9214363098145,153.54261302947998,11.158827543258667,2.5171902775764465,144.56494760513306,1.885425686836243,7714.42312002182,7137.1325969696045,1044.4173603057861,47.46300745010376,51.60946249961853,9.07136619091034,24.863359928131104,7.067033648490906,9.882858991622925,3.7334883213043213,2.9534873366355896,3.38500440120697,16.977871656417847,10.153394937515259,19.090445637702942,3.6970993876457214,9.511407613754272,1,1.7065110206604004,1.88421905040741,1.6159998178482056,1.6563351154327393,1,1.4724078178405762,2.064499109983444,25.213635563850403,1.7367671728134155,1.738061547279358,1,45.05568027496338,27.891582548618317,49.9498176574707,16.897314190864563,10.254459381103516,9.71117377281189,137.94312477111816,2.0456668734550476,1,39.00578260421753,10.483475923538208,1058.9322917461395,487.4631804227829,8963.827514648438,25207.753009796143,1654.3948993682861,1.0,866.389552116394,865.5988419055939,1.0,3634.072291612625,1.6235893964767456,660.0095772743225,2617.0018990039825,449.6224770545959,2.058003693819046,677.0264625549316,1614.2796382904053,11.208908557891846,632.5870571136475,275.7176675796509,1086.2908916473389,2.434969525784254,1.8175123631954193,157.1228790283203,6899.753599405289,6027.409217834473,996.2391567230225,3891.985304355621,412.6470994949341,1512.088007926941,5017.463779449463,3947.817401885987,597.5302910804749,162.44508147239685,1072.2330045700073,1101.2948989868164,3936.024923324585,1295.8964538574219,4946.015176773071,383.64030361175537,2827.726912498474,2403.43274474144,867.3326110839844,38116.97244644165,3167.936954498291,1964.0201330184937,8620.41277885437,203.760604262352,1269.0826034545898
TEST_04+7일,148.599214553833,3756.3302993774414,89.70745086669922,35.88494515419006,3.6533907055854797,3.564523160457611,603.5632654428482,1.0,14.46194052696228,1.484176516532898,3.9853814244270325,2.080385684967041,3.891806900501251,1.0,597.9002237319946,1.0,2330.1547050476074,2.425234168767929,6.073980927467346,3502.2256207466125,448.8045263290405,9.65367078781128,1.5279944241046906,1,356.8970954418182,1,1,5933.028123378754,261.8711814880371,60.40086221694946,28.984443426132202,61.57722544670105,18.043747544288635,8.627176880836487,1.0,35.3023624420166,2807.6561431884766,102.56706714630127,12.442269325256348,2396.6331243515015,1054.6488859653473,8.655443787574768,87.93730163574219,1,2.6223811507225037,33.48174810409546,1,40.13803672790527,2.2083377838134766,40.24320840835571,589.5949544906616,3.648461699485779,176.25423383712769,2.648179531097412,25.55512547492981,3.402622938156128,10.315632820129395,6.855031847953796,9.777321219444275,2.8901904821395874,323.6788635253906,139.43875551223755,352.3208838701248,413.17531394958496,206.70683133602142,28.497323989868164,4.449504017829895,12.053054571151733,43.72481822967529,1.5614010393619537,27.122413516044617,43.3346426486969,2.3878641426563263,3.9603906869888306,40.4082567691803,59.98958349227905,2.9180625081062317,16.217928528785706,3.662303388118744,44.294827938079834,5.7216328382492065,8.3579421043396,2.6504436135292053,3.5845953226089478,10.085729360580444,17.853838205337524,15.830994844436646,12.1999192237854,22.023059844970703,86.10417652130127,3555.0675916671757,9.641206860542297,54.74348068237305,228.383282661438,3.7874674797058105,1,1,3.141079545021057,1414.9106254577637,154.25511932373047,11.61760926246643,2.6224997639656067,143.30398750305176,1.8588876128196719,7688.862204551697,7127.471590042114,1044.1108570098877,46.9313268661499,51.164573431015015,9.232327938079834,24.658210277557373,8.304738998413086,10.032477378845215,3.9744579792022705,2.928210496902466,3.372720777988434,17.840071320533752,10.393577814102173,19.41863179206848,3.628596067428589,10.116027593612671,1,1.0,1.0,1.0,1.0,1,1.0,1.2234823405742645,25.189579725265503,1.1221247911453247,1.0,1,56.60045146942139,27.38365411758423,57.701287269592285,20.99915385246277,10.909420251846313,9.767017364501953,137.7501678466797,2.113274186849594,1,38.50742816925049,11.617100238800049,1058.801952958107,487.8189289569855,8997.075462341309,25107.652225494385,1626.4801058769226,1.0,859.2493858337402,818.5880219936371,1.0,3660.5886204242706,1.0,683.8938450813293,2567.4821968078613,445.7308626174926,2.045508772134781,453.4585762023926,1569.9157717227936,12.072581052780151,625.9831056594849,273.1437158584595,1051.1421146392822,6.152799502015114,2.4464334547519684,153.07430267333984,6680.018767118454,5993.51086139679,1000.4549407958984,4006.6479742527004,407.6231324672699,1478.5880661010742,4993.598724365234,4021.5870232582097,605.1944732666016,163.34312796592712,1122.533444404602,1090.889720916748,3927.746639251709,1296.222038269043,4947.888317108154,380.3233551979065,2818.258810043335,2407.362438440323,855.0032234191895,38099.305629730225,3162.0511150360107,1949.2839574813843,8619.496023654938,206.67109340429306,1259.493144750595
TEST_05+1일,149.10347938537598,3788.317337036133,89.427978515625,34.6796932220459,1.95988267660141,4.490779936313629,607.1952919960022,1.0,11.232177019119263,1.394614726305008,2.8977322578430176,1.5597644448280334,2.1437616646289825,1.0,597.0868349075317,1.0,2341.657876968384,1.9179876148700714,4.711264967918396,3560.1090264320374,454.0976905822754,10.287753939628601,1.5083980560302734,1,359.39951419830317,1,1,5963.901479244232,259.4467649459839,60.93095505237579,28.316901326179504,60.84521412849426,18.171105980873108,8.486999869346619,1.0,34.59815502166748,2813.9780197143555,106.57076358795166,11.262142658233643,2400.2251625061035,1043.4219498634338,9.172248840332031,87.16943359375,1,2.5406286120414734,32.3382568359375,1,40.092225074768066,2.2814708948135376,40.23177123069763,597.1293959617615,4.889054298400879,178.9601845741272,3.7953317165374756,18.662347197532654,3.2781681418418884,10.053430795669556,10.639686584472656,9.333109855651855,2.9628118872642517,325.4461975097656,138.7681760787964,355.83053183555603,416.8683853149414,207.7391220331192,29.848992824554443,2.8520095348358154,10.144981145858765,37.28591203689575,2.768721282482147,14.658850729465485,44.420403480529785,1.7855216562747955,2.265321910381317,40.46719717979431,61.51007413864136,3.250386118888855,12.873856723308563,3.17964106798172,43.32840085029602,10.118166208267212,8.582231402397156,3.8885030150413513,2.998175024986267,10.547137260437012,17.650904059410095,15.519436597824097,12.063473463058472,22.15834617614746,84.77451157569885,3509.1913461685185,10.923653841018677,54.251418113708496,230.18603610992432,3.2036110758781433,1,1,3.664073944091797,1414.2419242858887,154.01071786880493,10.303019285202026,2.4720564484596252,146.66762924194336,1.0,7525.132119655609,7120.715074539185,1034.220464706421,47.52234649658203,51.79760456085205,8.810575604438782,48.83143424987793,8.760216236114502,9.93170440196991,3.419021964073181,2.1526288986206055,3.31745445728302,28.785941004753113,9.988396763801575,19.072598218917847,5.439247488975525,12.78082013130188,1,1.0,1.0,1.0,1.0,1,1.0,1.0,24.83792245388031,1.005418062210083,1.0,1,59.4963264465332,27.83585488796234,67.21104145050049,32.24726915359497,7.272005677223206,9.923461079597473,139.92843627929688,3.79905104637146,1,38.090713024139404,15.116082429885864,1087.8316450119019,486.7913317680359,9089.550018310547,25233.763542175293,1673.7463331222534,286.5349292755127,869.6079568862915,844.5938730239868,5.689786672592163,3713.5319147109985,489.4535255432129,684.972562789917,2634.099149465561,452.7608532905578,4.947032928466797,549.2011642456055,1616.5803694725037,81.87410354614258,647.4357395172119,283.5441493988037,1086.8005275726318,284.367293715477,99.34968948364258,1.0,7189.0052754879,6372.769511222839,1022.3031044006348,4018.741688728332,429.64498937129974,1546.7437863349915,5049.209354400635,3880.2569770812993,623.4506821632385,167.44593143463135,1091.2056221961975,1120.2718353271484,3947.775354385376,1297.0153427124023,4971.339550018311,1.0,2826.2503719329834,2410.046821832657,57.54135608673096,38294.42882537842,3192.396755218506,4.657454788684845,8613.55196237564,1.0,22.406834922730923
TEST_05+2일,148.83233070373535,3787.317581176758,89.77239990234375,34.39983773231506,1.7674455046653748,4.002365171909332,614.2151943445206,1.0,11.220458745956421,1.276891976594925,1.9739602506160736,1.50868758559227,1.533222645521164,1.0,599.7906804084778,1.0,2358.5055828094482,2.037923038005829,4.060340225696564,3557.0699167251587,451.8711757659912,10.026106238365173,1.3409142196178436,1,355.0290369987487,1,1,5961.984114646912,260.83948802948,60.33874976634979,28.341325402259827,61.63552808761597,18.34235429763794,8.786587715148926,1.0,34.29999113082886,2809.778175354004,105.902498960495,8.559204936027527,2407.131028175354,1036.9208135604858,9.195077419281006,87.80218505859375,1,2.5147613883018494,33.0539608001709,1,39.70085906982422,2.353280931711197,39.9020311832428,596.1231513023376,4.342483580112457,179.25902032852173,3.0489057302474976,14.092315435409546,2.7515235543251038,10.297715663909912,11.029834747314453,9.373275637626648,3.086687922477722,323.84228515625,139.49960803985596,357.58029985427856,416.2376980781555,208.07706892490387,28.71006488800049,1.8127016723155975,7.755494713783264,31.15309715270996,2.712562382221222,14.611215591430664,44.124085903167725,1.9534523785114288,1.0,40.84652280807495,60.56796312332153,2.5548818707466125,13.033435642719269,1.9890311360359192,43.03583884239197,9.993539452552795,8.525646924972534,3.7390857934951782,2.903180420398712,10.192238092422485,17.842401266098022,15.51020085811615,11.753150224685669,22.53349494934082,85.78806900978088,3521.1448359489445,9.907392859458923,40.0010871887207,232.6520118713379,1.99463352560997,1,1,2.958727478981018,1428.0805892944336,152.9806809425354,8.160793781280518,2.51291424036026,146.9329891204834,1.0,7597.159624099731,7142.235431671143,1036.3332347869873,47.47828674316406,52.10474729537964,8.995779156684875,50.67493438720703,8.816734552383423,9.982566833496094,2.9676133394241333,2.1493054926395416,3.292042315006256,29.34043049812317,10.23744821548462,18.528127670288086,4.41025972366333,12.883895635604858,1,1.1569647789001465,1.0,1.0277286767959595,1.0442767143249512,1,1.0950428247451782,1.6241401433944702,25.428008437156677,1.2951315641403198,1.0,1,41.62874221801758,28.221534192562103,62.35513210296631,25.28274893760681,3.7645283341407776,9.614276885986328,135.65845489501953,3.9239224791526794,1,37.352848052978516,10.818538665771484,1080.3058537244797,479.2134565114975,9058.897018432617,25156.32314682007,1629.4226365089417,294.83134746551514,840.94167137146,864.5180225372314,5.656127333641052,3640.8858845233917,531.0707998275757,687.4552941322327,2609.759653568268,450.1100716590881,5.0116777420043945,685.6817436218262,1638.1384847164154,84.11864280700684,643.4830951690674,282.9664115905762,1096.5366439819336,293.1462389230728,99.12124633789062,1.0,6737.54048037529,6378.732889413834,988.8484001159668,3958.567562103271,423.92658054828644,1496.411898136139,4910.866226196289,4223.717502117157,626.8079209327698,167.52548575401306,1120.447786808014,1107.6990509033203,3901.607732772827,1291.8954849243164,4971.734437942505,1.0,2829.8244857788086,2409.223483800888,52.38098859786987,38081.50019645691,3174.382553100586,10.32238733023405,8579.6440243721,1.0,30.389591306447983
TEST_05+3일,148.21532249450684,3774.7863006591797,90.4847640991211,33.78663086891174,1.65912464261055,3.578316569328308,611.3184487819672,1.0,10.834593772888184,1.2693721055984497,1.5052300691604614,1.281462162733078,1.429857462644577,1.0,596.8906402587891,1.0,2352.3958683013916,1.908363401889801,3.7991270422935486,3520.750868320465,448.3015489578247,9.462982714176178,1.316332072019577,1,357.5518333911895,1,1,5942.062883377075,261.0901565551758,59.41739809513092,28.156375646591187,61.44620060920715,18.391785621643066,8.703327178955078,1.8599459901452065,35.097858905792236,2784.661231994629,104.96453523635864,7.257310748100281,2395.604729652405,1040.0400664806366,9.191393256187439,87.69828033447266,1,2.5879070162773132,31.8705415725708,1,39.735249280929565,2.2108490765094757,39.471155643463135,596.5609159469604,4.158392548561096,178.27588272094727,2.632661461830139,11.27104640007019,2.2034576535224915,10.248717069625854,10.64376950263977,9.146584868431091,3.1127360463142395,321.6109924316406,139.8812255859375,357.71094596385956,411.9790177345276,206.45698928833008,28.987693786621094,1.6736617684364319,6.249876022338867,25.075736045837402,2.739933431148529,14.150944948196411,44.362952709198,1.8641087412834167,2.247227728366852,39.999332427978516,60.67113280296326,2.113562673330307,13.230274021625519,2.5338444113731384,43.25860023498535,10.135704278945923,8.652480244636536,3.7913885712623596,3.013102412223816,10.417317152023315,17.812405228614807,15.529067516326904,11.743775606155396,22.36614227294922,86.00967407226562,3524.568665027619,8.880584239959717,29.05146837234497,229.07845973968506,1.181677132844925,1,1,2.233726978302002,1416.827350616455,153.17849922180176,6.978321671485901,2.442573755979538,145.70641565322876,1.0,7678.938567638397,7086.921806335449,1036.9558448791504,47.87933540344238,51.71857476234436,8.553305268287659,49.91431713104248,8.58894944190979,9.759151935577393,2.7609452605247498,2.2644953429698944,3.2301363348960876,28.5343998670578,10.050433874130249,18.699620962142944,2.594371736049652,12.717769145965576,1,1.4901467561721802,1.0,1.4282386302947998,1.4707359075546265,1,1.3006027936935425,1.8334610760211945,25.608680248260498,1.6328139305114746,1.0,1,30.541536808013916,27.776432633399963,60.487446784973145,21.285848021507263,3.9725831151008606,9.788216352462769,136.88138008117676,3.8191667199134827,1,38.03208827972412,7.858545780181885,1089.8578617572784,498.1078791618347,8999.990844726562,25065.470447540283,1689.303840637207,279.31530475616455,861.5332431793213,756.6857528686523,5.648461580276489,3546.085844516754,499.3620300292969,670.3072476387024,2608.428806066513,450.5499715805053,4.949680864810944,696.0818481445312,1618.7960307598114,81.75250053405762,645.5353021621704,282.6861162185669,1096.979700088501,290.8489751815796,98.76653671264648,1.0,6892.373905658722,6330.1866002082825,982.042236328125,3837.065309286117,403.99559140205383,1523.966269493103,5064.245761871338,4013.9986834526067,620.3858971595764,166.66306972503662,1166.9596490859985,1067.1464538574219,3913.087511062622,1296.7553329467773,4991.299543380737,1.0,2846.3693618774414,2400.1067912578583,53.93821895122528,38184.53035354614,3164.6535301208496,5.327519029378891,8549.649512767792,1.0,23.732433021068573
TEST_05+4일,148.13267707824707,3783.9791107177734,90.5516357421875,35.03225517272949,1.8146021664142609,3.806726336479187,602.1548424959183,1.0,11.343961954116821,1.1997442692518234,1.6887593269348145,1.1118276417255402,1.8325240910053253,1.0,596.0667371749878,1.0,2356.5011501312256,1.764996349811554,3.7987375259399414,3527.3953461647034,449.91443634033203,9.991922378540039,1.420435607433319,1,356.52564167976374,1,1,5944.238069057465,259.81984519958496,59.15476727485657,27.866689324378967,62.28171730041504,17.8570818901062,8.759462237358093,1.5892400220036507,34.68057632446289,2782.640625,102.78119921684265,6.734303832054138,2396.3380575180054,1048.8994054794312,9.358336925506592,88.8813247680664,1,2.5026610493659973,31.56193494796753,1,39.746639251708984,2.2828495502471924,39.20869064331055,592.8845367431641,3.347196578979492,176.93634223937988,2.7256932854652405,12.292413711547852,2.386167496442795,10.183802843093872,11.009697914123535,8.999879360198975,3.0814719200134277,324.0433349609375,138.9684476852417,358.5351769924164,414.0557713508606,205.4978756904602,28.74126672744751,2.5593936443328857,7.012036442756653,23.602163791656494,2.7683645486831665,14.580950438976288,44.71414566040039,1.692793369293213,2.968454957008362,40.512064695358276,60.60130000114441,2.1429528295993805,12.911174297332764,2.920662760734558,43.173420667648315,10.185260772705078,8.62768292427063,3.7102383375167847,2.4461306631565094,10.356496572494507,18.558751344680786,16.038254499435425,11.896859407424927,21.698348999023438,85.26623129844666,3549.3314194679265,8.96030068397522,24.798297882080078,232.05002117156982,2.214081883430481,1,1,1.8853788077831268,1418.7264518737793,152.89060878753662,7.1677762269973755,2.6207879185676575,143.33378791809082,1.0,7731.124699115753,7113.232154846191,1046.765769958496,47.2060341835022,52.15300917625427,8.639925718307495,50.22379398345947,8.841785788536072,9.55716609954834,2.529725730419159,2.167285829782486,3.2314544916152954,28.709607124328613,10.354440212249756,18.69801163673401,2.2446665167808533,12.301802635192871,1,1.432337760925293,1.0,1.4155317544937134,1.4993858337402344,1,1.218498706817627,1.8781352043151855,25.238460302352905,1.8415749073028564,1.0,1,27.158379554748535,27.431172728538513,59.624857902526855,20.295238494873047,2.984994351863861,9.82434868812561,138.46025466918945,3.816027045249939,1,38.93718957901001,6.345243453979492,1076.4414150714874,469.62384045124054,9038.578605651855,25324.909496307373,1589.6921038627625,278.2715320587158,865.8973817825317,846.5449798107147,5.596438050270081,3739.275496482849,493.7128019332886,680.9690809249878,2573.652365207672,452.38377523422236,4.67665821313858,558.9911842346191,1580.5468344688416,80.57626724243164,634.5153741836548,276.96600341796875,1060.4848861694336,300.7602560520172,99.54105377197266,1.0,6708.826099872589,6080.641744852066,997.7543449401855,4074.6542239189143,413.41197073459625,1437.4508309364319,4849.168800354004,4009.740610122681,626.0706257820129,164.99864101409912,1111.9230952262878,1068.6536979675293,3932.0393562316895,1296.430778503418,4970.07420539856,1.0,2837.921905517578,2405.8497047424316,57.24607706069946,38300.082206726074,3163.1914615631104,8.960843086242676,8628.125274181366,1.0,30.60373328626156
TEST_05+5일,148.07069778442383,3776.681442260742,89.93145751953125,33.279122829437256,1.9772699475288391,4.039491713047028,606.8704532384872,1.0,10.944008827209473,1.2480013072490692,2.462879568338394,1.0155592113733292,1.5908066928386688,1.0,594.9146389961243,1.0,2344.857931137085,1.8259337544441223,3.7857824563980103,3552.3433995246887,450.94441175460815,9.928112626075745,1.7101122438907623,1,361.7261445522308,1,1,5946.259903907776,258.7333574295044,59.755473017692566,27.765395879745483,61.15376687049866,18.24515998363495,8.699859380722046,1.2883095815777779,34.782493114471436,2804.188034057617,102.98742055892944,8.01556646823883,2399.7782230377197,1037.9503786563873,9.157129526138306,88.5185317993164,1,2.6843127608299255,30.93419313430786,1,40.40129637718201,2.2675715386867523,39.14100122451782,590.2216725349426,3.906640410423279,176.3528184890747,3.2810252904891968,10.794512629508972,2.821367084980011,10.223308801651001,10.4678213596344,9.233015775680542,3.140156865119934,324.2950439453125,138.66791009902954,357.9993381500244,414.28972721099854,208.62812554836273,28.528857231140137,3.3759352564811707,8.300166726112366,29.47160243988037,2.749655544757843,14.667419493198395,44.30324649810791,1.8316450715065002,1.5878280997276306,40.68017888069153,59.16563272476196,2.7764010429382324,13.128540515899658,2.8350624442100525,43.261613607406616,9.783833026885986,8.311253786087036,3.7923282384872437,2.187618464231491,10.536055564880371,18.489296436309814,15.983326435089111,11.893128156661987,21.610219955444336,83.91962671279907,3548.9597082138066,9.709665179252625,28.761813640594482,230.69733810424805,3.7596312165260315,1,1,2.230198234319687,1426.2435493469238,152.85243701934814,8.690805435180664,2.498295158147812,143.5349006652832,1.0,7743.699431419373,7151.096324920654,1045.9695892333984,47.5242977142334,51.114463806152344,8.832622766494751,49.46207523345947,9.12566602230072,9.899921417236328,3.0259090662002563,2.2802968323230743,3.369714319705963,29.322075247764587,10.338534116744995,18.752278089523315,2.7444499731063843,12.985689640045166,1,1.7376384735107422,1.6810249388217928,1.7758878469467163,1.7704375982284546,1,1.7498704195022583,2.6074889302253723,25.768879652023315,1.9172065258026123,1.0,1,34.50979232788086,27.89838969707489,64.98205184936523,21.62421226501465,1.344674676656723,9.616992473602295,138.79045486450195,3.841824233531952,1,38.74232292175293,7.873737812042236,1059.418498635292,474.90496158599854,8969.670867919922,25152.84397125244,1619.6813349723816,295.1446533203125,860.1537637710571,755.5594789981842,5.689173936843872,3545.887162923813,533.233232498169,701.9691729545593,2595.646288871765,447.5381569862365,4.6455758810043335,660.9527206420898,1557.9830894470215,80.20608901977539,635.4587574005127,276.61856842041016,1083.1289253234863,300.7298666238785,98.53569984436035,1.0,6717.949720859528,6155.031134128571,1012.5136280059814,3969.334428310394,408.91943514347076,1539.4772100448608,4917.664981842041,4021.831542015076,615.8540868759155,162.85674691200256,1111.4649419784546,1080.1346683502197,3943.12668800354,1292.0574188232422,4957.609014511108,1.0,2836.2384128570557,2402.169442176819,48.91265332698822,38208.747482299805,3165.4505825042725,1.0,8626.553332805634,1.0,22.37208751961589
TEST_05+6일,148.25634956359863,3748.820457458496,89.45109558105469,34.71062159538269,2.1749135851860046,4.301547110080719,600.3913459777832,1.0,11.14639163017273,1.3473889231681824,3.3079463243484497,1.1031986773014069,1.3595658540725708,1.0,599.1065740585327,1.0,2338.595151901245,2.1775442361831665,4.092861115932465,3537.54323720932,447.06149339675903,9.85838234424591,1.8948325514793396,1,357.4704480171203,1,1,5932.608325481415,261.55724716186523,59.39515829086304,28.188445925712585,61.888983964920044,18.221216797828674,8.713270425796509,2.0123688876628876,36.018967628479004,2798.1248092651367,103.5224711894989,10.110330581665039,2404.6541690826416,1039.0757460594177,9.260154962539673,88.84290313720703,1,2.5796711444854736,31.754958629608154,1,39.569432497024536,2.2372688353061676,39.996833086013794,593.5963516235352,4.01631087064743,176.5926833152771,3.6219310760498047,16.712801456451416,3.329446315765381,10.2769935131073,10.544079542160034,9.421023726463318,3.121161162853241,324.65289306640625,139.82993602752686,358.10415995121,415.66090726852417,208.73983204364777,28.585517406463623,4.139262139797211,9.388363361358643,36.85510873794556,2.641686499118805,14.84337329864502,43.756842613220215,1.8896231055259705,2.691274881362915,40.26374864578247,59.96081829071045,3.5258394479751587,12.989533245563507,1.7528803646564484,43.52158713340759,9.512022733688354,7.98287034034729,3.740319013595581,2.8094738721847534,10.264949798583984,17.87941038608551,16.015904545783997,11.77953839302063,21.927553176879883,84.49769020080566,3538.173880577088,10.043647289276123,38.63013029098511,228.9869213104248,5.727292895317078,1,1,2.88812518119812,1397.9199256896973,153.53760623931885,10.918420553207397,2.4981193244457245,144.50526666641235,1.0,7714.422047138214,7137.132034301758,1044.7878532409668,47.45855951309204,51.606130599975586,8.968314528465271,46.68671131134033,8.433504700660706,9.817309379577637,3.3997678756713867,2.126786857843399,3.3040085434913635,28.838303089141846,9.879018664360046,19.084417819976807,2.703418731689453,13.01919937133789,1,1.7659831047058105,1.3484622538089754,1.5087860822677612,1.6443257331848145,1,1.5121667385101318,2.738235294818878,24.91751790046692,1.6671770811080933,1.0,1,47.88219928741455,27.898143529891968,68.12779426574707,26.164972186088562,7.046754956245422,9.777639508247375,137.94662475585938,3.8302507996559143,1,39.02048110961914,11.910429000854492,1058.9406757354736,487.48522996902466,8963.826370239258,25207.753009796143,1654.396104335785,281.6997528076172,866.4022722244263,865.5964583158493,5.611200928688049,3634.076629638672,516.7935705184937,660.0157380104065,2617.0079669952393,449.62379884719843,4.738490283489227,677.1212196350098,1614.2821452617645,79.64571475982666,632.5897912979126,275.7215700149536,1086.4014320373535,289.14628207683563,98.56729507446289,1.0,6899.770759820938,6027.415199756622,996.2531757354736,3891.9903290271754,412.6703381538391,1512.1007132530212,5017.465507507324,3947.823505878449,597.5324654579163,163.0702292919159,1072.2376413345337,1101.3071823120117,3936.024923324585,1295.8941650390625,4946.014280319214,1.0,2827.7256774902344,2403.3946073055267,57.016841769218445,38116.97244644165,3167.936210632324,7.03519769012928,8620.407724380493,1.0,26.060195490717888
TEST_05+7일,148.59721183776855,3756.3299560546875,89.7059097290039,34.38706040382385,2.219608575105667,4.298205077648163,603.5640074014664,1.0,10.65977931022644,1.4053471386432648,3.6311671137809753,1.186394840478897,1.3956308364868164,1.0,597.8994369506836,1.0,2330.15398979187,2.231965661048889,4.573596715927124,3502.2238445281982,448.80334854125977,9.991090893745422,1.7866581678390503,1,356.8967449665069,1,1,5933.028123378754,261.8680658340454,60.4041645526886,28.973289251327515,61.573375940322876,18.035064339637756,8.612126111984253,1.0,35.30064582824707,2807.6554412841797,102.56623268127441,11.655008792877197,2396.63245677948,1054.6483697891235,8.97078812122345,87.93409729003906,1,2.4456392228603363,31.514098644256592,1,40.12337899208069,2.255452275276184,40.26058840751648,589.5966119766235,4.709404706954956,176.25132751464844,3.638472855091095,23.165709972381592,3.6035022139549255,10.155497789382935,10.043673515319824,9.66526448726654,3.029203414916992,323.679443359375,139.441068649292,352.31957709789276,413.17493057250977,206.69077742099762,28.488178253173828,4.020568132400513,10.679450035095215,38.608858585357666,2.741817533969879,15.135852098464966,43.33462429046631,1.9479791820049286,4.782995581626892,40.41257357597351,59.984445571899414,3.6768102645874023,13.046761751174927,2.8312700986862183,44.286120891571045,9.484645128250122,8.394325971603394,3.7098830938339233,3.581993877887726,10.49578309059143,18.301597237586975,15.820612907409668,12.080533504486084,22.020509719848633,86.10224056243896,3555.0194406509404,11.101946830749512,55.02150535583496,228.38482761383057,6.075248718261719,1,1,3.592630922794342,1414.9092407226562,154.25052309036255,11.713852882385254,2.6144471764564514,143.24925327301025,1.0,7688.861668109894,7127.471590042114,1044.4614353179932,46.92434024810791,51.1633574962616,9.136762619018555,46.94300174713135,9.240771532058716,9.954226613044739,3.599170744419098,2.1756862103939056,3.297896981239319,28.316532969474792,10.019489526748657,19.40372586250305,3.8589638471603394,13.353784084320068,1,1.0,1.0,1.0,1.0,1,1.0,1.0509863495826721,24.885717630386353,1.0917948484420776,1.0,1,61.56475067138672,27.382775843143463,67.98516273498535,31.42978549003601,9.848758578300476,9.81920838356018,137.75249481201172,3.7174004316329956,1,38.522140979766846,15.295606851577759,1058.810530424118,487.8408086299896,8997.074317932129,25107.652225494385,1626.4811387062073,278.2146453857422,859.2620515823364,818.5858047008514,5.557560324668884,3660.592669248581,514.8056411743164,683.8999152183533,2567.486503124237,445.73222112655634,4.5811304450035095,453.5552787780762,1569.9181115627289,80.06472587585449,625.9857501983643,273.1472635269165,1051.2508020401,290.20707964897156,98.56240272521973,1.0,6680.035212516785,5993.516843318939,1000.4692268371582,4006.6533339023586,407.6450800895691,1478.6005973815918,4993.5993003845215,4021.593845367432,605.1965570449829,163.75298023223877,1122.538353919983,1090.9022045135498,3927.745819091797,1296.2199783325195,4947.886524200439,1.0,2818.2577514648438,2407.324916124344,64.91461157798767,38099.305629730225,3162.0507431030273,9.50739998370409,8619.49096918106,1.0,23.776387386024
TEST_06+1일,149.1036033630371,3788.317337036133,89.42882537841797,34.682945251464844,2.158946394920349,3.8260653614997864,607.1953383684158,1.0,8.439359068870544,1.4217160642147064,2.7682125568389893,1.0,2.511233389377594,1.0,597.0869421958923,1.0,2341.657876968384,1.9013501703739166,4.430018067359924,3560.1090264320374,454.09778356552124,9.423471093177795,1.0467343777418137,1,359.3999898433685,1,1,5963.901958465576,259.44601821899414,60.92894375324249,28.326079607009888,60.84614109992981,18.179930448532104,8.453113436698914,5.7026490569114685,34.593873023986816,2813.9780197143555,106.57173991203308,11.332049369812012,2400.2251625061035,1043.4219498634338,9.132206439971924,87.16973114013672,1,2.4551494419574738,32.33503341674805,1,40.09782433509827,2.174142301082611,40.26573657989502,597.1306014060974,3.97951602935791,178.96079874038696,2.0843228697776794,24.25490140914917,1.941305696964264,9.989879131317139,9.28291916847229,9.325029253959656,1.0482491552829742,325.4459533691406,138.76230812072754,355.83003401756287,416.867778301239,207.738139629364,29.849727153778076,2.0910370349884033,9.301212430000305,35.18127202987671,3.58249694108963,14.47314441204071,44.41868829727173,2.104034274816513,4.75682258605957,40.46515679359436,61.509400606155396,3.180067241191864,12.910677194595337,3.303123414516449,43.327624559402466,10.142788887023926,8.540043234825134,3.8302412629127502,3.2063496112823486,10.577888488769531,18.645374178886414,15.519545674324036,12.006747722625732,22.158262252807617,84.77467751502991,3509.1913461685185,9.083839058876038,52.630014419555664,230.1864995956421,3.214035928249359,1,1,2.6422855257987976,1414.2419242858887,154.01031732559204,8.697234392166138,2.452090084552765,146.66200160980225,1.634328901767731,7525.132119655609,7120.715074539185,1032.9333934783936,47.521286964416504,51.798033714294434,6.398073434829712,48.47281455993652,8.178262710571289,9.891496300697327,2.1744151413440704,2.0484499633312225,3.2625895738601685,22.19805657863617,10.017684698104858,19.073204398155212,4.341877698898315,2.864345610141754,1,1.0,1.0,1.0,1.4256073236465454,1,1.0,1.0,24.82824146747589,1.0053132772445679,1.0,1,57.887563705444336,27.847533226013184,53.10516357421875,31.183655261993408,10.481575727462769,9.945104718208313,139.92835998535156,3.8848155736923218,1,38.09387445449829,16.092945337295532,1087.8315160274506,486.7885458469391,9089.550018310547,25233.763542175293,1673.7459888458252,286.56585216522217,869.6079568862915,844.6011346578598,6.084977388381958,3713.5324931144714,489.3757200241089,684.9728345870972,2634.0993452072144,452.75978851318354,3.5887449979782104,549.2015075683594,1616.5800352096558,57.09219455718994,647.4369049072266,283.5430850982666,1086.8003997802734,284.37311589717865,99.19028282165527,1.0,7189.002415418625,6372.768913030624,1022.3017024993896,4018.739008903503,429.6428829431534,1546.7430901527405,5049.208778381348,3880.255540847779,623.4494590759277,167.43212342262268,1091.2032356262207,1120.2719688415527,3947.775354385376,1297.0154571533203,4971.339550018311,7.963758334517479,2826.250548362732,2410.046821832657,41.13267779350281,38294.42882537842,3192.3971271514893,223.250612616539,8613.55196237564,1.0,22.543364726006985
TEST_06+2일,148.83246421813965,3787.317581176758,89.77336883544922,34.39974856376648,1.9897277653217316,3.3348071575164795,614.2152870893478,1.0,8.36605191230774,1.0625816881656647,1.8463347852230072,1.0,1.7688094079494476,1.0,599.7907161712646,1.0,2358.5055828094482,1.9654718041419983,3.7964510917663574,3557.0699167251587,451.8712377548218,9.254713654518127,1.0,1,355.0294876098632,1,1,5961.984114646912,260.83868980407715,60.33687436580658,28.347676634788513,61.6366868019104,18.342511653900146,8.7529057264328,5.028675198554993,34.29429531097412,2809.778175354004,105.90330004692078,8.619388937950134,2407.1313619613647,1036.9208135604858,9.141708016395569,87.80232238769531,1,2.422984689474106,33.050456047058105,1,39.709046840667725,2.2304806113243103,39.900630712509155,596.1243944168091,3.2776448130607605,179.25960159301758,1.584240347146988,19.12550389766693,1.2936809659004211,10.226761102676392,9.675875306129456,9.360524415969849,1.0,323.8420104980469,139.4941005706787,357.57986426353455,416.2370910644531,208.07596671581268,28.710651397705078,1.4897945523262024,6.878402829170227,29.374253749847412,3.550865054130554,14.468505084514618,44.12234973907471,2.2762881219387054,1.017337143421173,40.84514856338501,60.567957162857056,2.4947497248649597,13.075648248195648,2.034514993429184,43.03633189201355,10.031460523605347,8.491689562797546,3.676043748855591,2.7129873633384705,10.21041989326477,18.64217519760132,15.509900450706482,11.715474128723145,22.53167724609375,85.78811049461365,3521.1452007293706,7.421766519546509,37.13273286819458,232.65244960784912,1.9745083153247833,1,1,2.2609227895736694,1428.0807151794434,152.9802803993225,6.890546679496765,2.4948689341545105,146.926420211792,1.866636246442795,7597.1585512161255,7142.235431671143,1034.3602714538574,47.47829723358154,52.10348963737488,6.392449140548706,50.2862548828125,8.166379928588867,9.934810400009155,1.816810816526413,2.0544302463531494,3.244035840034485,21.913849711418152,10.271111726760864,18.528658747673035,2.928391396999359,2.4644164741039276,1,1.145051121711731,1.0,1.0,1.7377992868423462,1,1.0422776937484741,1.4371217787265778,25.436300039291382,1.2450155019760132,1.0,1,38.97554636001587,28.234789669513702,38.45290660858154,22.034053802490234,8.368817567825317,9.628556966781616,135.65851211547852,4.010041654109955,1,37.35388994216919,12.143017053604126,1080.3057247400284,479.2106705904007,9058.897018432617,25156.32314682007,1629.4222922325134,294.86427307128906,840.9415626525879,864.5256167650223,6.014607548713684,3640.8858845233917,530.9886884689331,687.4556112289429,2609.759653568268,450.10893344879145,3.6352142691612244,685.6843757629395,1638.1383175849915,56.427226066589355,643.4843950271606,282.96534729003906,1096.5363883972168,293.15217912197113,99.0111255645752,1.0,6737.537620306015,6378.731693029404,988.8468647003174,3958.564882278442,423.9244741201401,1496.4110279083252,4910.865650177002,4223.716424942017,626.806652545929,167.5028908252716,1120.4452638626099,1107.6991844177246,3901.607732772827,1291.8955993652344,4971.734886169434,1.0,2829.8244857788086,2409.2233300209045,37.933788895606995,38081.50019645691,3174.382553100586,227.3297756910324,8579.6440243721,1.0,30.532322600483894
TEST_06+3일,148.21545600891113,3774.7863006591797,90.48564147949219,33.78885221481323,1.8421119451522827,2.966335117816925,611.3185415267944,1.0,7.922656536102295,1.0,1.4127957820892334,1.0,1.4552472531795502,1.0,596.8907117843628,1.0,2352.3958683013916,1.844511330127716,3.5520613193511963,3520.750868320465,448.30164194107056,8.691973686218262,1.0,1,357.552284002304,1,1,5942.062883377075,261.0893325805664,59.415148973464966,28.162333726882935,61.44732713699341,18.406105041503906,8.675578832626343,6.749069094657898,35.09312868118286,2784.661231994629,104.96530294418335,7.158393859863281,2395.6050634384155,1040.0400664806366,9.15582001209259,87.69850158691406,1,2.51950740814209,31.86527729034424,1,39.742193937301636,2.1328802406787872,39.49994397163391,596.5621213912964,2.753271460533142,178.27645301818848,1.0,15.932816863059998,1.0,10.18957257270813,9.464046955108643,9.11480724811554,1.0,321.6107177734375,139.8757381439209,357.71047925949097,411.9784426689148,206.4558870792389,28.988099098205566,1.050214245915413,5.598377585411072,23.170228004455566,3.5411810874938965,14.013019502162933,44.36262226104736,2.2100959718227386,2.3907187581062317,39.99871349334717,60.67118048667908,2.0816558599472046,13.271476328372955,2.758641541004181,43.26043081283569,10.185242891311646,8.602248430252075,3.7246057391166687,2.9436439275741577,10.424814224243164,18.722248077392578,15.529634356498718,11.683192253112793,22.365495681762695,86.00967407226562,3524.569029808045,6.229347586631775,26.37664794921875,229.0788974761963,1.0797655582427979,1,1,1.9241167604923248,1416.827350616455,153.17805862426758,6.435789465904236,2.418839931488037,145.70189952850342,1.8257618546485903,7678.938031196594,7086.921806335449,1035.2097263336182,47.87956619262695,51.71789526939392,6.141981482505798,49.532270431518555,7.903233170509338,9.709771871566772,1.7212392389774323,2.1976883709430695,3.1779804825782776,21.94273352622986,10.082796812057495,18.698403239250183,1.9276134669780731,2.812522053718567,1,1.4160218238830566,1.2899362146854403,1.3502566814422607,1.9593135118484497,1,1.349950909614563,1.7915299534797668,25.617942810058594,1.5735536813735962,1.0,1,27.96823263168335,27.78828203678131,26.361653804779053,17.374831438064575,8.923263549804688,9.807766079902649,136.88140869140625,3.896898031234741,1,38.03307056427002,9.114675521850586,1089.8577327728271,498.1050932407379,8999.990844726562,25065.470447540283,1689.303840637207,279.345440864563,861.5331888198853,756.6924601793289,5.980337858200073,3546.0852661132812,499.2875623703003,670.3077006340027,2608.428806066513,450.54887008666987,3.6167803406715393,696.0857391357422,1618.7956964969635,56.25558853149414,645.5364675521851,282.6850519180298,1096.9793167114258,290.85511207580566,98.6390495300293,1.0,6892.370330572128,6330.1860020160675,982.0407676696777,3837.0629644393916,403.993518948555,1523.9653992652893,5064.245185852051,4013.9976062774663,620.3846287727356,166.6360867023468,1166.957194328308,1067.1466541290283,3913.087511062622,1296.7555618286133,4991.299543380737,9.064374342560768,2846.3693618774414,2400.1066374778748,38.380510210990906,38184.53035354614,3164.6535301208496,220.99784016609192,8549.649512767792,1.0,23.85893303900957
TEST_06+4일,148.13286781311035,3783.9791107177734,90.55228424072266,35.03516626358032,1.9643501937389374,3.2710498571395874,602.1549352407455,1.0,8.37124228477478,1.0,1.6346803307533264,1.0,1.8394403159618378,1.0,596.0668087005615,1.0,2356.501293182373,1.7410030961036682,3.590790629386902,3527.3953461647034,449.9144983291626,9.153997600078583,1.1495022475719452,1,356.52606725692743,1,1,5944.238069057465,259.8190727233887,59.15294623374939,27.87266969680786,62.28247690200806,17.869078516960144,8.727623224258423,6.206416636705399,34.675965309143066,2782.640800476074,102.78166651725769,5.976478457450867,2396.338391304016,1048.8994054794312,9.314295649528503,88.88153839111328,1,2.417673021554947,31.559131145477295,1,39.751991987228394,2.191183865070343,39.232141971588135,592.8857421875,2.0624524354934692,176.9369673728943,1.0,16.59168541431427,1.0,10.12749433517456,9.526470303535461,8.969772458076477,1.0,324.0430908203125,138.96275997161865,358.5346791744232,414.0551962852478,205.49662971496582,28.7434720993042,1.5206629037857056,6.322765946388245,20.850372314453125,3.607628047466278,14.400260746479034,44.71318578720093,2.108982801437378,4.140010178089142,40.51099729537964,60.60106158256531,2.132907807826996,12.93914258480072,2.9669874906539917,43.17448019981384,10.22904634475708,8.579226732254028,3.646518290042877,2.4864953756332397,10.376143455505371,19.86123561859131,16.037017107009888,11.830228567123413,21.698040008544922,85.26625204086304,3549.3317842483525,6.3171422481536865,23.304061889648438,232.0504846572876,1.6656407713890076,1,1,1.85765340924263,1418.7264518737793,152.8901882171631,7.485937476158142,2.599512040615082,143.32879114151,1.6420283019542696,7731.124699115753,7113.232154846191,1044.8007926940918,47.20628595352173,52.15250253677368,5.928910970687866,49.87788677215576,8.065859079360962,9.510613679885864,1.6013020277023315,2.092849016189575,3.1823644042015076,22.17242181301117,10.381838083267212,18.69773268699646,2.3292456567287445,2.6102179288864136,1,1.422181248664856,1.275135934352875,1.3478938341140747,1.863114833831787,1,1.2788560390472412,1.7319464683532715,25.229617953300476,1.7738553285598755,1.0,1,25.247445106506348,27.43851602077484,27.051100730895996,16.32260262966156,8.20112407207489,9.831789135932922,138.46027374267578,3.9242637157440186,1,38.936405181884766,7.591203451156616,1076.4412860870361,469.6211224794388,9038.578605651855,25324.909496307373,1589.6921038627625,278.3021926879883,865.8973274230957,846.552352309227,5.915435552597046,3739.2752072811127,493.6520528793335,680.969443321228,2573.652365207672,452.3826737403869,3.4133172035217285,558.991641998291,1580.5466673374176,54.453797340393066,634.5165843963623,276.96499824523926,1060.4844388961792,300.76601922512054,99.33868408203125,1.0,6708.823239803314,6080.641146659851,997.7528762817383,4074.6515440940852,413.4098982810974,1437.450134754181,4849.168224334717,4009.7395329475407,626.0692667961121,164.97429728507996,1111.9206404685974,1068.6538314819336,3932.0393562316895,1296.430892944336,4970.07420539856,2.539210580289364,2837.921905517578,2405.849550962448,41.92183256149292,38300.082206726074,3163.1914615631104,230.57840764522552,8628.125274181366,1.0,30.73918215930462
TEST_06+5일,148.07083129882812,3776.681442260742,89.93209838867188,33.28117895126343,2.07587793469429,3.351675570011139,606.8705923557281,1.0,7.9140084981918335,1.0,2.419835925102234,1.0,1.74056276679039,1.0,594.914710521698,1.0,2344.8580741882324,1.8515464663505554,3.6297637224197388,3552.3437547683716,450.9444737434387,9.152315855026245,1.2718786299228668,1,361.7266201972961,1,1,5946.259903907776,258.7326879501343,59.75287735462189,27.766186237335205,61.15495777130127,18.24963390827179,8.680568933486938,5.941110402345657,34.780216217041016,2804.188034057617,102.98827171325684,7.2371906042099,2399.7782230377197,1037.9503786563873,9.109517931938171,88.51876068115234,1,2.589947283267975,30.9287166595459,1,40.40698218345642,2.158282548189163,39.17185616493225,590.2229156494141,2.6578211784362793,176.35336685180664,1.0467906296253204,14.182687997817993,1.1777609586715698,10.162086486816406,9.260425567626953,9.214319586753845,1.0,324.2947692871094,138.66229248046875,357.99884033203125,414.28915214538574,208.62711918354034,28.530938625335693,2.189149409532547,7.722684741020203,26.21206521987915,3.5277915000915527,14.488151371479034,44.30219221115112,2.191885858774185,2.397702932357788,40.67778444290161,59.16556119918823,2.8016233444213867,13.15375953912735,2.961874306201935,43.263163566589355,9.833482503890991,8.299756050109863,3.738703429698944,2.256517857313156,10.544435977935791,19.29473876953125,15.984306335449219,11.820129156112671,21.610702514648438,83.9195990562439,3548.9600729942326,7.569833993911743,28.651721477508545,230.6978530883789,2.7443039417266846,1,1,1.9642862677574158,1426.2435493469238,152.8520164489746,9.42666471004486,2.4872860312461853,143.5297336578369,1.765365779399872,7743.699431419373,7151.096324920654,1044.2740154266357,47.522629737854004,51.11421346664429,5.789386630058289,49.18477535247803,8.284483551979065,9.852687120437622,2.0047934353351593,2.207493335008621,3.325740694999695,22.928513288497925,10.37082314491272,18.750733137130737,2.9015594720840454,2.3783259093761444,1,1.636739730834961,2.4372665882110596,1.6626272201538086,2.0152623653411865,1,1.7918673753738403,2.3991745710372925,25.766785740852356,1.8766183853149414,1.0,1,34.0106725692749,27.914019227027893,36.95474624633789,17.998196482658386,6.910564303398132,9.636148810386658,138.79054069519043,3.91891747713089,1,38.74661207199097,8.54671835899353,1059.4183696508408,474.9022436141968,8969.670867919922,25152.84397125244,1619.6813349723816,295.17738819122314,860.1537094116211,755.5652439594269,6.016283631324768,3545.887162923813,533.156361579895,701.9695806503296,2595.646288871765,447.53712892532343,3.4266093373298645,660.9530067443848,1557.9825880527496,53.1516695022583,635.4599227905273,276.61756324768066,1083.1285419464111,300.735964179039,98.32837104797363,1.0,6717.946860790253,6155.030535936356,1012.5121593475342,3969.3317484855647,408.9173287153244,1539.4765138626099,4917.664405822754,4021.8304648399358,615.8528184890747,162.8421986103058,1111.4624872207642,1080.134801864624,3943.12668800354,1292.0575332641602,4957.609462738037,1.0,2836.2384128570557,2402.1692883968353,33.43786805868149,38208.747482299805,3165.4505825042725,214.52723443508148,8626.553332805634,1.0,22.5226035900414
TEST_06+6일,148.25647354125977,3748.82080078125,89.45177459716797,34.714998722076416,2.308318018913269,3.6608946323394775,600.3914850950241,1.0,8.18468689918518,1.18071049451828,3.222786784172058,1.0,1.7860786616802216,1.0,599.1065740585327,1.0,2338.595151901245,2.2401753067970276,3.963271677494049,3537.54323720932,447.0615863800049,9.064354598522186,1.3347841799259186,1,357.4708986282348,1,1,5932.608325481415,261.5564489364624,59.39297032356262,28.193678498268127,61.89000105857849,18.232165575027466,8.689697980880737,6.57712921500206,36.013054847717285,2798.124984741211,103.52343082427979,8.89081597328186,2404.6541690826416,1039.0757460594177,9.215508103370667,88.84317779541016,1,2.4645663797855377,31.748881340026855,1,39.574774742126465,2.1488337218761444,40.03797388076782,593.5975193977356,3.153078258037567,176.5932755470276,1.5809324383735657,20.689573287963867,1.89819797873497,10.217278003692627,9.260795712471008,9.413447976112366,1.0373986512422562,324.6526184082031,139.8244686126709,358.10353767871857,415.6603322029114,208.73875379562378,28.587043285369873,2.787361443042755,8.84334146976471,33.24366569519043,3.409584164619446,14.687999188899994,43.75738549232483,2.210387885570526,2.236258089542389,40.26239013671875,59.96035933494568,3.55387806892395,13.010859489440918,1.9760695099830627,43.522785663604736,9.581906795501709,7.982953786849976,3.683791160583496,3.0747148394584656,10.283064842224121,18.858057260513306,16.015931367874146,11.6818106174469,21.925933837890625,84.49771785736084,3538.174245357514,7.9998791217803955,40.16797065734863,228.98741054534912,4.108395278453827,1,1,2.25982129573822,1397.920051574707,153.53716564178467,11.141129732131958,2.4785499274730682,144.49915838241577,1.7844696044921877,7714.422047138214,7137.1325969696045,1043.1894264221191,47.45735836029053,51.604777574539185,6.183027029037476,46.44038677215576,7.733228802680969,9.770450592041016,2.134844958782196,2.0539526641368866,3.255821466445923,21.7418771982193,9.905515909194946,19.080628752708435,2.9732710123062134,2.648954689502716,1,1.7054486274719238,2.4451708495616913,1.5526751279830933,1.843064308166504,1,1.688839077949524,2.9284220933914185,24.897462129592896,1.6688462495803833,1.0,1,47.697691917419434,27.906600832939148,54.33370113372803,24.439609050750732,9.67336118221283,9.79610800743103,137.9464817047119,3.911295235157013,1,39.021878242492676,12.033696174621582,1058.9406757354736,487.48244404792786,8963.826370239258,25207.753009796143,1654.3959321975708,281.73110485076904,866.4022178649902,865.6038308143616,5.9042441844940186,3634.077208042145,516.7186689376831,660.0160551071167,2617.0079669952393,449.62273406982416,3.431292474269867,677.1237373352051,1614.2816438674927,50.3345251083374,632.5910015106201,275.7205057144165,1086.4010486602783,289.1520255804062,98.30565452575684,1.0,6899.7671847343445,6027.414003372192,996.2517070770264,3891.98798418045,412.66823172569275,1512.0996689796448,5017.46435546875,3947.8227877616887,597.5311970710754,163.04877161979675,1072.2351865768433,1101.307315826416,3936.024923324585,1295.8943939208984,4946.014280319214,7.161676473915577,2827.725853919983,2403.394453525543,40.50855040550232,38116.97244644165,3167.936210632324,223.2576459646225,8620.407724380493,1.0,26.20143011212349
TEST_06+7일,148.59735488891602,3756.3299560546875,89.70667266845703,34.39165782928467,2.4022305011749268,3.7847521901130676,603.5641465187073,1.0,7.645907402038574,1.6072314977645874,3.527195155620575,1.0,1.9010718166828156,1.0,597.8995442390442,1.0,2330.1541328430176,2.323140799999237,4.370492994785309,3502.2238445281982,448.80341053009033,9.228719472885132,1.228204220533371,1,356.8972206115722,1,1,5933.028123378754,261.8672933578491,60.40170478820801,28.98187780380249,61.57425785064697,18.04750621318817,8.600660562515259,5.65650075674057,35.29570817947388,2807.655616760254,102.56728410720825,10.759003162384033,2396.63245677948,1054.6483697891235,8.929396271705627,87.93431854248047,1,2.343027889728546,31.509757041931152,1,40.12502336502075,2.170550525188446,40.26619815826416,589.5978174209595,4.00645524263382,176.25195264816284,1.9964921474456787,27.159454822540283,2.248113453388214,10.093778371810913,8.989607691764832,9.65730905532837,1.0,323.6791687011719,139.4351406097412,352.3190792798996,413.1743235588074,206.68967521190643,28.488729000091553,2.8418931365013123,9.956777095794678,35.4920220375061,3.504394292831421,14.91411566734314,43.33394241333008,2.281748056411743,4.339218735694885,40.41189432144165,59.984004497528076,3.6577409505844116,13.09252917766571,3.031715452671051,44.286823749542236,9.500421285629272,8.364562392234802,3.6547845602035522,4.045660197734833,10.495072603225708,19.36071753501892,15.820144414901733,12.00968861579895,22.01891326904297,86.10215067863464,3555.0201702117924,8.946128487586975,56.891446113586426,228.38529109954834,4.385727643966675,1,1,2.598598301410675,1414.9092407226562,154.25011253356934,11.000940799713135,2.5887176394462585,143.24357557296753,1.9974780678749087,7688.861668109894,7127.471590042114,1043.0174732208252,46.92255163192749,51.16269588470459,6.380499601364136,46.71003341674805,8.512170314788818,9.907146096229553,2.1852335333824158,2.057097405195236,3.261203169822693,21.961761116981506,10.063281059265137,19.406737089157104,3.9728569984436035,3.0581465363502502,1,1.0580145120620728,1.0,1.0,1.5435246229171753,1,1.0,1.488116830587387,24.86445665359497,1.120996356010437,1.0,1,61.18942737579346,27.393229603767395,61.28495693206787,31.053017377853394,11.52664303779602,9.8396497964859,137.7524185180664,3.7969422340393066,1,38.524649143218994,15.700175762176514,1058.8104014396667,487.8380227088928,8997.074317932129,25107.652225494385,1626.4809665679932,278.24506759643555,859.2619972229004,818.5928446054459,5.81088662147522,3660.593247652054,514.7307395935059,683.9002323150635,2567.486503124237,445.73122978210444,3.341643512248993,453.5570812225342,1569.917610168457,52.78512001037598,625.9870052337646,273.1462879180908,1051.250482559204,290.21286249160767,98.2778263092041,1.0,6680.03235244751,5993.515646934509,1000.4676914215088,4006.6506540775295,407.6430416107178,1478.599727153778,4993.598724365234,4021.5927681922917,605.1953792572021,163.7396764755249,1122.5358309745789,1090.902338027954,3927.746639251709,1296.2202072143555,4947.886524200439,5.740448236465454,2818.2577514648438,2407.3247623443604,48.88941705226898,38099.305629730225,3162.0507431030273,228.45035791397095,8619.49096918106,1.0,23.92511749640107
TEST_07+1일,149.10357475280762,3788.3190536499023,89.42810821533203,34.697490215301514,2.240212857723236,1.44077867269516,607.1954311132431,1.0,7.571895122528076,1.1180926859378815,1.678510457277298,2.104586213827133,7.595481872558594,1.0,597.0842242240906,1.0,2341.6590213775635,1.0,3.6001449823379517,3560.110092163086,454.09939527511597,10.40865182876587,1.0,1,359.39851284027094,1,1,5963.901000022888,259.36704540252686,60.8855105638504,27.995154857635498,60.84423565864563,18.16776752471924,8.449605107307434,7.793645560741425,34.59536552429199,2813.9732818603516,106.56935334205627,11.237732172012329,2400.222659111023,1043.4143104553223,8.814810514450073,87.17011260986328,1,2.4855712056159973,33.133509159088135,1,40.11741781234741,1.416519582271576,40.21722888946533,597.1288685798645,2.834945023059845,178.9621148109436,1.7802374064922333,22.633357644081116,1.2358266115188599,7.913397550582886,8.028203845024109,9.304466843605042,2.4580512940883636,325.4399719238281,138.76459121704102,355.83028292655945,416.867458820343,207.74935340881348,29.8478102684021,2.3007194697856903,8.776866793632507,34.61450815200806,1.0,13.222416043281555,44.417733669281006,1.7331549525260925,2.2346776723861694,40.4567015171051,61.51534914970398,1.939520239830017,1.3644301146268845,1.937473714351654,43.32488656044006,2.0720790326595306,6.317747235298157,2.708083987236023,3.5036975145339966,10.088104009628296,17.240576148033142,15.508090853691101,11.964454650878906,22.155298233032227,84.77076411247253,3509.2084908485417,7.3647695779800415,46.52890682220459,230.18474864959717,1.9035328924655914,1,1,2.5079086422920227,1414.2419242858887,154.0107479095459,8.174154162406921,2.4570298194885254,146.55111122131348,1.0,7525.129973888397,7120.715074539185,586.8903274536133,47.534725189208984,51.79867744445801,6.29343569278717,28.266589641571045,7.532552480697632,6.27984344959259,3.3666586875915527,2.0584867894649506,1.870928406715393,6.4157626032829285,3.820682168006897,19.03119921684265,1.8653877079486847,4.475954174995422,1,1.0,1.0,1.0,1.0,1,1.0,1.0,24.816425442695618,1.0,1.0,1,27.74517059326172,27.749416828155518,16.99839472770691,10.464813709259033,2.507568895816803,9.874797463417053,139.9245262145996,3.5164248943328857,1,38.0810284614563,8.225176334381104,1087.8217132091522,486.7689424753189,9089.550590515137,25233.763542175293,1673.7315292358398,7.779914140701294,869.6049127578735,844.5728087425232,1.0,3713.5261306762695,1.0,684.960286617279,2634.0962133407593,452.73114967346186,1.0,549.184684753418,1616.5766925811768,12.066640853881836,647.4199619293213,283.5390348434448,1086.693437576294,1.0,1.0,57.12814807891846,7188.983824968338,6372.738405227661,1022.2993659973145,4018.7256097793575,429.6203577518463,1546.7397832870483,5049.207626342773,3880.248000621796,623.4479188919067,167.01627373695374,1091.191984653473,1120.2686309814453,3947.775354385376,1297.0156860351562,4971.339998245239,1.0,2826.2491369247437,2410.0469756126404,21.215718686580658,38294.42882537842,3192.396755218506,234.82006788253784,8613.556385040283,1.0,98.8267558068037
TEST_07+2일,148.832426071167,3787.3189544677734,89.77263641357422,34.398104190826416,1.0,1.0681769251823425,614.2153798341751,1.0,7.444449067115784,1.0,1.215180680155754,1.1109352856874466,5.216335654258728,1.0,599.7879266738892,1.0,2358.505868911743,1.0,2.449740022420883,3557.07133769989,451.87291145324707,10.19589364528656,1.0,1,355.0280356407165,1,1,5961.983156204224,260.7564468383789,60.29849660396576,28.03876030445099,61.634697675704956,18.33894968032837,8.745128512382507,7.029289752244949,34.30320978164673,2809.7734375,105.9013557434082,8.677485585212708,2407.1285247802734,1036.9134838581085,8.751840591430664,87.80245971679688,1,2.4621330201625824,34.244346618652344,1,39.721614360809326,1.2069522589445114,39.901084423065186,596.1225862503052,2.288445234298706,179.26027059555054,1.3951033353805542,18.321797847747803,1.0,8.09364914894104,8.39057981967926,9.348477721214294,2.5764527916908264,323.83612060546875,139.49613332748413,357.58008205890656,416.2368354797363,208.0905350446701,28.70866060256958,1.6670361161231995,6.42576277256012,29.032316207885742,1.036958247423172,13.431697189807892,44.1213059425354,1.8942326307296753,1.1270353943109512,40.834983348846436,60.57093143463135,1.1845356225967407,1.5585074946284294,1.0,43.032214403152466,1.9742798805236816,6.367048621177673,2.515241503715515,2.7978086471557617,9.739428162574768,17.46590495109558,15.504398345947266,11.695287227630615,22.526845932006836,85.7827935218811,3521.1612510681157,6.066582798957825,28.98834466934204,232.65067291259766,1.0,1,1,2.129102349281311,1428.0807151794434,152.98060083389282,6.5753984451293945,2.5027748942375183,146.79951810836792,1.0,7597.1574783325195,7142.234869003296,574.7487230300903,47.4611873626709,52.104318141937256,6.294581294059753,26.51205539703369,7.5817954540252686,6.400865912437439,2.8638625144958496,2.064545601606369,1.8966634571552277,6.528558433055878,4.099216163158417,18.474707007408142,1.3069796562194824,4.4800156354904175,1,1.2329944372177124,1.5437400043010714,1.0,1.0,1,1.1179378032684326,1.3377885520458221,25.43310284614563,1.2812589406967163,1.0,1,14.829620122909546,28.144688308238983,9.184801578521729,3.257543072104454,1.0,9.581834077835083,135.65648078918457,3.5882219672203064,1,37.34231233596802,4.94524747133255,1080.2962443828583,479.1910672187805,9058.897590637207,25156.32314682007,1629.4083490371704,4.663335531949997,840.9384641647339,864.4960713386536,1.0,3640.873159646988,1.0,687.4426102638245,2609.7537813186646,450.07933998107904,1.0,685.6844329833984,1638.1349749565125,11.179795265197754,643.4664211273193,282.9612970352173,1096.427381515503,1.0,1.0,56.74116611480713,6737.520459890366,6378.701783418655,988.8447952270508,3958.5524880886073,423.9020508527756,1496.4078950881958,4910.865074157715,4223.708166599274,626.805157661438,166.86477184295654,1120.433671951294,1107.6958465576172,3901.607732772827,1291.8957138061523,4971.734886169434,1.0,2829.823250770569,2409.2236375808716,20.070778131484985,38081.50019645691,3174.381809234619,239.33282494544983,8579.649078845978,1.0,105.58920085430145
TEST_07+3일,148.21541786193848,3774.788017272949,90.48486328125,33.79476881027222,1.0,1.0,611.318727016449,1.0,7.048689126968384,1.0,1.0,1.0,4.280234277248383,1.0,596.8880653381348,1.0,2352.397584915161,1.0,2.1267352998256683,3520.7522892951965,448.30331563949585,9.690983891487122,1.0,1,357.5508320331573,1,1,5942.062404155731,261.0086088180542,59.371063470840454,27.923872709274292,61.44533157348633,18.39013695716858,8.675675988197327,8.872962892055511,35.09643077850342,2784.656318664551,104.96365904808044,8.268389701843262,2395.6023931503296,1040.0325303077698,8.851262331008911,87.6987533569336,1,2.5388070940971375,32.88538455963135,1,39.76013255119324,1.3302859663963318,39.45850419998169,596.5603885650635,1.8644268810749054,178.27794456481934,1.0,15.334632396697998,1.0,8.054553270339966,8.305970430374146,9.108461141586304,2.652938961982727,321.6049499511719,139.87788105010986,357.710697054863,411.9782190322876,206.4712940454483,28.987298011779785,2.0528973639011383,5.238591432571411,23.003761768341064,1.0,12.962336540222168,44.36260652542114,1.8070641160011292,1.7695052921772003,39.99025821685791,60.6725811958313,1.1018016189336777,2.1144841611385345,1.6515728831291199,43.2560510635376,2.132560759782791,6.306675672531128,2.505680024623871,3.234977126121521,10.013871192932129,17.23043382167816,15.518953800201416,11.646925210952759,22.362152099609375,86.00407361984253,3524.585444927216,5.02562940120697,19.39026117324829,229.07727527618408,1.0,1,1,1.7696987092494965,1416.827350616455,153.17848920822144,6.384563446044922,2.420337051153183,145.6111364364624,1.0,7678.935885429382,7086.921806335449,588.3464708328247,47.86073589324951,51.71857476234436,6.080846190452576,28.58743906021118,7.163678407669067,6.108475923538208,2.641313076019287,2.204442024230957,1.80361807346344,6.767781525850296,3.6695274710655212,18.641077280044556,1.8888270854949951,4.370421767234802,1,1.5422508716583252,1.4167406857013705,1.3321558237075806,1.23369300365448,1,1.5343729257583618,1.6856497526168823,25.61637818813324,1.6971412897109985,1.0,1,6.035124063491821,27.690566182136536,1.0,1.0,1.679428368806839,9.737102389335632,136.87883377075195,3.4868818521499634,1,38.017799854278564,1.940104067325592,1089.8481879234314,498.0848443508148,8999.991989135742,25065.470447540283,1689.2888646125793,5.502639338374138,861.5301446914673,756.6666841506958,1.0,3546.067624807358,1.8768125027418137,670.2947449684143,2608.425282716751,450.51931333541864,1.0,696.0892868041992,1618.7923538684845,10.90152382850647,645.5191659927368,282.6810312271118,1096.8694152832031,1.0,1.0,58.123207092285156,6892.353170156479,6330.155494213104,982.0386981964111,3837.0502352714534,403.972624540329,1523.9619183540344,5064.244033813477,4013.9893479347234,620.3829526901245,165.88706374168396,1166.9451932907104,1067.1432495117188,3913.087511062622,1296.7555618286133,4991.299991607666,1.0,2846.367950439453,2400.106945037842,18.412003815174103,38184.53035354614,3164.6535301208496,234.1793179512024,8549.653935432434,1.0,95.32028049230576
TEST_07+4일,148.1328296661377,3783.980827331543,90.55156707763672,35.04206895828247,1.0,1.070115566253662,602.1550279855728,1.0,7.364784479141235,1.0,1.0146397352218628,1.0,5.06983757019043,1.0,596.064019203186,1.0,2356.501579284668,1.0,3.027927577495575,3527.396411895752,449.9159240722656,10.206690430641174,1.0,1,356.5246403217315,1,1,5944.238069057465,259.74066638946533,59.12322521209717,27.59424090385437,62.28130531311035,17.85539746284485,8.728055357933044,8.21260392665863,34.67535734176636,2782.635711669922,102.78092384338379,7.565121650695801,2396.3353872299194,1048.89155960083,9.009283781051636,88.88177490234375,1,2.453593760728836,32.610905170440674,1,39.77075934410095,1.3537710905075073,39.19777274131775,592.8840470314026,1.4412766695022583,176.9387879371643,1.0,16.027607917785645,1.0,8.100426197052002,8.286935687065125,8.962678909301758,2.6605457067489624,324.03692626953125,138.96490287780762,358.5349280834198,414.054940700531,205.5141452550888,28.7408447265625,2.8401699662208557,5.955554842948914,20.549168586730957,1.0,13.281728625297546,44.71262979507446,1.619637906551361,2.308412939310074,40.500420331954956,60.60449481010437,1.1365911364555359,2.0110074430704117,1.889076977968216,43.17068266868591,2.438094913959503,6.30889356136322,2.5144416093826294,2.6687729358673096,9.87567126750946,18.086044192314148,16.026134490966797,11.792232990264893,21.693557739257812,85.261958360672,3549.3478345870976,5.1335448026657104,17.246947288513184,232.04865646362305,1.0,1,1,1.6907072067260742,1418.7264518737793,152.89056873321533,7.647676467895508,2.601744532585144,143.22775411605835,1.0,7731.122553348541,7113.231592178345,590.178768157959,47.18657970428467,52.1531343460083,5.865087509155273,29.736380577087402,7.481687664985657,6.036825180053711,2.378566265106201,2.1004140377044678,1.9601765275001526,6.921138167381287,4.064679145812988,18.667736649513245,2.4887117743492126,4.285504221916199,1,1.425496220588684,1.6419481933116915,1.3178538084030151,1.359269380569458,1,1.4698500633239746,1.6386941075325012,25.224645137786865,1.958274245262146,1.0,1,8.976576328277588,27.36769288778305,2.4921223521232605,1.5599124133586884,3.3611437678337097,9.779178500175476,138.45791816711426,3.4316501021385193,1,38.91307353973389,1.6966599225997925,1076.431612253189,469.6016889810562,9038.579750061035,25324.909496307373,1589.6779885292053,3.5460539162158966,865.8943920135498,846.5237492322922,1.0,3739.2584335803986,2.4016425013542175,680.9562158584595,2573.64884185791,452.35359430313105,1.0,558.9784812927246,1580.5433247089386,10.686827898025513,634.4991035461426,276.9610958099365,1060.3747930526733,1.0,1.0,57.32777118682861,6708.805364370346,6080.613031625748,997.7507400512695,4074.6381449699397,413.38815450668335,1437.4468278884888,4849.16764831543,4009.731633663178,626.0677266120911,164.30750012397766,1111.9089121818542,1068.6506271362305,3932.0393562316895,1296.431007385254,4970.07420539856,1.0,2837.9206705093384,2405.849858522415,22.40678757429123,38300.082206726074,3163.1914615631104,242.55940318107605,8628.130328655243,1.0,104.05807703733444
TEST_07+5일,148.07079315185547,3776.6831588745117,89.93138122558594,33.286279916763306,1.384744644165039,1.2349673360586166,606.870731472969,1.0,6.928178668022156,1.0,1.4589589834213257,1.3456283509731293,7.861341834068298,1.0,594.9119925498962,1.0,2344.8590755462646,1.0,4.522179663181305,3552.34482049942,450.94608545303345,10.114510953426361,1.2152007967233658,1,361.72509312629694,1,1,5946.259424686432,258.65536308288574,59.698939204216,27.66818594932556,61.152485847473145,18.242213129997253,8.687365055084229,7.956423461437225,34.78219509124756,2804.183120727539,102.98622727394104,8.56597900390625,2399.775552749634,1037.9429457187653,8.722476363182068,88.51904296875,1,2.6078900694847107,32.12252855300903,1,40.41752767562866,1.2428364157676697,39.12735056877136,590.2211451530457,1.8447990715503693,176.35481452941895,1.0,14.577120244503021,1.0,8.246402144432068,8.127543330192566,9.195777773857117,2.6295801997184753,324.28875732421875,138.66445541381836,357.99905812740326,414.28896045684814,208.6397706270218,28.52848768234253,3.2117411494255066,7.361237406730652,25.620980262756348,1.0220082104206085,13.519309759140015,44.30151557922363,1.7940141260623932,2.236434519290924,40.672033071517944,59.1677725315094,1.78363636136055,2.132144495844841,1.8885169923305511,43.26257348060608,2.6053375005722046,6.03337824344635,2.641793191432953,2.4870015680789948,10.115031003952026,17.968779802322388,15.973936915397644,11.780356168746948,21.607759475708008,83.91460704803467,3548.9761233329777,6.156258583068848,24.560821056365967,230.6962308883667,1.0709340870380402,1,1,1.8019689619541168,1426.2435493469238,152.85244703292847,9.660359025001526,2.4960798025131226,143.42677402496338,1.0,7743.697822093964,7151.096324920654,591.2518835067749,47.55408000946045,51.11478567123413,5.72291374206543,29.901962280273438,7.9380059242248535,6.433349847793579,2.924080491065979,2.2137315571308136,2.1023835241794586,6.478976905345917,4.612740874290466,18.710185289382935,2.5687217712402344,4.722146987915039,1,1.8326809406280518,2.72576367855072,1.6581461429595947,1.6538804769515991,1,1.904889464378357,2.3489464819431305,25.762962698936462,2.0875329971313477,1.0,1,23.229084014892578,27.80705749988556,8.226078152656555,6.0204823315143585,2.278132736682892,9.568037986755371,138.78911018371582,3.522023856639862,1,38.73286724090576,4.402508735656738,1059.4089537858963,474.882470369339,8969.671440124512,25152.84397125244,1619.6668753623962,2.065761014819145,860.1506109237671,755.544068813324,1.0,3545.8799328804016,3.134300708770752,701.9563984870911,2595.6441357135773,447.5096282958984,1.0,660.9341239929199,1557.9794125556946,11.186039447784424,635.4430246353149,276.6135425567627,1083.0183849334717,1.0,1.0,55.5372428894043,6717.929700374603,6155.000626325607,1012.5099563598633,3969.318684339523,408.89504134655,1539.473032951355,4917.66325378418,4021.823283672333,615.8512783050537,162.41378545761108,1111.4508271217346,1080.1314640045166,3943.12668800354,1292.0576477050781,4957.609462738037,1.0,2836.2370014190674,2402.169442176819,13.261648118495941,38208.747482299805,3165.4498386383057,227.7820110321045,8626.557755470276,1.0,97.3641948401928
TEST_07+6일,148.2564353942871,3748.8221740722656,89.45097351074219,34.73297667503357,2.821996808052063,1.363336592912674,600.3915778398514,1.0,7.145003080368042,1.3802717626094818,2.203575223684311,2.3517921566963196,10.365380048751831,1.0,599.1038918495178,1.0,2338.5965824127197,1.4901889860630035,5.913943648338318,3537.5443029403687,447.0631670951843,10.13866513967514,2.451065182685852,1,357.4694967269897,1,1,5932.607367038727,261.47384548187256,59.3501079082489,28.010688424110413,61.888391733169556,18.218666911125183,8.691110014915466,8.570196032524109,36.02437973022461,2798.1198959350586,103.52101922035217,11.225320100784302,2404.6514987945557,1039.068209886551,8.837974667549133,88.84349822998047,1,2.501142919063568,32.79630184173584,1,39.582186222076416,1.3946270942687988,39.97972059249878,593.5958242416382,2.3859280347824097,176.59465742111206,1.3873735070228577,20.70191502571106,1.4342403411865234,8.468255400657654,8.128455877304077,9.39460575580597,2.7292612195014954,324.64654541015625,139.82659149169922,358.1037554740906,415.6601085662842,208.75142920017242,28.584117889404297,3.601279556751251,8.405439853668213,32.35020399093628,1.0,13.68496298789978,43.75814604759216,1.8534913659095764,2.304619401693344,40.26459312438965,59.964579343795776,2.38337442278862,2.4915873259305954,1.0,43.520514488220215,2.8609001636505127,5.928530693054199,2.610740065574646,3.5940030217170715,9.916357398033142,17.34441876411438,16.009567379951477,11.640042066574097,21.92105484008789,84.49129462242126,3538.189930915833,6.56907320022583,38.657658100128174,228.98596858978271,1.918008178472519,1,1,2.104101926088333,1397.920051574707,153.53755617141724,11.098352670669556,2.489991635084152,144.379225730896,1.0,7714.420974254608,7137.132034301758,589.9858388900757,47.475234031677246,51.60564184188843,6.09910249710083,29.938058853149414,7.131664156913757,6.300802230834961,3.329358696937561,2.0607076585292816,1.9099222123622894,7.141328752040863,4.615239202976227,19.035730361938477,2.9172760248184204,4.661323726177216,1,1.562430500984192,2.020131289958954,1.5193767547607422,1.5985126495361328,1,1.779886245727539,2.962452471256256,24.887697100639343,1.8493574857711792,1.0,1,40.35682201385498,27.852454483509064,20.165083408355713,15.178302526473999,2.6206228137016296,9.718672037124634,137.9422664642334,3.5215890407562256,1,39.00238275527954,8.950968384742737,1058.9312598705292,487.4622631072998,8963.827514648438,25207.753009796143,1654.3811283111572,3.5770460963249207,866.3992280960083,865.5752831697464,1.0,3634.0769188404083,4.905543476343155,660.0034618377686,2617.000724554062,449.59475612640375,1.0,677.1179008483887,1614.2784683704376,10.85495114326477,632.5735206604004,275.71648502349854,1086.2937030792236,1.0,1.0,56.50348663330078,6899.750739336014,6027.384691953659,996.2494373321533,3891.9752550125118,412.64553666114807,1512.0965361595154,5017.463203430176,3947.815247535706,597.5296568870544,162.44360089302063,1072.2239356040955,1101.3039779663086,3936.024923324585,1295.8946228027344,4946.014280319214,1.0,2827.7244424819946,2403.3947610855103,18.580338954925537,38116.97244644165,3167.9354667663574,236.05825006961823,8620.41277885437,1.0,98.66758190095425
TEST_07+7일,148.5973072052002,3756.331672668457,89.7060317993164,34.40824055671692,4.44708913564682,1.3575078547000885,603.5642392635345,1.0,6.661873459815979,1.696787178516388,2.5578463077545166,2.684159576892853,10.335807800292969,1.0,597.896683216095,1.0,2330.154848098755,1.7935873568058014,5.498594045639038,3502.224910259247,448.8048982620239,10.16717255115509,2.3063047230243683,1,356.89571857452387,1,1,5933.02764415741,261.79066371917725,60.35572350025177,28.6403865814209,61.572230100631714,18.03410053253174,8.60198974609375,7.667834758758545,35.29611349105835,2807.650703430176,102.56462216377258,12.362594604492188,2396.629786491394,1054.6408336162567,8.55438232421875,87.93455505371094,1,2.387332171201706,32.255568504333496,1,40.137876749038696,1.401139348745346,40.25942659378052,589.5961222648621,2.994382381439209,176.25411319732666,1.8084101378917694,26.724883317947388,1.6966646909713745,7.977185845375061,8.149829506874084,9.627678990364075,2.6496508717536926,323.6731872558594,139.43750381469727,352.3192970752716,413.174036026001,206.70453107357025,28.487765789031982,3.3245569467544556,9.442358613014221,34.69912767410278,1.0029436647891998,13.800380229949951,43.333874225616455,1.9023211300373077,2.011718302965164,40.405715465545654,59.988582134246826,2.4366100132465363,2.7547797560691833,2.0386624336242676,44.281006813049316,2.9923078417778015,6.238663196563721,2.638099789619446,4.648460149765015,9.984251260757446,17.815595269203186,15.809438824653625,11.972589492797852,22.015039443969727,86.09766340255737,3555.0362205505376,7.230857610702515,53.81752967834473,228.38366889953613,2.2443516552448273,1,1,2.4632205069065094,1414.9092407226562,154.2505931854248,10.616633892059326,2.593649923801422,143.13253498077393,1.0,7688.860058784485,7127.471590042114,604.2850465774536,46.95525026321411,51.16314888000488,6.287547945976257,29.11367177963257,8.231065273284912,6.258241534233093,3.52440744638443,2.06968754529953,2.1393010020256042,8.081130981445312,4.632260203361511,19.343934059143066,3.11332106590271,4.878132939338684,1,1.0,1.0,1.0,1.0,1,1.0,1.5331889688968658,24.8514461517334,1.2021217346191406,1.0,1,43.74492645263672,27.31857419013977,24.284353256225586,18.28562557697296,4.978416562080383,9.780924916267395,137.74924278259277,3.4664374589920044,1,38.50684404373169,11.046319007873535,1058.8007920980453,487.8180116415024,8997.074890136719,25107.652225494385,1626.466851234436,2.197917178273201,859.2589530944824,818.5647404193878,1.0,3660.591512441635,1.0,683.8877749443054,2567.4814138412476,445.70277452468866,1.0,453.54869842529297,1569.914434671402,11.554540395736694,625.9695243835449,273.1425037384033,1051.1448621749878,1.0,1.0,58.84324073791504,6680.015907049179,5993.486933708191,1000.4654216766357,4006.637254953384,407.62163758277893,1478.5965943336487,4993.59757232666,4021.584509849549,605.1938390731812,163.33810687065125,1122.523693561554,1090.8988666534424,3927.746639251709,1296.2203216552734,4947.887420654297,1.0,2818.2566928863525,2407.324916124344,28.383696377277374,38099.305629730225,3162.050371170044,239.54646289348602,8619.495391845703,7.917789481580257,100.75306355953217
TEST_08+1일,149.10490036010742,3788.3190536499023,89.42767333984375,34.72565174102783,2.881799340248108,2.6156002283096313,607.1977961063385,28.09700310230255,9.28670346736908,2.621932327747345,4.381533563137054,2.5932717323303223,6.938810348510742,8.398276269435883,597.084367275238,1.0,2341.6600227355957,2.7019989490509033,4.453272819519043,3560.1115131378174,454.100821018219,27.219591736793518,2.2263509035110474,1,359.3991136550903,1,1,5963.901000022888,259.374924659729,60.89074945449829,28.046039700508118,60.84600591659546,18.169260621070862,8.45339834690094,4.9619221687316895,34.60402488708496,2813.974510192871,106.56931161880493,11.92185640335083,2400.2229928970337,1043.4153428077698,8.848716616630554,87.17220306396484,1,2.5153082609176636,34.676005840301514,1,40.11674642562866,1.3911309838294983,40.213239908218384,597.1287932395935,2.8324800729751587,178.9623670578003,2.1531417965888977,27.37544596195221,3.3911997079849243,8.022401928901672,8.591442108154297,9.322571754455566,3.04062157869339,325.4401550292969,138.7663335800171,355.83208751678467,416.8681616783142,207.75047957897186,29.851365089416504,2.2861461341381073,10.899063348770142,36.10352277755737,1.0,13.568902015686035,44.418845653533936,2.1149207651615143,2.476075291633606,40.46429657936096,61.51561141014099,1.8443332612514496,19.238297939300537,3.51161926984787,43.327810764312744,10.376720428466797,6.514573693275452,2.7409210801124573,2.655501365661621,10.018318891525269,17.250117659568787,15.530067086219788,11.984069347381592,22.158977508544922,84.7729697227478,3509.240956306458,9.357927441596985,34.15428638458252,230.18366718292236,2.4358195066452026,1,1,2.5199851393699646,1414.2421760559082,154.01103830337524,8.745387196540833,2.4548494815826416,146.55571746826172,1.0,7525.131046772003,7120.715074539185,447.82077503204346,47.531383991241455,51.798588037490845,6.386973261833191,19.431917667388916,7.436693906784058,6.53367817401886,3.952135443687439,2.067372053861618,1.958162635564804,11.276115775108337,3.8419300317764282,19.03485417366028,2.418791353702545,4.501480460166931,1,1.0,1.0,1.0,1.0,1,1.0,1.0,24.819016456604004,1.0,1.0,1,33.965861797332764,27.7461040019989,36.26214265823364,12.176325917243958,4.142169952392578,9.86379325389862,139.9237823486328,3.4185266494750977,1,38.08012008666992,7.150963544845581,1087.8219711780548,486.76853477954865,9089.550590515137,25233.763542175293,1673.7320456504822,1.0,869.6052389144897,1.0,1.0,3713.526419878006,1.0,684.960150718689,2634.096604824066,452.7318472862243,1.0,549.1873168945312,1616.5771939754486,13.780679702758789,647.4209032058716,283.53950786590576,1086.6874313354492,2.1718047000467777,1.0,89.1227912902832,7188.9852550029755,6372.739601612091,1022.2995662689209,4018.724269866943,429.6204936504364,1546.739957332611,5049.207626342773,3880.2483596801762,623.4480094909668,167.01640248298645,1091.191984653473,1120.268898010254,3947.775354385376,1297.0172882080078,4971.340446472168,1213.1686639785767,2826.250195503235,2410.0497436523438,1603.1606006622314,38294.42882537842,3192.3971271514893,1995.590329170227,8613.556385040283,700.4481053352356,1283.2315921783447
TEST_08+2일,148.8337230682373,3787.3189544677734,89.77210235595703,34.40714693069458,1.0,2.1175581216812134,614.2177911996841,28.733922243118286,9.219739437103271,1.3248063623905182,3.054797351360321,1.525052934885025,4.884361624717712,7.761318683624268,599.7879981994629,1.0,2358.505868911743,1.17171511054039,2.854478359222412,3557.072048187256,451.8743371963501,26.98555827140808,1.4219848811626434,1,355.02868652343744,1,1,5961.983635425568,260.7652015686035,60.30323266983032,28.08163619041443,61.636435747146606,18.342279195785522,8.748489022254944,4.294792413711548,34.31577444076538,2809.7746658325195,105.90126395225525,9.140228629112244,2407.129192352295,1036.9144129753113,8.790857791900635,87.803466796875,1,2.495780438184738,34.471561908721924,1,39.71988344192505,1.1747761815786362,39.89447021484375,596.1225109100342,2.283826321363449,179.26053380966187,1.6079238057136536,22.410482168197632,3.0392637848854065,8.192374110221863,8.952890634536743,9.356000423431396,3.1727617979049683,323.8363037109375,139.49783563613892,357.5818866491318,416.2375702857971,208.0917330980301,28.71314287185669,1.622871458530426,8.553573489189148,30.0319766998291,1.0038882493972778,13.716361820697784,44.1222186088562,2.290920168161392,1.6085870563983917,40.84042263031006,60.57112216949463,1.0996899008750916,19.202377796173096,1.880217045545578,43.03589129447937,10.687052011489868,6.575278639793396,2.5244373083114624,2.7075329422950745,9.68885362148285,17.482720613479614,15.514708757400513,11.706082820892334,22.53431510925293,85.78611922264099,3521.19298696518,7.67098605632782,19.95281219482422,232.64953994750977,1.2793511152267456,1,1,2.1249835193157196,1428.0810928344727,152.9808611869812,6.9204723834991455,2.500200867652893,146.8045449256897,1.0,7597.1574783325195,7142.235431671143,443.40028381347656,47.46174335479736,52.10486054420471,6.388264894485474,18.69252920150757,7.468206882476807,6.657266020774841,3.492995798587799,2.0733709633350372,1.9874560832977295,11.619063019752502,4.128090441226959,18.476266264915466,1.5042249858379364,4.511540532112122,1,1.3494004011154175,1.159646809101105,1.0,1.6172494888305664,1,1.1445913314819336,1.748003512620926,25.433378219604492,1.2616571187973022,1.3758070468902588,1,19.121586084365845,28.141442239284515,21.733360290527344,4.6168336272239685,1.9622671604156494,9.575709104537964,135.65608978271484,3.470662534236908,1,37.34365701675415,4.119881093502045,1080.296308875084,479.1906934976578,9058.897590637207,25156.32314682007,1629.4085211753845,1.0,840.9388990402222,1.0,1.0,3640.8728704452515,1.0,687.4424290657043,2609.7541728019714,450.0800375938415,1.0,685.6862640380859,1638.1354763507843,12.892290353775024,643.4674072265625,282.96179962158203,1096.4211196899414,1.0,1.0,89.11635398864746,6737.521174907684,6378.701783418655,988.8448619842529,3958.550813198089,423.90218675136566,1496.4080691337585,4910.865074157715,4223.708166599274,626.805157661438,166.8645465373993,1120.4337401390076,1107.6959800720215,3901.608142852783,1291.897315979004,4971.735334396362,1231.8926811218262,2829.82430934906,2409.226713180542,1593.0065059661865,38081.50019645691,3174.382553100586,1985.067367553711,8579.649710655212,706.8670034408569,1283.9052057266235
TEST_08+3일,148.21675300598145,3774.788017272949,90.4843978881836,33.818212270736694,1.0,1.8290817737579346,611.3210456371307,28.151979446411133,8.739992380142212,1.212855949997902,2.0546531677246094,1.0231295228004456,4.196011424064636,7.543642222881317,596.8881011009216,1.0,2352.3983001708984,1.0,2.287891060113907,3520.7529997825623,448.30477237701416,26.152583956718445,1.6400638222694397,1,357.55148291587824,1,1,5942.062404155731,261.01733779907227,59.37643826007843,27.961811900138855,61.44729495048523,18.390698432922363,8.678768277168274,6.006672978401184,35.10580062866211,2784.6577224731445,104.96371746063232,8.502063155174255,2395.6027269363403,1040.0335626602173,8.883901834487915,87.70022583007812,1,2.5587522983551025,35.17351150512695,1,39.75925135612488,1.3121996819972992,39.45790886878967,596.5603132247925,1.8603873252868652,178.27814197540283,1.0,19.696303009986877,2.937593162059784,8.178128004074097,8.78953754901886,9.115990996360779,3.2122957706451416,321.6051025390625,139.87950325012207,357.7126260995865,411.9789538383484,206.4725400209427,28.988924026489258,1.9087281823158264,6.934201121330261,23.76033306121826,1.0,13.239019811153412,44.36321496963501,2.228618413209915,3.0979329347610474,39.99502086639404,60.67284941673279,1.0486885160207748,18.89199435710907,3.8688474893569946,43.259814500808716,10.932843685150146,6.533976793289185,2.5142499804496765,2.9176175594329834,9.975416660308838,17.258968949317932,15.539082884788513,11.664918661117554,22.366878509521484,86.00717115402222,3524.616816043854,6.447112560272217,11.26612663269043,229.07621955871582,1.0,1,1,1.7475226521492004,1416.8276023864746,153.1787896156311,6.488334536552429,2.4248361587524414,145.61495161056519,1.0,7678.936421871185,7086.921806335449,459.07547092437744,47.86184787750244,51.718831062316895,6.149227023124695,20.2911114692688,7.052709460258484,6.390445232391357,3.1063830852508545,2.2104814648628235,1.8775536119937897,11.675537824630737,3.6817580461502075,18.642892241477966,2.172742635011673,4.411206841468811,1,1.5966850519180298,1.0435975492000582,1.4501320123672485,1.7968374490737915,1,1.5551384687423706,1.9692175090312958,25.617395639419556,1.7016767263412476,1.8489596843719482,1,12.215268611907959,27.688119113445282,9.888690710067749,1.0,3.641398847103119,9.727655053138733,136.8783664703369,3.370741605758667,1,38.01907777786255,1.7522792518138885,1089.848445892334,498.08443665504456,8999.991989135742,25065.470447540283,1689.2892088890076,1.0,861.5305795669556,1.0,1.0,3546.0673356056213,1.0,670.2946090698242,2608.4254784584045,450.5200109481811,1.0,696.0910606384277,1618.7930223941803,12.808406352996826,645.52015209198,282.68150424957275,1096.8630256652832,1.0,1.0,91.75887107849121,6892.353170156479,6330.155494213104,982.0388317108154,3837.0492303371425,403.97276043891907,1523.9620923995972,5064.244033813477,4013.9893479347234,620.3829979896545,165.8866560459137,1166.9451932907104,1067.1435165405273,3913.087921142578,1296.7571640014648,4991.300439834595,1224.5829677581787,2846.3690090179443,2400.1098668575287,1600.8490371704102,38184.53035354614,3164.6535301208496,1988.490343093872,8549.653935432434,694.2789888381958,1291.6057527065277
TEST_08+4일,148.1342601776123,3783.980827331543,90.55133056640625,35.067922592163086,1.1253408342599869,2.139887660741806,602.1573466062546,27.920066714286804,9.27782416343689,1.1069565266370773,2.0661450922489166,1.3370825350284576,4.812592267990112,7.30491042137146,596.0641264915466,1.0,2356.5017223358154,1.0,3.5816413164138794,3527.3974776268005,449.91734981536865,26.528454422950745,1.6273607313632965,1,356.52529120445246,1,1,5944.238069057465,259.7489318847656,59.12732934951782,27.636587858200073,62.28243827819824,17.856727838516235,8.733639121055603,5.497157871723175,34.686808586120605,2782.6371154785156,102.7809989452362,7.947714924812317,2396.3358879089355,1048.8926951885223,9.045801162719727,88.88316345214844,1,2.4732691049575806,33.81744146347046,1,39.76959228515625,1.3289371132850647,39.19403028488159,592.8839716911316,1.428307592868805,176.9389853477478,1.0,19.81691300868988,2.992904782295227,8.245819807052612,8.841466307640076,8.973690867424011,3.212732970714569,324.037109375,138.96662521362305,358.53679490089417,414.0556435585022,205.5155110359192,28.74535083770752,2.6853597164154053,7.602643966674805,21.715760231018066,1.0,13.602388501167297,44.71341133117676,2.130472809076309,3.256324529647827,40.50477385520935,60.60476899147034,1.035023108124733,19.086241722106934,3.0615952610969543,43.17435169219971,10.58825135231018,6.525130271911621,2.5220248103141785,2.449335902929306,9.82821524143219,18.10222327709198,16.044148206710815,11.810992956161499,21.69831657409668,85.26522874832153,3549.37884092331,6.504072546958923,9.382129311561584,232.0475492477417,1.0,1,1,1.6610436141490936,1418.7268295288086,152.89088916778564,7.530133128166199,2.6034992933273315,143.23230028152466,1.0,7731.123089790344,7113.232154846191,458.1469135284424,47.187854290008545,52.153342962265015,5.937287211418152,19.092429876327515,7.388048768043518,6.282445192337036,2.799580991268158,2.106940448284149,2.02724888920784,11.910586953163147,4.083578586578369,18.67237687110901,2.9526230692863464,4.32214081287384,1,1.4984018802642822,1.3110788464546206,1.428102970123291,1.802145004272461,1,1.485875129699707,1.9564101099967957,25.22658348083496,1.9676542282104492,1.9117414951324463,1,14.771164655685425,27.36501842737198,12.547227144241333,2.7483120560646057,4.977286458015442,9.7752845287323,138.4575366973877,3.3126437664031982,1,38.91597509384155,2.1688970923423767,1076.4317412376404,469.6012473106384,9038.579750061035,25324.909496307373,1589.6783328056335,1.0,865.8948268890381,1.0,1.0,3739.258144378662,1.0,680.9560799598694,2573.6490375995636,452.35440206527704,1.007203608751297,558.980770111084,1580.5439932346344,12.487846612930298,634.5000448226929,276.96156883239746,1060.3684034347534,3.480202043429017,1.0,93.6373233795166,6708.806079387665,6080.613031625748,997.7508735656738,4074.6374750137325,413.3882564306259,1437.4470019340515,4849.16764831543,4009.731992721558,626.0677719116211,164.30702805519104,1111.9089121818542,1068.6507606506348,3932.0401763916016,1296.4327239990234,4970.075101852417,1227.041425704956,2837.9217290878296,2405.8526265621185,1605.5629062652588,38300.084924697876,3163.1918334960938,1991.6515350341797,8628.130328655243,716.0045528411865,1288.6339151859283
TEST_08+5일,148.07209014892578,3776.6831588745117,89.93115234375,33.31362318992615,1.3020849227905273,2.218295782804489,606.8730500936508,28.259117603302002,8.792898654937744,1.4323243498802185,3.0736330151557922,2.059180587530136,7.206099629402161,7.012057900428772,594.91206407547,1.0,2344.859790802002,1.510649025440216,5.6515491008758545,3552.345530986786,450.9475111961365,26.54260754585266,2.515057921409607,1,361.7257440090179,1,1,5946.259424686432,258.66362857818604,59.70536720752716,27.684722661972046,61.154829025268555,18.24411928653717,8.690123558044434,5.232870876789093,34.787349700927734,2804.1843490600586,102.98623561859131,9.464993476867676,2399.7758865356445,1037.9439780712128,8.761407732963562,88.52066802978516,1,2.6317590475082397,34.3515944480896,1,40.41655468940735,1.2159794569015503,39.12599730491638,590.2210698127747,1.839505285024643,176.35503387451172,1.1434255540370941,16.758193373680115,3.336203098297119,8.377621173858643,8.652716875076294,9.215392470359802,3.226347267627716,324.2889404296875,138.66616773605347,358.0009560585022,414.28963136672974,208.64096868038177,28.532955646514893,3.0931630730628967,8.847387433052063,27.37687110900879,1.0099869966506958,13.8564133644104,44.30258560180664,2.199907898902893,2.3487883806228638,40.67972779273987,59.168028831481934,1.6606773436069489,18.336106538772583,3.0329695343971252,43.26306653022766,10.653076171875,6.264140605926514,2.670205533504486,2.225143611431122,10.080437660217285,17.999019026756287,15.993854999542236,11.800733804702759,21.610322952270508,83.91795349121094,3549.00712966919,7.819736003875732,16.62379264831543,230.69512367248535,1.44000843167305,1,1,1.784786432981491,1426.2438011169434,152.85279750823975,9.495176076889038,2.4930842220783234,143.4312300682068,1.0,7743.698358535767,7151.096324920654,454.4891424179077,47.5485200881958,51.11489295959473,5.804169774055481,19.55707311630249,7.816793322563171,6.703538298606873,3.35507333278656,2.2191523015499115,2.1756768226623535,11.453152298927307,4.644998908042908,18.714905977249146,2.9145166277885437,4.74475771188736,1,1.9369258880615234,2.536423981189728,1.758234977722168,2.102837324142456,1,1.9358292818069458,2.579250931739807,25.764652490615845,2.1189911365509033,2.0270261764526367,1,28.144633769989014,27.80362367630005,20.836007595062256,7.07790344953537,3.4498390555381775,9.558829069137573,138.78886222839355,3.418894112110138,1,38.731656074523926,5.097222924232483,1059.4090827703476,474.8820626735687,8969.671440124512,25152.84397125244,1619.6672196388245,1.0,860.1510457992554,1.0,1.0,3545.880222082138,1.0,701.956217288971,2595.6443314552307,447.51028919219965,1.2162946164608002,660.9370994567871,1557.9800810813904,12.646656036376953,635.4439210891724,276.61401557922363,1083.0118675231934,2.289237342774868,1.0,91.4232349395752,6717.930415391922,6155.001224517822,1012.5100898742676,3969.317679405212,408.8951772451401,1539.4732069969177,4917.66325378418,4021.823283672333,615.8513689041138,162.41378545761108,1111.4508271217346,1080.1317310333252,3943.127098083496,1292.0591354370117,4957.609910964966,1228.461799621582,2836.238236427307,2402.1725177764893,1612.2677516937256,38208.75291824341,3165.4505825042725,1979.2277812957764,8626.55838727951,692.8251457214355,1285.290902853012
TEST_08+6일,148.2577133178711,3748.8221740722656,89.45075988769531,34.76449251174927,2.8750672936439514,2.554224133491516,600.3938964605331,28.0725234746933,9.10049319267273,2.8269001841545105,4.465985894203186,3.116413652896881,9.31079089641571,6.616411060094833,599.1039276123047,1.0,2338.597297668457,2.9280886054039,7.6640719175338745,3537.5450134277344,447.06459283828735,26.623703241348267,3.9993393421173096,1,357.47012257575983,1,1,5932.607367038727,261.4824457168579,59.35533320903778,28.04214870929718,61.88974356651306,18.219764828681946,8.696320056915283,5.864948630332947,36.03707313537598,2798.121124267578,103.52092742919922,11.072651147842407,2404.652166366577,1039.0692422389984,8.87496829032898,88.84530639648438,1,2.530294358730316,34.79926586151123,1,39.581291913986206,1.371895670890808,39.98413968086243,593.5957865715027,2.3819926381111145,176.5948987007141,1.7125332355499268,23.086352348327637,3.5588642954826355,8.582395315170288,8.641822934150696,9.413217902183533,3.2902178168296814,324.646728515625,139.82821369171143,358.10596454143524,415.66084337234497,208.7526272535324,28.588430881500244,3.5204824805259705,9.96412992477417,34.68388795852661,1.0,13.986080288887024,43.7576949596405,2.216811776161194,3.321138620376587,40.27151155471802,59.96484160423279,2.246553748846054,18.79793107509613,2.6864227652549744,43.52236866950989,10.703204870223999,6.15261435508728,2.635769248008728,2.7650031447410583,9.86328899860382,17.378506064414978,16.021572947502136,11.6628098487854,21.92817497253418,84.49477243423462,3538.220572471619,8.250243663787842,29.903650283813477,228.9848871231079,2.4688874185085297,1,1,2.1044354140758514,1397.9203033447266,153.53783655166626,11.233388185501099,2.487119883298874,144.38425254821777,1.0,7714.420974254608,7137.1325969696045,455.03421688079834,47.47127914428711,51.60621404647827,6.188782453536987,19.347606897354126,7.02097475528717,6.570261716842651,3.8259732723236084,2.0665524899959564,1.9904281198978424,11.723073720932007,4.6602863073349,19.044023752212524,3.3485305309295654,4.680992066860199,1,1.5044031143188477,2.10871621966362,1.5995428562164307,1.5061731338500977,1,1.8070728778839111,2.640955150127411,24.891141057014465,1.8959376811981201,1.5995556116104126,1,44.259629249572754,27.850019931793213,39.42780017852783,16.2394917011261,6.180158853530884,9.710370898246765,137.94142723083496,3.4234297275543213,1,39.00336027145386,8.940906524658203,1058.9312598705292,487.46185541152954,8963.827514648438,25207.753009796143,1654.3816447257996,1.0,866.3996086120605,1.0,1.0,3634.0777864456177,1.0,660.0033259391785,2617.001116037369,449.5954537391662,1.0885562747716904,677.1200752258301,1614.2789697647095,12.513453960418701,632.5745067596436,275.7169580459595,1086.287441253662,1.0,1.0,89.38830375671387,6899.750739336014,6027.384691953659,996.2496376037598,3891.973915100097,412.64567255973816,1512.0967102050781,5017.463203430176,3947.815247535706,597.5297474861145,162.44338631629944,1072.2239356040955,1101.304111480713,3936.024923324585,1295.89599609375,4946.014728546143,1221.1157703399658,2827.7256774902344,2403.3978366851807,1612.2914600372314,38116.97244644165,3167.936210632324,1965.1254415512085,8620.41277885437,701.3790106773376,1271.8737316131592
TEST_08+7일,148.59864234924316,3756.331672668457,89.70560455322266,34.43962001800537,5.228992700576782,2.586967945098877,603.56660425663,28.367562890052795,8.532580733299255,3.7891361117362976,5.086158514022827,3.5206547379493713,9.097154140472412,7.038040459156036,597.8967189788818,1.0,2330.1554203033447,4.3450868129730225,7.233889698982239,3502.2256207466125,448.80632400512695,27.571054100990295,4.084606766700745,1,356.8963694572448,1,1,5933.02764415741,261.79874897003174,60.36163508892059,28.69315004348755,61.57391023635864,18.034844398498535,8.60508143901825,4.920445382595062,35.30412673950195,2807.6521072387695,102.56458878517151,12.54381775856018,2396.630120277405,1054.6418659687042,8.590418696403503,87.93594360351562,1,2.425171434879303,33.50007772445679,1,40.13755941390991,1.377015858888626,40.25412893295288,589.5960469245911,3.0000224709510803,176.25433254241943,2.1281784772872925,29.000406861305237,3.603130877017975,8.116869330406189,8.617972731590271,9.654222130775452,3.1678667664527893,323.6733703613281,139.43930625915527,352.3212572336197,413.17473888397217,206.70580101013184,28.490591049194336,3.2775527238845825,11.361678838729858,36.78723335266113,1.007031500339508,14.182782769203186,43.334099769592285,2.2878898680210114,3.731146454811096,40.40876293182373,59.988850355148315,2.3154257237911224,19.292991757392883,3.602529466152191,44.28624677658081,10.84634780883789,6.435079574584961,2.6593762636184692,3.3083614706993103,9.949969053268433,17.828781008720398,15.828436017036438,11.991543769836426,22.02060317993164,86.10069179534912,3555.0668621063237,9.273943901062012,40.890960693359375,228.38258743286133,2.8641527891159058,1,1,2.4780960381031036,1414.9096183776855,154.25092363357544,11.047594547271729,2.5927135348320007,143.13685083389282,1.0,7688.860595226288,7127.471590042114,458.5040626525879,46.94944906234741,51.16335153579712,6.380259990692139,19.65699791908264,8.145666122436523,6.51251494884491,4.106539487838745,2.0807363092899323,2.2052542865276337,12.916138172149658,4.64451402425766,19.345335960388184,3.7157946825027466,4.905678033828735,1,1.0,1.0,1.0,1.0,1,1.0,1.1358991265296936,24.85477566719055,1.236335277557373,1.0,1,49.668216705322266,27.318955957889557,47.09766864776611,19.824194312095642,8.512804508209229,9.771454334259033,137.74864196777344,3.3802559971809387,1,38.5070013999939,10.358110666275024,1058.8009855747223,487.8176039457321,8997.074890136719,25107.652225494385,1626.4673676490784,1.0,859.2593879699707,1.0,1.0,3660.5923800468445,1.0,683.8875937461853,2567.4818053245544,445.7034721374511,1.301218867301941,453.55052947998047,1569.9151031970978,13.432666063308716,625.9705104827881,273.14294719696045,1051.1387281417847,4.5656089670956135,1.0,93.8656997680664,6680.015907049179,5993.488130092621,1000.46555519104,4006.636250019073,407.621773481369,1478.5967683792114,4993.59757232666,4021.585227966309,605.1939296722412,163.33836436271667,1122.5237617492676,1090.899133682251,3927.746639251709,1296.221809387207,4947.887420654297,1206.7732524871826,2818.257575035095,2407.3279917240143,1588.5003471374512,38099.305629730225,3162.0511150360107,1950.3720998764038,8619.496023654938,686.8108177185059,1262.472299337387
TEST_09+1일,149.1049289703369,3788.3190536499023,89.42852783203125,34.75555729866028,2.710258364677429,3.315292000770569,607.1967295408249,28.097850680351257,10.43629765510559,2.9117974638938904,3.478834331035614,2.6303860545158386,7.091052532196045,28.228483200073242,597.0853328704834,3.866448700428009,2341.659450531006,2.808443307876587,12.283638715744019,3560.110447406769,454.0995502471924,27.20658302307129,1.4018729329109192,1,359.39856290817255,1,1,5963.901000022888,259.3745126724243,60.890633940696716,28.02891731262207,60.84789204597473,18.177741765975952,8.465020656585693,4.981021285057068,34.59794282913208,2813.9748611450195,106.56944513320923,12.181178331375122,2400.2233266830444,1043.4151363372803,8.884466886520386,87.17327880859375,1,2.546512186527252,34.6724009513855,1,40.116358280181885,1.3990502059459686,40.20974659919739,597.1293959617615,3.1705114245414734,178.96243286132812,1.8549782037734985,27.583088278770447,3.1233566999435425,7.9851603507995605,9.000332951545715,9.353129267692566,3.079918324947357,325.4405212402344,138.76491165161133,355.83165192604065,416.869375705719,207.75019204616547,29.85138177871704,2.3781605064868927,10.455741882324219,36.53105020523071,1.0,15.431740880012512,44.41936492919922,1.9483725726604462,1.2048067152500153,40.459922075271606,61.515873670578,2.0630432665348053,18.954720497131348,3.4306341409683228,43.326942682266235,9.788671135902405,6.330582499504089,2.753877341747284,3.1651651859283447,10.555580854415894,17.255408763885498,15.517466068267822,11.995023488998413,22.156801223754883,84.77256870269775,3509.240956306458,9.025155901908875,46.66426658630371,230.18384742736816,2.5661152601242065,1,1,2.5323039293289185,1414.242805480957,154.00973653793335,8.78233790397644,2.456984519958496,146.55479621887207,1.0,7525.131046772003,7120.715074539185,444.87507820129395,47.5346884727478,51.798003911972046,6.396008133888245,21.658775806427002,7.446811199188232,6.604920029640198,3.9080142974853516,2.0756249129772186,1.9604326784610748,23.826257586479187,3.9245545864105225,19.03307855129242,2.208508998155594,4.623299837112427,1,1.0,1.0,1.0,1.0,1,1.0,1.0,24.821587800979614,1.0,1.0,1,30.496487617492676,27.754290103912354,37.91953802108765,12.673714756965637,4.23322856426239,9.859475493431091,139.9233627319336,3.518350124359131,1,38.08013439178467,7.175925970077515,1087.82248711586,486.7688065767288,9089.550590515137,25233.763542175293,1673.7322177886963,1.0,869.6050214767456,1.0,1.0,3713.526998281479,1.0,684.960150718689,2634.096996307373,452.73294878005976,1.0,549.1899490356445,1616.5773611068726,14.211889505386353,647.420768737793,283.5400104522705,1086.6874313354492,2.3737825267016888,1.0,153.5496425628662,7188.985970020294,6372.739601612091,1022.2997665405273,4018.7246048450465,429.62090134620667,1546.7404794692993,5049.207626342773,3880.2490777969365,623.4481453895569,167.0193636417389,1091.192325592041,1120.2690315246582,3947.775354385376,1297.0172882080078,4971.339998245239,1140.2193069458008,2826.249842643738,2410.048359632492,1251.5468788146973,38294.42882537842,3192.3971271514893,1379.014492034912,8613.556385040283,700.269330739975,1219.5212316513062
TEST_09+2일,148.83373260498047,3787.3189544677734,89.77302551269531,34.40103363990784,1.0,2.789846658706665,614.2166782617569,28.734710812568665,10.416697263717651,1.7259138822555542,2.4708260595798492,1.560058444738388,4.944614768028259,28.410921692848206,599.789035320282,3.809766173362732,2358.5057258605957,1.3775920867919922,7.506930232048035,3557.07133769989,451.87309741973877,26.9759863615036,1.0,1,355.0281107425689,1,1,5961.983156204224,260.7645320892334,60.303083181381226,28.066240429878235,61.63861799240112,18.346023559570312,8.755044341087341,4.29895743727684,34.308717250823975,2809.775016784668,105.90136408805847,9.489713311195374,2407.1293592453003,1036.9143097400665,8.833698034286499,87.80421447753906,1,2.516513764858246,34.46421146392822,1,39.719773292541504,1.184026524424553,39.89589166641235,596.1231136322021,2.5745564699172974,179.26064348220825,1.444726288318634,22.988086938858032,2.625609338283539,8.154870867729187,9.362316131591797,9.373247623443604,3.2121676206588745,323.836669921875,139.496563911438,357.5814199447632,416.2387523651123,208.0914455652237,28.713715076446533,1.7465414106845856,8.064278960227966,30.372450351715088,1.0104462504386902,15.187175273895264,44.122512340545654,2.1226724982261658,1.0,40.837238788604736,60.57140231132507,1.301431953907013,18.937504291534424,1.8387532234191895,43.03537201881409,10.167843103408813,6.373271346092224,2.529972791671753,2.661750018596649,10.18880009651184,17.491201758384705,15.509787797927856,11.713203191757202,22.530344009399414,85.78549695014954,3521.19298696518,7.424748539924622,29.459407329559326,232.64972019195557,1.472415030002594,1,1,2.1205733716487885,1428.0817222595215,152.97971963882446,6.950198411941528,2.5058159232139587,146.80356359481812,1.0,7597.1574783325195,7142.235431671143,440.44927978515625,47.46125555038452,52.10623741149902,6.393427848815918,20.30641794204712,7.481602430343628,6.73086941242218,3.454345464706421,2.0815525949001312,1.9862553477287292,24.24303710460663,4.201301634311676,18.475350737571716,1.649652123451233,4.650571346282959,1,1.3381708860397339,1.0,1.0,1.2426646947860718,1,1.1189031600952148,1.7807388305664062,25.43363928794861,1.2888497114181519,1.135627031326294,1,16.66722297668457,28.150717318058014,22.877655029296875,4.908900707960129,1.0,9.573838710784912,135.65587997436523,3.5938116908073425,1,37.34455585479736,4.15182501077652,1080.296824812889,479.19096529483795,9058.897590637207,25156.32314682007,1629.4088654518127,1.0,840.938681602478,1.0,1.0,3640.8734488487244,1.0,687.4424290657043,2609.7547600269318,450.08113908767695,1.0,685.6879234313965,1638.1356434822083,13.35451364517212,643.467227935791,282.96227264404297,1096.4211196899414,1.0,1.0,155.00391960144043,6737.521174907684,6378.701783418655,988.8450622558594,3958.551148176193,423.9025604724884,1496.408417224884,4910.865074157715,4223.709243774414,626.8053841590881,166.86819434165955,1120.4339447021484,1107.6961135864258,3901.608142852783,1291.897315979004,4971.735334396362,1159.026494026184,2829.823956489563,2409.225175380707,1232.0045948028564,38081.50019645691,3174.382553100586,1365.3630018234253,8579.649710655212,706.7006635665894,1213.8261151313782
TEST_09+3일,148.2167911529541,3774.788017272949,90.48527526855469,33.825621128082275,1.0,2.5178873538970947,611.3200254440308,28.152689337730408,9.925932884216309,1.5870998799800873,1.5539036691188812,1.028921827673912,4.237608909606934,28.992472887039185,596.889066696167,3.7818029522895813,2352.3980140686035,1.0,3.4469768404960632,3520.7526445388794,448.30347061157227,26.14193558692932,1.0,1,357.5509071350097,1,1,5942.062404155731,261.016565322876,59.37618684768677,27.94908308982849,61.449522256851196,18.402564525604248,8.684871792793274,6.030808389186859,35.099406242370605,2784.6578979492188,104.96385931968689,8.70068371295929,2395.6032276153564,1040.0333561897278,8.91830027103424,87.70109558105469,1,2.580031454563141,35.166499614715576,1,39.75901532173157,1.3201509416103363,39.4543080329895,596.5609159469604,2.109893411397934,178.27822971343994,1.0,20.31601130962372,2.2460828721523285,8.137253522872925,9.14747953414917,9.136604070663452,3.2504960894584656,321.60546875,139.87820148468018,357.7121282815933,411.980103969574,206.4722524881363,28.988585472106934,2.1456171572208405,6.550625562667847,24.064197540283203,1.0,14.824960827827454,44.36364507675171,2.0503251254558563,1.2598565220832825,39.99231171607971,60.6731116771698,1.182766631245613,18.66385281085968,3.798518478870392,43.260032176971436,10.672774314880371,6.344066262245178,2.5196251273155212,2.8772860765457153,10.405217409133911,17.274495363235474,15.52751898765564,11.675854921340942,22.364259719848633,86.00663185119629,3524.616816043854,6.235566735267639,19.785722494125366,229.07639980316162,1.0,1,1,1.7243567109107971,1416.8283576965332,153.1774878501892,6.491113901138306,2.4229849874973297,145.61422061920166,1.0,7678.936421871185,7086.921806335449,456.1351318359375,47.860840797424316,51.71942710876465,6.168338656425476,21.72455072402954,7.0607006549835205,6.474108695983887,3.0771246552467346,2.2159525752067566,1.8862344324588776,23.49802851676941,3.764474093914032,18.64231288433075,2.368195354938507,4.54778254032135,1,1.5889408588409424,1.0,1.3909034729003906,1.623270869255066,1,1.5309078693389893,2.0034486055374146,25.61839520931244,1.7231240272521973,1.7453677654266357,1,9.22086775302887,27.696820497512817,11.387914419174194,1.1630216985940933,1.1987121403217316,9.724621772766113,136.87813758850098,3.488878607749939,1,38.019726276397705,1.7935414612293243,1089.8489618301392,498.08474242687225,8999.991989135742,25065.470447540283,1689.2895531654358,1.0,861.5304164886475,1.0,1.0,3546.067624807358,1.0,670.2946090698242,2608.425674200058,450.5210390090942,1.0,696.0927772521973,1618.7933566570282,13.306741714477539,645.5199728012085,282.6819772720337,1096.8630256652832,1.0,1.0,151.73593521118164,6892.353885173798,6330.156092405319,982.0389652252197,3837.0492303371425,403.9731001853943,1523.9626145362854,5064.244033813477,4013.990784168244,620.3831791877747,165.89051842689514,1166.9456024169922,1067.1436500549316,3913.087511062622,1296.7571640014648,4991.299991607666,1152.9225826263428,2846.3686561584473,2400.108482837677,1231.7128562927246,38184.53035354614,3164.6535301208496,1345.836877822876,8549.653935432434,694.1097271442413,1223.7142431735992
TEST_09+4일,148.13429832458496,3783.980827331543,90.5520248413086,35.07286882400513,1.1141526699066162,2.820998430252075,602.156280040741,27.92088747024536,10.449037551879883,1.4368045330047607,1.567784696817398,1.325078010559082,4.899873733520508,28.006551861763,596.065092086792,3.7071529030799866,2356.501579284668,1.0,4.360633492469788,3527.396767139435,449.9161720275879,26.516416668891907,1.0,1,356.5247154235839,1,1,5944.238069057465,259.74833965301514,59.127227425575256,27.622527599334717,62.28398323059082,17.86752462387085,8.745588064193726,5.437586009502411,34.680354595184326,2782.63729095459,102.78108239173889,7.956575155258179,2396.3362216949463,1048.8925919532776,9.080238342285156,88.88407135009766,1,2.4648545682430267,33.811635971069336,1,39.76935625076294,1.3384230434894562,39.192089557647705,592.8844990730286,1.579839289188385,176.9390950202942,1.0,20.26642084121704,2.271324545145035,8.196078538894653,9.247642159461975,9.00134801864624,3.2455235719680786,324.0374450683594,138.96533346176147,358.536297082901,414.056857585907,205.5151755809784,28.745617866516113,2.9399484395980835,7.285693883895874,22.035679817199707,1.0,15.183806419372559,44.71371030807495,1.9067025184631348,1.0,40.50231385231018,60.60503125190735,1.2123075127601624,18.810083270072937,3.014001250267029,43.174325466156006,10.271122455596924,6.347307562828064,2.5242888927459717,2.4084830284118652,10.355291366577148,18.114214539527893,16.033730506896973,11.821932792663574,21.69527816772461,85.26461338996887,3549.379205703736,6.286692023277283,17.37051486968994,232.0477294921875,1.0,1,1,1.6296841204166412,1418.7273330688477,152.88968753814697,7.5074303150177,2.6047149300575256,143.23142910003662,1.0,7731.123089790344,7113.232154846191,455.2001552581787,47.18664789199829,52.15389132499695,5.9614139795303345,22.150533199310303,7.407204508781433,6.3546717166900635,2.7646011114120483,2.112821042537689,2.0330600440502167,23.68505895137787,4.170902967453003,18.67024540901184,3.006865382194519,4.4491273164749146,1,1.4875127077102661,1.0,1.3702304363250732,1.65818190574646,1,1.4465539455413818,2.0053626596927643,25.22849142551422,1.9782044887542725,1.8191547393798828,1,12.024898529052734,27.37066775560379,14.323525428771973,2.8805749118328094,2.4973320960998535,9.774471521377563,138.45733642578125,3.4424418210983276,1,38.91744375228882,2.225266844034195,1076.4323216676712,469.6015191078186,9038.580322265625,25324.909496307373,1589.6786770820618,1.0,865.894718170166,1.0,1.0,3739.2584335803986,1.0,680.9560799598694,2573.6494290828705,452.35539340972895,1.0,558.9830589294434,1580.5439932346344,12.972196340560913,634.4998655319214,276.9620714187622,1060.3685312271118,3.6751504708081484,1.0,152.5076389312744,6708.8067944049835,6080.613031625748,997.7510070800781,4074.6374750137325,413.3886641263962,1437.447350025177,4849.16764831543,4009.7327108383183,626.0679984092712,164.31031107902527,1111.9091167449951,1068.650894165039,3932.0397663116455,1296.4327239990234,4970.075101852417,1153.6480903625488,2837.921552658081,2405.851242542267,1218.3526802062988,38300.084924697876,3163.1914615631104,1354.5446395874023,8628.130328655243,715.828971862793,1219.355045557022
TEST_09+5일,148.07211875915527,3776.6831588745117,89.93183898925781,33.31389594078064,1.360919177532196,2.933712899684906,606.8719371557236,28.25985074043274,9.961196780204773,2.062380313873291,2.278490364551544,2.0395465195178986,7.433300018310547,27.850069999694824,594.9130654335022,3.6531487107276917,2344.8593616485596,1.3770075142383575,6.959438323974609,3552.34482049942,450.94627141952515,26.53015673160553,1.1528531461954117,1,361.72519326210016,1,1,5946.259424686432,258.663010597229,59.704973101615906,27.679019927978516,61.15731382369995,18.250011205673218,8.702335357666016,5.175279825925827,34.78403091430664,2804.184700012207,102.9863691329956,9.576480388641357,2399.7762203216553,1037.9437716007233,8.802083134651184,88.52157592773438,1,2.666485011577606,34.342782497406006,1,40.416709423065186,1.2265066802501678,39.12303900718689,590.2216725349426,2.0910167694091797,176.3551106452942,1.0,17.186402678489685,2.6984721422195435,8.331973552703857,9.005168676376343,9.257047772407532,3.2628467679023743,324.28924560546875,138.66484594345093,358.00045824050903,414.2907814979553,208.64063322544098,28.53311777114868,3.2823631167411804,8.53624403476715,27.72300958633423,1.0198244452476501,15.46733558177948,44.30277442932129,2.0076073706150055,1.0,40.67536640167236,59.1683030128479,1.9046147167682648,18.1387996673584,2.984655797481537,43.26393985748291,10.405776500701904,6.048712134361267,2.67644464969635,2.189435213804245,10.521291494369507,18.011999130249023,15.982836484909058,11.812537908554077,21.60891342163086,83.9173173904419,3549.007859230042,7.4861133098602295,24.738028049468994,230.6952781677246,2.2274038195610046,1,1,1.7666041851043701,1426.244556427002,152.8515157699585,9.44806158542633,2.4965761601924896,143.4303388595581,1.0,7743.698358535767,7151.096324920654,451.5709419250488,47.55403804779053,51.11520290374756,5.826060771942139,22.518374919891357,7.849703431129456,6.777086853981018,3.294936418533325,2.2240059077739716,2.1778354048728943,24.18251395225525,4.7361427545547485,18.712888956069946,3.0294212698936462,4.893447160720825,1,1.931978702545166,2.0122954547405243,1.7128273248672485,2.0675554275512695,1,1.9179096221923828,2.6752597093582153,25.76631724834442,2.1116485595703125,1.9402374029159546,1,25.76442241668701,27.81389594078064,23.0916428565979,7.043974846601486,2.8330719470977783,9.55573320388794,138.7887668609619,3.530115485191345,1,38.73154640197754,5.198465585708618,1059.4095987081528,474.8823344707489,8969.672012329102,25152.84397125244,1619.6675639152527,1.0,860.1508827209473,1.0,1.0,3545.880800485611,1.0,701.956217288971,2595.644527196884,447.51128053665155,1.0147712379693985,660.9400749206543,1557.9800810813904,13.064380884170532,635.4437417984009,276.6145181655884,1083.0119953155518,2.477271007373929,1.0,152.35279083251953,6717.930415391922,6155.001822710037,1012.5102233886719,3969.318349361419,408.89558494091034,1539.473729133606,4917.66325378418,4021.8240017890935,615.8515048027039,162.41663932800293,1111.451099872589,1080.1318645477295,3943.127098083496,1292.0591354370117,4957.609462738037,1155.3646659851074,2836.2380599975586,2402.170979976654,1213.99338722229,38208.75020027161,3165.450210571289,1337.4165296554565,8626.55838727951,692.64643907547,1214.8982870578766
TEST_09+6일,148.2577133178711,3748.8225173950195,89.45149230957031,34.793283462524414,2.9134714603424072,3.280079960823059,600.3928762674332,28.073249459266663,10.22226095199585,3.473653197288513,3.5043662786483765,3.0894845724105835,9.638093113899231,27.6213276386261,599.1049289703369,3.814341127872467,2338.597011566162,2.5559845566749573,11.10476016998291,3537.5443029403687,447.063353061676,26.609137058258057,2.5082632899284363,1,357.4695718288421,1,1,5932.607367038727,261.4818534851074,59.355047821998596,28.031328916549683,61.89164900779724,18.229950070381165,8.708404302597046,5.803011059761047,36.02978229522705,2798.1214752197266,103.52103590965271,10.788015127182007,2404.652500152588,1039.069035768509,8.913808465003967,88.8464126586914,1,2.5438514351844788,34.78856086730957,1,39.58134436607361,1.3801133632659912,39.97900724411011,593.5963139533997,2.6201215386390686,176.59498643875122,1.4930631220340729,23.202595710754395,3.1178003549575806,8.544539213180542,9.011428952217102,9.452483057975769,3.327988088130951,324.6470947265625,139.82693195343018,358.1054356098175,415.66199350357056,208.752339720726,28.58818292617798,3.658559024333954,9.637478590011597,35.08944511413574,1.0,15.476855635643005,43.75829291343689,2.058747112751007,1.5859974920749664,40.26755666732788,59.96508002281189,2.5286075472831726,18.5959392786026,2.633509039878845,43.52259421348572,10.576962232589722,5.929532051086426,2.6416540145874023,2.996830642223358,10.266492366790771,17.395607829093933,16.015985012054443,11.676710844039917,21.924060821533203,84.49409484863281,3538.220572471619,7.894494533538818,38.44353437423706,228.98504161834717,3.800470232963562,1,1,2.104305177927017,1397.9210586547852,153.53658485412598,11.204956769943237,2.4928276240825653,144.38326120376587,1.0249854326248171,7714.420974254608,7137.1325969696045,452.101863861084,47.47524452209473,51.60762667655945,6.204352974891663,22.46687412261963,7.033061981201172,6.648197174072266,3.757954239845276,2.071882039308548,1.9943496584892273,23.80407214164734,4.74676638841629,19.03973400592804,3.3818450570106506,4.821825325489044,1,1.5074406862258911,1.4138146340847018,1.5404256582260132,1.6707828044891357,1,1.8048003911972046,2.789158523082733,24.894567131996155,1.8739513158798218,1.6996996402740479,1,42.40981101989746,27.855961322784424,41.800713539123535,16.282707452774048,7.810462117195129,9.707769751548767,137.94093132019043,3.529534935951233,1,39.00407314300537,9.060196280479431,1058.93184030056,487.4621272087097,8963.827514648438,25207.753009796143,1654.3818168640137,1.0,866.3994455337524,1.0,1.0,3634.078654050827,1.0,660.0033259391785,2617.0018990039825,449.5964818000793,1.0,677.1222496032715,1614.2791368961334,12.989146709442139,632.5743274688721,275.7174310684204,1086.287441253662,1.1772554204799235,1.0,154.85873222351074,6899.7514543533325,6027.385888338089,996.2497043609619,3891.9745850563045,412.6460462808609,1512.0972323417664,5017.463203430176,3947.8159656524663,597.5299286842346,162.44664788246155,1072.2241401672363,1101.3043117523193,3936.024923324585,1295.896110534668,4946.014280319214,1161.060266494751,2827.7253246307373,2403.3962988853455,1217.4849128723145,38116.97244644165,3167.936210632324,1332.2793245315552,8620.41277885437,701.2179708480835,1204.3356585502625
TEST_09+7일,148.59865188598633,3756.331672668457,89.70638275146484,34.46781039237976,5.214158296585083,3.383568525314331,603.5655376911163,28.368301391601562,9.711611866950989,4.190923571586609,4.266968667507172,3.5359081625938416,9.449440240859985,28.406732082366943,597.8977560997009,3.918743133544922,2330.1549911499023,3.964681625366211,14.37457799911499,3502.224910259247,448.8050842285156,27.55773961544037,2.657490074634552,1,356.8958187103271,1,1,5933.02764415741,261.79815673828125,60.36147201061249,28.67605197429657,61.57580924034119,18.04549276828766,8.616675734519958,4.961315095424652,35.29865503311157,2807.6522827148438,102.56473898887634,12.427855730056763,2396.6304540634155,1054.6416594982147,8.62811267375946,87.93687438964844,1,2.4490614235401154,33.490471839904785,1,40.137866258621216,1.3883915543556213,40.254239082336426,589.596574306488,3.346302807331085,176.25442028045654,1.926829069852829,29.107001423835754,3.3816608786582947,8.07084858417511,8.910824060440063,9.702814221382141,3.20466548204422,323.6737060546875,139.43781423568726,352.3207594156265,413.17601680755615,206.70548951625824,28.491640090942383,3.4096747636795044,10.969804525375366,37.25449800491333,1.0234394669532776,15.977810025215149,43.33473181724548,2.12265208363533,2.768043875694275,40.407076597213745,59.98910665512085,2.571249008178711,19.029786586761475,3.580317199230194,44.28549146652222,10.72103500366211,6.250412464141846,2.668183445930481,3.978244662284851,10.468834638595581,17.834562063217163,15.816938281059265,12.003285884857178,22.017187118530273,86.10011100769043,3555.0668621063237,8.821298480033875,53.51457118988037,228.38276767730713,4.406592845916748,1,1,2.493245303630829,1414.9101219177246,154.24961185455322,11.067321300506592,2.5958916544914246,143.1360297203064,1.272247225046158,7688.860595226288,7127.471590042114,455.45702362060547,46.95506143569946,51.16385221481323,6.395348310470581,22.50188112258911,8.175792694091797,6.58896803855896,4.03961569070816,2.091122716665268,2.2112298011779785,24.34611976146698,4.7265782952308655,19.343336820602417,3.476995825767517,5.058108568191528,1,1.0,1.0,1.0,1.0,1,1.0,1.205538809299469,24.858098030090332,1.210787296295166,1.0,1,46.47322177886963,27.326328456401825,49.0657377243042,20.143132209777832,9.585210680961609,9.767971634864807,137.74831771850586,3.4712958335876465,1,38.50736618041992,10.428025722503662,1058.8015015125275,487.8178757429123,8997.075462341309,25107.652225494385,1626.4677119255066,1.0,859.2591705322266,1.0,1.0,3660.5929584503174,1.0,683.8875484466553,2567.4821968078613,445.704463481903,1.0892804712057114,453.5523319244385,1569.9151031970978,13.944796323776245,625.9703311920166,273.1434202194214,1051.1387920379639,4.77719658985734,1.1537113040685654,151.6655731201172,6680.016622066498,5993.488130092621,1000.4656887054443,4006.6365849971767,407.62211322784424,1478.597116470337,4993.598148345947,4021.5859460830693,605.1941108703613,163.34160447120667,1122.524034500122,1090.8994007110596,3927.746639251709,1296.221809387207,4947.887420654297,1140.6838750839233,2818.257222175598,2407.326453924179,1210.1238918304443,38099.305629730225,3162.0507431030273,1342.203974723816,8619.496023654938,686.630072593689,1195.248305797577
