영업일자,느티나무 셀프BBQ_1인 수저세트,느티나무 셀프BBQ_BBQ55(단체),"느티나무 셀프BBQ_대여료 30,000원","느티나무 셀프BBQ_대여료 60,000원","느티나무 셀프BBQ_대여료 90,000원","느티나무 셀프BBQ_본삼겹 (단품,실내)",느티나무 셀프BBQ_스프라이트 (단체),느티나무 셀프BBQ_신라면,느티나무 셀프BBQ_쌈야채세트,느티나무 셀프BBQ_쌈장,느티나무 셀프BBQ_육개장 사발면,느티나무 셀프BBQ_일회용 소주컵,느티나무 셀프BBQ_일회용 종이컵,느티나무 셀프BBQ_잔디그늘집 대여료 (12인석),느티나무 셀프BBQ_잔디그늘집 대여료 (6인석),느티나무 셀프BBQ_잔디그늘집 의자 추가,느티나무 셀프BBQ_참이슬 (단체),느티나무 셀프BBQ_친환경 접시 14cm,느티나무 셀프BBQ_친환경 접시 23cm,느티나무 셀프BBQ_카스 병(단체),느티나무 셀프BBQ_콜라 (단체),느티나무 셀프BBQ_햇반,느티나무 셀프BBQ_허브솔트,담하_(단체) 공깃밥,담하_(단체) 생목살 김치전골 2.0,담하_(단체) 은이버섯 갈비탕,담하_(단체) 한우 우거지 국밥,담하_(단체) 황태해장국 3/27까지,담하_(정식) 된장찌개,담하_(정식) 물냉면 ,담하_(정식) 비빔냉면,담하_(후식) 된장찌개,담하_(후식) 물냉면,담하_(후식) 비빔냉면,담하_갑오징어 비빔밥,담하_갱시기,담하_공깃밥,담하_꼬막 비빔밥,담하_느린마을 막걸리,담하_담하 한우 불고기,담하_담하 한우 불고기 정식,담하_더덕 한우 지짐,담하_들깨 양지탕,담하_라면사리,담하_룸 이용료,담하_메밀면 사리,담하_명인안동소주,담하_명태회 비빔냉면,담하_문막 복분자 칵테일,담하_봉평메밀 물냉면,담하_생목살 김치찌개,담하_스프라이트,담하_은이버섯 갈비탕,담하_제로콜라,담하_참이슬,담하_처음처럼,담하_카스,담하_콜라,담하_테라,담하_하동 매실 칵테일,담하_한우 떡갈비 정식,담하_한우 미역국 정식,담하_한우 우거지 국밥,담하_한우 차돌박이 된장찌개,담하_황태해장국,라그로타_AUS (200g),라그로타_G-Charge(3),라그로타_Gls.Sileni,라그로타_Gls.미션 서드,라그로타_Open Food,라그로타_그릴드 비프 샐러드,라그로타_까르보나라,라그로타_모둠 해산물 플래터,라그로타_미션 서드 카베르네 쉬라,라그로타_버섯 크림 리조또,라그로타_빵 추가 (1인),라그로타_스프라이트,라그로타_시저 샐러드 ,라그로타_아메리카노,라그로타_알리오 에 올리오 ,라그로타_양갈비 (4ps),라그로타_자몽리치에이드,라그로타_제로콜라,라그로타_카스,라그로타_콜라,라그로타_하이네켄(생),라그로타_한우 (200g),라그로타_해산물 토마토 리조또,라그로타_해산물 토마토 스튜 파스타,라그로타_해산물 토마토 스파게티,"미라시아_(단체)브런치주중 36,000",미라시아_(오븐) 하와이안 쉬림프 피자,미라시아_(화덕) 불고기 페퍼로니 반반피자,미라시아_BBQ Platter,미라시아_BBQ 고기추가,미라시아_공깃밥,미라시아_글라스와인 (레드),미라시아_레인보우칵테일(알코올),미라시아_미라시아 브런치 (패키지),미라시아_버드와이저(무제한),미라시아_보일링 랍스타 플래터,미라시아_보일링 랍스타 플래터(덜매운맛),미라시아_브런치 2인 패키지 ,미라시아_브런치 4인 패키지 ,미라시아_브런치(대인) 주말,미라시아_브런치(대인) 주중,미라시아_브런치(어린이),미라시아_쉬림프 투움바 파스타,미라시아_스텔라(무제한),미라시아_스프라이트,미라시아_애플망고 에이드,미라시아_얼그레이 하이볼,미라시아_오븐구이 윙과 킬바사소세지,미라시아_유자 하이볼,미라시아_잭 애플 토닉,미라시아_칠리 치즈 프라이,미라시아_코카콜라,미라시아_코카콜라(제로),미라시아_콥 샐러드,미라시아_파스타면 추가(150g),미라시아_핑크레몬에이드,연회장_Cass Beer,연회장_Conference L1,연회장_Conference L2,연회장_Conference L3,연회장_Conference M1,연회장_Conference M8,연회장_Conference M9,연회장_Convention Hall,연회장_Cookie Platter,연회장_Grand Ballroom,연회장_OPUS 2,연회장_Regular Coffee,연회장_골뱅이무침,연회장_공깃밥,연회장_돈목살 김치찌개 (밥포함),연회장_로제 치즈떡볶이,연회장_마라샹궈,연회장_매콤 무뼈닭발&계란찜,연회장_모둠 돈육구이(3인),연회장_삼겹살추가 (200g),연회장_야채추가,연회장_왕갈비치킨,연회장_주먹밥 (2ea),카페테리아_공깃밥(추가),카페테리아_구슬아이스크림,카페테리아_단체식 13000(신),카페테리아_단체식 18000(신),카페테리아_돼지고기 김치찌개,카페테리아_복숭아 아이스티,카페테리아_새우 볶음밥,카페테리아_새우튀김 우동,카페테리아_샷 추가,카페테리아_수제 등심 돈까스,카페테리아_아메리카노(HOT),카페테리아_아메리카노(ICE),카페테리아_약 고추장 돌솥비빔밥,카페테리아_어린이 돈까스,카페테리아_오픈푸드,카페테리아_진사골 설렁탕,카페테리아_짜장면,카페테리아_짜장밥,카페테리아_짬뽕,카페테리아_짬뽕밥,카페테리아_치즈돈까스,카페테리아_카페라떼(HOT),카페테리아_카페라떼(ICE),카페테리아_한상 삼겹구이 정식(2인) 소요시간 약 15~20분,포레스트릿_꼬치어묵,포레스트릿_떡볶이,포레스트릿_복숭아 아이스티,포레스트릿_생수,포레스트릿_스프라이트,포레스트릿_아메리카노(HOT),포레스트릿_아메리카노(ICE),포레스트릿_치즈 핫도그,포레스트릿_카페라떼(HOT),포레스트릿_카페라떼(ICE),포레스트릿_코카콜라,포레스트릿_페스츄리 소시지,화담숲주막_느린마을 막걸리,화담숲주막_단호박 식혜 ,화담숲주막_병천순대,화담숲주막_스프라이트,화담숲주막_참살이 막걸리,화담숲주막_찹쌀식혜,화담숲주막_콜라,화담숲주막_해물파전,화담숲카페_메밀미숫가루,화담숲카페_아메리카노 HOT,화담숲카페_아메리카노 ICE,화담숲카페_카페라떼 ICE,화담숲카페_현미뻥스크림
TEST_00+1일,10.365604400634766,77.30554962158203,8.586544036865234,2.18402361869812,1.1118593215942383,1.676822543144226,8.089020729064941,5.332843780517578,3.5478363037109375,1.1763734817504883,1.690859079360962,1.2883543968200684,1.6433418989181519,3.8666319847106934,21.750991821289062,2.1548571586608887,61.19534683227539,1.5888147354125977,1.4532045125961304,52.24559020996094,23.735633850097656,3.2900075912475586,1.2225252389907837,3.8329765796661377,32.294166564941406,34.655662536621094,20.533037185668945,59.233558654785156,5.832789421081543,4.496059417724609,2.9548072814941406,3.9607996940612793,3.264904737472534,2.5645577907562256,3.0635173320770264,3.2758800983428955,17.314579010009766,4.5903239250183105,2.8717916011810303,21.2351131439209,10.095685005187988,1.5581872463226318,5.497480392456055,2.3731818199157715,1.5776647329330444,2.8660292625427246,1.0600601434707642,3.6379261016845703,1.2099846601486206,3.71195912361145,10.457155227661133,1.9961572885513306,4.792470455169678,1.472975254058838,2.993007183074951,2.1859476566314697,2.065516471862793,1.4969329833984375,2.278454542160034,2.0625550746917725,7.236001968383789,6.590627193450928,10.582535743713379,9.142980575561523,8.147174835205078,1.856201410293579,1.0,1.239608645439148,3.2924580574035645,1.0,2.4183309078216553,2.634572744369507,1.097901701927185,1.0,2.8307688236236572,5.177652835845947,1.6556758880615234,1.776574730873108,2.930302858352661,2.402514696121216,2.0638914108276367,1.3626810312271118,1.1351268291473389,1.6431999206542969,1.3923579454421997,1.9382737874984741,1.6720625162124634,1.4962701797485352,2.3206002712249756,6.705036640167236,53.199554443359375,2.0788309574127197,3.1319568157196045,3.7132906913757324,1.3460423946380615,1.0,1.9867719411849976,1.0365829467773438,20.17418098449707,6.612020492553711,1.2443920373916626,1.0,12.900834083557129,1.0,65.93069458007812,22.480134963989258,8.018750190734863,3.2873167991638184,4.12029504776001,2.651940107345581,3.8365211486816406,1.3303247690200806,2.282780408859253,1.998181700706482,1.0,1.3682003021240234,2.597594738006592,2.4854283332824707,2.293924331665039,1.3918219804763794,1.4977028369903564,1.0,1.0,1,1.0,1.0,1.0,1.0,1.0,5.544820785522461,1.0,1.0,9.853694915771484,3.164069175720215,1.5735756158828735,2.7326619625091553,1.853037714958191,1.0,1.2360132932662964,5.445898532867432,1.5608035326004028,1.0,4.519843101501465,1.709091067314148,4.367239475250244,1.0,165.36627197265625,115.7659912109375,8.580961227416992,1.076862096786499,5.7219929695129395,1.0,1.0,10.651476860046387,1.1724673509597778,1.4000473022460938,11.444975852966309,3.8694493770599365,13.132813453674316,1.0,5.355806350708008,1.277626395225525,4.236064910888672,3.0719056129455566,5.908985614776611,1.0,1.0,6.40618371963501,1.0,1.0,1.1875978708267212,4.5634331703186035,1.0,1.0,7.464508533477783,1.0,1.0,1.8850178718566895,1.0,1.0,22.443645477294922,16.243066787719727,22.849430084228516,8.805249214172363,14.352890968322754,21.46762466430664,13.140461921691895,75.31975555419922,28.422645568847656,2.2933547496795654,40.972450256347656,8.342246055603027,7.054293632507324
TEST_00+2일,7.972830772399902,61.28337478637695,7.335637092590332,1.0,1.0,1.0,1.0,3.8292689323425293,1.6116950511932373,1.0,1.0,1.0,1.1803874969482422,2.726630210876465,15.23690128326416,1.4509035348892212,40.29193115234375,1.2403221130371094,1.0172157287597656,31.17772674560547,16.24808120727539,2.2189602851867676,1.0,2.6175663471221924,22.381772994995117,25.4982852935791,12.566454887390137,42.09042739868164,3.616072416305542,2.6586766242980957,1.815623164176941,2.495297908782959,2.463225841522217,1.6441545486450195,2.3632493019104004,1.94332754611969,10.744976997375488,2.462144136428833,1.8152430057525635,12.55927562713623,6.102566242218018,1.0,3.091189384460449,1.778584599494934,1.0,1.6740696430206299,1.0,2.4271438121795654,1.0,2.186335802078247,6.251052379608154,1.2194231748580933,2.7942562103271484,1.0,1.773895025253296,1.2805572748184204,1.178956389427185,1.0,1.29829740524292,1.1894158124923706,4.124704837799072,3.975952386856079,6.284816741943359,5.682859897613525,4.910630702972412,1.0,1.0,1.0,1.0,1.0,1.0,1.0,1.0,1.0,1.0,1.0,1.0,1.0,1.0,1.0,1.0,1.0,1.0,1.0,1.0,1.0,1.0,1.0,1.0,1.7625370025634766,39.1598014831543,1.7004495859146118,2.6015162467956543,3.0263583660125732,1.0,1.0,1.9247151613235474,1.0,18.793371200561523,5.97478723526001,1.0,1.0,4.245113849639893,1.0,58.923404693603516,16.545520782470703,5.51497220993042,2.8198342323303223,3.536626100540161,2.3973071575164795,3.1102049350738525,1.1263033151626587,1.8977699279785156,1.8085148334503174,1.0,1.1068048477172852,2.2710864543914795,2.019477128982544,1.9318662881851196,1.160243034362793,1.2534921169281006,8.326126098632812,1.0109528303146362,1,1.0,1.0068607330322266,1.0098283290863037,1.0,1.0472370386123657,6.5656867027282715,1.0323044061660767,1.000166416168213,58.41121292114258,3.2852108478546143,2.463541030883789,3.0913264751434326,2.019148349761963,1.1116219758987427,1.4601776599884033,5.834107875823975,1.6398911476135254,1.0,4.85536003112793,1.84306800365448,1.0,1.0,117.35950469970703,64.2667465209961,2.0122501850128174,1.0,1.3126442432403564,1.0,1.0,1.0,1.0,1.0,4.564205169677734,1.05538809299469,1.0,1.0,1.0,1.0,1.0,1.0,1.0,1.0,1.0,3.8225600719451904,1.0,1.0,1.0,1.0,1.0,1.0,1.0265977382659912,1.0,1.0,1.0,1.0,1.0,9.274984359741211,7.397268772125244,9.461883544921875,6.673590183258057,6.351491928100586,12.478931427001953,9.64173412322998,34.39828109741211,18.283889770507812,1.0,21.86359977722168,4.636475563049316,1.0
TEST_00+3일,7.68534517288208,55.88046646118164,7.121878147125244,1.0579839944839478,1.0,1.0,1.0,3.4538686275482178,1.7567644119262695,1.0,1.029471755027771,1.0,1.153337001800537,2.598054885864258,14.08940601348877,1.3854001760482788,36.91465377807617,1.2162398099899292,1.0189783573150635,31.247520446777344,15.637849807739258,2.09191632270813,1.0,2.2109882831573486,22.11609649658203,20.919679641723633,12.888891220092773,40.343910217285156,3.142561197280884,2.728437662124634,1.6496614217758179,2.341588258743286,2.0315792560577393,1.4160547256469727,2.1410136222839355,2.047766923904419,9.695338249206543,2.3980860710144043,1.8119571208953857,12.37668514251709,5.497066497802734,1.0,3.4148828983306885,1.583505630493164,1.0,1.5858323574066162,1.0,2.028075695037842,1.0,1.9961328506469727,6.076155185699463,1.0111560821533203,2.7831337451934814,1.0,1.7243657112121582,1.3058116436004639,1.1563888788223267,1.0,1.298728108406067,1.1979284286499023,4.043041229248047,3.242626905441284,5.738389015197754,5.210160732269287,4.369789123535156,1.3703892230987549,1.0,1.0,2.332221269607544,1.0,1.6974709033966064,1.5927448272705078,1.0,1.0,1.9985755681991577,3.886000633239746,1.4473116397857666,1.2974812984466553,1.9125009775161743,1.5984547138214111,1.4121538400650024,1.0,1.0,1.0748775005340576,1.046561360359192,1.3941177129745483,1.1775425672531128,1.097223162651062,1.6028987169265747,4.915010452270508,39.1911735534668,1.5718599557876587,2.6499276161193848,3.438427686691284,1.0,1.0,1.811447262763977,1.0,18.650102615356445,5.660154342651367,1.0,1.0,6.570422172546387,1.0,57.90580749511719,18.243839263916016,6.226143836975098,2.5794200897216797,3.5637993812561035,2.310887098312378,3.1580028533935547,1.166631817817688,1.734474778175354,1.8165994882583618,1.0,1.0843453407287598,2.1829967498779297,1.8770241737365723,1.874221682548523,1.1219335794448853,1.2678474187850952,7.4447221755981445,1.0078346729278564,1,1.0,1.0032501220703125,1.0011520385742188,1.0,1.073359727859497,6.797423362731934,1.0239025354385376,1.0130090713500977,69.20320892333984,3.250386953353882,2.4011247158050537,3.0454680919647217,2.0503571033477783,1.073099136352539,1.3993659019470215,5.9012346267700195,1.7060320377349854,1.0,4.844096660614014,1.8619438409805298,1.3930444717407227,1.0,126.29067993164062,72.15458679199219,2.729599952697754,1.0,1.8664472103118896,1.0,1.0,1.9028853178024292,1.0,1.0,5.597593307495117,1.2483429908752441,1.9193403720855713,1.0,1.4917124509811401,1.0,1.6236084699630737,1.0,1.5534977912902832,1.0,1.0,3.7270615100860596,1.0,1.0,1.0,1.0,1.0,1.0,1.0,1.0,1.0,1.0,1.0,1.0,5.671942234039307,4.114020824432373,5.977926731109619,3.3695871829986572,3.675811767578125,6.693751335144043,4.85186767578125,20.35990333557129,11.412711143493652,1.0,14.507769584655762,3.160475015640259,1.0
TEST_00+4일,9.494009971618652,57.643436431884766,7.8554582595825195,1.4221549034118652,1.0,1.0,1.0,4.076687335968018,1.7817480564117432,1.0901751518249512,1.1770176887512207,1.0,1.232425332069397,3.0123825073242188,17.37215232849121,1.670501470565796,37.575706481933594,1.4026777744293213,1.2897658348083496,32.55699157714844,15.739253044128418,2.3823742866516113,1.0717276334762573,2.64589786529541,21.109203338623047,21.985946655273438,13.611165046691895,39.7470817565918,3.568645477294922,2.919747829437256,1.8905839920043945,2.6160287857055664,2.342714548110962,1.6751437187194824,2.308469772338867,2.1539156436920166,10.86699104309082,2.470665693283081,1.8577560186386108,13.474044799804688,6.342967510223389,1.0,3.575831413269043,1.741721272468567,1.0,1.6770542860031128,1.0,2.0937633514404297,1.0,2.136427164077759,6.380342960357666,1.1852631568908691,3.0514638423919678,1.0,1.7547047138214111,1.3158119916915894,1.1742229461669922,1.0,1.3939560651779175,1.2489651441574097,4.144826889038086,3.4781835079193115,5.788947105407715,5.520473480224609,4.875836372375488,1.8691691160202026,1.1844438314437866,1.263315200805664,2.996924877166748,1.0,2.284482002258301,2.3570597171783447,1.0,1.0,2.669203281402588,5.0522379875183105,1.9143821001052856,1.6366996765136719,2.5926599502563477,2.0772266387939453,2.187886953353882,1.2415412664413452,1.1716158390045166,1.4588603973388672,1.7701385021209717,2.064953565597534,1.5666922330856323,1.472900152206421,1.886134147644043,6.023276329040527,36.35187530517578,1.5880274772644043,2.510918378829956,3.4433488845825195,1.0,1.0,1.7786054611206055,1.0,17.987144470214844,5.492644786834717,1.0,1.0,5.35988712310791,1.0,54.32192611694336,14.465889930725098,5.124763011932373,2.5309698581695557,3.5111958980560303,2.288883924484253,2.987199306488037,1.0637909173965454,1.712754726409912,1.8304176330566406,1.0,1.0101983547210693,1.9898765087127686,1.8698385953903198,1.8341048955917358,1.0,1.3212709426879883,14.088876724243164,1.030897855758667,1,1.0236048698425293,1.026496171951294,1.0222258567810059,1.0,1.0780106782913208,6.982217311859131,1.0405089855194092,1.0367097854614258,82.49856567382812,3.513366460800171,2.9161741733551025,3.3108415603637695,2.1178927421569824,1.1783771514892578,1.5726075172424316,6.162651538848877,1.7512468099594116,1.032834529876709,4.96534538269043,1.9304157495498657,1.0,1.0,123.3532485961914,61.04728317260742,1.7063249349594116,1.0,1.177121877670288,1.0,1.0,1.0,1.0,1.0,4.230790138244629,1.0,1.0,1.0,1.0,1.0,1.0,1.0,1.0,1.0,1.0,3.445094347000122,1.0,1.0,1.0350165367126465,2.999720811843872,1.0,1.0,2.2612338066101074,1.0,1.0,1.0,1.0,1.0,4.700725555419922,3.5760178565979004,4.6827473640441895,3.390204906463623,3.2737910747528076,6.477361679077148,4.9115095138549805,16.615455627441406,7.933740139007568,1.0,7.748327732086182,1.8144795894622803,1.0
TEST_00+5일,9.934720993041992,66.46113586425781,7.821156978607178,1.6919221878051758,1.0182631015777588,1.5594136714935303,4.436087131500244,5.312932014465332,2.7033610343933105,1.1237142086029053,1.6781123876571655,1.2059550285339355,1.4519233703613281,4.005951404571533,18.041784286499023,1.8352361917495728,50.33988952636719,1.5618144273757935,1.5662332773208618,46.7271842956543,18.889558792114258,2.8521249294281006,1.281840443611145,2.4976179599761963,22.916994094848633,22.481462478637695,15.311813354492188,39.261878967285156,3.672548770904541,3.41784930229187,2.0204153060913086,3.1901192665100098,2.413231134414673,1.8409186601638794,1.8312337398529053,2.4260261058807373,12.512144088745117,2.7575795650482178,2.056900978088379,15.11467170715332,6.818789958953857,1.0,4.135277271270752,1.5247671604156494,1.0963640213012695,1.8740644454956055,1.0,2.4011001586914062,1.0,2.401280641555786,7.574696063995361,1.1162256002426147,3.361546516418457,1.0,1.9668059349060059,1.5022852420806885,1.363113522529602,1.0,1.5241044759750366,1.400437593460083,5.014711856842041,3.856445550918579,6.244223117828369,6.568914890289307,5.137042999267578,1.5763919353485107,1.0,1.1348284482955933,2.792868137359619,1.0,2.2192647457122803,1.4766042232513428,1.0,1.0,2.245340585708618,4.958930969238281,1.1604152917861938,1.256017804145813,1.8868108987808228,1.738317847251892,1.573970913887024,1.0099364519119263,1.0,1.0,1.0,1.527007818222046,1.2944180965423584,1.070705771446228,1.6179393529891968,5.68556547164917,38.131568908691406,1.7688755989074707,2.722970485687256,4.451328277587891,1.0,1.0,1.898232340812683,1.0,22.234561920166016,6.856935501098633,1.1014052629470825,1.0,6.582525253295898,1.0,63.096492767333984,21.318775177001953,6.727584362030029,3.0911316871643066,4.124667167663574,2.4517500400543213,3.2642695903778076,1.2078417539596558,1.7799983024597168,2.024986982345581,1.0,1.0699976682662964,2.315382242202759,2.1285932064056396,2.0972514152526855,1.0910027027130127,1.4599655866622925,23.105844497680664,1.0597686767578125,1,1.0145456790924072,1.0448391437530518,1.0580061674118042,1.027870535850525,1.1438453197479248,7.645402908325195,1.0903738737106323,1.0275295972824097,106.62242126464844,3.7286195755004883,3.455798625946045,3.5769894123077393,2.312046766281128,1.3070037364959717,1.756615400314331,6.562280178070068,1.8740863800048828,1.1909890174865723,5.082260608673096,2.0485100746154785,1.6253541707992554,1.0,133.72805786132812,79.98324584960938,3.5814666748046875,1.0,2.5019943714141846,1.0,1.0,2.4599239826202393,1.0,1.0,6.509611129760742,1.468173623085022,1.0,1.0,2.010924816131592,1.0,2.142395496368408,1.0713448524475098,2.3040738105773926,1.0,1.0,4.097828388214111,1.0,1.0,1.0,1.0,1.0,1.0,1.0,1.0,1.0,1.0,1.0,1.0,6.604888439178467,4.237871170043945,6.364566326141357,3.4653751850128174,3.736574172973633,7.07247257232666,4.975192070007324,21.643817901611328,13.511007308959961,1.0,17.408994674682617,3.897688627243042,3.4614005088806152
TEST_00+6일,12.217694282531738,68.99140930175781,8.914634704589844,2.641331434249878,1.139983057975769,2.1771554946899414,5.54355001449585,5.825942516326904,3.476635217666626,1.318795919418335,2.080512285232544,1.2915892601013184,1.6854923963546753,4.463771343231201,23.580448150634766,2.2592222690582275,53.2857551574707,1.731377124786377,1.7875185012817383,50.84423065185547,21.364919662475586,3.321716785430908,1.3399428129196167,3.4032793045043945,31.0147647857666,33.685997009277344,19.750680923461914,56.779483795166016,5.169724464416504,4.489466190338135,2.846268892288208,4.068445205688477,2.7939746379852295,2.4884026050567627,2.694551944732666,3.2976925373077393,18.300704956054688,3.55879545211792,2.774972915649414,22.330123901367188,9.576988220214844,1.4437670707702637,5.601230621337891,2.129936695098877,1.4717837572097778,2.6188859939575195,1.0,3.5199451446533203,1.1631335020065308,3.2758047580718994,10.806546211242676,1.5661706924438477,4.674579620361328,1.4271963834762573,2.6813602447509766,1.9828364849090576,1.9500888586044312,1.3567982912063599,2.1525511741638184,1.934325098991394,7.261198043823242,4.828173637390137,9.014166831970215,8.95871639251709,7.496448516845703,1.858262062072754,1.1427867412567139,1.2308787107467651,3.280017137527466,1.0,2.4724924564361572,2.0710668563842773,1.0151991844177246,1.0,2.6970391273498535,5.388474464416504,2.114719867706299,1.6098618507385254,2.404322862625122,2.0642831325531006,1.9960789680480957,1.2119884490966797,1.2023712396621704,1.3890235424041748,1.6763544082641602,2.0861754417419434,1.6201610565185547,1.432842493057251,1.921034574508667,6.514790058135986,41.917606353759766,2.190419912338257,3.185697317123413,5.851175308227539,1.0,1.0,2.0825161933898926,1.1721739768981934,26.097394943237305,8.384992599487305,1.347987413406372,1.0373375415802002,9.504621505737305,1.0,73.00242614746094,25.460285186767578,8.086749076843262,3.707500457763672,4.760788440704346,2.7177975177764893,4.034688949584961,1.5265637636184692,2.1692819595336914,2.273167133331299,1.0,1.2226001024246216,2.8854074478149414,2.4986534118652344,2.490610122680664,1.3227648735046387,1.894655466079712,9.81830883026123,1.0114071369171143,1,1.0082849264144897,1.0019246339797974,1.0018031597137451,1.0,1.0796300172805786,7.142428398132324,1.0230013132095337,1.0179646015167236,59.27418518066406,3.5881292819976807,2.7744696140289307,3.245328664779663,2.1823527812957764,1.0804115533828735,1.477236270904541,6.237925052642822,1.7213345766067505,1.0490764379501343,4.824066162109375,1.941898226737976,1.8509182929992676,1.0,140.8764190673828,91.58013916015625,4.078091621398926,1.0,3.0758755207061768,1.0,1.0,3.258185625076294,1.0,1.0,7.315805435180664,1.7090973854064941,1.0,1.0,2.556955099105835,1.0,2.496886968612671,1.1303470134735107,2.603673219680786,1.0,1.0,4.758005142211914,1.0,1.0,1.0,1.0,1.0,1.0,1.0,1.0,1.0,1.0,1.0,1.0,7.69652795791626,4.749284267425537,7.5337233543396,3.771646499633789,4.281166076660156,7.803532123565674,5.466598033905029,25.22870445251465,11.127169609069824,1.0,13.593876838684082,2.697985887527466,1.0
TEST_00+7일,16.75592041015625,81.76563262939453,10.840422630310059,4.224560737609863,1.4530577659606934,3.3107945919036865,13.308279037475586,7.769880294799805,5.239599227905273,1.7167962789535522,2.8250865936279297,1.6531442403793335,2.2460849285125732,6.222856044769287,33.48817825317383,3.2135353088378906,71.32865905761719,2.2399656772613525,2.514282703399658,72.3210220336914,27.439590454101562,4.519319534301758,1.7695196866989136,6.147916793823242,36.0080680847168,43.347686767578125,25.975055694580078,65.70926666259766,8.40860366821289,6.1076741218566895,4.653132915496826,5.836449146270752,5.344313621520996,4.042631149291992,5.282804489135742,4.568357467651367,27.627338409423828,5.035501480102539,3.708178758621216,33.81211471557617,15.29946517944336,2.200559616088867,7.67405891418457,4.274627685546875,2.192329168319702,3.8841235637664795,1.3485589027404785,4.91986083984375,1.947672963142395,5.089003086090088,15.01196575164795,2.7886688709259033,6.775841236114502,2.214691638946533,3.9372754096984863,2.742328643798828,2.854663133621216,2.4912431240081787,3.2146825790405273,2.8042075634002686,10.490111351013184,7.4687819480896,13.826783180236816,11.881109237670898,12.223441123962402,2.889469623565674,2.3558993339538574,2.0150153636932373,4.565354824066162,1.0238524675369263,3.5198497772216797,3.8237197399139404,1.5188113451004028,1.1595940589904785,3.949575901031494,8.252331733703613,3.607480049133301,2.5670807361602783,4.3432841300964355,3.239449977874756,3.177259683609009,1.9279847145080566,1.9978795051574707,2.5072367191314697,3.1045451164245605,3.466953754425049,2.4625399112701416,2.4208900928497314,3.074812412261963,9.093801498413086,49.393211364746094,2.716787815093994,4.15354585647583,8.267585754394531,1.7544136047363281,1.222074031829834,2.243631601333618,1.627638816833496,32.2868537902832,10.456782341003418,2.031238317489624,1.3412131071090698,19.00984001159668,1.0,86.54180145263672,38.55585861206055,11.827471733093262,4.6411967277526855,5.3983073234558105,3.005059242248535,5.1847686767578125,2.0907294750213623,2.575171947479248,2.6439716815948486,1.216920018196106,1.4682886600494385,3.7193119525909424,3.0067038536071777,3.214397668838501,1.8480788469314575,2.3460171222686768,1.0,1.0,1,1.009231448173523,1.0,1.0,1.0,1.0,6.8622941970825195,1.0,1.0282987356185913,1.0,3.8467764854431152,2.398942470550537,3.4264473915100098,2.1431241035461426,1.1610535383224487,1.4457072019577026,6.30894660949707,1.8480795621871948,1.0461026430130005,4.9140214920043945,2.0739850997924805,3.988703966140747,1.0,187.58935546875,139.92083740234375,8.057415962219238,1.0,6.167360305786133,1.0,1.0,9.096382141113281,1.0,1.0,12.297085762023926,3.501704216003418,2.6202425956726074,1.0,5.854010105133057,1.0,5.214427471160889,2.2918028831481934,5.568866729736328,1.0,1.0,7.328812599182129,1.0,1.0,2.494778633117676,4.77685546875,1.0,1.0,7.441959381103516,1.0,1.0,1.8680675029754639,1.0,1.0,21.203325271606445,12.271728515625,20.087427139282227,9.292985916137695,11.937559127807617,20.407432556152344,12.140860557556152,67.5075454711914,26.10904312133789,1.0,35.606849670410156,6.806982517242432,3.09359073638916
TEST_01+1일,15.223654747009277,60.36802673339844,6.8359198570251465,2.7984466552734375,1.3187810182571411,4.04109001159668,12.079378128051758,7.294541835784912,5.004556179046631,1.22512686252594,2.0766029357910156,1.514949917793274,2.669706344604492,2.8476333618164062,21.269241333007812,2.601346969604492,52.379234313964844,1.5077989101409912,2.6559605598449707,69.76036834716797,24.785158157348633,4.72093391418457,1.542888879776001,2.961982488632202,28.339027404785156,27.85906982421875,21.527542114257812,69.64198303222656,6.989439964294434,4.178953170776367,3.2904245853424072,3.2137200832366943,3.164625644683838,2.1556038856506348,6.623696804046631,2.76290225982666,26.25151824951172,4.3595356941223145,2.2231080532073975,22.936222076416016,11.999420166015625,1.610317349433899,4.0624775886535645,5.555365562438965,1.2650506496429443,3.0333399772644043,1.1847957372665405,3.94120192527771,1.9969013929367065,6.295598983764648,10.763653755187988,1.3227843046188354,4.989477157592773,1.6200804710388184,3.1142539978027344,2.105015516281128,1.8020418882369995,1.5349113941192627,2.055607318878174,1.6231142282485962,6.204946517944336,5.669878959655762,11.631003379821777,8.67802906036377,9.969438552856445,1.508662223815918,1.0,2.0818898677825928,3.275371789932251,1.0,2.5932676792144775,1.3152101039886475,1.1153016090393066,1.0,3.0247609615325928,2.588421106338501,1.0,1.7249205112457275,1.8149172067642212,2.6309762001037598,1.6942644119262695,1.3907718658447266,1.3420947790145874,2.356828451156616,1.5379561185836792,1.6939855813980103,1.7546637058258057,1.7080638408660889,1.6659711599349976,4.867972373962402,36.03516387939453,2.9738898277282715,3.65710711479187,7.395235061645508,3.1927199363708496,1.5703130960464478,2.423217296600342,1.5840468406677246,35.44584655761719,8.501668930053711,2.814678192138672,1.7135435342788696,25.559606552124023,1.0,109.52798461914062,31.3783016204834,24.759538650512695,4.002076148986816,4.951096534729004,2.1936092376708984,3.6365127563476562,2.2023978233337402,2.8537747859954834,2.0360825061798096,1.4578214883804321,1.6677334308624268,3.6544859409332275,2.7146456241607666,4.030511856079102,2.1986563205718994,2.0315301418304443,1.0,1.0185450315475464,1,1.0,1.0,1.0,1.0016628503799438,1.0697354078292847,2.060762643814087,1.0043258666992188,1.012047290802002,1.0,3.4784739017486572,1.8116023540496826,3.39510178565979,2.280724287033081,1.471380352973938,2.092721462249756,8.136994361877441,1.3469492197036743,1.0,3.7787997722625732,1.6190600395202637,7.900704860687256,2.028730630874634,103.8226089477539,57.86077117919922,11.51220703125,3.9575040340423584,9.162910461425781,2.1631929874420166,1.0,24.02986717224121,4.356162071228027,9.586750984191895,17.934389114379883,7.112380504608154,9.330907821655273,1.8179208040237427,10.318222999572754,1.8043583631515503,7.118491172790527,4.428474426269531,10.311018943786621,3.225679397583008,1.8843414783477783,13.686997413635254,1.0,1.0,1.0,8.296737670898438,1.4833390712738037,1.0,6.9756550788879395,1.0,1.0,2.7806806564331055,1.0,1.0,22.2901668548584,12.851846694946289,21.390777587890625,8.89245891571045,16.52739906311035,20.18104362487793,12.02971363067627,69.50314331054688,25.21906852722168,6.441525936126709,40.290252685546875,7.623109340667725,10.922015190124512
TEST_01+2일,12.22452449798584,41.378299713134766,5.532526016235352,1.208060383796692,1.0495291948318481,2.699016571044922,1.1136338710784912,5.148911952972412,1.9849869012832642,1.0,1.0,1.1362617015838623,2.4288625717163086,1.2634698152542114,15.394914627075195,1.8266969919204712,25.497140884399414,1.0,2.135281801223755,44.26631546020508,15.169179916381836,3.3984341621398926,1.1289275884628296,2.174854278564453,16.64417266845703,15.593570709228516,14.593235969543457,46.149776458740234,4.939034461975098,3.2809979915618896,2.4434800148010254,3.341608762741089,3.626268148422241,2.0226593017578125,4.197288513183594,1.7071177959442139,23.58860969543457,2.5443532466888428,1.8002922534942627,20.290260314941406,8.511345863342285,1.1670620441436768,2.3976283073425293,3.158066987991333,1.0,2.3002638816833496,1.0724738836288452,3.373108386993408,1.8528921604156494,5.508275032043457,7.876278877258301,1.146949052810669,3.3159072399139404,1.0991685390472412,2.6537129878997803,1.7181684970855713,1.699988842010498,1.2154055833816528,1.5844298601150513,1.3438057899475098,5.0110697746276855,4.290748119354248,8.880851745605469,6.81992244720459,7.6971282958984375,1.0,1.0,1.1278654336929321,1.492169737815857,1.0,1.1151635646820068,1.0,1.0,1.0,1.2218902111053467,1.0,1.0,1.0,1.0,1.0063451528549194,1.0,1.0,1.0,1.0,1.0,1.0,1.0,1.0,1.0,1.917367696762085,23.79115867614746,1.7331513166427612,2.126315116882324,4.246316432952881,1.0877883434295654,1.0,1.793921947479248,1.0624608993530273,23.417688369750977,5.600369453430176,2.016362190246582,1.03131902217865,7.125702857971191,1.0,82.11564636230469,17.858192443847656,14.541655540466309,2.5187323093414307,2.5794126987457275,1.2541131973266602,1.3823338747024536,1.568867564201355,1.653813123703003,1.4903539419174194,1.0129656791687012,1.1128833293914795,1.7644953727722168,1.6034669876098633,2.8370108604431152,1.3218191862106323,1.2596431970596313,1.0,1.0,1,1.0,1.0029654502868652,1.0072174072265625,1.0,1.0027949810028076,2.2485203742980957,1.0,1.0,8.825090408325195,3.374234676361084,1.9519590139389038,3.3028788566589355,2.1378517150878906,1.526992678642273,2.149373769760132,8.412033081054688,1.2400753498077393,1.0,4.187397480010986,1.6370151042938232,2.441694736480713,1.0,74.89909362792969,20.02747917175293,4.773283958435059,1.0,4.46287727355957,1.0,1.0,9.278592109680176,1.0,1.676543116569519,10.486567497253418,4.026228427886963,1.0,1.0,3.922281265258789,1.0,2.96151065826416,1.6555644273757935,3.8435678482055664,1.0,1.0,9.161444664001465,1.0,1.0,1.0,3.76444935798645,1.0,1.0,1.7277827262878418,1.0,1.0,1.1441898345947266,1.0,1.0,14.356635093688965,10.750483512878418,14.434666633605957,9.869544982910156,9.602767944335938,18.09955596923828,14.421096801757812,51.89204025268555,19.308265686035156,2.5950422286987305,27.251436233520508,5.373067378997803,7.711696147918701
TEST_01+3일,10.655464172363281,41.69574737548828,4.621090412139893,1.095328688621521,1.0,2.660963535308838,1.0,4.293447971343994,1.837368130683899,1.0,1.0,1.1243329048156738,2.3058993816375732,1.0239046812057495,12.709736824035645,1.5659791231155396,24.85317611694336,1.0,2.0296432971954346,45.45149612426758,15.246397018432617,3.1987016201019287,1.0971988439559937,1.2400846481323242,17.93546485900879,14.599969863891602,14.040382385253906,52.404720306396484,3.682650566101074,2.665250778198242,1.7653006315231323,2.092867612838745,1.7460933923721313,1.2137045860290527,3.5159521102905273,1.5151387453079224,15.840668678283691,2.2159769535064697,1.4074196815490723,14.211116790771484,6.276280879974365,1.0,2.1793951988220215,2.644597053527832,1.0,1.6815004348754883,1.0,2.525073528289795,1.3437985181808472,4.4239301681518555,6.396742820739746,1.0,2.675654411315918,1.0,1.975640058517456,1.2838295698165894,1.1277743577957153,1.0,1.177234411239624,1.0,3.351335048675537,2.74456524848938,6.405988693237305,5.438553810119629,5.287540912628174,1.1859183311462402,1.0,1.823891043663025,2.4491472244262695,1.0,1.994858741760254,1.2481133937835693,1.0,1.0,2.370394706726074,2.1068592071533203,1.0,1.3621598482131958,1.2872930765151978,1.96314537525177,1.1323952674865723,1.0774619579315186,1.0,1.8668296337127686,1.2517719268798828,1.3022772073745728,1.3659565448760986,1.3833240270614624,1.2734274864196777,3.8556008338928223,24.080598831176758,1.5587185621261597,1.9414856433868408,4.011079788208008,1.2494200468063354,1.0,1.621269702911377,1.025516390800476,21.237619400024414,5.676375389099121,1.8516511917114258,1.0,8.437215805053711,1.0,75.19524383544922,17.95929527282715,12.701998710632324,2.400244951248169,2.4336228370666504,1.1100013256072998,1.5111833810806274,1.4004148244857788,1.4284508228302002,1.3365716934204102,1.0,1.017615556716919,1.7295160293579102,1.5253307819366455,2.569678783416748,1.2459914684295654,1.1897382736206055,1.0,1.0,1,1.0,1.0,1.0,1.0,1.0,1.8553012609481812,1.0,1.0,21.114498138427734,2.917956590652466,1.6209003925323486,2.9287219047546387,1.8857163190841675,1.3181833028793335,1.85554039478302,7.672396183013916,1.1264721155166626,1.0,3.607239007949829,1.4075965881347656,3.043989419937134,1.0,74.40277099609375,28.1038818359375,3.8568320274353027,1.0,3.946408271789551,1.0,1.0,9.015524864196777,1.0,2.0103213787078857,9.64614486694336,3.3789801597595215,1.0,1.0,3.4816653728485107,1.0,2.842304229736328,1.658335566520691,3.4697978496551514,1.0,1.0,8.35578441619873,3.1237494945526123,2.3586766719818115,1.7117966413497925,4.955411911010742,1.7224806547164917,1.022370457649231,1.9156887531280518,1.0,1.0,1.0,1.0,1.703755259513855,8.766072273254395,5.4923319816589355,8.420047760009766,4.780059814453125,6.040401935577393,9.087646484375,6.723196506500244,28.317819595336914,12.571895599365234,3.404043436050415,21.38630485534668,3.8784596920013428,6.118780136108398
TEST_01+4일,11.380330085754395,48.297210693359375,5.1473917961120605,1.3657724857330322,1.1015032529830933,3.115034818649292,2.249316930770874,4.522270679473877,1.9054197072982788,1.0,1.0621187686920166,1.2508044242858887,2.4910480976104736,1.1461588144302368,14.533696174621582,1.7937617301940918,25.255449295043945,1.0,2.408926010131836,50.621524810791016,17.077499389648438,3.7212514877319336,1.1788723468780518,1.07242751121521,16.095163345336914,12.472241401672363,13.238849639892578,48.84174346923828,3.252141237258911,2.5040853023529053,1.5913017988204956,1.894588589668274,1.6363319158554077,1.116485357284546,3.009606122970581,1.325620412826538,14.851607322692871,1.9249376058578491,1.2796907424926758,12.896047592163086,5.536447048187256,1.0,1.9225544929504395,2.2332818508148193,1.0,1.4505480527877808,1.0,2.42875337600708,1.250096082687378,3.968212127685547,5.599578380584717,1.0,2.3258678913116455,1.0,1.8387954235076904,1.0828242301940918,1.0,1.0,1.0,1.0,2.923764944076538,2.471606969833374,5.307819843292236,5.017620086669922,4.478025436401367,1.25953209400177,1.0,1.906599760055542,2.4131338596343994,1.0,2.1462044715881348,1.4280987977981567,1.0,1.0,2.544647216796875,2.2035794258117676,1.0,1.2560003995895386,1.3355302810668945,2.0499846935272217,1.2031594514846802,1.0255810022354126,1.0,1.943446397781372,1.376516580581665,1.2238223552703857,1.3654186725616455,1.435863971710205,1.2564120292663574,3.912184715270996,21.542078018188477,1.1786267757415771,1.6077735424041748,3.0781378746032715,1.0,1.0,1.4548027515411377,1.0,16.651533126831055,4.254785060882568,1.5645755529403687,1.0,4.8274736404418945,1.0,61.4974479675293,10.316272735595703,9.30458927154541,1.8195260763168335,2.037961721420288,1.0,1.0314463376998901,1.2280559539794922,1.1782593727111816,1.1491656303405762,1.0,1.0,1.4010008573532104,1.199556827545166,2.1871337890625,1.0,1.0,8.26764965057373,1.030954122543335,1,1.0148144960403442,1.0216748714447021,1.0065139532089233,1.030090093612671,1.048742651939392,2.9864439964294434,1.01594877243042,1.03006112575531,49.252418518066406,3.253978729248047,2.5245654582977295,3.2463841438293457,2.142124652862549,1.5008208751678467,2.051589250564575,7.759600639343262,1.2375341653823853,1.0,3.6563594341278076,1.602199673652649,1.465271234512329,1.0,64.35941314697266,13.223841667175293,2.306462287902832,1.0,2.605252504348755,1.0,1.0,4.648273944854736,1.0,1.0,7.824550628662109,2.6948647499084473,1.0,1.0,2.2258317470550537,1.0,1.7787994146347046,1.0,1.9553755521774292,1.0,1.0,7.886118412017822,1.0,1.0,1.0,2.1936776638031006,1.0,1.0,1.032926082611084,1.0,1.0,1.0,1.0,1.0,5.008491039276123,3.507725477218628,4.900522708892822,3.166761875152588,3.559211015701294,5.95948600769043,4.705892562866211,17.217256546020508,8.041741371154785,1.8243309259414673,10.544098854064941,2.148265838623047,4.986051559448242
TEST_01+5일,13.690678596496582,63.98724365234375,5.74545431137085,1.8364008665084839,1.2514784336090088,4.324344635009766,9.828285217285156,6.4805521965026855,3.377311944961548,1.0472842454910278,1.7436339855194092,1.5340715646743774,2.751424789428711,2.3445897102355957,17.209016799926758,2.386525869369507,45.716251373291016,1.187942624092102,2.803032636642456,71.17993927001953,24.08457374572754,4.832707405090332,1.4639579057693481,1.0,20.551448822021484,15.998191833496094,16.705650329589844,57.03115463256836,3.8482375144958496,2.8602893352508545,1.8563944101333618,1.8999875783920288,1.7210596799850464,1.253827691078186,3.7610697746276855,1.5362749099731445,15.537984848022461,2.2737984657287598,1.423192024230957,13.649723052978516,6.729903697967529,1.0958582162857056,2.351006507873535,2.9818577766418457,1.0,1.617459774017334,1.0,2.5637001991271973,1.2585675716400146,3.8784501552581787,6.474953651428223,1.0,2.703622341156006,1.0,1.7946029901504517,1.1192666292190552,1.037719964981079,1.0,1.1215875148773193,1.0,3.256714105606079,2.6008400917053223,5.651852607727051,5.8189167976379395,4.732614040374756,1.0,1.0,1.6924744844436646,2.1692123413085938,1.0,2.011702060699463,1.0,1.0,1.0,2.2378273010253906,1.927000641822815,1.0,1.02535879611969,1.0,1.9820784330368042,1.0,1.0,1.0,1.6150927543640137,1.0,1.0,1.1883082389831543,1.1785022020339966,1.0,3.5251517295837402,27.53813934326172,1.4799021482467651,2.0574867725372314,4.037552356719971,1.2851749658584595,1.0,1.6032732725143433,1.0211278200149536,21.2711238861084,5.977320671081543,1.8225550651550293,1.0,10.45003890991211,1.0,74.64680480957031,18.483783721923828,12.218267440795898,2.494560956954956,2.7861874103546143,1.1682062149047852,1.6195565462112427,1.5116312503814697,1.4315229654312134,1.4067277908325195,1.0,1.0172382593154907,1.8807613849639893,1.6311308145523071,2.4332401752471924,1.154463291168213,1.2443901300430298,7.510298728942871,1.0,1,1.0,1.0,1.0,1.0,1.008117437362671,3.005709171295166,1.0,1.0,51.632545471191406,3.338576316833496,2.636378765106201,3.373537302017212,2.20357346534729,1.6321098804473877,2.1428959369659424,7.9026713371276855,1.2830815315246582,1.0142040252685547,3.9627749919891357,1.7047169208526611,3.349252700805664,1.0,70.21806335449219,31.886627197265625,4.315029621124268,1.0,4.056044578552246,1.0,1.0,9.06397819519043,1.0,1.9441146850585938,10.28866958618164,3.4622278213500977,1.1171579360961914,1.0,4.378965854644775,1.0,2.8374099731445312,1.8010536432266235,3.845895528793335,1.0,1.0,8.768681526184082,1.0,1.0,1.0,1.0,1.0,1.0,1.0,1.0,1.0,1.0,1.0,1.0,6.734856128692627,4.086479663848877,6.575422763824463,3.5063834190368652,4.661750316619873,7.029794692993164,4.94797945022583,21.759401321411133,14.967161178588867,5.598010063171387,22.542186737060547,4.366924285888672,9.894976615905762
TEST_01+6일,14.080119132995605,69.82442474365234,5.927739143371582,2.4174699783325195,1.3711321353912354,4.601715564727783,10.605419158935547,6.9973015785217285,4.219122409820557,1.1405439376831055,1.9409546852111816,1.6413732767105103,2.4914634227752686,3.004831314086914,19.755207061767578,2.771786689758301,50.815406799316406,1.3873872756958008,3.111422300338745,77.45649719238281,26.43688201904297,5.267902374267578,1.4573200941085815,1.0277152061462402,24.172075271606445,18.096887588500977,19.719188690185547,67.86262512207031,4.549081802368164,3.296302318572998,2.1292104721069336,1.6381218433380127,1.0,1.0438933372497559,4.130326271057129,1.882810354232788,15.98945426940918,2.591210126876831,1.627198338508606,14.042112350463867,7.740615367889404,1.3019882440567017,2.9747726917266846,3.503638505935669,1.0,1.826387882232666,1.0,2.8150455951690674,1.3372634649276733,4.073427677154541,7.598205089569092,1.0,3.225167751312256,1.0,1.772788405418396,1.1783064603805542,1.0,1.0,1.2368836402893066,1.0,3.3994898796081543,2.712306022644043,6.265769958496094,6.694304943084717,5.204619407653809,1.3337041139602661,1.1684825420379639,2.0174970626831055,2.7642197608947754,1.0,2.308652639389038,1.694770336151123,1.0,1.0,2.72891902923584,2.624021053314209,1.421632170677185,1.440751314163208,1.5998395681381226,2.2722067832946777,1.1893088817596436,1.1291919946670532,1.1535930633544922,2.157655954360962,1.728560447692871,1.4313865900039673,1.5538333654403687,1.6687119007110596,1.3070944547653198,4.439681529998779,28.74163055419922,1.4481687545776367,2.077826499938965,3.9504079818725586,1.2672240734100342,1.0,1.5897270441055298,1.065545916557312,20.661338806152344,5.4809770584106445,1.8639516830444336,1.0,8.814667701721191,1.0,74.09832000732422,18.280773162841797,11.490168571472168,2.3030037879943848,2.750741958618164,1.1468350887298584,1.3979169130325317,1.5854618549346924,1.466442346572876,1.5320041179656982,1.0,1.0588008165359497,1.8074612617492676,1.5491701364517212,2.466264247894287,1.0981040000915527,1.3320622444152832,3.7193193435668945,1.021526575088501,1,1.0066313743591309,1.0013309717178345,1.0,1.0110602378845215,1.0546444654464722,2.783201217651367,1.008882761001587,1.015357255935669,29.403791427612305,3.272249937057495,2.3708057403564453,3.234529495239258,2.2437357902526855,1.5606708526611328,2.143406867980957,7.8335700035095215,1.2797398567199707,1.0,3.6793558597564697,1.617470145225525,3.163203001022339,1.0,66.15322875976562,38.06135177612305,3.99556303024292,1.0,3.689772844314575,1.0,1.0,8.086053848266602,1.0,1.295169711112976,10.248897552490234,3.2534115314483643,2.4323296546936035,1.0,4.008152484893799,1.0,2.6517255306243896,1.604408621788025,3.3301854133605957,1.0,1.0,9.272257804870605,1.0,1.0,1.19269597530365,2.1331489086151123,1.0,1.0,1.4905767440795898,1.0,1.0,1.2296611070632935,1.0,1.0,9.554611206054688,5.292809963226318,8.898725509643555,4.406534194946289,6.255580425262451,9.281872749328613,6.3662238121032715,28.6408634185791,12.953763961791992,1.5893770456314087,19.69810676574707,3.555333137512207,4.947820663452148
TEST_01+7일,18.046913146972656,83.76576232910156,7.648737907409668,3.937696695327759,1.725935697555542,5.89769172668457,18.99844741821289,9.328145027160645,7.0443878173828125,1.4025012254714966,2.8411707878112793,2.068066120147705,2.8268215656280518,5.184196949005127,27.415742874145508,3.9283666610717773,72.95417785644531,1.8262132406234741,4.075237274169922,100.90958404541016,34.57211685180664,6.847316265106201,1.8913439512252808,2.741469621658325,29.54755401611328,26.29229736328125,25.492145538330078,74.84322357177734,6.993409633636475,4.449163913726807,3.458951950073242,2.4944324493408203,2.452639579772949,1.940203309059143,6.422378063201904,2.779384136199951,20.979782104492188,3.704392910003662,2.3095195293426514,20.881654739379883,11.735893249511719,1.8365354537963867,4.317965984344482,6.056061744689941,1.1764724254608154,2.7749719619750977,1.1657803058624268,3.44231915473938,1.7862228155136108,5.01516056060791,10.411958694458008,1.0,4.646643161773682,1.6030930280685425,2.5001611709594727,1.7045040130615234,1.2511639595031738,1.358049750328064,1.9306086301803589,1.4974701404571533,5.174868106842041,4.417367458343506,9.167309761047363,8.697312355041504,8.44278335571289,2.0967421531677246,2.0002496242523193,2.6641452312469482,3.5671510696411133,1.0733669996261597,3.1094162464141846,2.8196640014648438,1.294378399848938,1.0,3.7208328247070312,4.218810081481934,2.317592144012451,2.0884182453155518,2.627556324005127,3.2100369930267334,1.7258671522140503,1.5961412191390991,1.5749868154525757,3.1938652992248535,2.675537586212158,2.368443012237549,2.191453456878662,2.4997270107269287,2.038638114929199,6.291388034820557,43.53842544555664,2.203453540802002,3.1628260612487793,6.358895778656006,2.5446879863739014,1.2340842485427856,1.9699903726577759,1.4916911125183105,29.442276000976562,7.732576847076416,2.5441391468048096,1.3514049053192139,21.407766342163086,1.0,97.32447052001953,32.123104095458984,17.805578231811523,3.511013984680176,4.198260307312012,1.7663418054580688,2.633054494857788,2.235459089279175,2.0923891067504883,2.113201379776001,1.3210337162017822,1.4464927911758423,2.883767604827881,2.263050079345703,3.356152296066284,1.6936280727386475,2.0247442722320557,1.0,1.1063131093978882,1,1.0836446285247803,1.0897074937820435,1.0687257051467896,1.0812554359436035,1.160707950592041,2.3270740509033203,1.089235544204712,1.1053534746170044,1.0,3.52347993850708,1.9377548694610596,3.6048567295074463,2.3694536685943604,1.7154474258422852,2.286733865737915,8.259432792663574,1.411834716796875,1.0168412923812866,4.070222854614258,1.7370364665985107,6.400752067565918,1.0,91.09229278564453,81.0569076538086,7.827708721160889,1.1747881174087524,6.596116542816162,1.0,1.0,17.604875564575195,1.0,4.241753101348877,15.55052661895752,5.252238750457764,1.0,1.0,7.930692195892334,1.1137499809265137,5.1433491706848145,3.1284432411193848,6.759743690490723,1.0,1.0,13.058268547058105,1.0,1.0,3.9738802909851074,9.891088485717773,2.0311379432678223,1.0,7.23526668548584,1.0,1.0,2.747013807296753,1.0,1.7955238819122314,24.530445098876953,13.79748249053955,22.212085723876953,11.151060104370117,17.48332977294922,24.35769271850586,14.038880348205566,73.7175521850586,28.38681983947754,6.450857162475586,41.55706024169922,7.4077372550964355,11.762877464294434
TEST_02+1일,7.883846282958984,83.50297546386719,5.445000648498535,3.8577613830566406,1.0752854347229004,3.079145669937134,10.348499298095703,6.114426136016846,4.416947841644287,1.0679908990859985,2.7911245822906494,1.8262602090835571,1.751298427581787,4.114871501922607,25.475662231445312,3.23836088180542,108.23127746582031,1.460877537727356,2.5290818214416504,118.1799087524414,41.03185272216797,6.697722911834717,1.4001750946044922,5.651922702789307,28.04483413696289,28.818384170532227,18.97144889831543,55.89719009399414,8.277894973754883,4.136122226715088,3.216352701187134,3.8010923862457275,3.8148810863494873,2.1629891395568848,4.770188331604004,3.3101518154144287,32.304264068603516,4.024755954742432,2.6839797496795654,27.923633575439453,12.82167911529541,1.7203985452651978,5.136625289916992,2.854630947113037,1.2052860260009766,3.3189749717712402,1.1181714534759521,3.3912603855133057,1.7743085622787476,2.8052878379821777,9.480770111083984,1.817295789718628,7.077622890472412,1.578485369682312,2.328434467315674,1.8610769510269165,1.8067079782485962,1.5623228549957275,2.135819673538208,1.5397173166275024,9.288291931152344,9.120027542114258,11.806937217712402,8.574358940124512,10.193551063537598,1.7981235980987549,1.0332850217819214,1.8871065378189087,3.8404245376586914,1.0,3.0139055252075195,2.6680352687835693,1.3957045078277588,1.0444600582122803,2.7576136589050293,7.376041889190674,1.0,2.054110050201416,1.7674366235733032,2.764889717102051,1.0,1.75472092628479,1.1342155933380127,2.2549333572387695,1.2521198987960815,1.7928205728530884,2.0333476066589355,2.1668312549591064,2.402724266052246,4.919384002685547,37.201419830322266,2.7224624156951904,3.1296515464782715,4.413970947265625,1.0872005224227905,1.0,1.137747049331665,1.0,22.50720977783203,7.923110008239746,1.5068559646606445,1.0,7.1934285163879395,1.0,217.0375213623047,35.7351188659668,20.074966430664062,2.6560966968536377,3.2443315982818604,1.9329804182052612,2.7698864936828613,1.546216607093811,2.509840965270996,2.166994094848633,1.1444545984268188,1.2989223003387451,2.020505428314209,1.4134148359298706,3.0433127880096436,2.156688690185547,1.9202200174331665,1.0,1.0,1,1.0,1.0,1.0,1.0,1.02679443359375,2.352712392807007,1.0,1.0,1.0,4.135550022125244,2.6481215953826904,4.4420318603515625,2.4204261302948,1.4704254865646362,2.1985809803009033,8.67939567565918,1.339733362197876,1.0343097448349,5.053854942321777,1.9053666591644287,12.221946716308594,1.029464602470398,137.46044921875,120.92578887939453,11.95777702331543,1.1045535802841187,9.498111724853516,1.1373156309127808,1.0,22.024633407592773,2.621112108230591,14.613543510437012,24.326171875,7.4416351318359375,5.276764869689941,1.0,10.095438957214355,1.2690341472625732,7.024781227111816,4.505673885345459,9.644576072692871,1.0596436262130737,1.5264794826507568,10.682060241699219,1.0,1.0,4.999074459075928,4.909672260284424,1.0,5.104315280914307,18.839637756347656,2.7173221111297607,1.0,5.730249404907227,1.0,3.2057125568389893,64.62406921386719,38.73136520385742,58.635623931884766,22.27874755859375,43.25934600830078,60.4674186706543,49.054420471191406,184.96836853027344,43.727989196777344,15.31675910949707,71.24087524414062,17.188762664794922,34.43169021606445
TEST_02+2일,4.089991569519043,59.710899353027344,3.7242374420166016,2.2828595638275146,1.1084727048873901,1.0711891651153564,1.0,3.132239818572998,1.0710551738739014,1.0,1.7739943265914917,1.2961329221725464,1.2846168279647827,2.402740955352783,25.592273712158203,2.8346610069274902,78.14411926269531,1.0,2.02420973777771,89.73861694335938,31.535274505615234,5.789353370666504,1.0,1.1167385578155518,10.10935115814209,8.979166984558105,7.848165988922119,24.379724502563477,4.869301795959473,3.9578025341033936,2.4999380111694336,2.158667802810669,1.9408493041992188,1.228479027748108,1.0,3.5014398097991943,26.353527069091797,2.6878390312194824,1.770517349243164,16.03982162475586,6.909900188446045,1.0,1.4528831243515015,1.0,1.0,1.1939125061035156,1.0,2.5652883052825928,1.0,1.5357261896133423,4.982131004333496,1.0,3.822227716445923,1.0,1.0,1.0735310316085815,1.0,1.0,1.0,1.0,5.674339294433594,6.722194671630859,7.484889984130859,6.614908695220947,5.985959529876709,1.0,1.0,1.0,1.2934603691101074,1.0,1.0398272275924683,1.0,1.0,1.0,1.0,1.9200133085250854,1.0,1.0,1.0,1.0,1.0,1.0,1.0,1.0,1.0,1.0,1.0,1.0,1.0,1.133666753768921,40.14670181274414,2.2123358249664307,2.5863840579986572,4.606329917907715,1.0,1.0,1.0,1.0,22.341670989990234,6.290824890136719,1.488748550415039,1.0,1.0,1.0,198.52276611328125,33.53943634033203,16.996641159057617,2.102605104446411,2.475595712661743,1.4890246391296387,1.9861432313919067,1.5577178001403809,1.9687986373901367,2.0328800678253174,1.0,1.2214741706848145,1.4205628633499146,1.1025075912475586,2.4476170539855957,1.768892526626587,1.7571814060211182,1.0,1.0,1,1.0,1.0,1.0,1.0,1.0,2.250643730163574,1.0,1.0,5.761096000671387,3.783290386199951,2.5728862285614014,4.111931800842285,2.2452659606933594,1.3424533605575562,2.0019588470458984,8.43005657196045,1.1496307849884033,1.0,5.281888961791992,1.6830615997314453,2.974891424179077,1.0,90.57412719726562,50.886043548583984,3.0114972591400146,1.0,2.9361751079559326,1.0,1.0,2.2487032413482666,1.0,2.527653217315674,12.390602111816406,3.368145704269409,1.0,1.0,1.3105655908584595,1.0,1.7335318326950073,1.0,1.2189873456954956,1.0,1.0,5.92603874206543,1.0,1.0,1.0,1.0,1.0,1.0,3.768962860107422,1.0,1.0,2.211150646209717,1.0,1.0,40.29842758178711,21.947511672973633,37.120052337646484,10.945659637451172,25.03770637512207,29.70240592956543,25.067703247070312,91.4781723022461,50.83148956298828,15.329939842224121,74.58696746826172,18.13149070739746,38.16562271118164
TEST_02+3일,4.911656379699707,58.340484619140625,3.871145486831665,2.620483636856079,1.1134092807769775,1.3555458784103394,1.0,3.362567663192749,1.3673925399780273,1.0,1.8718637228012085,1.303715467453003,1.316324234008789,2.7014055252075195,26.804401397705078,2.7914557456970215,73.30086517333984,1.0,2.0793697834014893,87.70811462402344,30.13649559020996,5.693607330322266,1.0062122344970703,3.0097572803497314,17.32511329650879,17.04640769958496,13.013797760009766,38.28487777709961,5.068613529205322,3.086639404296875,1.941014289855957,2.278095006942749,1.8900192975997925,1.1790951490402222,2.293823480606079,2.650834321975708,25.492271423339844,2.4861323833465576,1.8659675121307373,18.377925872802734,7.216026306152344,1.152330994606018,3.3092823028564453,1.3717939853668213,1.0,1.991410255432129,1.0,2.362074613571167,1.1192065477371216,1.3375405073165894,5.157047271728516,1.0,4.912826061248779,1.0,1.3772059679031372,1.1638270616531372,1.0,1.0,1.2332658767700195,1.0,5.747464656829834,5.812218189239502,6.725193500518799,5.881956100463867,5.605639934539795,1.3048826456069946,1.0,1.416057825088501,2.9149975776672363,1.3352618217468262,2.274329662322998,1.5915766954421997,1.0209176540374756,1.0,1.9462907314300537,5.464151382446289,1.0,1.7225273847579956,1.2209774255752563,1.7533133029937744,1.0,1.312016487121582,1.0033068656921387,1.642310619354248,1.0,1.2702022790908813,1.5133838653564453,1.7575492858886719,1.8328648805618286,3.821298837661743,38.77285385131836,2.096014976501465,2.739502429962158,4.272836685180664,1.0,1.0,1.0243252515792847,1.0,21.721073150634766,6.277548313140869,1.3909783363342285,1.0,2.298011541366577,1.0,194.57638549804688,34.26555633544922,16.527822494506836,2.30171799659729,2.7070066928863525,1.548243761062622,2.265165090560913,1.3920928239822388,1.91704523563385,1.8524246215820312,1.0256352424621582,1.2303135395050049,1.6090803146362305,1.2277461290359497,2.3765814304351807,1.7454041242599487,1.7467944622039795,1.0,1.0,1,1.0,1.0,1.0,1.0,1.0055056810379028,2.501768112182617,1.0,1.005408763885498,33.19660568237305,3.9053759574890137,2.7484352588653564,4.350124835968018,2.2624125480651855,1.3998318910598755,2.064465284347534,8.654812812805176,1.2583823204040527,1.0,5.128387451171875,1.8303139209747314,5.786540508270264,1.0,105.0311279296875,68.6927490234375,4.846653938293457,1.0,4.5150909423828125,1.0,1.0,7.958845615386963,1.0,8.77324104309082,14.114289283752441,4.239293575286865,1.7515581846237183,1.0,3.1454756259918213,1.0,3.2764408588409424,1.701169729232788,3.4876296520233154,1.0,1.0,5.895232200622559,1.0,1.0,1.4246457815170288,1.0988200902938843,1.0,1.9645167589187622,4.725815773010254,1.0,1.0,2.3867313861846924,1.0,1.0,36.32249069213867,17.47696876525879,36.25455856323242,9.959134101867676,25.256175994873047,24.185361862182617,24.349964141845703,102.14857482910156,31.04596519470215,11.271668434143066,50.458518981933594,12.964752197265625,25.85310935974121
TEST_02+4일,7.012038230895996,68.6726303100586,4.796514511108398,3.058638572692871,1.3801500797271729,1.9486992359161377,1.0,4.441635608673096,2.160435914993286,1.0126503705978394,2.5109031200408936,1.3707952499389648,1.4485869407653809,3.513585090637207,32.25202178955078,3.2830286026000977,82.39408874511719,1.2100005149841309,2.4972639083862305,93.63655090332031,33.52768325805664,6.6978583335876465,1.1577118635177612,2.948338508605957,16.271982192993164,15.767349243164062,12.854630470275879,36.90127182006836,5.685387134552002,3.5532877445220947,2.4169209003448486,2.6787009239196777,2.0838868618011475,1.3254616260528564,2.169283866882324,3.0858659744262695,29.372392654418945,2.701704263687134,2.013185501098633,18.860218048095703,8.562704086303711,1.2550761699676514,3.171800136566162,1.3559434413909912,1.0,1.948543667793274,1.0,2.890834331512451,1.097827672958374,1.527259111404419,5.395027160644531,1.0,5.255117893218994,1.017051339149475,1.4121921062469482,1.2162505388259888,1.0,1.0,1.2212512493133545,1.0,6.192815780639648,6.464742183685303,7.432924270629883,6.88338041305542,6.133883476257324,1.6816357374191284,1.325693130493164,1.6701438426971436,3.5493574142456055,1.0693087577819824,2.895042657852173,2.3581387996673584,1.2067790031433105,1.0810837745666504,2.5315816402435303,6.616369724273682,1.0983750820159912,2.133294105529785,1.6938445568084717,2.3627235889434814,1.1423625946044922,1.6355845928192139,1.280466079711914,2.2071425914764404,1.3899730443954468,1.8911352157592773,1.9028342962265015,2.257856845855713,2.24297833442688,4.948363780975342,40.49375534057617,1.9474968910217285,2.7784976959228516,4.527719974517822,1.0,1.0,1.0413058996200562,1.0,20.622220993041992,6.172138214111328,1.4813406467437744,1.0,2.5633692741394043,1.0,191.2825469970703,32.330101013183594,15.21574878692627,2.3598339557647705,2.63736891746521,1.5317946672439575,2.288431167602539,1.3670947551727295,1.8552205562591553,1.8037102222442627,1.0,1.2128430604934692,1.6781487464904785,1.2603175640106201,2.334165096282959,1.7326562404632568,1.6440939903259277,3.341984510421753,1.0,1,1.0032328367233276,1.00072181224823,1.0,1.0,1.0,2.7878072261810303,1.0,1.02101469039917,36.372188568115234,3.852383613586426,2.9768264293670654,4.170655250549316,2.1389951705932617,1.4200822114944458,2.060832977294922,8.296463966369629,1.1716628074645996,1.0,5.092185020446777,1.8109550476074219,2.8857247829437256,1.0,95.28536224365234,49.3254508972168,1.8152669668197632,1.0,2.3752477169036865,1.0,1.0,1.0,1.0,3.302839517593384,11.865744590759277,3.1159048080444336,1.0,1.0,1.0,1.0,1.1861426830291748,1.0,1.0,1.0,1.0,5.916350364685059,1.0,1.0,3.246293783187866,2.226588249206543,1.0,2.695929765701294,5.713365077972412,1.015496850013733,1.0,2.6195790767669678,1.0,1.8310267925262451,36.50071334838867,17.031028747558594,35.49129104614258,8.344103813171387,21.85859489440918,24.253562927246094,21.092552185058594,89.39000701904297,23.206640243530273,4.044045448303223,31.705718994140625,9.157295227050781,16.440013885498047
TEST_02+5일,10.314455032348633,96.37741088867188,6.116140842437744,4.251492977142334,1.6928737163543701,3.7195301055908203,12.811351776123047,7.258595943450928,4.920318603515625,1.3403416872024536,3.519874095916748,1.8668230772018433,1.9991577863693237,5.881835460662842,38.635921478271484,4.0332560539245605,111.99095916748047,1.7939302921295166,3.1852197647094727,121.88675689697266,42.755008697509766,8.272769927978516,1.6640751361846924,6.143179893493652,27.795063018798828,28.79335594177246,21.854576110839844,55.92386245727539,8.561532974243164,3.6914961338043213,3.3574891090393066,4.031630516052246,3.7719569206237793,2.295341968536377,5.394739627838135,2.9041450023651123,33.68586349487305,3.783592700958252,2.5790975093841553,28.417381286621094,13.50299072265625,1.7789459228515625,5.9399027824401855,3.5247371196746826,1.4518440961837769,3.4750702381134033,1.0113887786865234,3.5452613830566406,1.9141513109207153,2.5846731662750244,8.922266006469727,2.067629098892212,7.738779544830322,1.8411210775375366,2.6361405849456787,1.7887293100357056,1.9700522422790527,1.8124098777770996,2.350372076034546,1.7258192300796509,8.9443998336792,8.10338306427002,9.842399597167969,8.917780876159668,9.109375953674316,1.692478060722351,1.0,1.5126022100448608,3.465599298477173,1.0,2.849428415298462,1.4883054494857788,1.17180335521698,1.0,2.4757461547851562,6.946615219116211,1.0,1.9240998029708862,1.072959303855896,2.444890260696411,1.0,1.499081015586853,1.1722633838653564,1.9712117910385132,1.0,1.5636612176895142,1.6692709922790527,1.8959875106811523,1.8873461484909058,4.805788993835449,45.34361267089844,2.124847173690796,2.8644766807556152,4.356572151184082,1.0,1.0,1.0628728866577148,1.0,23.772275924682617,7.2250657081604,1.5197174549102783,1.034759521484375,1.4226036071777344,1.0,212.92445373535156,41.68532943725586,16.82306671142578,2.8578944206237793,3.174652576446533,1.6144733428955078,2.5838639736175537,1.4431443214416504,2.070429801940918,1.9195067882537842,1.0,1.3117525577545166,1.8021435737609863,1.44062077999115,2.5111358165740967,1.8394496440887451,1.710733413696289,8.95776081085205,1.0,1,1.0,1.000079870223999,1.0,1.0,1.0024796724319458,3.18976092338562,1.0,1.0162854194641113,51.24981689453125,3.98337459564209,3.460097074508667,4.487524032592773,2.387864828109741,1.5443320274353027,2.154651165008545,8.52608871459961,1.3472557067871094,1.0593204498291016,5.220860481262207,1.9359440803527832,6.373729705810547,1.0,112.90248107910156,62.24967956542969,4.78704309463501,1.0,4.904333591461182,1.0,1.0,9.174915313720703,1.0,8.506733894348145,16.363832473754883,4.774024963378906,1.0,1.0,4.130603313446045,1.0,3.7349612712860107,1.8004648685455322,4.189685344696045,1.0,1.0,7.696110725402832,1.0,1.0,2.3391475677490234,1.0,1.0,2.6271421909332275,4.419425010681152,1.0,1.0,2.4299423694610596,1.0,1.0,50.773441314697266,23.723098754882812,53.205970764160156,14.969759941101074,34.563236236572266,35.884254455566406,33.749935150146484,138.71189880371094,37.306880950927734,13.112961769104004,55.37423324584961,13.826376914978027,31.519182205200195
TEST_02+6일,11.224992752075195,99.57102966308594,7.063272953033447,5.246391296386719,1.8827924728393555,4.508792400360107,13.831313133239746,7.8527398109436035,5.876062870025635,1.4818824529647827,3.7861342430114746,1.9531577825546265,2.153049945831299,6.765724182128906,39.042850494384766,4.306880950927734,117.37213134765625,2.02882981300354,3.448538303375244,125.16233825683594,45.25307846069336,8.629755973815918,1.7572661638259888,5.762941360473633,28.742111206054688,29.02954864501953,24.28594207763672,60.66944885253906,11.506381034851074,5.8869547843933105,4.9647321701049805,4.873602867126465,4.04006290435791,2.738487958908081,4.164300918579102,4.811634540557861,47.49372863769531,4.907115936279297,3.346842050552368,35.41419982910156,17.265995025634766,2.1794960498809814,6.284671783447266,2.8813538551330566,1.487770438194275,3.9510343074798584,1.3518774509429932,4.747373104095459,2.130523681640625,3.1770834922790527,10.539966583251953,1.8159092664718628,8.984968185424805,2.001807451248169,2.919398307800293,2.146911144256592,2.2672605514526367,1.7582167387008667,2.472731828689575,1.9735084772109985,11.4924898147583,10.764153480529785,13.368858337402344,13.163103103637695,12.33327579498291,1.9403984546661377,1.4867455959320068,1.8738609552383423,3.8514561653137207,1.166157841682434,3.1968584060668945,2.1983137130737305,1.3190127611160278,1.1249184608459473,2.7929301261901855,7.014629364013672,1.3826861381530762,2.564950466156006,1.7711107730865479,2.7234015464782715,1.2035799026489258,1.8259145021438599,1.5782989263534546,2.4089343547821045,1.4285041093826294,1.9106671810150146,2.1075191497802734,2.575890064239502,2.402583599090576,5.902304649353027,52.350494384765625,2.4551820755004883,3.3850035667419434,5.931354522705078,1.135628342628479,1.0,1.4363610744476318,1.2563637495040894,28.807636260986328,7.515387058258057,1.7978638410568237,1.3734022378921509,6.207659721374512,1.0,219.4224395751953,45.29964828491211,17.855932235717773,3.258594036102295,3.600886344909668,2.0654139518737793,3.08056902885437,1.8842873573303223,2.5053343772888184,2.188913583755493,1.236385703086853,1.5634468793869019,2.2031407356262207,1.8179503679275513,2.8444535732269287,2.1656556129455566,2.300504684448242,5.486452579498291,1.0215867757797241,1,1.0240553617477417,1.0139209032058716,1.0,1.0049012899398804,1.0701055526733398,3.1619467735290527,1.0246381759643555,1.039419174194336,28.1065673828125,4.126021385192871,3.671355724334717,4.550772190093994,2.5015881061553955,1.571110486984253,2.252582550048828,8.739400863647461,1.3708043098449707,1.087645411491394,5.222363471984863,2.0494441986083984,7.411197662353516,1.0,120.57412719726562,74.05213928222656,5.654966354370117,1.0,6.034935474395752,1.0,1.0,10.752813339233398,1.0,10.13961410522461,19.33057403564453,5.720930576324463,1.0,1.0,5.356358051300049,1.0,4.731372356414795,2.1816558837890625,4.967073440551758,1.0,1.0,9.200897216796875,1.0,1.0,6.143266201019287,3.797109365463257,1.0,5.934171199798584,10.469043731689453,2.038550615310669,1.0407854318618774,3.687772274017334,1.0,2.7584123611450195,60.86620330810547,28.434587478637695,63.97317886352539,20.124107360839844,44.89540481567383,42.05504608154297,41.496612548828125,181.7110595703125,36.39374923706055,14.821484565734863,61.13624572753906,14.308141708374023,31.513669967651367
TEST_02+7일,17.281028747558594,137.46437072753906,10.948763847351074,7.967437267303467,2.5765433311462402,6.77511739730835,29.901031494140625,11.238381385803223,10.1581449508667,2.1279189586639404,5.708155632019043,2.7222402095794678,3.009089469909668,10.625028610229492,50.057456970214844,5.781571388244629,160.66856384277344,3.037635326385498,4.758615493774414,167.94468688964844,60.91136932373047,11.495955467224121,2.6168668270111084,8.97261905670166,37.65034484863281,42.14677047729492,31.291492462158203,76.7144775390625,14.888535499572754,7.028661727905273,6.081712245941162,6.379761219024658,5.324799537658691,3.526994228363037,6.196995735168457,5.239321231842041,55.65086364746094,6.240535736083984,4.161766052246094,47.99799728393555,22.29231834411621,2.797074794769287,8.642882347106934,4.46038818359375,2.0721094608306885,5.407357692718506,1.6061946153640747,5.691774368286133,2.876877546310425,3.9551775455474854,13.873421669006348,2.9336037635803223,11.428292274475098,2.6649582386016846,4.047073841094971,2.7475407123565674,2.9489197731018066,2.604471445083618,3.3671464920043945,2.6964352130889893,14.830382347106934,13.091041564941406,16.759902954101562,15.32415771484375,15.65345573425293,2.7609164714813232,2.4135642051696777,2.4862544536590576,4.9096245765686035,1.0,4.151019096374512,3.303169012069702,1.7179231643676758,1.7150542736053467,3.8591043949127197,9.415480613708496,1.92008638381958,3.194354295730591,2.59328556060791,3.8016839027404785,1.7952510118484497,2.398555040359497,2.1111295223236084,3.5323572158813477,2.2548763751983643,2.9740991592407227,2.757033586502075,3.3427035808563232,3.1355419158935547,8.141234397888184,54.339820861816406,2.819589614868164,3.9490299224853516,6.174307346343994,1.3812264204025269,1.0,1.6190048456192017,1.3990000486373901,33.314048767089844,8.271513938903809,1.8838956356048584,1.4554147720336914,9.982034683227539,1.0,224.87220764160156,50.886253356933594,18.550371170043945,3.7991795539855957,4.139636516571045,2.504122018814087,3.59667706489563,2.06506609916687,2.902554988861084,2.357988119125366,1.4100675582885742,1.741249918937683,2.607015609741211,2.074444055557251,3.1316628456115723,2.447063684463501,2.3819527626037598,10.438669204711914,1.1027376651763916,1,1.1030664443969727,1.1014882326126099,1.078604817390442,1.0784984827041626,1.1964949369430542,3.9688172340393066,1.1067790985107422,1.1272598505020142,1.601496696472168,4.866549015045166,4.563461780548096,5.548215866088867,2.961709499359131,2.0583655834198,2.74992299079895,9.871286392211914,1.7441142797470093,1.3696726560592651,5.769489288330078,2.5671730041503906,15.389625549316406,1.0,166.16253662109375,129.75653076171875,12.787880897521973,1.0,11.44943904876709,1.0,1.0,27.855121612548828,1.029175877571106,20.82818603515625,29.803850173950195,9.458105087280273,1.0,1.0,13.06169605255127,1.4232900142669678,9.497654914855957,5.012389659881592,12.188864707946777,1.0,1.9909203052520752,14.031322479248047,1.5446571111679077,1.0,10.737786293029785,11.062634468078613,1.275217890739441,12.633678436279297,21.212465286254883,10.968894004821777,3.931290864944458,6.928174018859863,1.0,9.146978378295898,94.97382354736328,52.08720397949219,100.49376678466797,40.305057525634766,69.82403564453125,82.3217544555664,68.0577621459961,318.7850036621094,83.06800842285156,33.69620132446289,129.93209838867188,28.25704002380371,70.91588592529297
TEST_03+1일,12.688611030578613,88.31245422363281,7.967289447784424,2.108400583267212,1.3038523197174072,1.7146530151367188,14.874429702758789,6.018490791320801,5.442778587341309,1.3392283916473389,2.649726152420044,1.3401193618774414,2.257316827774048,4.6139702796936035,23.365516662597656,2.1265645027160645,86.30142211914062,2.0696680545806885,2.098198890686035,88.60275268554688,31.07773208618164,3.7213096618652344,1.5568196773529053,3.6258411407470703,39.93284225463867,35.08637619018555,24.711265563964844,75.78376007080078,20.265846252441406,8.512864112854004,7.886065483093262,6.890109539031982,3.2655677795410156,3.1626832485198975,4.696775913238525,4.985316753387451,63.22478485107422,13.98158073425293,3.427788734436035,57.08975601196289,29.7237548828125,2.2136645317077637,8.595210075378418,5.628741264343262,1.4753843545913696,3.8121724128723145,1.5116122961044312,5.689005374908447,2.4250757694244385,4.227861404418945,19.160045623779297,2.6213133335113525,10.183677673339844,2.255618095397949,5.010641098022461,2.1193315982818604,4.0589752197265625,2.3708689212799072,2.9499504566192627,1.8432155847549438,10.984725952148438,13.560772895812988,24.695880889892578,22.169687271118164,22.74724578857422,3.1570496559143066,1.0,1.7316170930862427,5.458563327789307,1.0,4.652507305145264,2.1857314109802246,1.6700438261032104,1.3709712028503418,5.372905254364014,1.867188572883606,1.0,3.5402653217315674,4.133586406707764,5.262966156005859,1.9340678453445435,2.4237051010131836,3.044182062149048,2.4507670402526855,1.5419330596923828,1.3866196870803833,2.999706983566284,4.402244567871094,4.8306884765625,10.464286804199219,85.17503356933594,2.5334436893463135,4.153611660003662,9.832783699035645,2.449723482131958,1.0,2.039450168609619,1.7630653381347656,59.93814468383789,9.940627098083496,2.5224695205688477,1.6692955493927002,28.83867073059082,1.0,175.47018432617188,157.3700408935547,28.17479133605957,5.412042617797852,6.85713005065918,2.4331114292144775,5.839478969573975,1.814442753791809,3.2885167598724365,2.648939847946167,1.6890064477920532,1.7089307308197021,3.7146785259246826,3.0640883445739746,4.4787750244140625,1.8265085220336914,2.9931881427764893,3.1647214889526367,1.0,1,1.0,1.0,1.0,1.0,1.0,5.37894344329834,1.0,1.0,26.374351501464844,3.3428642749786377,4.189538955688477,6.771236419677734,2.612053155899048,2.9601428508758545,3.3498432636260986,8.769874572753906,2.3499863147735596,1.633939504623413,5.614401340484619,2.928349494934082,14.551584243774414,1.3759536743164062,115.70568084716797,135.88441467285156,20.211498260498047,1.277073860168457,12.880457878112793,1.326289415359497,1.0,39.582275390625,6.0826897621154785,8.264978408813477,53.777915954589844,8.300588607788086,7.380898952484131,1.093544363975525,15.621368408203125,2.6405858993530273,15.717660903930664,6.945631504058838,15.350255966186523,6.35740852355957,1.072601079940796,17.355613708496094,14.66191577911377,1.0,3.7068684101104736,5.845937728881836,1.0,27.682844161987305,40.318302154541016,29.335464477539062,9.451770782470703,7.223995685577393,1.0,10.368185997009277,142.0326690673828,97.14851379394531,156.37823486328125,97.88224029541016,110.20846557617188,138.19049072265625,133.48500061035156,645.1493530273438,96.84813690185547,75.68356323242188,137.33416748046875,30.62864112854004,81.49534606933594
TEST_03+2일,10.709307670593262,84.64730072021484,7.890867233276367,1.0098775625228882,1.0512323379516602,1.1511143445968628,9.257490158081055,6.007453441619873,3.7265119552612305,1.210652232170105,2.1030445098876953,1.1079211235046387,2.1452243328094482,3.806044578552246,21.704862594604492,1.59458327293396,84.04914093017578,1.8827991485595703,1.8902840614318848,84.52765655517578,28.744895935058594,3.543919086456299,1.3548527956008911,3.644425630569458,31.30902671813965,32.85105514526367,24.20061492919922,67.68242645263672,16.773529052734375,6.812856674194336,7.700181007385254,5.574662208557129,3.080940008163452,2.4197921752929688,3.1871933937072754,4.754034996032715,55.06097412109375,12.498815536499023,2.568474054336548,46.83286666870117,23.1329345703125,1.571515679359436,5.504488945007324,3.6218953132629395,1.1367709636688232,2.6555628776550293,1.214028239250183,4.556230545043945,1.7924504280090332,3.052346706390381,14.637113571166992,2.0391132831573486,7.960758209228516,1.5455901622772217,4.151334762573242,1.7298047542572021,3.204629898071289,1.7201824188232422,1.8994481563568115,1.1884069442749023,8.075847625732422,11.13744068145752,23.561796188354492,19.905841827392578,21.549545288085938,1.3537414073944092,1.0,1.0,3.259634494781494,1.0,2.7453792095184326,1.0,1.0,1.0,2.7018823623657227,1.0,1.0,1.8300576210021973,1.0,3.0866031646728516,1.0,1.1245657205581665,1.510110855102539,1.0,1.0,1.0,1.3997938632965088,2.3692786693573,3.006805419921875,6.139936447143555,62.712257385253906,1.6731137037277222,2.614260673522949,7.120959281921387,1.0,1.0,1.392270565032959,1.2277028560638428,52.652408599853516,7.012526988983154,1.5832654237747192,1.0459074974060059,14.36636734008789,1.0,153.90499877929688,141.97874450683594,22.058130264282227,3.9249935150146484,4.8615007400512695,1.6451411247253418,3.798729419708252,1.2149933576583862,2.4354076385498047,2.0000007152557373,1.159273386001587,1.3301351070404053,2.3942313194274902,2.0121874809265137,2.8588109016418457,1.0950549840927124,2.2052481174468994,12.298064231872559,1.030051827430725,1,1.000325083732605,1.010961890220642,1.0,1.0,1.0481692552566528,6.103160381317139,1.017661452293396,1.0150154829025269,63.245670318603516,3.2025082111358643,4.282978057861328,7.062943935394287,2.48569393157959,3.022129774093628,3.418097734451294,8.907787322998047,2.4756863117218018,1.722589135169983,5.964696407318115,2.978756904602051,6.968835830688477,1.0,65.67084503173828,63.110450744628906,11.07331371307373,1.0,7.036136150360107,1.0,1.0,20.163131713867188,1.0,1.0,36.851741790771484,4.7578206062316895,1.0,1.0,7.361665725708008,1.0334563255310059,9.179717063903809,3.3089964389801025,7.19455099105835,1.0,1.0,11.539056777954102,1.0,1.0,1.0,1.0,1.0,10.534599304199219,12.761895179748535,7.8588643074035645,3.52115535736084,3.2523109912872314,1.0,2.7091050148010254,171.04835510253906,92.95195007324219,157.96826171875,84.90682983398438,120.00008392333984,143.28688049316406,113.70091247558594,745.1879272460938,99.43852996826172,86.96783447265625,132.77481079101562,27.983617782592773,91.70536804199219
TEST_03+3일,10.715059280395508,83.60960388183594,7.626709938049316,1.2866393327713013,1.0849213600158691,1.385724425315857,9.166827201843262,5.963446617126465,3.6242973804473877,1.2248585224151611,2.1131508350372314,1.1432534456253052,2.2384400367736816,3.7044854164123535,20.806135177612305,1.5135987997055054,80.34332275390625,1.9115581512451172,1.894862174987793,83.72518157958984,28.490829467773438,3.6447529792785645,1.403126835823059,2.4782891273498535,30.42766761779785,28.255718231201172,18.597658157348633,60.82746505737305,15.343421936035156,6.201679229736328,6.116394996643066,5.3450751304626465,2.321718692779541,2.1835451126098633,2.9995226860046387,4.003102779388428,50.73613357543945,12.128074645996094,2.39770245552063,46.44343566894531,22.0507869720459,1.4424046277999878,5.9871134757995605,3.2756381034851074,1.0132708549499512,2.436976671218872,1.1719143390655518,4.247415065765381,1.6690326929092407,2.6907689571380615,13.89851188659668,1.6928023099899292,7.752940654754639,1.3617360591888428,3.8869333267211914,1.4057852029800415,2.887343168258667,1.4811303615570068,1.8493953943252563,1.0775938034057617,7.676677703857422,10.175949096679688,21.31781578063965,18.77643585205078,18.24464988708496,2.1853556632995605,1.0,1.2103126049041748,4.7451863288879395,1.0,3.607649087905884,1.2252953052520752,1.2644972801208496,1.0,3.9223504066467285,1.4777443408966064,1.0,2.8297297954559326,2.7851877212524414,3.957202672958374,1.3632190227508545,1.8036437034606934,2.3142967224121094,1.6454944610595703,1.0,1.049392819404602,2.5293562412261963,3.3103115558624268,3.923588991165161,8.67406940460205,54.5013313293457,1.5499497652053833,2.403294563293457,6.7528791427612305,1.4444440603256226,1.0,1.347190022468567,1.2326716184616089,50.02039337158203,6.784855365753174,1.489170789718628,1.0,17.74692726135254,1.0,149.76687622070312,130.03091430664062,21.097047805786133,3.5436699390411377,4.857490539550781,1.6478595733642578,3.7158212661743164,1.3081849813461304,2.2775630950927734,1.8503015041351318,1.11064875125885,1.301687479019165,2.4542715549468994,1.9013848304748535,2.446585178375244,1.0319914817810059,2.3196661472320557,11.238512992858887,1.0069893598556519,1,1.0,1.0026884078979492,1.0,1.0,1.0344107151031494,6.03714656829834,1.0,1.0,75.62689971923828,3.1917896270751953,4.314911365509033,7.089214324951172,2.4420957565307617,3.083336353302002,3.485011577606201,8.995104789733887,2.4559051990509033,1.7206966876983643,5.880899906158447,2.9831795692443848,8.622964859008789,1.0,61.76791763305664,63.932132720947266,10.90262222290039,1.0,6.7310791015625,1.0,1.0,21.714956283569336,1.3808435201644897,1.9343680143356323,35.33827209472656,4.408341407775879,1.0,1.0,8.024812698364258,1.2942346334457397,10.020792961120605,3.7959601879119873,7.668805122375488,2.457423448562622,1.0,10.648524284362793,1.0,1.0,1.0,1.0,1.0,9.896077156066895,14.080851554870605,6.553533554077148,3.250642776489258,3.3254034519195557,1.0,2.3612678050994873,129.4807891845703,71.15955352783203,131.81224060058594,73.46068572998047,97.81111145019531,93.63749694824219,99.32244873046875,600.8541870117188,76.21643829345703,69.91769409179688,116.44879913330078,23.936613082885742,59.1856575012207
TEST_03+4일,12.195367813110352,93.85594177246094,7.970632553100586,1.8204513788223267,1.1479859352111816,1.6800463199615479,11.482340812683105,6.278253078460693,4.365982532501221,1.330369234085083,2.647639274597168,1.2487964630126953,2.427856683731079,3.8998918533325195,21.631017684936523,1.556634545326233,87.5521469116211,2.175962448120117,2.2518301010131836,91.633544921875,30.294286727905273,4.08907413482666,1.5443490743637085,2.527864694595337,28.582448959350586,28.39583969116211,18.66082191467285,59.870670318603516,14.845475196838379,6.201194763183594,5.996163845062256,5.314295768737793,2.570188522338867,2.30769944190979,3.2477872371673584,4.1223249435424805,51.679161071777344,11.815808296203613,2.4757814407348633,46.563961029052734,21.31808090209961,1.5292696952819824,6.089245319366455,3.4268338680267334,1.0,2.4960787296295166,1.177076816558838,4.357158184051514,1.6940674781799316,2.744474411010742,13.8480224609375,1.8267499208450317,7.9086689949035645,1.3778566122055054,3.914379358291626,1.3896610736846924,2.987640380859375,1.5344518423080444,1.9152992963790894,1.1534152030944824,7.492427825927734,10.492817878723145,20.634519577026367,18.404064178466797,18.162750244140625,2.5263752937316895,1.1849370002746582,1.3627891540527344,4.988570213317871,1.7859957218170166,3.8427987098693848,2.2522401809692383,1.2128663063049316,1.3653647899627686,4.1231865882873535,2.0508522987365723,1.2191897630691528,2.5803372859954834,3.64247465133667,4.021533966064453,1.335294485092163,1.9399837255477905,2.358830213546753,1.8733220100402832,1.3728667497634888,1.5360764265060425,2.5957043170928955,3.4895851612091064,3.678497552871704,9.050055503845215,51.83146667480469,1.481198787689209,2.345792055130005,6.668580532073975,1.136031985282898,1.0,1.2977534532546997,1.1623578071594238,48.426475524902344,6.510649681091309,1.4946283102035522,1.0,15.631437301635742,1.0,149.24058532714844,125.03346252441406,18.875539779663086,3.3873708248138428,4.8711628913879395,1.575243353843689,3.7533159255981445,1.1931906938552856,2.2477669715881348,1.7923173904418945,1.061579704284668,1.2396374940872192,2.4134151935577393,1.9174156188964844,2.375924587249756,1.0566511154174805,2.2049143314361572,16.95512580871582,1.0216671228408813,1,1.0137321949005127,1.0210847854614258,1.0,1.0,1.0247039794921875,6.0956830978393555,1.0003013610839844,1.0017942190170288,86.37438201904297,3.2265803813934326,4.447781085968018,7.187328338623047,2.4274325370788574,3.0864245891571045,3.535900592803955,8.890965461730957,2.474360942840576,1.6934382915496826,5.984971523284912,2.954660415649414,6.325422286987305,1.0,53.2563362121582,53.03578186035156,8.52307415008545,1.0,5.195094108581543,1.0,1.0,16.33388900756836,1.0,1.0,32.51032257080078,3.4988982677459717,1.0,1.0,5.583417892456055,1.0,8.260049819946289,2.8007466793060303,5.529304504394531,1.0,1.0,10.119625091552734,1.0,1.0,1.3318127393722534,1.287750005722046,1.0,10.19014835357666,13.40280532836914,9.061777114868164,3.284010887145996,3.122549057006836,1.0,3.0186214447021484,163.42324829101562,83.78203582763672,146.29598999023438,72.47357177734375,111.98502349853516,127.2269515991211,104.63461303710938,691.801025390625,56.704959869384766,62.92401123046875,73.50833129882812,14.258424758911133,42.562774658203125
TEST_03+5일,11.885125160217285,94.24382019042969,8.172282218933105,1.8940320014953613,1.1370068788528442,1.9080380201339722,12.638710975646973,7.018501281738281,4.954354286193848,1.33397376537323,2.693979501724243,1.2882919311523438,2.408547878265381,4.2599663734436035,21.109933853149414,1.5661789178848267,91.46405029296875,2.19091796875,2.3153233528137207,96.14447784423828,31.85187530517578,4.490975379943848,1.5778316259384155,2.7246053218841553,29.861284255981445,29.00054359436035,17.947805404663086,60.93447494506836,15.840888023376465,6.429980278015137,5.8264288902282715,5.741037368774414,2.373563766479492,2.5311295986175537,2.6694045066833496,4.081335544586182,53.36859130859375,11.78293228149414,2.626662492752075,49.413787841796875,24.364233016967773,1.7139215469360352,6.788912296295166,3.529136896133423,1.1372369527816772,2.662992000579834,1.2004088163375854,4.599431991577148,1.7657619714736938,3.0117263793945312,15.366456985473633,1.8988533020019531,8.376825332641602,1.3652355670928955,4.170498371124268,1.513611912727356,3.0820133686065674,1.6258915662765503,2.198293447494507,1.1476272344589233,8.461546897888184,10.751981735229492,20.927120208740234,18.320478439331055,18.21186065673828,2.3346054553985596,1.0,1.2605836391448975,4.852167129516602,1.0,3.8052852153778076,1.4388751983642578,1.2456252574920654,1.0,3.941258192062378,1.2063095569610596,1.0,2.5578505992889404,3.5042994022369385,4.111067771911621,1.1627458333969116,1.9967386722564697,2.408280372619629,1.8896809816360474,1.0,1.0,2.610670566558838,3.2336719036102295,3.3746590614318848,8.806673049926758,55.65076446533203,1.6006245613098145,2.5036840438842773,7.168514251708984,1.5163204669952393,1.0,1.3822543621063232,1.2380061149597168,50.84519958496094,6.928931713104248,1.549800992012024,1.0,18.893516540527344,1.0,152.23251342773438,126.97704315185547,20.508684158325195,3.587660312652588,5.22742223739624,1.6575493812561035,3.962818145751953,1.3304539918899536,2.362183094024658,1.9427270889282227,1.10660982131958,1.295838475227356,2.6168811321258545,2.1222665309906006,2.391012668609619,1.1189218759536743,2.3876914978027344,25.42814826965332,1.0454267263412476,1,1.0169981718063354,1.0278781652450562,1.0,1.0011149644851685,1.0792464017868042,6.759403228759766,1.0349318981170654,1.0322738885879517,108.69131469726562,3.384615182876587,4.789528846740723,7.100205898284912,2.5714645385742188,3.082284927368164,3.5558948516845703,9.025330543518066,2.511288642883301,1.8339287042617798,5.961307048797607,3.0058398246765137,8.516098976135254,1.0,73.25184631347656,74.04051208496094,11.250139236450195,1.0,6.991855621337891,1.0,1.0,22.351688385009766,1.0,1.5584650039672852,35.90702819824219,4.311501979827881,1.0,1.0,7.5346174240112305,1.1641356945037842,10.063507080078125,4.039668083190918,7.803572654724121,1.9662858247756958,1.0,11.256112098693848,1.0,1.0,1.0,1.0,1.0,10.521352767944336,11.501537322998047,7.792586803436279,3.4259307384490967,2.9508700370788574,1.0,1.4888708591461182,157.32110595703125,83.26217651367188,146.5078125,76.58611297607422,111.78982543945312,119.72685241699219,109.10002136230469,685.45458984375,78.57183074951172,79.17094421386719,107.52316284179688,20.078235626220703,64.84174346923828
TEST_03+6일,11.598840713500977,85.46786499023438,7.038487434387207,1.8395979404449463,1.162140130996704,1.4875777959823608,8.969935417175293,6.362997531890869,4.521829605102539,1.3166556358337402,2.2725088596343994,1.2376796007156372,2.348083257675171,3.861271381378174,18.25273895263672,1.64817476272583,73.87362670898438,2.139824390411377,2.1970016956329346,77.11851501464844,25.288965225219727,4.027199745178223,1.4670931100845337,2.6716182231903076,32.563331604003906,24.05998420715332,14.497525215148926,58.585269927978516,15.77492904663086,6.466289520263672,4.990695476531982,6.263474941253662,3.2183969020843506,3.1340484619140625,3.9921092987060547,3.7861270904541016,54.14424133300781,12.147223472595215,2.8586323261260986,52.034324645996094,26.184593200683594,1.9720028638839722,8.265276908874512,4.027762413024902,1.2778728008270264,3.4072914123535156,1.2703089714050293,4.757828712463379,2.0648741722106934,3.5919265747070312,16.583221435546875,2.1883208751678467,9.225693702697754,1.6559118032455444,4.557746887207031,1.3776702880859375,3.2615392208099365,2.0821874141693115,2.7658629417419434,1.5529428720474243,9.378806114196777,11.581422805786133,19.641921997070312,19.50974464416504,16.74344253540039,2.4427971839904785,1.3711841106414795,1.4754819869995117,5.3437910079956055,2.139984130859375,4.240449905395508,2.3595151901245117,1.3218668699264526,1.4843984842300415,4.20327615737915,2.200247287750244,1.4503549337387085,2.993557929992676,3.9582455158233643,4.300726890563965,1.4763658046722412,2.212763547897339,2.64145565032959,2.2374114990234375,1.4297888278961182,1.6000715494155884,3.027906656265259,3.5512752532958984,3.8345298767089844,9.862085342407227,70.05052947998047,1.8315362930297852,2.7973062992095947,8.207505226135254,1.6090689897537231,1.0,1.5684425830841064,1.5260248184204102,54.240989685058594,7.496763706207275,1.9022873640060425,1.1372708082199097,19.26590919494629,1.0,172.63861083984375,140.99720764160156,22.170089721679688,3.895488739013672,5.699113368988037,1.8220921754837036,4.462751388549805,1.5919297933578491,2.7517926692962646,2.331281900405884,1.3477784395217896,1.4985848665237427,3.0595481395721436,2.5486042499542236,2.7180020809173584,1.2959109544754028,2.9076337814331055,13.644072532653809,1.0274535417556763,1,1.0151389837265015,1.021763563156128,1.0,1.0,1.064078450202942,6.548723220825195,1.0088437795639038,1.0104427337646484,63.01158142089844,3.3972158432006836,4.722958564758301,7.051118850708008,2.6547601222991943,3.0846025943756104,3.563887596130371,9.023584365844727,2.5484540462493896,1.815453052520752,5.861273765563965,3.0080275535583496,10.074477195739746,1.0,71.68701934814453,85.22643280029297,12.918448448181152,1.0,7.915266036987305,1.0,1.0,26.64756965637207,1.544163465499878,2.535585641860962,38.42489242553711,5.210331916809082,1.0,1.0,8.755392074584961,1.4661036729812622,12.318310737609863,4.971508502960205,9.84012508392334,3.1057469844818115,1.0,11.0670804977417,1.9869545698165894,1.0,2.336243152618408,2.061488151550293,1.0,13.731141090393066,16.591915130615234,12.014657974243164,4.014764785766602,3.3327183723449707,1.0,2.6896557807922363,121.25180053710938,64.35037994384766,125.94806671142578,72.21906280517578,96.51026916503906,85.16071319580078,99.71125793457031,566.020751953125,60.50462341308594,78.45433044433594,106.37802124023438,17.973461151123047,37.110103607177734
TEST_03+7일,13.717630386352539,91.29479217529297,8.175148963928223,2.9747233390808105,1.3698606491088867,1.7762936353683472,13.283330917358398,6.590612888336182,5.740574836730957,1.454683542251587,2.5675313472747803,1.4031068086624146,2.5843565464019775,4.924890518188477,23.295841217041016,2.2395026683807373,79.09877014160156,2.3929336071014404,2.454287528991699,81.77442169189453,27.56857681274414,4.053965091705322,1.8003202676773071,5.015589714050293,37.54956817626953,33.44285202026367,19.874286651611328,68.20550537109375,19.082653045654297,7.6300740242004395,6.680755138397217,7.784205436706543,5.5901994705200195,4.7264909744262695,6.703758239746094,4.994132041931152,63.15276336669922,12.823153495788574,3.8015217781066895,62.72816848754883,32.70493698120117,2.6303017139434814,9.967887878417969,6.509593963623047,1.8683654069900513,4.794776916503906,1.5338407754898071,6.04387092590332,2.80783748626709,5.29688024520874,20.62323760986328,3.4331610202789307,11.331066131591797,2.458432197570801,5.737218856811523,2.0692522525787354,4.2174177169799805,3.202648639678955,3.649399518966675,2.2457122802734375,12.452094078063965,14.54124641418457,24.42738151550293,22.163311004638672,21.490583419799805,3.382300615310669,2.1632161140441895,2.18424391746521,6.6735520362854,3.062319755554199,5.241332054138184,3.413442611694336,1.8022119998931885,2.3626835346221924,5.347170829772949,3.617799758911133,2.1674795150756836,3.8094358444213867,5.583595275878906,5.501194477081299,2.211473226547241,2.8670663833618164,3.465824604034424,3.3836913108825684,2.374192714691162,2.6751697063446045,3.807534694671631,4.404916286468506,4.772674083709717,12.222434997558594,78.59239959716797,2.354111671447754,3.618833541870117,9.293493270874023,2.82289981842041,1.136986494064331,1.958909273147583,1.8725603818893433,55.13408660888672,8.444242477416992,2.4408464431762695,1.5627514123916626,31.649261474609375,1.0,167.06072998046875,131.53829956054688,23.957862854003906,4.404576301574707,6.483871936798096,2.2687854766845703,5.710195064544678,1.984441876411438,3.1090922355651855,2.5799484252929688,1.691965103149414,1.6877470016479492,3.981254816055298,3.111846923828125,3.368232488632202,1.7674646377563477,3.2860896587371826,7.962965488433838,1.1009935140609741,1,1.104135513305664,1.1157010793685913,1.0654723644256592,1.0755873918533325,1.1664118766784668,7.4564127922058105,1.084905982017517,1.093499779701233,22.72043800354004,4.0679497718811035,5.628242015838623,7.788113594055176,3.068531036376953,3.4574413299560547,4.047945499420166,10.14211368560791,2.788292169570923,2.061622381210327,6.397560119628906,3.3926596641540527,15.895756721496582,1.0,113.79629516601562,158.12167358398438,19.008012771606445,1.0,12.60534954071045,1.0,1.0,42.617088317871094,2.5745761394500732,4.884881496429443,52.436344146728516,7.161908149719238,1.0,1.0,14.30952262878418,2.258481979370117,17.03752326965332,7.179628849029541,14.445252418518066,5.368444919586182,1.0,16.87612533569336,16.937149047851562,5.596397399902344,5.911077499389648,7.825925350189209,1.3332817554473877,25.52379608154297,33.971981048583984,34.563621520996094,10.122904777526855,6.1346259117126465,1.0,10.422213554382324,130.32154846191406,78.62561798095703,139.88571166992188,83.16472625732422,103.62448120117188,112.24191284179688,114.07192993164062,606.128662109375,94.73316955566406,109.34347534179688,135.09161376953125,24.851408004760742,69.27998352050781
TEST_04+1일,6.4184441566467285,73.83491516113281,3.673706531524658,1.1110024452209473,1.032138466835022,1.5886223316192627,1.0,1.0,3.2587382793426514,1.0,2.0930964946746826,1.0,1.0,1.0,1.0,1.0,64.23845672607422,1.0958954095840454,1.1963797807693481,61.464664459228516,25.923856735229492,1.4784619808197021,1.0,4.669017791748047,39.53032302856445,29.186214447021484,12.042795181274414,85.5490493774414,6.762408256530762,3.2640206813812256,3.3033392429351807,2.9991250038146973,3.7723870277404785,2.669670820236206,2.775179147720337,3.8797764778137207,15.376680374145508,3.00404953956604,1.8846230506896973,16.85445785522461,9.732291221618652,1.6914523839950562,4.1843085289001465,2.995269775390625,3.9758739471435547,2.2587218284606934,1.0,2.340599298477173,1.5188312530517578,2.8452205657958984,6.792023658752441,2.1469874382019043,6.7081451416015625,1.7153805494308472,1.7985048294067383,1.6974632740020752,2.165457010269165,1.8394492864608765,4.333186626434326,1.5196603536605835,4.979850769042969,4.3384175300598145,5.726314067840576,6.286262035369873,7.396122932434082,1.1767072677612305,1.0222915410995483,1.0,2.1443395614624023,1.0,1.386234998703003,1.6134886741638184,1.0,1.1530545949935913,1.757568597793579,1.2136741876602173,1.0394705533981323,1.7182621955871582,1.2259297370910645,2.084750175476074,1.653718113899231,1.171581506729126,1.0,1.3701491355895996,1.0503119230270386,1.7822091579437256,1.3821686506271362,1.4157997369766235,1.7064188718795776,2.3398449420928955,89.32870483398438,2.2448971271514893,2.7332770824432373,7.544755458831787,2.1454315185546875,1.0,1.9502676725387573,1.5508356094360352,19.9044246673584,7.961863994598389,2.5168142318725586,1.5155229568481445,19.153902053833008,1.0,155.10755920410156,72.18772888183594,12.200937271118164,3.4745612144470215,5.167186260223389,2.447723150253296,3.210742950439453,1.610719084739685,2.8377115726470947,2.048823118209839,1.48013436794281,1.4667930603027344,2.992711305618286,1.979154109954834,3.112309455871582,1.6314408779144287,2.590418815612793,6.736918926239014,1.0215193033218384,1,1.0121451616287231,1.0,1.0,1.0,1.0578886270523071,3.5401103496551514,1.0164623260498047,1.0095561742782593,46.979881286621094,3.2789735794067383,2.643293619155884,3.476062297821045,1.793678641319275,1.3870917558670044,2.3808436393737793,8.761475563049316,1.4165618419647217,1.0466688871383667,4.080131530761719,1.9526870250701904,5.537654399871826,1.495839238166809,78.95584869384766,99.97298431396484,11.608907699584961,1.3735601902008057,6.153634548187256,1.3698431253433228,1.0,14.162968635559082,2.675532102584839,7.45496129989624,12.537313461303711,4.482847213745117,10.320247650146484,2.4357550144195557,5.694192409515381,1.2742482423782349,9.263232231140137,3.528090238571167,6.7091827392578125,1.412043571472168,1.3382823467254639,6.639553546905518,1.0,1.0,1.0,1.0,1.0,1.0,1.0,1.0,1.0,1.0,1.0,1.0,23.234779357910156,15.332169532775879,17.07902717590332,6.389468669891357,14.012847900390625,17.926532745361328,12.16059684753418,78.89739227294922,17.701892852783203,37.24523162841797,24.86647605895996,5.996793746948242,16.824790954589844
TEST_04+2일,4.558966636657715,67.50926971435547,2.788313627243042,1.0,1.0,1.0,1.0,1.0,1.6845054626464844,1.0,1.66080641746521,1.0,1.0,1.0,1.0,1.0,60.67048263549805,1.0,1.0536117553710938,60.223262786865234,24.73819923400879,1.124335527420044,1.0,1.7031049728393555,25.879186630249023,13.345243453979492,6.904051303863525,67.22013854980469,3.427609920501709,1.4406824111938477,1.532819390296936,1.421725869178772,1.5530098676681519,1.4323984384536743,1.0,3.2944204807281494,7.505705833435059,1.4179027080535889,1.1027706861495972,7.959923267364502,3.794731616973877,1.0,1.4905760288238525,1.0678974390029907,2.659623861312866,1.0,1.0430022478103638,1.0360279083251953,1.0,1.0320895910263062,2.914273500442505,1.0,3.9682140350341797,1.0,1.243565559387207,1.0,1.1383090019226074,1.0,2.546625852584839,1.0,2.002366542816162,1.980069875717163,2.6256163120269775,3.071524143218994,4.411531448364258,1.0,1.0,1.0,1.0,1.0,1.0,1.0,1.0,1.0,1.0,1.0,1.0,1.0,1.0,1.0,1.0,1.0,1.0,1.0,1.0,1.0,1.0,1.0,1.0,1.0,72.02891540527344,1.5529907941818237,1.8861480951309204,5.630350112915039,1.0361119508743286,1.0,1.572741150856018,1.2059251070022583,13.47844123840332,5.455541133880615,1.722228765487671,1.1607221364974976,9.445503234863281,1.0,132.47915649414062,53.02771759033203,8.086606979370117,2.1818995475769043,3.4733033180236816,2.04060697555542,2.176392078399658,1.2592504024505615,2.0313918590545654,1.4554505348205566,1.032120704650879,1.1947048902511597,2.0882139205932617,1.0083469152450562,1.9875494241714478,1.1644065380096436,2.026742696762085,1.7434345483779907,1.009957194328308,1,1.0,1.0,1.0,1.0,1.0681607723236084,3.3200430870056152,1.0,1.0,30.856971740722656,2.3839025497436523,1.9438084363937378,2.673218250274658,1.3548945188522339,1.1291074752807617,1.8227826356887817,7.662693023681641,1.1063709259033203,1.0,3.547496795654297,1.5912480354309082,1.0,1.0,40.26900100708008,12.383084297180176,3.148271083831787,1.0,1.8273868560791016,1.0,1.0,1.0,1.0,1.0,3.8630337715148926,1.6903022527694702,1.0,1.0,1.0,1.0,3.1540467739105225,1.0,1.0,1.0,1.0,3.6364598274230957,1.0,1.0,1.0,1.0,1.0,1.0,1.0,1.0,1.0,1.0,1.0,1.0,3.0429093837738037,2.653836488723755,3.208869695663452,2.6011900901794434,2.087338447570801,4.412813663482666,3.433317184448242,11.282262802124023,3.1688344478607178,18.496164321899414,1.0,1.530261516571045,1.9598243236541748
TEST_04+3일,5.0871357917785645,69.49114227294922,2.945277214050293,1.0,1.0,1.202168583869934,1.0,1.0,1.8611762523651123,1.0,1.7036292552947998,1.0,1.0,1.0,1.0,1.0,61.65586471557617,1.0,1.049250841140747,62.84991455078125,24.98587989807129,1.1977460384368896,1.0,2.550710439682007,30.307697296142578,17.72446060180664,6.645637035369873,68.33629608154297,3.8326191902160645,1.8065484762191772,1.8313864469528198,1.632786750793457,2.009274959564209,1.4274753332138062,1.642876386642456,2.7179436683654785,8.37393569946289,1.663367748260498,1.1734886169433594,9.338857650756836,5.122666358947754,1.0483399629592896,2.4574220180511475,1.5797895193099976,3.1931731700897217,1.2327499389648438,1.0,1.3527278900146484,1.0,1.5634859800338745,3.6847646236419678,1.0627902746200562,4.405641555786133,1.0,1.0459880828857422,1.0278171300888062,1.3172136545181274,1.0,2.7860617637634277,1.0,2.6144330501556396,2.3150057792663574,2.8638806343078613,3.4955079555511475,3.846668004989624,1.0,1.0498805046081543,1.0,1.6366863250732422,1.749821424484253,1.1183180809020996,1.389554500579834,1.0,1.0,1.3326882123947144,1.3450169563293457,1.1765328645706177,1.3157134056091309,1.0417732000350952,1.534902811050415,1.3401399850845337,1.0,1.0,1.1948424577713013,1.0,1.413955807685852,1.1576969623565674,1.1604485511779785,1.4001893997192383,2.005319118499756,64.3982162475586,1.4333897829055786,1.760465383529663,5.132730484008789,1.2337346076965332,1.0,1.4525083303451538,1.1083632707595825,12.689194679260254,5.259523868560791,1.5405961275100708,1.0560482740402222,10.574897766113281,1.0,123.11295318603516,45.02958679199219,7.855094909667969,1.993307113647461,3.144888162612915,1.8382344245910645,2.201432943344116,1.2069453001022339,1.8432332277297974,1.2383464574813843,1.0,1.0864893198013306,2.04878830909729,1.0071338415145874,1.8090935945510864,1.1324752569198608,1.9720923900604248,1.4360041618347168,1.0,1,1.0,1.0,1.0,1.0,1.008235216140747,3.1111040115356445,1.0,1.0,50.449275970458984,2.530709981918335,2.1232750415802,2.8202924728393555,1.3774855136871338,1.173691987991333,1.9389007091522217,7.745377540588379,1.141970157623291,1.0,3.6035261154174805,1.6530513763427734,2.197387218475342,1.0,45.669769287109375,10.499421119689941,5.025509834289551,1.0,3.05334210395813,1.0,1.0,5.133496284484863,1.0,2.93747878074646,6.126010894775391,2.405266046524048,1.0,1.0,2.1183183193206787,1.0,4.332246780395508,1.4530991315841675,2.4173481464385986,1.0,1.0,3.753641366958618,1.0,1.0,1.0,1.0,1.0,1.0,1.0,1.0,1.0,1.0,1.0,1.0,1.0,1.0,1.0,1.0,1.0,1.0,1.0,1.0,9.796700477600098,22.08490562438965,16.594186782836914,3.4741978645324707,9.274250030517578
TEST_04+4일,5.971292972564697,79.77568817138672,3.8616175651550293,1.0,1.0,1.494913935661316,1.0,1.0,2.5510804653167725,1.0,2.0640745162963867,1.0,1.0778348445892334,1.0,1.0,1.0,71.32158660888672,1.0324243307113647,1.3400096893310547,72.95530700683594,29.073591232299805,1.574652075767517,1.0209745168685913,2.689727783203125,30.972421646118164,16.958459854125977,6.7605061531066895,69.5503921508789,3.725409746170044,1.7641777992248535,1.7464548349380493,1.5893474817276,1.9857805967330933,1.3921689987182617,1.4622471332550049,2.849102735519409,8.167226791381836,1.6210721731185913,1.1027743816375732,9.182046890258789,4.78355598449707,1.0141866207122803,2.2828421592712402,1.313831090927124,3.0389938354492188,1.1850072145462036,1.0,1.3294471502304077,1.0,1.4985309839248657,3.620656728744507,1.0302603244781494,4.809016704559326,1.0,1.0786845684051514,1.0,1.2518315315246582,1.0167423486709595,2.9852986335754395,1.0,2.584165573120117,2.272609233856201,2.568878173828125,3.477180242538452,3.7794361114501953,1.0244799852371216,1.1860414743423462,1.0,1.7604762315750122,2.225046396255493,1.2627307176589966,1.9371898174285889,1.0,1.0036169290542603,1.6666874885559082,1.7140567302703857,1.6398155689239502,1.4398810863494873,1.1920140981674194,1.585091233253479,1.5108141899108887,1.0814571380615234,1.0,1.3352911472320557,1.2205095291137695,1.7771849632263184,1.1779229640960693,1.4180270433425903,1.4407087564468384,2.195258617401123,59.77149963378906,1.2769103050231934,1.493456482887268,4.645533084869385,1.0,1.0,1.3631904125213623,1.0,10.543654441833496,4.955287933349609,1.5245109796524048,1.0,7.808746337890625,1.0,117.99317932128906,41.64046859741211,6.153156757354736,1.6968965530395508,2.79597544670105,1.6951085329055786,1.8979979753494263,1.0360138416290283,1.6927194595336914,1.1099779605865479,1.0,1.0222752094268799,1.7855315208435059,1.0,1.7570444345474243,1.0273228883743286,1.7375171184539795,4.002684593200684,1.0,1,1.0,1.0,1.0,1.0,1.0,3.0645477771759033,1.0,1.0,56.31580352783203,2.545020580291748,2.422746419906616,2.8363025188446045,1.4443552494049072,1.188739538192749,1.998850703239441,7.579026699066162,1.158089518547058,1.0,3.522594928741455,1.6157172918319702,1.0634342432022095,1.0,37.71474838256836,4.861591339111328,3.645418167114258,1.0,2.074403762817383,1.0,1.0,2.3809711933135986,1.0,1.468976616859436,3.900815725326538,1.7996437549591064,1.0,1.0,1.0,1.0,3.0210320949554443,1.0,1.243105173110962,1.0,1.0,3.140026569366455,1.0,1.0,1.0,1.0,1.0,1.0,1.0,1.0,1.0,1.0,1.0,1.0,1.0,1.0,1.0,1.0,1.0,1.0,1.0,1.0,3.9953691959381104,10.570192337036133,7.668107986450195,1.5481650829315186,3.853954315185547
TEST_04+5일,4.81145715713501,75.25895690917969,3.2484731674194336,1.0,1.0,1.0727511644363403,1.0,1.0,2.1125872135162354,1.0,1.6737982034683228,1.0,1.0054264068603516,1.0,1.0,1.0,66.20861053466797,1.0,1.178720235824585,65.91201782226562,28.58943748474121,1.306288719177246,1.0,4.537285804748535,37.7767448425293,24.35015106201172,8.856878280639648,65.64675903320312,4.966410160064697,2.477234363555908,2.437042713165283,2.2102036476135254,3.1022086143493652,1.8534877300262451,2.3659727573394775,2.454334020614624,11.954751014709473,2.3213913440704346,1.4646577835083008,14.297769546508789,7.230020523071289,1.2886388301849365,3.8105828762054443,2.292830467224121,3.4453649520874023,2.0187504291534424,1.0,2.0496420860290527,1.3225919008255005,2.356700897216797,5.520150661468506,1.5588092803955078,5.862088203430176,1.5790883302688599,1.2969675064086914,1.4570475816726685,1.7564064264297485,1.5265806913375854,3.8313074111938477,1.2415603399276733,3.9329278469085693,3.3537473678588867,3.9252631664276123,4.772769451141357,4.882765769958496,1.0,1.0,1.0,1.574300765991211,1.0,1.1630836725234985,1.4932013750076294,1.0,1.0,1.6662349700927734,1.1965359449386597,1.1441106796264648,1.1776567697525024,1.0,1.36398446559906,1.2641969919204712,1.0,1.0,1.0971928834915161,1.0,1.642228603363037,1.0,1.2630270719528198,1.2831296920776367,1.7519563436508179,62.10902786254883,1.4769610166549683,1.8555982112884521,5.6325812339782715,1.3665047883987427,1.0,1.6342371702194214,1.1089872121810913,13.181212425231934,5.853893756866455,1.6559662818908691,1.0659843683242798,12.452448844909668,1.0,126.22765350341797,46.712345123291016,8.218949317932129,2.01554274559021,3.466780662536621,1.9896636009216309,2.496638536453247,1.2838963270187378,1.9352229833602905,1.2228608131408691,1.0,1.1269593238830566,2.1383554935455322,1.1419237852096558,2.0140304565429688,1.2058237791061401,2.0486838817596436,11.967162132263184,1.0,1,1.0,1.0,1.0,1.0,1.0062685012817383,3.8288612365722656,1.0,1.0,70.82723999023438,2.775810718536377,2.8136394023895264,3.1133904457092285,1.6612406969070435,1.3448132276535034,2.0185937881469727,7.721368789672852,1.2461607456207275,1.0,3.634097099304199,1.7434161901474,1.792192816734314,1.0,44.84697341918945,23.045778274536133,4.4210968017578125,1.0,2.57991361618042,1.0,1.0,4.02174186706543,1.0,2.377448081970215,4.786797046661377,2.147124767303467,1.0,1.0,1.2540665864944458,1.0,3.7070188522338867,1.225659966468811,1.8190137147903442,1.0,1.0,3.6641933917999268,1.0,1.0,1.0,1.0,1.0,1.0,1.0,1.0,1.0,1.0,1.0,1.0,3.294065475463867,2.8805277347564697,2.6477365493774414,1.6201108694076538,1.6022881269454956,3.660337448120117,2.379772424697876,9.81689739227295,7.58242654800415,13.675908088684082,12.232992172241211,2.514557361602783,7.778554916381836
TEST_04+6일,5.103963851928711,73.7358169555664,3.75229811668396,1.0,1.0,1.233213186264038,1.0,1.0,2.313739538192749,1.0,1.6533386707305908,1.0,1.0,1.0,1.0,1.0,67.22891998291016,1.0,1.224490761756897,61.29780960083008,26.928340911865234,1.3694590330123901,1.0,4.427207946777344,44.43651580810547,27.978776931762695,9.865262031555176,85.40945434570312,5.3914666175842285,2.7048871517181396,2.502868890762329,2.357656717300415,2.884567975997925,1.758614420890808,1.9697965383529663,3.627610206604004,12.52585506439209,2.6288766860961914,1.7574021816253662,15.602714538574219,7.06721305847168,1.5362335443496704,4.20595645904541,1.703287124633789,4.161330223083496,2.0833873748779297,1.0,2.2919723987579346,1.2481101751327515,2.3792707920074463,6.072383880615234,1.5929172039031982,7.407052993774414,1.6317691802978516,1.429015040397644,1.5738492012023926,2.107318639755249,1.472014307975769,4.249030113220215,1.4039205312728882,4.218446254730225,3.2336816787719727,3.3433501720428467,5.5291876792907715,4.808389186859131,1.2287930250167847,1.4294613599777222,1.0396583080291748,1.8560447692871094,2.3539977073669434,1.4738805294036865,2.133908748626709,1.0,1.2531218528747559,2.0114238262176514,1.913723111152649,1.9822396039962769,1.5337063074111938,1.2820724248886108,1.772675633430481,1.622780203819275,1.1665016412734985,1.0,1.5689743757247925,1.435065746307373,2.03200626373291,1.358251929283142,1.651545524597168,1.6960022449493408,2.5680127143859863,62.625240325927734,1.5431150197982788,1.9017640352249146,5.722105026245117,1.5121537446975708,1.0,1.761497974395752,1.175567626953125,13.114422798156738,6.076965808868408,1.692495584487915,1.1573245525360107,12.730429649353027,1.0,132.84092712402344,44.874176025390625,8.077146530151367,2.0752193927764893,3.58402943611145,2.125418186187744,2.575209856033325,1.3891438245773315,2.1052231788635254,1.2571027278900146,1.132996916770935,1.2009629011154175,2.2349393367767334,1.2399057149887085,2.0484654903411865,1.3193104267120361,2.140390157699585,13.897890090942383,1.028016448020935,1,1.0108017921447754,1.0,1.0056335926055908,1.0,1.090993046760559,4.255962371826172,1.0128109455108643,1.016183853149414,62.98305892944336,3.14089035987854,3.0739333629608154,3.407726764678955,1.8857020139694214,1.4070574045181274,2.21895170211792,8.45404052734375,1.3623641729354858,1.0,3.8746659755706787,1.875851035118103,2.555058479309082,1.0,54.17708969116211,40.133995056152344,6.246310710906982,1.0,3.7049267292022705,1.0,1.0,6.4380879402160645,1.0,3.914241075515747,6.323885917663574,3.0723626613616943,1.0,1.0,2.243713855743408,1.0,4.806850433349609,1.7300643920898438,3.06948184967041,1.0,1.0,4.11053991317749,1.0,1.0,1.0,1.0,1.0,1.0,1.0,1.0,1.0,1.0,1.0,1.0,1.0,1.0,1.0,1.0,1.0,1.0,1.0,1.0,6.499389171600342,12.99377155303955,9.310298919677734,2.41953706741333,4.793793201446533
TEST_04+7일,5.884676456451416,68.55548095703125,4.168576240539551,1.2073073387145996,1.201137900352478,1.2422657012939453,1.0,1.0,2.532238721847534,1.0,1.6149919033050537,1.0,1.0,1.0,1.0,1.0,63.91639709472656,1.0,1.192358374595642,51.47288131713867,24.609861373901367,1.0134540796279907,1.010833740234375,7.854700565338135,50.69487762451172,36.81423568725586,14.660151481628418,86.98112487792969,8.406347274780273,3.98738956451416,3.9556710720062256,3.688631772994995,5.14906120300293,2.9163904190063477,3.550964832305908,4.393371105194092,18.72329330444336,3.803011894226074,2.4922502040863037,24.49794578552246,11.036930084228516,2.0502164363861084,6.440497398376465,3.276637315750122,4.573258399963379,3.4048473834991455,1.0177922248840332,3.188110589981079,2.135800838470459,4.008887767791748,9.239648818969727,2.9027860164642334,9.730667114257812,2.643732786178589,2.1904263496398926,2.242616653442383,2.9681613445281982,2.59456467628479,5.562524795532227,2.1132874488830566,6.754415988922119,5.209648132324219,5.494831085205078,7.811877250671387,7.531435012817383,1.9482444524765015,2.3209753036499023,1.5844361782073975,2.573962926864624,4.18754768371582,2.2066495418548584,3.414811372756958,1.1724976301193237,2.1474878787994385,3.0199365615844727,3.0094048976898193,3.1583220958709717,2.2030742168426514,2.19547963142395,2.5310707092285156,2.4733850955963135,1.6971672773361206,1.45675790309906,2.533363103866577,2.379258394241333,3.143463611602783,1.9783782958984375,2.3453264236450195,2.5070278644561768,3.711634397506714,70.1988525390625,2.1501288414001465,2.8048596382141113,7.593014240264893,2.9570376873016357,1.3094391822814941,2.2099523544311523,1.581736445426941,20.33636474609375,8.600715637207031,2.506809949874878,1.510941743850708,25.763355255126953,1.0,138.12120056152344,57.531856536865234,12.132885932922363,3.1456384658813477,5.086843490600586,2.6501107215881348,3.9963741302490234,1.876867413520813,2.81048583984375,1.7105153799057007,1.7095509767532349,1.5166871547698975,3.251176118850708,2.04111385345459,3.1654117107391357,1.9763349294662476,2.766904354095459,20.72440528869629,1.1918551921844482,1,1.1752146482467651,1.1741082668304443,1.1777145862579346,1.1616069078445435,1.3557542562484741,5.531069278717041,1.1801114082336426,1.1838312149047852,70.18434143066406,4.216823577880859,4.058561325073242,4.769781112670898,2.5365536212921143,2.0408518314361572,2.963460922241211,10.469521522521973,1.8234765529632568,1.3533685207366943,4.833333492279053,2.5567924976348877,4.955773830413818,1.0,96.36994171142578,117.41749572753906,11.528141021728516,1.0,7.108985424041748,1.0,1.0,13.703686714172363,1.0,9.026042938232422,11.375160217285156,5.288771152496338,1.0,2.312053918838501,4.983771324157715,1.0,8.057103157043457,3.4403414726257324,6.141946792602539,1.0,1.0,6.370118618011475,1.0,1.0,1.0,1.0,1.0,1.0,1.0,1.0,1.0,1.0,1.0,1.0,21.337644577026367,15.878357887268066,18.092790603637695,10.496135711669922,11.904265403747559,23.15828514099121,15.433758735656738,65.76116180419922,7.421422481536865,18.918441772460938,9.25152587890625,2.1416103839874268,5.294522285461426
TEST_05+1일,5.324045181274414,19.898723602294922,5.430398464202881,2.160846710205078,1.0,2.70039963722229,1.0,1.0,1.9656424522399902,1.0,1.0,1.0,1.0,1.0,1.0,1.0,18.70725440979004,1.0,1.0,21.035280227661133,9.118388175964355,1.0,1.0,4.489105701446533,41.8627815246582,38.11671447753906,19.83138656616211,53.06462478637695,10.510333061218262,6.618190765380859,3.435995101928711,3.3105344772338867,2.461334466934204,1.5580806732177734,2.1151463985443115,4.379642009735107,37.77475357055664,5.902313709259033,1.7086366415023804,24.818527221679688,21.863975524902344,2.679610013961792,5.006361961364746,5.1894121170043945,1.8181432485580444,2.4810383319854736,1.191239595413208,4.037173271179199,1.471971035003662,4.190633296966553,22.311363220214844,1.6647645235061646,10.079566955566406,1.987159252166748,1.9392834901809692,1.916025996208191,2.6530683040618896,2.757401943206787,2.2020576000213623,1.5447916984558105,19.993587493896484,8.427103042602539,7.393165588378906,12.833745956420898,5.374063968658447,2.2171287536621094,1.232164978981018,1.4728078842163086,3.8953874111175537,1.0,2.8071117401123047,5.864976406097412,1.1935129165649414,1.192327857017517,3.7083680629730225,1.0,1.3279489278793335,1.378974437713623,1.6532742977142334,5.00478982925415,1.6089102029800415,2.400876760482788,2.773087978363037,2.3225510120391846,5.184122562408447,3.1115007400512695,3.014800786972046,1.382863998413086,4.258090972900391,5.861700534820557,21.929800033569336,2.1360533237457275,4.103031635284424,11.133028984069824,2.7897183895111084,2.040623903274536,1.607151985168457,1.4318268299102783,27.354290008544922,8.848311424255371,3.817971706390381,1.5357195138931274,23.514163970947266,1.0,162.29586791992188,108.1924057006836,47.39927673339844,4.1528191566467285,6.605543613433838,2.48293137550354,7.191687107086182,1.966009497642517,2.5514066219329834,1.9811407327651978,1.4150779247283936,1.8231449127197266,5.063999652862549,2.7933902740478516,3.6504688262939453,2.2090020179748535,3.3351247310638428,13.194950103759766,1.0409369468688965,1,1.0337778329849243,1.0398231744766235,1.0,1.0,1.1171165704727173,4.614769458770752,1.0265315771102905,1.0006963014602661,37.097145080566406,5.681499481201172,6.742367744445801,6.669922828674316,3.69185209274292,1.9691293239593506,2.809964418411255,10.331786155700684,2.373436689376831,1.8502814769744873,5.494905471801758,2.5868120193481445,72.66077423095703,69.51252746582031,94.34980773925781,29.87765884399414,102.4793701171875,57.164363861083984,71.07710266113281,10.140985488891602,3.7750446796417236,213.2167510986328,109.75418090820312,100.91226196289062,91.80970001220703,38.714630126953125,6.1956024169921875,74.52049255371094,85.73072814941406,11.823446273803711,54.2207145690918,32.434295654296875,98.62797546386719,69.94190216064453,24.5744686126709,1.0,645.7716674804688,478.0469055175781,86.36276245117188,394.3070373535156,57.77851104736328,115.34642791748047,103.87645721435547,230.69715881347656,53.02069091796875,13.62277603149414,124.14293670654297,108.5612564086914,21.39251136779785,16.394617080688477,26.690418243408203,11.502223014831543,16.203115463256836,25.206796646118164,16.772010803222656,81.88629150390625,1.0,9.71959114074707,13.800882339477539,1.0,1.0
TEST_05+2일,4.572359085083008,20.552061080932617,5.15523099899292,1.8661149740219116,1.0,2.5060300827026367,1.0,1.0,1.4476971626281738,1.0,1.0,1.0,1.0,1.0,1.0,1.0,21.599149703979492,1.0,1.0,23.902149200439453,9.639540672302246,1.0,1.0,3.0609655380249023,29.72972297668457,23.81816864013672,12.813596725463867,35.87761688232422,8.640615463256836,5.250770568847656,2.5261619091033936,2.36457896232605,2.2455368041992188,1.3137476444244385,1.9292296171188354,3.887173891067505,29.233320236206055,4.389891147613525,1.4984444379806519,16.152374267578125,16.3409423828125,2.058316230773926,3.007584571838379,3.4080286026000977,1.1655837297439575,1.7548043727874756,1.0,3.01926589012146,1.1226682662963867,3.1987783908843994,18.046159744262695,1.3849016427993774,7.470948219299316,1.798209547996521,1.3460693359375,1.2097275257110596,1.751137614250183,2.0652616024017334,1.457403540611267,1.3135430812835693,17.785818099975586,6.557031631469727,5.154208183288574,10.470171928405762,4.034379482269287,1.2735116481781006,1.0,1.0,2.521902561187744,1.0,1.6794804334640503,3.4032979011535645,1.0,1.0,2.226716995239258,1.0,1.0,1.0,1.0,3.481693983078003,1.0,1.4986999034881592,1.7036710977554321,1.2227917909622192,3.0945394039154053,1.7225087881088257,1.9053747653961182,1.0,2.976621627807617,3.4698917865753174,10.333698272705078,1.1325114965438843,2.769350051879883,8.332314491271973,1.0227127075195312,1.2887303829193115,1.0424989461898804,1.0456336736679077,19.03792953491211,5.590932846069336,2.3429946899414062,1.0,8.139208793640137,1.0,128.7488555908203,83.19261169433594,37.2221565246582,2.668905735015869,4.236410617828369,1.5807193517684937,4.845574378967285,1.440068244934082,1.5572291612625122,1.4736428260803223,1.0,1.4210638999938965,3.5899806022644043,1.7359071969985962,2.316619873046875,1.342510461807251,2.579294204711914,1.0,1.0,1,1.0,1.0,1.0,1.0,1.0,2.712813377380371,1.0,1.0,4.409706115722656,4.998514652252197,5.179957389831543,5.886002063751221,3.0081675052642822,1.5139387845993042,2.22786283493042,9.515058517456055,2.004973888397217,1.5402461290359497,5.087118625640869,2.035400629043579,45.77799987792969,46.183597564697266,67.39361572265625,1.0,69.77151489257812,36.144287109375,48.73685836791992,3.2912418842315674,2.4784457683563232,137.71685791015625,74.44048309326172,60.24013900756836,61.85371780395508,26.160554885864258,1.0,50.7518310546875,57.08757400512695,7.734790802001953,38.14488983154297,21.347702026367188,64.57711791992188,46.08572769165039,15.059952735900879,1.0,369.698486328125,292.2611999511719,44.181907653808594,218.74053955078125,26.659393310546875,71.56031799316406,52.202735900878906,125.12159729003906,32.99871063232422,7.179587364196777,67.7595443725586,60.74929428100586,24.213531494140625,18.978784561157227,27.05352020263672,15.716126441955566,17.571022033691406,31.74212074279785,22.280838012695312,91.46675109863281,12.592649459838867,19.267255783081055,38.75137710571289,4.425213813781738,18.44986343383789
TEST_05+3일,4.370784759521484,19.133827209472656,4.829141139984131,1.7797303199768066,1.0,2.343689203262329,1.0,1.0,1.5058352947235107,1.0,1.018890142440796,1.0,1.0,1.0,1.0,1.0,20.13795280456543,1.0,1.0,22.181396484375,9.328858375549316,1.0,1.0,2.4852869510650635,31.11829376220703,25.107519149780273,12.039350509643555,33.99224853515625,6.391406059265137,4.633393287658691,1.8976024389266968,1.7312592267990112,1.6939659118652344,1.0,1.6424930095672607,2.8130276203155518,23.526464462280273,3.8993263244628906,1.0206177234649658,13.680081367492676,14.183996200561523,1.8384367227554321,2.952697515487671,2.795832633972168,1.0,1.4126023054122925,1.0,2.5711212158203125,1.0,2.4748804569244385,14.985498428344727,1.0,6.635509490966797,1.3037900924682617,1.0275886058807373,1.0251567363739014,1.6132599115371704,1.6035373210906982,1.2532650232315063,1.0,14.06348991394043,5.054396629333496,4.119449615478516,8.496219635009766,3.229769706726074,1.866424322128296,1.0812879800796509,1.2385880947113037,3.32453989982605,1.0,2.1343722343444824,4.538395881652832,1.0,1.0,2.98384428024292,1.0,1.274229645729065,1.2242579460144043,1.0446317195892334,4.258237838745117,1.2736899852752686,2.0596437454223633,2.37229323387146,1.725115180015564,3.830244302749634,2.3533756732940674,2.616776466369629,1.1648858785629272,3.7576136589050293,4.805947780609131,11.637256622314453,1.106077790260315,2.343083620071411,6.961916446685791,1.1998904943466187,1.3022812604904175,1.0,1.0,16.45737075805664,5.141576766967773,1.8916149139404297,1.0,8.650057792663574,1.0,109.32111358642578,72.32975769042969,31.418663024902344,2.4124152660369873,3.668877363204956,1.4387856721878052,4.35239839553833,1.3479137420654297,1.3971710205078125,1.408668875694275,1.0,1.241461992263794,3.2966864109039307,1.6446146965026855,1.973325490951538,1.189953327178955,2.4141385555267334,1.0,1.0,1,1.0,1.0,1.0,1.0,1.0,3.179117441177368,1.0,1.0,33.04029083251953,5.011264324188232,5.571428298950195,6.006958484649658,3.1443920135498047,1.5900808572769165,2.324640989303589,9.237707138061523,2.029226541519165,1.553047776222229,4.967634677886963,2.084221601486206,45.29928207397461,43.72148132324219,71.35289764404297,1.257345199584961,69.13806915283203,35.97428512573242,47.32278060913086,6.540342330932617,2.6221468448638916,130.56423950195312,73.62354278564453,55.20835494995117,60.478858947753906,25.284439086914062,1.5292140245437622,48.95336151123047,56.29159927368164,8.117907524108887,38.331031799316406,21.36504554748535,60.65335464477539,45.085411071777344,14.539568901062012,1.0,329.7945861816406,258.0535888671875,37.98195266723633,200.7012176513672,24.853769302368164,64.20393371582031,49.8693962097168,109.80692291259766,29.485429763793945,6.595122337341309,55.41957092285156,53.84540557861328,17.415252685546875,13.802915573120117,20.28697395324707,10.721895217895508,13.196281433105469,22.708091735839844,15.156754493713379,67.6885757446289,1.0,6.998910427093506,6.073195457458496,1.0,1.0
TEST_05+4일,5.117892265319824,24.488731384277344,5.951633453369141,2.290224313735962,1.0,2.8391647338867188,1.0,1.0,1.9005420207977295,1.0,1.2271957397460938,1.0,1.0,1.0,1.0,1.0,24.446645736694336,1.0466445684432983,1.0098994970321655,27.626779556274414,11.388018608093262,1.2357710599899292,1.0,2.632305383682251,30.683839797973633,24.484012603759766,11.785492897033691,31.655302047729492,6.488951206207275,4.590450763702393,1.839889645576477,1.6213270425796509,1.7118746042251587,1.0,1.3124467134475708,3.002465009689331,23.389968872070312,3.84920334815979,1.0,13.668524742126465,13.686281204223633,1.8618495464324951,2.880570888519287,2.759047031402588,1.0,1.329736351966858,1.0,2.6482110023498535,1.0,2.3623671531677246,14.415926933288574,1.0,7.138133525848389,1.2274006605148315,1.0,1.0543416738510132,1.553203821182251,1.5926865339279175,1.2511612176895142,1.0,13.93529224395752,4.888268947601318,3.8771817684173584,8.433290481567383,3.2069270610809326,2.026886463165283,1.0347052812576294,1.1249501705169678,2.952831983566284,1.0,2.2833974361419678,4.884457588195801,1.026646375656128,1.0,3.135038375854492,1.1215481758117676,1.1438288688659668,1.0425103902816772,1.0757228136062622,4.219478607177734,1.148254632949829,2.0752251148223877,2.343479633331299,1.655764102935791,3.7999210357666016,1.9734091758728027,2.4443321228027344,1.2431570291519165,3.6651124954223633,4.601805686950684,9.184296607971191,1.0,2.095120668411255,6.598992347717285,1.0,1.103637456893921,1.0,1.0,13.919729232788086,4.508130073547363,1.6176130771636963,1.0,5.532785892486572,1.0,102.28565216064453,66.39604187011719,28.11459732055664,2.0979466438293457,3.622140407562256,1.2448272705078125,4.0588555335998535,1.1635574102401733,1.2021374702453613,1.3857605457305908,1.0,1.1318525075912476,2.7852401733398438,1.4826610088348389,1.7616780996322632,1.0,2.208005428314209,1.0,1.0,1,1.0,1.0,1.0,1.0,1.0,3.09588623046875,1.0,1.0,38.00752639770508,4.605056285858154,5.169075012207031,5.619349002838135,2.919113874435425,1.3864095211029053,2.1542177200317383,8.206780433654785,1.7782337665557861,1.3736716508865356,4.7745184898376465,1.8804301023483276,43.62059783935547,42.88664627075195,57.735408782958984,1.0,67.34381103515625,32.06254959106445,45.12322235107422,2.9290475845336914,2.1936089992523193,125.13084411621094,71.25236511230469,49.674800872802734,59.869667053222656,25.733482360839844,1.0,46.885986328125,53.948463439941406,7.47981071472168,37.734962463378906,19.562864303588867,58.623130798339844,42.596351623535156,12.443546295166016,1.0,349.4956970214844,275.3668212890625,40.426422119140625,214.36012268066406,21.543216705322266,69.19316101074219,45.75961685180664,116.08316802978516,31.012868881225586,6.513299465179443,54.699623107910156,54.24415969848633,9.033126831054688,7.439293384552002,9.328102111816406,7.159788608551025,6.4058427810668945,12.679426193237305,10.296772956848145,34.44255828857422,1.0,5.762740612030029,9.887236595153809,1.0,1.0
TEST_05+5일,4.723965644836426,24.454551696777344,5.3988165855407715,1.9903935194015503,1.0,2.7781858444213867,1.0,1.0,1.8862484693527222,1.0,1.24507737159729,1.0,1.0,1.0,1.0,1.0,25.296377182006836,1.0034934282302856,1.0,23.836336135864258,10.406362533569336,1.1667838096618652,1.0,2.5017197132110596,35.54561996459961,27.162437438964844,13.03034782409668,35.3629035949707,6.608761787414551,4.6430840492248535,2.264923334121704,1.929370403289795,1.914304494857788,1.078730583190918,1.0,2.882537841796875,22.595537185668945,3.999484062194824,1.1318347454071045,15.832880020141602,14.93429946899414,1.9825788736343384,3.318449020385742,3.081244945526123,1.0513633489608765,1.3678369522094727,1.0,2.910645008087158,1.0468754768371582,2.816816806793213,14.007810592651367,1.1454741954803467,7.372305870056152,1.3380573987960815,1.1313408613204956,1.1880782842636108,1.825669527053833,1.7687132358551025,1.3828198909759521,1.0,13.279787063598633,5.068757057189941,4.377291202545166,7.903707981109619,3.570554256439209,1.7945494651794434,1.0,1.0674365758895874,2.761446475982666,1.0,2.2662863731384277,4.370726108551025,1.0,1.0,3.0076658725738525,1.0,1.0,1.0,1.000611424446106,4.045703887939453,1.060766577720642,1.8879071474075317,2.1313278675079346,1.5705145597457886,3.4867985248565674,1.7472800016403198,2.3574063777923584,1.1308131217956543,3.2303874492645264,4.561707019805908,12.876275062561035,1.234508991241455,2.476450204849243,7.015740871429443,1.2243633270263672,1.2533016204833984,1.0,1.012237310409546,16.255149841308594,5.419713020324707,1.5895628929138184,1.0,10.833972930908203,1.0,100.7575454711914,75.40778350830078,30.194425582885742,2.638239860534668,4.208376884460449,1.4505952596664429,4.6561150550842285,1.3753197193145752,1.4513394832611084,1.617004632949829,1.0,1.281983494758606,3.0826191902160645,1.754276990890503,1.8899856805801392,1.1890714168548584,2.567556858062744,5.5522847175598145,1.0,1,1.0,1.0,1.0,1.0,1.0,3.623917579650879,1.0,1.0,51.59760665893555,4.866696834564209,5.381756782531738,5.753631591796875,3.029045343399048,1.5850287675857544,2.289076805114746,8.747907638549805,2.0009958744049072,1.5408213138580322,4.89188289642334,2.080981492996216,51.87336349487305,50.408843994140625,65.699462890625,1.0,76.4247055053711,40.94083023071289,49.710479736328125,6.112861156463623,2.8559491634368896,145.31527709960938,83.03070068359375,64.35247039794922,67.16971588134766,29.299102783203125,2.6631991863250732,52.83514404296875,61.631587982177734,9.020076751708984,44.102699279785156,23.785921096801758,68.16063690185547,51.63413619995117,16.49074363708496,1.0,328.2322998046875,264.480224609375,39.469303131103516,195.3762664794922,21.126510620117188,65.40646362304688,40.228118896484375,104.16658782958984,28.861427307128906,6.005119323730469,49.35971450805664,50.029266357421875,8.360294342041016,6.19064998626709,7.886416435241699,6.693931579589844,6.800925254821777,11.220023155212402,10.018232345581055,30.52619743347168,2.383470296859741,6.397472858428955,13.53451156616211,1.2220797538757324,5.494443893432617
TEST_05+6일,4.738760471343994,22.908384323120117,5.573581218719482,2.0627028942108154,1.0,2.579949378967285,1.0,1.0,1.7009737491607666,1.0,1.203578233718872,1.0,1.0,1.0,1.0,1.0,20.71841049194336,1.0,1.0,19.72690773010254,9.4342041015625,1.0582891702651978,1.0,3.0609543323516846,42.97153854370117,32.990901947021484,15.32404613494873,44.877803802490234,7.851576328277588,5.9957594871521,2.447474718093872,2.12916898727417,1.7906584739685059,1.0,1.0,3.8459877967834473,27.230073928833008,5.153724193572998,1.249188780784607,18.103750228881836,17.112136840820312,2.219285726547241,4.44882345199585,3.675760507583618,1.2915542125701904,1.7808027267456055,1.042824625968933,3.6024410724639893,1.2452809810638428,3.2494311332702637,17.356348037719727,1.1768536567687988,9.216397285461426,1.4397997856140137,1.1780637502670288,1.4736249446868896,2.2725982666015625,2.079071521759033,1.774216890335083,1.0529488325119019,16.206188201904297,6.006932735443115,5.608558177947998,10.392321586608887,3.6081702709198,2.246152877807617,1.5693846940994263,1.4451287984848022,3.3676230907440186,2.2279388904571533,2.6446192264556885,5.137030124664307,1.1716015338897705,1.3783411979675293,3.659799337387085,1.8258074522018433,1.9139666557312012,1.3750765323638916,1.7334742546081543,4.643774509429932,1.5096936225891113,2.2482285499572754,2.5585532188415527,2.0730702877044678,4.215533256530762,2.3768084049224854,2.9139668941497803,1.6384142637252808,3.8590617179870605,5.6376872062683105,13.504392623901367,1.3325726985931396,2.5561041831970215,7.2346978187561035,1.2627185583114624,1.22187077999115,1.0,1.10956871509552,15.61052131652832,5.392027378082275,1.6412886381149292,1.0,10.166683197021484,1.0,94.39241790771484,77.10952758789062,30.237911224365234,2.727379560470581,4.259816646575928,1.5150048732757568,4.8710737228393555,1.4489891529083252,1.5251505374908447,1.7637501955032349,1.0,1.3703627586364746,2.9637703895568848,1.8381935358047485,1.92533540725708,1.2392741441726685,2.795971632003784,7.64946174621582,1.0028150081634521,1,1.0059702396392822,1.0024404525756836,1.0,1.0,1.0579841136932373,4.2145609855651855,1.0,1.0,45.888240814208984,5.295447826385498,5.925130367279053,6.108258247375488,3.3824541568756104,1.7337591648101807,2.518991231918335,9.46599006652832,2.114966869354248,1.7063782215118408,5.070366382598877,2.281480312347412,55.32808303833008,53.943817138671875,64.90771484375,1.0,81.45496368408203,43.39200973510742,51.85944747924805,6.910478115081787,2.9441351890563965,156.77813720703125,87.16958618164062,69.97740173339844,71.09085845947266,30.858234405517578,3.500913381576538,55.50111770629883,65.29791259765625,9.944110870361328,45.92035675048828,25.276891708374023,73.16481018066406,54.50724792480469,17.7664852142334,1.0,462.67291259765625,362.703857421875,56.80589294433594,293.4811706542969,35.992149353027344,89.93636322021484,67.228271484375,160.02833557128906,38.06293869018555,8.937198638916016,82.4296646118164,70.17401885986328,9.93104076385498,7.70328950881958,11.004051208496094,6.326182842254639,7.034214496612549,13.42133903503418,9.140889167785645,37.41318130493164,1.0,4.140362739562988,7.133383750915527,1.0,1.0
TEST_05+7일,5.177279949188232,15.497260093688965,6.01789665222168,2.151491641998291,1.0,2.87680721282959,1.0,1.0,2.1137635707855225,1.0,1.0,1.0,1.0,1.0,1.0,1.0,10.735166549682617,1.0,1.0,9.822240829467773,5.6317291259765625,1.0,1.0,5.440564155578613,48.543243408203125,39.18549728393555,20.513296127319336,52.844642639160156,11.590741157531738,7.1533966064453125,3.909144163131714,3.570612907409668,3.9604454040527344,2.1601510047912598,2.600733995437622,4.600232124328613,35.31178283691406,6.565908432006836,2.0714547634124756,27.308828353881836,23.50553321838379,2.729461431503296,6.002583980560303,6.012886047363281,1.8003332614898682,2.7258236408233643,1.3073354959487915,4.619725227355957,1.929100751876831,4.894050121307373,20.6521053314209,2.162233352661133,10.97769546508789,2.1082823276519775,2.065659761428833,1.9994033575057983,3.18337345123291,3.1837680339813232,2.7836105823516846,1.622076153755188,18.441320419311523,8.87019157409668,9.29932689666748,12.673173904418945,7.197666645050049,2.982417583465576,2.065615177154541,1.8612602949142456,4.105462074279785,2.5288267135620117,3.3497703075408936,6.421517848968506,1.5634305477142334,1.9504295587539673,4.538499355316162,2.4011614322662354,2.3750808238983154,1.7841973304748535,2.3901941776275635,5.8940863609313965,1.9061427116394043,2.7665064334869385,3.1898560523986816,2.7133214473724365,5.121593952178955,3.040166139602661,3.460020065307617,2.0768935680389404,4.630361080169678,6.859672546386719,24.69173812866211,2.034815549850464,3.6887693405151367,9.85161018371582,2.5497021675109863,1.8507804870605469,1.3712530136108398,1.5715110301971436,22.400602340698242,7.504002094268799,2.3347408771514893,1.3227784633636475,22.27857780456543,1.0,107.66092681884766,89.09770202636719,35.47355270385742,3.93639874458313,5.618978023529053,2.0925400257110596,6.677325248718262,2.083674430847168,2.18049955368042,2.285388946533203,1.2438139915466309,1.752268671989441,4.2543206214904785,2.5093438625335693,2.8757362365722656,1.7464776039123535,3.660675048828125,17.48635482788086,1.1332471370697021,1,1.1294574737548828,1.1521037817001343,1.0303796529769897,1.0773532390594482,1.255310297012329,5.959536552429199,1.1302964687347412,1.100539207458496,51.1546745300293,6.497059345245361,7.758939743041992,7.394190788269043,4.164121150970459,2.4055557250976562,3.357510566711426,11.670599937438965,2.731485366821289,2.2111921310424805,6.067883014678955,3.03369402885437,81.0610122680664,75.11165618896484,100.78962707519531,37.50441360473633,110.35528564453125,65.15845489501953,72.46036529541016,15.4575834274292,4.60611629486084,228.57601928710938,119.75299072265625,112.33642578125,97.71688079833984,41.77106475830078,1.0,77.86949920654297,91.4872055053711,13.625038146972656,62.33174514770508,36.53864669799805,103.29228210449219,76.88832092285156,27.633651733398438,1.0,771.9222412109375,614.6148071289062,100.64701843261719,503.16595458984375,67.5698471069336,140.3011474609375,114.75828552246094,285.7738342285156,65.5644760131836,15.545165061950684,147.07473754882812,128.24208068847656,22.650814056396484,16.138185501098633,23.421035766601562,10.792906761169434,15.946998596191406,25.257007598876953,13.163930892944336,81.20880889892578,11.274092674255371,26.543643951416016,60.42367172241211,4.556938648223877,25.351118087768555
TEST_06+1일,6.841760158538818,18.28582763671875,4.385364532470703,3.036176919937134,1.0755083560943604,1.9419513940811157,1.0,1.0,2.1101558208465576,1.0321661233901978,1.0,1.0,1.435898780822754,1.0,1.0,1.0,18.862123489379883,1.0,1.037995457649231,23.91815948486328,7.664062023162842,1.9177887439727783,1.0,2.7242374420166016,48.20821762084961,33.074337005615234,21.029233932495117,60.39806365966797,13.335803031921387,6.975613117218018,4.506004333496094,5.62760591506958,4.701530456542969,4.698233127593994,1.238061785697937,5.449618816375732,41.834510803222656,6.699947357177734,2.8417563438415527,38.062564849853516,24.1416015625,1.7282211780548096,7.597570896148682,2.626429319381714,2.6731536388397217,3.1524455547332764,1.2589713335037231,5.306515693664551,1.7210943698883057,5.805883884429932,24.084379196166992,4.388378620147705,9.956348419189453,2.02194881439209,2.4559619426727295,1.6412508487701416,3.3390612602233887,2.971737861633301,2.631544828414917,1.8475195169448853,12.631624221801758,8.672425270080566,10.657011032104492,17.047218322753906,5.728341579437256,2.2278122901916504,1.0491615533828735,2.2710468769073486,2.938580274581909,1.0,2.6588549613952637,4.701414585113525,1.329063892364502,1.2745261192321777,4.462602138519287,1.183838963508606,1.1152470111846924,2.2966065406799316,1.2023776769638062,5.6536545753479,1.6385791301727295,2.630361318588257,1.7499266862869263,2.195598840713501,3.014892339706421,3.8933112621307373,2.1178674697875977,2.4469964504241943,4.101853847503662,3.883085012435913,61.91849899291992,3.8425095081329346,4.753154754638672,12.054923057556152,3.171886920928955,3.2619476318359375,1.7450443506240845,1.7761365175247192,28.196603775024414,9.632040023803711,2.341541051864624,2.1325125694274902,26.536724090576172,1.0,115.720703125,52.98817443847656,32.542755126953125,5.00904655456543,5.816867351531982,2.5734972953796387,6.166171550750732,2.136014699935913,3.744854211807251,1.9915001392364502,1.6957327127456665,1.8858588933944702,4.042459011077881,2.557868242263794,3.497749090194702,2.4839110374450684,3.589080572128296,7.1829071044921875,1.037142276763916,1,1.0282237529754639,1.0440027713775635,1.0431731939315796,1.0,1.1019916534423828,3.3591392040252686,1.0451445579528809,1.0460695028305054,17.417015075683594,3.90667462348938,3.5785186290740967,3.4469125270843506,2.0779547691345215,1.8393332958221436,2.0360236167907715,6.853409767150879,1.954790711402893,1.0893713235855103,4.571639537811279,2.1894278526306152,73.25865936279297,77.5123291015625,82.82283782958984,78.88749694824219,89.91399383544922,60.316184997558594,60.38851547241211,53.891868591308594,6.998636245727539,199.9204559326172,106.176513671875,117.07135009765625,85.7626724243164,31.888534545898438,5.060109615325928,70.45377349853516,84.00457000732422,7.214324474334717,58.01691818237305,31.288761138916016,94.10550689697266,64.04192352294922,30.31031608581543,1.0,441.4499206542969,247.16310119628906,89.59825897216797,276.29876708984375,42.3714714050293,86.15612030029297,103.92435455322266,189.6520538330078,34.767372131347656,13.153523445129395,102.02495574951172,77.46144104003906,22.412214279174805,17.887374877929688,28.201108932495117,11.550924301147461,15.226866722106934,26.1322078704834,18.363792419433594,84.89491271972656,1.0,18.207399368286133,19.26446533203125,1.0,1.1297093629837036
TEST_06+2일,6.181778907775879,15.799633979797363,3.7848105430603027,2.3675339221954346,1.0,1.7973934412002563,1.0,1.0,1.3859517574310303,1.0,1.0,1.0,1.4194647073745728,1.0,1.0,1.0,16.871618270874023,1.0,1.0155245065689087,20.87880516052246,5.7777276039123535,1.7381761074066162,1.0,1.9384679794311523,34.95864486694336,24.92313003540039,14.473360061645508,46.83753967285156,9.29829216003418,5.008126735687256,2.996680498123169,3.485323429107666,2.388427972793579,2.394535779953003,1.4896293878555298,3.7087714672088623,26.866147994995117,4.788350582122803,2.252918004989624,22.856176376342773,15.962986946105957,1.0,4.275394439697266,1.7443510293960571,1.6650824546813965,1.7454149723052979,1.0,3.6118087768554688,1.075299859046936,3.548017978668213,17.336299896240234,2.5854344367980957,6.591947555541992,1.0892131328582764,1.5322082042694092,1.0,1.98859703540802,1.7789088487625122,1.423601746559143,1.0,9.123329162597656,5.108128547668457,5.7030253410339355,13.124385833740234,4.332911968231201,1.0,1.0,1.0620366334915161,1.1164904832839966,1.0,1.2243738174438477,1.5537694692611694,1.0,1.0,1.9085811376571655,1.0,1.0,1.0,1.0,3.489161491394043,1.0,1.307183027267456,1.0,1.0,1.0,1.3904308080673218,1.0,1.0,2.2946624755859375,1.0701264142990112,41.58776092529297,3.064779043197632,3.158618927001953,9.111893653869629,1.6435695886611938,1.4815932512283325,1.2335429191589355,1.2854785919189453,20.852252960205078,6.9527587890625,1.525551199913025,1.5087147951126099,15.501275062561035,1.0,95.38771057128906,29.784717559814453,22.82990264892578,3.55049467086792,4.233983516693115,1.6571671962738037,4.082805633544922,1.4926434755325317,2.808870792388916,1.4205963611602783,1.2026352882385254,1.3242892026901245,2.6002490520477295,1.845786690711975,2.4724183082580566,1.738458275794983,2.9517743587493896,1.0,1.0102874040603638,1,1.0,1.0089592933654785,1.0,1.0,1.0091603994369507,2.2449209690093994,1.0053728818893433,1.0,4.829554080963135,3.271771192550659,3.186934232711792,2.9307355880737305,1.7437293529510498,1.6749361753463745,1.6629421710968018,6.121371746063232,1.8809298276901245,1.0,4.253183364868164,1.9390034675598145,44.23777770996094,54.91071319580078,49.6285514831543,19.921432495117188,60.64845657348633,34.08429718017578,39.328556060791016,33.52900314331055,4.340137958526611,127.16532135009766,64.51233673095703,65.68975830078125,59.16954803466797,21.660118103027344,2.0949740409851074,48.996917724609375,56.94293975830078,3.6024138927459717,39.51216125488281,19.291461944580078,62.47214126586914,37.458831787109375,18.067575454711914,1.0,279.326171875,163.36720275878906,73.55740356445312,216.27853393554688,28.271648406982422,61.588348388671875,76.4690933227539,123.92963409423828,25.81382942199707,9.494915962219238,78.53282928466797,54.32062911987305,28.31248664855957,21.87796401977539,31.026247024536133,17.133329391479492,19.27362632751465,35.31110763549805,24.80985450744629,102.1370620727539,7.73333215713501,23.751466751098633,38.98992156982422,2.7817859649658203,15.010445594787598
TEST_06+3일,7.139132976531982,18.388856887817383,3.864771604537964,2.5729596614837646,1.002675175666809,2.18463397026062,1.0,1.0,1.8309454917907715,1.030495524406433,1.0,1.0,1.599717378616333,1.0,1.0,1.0,21.161008834838867,1.0,1.1141197681427002,25.312829971313477,7.9623260498046875,1.9939268827438354,1.0,1.944064974784851,35.056053161621094,24.34596824645996,15.062923431396484,48.82905960083008,9.19328784942627,5.178678035736084,2.8785152435302734,3.805973768234253,2.32882022857666,2.6906938552856445,1.6218210458755493,3.86625599861145,27.896982192993164,4.784317970275879,1.915335774421692,24.971492767333984,16.907665252685547,1.0685334205627441,5.307535171508789,1.6995584964752197,1.9752936363220215,1.8774446249008179,1.0,3.72086238861084,1.0605210065841675,3.8113789558410645,16.83391761779785,2.676297664642334,6.6984686851501465,1.1772546768188477,1.3828763961791992,1.0,2.252936601638794,1.8758188486099243,1.5800672769546509,1.0556319952011108,8.844489097595215,5.465505123138428,6.328665733337402,13.74515151977539,3.7514843940734863,1.756951928138733,1.0,1.7745640277862549,2.175894260406494,1.0,2.0125865936279297,3.0308351516723633,1.1919387578964233,1.0,3.2911789417266846,1.0691927671432495,1.0,1.6414402723312378,1.0,4.565655708312988,1.3103833198547363,2.106384754180908,1.2788569927215576,1.648565411567688,1.9897487163543701,2.8669586181640625,1.7054039239883423,1.8345962762832642,3.319106101989746,2.854597568511963,39.33953094482422,2.815563678741455,2.9266016483306885,8.344300270080566,1.8664138317108154,1.3180125951766968,1.1801130771636963,1.2101718187332153,19.154766082763672,6.4671735763549805,1.3475595712661743,1.4405914545059204,15.856114387512207,1.0,93.03739166259766,27.515663146972656,20.90900421142578,3.3422341346740723,4.096341609954834,1.5635643005371094,4.013306140899658,1.4447169303894043,2.552870035171509,1.3836485147476196,1.1576000452041626,1.2173465490341187,2.560121774673462,1.745853066444397,2.2914514541625977,1.631428837776184,2.831998825073242,1.0,1.0,1,1.0,1.0,1.0,1.0,1.0032862424850464,2.53330135345459,1.0,1.0,27.73756980895996,3.087299346923828,2.9057393074035645,2.7911696434020996,1.7319453954696655,1.610498070716858,1.6349581480026245,5.800539970397949,1.8457343578338623,1.0,4.115871906280518,1.8549150228500366,45.38356399536133,57.71825408935547,56.977264404296875,30.583560943603516,65.30609130859375,35.07682418823242,40.90186309814453,35.55628204345703,4.687238693237305,129.6156005859375,64.63154602050781,64.20830535888672,62.454681396484375,22.701828002929688,2.2178468704223633,51.50226974487305,59.6827278137207,4.435237884521484,41.26510238647461,21.134563446044922,64.72077178955078,37.6448974609375,18.290081024169922,1.0,232.8506317138672,121.3813247680664,62.61667251586914,180.4661865234375,22.405847549438477,54.55908966064453,68.31584167480469,102.28240203857422,21.88310432434082,7.67179536819458,58.50107955932617,43.944129943847656,26.910478591918945,21.152328491210938,30.211833953857422,16.25324058532715,19.48977279663086,34.16740798950195,23.763517379760742,101.2912368774414,1.0,7.833725452423096,1.0,1.0,1.0
TEST_06+4일,8.065007209777832,18.493452072143555,4.3059000968933105,2.958221673965454,1.0851036310195923,2.4675745964050293,1.0,1.0,1.9192123413085938,1.1523844003677368,1.0,1.0,1.7278566360473633,1.0,1.0,1.0,19.43291473388672,1.0788424015045166,1.2631065845489502,25.973691940307617,8.170305252075195,2.0942468643188477,1.001130223274231,2.0765953063964844,34.75646209716797,22.127500534057617,13.907687187194824,48.48012161254883,8.58020305633545,5.158578872680664,2.933283805847168,3.4768500328063965,2.4212071895599365,2.71026873588562,1.6038070917129517,3.750488042831421,25.490318298339844,4.717855453491211,1.8486526012420654,23.805009841918945,15.567014694213867,1.0341523885726929,5.100683689117432,1.8088196516036987,1.8166906833648682,1.8190566301345825,1.0,3.6600019931793213,1.0571684837341309,3.718949556350708,15.863924980163574,2.5495522022247314,7.1237263679504395,1.162949562072754,1.3275339603424072,1.0,2.253429651260376,1.8661046028137207,1.5702404975891113,1.0,7.797983646392822,5.06962251663208,5.9159626960754395,13.042261123657227,3.582050085067749,2.0078320503234863,1.2872039079666138,2.0367257595062256,2.3802590370178223,1.8910257816314697,2.2353596687316895,3.9777565002441406,1.2527052164077759,1.203045129776001,3.8717470169067383,1.7302796840667725,1.2769896984100342,1.8100191354751587,1.351286768913269,5.098470211029053,1.5353022813796997,2.2889904975891113,1.5002250671386719,2.0135021209716797,2.454990863800049,3.1150012016296387,1.7686704397201538,2.5081253051757812,3.4119713306427,3.445746421813965,35.37940216064453,2.6200098991394043,2.7013254165649414,7.637062072753906,1.1065996885299683,1.0754185914993286,1.03359854221344,1.0,16.968358993530273,5.938532829284668,1.2036402225494385,1.2759112119674683,9.861318588256836,1.0,84.72461700439453,19.855146408081055,18.50441551208496,2.994187355041504,3.8072400093078613,1.4199862480163574,3.5796337127685547,1.1236910820007324,2.377377510070801,1.249936819076538,1.0169403553009033,1.1242409944534302,2.2042667865753174,1.5669281482696533,2.085116386413574,1.4478071928024292,2.6558890342712402,2.3174562454223633,1.0,1,1.0,1.0,1.0,1.0,1.0,2.8015153408050537,1.0,1.0,37.525577545166016,2.915332317352295,2.756016969680786,2.6325478553771973,1.6205369234085083,1.4960068464279175,1.5812422037124634,5.060184955596924,1.5247782468795776,1.0,3.9697937965393066,1.7427748441696167,41.853031158447266,54.514427185058594,54.16489028930664,20.019813537597656,60.74144744873047,30.2574520111084,37.3199462890625,33.848575592041016,4.294113636016846,119.348876953125,59.07802200317383,56.33126449584961,59.354793548583984,21.331514358520508,2.3001575469970703,47.79837417602539,55.25582504272461,3.6857972145080566,38.81095886230469,18.243499755859375,60.66349792480469,32.310829162597656,16.00201988220215,1.0,242.73342895507812,144.2495880126953,70.555419921875,191.04624938964844,27.575157165527344,55.63894271850586,71.17080688476562,110.02667236328125,23.303152084350586,9.118562698364258,70.01119995117188,50.580326080322266,14.416327476501465,11.47635269165039,15.882935523986816,9.964709281921387,10.276806831359863,19.68551254272461,14.157927513122559,56.505210876464844,1.0,10.03752326965332,12.608623504638672,1.0,1.0
TEST_06+5일,7.40384578704834,17.657089233398438,4.148988246917725,2.55354380607605,1.0149009227752686,2.3061187267303467,1.0,1.0,1.7307186126708984,1.0791336297988892,1.0,1.0,1.6089802980422974,1.0,1.0,1.0,17.53557777404785,1.0,1.209449291229248,23.029727935791016,8.082168579101562,1.8582258224487305,1.0,2.4241535663604736,37.51615524291992,23.433277130126953,15.907751083374023,50.652122497558594,9.626168251037598,5.764407634735107,3.4065585136413574,4.170150279998779,2.900761604309082,3.2981863021850586,1.0276955366134644,4.147952556610107,28.63477325439453,5.037454605102539,1.908460259437561,28.190370559692383,18.649612426757812,1.2359365224838257,6.229142665863037,1.781250238418579,2.2923898696899414,2.18588924407959,1.0035812854766846,4.095590114593506,1.2398126125335693,4.416407585144043,17.073598861694336,3.0136990547180176,7.510279655456543,1.3666129112243652,1.4958748817443848,1.0993331670761108,2.7348928451538086,2.251699686050415,1.9459590911865234,1.1991353034973145,8.969649314880371,6.158708095550537,6.919571876525879,14.158866882324219,4.427644729614258,1.8555244207382202,1.0,1.9795502424240112,2.205660104751587,1.0,2.0023038387298584,3.3009276390075684,1.1646430492401123,1.0,4.068539142608643,1.025148630142212,1.0,1.5731542110443115,1.0,4.990621089935303,1.2516578435897827,2.104748010635376,1.3371038436889648,1.8937606811523438,2.0160350799560547,2.728501796722412,1.5063477754592896,2.3191089630126953,3.2996318340301514,3.290728807449341,42.19670486450195,3.0257537364959717,3.2353861331939697,8.91443157196045,2.2916970252990723,1.3008655309677124,1.3690152168273926,1.292161464691162,22.813858032226562,7.276731967926025,1.4908009767532349,1.5074883699417114,20.460100173950195,1.0,102.98595428466797,29.85322380065918,21.8981876373291,3.6122467517852783,5.032483100891113,1.8565486669540405,4.520661354064941,1.5727547407150269,2.743082284927368,1.6651909351348877,1.2455073595046997,1.3587052822113037,2.947314977645874,2.200626850128174,2.5629043579101562,1.6609340906143188,3.2874600887298584,8.710710525512695,1.0,1,1.0,1.0,1.0,1.0,1.0032612085342407,3.074415445327759,1.0,1.0,45.884849548339844,3.231945514678955,3.447683811187744,3.0817923545837402,1.805651307106018,1.692403793334961,1.7763808965682983,5.884223461151123,1.805422067642212,1.0,4.083132743835449,2.005352258682251,47.99654006958008,58.89088439941406,62.5721321105957,29.742305755615234,66.8824234008789,37.7820930480957,41.66051483154297,39.225135803222656,5.026034832000732,136.22247314453125,66.73809814453125,70.12765502929688,65.26886749267578,23.965740203857422,4.513529300689697,53.92377471923828,62.592681884765625,4.386255264282227,43.242393493652344,21.51399040222168,68.85274505615234,38.11812210083008,19.619234085083008,1.0,264.3840026855469,152.46510314941406,74.03219604492188,199.40614318847656,27.932119369506836,57.51438522338867,74.762451171875,116.60137176513672,24.885528564453125,9.130046844482422,71.65580749511719,52.48586654663086,10.009025573730469,8.192359924316406,10.228096961975098,8.015904426574707,8.43945026397705,14.584403038024902,10.807034492492676,40.09391784667969,1.0,5.953204154968262,6.156766891479492,1.0,1.0
TEST_06+6일,6.884944915771484,16.69734764099121,4.540605545043945,2.6689062118530273,1.0384533405303955,2.1189870834350586,1.0,1.0,1.4432264566421509,1.0485609769821167,1.0,1.0,1.6051613092422485,1.0,1.0,1.0,17.081077575683594,1.0,1.1048305034637451,21.548912048339844,7.830532073974609,1.6030864715576172,1.0,2.414135456085205,44.675437927246094,32.093223571777344,19.59162712097168,65.52467346191406,11.84839153289795,6.932013511657715,4.050393104553223,5.00308895111084,3.3513693809509277,4.073285102844238,1.0442513227462769,4.846728324890137,35.264522552490234,6.285350322723389,2.437380790710449,33.87736511230469,22.931011199951172,1.507975697517395,6.983348846435547,1.8778014183044434,2.6935582160949707,2.718693494796753,1.2136505842208862,4.779593467712402,1.4055050611495972,5.596059322357178,23.138681411743164,3.5329811573028564,9.270535469055176,1.6219806671142578,1.7789117097854614,1.3693112134933472,3.428870439529419,2.58095121383667,2.3399252891540527,1.4717533588409424,11.097466468811035,7.11818790435791,8.920730590820312,17.529159545898438,3.5011444091796875,2.152106523513794,1.5871057510375977,2.0950021743774414,2.588005304336548,2.6543562412261963,2.244462728500366,3.8918871879577637,1.3639284372329712,1.4519567489624023,4.116117000579834,2.1142795085906982,1.7678487300872803,1.8620613813400269,1.655763030052185,5.211414337158203,1.747473120689392,2.3632025718688965,1.6390174627304077,2.1959383487701416,2.688486337661743,3.2854487895965576,2.013451337814331,2.6702358722686768,3.620905637741089,3.7835817337036133,40.68399429321289,2.81660795211792,2.9970340728759766,8.670486450195312,1.754443645477295,1.3874300718307495,1.2227154970169067,1.1495811939239502,20.820846557617188,6.82365083694458,1.3784618377685547,1.4265038967132568,15.47307014465332,1.0,96.17636108398438,29.104028701782227,21.18989372253418,3.6360726356506348,4.727550506591797,1.750306487083435,4.382070064544678,1.3625373840332031,2.665931224822998,1.5888392925262451,1.1650400161743164,1.3059450387954712,2.7187764644622803,1.98586905002594,2.369339942932129,1.6632130146026611,3.172894239425659,10.8306245803833,1.0247548818588257,1,1.0258164405822754,1.0264874696731567,1.0286517143249512,1.0,1.090063452720642,3.292236804962158,1.0264192819595337,1.0114003419876099,36.469852447509766,3.70951509475708,3.641535997390747,3.426400899887085,2.0490128993988037,1.8358372449874878,1.9731829166412354,6.53475284576416,1.9627150297164917,1.062659502029419,4.339897155761719,2.2015933990478516,51.01463317871094,61.018428802490234,64.09371185302734,34.754554748535156,68.46916961669922,39.6319465637207,42.90589141845703,39.672149658203125,5.211596488952637,142.11424255371094,70.67023468017578,75.9953384399414,67.26802062988281,24.827720642089844,2.103275775909424,55.1142692565918,64.2292709350586,4.652584075927734,44.723228454589844,22.286733627319336,71.29812622070312,39.72099685668945,20.72220802307129,1.0,318.7178039550781,179.5482635498047,92.84005737304688,251.52024841308594,34.021114349365234,69.86822509765625,87.1462631225586,145.4279327392578,27.708528518676758,10.667098999023438,93.41796112060547,61.698646545410156,11.159866333007812,8.933767318725586,11.562261581420898,7.910540580749512,7.9211320877075195,15.328766822814941,11.432376861572266,41.47991180419922,1.0,7.148069858551025,7.887368202209473,1.0,1.0
TEST_06+7일,6.424779415130615,11.067745208740234,5.070335865020752,2.810349941253662,1.0397613048553467,1.4888596534729004,1.0,1.0,1.2532603740692139,1.0,1.0,1.0,1.5501420497894287,1.0,1.0,1.0,9.983621597290039,1.0,1.0,16.01000213623047,6.3610334396362305,1.0,1.0,4.6764092445373535,46.92837905883789,37.271148681640625,24.869644165039062,70.9056625366211,15.532221794128418,8.04874324798584,5.936473369598389,6.642153263092041,7.0423688888549805,6.212593078613281,2.378706932067871,5.83760404586792,45.3563346862793,7.505367279052734,3.384338140487671,43.740379333496094,28.07964515686035,2.1601734161376953,8.819380760192871,3.3036599159240723,3.2935402393341064,3.8804352283477783,1.4523998498916626,5.735154628753662,2.15791916847229,7.52937126159668,26.872562408447266,5.098886489868164,11.304351806640625,2.4004156589508057,2.829693078994751,2.0247256755828857,4.454761028289795,3.7152132987976074,3.370931625366211,2.166085720062256,13.68670654296875,9.992045402526855,13.215289115905762,19.03076934814453,6.778358459472656,2.8376033306121826,2.1365394592285156,2.7105438709259033,3.4398627281188965,2.7009575366973877,2.8897294998168945,4.839946746826172,1.6807368993759155,1.93435537815094,5.092982769012451,2.729017496109009,2.2320172786712646,2.392943859100342,2.137441635131836,6.379656791687012,2.2213294506073,2.881289482116699,2.154038667678833,2.9573447704315186,3.33823561668396,4.162607669830322,2.4420125484466553,3.2889320850372314,4.470860481262207,4.919824123382568,61.23319625854492,3.653383493423462,4.604589462280273,11.846824645996094,3.4399378299713135,2.548818588256836,1.9190592765808105,1.7873762845993042,33.15069580078125,9.851309776306152,2.1818244457244873,2.1081607341766357,31.019479751586914,1.0780043601989746,126.71831512451172,49.986045837402344,30.022640228271484,5.106570243835449,6.877694606781006,2.7144997119903564,6.605548858642578,2.1963837146759033,3.598267078399658,2.3244142532348633,1.7470866441726685,1.8883731365203857,4.379457473754883,3.1266794204711914,3.552556037902832,2.4898555278778076,4.399153232574463,18.52885627746582,1.203980803489685,1,1.2011619806289673,1.2058720588684082,1.1965217590332031,1.014945149421692,1.3380597829818726,4.369775772094727,1.1998200416564941,1.1737034320831299,26.858428955078125,5.029723167419434,4.978988170623779,4.833467483520508,2.740027904510498,2.540024757385254,2.7507970333099365,8.859318733215332,2.673053026199341,1.4877643585205078,5.53139591217041,2.9321250915527344,76.4656982421875,75.3487319946289,86.28240203857422,83.00315856933594,91.61372375488281,61.96445846557617,60.096717834472656,52.70037078857422,7.4741082191467285,205.07623291015625,102.24485778808594,121.02003479003906,90.87772369384766,32.57828140258789,1.0,74.1131820678711,86.89842987060547,6.465521335601807,60.719844818115234,30.6027889251709,96.5992202758789,59.22091293334961,31.298255920410156,1.0,506.418212890625,308.12908935546875,140.22727966308594,396.17218017578125,57.752227783203125,102.41654968261719,133.64793395996094,234.03163146972656,44.382633209228516,16.713165283203125,144.2507781982422,102.45382690429688,25.84089469909668,18.850120544433594,25.999528884887695,14.83768367767334,16.923992156982422,30.883399963378906,20.820199966430664,87.07925415039062,5.29196834564209,35.119224548339844,62.531803131103516,2.483708381652832,21.66352653503418
TEST_07+1일,5.245925426483154,42.66961669921875,3.6800804138183594,1.0974966287612915,1.068047046661377,1.2358402013778687,1.0,1.0,1.5525325536727905,1.0,1.0,1.074110507965088,1.0282537937164307,1.0,1.0,1.0,36.75807571411133,1.0,1.3285622596740723,51.426204681396484,17.463672637939453,1.0,1.0,5.58376932144165,49.50308609008789,30.777233123779297,27.871179580688477,51.4334602355957,6.164758682250977,5.6874799728393555,2.1780056953430176,4.0389814376831055,3.2080349922180176,2.3444535732269287,7.0652899742126465,1.4675981998443604,16.016559600830078,3.8045856952667236,1.2644309997558594,18.19312858581543,9.815389633178711,1.7154158353805542,5.02298641204834,1.0,2.0510756969451904,2.5330276489257812,1.0,2.7716028690338135,1.0,2.817641258239746,7.469602584838867,1.328887701034546,6.378842830657959,1.0,2.9234535694122314,1.0,1.9259138107299805,1.2081366777420044,2.496058702468872,1.0,5.312058925628662,5.180464267730713,9.031023979187012,7.129113674163818,7.7113037109375,1.0,1.0,1.0,1.9553312063217163,1.0,1.1009021997451782,1.0,1.0,1.0,1.6745027303695679,1.0932369232177734,1.0,1.0,1.1799689531326294,1.281396508216858,1.0,1.0,1.0,1.0912100076675415,1.0,1.0611432790756226,1.0,1.0,1.0,1.536865472793579,32.072914123535156,1.3076566457748413,1.56959068775177,2.449735641479492,1.3682445287704468,1.254387617111206,1.1956056356430054,1.0,9.707517623901367,3.3645951747894287,1.2482903003692627,1.4202603101730347,12.537578582763672,1.0,71.74909210205078,9.475797653198242,4.510417461395264,1.9269423484802246,3.5159804821014404,1.0770081281661987,1.973183512687683,1.3367780447006226,1.6231321096420288,1.4206132888793945,1.0,1.4098671674728394,1.7043174505233765,1.1561946868896484,1.7663869857788086,1.2321432828903198,1.4758973121643066,1.0,1.01267671585083,1,1.0,1.0104467868804932,1.0,1.0,1.0750340223312378,2.914076566696167,1.0092910528182983,1.0,6.4570841789245605,4.689818859100342,1.7511736154556274,2.585071563720703,1.583968997001648,1.0,1.3200688362121582,6.403833866119385,1.3398691415786743,1.0,4.169585704803467,1.2434133291244507,3.6577436923980713,1.6675713062286377,53.581565856933594,33.00531768798828,5.786316394805908,1.830901861190796,3.5641679763793945,1.8735218048095703,1.0,8.131179809570312,2.523562431335449,3.0885565280914307,7.325448513031006,2.484203815460205,7.000601768493652,1.641435146331787,4.572523593902588,1.0,3.5439748764038086,2.1683716773986816,3.398622512817383,1.8817558288574219,1.0,1.5341448783874512,1.0,1.0,1.0,1.0,1.0,1.0,1.0,1.0,1.0,1.0,1.0,1.0,32.7849235534668,26.040542602539062,44.670108795166016,16.462566375732422,27.37469482421875,36.39385986328125,26.040233612060547,154.73643493652344,37.52992248535156,40.472618103027344,80.30955505371094,13.356635093688965,39.652225494384766
TEST_07+2일,4.504934787750244,42.063602447509766,3.4534106254577637,1.0,1.0078433752059937,1.0228688716888428,1.0,1.0,1.0139504671096802,1.0,1.0,1.0,1.0,1.0,1.0,1.0,34.97920608520508,1.0,1.3626354932785034,47.313262939453125,14.747916221618652,1.0,1.0,2.5678348541259766,39.478206634521484,15.612618446350098,15.94791030883789,29.94336700439453,2.6150739192962646,2.9865283966064453,1.0,2.0817933082580566,1.379590392112732,1.1087806224822998,3.33105731010437,1.0,6.476840496063232,1.7842260599136353,1.0,7.69359827041626,4.141663074493408,1.0,2.430030584335327,1.0,1.1391198635101318,1.2136515378952026,1.0,1.3615732192993164,1.0,1.197695016860962,3.124427080154419,1.0,3.126129150390625,1.0,1.4552295207977295,1.0,1.0,1.0,1.1351755857467651,1.0,2.406503200531006,2.557541608810425,3.966344118118286,3.3976593017578125,3.064417600631714,1.0,1.0,1.0,1.0,1.0,1.0,1.0,1.0,1.0,1.0,1.0,1.0,1.0,1.0,1.0,1.0,1.0,1.0,1.0,1.0,1.0,1.0,1.0,1.0,1.0,24.534311294555664,1.0,1.0106561183929443,1.1189783811569214,1.0,1.0,1.0,1.0,5.48717737197876,2.0790302753448486,1.0,1.1669248342514038,1.6294628381729126,1.0,65.37147521972656,1.495668649673462,1.6733132600784302,1.2279163599014282,2.6151397228240967,1.0,1.0,1.0,1.1561574935913086,1.1721264123916626,1.0,1.1645747423171997,1.0,1.0,1.4140980243682861,1.0,1.0,1.0,1.0,1,1.0,1.0,1.0,1.0,1.0,2.6375322341918945,1.0,1.0,6.938782691955566,4.1830830574035645,1.5564104318618774,2.0512313842773438,1.3283287286758423,1.0,1.067147135734558,5.468377590179443,1.0770570039749146,1.0,3.725426435470581,1.050964117050171,1.0,1.0,27.48107147216797,1.0,1.0,1.0,1.0,1.0,1.0,1.0,1.0,1.0,1.4637703895568848,1.0,1.0,1.0,1.0,1.0,1.0,1.0,1.0,1.0,1.0,1.0,1.0,1.0,1.0,1.0,1.0,1.0,1.0,1.0,1.0,1.0,1.0,1.0,35.423858642578125,26.99384117126465,43.18994140625,20.40874481201172,27.723190307617188,39.867122650146484,27.29697036743164,151.0328826904297,21.753599166870117,22.78203582763672,48.44239807128906,7.4356279373168945,22.524555206298828
TEST_07+3일,4.863146781921387,43.7515983581543,3.4326415061950684,1.1252140998840332,1.0266475677490234,1.2812292575836182,1.0,1.0,1.1937055587768555,1.0,1.0,1.0,1.0,1.0,1.0,1.0,34.84868240356445,1.0,1.2997002601623535,48.75228500366211,15.186317443847656,1.0,1.0,2.2876973152160645,40.42536926269531,18.52779197692871,18.19188690185547,35.187564849853516,2.32625412940979,3.3444035053253174,1.0,2.018066883087158,1.0700901746749878,1.0,4.226416110992432,1.0,6.5187177658081055,1.9715532064437866,1.0,7.99080753326416,4.164558410644531,1.0,2.8397774696350098,1.0,1.300250768661499,1.195189356803894,1.0,1.458929419517517,1.0,1.089623212814331,2.9216301441192627,1.0,3.4163451194763184,1.0,1.548822283744812,1.0,1.0,1.0,1.272306203842163,1.0,2.15388822555542,2.4600329399108887,3.9238932132720947,3.7456820011138916,3.085766553878784,1.0,1.241127848625183,1.0,1.681408405303955,2.574721574783325,1.0,1.3702781200408936,1.0,1.2809579372406006,1.5652297735214233,1.7431042194366455,1.2979542016983032,1.0,1.5308735370635986,1.1132876873016357,1.072981595993042,1.0,1.0,1.1122804880142212,1.2349138259887695,1.2643945217132568,1.0,1.0,1.0,1.8107386827468872,27.268287658691406,1.0,1.086713433265686,1.4814627170562744,1.0,1.0192545652389526,1.0,1.0,6.739722728729248,2.1580252647399902,1.0,1.1873966455459595,4.773233413696289,1.0,64.40933990478516,4.275965213775635,2.8934428691864014,1.2260189056396484,2.7812187671661377,1.0,1.1084175109863281,1.0610628128051758,1.1752090454101562,1.1367334127426147,1.0,1.1911556720733643,1.2010396718978882,1.0,1.434770107269287,1.0,1.0484137535095215,1.0,1.0,1,1.0,1.0,1.0,1.0,1.0138696432113647,2.777341604232788,1.0,1.0,31.833189010620117,4.229546070098877,1.7274863719940186,2.1780812740325928,1.38877272605896,1.0,1.1187732219696045,5.591731071472168,1.1545249223709106,1.0,3.8978841304779053,1.105400800704956,1.8738386631011963,1.0,41.29066467285156,11.77366828918457,2.583218812942505,1.0,1.4475317001342773,1.0,1.0,3.2784922122955322,1.0,1.0,4.581126689910889,1.103873610496521,2.591902732849121,1.0,1.6669576168060303,1.0,2.0283737182617188,1.0626378059387207,1.152906060218811,1.0,1.0,1.296643853187561,1.0,1.0,1.0,1.0,1.0,1.0,1.0,1.0,1.0,1.0,1.0,1.0,34.86808395385742,26.173980712890625,41.306068420410156,18.484657287597656,28.073139190673828,37.87633514404297,26.480772018432617,149.97171020507812,19.561079025268555,26.00367546081543,50.708984375,8.097772598266602,21.153057098388672
TEST_07+4일,5.733657360076904,50.90931701660156,4.539488792419434,1.3967616558074951,1.1113512516021729,1.5113180875778198,1.0,1.0,1.7832688093185425,1.0,1.0,1.1556637287139893,1.001585841178894,1.0,1.0,1.0,39.32565689086914,1.0,1.62872314453125,55.49311065673828,17.16584587097168,1.0024243593215942,1.0,2.5432889461517334,40.30372619628906,18.893583297729492,16.111610412597656,34.10675811767578,2.622361660003662,3.3738420009613037,1.0,2.0697429180145264,1.3546773195266724,1.1541792154312134,4.454212188720703,1.0,6.923651695251465,2.0401365756988525,1.0,8.55459213256836,4.226062297821045,1.0,2.8676509857177734,1.0,1.1791672706604004,1.3801709413528442,1.0,1.4598884582519531,1.0,1.1489452123641968,3.105128288269043,1.0,3.5102291107177734,1.0,1.4440875053405762,1.0,1.0,1.0,1.3273637294769287,1.0,2.156277894973755,2.59855318069458,3.7453296184539795,3.851029396057129,3.208932876586914,1.0,1.3062238693237305,1.0,1.85671067237854,1.8789151906967163,1.1406418085098267,1.4453866481781006,1.0,1.126359224319458,1.7764657735824585,1.8285119533538818,1.123376488685608,1.0,1.4901156425476074,1.215627908706665,1.1605266332626343,1.0,1.0,1.2363903522491455,1.2738358974456787,1.3815463781356812,1.0,1.0,1.0780359506607056,1.9272615909576416,26.751115798950195,1.0,1.0,1.0979547500610352,1.0,1.0,1.0,1.0,5.461418628692627,1.7354990243911743,1.0,1.07147216796875,3.620784282684326,1.0,61.47121810913086,2.2281484603881836,1.6173458099365234,1.0930784940719604,2.68980073928833,1.0,1.0,1.0,1.107802391052246,1.1118398904800415,1.0,1.0929090976715088,1.039269208908081,1.0,1.2498819828033447,1.0,1.0,4.0166449546813965,1.0137113332748413,1,1.0,1.0152642726898193,1.0032542943954468,1.0,1.0164432525634766,3.18538498878479,1.0,1.0,43.31494903564453,4.221595287322998,2.0575029850006104,2.391209363937378,1.4921576976776123,1.0,1.2380837202072144,5.22173547744751,1.1256014108657837,1.0,3.893587827682495,1.1421726942062378,1.0,1.0,29.381555557250977,1.0,1.0,1.0,1.0,1.0,1.0,1.0,1.0,1.0,2.1119163036346436,1.0,1.0,1.0,1.0,1.0,1.0,1.0,1.0,1.0,1.0,1.0,1.0,1.0,1.0,1.0,1.0,1.0,1.0,1.0,1.0,1.0,1.0,1.0,17.203214645385742,12.524209976196289,24.53898811340332,8.70164680480957,16.02808952331543,18.30647087097168,13.38050651550293,93.26821899414062,18.179994583129883,22.69399070739746,51.795772552490234,8.656105041503906,17.359373092651367
TEST_07+5일,5.623276710510254,51.132381439208984,4.314481258392334,1.1890571117401123,1.0125296115875244,1.4590319395065308,1.0,1.0,1.6556403636932373,1.0,1.0,1.082208514213562,1.0131776332855225,1.0,1.0,1.0,41.87309646606445,1.0,1.5753251314163208,53.63032531738281,17.655790328979492,1.0,1.0,2.8574624061584473,41.947025299072266,23.16259002685547,19.3939266204834,41.613975524902344,2.9098944664001465,4.302613258361816,1.0466954708099365,2.8565170764923096,1.5440260171890259,1.491059422492981,5.712347507476807,1.0,8.406072616577148,2.5583858489990234,1.0,11.0868558883667,5.966545581817627,1.222708821296692,3.8124308586120605,1.0,1.630244255065918,1.7514116764068604,1.0,1.8392369747161865,1.0,1.449948787689209,3.857407808303833,1.0,4.307283878326416,1.0,1.8933790922164917,1.0,1.209861397743225,1.0,1.686626672744751,1.0,2.6411705017089844,3.3224923610687256,4.479063034057617,4.946164131164551,3.772794723510742,1.0,1.0,1.0,1.868681788444519,1.0,1.099031686782837,1.0054374933242798,1.0,1.0,1.5500731468200684,1.2783628702163696,1.0,1.0,1.094548225402832,1.1735234260559082,1.0,1.0,1.0,1.0,1.0,1.0611889362335205,1.0,1.0,1.0,1.6729680299758911,28.247201919555664,1.0,1.1601001024246216,1.6431455612182617,1.0,1.0555944442749023,1.0,1.0,7.4460015296936035,2.5190372467041016,1.0,1.1277616024017334,5.584677696228027,1.0,66.57389831542969,5.73424768447876,2.6555769443511963,1.3555041551589966,3.000105857849121,1.0,1.248824954032898,1.0511401891708374,1.2670332193374634,1.2619608640670776,1.0,1.128508448600769,1.2391608953475952,1.0,1.3495107889175415,1.0,1.0619240999221802,8.347586631774902,1.0,1,1.0,1.0,1.0,1.0,1.0,3.5268394947052,1.0,1.0,52.843753814697266,4.22170877456665,2.39290714263916,2.5827481746673584,1.6105575561523438,1.0185909271240234,1.3436518907546997,5.540881633758545,1.2340694665908813,1.0,3.8131494522094727,1.271132469177246,1.1957885026931763,1.0,42.46828842163086,8.034605026245117,2.7267885208129883,1.0,1.321985125541687,1.0,1.0,2.10453200340271,1.0,1.0,5.363324165344238,1.2603073120117188,1.0,1.0,1.0783729553222656,1.0,2.21870493888855,1.0,1.0,1.0,1.0,1.6074470281600952,1.0,1.0,1.0,1.0,1.0,1.0,1.0,1.0,1.0,1.0,1.0,1.0,8.530365943908691,6.266733169555664,11.164131164550781,4.6210036277771,6.090733528137207,9.274147987365723,6.6960248947143555,39.4454345703125,12.215680122375488,21.637943267822266,47.4737548828125,5.618537902832031,15.802838325500488
TEST_07+6일,6.224783420562744,54.830196380615234,4.59681510925293,1.5945966243743896,1.1490648984909058,1.819900393486023,1.0,1.0,1.680846095085144,1.0,1.0,1.1579697132110596,1.136975884437561,1.0,1.0,1.0,43.32406997680664,1.0,1.6377780437469482,56.74768829345703,17.442455291748047,1.0,1.0,4.6661601066589355,54.2791748046875,33.07044982910156,23.604862213134766,55.42374038696289,5.469076156616211,5.517155170440674,2.3644912242889404,4.028987407684326,3.1822495460510254,2.547344446182251,9.282273292541504,1.75912606716156,15.84764289855957,3.974221706390381,1.2947447299957275,19.94969940185547,10.891831398010254,1.7897796630859375,5.559839725494385,1.0,2.3067197799682617,2.8479301929473877,1.0,3.1509006023406982,1.0348904132843018,2.8632314205169678,7.105148792266846,1.1876580715179443,6.6183061599731445,1.0,2.915656328201294,1.0,2.1316235065460205,1.2477144002914429,2.807363271713257,1.0618059635162354,4.653581619262695,5.41521692276001,8.486211776733398,7.844668388366699,7.903632640838623,1.0,1.2615966796875,1.0,2.042459726333618,1.0278757810592651,1.208989143371582,1.3454563617706299,1.0,1.0,1.8431636095046997,1.6759802103042603,1.0431822538375854,1.0,1.35421621799469,1.2283873558044434,1.151771068572998,1.0,1.0,1.1308629512786865,1.1617615222930908,1.3346855640411377,1.044050931930542,1.0,1.1611531972885132,1.9479954242706299,33.24506759643555,1.2006995677947998,1.4321078062057495,2.0822231769561768,1.0,1.206889271736145,1.0,1.0702753067016602,9.368268013000488,3.030599594116211,1.0321332216262817,1.3459131717681885,8.755708694458008,1.0,79.15532684326172,10.143107414245605,3.34297776222229,1.6950994729995728,3.6430160999298096,1.0939104557037354,1.4613838195800781,1.285790205001831,1.5620839595794678,1.6064438819885254,1.0,1.2315422296524048,1.5951917171478271,1.1965916156768799,1.5539964437484741,1.1045639514923096,1.3943486213684082,5.240218162536621,1.026210069656372,1,1.0143966674804688,1.0186445713043213,1.0157109498977661,1.0,1.0516002178192139,3.5079336166381836,1.0163981914520264,1.0,34.23120880126953,4.455045223236084,2.1637775897979736,2.579901933670044,1.664994478225708,1.0,1.3469793796539307,5.863006591796875,1.281930923461914,1.0,3.9501428604125977,1.2420302629470825,1.0,1.0,41.571502685546875,7.368691921234131,1.6892873048782349,1.0,1.0,1.0,1.0,1.1618504524230957,1.0,1.0,4.835718154907227,1.0,1.0,1.0,1.0,1.0,1.8644146919250488,1.0,1.0,1.0,1.0,1.7412887811660767,1.0,1.0,1.0,1.0,1.0,1.0,1.0,1.0,1.0,1.0,1.0,1.0,25.757610321044922,16.911325454711914,30.470014572143555,11.673971176147461,19.876745223999023,23.926355361938477,16.103776931762695,112.5191650390625,16.248666763305664,29.019033432006836,62.20664978027344,7.985204696655273,17.12104606628418
TEST_07+7일,6.034931659698486,53.168704986572266,4.9194440841674805,1.6837495565414429,1.156097650527954,1.403127908706665,1.0,1.0,1.401590347290039,1.0,1.0,1.1753216981887817,1.1312357187271118,1.0,1.0,1.0,41.82069396972656,1.0299326181411743,1.6150548458099365,56.121376037597656,16.511878967285156,1.0,1.0,8.340524673461914,57.14095687866211,41.1621208190918,29.51537322998047,66.1473617553711,9.366979598999023,7.358162879943848,4.15915584564209,6.024528980255127,6.398923873901367,4.127755165100098,13.360807418823242,2.9764039516448975,26.547449111938477,5.6802215576171875,2.189661741256714,32.09120559692383,18.320981979370117,2.508434295654297,7.863140106201172,1.5369099378585815,2.9481377601623535,4.304658889770508,1.352879524230957,4.575546741485596,1.8886284828186035,5.011933326721191,11.270201683044434,2.379323720932007,9.317123413085938,1.582780122756958,4.381744861602783,1.4306244850158691,3.24472975730896,2.4233944416046143,4.051313400268555,1.8599785566329956,7.446458339691162,9.072820663452148,13.848389625549316,11.489213943481445,13.136231422424316,1.6980286836624146,2.468670129776001,1.5538429021835327,3.2858893871307373,3.2457146644592285,2.1305181980133057,2.763214349746704,1.0224133729934692,2.083770513534546,3.2011072635650635,3.4515974521636963,2.2404046058654785,1.8190281391143799,2.7298195362091064,2.2672436237335205,2.0793650150299072,1.4615126848220825,1.690360426902771,2.229515314102173,2.353743553161621,2.6494059562683105,1.8987787961959839,1.8301929235458374,2.203461170196533,3.7149765491485596,41.23320770263672,1.5652276277542114,2.030132532119751,3.1950771808624268,1.6116799116134644,1.631630778312683,1.2821406126022339,1.3665324449539185,13.846443176269531,4.078243255615234,1.4075844287872314,1.6350339651107788,17.365196228027344,1.0,88.78588104248047,17.355737686157227,5.789943218231201,2.2522177696228027,4.281111240386963,1.474045753479004,2.288727045059204,1.688865065574646,1.9131510257720947,1.934741735458374,1.253091812133789,1.4460220336914062,2.310337781906128,1.579723834991455,1.9908511638641357,1.4595191478729248,1.8373048305511475,4.640059947967529,1.1234582662582397,1,1.0985970497131348,1.1210105419158936,1.1163554191589355,1.0,1.2003637552261353,4.251362323760986,1.1195025444030762,1.1012012958526611,4.919928073883057,5.306299209594727,2.2845327854156494,3.4059228897094727,1.9559781551361084,1.1850024461746216,1.6208252906799316,7.104797840118408,1.67125403881073,1.0,4.801326751708984,1.4836417436599731,4.717461585998535,1.1730505228042603,73.10223388671875,56.45697021484375,6.760403156280518,1.2913763523101807,3.810964345932007,1.2186657190322876,1.0,11.029839515686035,1.9584757089614868,2.0655221939086914,10.282636642456055,2.7537577152252197,3.9890921115875244,1.889672875404358,4.326330184936523,1.0,5.526871204376221,2.734691858291626,4.133269786834717,1.2086647748947144,1.0,3.495500087738037,1.0,1.0,1.0,1.0,1.0,1.0,1.0,1.0,1.0,1.0,1.0,1.0,53.03065872192383,34.81243133544922,55.65388107299805,25.63448715209961,38.20699691772461,48.5241813659668,33.912384033203125,206.83184814453125,29.860469818115234,36.08732223510742,86.81307983398438,12.298834800720215,33.37602615356445
TEST_08+1일,7.309116840362549,102.41312408447266,6.43045711517334,2.2324373722076416,1.209837555885315,1.7163574695587158,10.318455696105957,3.0300261974334717,3.963125705718994,1.5628899335861206,2.371999502182007,1.3485280275344849,1.6286466121673584,2.3751235008239746,13.720295906066895,2.023386001586914,99.18795776367188,1.3925292491912842,2.0940167903900146,122.30862426757812,39.15497589111328,3.1071407794952393,1.3240020275115967,4.773072242736816,46.527549743652344,49.076210021972656,18.39008140563965,55.5361328125,9.749031066894531,6.346010208129883,4.9493889808654785,5.422857284545898,4.835351467132568,2.670664072036743,3.9787354469299316,4.0436553955078125,29.07242202758789,5.899602890014648,2.4029910564422607,30.092872619628906,17.241073608398438,1.4170660972595215,7.529956817626953,1.377478003501892,1.5349738597869873,2.925452709197998,1.173043131828308,4.608578205108643,1.6630252599716187,5.6456804275512695,11.553606986999512,1.76051664352417,7.627254009246826,1.518818974494934,2.49029541015625,1.5883337259292603,2.3137824535369873,3.0156919956207275,2.731811285018921,1.8994940519332886,7.642300605773926,5.837666988372803,13.732505798339844,12.521269798278809,11.0316743850708,2.7106001377105713,1.6092714071273804,1.8895952701568604,3.7238221168518066,1.872183918952942,3.0205256938934326,2.1312804222106934,2.1594650745391846,1.9293714761734009,4.104568004608154,2.5377471446990967,1.0975741147994995,2.75938081741333,2.8094825744628906,4.618628978729248,2.0460760593414307,2.513258695602417,1.4682148694992065,2.4447438716888428,1.8196344375610352,5.495998382568359,2.704979658126831,3.299501657485962,2.719592809677124,6.862428188323975,44.274208068847656,1.847165822982788,2.403038740158081,3.6567296981811523,1.6899267435073853,2.2476344108581543,1.3234403133392334,1.1198155879974365,18.949413299560547,4.165934085845947,1.8296221494674683,1.4042803049087524,14.58103084564209,1.0,177.5412139892578,39.88542938232422,8.642662048339844,2.7722654342651367,4.149142265319824,1.4888569116592407,2.9182112216949463,1.4062459468841553,2.318058967590332,2.2837414741516113,1.3054168224334717,1.4594905376434326,1.9609485864639282,1.3314356803894043,2.4730327129364014,1.4307799339294434,1.3937221765518188,1.0,1.0,1,1.0,1.0,1.0,1.0,1.0,3.2827162742614746,1.0,1.0,5.6744465827941895,5.156222820281982,2.500779628753662,4.076727390289307,1.6327650547027588,1.3090617656707764,1.6563396453857422,8.018909454345703,2.2911648750305176,1.0037224292755127,5.054407119750977,1.4324246644973755,5.864768981933594,1.0,76.5994644165039,46.75654983520508,11.349209785461426,1.0,5.726751327514648,1.0,1.0,14.231133460998535,1.2075119018554688,1.5609807968139648,25.274139404296875,3.9031593799591064,9.746071815490723,1.0,7.964423179626465,1.4205485582351685,5.627140998840332,4.536259651184082,6.8209052085876465,1.0,1.0,6.826066017150879,1.0,1.0,1.0,1.0,1.0,6.957853317260742,6.7545552253723145,3.727053642272949,3.2104098796844482,4.26462459564209,1.0,3.075883626937866,77.7695083618164,61.44988250732422,107.38094329833984,46.96573257446289,56.841644287109375,85.43977355957031,65.72806549072266,341.4115295410156,77.17859649658203,54.5240592956543,131.0535125732422,40.62104797363281,66.518798828125
TEST_08+2일,2.591660976409912,84.40353393554688,4.101619243621826,1.0,1.0118497610092163,1.0,1.0,1.0,1.0,1.2741036415100098,1.0257693529129028,1.0,1.0,1.0,7.506576061248779,1.383800745010376,75.81732940673828,1.0,1.3353779315948486,105.31171417236328,30.569231033325195,1.5211161375045776,1.0,1.7583415508270264,30.51943588256836,29.072895050048828,9.621004104614258,38.264984130859375,6.038267135620117,3.720660448074341,2.6963791847229004,3.1129066944122314,1.9885807037353516,1.0755046606063843,1.4087419509887695,3.352081775665283,14.938733100891113,2.7074005603790283,1.4072153568267822,15.071203231811523,8.688957214355469,1.0,4.248154163360596,1.0,1.0,1.2631256580352783,1.0,2.5178279876708984,1.0,2.6383683681488037,5.947874069213867,1.0,3.6769235134124756,1.0,1.4808918237686157,1.0,1.336478352546692,1.4464346170425415,1.2716071605682373,1.0,3.4437713623046875,2.8650877475738525,8.0973482131958,7.529276371002197,7.071088790893555,1.0,1.0,1.0,1.2267414331436157,1.0,1.0,1.0,1.0612372159957886,1.0,1.2027692794799805,1.0,1.0,1.0,1.0,1.7632617950439453,1.0,1.0,1.0,1.0,1.0,1.3661609888076782,1.0,1.0,1.0,1.957241415977478,36.34144973754883,1.1678658723831177,1.6258559226989746,2.189713478088379,1.0,1.7028182744979858,1.0,1.0,12.672764778137207,2.5058581829071045,1.0,1.082452654838562,3.394582986831665,1.0,162.41444396972656,29.187824249267578,5.392319202423096,2.02311372756958,3.109854221343994,1.0344626903533936,1.9531898498535156,1.0,1.7503290176391602,1.7182573080062866,1.1312127113342285,1.210240364074707,1.3085836172103882,1.0,1.6147960424423218,1.0,1.0,5.83203125,1.0191103219985962,1,1.0,1.0155001878738403,1.0018906593322754,1.0,1.0321836471557617,3.5534048080444336,1.0141360759735107,1.0,28.997817993164062,5.019063949584961,2.7290823459625244,3.9609498977661133,1.665250539779663,1.2878183126449585,1.616637945175171,7.862824440002441,2.209050416946411,1.0585136413574219,5.018989562988281,1.37124764919281,1.0,1.0,34.86775588989258,1.0,3.0987956523895264,1.0,1.2013723850250244,1.0,1.0,1.0,1.0,1.0,15.016703605651855,1.237117052078247,1.0,1.0,1.0727598667144775,1.0,1.2776151895523071,1.227642297744751,1.0,1.0,1.0,3.8008854389190674,1.0,1.0,1.0,1.0,1.0,1.3321834802627563,1.0,1.0,1.0,1.3473650217056274,1.0,1.0,53.84267044067383,34.600929260253906,80.33072662353516,23.239992141723633,38.03461456298828,49.57476043701172,30.210634231567383,275.8532409667969,59.89787673950195,45.932987213134766,111.80752563476562,36.295597076416016,49.685604095458984
TEST_08+3일,3.1609702110290527,84.44583129882812,4.048749923706055,1.0,1.0,1.0,1.0,1.1743513345718384,1.0,1.2457064390182495,1.0,1.0,1.029174566268921,1.0,9.246931076049805,1.3789095878601074,69.98750305175781,1.0,1.2228460311889648,98.31903076171875,29.281618118286133,1.470824122428894,1.0,2.1404263973236084,32.663482666015625,31.54261589050293,11.183710098266602,38.017913818359375,5.604685306549072,4.219980239868164,3.045957326889038,3.388814926147461,2.230907678604126,1.3105897903442383,2.2027747631073,2.6754417419433594,15.589762687683105,3.447965621948242,1.4053348302841187,17.94097900390625,10.38427448272705,1.0,4.8637590408325195,1.1141035556793213,1.0,1.567539930343628,1.0,2.826169490814209,1.0,3.4181697368621826,6.6678080558776855,1.0,4.573107719421387,1.0,1.3718050718307495,1.0,1.3334025144577026,1.563649296760559,1.535090446472168,1.0154998302459717,4.075252056121826,2.824157238006592,8.547782897949219,8.145339012145996,6.203021049499512,1.6923527717590332,1.1216731071472168,1.209551215171814,2.620866060256958,1.790097713470459,1.9828029870986938,1.2019085884094238,1.64979887008667,1.07356858253479,2.543647050857544,1.6464885473251343,1.0,1.787558913230896,1.4799401760101318,3.0110042095184326,1.27398681640625,1.7908366918563843,1.0,1.5197947025299072,1.0,3.326223373413086,1.8790630102157593,2.191805601119995,1.7331804037094116,4.626591205596924,38.275169372558594,1.136337399482727,1.6001112461090088,2.526339530944824,1.0,1.6976540088653564,1.0,1.0,12.967157363891602,2.6854045391082764,1.0,1.053365707397461,5.673028469085693,1.0,158.14340209960938,28.8635196685791,5.551394939422607,1.9509437084197998,3.0714430809020996,1.0783840417861938,2.055604934692383,1.0039936304092407,1.6241352558135986,1.6813017129898071,1.1277987957000732,1.1740072965621948,1.4709392786026,1.0,1.5416964292526245,1.0,1.0137783288955688,8.709466934204102,1.0121787786483765,1,1.0,1.0032572746276855,1.0026578903198242,1.006553292274475,1.0572971105575562,3.7873752117156982,1.0179516077041626,1.0028549432754517,50.60647964477539,5.113550186157227,2.921217441558838,4.110180854797363,1.758114218711853,1.3612558841705322,1.6910210847854614,8.176687240600586,2.3230667114257812,1.0898548364639282,5.084576606750488,1.4552992582321167,2.708442211151123,1.0,38.32094192504883,1.0,5.091547966003418,1.0,2.7239670753479004,1.0,1.0,5.885622978210449,1.0,1.0828535556793213,17.191741943359375,2.079324960708618,1.6477935314178467,1.0,2.987866163253784,1.0,2.732678174972534,2.3309943675994873,2.6172232627868652,1.0,1.0,4.493478775024414,1.0,1.0,1.0,1.0,1.0,1.7866064310073853,1.0,1.0,1.0,1.3418415784835815,1.0,1.0,35.21144485473633,23.940332412719727,61.05337142944336,16.139545440673828,27.479021072387695,30.02219581604004,19.770694732666016,175.86679077148438,45.6871223449707,31.08888816833496,77.50223541259766,29.903512954711914,36.3356819152832
TEST_08+4일,3.918156385421753,94.09265899658203,4.208943843841553,1.0,1.0941187143325806,1.0,1.0,1.748267650604248,1.3862745761871338,1.2863520383834839,1.3709243535995483,1.0,1.0563985109329224,1.0,11.074606895446777,1.6581779718399048,72.3696517944336,1.0,1.4997057914733887,104.49940490722656,30.501270294189453,1.9013432264328003,1.0,2.0610711574554443,32.804161071777344,29.201656341552734,10.4059476852417,39.385501861572266,5.036475658416748,3.9551613330841064,2.6978561878204346,2.934211492538452,2.1788270473480225,1.2357178926467896,2.1588644981384277,2.7261803150177,14.938034057617188,3.1460421085357666,1.3427386283874512,16.776866912841797,9.7886962890625,1.0,4.605902194976807,1.0,1.0,1.451561450958252,1.0,2.7752397060394287,1.0,3.0391087532043457,5.823089599609375,1.0,4.523595809936523,1.0,1.3236961364746094,1.0,1.2970521450042725,1.4009085893630981,1.4824042320251465,1.0,3.6618008613586426,2.5975682735443115,7.880092620849609,7.8501129150390625,6.133275032043457,2.4014720916748047,1.8952629566192627,1.58254075050354,3.4926013946533203,2.955383062362671,2.681840419769287,2.1368398666381836,1.869362473487854,1.9889965057373047,3.479501724243164,2.689702272415161,1.4382903575897217,2.533651113510132,2.61673903465271,3.8874385356903076,2.0150907039642334,2.3990890979766846,1.402707576751709,2.0729317665100098,1.7551497220993042,4.883342742919922,2.448378801345825,3.057278633117676,2.557180643081665,6.13503885269165,35.80944061279297,1.0037554502487183,1.3783507347106934,1.9582234621047974,1.0,1.4903490543365479,1.0,1.0,11.026484489440918,2.2934389114379883,1.0,1.0,3.5962905883789062,1.0,148.23695373535156,25.131175994873047,4.141018390655518,1.8014854192733765,2.954852819442749,1.0,1.7705402374267578,1.0,1.564638376235962,1.5827763080596924,1.0298502445220947,1.052170991897583,1.2376973628997803,1.0,1.3178590536117554,1.0,1.0,12.163564682006836,1.0161166191101074,1,1.005112886428833,1.0112624168395996,1.007530927658081,1.0,1.0194110870361328,3.946643829345703,1.021281123161316,1.0,56.038490295410156,5.11848783493042,3.072171926498413,4.075092792510986,1.7395235300064087,1.3765387535095215,1.7529497146606445,8.046408653259277,2.267622232437134,1.088077187538147,5.299095630645752,1.434719443321228,1.0,1.0,29.21723747253418,1.0,3.0826308727264404,1.0,1.2437655925750732,1.0,1.0,1.0,1.0,1.0,15.529400825500488,1.1863694190979004,1.0,1.0,1.0,1.0,1.1238491535186768,1.0,1.0,1.0,1.0,3.9839673042297363,1.0,1.0,1.0,1.0,1.0,2.234823226928711,1.0,1.0,1.0,1.7196050882339478,1.0,1.0,30.01357078552246,18.754737854003906,48.72032165527344,10.564532279968262,25.441804885864258,25.017398834228516,13.805673599243164,157.29342651367188,39.06501007080078,29.801015853881836,72.46460723876953,26.354442596435547,32.25627136230469
TEST_08+5일,6.407883644104004,109.19061279296875,4.931127071380615,1.41490638256073,1.233372449874878,1.6737769842147827,9.64571475982666,3.7057223320007324,3.3515758514404297,1.5770736932754517,2.2504055500030518,1.308563470840454,1.419843077659607,2.4730260372161865,16.757369995117188,2.4241139888763428,88.51577758789062,1.3820979595184326,2.0995922088623047,128.60421752929688,37.53763961791992,3.0808122158050537,1.2733702659606934,3.050370216369629,37.45276641845703,35.18875503540039,14.615123748779297,40.33930587768555,6.175384998321533,5.01421594619751,3.740283489227295,3.9156105518341064,3.259000539779663,1.881617784500122,3.164682149887085,2.603739023208618,19.87451934814453,4.5827741622924805,1.6745221614837646,23.012203216552734,13.944165229797363,1.0121127367019653,6.3131513595581055,1.0068973302841187,1.2453980445861816,2.22389817237854,1.0,3.729156017303467,1.275431752204895,4.515831470489502,8.012168884277344,1.1331086158752441,5.8496785163879395,1.1350560188293457,1.6762362718582153,1.1074730157852173,1.705086350440979,1.9535938501358032,1.9425678253173828,1.4911460876464844,5.141844749450684,3.7510874271392822,9.773335456848145,9.944743156433105,7.1415863037109375,2.120029926300049,1.176892876625061,1.4143046140670776,3.0450332164764404,1.0,2.455977439880371,1.0,1.8070701360702515,1.0,3.298279285430908,1.5781779289245605,1.0,2.3317620754241943,1.782110333442688,3.9273383617401123,1.3511625528335571,2.1017374992370605,1.1592270135879517,1.8307290077209473,1.0,4.607722759246826,2.0202362537384033,2.8144612312316895,2.3924038410186768,5.795490741729736,41.005615234375,1.2639676332473755,1.786431908607483,2.860395669937134,1.0,1.6872557401657104,1.1034455299377441,1.0,13.771113395690918,3.525787115097046,1.0,1.0480624437332153,7.596657752990723,1.0,161.29832458496094,31.150880813598633,6.701443672180176,2.2937018871307373,3.5452933311462402,1.1688110828399658,2.539477586746216,1.055573582649231,1.8422662019729614,1.831299066543579,1.117923378944397,1.1656936407089233,1.6120308637619019,1.036142349243164,1.5293893814086914,1.0,1.1050004959106445,20.87649154663086,1.0406488180160522,1,1.011244773864746,1.0387964248657227,1.0178377628326416,1.0,1.0767550468444824,4.383509635925293,1.0362792015075684,1.0244489908218384,77.69804382324219,5.2886247634887695,3.558563470840454,4.336174011230469,1.9402409791946411,1.501899242401123,1.903072476387024,8.516724586486816,2.3513882160186768,1.2493213415145874,5.2837395668029785,1.667797565460205,2.715554714202881,1.0,40.53746032714844,1.0,5.770015239715576,1.0,3.1328396797180176,1.0,1.0,5.8920793533325195,1.0,1.0,19.087068557739258,2.2941126823425293,3.8527672290802,1.0,3.1554031372070312,1.0,2.96235990524292,2.3001208305358887,2.5573947429656982,1.0,1.0,4.82728910446167,1.0,1.0,1.0,1.0,1.0,1.4504796266555786,1.0,1.0,1.0,1.4895411729812622,1.0,1.0,34.803646087646484,20.632957458496094,55.08258819580078,14.285149574279785,28.298561096191406,30.67093849182129,17.569772720336914,166.56304931640625,46.13554763793945,35.24165344238281,99.86260223388672,32.20027542114258,38.9974365234375
TEST_08+6일,7.450763702392578,111.9893569946289,5.3301496505737305,2.1912529468536377,1.4994761943817139,2.549333333969116,11.757545471191406,4.48192024230957,4.3549723625183105,1.5952372550964355,2.749929666519165,1.453119158744812,1.5259613990783691,3.3156020641326904,17.558629989624023,2.224775552749634,96.0808334350586,1.5790513753890991,2.2428929805755615,133.66683959960938,39.783267974853516,3.513016939163208,1.3982529640197754,2.961862564086914,44.005062103271484,40.86944580078125,16.9066104888916,55.29063415527344,8.388619422912598,6.029970645904541,4.791545391082764,4.703403472900391,3.53017520904541,2.1049883365631104,3.151059150695801,3.873337745666504,26.937725067138672,4.804800033569336,2.1413497924804688,29.57024574279785,17.897218704223633,1.2815829515457153,7.430588722229004,1.0,1.4626383781433105,2.590604066848755,1.1494836807250977,4.588092803955078,1.3617284297943115,5.451952934265137,9.421150207519531,1.1226975917816162,7.008644104003906,1.2964773178100586,2.340846300125122,1.3796886205673218,2.25925874710083,2.1122965812683105,2.175082206726074,1.76658296585083,5.878269672393799,4.076937198638916,12.951417922973633,12.21041202545166,9.758337020874023,2.2845287322998047,2.0425407886505127,1.595919132232666,3.376474618911743,3.6458981037139893,2.637610912322998,2.168166399002075,1.9661860466003418,2.048506021499634,3.4315736293792725,2.8441524505615234,1.6489681005477905,2.6040117740631104,2.687718629837036,3.9526193141937256,1.9137489795684814,2.362400770187378,1.3894063234329224,2.273486852645874,1.7156587839126587,4.462481498718262,2.427661895751953,3.062462568283081,2.5950305461883545,6.209882736206055,43.296226501464844,1.4272937774658203,1.917952060699463,2.9911394119262695,1.0,1.6510683298110962,1.200962781906128,1.0248368978500366,14.152702331542969,3.6615495681762695,1.0,1.193882942199707,8.063770294189453,1.0,170.23052978515625,34.62899398803711,6.488381862640381,2.539144515991211,3.8763530254364014,1.3152118921279907,2.625485420227051,1.214651107788086,2.093252182006836,2.146826982498169,1.2413756847381592,1.2981845140457153,1.8320527076721191,1.0866624116897583,1.571022391319275,1.0259658098220825,1.2336721420288086,11.986549377441406,1.0203158855438232,1,1.01345694065094,1.0107649564743042,1.0079437494277954,1.0,1.0709017515182495,3.9731593132019043,1.0309463739395142,1.0102503299713135,45.42559814453125,5.2838616371154785,3.2439982891082764,4.31520938873291,1.8308260440826416,1.3689864873886108,1.7891323566436768,8.567679405212402,2.3507184982299805,1.1803823709487915,5.193696022033691,1.5790913105010986,2.6308438777923584,1.0,41.51749801635742,3.902622699737549,6.247805118560791,1.0,3.0798346996307373,1.0,1.0,6.236492156982422,1.0,1.0,19.83106803894043,2.346496105194092,1.0,1.0,3.2202625274658203,1.0,2.917529821395874,2.2433693408966064,2.7932076454162598,1.0,1.0,4.997410774230957,1.0,1.0,1.0,1.0,1.0,2.8551478385925293,1.0,1.0,1.0732890367507935,2.126145362854004,1.0,1.0,43.349422454833984,25.82927894592285,63.45774841308594,17.86748504638672,35.04396057128906,36.746944427490234,23.50387191772461,172.09161376953125,37.69717025756836,29.806058883666992,76.2153091430664,26.119394302368164,30.649744033813477
TEST_08+7일,12.337786674499512,140.6448516845703,7.820242881774902,4.369441986083984,2.0299017429351807,4.272162437438965,25.57961082458496,7.0958476066589355,7.479497909545898,2.039247512817383,4.054032802581787,2.077634334564209,2.180842399597168,5.628276824951172,25.240768432617188,3.223722219467163,127.53101348876953,2.3488128185272217,3.1300978660583496,173.33326721191406,51.787506103515625,5.105906963348389,2.0873517990112305,5.512446880340576,49.32752227783203,49.18483352661133,23.712862014770508,65.68016052246094,12.351948738098145,7.477781295776367,6.585011959075928,6.336385726928711,6.500730514526367,3.5851922035217285,5.4055376052856445,4.895326614379883,39.257057189941406,6.736454963684082,3.0193233489990234,41.4593620300293,23.339202880859375,1.9763274192810059,9.39617919921875,1.3097304105758667,2.1567742824554443,3.9239814281463623,1.4389193058013916,6.088569641113281,2.180612802505493,7.50238561630249,13.529492378234863,2.3905489444732666,9.399078369140625,1.9742515087127686,3.5269815921783447,2.0156750679016113,3.2276418209075928,3.425971508026123,3.2797038555145264,2.6190834045410156,8.749442100524902,6.929299354553223,18.407840728759766,15.652767181396484,14.636224746704102,3.2796998023986816,2.976184368133545,2.279496908187866,4.478087425231934,3.9364922046661377,3.531492233276367,3.1389100551605225,2.40490984916687,2.905444383621216,4.778415679931641,4.163876056671143,2.0752105712890625,3.6533172130584717,3.8549885749816895,5.102036952972412,2.8383471965789795,3.037667989730835,2.0915591716766357,3.3153133392333984,2.596489906311035,6.043993949890137,3.1063907146453857,3.7161433696746826,3.772738218307495,8.518633842468262,56.4187126159668,2.0473859310150146,2.8655283451080322,4.795462131500244,2.044079065322876,2.3581011295318604,1.5905855894088745,1.4271951913833618,21.499765396118164,5.1298112869262695,1.5471009016036987,1.5871111154556274,18.8615779876709,1.0,172.12940979003906,48.084590911865234,10.699538230895996,3.3152410984039307,5.047920227050781,1.9098657369613647,3.7634449005126953,1.765116572380066,2.5895986557006836,2.691161632537842,1.5410410165786743,1.6216387748718262,2.6766791343688965,1.6516902446746826,2.2443723678588867,1.517665982246399,1.7758877277374268,5.510613918304443,1.0258920192718506,1,1.039191722869873,1.019202470779419,1.0380098819732666,1.0194196701049805,1.1073507070541382,4.530200004577637,1.0521516799926758,1.0219734907150269,1.0,5.829707145690918,3.7149219512939453,4.830140113830566,1.983805537223816,1.6005206108093262,2.006880044937134,9.346181869506836,2.6149091720581055,1.2456399202346802,5.60986328125,1.813905119895935,6.637162685394287,1.0,81.0283203125,51.60725784301758,11.481107711791992,1.0,6.696702003479004,1.0,1.0,16.20842933654785,1.0,1.0,27.763216018676758,4.634088039398193,7.321008682250977,1.0,7.2296833992004395,1.0,6.375856399536133,4.713606357574463,7.400241374969482,1.0,1.0,7.26777458190918,1.0673717260360718,1.933546781539917,1.0,7.068009376525879,1.1984786987304688,9.268043518066406,6.185731887817383,6.5876240730285645,3.929504156112671,4.259381294250488,1.0,5.867711544036865,61.801055908203125,42.95595169067383,81.77854919433594,29.959638595581055,51.129112243652344,59.65770721435547,39.75484085083008,235.85971069335938,55.219444274902344,46.4400749206543,129.67027282714844,36.645652770996094,44.15748596191406
TEST_09+1일,6.950984954833984,64.66988372802734,7.892976760864258,1.9123320579528809,1.1921790838241577,2.3769335746765137,7.250981330871582,4.119514465332031,4.878397464752197,1.0585442781448364,2.4010732173919678,1.2384721040725708,1.4086177349090576,4.398975849151611,16.469423294067383,2.048039197921753,55.53041076660156,1.1505485773086548,1.6388086080551147,60.5788688659668,18.735288619995117,3.6577439308166504,1.2388062477111816,5.229555606842041,48.00336837768555,54.45054626464844,27.68375015258789,76.86984252929688,9.515840530395508,6.939620018005371,3.495710611343384,4.072765350341797,3.6976397037506104,3.846548318862915,6.635181903839111,3.045715570449829,26.903676986694336,4.939215660095215,1.9383164644241333,19.421709060668945,15.372990608215332,1.6010637283325195,7.865704536437988,1.1531589031219482,1.9359887838363647,3.194992780685425,1.1434239149093628,4.2436418533325195,2.1513025760650635,5.03837776184082,8.91857624053955,1.9712786674499512,7.871518135070801,1.7316690683364868,3.2255191802978516,1.6974256038665771,2.0074374675750732,1.9656777381896973,2.93435001373291,1.627015233039856,7.020491123199463,7.977300643920898,14.745429039001465,11.220884323120117,11.742415428161621,1.980855941772461,1.0,1.0,3.3951404094696045,1.0,1.0,1.0,1.0,1.2374004125595093,3.1121110916137695,2.545297145843506,1.0,2.0949718952178955,2.4445104598999023,3.5750162601470947,1.8175681829452515,1.0,2.025771379470825,2.1838114261627197,1.0,1.4173327684402466,1.0754690170288086,1.0,2.420184373855591,3.3116695880889893,66.75767517089844,1.572967529296875,2.389453411102295,3.3300817012786865,1.471492886543274,1.556719183921814,2.05824875831604,1.017250895500183,14.700033187866211,2.8052525520324707,1.3376641273498535,1.0,11.812682151794434,1.0,143.83575439453125,38.598140716552734,12.659707069396973,2.850637197494507,2.975398063659668,1.2629430294036865,2.3638038635253906,1.399481177330017,1.4371002912521362,1.6868351697921753,1.5118167400360107,1.04420804977417,1.9705580472946167,1.2248550653457642,1.642555832862854,1.5674437284469604,1.034873366355896,1.0,1.0,1,1.0,1.0,1.0,1.0,1.0112515687942505,4.4071526527404785,1.0,1.0,13.187124252319336,3.6489319801330566,3.249800205230713,3.09220552444458,1.5809948444366455,1.6359431743621826,1.3224766254425049,7.479419231414795,1.0,1.118701457977295,4.042323589324951,1.8177053928375244,7.706401824951172,1.0,109.80345153808594,89.42634582519531,10.501182556152344,1.0,6.862288475036621,1.0,1.0,16.394527435302734,1.1645731925964355,1.6031789779663086,17.174602508544922,5.788112640380859,18.846832275390625,1.0,8.519720077514648,2.246490240097046,6.876468658447266,4.794392108917236,8.582850456237793,1.0,1.0,8.891913414001465,1.0,1.0,1.0,3.8886160850524902,1.0,1.9025180339813232,4.972952365875244,2.9885759353637695,1.0,6.702054977416992,1.0,2.1233904361724854,48.12742233276367,30.156137466430664,57.62576675415039,14.993511199951172,41.47831726074219,44.80005645751953,20.506935119628906,176.49234008789062,52.224342346191406,28.6477108001709,95.14598083496094,23.24396324157715,34.10676193237305
TEST_09+2일,2.872971534729004,41.136295318603516,5.587815284729004,1.0,1.0,1.0,1.0,1.8822200298309326,1.657381534576416,1.0,1.0,1.0,1.0,1.9100230932235718,5.921260356903076,1.0,25.9349422454834,1.0,1.0,28.238948822021484,8.058733940124512,1.9802035093307495,1.0,3.4006431102752686,35.64058303833008,40.71409225463867,16.92988395690918,56.017372131347656,6.454026222229004,4.694969177246094,2.3975093364715576,3.0789740085601807,3.0075156688690186,2.733732223510742,4.353476524353027,2.33359694480896,19.19017219543457,2.910949230194092,1.5604232549667358,13.973440170288086,9.806089401245117,1.1982543468475342,5.621581077575684,1.7150909900665283,1.303255558013916,2.139357805252075,1.0,3.2332303524017334,1.374458909034729,3.3372368812561035,5.7987260818481445,1.4378365278244019,5.388209819793701,1.1533187627792358,2.410997152328491,1.0274178981781006,1.7477233409881592,1.3991740942001343,1.8932157754898071,1.016098141670227,4.664172649383545,5.778403282165527,10.719467163085938,8.132614135742188,8.055713653564453,1.0,1.0,1.0,1.2716344594955444,1.0,1.0,1.0,1.0,1.0,1.0,1.0,1.0,1.0,1.0,1.2162487506866455,1.0,1.0,1.0,1.0,1.0,1.0,1.0,1.0,1.0,1.0,63.31941223144531,1.2111419439315796,1.7924901247024536,2.220939874649048,1.0,1.4712787866592407,1.871889591217041,1.0,12.07464599609375,1.772740364074707,1.0,1.0,1.0,1.0,136.3504180908203,37.047183990478516,12.355742454528809,2.278585910797119,2.2857460975646973,1.2083393335342407,1.7148408889770508,1.165603756904602,1.0368072986602783,1.345455288887024,1.210189700126648,1.0,1.3825260400772095,1.0,1.3613508939743042,1.3243353366851807,1.0,1.0,1.0,1,1.0,1.0,1.0,1.0,1.0255345106124878,4.021856307983398,1.0,1.0,23.730810165405273,2.9935302734375,2.8142995834350586,2.713759660720825,1.3617695569992065,1.4777235984802246,1.124518632888794,6.878722190856934,1.0,1.0,3.846482038497925,1.5890804529190063,1.0,1.0,61.16238784790039,18.671035766601562,1.978027105331421,1.0,1.2788630723953247,1.0,1.0,1.0,1.0,1.0,7.039699554443359,2.21598219871521,1.0,1.0,1.0,1.0,1.460117220878601,1.0,1.0,1.0,1.0,5.276083946228027,1.0,1.0,1.0,1.0,1.0,1.0,1.0,1.0,1.0,3.347365617752075,1.0,1.0,21.942312240600586,13.554471969604492,25.105846405029297,8.524426460266113,19.894878387451172,20.82296371459961,11.960980415344238,78.10811614990234,46.62997055053711,23.791715621948242,84.00057220458984,19.432083129882812,27.81748390197754
TEST_09+3일,3.025029420852661,40.20191192626953,5.131120204925537,1.0,1.0,1.0,1.0,2.286515951156616,1.5517290830612183,1.0,1.1520994901657104,1.0,1.0,1.9278315305709839,4.338515758514404,1.0,23.30674171447754,1.0,1.0,27.503097534179688,7.151174068450928,1.9403058290481567,1.0,2.8459479808807373,36.440303802490234,38.49064254760742,18.140544891357422,58.75733947753906,5.657423973083496,4.549174785614014,2.1769609451293945,2.5725386142730713,2.525153875350952,2.364215135574341,4.456456184387207,2.049790620803833,16.203336715698242,2.9913454055786133,1.2583906650543213,12.42681884765625,8.6792573928833,1.066109538078308,5.429843902587891,1.6924470663070679,1.2825901508331299,1.9957339763641357,1.0,2.8405613899230957,1.3221278190612793,3.1557843685150146,5.109457015991211,1.1743130683898926,5.264667987823486,1.077759027481079,2.143613576889038,1.0,1.3634669780731201,1.2424476146697998,1.8402856588363647,1.0,4.262955188751221,4.968669414520264,9.46886920928955,7.180479526519775,7.2362751960754395,1.530989408493042,1.005296230316162,1.0,2.8058054447174072,1.8200684785842896,1.0,1.0385777950286865,1.0,1.0701076984405518,2.361440658569336,2.180631399154663,1.0484493970870972,1.5337626934051514,1.8118535280227661,2.793617010116577,1.6082602739334106,1.0,1.5905007123947144,1.7023893594741821,1.0,1.1125539541244507,1.0,1.0,1.9294476509094238,3.004852771759033,61.05323791503906,1.1929913759231567,1.8535774946212769,2.6342921257019043,1.0,1.5446244478225708,1.7053059339523315,1.0,11.980609893798828,2.1671807765960693,1.0242341756820679,1.0,3.578001022338867,1.0,128.10394287109375,33.76383972167969,12.098939895629883,2.2087135314941406,2.4051787853240967,1.1479542255401611,1.9137588739395142,1.135986328125,1.0660111904144287,1.2619253396987915,1.1427801847457886,1.0,1.5343581438064575,1.0,1.428302526473999,1.3273423910140991,1.0,4.923254013061523,1.0,1,1.0,1.0,1.0,1.0,1.058400273323059,4.4764404296875,1.0,1.0,50.750492095947266,3.1539738178253174,3.231476306915283,2.8946874141693115,1.4999070167541504,1.6330411434173584,1.2662872076034546,7.294966220855713,1.0,1.0303089618682861,3.8774077892303467,1.7683731317520142,3.5432333946228027,1.0,66.48429107666016,22.960098266601562,4.327006816864014,1.0,2.9035656452178955,1.0,1.0,5.393643379211426,1.0,1.256157636642456,8.28760814666748,2.8967833518981934,5.981507301330566,1.0,3.0083796977996826,1.0,3.1250898838043213,2.0988047122955322,3.0191152095794678,1.0,1.0,5.2111053466796875,1.0,1.0,1.0,1.627401351928711,1.0,1.0,1.0,1.0,1.0,3.195952892303467,1.0,1.0,21.738319396972656,12.578391075134277,26.63169288635254,6.846581935882568,19.93289566040039,19.081417083740234,9.425419807434082,76.82136535644531,30.848779678344727,15.60228157043457,59.15035629272461,15.611801147460938,17.468454360961914
TEST_09+4일,3.825874090194702,49.52129364013672,6.003289222717285,1.0,1.0,1.0,1.0,3.277371883392334,2.288684844970703,1.0,1.5877670049667358,1.0,1.0,2.3969762325286865,5.784389495849609,1.242820143699646,31.926942825317383,1.0,1.0,35.62455368041992,10.56238842010498,2.5084993839263916,1.0,2.898198366165161,34.25686264038086,37.441402435302734,16.078611373901367,55.91123962402344,5.284728527069092,4.594173908233643,2.0770246982574463,2.521311044692993,2.5666518211364746,2.372271776199341,4.680203437805176,1.9505195617675781,16.254182815551758,2.900067090988159,1.1965574026107788,12.009712219238281,7.822344779968262,1.0937589406967163,5.3622145652771,1.3952280282974243,1.2459880113601685,1.963104248046875,1.0,2.736589193344116,1.3025836944580078,2.9207730293273926,4.723182678222656,1.2280758619308472,5.188692092895508,1.0504754781723022,1.9951815605163574,1.0,1.243017315864563,1.258910894393921,1.7425652742385864,1.0074763298034668,3.9513370990753174,4.989078521728516,8.016928672790527,6.825207233428955,6.645725250244141,1.6418609619140625,1.2059800624847412,1.0,3.109405755996704,1.5395267009735107,1.0,1.2950657606124878,1.0,1.2924542427062988,2.7600483894348145,2.7048146724700928,1.1197006702423096,1.7862401008605957,2.2991766929626465,3.1658506393432617,1.935829520225525,1.0,1.9163320064544678,1.9955297708511353,1.098520278930664,1.3625990152359009,1.0568082332611084,1.0346739292144775,2.2327988147735596,3.671534776687622,60.14474105834961,1.0762070417404175,1.45538330078125,1.9694956541061401,1.0,1.30372953414917,1.6581636667251587,1.0,9.883757591247559,1.5675230026245117,1.0,1.0,1.0,1.0,123.1129150390625,27.445959091186523,9.81881332397461,1.9967557191848755,1.9786231517791748,1.0279597043991089,1.4836795330047607,1.0,1.0,1.1679425239562988,1.0,1.0,1.2780876159667969,1.0,1.1285489797592163,1.0882693529129028,1.0,6.6170759201049805,1.0,1,1.0,1.0,1.0067659616470337,1.0,1.0024715662002563,4.50391960144043,1.0,1.0,49.891597747802734,3.0983688831329346,3.185694456100464,2.822505235671997,1.5005123615264893,1.5667567253112793,1.2560408115386963,7.055387496948242,1.0,1.0123854875564575,3.673133373260498,1.7167161703109741,1.0,1.0,58.9359245300293,10.790772438049316,1.624487280845642,1.0,1.0,1.0,1.0,1.0,1.0,1.0,5.7993316650390625,1.770366907119751,1.0,1.0,1.0,1.0,1.3302451372146606,1.0,1.0,1.0,1.0,4.7734904289245605,1.0,1.0,1.0,1.0,1.0,1.0,1.0,1.0,1.0,3.6531219482421875,1.0,1.0,16.076990127563477,9.009045600891113,18.553083419799805,5.378075122833252,14.38720703125,13.723212242126465,7.4644951820373535,58.81417465209961,22.13768196105957,9.5193510055542,40.31135177612305,9.970902442932129,9.355522155761719
TEST_09+5일,6.942362308502197,68.89768981933594,7.153481483459473,1.0762369632720947,1.0304268598556519,2.148776054382324,7.5848188400268555,5.512353420257568,4.542938709259033,1.209037184715271,2.5222055912017822,1.242548942565918,1.2969329357147217,4.23018217086792,12.10273551940918,2.030427932739258,58.54090881347656,1.184672236442566,1.5595383644104004,63.88209533691406,20.04709243774414,3.816042900085449,1.2932441234588623,2.7169041633605957,33.72626876831055,37.842350006103516,18.256103515625,58.11734390258789,5.255482196807861,4.916357040405273,2.2590036392211914,2.7682416439056396,2.5307106971740723,2.4839305877685547,4.699882507324219,1.9921563863754272,16.658998489379883,3.043450355529785,1.1864287853240967,12.712113380432129,8.503942489624023,1.1780555248260498,5.6504926681518555,1.2350791692733765,1.4439390897750854,1.977798581123352,1.0,2.8554635047912598,1.4011857509613037,3.124485492706299,4.6693010330200195,1.1455875635147095,5.439812183380127,1.0,2.0282773971557617,1.0263986587524414,1.3266940116882324,1.329788327217102,1.7791171073913574,1.0264713764190674,4.108453273773193,5.005735397338867,7.730539321899414,6.92719030380249,6.63969087600708,1.2860281467437744,1.0,1.0,2.7494771480560303,1.0,1.0,1.0,1.0,1.0,2.524414300918579,1.9442073106765747,1.0,1.5080424547195435,1.7530121803283691,2.9634201526641846,1.6992071866989136,1.0,1.6657480001449585,1.6626970767974854,1.0,1.0,1.0,1.0,2.093451738357544,3.217895030975342,64.88227844238281,1.3278262615203857,1.9384489059448242,2.9108917713165283,1.0,1.5097099542617798,1.8311229944229126,1.0,12.387395858764648,2.716899871826172,1.0460885763168335,1.0,4.314523220062256,1.0,136.3670654296875,33.35624313354492,12.337276458740234,2.4227657318115234,2.615494728088379,1.2674094438552856,2.097742795944214,1.1520700454711914,1.1299359798431396,1.428614854812622,1.0909030437469482,1.0,1.6641502380371094,1.0,1.533543586730957,1.2928231954574585,1.0,14.200809478759766,1.0089772939682007,1,1.0,1.0,1.0255266427993774,1.0,1.0647735595703125,4.927972316741943,1.009116768836975,1.0,68.55745697021484,3.3423330783843994,3.6785919666290283,3.1334853172302246,1.719653844833374,1.660580039024353,1.4114289283752441,7.309329032897949,1.0,1.1152369976043701,3.756854295730591,1.8871071338653564,3.5365025997161865,1.0,80.00630950927734,31.879276275634766,4.911538600921631,1.0,3.2878620624542236,1.0,1.0,5.734081268310547,1.0,1.0,9.751110076904297,3.600707530975342,4.563129901885986,1.0,2.7291126251220703,1.071942925453186,3.439201593399048,2.189093589782715,3.2553558349609375,1.0,1.0,6.135626316070557,1.0,1.0,1.0,1.0,1.0,1.0,1.0,1.0,1.0,3.7823235988616943,1.0,1.0,19.191986083984375,10.990562438964844,23.157543182373047,6.135284423828125,15.891064643859863,16.9360294342041,8.532034873962402,70.53502655029297,28.960691452026367,16.19654655456543,59.62653350830078,14.183652877807617,18.95513916015625
TEST_09+6일,7.9836039543151855,73.61273193359375,7.916256427764893,2.0968711376190186,1.3129936456680298,2.689582347869873,10.624300956726074,5.778929710388184,5.190866947174072,1.3838591575622559,2.96701717376709,1.3216842412948608,1.5015267133712769,5.119673252105713,17.641386032104492,2.545931339263916,66.04027557373047,1.43052077293396,1.842320203781128,70.58475494384766,23.31206703186035,4.020563125610352,1.3998531103134155,3.6317992210388184,41.59926223754883,46.99482345581055,21.428348541259766,71.07841491699219,6.527397632598877,5.922793388366699,2.865436553955078,3.318711519241333,2.972996950149536,3.0899035930633545,6.542513847351074,2.62139630317688,21.42230987548828,3.719331979751587,1.4458593130111694,16.37433624267578,11.138651847839355,1.5033243894577026,7.1316728591918945,1.0,1.854039192199707,2.5492982864379883,1.14374840259552,3.6721131801605225,1.8109443187713623,3.802374839782715,6.017148494720459,1.443134069442749,6.966886520385742,1.3651511669158936,2.6094512939453125,1.3718000650405884,1.3998154401779175,1.6347466707229614,2.283339023590088,1.4380292892456055,5.2535223960876465,5.692620277404785,9.551173210144043,8.737212181091309,8.317652702331543,1.5530775785446167,1.158047080039978,1.0,3.330580711364746,1.0,1.0,1.2032015323638916,1.0,1.1050541400909424,2.8389697074890137,2.6276907920837402,1.1536122560501099,1.7816129922866821,2.1595799922943115,3.101834774017334,2.0086753368377686,1.0,1.9036579132080078,1.9966468811035156,1.0400843620300293,1.3128257989883423,1.14833664894104,1.0749400854110718,2.370593786239624,4.006935119628906,68.73220825195312,1.5521970987319946,2.191368341445923,3.3043079376220703,1.0,1.590875506401062,1.8956793546676636,1.0317583084106445,13.489971160888672,2.8416097164154053,1.206874132156372,1.0,4.851707935333252,1.0,134.49114990234375,36.661285400390625,12.448175430297852,2.835165500640869,2.9408953189849854,1.464663028717041,2.2827885150909424,1.412603497505188,1.3302297592163086,1.609480619430542,1.2115073204040527,1.0080398321151733,1.9994874000549316,1.1064631938934326,1.6479490995407104,1.4668993949890137,1.0,8.729925155639648,1.0173852443695068,1,1.008229374885559,1.0070034265518188,1.0184398889541626,1.0,1.0782960653305054,5.2634053230285645,1.0252420902252197,1.0014305114746094,41.38875198364258,3.4170260429382324,3.58925461769104,3.1145853996276855,1.7374553680419922,1.6121609210968018,1.3685671091079712,7.682807922363281,1.0,1.1622061729431152,3.9101524353027344,1.901348352432251,3.1485025882720947,1.0,83.6678466796875,39.093692779541016,4.373863697052002,1.0,2.913660764694214,1.0,1.0,4.725970268249512,1.0,1.0,10.389660835266113,3.5285160541534424,4.120449066162109,1.0,2.2322025299072266,1.1164305210113525,3.362990140914917,1.9491909742355347,2.849083662033081,1.0,1.0,6.859133720397949,1.0,1.0,1.0,1.0,1.0,1.0,1.0,1.0,1.0,5.307538032531738,1.0,1.0,23.23213768005371,13.03739070892334,25.259471893310547,6.909767150878906,18.810815811157227,20.651485443115234,9.716683387756348,80.9541015625,30.392671585083008,14.445513725280762,59.79304122924805,13.6013765335083,16.094358444213867
TEST_09+7일,12.735931396484375,102.63980865478516,11.070808410644531,4.413068771362305,1.9191265106201172,4.704625606536865,27.635297775268555,8.185506820678711,8.186291694641113,1.875352382659912,4.2037672996521,1.865310788154602,2.2060391902923584,8.300488471984863,31.592056274414062,4.138764381408691,103.11032104492188,2.0893983840942383,2.8516101837158203,106.42843627929688,37.22856521606445,5.757746696472168,2.0822157859802246,6.100152015686035,46.15488815307617,52.59764099121094,27.108705520629883,80.64039611816406,9.261971473693848,7.196240425109863,4.315710544586182,4.879183292388916,5.065613269805908,4.499883651733398,9.145990371704102,3.486802101135254,30.571748733520508,5.089842319488525,2.236760139465332,25.514902114868164,15.574222564697266,2.0330312252044678,8.830888748168945,1.1051406860351562,2.4152209758758545,3.6062428951263428,1.3551479578018188,4.792835235595703,2.4841158390045166,5.144932270050049,8.673833847045898,2.3366506099700928,8.583294868469238,1.931291937828064,3.743046998977661,1.8357073068618774,2.1607844829559326,2.4352805614471436,3.191542148590088,2.0533835887908936,7.332266330718994,8.20523738861084,13.723347663879395,11.125763893127441,12.034258842468262,2.308220148086548,1.947845458984375,1.3466811180114746,4.348442077636719,1.160833716392517,1.5728398561477661,1.9144065380096436,1.2528570890426636,1.835750699043274,4.05887508392334,4.073960781097412,1.7862837314605713,2.603402853012085,3.243572235107422,4.2902679443359375,3.0503032207489014,1.44979989528656,2.6160995960235596,3.178945779800415,1.6560739278793335,2.1211423873901367,1.723882794380188,1.5428988933563232,3.5256094932556152,5.8768792152404785,80.0933837890625,2.0921928882598877,3.301708698272705,4.940482139587402,1.5847529172897339,2.2589783668518066,2.2416231632232666,1.3388340473175049,18.92230224609375,3.7338998317718506,1.863646388053894,1.2034560441970825,13.313797950744629,1.0,149.16908264160156,48.726112365722656,15.14618968963623,3.879950761795044,3.792836904525757,1.8874834775924683,3.1519150733947754,1.7743688821792603,1.7483179569244385,2.0635788440704346,1.5578856468200684,1.2641278505325317,2.8128128051757812,1.579642653465271,2.1280672550201416,1.944604516029358,1.3524929285049438,9.400028228759766,1.0791298151016235,1,1.0815590620040894,1.084425449371338,1.0868343114852905,1.0486712455749512,1.165183424949646,6.684196472167969,1.0943838357925415,1.0669610500335693,14.608681678771973,4.226848125457764,4.614971160888672,4.016129493713379,2.1825637817382812,1.9926071166992188,1.7029883861541748,8.957381248474121,1.1866768598556519,1.440796136856079,4.677096366882324,2.372274875640869,7.683785915374756,1.0,131.6759033203125,112.06639099121094,9.309189796447754,1.0,6.422108173370361,1.0,1.0,15.63471794128418,1.0,1.0,16.85029411315918,6.014469623565674,21.22535514831543,1.0,6.537419319152832,2.145892381668091,6.994701385498047,4.516501426696777,7.631897449493408,1.0,1.0,10.527897834777832,1.0,1.0,1.0,7.3666863441467285,1.0,2.9534518718719482,5.918372631072998,5.141669750213623,1.0664305686950684,8.09174633026123,1.0,3.395216703414917,51.61160659790039,32.167381286621094,54.184696197509766,19.792709350585938,39.664398193359375,49.96821594238281,26.011762619018555,181.82321166992188,56.64350891113281,30.859891891479492,114.14962768554688,24.959768295288086,38.4102668762207
