영업일자,느티나무 셀프BBQ_1인 수저세트,느티나무 셀프BBQ_BBQ55(단체),"느티나무 셀프BBQ_대여료 30,000원","느티나무 셀프BBQ_대여료 60,000원","느티나무 셀프BBQ_대여료 90,000원","느티나무 셀프BBQ_본삼겹 (단품,실내)",느티나무 셀프BBQ_스프라이트 (단체),느티나무 셀프BBQ_신라면,느티나무 셀프BBQ_쌈야채세트,느티나무 셀프BBQ_쌈장,느티나무 셀프BBQ_육개장 사발면,느티나무 셀프BBQ_일회용 소주컵,느티나무 셀프BBQ_일회용 종이컵,느티나무 셀프BBQ_잔디그늘집 대여료 (12인석),느티나무 셀프BBQ_잔디그늘집 대여료 (6인석),느티나무 셀프BBQ_잔디그늘집 의자 추가,느티나무 셀프BBQ_참이슬 (단체),느티나무 셀프BBQ_친환경 접시 14cm,느티나무 셀프BBQ_친환경 접시 23cm,느티나무 셀프BBQ_카스 병(단체),느티나무 셀프BBQ_콜라 (단체),느티나무 셀프BBQ_햇반,느티나무 셀프BBQ_허브솔트,담하_(단체) 공깃밥,담하_(단체) 생목살 김치전골 2.0,담하_(단체) 은이버섯 갈비탕,담하_(단체) 한우 우거지 국밥,담하_(단체) 황태해장국 3/27까지,담하_(정식) 된장찌개,담하_(정식) 물냉면 ,담하_(정식) 비빔냉면,담하_(후식) 된장찌개,담하_(후식) 물냉면,담하_(후식) 비빔냉면,담하_갑오징어 비빔밥,담하_갱시기,담하_공깃밥,담하_꼬막 비빔밥,담하_느린마을 막걸리,담하_담하 한우 불고기,담하_담하 한우 불고기 정식,담하_더덕 한우 지짐,담하_들깨 양지탕,담하_라면사리,담하_룸 이용료,담하_메밀면 사리,담하_명인안동소주,담하_명태회 비빔냉면,담하_문막 복분자 칵테일,담하_봉평메밀 물냉면,담하_생목살 김치찌개,담하_스프라이트,담하_은이버섯 갈비탕,담하_제로콜라,담하_참이슬,담하_처음처럼,담하_카스,담하_콜라,담하_테라,담하_하동 매실 칵테일,담하_한우 떡갈비 정식,담하_한우 미역국 정식,담하_한우 우거지 국밥,담하_한우 차돌박이 된장찌개,담하_황태해장국,라그로타_AUS (200g),라그로타_G-Charge(3),라그로타_Gls.Sileni,라그로타_Gls.미션 서드,라그로타_Open Food,라그로타_그릴드 비프 샐러드,라그로타_까르보나라,라그로타_모둠 해산물 플래터,라그로타_미션 서드 카베르네 쉬라,라그로타_버섯 크림 리조또,라그로타_빵 추가 (1인),라그로타_스프라이트,라그로타_시저 샐러드 ,라그로타_아메리카노,라그로타_알리오 에 올리오 ,라그로타_양갈비 (4ps),라그로타_자몽리치에이드,라그로타_제로콜라,라그로타_카스,라그로타_콜라,라그로타_하이네켄(생),라그로타_한우 (200g),라그로타_해산물 토마토 리조또,라그로타_해산물 토마토 스튜 파스타,라그로타_해산물 토마토 스파게티,"미라시아_(단체)브런치주중 36,000",미라시아_(오븐) 하와이안 쉬림프 피자,미라시아_(화덕) 불고기 페퍼로니 반반피자,미라시아_BBQ Platter,미라시아_BBQ 고기추가,미라시아_공깃밥,미라시아_글라스와인 (레드),미라시아_레인보우칵테일(알코올),미라시아_미라시아 브런치 (패키지),미라시아_버드와이저(무제한),미라시아_보일링 랍스타 플래터,미라시아_보일링 랍스타 플래터(덜매운맛),미라시아_브런치 2인 패키지 ,미라시아_브런치 4인 패키지 ,미라시아_브런치(대인) 주말,미라시아_브런치(대인) 주중,미라시아_브런치(어린이),미라시아_쉬림프 투움바 파스타,미라시아_스텔라(무제한),미라시아_스프라이트,미라시아_애플망고 에이드,미라시아_얼그레이 하이볼,미라시아_오븐구이 윙과 킬바사소세지,미라시아_유자 하이볼,미라시아_잭 애플 토닉,미라시아_칠리 치즈 프라이,미라시아_코카콜라,미라시아_코카콜라(제로),미라시아_콥 샐러드,미라시아_파스타면 추가(150g),미라시아_핑크레몬에이드,연회장_Cass Beer,연회장_Conference L1,연회장_Conference L2,연회장_Conference L3,연회장_Conference M1,연회장_Conference M8,연회장_Conference M9,연회장_Convention Hall,연회장_Cookie Platter,연회장_Grand Ballroom,연회장_OPUS 2,연회장_Regular Coffee,연회장_골뱅이무침,연회장_공깃밥,연회장_돈목살 김치찌개 (밥포함),연회장_로제 치즈떡볶이,연회장_마라샹궈,연회장_매콤 무뼈닭발&계란찜,연회장_모둠 돈육구이(3인),연회장_삼겹살추가 (200g),연회장_야채추가,연회장_왕갈비치킨,연회장_주먹밥 (2ea),카페테리아_공깃밥(추가),카페테리아_구슬아이스크림,카페테리아_단체식 13000(신),카페테리아_단체식 18000(신),카페테리아_돼지고기 김치찌개,카페테리아_복숭아 아이스티,카페테리아_새우 볶음밥,카페테리아_새우튀김 우동,카페테리아_샷 추가,카페테리아_수제 등심 돈까스,카페테리아_아메리카노(HOT),카페테리아_아메리카노(ICE),카페테리아_약 고추장 돌솥비빔밥,카페테리아_어린이 돈까스,카페테리아_오픈푸드,카페테리아_진사골 설렁탕,카페테리아_짜장면,카페테리아_짜장밥,카페테리아_짬뽕,카페테리아_짬뽕밥,카페테리아_치즈돈까스,카페테리아_카페라떼(HOT),카페테리아_카페라떼(ICE),카페테리아_한상 삼겹구이 정식(2인) 소요시간 약 15~20분,포레스트릿_꼬치어묵,포레스트릿_떡볶이,포레스트릿_복숭아 아이스티,포레스트릿_생수,포레스트릿_스프라이트,포레스트릿_아메리카노(HOT),포레스트릿_아메리카노(ICE),포레스트릿_치즈 핫도그,포레스트릿_카페라떼(HOT),포레스트릿_카페라떼(ICE),포레스트릿_코카콜라,포레스트릿_페스츄리 소시지,화담숲주막_느린마을 막걸리,화담숲주막_단호박 식혜 ,화담숲주막_병천순대,화담숲주막_스프라이트,화담숲주막_참살이 막걸리,화담숲주막_찹쌀식혜,화담숲주막_콜라,화담숲주막_해물파전,화담숲카페_메밀미숫가루,화담숲카페_아메리카노 HOT,화담숲카페_아메리카노 ICE,화담숲카페_카페라떼 ICE,화담숲카페_현미뻥스크림
TEST_00+1일,9.436511993408203,2.25972056388855,6.597261428833008,2.719022512435913,1.4902992248535156,1.900815725326538,1.0,4.940819263458252,4.464254379272461,1.1308711767196655,1.8449567556381226,1.0,1.1538664102554321,2.712956190109253,17.77484130859375,2.52036190032959,8.927656173706055,2.1356170177459717,2.055420160293579,15.103060722351074,6.5623087882995605,1.7638605833053589,1.1455986499786377,1.0,24.220340728759766,27.13170623779297,8.159335136413574,35.925498962402344,11.42577075958252,3.648595094680786,2.598834276199341,3.1568541526794434,4.203012943267822,3.3295915126800537,1.0,1.0,28.506092071533203,1.0,3.098492383956909,20.656034469604492,18.551891326904297,1.0,1.0,1.9720430374145508,1.0,5.160589694976807,1.0,3.823625326156616,1.6475681066513062,3.192810535430908,12.433751106262207,1.0,6.763373374938965,1.3673175573349,1.5574660301208496,1.5126638412475586,3.2072830200195312,1.0,1.8806109428405762,1.8159061670303345,6.815766334533691,13.176512718200684,17.115354537963867,10.422663688659668,6.507618427276611,1.6737196445465088,2.923431158065796,1.0,2.238924980163574,46.919227600097656,1.7441624402999878,3.277360200881958,1.0,5.525929927825928,2.228972911834717,2.952531099319458,1.6250905990600586,2.836005926132202,1.9993040561676025,4.963670253753662,4.543478488922119,3.711886405944824,1.0,1.4216248989105225,1.9744360446929932,4.111464500427246,3.1522164344787598,1.0,4.093503952026367,5.45120096206665,51.064937591552734,1.0,2.7916359901428223,5.125672340393066,1.0,4.158091068267822,1.0,1.0,24.834217071533203,3.7521345615386963,1.4414070844650269,1.0,1.1755269765853882,2.047274112701416,189.48097229003906,10.59225845336914,37.93607711791992,2.425750494003296,3.3529622554779053,1.7507960796356201,2.2351160049438477,1.0,3.056830406188965,1.5386238098144531,1.2052733898162842,1.0,1.117498755455017,2.4011194705963135,3.0559074878692627,1.8117977380752563,1.0,20.057462692260742,1.2219903469085693,1.0,1.0,1.1373066902160645,1.037803053855896,1.0,1.0369830131530762,2.1853652000427246,1.0,1.0,1.0,2.177234649658203,1.4108153581619263,1.8221632242202759,1.4101290702819824,1.0,1.6145989894866943,3.1236507892608643,1.7073969841003418,1.5281906127929688,5.042348384857178,1.0,6.784416675567627,1.0,94.47286987304688,58.260459899902344,8.847001075744629,3.583949089050293,5.404116153717041,12.439074516296387,1.0,18.414966583251953,1.0,20.70401382446289,14.312553405761719,3.9657514095306396,50.732147216796875,2.7898099422454834,6.05558967590332,1.6778836250305176,8.320828437805176,1.2418466806411743,6.320525169372559,20.887462615966797,1.0,6.54136323928833,1.0,9.43112850189209,1.0,24.248130798339844,1.0,4.543541431427002,3.8900651931762695,1.0,1.0,1.9564580917358398,3.3605148792266846,3.2810423374176025,17.8488712310791,12.18299388885498,21.529054641723633,6.347203254699707,20.061969757080078,22.136884689331055,7.357269763946533,57.201595306396484,40.70199966430664,7.116003036499023,34.48524475097656,10.502435684204102,23.64071273803711
TEST_00+2일,5.330930233001709,23.31414222717285,3.9692296981811523,2.3646600246429443,1.095665693283081,1.0,1.7042657136917114,3.8975424766540527,2.477350950241089,1.4315882921218872,1.939118504524231,1.0,1.2105975151062012,1.6058974266052246,9.58287525177002,1.3948912620544434,8.1803617477417,1.3891985416412354,1.6880913972854614,10.45705509185791,3.8715744018554688,3.117764711380005,1.0173207521438599,2.3418521881103516,42.1828727722168,40.57143783569336,8.254735946655273,30.121213912963867,4.870941162109375,2.9669995307922363,1.932677984237671,1.737261176109314,3.0180766582489014,3.017427921295166,1.0,1.0,14.6574125289917,1.0,1.0,9.490402221679688,6.123524188995361,1.0,1.0,6.202673435211182,2.471585988998413,1.0,1.0,3.1023261547088623,1.4979580640792847,1.041709303855896,10.949311256408691,2.067340612411499,5.697805881500244,1.0,1.0,1.0,1.145634412765503,1.0,1.7850979566574097,1.0639570951461792,5.202974796295166,6.496240139007568,9.21811294555664,9.491613388061523,4.8390398025512695,2.349219560623169,1.0,1.0,1.1923353672027588,1.6702581644058228,1.0,1.0764719247817993,1.0,2.414133310317993,2.2751998901367188,1.595482349395752,1.789698600769043,1.5490556955337524,1.437957763671875,2.138599395751953,1.4426931142807007,1.0,1.0,2.7983102798461914,2.526888132095337,3.8954432010650635,1.0,1.0,3.830193281173706,2.484440326690674,34.35643768310547,1.0451112985610962,1.6106828451156616,4.298059463500977,1.0,2.2871456146240234,1.0272932052612305,1.0,12.76531982421875,4.360641002655029,1.484398603439331,1.0,8.158029556274414,1.6159136295318604,89.08344268798828,80.02601623535156,20.871915817260742,1.2312763929367065,2.4522125720977783,1.0,3.5535504817962646,1.0,1.6773879528045654,1.0,1.0,1.0,1.053950548171997,2.119722843170166,2.2508726119995117,1.0,1.0,23.439592361450195,1.349827527999878,1.0,1.0,1.209786057472229,1.6726895570755005,1.0706977844238281,1.5466604232788086,4.649826526641846,1.5747134685516357,1.0,41.74537658691406,1.3952703475952148,3.109313488006592,1.476596713066101,1.9616305828094482,1.0,1.0901269912719727,3.084963321685791,2.175314426422119,1.1751819849014282,2.670557737350464,1.0,4.616612911224365,7.54356575012207,102.42414093017578,128.60260009765625,6.00920295715332,3.2645044326782227,3.1302976608276367,12.778051376342773,1.2017087936401367,9.162607192993164,2.4214096069335938,12.808354377746582,11.901461601257324,1.8833274841308594,52.86332702636719,2.723381280899048,3.5790135860443115,1.1664637327194214,5.083051681518555,2.1455554962158203,2.377748727798462,10.23016357421875,1.0,3.5014896392822266,1.0,1.0,8.77755069732666,5.605259418487549,1.0,1.0,5.599218845367432,1.0,1.3704673051834106,1.1893200874328613,8.032529830932617,1.0,10.516722679138184,18.910245895385742,20.436677932739258,7.449636459350586,9.44379997253418,13.260649681091309,15.815658569335938,52.411109924316406,25.88631248474121,7.660236835479736,28.39447021484375,9.578082084655762,28.31097984313965
TEST_00+3일,5.625868320465088,20.26041030883789,4.411804676055908,2.647291421890259,1.0,1.7555280923843384,1.1477211713790894,4.6481194496154785,3.5270698070526123,1.3932169675827026,1.2291748523712158,1.3198983669281006,1.0159175395965576,2.3011677265167236,10.379985809326172,2.015819549560547,9.591251373291016,1.710938811302185,2.359154462814331,5.8974289894104,3.5738964080810547,2.7057549953460693,1.5599863529205322,1.0,28.919450759887695,85.52899169921875,6.720154285430908,63.64908981323242,5.027304172515869,3.109384536743164,2.0380895137786865,1.0,2.4104225635528564,1.0,2.3128695487976074,1.0,6.897427082061768,1.29753577709198,1.434531331062317,6.61737060546875,6.66366720199585,1.0,1.0,5.071289539337158,1.5978561639785767,1.0,1.0,1.9581108093261719,1.6745985746383667,1.6440224647521973,4.576023578643799,1.3055784702301025,3.3209128379821777,1.0,1.0,1.5034537315368652,1.1516855955123901,1.0,1.5448745489120483,1.281762957572937,2.577972173690796,5.997391223907471,5.104920864105225,6.6145548820495605,5.427525997161865,2.7580225467681885,1.388413429260254,1.0,1.727761149406433,3.382614850997925,1.0,3.844813823699951,1.0321848392486572,1.8960267305374146,3.1826295852661133,1.3150628805160522,1.3831534385681152,3.922606945037842,1.781315565109253,2.3561205863952637,2.419265031814575,1.5451626777648926,1.0,1.73954176902771,1.8008712530136108,5.111063003540039,1.375967025756836,1.048941969871521,3.9779043197631836,4.14390754699707,120.45386505126953,1.3549716472625732,1.0208008289337158,1.69723379611969,1.0,1.693260908126831,1.0,1.0,7.491936683654785,2.9955894947052,1.2078871726989746,1.0,7.529508113861084,1.5103679895401,49.25376510620117,41.911895751953125,10.623875617980957,1.965182900428772,2.866640090942383,1.2514021396636963,1.3880751132965088,1.0,1.0912317037582397,1.1219403743743896,1.0,1.0,1.0,1.7202248573303223,2.0804882049560547,1.0,1.0,51.59654998779297,1.6679315567016602,1.5667814016342163,1.0,1.719919204711914,1.2030237913131714,1.6888223886489868,1.7070494890213013,3.877920627593994,2.6637449264526367,1.0,208.419677734375,1.165818214416504,2.569298505783081,2.4832093715667725,2.024290084838867,1.0,1.2771955728530884,3.0677642822265625,2.0792691707611084,1.0,2.910085916519165,1.0,6.119582176208496,1.0,111.3658218383789,193.6691436767578,6.139423847198486,3.850691556930542,5.849120140075684,10.161556243896484,1.330981969833374,4.503336429595947,1.0,5.523304462432861,7.750612258911133,1.9499061107635498,47.7054328918457,13.411969184875488,2.802959680557251,1.0,2.60073184967041,2.862816095352173,2.397209644317627,19.16102409362793,1.0,1.0674570798873901,1.0,1.0,1.0,1.0,1.0,1.0,1.0,5.8259711265563965,3.9616994857788086,1.0,4.317428112030029,1.0,9.182698249816895,3.3638832569122314,4.97597599029541,2.0382866859436035,12.001447677612305,6.833104133605957,7.788543224334717,29.011690139770508,24.942495346069336,1.8530503511428833,9.754682540893555,4.072568893432617,8.373316764831543
TEST_00+4일,8.216577529907227,30.670438766479492,3.564072847366333,3.115314483642578,1.0000892877578735,1.0258797407150269,2.348553419113159,4.071221351623535,3.7596945762634277,1.3180619478225708,4.281290531158447,1.0,1.3267368078231812,2.9345388412475586,15.493609428405762,2.250345230102539,2.823758840560913,1.8583027124404907,2.1288769245147705,11.068374633789062,3.0677902698516846,2.386857748031616,1.4881607294082642,6.149864196777344,29.808225631713867,32.657386779785156,19.755172729492188,56.01348876953125,4.580411911010742,1.336185336112976,1.0,1.1083083152770996,4.036794662475586,2.6955573558807373,1.4067622423171997,1.042842984199524,9.356295585632324,1.0,2.193419933319092,9.16546630859375,3.1972250938415527,1.0,1.0,3.720003366470337,1.3940399885177612,1.5031676292419434,1.0713356733322144,2.702214241027832,1.4844660758972168,1.0,6.382089614868164,1.0,2.6362974643707275,1.121454119682312,1.6053637266159058,2.0008623600006104,1.2341549396514893,1.0,1.0561927556991577,1.1870191097259521,1.6820532083511353,7.1489667892456055,4.960878849029541,4.1823296546936035,3.2486870288848877,2.96759033203125,2.278346061706543,1.0,1.0,3.425938606262207,1.0118989944458008,3.684774398803711,1.0,2.355473041534424,2.568387985229492,1.2672274112701416,1.0,1.8555184602737427,2.493544340133667,5.255196571350098,2.7322492599487305,1.4042688608169556,1.0,1.5767855644226074,1.4838929176330566,3.636547565460205,1.6565543413162231,1.0,3.6585726737976074,1.5505919456481934,29.11483383178711,1.4205046892166138,2.014843702316284,2.979776620864868,1.0,2.5415754318237305,1.0725806951522827,1.0,8.643310546875,6.087097644805908,2.2499806880950928,1.0,1.873014211654663,1.3756777048110962,51.248939514160156,46.3956413269043,10.143939018249512,2.294572114944458,5.514277935028076,1.2979923486709595,2.1505019664764404,1.0,2.1448285579681396,1.0,1.2455874681472778,2.2346174716949463,1.2756199836730957,1.559015154838562,3.466887950897217,1.007324457168579,1.0,35.45351028442383,1.8818544149398804,1.4484540224075317,1.0,1.1572508811950684,1.095541000366211,2.2663440704345703,1.0,6.884839057922363,1.6290024518966675,1.0,66.67124938964844,1.8562864065170288,2.280869483947754,2.249222755432129,1.0324184894561768,1.0,1.0,3.7824127674102783,1.3682496547698975,1.3283803462982178,2.758984088897705,1.0,3.4441051483154297,3.7223641872406006,93.43097686767578,96.8708267211914,5.74237060546875,5.188965797424316,2.607628107070923,9.031956672668457,1.0,6.513649940490723,1.0,15.774567604064941,10.265403747558594,1.984668254852295,54.81117248535156,9.29160213470459,2.6971962451934814,1.0,1.4865474700927734,1.8526179790496826,1.7739988565444946,15.736673355102539,1.0,1.0,34.21949768066406,1.0,1.4385360479354858,1.0,1.0,1.0,1.0,6.273014545440674,3.079894542694092,1.0,10.200085639953613,1.0,6.936591625213623,4.873967170715332,6.4239935874938965,3.7218472957611084,7.230851650238037,8.388116836547852,2.782811164855957,26.9321346282959,35.18813705444336,6.216041564941406,18.10199546813965,5.988152027130127,8.337556838989258
TEST_00+5일,8.586712837219238,32.885257720947266,4.236781120300293,3.1060798168182373,1.170369267463684,2.028795003890991,4.9189653396606445,9.764008522033691,2.9933600425720215,1.3265408277511597,3.4617154598236084,1.0,1.9731467962265015,3.2724928855895996,15.366769790649414,1.614951491355896,4.495441436767578,1.288547396659851,2.7013840675354004,29.347158432006836,5.0456953048706055,2.105738639831543,1.183554768562317,11.234249114990234,65.29576110839844,58.378604888916016,22.96150779724121,28.79718780517578,5.789234161376953,5.897582054138184,1.0,3.6718366146087646,3.280290126800537,2.029956340789795,2.100501298904419,1.0,18.308210372924805,1.0,1.7771835327148438,11.911467552185059,9.959712028503418,1.0,1.0,6.417479038238525,1.4268462657928467,1.5635113716125488,1.0,3.2062084674835205,1.4397633075714111,1.719660997390747,5.323975086212158,1.1316825151443481,4.267570495605469,1.0,1.0,1.3030383586883545,1.3045414686203003,1.0,1.6939811706542969,1.3066905736923218,1.2802866697311401,4.915832996368408,3.1148900985717773,6.820169925689697,4.07370138168335,2.4631381034851074,3.0775465965270996,1.0,3.169520378112793,4.228760719299316,3.7533440589904785,5.503256797790527,2.249993085861206,1.439756155014038,8.127961158752441,3.763471841812134,1.4892816543579102,2.1747517585754395,2.8438000679016113,3.5532917976379395,3.775858163833618,2.2795603275299072,1.3129186630249023,2.5032694339752197,1.8773998022079468,6.724674701690674,1.0,1.0585501194000244,4.185344696044922,6.723952293395996,104.14433288574219,1.1467610597610474,1.455980896949768,6.239667892456055,1.0,3.5998659133911133,1.0,1.0,11.729133605957031,4.658429145812988,1.2211461067199707,1.0,1.7840303182601929,1.212604284286499,46.257022857666016,40.55476379394531,8.54533576965332,2.7361412048339844,3.2461092472076416,2.8018176555633545,2.8469882011413574,1.0,1.0,1.0,1.0,1.0960779190063477,1.279707908630371,2.6120336055755615,3.8135852813720703,1.3185895681381226,1.0,45.918724060058594,1.206506609916687,1.2473424673080444,1.0,1.0268521308898926,1.3396522998809814,1.6387591361999512,1.453530192375183,3.4917662143707275,2.3805642127990723,1.0,48.06710433959961,1.6914582252502441,3.2147719860076904,2.6108579635620117,1.6329731941223145,1.0,1.2219316959381104,2.3785393238067627,2.0240204334259033,1.6610016822814941,5.21670389175415,1.0,3.873913049697876,9.662461280822754,97.26436614990234,90.76046752929688,7.636007308959961,6.789721488952637,3.1016123294830322,4.1965532302856445,1.3192366361618042,6.805903911590576,1.0,1.0,9.163467407226562,2.263284206390381,19.781312942504883,5.662940502166748,5.5409040451049805,1.0,2.7714173793792725,4.049054145812988,2.1786186695098877,21.436870574951172,1.0,2.8947958946228027,23.685611724853516,1.0,9.822274208068848,6.801882743835449,1.0,1.0,1.0318946838378906,1.0,1.0,1.0,7.060882091522217,1.0,9.488696098327637,12.221641540527344,7.614398956298828,2.4443206787109375,13.682554244995117,4.901815414428711,6.927783489227295,30.028362274169922,39.15619659423828,4.570057392120361,46.13941192626953,13.783224105834961,23.938430786132812
TEST_00+6일,11.501141548156738,42.592445373535156,9.517916679382324,3.5433411598205566,1.4536800384521484,4.910794258117676,3.2206077575683594,7.0162529945373535,6.6535234451293945,1.8920907974243164,2.280796527862549,1.0,2.8377628326416016,11.406464576721191,35.61713409423828,2.2562127113342285,10.239092826843262,2.335883378982544,2.7173569202423096,10.760111808776855,2.1600987911224365,3.4648330211639404,1.4552935361862183,4.51299524307251,45.480648040771484,65.51225280761719,18.011566162109375,135.93826293945312,5.645445346832275,3.7708961963653564,1.0,3.6689774990081787,7.862610816955566,2.7936019897460938,1.0,1.2093775272369385,26.088642120361328,1.3468838930130005,5.0901055335998535,24.44136619567871,12.146712303161621,1.0,1.0,3.659811496734619,1.0,2.0878865718841553,1.0,3.7615530490875244,3.2862560749053955,1.1469908952713013,11.409780502319336,1.6380771398544312,9.155534744262695,1.0,3.1768956184387207,1.255790114402771,1.2196201086044312,1.0,1.4214105606079102,1.2036598920822144,6.208148002624512,5.0141119956970215,3.518265724182129,11.457112312316895,3.53320050239563,1.5887341499328613,1.0916779041290283,1.0,1.0,3.1060798168182373,1.6037545204162598,4.68248176574707,1.0,3.2134792804718018,2.498993396759033,1.1426888704299927,2.1054646968841553,1.754537582397461,1.7077475786209106,4.067739486694336,2.9153788089752197,1.795365571975708,1.202668309211731,2.8611607551574707,3.946594476699829,2.6220290660858154,4.194493293762207,1.0,4.276702404022217,3.687373638153076,65.54757690429688,1.3960607051849365,2.7372758388519287,6.139197826385498,1.0,1.4920272827148438,1.0,1.0,24.567729949951172,3.0734336376190186,1.571855902671814,1.0,3.3164398670196533,1.2623062133789062,38.10639190673828,69.54109191894531,12.026572227478027,3.4891302585601807,3.64957594871521,1.0,1.8047571182250977,1.0,2.12125563621521,1.0,1.0,1.410378336906433,1.0,1.6675701141357422,1.552760124206543,1.0080116987228394,1.0,38.52549743652344,1.6781203746795654,1.1493651866912842,1.0,1.6853281259536743,1.6742193698883057,1.7088804244995117,2.1084578037261963,10.63355541229248,1.6653014421463013,1.0,65.47489929199219,2.453911304473877,2.403843402862549,2.091756820678711,2.719290256500244,1.0,2.6058804988861084,7.0798187255859375,2.4968297481536865,1.2503148317337036,4.145302772521973,1.0,2.635556936264038,14.02991771697998,129.07252502441406,72.7528305053711,7.310420513153076,6.202545642852783,4.756458282470703,15.529009819030762,1.2044769525527954,8.276996612548828,1.0,14.037137031555176,15.830649375915527,2.9664251804351807,1.0,10.19678783416748,5.861532688140869,1.1999431848526,5.1762261390686035,2.112898588180542,3.1227331161499023,25.167951583862305,1.0,3.650453805923462,109.08848571777344,49.52685546875,1.0,35.87394714355469,1.0,4.236401557922363,1.0,6.387479305267334,1.0,1.0,1.0,5.723302364349365,10.428098678588867,8.763738632202148,15.916369438171387,1.0,17.34415626525879,3.375995635986328,5.490780830383301,25.79831314086914,39.16257095336914,3.8625872135162354,33.63518524169922,8.492545127868652,20.188867568969727
TEST_00+7일,20.791662216186523,27.95949363708496,13.38183879852295,10.19873046875,1.171338438987732,1.8709280490875244,2.5409414768218994,7.813864707946777,5.35964822769165,3.158311367034912,2.4119954109191895,1.400208830833435,2.405656099319458,6.433190822601318,51.58428955078125,5.5218505859375,4.174157619476318,2.3325963020324707,3.8097102642059326,3.8538966178894043,4.669075965881348,6.170259475708008,1.7134422063827515,4.6488938331604,32.527854919433594,36.508880615234375,6.852802753448486,22.39389991760254,5.017477512359619,2.4504454135894775,2.388929605484009,2.8018152713775635,6.115525722503662,4.8253936767578125,1.7919607162475586,1.0,36.77702713012695,1.116320252418518,2.554736852645874,30.723926544189453,5.635541915893555,2.0070793628692627,1.0,5.699373722076416,1.5138534307479858,2.5878632068634033,1.7957069873809814,5.765830039978027,1.7738808393478394,4.615301609039307,13.485568046569824,2.134862184524536,6.833673000335693,1.483786702156067,1.594030737876892,2.269730567932129,3.467174530029297,1.0,2.938504934310913,2.5495636463165283,7.840697765350342,13.22504711151123,16.481327056884766,12.265474319458008,12.024151802062988,6.050987243652344,1.1125175952911377,1.5869572162628174,1.7239900827407837,3.5175323486328125,2.5757203102111816,9.689108848571777,1.0,2.2904727458953857,5.370903015136719,1.9861841201782227,1.0,3.6470046043395996,1.3274967670440674,6.632370948791504,5.483884334564209,1.2810611724853516,1.0,2.614112615585327,2.8392889499664307,8.253747940063477,1.6388721466064453,2.383817434310913,6.008565425872803,6.765555381774902,18.981487274169922,2.3617310523986816,4.790815830230713,12.091191291809082,1.0,2.7535979747772217,1.0,1.0509302616119385,9.670190811157227,10.976554870605469,3.9157187938690186,1.0,7.504368782043457,1.896116018295288,96.90389251708984,29.52090072631836,24.24956703186035,5.077279090881348,3.901899814605713,1.8328015804290771,5.79987907409668,1.3564772605895996,2.373537540435791,2.4410805702209473,1.0,3.003019094467163,2.4660837650299072,4.108700752258301,2.5722644329071045,2.91436505317688,1.0,29.429349899291992,1.86457359790802,1.529670000076294,1.0,1.8222533464431763,1.8034573793411255,1.1278821229934692,1.8704999685287476,5.826601505279541,1.6585426330566406,1.0,98.15972137451172,4.217462062835693,4.2329607009887695,4.859472751617432,3.570361375808716,1.0,3.676039218902588,8.654929161071777,3.8363466262817383,2.6918747425079346,6.73927640914917,1.0,7.022922515869141,1.0,157.9621124267578,101.05039978027344,15.733941078186035,9.653196334838867,10.741047859191895,15.978720664978027,1.1083709001541138,24.112545013427734,15.533553123474121,7.814547538757324,35.86409378051758,7.451080322265625,41.24720001220703,4.155746936798096,12.560585975646973,1.1268341541290283,8.34249496459961,2.5525193214416504,6.854963302612305,15.847399711608887,1.1352399587631226,7.781653881072998,25.10159683227539,1.0,1.1769020557403564,10.384242057800293,1.0,2.5976171493530273,14.361878395080566,1.0,1.0473030805587769,2.802586793899536,6.776534557342529,7.554952621459961,28.26085090637207,21.443511962890625,18.44672203063965,8.700309753417969,37.04941177368164,19.93949317932129,11.838607788085938,67.6970443725586,73.66212463378906,5.847009658813477,69.09793853759766,12.865867614746094,31.7171688079834
TEST_01+1일,6.589668273925781,26.328481674194336,13.398537635803223,3.4745912551879883,1.1547363996505737,2.670414924621582,1.0,4.833816051483154,6.654334545135498,1.0,1.2697250843048096,1.0,1.0,3.8697896003723145,28.892087936401367,3.1392505168914795,24.617481231689453,1.0,1.4254486560821533,17.292194366455078,8.181161880493164,1.0,1.1420648097991943,1.0,1.0,10.07237720489502,14.839956283569336,26.94953727722168,3.9340124130249023,7.280309677124023,3.947434902191162,6.809988021850586,5.023591995239258,4.350955009460449,1.1564409732818604,1.0,52.40117645263672,1.0,4.131409168243408,36.40257263183594,10.17656421661377,1.0,1.0,1.0,1.3676834106445312,3.817254066467285,1.0,4.9926862716674805,2.593437671661377,9.325477600097656,8.643797874450684,2.4503164291381836,4.234047889709473,1.0,2.7987077236175537,2.1853199005126953,2.688136339187622,1.0,3.162935972213745,1.9744031429290771,13.327899932861328,10.297624588012695,16.380346298217773,7.642363548278809,15.009439468383789,1.0,1.0,3.155625343322754,4.62282657623291,1.0629160404205322,2.47631573677063,1.3042385578155518,1.8577250242233276,1.0669562816619873,1.6757673025131226,3.3843936920166016,1.0,3.4947986602783203,1.0,3.997675895690918,3.651512384414673,1.3003637790679932,2.76507568359375,2.2811992168426514,1.278219223022461,2.320974826812744,2.6826014518737793,1.6378860473632812,1.5520809888839722,5.98493766784668,5.428064823150635,1.3814231157302856,3.9915738105773926,7.399405002593994,1.577328085899353,2.91087007522583,1.0,1.0,25.28068733215332,5.125070571899414,1.5477067232131958,2.269756555557251,5.459694862365723,1.0,208.98257446289062,1.0,63.128787994384766,2.2089242935180664,2.424926519393921,1.3848365545272827,3.5067312717437744,1.0549602508544922,2.58872389793396,1.0,1.5909838676452637,1.7049306631088257,4.363342761993408,2.505458116531372,3.8167593479156494,3.1556575298309326,1.0,14.550558090209961,1.0,1.0,1.0,1.0,1.0,1.0,1.0,1.4971942901611328,1.0,1.0,1.0,6.888986110687256,5.12251615524292,5.699065208435059,3.0881803035736084,2.1872799396514893,1.7160578966140747,5.212156295776367,1.7297708988189697,2.797250986099243,9.345918655395508,2.581174612045288,9.624211311340332,1.0,41.593475341796875,24.250789642333984,10.793295860290527,10.575637817382812,11.623612403869629,8.61026668548584,1.0,23.89866065979004,1.0,9.096352577209473,13.128096580505371,8.798778533935547,24.811155319213867,1.0,11.382697105407715,1.2146825790405273,6.882831573486328,3.41300630569458,8.577265739440918,1.3216159343719482,1.0,14.224323272705078,1.0,18.78373146057129,1.0,31.50166893005371,1.0,1.0,12.422392845153809,11.317914962768555,1.9553923606872559,2.787519931793213,3.28881573677063,1.0,16.215892791748047,6.734212875366211,19.1377010345459,8.30284595489502,24.46917724609375,14.915457725524902,14.966288566589355,43.10636520385742,30.487558364868164,4.082942962646484,38.039947509765625,6.935130596160889,43.06608581542969
TEST_01+2일,7.67379903793335,22.935352325439453,6.642417907714844,3.3834445476531982,1.9032846689224243,3.5664308071136475,2.728977918624878,4.7219414710998535,7.078155517578125,1.0,1.6812832355499268,1.0,1.1102032661437988,3.7883894443511963,11.351152420043945,2.0829050540924072,9.419042587280273,1.0,1.0817805528640747,16.85320472717285,3.71193790435791,2.6520373821258545,1.0,1.0,14.963188171386719,14.205477714538574,12.793699264526367,11.136632919311523,3.3728373050689697,4.150578022003174,1.0,9.359732627868652,5.7475199699401855,5.0025458335876465,1.0,1.0,44.37481689453125,1.0,1.7185018062591553,35.46361541748047,6.625301837921143,1.2402135133743286,1.0,3.9889302253723145,2.4442338943481445,4.301147937774658,1.2561954259872437,1.4241911172866821,1.9757412672042847,2.172720432281494,8.607182502746582,3.112548828125,2.933793783187866,1.0925711393356323,3.4172849655151367,1.0,1.859720230102539,1.2981657981872559,2.7758116722106934,1.4156129360198975,10.98202133178711,7.745823860168457,17.43467903137207,9.896489143371582,8.64161491394043,3.7480123043060303,1.0,3.635509729385376,5.663722515106201,1.0,1.0,1.0,1.4981769323349,2.100482225418091,3.5219931602478027,2.11245059967041,1.0,2.5968103408813477,1.0,2.425218105316162,2.649289608001709,1.7525386810302734,2.462151527404785,5.843979358673096,1.2113691568374634,3.851618528366089,1.0,2.778494358062744,1.687938928604126,3.5868775844573975,9.456409454345703,3.263977289199829,6.2260637283325195,8.052633285522461,1.9989358186721802,1.032546043395996,2.9094173908233643,1.3546216487884521,32.28431701660156,4.3093061447143555,1.4997223615646362,2.3796019554138184,13.187227249145508,1.0424089431762695,60.048011779785156,9.326412200927734,41.52473831176758,7.016049385070801,4.439634323120117,4.418765068054199,5.500156879425049,1.0,4.071366310119629,1.7011713981628418,1.2008501291275024,3.3106367588043213,6.153205394744873,2.145531177520752,2.979081869125366,2.8686842918395996,1.0,19.301069259643555,1.0,1.0,1.0,1.0,1.0,1.0,1.0982383489608765,1.0,1.0,1.0,1.0,3.746870279312134,4.192511558532715,5.7945075035095215,4.131168842315674,2.152076482772827,1.6717113256454468,6.641023635864258,2.2075254917144775,1.7309283018112183,7.089169979095459,3.280195713043213,7.557684898376465,1.0,49.69478988647461,61.168094635009766,13.347983360290527,6.739804267883301,10.746783256530762,8.09736156463623,1.0,13.918116569519043,10.922680854797363,4.022633075714111,24.70183563232422,11.971192359924316,20.105215072631836,1.0,19.08484649658203,1.8901394605636597,7.499613285064697,1.7043365240097046,7.862151145935059,1.0,1.0,10.34383487701416,1.0,1.0,16.91268539428711,11.092376708984375,14.345480918884277,1.0,8.877239227294922,4.731991291046143,2.9296107292175293,4.338986396789551,1.0,1.0,11.215776443481445,13.615569114685059,17.503232955932617,5.943023681640625,11.028847694396973,16.322240829467773,13.849397659301758,51.92810821533203,19.1459903717041,7.455524444580078,26.840015411376953,5.997183799743652,28.376766204833984
TEST_01+3일,5.002943515777588,27.978609085083008,4.4366984367370605,1.3649907112121582,1.064772605895996,2.027817964553833,3.484243154525757,5.718113899230957,2.729673385620117,1.0,1.2698653936386108,1.0,1.0,2.584465980529785,6.877102375030518,3.5446720123291016,10.707529067993164,1.0,1.4997745752334595,21.068058013916016,7.715795993804932,1.8455005884170532,1.0,1.490262746810913,14.903708457946777,13.907873153686523,12.173782348632812,15.298105239868164,5.748379230499268,4.1569929122924805,1.8717808723449707,5.815821170806885,3.3314642906188965,1.6110913753509521,1.0,1.0,36.1469841003418,1.488887906074524,1.4960310459136963,26.803836822509766,10.204330444335938,1.4492214918136597,1.0,2.354306697845459,2.2416832447052,4.077020645141602,3.220550298690796,4.953069686889648,2.7985687255859375,5.885998249053955,7.333877086639404,1.83722984790802,5.5266642570495605,1.0,5.147656440734863,1.9388844966888428,1.5845370292663574,2.2728517055511475,3.3056235313415527,1.5459011793136597,12.27180290222168,4.718504428863525,6.4021453857421875,11.693215370178223,11.791402816772461,1.6088663339614868,1.0,1.9465454816818237,8.20015811920166,1.0980455875396729,2.3520100116729736,1.0,1.0,1.155900239944458,1.0,2.0539910793304443,1.0,3.538586378097534,1.6006875038146973,1.4560452699661255,2.195176124572754,2.3192403316497803,1.8922362327575684,1.4954310655593872,3.090485095977783,4.5408935546875,1.408161997795105,1.0,1.644944429397583,4.2662482261657715,4.051320552825928,2.871840238571167,1.491445779800415,4.369919776916504,2.885106325149536,1.6062297821044922,1.464468240737915,1.0,30.593053817749023,2.6683127880096436,1.1635252237319946,1.0864214897155762,7.1329731941223145,2.2818901538848877,38.976287841796875,3.30910325050354,37.8765754699707,2.5450122356414795,6.994955062866211,1.0,2.3623838424682617,1.0,1.668559193611145,1.0,1.0,1.0,1.8573113679885864,1.7728079557418823,1.9554816484451294,2.1036674976348877,1.0,21.629621505737305,1.0,1.0,1.0,1.0,1.6711831092834473,1.0,1.0,3.4738388061523438,1.0,1.0,65.75239562988281,5.104809284210205,5.558485984802246,4.704480171203613,1.9327986240386963,1.3251763582229614,1.3753055334091187,4.9054365158081055,1.7856266498565674,1.0,5.652532577514648,1.873084306716919,4.253530502319336,1.0,46.97560501098633,46.07037353515625,8.251749992370605,7.819458961486816,7.1784868240356445,2.74641489982605,1.0,10.074528694152832,1.0,1.0,13.914566040039062,1.9199578762054443,23.315332412719727,8.351386070251465,7.399025917053223,1.0,5.901853084564209,1.8698638677597046,5.581430435180664,1.0,1.0,10.214454650878906,1.0,1.0,1.0,1.0,1.0,1.0,4.216994762420654,20.935840606689453,4.599245548248291,3.1143205165863037,6.025252342224121,1.0,4.969044208526611,8.61597728729248,4.281859874725342,3.126028060913086,5.17391300201416,5.962644577026367,8.292898178100586,29.36133575439453,26.76934051513672,3.1917033195495605,20.997974395751953,11.914072036743164,28.74601936340332
TEST_01+4일,9.322750091552734,23.80683708190918,9.322408676147461,2.1653640270233154,1.7553308010101318,3.085418939590454,3.544328451156616,4.9937238693237305,4.059197425842285,1.3845692873001099,2.5404253005981445,1.0,1.4071574211120605,4.5833868980407715,15.872856140136719,3.9641640186309814,5.742565155029297,1.0,3.583056926727295,11.986863136291504,2.310981273651123,2.499992609024048,1.0,6.3512163162231445,5.928772926330566,12.587910652160645,33.51667785644531,21.76618003845215,4.414803981781006,3.936722993850708,1.1320931911468506,8.188594818115234,5.650698661804199,2.315977096557617,1.0,1.0,43.782169342041016,1.0,3.471944808959961,37.79174041748047,5.532383918762207,1.684117078781128,1.0,2.0592453479766846,1.0675240755081177,2.252727508544922,2.0186233520507812,3.7802412509918213,2.9911043643951416,4.592661380767822,4.811321258544922,2.219801664352417,5.712573051452637,1.0,6.7069854736328125,3.0892887115478516,7.761186122894287,1.139776349067688,1.6129015684127808,2.6203529834747314,7.978487014770508,4.597391128540039,4.274303436279297,6.635171413421631,3.2985739707946777,1.583054780960083,1.0,2.4140331745147705,3.2731380462646484,1.0,2.2303109169006348,1.0,1.750862956047058,1.220615267753601,2.378664970397949,3.1106085777282715,1.0,3.8752357959747314,1.2385674715042114,2.9716873168945312,2.3273253440856934,1.982745885848999,3.3442888259887695,1.0454388856887817,1.5287715196609497,2.231869697570801,1.0,2.0436484813690186,1.4316458702087402,2.9591851234436035,9.479926109313965,1.2189573049545288,3.693523406982422,1.928931713104248,1.0,1.5638244152069092,1.663920521736145,1.0,27.27998924255371,3.9285707473754883,2.269192934036255,3.016232967376709,8.163888931274414,1.0,21.579282760620117,1.185513973236084,36.32246017456055,1.373395562171936,4.184788227081299,1.479736328125,3.1915855407714844,1.0,1.5568480491638184,1.0,1.0,1.0,5.226957321166992,1.4428026676177979,3.947568655014038,3.9636728763580322,1.0,25.922868728637695,1.0,1.0,1.0,1.0,1.6468303203582764,1.0,1.0,4.2693190574646,1.0,1.0,74.93997955322266,8.185330390930176,7.687493801116943,7.335655689239502,2.657957077026367,4.480671405792236,5.263943195343018,5.743954181671143,1.9571397304534912,1.8806322813034058,6.398369789123535,2.0804808139801025,4.885066509246826,1.1364095211029053,28.03753662109375,33.37067413330078,7.092011451721191,9.999643325805664,4.755602836608887,1.0,1.0,8.092411041259766,10.344667434692383,12.019309997558594,14.575216293334961,3.4460692405700684,4.1394524574279785,4.739923477172852,6.605042934417725,1.8506990671157837,5.289256572723389,2.892245292663574,4.565329551696777,1.0,1.0,9.845247268676758,1.0,1.0,1.0,7.760597229003906,1.0,1.0,3.3933966159820557,1.0,1.0,1.0,10.601231575012207,11.56333065032959,3.9870972633361816,1.0,2.257445812225342,3.9798426628112793,6.478874683380127,7.33198356628418,4.968476295471191,27.276222229003906,39.293296813964844,1.8637373447418213,23.789579391479492,5.370702743530273,12.94217586517334
TEST_01+5일,7.12499475479126,25.119121551513672,7.046839714050293,1.408201813697815,1.4762778282165527,2.8588266372680664,5.72916841506958,9.268884658813477,3.213081121444702,1.0,2.436795473098755,1.0,1.0,19.052810668945312,26.714859008789062,4.083076477050781,9.035343170166016,1.0,1.3388887643814087,21.705087661743164,7.9120330810546875,2.193325996398926,1.0,7.962531566619873,21.636367797851562,20.320621490478516,21.183637619018555,11.656200408935547,5.365194797515869,11.287863731384277,2.8884713649749756,5.899226665496826,4.317287921905518,3.03590989112854,2.8164775371551514,1.0,47.53734588623047,1.0,2.6846585273742676,26.315664291381836,14.227676391601562,1.6049667596817017,1.0,2.286179304122925,1.7732561826705933,1.8662140369415283,1.1201797723770142,2.8690667152404785,1.7093889713287354,6.888812065124512,13.921205520629883,1.9658873081207275,5.730678081512451,1.0,4.4366044998168945,4.597533226013184,3.238248825073242,1.5245320796966553,2.6357524394989014,1.8951950073242188,9.087118148803711,3.954829216003418,10.777166366577148,13.294905662536621,7.396770477294922,2.6895060539245605,1.3957046270370483,1.947754144668579,3.4841935634613037,1.4007827043533325,1.0,1.0816645622253418,2.244598388671875,1.1262297630310059,3.830470561981201,2.756395101547241,1.0,3.600159168243408,1.0,2.885617971420288,4.7471842765808105,1.296205759048462,2.1524665355682373,1.1192023754119873,1.0,1.9244331121444702,1.0,1.2284082174301147,1.5224740505218506,5.967449188232422,1.0,3.2739481925964355,5.880404472351074,9.628239631652832,2.618515729904175,2.9212944507598877,1.5483070611953735,1.0,29.216894149780273,13.635489463806152,1.5697177648544312,1.8160405158996582,10.130087852478027,1.0,20.7304630279541,1.0,44.07456588745117,3.96840238571167,5.150130748748779,1.994863510131836,3.8823401927948,1.0,1.4737235307693481,1.0,1.0,3.276958465576172,9.016972541809082,1.6826369762420654,2.8558788299560547,2.4140403270721436,1.0,31.153980255126953,1.0,1.0,1.0,1.0,1.0,1.0,1.0,1.6572355031967163,1.7272086143493652,1.0,42.02638626098633,7.920854091644287,4.4953718185424805,7.155458450317383,2.810567617416382,4.374635219573975,5.925820827484131,15.310582160949707,1.9112520217895508,2.2606558799743652,9.846658706665039,3.7891814708709717,7.979127407073975,1.0,32.28020477294922,46.09003829956055,11.099342346191406,10.144438743591309,10.367354393005371,3.344148874282837,1.0,19.22322654724121,1.0,1.0,25.08199691772461,8.617523193359375,1.0,1.0,13.2102632522583,2.1117775440216064,6.143707752227783,5.5323872566223145,5.886315822601318,7.370975017547607,1.0,16.263591766357422,1.0,1.0,13.37580394744873,24.1799373626709,12.393808364868164,1.0,19.97292709350586,4.300881385803223,1.0,1.1799386739730835,1.0,18.2625732421875,15.754985809326172,7.410470008850098,11.457158088684082,8.485475540161133,14.1331787109375,12.59419059753418,6.234424114227295,45.37052917480469,37.231502532958984,6.213204383850098,40.72381591796875,15.251933097839355,39.20028305053711
TEST_01+6일,5.633060455322266,38.448307037353516,10.354061126708984,3.380758762359619,1.1151034832000732,3.848606824874878,5.341796398162842,2.3341400623321533,3.148646354675293,1.0,2.0447702407836914,1.0,1.0,6.141939163208008,27.134302139282227,2.680265188217163,9.840566635131836,1.0,1.5621585845947266,14.03349781036377,1.8352904319763184,2.334426164627075,1.0,3.8912782669067383,14.380827903747559,20.192340850830078,24.056917190551758,22.942485809326172,3.4783554077148438,4.8538384437561035,2.743610143661499,8.590476989746094,5.081892967224121,1.9114837646484375,1.663343906402588,1.0,47.1679801940918,1.9631153345108032,3.840606451034546,42.89565658569336,6.488790988922119,2.062375545501709,1.0,2.6026787757873535,1.5321762561798096,4.069430828094482,1.6456016302108765,5.425991535186768,2.5712461471557617,5.840081214904785,7.956775665283203,1.6813514232635498,5.84127140045166,1.0,5.294223308563232,3.8894190788269043,3.8389296531677246,1.8279905319213867,1.5614969730377197,1.2081592082977295,10.36074161529541,8.825185775756836,16.197002410888672,11.533208847045898,6.7752838134765625,3.1309149265289307,1.0,3.951756477355957,6.453619956970215,1.6523493528366089,3.863912343978882,1.0,1.743911862373352,1.173844337463379,8.191967964172363,1.2043269872665405,1.0,5.440082550048828,1.2955094575881958,3.0081889629364014,4.945591926574707,2.841493606567383,6.026854038238525,3.3227875232696533,2.202565908432007,3.6572844982147217,1.0,1.1008000373840332,2.3309149742126465,5.533316135406494,7.909400939941406,1.6015175580978394,3.9284250736236572,12.33201789855957,3.5957393646240234,1.8212945461273193,1.4425445795059204,1.0,33.386844635009766,4.4991278648376465,1.156546950340271,1.5102920532226562,11.639073371887207,1.0,11.484606742858887,3.7692840099334717,52.21493148803711,3.413147449493408,9.9664945602417,1.2741937637329102,4.560652256011963,1.0,1.455300211906433,1.0,1.156164526939392,1.0935254096984863,4.720814228057861,2.0267655849456787,1.473851203918457,2.450943946838379,1.0,25.83900260925293,1.0,1.0,1.0,1.47334623336792,1.0,1.0,1.0,5.114707946777344,1.5136256217956543,1.0,83.42683410644531,5.469622611999512,1.1912593841552734,4.541895389556885,2.5091378688812256,2.667680263519287,3.867225408554077,11.851036071777344,1.4732152223587036,1.0,8.813048362731934,2.44058895111084,6.059401035308838,1.0,63.43813705444336,37.33082962036133,8.999320983886719,10.902643203735352,7.619479656219482,5.319056510925293,1.0,20.90326499938965,1.0,6.742450714111328,21.250926971435547,9.144917488098145,1.0,5.265501976013184,15.762537956237793,1.0,8.472308158874512,1.0,10.23046588897705,13.40899658203125,1.0,13.319220542907715,49.717002868652344,33.66290283203125,7.405024528503418,21.16724395751953,1.0,1.0,1.0,1.0,1.2418432235717773,2.6213135719299316,1.0,2.2528767585754395,13.465093612670898,11.348005294799805,16.541885375976562,2.444854259490967,22.348318099975586,6.0220746994018555,7.1461100578308105,36.21893310546875,46.66340637207031,2.8821864128112793,35.31061935424805,10.37679672241211,25.08095359802246
TEST_01+7일,11.710426330566406,21.855396270751953,15.094367980957031,7.36138916015625,2.013981342315674,3.1242668628692627,1.2169034481048584,6.616125583648682,6.666998386383057,1.2990777492523193,3.4646854400634766,2.1540987491607666,1.0,8.035816192626953,35.8122673034668,5.064451694488525,9.374802589416504,1.0,3.8516342639923096,2.6818292140960693,1.8635008335113525,2.0017995834350586,1.0,4.580550193786621,1.0,15.122142791748047,12.158135414123535,8.771187782287598,7.621148586273193,9.185081481933594,2.5032646656036377,9.663840293884277,8.381094932556152,2.918609857559204,2.3371176719665527,1.0,67.12020874023438,1.0,4.173790454864502,53.584625244140625,18.56502914428711,2.8826658725738525,1.0,1.8831214904785156,1.6191778182983398,4.227062225341797,1.5256942510604858,3.8570287227630615,3.385699987411499,4.576186180114746,13.853373527526855,3.9051527976989746,4.9782819747924805,1.8668266534805298,3.9655649662017822,3.2880184650421143,5.8592848777771,2.3196263313293457,1.69173264503479,3.9406683444976807,21.211483001708984,6.863427639007568,11.564229011535645,15.820723533630371,11.10404109954834,4.016358375549316,1.273584008216858,4.286549091339111,2.8843541145324707,1.0,1.6650526523590088,1.235075831413269,1.9587345123291016,1.103292465209961,5.405947208404541,4.180713653564453,1.0,4.075570106506348,1.0,5.475500583648682,3.1733622550964355,2.9382169246673584,2.921649217605591,2.0090994834899902,1.820657730102539,6.150999069213867,2.5709450244903564,3.9209704399108887,3.1255648136138916,6.842230796813965,5.247984886169434,2.925910234451294,6.173799514770508,13.17406177520752,2.76499342918396,3.02712345123291,2.266528844833374,1.0,15.95168685913086,10.78298568725586,2.942898988723755,1.3510991334915161,12.06761646270752,1.0,58.36310577392578,1.6689586639404297,41.62958908081055,5.223226070404053,7.2796759605407715,1.2754712104797363,4.483640193939209,1.0,3.2256407737731934,1.0,1.3931550979614258,3.1575839519500732,4.797359943389893,4.435906887054443,4.503715991973877,3.8551394939422607,1.0,22.02557945251465,1.0,1.0,1.0,1.0,1.1671020984649658,1.0,1.0,4.010897636413574,1.0,1.0,41.71357727050781,6.259769916534424,5.154589653015137,4.618054389953613,4.609673023223877,3.407639741897583,3.2542731761932373,7.447602272033691,1.9772318601608276,1.0708335638046265,9.183767318725586,5.342867851257324,4.7402448654174805,1.0,36.93370819091797,28.14543342590332,13.441035270690918,15.50753116607666,9.067867279052734,11.125749588012695,1.0,24.602357864379883,19.176759719848633,6.812198162078857,23.129894256591797,7.235515594482422,27.366802215576172,1.0,20.2396297454834,1.99830162525177,7.463711261749268,2.8245046138763428,12.438675880432129,2.610434055328369,2.3862061500549316,20.615129470825195,1.0,1.0,1.0,25.75075912475586,17.617109298706055,1.7416024208068848,11.058123588562012,3.657489061355591,1.0,2.37473726272583,12.023430824279785,7.543159008026123,19.653457641601562,13.64437198638916,16.12428855895996,9.504810333251953,29.379268646240234,12.675715446472168,11.12133502960205,58.09228515625,47.62268829345703,4.860714912414551,58.944583892822266,9.81199836730957,36.147159576416016
TEST_02+1일,9.080588340759277,49.427642822265625,12.438265800476074,4.873722553253174,2.686290740966797,3.333667755126953,1.931763768196106,2.2263870239257812,5.700561046600342,1.5189791917800903,5.1771626472473145,2.101057291030884,4.0458574295043945,5.766792297363281,52.2013053894043,3.6027588844299316,35.32059860229492,3.211944103240967,1.6991963386535645,31.041072845458984,15.999181747436523,3.361553430557251,1.2756837606430054,1.0,1.0,8.796280860900879,7.687784194946289,8.309915542602539,13.708878517150879,13.94119930267334,7.2549824714660645,9.544900894165039,5.59525728225708,4.351619243621826,1.0,5.312413215637207,66.86639404296875,8.737961769104004,2.090789794921875,44.44658279418945,26.43810272216797,2.3150722980499268,1.0,1.0,1.0,1.0068273544311523,2.348029613494873,6.693419933319092,1.0,10.920262336730957,21.529415130615234,2.0410735607147217,13.503820419311523,5.1020379066467285,1.7032794952392578,4.0221123695373535,2.950234889984131,3.60762357711792,1.0,2.4121038913726807,16.71468162536621,14.255066871643066,28.157026290893555,19.31732940673828,14.443408966064453,1.0,1.0,2.14924955368042,3.2988176345825195,1.0,3.1674211025238037,1.0,2.6622021198272705,1.1594103574752808,4.547181606292725,6.861125469207764,2.52470064163208,3.370147943496704,1.8518892526626587,4.8795552253723145,3.0992605686187744,2.552799701690674,2.3744852542877197,3.135856866836548,2.07173228263855,1.1080124378204346,3.5902130603790283,3.026038408279419,3.6336865425109863,6.023597717285156,19.312158584594727,1.1567589044570923,5.851216793060303,1.0,1.1076568365097046,5.575740337371826,2.6383635997772217,1.3139636516571045,10.766329765319824,17.351320266723633,1.0,1.0,4.688111782073975,1.3138412237167358,264.95880126953125,8.883805274963379,42.62810134887695,6.298096656799316,6.004944801330566,4.283456802368164,4.7495927810668945,1.0,3.1752045154571533,1.4190317392349243,2.1927433013916016,2.403785228729248,2.8769402503967285,1.3101977109909058,3.1122002601623535,4.0547661781311035,1.0,11.983107566833496,1.0,1.0,1.0,1.0,1.0,1.0,1.0,1.0,1.0,1.0,1.0,6.841992378234863,2.1884379386901855,3.4307453632354736,4.543054103851318,1.0,1.0871771574020386,5.272175312042236,1.795128583908081,1.3445510864257812,5.873021125793457,1.0,10.399053573608398,1.0,35.850215911865234,36.55937194824219,8.690635681152344,9.68741512298584,8.798933029174805,1.0,1.0,17.101797103881836,1.0,1.0,21.99611473083496,5.151554584503174,38.08304977416992,6.246542930603027,18.789222717285156,2.4513449668884277,6.196427345275879,4.226601600646973,8.341901779174805,1.4168987274169922,1.0,12.227331161499023,1.0,1.0,3.6350183486938477,25.982030868530273,1.0,2.3584303855895996,20.544031143188477,6.96949577331543,1.0,6.209735870361328,9.113818168640137,7.636005401611328,61.722110748291016,46.15456008911133,76.72587585449219,29.50878143310547,29.569419860839844,66.8715591430664,41.203277587890625,206.8464813232422,100.57907104492188,11.775517463684082,118.99543762207031,36.7543830871582,108.3447036743164
TEST_02+2일,6.055438041687012,40.253414154052734,10.58015251159668,5.900448799133301,2.192363739013672,4.467026710510254,5.87809419631958,1.3298606872558594,6.384085655212402,1.4832125902175903,4.4537529945373535,1.010001540184021,1.0,5.569459915161133,40.64182662963867,5.226541519165039,25.013145446777344,1.2371901273727417,1.603281021118164,28.067075729370117,10.758039474487305,2.5551578998565674,2.1214890480041504,2.2519006729125977,7.298192977905273,13.551480293273926,7.129520893096924,10.47168254852295,23.93619155883789,18.722457885742188,10.043678283691406,4.771362781524658,4.791427135467529,4.943446159362793,1.0,10.48196029663086,68.27375030517578,14.68814468383789,5.356536865234375,37.916805267333984,38.70970916748047,3.4121296405792236,1.0,5.75543737411499,2.924612283706665,2.7270326614379883,1.7753640413284302,7.889811038970947,1.6258137226104736,9.163599967956543,18.94796371459961,2.8095903396606445,8.867362976074219,4.752838611602783,1.3071707487106323,4.036962509155273,2.564958095550537,3.265666961669922,3.1961019039154053,1.3370935916900635,18.199005126953125,19.552824020385742,28.66013526916504,22.746854782104492,9.68438720703125,6.424015522003174,1.0,2.9041996002197266,4.049072742462158,1.0,2.2432010173797607,1.0,2.533459424972534,1.0,2.794236421585083,6.531375408172607,1.904606819152832,4.800215244293213,2.360147714614868,5.621189117431641,4.6806559562683105,1.9724403619766235,1.0,5.676778793334961,2.858438014984131,3.6585419178009033,3.2528233528137207,4.5468034744262695,3.2421083450317383,5.487339973449707,18.141502380371094,4.2365264892578125,8.312629699707031,1.0,1.3612494468688965,3.7776601314544678,2.8498599529266357,1.7843748331069946,12.843690872192383,18.0322265625,1.0,1.0,5.440866947174072,1.0,249.64306640625,22.866004943847656,37.33768081665039,7.6113200187683105,13.912521362304688,1.679146647453308,8.901557922363281,1.6084613800048828,3.357022523880005,3.132768154144287,2.946049213409424,1.8462003469467163,5.053835868835449,1.7278003692626953,6.077755451202393,3.4833595752716064,1.5144238471984863,23.158348083496094,1.0,1.0011502504348755,1.0,1.0,1.0,1.0,1.0,1.0,1.0,1.0,11.179585456848145,3.0461843013763428,4.273519039154053,3.783090591430664,3.824859142303467,1.0459343194961548,1.9266061782836914,6.929101467132568,2.092053174972534,1.046247959136963,3.6950337886810303,1.8719401359558105,9.835014343261719,7.947111129760742,43.76729202270508,97.28642272949219,13.145588874816895,5.663020133972168,6.883934497833252,1.0,1.0,20.938718795776367,1.0,1.0,33.121551513671875,7.8262481689453125,79.13812255859375,2.471635103225708,21.469682693481445,4.713252544403076,11.973915100097656,5.394905090332031,12.460240364074707,1.0,3.0634748935699463,15.302424430847168,1.0,1.0,15.839290618896484,10.440927505493164,1.0,5.309105396270752,18.378578186035156,2.622297525405884,1.0092426538467407,10.295769691467285,25.960676193237305,1.0,84.70166015625,47.76841735839844,95.2503662109375,41.93648147583008,39.18936538696289,90.26947021484375,54.19141387939453,317.7615966796875,86.85604095458984,15.0162935256958,112.74518585205078,35.250057220458984,122.83654022216797
TEST_02+3일,11.045710563659668,55.05908203125,11.704111099243164,6.618793964385986,2.5318427085876465,3.2438948154449463,6.013284206390381,2.297351360321045,5.0995192527771,3.1076841354370117,5.268205642700195,1.1882596015930176,1.6296547651290894,4.440028190612793,36.58948516845703,5.446503639221191,11.759698867797852,2.6163737773895264,2.3999013900756836,21.051897048950195,15.84597110748291,5.194357872009277,1.7837947607040405,1.0,2.1487674713134766,9.996045112609863,7.774628162384033,16.93364715576172,23.369230270385742,15.38962173461914,12.60469913482666,5.92189884185791,6.320796489715576,2.37760066986084,1.0,6.072442531585693,43.411773681640625,13.331296920776367,2.8368661403656006,35.65097427368164,43.08033752441406,1.3987866640090942,1.0,5.121642589569092,1.703320860862732,4.332740306854248,1.156456470489502,9.142677307128906,2.4977996349334717,7.769354343414307,21.496383666992188,1.3735098838806152,15.654300689697266,1.6584458351135254,1.4033596515655518,3.8800458908081055,2.9839675426483154,2.161832809448242,1.0125558376312256,1.7081420421600342,18.649574279785156,17.290666580200195,16.226390838623047,22.666860580444336,14.648282051086426,2.3495640754699707,2.2794926166534424,2.270923614501953,1.2297050952911377,1.4172766208648682,5.527196884155273,1.0,2.8435215950012207,1.2591056823730469,7.23921537399292,4.862064838409424,5.037956714630127,3.3287320137023926,2.163428783416748,4.021045684814453,4.1700334548950195,2.7080798149108887,1.8745061159133911,5.033512115478516,2.7080090045928955,2.6274290084838867,2.943814992904663,3.7162868976593018,7.059967994689941,6.427612781524658,14.667245864868164,3.2102508544921875,6.0277180671691895,1.0,2.013538360595703,3.9416723251342773,2.2904512882232666,1.3410173654556274,11.834256172180176,13.688261032104492,1.0,1.0,4.354768753051758,1.8343161344528198,216.74508666992188,14.603801727294922,39.927330017089844,8.78079891204834,9.974100112915039,6.893655776977539,7.48757266998291,1.4057542085647583,6.110271453857422,1.6552975177764893,2.8959286212921143,3.206671714782715,5.257329940795898,2.545896053314209,3.909531354904175,6.225755214691162,3.673024892807007,21.07068634033203,1.0,1.0,1.0,1.0,1.0,1.0,1.0,1.0,1.0,1.0,11.677919387817383,4.573419094085693,6.458840847015381,7.509129524230957,6.274460315704346,1.0,1.460294485092163,10.262052536010742,2.416368246078491,1.0,5.232041358947754,3.1486544609069824,9.986967086791992,1.0,61.066001892089844,64.83525848388672,16.96833038330078,6.2744460105896,14.33653450012207,1.0,1.0,23.53792381286621,1.0,1.0,33.13614273071289,10.04285717010498,1.0,7.562460899353027,15.555062294006348,5.219587326049805,13.845357894897461,2.4020752906799316,13.852295875549316,1.0,1.0,17.34263038635254,1.0,1.0,1.0,18.3247127532959,6.532679557800293,1.2656632661819458,7.590092182159424,1.0,3.0245168209075928,7.8686418533325195,9.511697769165039,1.0,44.03757858276367,39.63523483276367,49.29671096801758,27.1155948638916,25.53716278076172,61.70841598510742,26.52973175048828,173.0425567626953,108.76158142089844,12.67630386352539,117.05473327636719,31.51421356201172,78.27796936035156
TEST_02+4일,8.82135009765625,49.4831428527832,11.120418548583984,3.216409683227539,2.21345853805542,4.605197429656982,11.021820068359375,1.9694455862045288,9.594632148742676,2.162928819656372,4.190797328948975,1.0,1.4980957508087158,4.701258182525635,46.17948913574219,3.923977851867676,11.954948425292969,3.137016534805298,1.4488269090652466,41.68280029296875,10.429320335388184,3.825225591659546,1.1867501735687256,1.8849420547485352,2.2798125743865967,13.335254669189453,10.913687705993652,13.32914924621582,11.18178653717041,10.834351539611816,5.25498628616333,3.673560380935669,5.320469856262207,2.9127681255340576,1.0,6.781336784362793,45.822208404541016,4.059133529663086,2.798711061477661,22.96718978881836,20.908527374267578,2.3444290161132812,1.0,1.8545230627059937,1.0,3.6505770683288574,1.6139930486679077,5.188511371612549,1.520874261856079,5.320487022399902,18.75802230834961,1.0,4.580657958984375,2.2647037506103516,1.6060019731521606,4.3522562980651855,1.7492915391921997,1.6266969442367554,1.0,1.0,12.606013298034668,16.092531204223633,31.24472999572754,13.697269439697266,11.242295265197754,3.2421932220458984,1.0,4.265831470489502,4.7974114418029785,1.0,2.6727066040039062,1.0,1.5217925310134888,1.2970566749572754,3.8998003005981445,4.657385349273682,1.2769056558609009,5.221225261688232,3.7427473068237305,4.902185440063477,2.0576584339141846,1.8393927812576294,1.7640230655670166,4.242714881896973,2.5004520416259766,1.6270668506622314,2.656261920928955,1.6803525686264038,2.8772709369659424,3.880580425262451,4.023157119750977,3.2674121856689453,4.713322639465332,1.0,1.5239096879959106,6.3054728507995605,3.6674306392669678,1.8103585243225098,23.408363342285156,10.478734016418457,1.0,1.0,7.144862651824951,1.0,216.3077850341797,16.886924743652344,39.21057891845703,6.2275919914245605,9.458391189575195,1.8349605798721313,4.90930700302124,1.4512524604797363,3.697861671447754,1.0570964813232422,1.212323784828186,3.264578342437744,6.645550727844238,5.290495872497559,3.4608187675476074,3.259983539581299,1.5687168836593628,23.939430236816406,1.0,1.0,1.0,1.0,1.0,1.0,1.0,1.4577808380126953,1.0,1.0,20.17003059387207,3.7429728507995605,2.564793109893799,3.1351912021636963,5.3843889236450195,1.0,1.1936885118484497,6.922815322875977,1.485029935836792,1.387911081314087,3.425550937652588,2.226649284362793,7.1190996170043945,2.8324122428894043,32.912071228027344,59.756309509277344,6.04317045211792,9.613368034362793,6.438981533050537,3.0830371379852295,1.0,12.811665534973145,1.0,1.0,17.211774826049805,6.400209426879883,8.28675651550293,6.868519306182861,7.307810306549072,1.2084497213363647,5.503173828125,1.8819493055343628,7.940864562988281,1.0,3.798691749572754,8.744330406188965,10.457104682922363,1.0,2.6477437019348145,19.37342071533203,1.0,1.0,13.12205696105957,18.452871322631836,2.237750291824341,4.4195451736450195,25.47077178955078,4.183609962463379,29.076902389526367,28.526874542236328,36.61651611328125,16.750560760498047,13.678754806518555,32.42469787597656,18.31858253479004,114.92735290527344,68.56871032714844,8.481328964233398,76.72515106201172,18.31480598449707,48.10764694213867
TEST_02+5일,7.837696075439453,38.29864501953125,6.650771617889404,2.689906120300293,1.832763671875,4.628211975097656,16.40395164489746,2.9635305404663086,3.3005359172821045,1.5200656652450562,2.891366481781006,1.1183217763900757,1.0279245376586914,3.5545997619628906,25.1199951171875,2.207637310028076,1.0,1.2441586256027222,1.9705932140350342,51.4588508605957,21.133228302001953,2.121340751647949,1.531853199005127,5.704817295074463,14.538118362426758,18.361827850341797,9.233647346496582,11.146002769470215,10.728924751281738,9.381940841674805,4.838143348693848,7.180317401885986,3.0269551277160645,3.4058103561401367,1.0,4.733013153076172,44.674922943115234,5.983575820922852,1.8035703897476196,27.84884262084961,16.84882164001465,2.185116767883301,1.0,2.6428818702697754,1.5473887920379639,3.0755515098571777,2.040907621383667,4.189856052398682,1.439885139465332,3.882408380508423,17.47963523864746,1.0,5.52609920501709,3.8383209705352783,1.7331911325454712,3.3787591457366943,2.86092472076416,2.0767769813537598,1.0242891311645508,1.9739857912063599,10.987110137939453,8.292357444763184,14.856444358825684,13.968137741088867,11.440956115722656,4.640281677246094,1.0,2.599342107772827,4.22738790512085,1.0,1.2647392749786377,1.0,2.3626132011413574,1.0555168390274048,5.57973575592041,4.934722423553467,1.8836479187011719,2.5927605628967285,2.4575183391571045,2.659470319747925,3.8684043884277344,1.347265601158142,2.3667163848876953,3.407222270965576,1.3338713645935059,2.314713716506958,1.7276713848114014,2.664093494415283,3.2325031757354736,3.664363384246826,13.305917739868164,1.8246631622314453,8.202495574951172,1.0,1.3401209115982056,5.402040004730225,2.385411262512207,1.8090689182281494,27.376079559326172,16.12334632873535,1.0,1.0,8.8569974899292,1.592733383178711,63.642581939697266,109.94074249267578,30.038421630859375,6.835287094116211,6.3177361488342285,3.1721038818359375,8.959235191345215,1.4513249397277832,4.862106800079346,2.007378339767456,1.6263248920440674,2.8702430725097656,5.756700038909912,2.4673798084259033,6.818266868591309,3.0019357204437256,1.9245814085006714,29.15686798095703,1.0,1.2268345355987549,1.0,1.0,1.0,1.0,1.0,1.050394058227539,1.0,1.0,27.792129516601562,3.5883383750915527,4.028205871582031,6.3874921798706055,3.6453309059143066,3.527590751647949,1.849946141242981,2.4411087036132812,1.83182692527771,1.9250470399856567,7.553987979888916,1.18843412399292,5.84816837310791,7.507951259613037,39.022186279296875,58.526092529296875,6.185970783233643,7.329416751861572,5.601709365844727,1.0,1.1282731294631958,12.07568645477295,1.0,1.0,16.917905807495117,3.128857374191284,1.0,4.96611213684082,7.300320148468018,1.8955830335617065,2.4054112434387207,5.907827377319336,6.599856853485107,7.5504279136657715,3.6227104663848877,7.5712761878967285,1.0,1.0,10.378633499145508,20.178194046020508,1.0,2.468651294708252,14.933547019958496,5.226520538330078,1.331309199333191,4.596121311187744,3.5880067348480225,6.7645368576049805,31.967004776000977,22.239051818847656,22.268951416015625,10.498467445373535,6.915374755859375,22.245037078857422,11.760557174682617,98.68403625488281,53.575958251953125,7.773053169250488,37.80281448364258,13.473345756530762,47.61838912963867
TEST_02+6일,6.022264003753662,102.34141540527344,10.639264106750488,2.5653584003448486,1.649057149887085,3.6790621280670166,26.566190719604492,1.6782944202423096,2.0390994548797607,1.7078068256378174,2.859325885772705,1.1255450248718262,1.1501655578613281,4.566403388977051,25.436559677124023,2.0919365882873535,53.46672439575195,1.3141885995864868,1.6566709280014038,71.42305755615234,31.714656829833984,2.6330201625823975,1.4157459735870361,2.812269449234009,8.361532211303711,21.535938262939453,9.99695873260498,18.207204818725586,12.384552001953125,5.130054950714111,4.522481441497803,4.603071689605713,6.61857271194458,6.636014938354492,1.0,4.239478588104248,35.1263313293457,10.714513778686523,2.317683696746826,24.67452049255371,10.671111106872559,4.402133941650391,1.0,4.786624908447266,1.0,1.515673041343689,2.0116560459136963,2.7788333892822266,1.0,3.919527053833008,13.837249755859375,1.1617543697357178,8.083678245544434,2.5907161235809326,1.8507888317108154,3.4817276000976562,1.759384036064148,1.726867914199829,1.45479154586792,1.2586162090301514,8.356605529785156,8.92665958404541,11.031920433044434,15.562969207763672,8.38507080078125,1.8512741327285767,1.5726439952850342,1.5613216161727905,2.415703058242798,1.0,1.501786231994629,1.0,2.7492637634277344,1.909121036529541,5.717055797576904,5.713694095611572,1.2619645595550537,3.5275208950042725,3.2436563968658447,4.759951114654541,3.0236401557922363,1.2277717590332031,2.0393378734588623,4.33044958114624,2.3751039505004883,2.0491740703582764,2.0749568939208984,2.3262486457824707,2.916621208190918,3.6503355503082275,12.28907585144043,1.9284143447875977,6.458345413208008,1.0,2.3709657192230225,3.0529401302337646,2.733393669128418,1.7819963693618774,24.51333999633789,19.671558380126953,1.0,1.0,7.641418933868408,1.0,43.1530647277832,85.73990631103516,31.49726676940918,7.241091728210449,11.988423347473145,3.6084063053131104,7.157879829406738,1.1546274423599243,5.890273571014404,1.7242259979248047,1.2224854230880737,3.866914987564087,3.133601427078247,2.7160282135009766,2.665296792984009,3.445847988128662,1.0549644231796265,25.768821716308594,1.0,1.0,1.0,1.4566595554351807,1.0,1.0,1.0,1.0,1.0,1.0,20.445898056030273,3.9979248046875,3.3923683166503906,2.275005340576172,3.231877565383911,1.65223228931427,1.878373384475708,6.800412654876709,3.296552896499634,2.4535233974456787,3.409762382507324,1.5235068798065186,6.618368625640869,14.311637878417969,56.622379302978516,72.82837677001953,6.520042419433594,9.54553508758545,5.318911552429199,1.0,1.2862482070922852,20.1592960357666,1.0,1.0,19.369157791137695,4.7796173095703125,1.0,10.111209869384766,8.771961212158203,1.0488200187683105,8.277922630310059,1.7886075973510742,5.222578525543213,14.462559700012207,2.7433478832244873,6.774219512939453,39.33568572998047,60.241127014160156,7.125625133514404,23.696950912475586,1.0,4.414375305175781,7.843296527862549,13.635494232177734,1.6752985715866089,3.7434067726135254,1.0,21.552743911743164,45.80634307861328,22.09130859375,22.796146392822266,10.78453254699707,10.36126708984375,36.03614044189453,12.747386932373047,108.90937805175781,26.252687454223633,11.240958213806152,9.59443187713623,12.130217552185059,29.394285202026367
TEST_02+7일,15.04845905303955,23.67510414123535,16.985502243041992,8.410957336425781,3.9692466259002686,4.114858150482178,5.000820636749268,1.0,5.321743965148926,2.8942432403564453,4.852062225341797,2.1504693031311035,1.6402262449264526,7.31221342086792,48.74948501586914,3.2768194675445557,11.089605331420898,2.143440008163452,3.3586814403533936,21.643579483032227,14.283468246459961,2.6047616004943848,1.5412315130233765,3.158769130706787,1.0,14.44269847869873,5.192490100860596,9.525702476501465,15.26171875,5.688642978668213,5.146960735321045,8.046550750732422,6.483273029327393,5.278710842132568,1.0,3.928280830383301,64.90312957763672,9.530885696411133,4.78759765625,41.19355773925781,25.09783363342285,3.133073568344116,1.0,1.5488331317901611,1.8984887599945068,3.6289775371551514,2.0521163940429688,4.974850177764893,1.0,4.596878528594971,24.083559036254883,1.4460023641586304,7.274352073669434,1.8420692682266235,3.5848615169525146,4.957089424133301,4.411064147949219,1.916505217552185,2.0263688564300537,1.4806084632873535,17.77396011352539,12.763626098632812,12.521821022033691,27.545555114746094,11.302151679992676,3.0319840908050537,1.3618131875991821,2.604792356491089,4.355544567108154,1.0471240282058716,1.3492023944854736,1.0,2.2926669120788574,1.340341329574585,5.899219036102295,7.49870491027832,1.0,4.753055572509766,1.0,4.869007587432861,4.889381408691406,2.1636080741882324,1.8934314250946045,4.680062770843506,4.715113639831543,3.646134376525879,4.308589935302734,3.9209818840026855,3.5496363639831543,5.191162586212158,2.011500597000122,2.0800211429595947,8.101919174194336,1.50443696975708,1.7243599891662598,4.706353664398193,2.3626904487609863,2.0848724842071533,4.2346110343933105,17.538833618164062,1.0,1.0,7.867968559265137,1.0,145.4148406982422,21.19382095336914,35.99150085449219,10.426739692687988,14.184062957763672,2.476757526397705,8.06113052368164,1.1584724187850952,4.324716567993164,2.116206645965576,2.5654866695404053,2.864582061767578,5.007631301879883,4.1243157386779785,2.4827957153320312,4.670212268829346,1.0994179248809814,27.588708877563477,1.0,1.3849574327468872,1.0,1.0,1.0,1.0,1.0,1.0,1.0,1.0,47.142330169677734,2.9099442958831787,5.786641597747803,5.56866979598999,2.9164998531341553,2.0425291061401367,2.9603540897369385,9.569056510925293,2.3294565677642822,1.0680198669433594,4.61154317855835,1.6755661964416504,11.111377716064453,1.0,56.2291145324707,54.917179107666016,8.905810356140137,15.49326229095459,9.796995162963867,4.66431188583374,1.0,25.263944625854492,4.572814464569092,1.0,22.641889572143555,6.243370056152344,1.0,6.574423789978027,15.794134140014648,1.8517166376113892,7.391800880432129,2.7478246688842773,8.925370216369629,2.9652812480926514,7.276169776916504,13.37308120727539,1.0,1.0,8.47131633758545,24.980167388916016,13.692258834838867,5.993346691131592,17.255788803100586,4.5500168800354,1.9683479070663452,3.4650490283966064,10.114490509033203,22.922931671142578,58.3855094909668,20.77947235107422,39.525081634521484,16.19418716430664,33.89793014526367,57.59324264526367,31.411043167114258,187.9452362060547,39.43815994262695,16.1184024810791,58.492652893066406,5.585506439208984,41.47098922729492
TEST_03+1일,12.325321197509766,19.775726318359375,13.230101585388184,3.6987485885620117,1.6446747779846191,3.261381149291992,6.399335861206055,5.93560266494751,7.783228397369385,2.290560245513916,2.860795021057129,1.0,2.0347635746002197,5.217907428741455,30.525453567504883,2.6784443855285645,84.58899688720703,2.0465517044067383,1.3533371686935425,48.74979019165039,23.60562515258789,2.72992205619812,2.532808303833008,1.0,4.34678316116333,16.57452964782715,26.387121200561523,76.7314682006836,8.020549774169922,7.718214511871338,9.947030067443848,2.4008121490478516,3.1872971057891846,1.2954254150390625,1.0,4.6989569664001465,47.45695495605469,11.334155082702637,1.395787000656128,19.186948776245117,14.42495346069336,1.0145156383514404,1.0,1.0,1.2306582927703857,1.356942892074585,1.0,1.9058514833450317,1.4804062843322754,1.396457314491272,12.03942584991455,2.1617164611816406,4.114468574523926,1.5358667373657227,4.807333469390869,2.8572824001312256,2.8710625171661377,1.0,1.0,1.0,4.710191249847412,10.807841300964355,32.9178581237793,12.64098834991455,15.259446144104004,2.3805716037750244,1.6879887580871582,1.4912902116775513,4.971346855163574,1.8405433893203735,1.6134425401687622,1.0,2.7570993900299072,1.0,8.28405475616455,4.585120677947998,1.0,4.295877456665039,1.0,6.163355827331543,4.702840805053711,2.1753087043762207,2.60817551612854,3.5699405670166016,1.6013795137405396,1.4303820133209229,4.83579158782959,2.971717119216919,6.9514617919921875,7.896120548248291,88.76950073242188,1.9506597518920898,6.467109680175781,10.656055450439453,1.0,6.28115701675415,5.4739909172058105,1.4933987855911255,25.1046085357666,6.521279335021973,3.4290573596954346,2.931413412094116,3.104940176010132,1.0,212.2998504638672,23.776504516601562,38.26702880859375,4.707576751708984,1.0,1.0,5.776323318481445,1.6776127815246582,3.1839144229888916,4.115510940551758,2.9733753204345703,2.1919965744018555,4.97341775894165,3.1500442028045654,7.224053859710693,4.32108736038208,1.5608510971069336,10.359248161315918,1.0,1.0,1.0,1.0613468885421753,1.1486364603042603,1.0,1.0829331874847412,3.6055853366851807,1.2396138906478882,1.0,63.26628494262695,2.022735595703125,1.0,3.491680145263672,1.1588629484176636,1.3267991542816162,1.996207594871521,5.976619243621826,1.0259275436401367,1.3311001062393188,5.324671745300293,1.5275146961212158,14.59610366821289,1.0,146.07435607910156,110.4877700805664,16.104839324951172,1.0,15.326383590698242,8.710177421569824,1.0,38.2871208190918,1.0,1.0,43.199440002441406,8.747715950012207,27.862579345703125,1.0,15.662096977233887,4.052022457122803,9.465377807617188,4.150115489959717,12.943690299987793,2.4667441844940186,1.0,19.370882034301758,1.0,72.54645538330078,1.0,29.836759567260742,1.0,24.185462951660156,47.34159851074219,50.570579528808594,12.644671440124512,6.571132659912109,2.982045888900757,21.497360229492188,171.52626037597656,77.72341918945312,134.6243896484375,61.49724578857422,85.53502655029297,157.2162628173828,91.27837371826172,786.3011474609375,131.658203125,106.72154235839844,123.60086822509766,28.437456130981445,181.2056427001953
TEST_03+2일,5.3075175285339355,43.4880256652832,5.150992393493652,1.9074513912200928,1.374298095703125,2.337583065032959,15.881110191345215,2.9640138149261475,3.396145820617676,1.1053318977355957,2.396812915802002,1.0,1.104127049446106,2.7823874950408936,7.733795642852783,1.1220378875732422,52.53593063354492,1.0,1.057180643081665,46.96624755859375,17.632755279541016,1.0,1.0,4.214298248291016,38.72930145263672,27.363039016723633,22.89974021911621,60.7113037109375,15.249347686767578,7.905547142028809,13.26187801361084,3.8858463764190674,3.2416837215423584,1.9363396167755127,1.0,5.872786998748779,56.08253479003906,8.654801368713379,1.413157343864441,34.52360534667969,17.686059951782227,1.0,1.0,5.388434886932373,2.7036821842193604,1.0,1.0,5.001710414886475,2.273576498031616,1.2133945226669312,15.767566680908203,3.885998487472534,11.583043098449707,1.2120321989059448,4.709761142730713,1.710838794708252,4.025141716003418,1.0,1.0,1.0,6.349767684936523,10.198785781860352,27.650775909423828,25.28331756591797,15.600777626037598,2.3449511528015137,1.2762293815612793,1.4701019525527954,2.4392075538635254,1.0,1.0,1.0,1.7502909898757935,1.0,2.358238458633423,2.9927821159362793,1.0780376195907593,2.6892642974853516,1.034754991531372,4.085394859313965,1.4818494319915771,2.2657318115234375,1.0501925945281982,3.9365451335906982,1.880588173866272,1.6615242958068848,1.0,2.3814122676849365,3.6624512672424316,3.7453131675720215,148.7793731689453,2.2525134086608887,7.1974616050720215,8.110979080200195,1.1710851192474365,3.267350673675537,2.3866734504699707,2.3772943019866943,22.753572463989258,3.4815032482147217,2.375279188156128,2.463648796081543,5.669897079467773,1.274408221244812,108.24090576171875,118.9269790649414,12.848877906799316,3.9115617275238037,1.082585096359253,1.0,5.976417064666748,1.0,2.1322596073150635,1.7392375469207764,3.364527940750122,1.0,4.7105021476745605,1.9471110105514526,7.05225133895874,1.9745597839355469,1.1630772352218628,96.5653305053711,1.1871254444122314,1.0,1.0,1.0447793006896973,1.1725987195968628,1.1130139827728271,1.654044270515442,6.814525127410889,1.399315357208252,1.0,53.01017379760742,1.2922899723052979,2.229750633239746,2.883563756942749,1.0,1.564562439918518,1.1660072803497314,6.060454368591309,1.5817433595657349,1.4737073183059692,2.6706271171569824,2.6809964179992676,10.656569480895996,1.1546257734298706,212.389404296875,221.7074737548828,13.209271430969238,2.106942653656006,11.809693336486816,3.111382484436035,1.0,26.372608184814453,1.4221251010894775,1.0,37.09000015258789,4.194556713104248,3.8194541931152344,1.0,16.392601013183594,6.729284286499023,4.776418209075928,4.026586532592773,6.399745941162109,1.0,1.0,17.790616989135742,1.0,1.0,14.520078659057617,11.232709884643555,1.0,15.683511734008789,25.37247085571289,22.762561798095703,4.079366207122803,3.6347649097442627,8.059611320495605,1.0,173.70164489746094,81.54423522949219,156.49720764160156,68.14740753173828,96.3930892944336,116.15196990966797,79.67079162597656,770.2433471679688,111.8419189453125,117.44243621826172,167.42449951171875,28.529191970825195,186.59324645996094
TEST_03+3일,2.2511661052703857,54.281707763671875,8.437352180480957,1.213171362876892,1.020297884941101,4.469905376434326,10.204211235046387,3.961512565612793,4.310634613037109,1.3988820314407349,1.696030616760254,1.0437264442443848,1.0,2.4471848011016846,11.477317810058594,2.114945650100708,53.90766906738281,1.317030906677246,1.0,48.61030578613281,13.977653503417969,1.2348456382751465,1.0164589881896973,2.789027214050293,12.237967491149902,120.15229797363281,19.852985382080078,108.0963363647461,13.117459297180176,7.931680679321289,7.161180019378662,2.594891309738159,1.7572818994522095,1.7364168167114258,1.0,2.7039568424224854,35.006290435791016,12.018542289733887,3.2261903285980225,23.65169334411621,23.94797706604004,1.5218528509140015,1.0,1.7452783584594727,1.9253066778182983,2.5914618968963623,1.0,3.961256504058838,2.169961452484131,1.5809365510940552,10.498358726501465,1.0196807384490967,2.6023101806640625,1.3169666528701782,1.9447832107543945,4.103514194488525,2.8836891651153564,1.0,1.0,1.0,3.201512336730957,8.04836654663086,18.642898559570312,20.633764266967773,13.824366569519043,1.5471806526184082,1.0,1.4762074947357178,3.7823550701141357,3.7101852893829346,4.2540154457092285,1.0,2.3500962257385254,1.0,9.902673721313477,3.038539409637451,1.3617260456085205,6.841709613800049,2.2206101417541504,3.9480745792388916,4.392884731292725,3.7151010036468506,2.8455944061279297,4.2070393562316895,1.0,1.0078920125961304,2.69793438911438,4.903980731964111,7.45940637588501,7.299894332885742,169.11367797851562,2.1706182956695557,4.628833293914795,5.679625034332275,1.0507869720458984,2.492924690246582,1.9125752449035645,2.02970814704895,24.1927433013916,2.6643052101135254,1.903096318244934,3.5727405548095703,4.751340389251709,1.0,55.86845397949219,120.25631713867188,6.019619941711426,4.875649929046631,2.67224383354187,1.0,6.171908855438232,1.0,1.1849517822265625,2.1115782260894775,1.7888696193695068,1.0,4.721193790435791,2.888920545578003,7.158759117126465,1.9951180219650269,1.517708659172058,32.555755615234375,1.6184394359588623,1.0,1.0,1.206248164176941,1.352242112159729,1.7530536651611328,1.5444085597991943,5.890898704528809,1.5899395942687988,1.7366979122161865,59.20989990234375,1.1363186836242676,1.7969468832015991,3.170973539352417,1.0,1.0,1.227935791015625,4.685483932495117,1.139303207397461,1.310855746269226,2.4549152851104736,2.1943886280059814,7.46361780166626,1.0,232.28564453125,286.4272155761719,3.4328560829162598,1.0,6.884520053863525,1.262710690498352,1.0665202140808105,12.991476058959961,1.0,1.0,19.404638290405273,1.2638901472091675,1.0,7.2525787353515625,4.281691551208496,1.9700802564620972,4.516707897186279,2.0248072147369385,5.857387542724609,1.0,1.0,10.118315696716309,1.0,1.0,1.0,1.0,1.0,7.458317279815674,20.926822662353516,3.047419548034668,1.0,1.0581685304641724,2.5567352771759033,1.0,146.3861846923828,56.72236633300781,98.8867416381836,48.40869140625,77.69253540039062,83.2352294921875,56.565185546875,517.8359375,94.34703063964844,100.40565490722656,106.10736846923828,27.58849334716797,134.94302368164062
TEST_03+4일,3.5902621746063232,35.8442268371582,8.242067337036133,2.292032241821289,1.782922387123108,2.080397844314575,25.694751739501953,9.135415077209473,2.5653035640716553,1.2776737213134766,3.3289003372192383,1.0,1.0679935216903687,5.374228000640869,24.892955780029297,2.326693534851074,103.4772720336914,1.1694995164871216,1.0,72.33850860595703,32.016929626464844,1.0,2.070068597793579,11.329527854919434,10.333450317382812,27.452486038208008,57.05400466918945,66.20867156982422,14.884185791015625,5.360304832458496,4.652245044708252,4.187026023864746,1.4429785013198853,1.0,1.0,5.165081024169922,40.873592376708984,7.635972499847412,1.8307873010635376,25.79214096069336,13.78398323059082,1.4835351705551147,1.0,1.9898619651794434,1.2695764303207397,1.4815762042999268,1.1021389961242676,2.4046785831451416,1.904316782951355,1.553737759590149,17.57151222229004,1.0,5.773462295532227,1.3290001153945923,2.3198163509368896,2.634643316268921,2.2915642261505127,1.0,1.0,1.0,1.6231482028961182,8.751301765441895,34.694610595703125,23.891632080078125,18.741724014282227,3.9773054122924805,2.4131903648376465,3.605813980102539,3.2899169921875,2.807572603225708,2.247096300125122,1.0,2.476675510406494,1.0537642240524292,4.990198612213135,1.458242416381836,1.0476164817810059,3.9320106506347656,2.9996042251586914,6.881793022155762,3.3230857849121094,2.9987730979919434,1.7858994007110596,2.4086272716522217,4.002151966094971,3.080907106399536,2.6449291706085205,4.38621187210083,6.487353801727295,5.629856586456299,175.9575958251953,2.087644577026367,3.889500617980957,1.6382708549499512,1.0,3.3210675716400146,2.398481607437134,2.1858527660369873,19.549131393432617,1.9039424657821655,3.158470392227173,2.197360038757324,10.890088081359863,1.0,85.72441864013672,94.88813781738281,5.567519187927246,3.741445779800415,1.489917278289795,1.0,3.620155096054077,1.0,1.6614305973052979,1.499314785003662,1.985032081604004,1.0,5.642019748687744,1.6166690587997437,4.561070919036865,2.4127519130706787,1.273664116859436,90.77476501464844,1.836068868637085,1.0,1.0,1.1372096538543701,1.2102935314178467,1.1552215814590454,1.8829741477966309,9.383123397827148,1.9631603956222534,1.5967576503753662,59.921630859375,1.0,1.2107267379760742,2.7962441444396973,1.0,1.2365742921829224,1.0468443632125854,5.906524658203125,1.0,1.4512016773223877,1.8742464780807495,2.0038270950317383,6.3657546043396,1.0,193.87258911132812,177.71282958984375,13.370193481445312,1.0,5.275485038757324,10.325922966003418,1.2891545295715332,21.59552764892578,5.954193115234375,9.408184051513672,32.75476837158203,2.255478858947754,5.0514936447143555,4.122461795806885,5.598803520202637,1.7442742586135864,5.158522129058838,3.3276493549346924,8.911080360412598,1.0,1.0,10.244540214538574,19.101484298706055,1.0,4.805590629577637,1.0,1.0,1.4119681119918823,14.29591178894043,29.688859939575195,8.066497802734375,1.0,11.843680381774902,2.8859307765960693,156.59536743164062,66.49388122558594,124.76573181152344,48.05580139160156,86.71617126464844,96.1435317993164,56.29541778564453,620.514892578125,122.14215850830078,147.74710083007812,124.12593841552734,26.920148849487305,150.34580993652344
TEST_03+5일,8.051763534545898,81.61307525634766,9.706603050231934,2.347708225250244,1.4213677644729614,4.428364276885986,52.5493278503418,9.057706832885742,4.804976940155029,1.1368263959884644,2.4737915992736816,1.4899085760116577,1.800828456878662,4.07100772857666,15.683817863464355,2.662069082260132,104.71511840820312,1.1129460334777832,2.0665013790130615,89.20547485351562,60.644744873046875,1.1309309005737305,1.409307837486267,11.586813926696777,80.54426574707031,42.44728088378906,27.553064346313477,59.49010467529297,11.086034774780273,6.176028251647949,5.432841777801514,4.908700466156006,2.5008797645568848,1.6044119596481323,1.0,5.478109836578369,46.0380859375,10.60102653503418,1.8767223358154297,26.42822265625,17.69984245300293,1.420792818069458,1.0,3.8587048053741455,1.8619385957717896,1.0,2.5193588733673096,3.8439576625823975,2.324354887008667,1.0,20.902935028076172,1.7396466732025146,6.423653602600098,1.4424012899398804,2.6478874683380127,2.882859468460083,3.493457794189453,1.0,1.0,1.0,3.420675277709961,11.441072463989258,11.74596118927002,17.490312576293945,17.805837631225586,3.5558297634124756,1.4851453304290771,2.136665105819702,3.938563346862793,3.9013497829437256,1.3854355812072754,1.0,2.812927007675171,1.4278156757354736,7.031113624572754,5.327585697174072,1.227157473564148,4.550603866577148,1.221537470817566,8.094758033752441,4.683655738830566,2.767547130584717,3.38008975982666,2.5808322429656982,1.070444107055664,1.0695233345031738,2.4429965019226074,2.7589333057403564,6.208540439605713,7.986367702484131,91.25293731689453,1.622992992401123,3.741346597671509,4.089777946472168,1.0,2.4812889099121094,1.8135982751846313,1.961680293083191,18.434459686279297,3.433664560317993,1.7724204063415527,1.694502592086792,5.397467136383057,1.0,61.117889404296875,97.5907211303711,4.962060928344727,3.438706874847412,1.3941453695297241,1.0,3.487466812133789,1.0,1.0,1.0,1.0,1.0,5.709534645080566,1.639988899230957,5.267541885375977,2.649012565612793,1.1069920063018799,113.21029663085938,1.6331976652145386,1.8828831911087036,1.0,1.0,2.113753080368042,1.1061252355575562,1.3819184303283691,7.634387493133545,1.755367398262024,2.2494077682495117,133.0844268798828,1.0037941932678223,2.5919816493988037,4.041603088378906,1.0,1.8095433712005615,1.3624733686447144,3.0510237216949463,1.2189929485321045,1.23899245262146,4.700434684753418,1.7849586009979248,4.949643611907959,9.601810455322266,321.8216552734375,197.53182983398438,5.85506010055542,1.0,6.641562461853027,1.0,1.0,24.390838623046875,1.0,5.414010047912598,33.97376251220703,2.28464674949646,1.0,1.0,7.652993679046631,1.5952640771865845,4.154449939727783,6.888016223907471,13.741527557373047,1.0,1.0,8.574933052062988,5.404670715332031,1.0,11.830808639526367,11.63747501373291,2.802387237548828,18.125045776367188,19.699209213256836,22.505084991455078,4.0932464599609375,1.5977927446365356,1.0,12.136270523071289,121.60095977783203,59.245513916015625,114.37873077392578,54.169734954833984,117.3414077758789,108.65263366699219,69.22541046142578,648.2877197265625,135.62197875976562,136.11434936523438,129.7352294921875,45.998985290527344,203.23965454101562
TEST_03+6일,8.572539329528809,135.2706756591797,10.763897895812988,3.4169676303863525,1.0,2.6883931159973145,39.73163604736328,2.742997884750366,2.6753463745117188,1.4428664445877075,4.156045913696289,1.0,1.0,5.899754047393799,36.923301696777344,2.534083604812622,71.7439956665039,1.3308863639831543,1.1059964895248413,69.69576263427734,31.4710693359375,1.2945237159729004,1.0131381750106812,11.778512954711914,47.55602264404297,68.300537109375,31.25644874572754,137.8024444580078,6.526631832122803,4.6025285720825195,5.356495380401611,5.184170246124268,1.7151474952697754,1.0,4.3314595222473145,5.2471923828125,43.32537078857422,21.33916664123535,2.8855764865875244,24.822124481201172,14.711254119873047,1.1391032934188843,1.0,3.4689013957977295,2.7250478267669678,2.3928236961364746,1.0153818130493164,1.6371219158172607,3.7855076789855957,3.002713441848755,12.220168113708496,1.0,4.562849998474121,1.1775670051574707,3.838136672973633,4.618537425994873,1.2211108207702637,1.3543566465377808,1.0,1.3315297365188599,6.732448101043701,7.151401519775391,21.150663375854492,16.34739112854004,12.547483444213867,2.4627845287323,1.0,1.7432514429092407,5.224147319793701,2.7454276084899902,3.973845958709717,1.0,2.8641397953033447,1.4341250658035278,7.388156890869141,1.775323510169983,1.7747774124145508,7.97661018371582,1.0,10.015324592590332,5.948755741119385,2.9107792377471924,8.276937484741211,4.87013578414917,2.6581718921661377,2.6215569972991943,3.7473232746124268,6.7930169105529785,8.458239555358887,5.958752632141113,200.5574951171875,1.8422520160675049,5.893204212188721,9.421330451965332,1.0,1.5383275747299194,1.3602861166000366,1.677686095237732,13.576141357421875,4.5358757972717285,3.3567442893981934,2.3577139377593994,5.625161647796631,1.0,15.676892280578613,98.75279235839844,10.65432071685791,5.852474212646484,1.0,1.0,3.065727710723877,1.0,1.0757791996002197,1.7770757675170898,1.756075143814087,1.0,8.926126480102539,3.9324073791503906,2.506727457046509,2.5816774368286133,1.0,47.69132995605469,1.7400139570236206,1.36959969997406,1.3596043586730957,1.4634063243865967,1.753121256828308,2.278517723083496,1.4336515665054321,11.011016845703125,1.6250171661376953,1.157180666923523,195.6784210205078,3.374545097351074,4.013472557067871,5.439853191375732,1.9116873741149902,1.4159208536148071,4.65988302230835,11.382013320922852,4.6909942626953125,3.947488784790039,8.520806312561035,2.7629146575927734,6.019551753997803,8.554555892944336,338.458740234375,250.00172424316406,8.924973487854004,3.590296745300293,5.911437034606934,1.0,1.0,24.817481994628906,1.0,15.533487319946289,27.427488327026367,4.90594482421875,1.0,1.0,9.63718318939209,1.1815897226333618,4.765523910522461,2.4110348224639893,11.604437828063965,13.064469337463379,1.0,14.645302772521973,150.16213989257812,135.93621826171875,8.77114200592041,19.096818923950195,1.0,10.36447811126709,15.18554401397705,26.551889419555664,6.576571464538574,1.730469822883606,9.187630653381348,1.0,162.95263671875,71.51492309570312,85.5899658203125,55.282440185546875,59.920963287353516,119.83087921142578,78.3661117553711,642.3993530273438,157.251708984375,105.47880554199219,98.40217590332031,39.15049362182617,208.4058074951172
TEST_03+7일,11.53017520904541,55.64250946044922,15.597779273986816,7.777349472045898,1.8310880661010742,3.79183292388916,14.730222702026367,1.9384267330169678,6.04841423034668,1.047476053237915,3.3916444778442383,1.0,1.4695104360580444,7.295314788818359,42.221702575683594,4.107045650482178,29.291736602783203,2.41382098197937,1.7793335914611816,28.293760299682617,12.351545333862305,1.3142902851104736,1.2227332592010498,10.804387092590332,1.0,35.17467498779297,48.256771087646484,78.1663818359375,8.479000091552734,8.477380752563477,8.760171890258789,5.478339672088623,4.7015275955200195,1.6913042068481445,2.247999906539917,4.81591272354126,51.46105194091797,14.365665435791016,2.578125,45.06330108642578,17.210002899169922,1.7561423778533936,1.0,1.1234251260757446,3.304049015045166,2.9860875606536865,1.514998197555542,4.796882629394531,2.2680578231811523,2.089245557785034,18.71343994140625,2.591533660888672,6.253218650817871,2.3393237590789795,7.609180927276611,6.370348930358887,5.91465950012207,1.4883034229278564,1.8138114213943481,1.0,9.061006546020508,7.388723850250244,23.403335571289062,19.01313591003418,11.878040313720703,4.498052597045898,1.9285696744918823,2.384233236312866,2.830286979675293,2.0441741943359375,3.2803292274475098,1.0,4.032879829406738,1.0,6.334984302520752,3.239495277404785,1.0,5.0222392082214355,1.0,4.866107940673828,5.42802619934082,3.7748255729675293,2.8322701454162598,8.66500186920166,3.1841094493865967,3.344794988632202,2.8199973106384277,2.0183284282684326,9.800063133239746,7.492280006408691,52.416526794433594,2.4456136226654053,6.05970573425293,10.46845817565918,1.0,2.212933301925659,1.18655526638031,2.4175305366516113,5.439034938812256,8.839062690734863,5.326704978942871,2.7721009254455566,2.8527586460113525,1.0,130.1269989013672,32.93063735961914,13.850489616394043,8.109964370727539,2.8220913410186768,1.6090080738067627,6.717772960662842,1.0,2.5674140453338623,2.135591983795166,2.606165885925293,1.0,6.87188196182251,3.033417224884033,5.434635162353516,5.001159191131592,1.0,48.092079162597656,1.2305290699005127,1.0848112106323242,1.0,1.579471468925476,1.2708821296691895,1.1248769760131836,1.0947046279907227,3.7499823570251465,1.1576528549194336,1.030439019203186,126.4666519165039,3.9440364837646484,4.920032024383545,7.794941425323486,1.4415934085845947,1.6971536874771118,3.3171772956848145,12.751067161560059,1.9583863019943237,2.238485813140869,6.339274883270264,3.143347978591919,5.8264079093933105,1.0,131.25006103515625,152.37576293945312,10.825906753540039,5.991197109222412,8.665663719177246,6.500965118408203,1.0,29.81300926208496,12.763863563537598,10.137001037597656,27.971033096313477,7.471062183380127,46.57231903076172,1.0,17.578012466430664,2.6391336917877197,9.49401569366455,3.1342990398406982,12.179959297180176,2.4264683723449707,1.0,15.01307201385498,92.991943359375,1.0,5.9822258949279785,35.34847640991211,21.190874099731445,8.5001220703125,29.387786865234375,19.36102294921875,5.772383213043213,5.030111312866211,10.77692985534668,12.418989181518555,170.5533447265625,100.64796447753906,109.25423431396484,76.88078308105469,65.39972686767578,165.56002807617188,84.35826873779297,673.2804565429688,174.77403259277344,74.40289306640625,138.45123291015625,33.27094650268555,225.80506896972656
TEST_04+1일,6.745662689208984,42.9739875793457,8.409829139709473,5.484991550445557,2.3276190757751465,2.694749355316162,1.0,2.2539048194885254,1.7599238157272339,1.0,2.1815860271453857,2.43575119972229,1.0,1.0,1.0,1.0,66.06816101074219,1.4235553741455078,2.4108872413635254,42.0052375793457,15.972200393676758,1.1384985446929932,2.0968689918518066,1.0,8.620125770568848,11.250548362731934,18.07681655883789,25.975406646728516,20.169950485229492,7.278929710388184,7.895483493804932,3.019836664199829,3.1218066215515137,3.864659547805786,1.0,4.606473922729492,59.86069869995117,9.511589050292969,2.9306211471557617,42.59953689575195,24.848392486572266,2.180286169052124,1.0,5.429373741149902,1.3577263355255127,3.2992663383483887,1.7382084131240845,2.6164958477020264,1.0,2.609846591949463,10.64245319366455,1.1877847909927368,5.976646900177002,1.0,8.185476303100586,1.0808608531951904,4.088959693908691,2.118196725845337,1.3341954946517944,1.986676573753357,8.63791561126709,13.349701881408691,19.281774520874023,14.406074523925781,13.83156681060791,2.418564796447754,2.1087470054626465,1.3472868204116821,3.1138598918914795,2.4081170558929443,6.184506893157959,1.2423877716064453,2.3987412452697754,1.8483319282531738,6.892817974090576,1.6036486625671387,1.0,2.831242799758911,2.0016932487487793,6.182056903839111,2.5671515464782715,3.341996669769287,2.1177597045898438,2.24989652633667,2.290987253189087,3.3436617851257324,5.869858741760254,2.7539849281311035,3.505220890045166,6.323191165924072,56.33720397949219,2.3052382469177246,5.8014960289001465,6.8660149574279785,1.0,3.324430465698242,3.118990182876587,1.0,23.50412368774414,6.097061634063721,3.6447038650512695,1.85465669631958,6.461117744445801,1.2087945938110352,151.99900817871094,8.588875770568848,29.350101470947266,5.662490367889404,3.417865037918091,1.608192801475525,3.9591565132141113,1.0,3.8158211708068848,1.5514105558395386,3.044480323791504,1.0,3.1652300357818604,3.425398826599121,3.397252082824707,2.6625781059265137,1.2979540824890137,25.442047119140625,1.4430837631225586,1.0,1.0,1.0,1.0,1.0,1.2536368370056152,3.1442627906799316,1.0,1.0971364974975586,1.0,3.662951707839966,2.235889196395874,1.479091763496399,1.9917339086532593,2.037670850753784,1.0,2.840641736984253,2.503549814224243,1.3715648651123047,4.4043073654174805,1.21670401096344,6.865128993988037,1.0,91.66411590576172,135.91424560546875,6.811995506286621,3.5157487392425537,8.777463912963867,17.393869400024414,1.0,23.074939727783203,1.0,5.9075798988342285,15.623191833496094,5.097654342651367,4.5571393966674805,6.296952247619629,5.939436435699463,1.3862371444702148,7.529787540435791,4.128805160522461,5.522211074829102,12.923365592956543,2.5298001766204834,6.472689151763916,1.0,20.80119514465332,11.027974128723145,13.197291374206543,6.130290985107422,1.0,7.816938877105713,1.0,1.448320984840393,1.7000107765197754,6.971993923187256,1.068285346031189,93.43081665039062,38.04263687133789,74.18194580078125,19.636980056762695,66.06134796142578,67.77819061279297,53.939212799072266,282.12603759765625,58.564205169677734,82.99238586425781,49.823707580566406,25.906103134155273,101.37159729003906
TEST_04+2일,4.912969589233398,49.44676208496094,2.481873035430908,1.3351093530654907,1.577620029449463,1.5626062154769897,9.562302589416504,1.0616755485534668,1.2002712488174438,1.0,1.2597332000732422,1.0,1.0,1.0094538927078247,1.0,1.0,45.921382904052734,1.0,1.1732264757156372,41.375850677490234,16.31978988647461,1.5965378284454346,1.0,6.558143615722656,35.82777404785156,26.068500518798828,21.613494873046875,30.139272689819336,5.778436183929443,1.769075632095337,2.1837780475616455,2.2865753173828125,1.0,3.4355430603027344,1.0,3.3216941356658936,26.67343521118164,1.0677822828292847,1.671068549156189,15.25204849243164,5.605482578277588,1.1198453903198242,1.0,7.660097599029541,3.3638916015625,1.5044950246810913,1.2410935163497925,1.9482051134109497,1.0884478092193604,1.0,7.327442169189453,1.0,4.772572040557861,1.0,3.0639281272888184,1.0,2.2814254760742188,1.8078290224075317,2.507751703262329,1.3034801483154297,1.762704849243164,8.654932975769043,15.140961647033691,8.619068145751953,12.845518112182617,2.6219630241394043,1.8547942638397217,1.0,1.4726108312606812,1.0,1.0,1.0,1.0798789262771606,1.0748211145401,1.7722241878509521,1.3018985986709595,1.0312741994857788,1.0,2.2235045433044434,1.8182487487792969,1.0,1.0,1.0501070022583008,3.7978265285491943,2.767874240875244,1.922635793685913,1.0,1.1797535419464111,2.3720109462738037,1.4545841217041016,77.74859619140625,1.4168715476989746,3.693190336227417,4.2723469734191895,1.0,1.8936264514923096,2.718249559402466,1.0,6.3198561668396,1.678905963897705,1.6741787195205688,1.0,2.1232352256774902,1.0,64.5339584350586,98.55596160888672,14.086462020874023,3.004732131958008,3.1782383918762207,1.0,2.8101236820220947,1.7036519050598145,1.5371774435043335,2.2932236194610596,2.3930554389953613,1.0,2.47112774848938,4.012202262878418,3.4485793113708496,1.0744614601135254,1.0,71.93609619140625,1.1693341732025146,1.0,1.092292070388794,1.0,1.614776372909546,1.6860425472259521,2.0524532794952393,4.359914779663086,1.5590465068817139,1.0,97.04432678222656,1.879043698310852,3.0784149169921875,1.569800853729248,2.2608659267425537,2.1184377670288086,1.0,3.5462121963500977,2.6457533836364746,1.0050570964813232,2.201219320297241,2.497716188430786,3.4347972869873047,4.078949451446533,102.68611145019531,300.01373291015625,3.5957958698272705,3.9076249599456787,5.4518842697143555,7.699546813964844,1.0,10.640141487121582,4.992805004119873,10.848152160644531,10.06758975982666,1.8482195138931274,1.0,5.4539384841918945,3.701439380645752,1.0990573167800903,3.452819347381592,2.2514190673828125,4.341841220855713,3.1121668815612793,6.8060126304626465,2.3986685276031494,1.0,1.0,29.50815773010254,1.0,10.70023250579834,15.620704650878906,7.417892932891846,1.0,2.86985445022583,1.3786511421203613,18.447053909301758,1.0,5.042391777038574,22.315261840820312,21.82726287841797,1.0,11.168998718261719,14.346269607543945,18.80375862121582,13.616904258728027,1.0,4.7093305587768555,16.246387481689453,6.115194797515869,26.78829002380371
TEST_04+3일,3.9553897380828857,48.059444427490234,2.904345989227295,1.603305459022522,1.2636888027191162,1.9875023365020752,22.153331756591797,1.7122385501861572,1.136404275894165,1.0,3.1909968852996826,1.1073665618896484,1.0,1.0,1.0,1.0,89.99976348876953,1.0,1.0222043991088867,84.66622924804688,35.515464782714844,1.2928463220596313,1.0,1.7388007640838623,18.046329498291016,23.733781814575195,14.338334083557129,42.83118438720703,5.826810836791992,4.413394451141357,5.002451419830322,1.8589500188827515,2.4754281044006348,2.0674667358398438,1.0,2.9236488342285156,12.125052452087402,7.858272075653076,1.8479011058807373,9.480633735656738,7.038880348205566,3.4621200561523438,1.0,9.263383865356445,2.2398927211761475,1.0425044298171997,1.4060946702957153,1.2148845195770264,1.0,1.0,12.077107429504395,1.0,9.419013023376465,1.0,3.107868194580078,3.327540636062622,2.3646812438964844,2.412120819091797,1.5883257389068604,1.4246424436569214,1.9003207683563232,4.627152442932129,10.950708389282227,9.137828826904297,11.207304954528809,1.0366624593734741,1.8702691793441772,1.0,2.246793746948242,1.0,3.9643871784210205,1.0,1.8768023252487183,2.850842237472534,3.5337343215942383,1.0,1.0,1.958761215209961,3.8659908771514893,3.331676483154297,2.0957529544830322,1.153498888015747,1.8402855396270752,2.3737704753875732,3.334681510925293,1.377652645111084,2.5019171237945557,1.540334939956665,5.09724235534668,2.8237102031707764,102.80387878417969,1.641549825668335,1.89764404296875,3.742253541946411,1.0,1.5794916152954102,2.1969895362854004,1.0,11.086835861206055,3.1814935207366943,2.0322041511535645,1.8401538133621216,1.0,1.0,60.19890213012695,35.74452209472656,1.8965556621551514,2.2559127807617188,5.833678245544434,1.0,1.762876033782959,1.0,1.3588621616363525,1.6888419389724731,1.3710118532180786,1.0,1.4270542860031128,3.303598403930664,1.621866226196289,1.0,1.2723946571350098,70.17578887939453,1.0402274131774902,1.0,1.091031789779663,1.5767955780029297,1.6708823442459106,1.6790671348571777,1.900974154472351,9.562896728515625,1.5934326648712158,1.6778966188430786,73.90465545654297,1.6447347402572632,3.297306537628174,1.1860895156860352,2.3646116256713867,1.3240727186203003,1.0,3.145754814147949,2.5085222721099854,1.0,1.8865896463394165,1.9142465591430664,3.999082565307617,1.0,174.73973083496094,287.72021484375,3.4582252502441406,6.125748157501221,5.703571796417236,4.287983417510986,1.0,8.624124526977539,1.0,1.1818019151687622,3.757528305053711,1.359906554222107,1.0,16.72700309753418,2.7379143238067627,1.0,3.809460163116455,1.983664870262146,2.912371873855591,3.883763074874878,1.3381733894348145,1.314333200454712,1.0,1.0,5.380456924438477,1.0,9.925209999084473,3.372417688369751,4.187513828277588,6.679887294769287,4.868862628936768,2.2062883377075195,10.11674976348877,1.0,8.640738487243652,10.931448936462402,3.6025989055633545,1.0,13.203106880187988,1.0,11.289281845092773,1.0,15.82750415802002,12.873908042907715,3.9664249420166016,2.5853230953216553,13.301996231079102
TEST_04+4일,4.9637532234191895,81.13360595703125,2.1388399600982666,2.367652654647827,1.5551507472991943,1.6299420595169067,23.774152755737305,1.8241046667099,1.1177226305007935,1.0,1.9142875671386719,1.0,1.0,1.0535215139389038,1.0,1.0499420166015625,39.606536865234375,1.0,1.1036453247070312,40.8486328125,16.713903427124023,1.1222825050354004,1.0,2.769582986831665,10.198066711425781,19.796140670776367,29.395660400390625,35.82533645629883,3.327488422393799,1.7760692834854126,1.6233453750610352,2.0334975719451904,1.2393862009048462,2.779600143432617,1.0,12.152170181274414,17.364591598510742,1.0,2.7508835792541504,14.587815284729004,4.850534915924072,1.3207119703292847,1.0,8.42243480682373,3.381436586380005,1.0,4.4043989181518555,1.0,1.1953377723693848,1.0,10.342096328735352,1.0,5.90061092376709,1.0,6.225579738616943,2.2360446453094482,5.242700099945068,1.9508299827575684,1.2207722663879395,1.3778413534164429,1.6897163391113281,5.0846991539001465,4.47433614730835,4.4360857009887695,12.073253631591797,1.849205493927002,3.2990434169769287,1.0691237449645996,1.0656636953353882,1.366289734840393,2.338996648788452,1.0,1.3315773010253906,1.6210277080535889,2.164057493209839,1.0,1.0,1.7975813150405884,3.5357627868652344,2.287174701690674,1.681876540184021,1.0,1.0,2.4115681648254395,2.487014055252075,1.670100212097168,2.9211697578430176,1.0,2.377119541168213,1.7268091440200806,81.98572540283203,1.6467384099960327,2.5515546798706055,4.79113245010376,1.0,2.8395426273345947,4.068770408630371,1.6594727039337158,11.074311256408691,2.6275551319122314,2.435631275177002,1.0163487195968628,1.5278440713882446,1.0,17.300617218017578,29.67685890197754,1.0091180801391602,2.598392963409424,4.310614585876465,1.0,3.3428549766540527,1.0,2.0599865913391113,1.7343753576278687,1.5462716817855835,1.0088343620300293,3.6964144706726074,2.8964295387268066,3.8632237911224365,1.1650339365005493,1.6567069292068481,89.87223815917969,1.1998083591461182,1.0,1.0846368074417114,1.0,1.0,1.0770070552825928,1.9716590642929077,8.335902214050293,1.4975364208221436,1.5757639408111572,74.59192657470703,2.9467926025390625,1.7901685237884521,1.779581069946289,1.274018406867981,1.5217499732971191,1.0,3.163825750350952,1.5883022546768188,1.3320930004119873,1.783352017402649,1.7133727073669434,3.8520634174346924,5.304723262786865,150.6537628173828,281.3212585449219,6.327814102172852,3.9147279262542725,3.561237096786499,12.141950607299805,1.0,8.617141723632812,12.555323600769043,12.505398750305176,7.7296037673950195,1.0,1.0,10.354207992553711,1.0,1.1802436113357544,4.61766242980957,4.935550212860107,7.648117542266846,1.0,4.899674892425537,1.3882098197937012,12.173491477966309,1.0,6.718358039855957,1.0,5.074604511260986,1.2773897647857666,1.0,1.0,1.8595173358917236,1.0,14.396130561828613,11.30364990234375,1.0,3.2904093265533447,1.0,1.0,2.6301300525665283,1.0,5.057774066925049,1.0,1.0,6.887573719024658,14.134703636169434,4.005077838897705,10.082127571105957
TEST_04+5일,6.324559211730957,51.20935821533203,2.5703659057617188,1.9901230335235596,1.8320283889770508,2.695059299468994,20.125926971435547,3.3552961349487305,1.3616275787353516,1.0,2.330213785171509,1.0,1.0,1.0,1.0,1.0,29.165327072143555,1.0,1.694193959236145,40.16734313964844,19.707107543945312,1.8077747821807861,1.2262585163116455,8.98408317565918,33.92001724243164,28.452625274658203,25.046262741088867,81.29918670654297,5.746578693389893,2.511096715927124,3.2791507244110107,1.6028605699539185,1.0,4.8106303215026855,1.0,2.250436544418335,12.774624824523926,3.881782293319702,1.1993650197982788,10.767386436462402,7.283022880554199,1.050544023513794,1.0,7.96600866317749,2.0127248764038086,1.2521841526031494,1.1602987051010132,1.6810121536254883,1.1665096282958984,1.0,7.12124490737915,1.0,13.95954418182373,1.0,3.3609068393707275,1.2385766506195068,2.079972982406616,1.7258425951004028,1.0395565032958984,1.861660122871399,1.2729218006134033,7.4629998207092285,8.638372421264648,5.544642925262451,9.280250549316406,2.7112162113189697,2.35943865776062,1.0,1.462837815284729,1.4968141317367554,1.8347347974777222,1.0,1.9900383949279785,2.828169584274292,3.8953540325164795,1.6438299417495728,1.239017128944397,1.4203766584396362,1.8976047039031982,2.530439615249634,1.9494072198867798,1.0,1.2281962633132935,2.3374412059783936,2.196784019470215,1.0,1.0,2.887345314025879,4.969298839569092,2.861787796020508,26.631343841552734,1.0,2.0091075897216797,3.128169536590576,1.0,2.361706256866455,1.9760392904281616,1.0212433338165283,5.991630554199219,4.633548736572266,2.244913101196289,1.0,2.211566925048828,1.0,31.06633758544922,38.38309860229492,2.6012704372406006,2.449291229248047,3.033029794692993,1.0416096448898315,1.7359999418258667,1.0,1.0,1.146917462348938,1.0111509561538696,1.0,2.703805923461914,4.005310535430908,3.2743537425994873,1.6543453931808472,1.3436635732650757,135.77059936523438,1.5570634603500366,1.9120221138000488,1.3605784177780151,1.0,1.0,1.0134261846542358,2.3783740997314453,8.796709060668945,1.7109614610671997,1.6276239156723022,73.38643646240234,2.4873249530792236,2.9662435054779053,2.7261390686035156,1.9332691431045532,2.399510622024536,1.0,1.9849047660827637,2.16163969039917,1.2711522579193115,3.8883988857269287,1.3405365943908691,4.536517143249512,6.7374653816223145,109.18757629394531,483.8993225097656,15.55276107788086,6.118592262268066,6.9003095626831055,1.2147672176361084,1.0,21.400436401367188,1.0,11.364733695983887,18.84293556213379,2.2649877071380615,1.0,8.223123550415039,5.208038806915283,1.6800836324691772,9.090497016906738,8.941003799438477,13.162577629089355,8.003026008605957,4.709127902984619,2.8656487464904785,1.0,1.0,22.419002532958984,9.122420310974121,16.157329559326172,2.7810895442962646,5.937714576721191,1.0,2.6763975620269775,1.148081660270691,10.947463989257812,10.49631118774414,1.0,7.232174873352051,1.0,1.0,1.9630944728851318,1.0,9.40295124053955,1.0,12.069839477539062,10.334086418151855,19.04789924621582,4.48854923248291,21.597549438476562
TEST_04+6일,7.493100166320801,67.94103240966797,7.30252742767334,4.9625372886657715,2.047584056854248,3.714470863342285,15.951809883117676,1.498024582862854,1.0,1.0,3.7815234661102295,1.6269124746322632,1.4265906810760498,1.2071410417556763,3.1203107833862305,1.0,27.998653411865234,1.0,1.7031092643737793,41.58666229248047,12.69946575164795,1.656506061553955,1.1704601049423218,5.5433430671691895,35.0317268371582,33.70216369628906,29.305795669555664,115.71067810058594,1.6257389783859253,2.655346632003784,1.9544861316680908,1.7038812637329102,1.8124523162841797,1.6743335723876953,1.0,3.458204984664917,20.89352798461914,9.64311695098877,2.420111656188965,20.644882202148438,5.251199722290039,1.7062498331069946,1.0,5.595119476318359,2.8020875453948975,1.0,1.6537902355194092,1.9717735052108765,1.0,1.0,8.187054634094238,1.0,10.659869194030762,1.0,3.3976497650146484,1.8664625883102417,2.6940762996673584,1.1296933889389038,2.3988513946533203,1.4394652843475342,4.180219650268555,3.958576202392578,14.336201667785645,16.647724151611328,6.180139541625977,1.5035854578018188,1.7201670408248901,1.0,1.7598528861999512,1.0,2.8549039363861084,1.0,1.3103196620941162,7.504250526428223,1.0380874872207642,1.0,1.0,1.2829632759094238,2.217660427093506,2.500365734100342,1.4275753498077393,1.0,1.8036280870437622,3.3091938495635986,2.35913348197937,2.010344982147217,1.5726523399353027,1.3236085176467896,2.826633930206299,4.473391532897949,51.036590576171875,3.4377729892730713,2.4967901706695557,8.935139656066895,1.0,1.4443984031677246,2.0860350131988525,1.6970337629318237,24.2348575592041,4.662530422210693,2.7559187412261963,1.0,1.563661813735962,1.0,10.325685501098633,59.191524505615234,7.702498912811279,5.445076942443848,19.03278160095215,2.065422773361206,1.4885560274124146,1.0,1.0,1.8398401737213135,1.868412971496582,1.0,3.7094597816467285,4.833556175231934,2.978741407394409,1.2884575128555298,1.029378056526184,68.47160339355469,1.641008973121643,1.3093316555023193,1.543941855430603,1.5783228874206543,1.5720155239105225,1.6697094440460205,2.485708713531494,7.2650146484375,1.0,1.0504928827285767,64.94930267333984,3.203737258911133,3.3406524658203125,3.3970835208892822,2.826206684112549,4.4600911140441895,1.0,5.25680685043335,2.5568342208862305,1.1215837001800537,4.919597625732422,1.6769486665725708,1.4370685815811157,11.743173599243164,322.2214050292969,347.8562927246094,9.547250747680664,6.074126720428467,7.699130058288574,11.413895606994629,1.0,12.537585258483887,1.0,7.430089950561523,24.668859481811523,2.304454803466797,1.0,14.001873970031738,6.39992094039917,2.346306800842285,5.049939155578613,5.6999006271362305,6.455594539642334,11.418338775634766,6.4862799644470215,4.009651184082031,64.70832061767578,60.97505569458008,14.016733169555664,15.340163230895996,3.080573081970215,1.2123973369598389,4.7285943031311035,3.919384002685547,3.582797050476074,1.6006124019622803,16.756179809570312,18.516681671142578,1.0,13.849801063537598,1.0,1.0,3.217200756072998,1.0,6.251601219177246,1.0,2.9832019805908203,1.0,19.055936813354492,6.2928667068481445,8.7554349899292
TEST_04+7일,11.996480941772461,42.82942581176758,11.80431079864502,8.24147891998291,2.952065944671631,2.264408826828003,4.655313491821289,1.2064813375473022,1.9208791255950928,1.0,1.0217491388320923,1.3854632377624512,1.0,1.0,4.71270227432251,1.0963172912597656,19.356325149536133,1.6032298803329468,3.006101369857788,13.190276145935059,15.945423126220703,2.6552088260650635,1.5298500061035156,5.80649471282959,1.0,20.296268463134766,39.29645919799805,49.47862243652344,1.8700613975524902,2.3746352195739746,1.7790169715881348,5.812826633453369,3.34747576713562,2.780407428741455,1.0,2.3277652263641357,44.62693405151367,6.39272403717041,5.7464823722839355,42.2001838684082,11.600517272949219,2.2768185138702393,1.0,4.667880058288574,1.8203740119934082,2.545280694961548,3.0698418617248535,1.7819244861602783,1.0,1.0014307498931885,11.34825325012207,1.0,4.3844194412231445,1.0,6.559737682342529,2.3205854892730713,4.304795742034912,2.0774989128112793,2.3726935386657715,3.451437473297119,5.592170238494873,3.8753440380096436,12.397262573242188,11.924171447753906,9.547708511352539,4.136970520019531,4.399361610412598,2.4849789142608643,4.304925441741943,1.0,3.9795327186584473,1.0,2.5280280113220215,2.6160645484924316,4.330826759338379,1.4553086757659912,1.3252782821655273,2.1622252464294434,1.0629371404647827,5.060715198516846,3.904015302658081,1.0,1.5557047128677368,2.899345874786377,5.230877876281738,4.494318962097168,3.03726863861084,2.246838331222534,4.846199035644531,3.676217555999756,21.888410568237305,2.594212532043457,4.69589376449585,11.674392700195312,1.0,3.72306489944458,2.914816379547119,1.0,13.923401832580566,11.505951881408691,5.035767555236816,1.4694795608520508,8.187219619750977,1.0,99.85989379882812,15.375833511352539,13.0440673828125,10.387489318847656,5.666076183319092,1.0,3.7182884216308594,1.0,3.490624189376831,2.827981472015381,4.662629127502441,1.3726550340652466,3.7591915130615234,5.321377277374268,6.273329734802246,3.2317466735839844,1.6094130277633667,62.35563659667969,1.208643913269043,1.0,1.108402132987976,1.6816972494125366,1.1438624858856201,1.003164529800415,1.4291614294052124,3.6477408409118652,1.034435510635376,1.0,97.5267562866211,6.529595375061035,4.378252029418945,5.606544494628906,5.492555618286133,4.19283390045166,1.0,7.319490432739258,3.7578635215759277,1.87274169921875,4.296384811401367,3.405235528945923,4.928094387054443,1.0,89.05284118652344,206.66082763671875,7.975765228271484,7.7017717361450195,9.016118049621582,13.191843032836914,1.0,18.092029571533203,15.038063049316406,5.544888973236084,16.220502853393555,5.873037815093994,1.0,8.611613273620605,8.043410301208496,1.1351746320724487,7.041036128997803,1.3032392263412476,5.116943836212158,3.5132012367248535,8.008645057678223,7.18913459777832,1.0,1.0,12.172119140625,13.253838539123535,24.08599853515625,2.1933741569519043,13.334001541137695,1.0,5.096019744873047,2.047987222671509,7.807681083679199,18.92315101623535,1.0,16.613004684448242,1.0,1.0,15.92501449584961,4.614524841308594,11.44929313659668,1.0,1.0,1.0,20.298500061035156,2.7333109378814697,22.424455642700195
TEST_05+1일,7.350783824920654,25.181846618652344,10.027534484863281,1.1350659132003784,1.0,2.099614143371582,1.920082926750183,1.7749987840652466,4.046650409698486,1.0,1.0039304494857788,1.0,1.0,1.0,1.2360920906066895,1.0,19.43907356262207,1.0,1.0,8.383495330810547,7.101136684417725,2.363344430923462,1.0,1.0,3.8098225593566895,11.72713851928711,7.758594036102295,39.964027404785156,15.428556442260742,6.439352512359619,3.391489267349243,2.6864418983459473,2.1441590785980225,3.3158791065216064,1.0,2.962517023086548,49.056068420410156,6.40954065322876,3.719921827316284,25.40228843688965,29.870216369628906,1.0,1.0,1.0,1.136257529258728,2.6908204555511475,1.0,3.4541313648223877,1.7027373313903809,4.967320442199707,23.145408630371094,3.2194221019744873,11.78462028503418,3.274320125579834,1.8106834888458252,2.640268325805664,1.269254446029663,2.145456314086914,1.0,2.0785748958587646,29.30373764038086,13.101846694946289,10.359532356262207,15.227766036987305,6.36274528503418,1.0,1.0,2.0115058422088623,7.895415306091309,4.2644944190979,2.113482713699341,6.373159408569336,1.5266573429107666,1.0,4.94722318649292,2.8999528884887695,1.471058964729309,3.0322439670562744,2.107132911682129,2.0392820835113525,2.5086846351623535,1.4452871084213257,2.330615997314453,7.048243999481201,4.307095050811768,5.835721015930176,7.026358604431152,2.2197611331939697,4.0077595710754395,9.367066383361816,13.031237602233887,2.1946823596954346,6.484161376953125,8.748147964477539,1.0,6.681873798370361,2.2302682399749756,1.8195111751556396,7.222090244293213,13.496621131896973,3.8322067260742188,2.8989150524139404,1.1286430358886719,1.0,142.7398681640625,28.077983856201172,50.9737663269043,2.486633777618408,2.8751208782196045,2.784938335418701,6.482168197631836,1.0,1.6968032121658325,1.4720699787139893,3.595297336578369,1.0,3.4988420009613037,1.0,3.629622220993042,4.175815582275391,1.0,7.486629962921143,1.0,1.0,1.0,1.0,1.0,1.0,1.0,1.3160470724105835,1.0,1.0,1.0,6.721097946166992,5.918939590454102,3.306910991668701,2.9410319328308105,1.9787524938583374,2.1680939197540283,12.242518424987793,3.0467870235443115,2.746580123901367,6.013885498046875,1.678468942642212,58.61463928222656,37.10898208618164,35.237892150878906,20.77402687072754,76.5086898803711,48.97608947753906,54.36749267578125,1.0,2.942870855331421,188.11473083496094,108.873779296875,105.68541717529297,71.79911041259766,28.16877555847168,32.217124938964844,51.75547409057617,69.88195037841797,7.9218668937683105,26.425565719604492,20.476585388183594,90.3083267211914,74.81600189208984,17.24863624572754,1.1658810377120972,344.1438293457031,400.2427978515625,68.70640563964844,336.9533996582031,47.49125289916992,102.38701629638672,99.57423400878906,185.16151428222656,56.055397033691406,11.003594398498535,108.67051696777344,92.46957397460938,9.397051811218262,3.747126579284668,10.5839204788208,1.0,7.819849967956543,11.140750885009766,3.790454864501953,77.8756103515625,5.3187575340271,2.500298023223877,22.114877700805664,1.7212241888046265,3.917357921600342
TEST_05+2일,4.04140567779541,23.363935470581055,6.092060089111328,2.679999589920044,1.0,3.2885918617248535,2.9370107650756836,1.4541486501693726,4.524440288543701,1.0,1.0900813341140747,1.0,1.0,1.0,1.0,1.0,5.4675068855285645,1.4472190141677856,1.0,3.087705373764038,3.8058807849884033,3.9252212047576904,1.0,1.0136799812316895,13.56722354888916,18.35536766052246,8.305848121643066,34.54057312011719,16.13372039794922,5.4097676277160645,2.969987392425537,3.9057395458221436,1.7458381652832031,4.659702777862549,1.1248548030853271,3.829374074935913,45.51688766479492,2.701049327850342,5.590365409851074,37.550960540771484,22.473934173583984,2.2053475379943848,1.0,6.127673149108887,2.0741255283355713,3.732442617416382,1.6612540483474731,3.457674264907837,1.2235323190689087,4.106361389160156,18.64729881286621,4.071558952331543,5.581082820892334,2.631885290145874,2.333730459213257,2.662994384765625,1.023040533065796,3.1439852714538574,1.0714439153671265,6.558489799499512,19.80070686340332,14.768196105957031,14.319084167480469,17.238479614257812,8.141555786132812,2.710113525390625,1.1067192554473877,1.0,2.4991180896759033,2.4770889282226562,1.0580869913101196,2.5037050247192383,1.0,1.480828046798706,2.005457639694214,3.1225626468658447,2.6359665393829346,1.530861735343933,1.7557387351989746,1.8429393768310547,1.8916661739349365,2.7097957134246826,1.0,3.205984592437744,3.4677517414093018,4.40153694152832,3.3418898582458496,1.0480995178222656,3.3525164127349854,4.338308811187744,16.296037673950195,1.280531644821167,4.085336208343506,9.451181411743164,1.0,3.8494889736175537,2.004370927810669,1.0,4.459691047668457,9.003432273864746,3.6696226596832275,1.1163798570632935,1.5881860256195068,1.0,74.156005859375,145.66453552246094,49.08903503417969,4.014536380767822,7.203756809234619,1.4295437335968018,7.008768081665039,1.0,3.348273992538452,1.3062138557434082,1.7135915756225586,1.0,5.233463764190674,2.2062196731567383,1.9704113006591797,2.6132454872131348,1.0,16.924301147460938,1.0,1.0,1.0,1.0,1.0,1.0,1.0,1.6612167358398438,1.0,1.0,53.53456115722656,4.469486713409424,2.2925288677215576,3.251478433609009,2.021778106689453,1.515466332435608,3.604494094848633,12.303021430969238,2.553664207458496,2.8868637084960938,5.983898162841797,3.054858684539795,55.40310287475586,51.04822540283203,47.653377532958984,51.85472869873047,72.5154800415039,46.571537017822266,51.701255798339844,1.0,5.534366607666016,182.3893280029297,96.00389862060547,98.94955444335938,74.41230773925781,29.54764747619629,1.0,38.98590087890625,66.42145538330078,11.30273723602295,35.05205154418945,23.58679962158203,92.08009338378906,59.55856704711914,26.963346481323242,1.0,385.77532958984375,234.298095703125,99.2581787109375,345.8209228515625,73.42345428466797,73.17965698242188,110.78289794921875,239.1550750732422,59.7620849609375,20.966331481933594,111.0063705444336,68.61608123779297,12.431063652038574,12.079955101013184,19.143997192382812,1.0,7.086129665374756,1.0,7.688109397888184,83.96209716796875,2.573481798171997,4.630309104919434,17.335895538330078,4.389912128448486,2.4747843742370605
TEST_05+3일,8.919144630432129,28.008220672607422,10.282306671142578,1.2612777948379517,1.0,7.899918556213379,2.8308236598968506,2.0544111728668213,8.11445426940918,1.424801230430603,1.0,1.0,1.0,1.0,1.0,1.0,1.69571053981781,1.0,1.1802181005477905,4.286263942718506,2.7516796588897705,1.757733941078186,1.0,1.0,6.499984264373779,17.247379302978516,3.761174440383911,31.634973526000977,12.714299201965332,5.575582981109619,1.4236886501312256,3.8689849376678467,3.515124797821045,1.0,1.1113224029541016,2.729279041290283,41.491859436035156,9.775487899780273,5.6689958572387695,21.734180450439453,22.662485122680664,2.3547263145446777,1.0,4.432607650756836,1.8533679246902466,3.1943256855010986,1.0,1.240425944328308,1.32224440574646,2.9078011512756348,29.287965774536133,1.925541877746582,11.384310722351074,1.9147080183029175,1.2375890016555786,3.160127639770508,1.0,2.4433631896972656,1.0,1.0,16.551841735839844,9.615058898925781,3.0583488941192627,19.25910758972168,7.645843982696533,1.7422415018081665,2.132256507873535,2.0267233848571777,5.693697452545166,1.8949275016784668,1.9024797677993774,3.690168857574463,1.1259446144104004,1.93063485622406,7.826650619506836,1.5817935466766357,1.4900771379470825,2.3236913681030273,3.704289436340332,4.8173627853393555,2.6033992767333984,2.1589279174804688,2.5402066707611084,3.503859281539917,4.849377632141113,3.8599319458007812,3.75559139251709,2.688397169113159,4.224270343780518,5.577976226806641,9.581145286560059,1.5280948877334595,5.606071949005127,8.267868995666504,1.0,3.912014961242676,1.3403387069702148,1.0,4.558783054351807,6.259909629821777,3.960232734680176,2.2696986198425293,1.4587771892547607,1.0,47.439273834228516,137.0025634765625,44.03883361816406,6.607268333435059,5.9954400062561035,1.3216276168823242,5.927037239074707,1.0,2.1197550296783447,1.0,1.8949216604232788,2.235387086868286,2.7022979259490967,1.6697465181350708,2.903959035873413,2.65803599357605,2.3549251556396484,13.8871488571167,1.0,1.0,1.0,1.0,1.0,1.0,1.0,1.0,1.0,1.0,37.92073059082031,5.009244918823242,2.8570685386657715,3.179514169692993,1.8054847717285156,1.9183543920516968,1.1470023393630981,12.115540504455566,1.7742688655853271,1.714870810508728,2.8929779529571533,2.785719394683838,62.187870025634766,41.33592987060547,46.98605728149414,74.28827667236328,83.7752914428711,48.91809844970703,47.2628173828125,1.0,6.14551305770874,175.5855255126953,78.83563232421875,63.134891510009766,59.918174743652344,25.8355712890625,1.0,67.55931091308594,55.365264892578125,7.743310451507568,33.88814926147461,16.967954635620117,87.20173645019531,60.801273345947266,13.836400032043457,1.6202515363693237,419.5823974609375,164.9467010498047,55.28602981567383,292.0885314941406,35.95884323120117,90.3835678100586,81.63467407226562,172.39723205566406,60.19407653808594,19.772994995117188,113.28569793701172,76.44271850585938,1.0,3.9361019134521484,1.048241376876831,3.506899833679199,7.290094375610352,1.0,2.5884146690368652,36.325462341308594,5.1194257736206055,1.016666293144226,8.811367988586426,1.0,1.0
TEST_05+4일,14.959956169128418,23.677217483520508,4.820310592651367,2.3735578060150146,1.2470899820327759,4.244006633758545,3.4957966804504395,1.827134370803833,2.4740655422210693,1.0,1.561802864074707,1.0,1.0,1.0,1.0,1.0,6.0009765625,1.0,1.0,5.810029983520508,2.4589765071868896,1.5375094413757324,1.0,3.2193548679351807,5.545328140258789,18.737567901611328,16.376893997192383,32.930118560791016,22.430673599243164,5.7499589920043945,2.753286361694336,4.100488662719727,1.3173218965530396,2.727717876434326,2.2773594856262207,3.2999727725982666,35.90943145751953,4.215943813323975,4.345455646514893,26.05586814880371,23.67845916748047,2.2674710750579834,1.0,2.6081454753875732,1.0,1.129724144935608,1.0447041988372803,3.037135362625122,2.01371169090271,3.5478060245513916,31.390403747558594,2.4511730670928955,8.814484596252441,4.367806434631348,6.361817836761475,2.748650074005127,1.3044549226760864,1.5575997829437256,1.8064711093902588,1.915124773979187,24.207685470581055,13.483234405517578,15.672409057617188,13.213807106018066,8.478711128234863,1.0,1.0,2.917363166809082,4.8003010749816895,3.786835193634033,4.421544551849365,4.076289653778076,1.066799521446228,2.299201250076294,5.628543853759766,1.0,2.5535871982574463,2.6017487049102783,6.622612953186035,4.262643814086914,2.9372072219848633,3.4170656204223633,2.6086831092834473,1.1559721231460571,4.745509624481201,5.005021095275879,2.850235939025879,3.6151835918426514,6.0617475509643555,3.1375420093536377,3.4818499088287354,2.6452159881591797,4.59447717666626,3.1819045543670654,1.0,3.809959650039673,3.452704429626465,1.0,22.06476402282715,8.8192138671875,4.382902145385742,2.4980783462524414,1.214531660079956,1.0,131.95787048339844,35.87446975708008,42.32841873168945,2.3738038539886475,5.04181432723999,1.5005121231079102,2.8237223625183105,1.0,2.5104668140411377,1.0,1.1195590496063232,1.8930643796920776,6.662540435791016,4.536239147186279,3.4193179607391357,4.047937393188477,1.1593782901763916,19.268220901489258,1.0,1.0,1.0,1.0,1.0,1.0,1.0,2.310127019882202,1.0,1.0,24.38705825805664,5.23317813873291,1.277754783630371,2.080911636352539,2.047067880630493,1.3097898960113525,1.8388339281082153,10.655277252197266,1.0717172622680664,1.9075548648834229,4.198395729064941,1.5891695022583008,61.6741828918457,22.202760696411133,34.76606369018555,43.19383239746094,71.31336212158203,41.14207458496094,48.24555206298828,1.0,5.058619976043701,178.3140106201172,101.49208068847656,107.3077163696289,71.6540298461914,28.323699951171875,2.873549699783325,42.521053314208984,64.44173431396484,7.969446659088135,36.23393249511719,20.3715763092041,84.5885009765625,55.35566329956055,22.960983276367188,1.0,506.8392639160156,15.492772102355957,84.8874740600586,287.6009826660156,47.72061538696289,62.186771392822266,75.23544311523438,219.6761932373047,56.518211364746094,11.29175853729248,114.54191589355469,97.46243286132812,3.2922494411468506,1.0,1.0,1.4649631977081299,3.1342999935150146,5.480332851409912,1.0,23.63306999206543,5.582851886749268,1.0,15.271222114562988,1.0,1.0
TEST_05+5일,14.530816078186035,23.119197845458984,6.526557922363281,2.325626850128174,1.0628072023391724,10.167205810546875,4.4186692237854,2.811354875564575,12.964496612548828,1.0,1.0,1.0,1.0,1.0,1.0,1.0,1.0,1.0,1.0,9.25774097442627,4.7440314292907715,2.7748217582702637,1.0,6.065318584442139,15.718514442443848,30.661008834838867,16.3360652923584,30.00133514404297,13.168146133422852,8.124671936035156,5.330637454986572,2.759752035140991,3.835101366043091,2.1665384769439697,2.3719215393066406,5.37678337097168,51.807132720947266,4.647096157073975,3.819920301437378,25.72628402709961,29.838544845581055,1.6145081520080566,1.0,5.1939239501953125,2.374708414077759,2.6420516967773438,1.0394322872161865,2.2753794193267822,2.9180891513824463,4.32705020904541,30.10555648803711,1.5048274993896484,9.843306541442871,3.8773393630981445,1.9097940921783447,2.5715579986572266,1.0,2.9514293670654297,1.0,2.869657278060913,26.648866653442383,13.1525239944458,3.8956241607666016,18.261388778686523,7.020420551300049,2.244741916656494,1.5427569150924683,1.9084315299987793,5.66404914855957,1.8665329217910767,2.6342806816101074,3.370723247528076,1.7995235919952393,1.0,4.599521636962891,3.896713972091675,1.3335609436035156,3.732100248336792,1.8762353658676147,4.2722039222717285,2.828667640686035,1.7293425798416138,2.719359874725342,1.094550371170044,2.856611490249634,12.15955924987793,3.076353073120117,1.0,3.404782295227051,3.3053460121154785,24.010591506958008,1.0,4.515051364898682,9.292427062988281,1.0,2.1091108322143555,1.6323286294937134,1.0,26.53936195373535,9.729410171508789,3.213639736175537,3.8407487869262695,3.4326252937316895,1.0,24.877614974975586,137.4795684814453,43.20735168457031,3.566899061203003,4.488469123840332,2.1019906997680664,8.488993644714355,1.258979320526123,1.5224981307983398,1.0,1.0,2.025702476501465,5.750439167022705,1.8366669416427612,4.394033908843994,2.202946662902832,1.0,24.094554901123047,1.0,1.0,1.0,1.0,1.0,1.0,1.0,2.0785272121429443,1.0,1.0,39.18851089477539,3.843581438064575,3.460300922393799,3.0243852138519287,2.9026904106140137,1.6740580797195435,3.3387320041656494,7.420173168182373,2.7742812633514404,1.8860597610473633,8.680397033691406,1.3403130769729614,48.73728942871094,49.746437072753906,36.18742752075195,74.01724243164062,62.02696228027344,61.1777458190918,42.668296813964844,1.0,5.659882545471191,154.0253143310547,83.39433288574219,78.00588989257812,71.46560668945312,29.622995376586914,1.0,39.039432525634766,55.77153396606445,3.6348652839660645,24.703109741210938,25.875316619873047,84.73693084716797,70.31107330322266,25.0400447845459,1.4145809412002563,275.4527893066406,205.63262939453125,88.22775268554688,274.271240234375,48.54928970336914,64.8142318725586,68.81201934814453,164.05947875976562,44.157249450683594,12.57713794708252,87.76605224609375,93.26931762695312,6.162291526794434,1.4941767454147339,1.0,1.0,2.430806875228882,1.0,1.4328550100326538,23.61115074157715,5.80873966217041,1.0,15.27544116973877,1.0,7.078347682952881
TEST_05+6일,10.219043731689453,36.575279235839844,7.1727399826049805,2.6339335441589355,1.0,3.4576382637023926,4.837193965911865,1.3736865520477295,1.0702298879623413,1.0374091863632202,1.36014723777771,1.0,1.0,1.0,4.141343593597412,1.0,6.014706611633301,1.9927752017974854,1.1457045078277588,6.130985260009766,1.0,3.882463216781616,1.0837990045547485,3.184385299682617,17.13545036315918,48.263057708740234,14.66218090057373,47.71738815307617,5.969034194946289,4.086427688598633,2.3955976963043213,2.618914842605591,4.336186408996582,5.105443477630615,2.9926626682281494,4.291675567626953,30.93589210510254,12.278403282165527,3.54079008102417,25.654573440551758,12.724395751953125,2.302452802658081,1.0,3.6928842067718506,2.126997470855713,2.46111798286438,1.0,3.1244571208953857,1.0817805528640747,5.160955429077148,21.28742790222168,1.6056842803955078,8.975290298461914,1.6716818809509277,2.0784637928009033,1.3966903686523438,2.2514679431915283,1.7709033489227295,1.0,1.3175442218780518,22.595848083496094,7.86290979385376,8.058710098266602,16.230743408203125,4.99078369140625,2.6585533618927,1.9312288761138916,1.194307804107666,5.701561450958252,2.8777170181274414,3.94189715385437,2.702829122543335,1.6048766374588013,1.0,4.094970226287842,1.1965916156768799,1.8627886772155762,2.1195785999298096,2.784468650817871,4.938424110412598,2.67700457572937,1.4526338577270508,1.964105248451233,2.252586841583252,4.694342613220215,3.2984490394592285,3.8736774921417236,2.0545153617858887,2.802112579345703,5.128237724304199,16.32634162902832,1.4427872896194458,2.6238248348236084,6.701347827911377,1.0,1.0922601222991943,1.188970685005188,1.1060261726379395,17.90550994873047,6.401340484619141,4.952944755554199,1.493977665901184,1.0,1.0,4.093545913696289,124.31171417236328,58.84621810913086,3.149949789047241,5.302456855773926,1.4720972776412964,3.9272079467773438,1.0,3.085794687271118,1.0,1.070946455001831,1.0,3.241497755050659,1.156008005142212,2.0028440952301025,2.2356395721435547,1.0,26.642704010009766,1.0,1.0,1.0,1.5175845623016357,1.0,1.0,1.0,3.500214099884033,1.0,1.0,66.17046356201172,3.3807685375213623,2.113292932510376,3.121471643447876,1.3161967992782593,1.6402740478515625,3.173271417617798,9.616936683654785,2.558886766433716,2.034083127975464,6.329402446746826,2.676669120788574,44.771305084228516,60.8614501953125,53.91630935668945,42.882041931152344,54.45826721191406,43.82463455200195,45.60139083862305,1.0,6.582730770111084,158.27442932128906,71.90055084228516,95.39086151123047,61.82345199584961,29.391014099121094,1.0,59.97324752807617,45.14069747924805,6.035143852233887,34.17327117919922,19.86119270324707,82.98574829101562,91.89674377441406,30.747394561767578,2.1826114654541016,524.9756469726562,403.11322021484375,76.06492614746094,382.4061279296875,35.36907196044922,84.2800521850586,82.17274475097656,184.1649932861328,49.91963577270508,14.131180763244629,100.53428649902344,86.88822937011719,8.112687110900879,5.216944694519043,1.0,1.0,2.060189962387085,2.0352444648742676,1.300544261932373,20.580455780029297,6.243752479553223,3.116054058074951,30.925018310546875,2.1299643516540527,1.0
TEST_05+7일,6.194139003753662,20.517202377319336,5.647607326507568,4.478242874145508,1.585191249847412,2.8079075813293457,3.273292064666748,1.0,1.04903244972229,1.3261592388153076,1.0,1.0,1.0,1.0,5.172876834869385,1.0492122173309326,1.0,1.0,1.0518112182617188,1.0,1.3111140727996826,1.8189080953598022,1.3415415287017822,3.8802902698516846,1.0,20.699277877807617,5.313098907470703,38.16161346435547,9.232772827148438,5.203370094299316,1.959381341934204,5.4869842529296875,3.059203624725342,3.520597219467163,2.1348800659179688,3.5254271030426025,50.44014358520508,6.564625263214111,4.455580711364746,34.11845016479492,18.2605037689209,2.6727356910705566,1.0,1.0,1.0,3.118126392364502,1.3322148323059082,2.365889310836792,2.952254295349121,4.777612686157227,27.25006103515625,2.4914615154266357,7.1064863204956055,3.7634971141815186,4.582426071166992,2.0623481273651123,1.583396553993225,1.9667048454284668,1.3407049179077148,2.020899534225464,25.155982971191406,16.11249351501465,8.09977912902832,21.92052459716797,7.365295886993408,2.0892395973205566,1.6691102981567383,3.2197158336639404,4.35614538192749,3.8449506759643555,3.159407615661621,5.282695770263672,1.0,1.0,5.095674991607666,1.7706910371780396,1.1891217231750488,2.6514229774475098,1.8088889122009277,3.33998966217041,4.797688961029053,2.4916770458221436,1.9271554946899414,2.2763512134552,5.800107955932617,7.441335201263428,2.9542510509490967,1.6115046739578247,3.024528980255127,4.301301956176758,1.0,2.6018760204315186,8.739684104919434,9.153868675231934,1.0,2.3311421871185303,1.363290548324585,1.0,2.2894248962402344,12.052053451538086,3.9765541553497314,2.0072333812713623,7.7221832275390625,1.0,120.20504760742188,30.339611053466797,44.090328216552734,7.127627372741699,1.0,2.0421907901763916,7.277855396270752,1.0,3.0805552005767822,1.6620792150497437,1.8010952472686768,1.7767075300216675,7.505862236022949,1.4124493598937988,4.514331340789795,3.097738742828369,1.7607768774032593,19.96087074279785,1.0,1.0,1.0,1.0,1.0,1.0,1.0,1.8063440322875977,1.0,1.0,118.08599090576172,8.31190013885498,5.722671031951904,6.123353958129883,2.866396903991699,3.467663288116455,2.716839551925659,15.513647079467773,2.873652458190918,3.4784038066864014,5.676804065704346,4.385430812835693,60.23648452758789,67.74483489990234,41.24421691894531,73.18270111083984,67.93118286132812,58.61553192138672,54.05067443847656,5.310549259185791,5.439551830291748,212.1774139404297,164.88360595703125,133.08876037597656,67.61674499511719,31.384252548217773,1.0,42.02347946166992,65.47331237792969,10.986353874206543,44.80669021606445,27.895828247070312,98.1964340209961,78.94554901123047,32.25559997558594,2.2411491870880127,650.9414672851562,202.19586181640625,90.84679412841797,398.74810791015625,75.16407012939453,112.03533935546875,130.17832946777344,255.9912872314453,60.83003234863281,14.424763679504395,148.9921417236328,120.29503631591797,11.569672584533691,8.02713394165039,5.60598611831665,8.99488353729248,13.077428817749023,2.591615676879883,2.3454906940460205,59.14558410644531,7.007066249847412,3.269284963607788,31.11928367614746,1.0,1.0
TEST_06+1일,1.8000223636627197,1.0,9.544858932495117,1.0,1.0,2.491896867752075,1.0,1.4256643056869507,3.379429340362549,1.0,1.0,1.0,1.0,1.0,1.0,1.0,32.15830612182617,1.0,1.0,16.356403350830078,12.761232376098633,1.0,1.0,1.0,8.516446113586426,34.35393524169922,7.274252414703369,45.30514907836914,10.76771068572998,5.991731643676758,4.062395095825195,2.8778390884399414,1.9000791311264038,1.0,1.4859411716461182,3.525883197784424,30.878948211669922,6.569920539855957,2.9950191974639893,17.531110763549805,14.966086387634277,1.0,1.0,1.0,1.586917757987976,1.6478103399276733,1.0,2.2283272743225098,1.0,5.433964252471924,22.303592681884766,1.4322972297668457,5.903880596160889,1.0,4.070344924926758,1.0,2.9542460441589355,2.2720324993133545,2.3138132095336914,1.0,18.742023468017578,6.053686141967773,4.5270538330078125,9.908384323120117,8.27444076538086,1.0,2.2207586765289307,2.11531400680542,5.649885654449463,3.2116193771362305,2.6584627628326416,3.135545492172241,1.2444260120391846,1.0,1.7159944772720337,1.0,1.0,2.074904203414917,1.563839077949524,3.200580596923828,3.652918815612793,2.2446610927581787,1.6953836679458618,1.756204605102539,2.915503978729248,4.116628170013428,4.972818851470947,2.0839335918426514,3.859832763671875,3.733400583267212,41.3338623046875,1.7729543447494507,4.327315330505371,10.86594009399414,1.4036953449249268,5.833754062652588,1.1444491147994995,1.0,15.068222045898438,4.938632011413574,1.3855735063552856,1.3305667638778687,1.0,1.0,107.75653839111328,10.566670417785645,28.405033111572266,3.6228363513946533,1.8902521133422852,1.9084243774414062,4.594660758972168,1.0,2.0601906776428223,1.2450976371765137,1.7813447713851929,1.3495523929595947,3.7990520000457764,1.0,3.208416700363159,2.6930181980133057,1.311272382736206,72.95284271240234,1.0,1.0,1.0,1.0,1.0474627017974854,1.0,1.0,1.163960576057434,1.0,1.0,1.0,7.51755428314209,6.160831451416016,6.034145832061768,3.091094493865967,2.3049638271331787,3.783729076385498,11.795769691467285,5.143154144287109,2.7621009349823,7.494242191314697,2.8314173221588135,78.76934814453125,1.0,54.17561340332031,69.3183364868164,50.9951057434082,59.76380157470703,45.11891174316406,31.152673721313477,5.112137317657471,158.32308959960938,131.0316619873047,127.3500747680664,42.71723937988281,21.250534057617188,3.3195881843566895,50.916038513183594,62.808746337890625,5.905693531036377,40.62159729003906,18.437511444091797,70.51180267333984,92.25749206542969,17.891845703125,1.78119957447052,188.94924926757812,294.77301025390625,92.43903350830078,284.0820617675781,66.45376586914062,62.21221160888672,77.87020874023438,190.90597534179688,32.770843505859375,16.317974090576172,60.405155181884766,75.61886596679688,8.718255043029785,1.4769055843353271,13.221266746520996,17.284534454345703,5.263339996337891,10.825260162353516,4.720771789550781,62.81048583984375,7.319465637207031,11.75611686706543,23.916934967041016,1.580553412437439,11.55886459350586
TEST_06+2일,4.529919147491455,14.8023681640625,6.2614054679870605,1.0,1.0,2.410409450531006,5.9703593254089355,1.0968621969223022,2.4390411376953125,1.0,1.008220911026001,1.0,1.0,1.0,1.0,1.0,9.446388244628906,1.0,1.0,7.516632080078125,8.134637832641602,1.0,1.0,6.082650661468506,28.94809913635254,31.491134643554688,9.682887077331543,43.696693420410156,6.592025279998779,2.0928730964660645,3.1226515769958496,2.6430253982543945,1.8122215270996094,1.0,1.6858278512954712,1.227230191230774,20.107421875,6.287694454193115,3.1231772899627686,16.23527717590332,8.665119171142578,1.1632574796676636,1.0,2.565563678741455,2.3518176078796387,1.1891272068023682,1.2098761796951294,4.520483016967773,2.97444748878479,3.5490493774414062,24.528575897216797,1.623337745666504,6.656918525695801,1.5542014837265015,3.798816680908203,1.0,4.094951152801514,1.426226019859314,1.4514224529266357,1.614854335784912,9.083653450012207,6.25266695022583,5.932199001312256,11.442705154418945,6.268893718719482,1.3360135555267334,1.5415633916854858,1.0311849117279053,2.2771406173706055,1.0,1.0,1.1920428276062012,1.0,1.5386021137237549,2.8460774421691895,1.0,1.2480775117874146,1.0,2.1186177730560303,2.0277416706085205,1.8068819046020508,1.9642983675003052,1.0,4.709778785705566,3.118786573410034,3.9542224407196045,1.5876550674438477,1.166037917137146,3.2928123474121094,2.5751078128814697,48.28373336791992,1.0,3.0723001956939697,2.193308115005493,1.2066651582717896,4.230079174041748,1.9681159257888794,1.0,6.960322856903076,4.828808784484863,1.2287994623184204,1.4577643871307373,1.8033744096755981,1.0,58.5523681640625,110.35651397705078,33.57649230957031,1.0645027160644531,1.8703645467758179,1.3028935194015503,3.0571165084838867,1.0,2.3442981243133545,1.0,1.5136128664016724,1.4710686206817627,1.0,1.0,2.0199615955352783,1.89426589012146,1.0,36.630516052246094,1.242358922958374,1.0,1.587659478187561,1.0316877365112305,1.0206937789916992,1.0,1.0,1.9661673307418823,1.4200479984283447,1.0,64.36185455322266,4.577134132385254,7.413366317749023,6.000077724456787,2.8027915954589844,1.9528666734695435,1.7096072435379028,7.080255508422852,3.054469108581543,1.6033415794372559,3.844727039337158,2.1835665702819824,51.74822998046875,24.468826293945312,78.21849060058594,167.4243927001953,43.756771087646484,54.975887298583984,37.42512893676758,29.309240341186523,5.153958797454834,101.69525909423828,118.66466522216797,81.86529541015625,47.95777893066406,16.189258575439453,1.0,23.251646041870117,41.366790771484375,7.180790424346924,35.0882453918457,16.000120162963867,54.24137878417969,66.17394256591797,23.294713973999023,1.456937313079834,186.10281372070312,19.61327362060547,59.217002868652344,113.43815612792969,41.40639877319336,33.81289291381836,34.632110595703125,100.23892211914062,18.47755241394043,5.2561421394348145,40.37461853027344,4.441051006317139,16.04659652709961,8.88338851928711,20.11028289794922,14.9472017288208,5.0000104904174805,5.411462783813477,11.342010498046875,97.3086929321289,1.0,12.114787101745605,17.2222957611084,2.2838940620422363,13.222159385681152
TEST_06+3일,5.352452278137207,20.57794952392578,6.611312389373779,1.863257646560669,1.0,2.2392659187316895,6.519326210021973,1.521364688873291,3.415952205657959,1.0,1.0,1.0,1.0,1.0,1.0,1.1282130479812622,5.164142608642578,1.0,1.0,11.141829490661621,9.427289009094238,1.0,1.418249487876892,4.547712326049805,34.64841842651367,32.54746627807617,6.840056419372559,113.64531707763672,9.834152221679688,6.817134380340576,3.8018808364868164,1.0,1.0,1.0,1.4653096199035645,1.0,13.675616264343262,8.204291343688965,2.8047828674316406,12.659814834594727,16.8685245513916,1.0,1.0,2.2391488552093506,1.9360078573226929,3.9518516063690186,1.1511893272399902,1.369628667831421,1.3298927545547485,2.3249173164367676,15.358724594116211,1.1487176418304443,10.553537368774414,1.0,3.239121437072754,1.8819851875305176,1.6793339252471924,1.1119927167892456,1.8232781887054443,1.0,6.859119892120361,2.2299158573150635,1.0,7.252216815948486,8.510202407836914,1.7488042116165161,1.0,1.5461422204971313,5.8215155601501465,1.1857879161834717,1.3297568559646606,1.2590935230255127,1.1948046684265137,1.0,3.1201305389404297,1.0,1.0,2.5811774730682373,1.4183781147003174,2.947664737701416,3.28196120262146,2.320202350616455,2.1218152046203613,1.6453330516815186,2.482637882232666,1.7947509288787842,2.599761962890625,1.6886016130447388,3.364854335784912,3.895811080932617,62.65095901489258,1.0,2.4095053672790527,4.103508472442627,2.865264654159546,19.537166595458984,1.2652207612991333,1.0,4.339394569396973,3.2025394439697266,1.0,1.2514370679855347,1.0,1.0,27.66650390625,81.41375732421875,21.499996185302734,4.0108256340026855,2.2868504524230957,1.5048716068267822,3.6750986576080322,1.0,1.2925150394439697,1.02073073387146,2.2906739711761475,1.0,1.6406928300857544,1.0,1.9223027229309082,1.0,1.0,106.5374755859375,1.703181266784668,1.6111093759536743,1.5753082036972046,1.0688272714614868,1.2184978723526,1.0,1.4486027956008911,1.4711129665374756,1.5945347547531128,1.0,100.17605590820312,3.820225238800049,6.504460334777832,6.07793664932251,3.508957624435425,1.7623136043548584,2.210752487182617,7.428450107574463,2.6539342403411865,1.4421814680099487,3.471569538116455,2.1714529991149902,47.38789749145508,1.0,75.92194366455078,202.66549682617188,43.048152923583984,25.951433181762695,36.00693893432617,12.424995422363281,6.072336673736572,110.84178924560547,97.64839935302734,59.416595458984375,34.63536834716797,12.503764152526855,1.0,34.44700622558594,31.336679458618164,5.4667487144470215,29.914379119873047,11.575960159301758,51.02849578857422,65.75849151611328,17.142000198364258,2.5304551124572754,115.2746353149414,74.42584228515625,1.5609967708587646,90.89506530761719,25.424795150756836,29.467876434326172,3.154498815536499,72.65534210205078,19.87117576599121,1.0,31.656360626220703,8.426615715026855,5.898605823516846,2.33783221244812,5.200772285461426,3.493070602416992,7.044039726257324,2.8927228450775146,3.493899345397949,57.32239532470703,9.746987342834473,7.702342510223389,18.91476821899414,1.0,2.650778293609619
TEST_06+4일,5.440852642059326,25.968002319335938,7.098334789276123,1.1083416938781738,1.0,2.0437779426574707,11.278717041015625,1.2222007513046265,5.074368476867676,1.0,1.531535267829895,1.0,1.0,1.0,1.0,1.1176007986068726,4.323734283447266,1.0,1.0,5.797666549682617,7.952658653259277,1.0,1.0,6.5419020652771,22.825992584228516,91.26433563232422,43.89155197143555,80.07122802734375,7.972475051879883,3.9663069248199463,2.6004393100738525,1.4822767972946167,2.901698589324951,1.0,2.2210512161254883,2.2729249000549316,18.061120986938477,1.5091408491134644,3.038893461227417,12.627175331115723,8.02209186553955,1.0,1.0,1.0,1.4362298250198364,1.3642942905426025,1.7529921531677246,2.1739630699157715,1.0,1.1295305490493774,16.66335678100586,1.0,7.981025218963623,1.0,2.3403401374816895,1.0,1.5561420917510986,1.0,1.0,1.0,6.576003551483154,1.305598258972168,2.0611939430236816,8.27648639678955,8.32091999053955,1.9967989921569824,5.56929874420166,1.6470606327056885,1.3312597274780273,2.5509040355682373,3.0504307746887207,1.0,1.4017740488052368,2.102592706680298,1.1257377862930298,1.165835976600647,3.3010902404785156,2.704754114151001,3.857257604598999,1.6768816709518433,2.9102559089660645,1.5377624034881592,1.7693263292312622,1.5255563259124756,2.5001885890960693,2.3809313774108887,2.693742036819458,2.053351640701294,3.4392476081848145,2.662336826324463,53.525657653808594,1.7630122900009155,3.334975481033325,3.068917751312256,1.5124245882034302,4.86325740814209,2.0634939670562744,1.0,5.593590259552002,4.15537691116333,2.4280784130096436,1.4695227146148682,1.0435091257095337,1.0,25.560043334960938,48.44397735595703,13.1240234375,3.8632864952087402,1.0,2.2236337661743164,3.96724009513855,1.0,1.67576265335083,2.145735025405884,1.0,1.0,3.9100115299224854,1.161967158317566,3.356750249862671,2.696465015411377,1.0,67.459716796875,1.8265380859375,1.0,1.1185684204101562,1.1186217069625854,1.0802241563796997,1.0,1.2560746669769287,1.9046342372894287,1.0,1.0,45.18226623535156,4.085345268249512,4.46220064163208,4.065804958343506,1.8380030393600464,1.683514952659607,1.642704725265503,10.013422966003418,2.0467967987060547,1.5829602479934692,3.2319865226745605,1.4359779357910156,43.90461349487305,24.732316970825195,60.977813720703125,129.8368682861328,51.24178695678711,45.10064697265625,32.52587890625,11.341487884521484,4.659524440765381,118.0049057006836,113.8193359375,78.69200897216797,44.183197021484375,12.032855987548828,3.53826642036438,26.103397369384766,36.03179931640625,4.573492050170898,31.271137237548828,12.300310134887695,46.219547271728516,56.60749053955078,20.858867645263672,1.2361406087875366,179.29649353027344,1.0,48.20674133300781,82.15589141845703,33.526737213134766,15.121699333190918,17.75851821899414,99.70514678955078,23.315967559814453,1.609431266784668,47.49116134643555,38.062904357910156,6.612377643585205,1.0,3.6100733280181885,5.515395164489746,1.0,6.391538619995117,1.0,54.8531379699707,3.2281665802001953,8.172974586486816,9.792341232299805,1.7325688600540161,1.0603278875350952
TEST_06+5일,6.807657241821289,24.796218872070312,8.197941780090332,1.0590094327926636,1.0,4.404785633087158,13.599169731140137,2.969029188156128,2.900036573410034,1.0,1.0,1.0,1.0,1.0,1.0,1.0,6.337016582489014,1.0,1.0,17.808122634887695,12.144295692443848,1.0,1.0,14.01675796508789,36.042049407958984,55.6662483215332,19.88313865661621,43.67235565185547,7.12438440322876,5.612947463989258,7.473832130432129,1.739190697669983,1.4164599180221558,1.0,2.211122751235962,2.008427858352661,18.29635238647461,4.484496593475342,3.5697216987609863,16.521400451660156,15.980031967163086,1.1860930919647217,1.0,6.476755619049072,2.0984761714935303,2.6097497940063477,1.1313477754592896,2.667989730834961,1.0,2.0371782779693604,19.29228973388672,1.0,6.322861194610596,1.3614035844802856,2.1376523971557617,1.0,1.714347243309021,1.3839613199234009,1.0,1.0,8.773751258850098,1.21513831615448,2.1486167907714844,4.502415657043457,7.275339603424072,1.0820093154907227,2.3447930812835693,1.2626912593841553,1.7219014167785645,1.4490642547607422,3.2451846599578857,2.2864725589752197,2.426694631576538,1.0,1.5155056715011597,1.0,2.1495206356048584,1.4001312255859375,2.310460090637207,2.233642101287842,2.6235475540161133,1.3225830793380737,3.672567367553711,3.423877716064453,2.3554563522338867,1.2024056911468506,4.864737033843994,1.6107004880905151,5.76848840713501,2.5605335235595703,163.57640075683594,1.4608997106552124,1.2605578899383545,3.5251026153564453,1.5561809539794922,4.811301231384277,1.5355771780014038,1.0,7.145777225494385,5.1454877853393555,1.0,2.5749804973602295,1.7244882583618164,1.0,20.717269897460938,42.51993942260742,19.50562858581543,2.963198184967041,1.0,1.6843891143798828,3.215911865234375,1.0,1.0,1.0,1.00748872756958,2.248992443084717,3.8799967765808105,1.0,3.023138999938965,3.158446788787842,1.0,124.6635513305664,1.0762765407562256,1.2268986701965332,1.0,1.263263463973999,1.0,1.0,1.2615859508514404,2.4807424545288086,1.6407020092010498,1.0,42.90782928466797,4.353578567504883,8.497373580932617,7.714297771453857,2.710101366043091,2.8697776794433594,3.320669651031494,7.29161262512207,3.364356279373169,2.288673162460327,7.99998140335083,4.860686302185059,49.588714599609375,38.95222473144531,57.058921813964844,162.13299560546875,45.890682220458984,52.87651062011719,34.01708984375,13.96268367767334,4.602232456207275,96.72335815429688,95.34732818603516,37.63100051879883,35.27130126953125,12.046464920043945,1.0,32.37615203857422,37.98345184326172,5.867714881896973,30.089759826660156,16.509057998657227,47.99991989135742,74.98790740966797,16.930740356445312,1.5541229248046875,253.3386688232422,38.0396728515625,54.09809112548828,139.8163604736328,36.04169845581055,34.5456428527832,18.976781845092773,108.22515869140625,10.617088317871094,5.671013355255127,41.113380432128906,39.11688995361328,7.499490737915039,1.0,5.732222557067871,7.900980472564697,1.0,1.9608663320541382,1.7582968473434448,53.869205474853516,8.68213939666748,9.527544021606445,8.032794952392578,1.0,9.87121295928955
TEST_06+6일,3.291361093521118,38.604190826416016,8.368810653686523,2.7651634216308594,1.0,5.963660717010498,5.6529340744018555,1.0880223512649536,4.267549991607666,1.0,1.2220158576965332,1.0,1.0,1.0,2.458270788192749,1.0,4.253260135650635,1.0,1.0,11.634410858154297,5.6260857582092285,1.0,1.0,7.371967315673828,35.819942474365234,55.37071990966797,22.982280731201172,59.627166748046875,6.314136981964111,4.0858588218688965,5.03476095199585,2.77634596824646,3.0544416904449463,1.0,2.263838768005371,2.34250807762146,26.9721622467041,11.017047882080078,5.443017959594727,26.60983657836914,7.745333671569824,1.0,1.0,2.3255064487457275,1.0,2.739664077758789,1.1518369913101196,2.3978075981140137,1.689669132232666,3.278536796569824,25.50366973876953,1.0810081958770752,6.756288051605225,1.789090871810913,3.417412281036377,1.0,1.886582612991333,1.0442231893539429,1.3293869495391846,1.0,12.449996948242188,2.566744089126587,2.2767632007598877,14.356623649597168,53.158477783203125,1.0,1.3160096406936646,2.045015335083008,2.3119425773620605,2.249717950820923,2.7837462425231934,2.3603172302246094,2.0131893157958984,1.0390498638153076,2.3767099380493164,1.0,2.2172768115997314,1.3632704019546509,1.8099759817123413,2.1905407905578613,2.788654327392578,2.6032278537750244,2.959103584289551,1.9251391887664795,3.5294759273529053,4.319258689880371,4.3590826988220215,1.7871437072753906,2.9304962158203125,2.200680732727051,52.42816925048828,1.1259870529174805,3.3087666034698486,8.488240242004395,1.817579746246338,4.156138896942139,1.1953667402267456,1.0,11.568305969238281,4.589361667633057,1.6076810359954834,1.7911293506622314,1.0,1.0,4.264057159423828,51.67247772216797,26.609657287597656,2.8075108528137207,1.7202473878860474,1.8832800388336182,2.675901412963867,1.0,1.4485890865325928,1.0,1.2741020917892456,1.0,2.9088032245635986,1.0,1.5032869577407837,2.1565089225769043,1.0,47.62221908569336,1.7102197408676147,1.3860809803009033,1.0,1.0797755718231201,1.7051000595092773,1.0,1.0,2.085310697555542,1.0,1.0,41.40088653564453,4.130943298339844,6.8565144538879395,6.835920810699463,3.5646071434020996,3.682819128036499,3.4098150730133057,9.644089698791504,3.8504397869110107,2.2237789630889893,2.422565221786499,4.158395290374756,55.567161560058594,38.40019607543945,71.31559753417969,148.92823791503906,56.540985107421875,49.20212173461914,32.80134201049805,25.087282180786133,4.428154945373535,117.2954330444336,101.70604705810547,83.6177978515625,37.10652160644531,11.211353302001953,1.0,40.082271575927734,37.58287048339844,4.2921223640441895,37.6462287902832,20.804380416870117,59.74543762207031,94.02073669433594,26.871606826782227,2.6699695587158203,515.54443359375,319.62200927734375,52.401371002197266,162.56207275390625,18.57499122619629,57.457542419433594,15.197200775146484,114.20596313476562,34.12267303466797,1.0,42.50004577636719,42.70681381225586,14.792854309082031,4.087836742401123,10.033591270446777,5.509066104888916,1.0,9.796358108520508,2.1311771869659424,66.51229858398438,3.010650157928467,13.80797004699707,36.28596115112305,3.062532424926758,5.857149124145508
TEST_06+7일,5.159116744995117,27.200265884399414,10.261472702026367,3.3726699352264404,1.0,1.8223340511322021,16.265975952148438,1.0,2.562568426132202,1.0,1.0,1.0,1.013546347618103,1.0,3.7529613971710205,1.097151279449463,18.363481521606445,1.0739741325378418,1.0,15.000444412231445,17.61465072631836,1.0,1.0,9.770284652709961,1.0,57.9100341796875,4.5398783683776855,50.2777099609375,11.314862251281738,3.646869421005249,4.629178047180176,5.66810941696167,6.397565841674805,1.6013742685317993,1.9120416641235352,2.26811146736145,42.1678581237793,13.851568222045898,8.830103874206543,36.84799575805664,11.356358528137207,1.0,1.0,3.957695722579956,1.6180896759033203,3.686160087585449,2.143371820449829,9.19619369506836,1.6076971292495728,4.5754780769348145,39.907615661621094,2.400608539581299,9.085474967956543,1.0,8.05462646484375,1.3437931537628174,2.8357059955596924,1.675464153289795,1.0,1.0,20.12157440185547,3.2790377140045166,1.7466795444488525,18.444129943847656,7.684720516204834,2.0422637462615967,1.682433009147644,2.256377935409546,4.431391716003418,1.2777348756790161,3.868253231048584,2.8336780071258545,2.4828758239746094,1.5812797546386719,3.249394655227661,1.0,1.1738955974578857,2.490480899810791,2.115896463394165,3.947678804397583,4.290038108825684,2.967946767807007,2.821873903274536,4.390569686889648,2.1933350563049316,4.280348777770996,3.284302234649658,2.1815316677093506,3.6547493934631348,5.292717456817627,31.293922424316406,1.0,5.555971622467041,12.246000289916992,4.1233744621276855,5.9443793296813965,1.8660610914230347,1.0,1.9064598083496094,8.550868034362793,2.800934314727783,2.1944496631622314,2.8341219425201416,1.0,56.11862564086914,20.83556365966797,31.397119522094727,5.334433555603027,2.31721568107605,3.1064445972442627,6.332901954650879,1.0,1.8188657760620117,2.0731492042541504,1.0164343118667603,1.9247554540634155,4.382363319396973,1.4491361379623413,4.046860694885254,2.4050066471099854,1.0,23.136680603027344,1.2526085376739502,1.0,1.5703215599060059,1.5817453861236572,1.1614989042282104,1.0,1.0,2.322706699371338,1.034857988357544,1.0,157.72129821777344,6.756839275360107,13.590644836425781,12.21555233001709,2.861572504043579,6.430538654327393,4.850681781768799,14.451229095458984,5.981706619262695,3.1404924392700195,5.99069356918335,3.5271081924438477,58.246925354003906,28.507518768310547,92.23377990722656,149.20236206054688,56.56571578979492,81.18354034423828,44.94707107543945,49.10394287109375,7.219519138336182,186.13417053222656,202.4150390625,144.4120330810547,52.56493377685547,19.0965576171875,1.0,41.160640716552734,53.13703918457031,5.756465911865234,58.165733337402344,18.538822174072266,83.4237060546875,91.76766967773438,40.063758850097656,3.3109281063079834,533.6441040039062,108.90684509277344,67.85738372802734,212.7247772216797,73.69532775878906,85.71021270751953,62.03773498535156,227.1143798828125,33.21855163574219,10.222155570983887,82.40320587158203,93.5908203125,18.067790985107422,6.076457977294922,15.115541458129883,8.033720016479492,8.656023979187012,16.149818420410156,3.082399606704712,120.91138458251953,3.6483871936798096,13.937472343444824,40.648292541503906,3.421558141708374,4.90242338180542
TEST_07+1일,1.6325187683105469,13.60865306854248,4.56661319732666,1.956835389137268,1.0,1.0,1.0,1.0260369777679443,2.2447993755340576,1.0,1.0,1.1075003147125244,1.0,1.0,1.0,1.0,24.057035446166992,1.5172035694122314,2.0935094356536865,25.50475311279297,12.865352630615234,1.0,1.0,1.0,13.657491683959961,9.25412368774414,11.74190902709961,16.229843139648438,1.0,1.0,1.0,1.1105916500091553,1.002711534500122,1.0,1.8586034774780273,1.0,8.59036922454834,1.78446364402771,1.0,7.859962463378906,1.0,1.0,1.0,1.3470990657806396,1.214819312095642,1.0,1.0,1.7147566080093384,1.0,2.331061601638794,3.421593189239502,1.0,2.205049753189087,1.0,1.0,1.0,1.0,1.0,1.0,1.0,2.781254768371582,3.443183660507202,2.9860763549804688,1.5835424661636353,2.109745502471924,1.0,1.0,1.0,1.0,1.0,1.0,1.0,1.0,1.0,1.0,1.0,1.0,1.0,1.0,1.0,1.0,1.0,1.0,1.0,1.0,1.0,1.0,1.0,1.0,1.3436018228530884,21.260358810424805,1.0,1.9871642589569092,3.0439181327819824,1.3299353122711182,4.683784484863281,1.0,1.0,1.976090431213379,2.6436734199523926,3.077397108078003,1.3828622102737427,1.0906230211257935,1.0,28.287694931030273,1.0,5.496374607086182,2.245864152908325,1.0996768474578857,1.0,3.1088998317718506,1.0,1.4066166877746582,1.6365286111831665,1.0876197814941406,1.0,1.0,1.0,1.2393521070480347,2.6046721935272217,1.0818523168563843,7.887766361236572,1.0,1.0,1.0,1.0,1.0,1.0,1.0,1.6057119369506836,1.0,1.0,1.0,4.478148460388184,1.0,1.2597178220748901,1.5884443521499634,1.049133062362671,1.0,3.5974419116973877,2.1566262245178223,1.4877811670303345,3.858991861343384,1.6770453453063965,2.583059549331665,1.0,18.939491271972656,28.88248062133789,1.623286485671997,1.0,1.0962858200073242,1.0,1.0,7.126774311065674,1.0,1.0,3.4160330295562744,1.0,1.0,2.5275216102600098,2.629023551940918,1.0,2.416496753692627,1.0,2.0325496196746826,6.907426357269287,1.0,2.198331832885742,1.0,2.9018337726593018,1.0,17.33839988708496,1.0,1.152881145477295,12.322183609008789,6.209131240844727,1.0,1.5150021314620972,6.4901442527771,1.6114649772644043,23.38313865661621,3.82987380027771,13.43425178527832,17.298797607421875,1.728885531425476,8.134234428405762,1.0,104.70120239257812,6.225296974182129,16.248428344726562,52.821842193603516,3.403508186340332,5.083305835723877
TEST_07+2일,3.9650917053222656,29.085134506225586,3.4996721744537354,2.4319934844970703,1.0,1.521113634109497,6.603035926818848,1.576270341873169,1.272897481918335,1.0,1.0,1.0,1.0,1.0,1.0,1.0,13.2155122756958,1.4400088787078857,1.2884067296981812,22.00627326965332,10.160563468933105,1.0707913637161255,1.0,1.0,34.767704010009766,12.851397514343262,10.047384262084961,17.547006607055664,1.0,1.0,1.0,1.0,1.0,1.0,2.385206937789917,1.0629583597183228,7.783193111419678,1.0,1.0,7.2523651123046875,1.0,1.0,1.0,2.098865509033203,1.5229532718658447,1.0,1.0,1.6504396200180054,1.0,1.4972021579742432,3.587088108062744,1.0,1.3131697177886963,1.0,1.0,1.0,1.0,1.0,1.0,1.0,2.1868765354156494,3.7051289081573486,1.568566083908081,2.469947099685669,1.6221429109573364,1.0,1.0,1.0,1.0,1.0,1.0,1.0,1.0,1.0,1.0,1.4667940139770508,1.0,1.0,1.0,1.0,1.0,1.0,1.0,1.1113979816436768,1.0,1.0,1.0,1.0,1.0,1.0,18.82000732421875,1.0,1.8352197408676147,4.090206623077393,1.0807074308395386,3.7918779850006104,1.0593791007995605,1.0,1.8447879552841187,1.7154489755630493,1.4583221673965454,1.2403095960617065,1.0,1.0,28.770784378051758,10.036820411682129,5.4171648025512695,2.1205925941467285,1.0,1.0,2.863955020904541,1.0,1.7007797956466675,1.3717451095581055,1.0,1.0,1.7097162008285522,1.0,1.1657713651657104,1.4155282974243164,1.2767096757888794,15.417925834655762,1.0,1.0,1.0,1.0,1.0,1.0,1.0,1.0,1.0,1.0,1.0,3.206491231918335,2.218034505844116,1.374072790145874,1.0,1.1903769969940186,1.0,3.442145347595215,2.2869153022766113,1.1346181631088257,1.6012258529663086,2.3292763233184814,1.3244134187698364,5.4161810874938965,27.322711944580078,63.99919509887695,1.0,1.5498857498168945,1.0744270086288452,1.430147409439087,1.0,1.0,6.457418918609619,1.0,2.8845882415771484,1.1643157005310059,1.0,1.0,1.0,1.0,1.8466874361038208,1.069875717163086,1.0,1.0,2.8066091537475586,1.864738941192627,1.0,1.0,7.616839408874512,5.369729995727539,1.0,1.0,7.522254943847656,3.2349061965942383,1.0,2.1232500076293945,7.275867462158203,1.0,34.09455871582031,14.295990943908691,24.409500122070312,19.966659545898438,2.000943899154663,10.444005966186523,7.028655052185059,119.80207824707031,4.2673444747924805,21.21567153930664,47.2833251953125,3.5605926513671875,7.877686023712158
TEST_07+3일,3.261547565460205,33.25920867919922,3.43392276763916,2.3529603481292725,1.0,1.7302242517471313,2.880918025970459,1.978277564048767,1.5291391611099243,1.0,1.0,1.0,1.0,1.0,1.0,1.0,10.31423282623291,1.435111403465271,2.3047499656677246,29.448524475097656,7.57616662979126,1.26308274269104,1.0,1.0,23.979942321777344,7.621187686920166,9.27719497680664,17.181190490722656,1.336580514907837,1.0,1.0,1.0,1.0,1.0,1.6084996461868286,1.0,4.003828525543213,5.12008810043335,1.0,5.519202709197998,1.5287340879440308,1.0,1.0,3.402522563934326,1.5041757822036743,1.2218114137649536,1.0,1.812898874282837,1.0168206691741943,1.2160160541534424,3.315778970718384,1.0,1.961501121520996,1.0,1.0,1.0,1.0,1.0,1.0,1.0,2.5075221061706543,3.0649476051330566,1.0918331146240234,2.5780866146087646,1.8656946420669556,1.0,1.0,1.0,1.0,1.0,1.0,1.0,1.0,1.0,1.0,1.0,1.0,1.0,1.0,1.0,1.0,1.0,1.0,1.0,1.0,1.0,1.0,1.0,1.0,1.0,23.785533905029297,1.2558389902114868,1.5862096548080444,2.806547164916992,1.5951980352401733,3.1444649696350098,1.0,1.0,1.952640414237976,2.68806791305542,2.526625394821167,1.4120672941207886,1.0,1.0,15.562363624572754,5.227319717407227,3.357574701309204,2.15885853767395,1.3808428049087524,1.0,3.2635316848754883,1.0,1.5341757535934448,1.4981356859207153,1.0,1.0,1.125170350074768,1.0,1.0,1.0,1.0,14.640278816223145,1.0,1.0,1.0,1.0,1.0,1.0,1.0,1.0400638580322266,1.0,1.0,8.754779815673828,2.343170166015625,1.5096373558044434,1.7849825620651245,1.2778444290161133,1.0,1.0,3.5626044273376465,2.285254955291748,1.0650099515914917,1.341094970703125,2.010491132736206,1.0,1.0,49.996829986572266,55.06795120239258,1.7122483253479004,1.0,1.8208311796188354,1.0,1.0,1.461716890335083,1.0,1.0,2.510631561279297,1.0,1.0,7.215866565704346,1.4131816625595093,1.0,1.477437138557434,1.0,1.0,1.0262223482131958,1.0,1.0,1.0,1.0,1.0,1.0,1.0,1.4283427000045776,3.638362407684326,7.539163589477539,1.5462977886199951,1.1317708492279053,10.989371299743652,1.0,17.61142921447754,2.30350399017334,13.425002098083496,14.766247749328613,1.0,7.544787406921387,2.119508981704712,111.40861511230469,18.947256088256836,12.230040550231934,31.022510528564453,1.0,1.0
TEST_07+4일,3.3537983894348145,32.362300872802734,3.9788429737091064,2.280426263809204,1.0,1.0104848146438599,4.657442092895508,1.6275179386138916,1.1024826765060425,1.0,1.2711390256881714,1.0,1.0,1.0,1.0,1.0,7.520961284637451,1.3788379430770874,1.8387784957885742,25.37051010131836,11.787349700927734,1.0082014799118042,1.0,2.467106819152832,14.756135940551758,16.751853942871094,17.141942977905273,18.634349822998047,1.4788695573806763,1.0,1.0,1.0,1.0,1.0,2.2382404804229736,1.491623044013977,5.918349266052246,1.0,1.0,7.223388671875,1.0,1.0,1.0,1.0,1.0,1.0,1.0,1.6436959505081177,1.1230684518814087,1.33334481716156,3.9731175899505615,1.0,2.441793441772461,1.0,1.0,1.0,1.0,1.0,1.0,1.0,1.7165168523788452,2.2174549102783203,1.2510795593261719,1.711711049079895,1.1927610635757446,1.0,1.0,1.0,1.0,1.0,1.0,1.0,1.0,1.0,1.0,1.0534757375717163,1.0,1.0,1.0,1.0,1.0,1.0,1.0,1.0,1.0,1.0,1.0,1.0,1.0,1.0,12.969622611999512,1.199704647064209,1.668505311012268,2.9176900386810303,1.5497030019760132,3.967602491378784,1.0,1.0,2.5145022869110107,2.016200542449951,2.875744581222534,1.2294626235961914,1.1790273189544678,1.0,15.952369689941406,3.6515121459960938,3.661290407180786,2.189739942550659,1.013369083404541,1.0,3.15163516998291,1.0,1.0380406379699707,1.4874861240386963,1.0,1.0,1.8227496147155762,1.0033838748931885,1.4438403844833374,1.4194202423095703,1.2808886766433716,23.93536949157715,1.0,1.0,1.0,1.0,1.0,1.0,1.0,2.403022527694702,1.0,1.0,38.15188217163086,3.6450841426849365,1.0,1.77439284324646,1.0,1.0667097568511963,1.0,3.2314870357513428,1.6750659942626953,1.2345679998397827,1.343076467514038,1.5768177509307861,1.1310001611709595,8.910140037536621,14.09416675567627,37.41408157348633,2.590054988861084,1.0,1.0,1.0,1.0,1.0,3.499197244644165,1.0,2.3218324184417725,1.0,1.0,1.7554254531860352,1.0,1.0,1.0,1.0,1.1649889945983887,1.0,1.0,1.0352020263671875,1.0,1.0,1.0,1.0,1.0,1.0,1.0,1.0,1.0,1.0,12.819690704345703,6.048157215118408,23.466861724853516,1.0,13.376502990722656,17.698516845703125,1.0,8.383418083190918,1.0,99.10505676269531,6.2125020027160645,11.638673782348633,42.59580612182617,1.5243537425994873,1.0
TEST_07+5일,3.9259963035583496,56.81573486328125,3.9566445350646973,2.3374733924865723,1.0,2.173969030380249,16.609546661376953,2.488814115524292,1.3671975135803223,1.0,1.0,1.0,1.0,1.0,1.0,1.0,18.139331817626953,1.4666435718536377,2.44706654548645,63.111732482910156,18.998361587524414,1.0,1.0,4.878810405731201,68.73572540283203,42.79365539550781,15.256162643432617,20.773656845092773,1.0,1.0,1.0,1.0,1.0,1.0,2.3637640476226807,1.0,8.280233383178711,2.344877243041992,1.4160172939300537,7.801462650299072,1.0,1.0,1.0,1.7073650360107422,1.306830883026123,1.0,1.0069129467010498,2.228825330734253,1.218738317489624,1.2484042644500732,4.827003479003906,1.0,3.2425289154052734,1.0,1.2478337287902832,1.0,1.0,1.0,1.0,1.267876386642456,1.7761987447738647,1.9009768962860107,1.0,2.768613576889038,1.1190927028656006,1.0,1.0,1.0,1.0,1.6946072578430176,1.0,1.2152289152145386,1.0,1.0,1.0,1.0,1.0,1.0,1.0,1.0,1.0,1.0,1.0,1.0,1.0,1.0,1.0,1.0,1.0,1.0,20.070714950561523,1.0,1.7670098543167114,4.395721435546875,1.4561470746994019,3.412032127380371,1.0,1.0,3.0195813179016113,1.8455055952072144,2.7925198078155518,1.2299067974090576,1.0,1.0,9.90015697479248,6.228451251983643,3.141244411468506,2.184868097305298,1.0303360223770142,1.0,3.397097110748291,1.0,1.021194577217102,1.072218894958496,1.0,1.0,2.0830278396606445,1.0,1.3598881959915161,1.999017596244812,1.3182467222213745,13.607464790344238,1.0,1.0,1.0,1.0,1.0,1.5779459476470947,1.0,1.206896185874939,1.0,1.0,20.02164077758789,2.7894484996795654,2.376138687133789,2.0021138191223145,1.0,1.7177833318710327,1.0,1.6603094339370728,1.9700125455856323,1.530516266822815,3.067350387573242,1.3216917514801025,1.0,1.0,29.804176330566406,46.70319366455078,1.1214767694473267,1.0,1.0,1.0,1.0,1.602764368057251,1.0,1.0,4.119938850402832,1.0371041297912598,1.0,1.0,1.538428544998169,1.0,1.181225299835205,2.3846166133880615,1.0,7.982481956481934,3.769855260848999,1.0,1.0,1.0,3.2003281116485596,1.0,1.0,1.935172438621521,1.0,1.688279628753662,1.0,1.598175048828125,4.834381103515625,7.812087059020996,23.802433013916016,3.426050901412964,18.29155731201172,19.362340927124023,1.0,7.125950336456299,3.094635009765625,95.06684875488281,5.315008640289307,11.11574649810791,43.93645477294922,5.9203715324401855,11.223414421081543
TEST_07+6일,4.971198558807373,19.374170303344727,8.6881742477417,4.955015182495117,1.0,2.6998186111450195,14.30600357055664,1.0738105773925781,1.3734891414642334,1.0,1.0357381105422974,1.6486406326293945,1.0,1.0,2.809825897216797,1.0,24.391437530517578,1.7753069400787354,2.686807632446289,27.765714645385742,11.907236099243164,1.2143923044204712,1.0,1.0,61.87326431274414,22.9845027923584,16.913110733032227,37.12323760986328,1.3217391967773438,1.0,1.0,1.4477990865707397,1.0,1.0,2.1065783500671387,1.8345087766647339,15.328700065612793,8.03685188293457,1.7378064393997192,20.04608154296875,1.4623289108276367,1.0156254768371582,1.0,2.919236183166504,1.0,2.812410831451416,1.0,2.462289571762085,1.3146847486495972,3.0965895652770996,7.713396072387695,1.0,3.6448769569396973,1.0,1.1976747512817383,1.0,1.8435041904449463,1.0,1.0,1.0,3.5293736457824707,5.124300003051758,2.448538303375244,5.32909631729126,2.672563076019287,1.0,1.0,1.0,1.0,1.0,1.0,1.0,1.0,1.0,1.0,1.0,1.0,1.0,1.0,1.0,1.0,1.0,1.0,1.0,1.0,1.0,1.0,1.0,1.0,1.0,27.845088958740234,1.0837621688842773,1.9695338010787964,4.8052849769592285,2.083463191986084,2.765956163406372,1.0,1.0,7.326160907745361,3.0043771266937256,3.1442739963531494,1.5457260608673096,1.0,1.0,3.124920606613159,15.605713844299316,4.256880283355713,3.1523897647857666,1.4623870849609375,1.0,4.033563613891602,1.0,1.0,1.337997317314148,1.0,1.0,1.2710789442062378,1.4750492572784424,1.4939767122268677,1.8817574977874756,1.6246740818023682,28.487607955932617,1.0,1.0,1.0,1.0,1.0,1.634871006011963,1.0,1.3466156721115112,1.0,1.0,39.69287109375,2.258443593978882,3.157931089401245,1.7313001155853271,1.6105358600616455,2.441462993621826,1.0,4.919317722320557,2.295624256134033,1.8136802911758423,3.1485235691070557,2.4571714401245117,1.0,15.499226570129395,53.53559494018555,38.87729263305664,2.36780047416687,1.0,1.661189317703247,1.0,1.0,3.9318692684173584,1.0,1.0,6.163262844085693,1.0,1.0,5.238808631896973,2.038360595703125,1.0,2.927616596221924,1.0,3.3225886821746826,11.116837501525879,7.987093925476074,2.3157331943511963,107.71758270263672,59.08601379394531,1.0,19.667877197265625,1.0,3.2708234786987305,1.0,1.0,3.1731278896331787,1.463422179222107,5.9700751304626465,1.0,38.50520324707031,4.020795822143555,33.33396530151367,21.433425903320312,1.0,21.48426628112793,1.0,124.75431823730469,11.707317352294922,18.276134490966797,71.02745056152344,2.7801859378814697,1.0
TEST_07+7일,7.086109161376953,17.422868728637695,12.693883895874023,9.367104530334473,1.193765640258789,1.9858711957931519,5.686811447143555,1.0,2.794543504714966,1.0,1.0,2.0301167964935303,1.0,1.0241326093673706,4.454485893249512,1.2684141397476196,8.503561019897461,2.8049545288085938,3.267293930053711,11.399742126464844,6.208115100860596,1.0,1.0,3.009830951690674,1.0,25.59654998779297,11.452269554138184,25.34404754638672,1.1924660205841064,1.0,1.0,2.474700927734375,1.9325557947158813,1.3730559349060059,1.841847538948059,3.026360034942627,21.315641403198242,2.8533174991607666,1.8453420400619507,20.65657615661621,4.266301155090332,1.5959391593933105,1.0,1.0,1.1337462663650513,1.8767788410186768,1.59170663356781,5.943650245666504,1.4675840139389038,6.618818283081055,9.504920959472656,1.0,5.461925029754639,1.0,1.7636979818344116,1.0,1.0,1.0,1.0,1.2993173599243164,8.386173248291016,7.882735729217529,3.4838016033172607,6.932191848754883,4.755661487579346,1.0,1.0,1.0,1.0,1.0182178020477295,1.0,1.0,1.0,1.0,1.0,1.0,1.0,1.0,1.0,1.0,1.0,1.0,1.0,1.0,1.0,1.4004477262496948,1.0,1.0,1.0,1.0,12.95722770690918,2.481123447418213,5.264461994171143,15.758952140808105,2.8822689056396484,4.862576484680176,1.0,1.0278400182724,1.0,10.153368949890137,7.614160537719727,2.2143356800079346,1.0,1.0,35.926029205322266,3.5171749591827393,13.448781967163086,10.30803108215332,3.0693960189819336,1.0,11.741168022155762,1.6182692050933838,3.3504958152770996,3.715099811553955,1.1352946758270264,1.3655009269714355,3.3940720558166504,1.3559373617172241,1.985711932182312,3.6469409465789795,1.9985196590423584,32.05455780029297,1.0,1.0,1.0,1.0,1.0,1.0245431661605835,1.0,2.0930755138397217,1.0,1.0,35.650733947753906,8.046314239501953,2.1944422721862793,3.283329486846924,3.1908349990844727,3.4379076957702637,1.7490712404251099,8.813092231750488,2.903238296508789,2.074481964111328,3.3036208152770996,3.964228630065918,1.0,1.0,32.846981048583984,47.03288269042969,1.5733699798583984,1.2700361013412476,2.248379945755005,6.538992404937744,1.0,3.8593909740448,16.55633544921875,1.0,8.41294002532959,3.366030693054199,1.0,1.9814704656600952,3.9050068855285645,1.0,3.8457348346710205,1.4482296705245972,1.493308186531067,3.631537437438965,2.6512696743011475,2.1736297607421875,49.419578552246094,1.0,1.9398497343063354,1.0,1.7138720750808716,5.919720649719238,17.935270309448242,8.9514741897583,1.1623194217681885,2.4575579166412354,10.986197471618652,3.6526358127593994,39.12529373168945,11.861128807067871,41.2939567565918,26.73428726196289,8.168665885925293,28.360292434692383,1.0,170.16909790039062,12.205719947814941,22.319931030273438,59.36691665649414,3.4779458045959473,4.027463912963867
TEST_08+1일,2.705005645751953,75.2109603881836,6.2018232345581055,3.609952449798584,1.8178832530975342,2.3401968479156494,8.383299827575684,2.6504251956939697,5.2408447265625,1.0,2.901991367340088,1.3891561031341553,1.0,1.0,2.6758005619049072,1.0,82.39456176757812,1.2996965646743774,1.0,71.95563507080078,29.552534103393555,2.397902727127075,1.0,1.0,1.0,29.329938888549805,17.063251495361328,48.61369705200195,19.44654655456543,2.8485107421875,3.3512392044067383,5.966576099395752,1.5381829738616943,2.554393768310547,1.0,5.561086177825928,47.999420166015625,1.0,2.405428647994995,28.434263229370117,19.419721603393555,1.4412306547164917,3.857048511505127,1.0,1.9786823987960815,3.633425712585449,1.464937448501587,2.8926889896392822,1.163171410560608,3.13387131690979,11.031370162963867,1.2896274328231812,6.168578624725342,1.7554572820663452,6.336435794830322,2.731365442276001,1.8943076133728027,2.5159997940063477,2.963642120361328,1.1928834915161133,6.099340438842773,12.693522453308105,20.290430068969727,7.598302841186523,37.00761032104492,2.0188729763031006,1.0,2.443384885787964,4.79819393157959,1.6975250244140625,1.0,2.7172086238861084,2.08602237701416,1.33314049243927,3.6830544471740723,1.512372612953186,1.0,3.9386329650878906,1.0,1.9791709184646606,1.0,1.0,1.0,6.359730243682861,3.093050479888916,2.115478277206421,4.87744140625,1.0,4.572615146636963,4.928655624389648,42.157684326171875,2.4641716480255127,3.2890357971191406,3.189725160598755,1.0,4.204023838043213,1.6547642946243286,1.0,18.51020050048828,5.650582790374756,4.032265663146973,1.2805564403533936,4.530997276306152,1.428760051727295,213.05963134765625,9.933284759521484,32.28814697265625,1.9253177642822266,2.06844162940979,1.0793737173080444,1.8115431070327759,1.2642717361450195,1.0,1.9079434871673584,1.0,1.4659247398376465,1.0,1.3881586790084839,2.8844494819641113,4.043452739715576,1.0,39.503440856933594,1.0012894868850708,1.0,1.0,1.0780231952667236,1.0,1.0,1.0,1.0,1.0,1.235154151916504,1.0,3.925199270248413,3.435821533203125,2.802346706390381,1.8508073091506958,1.7045753002166748,1.3351964950561523,4.5032548904418945,1.4390329122543335,2.2552852630615234,3.6172449588775635,1.287431001663208,3.1437599658966064,1.0,94.3828353881836,59.70293045043945,5.869932174682617,1.0,4.607738494873047,1.0,1.0,11.229410171508789,1.0,1.0,15.241048812866211,3.4839577674865723,184.35537719726562,1.0,7.1812663078308105,1.0,6.3201904296875,3.1002516746520996,5.688869476318359,18.523969650268555,1.0,5.587385654449463,1.0,30.50390625,5.7492475509643555,19.756664276123047,9.71636962890625,4.497239589691162,23.83650016784668,25.793846130371094,1.4973100423812866,2.005427598953247,3.08280611038208,4.259387016296387,43.80219650268555,19.5155029296875,66.12386322021484,1.0,38.63309860229492,27.482742309570312,15.31206226348877,223.81275939941406,48.18282699584961,82.67564392089844,109.34193420410156,19.813579559326172,65.64944458007812
TEST_08+2일,2.981860637664795,57.593292236328125,1.5543441772460938,1.103026032447815,1.5256869792938232,2.6363511085510254,14.833138465881348,1.4619793891906738,3.7436656951904297,1.0,3.243018865585327,1.0588876008987427,1.0,1.2307995557785034,2.0808675289154053,1.0,43.68071365356445,1.4884986877441406,1.0,52.67824172973633,26.516939163208008,2.668680429458618,1.0,1.0136793851852417,16.995752334594727,39.66193389892578,18.335298538208008,39.992286682128906,10.801236152648926,2.2113914489746094,2.3009746074676514,2.951115608215332,1.344896912574768,1.2851322889328003,1.1755293607711792,3.1946403980255127,21.67073631286621,1.0,2.971548080444336,18.18575668334961,12.156131744384766,2.0804226398468018,2.185032844543457,6.352950096130371,3.4063847064971924,1.5563308000564575,1.2092363834381104,2.230795383453369,1.039025068283081,2.2967686653137207,8.253811836242676,1.6311864852905273,5.760632514953613,1.3098676204681396,2.195505380630493,1.6006247997283936,2.7921946048736572,2.54074764251709,2.7032203674316406,1.2647675275802612,1.473900556564331,6.751855850219727,16.412324905395508,9.859962463378906,9.54980182647705,1.8228015899658203,1.0,1.3724695444107056,3.3691482543945312,1.0,1.0,1.0,1.0,2.2542920112609863,2.155928611755371,2.3546721935272217,2.4773411750793457,1.9599052667617798,1.0,1.7858957052230835,1.0,1.0,1.0,4.255499362945557,2.7522976398468018,2.302105188369751,3.1335933208465576,1.0,2.634502410888672,1.8540886640548706,48.08832550048828,1.2100762128829956,4.466403961181641,2.972851514816284,1.0,1.9276601076126099,2.056537628173828,1.0,13.475129127502441,6.373166561126709,2.421963930130005,1.0974252223968506,2.739885091781616,1.0,95.76933288574219,61.9403190612793,11.9323148727417,1.7302238941192627,2.6558406352996826,1.0,1.8739804029464722,1.5293762683868408,1.9080264568328857,1.8063035011291504,1.0,1.6703896522521973,1.0,1.4383682012557983,2.9062070846557617,2.2241902351379395,1.0,85.80717468261719,1.8331029415130615,1.0,1.0449888706207275,1.0872339010238647,1.0742264986038208,1.0,1.4195091724395752,1.0,1.4219162464141846,1.5083897113800049,28.719745635986328,2.4756247997283936,5.4931960105896,3.5506412982940674,1.7034831047058105,2.0777041912078857,1.2038003206253052,4.616759777069092,1.657617449760437,1.8182978630065918,1.5874775648117065,2.062026023864746,2.30018949508667,1.0,98.6789779663086,128.24127197265625,4.909560680389404,1.0,2.7597835063934326,1.0,1.0,10.939385414123535,5.618954181671143,1.0,15.608173370361328,2.1478354930877686,188.3445281982422,1.0,5.769867897033691,1.7358521223068237,5.7145891189575195,2.2455272674560547,2.377439022064209,6.129205226898193,1.0,2.936760425567627,1.0,1.0,19.34440040588379,16.344703674316406,8.707161903381348,1.0,16.236974716186523,18.461246490478516,1.0,2.854778289794922,8.824579238891602,1.0,50.67731475830078,37.75626754760742,58.497127532958984,6.256046772003174,33.279972076416016,1.0,20.238189697265625,190.82101440429688,28.137554168701172,56.56780242919922,113.05439758300781,19.678482055664062,51.283565521240234
TEST_08+3일,2.7965614795684814,74.69071960449219,3.2946527004241943,1.2108863592147827,1.2681849002838135,4.657946586608887,15.4232177734375,2.1784231662750244,6.241812229156494,1.0,2.285052537918091,1.3920278549194336,1.0,1.0,1.835408329963684,1.110776662826538,32.92124557495117,1.5060890913009644,1.0,55.830413818359375,20.086130142211914,2.8655383586883545,1.0,1.0,9.5879487991333,55.23918151855469,15.199983596801758,82.05569458007812,11.238429069519043,4.565008163452148,4.066128253936768,1.318473219871521,1.259562373161316,1.0,1.0,4.248333930969238,15.72437572479248,1.6016501188278198,3.077277421951294,12.508735656738281,14.746892929077148,2.6009938716888428,3.8262712955474854,3.2171683311462402,2.1541337966918945,2.4966797828674316,1.0411109924316406,2.3642823696136475,1.1669403314590454,1.0,4.580781936645508,1.14006769657135,5.158975124359131,1.1221346855163574,2.7178289890289307,4.212711811065674,2.849310874938965,2.5342226028442383,1.6013826131820679,1.2452574968338013,1.5974208116531372,6.602695465087891,11.381523132324219,5.713299751281738,9.48459529876709,1.0,1.0,2.477325439453125,2.3465471267700195,1.0,1.2664484977722168,1.885774850845337,1.9192099571228027,2.381544828414917,4.672832012176514,1.4765119552612305,1.4969372749328613,3.490525960922241,4.289488792419434,1.694535732269287,1.0,1.0,1.0,5.731902599334717,3.16389536857605,1.4319767951965332,5.557132720947266,1.0,4.7623419761657715,4.934711933135986,39.99335479736328,2.117811441421509,3.923980712890625,1.5416812896728516,1.0,2.793715476989746,1.519971489906311,1.0,16.3413028717041,4.60577917098999,4.841938495635986,2.2957284450531006,5.280768394470215,1.0,46.300376892089844,44.01274108886719,7.912099838256836,3.108893632888794,2.3991856575012207,1.0,2.026240348815918,1.285237431526184,1.0019317865371704,1.5386563539505005,1.0,1.4030007123947144,1.0,1.4537841081619263,3.9225761890411377,2.104368209838867,1.0,49.0445556640625,1.7192285060882568,1.0,1.0,1.220933437347412,1.6952017545700073,1.0,1.5293922424316406,1.0,2.1536238193511963,1.6164541244506836,11.047587394714355,2.6196863651275635,4.085971355438232,3.9017202854156494,1.7225921154022217,1.4904762506484985,1.0,4.928493976593018,1.5485254526138306,1.6446024179458618,1.2467548847198486,1.1883296966552734,1.3168299198150635,1.0,226.571533203125,275.0282287597656,6.418715953826904,1.0,4.424217700958252,1.0,1.0,6.201001167297363,1.0,1.0,11.229423522949219,1.508986234664917,258.1142578125,1.0,3.767869710922241,1.0241204500198364,3.826596736907959,1.4635380506515503,1.5495665073394775,10.645003318786621,1.0,3.093388080596924,1.0,1.0,1.0,1.0,1.579327940940857,1.282973051071167,11.427788734436035,1.0,1.0,2.434302806854248,6.268935203552246,1.0,39.22691345214844,29.34375762939453,49.98788070678711,5.23097562789917,37.19802474975586,31.33597755432129,25.278244018554688,242.8257598876953,72.3482437133789,123.64481353759766,118.93861389160156,22.697811126708984,49.54705810546875
TEST_08+4일,1.9633336067199707,95.56465148925781,1.6625624895095825,1.1976372003555298,1.449488639831543,2.4739460945129395,20.84304428100586,1.9034762382507324,4.431376934051514,1.0,3.3574893474578857,1.0,1.0,1.2638599872589111,3.4610071182250977,1.0,70.15872955322266,1.123249888420105,1.0,60.69662094116211,33.31354522705078,2.4447944164276123,1.0,3.410459280014038,13.210838317871094,34.99144744873047,26.7825870513916,39.492332458496094,12.94153118133545,2.5597550868988037,3.0148420333862305,1.9621888399124146,1.0097970962524414,1.150585412979126,1.0,7.8178791999816895,18.227693557739258,1.0,2.068798303604126,14.227396011352539,12.134502410888672,1.8021352291107178,2.157451868057251,4.152585029602051,1.365724802017212,2.3126869201660156,1.3675554990768433,2.8769147396087646,1.0,1.560926079750061,9.812695503234863,1.1581330299377441,6.394245147705078,1.3667465448379517,2.5060176849365234,2.1805408000946045,2.1057522296905518,2.212040424346924,1.9183770418167114,1.0,3.633857488632202,5.91416597366333,24.968231201171875,3.6490490436553955,15.734061241149902,2.195863723754883,1.0,1.9838165044784546,3.5317256450653076,1.0,2.2830963134765625,1.0,1.3677886724472046,2.0240976810455322,3.728468894958496,2.951874256134033,1.5343846082687378,3.4251551628112793,2.7558271884918213,3.3711585998535156,1.0,1.0,1.438854694366455,2.8413503170013428,3.531379461288452,1.3790884017944336,4.946969032287598,1.0,3.9406776428222656,1.807342529296875,15.950243949890137,3.346421718597412,2.8366055488586426,1.5049753189086914,1.0,2.972372531890869,1.8923033475875854,1.0,18.91694450378418,4.806795120239258,3.469355344772339,1.7533475160598755,3.484910011291504,1.0,62.81680679321289,54.315696716308594,5.275761604309082,1.0196020603179932,2.750397205352783,1.0,1.7883553504943848,1.3642975091934204,1.0,2.2745437622070312,1.0,1.1428412199020386,1.0,1.1774238348007202,3.5349559783935547,2.2889628410339355,1.0,47.847503662109375,1.2690643072128296,1.0,1.0951752662658691,1.7949998378753662,1.028795599937439,1.0,1.0,1.6663621664047241,1.0,1.0077334642410278,35.224849700927734,2.5710432529449463,1.9452513456344604,4.102917671203613,1.6094971895217896,1.821945309638977,1.4925568103790283,4.58031702041626,1.0,2.4141881465911865,1.6532261371612549,1.4972624778747559,3.42315673828125,4.953692436218262,205.0955810546875,73.20039367675781,6.366854667663574,1.0,2.5871384143829346,3.302586317062378,1.0,4.865561485290527,8.205459594726562,6.745423793792725,17.65135955810547,1.7090493440628052,288.047119140625,1.0,4.367079257965088,1.0,3.4945778846740723,2.0657989978790283,3.0400211811065674,3.464141845703125,1.0,4.008360385894775,1.0,1.0,5.0450439453125,3.378241777420044,2.9616849422454834,1.0,4.130415439605713,12.963428497314453,3.1600136756896973,1.681577205657959,11.589839935302734,7.025961875915527,29.48796272277832,23.79986572265625,51.18301010131836,8.777813911437988,34.69133377075195,22.84183692932129,16.398223876953125,238.58827209472656,75.05594635009766,78.64764404296875,222.66644287109375,46.2730827331543,62.86813735961914
TEST_08+5일,6.143651008605957,71.38850402832031,2.4936585426330566,2.113990545272827,2.2162764072418213,4.692602157592773,43.338417053222656,3.4875872135162354,5.717128753662109,1.0,3.268793821334839,1.7068060636520386,1.0,1.096048355102539,3.4776060581207275,1.0,92.4778823852539,1.9181256294250488,1.0,124.42888641357422,52.89156723022461,4.070215702056885,1.0326861143112183,6.50811243057251,25.453670501708984,51.60344696044922,22.428442001342773,70.03575897216797,10.715957641601562,2.857473373413086,3.030219554901123,3.9250197410583496,2.8817765712738037,1.0,1.0426876544952393,4.436081886291504,22.757951736450195,1.0,1.9854599237442017,18.692594528198242,11.965773582458496,1.731882095336914,3.1369636058807373,5.2002973556518555,1.626702904701233,1.79436194896698,1.1789952516555786,3.7211525440216064,1.054589033126831,1.1139800548553467,6.834333419799805,1.0423895120620728,11.094560623168945,1.1173170804977417,4.2434468269348145,3.0681357383728027,4.011732578277588,2.2619571685791016,2.2703375816345215,1.0,3.333272695541382,5.175496578216553,9.198186874389648,7.251525402069092,5.816040992736816,2.9438071250915527,1.0,2.05269193649292,4.752383232116699,2.27579665184021,1.0,2.640416383743286,2.2327075004577637,1.681269884109497,6.135934352874756,1.8503645658493042,1.3911305665969849,2.6590824127197266,1.339540958404541,3.3567709922790527,1.0,1.0,2.1181347370147705,4.421727657318115,1.7329798936843872,1.0,5.318876266479492,1.0,1.7964762449264526,2.608976364135742,19.27136993408203,1.380760669708252,4.121990203857422,3.521915912628174,1.0,8.83462142944336,1.4304304122924805,1.2802488803863525,9.018509864807129,8.771758079528809,3.072176933288574,1.0801939964294434,4.2176408767700195,1.0,53.0912971496582,65.83663177490234,9.087309837341309,1.730545997619629,1.6784952878952026,1.086042881011963,1.0948984622955322,1.8328185081481934,1.0,1.7593989372253418,1.0,1.0575788021087646,1.7827374935150146,1.4629898071289062,2.9718692302703857,2.859663486480713,1.0,127.95394134521484,1.5657124519348145,1.4930424690246582,1.27283775806427,2.167748212814331,1.3280224800109863,1.3354381322860718,1.3541005849838257,1.6290907859802246,1.6875243186950684,1.5062034130096436,88.16978454589844,2.689514398574829,4.481182098388672,4.688024997711182,1.5905758142471313,2.337413787841797,1.321205496788025,2.4950199127197266,1.4892908334732056,2.4149093627929688,2.8712551593780518,1.0706850290298462,2.0120911598205566,4.527171611785889,95.29644775390625,212.57794189453125,5.330169200897217,3.4491631984710693,3.560807943344116,1.0,1.0,1.9182230234146118,1.0,1.0,9.230989456176758,2.10193133354187,242.3110809326172,1.0,7.130743503570557,1.0,1.9308515787124634,3.5161314010620117,1.266574740409851,13.907354354858398,1.0,2.9263854026794434,1.0,1.0,9.304788589477539,14.511420249938965,5.633030414581299,2.324934482574463,1.2583599090576172,13.814370155334473,1.0,1.9862501621246338,5.499582290649414,6.317800045013428,32.97978973388672,18.28622055053711,52.61268997192383,7.238115310668945,42.459449768066406,25.62464141845703,22.226139068603516,189.3126220703125,85.10733032226562,70.6501693725586,266.2034912109375,50.89725112915039,83.60075378417969
TEST_08+6일,3.769035577774048,85.05230712890625,7.317992210388184,7.7772979736328125,3.156094551086426,8.745158195495605,22.139711380004883,1.7229506969451904,11.764554977416992,1.0,3.6212539672851562,1.364831566810608,1.0,1.337370753288269,7.300705909729004,1.0,39.27925491333008,1.2559499740600586,1.0,46.782691955566406,19.805686950683594,2.794067859649658,1.4637272357940674,3.1093266010284424,19.044498443603516,70.96903991699219,39.94835662841797,125.66770935058594,22.237091064453125,4.649628162384033,5.481410980224609,5.119420528411865,2.320535659790039,1.0,1.0,5.585508346557617,33.12860870361328,2.1333727836608887,3.076307773590088,34.2314453125,25.736740112304688,2.090092658996582,4.990355968475342,2.1729161739349365,1.5079602003097534,2.7284200191497803,1.578731894493103,4.006303787231445,1.3919872045516968,3.0018205642700195,8.45602798461914,1.0,9.71923828125,3.5311450958251953,5.622532367706299,2.010874032974243,3.418509006500244,2.222141981124878,5.676569938659668,1.6053919792175293,4.422423362731934,3.741039514541626,12.57483959197998,10.093942642211914,8.443466186523438,1.0,1.0,1.832191824913025,3.1047236919403076,1.0,1.4085400104522705,2.428677558898926,1.3424066305160522,2.2942206859588623,4.805444717407227,2.1147408485412598,3.9419641494750977,4.210511684417725,2.330134630203247,3.6070640087127686,1.0,2.5946624279022217,2.604616403579712,7.545034408569336,2.6300840377807617,4.335213661193848,6.211751461029053,1.0,3.2055554389953613,5.068456649780273,64.05445861816406,3.236441135406494,5.3371686935424805,8.288986206054688,1.0677742958068848,3.551945686340332,1.155823826789856,1.0,24.400922775268555,8.496906280517578,7.378555774688721,1.4813838005065918,1.0,1.0,54.632545471191406,65.36866760253906,6.751660346984863,3.3438878059387207,5.084657192230225,3.634084701538086,7.1928019523620605,3.429020881652832,2.26933217048645,3.397156238555908,1.0,1.0,1.4414681196212769,4.587569236755371,6.071731090545654,4.910223007202148,1.0,67.28425598144531,1.7226166725158691,1.0,1.4766117334365845,1.7437390089035034,1.0140093564987183,1.494891881942749,1.475736141204834,1.09347403049469,1.0,1.099332571029663,62.71773910522461,4.798006057739258,5.553680896759033,5.111662864685059,3.4955451488494873,3.0439250469207764,3.3768696784973145,5.817526817321777,1.8463047742843628,2.305178165435791,4.129785537719727,1.206913948059082,4.2210283279418945,7.128700256347656,332.79803466796875,181.5980987548828,6.926727771759033,3.065162181854248,5.048730850219727,1.0,1.0,12.034139633178711,1.0,1.0,18.465408325195312,2.444082260131836,108.52381134033203,1.0,6.709833145141602,1.0,5.576340675354004,1.9848570823669434,4.645834445953369,15.76149845123291,1.0,9.175616264343262,92.94637298583984,84.65166473388672,6.7368483543396,11.109748840332031,3.219322681427002,4.146089553833008,5.436946392059326,13.126726150512695,2.604355812072754,1.5571329593658447,6.560242176055908,17.468048095703125,54.65114974975586,37.61558532714844,56.65803527832031,5.893857955932617,47.732810974121094,47.31269073486328,29.282363891601562,250.565185546875,81.82398986816406,92.0010986328125,287.68145751953125,54.529170989990234,69.60064697265625
TEST_08+7일,10.187868118286133,26.733434677124023,6.469090938568115,8.629755020141602,2.7860355377197266,3.812164068222046,26.377559661865234,1.2350502014160156,6.1631059646606445,1.0,5.9527692794799805,2.135688304901123,1.0,1.0661648511886597,9.719382286071777,1.2879135608673096,42.00086212158203,2.6799793243408203,1.0,105.55960845947266,29.908092498779297,5.806641101837158,1.0,3.136833429336548,1.0,37.17660140991211,15.72131061553955,58.06007385253906,20.492734909057617,5.072772979736328,5.3024773597717285,5.357014179229736,2.580401659011841,2.478527069091797,1.0,8.657259941101074,74.17931365966797,1.0,5.53214168548584,51.377620697021484,23.842571258544922,5.667499542236328,3.861841917037964,1.0,2.8309903144836426,4.021988868713379,2.7134063243865967,4.333712100982666,1.8456372022628784,3.2179434299468994,8.121864318847656,3.8743197917938232,8.746664047241211,1.070918083190918,9.302703857421875,5.062338829040527,5.751191139221191,5.446541786193848,3.7198238372802734,1.2187581062316895,9.946784019470215,9.208096504211426,20.32416343688965,11.354174613952637,14.125804901123047,2.936652898788452,1.0,3.8606839179992676,5.422203540802002,1.1093342304229736,2.0341031551361084,2.145287275314331,2.2823519706726074,2.8576343059539795,6.7020087242126465,1.7267464399337769,1.3662073612213135,4.259446620941162,1.0561515092849731,3.4638683795928955,1.0,1.0,2.0965003967285156,4.8440141677856445,3.3452634811401367,2.4099366664886475,6.543246746063232,1.0,2.738528251647949,4.498898506164551,15.45301628112793,2.7867238521575928,7.267901420593262,11.123141288757324,1.0,2.5479257106781006,2.2614405155181885,1.0,6.9828033447265625,14.687820434570312,7.66240930557251,1.0755757093429565,8.068339347839355,1.0,126.97734832763672,15.66952133178711,23.87013816833496,4.385795593261719,4.0165228843688965,1.9042844772338867,3.2584617137908936,2.225572109222412,2.002926826477051,4.822311878204346,1.0,2.6034507751464844,1.268875002861023,1.3957903385162354,4.006714820861816,4.9007649421691895,1.0,44.37352752685547,1.2977327108383179,1.0,1.044524908065796,1.2288892269134521,1.2261184453964233,1.0,1.120180368423462,1.468355655670166,1.0661813020706177,1.5270204544067383,101.42584991455078,5.924209117889404,7.493166923522949,8.316597938537598,3.390897750854492,3.6156976222991943,4.474620819091797,11.637056350708008,2.3487088680267334,4.6588616371154785,3.8553781509399414,4.23055362701416,2.748915910720825,1.0,103.21873474121094,101.30947875976562,6.3153977394104,1.7431944608688354,8.270155906677246,6.537217617034912,1.0,13.318270683288574,14.48021125793457,3.5781235694885254,16.334552764892578,4.59517240524292,134.00509643554688,1.0,11.284238815307617,1.0,9.70431137084961,4.084095478057861,7.345458030700684,8.338214874267578,1.0,8.002022743225098,22.037561416625977,1.0,10.867269515991211,15.984047889709473,20.82918357849121,4.138083457946777,33.61338806152344,33.87650680541992,3.0208888053894043,3.9107298851013184,8.256040573120117,20.173858642578125,55.004486083984375,37.093082427978516,69.01457977294922,10.848401069641113,57.055908203125,61.98280715942383,22.65577507019043,276.548828125,60.52093505859375,79.69525909423828,166.7296142578125,25.333324432373047,59.62056350708008
TEST_09+1일,9.114387512207031,7.292630195617676,7.878600120544434,3.3132660388946533,1.1165858507156372,4.415424823760986,7.747155666351318,3.330861806869507,5.209894180297852,1.9832844734191895,1.0,1.2153509855270386,1.4241822957992554,2.964752197265625,21.46343421936035,3.039210796356201,72.33208465576172,1.4964005947113037,2.513864755630493,42.756202697753906,22.731679916381836,1.0,1.3415216207504272,1.0,18.52960777282715,25.581464767456055,14.41688346862793,32.50377655029297,14.906134605407715,5.404143810272217,3.9317245483398438,7.120847225189209,6.172792911529541,2.717886447906494,1.3155162334442139,2.19759464263916,58.15805435180664,1.0,3.5914101600646973,31.885637283325195,31.19137191772461,2.1032702922821045,3.211822748184204,4.29199743270874,1.0023798942565918,1.0,1.7446174621582031,3.385058879852295,1.0,3.5307810306549072,8.588397026062012,1.2278614044189453,5.356913089752197,2.7209420204162598,6.5368146896362305,1.048572063446045,2.91625714302063,2.1728196144104004,2.1242334842681885,1.0,8.126242637634277,11.7485990524292,15.339282035827637,8.055144309997559,8.161886215209961,1.0,1.0,1.6765276193618774,5.809418201446533,1.180433750152588,1.052841067314148,2.990978956222534,1.0673400163650513,1.0,1.549331784248352,2.0894250869750977,1.733896255493164,2.450390577316284,1.0,1.0,1.0,1.0,2.882477045059204,2.897662401199341,2.8857996463775635,2.8941590785980225,2.8971638679504395,1.0,2.890376091003418,3.398871898651123,44.68511962890625,1.559647560119629,6.136878490447998,6.111179828643799,1.0988572835922241,1.939601182937622,1.081667423248291,1.0,19.696884155273438,3.0804431438446045,1.3744069337844849,1.1084400415420532,4.554892539978027,2.1992859840393066,182.59288024902344,1.0,30.529508590698242,3.2637743949890137,3.7281334400177,1.0,2.3733487129211426,2.7120025157928467,1.7441779375076294,2.336822509765625,1.7720894813537598,1.616689682006836,4.405228137969971,1.591943383216858,3.2835166454315186,2.6077847480773926,1.078260898590088,43.27225875854492,1.0,1.0,1.0,1.0,1.0,1.0,1.0,1.2617112398147583,1.0,1.0,1.0,1.5356051921844482,1.0,1.0,1.0,1.0,1.0,2.1682944297790527,1.0,1.0,3.7723021507263184,1.0,10.16395092010498,1.0,118.96318817138672,80.8487777709961,9.985042572021484,5.073855876922607,8.189096450805664,1.0,1.0,23.0046443939209,1.0,6.744895935058594,15.423187255859375,11.085176467895508,41.7694091796875,1.0,11.580962181091309,1.2952558994293213,9.750102043151855,6.983030796051025,7.932496547698975,7.938992500305176,1.0,11.720243453979492,1.0,1.0,1.0,35.13662338256836,1.0,4.760738849639893,33.34696960449219,30.01717758178711,1.0,5.100851535797119,3.617358684539795,1.0,33.813804626464844,16.673404693603516,31.309762954711914,13.205480575561523,20.159854888916016,30.09532356262207,19.73277473449707,168.39488220214844,60.31269454956055,51.84054183959961,88.51911163330078,29.370315551757812,74.5049057006836
TEST_09+2일,4.194614410400391,57.43226623535156,2.9126083850860596,2.6673622131347656,1.5932143926620483,2.3063108921051025,15.689437866210938,2.8006367683410645,2.3276803493499756,1.2333699464797974,1.0,1.0,1.058938980102539,1.5635124444961548,7.827505588531494,1.7399238348007202,57.87727737426758,1.389314889907837,1.3852148056030273,54.785072326660156,18.987714767456055,1.005035400390625,1.0368781089782715,1.0,36.236717224121094,38.028873443603516,12.8825101852417,36.70051574707031,4.931142330169678,1.867732286453247,2.5580801963806152,3.8103625774383545,1.825209617614746,2.2281715869903564,1.1424726247787476,2.0350687503814697,26.91975212097168,1.0,3.121856927871704,18.563539505004883,3.9415230751037598,1.61624014377594,3.1997087001800537,11.330243110656738,2.789142608642578,1.1547523736953735,1.4608858823776245,2.828542470932007,1.0,1.8913568258285522,6.1529951095581055,1.2462379932403564,12.273666381835938,1.3212077617645264,1.0,1.0,2.7619528770446777,1.5671608448028564,1.4623199701309204,1.0,3.675398349761963,11.395771980285645,18.965404510498047,10.37662410736084,6.77428674697876,1.165624976158142,1.0,1.0013148784637451,3.083979845046997,1.0,1.0,1.0,1.0,1.5144256353378296,1.3162091970443726,2.9945430755615234,1.8741977214813232,1.0,1.0,1.0,1.0,1.0,1.0,2.8321237564086914,1.8187370300292969,2.711918354034424,1.0,1.0,1.0,1.4283459186553955,47.934288024902344,1.03242826461792,5.110924243927002,5.0692572593688965,1.2387313842773438,1.0645382404327393,4.193967342376709,1.0,8.033575057983398,2.4082019329071045,1.2964963912963867,1.0,4.698854446411133,1.1815624237060547,89.5209732055664,62.740875244140625,13.063882827758789,3.270256996154785,1.8196274042129517,1.0,2.050877094268799,1.6119195222854614,1.9116696119308472,2.7003300189971924,1.5866758823394775,1.2187570333480835,4.064664840698242,1.5485000610351562,1.906510829925537,1.8685202598571777,1.0,30.88398551940918,1.5125236511230469,1.5464383363723755,1.0,1.0,1.0908005237579346,1.0,1.4726234674453735,1.1885530948638916,1.0,1.4256527423858643,52.011558532714844,1.0,2.304321527481079,1.4883968830108643,1.0,1.0,1.0,2.3845973014831543,1.0,1.0,1.8420740365982056,1.3470748662948608,4.266124248504639,1.0,135.0069122314453,180.24542236328125,7.525471210479736,6.185208320617676,4.270719051361084,1.0,1.3239753246307373,12.40628433227539,1.0,5.008932590484619,18.134231567382812,2.2150866985321045,50.79176330566406,1.0,1.1693679094314575,1.900881290435791,5.58383321762085,2.523519277572632,5.281242370605469,1.0,1.0,8.044451713562012,1.0,1.0,11.559518814086914,2.7579152584075928,1.0,3.412794828414917,6.597745895385742,7.012968063354492,1.0,2.5477402210235596,3.6783361434936523,1.0,18.750089645385742,13.405447006225586,17.01963233947754,8.398847579956055,12.56088924407959,17.880382537841797,10.33869743347168,107.78284454345703,13.581123352050781,30.09838104248047,19.486053466796875,14.283188819885254,32.868770599365234
TEST_09+3일,3.70428729057312,50.851539611816406,5.043219089508057,1.7293729782104492,1.3867247104644775,1.6715068817138672,12.006646156311035,2.9282290935516357,3.1795389652252197,1.2929668426513672,1.0,1.0834742784500122,1.0,1.5019832849502563,2.9227287769317627,2.920713186264038,42.40639877319336,1.0279982089996338,1.7801772356033325,40.12788391113281,19.2249698638916,1.005460262298584,1.26901113986969,1.0,65.35428619384766,53.12895584106445,14.556774139404297,69.50659942626953,6.898289680480957,4.2909064292907715,5.415924549102783,2.3355796337127686,1.5348106622695923,1.9721041917800903,1.2540806531906128,1.3449678421020508,16.05443000793457,2.2256784439086914,2.4619557857513428,21.332191467285156,14.46532917022705,1.4890615940093994,3.789747714996338,20.811553955078125,2.1288487911224365,1.6300028562545776,1.0662490129470825,2.8958792686462402,1.0,2.1232855319976807,10.378734588623047,1.0,7.461569786071777,1.0,3.77051043510437,1.2185640335083008,5.517688274383545,1.235973596572876,1.0,1.0,4.283869743347168,4.774903774261475,7.425955772399902,13.276690483093262,6.651679039001465,1.0,1.0,1.0,3.6832356452941895,1.83913254737854,1.743387222290039,2.189495086669922,1.0,1.0,1.7396280765533447,1.5926975011825562,1.782578468322754,1.158570647239685,1.0,1.0,1.0,1.0,2.0787978172302246,2.1932926177978516,1.410583734512329,2.5052852630615234,1.240889310836792,1.0,1.35602605342865,1.5934382677078247,41.85786056518555,1.0,2.2455060482025146,2.9328114986419678,1.3685606718063354,1.0,1.5639488697052002,1.0,17.31344985961914,1.0,1.0403180122375488,1.0,1.0,1.501372218132019,62.518959045410156,27.316051483154297,4.399567127227783,2.1374502182006836,4.344626426696777,1.0,1.227605938911438,1.300413727760315,1.0610123872756958,2.22101092338562,5.199368476867676,1.0,2.5274157524108887,1.7545099258422852,1.392726182937622,1.5285980701446533,1.0,31.282001495361328,1.0,1.0700784921646118,1.0,1.0,1.2295258045196533,1.0,1.5203311443328857,1.0,1.0,1.4883875846862793,30.581212997436523,1.0,1.9269075393676758,1.230750560760498,1.0,1.0,1.0,2.040602445602417,1.0,1.0,2.069740056991577,1.3553441762924194,1.8982332944869995,1.0,143.0155792236328,197.4369659423828,6.928276538848877,1.9970229864120483,5.863955020904541,1.0,1.0,8.120244026184082,1.0,1.0,11.232983589172363,2.186859607696533,27.07155418395996,1.0,2.7760426998138428,1.0,4.3017048835754395,1.0,4.0142340660095215,1.0,1.0,6.053921222686768,1.0,1.0,1.0,1.1187764406204224,1.0,1.0,1.0,9.896662712097168,4.518423080444336,1.7619383335113525,1.0520614385604858,1.0,7.308015823364258,11.405999183654785,4.2158589363098145,2.357332229614258,15.99732494354248,5.6289238929748535,8.760271072387695,57.250511169433594,45.63153076171875,37.7797966003418,70.94805145263672,24.629737854003906,24.40662956237793
TEST_09+4일,4.200563430786133,92.40258026123047,3.8560101985931396,2.845215082168579,1.5410383939743042,1.728714108467102,32.91880798339844,2.789696455001831,2.374464511871338,1.144436240196228,1.3150207996368408,1.0,1.091281533241272,3.6310768127441406,12.420748710632324,2.416520595550537,80.17182922363281,1.117466688156128,1.0,67.6209487915039,33.75467300415039,1.0,1.1104638576507568,1.0,17.993804931640625,32.81946563720703,16.01338005065918,35.629371643066406,11.821910858154297,3.1909642219543457,4.518626689910889,4.78294038772583,1.7874321937561035,1.0,1.0,2.8565917015075684,23.544301986694336,1.0,2.6166861057281494,26.084239959716797,7.47492790222168,2.9261815547943115,5.510286331176758,7.597288608551025,1.3918954133987427,1.0,1.408055305480957,3.948611259460449,1.0,3.6892850399017334,13.56530475616455,1.0,8.293306350708008,1.1649973392486572,1.1266579627990723,1.0,7.462069988250732,1.0,1.0,1.0,3.0457048416137695,5.11091947555542,12.448177337646484,10.370372772216797,6.923170566558838,1.2419556379318237,1.2911337614059448,2.1581203937530518,4.019611358642578,1.0,1.5061736106872559,1.0392521619796753,1.0,1.3709899187088013,1.0,2.9669384956359863,1.6842015981674194,1.0,1.0,1.0,1.0,1.0,3.5270133018493652,2.4449844360351562,2.9671292304992676,4.2266106605529785,1.4882733821868896,1.0,1.0,2.158761501312256,17.229141235351562,2.148831367492676,3.0490238666534424,4.508816242218018,1.1864949464797974,1.3019824028015137,2.0271971225738525,1.4683489799499512,8.467389106750488,2.3576653003692627,1.5668505430221558,1.0,1.5593737363815308,1.1645407676696777,30.675844192504883,35.57469940185547,6.14977502822876,1.9283373355865479,2.7366113662719727,1.0,1.8814172744750977,1.0,1.1383894681930542,2.222709894180298,1.0,1.0,2.7395431995391846,1.6532407999038696,2.6151185035705566,1.651543378829956,1.0,55.4266242980957,1.6686372756958008,1.4638832807540894,1.0,1.0,1.6861377954483032,1.0,1.0,1.900492548942566,1.0,1.0,45.3890495300293,1.0,1.219893217086792,1.122768521308899,1.0,1.0,1.0,2.1857833862304688,1.0,1.0,1.633669376373291,1.0,3.05612850189209,1.6039224863052368,100.77865600585938,166.0155792236328,5.012897968292236,2.9167873859405518,1.8199889659881592,1.0,1.0,9.613090515136719,1.0,10.73729133605957,16.582862854003906,1.1193903684616089,26.493576049804688,1.0,1.6710643768310547,1.0,2.4916322231292725,1.0,3.7554900646209717,1.0,1.001259446144104,5.146868705749512,43.19408416748047,1.0,8.027592658996582,1.0,1.0,1.0,1.0,1.0,3.529402017593384,1.6921255588531494,9.31732177734375,8.015568733215332,5.95698881149292,2.701805830001831,4.979809761047363,1.9429219961166382,7.213104248046875,6.761537075042725,2.1926705837249756,37.8025016784668,32.11683654785156,28.668882369995117,75.7550277709961,17.87203025817871,37.239253997802734
TEST_09+5일,7.015865325927734,57.23249435424805,5.264315128326416,2.0739307403564453,1.800391435623169,4.807651519775391,51.67106628417969,5.7393717765808105,3.5840988159179688,1.152502179145813,1.0,1.081416130065918,1.17841637134552,5.25799560546875,14.040785789489746,2.130138397216797,164.64035034179688,1.8330943584442139,1.2615383863449097,144.43275451660156,55.746498107910156,1.336666226387024,1.4392590522766113,1.0,55.018104553222656,46.49164962768555,15.970956802368164,34.42821502685547,4.7719526290893555,3.5261151790618896,2.1906087398529053,3.8400073051452637,2.562356472015381,2.363999366760254,1.6035513877868652,2.055147647857666,22.6003475189209,1.0,2.343954086303711,22.226394653320312,7.961262226104736,1.4174288511276245,4.244239330291748,5.932319164276123,2.0848093032836914,6.606040954589844,1.2698298692703247,7.4738383293151855,1.0,1.9806092977523804,6.071104049682617,1.0,5.305735111236572,1.721264362335205,1.0,1.016828179359436,3.007514715194702,1.0,1.2807494401931763,1.0,3.7230935096740723,2.5751194953918457,12.175407409667969,10.552292823791504,5.300037860870361,1.0,1.0930956602096558,1.0,3.5341997146606445,1.0,1.0,1.442034363746643,1.499756932258606,1.7944966554641724,1.5403376817703247,6.901777267456055,1.273668646812439,1.153782844543457,1.0,1.0,1.0,1.0,3.017016887664795,1.37847900390625,2.0088720321655273,4.28986930847168,1.0,1.0,1.0,1.5921121835708618,22.49296760559082,1.7246259450912476,3.344259023666382,4.448387622833252,1.1272395849227905,1.1867886781692505,1.0,1.0,10.475473403930664,4.2226409912109375,1.6332684755325317,1.0,1.676861047744751,1.1655577421188354,46.42872619628906,26.682212829589844,6.223982334136963,6.342962265014648,3.388798952102661,1.0,2.1776740550994873,1.3453176021575928,1.0,2.16837215423584,1.0,1.3635996580123901,4.9122090339660645,2.2231554985046387,3.544210910797119,1.997469425201416,1.0,110.68120574951172,1.3597161769866943,1.6611179113388062,1.0850814580917358,1.2849767208099365,1.3534843921661377,1.571812629699707,1.3069477081298828,1.3063029050827026,1.6441696882247925,1.490736722946167,63.04124069213867,1.0,2.62445330619812,1.9318047761917114,1.0,1.3860652446746826,1.0,1.0,1.0,1.0,4.024147033691406,1.0,3.3223891258239746,6.329775333404541,99.70980834960938,416.9154052734375,6.559389591217041,7.532923221588135,2.3298730850219727,1.0,1.601880431175232,9.504964828491211,1.0,1.0,11.380364418029785,1.6044796705245972,1.0,1.0,4.887932777404785,1.0,1.2360384464263916,5.842088222503662,2.4945085048675537,1.5673909187316895,1.0,4.636699199676514,1.0,1.0,8.283543586730957,3.4456756114959717,1.0,1.0,1.0,1.0,1.0,1.5706778764724731,1.7090342044830322,7.037941932678223,12.91264533996582,11.624772071838379,6.649242401123047,1.0,10.707306861877441,2.650954008102417,3.9136290550231934,56.051124572753906,41.40567398071289,49.14209747314453,63.165950775146484,20.380502700805664,34.55823516845703
TEST_09+6일,3.5669000148773193,123.42893981933594,10.309577941894531,4.5904364585876465,1.4666121006011963,3.2458817958831787,69.6663589477539,2.385563850402832,3.401132822036743,2.4278039932250977,1.06920325756073,1.0,1.7961323261260986,6.376127243041992,28.582603454589844,2.7670018672943115,94.89375305175781,1.4872429370880127,1.229626178741455,44.618656158447266,64.1712417602539,1.0,2.7220540046691895,1.0,40.3264045715332,90.14881134033203,17.408092498779297,109.13484191894531,6.2623724937438965,3.0930075645446777,3.524472236633301,5.3722333908081055,2.3886473178863525,1.6956055164337158,1.319567322731018,2.888113021850586,20.429794311523438,1.8571436405181885,3.834872245788574,25.381227493286133,14.802726745605469,3.2138671875,3.965085506439209,7.21899938583374,1.8993635177612305,1.0850516557693481,1.0,1.430899739265442,1.0,2.7230582237243652,7.403653144836426,1.0,3.9845433235168457,1.433056354522705,1.1450711488723755,1.0,2.933337926864624,1.0,1.0,1.0,5.1399827003479,1.4775668382644653,9.366801261901855,10.289275169372559,4.467438697814941,1.0,1.0,2.14992094039917,6.652867794036865,1.3166660070419312,1.4626891613006592,1.0408716201782227,1.0,1.5337203741073608,2.1385717391967773,1.4292911291122437,1.7595107555389404,1.194748878479004,1.0,2.493943691253662,1.7874767780303955,1.0,3.3827500343322754,1.7470659017562866,1.9476912021636963,1.3874361515045166,3.341017246246338,1.0991570949554443,1.0,5.113251686096191,107.02239227294922,1.264739990234375,5.341943264007568,8.282859802246094,3.6249523162841797,1.0,1.194159984588623,1.5277419090270996,19.630107879638672,6.505509853363037,2.7646400928497314,1.102344274520874,2.9065043926239014,1.045734167098999,28.245790481567383,48.880760192871094,10.273844718933105,3.791607618331909,10.05920124053955,1.0,4.924958229064941,1.6315494775772095,5.312106132507324,2.358438730239868,1.0423423051834106,1.8754050731658936,2.7669599056243896,1.802389144897461,2.8696775436401367,2.5431206226348877,1.0,51.58158874511719,1.0,1.4785367250442505,1.0,1.0,1.1330547332763672,1.678558111190796,1.5329363346099854,1.0595283508300781,1.5002955198287964,1.0,79.97882080078125,1.868053913116455,2.9891855716705322,3.316138744354248,1.0,2.916952610015869,1.0,3.766429901123047,1.0,1.0,3.3180923461914062,1.4087295532226562,2.4437594413757324,4.560767650604248,294.93798828125,208.6742401123047,6.340358257293701,7.581865310668945,2.6589832305908203,1.0,1.5935804843902588,9.779093742370605,1.0,8.851961135864258,9.688127517700195,1.8324476480484009,1.0,1.0,4.967833995819092,1.3163669109344482,2.725205659866333,1.360232949256897,3.3322298526763916,8.140206336975098,1.0,7.218757629394531,103.1338119506836,24.44232749938965,5.3369975090026855,12.447131156921387,1.0,1.9994639158248901,1.0,1.0,1.4754458665847778,1.0,1.0,5.026211738586426,18.36581802368164,11.564391136169434,9.494513511657715,3.690539598464966,16.003374099731445,7.475100040435791,7.345412254333496,49.03447341918945,31.51030158996582,55.57451248168945,33.56836700439453,20.772502899169922,29.686386108398438
TEST_09+7일,7.610955715179443,29.626564025878906,10.138115882873535,11.039488792419434,4.0307230949401855,3.8168938159942627,14.963263511657715,5.289748668670654,6.5009589195251465,2.2227494716644287,1.0,1.7870101928710938,2.357095718383789,6.823188304901123,36.04856491088867,6.71614408493042,40.24820327758789,2.2521886825561523,3.1791341304779053,20.845596313476562,19.202852249145508,1.0,1.6665534973144531,1.0,1.0,36.37327194213867,12.960403442382812,32.45432662963867,11.211841583251953,4.084601879119873,3.878676176071167,9.413557052612305,5.779962062835693,5.410553455352783,1.9220988750457764,2.74577260017395,69.8027572631836,1.0,7.800515174865723,69.93321228027344,13.631330490112305,4.0186967849731445,5.125744819641113,1.4856692552566528,2.27994441986084,1.7215678691864014,2.8010494709014893,3.133574962615967,1.0,3.8743579387664795,13.795493125915527,1.905110239982605,6.433996200561523,1.0,4.029469013214111,1.2557566165924072,7.203454971313477,1.4690860509872437,1.4900174140930176,1.1165244579315186,11.901300430297852,6.239530086517334,16.634366989135742,21.079132080078125,6.352062702178955,2.093299150466919,1.5119450092315674,2.699754476547241,7.137217044830322,1.567833662033081,2.309880256652832,2.890261173248291,1.2554162740707397,1.0,2.5056376457214355,2.8115320205688477,1.0,1.4424508810043335,1.0,2.9252209663391113,1.0692014694213867,1.516361951828003,3.347073793411255,3.326904535293579,1.4109331369400024,4.855154991149902,2.8286099433898926,1.0,1.0,3.2097671031951904,13.835694313049316,2.082533836364746,8.444784164428711,12.21341609954834,3.5468435287475586,1.8037148714065552,1.1068726778030396,1.0,18.239561080932617,4.519079208374023,3.8242170810699463,1.4804766178131104,3.972357749938965,1.3909831047058105,111.54328155517578,18.75533103942871,19.894323348999023,8.243619918823242,4.572750091552734,1.0,2.7985262870788574,2.6117899417877197,2.0940747261047363,3.4685864448547363,1.013778805732727,2.367762804031372,5.196926593780518,4.058290481567383,2.8418171405792236,2.94046688079834,1.0,45.54988479614258,1.0,1.0,1.0,1.0,1.246673583984375,1.0638678073883057,1.7845733165740967,1.383936882019043,1.0246087312698364,1.0,116.93963623046875,2.3086628913879395,3.815290689468384,3.1798360347747803,1.1135978698730469,1.7074799537658691,1.0,5.2033467292785645,1.0,1.2046600580215454,4.117583274841309,1.6573206186294556,6.49558162689209,1.0,154.19969177246094,133.8538360595703,8.148881912231445,10.272412300109863,5.707261085510254,4.089454650878906,1.2592700719833374,21.231584548950195,9.757713317871094,5.102055072784424,23.372787475585938,5.306076526641846,38.96938705444336,1.0,10.435810089111328,1.0684220790863037,6.190306186676025,4.087051868438721,4.108101844787598,1.0,1.0,14.617631912231445,37.33636474609375,1.0,5.602310657501221,5.631081581115723,8.857559204101562,8.15560245513916,16.866601943969727,19.572263717651367,2.460571050643921,3.0862514972686768,4.67158842086792,13.259634017944336,39.74061965942383,14.96134090423584,16.70545768737793,7.958226680755615,31.562841415405273,20.146259307861328,14.77033519744873,152.28009033203125,34.914798736572266,85.51994323730469,41.53110122680664,6.361073970794678,37.162872314453125
