영업일자,느티나무 셀프BBQ_1인 수저세트,느티나무 셀프BBQ_BBQ55(단체),"느티나무 셀프BBQ_대여료 30,000원","느티나무 셀프BBQ_대여료 60,000원","느티나무 셀프BBQ_대여료 90,000원","느티나무 셀프BBQ_본삼겹 (단품,실내)",느티나무 셀프BBQ_스프라이트 (단체),느티나무 셀프BBQ_신라면,느티나무 셀프BBQ_쌈야채세트,느티나무 셀프BBQ_쌈장,느티나무 셀프BBQ_육개장 사발면,느티나무 셀프BBQ_일회용 소주컵,느티나무 셀프BBQ_일회용 종이컵,느티나무 셀프BBQ_잔디그늘집 대여료 (12인석),느티나무 셀프BBQ_잔디그늘집 대여료 (6인석),느티나무 셀프BBQ_잔디그늘집 의자 추가,느티나무 셀프BBQ_참이슬 (단체),느티나무 셀프BBQ_친환경 접시 14cm,느티나무 셀프BBQ_친환경 접시 23cm,느티나무 셀프BBQ_카스 병(단체),느티나무 셀프BBQ_콜라 (단체),느티나무 셀프BBQ_햇반,느티나무 셀프BBQ_허브솔트,담하_(단체) 공깃밥,담하_(단체) 생목살 김치전골 2.0,담하_(단체) 은이버섯 갈비탕,담하_(단체) 한우 우거지 국밥,담하_(단체) 황태해장국 3/27까지,담하_(정식) 된장찌개,담하_(정식) 물냉면 ,담하_(정식) 비빔냉면,담하_(후식) 된장찌개,담하_(후식) 물냉면,담하_(후식) 비빔냉면,담하_갑오징어 비빔밥,담하_갱시기,담하_공깃밥,담하_꼬막 비빔밥,담하_느린마을 막걸리,담하_담하 한우 불고기,담하_담하 한우 불고기 정식,담하_더덕 한우 지짐,담하_들깨 양지탕,담하_라면사리,담하_룸 이용료,담하_메밀면 사리,담하_명인안동소주,담하_명태회 비빔냉면,담하_문막 복분자 칵테일,담하_봉평메밀 물냉면,담하_생목살 김치찌개,담하_스프라이트,담하_은이버섯 갈비탕,담하_제로콜라,담하_참이슬,담하_처음처럼,담하_카스,담하_콜라,담하_테라,담하_하동 매실 칵테일,담하_한우 떡갈비 정식,담하_한우 미역국 정식,담하_한우 우거지 국밥,담하_한우 차돌박이 된장찌개,담하_황태해장국,라그로타_AUS (200g),라그로타_G-Charge(3),라그로타_Gls.Sileni,라그로타_Gls.미션 서드,라그로타_Open Food,라그로타_그릴드 비프 샐러드,라그로타_까르보나라,라그로타_모둠 해산물 플래터,라그로타_미션 서드 카베르네 쉬라,라그로타_버섯 크림 리조또,라그로타_빵 추가 (1인),라그로타_스프라이트,라그로타_시저 샐러드 ,라그로타_아메리카노,라그로타_알리오 에 올리오 ,라그로타_양갈비 (4ps),라그로타_자몽리치에이드,라그로타_제로콜라,라그로타_카스,라그로타_콜라,라그로타_하이네켄(생),라그로타_한우 (200g),라그로타_해산물 토마토 리조또,라그로타_해산물 토마토 스튜 파스타,라그로타_해산물 토마토 스파게티,"미라시아_(단체)브런치주중 36,000",미라시아_(오븐) 하와이안 쉬림프 피자,미라시아_(화덕) 불고기 페퍼로니 반반피자,미라시아_BBQ Platter,미라시아_BBQ 고기추가,미라시아_공깃밥,미라시아_글라스와인 (레드),미라시아_레인보우칵테일(알코올),미라시아_미라시아 브런치 (패키지),미라시아_버드와이저(무제한),미라시아_보일링 랍스타 플래터,미라시아_보일링 랍스타 플래터(덜매운맛),미라시아_브런치 2인 패키지 ,미라시아_브런치 4인 패키지 ,미라시아_브런치(대인) 주말,미라시아_브런치(대인) 주중,미라시아_브런치(어린이),미라시아_쉬림프 투움바 파스타,미라시아_스텔라(무제한),미라시아_스프라이트,미라시아_애플망고 에이드,미라시아_얼그레이 하이볼,미라시아_오븐구이 윙과 킬바사소세지,미라시아_유자 하이볼,미라시아_잭 애플 토닉,미라시아_칠리 치즈 프라이,미라시아_코카콜라,미라시아_코카콜라(제로),미라시아_콥 샐러드,미라시아_파스타면 추가(150g),미라시아_핑크레몬에이드,연회장_Cass Beer,연회장_Conference L1,연회장_Conference L2,연회장_Conference L3,연회장_Conference M1,연회장_Conference M8,연회장_Conference M9,연회장_Convention Hall,연회장_Cookie Platter,연회장_Grand Ballroom,연회장_OPUS 2,연회장_Regular Coffee,연회장_골뱅이무침,연회장_공깃밥,연회장_돈목살 김치찌개 (밥포함),연회장_로제 치즈떡볶이,연회장_마라샹궈,연회장_매콤 무뼈닭발&계란찜,연회장_모둠 돈육구이(3인),연회장_삼겹살추가 (200g),연회장_야채추가,연회장_왕갈비치킨,연회장_주먹밥 (2ea),카페테리아_공깃밥(추가),카페테리아_구슬아이스크림,카페테리아_단체식 13000(신),카페테리아_단체식 18000(신),카페테리아_돼지고기 김치찌개,카페테리아_복숭아 아이스티,카페테리아_새우 볶음밥,카페테리아_새우튀김 우동,카페테리아_샷 추가,카페테리아_수제 등심 돈까스,카페테리아_아메리카노(HOT),카페테리아_아메리카노(ICE),카페테리아_약 고추장 돌솥비빔밥,카페테리아_어린이 돈까스,카페테리아_오픈푸드,카페테리아_진사골 설렁탕,카페테리아_짜장면,카페테리아_짜장밥,카페테리아_짬뽕,카페테리아_짬뽕밥,카페테리아_치즈돈까스,카페테리아_카페라떼(HOT),카페테리아_카페라떼(ICE),카페테리아_한상 삼겹구이 정식(2인) 소요시간 약 15~20분,포레스트릿_꼬치어묵,포레스트릿_떡볶이,포레스트릿_복숭아 아이스티,포레스트릿_생수,포레스트릿_스프라이트,포레스트릿_아메리카노(HOT),포레스트릿_아메리카노(ICE),포레스트릿_치즈 핫도그,포레스트릿_카페라떼(HOT),포레스트릿_카페라떼(ICE),포레스트릿_코카콜라,포레스트릿_페스츄리 소시지,화담숲주막_느린마을 막걸리,화담숲주막_단호박 식혜 ,화담숲주막_병천순대,화담숲주막_스프라이트,화담숲주막_참살이 막걸리,화담숲주막_찹쌀식혜,화담숲주막_콜라,화담숲주막_해물파전,화담숲카페_메밀미숫가루,화담숲카페_아메리카노 HOT,화담숲카페_아메리카노 ICE,화담숲카페_카페라떼 ICE,화담숲카페_현미뻥스크림
TEST_00+1일,5.970170756456879,2.6990713186907147,6.003265004580767,3.1476912647838065,1.0,1.141490366471666,1.0,2.075592536516097,2.0495581522532356,1.0,1.0,1.0,1.0,2.9366447247146144,7.827360802227677,1.1534937567744135,1.0,1.0,1.566230217368005,1.0,1.0,1.7029882358223647,1.0,1.0,7.716524558111628,4.240803886338032,6.416394276661768,1.156621752843754,6.287624515354599,1.8807031612007996,1.4898261345936183,1.5901886388646287,2.296595565164903,1.7271049535978695,1.0,1.0,21.288612956141137,1.0,1.115064946042092,22.20451195092594,13.457493964854658,1.0,1.0,1.595741397978508,1.0,2.10756844755937,1.0,3.559817320097772,1.0,2.2883040669967114,8.528030396470939,1.0,5.18118618324399,1.0,1.0788787948474485,1.0,1.8251154825727829,1.0,1.078843065516201,1.0,7.064322533861631,11.089073255882294,14.374913578993382,7.861223960790337,7.867920683350498,2.087563535043863,1.0,1.0,2.0523963438030015,1.7584604456859507,1.7066306972383385,3.6141547949495623,1.0,1.5546985807799558,3.4194044054083172,1.0,1.0,1.671020622425423,1.0,3.586251936758356,2.068245153577607,1.06444239542755,1.0,1.0,1.1377379328385357,2.229485699201293,1.629110340738133,1.0,1.9310238678216143,3.7851910289947353,1.0,1.0,1.8970367120575062,4.626502795709174,1.0,1.0,1.0,1.0,21.243095429716167,3.3821601590114687,1.0392191273501719,1.0,2.1535949637576173,1.0,175.80977859437797,5.771657252225584,47.71912032055649,2.143801036951184,2.5878041890816195,1.0,1.7958221703540815,1.0,1.1355390377758374,1.0,1.0,1.0,1.0,1.6852012993779812,1.3220000529416978,1.0,1.0,4.71101356443116,1,1,1,1,1.0,1,1.0,1.0,1.0,1.0,6.0279123741577045,1.0,1.0,1.0043675671208891,1.0,1.0,1.0,2.2767319252194484,1.0,1.0,1.4167869839718232,1.0,5.258675408435133,1.0,25.01185363686421,4.675569740158895,13.637474248165535,1.0,6.119831366342645,1.0,1.0,15.993293039621552,1.0,1.0,27.06599150699228,3.94983485216102,7.524799761303265,1.0,7.70215092176621,1.0,5.028017665491783,1.2462011174417789,5.8267383831761155,1.0,1.0,6.1506829693929115,1.0,1.7205172933954918,1.0,11.201939844705139,1.7415661414740293,1.0,6.173556388104691,1.0,1.0,1.3461685108356247,2.589501034760206,1.0,20.287440197670257,8.387919249301582,20.14757019610947,8.101010044730522,17.741590048228495,18.396190626785483,6.619660244459782,78.97149632271822,54.75512776441293,6.251390735367863,42.26404998029878,9.09929816829585,23.297957511121158
TEST_00+2일,4.6751049124402275,38.94661353537981,1.4994612615508838,1.292888795362763,1.0,1.0,1.0,1.0,1.0,1.0,1.0,1.0,1.0,1.6793990356035042,10.85596797354253,1.0,15.925439140707166,1.0,1.0,26.92640071833577,1.0,1.5121195681942876,1.0,1.0,2.103547363209733,12.517220673824127,5.48338945547183,19.73584740941558,3.9395861405753756,1.361917986576674,1.0,1.0,1.5135257652524858,1.0,1.0,1.0,9.690040372133232,1.0,1.0,14.017307370040562,5.776280237716527,1.0,1.0,1.0911570095661705,1.0,1.0,1.0,2.32848416985748,1.0,1.197220096752318,5.590551852683918,1.0,3.291714657446027,1.0,1.179407065897815,1.0,1.0,1.0,1.0,1.0,4.266054725400496,7.972896238093432,2.6245066556115337,5.571166869262353,2.936952965762581,1.0,1.0,1.0,1.0,1.0,1.0,1.0144986285228461,1.0,1.0,1.217715661836043,1.0,1.0,1.0,1.0,1.4967096168216352,1.0,1.0,1.0,1.0,1.0,1.0,1.0,1.0,1.0,1.3369293013483088,39.60245285072147,1.0,1.272050575684467,2.949557556786278,1.0,1.0,1.0,1.0,13.68504671917912,1.9392365140209737,1.0,1.0,5.474607862830636,1.0,39.91447710208256,64.80506037699871,15.052457694534615,1.3640457986802046,1.526308680874334,1.0,1.447194960810166,1.0,1.0,1.0,1.0,1.0,1.0,1.0,1.0,1.0,1.0,15.952680811794279,1,1,1,1,1.0,1,1.0,1.560780282106136,1.0,1.0,48.620067528373895,1.0,1.0,1.0,1.0,1.0,1.0,1.0,1.0,1.0,1.0,1.0,2.8985435159466357,1.0,38.4206119845604,32.935510384198956,4.566830415289942,1.0,3.631532411839423,1.0,1.0,7.606764240000303,1.0,1.0,7.877239507476605,2.1701436664614833,28.79770292767235,1.0,3.136908552323538,1.0,2.6705450696199984,1.0,2.767726809321022,1.0,1.0,2.2907791255386476,1.0,1.0,1.0,1.2712324824334984,1.0,1.0,1.0610958704572695,1.0,1.0,1.0,1.0,1.0,5.917060983349161,2.5500086434906524,6.944380507862294,2.908683610163448,6.347768018702212,6.421897414486082,2.1456757419742054,1.561308280708761,13.898829679703354,1.9250596852651751,6.407255557504822,3.039794311225206,2.9929806634793605
TEST_00+3일,3.977574845134369,37.99236651841818,2.6841392284162895,1.7685469479430733,1.0,1.0,1.0,1.3371918581455873,1.3938510532136426,1.0,1.0,1.0,1.0,2.460276757036019,7.632491216169716,1.0,4.018964115890503,1.0,1.0,12.341574446090487,1.0,1.0,1.0,1.0,22.205830085054473,14.424597553157612,3.6641332236586006,31.23113455893735,3.30850821131493,1.4836662007755541,1.0567292350835964,1.172221442009775,1.583085416693472,1.0,1.0,1.0,9.680118126446608,1.0,1.0,11.893579207293214,5.262322530651833,1.5734060695423053,1.0,1.2152511385771922,1.0,1.1070364344984855,1.0,2.1445897807025496,1.0,1.3559374365290573,5.296050183378918,1.0,3.3838573952829916,1.0,1.4559885313887164,1.0,1.0,1.0,1.0,1.0,2.6300651174621716,5.570961387575849,3.721594005936554,5.218014006922699,2.5623300243555103,1.1315847226919875,1.0,1.0,1.2674100368664714,4.884511130458556,1.1728079671497984,2.277961658589303,1.0,1.0,2.1066825887295577,1.0,1.0,1.2394448951230137,1.0,2.301105483758303,1.2753167115033937,1.0,1.0,1.0,1.0546467660075682,1.6593149146591601,1.2081964222916621,1.0,1.585589798093075,2.369242287295177,38.81352380837382,1.0,1.2576044233856782,2.867097488134184,1.0,1.0,1.0,1.0,14.075550818287132,2.544057791759923,1.0,1.0,4.332548506855236,1.0,8.010999236021767,53.41307984500699,3.8767047933468346,1.4956961322213798,1.7967361497602266,1.0,1.5285345883415304,1.0,1.0,1.0,1.0,1.0,1.0,1.0,1.1938236954396155,1.0,1.0,28.149708579405477,1,1,1,1,1.0,1,1.0,2.3215985620794255,1.0,1.0,56.83798472153195,1.0,1.0,1.0,1.0,1.0,1.0,1.4484481043442687,1.0,1.0,1.0,1.0,3.015154709134845,1.0,69.23225606076836,16.60748009704745,5.902607445272713,1.0,4.151074344971007,1.0,1.0,5.460613440941303,1.0,1.0,7.108831782049718,2.586590922445515,21.22983712307783,1.0,3.629189791206101,1.0,2.746608395103177,1.2851349592340595,2.6296287658734276,1.0,1.0,2.619901278803731,1.0,1.0,1.0,2.355543064837189,1.0,1.0,2.001470693962517,1.0,1.0,1.0,1.0,1.0,7.231556430361469,4.111328885858892,5.868093047125454,3.819055938822489,7.5101074946839885,6.531726502715669,4.055021570639129,23.503337224973944,35.229312411783475,3.2159585340129406,23.104487213527513,5.8802446465653775,9.228552090664259
TEST_00+4일,2.780658545224052,29.78317509448838,2.349501262463964,1.9018480863410843,1.0,1.0,1.0,1.4364252667858526,1.4001431133474311,1.0,1.0,1.0,1.0,2.4650615321653953,12.61224109576005,1.0,17.65240165459378,1.0,1.0,22.683802091719535,1.0,1.0,1.0,1.0,21.245985450147206,7.254161405039492,11.696798767509183,110.93517683344467,3.5467237730143495,1.5189149834750157,1.0,1.1121636179649292,1.5907421308498493,1.0,1.0,1.0,10.092639925931866,1.0,1.0091882171794488,7.9999959169763475,4.339978542431659,1.0,1.0,1.5137362978263764,1.0,1.1337828490959596,1.0,2.0286617654940238,1.0,1.2150755095587278,6.015532112217453,1.0,2.8593059723960152,1.0,1.6868279532552068,1.0,1.0,1.0,1.0,1.0,3.641816589211601,4.8663266524934325,2.9901033690174312,4.68143975807569,3.1143188321212243,1.5033595610627157,1.0,1.0,1.3281470251392786,4.13717921490654,1.1690670093481803,2.387459713615144,1.0,1.0,2.081248268860974,1.0,1.0,1.289632640962834,1.0,2.26272504373196,1.3407968488936388,1.0,1.0,1.0,1.1007344961106744,1.7792764840503905,1.9204504681394987,1.0,1.6004823520327258,2.5176077892351145,57.12631066173283,1.0,1.18142548678591,3.267171437131476,1.0,1.0,1.0,1.0,19.604274809292924,2.5021627154511403,1.0,1.0,4.52921371980355,1.0,17.896290069603175,43.056894080655084,14.158602115445515,1.4777413103574313,1.9190506157396376,1.0,1.417033699638608,1.0,1.0,1.0,1.0,1.0,1.0,1.0,1.208764853734413,1.0,1.0,19.216121121990284,1,1,1,1,1.0,1,1.0,2.958703942648691,1.0,1.0,48.64693966684149,1.0,1.0,1.0,1.0,1.0,1.0,1.6998184231003326,1.0,1.0,1.0,1.0,3.163359773453698,1.0,53.28970394362628,57.53911992348205,4.282162884298501,1.0,3.546972076942853,1.0,1.0,5.565134863010238,1.0,1.0,8.369117590742517,2.4152222052028454,48.25115703150273,1.0,3.339642288395291,1.0,2.4698590125472455,1.0,3.2538454985533662,1.0,1.0,3.378133398965783,1.0,1.0,1.0,2.361925880688013,1.0,1.0,1.558007674509116,3.3526148306390446,1.0,1.0,1.0,1.0,6.826050771988255,3.8419429332949493,6.118492076410458,2.8715620050341393,6.404278113484124,7.007675217194148,3.8604789809675513,16.11317395463775,11.178971335977788,2.855828091950971,19.8888168034923,5.618934181525657,11.125923744786677
TEST_00+5일,5.368123385223708,91.28231074044902,3.844782193185317,2.473848053882353,1.0,1.0418476397885092,1.0,1.4263493786551942,1.7854887475900765,1.0,1.0,1.0,1.0,2.4229052712539545,19.396829913761525,1.0,42.67414378339978,1.0,1.0,64.31856125447594,1.0,2.2279686303303836,1.0,1.0,1.0,11.411419494689552,13.742092318383332,67.45470379590463,3.8888138962027172,2.374768746148934,1.1220091427602585,1.1965114656329712,1.513733264985872,1.0520912047289337,1.0,1.0,10.526812322446963,1.0,1.1092300857343491,15.618724672112364,7.414926528177784,1.5270005850657564,1.0,2.3931077459625136,1.0,1.2549670945060811,1.0,2.06587364430051,1.0,1.7091269382611582,7.6576887508167,1.0,3.2303701606073667,1.0,2.053020795414941,1.0,1.4248893734223285,1.0,1.0,1.0,3.105199314012218,7.198150683238392,1.9806419961236044,3.2946680593251854,4.906807069924359,2.480597646950785,1.0,1.0,1.424646798629071,3.188401970456138,1.2098178206038608,2.553842143507693,1.0,1.0,2.2560602399467227,1.0,1.0,1.249921754550699,1.0,2.2170077776394383,1.3778119141814886,1.0,1.0,1.0,1.269748646593014,1.6609009718380465,1.5326740767732479,1.0,1.9190535974369896,2.819444719624459,49.680952029740475,1.0,1.295718194092568,3.6003836606878084,1.0,1.0,1.0,1.0,12.782722283258817,2.608525400046498,1.0100256303143262,1.0,5.1295339348304765,1.0,66.9837283260522,46.3259344780958,15.925232724888975,1.8172710420856655,2.4296278340497923,1.0,1.5398308739230753,1.0,1.0487956846990403,1.0,1.0,1.0,1.0,1.0,1.2862011520371472,1.0,1.0,56.95900410082689,1,1,1,1,1.0,1,1.0,3.5094237261670256,1.0,1.0,69.70161362891646,1.0,1.0,1.247716354966823,1.0,1.0,1.0,2.238155125281998,1.0,1.0,1.043881914222624,1.0,2.8307571689119246,1.0,53.53989559828479,106.97868869966248,5.012570356779184,1.0,3.579869655751219,1.0,1.0,8.417770479250125,1.0,1.0,6.065084400767118,2.6193168034146677,31.23258060542009,1.0,3.441196032427878,1.0,2.3186214998618633,1.0,2.8377930925064376,1.0,1.0,6.4905147519217365,1.0,1.0,1.0,2.735642007459156,1.0,1.0,2.6539218290382407,1.0,1.0,1.5019548091108985,1.0,1.0,8.197972880320778,4.079561094424715,6.3310124463809405,3.534084767641441,6.336045341039306,6.6192938494354046,4.019927812216882,18.931786299713377,18.51873254330938,3.8814884165748005,18.671577929322424,10.118278726064194,12.46705693676136
TEST_00+6일,9.620560915618423,49.073603808412756,6.1819092170256456,4.395675617117721,1.3134926168084475,1.7591037342527303,1.0,4.051306817387408,3.5408110287103756,1.1902647404772984,1.5431272217379852,1.0,1.2416147251248897,4.67106216896105,22.93700393785743,1.902829978949063,47.235213392330316,1.1538286804090574,1.7023683558635678,64.73113581112587,1.0,2.470780767867266,1.0,4.505842165491004,95.98739867006466,18.46825209753726,14.695772737535858,81.87167267550306,4.874616747096775,3.0663674774969043,1.8290884757951298,1.8981869075833255,2.7027812982482815,1.8380299893625285,1.0422478033685354,1.0,22.634242390499725,1.0,1.7240529830633942,23.961221959076255,7.175283263668341,1.632748153381289,1.0,3.7944744670611614,1.0,2.0151331803860275,1.0,3.411194385373237,1.4850467869387909,3.1899560586840843,9.733660146809253,1.0223585048315638,5.019052945231264,1.0,2.460782767359978,1.0,2.98588262586373,1.0,1.2879191906575072,1.3239525996164707,4.884702501899894,12.886675997993391,8.893325812661113,7.205668027638095,6.158093702524264,3.15998988969937,1.0447519798124119,1.0,1.8677656616407003,1.3054141671178556,1.8939627895222302,4.14904657290459,1.0,1.8432443915102383,4.040258976030931,1.2219381648759287,1.0,1.9438826108888188,1.4716353165907505,3.423874832572639,2.2608525910205914,1.2420456575933487,1.0,1.2582347493401052,2.122696384100347,2.435373034075631,1.9119606420094115,1.3115861089352476,2.588619040373481,4.049332370221213,57.49589621542063,1.1489814998569716,2.0976488793136125,5.933207909387219,1.3858526100718913,1.5361671515687743,1.0,1.0,19.482273000002674,5.247940714011917,1.7357562977250076,1.0,6.657168445205434,1.8831186420665729,39.66260604268186,60.4192551064911,21.306729393583886,2.4940142619118677,3.871063603878339,1.2215721854612853,2.5298979543859197,1.0289291750352707,1.7209777790258314,1.0240384351175156,1.0,1.3028654783222464,1.0916640420079768,1.5920128147437254,1.9439940191697958,1.3628425341106012,1.0,59.3197971778997,1,1,1,1,1.0,1,1.1328228646744023,4.095112286472732,1.1269187594108252,1.0,39.901798608530655,2.137478028713311,1.2657228392696434,3.569687052362384,1.766420370531996,1.0,1.7492652477123747,6.004519735398981,1.9994109104802664,1.48631982402476,2.9639860674441985,1.1309801484833903,4.045435684079022,1.0,144.72365496655635,166.3123254981022,7.986748341264244,1.0,4.561267519031965,1.0,1.0,8.800752817280113,1.0,1.0,9.752758864838206,3.730987448957861,63.105951076851056,1.0,4.890180075050465,1.0,3.6486303492601806,1.4227192683077727,4.42012181732621,1.0,1.0,7.803945299673945,1.0,1.0,1.0,2.9023699211009673,1.0,1.0,2.1198150125861717,1.0,1.0,3.7538287382010824,1.0,1.0,14.700425057738984,5.591108533099636,11.275074653395556,5.32621849706497,12.328651843663252,11.531795279371892,5.516283776022531,38.02131534043686,18.540392843028513,4.880783138918581,22.338250024672085,9.943642943278553,15.812408163103125
TEST_00+7일,12.946119373119682,14.490102387105255,10.605083524644467,8.294582473223288,1.4695704934917242,2.3595730689015806,1.0,5.7155708816220905,4.763705301014491,2.481925143676505,1.529775357040003,1.1869061767034748,2.0014259752372605,7.340159845856652,34.850477284094055,3.3410438958025823,7.002957724338103,1.6265918877018397,2.5273681029831,22.37262621543892,1.0,5.680390032382125,1.2857422949452089,1.0,34.42998166356766,7.301834325776326,6.887541509645562,7.184469382687922,6.9823488832518406,3.860687606197252,2.739057183030141,2.3778197195973814,4.0375403588569565,2.7144170265402203,1.0368581010083326,1.0,37.78554454512243,1.0,2.0076157946938635,23.135770318516215,10.543315142100795,2.5407678857647187,1.0,4.9745380383735425,1.2868828830440389,3.2211629703853992,1.073373084994112,5.478183233001369,1.503056263717249,4.673896333230051,11.311224759934149,1.72757289727784,6.315336365703098,1.1156435069759236,3.152472494250665,1.3831781879848082,3.5383197547420986,1.0,2.1301828290235916,1.7619977936235802,7.157003849044486,11.936811623390872,9.700852140315254,9.790398890361931,11.594680289571324,3.2760997515993306,1.196592148795487,1.3268801704829771,3.0044526888313507,5.3322768538606,2.6270199807659917,6.423579666189893,1.0,2.434932512574794,5.201618079691171,1.432285977114545,1.043923932302489,2.596127529365112,1.6883809466714028,4.592966867502258,3.656984129943786,1.430589579175971,1.0095625101499774,1.6583013203037684,2.546472198202456,3.852097020736695,2.351926867641353,2.1417333617501404,4.02400047215587,5.782959202702682,1.4739667185010248,1.8791056082877144,3.465171539972743,9.972213249012162,1.5426470992885382,1.5398154764271006,1.0898858871606603,1.490470155528349,16.95941504553499,8.696985102822081,2.592785448884991,1.0911827266101977,5.826015497795446,1.0,169.7391531225707,1.0,37.644490342075,3.6740922639534546,5.157565909702159,1.565259185065121,4.322572963250812,1.7603882954749093,2.336577737884349,1.61997536880102,1.0,2.042972200785051,1.9552708801368577,2.766469775082868,2.8000203683835956,2.2373313441567566,1.0,3.518124453020287,1,1,1,1,1.0,1,1.203029526848181,3.235719210204336,1.301046146530493,1.0,5.252984946527086,3.26273099376658,2.178130103617206,5.008099383990233,2.8580419061340816,1.0,2.6527301836935937,9.18013682529004,3.1370963094391353,2.6471224181229425,4.593389050384828,1.078213756541358,8.361645207071769,1.0,93.22382739319283,35.8888970586207,14.705687498238623,1.0,9.139849993246528,1.0,1.0,17.647072730831393,1.0,1.0,28.085565356800792,7.033957150776052,10.45388763569483,1.0,9.68256796692277,1.5237166262684723,5.695057056625897,2.186753527346231,8.28536681378284,1.0,1.0,8.875706944652242,1.0,5.638124108644107,1.0,11.128558114733323,3.131895906381425,7.039669426377245,9.74932502401106,18.929626906923033,6.966470154221483,2.842273817269035,4.849180253297625,2.0424229977465655,24.54481001562005,11.069752506031472,21.841084335997458,9.895726340505561,21.914996709638853,21.688606202090202,9.760205567351331,60.91895745118981,42.13145599853238,8.832686405921454,44.621710039099256,14.656691988609005,29.47890164031307
TEST_01+1일,5.387780338699938,1.0,9.829274142211002,3.6826677449500798,1.0,1.7358166148669838,1.0,2.5507617811563175,3.357114607325892,1.0,1.0,1.0,1.0,3.7057437249924865,17.51655991333369,1.436110521688414,1.0,1.0,1.6351813775639432,1.0,1.0,1.0,1.0,1.0,4.380192194058945,1.0,3.2304185922387676,10.835849892355464,4.348316326211429,5.065096042002967,1.7805373730282552,5.731065844601993,4.260624227246993,1.6667206560539058,1.0,1.0,43.578650893004486,1.0,1.775351863587264,35.47156193721207,12.75980762367033,1.6094790792838816,1.0,1.0,1.0,2.840950523679359,1.0,4.4919459841826725,1.2108876074934245,5.768375812984717,9.830319092906127,1.7510711941247892,4.411285752982404,1.0,2.4392061495097273,1.0870096583038464,2.9328061339474774,1.0981164513396648,1.0771924899772092,1.550234908649331,17.313703860258073,7.391748610017501,12.16367230080609,8.950711359734632,8.012579713836407,1.8021313057036548,1.0,1.8114001616533764,3.4529472106257932,1.0,1.6623028205637729,1.0,1.0,1.0,3.1847249996380778,1.8025602582992353,1.0,1.2124372827751495,1.0,2.29527373960755,1.8018695877579955,1.7688942133507268,1.3800418713093388,1.5643382732870954,1.0,1.6604616285775375,3.1925663175482994,1.5244547554539818,1.6689881419193866,3.8274099794359695,1.6666940587331691,1.4509037286362887,3.4431010986466197,8.573438795269821,1.0,1.1791272605150418,1.0,1.0,30.50544966250018,6.808345450761674,1.660680203098309,1.2546127852504279,5.209871952353934,1.0,172.74029804571992,1.0,43.397309286818626,4.0277641888267075,4.047118541710387,1.0,3.337315944302647,1.0,2.092461192724509,1.0,1.0,1.2555921227059603,3.0042187447914896,1.8956650930695083,2.198102232312525,1.8402971835977127,1.0,1.0,1,1,1,1,1.0,1,1.0,1.0,1.0,1.0,3.9817145457148913,3.2955998846144055,3.629279838963023,4.011708565807554,2.6154701412560195,1.0,1.3478389041384833,7.39381379322709,1.0,1.0,5.518512057753277,1.7977595963783255,7.6304758788909135,1.0,1.0,14.019643856035197,13.935465959918073,1.0,9.889289959536674,1.0,1.0,20.30589792211382,1.0,1.0,20.604588935806582,8.102063863554612,1.0,1.0,14.060547463007374,1.092800142265745,7.837722967061268,2.6769246788439633,12.114637926778752,1.0,1.0,15.265770801805076,1.0,2.827289600074303,1.0,15.312939024847779,2.136269363398055,1.0,7.024433870347323,2.9773856733055277,1.0,1.5591988019085872,3.311761326099508,1.0,11.640327174008817,8.740518059252407,12.524225142736437,4.50539819334568,13.081972688952087,11.434482985004488,5.97275188458176,36.706621551469006,31.05032858446578,2.3879330125813047,34.25392384852068,7.067588681511612,25.82354367856517
TEST_01+2일,2.6189645489298945,1.0,4.598974843152902,1.4542607016187614,1.0,1.0,1.8749093862662143,1.0,1.440687777787173,1.0,1.0,1.0,1.0,1.908802582990948,11.325740794752797,1.0,4.268998193005237,1.0,1.0,7.305724733895425,2.620837124668512,1.0,1.0,1.0,16.440132766043842,9.65651250841536,2.100519332138269,16.92842583068237,2.4030649503184582,2.600206055382751,1.0,4.231167896536322,2.8633664779356267,1.0650591621108203,1.0,1.0,29.466007530451407,1.0,1.0,35.55889296523666,5.498525768046339,1.0,1.0,1.0,1.0,1.842692422893842,1.0,3.280543847199992,1.0,4.656982173340016,8.136469204753787,1.0,4.281586968236436,1.0,2.2713915585881126,1.0,1.5732921703112561,1.0,1.0,1.0,9.877757498252913,4.717997475509584,6.869389788867347,8.873765643773428,5.904043143501596,1.1165294584702008,1.0,1.0,2.0728788016948116,1.0,1.0,1.0,1.0,1.0,1.4862292114368125,1.0,1.0,1.0,1.0,1.0,1.0,1.0,1.0,1.0,1.0,1.0,1.0235168695714125,1.0,1.0,1.3553168656493977,9.716049176428397,1.0,2.092606904462268,4.199897113042517,1.0,1.0,1.0,1.0,25.58237755369425,3.823939293508878,1.0,1.0,21.132336346179045,1.0,11.902163402728547,1.0,34.67303686689667,2.8869638790440053,2.8511853502609554,1.0,2.0245778493574407,1.0,1.0,1.0,1.0,1.0,1.9637172193990016,1.0,1.0690816180007272,1.0,1.0,1.0,1,1,1,1,1.0,1,1.0,1.0,1.0,1.0,18.393756770291155,2.4664559717394816,1.8581661591334369,2.6038760036872906,1.131133227432648,1.0,1.2386329593294274,4.826083482774552,1.0,1.0,3.4334432614168566,1.0,5.437561435373372,1.0,1.0,28.23732615593528,7.8810095647881315,1.0,6.437995087643064,1.0,1.0,9.82232210859748,2.194837885732199,1.0,10.513623377832161,4.878926412024931,1.0,1.0,9.648980574954997,1.0,4.858982312551429,1.7372908979993182,7.720513138084673,2.194837885732199,1.0,10.42051217401073,1.0,1.0,1.0,4.22216787626732,1.0,1.0,4.221562961916096,1.0,1.0,1.0,1.0,1.0,5.095885930821232,3.540776495101506,4.9803761561244,2.2651855069010085,5.2118220209585235,5.360035331997203,2.7452571598112163,11.562737435730062,11.700461070582147,1.0,8.425546371449474,2.726299383503707,11.570863426245015
TEST_01+3일,2.3429241649923602,1.0,6.785422544264419,1.6164028750957977,1.0,1.0,3.111936647537078,1.0,1.970738776191217,1.0,1.0,1.0,1.0,1.8774572990708815,9.220750487035918,1.0,6.257338676544509,1.0,1.0,9.27269812989333,3.122169870975341,1.0,1.0,1.0,8.020055387773304,41.30150811771439,1.6245567388366362,18.899362843584004,2.289163133429929,2.551138978241086,1.0,3.67274807307831,2.5573342347966634,1.0739177857976925,1.0,1.0,20.85428494403657,1.0,1.0,30.075561940685446,8.00221988366315,1.1225563731544999,1.0,1.0,1.0,1.3863418227295967,1.0,3.274227143359629,1.0,3.639752269074365,8.442632353311645,1.0,3.0756306650674907,1.0,2.4410927275840986,1.0,1.5062144439151477,1.0,1.0,1.0,6.891430149956429,3.8209492975514623,5.499468411854127,8.51818972788411,4.922259641566395,1.4936859804776403,1.0,1.0885281877429223,2.9166321089988805,1.0,1.0603855284271821,1.0,1.0,1.0,2.0721931754119103,1.0,1.0,1.164639687025134,1.0,1.2484763104324168,1.1787413794402903,1.0109081134900997,1.0,1.1117543883293628,1.0,1.314260866936629,1.0,1.0,1.0060719305203303,2.430470552091606,11.988154359965957,1.0410872585623376,1.9487571983130523,4.220071824207795,1.0,1.0,1.0,1.0,21.154414618922345,4.65995989252191,1.0,1.0,13.479926596819436,1.0,10.267631219558393,2.406972984960711,34.8963863250776,2.2778644165077253,2.978737210863119,1.0,1.7776391948722519,1.0,1.1722025594807375,1.0,1.0,1.0,2.1029939190181,1.0186069444165318,1.0964621733597832,1.0705531307511422,1.0,1.0,1,1,1,1,1.0,1,1.0,1.0,1.0,1.0,40.49697496981868,2.5058480305523987,2.215843397217925,2.5729260897212884,1.0746403543131822,1.0,1.4206546550903456,4.988871075413911,1.0,1.0,3.168391287034077,1.0,4.968835024022996,1.0,1.0,34.21942692013165,8.337342119221372,1.0,5.277280190087074,1.0,1.0,9.579998766935017,1.0,1.0,12.62152970397171,5.111254898612077,1.0,1.0,14.692604921213738,1.0,4.0284209332589445,3.456247262440246,6.983931966333654,1.0,1.0,8.773074673620197,1.0,1.1188330130976099,1.0,3.801855072788132,1.0,1.0,3.9610566883677363,1.0,1.0,1.0,1.1323414666476137,1.0,6.6459687799220655,5.077741920685334,7.834065863699621,3.979771142402047,7.415295055064212,6.075190763033328,3.410244810733948,28.835352025345994,21.67890872245674,3.8226124086828035,16.96178745156406,5.740537002461478,14.725432638436745
TEST_01+4일,2.5452324011500043,1.0,2.5179144323473,1.918303625302354,1.0,1.0,4.262450787078334,1.0,2.021393521532781,1.0,1.0,1.0,1.0,2.5354554993721923,6.308340321826224,1.0,13.15283789963447,1.0,1.0,11.739358679842287,4.029832097541286,1.0,1.0,1.0,18.105795385236195,13.906789129915946,7.03471633666797,29.56248398970126,2.082389198394356,2.4838338915227856,1.005332891705496,3.6286533457689467,2.564058126334632,1.0,1.0,1.0,23.464185668886444,1.0,1.0,20.3648900472853,4.594358658037374,1.4356672792088567,1.0,1.0,1.0,1.4934832977896133,1.0,3.158131303891786,1.0,3.020684605254618,7.991991953783289,1.0,2.8275925921289664,1.0,2.3546756346080375,1.0,1.502022776441271,1.0,1.0,1.0,8.178825518109669,4.589876638950712,4.912194403679672,7.949058749920406,4.94824439490273,2.124128672907034,1.0,1.1292700706525998,2.7041015344579447,1.0,1.0298261019296813,1.0,1.0,1.0,1.9569533903453422,1.0,1.0,1.043245322055123,1.0,1.1939154490162365,1.1117438673426185,1.0,1.0,1.1903996150855782,1.0,1.2895768377664323,1.7443172681494907,1.0,1.1597199658870143,2.354994327153988,6.54619435080496,1.0,2.0205759903884255,3.098110118467687,1.0,1.0,1.0,1.0,23.80591217788658,3.67661828303729,1.0,1.0,8.880909087164824,1.0,9.542779619682376,3.608236089697564,21.636414451688804,1.9014762591408372,2.499326949189049,1.0,1.6649593956051834,1.0,1.0366816050122318,1.0,1.0,1.0,1.7136585684730403,1.0,1.097263109662059,1.0,1.0,1.0,1,1,1,1,1.0,1,1.0,1.0,1.0,1.0,31.049471811970314,1.6059014174139248,2.0099266505501925,2.158300093071839,1.2878021654865037,1.0,1.3087799090309666,4.325986777919123,1.0,1.0,2.6659529609650923,1.0080376956346269,4.270237932552353,1.0,1.0,59.78500196413942,6.835741637312708,1.0,4.484743764898337,1.0,1.0,8.948008631777636,1.7129532469995006,1.0,11.37588871808918,3.893626714060306,1.0,1.0,7.309071891020016,1.0,3.8989334311822255,1.4343976517902541,4.32120506744277,1.7129532469995006,1.0,7.506421383121191,1.0,1.0,1.0,4.296426196154959,1.0,1.0,2.8493534973362493,1.0,1.0,1.0,1.0,1.0,3.7104398554220377,4.221688059237955,4.396805459822673,5.32949832228449,6.29687198953621,4.488569433058757,2.829348150927603,26.464265378365525,15.268731948902882,1.0,16.83379652676123,4.539093028938765,14.660307668198293
TEST_01+5일,2.640871812500407,1.0,3.394199464991179,2.2784801085355877,1.0,1.0,16.460336712432127,1.0,1.8352423962646711,1.0,1.0,1.0,1.0,2.5902446249759588,6.738308927245075,1.0,19.536396752787365,1.0,1.0179836106954743,27.555595653991176,14.924360302520018,1.0,1.0,1.0,17.849577229025265,38.65561257162083,9.285712038782924,37.75484012567232,2.5247374436839274,2.8251742489930063,1.0651704296020403,3.3240577640331628,2.6100696183817194,1.0107006577657203,1.0,1.0,24.494004084742528,1.0,1.0,26.1591758438256,5.432923163186919,1.1791936355085937,1.0,1.0,1.0,1.5759688922296815,1.0,2.357033048972382,1.0,3.6552333998138606,6.53159077395342,1.0,2.6002901966349965,1.0,2.6058796833774314,1.0,1.49590455306757,1.0,1.0,1.0,5.747751047326824,5.557561914701419,4.9422976358427935,5.973101912465184,5.612411262735889,2.0651735655529277,1.0,1.0337066797421912,2.4589260681396907,1.0,1.030501841667333,1.0,1.0,1.0,1.6856398838984492,1.0,1.0,1.0,1.0,1.3508981365651878,1.1981832880468162,1.0,1.0,1.0,1.0,1.1091312184584785,1.1524601515110697,1.0,1.0,2.37778392748374,26.78584866584611,1.0,2.3435500327262933,4.0123522875333,1.0,1.0,1.0,1.0,17.874193876139465,3.810268556304715,1.0,1.0,9.679207920977994,1.7244287633990956,20.098824104181773,1.0,25.825170598111043,2.370266914479906,3.176732966009838,1.0,1.5756925145320786,1.0,1.0,1.0,1.0,1.0,1.6219390821057829,1.0,1.0336420642947308,1.0,1.0,1.0,1,1,1,1,1.0,1,1.0,1.3785529409356498,1.0,1.0,59.650255295289945,2.238135897806757,2.072239025636476,2.526366167024989,1.2262136083198962,1.0,1.34218585334507,4.680066978298972,1.0,1.0,2.658596081620745,1.0158445849669624,4.437767909519723,1.0,1.0,83.44296678126321,7.083156043961762,1.0,4.80901639317756,1.0,1.0,8.724061507322965,1.6266883254073436,1.0,10.409591382868152,4.286012732609346,1.0,1.0,7.542651033250638,1.0,3.876942196654073,1.2537865028804513,4.535061524860909,1.6266883254073436,1.0,8.774280957348584,1.0,1.0,1.0,3.6798142844324158,1.0,1.0,2.92739982366015,1.0,1.0,1.0,1.250692182340534,1.0,3.7795417162781018,4.441491828279166,5.473825614188042,2.4384632138603903,6.611315581781685,6.423380247586914,1.4557064203613976,14.88362183471093,20.456183836522726,2.0617384434940673,19.368123479889974,4.338527992460981,10.615430644265224
TEST_01+6일,5.214390608521647,1.0,9.07470649406752,3.8272869332905293,1.0,1.7532931575752957,9.01147559980123,2.1416279140614916,3.9070653341103334,1.0,1.4600188285124336,1.0,1.0,4.563520253449671,15.22549664177086,1.2001714514219635,11.748099102672136,1.0,1.6306445541816874,15.311076365721743,8.245849646126914,1.3680665477225278,1.0,2.8588312222144436,17.549374788681572,34.005580065302524,17.783659950687472,49.53563448417351,3.1078141180130783,3.7584082431606856,1.7416332213760704,4.6930596803011335,3.1003956623727946,1.687000873983792,1.0,1.0,28.449635102471085,1.0,1.5979544303756503,30.151272263069757,7.228708743973307,1.3863708862425623,1.0,1.0,1.0,2.3460022284864053,1.0,4.526984784311139,1.1950676142264613,4.0471712372467,8.938233515417512,1.4692170716156232,4.177859469495516,1.0,3.310594825534118,1.430239793377315,2.6360427366542765,1.0777372263549867,1.4117829240076265,1.4293336648073312,8.719532553298706,10.168300108653067,7.0866970657275274,8.841485722441199,6.243298139375524,2.2260631617578923,1.0,1.8578374723567892,3.1931647839502304,1.0,1.5466529098323931,1.2888980973064155,1.0,1.0,2.7275470427517297,1.5541369518674624,1.0,1.683338090646395,1.0,2.1163719143204593,1.8670088692604356,1.3038661527989301,1.6286984384847185,1.5968734478352595,1.267518008616447,1.794263287463,1.4670711887260115,1.3325230440016207,1.5780485308948413,2.78152295321435,23.258227517126816,1.4351866106446611,2.946947915981912,8.292640006952533,1.0,1.0538731941059076,1.0,1.0,32.68148011872694,5.8593423876348,1.5400224430881935,1.3841953518224188,12.112327735217521,3.1512970941590384,16.996604352494998,5.272054395406665,37.82927395730911,3.5655255566911075,4.259359117485941,1.4374331249780399,2.550329051648623,1.0,1.6177133927928438,1.0,1.0,1.0866735109165155,2.611456680290397,1.6451285408042309,1.800325664887952,1.6223160634623994,1.0,1.0,1,1,1,1,1.0,1,1.0,2.630927626671689,1.0,1.0,90.11500666223043,3.405779676233926,3.3451797815249087,3.437512798954028,2.0991600302857547,1.4440780365052164,2.4110816984054573,7.557111679388974,1.6776999122215148,1.0,4.187595204298262,1.9317228289391135,5.83015625503891,1.0,63.3333561521802,85.46170859735169,9.671169415304046,1.5710940662997874,7.163386442304496,1.0,1.0,12.291745493241082,3.769714463868443,1.0,14.644613369434817,5.247101763410601,1.0,1.0,10.898319840514208,1.0741410080118405,5.239419934635522,2.083672833180381,7.492960298077595,3.769714463868443,1.5710940662997874,9.255740833826488,1.0,1.0,1.0,4.832891009129027,1.0,1.0,3.630386568493134,1.0,1.0,1.1561068658163307,1.0,1.0,6.562748527400251,6.0544654478457876,8.203244528301095,4.130121352295033,8.772955271269854,7.640208609551815,4.66698570682712,31.453762633058638,21.21975345389769,6.156487709101729,26.74972797605171,6.390515875887332,16.821887000990394
TEST_01+7일,9.31095992977232,1.0,13.256020151833106,6.104130185237366,1.370508290708298,3.1521509468927236,1.1454796417542288,3.6176396070579613,5.410425567180954,1.4081993488479947,2.2945546856663044,1.488875035867009,1.3333212850036726,6.369960448364781,21.15986245011772,2.09948080879095,2.6338027365470946,1.1070685233079818,2.738065545201261,1.0484317665940655,1.146323055585608,1.8483613227192253,1.1240710462533858,1.0,3.597266111918218,11.45734322596124,4.71809539677363,16.10698607419004,5.4993261905397945,6.158099613301074,2.632262883959242,6.2882023627391135,4.824503661624971,2.012753544192074,1.2495854008291478,1.0,50.42614737156397,1.0,2.464406892439288,36.15834249439254,14.553494432547598,2.37806593830703,1.0,1.4670585276934442,1.089626885831589,3.4106257183593547,1.0,5.713304271974105,1.9364541582476136,6.44298683959637,10.346529131029827,2.4974994576608434,5.127001403192702,1.6179008541957631,3.4064202243501276,1.8084386165936341,3.9014363138970127,1.999321035289305,1.511362488586093,2.337652090352118,15.387896956617372,9.306451206413822,10.287477457255893,13.138024730066636,9.614249776080339,2.852547675507425,1.1940861328454104,2.1529941210997485,4.047361167923911,1.0,1.94946809371308,1.5908342013901282,1.220687215431068,1.0,3.977790681830281,2.3744805207583433,1.0,2.170398816113308,1.0,3.1349542686262057,2.3229713751210253,2.251351655539302,2.0092030611084253,2.434291772221939,1.480183789569506,2.8133587007362064,2.881008104364554,2.145521163679966,2.443581874081955,4.694638335658224,8.341488989365544,2.162842731894159,4.653008327610445,14.72130952105993,1.584722239838774,1.7555096011473879,1.1608364371467923,1.2141221551109647,19.57687320807607,10.868451696956747,2.550077515877709,1.8350364797705097,10.531908562340252,1.0,103.68179151688008,1.5201300899563652,29.04216204445803,6.226762908776024,6.073044813751917,1.5820560010053535,4.184813801451719,1.0,2.771798421933857,1.0,1.3494756866529918,1.945397588669774,3.820453700344741,2.828856159660088,3.490782977916154,2.627127684983362,1.0,1.0,1,1,1,1,1.0,1,1.0,1.5273441331543491,1.0,1.0,10.13664852872569,5.0205639234057715,5.284932437921574,4.7129799796527365,4.0629176304883705,1.4849067424122184,2.951653902849347,10.318484320248473,1.683746406871447,1.0,6.322120049070689,3.4301596269564705,9.108371063898925,1.0,19.97532804227566,42.726355700199306,14.966051095101548,4.086837354111247,11.337948600691282,1.0,1.0,20.518957772268003,5.2476047655815465,1.0,21.231524755905077,8.807393657656117,1.0,1.0,16.393779292057786,2.7827826517663543,8.504385706016304,4.295421914177054,12.617703837193028,5.2476047655815465,4.103739681648784,14.91894819871413,1.0,4.681783719532636,1.0,15.001338007390576,2.734015227290356,1.3237096037246978,7.228013212857997,4.634058194262245,1.0,2.339961322340984,11.152970921625553,2.434973583768837,14.388893941700303,12.928921408602516,15.573921765149908,8.49036661833576,15.783583912772666,15.274056165560857,9.681165225346863,48.38569746266103,35.20467471498839,11.791042060026548,38.63699760066306,8.878727741038889,27.850852549322834
TEST_02+1일,10.147101357438938,5.234238626363751,9.793451758301758,4.095803376567557,2.1171977467495866,1.7323969619082502,1.0,1.0640905965272238,4.259685500967393,1.1229407974690104,2.5056244855057273,1.0,1.5338077668754464,4.571875361691761,40.65514191031636,1.3517976513540306,3.329348233768774,1.2590907179193165,1.3360194203793994,1.0,1.0,2.2745263262069884,1.0,1.0,1.0,4.683592046980139,7.105414505803005,1.0,11.114406566150205,7.324661938735238,5.884595947305906,3.9945781169055,3.066925786190701,2.03464137575035,1.0,3.546057301448945,52.825646189318114,7.57237727778934,1.9852500903150923,38.80448870018006,24.700640854161502,1.3568429578747336,1.0,1.0,1.0,1.9312711430967888,1.0,4.013893751100872,1.0709881586599492,4.918653088992475,22.37347440368524,1.0,7.087632743567278,1.1856926507108752,3.0906421283661407,1.9424081498706747,3.499942984994501,1.4089232475002644,1.0,1.0,20.903151491205314,19.75352579918508,22.172202549687583,22.974284567922396,17.36877214866085,1.4928723254748215,1.0,1.5743447268188624,2.229467292096939,1.0,1.424942233974881,1.0,1.3761707836688755,1.0,3.201172406018064,3.517407898265337,1.0,2.858238712976096,1.0,4.635721277487756,2.851981681505699,1.0734148928829117,1.3374282833695685,1.0,1.6039531204693316,1.0,1.9445686971163925,2.9740060279377603,2.7917312397580893,3.797653759022966,17.85983710545483,1.7605675198579536,4.5866926749882,1.0,1.0,1.0,1.0,1.0,10.085816956139846,12.630289727904888,1.0,1.0,5.119733347934575,1.0,226.10534060912,9.29846227731596,56.82647918627791,7.516900266501699,9.345371199521088,1.940481687764501,4.513226115329144,1.0,2.109343293201377,1.0,1.0,1.0201430593920708,3.4738152757915683,1.7758104153026628,1.8994926748949112,2.3147017987823943,1.0,1.0,1,1,1,1,1.0,1,1.0,1.0,1.0,1.0,1.0,1.8703033258191966,1.105939113721512,2.083547582835006,1.917437527819319,1.0,1.0,3.035618683294695,1.0,1.0,2.6111078374746843,1.0,10.16197688250389,1.0,21.075752764860464,46.2635830071906,10.665152461336291,1.0,9.593196322774599,1.0,1.0,19.536040217750042,1.0,1.4585903218111094,21.39406497998045,7.467817803161299,21.71457320809867,1.0,16.109742201743014,2.5080636017098183,6.887198297438857,3.589212457367032,10.186697884708627,1.0,1.0896032979806956,10.72884427192156,2.4540069942021296,5.744028749682928,1.0,16.7224737845913,5.976585304174293,1.8330961893858417,18.29889918785746,3.3895879539010254,1.0498416587721024,3.8080638950140733,5.440406624747557,1.8331495047095046,51.56317779587997,36.14601494959435,54.418892376879974,25.110243443937428,25.711304329680488,51.70951443609229,26.239745654271193,113.19861657532454,72.55456755934358,11.580705167761712,80.50269223788524,21.662033806627843,70.37595449913911
TEST_02+2일,5.883093636360419,19.979707531204607,5.4205773904114265,2.2415541320835755,1.0,1.0,1.0,1.0,2.4796208533037194,1.0,1.0,1.0,1.0,2.114627935614477,15.47781578048264,1.0,9.813669415420648,1.0,1.0,6.9190147981479155,1.0,1.0,1.0,1.0,1.0,5.726266185830976,13.79826844636352,4.662434742767733,10.485639051657035,5.158196161190176,4.925393923325908,2.998569665691357,2.2884932309074824,1.4473256968667667,1.0,5.402030749305789,49.13604428726396,8.956075453645326,1.3557246231248539,44.17872605055241,22.872085426156175,1.183565520829908,1.0,1.0,1.0,1.4875897529781876,1.0,3.1175135944314625,1.0,4.336316404306379,21.128283060556743,1.0,6.039686038035555,1.0,5.613553912123528,1.086042169119037,5.7015595056144175,1.0,1.0,1.0,10.859783445691617,11.754548112473293,16.30316806596915,13.876179157496473,15.55609490194864,1.8441915152186978,1.0,1.0,1.0497410906723137,1.0,1.0,1.0,1.0,1.0,1.8649521900312382,1.064677329259776,1.0,1.5898943059373094,1.0,2.1884481187760954,1.3880130065849419,1.0,1.0,1.0,1.0,1.0,1.183938059598459,1.017468800747523,1.6786364497591442,2.235546585982087,26.981047793291552,1.3863907064433554,3.7684406073353878,1.0,1.0,1.0,1.0,1.0,19.80054325267676,9.882218391151689,1.0,1.0,5.674649568650349,1.0,225.66555432602246,55.01152745797154,35.14386766493958,5.209004205466554,6.807012763866858,1.4869775534197633,3.898273343047248,1.0,1.721090459594468,1.0,1.0,1.139607621183357,2.123936804427292,1.0435307090765353,1.9233363502200747,1.431060542981879,1.0,1.0,1,1,1,1,1.0,1,1.0,1.0,1.0,1.0,22.925378211807267,1.2822249293848818,1.0,1.19988297454621,1.336386985502144,1.0,1.0,2.499454122041558,1.0,1.0,1.5757133435894015,1.0,7.168085041100062,1.0,64.67381819222943,52.373011792916614,8.317433841437865,1.0,6.810998927646782,1.0,1.0,13.846102882578569,3.2411545366827563,1.0,29.20844583675405,5.416084864885622,309.83899897758494,1.0,8.701470016464928,1.198631680368563,6.2296978198571535,1.7487121724825456,7.229658067064601,1.0,1.4976315762876404,14.55365726165943,19.6469573101721,1.68601963636788,1.0,9.54196424094162,3.3541692508308394,1.0,10.209547306219768,1.0,1.0,1.3410157718836793,2.8426483591925082,1.0,42.78839894301484,26.43689931497631,42.280836392956495,5.0551620222445415,8.809681827114769,40.005504524567634,24.08939409778345,69.9540190933925,88.93326463482236,6.748278541249153,94.3640361937775,17.813856540457223,75.23245705545077
TEST_02+3일,4.607036098607452,7.444304642919693,5.502697884996287,2.2742309528644475,1.0,1.0,1.0,1.0,2.3498936749567827,1.0,1.180998378611522,1.0,1.0,2.1741513510534363,22.013779286608923,1.2606620878703012,26.99670418551645,1.0,1.0,12.786979675582279,1.0,1.1158075890497856,1.0,1.0,1.0,16.678590901898712,6.0964782963143564,22.04646955802429,9.728806746457568,6.543479131094896,4.265362576369345,2.846232906218345,2.6451407870869685,1.6476804826327454,1.0,4.113446980477283,50.17893276032431,6.8828324085740675,1.4781145024111562,36.917424210373774,18.117344801092038,1.2060084235884596,1.0,1.0,1.0,1.7177960884864896,1.0,3.669254980085727,1.0,4.305582023905155,15.69832837848924,1.0,4.656261495874266,1.0,6.091970651700382,1.0844071070520762,8.418269242660369,1.0,1.0,1.0,10.604084678887805,11.585897308024853,14.876985889229275,13.198856783588536,18.44725364970194,2.6377479539232116,1.0,1.393537034840009,1.5828643574505508,1.0,1.1380993738373129,1.0,1.0280079236153354,1.0,2.315230287063942,1.589935666676808,1.0,1.7819263303003248,1.0,2.5862688405576924,1.8234962092749383,1.0,1.0,1.0,1.0,1.0678614206135064,1.1449368869130865,1.61307543467363,2.342139737325535,2.9726201911103707,14.869311220025887,1.4518551821597445,3.7799330630734707,1.0,1.0,1.0,1.0,1.0,18.996657931434275,11.74178597072861,1.0,1.0,5.411079038588174,1.0,87.46030559541484,62.79737343379804,30.764757830923173,4.833755767953217,4.38701497226166,1.6876722543725733,4.9641850389472655,1.0,1.8693679373250944,1.0,1.0,1.1122393171160105,2.57938384134893,1.2613834611720194,2.1008360259358425,1.573001083661056,1.0,1.0,1,1,1,1,1.0,1,1.0,1.0,1.0,1.0,33.72865242016674,1.4904546549241415,1.0,1.6268738477716211,1.4040653700717318,1.0,1.0,2.258495900963741,1.0,1.0,1.8329572696851497,1.0,6.650947886578034,1.0,115.27390462022427,124.50629335263893,7.315081894514803,1.0,6.350287018881954,1.0,1.0,14.451840875452952,1.3534168194239,1.3324092056123433,24.458848188383506,5.389860931462799,304.21671302358544,1.0,9.050543751586044,2.822676379776607,5.14665003393649,2.0714432104641003,7.585303935606255,1.0,3.4198329636426497,8.617188579575952,1.0,2.790802995467638,1.0,7.385464837406673,3.69625080291767,1.0,7.796646454033569,1.0,1.8735091382071736,1.3664459603805996,7.441869537242841,1.0,30.509333728689903,25.014656566804945,33.79473332700787,6.7672420523566075,11.990847008775427,41.70766822062529,20.241265257310527,146.40892796287176,93.01860761514587,7.0020880622041695,99.21549109534857,32.55252180661395,94.87048208897025
TEST_02+4일,3.3744962587136174,35.289658254799605,3.804877986907889,1.792575197819951,1.0,1.0,1.0,1.0,2.0696532606128337,1.0,1.13037104091439,1.0,1.0,1.7299369790134893,7.992249873006423,1.1302664992275098,40.64712111557534,1.0,1.0,1.1459902455579059,1.0,1.0,1.0,7.170214383677784,1.0,17.06545006692117,5.889832043644967,19.051974173406407,6.0263981778029345,4.267074527649455,5.443798827120925,1.9632633544979559,2.1292008446642017,1.3724598956090737,1.0,1.896429075413297,27.77676771846405,3.1237280904220692,1.2439471104062352,28.61014945307978,16.924431403820286,2.070523015317155,1.0,1.0945056449074488,1.0,1.4966451261062983,1.0,2.649927098123065,1.0,3.3323141569598107,12.275199138411676,1.0,3.7437267220831307,1.0,6.239051799817658,1.0,6.68579260936135,1.0,1.0,1.0,8.737420237674169,11.288752904499727,16.43241976269431,14.083847545948132,14.010334536418664,2.766537990130907,1.0,1.479303026312837,1.488728860464164,1.0,1.1422852353249067,1.0,1.0268625225786556,1.0,2.3263156698715104,1.6175576938117433,1.0,1.6495278601254575,1.0,2.3305925623939387,1.8552662518546295,1.0,1.0,1.0,1.0,1.24779895714546,1.9776314862675284,1.5512693258989758,2.195014293030696,2.542551185419783,3.3188941670260004,1.288360867189259,3.109354790593314,1.0,1.0,1.0,1.0,1.0,20.743409315328236,7.278619801414981,1.0,2.1389221277968713,5.180846197685001,1.3177956498700707,20.819650652475506,75.15698334330966,29.34478679623851,3.544482744350387,2.6955873018092107,1.5604882907850075,3.261131916030102,1.0,1.6609446223199418,1.0,1.0,1.0,2.207621775639682,1.1123514642581018,2.2383202466876595,1.724604817835509,1.0,1.0,1,1,1,1,1.0,1,1.0,1.0,1.0,1.0,4.556642227403613,1.7361172270854084,1.2438068890605087,1.5031146598875593,1.3585618216565496,1.0,1.0,2.7803815670849135,1.0,1.0,1.882385958186075,1.0,5.939762933409487,1.0,117.00363777026612,110.34107298597112,4.455872841983915,1.0,4.519233375698125,1.0,1.0,11.614927168909542,4.649578985711097,1.718283631644961,14.986906359405069,4.023729960721559,288.9982198619508,1.0,6.645185680301751,2.06021316139221,3.830288906221859,1.5949412062612094,5.0144777396915785,1.0,3.360984196890948,4.5770798526382475,1.0,1.7480735038672859,1.0,10.333178097335992,4.1748730183321765,1.0,5.166715685525774,1.0,1.0,1.1336565036827424,2.87277218238599,1.0,20.543669133777534,12.180562551693498,22.396434458047608,5.857201325281287,8.345107105632053,21.155554845049636,12.140490792500362,146.43339217341963,59.748551936729825,4.715850739527364,77.40586940740262,22.70852693407749,54.25320827322663
TEST_02+5일,3.8785585645634804,78.70706702584724,5.668678005136771,3.0066192015258544,1.125639950099888,1.2073255850378213,1.0,1.2021097157533949,2.696337724624829,1.0,1.4274905174041497,1.0,1.0159251847643098,2.4371190936516367,18.688375626582562,1.542448347997879,87.7077641631594,1.0,1.0,75.10495369417099,1.0,1.2901249940611326,1.0,1.181023021476769,1.0,19.210895972411254,9.688197604704886,44.95711164138131,11.113684214651315,6.1218001872756815,4.699952167153049,2.3310427231919397,2.7927331486951004,1.7690250619024226,1.0,3.112097297684476,26.920448809209,3.588567503553703,1.750758980092425,27.465644621717438,23.14249434518464,2.5664834539409194,1.0,1.3636655055617783,1.0,2.2152893400817075,1.0,2.9287224103286276,1.1001637952035908,3.541618851093573,12.373413524380233,1.0,3.9441431353739613,1.0,6.4335502396299065,1.5428807381164362,7.151654326275349,1.1138028517000855,1.0,1.0,7.719603615841072,12.379510327025148,11.075414361223437,12.349777703790327,16.30324572847151,4.176450784867185,1.0,1.5653619550982836,2.1157262552403275,1.0,1.4429948654708955,1.0,1.2226844212467085,1.0128360030841537,2.454648039482153,2.0712301088319105,1.0,2.2024122260959893,1.0,2.5180533931707267,2.47316440602336,1.1185039452591456,1.243708085266272,1.1404689713628098,1.2423715073292854,1.5551162096914475,2.2532330917694137,2.0047124097623885,2.577856149874068,2.7269110245835413,36.82480432623196,1.7269061277189315,3.8043820949563676,1.0,1.0,1.1498055031006886,1.0,1.0,18.97532379399066,11.302701848270441,1.0,1.5840928443205937,5.385432802199604,1.618963798185396,17.964022191002385,55.696594461787406,32.67124196884498,4.00513596847877,3.7719488563272847,1.8373567803472468,3.7892186760635607,1.0,1.9775628516950667,1.0,1.0,1.284051086736657,2.452686689041174,1.577612974534555,2.3160580678830955,1.7538903308854383,1.0,1.0,1,1,1,1,1.0,1,1.0,1.2997435494079417,1.0,1.0,54.453963754281915,1.450263386902278,1.1395404801183793,1.8097880502119792,1.476929591169235,1.0472400534172024,1.0,3.032689704146243,1.0,1.0,1.791243427438586,1.157139869284487,4.811181335310762,1.0,70.68926018472463,66.86993774778217,5.760818797061765,1.0,5.17013819244052,1.0,1.0,16.82140860536719,2.6227359766317804,1.0,15.282825230218785,5.209431840469894,61.66554755285539,1.0,7.9964001803047555,2.031949310003173,4.756419615016725,2.4968376306368043,5.2602331157003155,1.0,1.0,6.2860513671540525,3.8177368091643697,5.3483843953255965,1.0,4.421227868220543,3.1536247717079946,1.0,4.895275978950378,1.270046553996446,1.0,1.8639567896503937,3.4607121887090337,1.0,20.315108768364265,14.175983724401373,22.355824557202805,11.79847115288692,13.79462470065118,22.150390465599564,21.056851779904854,210.99333719814064,51.342539138030496,8.412070887302072,42.25384737723441,10.469218197605592,27.351583260048514
TEST_02+6일,7.771545169678223,62.832056829969176,7.116289194483375,4.666654751074656,1.768565296499755,1.9371149920072153,1.0,2.170001001767103,3.7308878263694734,1.3894445616064826,2.1715575896517647,1.0,1.6729012699115393,4.117987993865924,30.690780618986913,1.9866053501381395,46.258503565288265,1.3368926060538424,1.5502797557255794,65.08215412343114,1.0,2.2122142891837773,1.0751998572069494,4.78219565733502,19.329202978595458,20.681486618017225,19.697347415853706,56.26879726302289,10.656217714114973,5.702713428595139,5.130695869707357,4.338457595814796,3.7408225321116015,2.530059767543351,1.0,4.223666038720997,44.24029797727024,5.1989759903450885,2.4646242693824703,31.986160584083713,22.098316368235277,2.7747875948464875,1.0,2.8530173025216214,1.1629009313823269,2.931009811627189,1.0568366196645622,3.928109056703031,1.7349688033229276,4.343385970582742,14.697232864005091,1.1029422430712073,6.359485054917084,1.3315333203681232,8.432625677438267,1.9375578862595537,9.168434275615244,1.5681580408565408,1.097302153559336,1.472161515286133,10.432724737842946,17.785889204252985,16.891148805800736,12.98798850211511,10.709767838381289,3.439000601567061,1.1016182292484833,1.9685190721832682,2.6765687302513057,1.0,1.8854826785568688,1.0,1.4908648349518772,4.170080884872904,3.3499725976242183,3.0499151366064874,1.222303896671737,2.862824109512572,1.168055669278507,3.321450587067674,3.1241536360435322,1.3926466323609348,1.7131587671220319,1.6366405801665596,1.9889549379838172,2.0900731252752824,1.7062949790148383,2.6683515974829803,3.36002170231477,3.7170868217716384,36.70714933175306,2.478527142176027,4.619446311105316,1.0,1.1592005432324295,1.5542117604677763,1.1687440217213516,1.0705954667358972,20.249865008789442,11.367547907255764,1.1942410822762008,1.0,6.194588610785376,1.9604174465082684,31.57618990485951,57.02652995573591,29.222416122788694,5.132112011410917,8.742475297200098,2.449929399163006,4.068535316350808,1.0,2.514901322993093,1.087134018231762,1.3247017947939637,1.5718740303686922,3.5694303321923417,2.026641276292939,3.149838863975325,2.5719671804072957,1.2270865995154754,39.01496211427835,1,1,1,1,1.0,1,1.0,2.4883990590989993,1.0,1.0,87.72626320140463,2.428676096028977,2.0824129955019783,3.0715657403849868,2.6089438119013892,2.4460291666138403,1.2963339425521445,5.133145913169172,1.218685888183395,1.13697671945538,3.318747422848742,1.3381583616428225,8.013339582875846,1.0,219.79637502845495,190.1979547138992,9.681128576485815,1.0,7.778475574547377,1.0,1.0,16.41760711533222,6.039160323054792,2.0669197658749487,21.953524964912404,7.303625999033791,65.12506535372214,1.0,11.20917406248227,3.2059827476883846,6.68325653101901,4.152788286336504,9.633471186243396,1.0,6.3987863712561355,9.824888039487433,2.1721514949026157,2.3608163322196676,1.0,3.8401670155011884,5.287581606952144,1.6475442973622614,8.91960881002278,1.2366456447227754,5.212151252208774,2.0484058812931445,6.302481679844725,1.677226839578692,33.68506145964031,21.1357007080696,40.13975038259344,19.51480972125556,18.688611199937995,37.19135397674302,23.531742658252718,168.35662199848716,84.26044371093616,13.137225380952678,78.71931233204867,29.75659155076441,75.26902323425261
TEST_02+7일,11.730663076247515,15.666646572827396,13.924947797389235,6.083784360639065,3.0160752249509044,2.5323522282250326,1.0,2.55408047397002,6.219852506144502,2.3703158844675967,3.072160563852369,1.1927412641337765,2.132452079176818,5.77777151847707,38.113524761117326,2.5704652827149843,18.399585767128247,1.9292431756031845,2.4652221094368256,12.350455738753507,1.0,2.8494016492935264,1.526185964570367,1.0,14.175082821475653,6.805822492834224,9.20216030721005,20.548628039590948,18.451434934260114,6.7542903158842655,5.697337338272076,5.431566024593574,4.654483129596899,3.1346557801863524,1.3439649943168321,6.494048095835641,63.10556466924379,7.798958489041585,3.1765380567213866,44.371958512488334,38.358110416324784,2.810934591685811,1.0,1.783907545480333,1.7870232678163078,3.6172224291531005,1.1726895365562457,5.036366129696973,1.5507979424456284,6.37039956429458,20.15117031067913,1.401149367318475,10.279043233784222,1.6203482210395481,8.90453660331999,2.6242312568208384,9.890884601872532,1.8828450725791246,1.500268315301263,1.507513814981822,16.410335324811047,24.557563162570275,19.428203843789568,25.451733698344682,17.211140199943024,3.1379358489117632,1.5331439853475792,2.071668085135509,3.348119775437203,1.0,1.9280720424642328,1.0,1.981865527470739,1.7881109895880578,4.245880541136342,4.119329001850368,1.4437798377254758,3.6312842195692534,1.147523801292317,4.0994643319232225,3.8303802730216425,1.8430898211795403,2.103862894337734,1.8543883743460534,3.116438304661231,2.3154442921990626,3.4693069423858116,3.1188154047194,4.127154424359569,5.125129123545244,33.76856777031689,2.6019617201523793,6.283333741817132,1.0,1.4888887753346798,1.774763929920028,1.5382922639706966,1.842155695607174,5.313961463305459,15.479231227089809,1.4448845451078003,1.1120550435367902,8.662275347910507,1.3760517962684653,147.52394100869247,13.898754288878568,37.69496698299401,7.763563191034864,11.730012614772,2.93708484381033,6.094238979471378,1.0695422094646772,2.734833732610624,1.3916476759758014,2.1010904203319107,1.7232944336309926,4.984832236266526,2.569724269667273,4.016475173676401,3.3232927764633438,1.418430606681474,26.769661760286873,1,1,1,1,1.0,1,1.0,2.044084310847924,1.0,1.0,13.601887213122913,2.179008118525921,2.736817999235149,4.547033542304692,2.419048425771951,1.2670676722318321,1.9512640854424275,5.836653578049395,1.5575004278605205,1.0773170770228915,3.7648202069553065,1.2814004435331017,12.118959627385602,1.0,64.47246895849955,49.153333106665684,12.3863678808004,1.0,10.553660942510268,1.0,1.0,24.900964550159788,10.03885960410683,6.29062314535203,28.593566804594325,8.878616069858019,1.0,1.0,14.366316508423997,4.94198597133321,9.32619661294016,5.01063100042317,13.87343504567285,1.0,8.641304525096068,16.464969898705633,12.470898684020485,7.78322444783301,1.0,14.402353506496402,7.101575316956804,3.9444123268053373,12.692720737014438,6.744947796705759,3.123476786976217,3.4519533739475063,11.613007987695257,4.090674495689615,59.42556015340756,33.59565332154634,57.714228433213016,24.553349710150677,29.989066683143704,43.203506723437336,33.46758810498082,272.904279801664,93.4885966593969,16.261162320422578,70.7202017523574,25.805098063454015,92.51035756706779
TEST_03+1일,7.487928924236257,7.905213046653396,10.406887342852135,3.5906594981073985,1.0,2.258824129692194,13.966254859293132,2.6406666124305067,6.28853222758943,1.0,1.4047577980029782,1.0,1.1901148716674543,4.39254598999155,29.030971700051097,1.2428743741167703,15.43854162401215,1.0,1.1226780701840868,7.830916642473107,25.22945862544229,2.148042903513592,1.0,1.0,18.73337461273905,7.028580159200035,16.377164637254133,72.63348801696796,13.504092021857842,7.4398192482318475,9.401883479330682,4.218061934644045,2.367742621829543,1.4620626727636743,1.0,3.964363010482655,60.63416669446165,10.328266050348862,1.4895427160427102,29.72835440047737,24.815585974193084,1.2801639641558016,1.0,1.0,1.1451186540377614,1.9082645170876598,1.0,3.0781394828515616,1.0,1.8902383869656136,17.093686663704254,1.4697424247582447,6.1150658055553935,1.2657615885087097,4.214734963525087,2.0565286471262585,1.9019001765759787,1.0,1.0,1.0,11.47486441557965,12.355022567726515,28.12026320471007,14.202015118568275,14.445452686896292,2.0239619314502866,1.0,1.6180153507475143,3.1505031371730867,1.0,3.0345368706906246,1.0,2.1006881287338857,1.0,7.162086248620395,1.8292143461074377,1.0,3.697995297511595,1.1194206037438497,5.252856847926008,4.124273706765007,1.7061757891636988,1.8219801315482613,2.2362855916058453,1.6056771840694206,1.005541643893275,2.9860266156833712,2.7375168027255703,6.487943546305126,5.861168774738021,1.5017533807535086,1.7725332633721382,4.347312424941747,7.750831952623611,1.0,1.1966060438713622,1.2120759378888204,1.0902758070830858,24.62856004555161,8.339718208849375,2.632650560060359,1.5645729249643157,1.9784009805383536,1.0,211.91431511768513,7.864700164757567,44.97202498161809,4.562268676037345,2.2904242947807925,1.203538493073287,4.358045465984592,1.0,1.5814703903237137,1.0,1.5537317336787164,1.253593245667636,2.0809395454358643,1.708640092833086,4.14543427656314,2.0100178104722755,1.0,9.311546376437354,1,1,1,1,1.0,1,1.0,2.1368310328696136,1.0,1.0,30.4973821174563,1.1595093650806276,1.0819376153934328,1.8227329067554892,1.0,1.0,1.0,2.7844095521110135,1.0,1.0,1.3246169827413148,1.0,10.738894561696153,1.0,19.02603872884494,1.0,15.318476101290113,1.0,15.048110915023873,1.0,1.0,32.4665724664914,2.5121943004730247,2.565880492340078,35.4175457564744,10.609544910846543,4.541463455196211,1.0,15.873781660164216,3.7249198723924986,9.975229305808039,5.304514805704185,16.141159022769468,1.9804551847579979,1.0,18.412153191963498,18.03031015361974,16.896340579689006,1.0,24.77253534194039,3.918646009170627,14.712898759007054,31.598147131894066,29.99865881140976,10.555726941396458,7.195513681467894,7.8901257315681095,8.600472965833205,155.45293890641952,106.69274330051036,140.42607766192862,71.6629243822893,93.53010590566258,139.8974533393483,94.63690213097883,563.3677568572639,127.37070684774355,91.28571242571041,142.09240972309235,30.669799105072684,179.19566548980174
TEST_03+2일,2.213787088635793,15.646667904318944,3.9571138882892836,1.044801243981235,1.0,1.0,22.015923611541695,1.2927974665755269,1.7264305611479256,1.0,1.0,1.0,1.0,2.0613378839987004,9.820292534103089,1.0,30.39453878823469,1.0,1.0,32.26368265796791,15.340909730634369,1.0,1.0,2.6862935307812674,15.968840184169652,47.3883244215115,11.731028366637208,15.184603861332766,11.899225300634308,5.47779614069932,7.1817250436525,3.313807298112225,1.3292390883352445,1.0,1.0,3.2301495050781774,47.757783411731836,8.815942143247629,1.1462873077327433,27.639796846619987,14.830265926632276,1.0,1.0,1.0,1.0,1.1945240446125105,1.0,2.168192600712481,1.0,1.2500304403530365,12.780222350965513,1.0,4.942079665247427,1.0,2.61517592483584,1.2143716422553648,1.4587757775279497,1.0,1.0,1.0,6.437376513966368,6.872808214021506,20.884489335776255,14.288412853954362,15.174940190428735,1.495279155623944,1.0,1.0,1.3449468760581536,1.0,1.8020365515169257,1.0,1.0,1.0,2.946477290929641,1.0,1.0,2.0431083846211853,1.0,3.3737425564792463,2.0735691577057813,1.0,1.0807472933372133,1.0,1.2979267677186483,1.0,2.7812279653633607,1.779521129521711,2.9246730693703173,3.1571022038081713,113.49666910159726,1.0497946819492177,3.094316808528958,4.3189795634641746,1.0,1.0,1.0,1.0,23.170348548886395,4.063715839813585,1.2577777287520249,1.0476002851090989,6.0327850066960895,1.0,23.710980894908396,88.42809547437963,26.28708988186122,3.5337045650189896,1.0,1.0,3.0783556940007024,1.0,1.0,1.0,1.0,1.0,1.484915350079809,1.1034670970405593,2.9008780349380996,1.0929233885990057,1.0,42.81933092234444,1,1,1,1,1.0,1,1.0,4.987202120966282,1.0,1.0,4.47719670111046,1.02927649134205,1.0,1.0,1.0,1.0,1.0,1.1170470244607504,1.0,1.0,1.0,1.0,5.6911772580335285,1.0,151.61583695371564,126.60718764792925,8.72165074873694,1.0,7.7666309788710635,1.0,1.0,21.578664035032027,1.0,1.0,25.631789989819872,4.709454461352823,16.272786614680765,1.0,9.606744588735403,1.5493614665473023,5.309891613831937,2.9858847360045484,9.215901686764155,1.0,1.4062809779784715,13.984145925080135,4.875225003360152,4.422839058705543,1.0,4.991316252874318,3.841385136341914,6.575216400119324,13.286351727961804,7.8913488633287265,4.103890018383915,1.9885631139501339,2.850713302723748,3.3652257791863627,114.35890356068344,85.72987949470145,104.1494755870662,24.529458182165865,94.8535222895281,94.54478606591323,74.76681056965063,609.9553125494506,111.01063451262478,90.15772197172606,100.09615202779179,19.6791062736669,119.40235871698111
TEST_03+3일,2.1424344114860077,35.247654736648705,3.0666663314207394,1.3718750527903698,1.0,1.1243981388122002,3.1085639822791897,1.4014422417675432,2.263244544214998,1.0,1.0,1.0,1.0,2.6967448959091707,10.373309767599057,1.0,30.53577058447872,1.0,1.0,59.61689403797549,2.9066201400074467,1.0,1.0,3.827470606806334,27.507877825808485,19.811961278037558,11.683042924124555,59.156539102796096,10.163938274672713,5.152640331359899,7.513225803849261,3.713160321718947,1.3932409529927123,1.1169986467087643,1.0,3.7011763392199093,35.88960207709961,7.880513484266262,1.389431908521801,24.309081098730907,9.37935584379391,1.0,1.0,1.0,1.0,1.199858505328936,1.0,2.2675136203186614,1.0,1.5922855165066812,11.78241614462512,1.0,4.969722285163709,1.0,2.9039261193681485,1.075191705694679,1.606199558621636,1.0,1.0,1.0,5.870625122402256,7.7890668070865825,16.052706900793826,11.693836797020964,13.568873835794253,1.9815672307100425,1.0,1.2872704612632597,2.7693424178951043,1.0,2.290560302182066,1.0,1.1901924931077854,1.0,3.8699447634088737,1.0957237346532487,1.0,3.1959911515479624,1.0502958677737315,4.516821416810995,2.9059403190753677,1.2396192245392834,1.4227844022010085,1.4745404429451718,1.7412182498685151,1.0,2.179957207718002,2.5510000364570713,4.173465535512583,3.9240481981939146,126.25717682556572,1.072693642982957,3.570022737586216,3.1874246040936547,1.0,1.0,1.0,1.0,18.058485216274462,2.938072066602873,1.201075348557508,1.0,4.2464099712668,1.0,3.1649998775207613,93.95433842252133,9.769563160636677,3.088461323343069,1.2129774252495653,1.0,2.7829026798749474,1.0,1.0,1.0,1.0,1.0,1.495505506902369,1.2553923637955475,2.7798496482972466,1.199303420569341,1.0,46.97359450353641,1,1,1,1,1.0,1,1.0,6.382736428034288,1.0,1.0,46.567760492565654,1.0,1.0,1.0699181142052265,1.0,1.0,1.0,1.8930298541615571,1.0,1.0,1.1318060937126728,1.0,4.936944984152196,1.0,176.6632013410134,158.0058287327945,7.353897738278242,1.0,6.422716495482968,1.0,1.0,21.280313435433285,1.0,1.0,26.70434838351964,4.3469737480540624,19.159330459810846,1.0,7.431797679745278,1.7413258421179139,4.352914104137602,1.8478475273584944,8.219285861872784,1.0,1.0,13.16587041738653,6.727076866742754,4.550374526723715,1.0,5.603921143223923,1.0,5.127312115871121,10.839970451396708,8.74970554709984,4.026628092760385,1.0,1.8774916367960222,3.313183898899059,147.26984014975523,85.96873528070802,130.57094340445002,29.529821691833632,101.62439471212016,119.18735652230873,77.16126482111142,602.7854188888131,116.2323374310067,114.67186190908203,109.21065953675162,21.592460719739496,123.73879676248107
TEST_03+4일,2.8979347908965662,70.35031613519658,2.649524479150438,1.5203089118801767,1.0,1.1127732046806793,19.552930441293046,1.4469038029961816,3.1485050484439694,1.0,1.0,1.0,1.0,2.734367141536966,11.142762550827364,1.0,110.85758741011728,1.0,1.0,119.25423832448193,16.421017298509796,1.0,1.0,5.150644385744252,28.390995702682243,19.591510234649967,13.446009705606553,59.434772850224775,10.833447155890344,5.795539362845298,7.529206625028705,3.3670258671711375,1.4096493429760084,1.102006822575206,1.0,3.253892744959473,43.64883281844474,7.947584349782906,1.6359021514808831,19.689802914628267,18.534133639903082,1.0,1.0,1.236927066520677,1.0,1.2170564888254667,1.0,1.9735157497883913,1.0,1.3895759894061745,10.325811474224334,1.0,4.23849928878883,1.0,2.679191854760818,1.0580150142463745,1.4085259718609358,1.0,1.0,1.0,5.812009955373109,5.680778630917166,16.597119293853236,11.772181000139142,14.451594600029303,2.4100484988696707,1.0,1.4182640558456208,2.088684412917432,1.0,2.395118581192317,1.0,1.0496631038630218,1.0,4.422885452193138,1.2248930091026977,1.0,2.9604494495110334,1.115662173870268,3.5307385392420105,2.385015850586316,1.2571991935524047,1.5594176228989143,1.4279136275895077,2.0046290955470694,1.069021850575084,2.268309977883395,2.5783486342441835,4.2883748623527325,4.229934204755266,80.71564811672414,1.0443431882918537,2.8888072382978676,3.107184301941142,1.0,1.0,1.0,1.0,23.07705094681875,3.3727228937689917,1.147443614645437,1.0,3.514127622444523,1.0,11.69342240559529,83.0611961929391,8.027402387822281,2.6040656942210685,1.4086702296722735,1.0,2.493186433471144,1.0,1.0,1.0,1.0,1.0,1.4462795988332644,1.2591669433557922,2.9412493034909626,1.0991785699597192,1.0,41.82434320582311,1,1,1,1,1.0,1,1.0,4.180727456143507,1.0,1.0,32.06222673171804,1.0,1.0,1.0298373841675756,1.0,1.0,1.0,2.1827613849338015,1.0,1.0,1.1217905745984051,1.0,4.265336793812334,1.0,183.52586826639114,164.5703040457426,7.149568293746427,1.0,6.098878312524451,1.0,1.0,18.40937790723615,1.0,1.1104778925486567,22.700262521436613,4.697544560450021,65.00474770369567,1.0,6.594022299010665,1.3769171740775978,3.8274650553465412,2.4037663571172065,6.416413036099278,1.0,1.92233966856674,8.483097237145067,4.860368979310806,5.2399319729788605,1.0,7.215638225940746,1.0,5.072951865311454,10.375019518122363,9.012173625262959,3.4533154110167006,1.0,1.2837497122454165,2.9043754863017828,146.5976097397113,84.35144941088572,119.04195812535143,32.15330202357407,94.40863912357295,105.03709670439586,80.62967715346267,637.3784546156892,111.81775835645061,103.78594554318028,106.83441852521766,21.381841738293595,119.68768546215159
TEST_03+5일,4.572291385271905,73.51535102212661,3.822569125522605,1.4241998023706235,1.0,1.0795917038964797,23.92840886662334,2.142359807598967,3.5160105559329775,1.0,1.0,1.0,1.0,2.60796437929349,16.983240143937955,1.0,62.48055064720829,1.0,1.0,52.04903925450385,22.144211416370137,1.4241070167317902,1.0,10.238945314422999,35.731363564166585,46.267829279780294,10.421002994589305,56.73009969243252,12.719888968757054,6.709491857067727,7.978779673223127,3.0343921898666744,1.2838934995305804,1.120254565320619,1.0,3.2775736536083815,52.22472516595653,8.599275633594514,1.6099594636958359,24.949967056341727,23.69774126360665,1.1492886507968538,1.0,1.5696138830096393,1.0,1.3554047085416583,1.0,2.283621741439343,1.0,1.5494859074060967,10.981302002703968,1.0,4.560403159694329,1.0,2.9721234263680234,1.2149331702750064,1.3208310836896775,1.0,1.0,1.0,5.648965798022726,5.58181081345304,18.283343267281438,10.004151179424984,12.340267389389435,2.365193232446317,1.0,1.2814134098661212,4.5363045157692685,1.0,2.885672426097387,1.0,1.1100181446180428,1.0,4.831618269399982,1.2662227832931086,1.0,3.5047020278113505,1.4477077968616068,4.304849241828881,2.9281971873543515,1.2839512074232653,2.072103182946068,1.234737182733097,2.37806282179897,1.1432038436752638,2.1197101360459207,2.7540190956852237,4.402885177574731,4.8886934498076915,117.11491041516481,1.1791120539304898,3.4288736550263392,3.9637759595130557,1.0,1.0,1.0,1.0,17.837099996126813,5.736209548937184,1.2488705881138014,1.0271978229636827,3.975486511852246,1.0,24.028120509045102,93.3590927015829,8.72280660789303,3.7599326885596174,1.854677267005858,1.0,2.711940416463236,1.0,1.1450418377146554,1.0,1.0,1.0,1.7180465570511854,1.347193988890248,2.813048759801462,1.207188440756116,1.0,75.29271661068658,1,1,1,1,1.0,1,1.0,5.5770620243963736,1.0,1.0,13.73282190497736,1.7683796072572018,1.2700681713514375,1.3337081082705147,1.0,1.0,1.0115046871365536,1.683136179154007,1.006787635153674,1.0,1.552642703855384,1.0,4.226354490567539,1.0,150.33558839757742,102.35778569020471,6.881370208731177,1.0,5.665185589960628,1.0,1.0,18.196470315531272,1.0,1.0,22.422637811053676,4.4202220611860605,8.910080166148772,1.0,6.683283095790195,1.4674715478992484,4.465229622607595,2.3055897421016747,6.545592800259723,1.0,1.5409067376304515,11.817024996248731,5.1824853281012295,6.710305031474553,1.0,5.224747127967831,1.0,4.854531054274485,11.530580821180628,6.008027088428046,2.3535544616166204,1.907875293482877,2.291581145143009,1.5097790309540993,143.6223942051675,81.11393789857343,132.8874901243898,44.36943322230014,115.66033723377952,121.660755460269,75.34444220959682,601.2424990356908,140.95868830762487,90.98036634421015,162.82243810355308,20.578406059159523,146.72418873242742
TEST_03+6일,6.043080020865724,26.410410132430947,7.1826162239353994,3.104841425078207,1.0,2.0271519176485513,20.649013441150615,3.483759655635545,5.540046111857775,1.0,1.7821203216138737,1.0,1.1527311775805338,4.381057586473521,23.906308668747123,1.7881648227952638,42.406964516932426,1.168799633527596,1.1322635386111124,44.59401762372239,12.229281585894718,1.4305054002416333,1.0,17.574803698994607,43.91947955613054,31.44523852097144,36.066497123802264,65.26381939530714,14.283399799399888,6.986776003643729,8.342993856077545,4.392119301591553,2.0786986410228288,1.6801812199247275,1.0,4.4498356972497115,58.27936288866939,10.49404591349676,2.167268152849455,34.695465844859584,21.04931819045577,1.0,1.0,2.0915807623922333,1.205088208685653,2.014044524111644,1.0,3.3370119523758732,1.0271968906872813,2.003079498109917,12.906356265204076,1.5578018808345995,6.311891187434872,1.529514354095646,4.1648876717991445,2.1459359813608696,2.5930290746563305,1.0264820932110132,1.1575018423189365,1.0,6.552141923217268,7.948412043461808,18.917463359287286,12.985865091761575,13.736815547783353,2.6125514253514384,1.0,1.9849952104645214,3.8526459294205244,1.0746520385432083,3.932203252898754,1.0,1.8350433109915596,1.0097940365490392,5.442672032487252,2.0160445351384886,1.0183049895278553,4.0486774444319025,1.7186220869582454,4.633496880888249,4.008443567923521,2.0040843613415746,2.883420391682388,2.113201502573011,3.2945356230868468,1.6959729651994113,2.5562704050569804,3.8130173179665015,5.670449612023342,5.27479474800714,96.43224812625833,1.8183745266173896,4.961825707391736,5.484768887665328,1.0,1.1325066406752153,1.5992797407966424,1.4720759177189073,22.626075270467453,6.899056560051754,2.2618001487435135,1.734384212930089,5.266587627348251,1.703156629979868,9.935346722009688,78.76923276391035,23.126370149210274,4.389606424679296,3.3296244629158505,1.5327111344431015,4.264830164307444,1.0,1.831335897241276,1.0840298002713267,1.5354329729061327,1.2539452606881607,3.3418582147024996,2.390151162367019,3.893504905804676,2.2581733156122734,1.0,32.91902901885763,1,1,1,1,1.0,1,1.0,4.949134788105839,1.1170943157650979,1.0,100.81413883272559,3.2656949076094923,2.28484291154131,3.8848853252533964,1.522775131945159,1.286907630063289,1.6137154900979618,6.118117194496665,1.6766327207131644,1.2843008674386387,3.950734917980927,1.5218082188704867,5.95748817132948,1.0,220.26578216181912,150.0254877857998,8.210799812278967,1.0,7.527785353357817,1.0,1.0,21.792462161767983,1.450556629759046,1.453147369845492,23.727104257560008,4.95805053148268,1.3372845028373188,1.0,9.300391113523345,1.6893953269179756,5.624101580980979,3.2660957276812996,8.121835587464911,1.5902431546270575,3.523340066944939,14.378291018141292,5.477689170718284,6.967995299997394,1.0,8.14974208263989,1.1675989551383914,6.0621716885101655,24.349730101217737,9.263117154330033,2.76697252265813,2.955407647259764,3.620695938004185,2.4066753515889685,139.75445040659318,86.38853358476672,122.19480239543314,45.781408663931224,103.99666024333064,114.68680786113146,84.293645292454,627.096495028042,125.07894208258944,93.56090194519605,112.05211498796551,27.257926530866875,145.5539985654303
TEST_03+7일,8.668392174045207,6.028311258061796,9.187486826380113,6.015297669755565,1.2053768733489985,3.0691719066147387,9.015422055978334,3.2092952091475535,9.318373020467494,1.161945777232404,2.323982559570011,1.0,1.5675534393086537,5.650957256217602,33.147280088563754,2.304035758768573,13.040493580477769,1.7475401674220254,1.6447009231343372,14.818340534540338,6.883632991685495,2.437591720308824,1.155428875588832,1.0,14.048176809247353,8.82248989740966,33.30521964225041,50.221553982674514,15.959539338841182,9.750389444452093,11.72088462181079,4.955863549365419,3.6964702812321537,2.006203626376182,1.0,5.009087601936851,64.97752854964142,11.68179705399529,2.6638464066473397,40.420472890656306,26.268384173046957,1.7675404688588634,1.0,1.6425188628927976,2.273772036564659,3.000696794480472,1.1971410682747319,4.701731211061718,1.407748848344547,2.791005422974379,15.282650454403969,2.2384313996773266,7.990521949066589,2.55175344291049,5.841136448822348,3.3253503099421113,4.524784164093378,1.4295341485297108,1.9825258895782891,1.1173991120599316,10.301131978938411,9.060829685379657,24.58528524226496,13.295146824669558,17.386243003079947,3.9995422821533957,1.0353173860273859,2.5359038600681667,4.110324465827281,1.0771044662544682,4.586016941190881,1.0,2.9917613452116134,1.3385133856093312,8.21037841791796,2.2896603118350494,1.310080153939684,4.7438263366162055,2.1352964667828873,6.510256241949515,5.051114550798995,2.5835379995425196,2.9494619227427377,3.8027755479518097,4.0110648206060855,1.8950967229882818,3.173770831132482,3.632412461114153,7.814979369383632,7.757774334522163,1.381299166008347,2.5313300650672694,5.359202387638658,8.214877896655105,1.2779435671113537,1.5228805039988447,1.7377080683169206,2.0505878385048413,13.572108987832415,10.498067577098453,3.3237683238430957,2.246724541889509,6.70469983663806,1.0,168.4651422994962,9.009950129445052,21.481349886044885,5.721401013002554,4.610550237321182,2.287416671143122,5.823177939983982,1.1870801618645146,2.5588078063087245,1.3847158613252835,2.181782191608479,1.7805078274503021,4.522345298179771,2.5661907938785857,5.473416921495208,3.28076579723154,1.0,5.680345581936956,1,1,1,1,1.0,1,1.0,3.5274445591477486,1.0,1.0,32.571073811345634,4.502413162267087,3.3304961266333573,5.202748512597541,1.8060275999212014,1.641429448531319,2.1513648844081694,9.991244868191766,1.6597640005254495,1.95649414405319,5.448971980461265,2.584934722628448,9.470273913190947,1.0,53.22328223387961,15.073201271635178,12.283014356636613,1.0,11.466916259798642,1.0,1.0,31.163618347969873,1.691345567980215,1.8592153742698878,32.16265419700878,10.220985128161015,9.057434828578385,1.0,14.206418155035575,3.093231806825693,9.105020938328561,5.103346357444605,12.637342681341854,2.6934974745702007,2.847373456616218,19.26067716100225,13.344742760475677,14.572357733584308,1.0,20.155637371350718,4.3770787195108,11.008314172657016,37.030162205714035,23.405253911528103,7.192590796302996,4.884856667454345,7.665094537238598,7.127161342030691,162.1620495034673,106.10875729338855,144.63753515217002,72.44245082905506,104.83587750881586,145.1059910580504,97.30778014221289,691.3812215677591,136.09424440859163,86.16772897359417,101.31698790772731,27.683567719044404,156.41119068198893
TEST_04+1일,4.785434845925351,2.0160409183462322,6.742225932599756,4.175926472162973,1.0,1.0,2.0354920083954693,1.0,1.0,1.0,1.0,1.0,1.0,1.0,1.0,1.0,3.352659600945995,1.0,1.0,5.055022131183288,1.2867468399423811,1.0,1.0,1.0,4.7945985325095455,1.0,4.8157320821199,6.42101894398499,14.27869624502737,3.776395747654035,4.201023035537926,1.171854764170837,1.385422801785571,1.1684205219837764,1.0,3.7950085463391035,31.599682240476582,5.642509826112334,1.7486580246337002,31.773836953694904,14.255916256209272,2.6777220838520503,1.0,1.0,1.0,1.5579678231478713,1.0,1.7986660809161297,1.0,2.187545005172201,6.36654000996575,1.0,5.6552204688355285,1.0,3.486801707912443,1.0,1.6326484310164224,1.0,1.0,1.111458608445688,9.147888968027239,7.737600730853389,14.180735523394617,11.520530653860504,7.427016642770434,1.8083283521589242,1.2441963126297915,1.2637259772426188,2.7310697052429163,1.0,2.903430462810997,1.0,1.173324695520973,1.249335965979611,4.56907697566257,1.0,1.0,2.1010070745623652,1.1432294730259862,4.986103644565103,1.2438167893107388,1.2350026015488578,1.0,1.027339911235102,1.216763135916508,2.0810124740243854,3.290878995567608,2.327864270511008,3.3438721124488793,3.79955161550658,1.0,1.291534740650857,3.1771092215302796,5.146159061735436,1.0,1.0,1.0,1.0,26.74539167460962,4.272119986732755,2.223311545660333,1.0,7.459931624660115,1.0,151.50631741009363,14.288938161835421,30.997150105474116,4.231133951172312,3.256500916794321,1.0,1.9085733435492012,1.0,1.67946453197345,1.0,1.1989664164920657,1.0,1.0128270298840105,2.07080886241496,2.061932505929486,1.058006278080541,1.0,10.981027027372,1,1,1,1,1.0,1,1.0,1.0,1.0,1.0,4.7444595400931355,1.0,1.0,1.0,1.0,1.0,1.0,1.0,1.0,1.0,1.0,1.0,3.2083197459676747,1.0,13.127477730790462,16.24228461105981,4.646291375430755,1.0,5.503266269757525,1.0,1.0,13.533260679848828,1.0,1.0,12.458181379574812,3.8991012262814766,4.66183495476478,1.0,4.290337151786097,1.0,4.78610994571857,1.0,4.824544354525031,1.0,1.0,5.852787078594312,1.0,1.0,1.0,1.0,1.0,1.0,1.0,1.0,1.0,2.346014705463491,1.7324354642309587,1.0,27.244228991523435,1.0,1.0,10.040242972849295,1.0,1.0,1.0,106.85906040194276,1.0,37.783341728323855,1.0,8.908468185331113,14.044183166913722
TEST_04+2일,1.6772084031279821,21.245597209609215,1.0,1.0,1.0,1.0,7.600348498438917,1.0,1.0,1.0,1.0,1.0,1.0,1.0,1.0,1.0,18.564549585811662,1.0,1.0,20.6853930873696,8.00333644306232,1.0,1.0,1.0,10.47979896318416,6.0479867933595,1.0,1.8993317078673568,7.018594106711204,1.9197925643645561,1.7813700418819536,1.005837712349543,1.0,1.0,1.0,2.093116422043362,8.727088397453704,2.9494088093735127,1.0,10.380149663534755,9.199639128547217,5.413089768223004,1.0,1.0,1.0,1.0,1.0,1.113086052406708,1.0,1.2947788948802426,5.789915406846701,1.0,6.005410792806472,1.0,2.584592440515121,1.0,1.0,1.0,1.0,1.0,2.133305730980066,3.689493379920483,7.731080849719913,4.0168104841665,5.278410529135066,1.0,1.0,1.0,1.0,1.0,1.0,1.0,1.0,1.0,1.0,1.0,1.0,1.0,1.0,1.0,1.0,1.0,1.0,1.0,1.0,1.0,3.6499695454249177,1.0,1.0494917730975595,1.0,44.22173324786114,1.0,1.506263761912456,3.1596314445857336,1.0,1.0,1.0,1.0,18.32681624546016,1.5450831520634567,1.0,1.0,4.022342475341839,1.1190415234978572,1.0,64.54254486070565,15.700572076892428,1.6784009549931833,2.5168413372480227,1.0,1.0583679098742147,1.0,1.0,1.0,1.0,1.0,1.0,1.1600639101634456,1.2427355924433596,1.0,1.0,32.70339604664508,1,1,1,1,1.0,1,1.0,1.8132587712051997,1.0,1.0,14.164490399905874,1.0,1.0,1.0,1.0,1.0,1.0,1.0,1.0,1.0,1.0,1.0,1.0,1.0,87.55205849157866,15.92064328440242,2.7851142921833034,1.0,1.746243637118233,1.0,1.0,6.100003302715837,1.0,1.0,8.7972872440255,1.0,11.494378688175907,1.0,1.5669779150798435,1.0,1.7456272527598458,1.0,2.4820741937949213,1.0,1.0,4.588710076767984,1.0,1.0,1.0,1.0,1.0,1.0,1.0,1.0,1.0,1.0,1.0,1.0,3.1510177418974625,1.0,1.0,4.622991701772234,1.0,1.0,1.0,115.88654211250896,1.0,1.0,1.0,1.0,3.884632077634225
TEST_04+3일,1.0,21.428847229094416,1.5503324485141543,1.4467085152086587,1.0,1.0,5.424256197663645,1.0,1.0,1.0,1.0,1.0,1.0,1.0,1.0,1.0,22.504412673474697,1.0,1.0,17.839817461312496,5.547496603832409,1.0,1.0,2.125478988053547,13.401062435478497,10.407597615976899,4.141877659161483,52.65923628701954,8.061390655713456,1.5111048844898765,1.1418970057071283,1.0152465155678654,1.0,1.0,1.0,2.647810154210032,6.0059771964690105,2.48432417700937,1.0,11.093497930551157,3.337463880386925,2.2770448990009613,1.0,1.0,1.0,1.0,1.0,1.0122579491417618,1.0,1.0,5.192064612577475,1.0,3.9926811398207422,1.0,2.299360068852578,1.0,1.0,1.0,1.0,1.0,1.0,3.361292580282644,4.8948865583944094,5.65556528542722,5.160267784980177,1.0,1.0,1.0,1.0,1.0,1.0,1.0,1.0,1.0,1.5807697151833113,1.0,1.0,1.0,1.0,1.4455006092129006,1.0,1.0,1.0,1.0,1.0,1.0,2.1829038947092654,1.0,1.6410969940172384,1.5250675347447724,56.113149082169414,1.0,1.3533102861248163,2.664191656900295,1.0,1.0,1.0,1.0,12.49154671365229,1.6946085124129084,1.0,1.0,7.53372169646169,1.0,1.0,48.35326176203803,11.938689597610363,1.4076601128677386,2.7161269442170006,1.0,1.0,1.0,1.0,1.0,1.0,1.0,1.0,1.0340863105520308,1.4077222935665232,1.0,1.0,21.890633753453102,1,1,1,1,1.0,1,1.0,2.5394769678774827,1.0,1.0,24.581362767084997,1.0,1.0,1.0,1.0,1.0,1.0,1.0,1.0,1.0,1.0,1.0,1.793339007263408,1.0,93.80509546413757,81.72684836629082,3.1204940687882003,1.0,2.441761236293585,1.0,1.0,5.130859396762775,1.0,1.0,9.65757114953171,1.8338486440620279,13.277495304833469,1.0,1.7134536116953174,1.0,2.661665887229693,1.2909527518098127,3.0542482037936773,1.0,1.0,2.1897516736700764,3.5516752633201993,1.0,1.0,1.0,1.0,1.0,1.0,1.0,1.0,1.0,1.0,1.0,14.324253060222432,1.0,1.0,1.3904269815124535,1.0,1.0,1.0,91.22407183717262,1.0,3.306406960968402,1.0,9.970476749243309,11.96723007976362
TEST_04+4일,2.1041412982294454,12.875570007465408,2.5878623504585185,1.0,1.0,1.0,18.752892342241072,1.0,1.0,1.0,1.0,1.0,1.0,1.0,1.0,1.0,42.64598638632105,1.0,1.0,19.151427787115235,14.887322503299295,1.0,1.0,3.520225320216705,30.883463480286824,6.732055267893378,5.463863680687291,60.5815917053457,11.85309659239141,2.169620878034811,1.2237349782645333,1.0,1.0,1.0,1.0,2.180305987410316,9.350401047117431,3.107593302110948,1.0,12.644430733038462,1.0,4.027453752136102,1.0,1.0,1.0,1.0,1.0,1.0,1.0,1.0,4.240998917422292,1.0,4.783135273295152,1.0,1.9708315428297996,1.0,1.0,1.0,1.0,1.0,1.0,1.0,3.98973325195681,3.0190328855451902,5.347832524199937,1.0,1.0,1.0,1.0,1.0,1.0,1.0,1.0,1.0,1.8433362895970686,1.0,1.0,1.0,1.0,1.6449120204615253,1.0,1.0,1.0,1.0,1.0,1.0,1.6026615360765195,1.0,1.7659701264296013,1.534499050242774,73.88861141260577,1.0,1.0,2.217601302797264,1.0,1.0,1.0,1.0,14.84408401054604,2.0358109644658247,1.0,1.0,5.3702099482114685,1.0,1.0,71.19374267572091,15.30909329486732,1.1297649550251956,2.117877567429128,1.0,1.040793428204594,1.0,1.0,1.0,1.0,1.0,1.0,1.0,1.0,1.0,1.0,39.95062391236827,1,1,1,1,1.0,1,1.0,3.023760541875439,1.0,1.0,18.835113577635894,1.0,1.0,1.0,1.0,1.0,1.0,1.0,1.0,1.0,1.0,1.0,1.0,1.0,83.36008889906759,58.988021711686535,1.9569553288799209,1.0,1.692498959909667,1.0,1.0,4.068769777905312,1.0,1.0,4.305997670279863,1.0,20.91556539933238,1.0,2.1316079214929284,1.0,1.841502746479548,1.0,2.148257517829369,1.0,1.0,2.540373746907388,1.913371370560064,1.0,1.0,1.0,1.0,1.0,1.0,1.0,1.0,1.0,2.6277071698769654,1.0,2.0920924240873284,1.0,1.0,1.0,1.0,1.0,1.0,68.45647996135101,1.0,10.199121674786264,1.0,2.266408068327221,1.0
TEST_04+5일,1.0616087754863708,61.66740622609164,1.0,1.0,1.0,1.0,21.533963431487553,1.0,1.0,1.0,1.0,1.0,1.0,1.0,1.0,1.0,57.510242115187154,1.0,1.0,67.79490746626811,25.156825164511304,1.0,1.0,1.0,24.863946394496427,23.95581761556668,5.121332866387781,23.41097158942387,10.347519097491567,1.6656284827907795,2.448154095349506,1.0,1.0,1.0,1.0,2.4204747240144364,10.5873912248692,3.1174811286684037,1.0,9.059861371415673,3.8033818195282265,1.8838587665441413,1.0,1.0,1.0,1.0,1.0,1.0,1.0,1.03984897465874,4.730196016036391,1.0,4.723679368722032,1.0,2.100300937021482,1.0,1.0,1.0,1.0,1.0,1.4851378351533908,1.0,3.2202896375008905,3.00246765332279,5.563573122937223,1.0,1.0,1.0,1.2023915506071365,1.0,1.0,1.0,1.0,1.0,2.074077244623095,1.0,1.0,1.0054393324391966,1.1131937109289074,1.6753341217141702,1.0,1.0,1.0,1.1124465459269097,1.0,1.1610395822065,1.37993282533804,1.4566659987100161,1.9540520033552515,1.719916904884661,74.72847404552226,1.0,1.1934237788610995,2.318393794636748,1.0,1.0,1.0,1.0,7.87190746983663,1.790660399315433,1.0,1.0,5.313248202269508,1.0,8.796775230013314,34.82978641828902,20.416157907661592,1.4168196097139145,1.9127678910547705,1.0,1.0,1.0,1.0,1.0,1.0,1.0,1.1566202246007824,1.2713026268707301,1.3728893200315335,1.0,1.0,57.76005215888942,1,1,1,1,1.0,1,1.0,4.005632690205784,1.0,1.0,47.32771016249258,1.0,1.0,1.0,1.0,1.0,1.0,1.0,1.0,1.0,1.0,1.0,1.3455761223478917,1.0,115.93299273556373,176.6715871433695,2.0022960373640433,1.0,1.4616560801319651,1.0,1.0,5.080816609655284,1.0,1.0,4.648825751890472,1.555427891288506,9.006868291917609,1.0,1.3060973784847134,1.0,2.1483825248509434,1.0,1.9654921715311418,1.0,1.0,2.7665552455284974,3.335914228221988,1.0,1.0,1.0,1.0,1.0,1.0,1.0,5.491154679774322,1.0,5.764453911071545,1.0,16.02436627532002,1.0,1.0,1.1935492806310635,1.0,1.0,1.0,29.67277060306928,1.0,22.382272717744222,1.0,1.7915736851212867,16.299971511621067
TEST_04+6일,3.4222273983670695,16.89675749772026,3.223485374579031,2.4921879362414128,1.0,1.1637946896108111,16.24297637041927,1.0,1.38717371208139,1.0,1.4300358482897646,1.0,1.0,1.0,1.0,1.0,54.8231311216414,1.0,1.0,27.040645286667708,19.446769863204416,1.0,1.0,1.0,73.64672150247753,18.602649432043222,17.16800557444264,83.895006325742,10.583010072542303,1.9578367386327802,2.898528410494208,1.8171701385154964,1.4047752154816981,1.4834183090739548,1.0,2.775518372703994,15.10537144314515,4.235353922813347,1.7374059973177904,28.8575201223557,6.606876754861473,3.2811860525189993,1.0,1.7364466667048983,1.0,1.4024799531906897,1.4142114172691345,1.3529488756533725,1.0021221336505057,1.5992116409691228,8.40734836393125,1.0,5.05455531119993,1.0,3.704373262340941,1.0,1.6660144190425679,1.0,1.1456274522294398,1.2338003047372499,6.084919500226402,4.737626148884148,6.928946388377138,6.383362785384308,7.968830977855819,1.0,1.3003708079983025,1.1900378597726222,2.5829115845675537,1.0,1.8387773460409886,1.0,1.110698832367837,1.5307289993183106,3.0597941184261095,1.1313253855543572,1.0,1.5729186037857636,1.611357181825381,2.8795404125104085,1.3440977400749976,1.1475696010801935,1.1164512403020397,1.5153543018128945,1.5913858141955404,1.650597823788487,3.1228168710658712,2.395962253227958,3.335230851681937,2.760585995800481,92.354311014839,1.1996168321355565,2.6137412409181406,4.093636245870546,1.0,1.0,1.0,1.0,17.77608532055267,3.8904036786265386,2.0920357497902042,1.0,9.74635213410237,1.0,11.031113751220865,59.59861954497143,20.59895013285558,2.8940481629061217,2.814948548054579,1.0810724115210015,1.5674345197878512,1.0,1.353789682750116,1.0,1.2086382039341057,1.0,1.706662126198615,2.0548217327272718,2.384360665434037,1.2002649544312112,1.0,34.28719081088599,1,1,1,1,1.0,1,1.0,3.607703668607214,1.0,1.0,78.41293325662551,3.1061618235903463,1.2249831845334203,3.2615385351034156,1.8995721060035582,1.183503161596387,1.0,4.134290148042198,1.0,1.0,2.8554932284487267,1.0140518064165545,1.2602016395663664,1.0,193.95618154325598,154.33082714510934,2.667849177226625,1.0,2.2353276492251446,1.0,1.0,5.589765242556944,1.5099687180262633,1.0,5.067896462063036,1.590382629693382,17.781672446293705,1.0,2.2466253101450286,1.0,2.3920314675179304,1.0,2.4336181742473295,1.0,1.076593874646345,4.417402804051955,6.759009330008497,1.0,1.0,1.0,1.0,1.0,1.0,1.2238577524215604,1.0,1.2639966323793828,10.236187049833926,1.0,1.0,1.0,1.0,1.0,1.0,1.0,1.0,77.766056345418,1.0,10.679891571024095,1.0,5.838089489026224,15.05069523568842
TEST_04+7일,7.316841518217304,7.327883610672412,8.164279350684305,4.766737834968997,1.4929729774281277,1.6634884762894253,1.0,1.0,1.5046186770721512,1.0,1.500879400693314,1.0,1.0,1.0,1.0,1.0,18.158047422077907,1.308573882206092,1.46430707719772,4.4775736026652115,7.200051355866459,1.524058790757802,1.0,1.0,1.0,2.3776374425975426,23.452869256251667,38.046801038250806,12.02372661704966,2.7128352823759707,3.5968150646167025,3.4707926131622413,2.167995052119221,1.6008226309582048,1.0,3.699736535326369,30.044518997318214,6.838802557440822,3.02798023426966,32.047552018749286,24.588594045806094,3.0008507950202237,1.0,1.0,1.173863933645907,2.5698249340265344,1.9539069698056832,2.3903441315278,1.245943055120716,2.398606418029706,8.682363975120996,1.3488346937561275,6.210173096237217,1.3317396666252612,4.55257749579223,1.1090623132538004,2.71766854532892,1.3030551011122338,2.014549212237324,2.3178917003258235,8.484951628964012,1.749085848247385,9.986844867919018,7.763514260213056,10.844561880594789,2.243687653504832,2.7805248792071575,2.0897966191968576,4.262109321779799,1.2294177821394383,3.3214008315339454,1.0,1.9724249408445016,2.009596701321794,5.023920966931437,1.3350620818881782,1.3211154743272162,3.0992214611624553,1.9098290802658655,6.023338756074782,2.253934657946676,1.6938299848377867,1.4599417940134267,1.8471773769438387,3.0201168581490108,3.0996918070288197,5.05271496126085,2.253283475951485,4.55242042801638,4.411050377497935,6.784885363976291,1.7953824101647229,4.642435538930236,8.15689339331833,1.0,1.647059341788676,2.1313270005224285,1.0673632613968058,15.957209633739208,8.320145081147157,4.263756060710231,1.1942737374435892,8.753940953432297,1.0,144.2606839125208,1.0,13.383754976016933,5.69541633536405,3.756737972504613,1.4618262601642402,2.940712440060153,1.0,2.4983035599382326,1.6772179851694289,2.8446139390368694,1.1810150418411722,2.3180850292332402,3.4955208649553464,5.240518593659964,2.165006196871847,1.0,6.2006112896363925,1,1,1,1,1.0,1,1.0,1.764964842475027,1.0,1.0,11.318330165834752,5.259035181254276,2.023271820576678,5.259959979623632,3.9204062183940014,2.0395080471206946,1.0,6.436804927156182,2.009116283605368,1.619466813161519,3.647058983060149,2.406677280015529,5.218968893172999,1.0,62.0791898200544,16.091328017227145,5.960440431439863,1.0,6.6654415015010615,1.0,1.0,10.179190866188637,4.2237910356312955,1.0,7.106299055297143,6.412209060914545,7.699846532257511,1.0,6.652392198697916,1.0069474615592282,5.74851777182627,2.8500251594837502,6.041358408378553,1.0,1.5252983200907102,7.670577055805403,29.55866436646187,1.0,1.0,1.0,10.83471445096722,16.13294853528794,1.0,17.837720186485946,9.951887439010456,4.018262000729148,29.66530710385761,8.444400618789508,6.598869881981921,1.0,1.0,8.282087988685056,1.0,1.0,1.0,18.99040659864799,1.0,26.127489416003243,1.0,6.584636631554178,3.62789992929401
TEST_05+1일,3.0446063399088477,1.0,8.27098494677741,1.6750593422997104,1.0,2.3085269957706926,4.9446743757080505,1.0,2.2344232701189712,1.0,1.0,1.0,1.0,1.0,1.0,1.0,1.0,1.0,1.0,1.0,1.0,1.58079872103902,1.0,1.0,46.50304960133588,4.323406324609927,3.7498219739685177,12.506727793133752,13.91606826415293,4.64813379998145,2.6254396095693906,3.1566358591977903,1.6386004262744862,1.5412425353554517,1.0,3.268803355684411,38.334808826989544,5.268496056786818,2.275810363165613,28.194939519941645,27.6889253863372,2.3090245407855847,1.0,1.0,1.0,2.3612219371301872,1.0,2.798197776718993,1.0,3.7893899631787575,17.53550394422078,1.2379131936361714,8.318594933383205,2.0269052438201536,1.9837770672086914,1.0,1.0,1.383088160660121,1.0,1.1096218659581911,23.143449691702067,12.63166485269133,10.815621763517257,17.292366726917102,4.83508979756375,1.2795335259200198,1.0,1.7246975238633864,4.412222020404147,1.4115151690375187,2.4948368951036755,3.4676392508853917,1.0,1.0,3.3573076841400256,1.1855661412122516,1.0,1.3805642195324603,1.1257743314565412,2.8110067168976682,2.154452603312149,1.2664308245255635,1.0344593971050222,2.0056140245566927,2.762346811754519,4.057744281571517,3.007129265534533,1.9778890003692702,2.9774392653497173,4.115434639775293,4.521024368946122,1.7119559793137924,5.077105263929419,6.732106852326175,1.0,1.4234549989264809,1.0,1.0,10.301861724883391,6.647271899574293,2.722981769886151,1.1793733029966609,1.0,1.0,125.22460506635795,1.0,52.59680655106578,4.1790407380200225,3.418058272154987,1.3452993249625993,5.82932714684304,1.0,1.6969495647239143,1.0,1.0,1.0,2.9156538948642323,1.0280170047672503,3.138099896572247,1.417673338558528,1.049026320504277,4.45425086859641,1,1,1,1,1.0,1,1.0,1.0486561645735701,1.0,1.0,9.721260989009258,6.179045554705948,3.9033483957691884,4.977527785251493,2.595916120576716,1.91393386978547,1.6362982998143656,8.52750019393756,1.762613733729046,1.7359122300737422,2.931573890518673,1.879952685714046,60.8257015516809,63.308119989179346,22.24317282554842,39.56272959923221,70.35188681732983,57.374360083102665,48.21543037544942,1.0,4.993834325649902,191.08626728497006,108.92058067475072,112.42984765976595,62.60468284102787,31.881560520323497,1.0,59.45650498711228,59.41038383292596,9.795763367399239,47.44911559466559,25.971950392999112,95.88201785104292,79.67790775608013,26.576427869517225,1.0,501.6342355798456,236.71678665068418,77.45344920114192,279.7149890948558,56.08734206704004,101.83416972408183,82.45236080862756,159.4711375636442,56.97702165377393,9.175726262593665,132.3310132289673,74.35835888193964,1.0,1.0,1.0,1.0,1.0,1.0,1.0,1.0,1.0,1.0,1.0,1.0,1.0
TEST_05+2일,2.915664099197167,1.0,3.2968614043609348,1.0,1.0,1.6470281848997703,3.1907323536074106,1.0,1.8918503351856129,1.0,1.0,1.0,1.0,1.0,1.0,1.0,1.0,1.0,1.0,1.0,1.0,1.0,1.0,1.0,3.0796271928482377,12.696244912718134,5.595281415255771,8.635202665526105,12.576255919407563,3.0020514192319205,1.9045586302604904,2.3583608128880864,1.0970570853125585,1.001471214369932,1.0,2.3717107132768325,31.975226924086755,3.3700281954569298,1.7243523564055734,19.355913218021747,11.529665390472942,5.804174076683012,1.0,1.0,1.0,1.5235732550350352,1.0,1.624612882423079,1.0,2.2405344260861533,17.38279916101191,1.0,6.385455041167457,1.0952086396010903,1.6486417518351382,1.0,1.0,1.0,1.0,1.0,11.96162428181627,10.470305472852319,5.73492181633187,24.580076229877037,3.5017337172282095,1.0,1.0,1.0,1.9036697198327093,1.0,1.3206438121689517,1.0830113130452932,1.0,1.0,1.6799766991491445,1.0,1.0,1.0,1.0,1.4588975553246024,1.0,1.0,1.0,1.0,1.2010440965362192,2.270437925483288,1.3581255709219566,1.0,1.6684362605780154,2.246181974731172,9.127432972009416,1.0,2.7187466791246866,5.17950156836995,1.0,1.0,1.0,1.0,30.098374597522742,3.432981182029002,1.8437710197360744,1.0,3.168995010920912,1.0,17.476391264284956,49.260568977319366,40.37767920297258,2.4188722816346435,2.317619193374072,1.0,2.977827836425846,1.0,1.0,1.0,1.0,1.0,1.7999530343890995,1.0,1.7066183524968923,1.0,1.0,7.708369629005755,1,1,1,1,1.0,1,1.0,1.0,1.0,1.0,11.717232892268592,3.2727260481590257,1.298976989315222,1.9484020925971117,1.0608763715644878,1.0,1.0,5.710861132611421,1.0,1.0,1.5628337755875852,1.0,40.27719361178747,29.622997366355566,31.53607013025235,61.58145224100605,51.75073151447397,29.850804414084653,30.164992732679828,1.0,3.8228430705590264,130.38474414447,65.23958776081614,64.28948499448813,47.224778216309744,24.6110696033602,8.629544355425935,39.26805817945872,37.90152598948534,6.688873926021199,27.446539459862954,16.214894602320314,72.9847620945708,49.619004569220365,17.407314171687467,1.0,266.13263044647977,146.52493830773503,47.64020572152987,222.29091903337934,32.0126533824321,63.92425001401559,48.48751970602606,189.94842251168507,27.838725534834317,5.718216639967169,116.82382568844399,43.06281056074022,1.0,1.0,1.0,1.0,1.0,1.0,1.0,1.0,1.0,1.0,1.0,1.0,1.0
TEST_05+3일,2.9278635113981144,1.0,4.617666659097665,1.0,1.0,1.9441136343441117,2.9765853256084145,1.0,2.134800956368,1.0,1.0,1.0,1.0,1.0,1.0,1.0,1.0,1.0,1.0,1.0,1.0,1.2277485729593463,1.0,1.0,5.827324463760211,17.73544854117621,3.6521802459301105,36.27696887680085,11.650569858401491,3.2499246821438756,2.1743460146496867,2.3066587693578997,1.182209038000806,1.1265044569520755,1.0,2.3985797735251975,27.753156462732797,3.6675016251490495,1.821289401099367,25.814252954352025,9.569665608530372,2.992555495418477,1.0,1.0,1.0,1.8676574667119248,1.0,1.676586763858627,1.0,2.3941621361973264,19.524279088199087,1.0,7.209991985117359,1.0274048678691226,1.8370530770269058,1.0,1.0,1.0,1.0,1.017942675756224,10.63479652240504,7.190203138783824,4.882590597197745,8.799283339402646,3.8238357683891655,1.2165758059225402,1.0,1.0,2.8839461210302786,1.7650255352249218,2.0136244173796483,1.7087830128691808,1.0,1.0,2.439530024727318,1.0,1.0,1.007802297676733,1.0,2.12065808454257,1.2714199866407039,1.1039982231343797,1.0,1.0,1.6575979353882704,2.7437233794739866,2.1952002892592786,1.2115461701852577,2.1495780800448,2.9055115441070845,7.937293325114556,1.0,2.9329513896251216,4.932077085188763,1.0,1.0,1.0,1.0,15.57846253882472,3.6669425932944417,1.940461332897387,1.0097489984363515,1.1146731010744166,1.1537732765265116,1.0,51.326616005178124,28.89737433956854,2.7608178958430525,2.8689531005331093,1.0,3.2885283184319727,1.0,1.1632871554357573,1.0,1.0,1.0,1.5462135243401578,1.0,1.939027236913518,1.0163710378582178,1.0,16.95829632646963,1,1,1,1,1.0,1,1.0,1.0,1.0,1.0,21.88402210111761,3.2762394055543957,1.6603578024776202,3.0302652087551083,1.7177726590832174,1.0,1.015192825824927,4.548875142726768,1.0,1.0,1.840007571852049,1.0136349988290774,39.857894617112976,31.243516148891576,22.64387942773019,25.35642175432283,58.53666067816566,31.942672434801036,27.621704517359202,1.0,3.3239648038208403,136.98216123600153,64.04392012996814,66.55220442732484,53.92450759565676,20.98038025952732,8.22532909619239,37.97923003389015,34.176426666143364,5.382400875705546,23.077690493996705,16.754011692565236,66.93684127881036,52.58736201525507,15.875750379590169,1.0,317.50153502258297,111.07318879495402,48.388417954385275,148.67920714378053,26.814996303272196,68.5620552613505,53.0542399094834,200.3025495372531,28.852459691279307,6.847188562999597,105.96329089942824,48.38512086731845,1.0,1.0,1.0,1.0,1.0,1.0,1.0,1.0,1.0,1.0,1.0,1.0,1.0
TEST_05+4일,2.997303719479687,1.0,5.285505785945665,1.0,1.0,1.6307496494935432,10.643122326656263,1.0,1.6115458298921328,1.0,1.0,1.0,1.0,1.0,1.0,1.0,1.0,1.0,1.0,1.0,1.0,1.0,1.0,1.0,17.237072293963646,16.528516845974927,1.0,20.044447408100364,7.7745804492739445,2.340348260727114,1.7999760104413907,2.018356833722278,1.0336960386544545,1.0,1.0,1.8887565041569707,22.078142691309544,3.2707827903853937,1.4835906166932462,19.876501166371348,11.416431532657525,1.5019963102572353,1.0,1.0,1.0,1.3864698784583336,1.0,1.2444899975721428,1.0,2.0761687345615405,17.966152181974866,1.0,6.293819993188503,1.0,2.1647345884924265,1.0,1.0,1.0,1.0,1.0,11.342337087955759,8.043887344353356,3.735600754949706,9.587218200543518,2.955535616043103,1.0529166857053207,1.0,1.0153317407981104,2.8564045409998804,1.0819671408535547,1.6112367389686066,1.735442218834893,1.0,1.2765216534122499,2.497294651422944,1.0,1.0,1.0,1.0422404366799813,2.293234925872493,1.2335753583244233,1.0765574688907957,1.0,1.0,1.6180478939346195,2.194736402539089,2.171401328626714,1.1170577469120664,2.144032058337983,2.65195495294189,9.060921444871823,1.0,2.3969023435389754,4.295662335682163,1.0,1.0,1.0,1.0,24.83080405675318,2.4578179858458524,1.6341889661543876,1.0,3.2290359865671654,1.0,1.0,67.34439654261885,32.438340962561924,2.4045719097297287,2.544349086649318,1.0,3.065011604345713,1.0,1.1447990453305483,1.0,1.0,1.0,1.4658577387200606,1.0804707625909624,1.9345504632086346,1.0,1.0,28.713667026078497,1,1,1,1,1.0,1,1.0,1.609509250783658,1.0,1.0,12.461232006606277,2.698793833446959,1.2938690864188853,2.4360405406093055,1.0356980817600994,1.0,1.0,5.0702683799394075,1.0,1.0,1.993257073099398,1.0,39.586534862550366,29.630301989861458,28.819972783890485,71.43395690037993,57.81226576530539,30.33831507393665,33.19722651648594,1.0,3.61749182503834,146.759570261355,58.261120543903615,68.9739369295038,53.77838266106699,15.995826780510672,16.09224179030022,44.25267545204866,37.997429843129396,5.445373126311269,29.037612075612124,12.275065128815225,68.28249994247966,55.972006838717306,13.665112484072125,1.0,375.9462143717429,129.03219626421978,39.53889000038279,260.0712886388376,27.51598670514829,61.0942272379489,50.857356622662536,166.19689093345448,28.637017609167835,4.817880984336247,105.00064204857023,42.81864656089554,1.0,1.0,1.0,1.0,1.0,1.0,1.0,1.0,1.0,1.0,1.0,1.0,1.0
TEST_05+5일,4.350759652945688,1.0,6.75697787633207,1.0,1.0,1.9179128382654875,35.89194471602494,1.0,2.0746002004042974,1.0,1.0,1.0,1.0,1.0,1.0,1.0,1.0,1.0,1.0,1.0,1.0,1.0,1.0,1.0,32.65567544629816,25.831184041584986,2.313718110931689,33.209540847132246,6.474609516776254,2.5749510838165763,2.1655030740995063,2.2879819812581323,1.3417928215567627,1.2773374579802013,1.0,1.9910776557729029,24.52329115013608,3.8022670644615233,1.4237416204077606,14.965793699276297,11.53290677939624,2.4506812064384884,1.0,1.0,1.0,2.031207379077792,1.0,1.4042611651813175,1.0,2.2156142526065494,16.793794202926055,1.0,5.3687192886443285,1.0447300316454626,2.017947919755032,1.0,1.0831611105685668,1.0,1.0,1.006870737725766,15.949077505345349,6.27640738608648,5.003087167000398,8.288944384369906,3.615770806679541,1.0,1.0,1.0,3.0569145990982536,1.0,1.7264231118660915,1.648241925526843,1.0,1.4183631696364214,2.304051066526163,1.0,1.0,1.0,1.0,2.141984194465685,1.5296475380328156,1.253336103217172,1.1134384278738751,1.6651338673874962,1.6585507922565128,2.888803779329897,1.7276006797111463,1.267515998068094,2.060371631602981,2.5798290226628584,13.082332312157353,1.0,2.468870058543502,4.718627358806441,1.0,1.0,1.0,1.0,24.347430635629927,3.4941906827781737,1.5765417151843693,1.0,1.6431906202433977,1.849161566558096,14.942443523656372,84.49588139965232,42.277238800138505,2.7099376036459835,1.837450281397075,1.0,3.357796730998846,1.0,1.414438403136234,1.0,1.0,1.0,1.585182242909589,1.0683628017635838,1.9610391797826074,1.0,1.0,51.83242725453444,1,1,1,1,1.0,1,1.0,1.8774232813601928,1.0,1.0,53.52853455941903,3.0943703079849416,1.8667549146681806,2.243371010239346,1.2406289838209605,1.0,1.0,7.085700717834026,1.0,1.0,2.125473189641223,1.0,49.136269486281535,36.85976324754786,1.0,129.04869613080697,61.69627627024056,35.518655504396534,40.29029844072039,1.0,2.9247976759816066,164.03283903085799,78.46383206201736,63.27031417067401,56.23672917698931,16.652992392273344,6.321370918542309,51.3704138821729,49.181944110039225,5.048558818834704,32.687839940674365,12.524396127063644,72.49970463215388,57.65573127827695,15.416188822840756,1.0,317.4677108303825,154.7907136268575,53.3365669326081,237.32676564051414,20.8918081219563,64.86716607631772,69.33090709891722,185.360015284894,41.026517096577315,5.591064283622845,114.18361705812792,58.48155047419236,1.0,1.0,1.0,1.0,1.0,1.0,1.0,1.0,1.0,1.0,1.0,1.0,1.0
TEST_05+6일,2.686223221511543,1.0,5.4575738374580185,1.357199913475796,1.0,2.908641217281222,7.191689238768181,1.0,2.6292465447783706,1.0,1.0,1.0,1.0,1.0,1.0,1.0,1.0,1.0,1.0,1.0,1.0,1.3664047478948915,1.0,6.230646643595416,20.451348335812224,17.318640171840176,8.313061905227665,36.325925102580555,9.871903023361929,3.023382920779362,2.8158976310594066,2.7993573606536524,1.8769672974091833,1.8943373802884382,1.0,3.583414511154297,31.260342392379496,5.364873103739275,2.7089535020647455,23.148543286559672,21.777133558004447,3.3508014298257747,1.0,1.0,1.0,2.6469063708905667,1.0,2.481559191816631,1.4562927655466804,3.8288409161655825,19.884282996720373,1.2945084817944732,7.977914509496076,1.7256687828929071,2.5090279516920377,1.0,1.875526094374778,1.5018809232551142,1.0,1.6273971025973037,20.928799251130844,9.82563252301302,7.4445545296802305,13.539384026415831,3.718049935938372,1.1085341807869251,1.0,1.5270086917716548,3.380130366033745,1.6459309947798504,2.5693861552201405,2.777086027796397,1.0,1.7077660981865375,2.9447453483466752,1.3186789901175688,1.0,1.16975865592023,1.3967976720252226,2.8478376156304988,1.8662187470434035,1.6738584015375162,1.6177057001596475,2.0784790236076347,2.614690624993073,3.198047596112283,2.6247607382905436,1.6620186441107672,2.8530014147048437,3.7088656516913074,15.484496651321454,1.4960328769084599,3.4317852590725257,6.855130371770246,1.0,1.4164148523609623,1.2398609979213613,1.0,17.005954333580224,5.134245503172482,3.636117517665121,1.2725136950925262,1.7610751356960648,5.541402373132407,22.995774603532027,74.76238382655907,31.94721501610845,3.9528846472746197,2.939841484896789,1.323374128467414,4.824381856641178,1.0,1.8261850835150215,1.0,1.0,1.1061550178602977,2.6489683716174266,1.8511525813789813,2.568419391906041,1.4427391085464045,1.0158380926087691,33.88501427965715,1,1,1,1,1.0,1,1.0,2.1707636741724987,1.0,1.0,65.80772890927423,4.168518298539552,3.384708717312326,3.3709600444815133,2.271683176538385,1.5673209690719998,1.624527429073053,7.925381453916744,1.4558025926758744,1.5277563485604726,3.3818855297267802,1.7674962157952478,51.473508310265814,44.36184139284328,27.15320743676167,56.4419628248868,67.47908581822404,42.146755853211104,45.29067923900722,1.0,4.734985224099869,198.24581755166946,90.17736052700516,81.79369880162402,59.45544306592309,22.388514779326222,41.76465997612077,51.89796263907279,52.35153975769164,7.612619086041288,39.02401412210348,19.805357348891306,78.35123003710864,62.56365948297884,20.588136100851486,1.0,637.4208051197206,242.100268359514,67.5295893043097,404.200777642282,33.80300444356773,96.75680516437868,93.38858192136419,188.72900656309457,46.193966331462754,7.789045966535931,185.49375954527028,74.66943906264227,1.0,1.0,1.0,1.0,1.0,1.0,1.0,1.0,1.0,1.0,1.0,1.0,1.0
TEST_05+7일,3.6397155524121367,1.0,8.839550343170638,1.9593225583761116,1.0,2.894757748747737,1.0,1.0,3.3619012791008522,1.0,1.0,1.0,1.0,1.0,1.0,1.0,1.0,1.066266338660801,1.0,1.0,1.0,1.5970178930519603,1.0,1.0,1.001551918797891,2.4090347427129934,11.860939524697002,27.814017292151977,18.481282549803407,4.855522844006891,3.2569441792758806,3.7231226192449096,2.399829585543121,2.3962465243931907,1.0,2.9848729836189576,53.472433548272804,6.855695423420839,3.046907959301343,38.5297889834052,17.91350470139598,2.665761147137123,1.0,1.0,1.1519951652562017,3.518612325237166,1.0529860065723304,3.3893686228408373,1.5472323431804953,4.097149828996507,24.84554506004379,1.5715923306275545,11.56449302340683,2.3614438144757512,2.7658801969642486,1.1373674831384788,1.6000569106609892,1.7996735838429065,1.301148767149424,1.4695738055209762,25.838995691536912,14.396440660159334,14.109672668791907,16.985603130515866,6.698891774579182,1.5863616900457513,1.1331816662302328,1.9445903566853138,5.421093799451292,3.452955810944032,3.3600886044049205,4.147136675040546,1.0709133706087242,2.0335445866753705,4.482844979842591,1.3761495759436242,1.022264997794712,1.646855711631888,1.4381364671944163,3.832995977368469,2.444694911781643,2.148821604806461,1.861029495923122,1.9055437954801406,3.0899762071016403,4.877051449782458,2.861560848424677,2.1588281110878804,3.4013731101368014,4.933873883003194,5.173619184952658,2.14755905717783,5.803952148430783,11.848916290867122,1.0107372792698834,1.845124028716568,1.2915784708148328,1.1384293244624977,4.143811621110977,8.189297352807309,3.523992765949176,1.6511615511704623,11.073772072161542,2.6275729187527146,91.62111765117925,2.150630007009151,54.40180315754651,5.622418185298783,4.888102078080632,1.8191769154036495,8.135277726136515,1.0521479638554547,2.2959284599827954,1.0,1.2272259925548,1.5359990569658484,3.482629067323807,1.8231548391865826,3.679789083842555,1.8525069025532337,1.7919616883754799,10.047865632046552,1,1,1,1,1.0,1,1.0,1.5965839864285063,1.0,1.0,10.532810924085425,5.8044575261271945,6.010667794032537,5.996558740875782,3.223342615941797,2.435671915567368,1.8154431019488084,11.970904086930384,2.1891468867676735,2.648564633567548,4.204379741365079,2.633274790792944,98.39658581129584,83.18623865687384,26.209357972606036,14.737868745394737,113.21821863482806,75.79292762647995,73.78210312944653,1.0,7.149775772275849,324.0570846038958,170.8796037280203,144.83955738754136,107.28766371225304,42.496996556072126,1.0,98.24206406683642,101.23662413875174,12.169832037988563,63.28683217125618,41.230010012643035,138.83419125072157,110.04124501554662,42.3338109305395,1.0,768.4191879379773,530.7889163214563,130.91399428516732,580.0722462099229,71.80632782634612,151.55824668742918,150.14620722767597,333.66633457569446,75.86330006622796,9.550751653396292,224.23093536914968,133.89972455389236,1.0,1.0,1.0,1.0,1.0,1.0,1.0,1.0,1.0,1.0,1.0,1.0,1.0
TEST_06+1일,1.7041033574478268,1.0,6.978463914159752,2.1005806459133423,1.0,1.0,2.5509364405420447,1.0,1.2828490386981182,1.0,1.0,1.0,1.0,1.0,1.0,1.0,3.1093032095849136,1.0,1.0,2.3219823602750664,4.821924836949604,1.0,1.0,1.0,7.563423996815551,8.395173770658426,5.173914557065535,9.043617454636713,11.587285534594798,3.873160609672098,3.6208055682515554,3.233438116264121,2.8498845448042243,1.0352750476248005,1.0,2.6374730382917124,36.95786025614879,7.1484297860417865,3.5347571931538475,22.82212780360826,17.770351108519648,1.0,1.0,1.1883574793433904,1.0,2.2305864518920258,1.0,4.174748651181094,1.0,3.9654627954331128,25.916066502048523,1.2692325364309032,10.409565213674952,1.0,2.770981195454122,1.0,1.022876882122121,1.4070920649924648,1.0835006799067357,1.0,18.112495624859086,7.913942991787469,4.4231618862833555,12.904679173444556,9.598234141463847,1.0,1.0,1.4612359762342053,3.664354516577032,1.0429949534919698,2.5504060927910888,2.6902067751114007,1.0,1.0,3.0549512841289745,1.0,1.0,2.0260629384056505,1.0,3.4929708099002443,3.1038406656137485,1.3587831295703574,1.5995352640603029,1.66495019852857,2.0238640149222746,1.6662786271036505,2.7647254139028155,2.158186685894596,3.175936076059311,3.74297843570687,1.0,1.134248346891449,3.965756461158609,10.03592664314176,1.0,3.2454536600963944,1.0,1.0,8.089204571319154,6.0525233220475245,1.3470015993753426,1.0,1.0,1.0,52.563236583762524,14.083297880429743,26.576839800189536,4.954351589851431,2.1718757227366843,1.6081209344333254,4.650835701227887,1.0,1.4717750728507457,1.0,1.0,1.0300745617346072,2.273872015945,1.0,2.3715334546412548,1.0090696064778475,1.0,1.0,1,1,1,1,1.0,1,1.0,1.195313447569458,1.0,1.0,1.0,4.7135473134546535,5.58921760622718,6.559371035846155,2.5011431955689614,2.589682513093218,2.235822083651145,10.018738309827338,3.6780505680437443,1.3302972508406843,4.239142716239166,2.0417276151693198,69.76408210964169,57.58225419442554,73.37524843772209,26.544369963454947,66.94200662492278,70.00582145981005,47.49352658511116,44.875538559871174,6.770338713385043,199.5582551929146,183.62764883893666,145.3090455312361,62.5001345056193,23.41722879922419,1.0,56.60139054187497,61.64243395699411,5.230194384009523,45.18528423142979,22.807207702128956,85.0364685347127,83.43522604785215,35.32650290413369,1.0,417.7619183419904,282.2853581974774,66.85061383405873,227.03438820969458,42.881539074426996,79.19810474215024,68.19174812117375,204.17750836145433,44.08874187785735,11.907472094706963,103.43744925665698,84.19295841124924,1.0,1.0,1.0,1.0,1.0,1.0,1.0,1.0,1.0,1.0,1.0,1.0,1.0
TEST_06+2일,1.1364818078675165,1.0,3.5904711374721883,1.0082434213792517,1.0,1.0,5.528037734184375,1.0,1.0,1.0,1.0,1.0,1.0,1.0,1.0,1.0,6.0826267190449785,1.0,1.0,21.338580059445643,4.692431180268279,1.0,1.0,3.1898035735907593,5.586231919317518,5.825330886179675,5.982762873315176,35.20596501349364,7.891125443680101,2.24437962880131,2.5206953851006606,1.8192144427199144,1.5562865788338818,1.0,1.0,1.5652845792504386,15.422129590293824,4.095710783967857,1.7896149092563511,16.110891857979947,6.79980528636937,1.0,1.0,3.8197751995741367,1.0,1.3329512061284021,1.0,1.7093112247796776,1.0,2.33519388637898,13.17567414538923,1.0,7.984872272786651,1.0,1.3555492058472898,1.0,1.0,1.0,1.0,1.0,8.505511002734838,6.544924419935281,7.657919088392132,10.080061550499302,8.05079190253695,1.0,1.0,1.0,1.4225715833547414,1.0,1.0,1.2009011197871597,1.0,1.0,1.2762872645955314,1.0,1.0,1.0,1.0,1.3445875890123602,1.1194714553224798,1.0,1.0,1.0,1.0877615248039545,1.0,1.6015294397005497,1.0,1.571031829554971,1.8476361992596688,12.69481204108815,1.0,2.531320257904295,6.577829501705898,1.0,2.9737972586384527,1.0,1.0,11.981007845599038,3.4020220321411836,1.0,1.0,1.5648005152559104,1.6340389783481477,21.499372363269945,79.51397904106017,25.81970165464857,2.7886275616906264,1.0,1.0,2.144390500645137,1.0,1.0,1.0,1.0,1.0,1.564215045115052,1.0,1.3057930575828338,1.0,1.0,1.0,1,1,1,1,1.0,1,1.0,1.0,1.0,1.0,1.0,2.3543877317781123,2.1412205089588383,2.9927644896741987,1.7093794641388613,1.2037382898291742,1.1224848684820157,5.9459368470540905,1.3970565691666867,1.0,1.8249230230501952,1.4634883769043394,54.554298691707544,23.60455539161203,30.50529915142004,9.878342976505175,39.94181001063279,43.39125721717186,29.844888117690225,21.739905502115544,3.1429508634775396,111.42246000347745,79.58556726567927,67.57195061471579,43.985717722909,13.781554700507442,1.0,36.066318725362606,42.12884113646357,3.2197031391714335,24.99617654253236,12.352763853322893,44.435476245490904,44.94908696168928,18.35794168657397,1.0,148.20182797875776,88.77978802514005,35.077508122967565,112.05586333967395,15.555210700211621,39.28482119629244,22.38165705871699,72.4299261220792,18.75465919748416,4.492204462108878,46.74550054422065,39.91275031730661,1.0,1.0,1.0,1.0,1.0,1.0,1.0,1.0,1.0,1.0,1.0,1.0,1.0
TEST_06+3일,1.3907024682639841,1.0,3.5216080317719576,1.1709005561716619,1.0,1.0,14.857828754455245,1.0,1.180175621540259,1.0,1.0,1.0,1.0,1.0,1.0,1.0,11.696524176068117,1.0,1.0,12.835561489030475,6.866417244908966,1.0,1.0,2.132027916719709,17.138647222989263,36.64314600514073,5.79317468728482,38.02728011362295,7.488642698721511,2.64290537288664,2.9845217569099045,1.8609029826047705,1.5825756603081118,1.0,1.0,1.6831737571337797,13.288465954354972,4.7617893928900985,2.0558598404791066,11.712054257812563,9.799605477883897,1.0456748067975488,1.0,1.0,1.0,1.3963116583602615,1.0,2.267957654964829,1.0,2.325840246458873,12.601651830472644,1.0,8.0681494687093,1.0,1.4052077854162295,1.0,1.0,1.0,1.0,1.0,9.833676202789759,4.35223324179062,4.8588913238398534,11.144563215685123,8.692610358981264,1.0482789993316035,1.0,1.0,1.9656028746272085,1.0,1.5517159397226918,1.6395341226145295,1.0968986626136217,1.0,1.8841143165107976,1.0,1.0,1.0838845553638032,1.0,1.7887816457431271,1.5243766023735126,1.0,1.0225649784489543,1.0,1.527709620930452,1.4931870310453172,2.3581322021067472,1.1595945284826323,2.2450903979847405,2.5845602538843,38.73613444573884,1.0,2.1396881771126086,7.217500568927732,1.0,2.9570477590898445,1.0,1.0,9.690366258603303,3.6055513903696577,1.0,1.0,1.0,1.0,17.47363504989686,58.57305830438632,17.031607425900372,2.5668845728421457,1.1427131109759376,1.0,2.080045403879221,1.0,1.023769749046431,1.0,1.0,1.0,1.5947266436344978,1.0,1.5158391775614877,1.1416906507695725,1.0,1.0,1,1,1,1,1.0,1,1.0,1.2067102628264101,1.0,1.0,1.0,2.437204364230679,2.542693232906307,4.31332613480341,1.7532616808396921,1.2354776236479468,1.1333265191176387,5.5970391633227194,1.368144214177364,1.0,1.8376259251994447,1.7012083109739111,40.47664017926884,21.45248040084434,41.40338431188691,48.26032415871916,40.43342468391009,38.2127481567854,27.015416507301243,19.151832826191878,2.8607739376557912,84.30320545197819,69.83650017422637,60.617101262193316,31.759757067285975,9.975400915868995,1.0255938301663117,28.717652917244703,31.416749471521886,2.596336637877899,24.330192907304884,9.102805115051174,38.44018430582909,50.50687120634326,15.436845773229015,1.0,168.76023323907086,94.42775964065767,25.017787794961656,97.64924277093094,15.240205279353368,33.59098110945605,17.15801177599073,59.46721396556801,18.703430205405155,4.96755376967796,17.18071915233972,32.12981894471656,1.0,1.0,1.0,1.0,1.0,1.0,1.0,1.0,1.0,1.0,1.0,1.0,1.0
TEST_06+4일,1.3507177835243445,1.0,2.5711528682209495,1.1553402523752059,1.0,1.0,5.690373968949281,1.0,1.0,1.0,1.0,1.0,1.0,1.0,1.0,1.0,6.6391773881670195,1.0,1.0,8.123688729333635,6.220033025317691,1.0,1.0,6.819600555537736,9.678048261284488,16.090028075200003,12.013796841437003,16.88664280460498,9.500212332112854,2.3909502655442205,2.449020537638281,1.7972952799419128,1.2731730390484999,1.0,1.0,1.3028120380090304,17.126431001634035,3.979588360449698,1.900856582361326,19.071405158461815,8.95037805346268,1.0,1.0,1.4277455998749748,1.0,1.3736219349314756,1.0,2.1099362487852824,1.0,2.3274495823750945,10.80941949152373,1.0,8.619921925080778,1.0,1.199180587442793,1.0,1.0,1.0,1.0,1.0,10.15170581354343,4.716027514938836,1.9500232567776308,9.488378869863451,4.730702029945441,1.217681630864431,1.0,1.0,2.022972709576078,1.0,1.4152966251587284,1.4722885585144214,1.0,1.0,1.7155981209540072,1.0,1.0,1.026096218883814,1.0,1.6525296268152756,1.497838309416537,1.0,1.0590101686136255,1.0,1.4640047361204886,1.3607921872313642,1.7553749895122694,1.145744911438489,2.348830647608727,2.419358464849855,15.740745633654925,1.0,3.348538116732234,7.4084892294639895,1.0,2.6631966758031527,1.0,1.0,17.17382773308702,3.2014283671971415,1.0,1.0,1.0,1.0,3.483130658398476,48.26526469033274,21.364875569782054,2.774392763691605,1.0499446568225155,1.0,2.267231731752384,1.0,1.0,1.0,1.0,1.0,1.1094816799409242,1.0,1.2638690183951904,1.087930631160388,1.0,1.0,1,1,1,1,1.0,1,1.0,1.6391932729074736,1.0,1.0,1.0,2.135851036831796,2.387887512217271,2.7444715417786663,1.3148897943361262,1.142224008124072,1.0,5.8671644073276,1.2450899272053224,1.0,1.7727789259500664,1.4426908562580565,37.67396889885515,20.480149588929716,58.87219158912111,59.28856850676223,32.8589046735611,27.21583585875137,24.77445098140312,17.071949171204114,2.486892747783857,97.30921880148952,56.40111703994303,61.129688103994155,24.682524522341136,10.384293530639717,4.377445848747098,19.19968496320119,25.18903700740105,2.0314039858165556,24.39731288605372,7.23901909805695,33.721215754748215,33.31633244189335,14.266019025653115,1.0,174.139468791225,96.96319441493827,20.44598799794209,102.72681950382321,15.35456992062692,30.74755303963014,21.31821113753321,57.25950096842769,15.813333907904685,3.1319330080485934,26.711880648100554,26.251632348643902,1.0,1.0,1.0,1.0,1.0,1.0,1.0,1.0,1.0,1.0,1.0,1.0,1.0
TEST_06+5일,1.4701031249457426,1.0,3.4484384007944877,1.29347915476508,1.0,1.0,22.740127573817396,1.0,1.394933426968972,1.0,1.0,1.0,1.0,1.0,1.0,1.0,14.382534534027434,1.0,1.0,32.410643317118314,18.354339764023088,1.0,1.0,1.9838201600587169,7.6717304589571675,35.51115977411753,9.126868604705262,32.22212229695539,9.375959810955036,2.930331671412274,2.8361329701650195,2.1976773378301133,1.9880014316208858,1.0,1.0,1.9291646485737077,21.316734410947404,4.339696692991245,2.214347022130023,31.325727612157742,6.77568789174796,1.0,1.0,2.1517725193295067,1.0,1.5610317560766416,1.0,2.502641215042797,1.0,2.596767520730941,12.896650703253531,1.0,9.147303628749661,1.0,1.5350559171301728,1.0,1.0,1.0,1.0,1.0,9.848002174111786,6.69603930649151,4.747628277751323,9.556452459285483,4.936480312143524,1.0,1.0,1.1011988883085058,2.4720818697891715,1.0,1.5768346511726659,1.9614340793245923,1.0,1.0,1.6800764175985532,1.0,1.0,1.2579297189779088,1.0,2.161462700664128,1.7202986087871093,1.0,1.6104234326223874,1.0,1.8479016780379478,1.9683471576340694,1.7185929291626936,1.10306731510828,2.1948029133096614,2.883360330978773,37.14764338362073,1.0,3.509629983846663,6.152086915961468,1.0,3.2033715414895347,1.0,1.0,10.804229971142775,3.3555542480821776,1.0112257962293432,1.0,1.4163731425972004,1.0,14.147079584173639,82.8427038278106,19.551482802490508,3.0777811264353963,1.6394507890156023,1.0,2.7036676830914748,1.0,1.29830064852381,1.0,1.0,1.0,1.74486970953257,1.0,1.4490936048760439,1.3720840461983705,1.0,1.0,1,1,1,1,1.0,1,1.0,2.394087912641794,1.0,1.0,1.0,2.4233046142302537,2.3752194922368557,3.2680676186731423,1.6783298584237971,1.352294859561749,1.1635102626387634,8.904995952091886,1.3908715559548916,1.0,2.3639414482851135,1.8778261506308318,29.194429861064698,29.379316720890323,60.296593941272505,49.39426031612631,35.30099439799913,28.737652929256083,19.794832509877015,23.724959138120898,2.317321539074884,70.16871911582733,85.09519153732364,72.34072173023469,33.50352439597425,12.172178822283744,4.650107477201714,20.686001533882468,26.761831697278133,2.0043772460527283,29.316674022999578,6.776512430567452,36.69673658652543,41.00891323125771,19.718078275759453,1.0,177.31436904666734,88.29697657433243,18.12351841439391,67.2681605112048,15.94363138708383,24.446276146771268,18.56871970167792,42.26842835232345,19.277347417195806,3.930511204645261,22.725654989677643,23.94665697983597,1.0,1.0,1.0,1.0,1.0,1.0,1.0,1.0,1.0,1.0,1.0,1.0,1.0
TEST_06+6일,2.966885708642786,1.0,4.6944585613082905,1.8265625052275003,1.0,1.5137580721928847,15.049557486526037,1.0,1.565881667894439,1.0,1.0,1.0,1.0,1.0,1.0,1.0,14.77853693264975,1.0,1.0,8.72847661415513,10.39761647852761,1.0,1.0,4.965266100398754,30.318725115718834,51.656812988895794,18.708245355224392,81.13172288787919,10.576019747792754,3.7464062651183805,3.6061681410443427,3.2714589125266924,2.5590368015075597,1.224773718564164,1.0,2.756855029905678,22.698860421060093,6.233368124887969,2.8809429533767466,24.970799723704204,10.538013174531848,1.1700042125252064,1.0,1.0,1.0,2.224840974088228,1.0,3.86669303362694,1.0,3.7445807972258347,13.276823205345675,1.0,8.287670407493366,1.0,2.112567588981565,1.2305993445000425,1.2357302871766354,1.536378487293912,1.3839767926845823,1.0,12.567932708608032,9.555664151136853,4.481849239311868,11.823986768726208,6.065954561676138,1.1562580218814595,1.1156046993813291,1.444458758226422,2.770022796005071,1.0251407967128279,2.2894752988237705,3.0595385494793383,1.0,1.0,2.5117797942883344,1.0511789737395312,1.2885886782322202,1.6804924969603618,1.1535336647816579,3.083827116084717,2.2253870852066973,1.5080771290709505,1.8449719756927643,1.4081272857099958,2.314583185807576,2.7951968082725624,1.7927279169117258,1.6322942511721963,2.640904647496726,3.9313938065513883,43.707959506718296,1.2567018026027952,4.2422456874918755,8.167150077795641,1.0,2.787345871969703,1.0,1.0,9.04027947407981,5.133211314955438,1.5192177140166292,1.2876794473811501,2.116679841609832,1.0,15.656703406756911,66.8786709900537,21.66939328559017,4.546986465594784,2.737022368988045,1.4334406521064276,3.9847167419695304,1.0,1.8495013253375405,1.0,1.0,1.0,3.1947384374751477,1.45031725525125,2.309624101141242,1.6287920929060489,1.1068939859806128,42.85465833989554,1,1,1,1,1.0,1,1.0,2.451474103555485,1.0,1.0,34.77038463816245,3.9200871172450014,4.3398488066402425,5.247884840137445,2.718647508361302,2.2390928465712583,1.7048174987402036,9.614617578480662,2.7571666572748295,1.4074712263013363,3.299062202198459,3.910874277031783,36.57277118215319,33.08155319314753,117.35781079441608,136.78806048142673,48.181270498709466,32.683511758579584,21.56398655428444,28.556491630147075,3.3514933640424966,86.18634799655267,98.50572121666298,92.23809270028707,33.113849176953835,13.36387839992714,3.185392278792647,35.84057712602844,37.29163819126164,2.760439853587346,31.0336375384978,13.638706063763864,52.92773811397415,49.27112018218084,23.488026366494346,1.0,241.38045559316825,176.60832265644606,32.934051176215725,111.66102637627527,17.997734052166866,44.80745080796089,30.007690726183796,98.076520880824,23.587419456882404,6.84653301864792,40.80841216722667,42.35960499034134,1.0,1.0,1.0,1.0,1.0,1.0,1.0,1.0,1.0,1.0,1.0,1.0,1.0
TEST_06+7일,2.169828115962644,1.0,7.159664142101776,2.539367284921184,1.0,1.5912302086881762,7.27749402771933,1.0,1.6589275034018187,1.0,1.0,1.0,1.0,1.0,1.0,1.0,16.99594202885961,1.0,1.0,16.97470533110084,173.11593123923066,1.0738713799178479,1.0,1.0,13.953577503655538,25.891479256098552,3.4230986466283397,26.673288985697063,12.495934248536518,4.640278533904166,4.360039953054097,4.818889653303314,4.531346694175857,1.838307199314604,1.0,3.52891221838213,45.788876427288216,8.651971873028021,4.823622051767352,31.97941918829708,14.117879990623532,1.492460525389411,1.0,1.881105651818415,1.5604010072737418,3.2241171781271976,1.0,6.497085398636898,1.0100663651559838,4.858598095662098,26.49593679215461,1.8981275872180385,10.460951009942736,1.1057862544838204,3.374087205314712,1.0636207867165361,1.4135022618872446,2.0623489265442396,1.7200428875036864,1.0,19.471093434536524,8.99134909926443,8.963793199619197,18.943824251370593,6.879396718936081,1.8486458919869588,1.2578048560082387,1.6845037372656493,4.534804572658052,1.3423798726415264,2.877785360847243,3.5185787619171824,1.5583692261510254,1.2122939529680767,3.417949256198833,1.191810108648205,1.4708394358686572,2.1648478175668147,1.6322308310816,4.376698031630639,3.1960541728982763,1.9271926527023815,2.42092627447275,2.0944524251176655,2.6058491031147217,2.9143230491666112,3.3648787182131756,2.2306363843251833,3.5827638163264233,6.131716909895527,1.0,1.7267012031622557,6.718404462818978,12.515545477359304,1.446714516737734,3.600110446696493,1.4727343635629127,1.1599246168915047,1.7466291392445672,8.794696367933813,2.1097290163040663,1.6640620802197554,1.5703859645683607,1.470412219312661,81.80814548111867,5.469707570194427,34.976183353735976,5.865589553454214,3.204715433169483,2.294971576490344,6.3317068588048615,1.0,2.3387884424313206,1.1848150936155997,1.1080382217500695,1.6197686650854868,3.705515765066636,1.7498425322199291,3.787990022284898,2.1191628963704976,1.469982209975305,11.203495958491182,1,1,1,1,1.0,1,1.0,2.9454995423480543,1.0,1.0,24.903381078461145,5.44450483258201,7.843537807498333,8.42257912897229,3.3845909372544005,3.907228164897152,2.7714263206823633,14.513868558132756,4.088379501018425,2.238886400337392,5.544959616380181,3.5266512860016945,64.36836479390715,37.14413541270547,84.85228224617714,22.320807054031,61.06650191972439,48.230254840191456,39.34945197126845,37.879339237866645,7.27138512737973,174.2145164475191,210.61186077026218,205.62477761825622,54.51337991808452,19.870809677089365,1.0,55.859065557109446,57.687831278671815,5.160799339616594,47.084021211371876,24.132071638715075,78.48905315142106,82.44139701837608,29.283636779106793,1.0,365.10904254227444,211.88595694047277,46.65886743303192,130.98652010567633,32.64271894273212,57.03148653432356,41.595317977360075,160.87038087936025,33.930214225983114,13.621900599997304,53.91691882438001,50.94544703965151,1.0,1.0,1.0,1.0,1.0,1.0,1.0,1.0,1.0,1.0,1.0,1.0,1.0
TEST_07+1일,1.0198257119408014,16.96284923847264,5.062142752465041,1.9676299053888908,1.0,1.0,1.0,1.0,1.1203814364853217,1.0,1.0,1.0,1.0,1.0,1.0,1.0,1.0,1.0,1.0,7.251284321605825,1.0,1.0,1.0,1.0,3.9975987480929875,2.1227385722276897,10.596756260863266,7.398983975923953,1.5891346080408348,1.4368858828099695,1.0,1.4831197063077277,1.2225795078449007,1.0,1.0,1.2693462532504167,18.68222301018025,2.345525363890151,1.364613299380576,13.656006015260054,4.533708484985537,1.0,1.0,1.0,1.0,1.0,1.0,2.424960639338631,1.0,2.5169964203726654,8.847022151105794,1.0,3.3576009561436226,1.0,1.0,1.0,1.0,1.0,1.0,1.0,6.668982404827634,11.411134966642821,3.2244359215112137,6.925876967685351,1.9796960237441332,1.0,1.0,1.0,1.0,1.0,1.0,1.0,1.0,1.0,1.0,1.0,1.0,1.0,1.0,1.0,1.0,1.0,1.0,1.0,1.0,1.0,1.0,1.0,1.0,1.0,1.3422932279406041,1.3314848133955781,2.7911016742860397,7.398910166833412,1.0587910344553857,1.0,1.0,1.0,8.455825704543194,3.2992936081100837,2.2809536204883645,1.0,1.0,1.0,93.69345636442898,9.165834683362002,24.43448892013391,3.0609769491797203,1.2875454219903915,1.0,4.141674070677313,1.0,1.0332476905692531,1.1462781888127136,1.0,1.0,1.439508611498736,1.0,1.6907980489205117,1.1767505921053962,1.0944310898687633,1.0,1,1,1,1,1.0,1,1.0,1.0,1.0,1.0,5.714258992430578,2.8980859099952383,1.0,1.7639990796741094,1.0,1.0414251378238015,1.0,4.679643470421382,1.211209683921612,1.0,1.2345976581271734,1.1033451459902215,1.0,1.0,43.05853097200327,167.25233090167728,1.0,1.0,1.0,1.0,1.0,1.0,1.0,1.0,3.182100321912249,2.353204006551392,1.0,1.0,3.027897817592769,1.0,1.0,1.4018792021733073,1.0,1.0,1.0,1.0,1.0,1.0,1.0,1.0,1.0,1.0,1.0,1.0,1.0,1.0,1.0,1.0,1.0,1.0,1.0,1.0,1.0,1.0,1.0,1.0,1.0,1.0,1.0,1.0,1.0
TEST_07+2일,1.0,19.308507147418748,1.0321180325314634,1.0,1.0,1.0,1.0,1.0,1.0,1.0,1.0,1.0,1.0,1.0,1.0,1.0,7.768982760062044,1.0,1.0,18.032856163793674,1.0,1.0,1.0,1.0,17.622895547207076,9.598869907963266,1.0,9.454366979794077,1.5023919665552734,1.0,1.0,1.0,1.0,1.0,1.0,1.0,7.233919451990318,1.0,1.0,4.613458551882111,1.0,1.0,1.0,1.0,1.0,1.0,1.0,1.0,1.0,1.0,4.285807951187672,1.0,1.058168240498787,1.0,1.0,1.0,1.0,1.0,1.0,1.0,1.0,2.292480810389218,2.041866201718973,1.1949027155167151,1.0,1.0,1.0,1.0,1.0,1.0,1.0,1.0,1.0,1.0,1.0,1.0,1.0,1.0,1.0,1.0,1.0,1.0,1.0,1.0,1.0,1.0,1.0,1.0,1.0,1.0,2.624610213345114,1.0,1.0,1.4831204132483227,1.0,1.0,1.0,1.0,5.241882520785977,1.0,1.0,1.0,1.183993452202267,1.0,9.81048270557481,20.774642910458404,11.315809676846936,1.0,1.0,1.0,1.0,1.0,1.0,1.0,1.0,1.0,1.0,1.0,1.0,1.0,1.0,1.0,1,1,1,1,1.0,1,1.0,1.0,1.0,1.0,15.057617464743007,1.0,1.0,1.0,1.0,1.0,1.0,1.386781715048055,1.0,1.0,1.0,1.0,1.0,1.0,16.775284946153633,168.61439809764934,1.0,1.0,1.0,1.0,1.0,1.0,1.0,1.0,1.0,1.0,1.0,1.0,1.0,1.0,1.0,1.0,1.0,1.0,1.0,1.0,1.0,1.0,1.0,1.0,1.0,1.0,1.0,1.0,1.0,1.0,1.0,1.0,1.0,1.0,1.0,1.0,1.0,1.0,1.0,1.0,1.0,1.0,1.0,1.0,1.0
TEST_07+3일,1.0,48.15695832287348,1.1286473827042616,1.0,1.0,1.0,1.0,1.0,1.0,1.0,1.0,1.0,1.0,1.0,1.0,1.0,8.925331277950802,1.0,1.0,16.725457033951233,1.0,1.0,1.0,1.0,18.525661182906575,20.66644166029097,3.0488380063730016,23.61777816556049,1.2782508420131118,1.0,1.0,1.0,1.0,1.0,1.0,1.0,5.028517554100421,1.0061665493708396,1.0,2.3524829474743836,1.4205636126364922,1.0,1.0,1.0,1.0,1.0,1.0,1.0,1.0,1.0,7.08037894823785,1.0,1.5162334179170986,1.0,1.0,1.0,1.0,1.0,1.0,1.0,1.0,3.789572157920308,1.3266793427878991,2.188606814951954,1.0,1.0,1.0,1.0,1.0,1.0,1.0,1.0,1.0,1.0,1.0,1.0,1.0,1.0,1.0,1.0,1.0,1.0,1.0,1.0,1.0,1.0,1.0,1.0,1.0,1.0,3.595008934498938,1.0,1.0,1.9098293899815302,1.0,1.0,1.0,1.0,12.16212679685216,1.0,1.0,1.0,1.0,1.0,9.009265615515393,12.934779326668586,2.5074180343148864,1.5972989752198012,1.0,1.0,1.151994114234994,1.0,1.0,1.0,1.0,1.0,1.0,1.0,1.0,1.0,1.0,1.0,1,1,1,1,1.0,1,1.0,1.0,1.0,1.0,17.34076601960037,1.0,1.0,1.0,1.0,1.0,1.0,1.1568161163933972,1.0,1.0,1.0,1.0,1.0,1.0,30.97952715927748,17.203954886176085,1.0,1.0,1.0,1.0,1.0,1.0314011992233767,1.0,1.0,1.0,1.0,1.0,1.0,1.0,1.0,1.0,1.0,1.0,1.0,1.0,1.0,1.0,1.0,1.0,1.0,1.0,1.0,1.0,1.0,1.0,1.0,1.0,1.0,1.0,1.0,1.0,1.0,1.0,1.0,1.0,1.0,1.0,1.0,1.0,1.0,1.0
TEST_07+4일,1.0,22.78475918239339,1.021215056328175,1.0,1.0,1.0,1.0,1.0,1.0,1.0,1.0,1.0,1.0,1.0,1.0,1.0,17.912697289229644,1.0,1.0,13.805567248126108,1.0,1.0,1.0,1.0,18.207347139089165,21.20212848406568,5.1771409580764365,14.93917865859974,1.6848634423760922,1.0,1.0,1.0,1.0,1.0,1.0,1.0,8.458571236970148,1.2997887719305312,1.0,8.809603559073544,1.0,1.0,1.0,1.0,1.0,1.0,1.0,1.0,1.0,1.0,5.235100394835516,1.0,1.2161194728787867,1.0,1.0,1.0,1.0,1.0,1.0,1.0,1.744688266556321,2.213111286624663,2.064369417214972,2.1261553299564175,1.0,1.0,1.0,1.0,1.0,1.0,1.0,1.0,1.0,1.0,1.0,1.0,1.0,1.0,1.0,1.0,1.0,1.0,1.0,1.0,1.0,1.0,1.0,1.0,1.0,1.0,1.0,1.0,1.0,1.177325262128706,1.0,1.0,1.0,1.0,13.792057945386743,1.0,1.0,1.0,1.0,1.0,1.0,11.40570525442009,1.0,1.0977802388997957,1.0,1.0,1.2030708143699198,1.0,1.0,1.0,1.0,1.0,1.0,1.0,1.0,1.0,1.0,1.0,1,1,1,1,1.0,1,1.0,1.0,1.0,1.0,19.621632307935652,1.0,1.0,1.0,1.0,1.0,1.0,1.0234215705807324,1.0,1.0,1.0,1.0,1.0,1.0,43.016373072915485,48.80612545334792,1.0,1.0,1.0686806716677761,1.0,1.0,1.0,1.0,1.0,1.0,1.0,1.0,1.0,1.0,1.0,1.0,1.0,1.0,1.0,1.0,1.0,1.0,1.0,1.0,1.0,1.0,1.0,1.0,1.0,1.0,1.0,1.0,1.0,1.0,1.0,1.0,1.0,1.0,1.0,1.0,1.0,1.0,1.0,1.0,1.0,1.0
TEST_07+5일,1.0,32.04247992614718,1.5385461846297668,1.1778459104925276,1.0,1.0,1.0,1.0,1.0,1.0,1.0,1.0,1.0,1.0,1.0,1.0,27.635892256113383,1.0,1.0,33.644142280883074,1.0,1.0,1.0,1.0,27.20414170745889,29.455275608770766,5.480968503367801,24.762593343864538,1.4707020148963372,1.0,1.0,1.0637278315515148,1.0,1.0,1.0,1.0,5.919841932773439,1.504352155495653,1.0,8.845663162977877,3.0149337925647055,1.0,1.0,1.0,1.0,1.0,1.0,1.1297344460051848,1.0,1.3833000112960807,7.149750334684761,1.0,1.9449360540473675,1.0,1.0,1.0,1.0,1.0,1.0,1.0,1.281410143027125,5.501656912054276,1.0,2.0969094890968103,1.2943084059244971,3.1907348228681247,1.0,1.0,1.0,1.0,1.0,1.1243622293639548,1.0,1.0,1.0,1.0,1.0,1.0,1.0,1.0,1.0,1.3074294751874442,1.0,1.0,1.0,1.0,2.756600476820994,1.0,1.0,1.0,18.85889207869561,1.0,1.0,2.435399113998127,1.0,1.0,1.2374553662109462,1.0,10.709520886844327,1.0119879877930458,1.0,1.0,1.4153368813847675,1.0,20.801872866892587,22.926340013747865,13.938599316820794,2.0657741605746933,1.0,1.0,2.266246250067907,1.0,1.0,1.0,1.0,1.0,1.0,1.0,1.0,1.0,1.0,1.0,1,1,1,1,1.0,1,1.0,1.0,1.0,1.0,44.341951125271834,1.0,1.2295865379102215,1.0,1.0,1.0,1.0,1.9275822376557596,1.0,1.0,1.0,1.0,1.0,1.0,56.91757002208823,80.97036409133419,1.0,1.0,1.0,1.0,1.0,1.0,1.0,1.0,1.0,1.0,1.0,1.0,1.0,1.0,1.0,1.0,1.0,1.0,1.0,1.0,1.0,1.0,1.0,1.0,1.0,1.0,1.0,1.0,1.0,1.0,1.0,1.0,1.0,1.0,1.0,1.0,1.0,1.0,1.0,1.0,1.0,1.0,1.0,1.0,1.0
TEST_07+6일,1.8057287383619025,8.365945213115685,6.190130480717916,3.0594311918933244,1.0,1.246000963202405,1.0,1.0,1.599811793376799,1.0,1.0,1.0399955461505164,1.0564328598491817,1.0,1.0,1.0,27.43687170190298,1.1250335167158427,1.0800758272168602,35.823884660901776,1.0,1.0888229966549654,1.0,1.0,21.371998289815963,37.361763295495635,8.164935969982778,42.40309427962792,2.8771046668958964,1.5853586764513183,1.7172045755131276,2.0461635129927878,1.439336453020314,1.0,1.0,1.6162256056169226,11.970221940789571,2.761504712335843,1.5071608835333468,25.77547016687405,5.197027594288848,1.6634063116602682,1.0,1.0,1.0,1.5377026562292586,1.0,3.0371016839349956,1.020634723879898,2.8468546547150178,7.127949361225241,1.0,3.7427584131648284,1.0454684740569677,1.4510481123526107,1.0,1.1545093740026742,1.0,1.3064712707484605,1.0,4.281922586921425,7.346183977961664,3.507160494659173,3.0043176245770864,2.6132339795290145,1.454357873995134,1.146612771848896,1.0,1.38008408050023,1.324665809855992,1.2532189738612716,1.489033682150468,1.0,1.0,1.2557614050692987,1.192333493144868,1.0,1.0,1.0,1.3257752091987176,1.1563011351185029,1.1459496413610617,1.0,1.4815204565013291,1.4693822295768304,1.3370941708513346,1.897275440858568,1.1562182389497255,1.0880031239848678,1.3643468097405944,24.19343012346586,1.5430621948918855,2.760758763098481,6.64282593281305,2.1840585714581247,1.0,1.292023191828326,1.0,22.33851751229306,3.556894031169436,1.8873916768932748,1.1003104185861887,2.7305955257433494,1.0,14.44019882773657,21.409168355933872,14.290792889865024,4.103858043047384,1.4695944729975472,1.1783578429944654,5.422176041120158,1.0788760621096152,1.375353068825662,1.3975003358949176,1.0,1.0,1.6218294835600457,1.1199737423828633,1.852364374923635,1.542174559579015,1.3603996319196772,1.0,1,1,1,1,1.0,1,1.0,1.5431832920787802,1.0,1.0,22.914756970101358,3.045139011087291,2.00611264251649,2.1736734267380546,1.7343866481229622,1.5157890853123275,1.5007322858922332,5.248664790319679,1.7360508667463597,1.633623940860495,1.5419343198333695,1.9359614227639197,1.540276362255155,1.0,49.90977438821952,132.71670200074092,1.0,1.0,1.1469546990389052,1.0,1.0,3.31811287343945,1.0,1.0,2.592101488079883,2.5928162005712307,1.0,1.0,1.0374400046470562,1.0,1.1838781987731948,1.0452371212877891,1.0,1.0,1.0,1.0,1.0,1.0,1.0,1.0,1.0,1.0,1.0,1.0,1.0,1.5332230598045253,1.0,1.0,1.0,1.0,1.0,1.0,1.0,1.0,1.0,1.0,1.0,1.0,1.0,1.0,1.0
TEST_07+7일,3.272396326312599,18.393187544717872,9.767808904417473,5.838718176006,1.2096125514381455,1.904454375319416,1.0,1.0,3.7040314473177434,1.5961373389130589,1.0,1.3121302158706711,1.1178343236809727,1.0,1.0,1.0,1.5245915104091414,2.246805002239681,1.9474952761341195,1.0,1.0,2.2111595005747073,1.0,1.0,2.5182527432659576,4.5034826046649,18.12166656162402,17.001149969095685,4.893510374579627,4.0962251832801,4.081012647421946,3.7616988711526638,2.501810262247073,1.4379665381239004,1.0,3.3171672619844914,28.954389915607692,4.060872833451893,2.37496708124651,20.909737892882596,7.318648863391681,1.4098339618554951,1.0,1.1243644085618643,1.1436512289246281,2.3492416072950166,1.1495360551079472,5.751419467645962,1.4097282949440995,6.055305724222373,14.421848400461931,1.3976198861473041,6.4321970201862,1.4009027632622368,2.7238465498885964,1.2352464254854694,1.5760770149550318,1.428770557299102,1.7923967879372489,1.2573148293088803,10.544807990313817,12.731980160126081,5.046535068374239,11.438990292982197,5.365802431306535,2.1263695513921697,1.4567114420256495,1.24994554944743,1.941938492327403,1.903603601792336,1.8984756510811698,2.9353480912899244,1.2984640276429034,1.0,1.801262188294411,1.4554667778334498,1.0,1.3218736954054713,1.1171211541062351,2.0654241402592137,1.4057511396727442,1.4734976597151637,1.1457400441912264,1.5990706723290335,1.834851872684034,1.8955954695319628,1.6963633856265081,1.5896677977961637,2.3042154253790375,3.2370055295681226,9.307235691694075,3.0663978153859297,7.208672398385458,10.986764425290453,4.11215282286534,2.0677766696456663,1.6297142620011607,1.3658033044212388,9.937347433782055,8.484337012013606,4.832331730483626,2.134227698156547,1.1346029452620137,1.0,78.03904772083169,17.102903754637744,23.81572435297018,9.071026964942298,3.397305892536552,1.6685985666271839,10.743664359617044,1.9222804043491795,2.7688643522418595,2.7475936002887345,1.450216475235753,1.6479100808895426,3.082036352477907,1.99574498253657,4.194406093421252,2.93392011186996,2.52020115618323,1.0,1,1,1,1,1.0,1,1.0,1.3702300305291453,1.0,1.0,6.418799714426132,6.808747783039108,2.7761973550362624,5.133727577687572,3.1985281470640885,2.877485185304753,2.5365485644779078,9.098135834475675,3.5741248753558432,2.7043354011020533,3.830060430912307,3.7526416049694133,3.5469997472184165,1.0,36.15459512920963,59.02637164721247,2.7685245575577664,1.0,3.9534145415363247,1.0,1.0,7.817312281800527,1.0,1.0,7.371631646809636,6.278434841679122,1.0,1.0,5.0269987060683725,4.402941754140536,3.438468768289141,4.774841286544882,3.325915809384637,1.0,1.0,1.0,1.0,1.0,1.0,1.0,1.0,1.0,1.0,1.0,1.0,3.933546325216187,1.0,1.0,1.0,1.0,1.0,1.0,1.0,1.0,1.0,1.0,1.0,1.0,1.0,1.0,1.0
TEST_08+1일,2.413630626469897,7.056181263367469,6.827923411910373,4.843423224482916,1.0,1.9455488504213054,10.447995702070317,1.0,3.0319425879976367,1.0,1.9971406696487373,1.0,1.0,1.0,1.0,1.0,1.0,1.1766032669840578,1.0,1.0,10.731860587853713,1.485659337774154,1.0,1.0,8.367606661840302,4.049560943558498,7.6640243679790405,4.915161724387148,17.04171138949099,3.6500925970522986,3.701532569237265,4.560834542562996,1.1595683934033727,1.0724327299993401,1.0,4.095685848665465,35.846216427524695,1.0,2.5561351383582296,25.108718827080793,20.359496967958563,5.842035590637542,3.7071764190406027,1.0,1.0164761671043696,2.3436002513034992,1.0,2.689792168663201,1.0,2.194822090767063,7.071324566697137,1.1623792319736856,5.384732250358606,1.0,4.542821745880831,1.3890330104586512,2.0218259887695966,1.879646553784478,1.0,1.0,10.208739617376978,12.193560732582052,20.84907084948945,9.079200970840121,16.16999577437892,1.6010912501327357,1.0,1.8307873462435285,3.7014787294319422,1.0,1.837930785929482,2.083765412001164,1.3587535144441576,1.1855322929854581,4.497894601323199,1.0,1.0,2.0566037843544196,1.0,2.1589747800491472,1.0,1.0,1.0,2.3253525442847325,1.6392170947974236,1.0,5.933087854524463,1.4422308980606138,3.744731722673174,5.241090562958687,9.767022878642486,1.8111383618834078,3.7979794754412026,4.922002699321652,1.0,1.1164812927281524,1.0,1.0,14.381252704089663,6.3005167696267605,3.590957421388206,1.0,4.4868196087731675,1.0,208.91058620261725,3.566167878888289,42.71099158389675,2.3950664775674317,1.981517842001367,1.0,2.2834490365740967,1.0,1.0,1.6520120383733756,1.0,1.128053219108406,1.0,1.023227159638944,2.081595293176291,2.5223195557418374,1.0,29.33282027387984,1,1,1,1,1.0,1,1.0,1.0,1.0,1.0,1.0,1.5567951432571852,1.3897000115119869,2.295669061333972,1.1887846716960244,1.0,1.339297496799111,2.3589104054746857,1.0,1.220676352932397,1.0005293005696247,1.0748834897409145,2.786584463379269,1.0,7.793736592022767,1.0,6.409015912965817,1.0,5.735174415441656,1.0,1.0,10.125971003328544,1.0,1.0,13.077644968352274,3.4394378028589845,4.643374225117176,1.0,7.1988663124421075,1.0,7.541884552153136,3.9501225570072913,6.5479790043291795,1.0,1.0,5.019232156825405,6.311596073799565,5.748471077570102,1.0,3.3643604896060895,1.0097585526871302,2.8999785207913416,11.669217802910575,18.606679629963157,2.0985929547457296,2.013655821457365,3.538533150500539,2.5060617845355386,53.60889692071696,23.457011776359522,52.34578962333409,10.295956892789263,35.065576970164884,40.037285493139585,21.259344698780005,335.9926430270534,62.5723769377917,87.04343111029704,162.97400323159863,20.893387343026887,66.69319162428195
TEST_08+2일,1.0,21.512071615488328,2.041760495173043,1.7594359362819985,1.0,1.0,23.908702437818903,1.0,1.3705134277407578,1.0,1.0,1.0,1.0,1.0,1.0,1.0,18.869668630666713,1.0,1.0,6.672926805455219,27.06760969788438,1.0,1.0,1.136279022943984,15.291063649851292,14.232495382252205,1.977322256444662,8.432855626855327,7.083604544915721,1.4571826675367254,1.620727579733416,1.7445327243089632,1.0,1.0,1.0,1.662593403221964,12.285883722573882,1.0,1.2581635981060368,18.643500237133033,10.718493877161272,2.2718123817974893,2.023016535400598,1.0,1.0,1.0,1.0,1.592151573702498,1.0,1.0572886179860612,5.036923858212358,1.0,3.3043413696396335,1.0,2.033416447826747,1.0,1.0334451656860084,1.0,1.0,1.0,5.040707895820239,5.847290744793565,12.340623315710335,3.9408329522849495,4.097819138309005,1.0,1.0,1.0,1.157837022662713,1.0,1.0,1.0,1.0,1.0,1.2064197587430314,1.0,1.0,1.0,1.0,1.0,1.0,1.0,1.0,1.0,1.0,1.0,1.8903451178369837,1.0,1.0,1.2762809194676972,13.232917012965327,1.0,1.439873315070274,2.4186804386887744,1.0,1.0,1.0,1.0,12.710400256306352,2.31087304159208,1.2437862130131523,1.0,3.2527882386576916,1.671710063306189,58.59817725504411,66.8397776556402,16.10929861355689,1.0,1.0,1.0,1.0,1.0,1.0,1.0,1.0,1.0,1.0,1.0,1.1528655558086736,1.0,1.0,20.766722352981205,1,1,1,1,1.0,1,1.0,1.0,1.0,1.0,17.555444241040117,1.0,1.0,1.0,1.0,1.0,1.0,1.0,1.0,1.0,1.0,1.0,1.6663943471738665,1.0,52.92507002026428,64.57039295279037,4.5905098955839785,1.0,1.8601958549610056,1.0,1.0,5.677069110129952,1.0,1.0,9.100051971861365,1.420955737531624,53.901722936656064,1.0,2.6601996032676154,1.0,2.597384413906043,1.2014795019291933,1.9462562870947946,1.0,1.0,3.537532952598227,1.0,1.3122615022165882,1.0,1.0,1.0,1.0,8.076837542816994,5.030677652270494,1.0,1.0,1.0,1.0,11.054927471307025,7.122581119010087,11.075041855708811,2.429208492151477,13.594369099938804,9.21514161009928,7.444759645582195,133.49082256106712,7.602827670221706,31.97440327480617,29.84943788814732,14.294532004043221,9.671121454445329
TEST_08+3일,1.8917593981387304,35.955839227153355,2.4068634749978792,1.9989272050751903,1.0,1.5930814228676622,13.160041330770012,1.0,2.1864177321038474,1.0,1.0,1.0,1.0,1.0,1.0,1.0,24.341876448737665,1.0,1.0,38.1069943642529,19.95841354945987,1.0,1.0,1.0,32.63927831530911,16.97300064558061,4.1476954839046485,32.246725889011465,10.30007185263604,2.001898091697354,2.1648759315605695,2.482696767333058,1.0,1.0,1.0,1.9347364530360158,18.694791852033326,1.0,1.484204629133362,14.2530719930458,9.588756762219672,1.0,2.1907985340729597,1.0,1.0,1.0550925662033694,1.0,1.7431454869754213,1.0,1.241780145059635,6.5472346595548165,1.0,3.6832186656340893,1.0,2.578166809835259,1.0,1.2718277257454327,1.0,1.0,1.0,3.010763595491959,4.237602642154267,10.392178315056002,5.642318451313486,8.72226457958081,1.0500115657952276,1.0,1.2648367296082559,2.1705173657311736,1.0,1.1434160691137676,1.2625297238342899,1.0,1.0,2.9518911674354475,1.0,1.0,1.3481230110147464,1.0,1.475009228051927,1.0,1.0,1.0,1.2945725538160742,1.0673769076936248,1.0,2.881761912491986,1.0,1.7308869687544925,2.644798579716235,8.624475237691222,1.0544661293847146,1.9350441902967308,2.6768701454742123,1.0,1.2075890152664415,1.0,1.0,12.929302377533775,3.443589431122328,2.22628177640869,1.0,4.588899999314702,1.0,28.192071821707504,33.42799278444028,9.514945597711337,1.3270323028560729,1.0,1.0,1.2412048348251579,1.0,1.0,1.0,1.0,1.0,1.0,1.0,1.3270704562116267,1.1016952280372523,1.0,55.15971427022366,1,1,1,1,1.0,1,1.0,1.0,1.0,1.0,32.14501568341968,1.067488705346603,1.0,1.4351794557360138,1.0,1.0,1.0,1.7219030314411023,1.0,1.0,1.0,1.0,2.369198692460793,1.0,109.9192483718559,110.07251039404365,4.450478074232256,1.0,2.155736123239927,1.0,1.0,5.791489164983037,1.0,1.0,9.080747523526583,1.6483730018878668,190.3257308251349,1.0,3.548743958927239,1.0,3.311678360364078,1.482272913102185,2.480506079802682,1.0,1.0,3.6763328346546156,1.0750261309945015,1.0,1.0,1.0,1.0,1.0,2.22474805473706,2.6605028754359705,1.0,1.0384614188930938,1.0,1.0,25.2372324754796,10.911302320329327,27.566687850464007,6.233172119855045,16.991447156438255,24.167236638566763,10.134654936738231,178.60747692667198,34.447685022778856,56.35211916866666,95.89793817416161,21.57145870905547,34.0127815235562
TEST_08+4일,2.1746449966326007,35.19688960778786,2.7507397043995248,2.381841412734116,1.0,1.342762288129531,15.644779353609644,1.0,2.089984204359321,1.0,1.0247544308543453,1.0,1.0,1.0,1.0,1.0,27.750307154795323,1.0,1.0,34.30153140946008,12.845717004247753,1.0,1.0,1.8321221692691605,21.13938830286085,24.95181423644923,4.545909627391619,22.57014045918235,11.516427530288786,1.564299115993581,1.794012948141121,2.3426346291956976,1.0,1.0,1.0,2.5637349674922274,17.155490247750947,1.0,1.4827237578749748,12.7656173056155,8.162442007529098,1.0,1.9876555346610048,1.205678089183897,1.0,1.1002133209855973,1.0,1.5844487490930508,1.0,1.3756115068130368,5.597791485889582,1.0,3.8466667803249823,1.0,2.0825080413767703,1.0,1.2895091269946573,1.0,1.0,1.0,3.8640035420447503,4.09195013208441,8.192074928254614,6.414414154069097,8.264872069547952,1.0765025499151304,1.0,1.3637126454521535,2.200388273051469,1.0,1.415850276327662,1.27648711452018,1.0,1.0,2.979048428575882,1.0,1.0,1.2847035302456746,1.0,1.5802105644126827,1.0,1.0,1.0,1.4498522989320983,1.0860838807945092,1.0949934383273372,1.8470119675056687,1.0,1.6413725862067414,2.393757741945409,11.04885343448015,1.0271979713369774,1.7807131437070316,3.417585032748634,1.0,1.1788597827511886,1.0,1.0,21.448392556562823,4.481913793524823,2.4009356676371145,1.0,2.7998774371334285,1.3404265436376803,21.281928898337902,57.457956316841425,15.032465209978215,1.3288234134869255,1.042054395953652,1.0,1.354502872936989,1.0,1.0,1.0,1.0,1.0,1.0,1.0,1.4136073036425303,1.1108624615201808,1.0,31.170697737649668,1,1,1,1,1.0,1,1.0,1.0,1.0,1.0,28.677274621403946,1.1306941785154985,1.0114287620901414,1.560494220775051,1.0,1.0,1.0,1.2492133412832214,1.0,1.0,1.0,1.0,2.34035285665652,1.0,120.66627823613773,94.97720845061157,5.1234927462411335,1.0,2.8778678219698115,1.0,1.0,6.803623179939966,1.0,1.0,9.60798044004879,1.5482506213054907,149.89325267311682,1.0,3.61773504126822,1.0,3.2752279173210765,1.4802574598553226,3.0474896301657077,1.0,1.0,3.4122108240068503,1.0,1.0,1.0,4.486495205744093,1.0,1.0,1.6071624074607833,4.588823679877212,1.0,1.0,1.0,1.0,27.59637487085547,13.944933046265682,25.850187062000444,5.490237875976981,18.374342778422783,24.905449096427496,11.274997512628165,149.2342168082369,31.531734788010965,55.73931730411177,73.12016569327096,26.03361278476094,38.21017260916275
TEST_08+5일,2.4031775197837475,56.84610969349865,2.844926149630101,2.315516980153053,1.0,1.6103102868368118,20.13992392070237,1.0,2.215472116064311,1.0,1.3804825019357283,1.0,1.0,1.0,1.0,1.0,69.03107796243329,1.0,1.0,43.12236283439422,25.633903303570257,1.0104755307729207,1.0,1.2192491338188725,32.58234182837789,23.973676024251365,4.96973361515597,59.68836176071126,8.216951933358148,2.49296767466255,2.1613954214285114,2.6614358335467982,1.091536535982771,1.0,1.0,2.5238731548226387,26.466176367158752,1.0,2.009946677885661,19.353123916683952,7.755267812755092,2.0874740092475137,2.4203106855649548,1.4374402902848251,1.0,1.2423983723856047,1.0,1.9123477791701435,1.0,1.518447214778996,5.770572947944845,1.0,4.036703964344478,1.0,2.1307291893194416,1.0,1.5319359077127035,1.0,1.0,1.0,3.409938913115865,4.148687883188527,10.512211316793758,5.303677827756994,9.978357545635596,1.1502189482310419,1.0,1.3494109572072768,2.3699609834629047,1.0,1.70367759573426,1.412607870620137,1.0083498573101168,1.0186675131903913,2.9098194438892353,1.0,1.0,1.367995720900549,1.007263823587274,1.8336904176328537,1.0,1.0338839731997007,1.024741097528314,1.9216870954821799,1.218955591070366,1.4623427246306213,2.958088463431574,1.0238814954731927,2.3269774412412243,2.7784350711780537,19.092203607888468,1.1523075452268645,2.0905190307575214,3.3981393621720164,1.0,1.62594772638063,1.0626137078961855,1.0,10.496342588058079,3.917258149525412,1.9274424046385197,1.0,3.566651102548057,1.2633196903555288,26.708430192769406,49.77489159120272,12.696827930292072,1.6687602196141536,1.0873696504531394,1.0,1.7605787094278817,1.0,1.0,1.0917997935669144,1.0,1.0,1.0,1.0,1.5054994641310957,1.269536116514927,1.0,80.14820320651006,1,1,1,1,1.0,1,1.0,1.1365020105582593,1.0,1.0,76.5313926851543,1.464738314924119,1.3146329901604799,2.1982656009871167,1.0,1.0,1.0007192813962102,1.7882435060963098,1.0,1.0048769777161004,1.220911586793083,1.0,2.324254281885384,1.0,91.82187105159753,66.60976055206909,4.141352478485132,1.0,3.251567787048701,1.0,1.0,5.593694979952387,1.0,1.0,9.656751388993108,2.136298047882164,102.35361819756318,1.0,3.7500036558717884,1.0,3.515862067660729,1.6364441481015022,3.7487194002841746,1.0,1.0,4.4150427931322405,1.0,1.0,1.0,1.0,1.0,1.0,3.3152293543293143,8.067577182093428,1.0,1.0,1.0,1.0,34.74915844146234,17.69594036954104,31.796991224012174,7.400192444710555,23.133461088778326,30.822554965678936,12.653979344246842,187.24558360969291,48.73355562913402,70.09413779024887,83.18277029990696,14.383868552772205,46.32567240064794
TEST_08+6일,5.24192875179804,52.43972492194958,5.515615663669698,4.609709092873235,1.428701634608585,2.6745983893615883,31.780772951223923,1.0,4.598211240575066,1.0,2.9483684823063303,1.0,1.0,1.0,1.0,1.0,79.62129485545204,1.2825071391808385,1.0232285167963966,59.26536519102543,37.90168500553096,1.9855220237349505,1.0137987309921037,4.041974128494061,51.944643309961265,37.287381472717556,17.08454998834646,82.02229167446515,11.912435171587882,3.519138802868523,3.344677471189634,3.8102045440020733,1.8019474687890784,1.2425606862569478,1.0,4.304087355001157,36.20603025240441,1.0,2.5327087473667125,32.74066328687286,9.404614898363032,2.2511002588920137,3.666468295886187,2.0046130643885576,1.5992525045488106,2.0601335012773756,1.0538835600353238,2.7865122608808113,1.0,2.2542711355576253,8.54447990359336,1.259781275200989,5.575506817015016,1.2830791673189985,3.1523875876474867,1.5432126140053266,2.4863916422886634,1.9937292554321804,1.6725017253862404,1.0,7.485318977041075,5.217453014311151,10.764583425741796,8.707441887181774,8.914432233486323,1.4783638527175798,1.0123948218815013,1.9263222465596588,3.6426535147308323,1.0,2.0723478623081135,1.9907292744683995,1.51654888000291,1.3139874658134159,4.34835018929873,1.0,1.0197253996360551,2.0693476750878523,1.5295252844405351,2.410669649582432,1.0129841123572072,1.481065604345941,1.4536171669900493,3.131706915212174,1.7530169168792593,2.1008561259013905,8.218328037017935,1.5445068637674986,3.1849393938099353,3.729082775735594,15.590991539359234,1.8300751695714386,3.7908174019757324,5.460487761617728,1.0,2.066430245086988,1.0,1.0,16.451115615325854,6.857313010128236,3.187221593763414,1.1373019289998303,5.070153924249235,2.4584335986595045,97.1501365925669,49.112558283016774,17.73573149009006,2.325493726518744,1.9782534986887574,1.116085701894931,2.85938031422792,1.3012434742697878,1.2742197965183586,1.7486836557386114,1.0,1.2798688732415477,1.0379964862814626,1.3841142099856258,2.5370888376704213,2.1302858973514995,1.0,44.32823336289191,1,1,1,1,1.1326434598168635,1,1.0,1.780069111408535,1.0,1.0,53.43583927780958,3.5080768586347175,3.4364203249723775,5.488914460883805,1.7090893722329679,1.061486974082175,1.826381568767917,6.469172280755033,1.0606532308139849,1.9419344076246308,3.126706653175715,1.8400852483612185,2.7823527380413533,1.0,108.125231020016,99.29773183616912,5.157953386272409,1.0,4.040329861576877,1.0,1.0,7.0132410119468505,1.0,1.0,12.369476341273426,2.8339225889914186,49.03721388434204,1.0,4.539809487008979,1.0,4.34128048195832,2.368112028967797,4.175123001248613,1.0,1.0,6.922988916277105,1.9699445253232661,1.0696757172889908,1.0,2.5180922944211432,1.0904747741227017,1.0,2.462393579572523,5.758705571919251,1.560409971406766,4.480399640276439,1.0,1.0,32.41374252035796,24.45508421528987,33.4624001233406,10.422980700311394,25.73518650345632,29.125881077025838,19.723953002731015,237.13491109963397,40.79298804833375,63.81058169827325,104.62526808988923,39.6993495761221,43.96461971634931
TEST_08+7일,8.833250578190858,4.493069121475486,9.35822100532344,8.021277254241522,2.10043412708746,3.505796507393659,13.873147990317424,1.0,5.611892385937914,1.295529332616327,4.845754189080429,1.4705350608815597,1.0,1.0,1.0,1.0,23.065293328711103,2.4178464635515122,1.2142030281614193,33.93041401037555,22.48388400420668,3.325647699471217,1.4329895047926882,1.0,25.45787834228289,7.843258265324127,5.908818700147546,12.56086589593367,16.82981117893692,4.894398384786962,4.699785790714254,5.203731321010501,2.160421901123841,1.6357161160214608,1.3372241138212801,7.296380172875492,60.55929226238006,1.4031182583394581,4.123285440936362,36.219938291467315,19.69873870944118,5.353971335264528,5.048774062063639,2.131282151778902,2.9446071229363993,3.0507892679779074,1.5086884913223286,3.93010274563001,1.152338578992139,3.499070231027453,8.763451474704945,2.598050082198773,7.999038438022855,1.5317132883566615,5.674072097452317,2.708713858637569,3.648039112449377,3.2270060093492354,2.4022277057752985,1.0066304262700612,10.583095965976884,8.982432175130734,19.184943129779224,11.439675557175555,16.831310633197603,2.2885620580684227,1.3526363187330959,2.53626152712443,5.131062872893033,1.0,3.1743076286682763,2.6099475308094275,2.166322784422107,2.2002075407700574,6.062041771090355,1.0,1.1419629125380495,2.7501489402638972,1.626006652125997,3.087399257480475,1.3393376413799296,1.7947695921640778,1.8760684064796755,3.5054634985596196,2.4056337723730543,2.2434951549336932,3.9899312344141977,1.8443542112077596,4.31651197644621,5.106058273551784,2.031072202401039,2.570817558351542,5.306114350575141,11.227790504689303,1.2046416877501132,2.018298991533423,2.1513964155544603,1.2743061451697328,5.215019263705086,11.630838187113351,5.189368964776941,1.548298519183993,6.888957856361719,2.105013669140134,228.34482514904937,4.682332105029435,29.977323311983064,3.384922132495524,3.480291938083472,1.6981541271908944,3.8319943870726147,1.6586577812746797,1.6179538126691049,3.0345483888189895,1.1692102819180392,2.0646033909271817,1.425579112102389,1.6968900409870655,3.3911278469446935,3.2836259932832093,1.0,13.646270414030944,1,1,1,1,1.2284492301054262,1,1.0,1.3244084944568892,1.0,1.0080024957858993,13.22502618985859,4.667160695768752,4.8435968191560095,8.057216928492776,2.9739950624474774,1.7088695661071531,3.341251145627925,10.791969731490163,1.8508810668400164,2.956563102837306,4.1175338753490305,3.060498821897898,5.621096414876504,1.0,20.500005175370603,33.81177441630628,9.17978821604078,1.0,7.871739873605523,1.0,1.0,11.881311976468957,1.0,1.0,18.595837912948152,5.050248074313919,34.827994528338685,1.0,8.780608470321319,3.7262741192638886,8.510292593209911,5.352788623928436,8.928231047998379,1.0,1.0,8.794146903191882,7.138104591169444,7.3698028502491955,1.0,18.970546930172723,8.168958793287167,5.045312799164537,13.683730400801899,23.88959149754082,3.5152677783721895,3.8025783535427116,2.853667055870659,4.242246335655808,46.4328138685131,28.757252614643782,46.93132886268939,22.043081102624516,35.633905697157196,39.02371822866534,35.38661502115026,366.8073454741024,68.01914943470555,95.32040834343809,148.55214691831486,37.261812989964056,70.9897292186825
TEST_09+1일,7.299401653844591,4.928571016183144,6.055484994260976,3.1541990219972655,1.1001582025462344,2.1084168495174422,2.0142113370281427,2.969031898133767,2.6825362576427474,1.0,1.0,1.0,1.0,2.6235448580194753,20.045301668905232,2.033600735162149,1.0,1.0,1.477746077602868,2.209601773536646,1.0,1.0,1.0,1.0,15.716875763075091,1.0,2.103335120087239,3.412236479233536,11.545581867699,4.666263956354989,2.6074109558734757,4.634713608269061,2.965203044595307,1.7196785302443516,1.0,3.7388686894818473,37.20045829050414,1.0,4.050000280154324,30.202582335296228,16.159305685659987,1.7217408769513045,3.6256267767321004,1.2234934144926022,1.0,1.0400016293848737,1.0,3.1759339688234896,1.0,2.0022641178376537,12.485918367394378,1.0,5.862714561045342,1.0,4.436118836502498,1.0,5.223640236477783,1.0,1.0,1.0,7.890523808427659,15.293637718968583,16.777701385559187,10.304161680548733,7.600827705592623,1.0382821549716919,1.0,1.0,2.9324520020728624,1.0,1.4052553429224128,1.5929766761919648,1.0,1.0,1.8448614727519765,1.0,1.0,1.0,1.0,1.6049950094851426,1.0,1.0,1.2494637512208295,1.0543182148999457,1.541244221328724,1.6035717061407597,1.36191093876468,1.0,1.36057475973484,1.9247600054659295,24.34550430397774,1.202100887203343,4.068755995941854,5.973898673677454,1.0,1.0,1.0,1.0,28.46693228281488,2.558887670821938,1.1708303311487342,1.0,3.6822911217370566,1.0,151.55932451412693,10.889383600924763,47.04323926439291,3.338707303755747,2.5075759017941883,1.0,1.6322796709957896,1.0,1.0,1.0,1.0,1.0,1.712963476889681,1.460185871417749,1.9534919761263283,1.0881886699815895,1.0,5.286193800686836,1,1,1,1,1.0,1,1.0,1.0,1.0,1.0,2.853525812260379,1.0,1.0,1.0,1.0,1.0,1.0,1.4755616542216976,1.0,1.0,1.0,1.0,8.499204898187207,1.0,6.393304192505813,1.0,8.464946940074654,1.0,6.88687765434001,1.0,1.0,16.60995864869034,1.0,1.0,19.853375118194545,8.15027102902398,40.123764367501806,1.0,9.410139404143651,1.1786603421649848,7.799728588870116,4.858871764376252,6.729882278801613,1.0,1.0,7.836382103214795,2.740938188852872,3.1283550284524813,1.0,7.0234312871744695,1.621683671829866,7.22067154683414,15.117983361232332,12.793063596114726,2.4551788850309575,2.6825249538989975,3.9410397858179556,4.999506350049014,34.69416511227247,14.04164753959867,25.263281464656643,9.387956656632447,18.451290648063882,18.023362141667587,12.147450624081387,132.2946768621801,29.219545421755903,75.87464617320768,59.22856503887324,15.596915651012154,38.01146303479298
TEST_09+2일,1.5019183425246723,16.764976645832956,2.681464039425121,1.0785512015873044,1.0,1.0,13.68812366106921,1.1496697530249513,1.0,1.0,1.0,1.0,1.0,1.0,11.462359593173364,1.0,28.937269500026726,1.0,1.0,21.558588485882172,18.79413507557411,1.0,1.0,1.0,18.531703596405723,11.20936766386955,6.979259498644866,15.994967401928225,4.877940537903089,2.3662945184617312,1.3947552128369403,1.7484112623939536,1.0,1.0,1.0,1.5888400594156686,7.202421606711328,1.0,1.4861952285517066,15.262639718541477,5.736389990163991,1.0,2.524778428275398,1.1136400382766396,1.0,1.0,1.0,2.438767376063075,1.0,1.328095781513904,8.3565141248578,1.0,5.65426972460566,1.0,1.0876733296423542,1.0,1.3476599302500611,1.0,1.0,1.0,4.823154612956345,3.2182049693525467,12.341586282207668,8.963060085154941,4.658863777299739,1.0,1.0,1.0,1.0,1.0,1.0,1.0,1.0,1.0,1.0,1.0,1.0,1.0,1.0,1.0,1.0,1.0,1.0,1.0,1.0,1.0,1.0,1.0,1.0,1.0,36.474868122808026,1.0,1.6102783951900905,3.6767106218623575,1.0,1.0,1.0,1.0,16.10906467072069,1.3780338951356796,1.0,1.0,4.447183808692328,2.2901681916342267,29.142696471295995,26.61442396937005,12.457100961531312,1.2820558969064886,1.5954368440863624,1.0,1.0118815057464556,1.0,1.0,1.0,1.0,1.0,1.0,1.0,1.0,1.0,1.0,17.286093218941,1,1,1,1,1.0,1,1.0,1.0,1.0,1.0,18.374930610176058,1.0,1.0,1.0,1.0,1.0,1.0,1.0,1.0,1.0,1.0,1.0,2.456194995648632,1.0,5.041352774207178,114.38373669233943,4.064163070605427,1.0,3.0849068871301677,1.0,1.0,8.985677487007944,1.0,1.0,10.77277169786218,2.6264716667013346,37.92401231768125,1.0,3.393043715682875,1.0,2.63990944480718,1.7901836593438234,3.461837090700522,1.0,1.0,4.988231553791733,1.0,1.0,1.0,2.160979173259529,1.0,2.1044187589432157,4.812389487715283,1.0,1.1988183326771586,1.0,1.0,1.0,6.259682737357027,4.799224321772794,4.125784647838486,2.4894910699110904,6.604615955855707,4.530165874174055,2.746333089387442,26.728111364475474,10.81986522594841,6.037059428258023,10.59346740031337,6.35495721210202,7.386815584939141
TEST_09+3일,1.474626979746402,21.316624987151215,2.5280076499839765,1.4739294392962743,1.0,1.0,14.20941425989773,1.0,1.0,1.0,1.0,1.0,1.0,1.237256301879677,7.442514164982866,1.0,22.499699449359703,1.0,1.0,17.583958621423044,10.405011000998087,1.0,1.0,1.0,55.40169895677285,15.387631068606417,3.157904203619657,26.64417079487691,4.655333172099949,2.251513562523673,1.338264717101845,2.003278170772048,1.0,1.0,1.0,1.679120362572554,18.20565640100225,1.0,1.5370001795761505,26.267291491245526,3.1302480921600373,1.0697219024353803,2.674231886366872,1.512397713288694,1.0,1.0456506885783288,1.0,2.589171247733885,1.0,1.9825598770645014,8.676285472829504,1.0,4.013640842029705,1.0,1.7206207052767761,1.0,2.337942328266301,1.0,1.0,1.0,3.599798131482438,5.953642725329501,15.433790315214491,10.009746430885407,5.088591548745742,1.2090624547581994,1.0,1.0,2.017544952888552,1.0,1.0,1.0,1.0,1.0,1.0337112803423318,1.0,1.0,1.0,1.0,1.0,1.0,1.0,1.0,1.0,1.1146568217599144,1.1255461414866612,1.0,1.0,1.0,1.3190503629304555,56.462153809251284,1.0,2.0976691177941396,2.997796646101193,1.0,1.0,1.0,1.0,10.7657884163277,1.6803802670568553,1.0,1.0,3.494665952729839,1.0,1.0,23.240553289232697,7.207394663869621,1.9161721235683704,2.0655932613080124,1.0,1.7081046526862378,1.0,1.0,1.0,1.0,1.0,1.0117480581503746,1.0,1.2333386657201761,1.0,1.0,18.452625786265447,1,1,1,1,1.0,1,1.0,1.0,1.0,1.0,33.51478982722142,1.0,1.0,1.0,1.0,1.0,1.0,1.0,1.0,1.0,1.0,1.0,2.5017988055565574,1.0,64.10738696055957,115.49367052687563,4.097696988497505,1.0,2.879713527837357,1.0,1.0,6.269503265763796,1.0,1.0,8.812521589264596,2.442945320494021,72.87651471172296,1.0,3.3325963331442248,1.0,2.2243539660790184,1.5585231172607388,3.5053538487491753,1.0,1.0,4.704385240045287,1.0,1.0,1.0,1.0578879302973276,1.0,1.3161506481923801,3.7418184727545776,1.8844006828580362,3.5975377423397696,1.0,1.5189240570120845,1.0507239628779494,12.975065635094486,6.2445070687260955,7.4909622685422494,3.1612534065702134,8.364123321530588,6.012791409212676,3.523930214991476,33.3548530753286,17.497584888628104,33.07743159049135,36.14282437427965,16.469771374194597,15.092171511050601
TEST_09+4일,2.0556801043561905,29.06630902294193,2.762385889854243,1.5446272440198818,1.0,2.352302737568662,10.603445052803727,1.6707918551169265,1.0033098350967322,1.0,1.0,1.0,1.0,1.3345488638269625,7.420799663535856,1.0,31.79933755385573,1.0,1.0,36.43117304250036,13.263094285870995,1.0,1.0,1.0,11.718366958926444,10.102666567111722,6.026313716759085,26.694204788251206,4.116491166832291,1.8878275290880406,1.606209104581278,1.609269957759175,1.0,1.0,1.0,1.8336863032619877,14.764042252848968,1.0,1.3666939597649728,17.71882283772276,3.5967883462250385,1.654006411963339,2.071763536309254,1.2431776278322215,1.0,1.0,1.0,2.1391517566926517,1.0,1.6010748796718652,11.071154768253304,1.0,4.5173782065407835,1.0,1.1754495697334622,1.0,1.3564819914855908,1.0,1.0,1.0,3.926625055273287,5.10332236137507,10.657523202355193,6.23907440174265,5.182730211573242,1.0,1.0,1.0,1.8744166944209717,1.0,1.0,1.0,1.0,1.0,1.0,1.0,1.0,1.0,1.0,1.0,1.0,1.0,1.0,1.0,1.1782976245529666,1.4150782107419242,1.485174198226779,1.0,1.0,1.3966392011034212,37.61315996034523,1.0,1.8172915287320035,3.2964090420057,1.0,1.0,1.0,1.0,9.915562539962306,1.697908524829952,1.0,1.0,3.266877953318449,1.0,7.613961233926386,17.21581124511051,4.885472482978906,1.8871888140637538,1.4745087563896582,1.0,1.5470016146060883,1.0,1.0,1.0,1.0,1.0,1.0,1.0,1.150434238311173,1.0,1.0,20.605641346154044,1,1,1,1,1.0,1,1.0,1.0,1.0,1.0,12.242613321906607,1.0,1.0,1.0,1.0,1.0,1.0,1.0,1.0,1.0,1.0,1.0,3.4051546784137345,1.0,36.08698552557092,91.42817962351512,4.408150518979504,1.0,2.873278690321616,1.0,1.0,6.092462059116,1.0,1.0,8.914587997203267,3.150614747236637,96.72522555170394,1.0,3.5337999792775,1.0,2.7400420637820817,1.8008096830986697,3.4032112409798616,1.0,1.0,4.5386250669455475,1.0,4.060944471695427,1.0,1.0,1.0,1.4114103950384638,1.7467408173037269,1.0,1.0958464532752206,1.0,1.0,1.0,11.803424196323428,6.360296690511538,10.527255952082093,3.1158889719660205,8.104508395269523,6.9032826573880275,4.077688287990355,34.707588024612264,19.898621314121883,27.666631986499493,35.302778006888715,9.03373236112319,17.795413158400898
TEST_09+5일,2.24295601558969,91.92647842667154,3.1708670296311823,2.5518420577499707,1.0,1.3969719024325427,36.70319026862885,1.2732484587290036,1.3285164177105293,1.0,1.0,1.0,1.0,1.6492365827493782,12.476070869867787,1.0,99.0313066470702,1.0,1.0,84.07205929161285,36.431843222730414,1.0,1.0,1.0,30.539670684054837,15.657119393871248,13.851149331079661,27.017685811656442,4.499689771711744,2.197924328778286,1.5973287942522667,1.7162029071808451,1.192672510755879,1.0,1.0,2.1308138010350555,22.389320359772586,1.0,1.7958276393526695,22.320152565225744,2.5624364759308427,1.1430126384626944,2.154370529119485,1.3811673129826698,1.0,1.0262292900356762,1.0,2.2235679042096343,1.0,2.0292599209261497,6.112627350650004,1.0,4.946913456089749,1.0,1.6579296710604332,1.0,2.668810550059737,1.0,1.0,1.0,3.6625139187015883,5.686462761597023,8.445811804565707,6.283358467231597,4.719993382560336,1.0,1.0,1.0,1.954274443995093,1.0,1.0,1.0514716660497225,1.0,1.0,1.1206932106201903,1.0,1.0,1.0,1.0,1.2140983977501647,1.0,1.0,1.0,1.0015000957314293,1.5191725000951992,1.5762280725383415,1.0453408982530452,1.0,1.014003028642564,1.4718509149418724,59.42639886235561,1.0,2.086291734051644,3.4059908916772828,1.0,1.0,1.0,1.0,14.113811257855012,1.880970074001394,1.0455705608509311,1.0,3.6435961795398226,1.0,10.230176125925995,43.6675373681366,11.981974893282226,2.3243631757020347,1.885619698254199,1.0,1.9892920454175005,1.0,1.0,1.0,1.0,1.0,1.0,1.0,1.4520366585117332,1.0,1.0,53.568188596533545,1,1,1,1,1.0,1,1.0,1.0,1.0,1.0,32.11116634720446,1.0242100307058855,1.0,1.21147371188624,1.0,1.0,1.0,1.4650014533898539,1.0,1.0,1.0,1.0,3.1942861013099186,1.0,58.1696028755896,127.81804551702334,4.447700818877032,1.0,2.856033718305319,1.0,1.0,6.6414927367960015,1.0,1.0,8.839819300457485,2.4138672816228466,89.02026251405013,1.0,3.4632703724993563,1.0,3.044348055320152,1.9663351610557112,3.3591977785516716,1.0,1.0,3.667125107192989,3.239637991119995,8.836445887296906,1.0,1.3165605651347487,1.0,1.0,1.0,1.0,1.0,1.0,1.0,1.0,14.934081913481938,10.227427522514532,9.411365791675284,3.7874109396177564,8.81384873693289,6.026176117253581,5.971763527985798,43.73638815830488,18.541647830750208,34.56222302393728,40.30484389341041,12.765081499857354,14.349113407878086
TEST_09+6일,4.7135008387731645,30.043056665785546,5.58131935930535,4.850047447430983,1.542443332280822,3.0143040205191745,18.292165935204487,1.8625033036811547,2.799135235872319,1.0601771874348047,1.0,1.0,1.0,3.4355788886033096,20.995638696841382,1.860979381726251,28.271485394116933,1.0,1.4612836603874078,62.509159582008536,18.818076190843424,1.0,1.0,1.0,18.49008197493408,23.66939272244619,10.894400110801687,31.91166193607565,6.314168061523929,3.942387288247029,2.9135075689713155,3.2297270090276973,2.153824053145539,1.6801348586796054,1.0,2.9114182788934526,31.93836202847042,1.0,3.1654068203403316,21.321755185708767,6.628665100255272,1.3541932027895167,3.685923973012537,2.1580836677595823,1.0104831491230395,1.9047442450689,1.0,3.789870358126448,1.0,2.2557036066854574,10.719485874215543,1.0,6.098168923315426,1.0,3.064311987456542,1.1351165729607484,4.0114524218548775,1.0,1.223131933697873,1.0,6.290132506275366,5.9996403846404025,10.007957064598099,11.991236338914309,6.262163504655896,1.3355800177382837,1.0,1.2833097706609449,3.274874597300101,1.0,1.700903554576204,1.698462148326204,1.2555202632037934,1.0,1.7576509918633143,1.5261701771365448,1.0,1.344772313813651,1.2784844386381748,1.7922094072762171,1.0,1.0,1.5665211940721073,1.6592475854631452,1.8468577650904057,2.882327883524205,1.8979064628178222,1.3355538423239532,1.6627661540926737,2.1746211119128365,54.717205496063535,1.4858267570451298,3.630380455852449,6.411246503103905,1.0,1.322678192706528,1.0,1.0,24.59966202090966,3.293017822521958,2.3625196261735972,1.2441563735776624,8.155371473235206,1.9962092739423323,37.262774122308926,53.79171521889742,14.687247514960106,3.6085002321596895,3.594876371275642,1.1340860811135667,3.041615193730582,1.0459549041845375,1.5706127241076273,1.158535082397938,1.7523296152539478,1.1376420049754914,1.8307251373205466,1.5168129124674183,2.9164173529145647,1.644222853344436,1.0,31.49168656691536,1,1,1,1,1.0,1,1.0,1.0,1.0,1.0,46.91759250923808,2.4032363310806732,1.7977258696270533,2.8557175558696217,1.6395292648049087,1.1329617827606784,1.6776655751027758,3.4782973512480115,1.150409150207488,1.0,1.9436832137279518,1.1505275846366567,5.290416276498451,1.0,125.95545937504173,130.76625894459514,5.565095365943176,1.0,4.207519685374155,1.0,1.0,11.037479791409686,1.0,1.0,14.04713135159382,4.731761693753417,73.8582588326457,1.0,5.53067291091467,1.3019394450777015,5.117746863871034,3.1869003960241944,4.807342080127263,1.0,1.0,6.609327858484033,4.45680668133798,8.563344102122223,1.0,2.486939685816741,1.0,4.144503392591957,4.805970727089825,3.339982212158546,1.0538427229546175,1.9847094726600807,1.441332573912443,1.7885255007219305,18.700397959769774,10.439793246563216,17.303028074367894,6.094410579418874,14.300436895031213,10.578886255773085,9.081061004622489,90.82452871580293,22.860227175730635,40.06613246403924,54.048655165603165,15.255088284521209,21.181646160404178
TEST_09+7일,10.882124974939016,1.0,10.230655003090362,9.499579535906394,3.952956146321381,4.81192413339125,1.4865324271769058,5.9696520178327335,5.415416178927915,2.0246861384543404,1.0,1.4762477672906598,2.210505624630835,5.660253985855939,30.48381073934805,3.434647140653739,7.529051591483793,1.9453461237012024,2.9939295728734123,5.125837841898671,1.0,1.2759490575937047,1.2763098599095033,1.0,4.589459035297437,5.316522160276037,13.169262133295925,3.7852325617174545,12.048566945643124,5.1175080387720895,4.063486527578771,6.293792846065609,4.184054810459215,2.9714278819069473,1.0,3.8610051914341565,49.642222551890924,1.0,5.568956161703429,36.69005667956092,16.012708447742924,2.816179991249206,4.679353639662486,1.6876847755455104,1.7129792378577218,2.5409365956328758,1.5483125241623004,4.117323217986559,1.0512962131879688,2.985352702393917,16.902305541680583,1.7586912320288643,9.736254224311798,1.0468675075941303,6.045050687537904,1.477519726546839,6.931236606947591,1.7289425856190568,1.640568356506518,1.0090257316015125,12.192766554343034,12.533466989266968,14.346322287051485,19.573802960960744,10.872789138161094,2.491973470108681,1.5412488844288295,1.7071659408172202,4.96588055297042,1.0,2.582842798090008,2.6194378846850297,1.674928288452319,1.103455860731996,2.939832347955578,1.4736517427287847,1.0220892011099079,1.7361124654168252,1.5451545176429757,2.9080738011263545,1.3055696257200395,1.8085914787391526,2.367543470125102,2.864038116171206,2.509489960580325,2.9972380869703867,2.025428208985856,1.843390574013627,2.5241155296452638,3.3239493916741565,1.0,2.36578453705778,6.469414877458936,11.049404822085599,1.810012704855072,1.62939231624768,1.187251216464985,1.0230866253261706,18.53426249648585,4.290294104674634,3.1396479228212013,1.7446501098235678,5.366959254631835,1.0,137.18054686536055,8.69351831467689,21.34520674691786,5.8410234445683535,4.996267083602731,1.3898559534238812,3.395198699391401,2.0390842546998384,1.842320492754005,2.160968270422212,1.4782169230048074,1.5888415384218013,2.638461069399799,3.6796143776232033,4.082892081190763,2.7604414635530112,1.0,5.326798692868368,1,1,1,1,1.0,1,1.0,1.0,1.0,1.0,8.324454850719444,3.046184303474459,2.5736806010879834,3.5027520784616786,1.7437397783230701,1.1504139625715253,1.2912114162797097,5.386941160577386,1.540776934851498,1.0794595600742982,3.1422181540361045,1.6155655052555506,12.286569704450173,1.0,24.349051755225858,33.92154087466831,12.854598684509863,1.0,8.678583205631092,1.0,1.0,20.022349272185266,1.0,1.0,23.31308161278433,9.388856786767754,19.898946353233534,1.0,12.66851107617246,2.6761343704892426,10.883219195256425,6.198622200091187,10.913099135187448,1.0,1.0,13.109205879198,21.82326692793342,29.39125254367153,1.0,10.006752187566992,3.125774599780462,12.722386873252459,12.83748841147189,14.355977955290422,4.748527461269798,2.779118500571546,6.925977476508438,5.709248956251027,38.88716007492907,23.07853802691968,39.39265284229205,12.419575674374629,23.855672411433847,26.67349316610774,17.921066042677094,167.54961949584768,40.9584776528475,69.5906210582978,103.4038878642805,20.22805308170522,38.939680161399295
