2025-08-21 13:35:41,106 DEBUG    - 훈련 데이터: 88,713행
2025-08-21 13:35:41,107 DEBUG    - 검증 데이터: 5,790행
2025-08-21 13:36:18,793 DEBUG    - 훈련 데이터: 88,713행
2025-08-21 13:36:18,794 DEBUG    - 검증 데이터: 5,790행
2025-08-21 13:38:02,753 DEBUG === 모델 학습 상태 확인 ===
2025-08-21 13:38:02,753 DEBUG damha_individual: 학습됨=False
2025-08-21 13:38:02,754 DEBUG mirasia_individual: 학습됨=False
2025-08-21 13:38:02,754 DEBUG main_restaurants: 학습됨=False
2025-08-21 13:38:02,755 DEBUG regular_outlets: 학습됨=True
2025-08-21 13:38:02,755 DEBUG special_venues: 학습됨=True
2025-08-21 13:38:02,758 DEBUG 
=== 테스트 파일: 10개 ===
2025-08-21 13:38:02,762 DEBUG TEST_08.csv: (5404, 3), 매출수량 범위: [0, 484]
2025-08-21 13:38:02,765 DEBUG TEST_09.csv: (5404, 3), 매출수량 범위: [0, 501]
2025-08-21 13:38:02,770 DEBUG TEST_02.csv: (5404, 3), 매출수량 범위: [-9, 407]
2025-08-21 13:38:02,925 DEBUG 
=== 예측 결과 ===
2025-08-21 13:38:02,926 DEBUG damha_individual: (1176, 7), 범위: [6.00, 6.00]
2025-08-21 13:38:02,926 DEBUG mirasia_individual: (868, 7), 범위: [6.00, 6.00]
2025-08-21 13:38:02,927 DEBUG main_restaurants: (1372, 7), 범위: [19.00, 48.00]
2025-08-21 13:38:02,927 DEBUG regular_outlets: (644, 7), 범위: [6.00, 6.00]
2025-08-21 13:38:02,927 DEBUG special_venues: (1344, 7), 범위: [1.00, 2.00]
2025-08-21 13:44:29,410 DEBUG    - 훈련 데이터: 88,713행
2025-08-21 13:44:29,411 DEBUG    - 검증 데이터: 5,790행
2025-08-21 13:46:14,594 DEBUG === 모델 학습 상태 확인 ===
2025-08-21 13:46:14,595 DEBUG damha_individual: 학습됨=True
2025-08-21 13:46:14,596 DEBUG mirasia_individual: 학습됨=True
2025-08-21 13:46:14,596 DEBUG main_restaurants: 학습됨=True
2025-08-21 13:46:14,597 DEBUG regular_outlets: 학습됨=True
2025-08-21 13:46:14,597 DEBUG special_venues: 학습됨=True
2025-08-21 13:46:14,598 DEBUG 
=== 테스트 파일: 10개 ===
2025-08-21 13:46:14,601 DEBUG TEST_08.csv: (5404, 3), 매출수량 범위: [0, 484]
2025-08-21 13:46:14,604 DEBUG TEST_09.csv: (5404, 3), 매출수량 범위: [0, 501]
2025-08-21 13:46:14,607 DEBUG TEST_02.csv: (5404, 3), 매출수량 범위: [-9, 407]
2025-08-21 13:46:14,786 DEBUG 
=== 예측 결과 ===
2025-08-21 13:46:14,788 DEBUG damha_individual: (1176, 7), 범위: [6.00, 6.00]
2025-08-21 13:46:14,788 DEBUG mirasia_individual: (868, 7), 범위: [6.00, 6.00]
2025-08-21 13:46:14,788 DEBUG main_restaurants: (1372, 7), 범위: [19.00, 48.00]
2025-08-21 13:46:14,789 DEBUG regular_outlets: (644, 7), 범위: [6.00, 6.00]
2025-08-21 13:46:14,789 DEBUG special_venues: (1344, 7), 범위: [1.00, 2.00]
2025-08-21 13:55:40,823 DEBUG    - 훈련 데이터: 88,713행
2025-08-21 13:55:40,823 DEBUG    - 검증 데이터: 5,790행
2025-08-21 13:57:24,564 DEBUG === 모델 학습 상태 확인 ===
2025-08-21 13:57:24,564 DEBUG damha_individual: 학습됨=True
2025-08-21 13:57:24,564 DEBUG mirasia_individual: 학습됨=True
2025-08-21 13:57:24,565 DEBUG main_restaurants: 학습됨=True
2025-08-21 13:57:24,565 DEBUG regular_outlets: 학습됨=True
2025-08-21 13:57:24,565 DEBUG special_venues: 학습됨=True
2025-08-21 13:57:24,566 DEBUG 
=== 테스트 파일: 10개 ===
2025-08-21 13:57:24,571 DEBUG TEST_08.csv: (5404, 3), 매출수량 범위: [0, 484]
2025-08-21 13:57:24,574 DEBUG TEST_09.csv: (5404, 3), 매출수량 범위: [0, 501]
2025-08-21 13:57:24,577 DEBUG TEST_02.csv: (5404, 3), 매출수량 범위: [-9, 407]
2025-08-21 13:57:24,734 DEBUG 
=== 예측 결과 ===
2025-08-21 13:57:24,735 DEBUG damha_individual: (1176, 7), 범위: [6.00, 6.00]
2025-08-21 13:57:24,735 DEBUG mirasia_individual: (868, 7), 범위: [6.00, 6.00]
2025-08-21 13:57:24,736 DEBUG main_restaurants: (1372, 7), 범위: [19.00, 48.00]
2025-08-21 13:57:24,737 DEBUG regular_outlets: (644, 7), 범위: [6.00, 6.00]
2025-08-21 13:57:24,737 DEBUG special_venues: (1344, 7), 범위: [1.00, 2.00]
2025-08-21 14:20:38,065 DEBUG    - 훈련 데이터: 88,713행
2025-08-21 14:20:38,066 DEBUG    - 검증 데이터: 5,790행
2025-08-21 14:22:10,770 DEBUG === 모델 학습 상태 확인 ===
2025-08-21 14:22:10,772 DEBUG damha_individual: 학습됨=True
2025-08-21 14:22:10,772 DEBUG mirasia_individual: 학습됨=True
2025-08-21 14:22:10,773 DEBUG main_restaurants: 학습됨=True
2025-08-21 14:22:10,773 DEBUG regular_outlets: 학습됨=True
2025-08-21 14:22:10,774 DEBUG special_venues: 학습됨=True
2025-08-21 14:22:10,775 DEBUG 
=== 테스트 파일: 10개 ===
2025-08-21 14:22:10,778 DEBUG TEST_08.csv: (5404, 3), 매출수량 범위: [0, 484]
2025-08-21 14:22:10,782 DEBUG TEST_09.csv: (5404, 3), 매출수량 범위: [0, 501]
2025-08-21 14:22:10,785 DEBUG TEST_02.csv: (5404, 3), 매출수량 범위: [-9, 407]
2025-08-21 14:22:11,274 DEBUG 
=== 예측 결과 ===
2025-08-21 14:22:11,275 DEBUG damha_individual: (42, 7), 범위: [0.40, 49.11]
2025-08-21 14:22:11,275 DEBUG mirasia_individual: (31, 7), 범위: [0.00, 164.92]
2025-08-21 14:22:11,276 DEBUG main_restaurants: (49, 7), 범위: [-12.08, 195.38]
2025-08-21 14:22:11,276 DEBUG regular_outlets: (23, 7), 범위: [0.00, 107.01]
2025-08-21 14:22:11,276 DEBUG special_venues: (48, 7), 범위: [0.00, 83.78]
2025-08-21 14:33:36,299 DEBUG === 모델 학습 상태 확인 ===
2025-08-21 14:33:36,300 DEBUG damha_individual: 학습됨=True
2025-08-21 14:33:36,300 DEBUG mirasia_individual: 학습됨=True
2025-08-21 14:33:36,301 DEBUG main_restaurants: 학습됨=True
2025-08-21 14:33:36,301 DEBUG regular_outlets: 학습됨=True
2025-08-21 14:33:36,302 DEBUG special_venues: 학습됨=True
2025-08-21 14:33:36,303 DEBUG 
=== 테스트 파일: 10개 ===
2025-08-21 14:33:36,306 DEBUG TEST_08.csv: (5404, 3), 매출수량 범위: [0, 484]
2025-08-21 14:33:36,309 DEBUG TEST_09.csv: (5404, 3), 매출수량 범위: [0, 501]
2025-08-21 14:33:36,312 DEBUG TEST_02.csv: (5404, 3), 매출수량 범위: [-9, 407]
2025-08-21 14:33:36,734 DEBUG 
=== 예측 결과 ===
2025-08-21 14:33:36,735 DEBUG damha_individual: (42, 7), 범위: [0.40, 49.11]
2025-08-21 14:33:36,735 DEBUG mirasia_individual: (31, 7), 범위: [0.00, 164.92]
2025-08-21 14:33:36,735 DEBUG main_restaurants: (49, 7), 범위: [-12.08, 195.38]
2025-08-21 14:33:36,736 DEBUG regular_outlets: (23, 7), 범위: [0.00, 107.01]
2025-08-21 14:33:36,736 DEBUG special_venues: (48, 7), 범위: [0.00, 83.78]
2025-08-21 14:47:33,623 DEBUG    - 훈련 데이터: 88,713행
2025-08-21 14:47:33,624 DEBUG    - 검증 데이터: 5,790행
2025-08-21 14:49:06,529 DEBUG === 모델 학습 상태 확인 ===
2025-08-21 14:49:06,530 DEBUG damha_individual: 학습됨=True
2025-08-21 14:49:06,530 DEBUG mirasia_individual: 학습됨=True
2025-08-21 14:49:06,531 DEBUG main_restaurants: 학습됨=True
2025-08-21 14:49:06,531 DEBUG regular_outlets: 학습됨=True
2025-08-21 14:49:06,532 DEBUG special_venues: 학습됨=True
2025-08-21 14:49:06,533 DEBUG 
=== 테스트 파일: 10개 ===
2025-08-21 14:49:06,537 DEBUG TEST_08.csv: (5404, 3), 매출수량 범위: [0, 484]
2025-08-21 14:49:06,540 DEBUG TEST_09.csv: (5404, 3), 매출수량 범위: [0, 501]
2025-08-21 14:49:06,543 DEBUG TEST_02.csv: (5404, 3), 매출수량 범위: [-9, 407]
2025-08-21 14:49:06,970 DEBUG 
=== 예측 결과 ===
2025-08-21 14:49:06,971 DEBUG damha_individual: (42, 7), 범위: [0.40, 49.11]
2025-08-21 14:49:06,971 DEBUG mirasia_individual: (31, 7), 범위: [0.00, 164.92]
2025-08-21 14:49:06,971 DEBUG main_restaurants: (49, 7), 범위: [0.00, 195.38]
2025-08-21 14:49:06,972 DEBUG regular_outlets: (23, 7), 범위: [0.00, 107.01]
2025-08-21 14:49:06,972 DEBUG special_venues: (48, 7), 범위: [0.00, 83.78]
2025-08-21 14:50:19,036 DEBUG    - 훈련 데이터: 88,713행
2025-08-21 14:50:19,037 DEBUG    - 검증 데이터: 5,790행
2025-08-21 14:51:52,292 DEBUG === 모델 학습 상태 확인 ===
2025-08-21 14:51:52,294 DEBUG damha_individual: 학습됨=True
2025-08-21 14:51:52,294 DEBUG mirasia_individual: 학습됨=True
2025-08-21 14:51:52,295 DEBUG main_restaurants: 학습됨=True
2025-08-21 14:51:52,295 DEBUG regular_outlets: 학습됨=True
2025-08-21 14:51:52,295 DEBUG special_venues: 학습됨=True
2025-08-21 14:51:52,297 DEBUG 
=== 테스트 파일: 10개 ===
2025-08-21 14:51:52,300 DEBUG TEST_08.csv: (5404, 3), 매출수량 범위: [0, 484]
2025-08-21 14:51:52,303 DEBUG TEST_09.csv: (5404, 3), 매출수량 범위: [0, 501]
2025-08-21 14:51:52,307 DEBUG TEST_02.csv: (5404, 3), 매출수량 범위: [-9, 407]
2025-08-21 14:51:52,724 DEBUG 
=== 예측 결과 ===
2025-08-21 14:51:52,724 DEBUG damha_individual: (42, 7), 범위: [0.40, 49.11]
2025-08-21 14:51:52,725 DEBUG mirasia_individual: (31, 7), 범위: [0.00, 164.92]
2025-08-21 14:51:52,725 DEBUG main_restaurants: (49, 7), 범위: [0.00, 195.38]
2025-08-21 14:51:52,726 DEBUG regular_outlets: (23, 7), 범위: [0.00, 107.01]
2025-08-21 14:51:52,726 DEBUG special_venues: (48, 7), 범위: [0.00, 83.78]
2025-08-21 14:51:53,133 DEBUG 
damha_individual:
2025-08-21 14:51:53,133 DEBUG   형태: (42, 7)
2025-08-21 14:51:53,134 DEBUG   범위: [0.40, 49.11]
2025-08-21 14:51:53,134 DEBUG   음수 개수: 0
2025-08-21 14:51:53,134 DEBUG   0값 개수: 0
2025-08-21 14:51:53,135 DEBUG   샘플 0: [2.3416035 2.1164613 2.4169135 2.5063384 2.1607053 2.6321082 2.03144  ]
2025-08-21 14:51:53,136 DEBUG   샘플 1: [20.233892 19.948633 20.453667 18.647081 19.428555 23.353422 27.455454]
2025-08-21 14:51:53,136 DEBUG   샘플 2: [16.915096 17.224459 19.124622 17.542297 20.445251 22.18529  26.38723 ]
2025-08-21 14:51:53,137 DEBUG 
mirasia_individual:
2025-08-21 14:51:53,137 DEBUG   형태: (31, 7)
2025-08-21 14:51:53,137 DEBUG   범위: [0.00, 164.92]
2025-08-21 14:51:53,137 DEBUG   음수 개수: 0
2025-08-21 14:51:53,138 DEBUG   0값 개수: 14
2025-08-21 14:51:53,138 DEBUG   샘플 0: [0.04902602 0.0401122  0.0401122  0.0401122  0.0401122  0.0401122
 0.04902602]
2025-08-21 14:51:53,139 DEBUG   샘플 1: [1.78227735 0.8383463  0.8383463  0.8383463  0.8383463  0.8383463
 1.78227735]
2025-08-21 14:51:53,139 DEBUG   샘플 2: [2.42539198 1.33031336 1.33031336 1.33031336 1.33031336 1.33031336
 2.42539198]
2025-08-21 14:51:53,139 DEBUG 
main_restaurants:
2025-08-21 14:51:53,140 DEBUG   형태: (49, 7)
2025-08-21 14:51:53,140 DEBUG   범위: [0.00, 195.38]
2025-08-21 14:51:53,140 DEBUG   음수 개수: 0
2025-08-21 14:51:53,141 DEBUG   0값 개수: 46
2025-08-21 14:51:53,141 DEBUG   샘플 0: [0.         0.         0.         0.         0.         0.14398753
 1.33061708]
2025-08-21 14:51:53,141 DEBUG   샘플 1: [3.79406686 1.89663097 0.         0.         1.4108775  4.80263376
 5.44884434]
2025-08-21 14:51:53,142 DEBUG   샘플 2: [0.         0.         0.         0.         0.         0.48691289
 0.09453653]
2025-08-21 14:51:53,142 DEBUG 
regular_outlets:
2025-08-21 14:51:53,142 DEBUG   형태: (23, 7)
2025-08-21 14:51:53,143 DEBUG   범위: [0.00, 107.01]
2025-08-21 14:51:53,143 DEBUG   음수 개수: 0
2025-08-21 14:51:53,143 DEBUG   0값 개수: 2
2025-08-21 14:51:53,144 DEBUG   샘플 0: [6.77327468 4.57662653 6.03861205 5.20202058 4.75110853 6.06703359
 9.49038066]
2025-08-21 14:51:53,144 DEBUG   샘플 1: [ 19.64414986  54.49152689  39.48061173  82.13419047 107.01215439
  62.09275402   0.75219619]
2025-08-21 14:51:53,144 DEBUG   샘플 2: [3.81683978 3.22949084 2.4784205  3.14148264 2.79355326 3.98573252
 7.09690552]
2025-08-21 14:51:53,144 DEBUG 
special_venues:
2025-08-21 14:51:53,145 DEBUG   형태: (48, 7)
2025-08-21 14:51:53,145 DEBUG   범위: [0.00, 83.78]
2025-08-21 14:51:53,145 DEBUG   음수 개수: 0
2025-08-21 14:51:53,193 DEBUG   0값 개수: 242
2025-08-21 14:51:53,206 DEBUG   샘플 0: [83.78393522 83.78393522  0.          0.          0.          0.
  0.        ]
2025-08-21 14:51:53,209 DEBUG   샘플 1: [0.         0.57101712 0.         0.         0.57101712 0.
 0.        ]
2025-08-21 14:51:53,209 DEBUG   샘플 2: [0.         0.         0.         0.56454397 0.         0.
 0.56454397]
2025-08-21 14:51:53,209 DEBUG 
=== 제출 파일 변환 테스트 ===
2025-08-21 14:51:59,516 DEBUG 제출 파일 형태: (70, 194)
2025-08-21 14:51:59,518 DEBUG 0이 아닌 값 개수: 1922
2025-08-21 14:51:59,520 DEBUG 음수값 개수: 0
2025-08-21 14:51:59,520 DEBUG 
담하 관련 컬럼 수: 42
2025-08-21 14:51:59,521 DEBUG 담하 처음 5개 컬럼 값:
2025-08-21 14:51:59,521 DEBUG    담하_(단체) 공깃밥  담하_(단체) 생목살 김치전골 2.0  담하_(단체) 은이버섯 갈비탕  담하_(단체) 한우 우거지 국밥  \
0            0                     0                 0                  0   
1            0                     0                 0                  0   
2            0                     0                 0                  0   
3            0                     0                 0                  0   
4            0                     0                 0                  0   
5            0                     0                 0                  0   
6            0                     0                 0                  0   
7            0                     0                 0                  0   
8            0                     0                 0                  0   
9            0                     0                 0                  0   

   담하_(단체) 황태해장국 3/27까지  
0                     1  
1                     1  
2                     1  
3                     1  
4                     1  
5                     1  
6                     1  
7                     0  
8                     0  
9                     0  
2025-08-21 15:01:02,487 DEBUG === 모델 학습 상태 확인 ===
2025-08-21 15:01:02,488 DEBUG damha_individual: 학습됨=True
2025-08-21 15:01:02,488 DEBUG mirasia_individual: 학습됨=True
2025-08-21 15:01:02,488 DEBUG main_restaurants: 학습됨=True
2025-08-21 15:01:02,489 DEBUG regular_outlets: 학습됨=True
2025-08-21 15:01:02,489 DEBUG special_venues: 학습됨=True
2025-08-21 15:01:02,490 DEBUG 
=== 테스트 파일: 10개 ===
2025-08-21 15:01:02,494 DEBUG TEST_08.csv: (5404, 3), 매출수량 범위: [0, 484]
2025-08-21 15:01:02,497 DEBUG TEST_09.csv: (5404, 3), 매출수량 범위: [0, 501]
2025-08-21 15:01:02,501 DEBUG TEST_02.csv: (5404, 3), 매출수량 범위: [-9, 407]
2025-08-21 15:01:02,983 DEBUG 
=== 예측 결과 ===
2025-08-21 15:01:02,984 DEBUG damha_individual: (42, 7), 범위: [0.40, 49.11]
2025-08-21 15:01:02,984 DEBUG mirasia_individual: (31, 7), 범위: [0.00, 164.92]
2025-08-21 15:01:02,985 DEBUG main_restaurants: (49, 7), 범위: [0.00, 195.38]
2025-08-21 15:01:02,985 DEBUG regular_outlets: (23, 7), 범위: [0.00, 107.01]
2025-08-21 15:01:02,985 DEBUG special_venues: (48, 7), 범위: [0.00, 83.78]
2025-08-21 15:12:54,024 DEBUG 🚀 리조트 식음업장 수요 예측 시스템 시작
2025-08-21 15:12:54,025 DEBUG ==================================================
2025-08-21 15:12:54,026 DEBUG 
📊 1단계: 데이터 로드
2025-08-21 15:12:54,538 DEBUG    - 훈련 데이터: 88,713행
2025-08-21 15:12:54,539 DEBUG    - 검증 데이터: 5,790행
2025-08-21 15:12:54,539 DEBUG 
🤖 2단계: 모델 학습
2025-08-21 15:14:26,912 DEBUG 
📋 3단계: 제출 파일 생성
2025-08-21 15:14:31,793 DEBUG 
제출 파일 검증:
2025-08-21 15:14:31,794 DEBUG 형태: (70, 194)
2025-08-21 15:14:31,794 DEBUG 0이 아닌 값: 13510개
2025-08-21 15:14:31,794 DEBUG 성공! 예측값이 제출 파일에 반영됨
2025-08-21 15:14:31,795 DEBUG 
담하 샘플 (처음 5개 컬럼, 10행):
2025-08-21 15:14:31,796 DEBUG    담하_(단체) 공깃밥  담하_(단체) 생목살 김치전골 2.0  담하_(단체) 은이버섯 갈비탕  담하_(단체) 한우 우거지 국밥  \
0            5                     5                 5                  5   
1            5                     5                 5                  5   
2            4                     4                 4                  4   
3            5                     5                 5                  5   
4            5                     5                 5                  5   
5            7                     7                 7                  7   
6            5                     5                 5                  5   
7            6                     6                 6                  6   
8            6                     6                 6                  6   
9            5                     5                 5                  5   

   담하_(단체) 황태해장국 3/27까지  
0                     5  
1                     5  
2                     4  
3                     5  
4                     5  
5                     7  
6                     5  
7                     6  
8                     6  
9                     5  
2025-08-21 15:14:31,801 DEBUG 파일 저장: working_submission.csv
2025-08-21 15:14:31,801 DEBUG 
🎉 전체 파이프라인 완료!
2025-08-21 15:14:31,801 DEBUG ==================================================
2025-08-21 15:23:15,207 DEBUG 
🚀 리조트 식음업장 수요 예측 시스템 시작
2025-08-21 15:23:15,208 DEBUG ==================================================
2025-08-21 15:23:15,208 DEBUG 
📊 1단계: 데이터 로드
2025-08-21 15:23:15,725 DEBUG    - 훈련 데이터: 88,713행
2025-08-21 15:23:15,726 DEBUG    - 검증 데이터: 5,790행
2025-08-21 15:23:15,726 DEBUG 
🤖 2단계: 모델 학습
2025-08-21 15:24:49,338 DEBUG 
📋 3단계: 제출 파일 생성
2025-08-21 15:24:49,340 DEBUG 메뉴별 개별 예측값으로 제출 파일 생성 중...
2025-08-21 15:24:54,758 DEBUG 
제출 파일 검증:
2025-08-21 15:24:54,758 DEBUG 형태: (70, 194)
2025-08-21 15:24:54,759 DEBUG 0이 아닌 값: 9319개
2025-08-21 15:24:54,760 DEBUG 
담하 첫 10개 컬럼 (첫 7행):
2025-08-21 15:24:54,760 DEBUG    담하_(단체) 공깃밥  담하_(단체) 생목살 김치전골 2.0  담하_(단체) 은이버섯 갈비탕  담하_(단체) 한우 우거지 국밥  \
0            2                    20                17                  3   
1            2                    20                17                  2   
2            2                    20                19                  2   
3            3                    19                18                  2   
4            2                    19                20                  2   
5            3                    23                22                  3   
6            2                    27                26                  2   

   담하_(단체) 황태해장국 3/27까지  담하_(정식) 된장찌개  담하_(정식) 물냉면   담하_(정식) 비빔냉면  \
0                    30             6             3             2   
1                    38             5             2             2   
2                     2             6             2             2   
3                    23             6             3             2   
4                    43             5             3             2   
5                    49             8             3             3   
6                    16             6             3             2   

   담하_(후식) 된장찌개  담하_(후식) 물냉면  
0             2            3  
1             2            2  
2             2            2  
3             2            2  
4             2            2  
5             3            3  
6             2            2  
2025-08-21 15:24:54,762 DEBUG 
첫 번째 행의 고유값 개수: 6
2025-08-21 15:24:54,762 DEBUG 두 번째 행의 고유값 개수: 5
2025-08-21 15:24:54,767 DEBUG 파일 저장: menu_specific_submission.csv
2025-08-21 22:33:05,141 DEBUG 클러스터 기반 모델 학습 시작...
2025-08-21 22:33:05,142 DEBUG 메뉴 클러스터링 시작...
2025-08-21 22:33:05,353 DEBUG 클러스터 수: 10
2025-08-21 22:33:05,557 DEBUG 클러스터링 품질 점수: 0.379
2025-08-21 22:33:05,558 DEBUG 클러스터 5 (4개) → 클러스터 1로 병합
2025-08-21 22:33:05,562 DEBUG 클러스터 7 (3개) → 클러스터 1로 병합
2025-08-21 22:33:05,565 DEBUG 병합 후 클러스터 수: 8
2025-08-21 22:33:06,796 DEBUG 
=== 세밀한 클러스터 분석 결과 ===
2025-08-21 22:33:06,796 DEBUG 클러스터 0: 32개 메뉴
2025-08-21 22:33:06,797 DEBUG   - 타입: other
2025-08-21 22:33:06,798 DEBUG   - 평균매출: 24.5 (중앙값: 2.0)
2025-08-21 22:33:06,798 DEBUG   - 변동성: 1.88
2025-08-21 22:33:06,799 DEBUG   - 주말효과: 1.90
2025-08-21 22:33:06,800 DEBUG   - 피크패턴: weekend_peak
2025-08-21 22:34:17,239 DEBUG 클러스터 기반 모델 학습 시작...
2025-08-21 22:34:17,240 DEBUG 메뉴 클러스터링 시작...
2025-08-21 22:34:17,378 DEBUG 클러스터 수: 10
2025-08-21 22:34:17,560 DEBUG 클러스터링 품질 점수: 0.379
2025-08-21 22:34:17,560 DEBUG 클러스터 5 (4개) → 클러스터 1로 병합
2025-08-21 22:34:17,562 DEBUG 클러스터 7 (3개) → 클러스터 1로 병합
2025-08-21 22:34:17,564 DEBUG 병합 후 클러스터 수: 8
2025-08-21 22:34:18,869 DEBUG 
=== 세밀한 클러스터 분석 결과 ===
2025-08-21 22:34:18,869 DEBUG 클러스터 0: 32개 메뉴
2025-08-21 22:34:18,870 DEBUG   - 타입: other
2025-08-21 22:34:18,871 DEBUG   - 평균매출: 24.5 (중앙값: 2.0)
2025-08-21 22:34:18,872 DEBUG   - 변동성: 1.88
2025-08-21 22:34:18,872 DEBUG   - 주말효과: 1.90
2025-08-21 22:34:18,872 DEBUG   - 피크패턴: weekend_peak
2025-08-21 22:34:18,873 DEBUG 

2025-08-21 22:34:18,874 DEBUG 클러스터 1: 98개 메뉴
2025-08-21 22:34:18,874 DEBUG   - 타입: other
2025-08-21 22:34:18,874 DEBUG   - 평균매출: 7.0 (중앙값: 0.0)
2025-08-21 22:34:18,875 DEBUG   - 변동성: 6.67
2025-08-21 22:34:18,875 DEBUG   - 주말효과: 1.83
2025-08-21 22:34:18,876 DEBUG   - 피크패턴: weekend_peak
2025-08-21 22:34:18,877 DEBUG 

2025-08-21 22:34:18,877 DEBUG 클러스터 2: 12개 메뉴
2025-08-21 22:34:18,878 DEBUG   - 타입: main
2025-08-21 22:34:18,878 DEBUG   - 평균매출: 6.3 (중앙값: 2.0)
2025-08-21 22:34:18,878 DEBUG   - 변동성: 2.14
2025-08-21 22:34:18,879 DEBUG   - 주말효과: 1.62
2025-08-21 22:34:18,879 DEBUG   - 피크패턴: weekend_peak
2025-08-21 22:34:18,879 DEBUG 

2025-08-21 22:34:18,880 DEBUG 클러스터 3: 11개 메뉴
2025-08-21 22:34:18,880 DEBUG   - 타입: group
2025-08-21 22:34:18,881 DEBUG   - 평균매출: 20.5 (중앙값: 0.0)
2025-08-21 22:34:18,881 DEBUG   - 변동성: 2.46
2025-08-21 22:34:18,882 DEBUG   - 주말효과: 0.20
2025-08-21 22:34:18,884 DEBUG   - 피크패턴: weekday_peak
2025-08-21 22:34:18,885 DEBUG 

2025-08-21 22:34:18,885 DEBUG 클러스터 4: 9개 메뉴
2025-08-21 22:34:18,886 DEBUG   - 타입: drink
2025-08-21 22:34:18,886 DEBUG   - 평균매출: 3.0 (중앙값: 0.0)
2025-08-21 22:34:18,887 DEBUG   - 변동성: 4.44
2025-08-21 22:34:18,887 DEBUG   - 주말효과: 2.10
2025-08-21 22:34:18,888 DEBUG   - 피크패턴: weekend_peak
2025-08-21 22:34:18,888 DEBUG 

2025-08-21 22:34:18,889 DEBUG 클러스터 6: 10개 메뉴
2025-08-21 22:34:18,889 DEBUG   - 타입: main
2025-08-21 22:34:18,889 DEBUG   - 평균매출: 8.6 (중앙값: 3.0)
2025-08-21 22:34:18,890 DEBUG   - 변동성: 1.62
2025-08-21 22:34:18,890 DEBUG   - 주말효과: 1.74
2025-08-21 22:34:18,890 DEBUG   - 피크패턴: weekend_peak
2025-08-21 22:34:18,890 DEBUG 

2025-08-21 22:34:18,891 DEBUG 클러스터 8: 7개 메뉴
2025-08-21 22:34:18,891 DEBUG   - 타입: brunch
2025-08-21 22:34:18,892 DEBUG   - 평균매출: 21.1 (중앙값: 4.0)
2025-08-21 22:34:18,892 DEBUG   - 변동성: 1.87
2025-08-21 22:34:18,893 DEBUG   - 주말효과: 1.25
2025-08-21 22:34:18,894 DEBUG   - 피크패턴: balanced
2025-08-21 22:34:18,894 DEBUG 

2025-08-21 22:34:18,895 DEBUG 클러스터 9: 14개 메뉴
2025-08-21 22:34:18,896 DEBUG   - 타입: other
2025-08-21 22:34:18,897 DEBUG   - 평균매출: 1.8 (중앙값: 0.0)
2025-08-21 22:34:18,898 DEBUG   - 변동성: 7.11
2025-08-21 22:34:18,899 DEBUG   - 주말효과: 0.13
2025-08-21 22:34:18,899 DEBUG   - 피크패턴: weekday_peak
2025-08-21 22:34:18,900 DEBUG 

2025-08-21 22:34:39,789 DEBUG 클러스터 피처: (96114, 60), 타겟: (96114, 7)
2025-08-21 22:35:07,235 DEBUG 클러스터별 전용 모델 학습 중...
2025-08-21 22:35:31,511 DEBUG 전체 모델 + 8개 클러스터 모델 학습 완료
2025-08-21 22:35:31,531 DEBUG 클러스터 기반 처리: TEST_00.csv
2025-08-21 22:35:31,610 DEBUG 매출 여부 예측 중...
2025-08-21 22:35:32,649 DEBUG 클러스터 기반 처리: TEST_01.csv
2025-08-21 22:35:32,723 DEBUG 매출 여부 예측 중...
2025-08-21 22:35:33,642 DEBUG 클러스터 기반 처리: TEST_02.csv
2025-08-21 22:35:33,718 DEBUG 매출 여부 예측 중...
2025-08-21 22:35:34,642 DEBUG 클러스터 기반 처리: TEST_03.csv
2025-08-21 22:35:34,718 DEBUG 매출 여부 예측 중...
2025-08-21 22:35:35,634 DEBUG 클러스터 기반 처리: TEST_04.csv
2025-08-21 22:35:35,708 DEBUG 매출 여부 예측 중...
2025-08-21 22:35:36,657 DEBUG 클러스터 기반 처리: TEST_05.csv
2025-08-21 22:35:36,731 DEBUG 매출 여부 예측 중...
2025-08-21 22:35:37,656 DEBUG 클러스터 기반 처리: TEST_06.csv
2025-08-21 22:35:37,732 DEBUG 매출 여부 예측 중...
2025-08-21 22:35:38,657 DEBUG 클러스터 기반 처리: TEST_07.csv
2025-08-21 22:35:38,732 DEBUG 매출 여부 예측 중...
2025-08-21 22:35:39,717 DEBUG 클러스터 기반 처리: TEST_08.csv
2025-08-21 22:35:39,792 DEBUG 매출 여부 예측 중...
2025-08-21 22:35:40,708 DEBUG 클러스터 기반 처리: TEST_09.csv
2025-08-21 22:35:40,781 DEBUG 매출 여부 예측 중...
2025-08-21 22:35:41,758 DEBUG cluster_based_submission.csv 생성 완료!
2025-08-22 16:27:20,810 DEBUG 클러스터 기반 모델 학습 시작...
2025-08-22 16:27:20,811 DEBUG 메뉴 클러스터링 시작...
2025-08-22 16:27:22,687 DEBUG 클러스터 수: 6
2025-08-22 16:27:23,942 DEBUG 클러스터 0: 7개 메뉴, 평균매출 21.1, 타입: brunch
2025-08-22 16:27:23,943 DEBUG 클러스터 1: 24개 메뉴, 평균매출 11.2, 타입: other
2025-08-22 16:27:23,943 DEBUG 클러스터 2: 11개 메뉴, 평균매출 62.9, 타입: other
2025-08-22 16:27:23,944 DEBUG 클러스터 3: 18개 메뉴, 평균매출 8.6, 타입: main
2025-08-22 16:27:23,944 DEBUG 클러스터 4: 123개 메뉴, 평균매출 6.1, 타입: other
2025-08-22 16:27:23,944 DEBUG 클러스터 5: 10개 메뉴, 평균매출 3.6, 타입: drink
2025-08-22 16:32:29,146 DEBUG 클러스터 기반 모델 학습 시작...
2025-08-22 16:32:29,148 DEBUG 메뉴 클러스터링 시작...
2025-08-22 16:32:29,314 DEBUG 클러스터 수: 6
2025-08-22 16:32:30,451 DEBUG 클러스터 0: 7개 메뉴, 평균매출 21.1, 타입: brunch
2025-08-22 16:32:30,452 DEBUG 클러스터 1: 24개 메뉴, 평균매출 11.2, 타입: other
2025-08-22 16:32:30,452 DEBUG 클러스터 2: 11개 메뉴, 평균매출 62.9, 타입: other
2025-08-22 16:32:30,453 DEBUG 클러스터 3: 18개 메뉴, 평균매출 8.6, 타입: main
2025-08-22 16:32:30,453 DEBUG 클러스터 4: 123개 메뉴, 평균매출 6.1, 타입: other
2025-08-22 16:32:30,453 DEBUG 클러스터 5: 10개 메뉴, 평균매출 3.6, 타입: drink
2025-08-22 16:37:49,556 DEBUG 클러스터 기반 모델 학습 시작...
2025-08-22 16:37:49,558 DEBUG 메뉴 클러스터링 시작...
2025-08-22 16:37:49,715 DEBUG 클러스터 수: 6
2025-08-22 16:37:50,873 DEBUG 클러스터 0: 62개 메뉴, 평균매출 14.4, 타입: other
2025-08-22 16:37:50,873 DEBUG 클러스터 1: 88개 메뉴, 평균매출 2.0, 타입: other
2025-08-22 16:37:50,874 DEBUG 클러스터 2: 7개 메뉴, 평균매출 21.1, 타입: brunch
2025-08-22 16:37:50,874 DEBUG 클러스터 3: 14개 메뉴, 평균매출 18.3, 타입: group
2025-08-22 16:37:50,875 DEBUG 클러스터 4: 4개 메뉴, 평균매출 106.5, 타입: other
2025-08-22 16:37:50,875 DEBUG 클러스터 5: 18개 메뉴, 평균매출 8.6, 타입: main
2025-08-22 16:38:33,878 DEBUG 클러스터 피처: (96114, 52), 타겟: (96114, 7)
2025-08-22 16:38:34,236 DEBUG matplotlib data path: /Users/widohun/tf_env/lib/python3.10/site-packages/matplotlib/mpl-data
2025-08-22 16:38:34,240 DEBUG CONFIGDIR=/Users/widohun/.matplotlib
2025-08-22 16:38:34,277 DEBUG interactive is False
2025-08-22 16:38:34,278 DEBUG platform is darwin
2025-08-22 16:39:08,391 DEBUG 클러스터별 전용 모델 학습 중...
2025-08-22 16:39:27,390 DEBUG 전체 모델 + 6개 클러스터 모델 학습 완료
2025-08-22 16:39:27,408 DEBUG 클러스터 기반 처리: TEST_00.csv
2025-08-22 16:39:27,532 DEBUG 매출 여부 예측 중...
2025-08-22 16:39:28,457 DEBUG 클러스터 기반 처리: TEST_01.csv
2025-08-22 16:39:28,576 DEBUG 매출 여부 예측 중...
2025-08-22 16:39:29,457 DEBUG 클러스터 기반 처리: TEST_02.csv
2025-08-22 16:39:29,577 DEBUG 매출 여부 예측 중...
2025-08-22 16:39:30,458 DEBUG 클러스터 기반 처리: TEST_03.csv
2025-08-22 16:39:30,576 DEBUG 매출 여부 예측 중...
2025-08-22 16:39:31,451 DEBUG 클러스터 기반 처리: TEST_04.csv
2025-08-22 16:39:31,570 DEBUG 매출 여부 예측 중...
2025-08-22 16:39:32,491 DEBUG 클러스터 기반 처리: TEST_05.csv
2025-08-22 16:39:32,611 DEBUG 매출 여부 예측 중...
2025-08-22 16:39:33,510 DEBUG 클러스터 기반 처리: TEST_06.csv
2025-08-22 16:39:33,631 DEBUG 매출 여부 예측 중...
2025-08-22 16:39:34,539 DEBUG 클러스터 기반 처리: TEST_07.csv
2025-08-22 16:39:34,661 DEBUG 매출 여부 예측 중...
2025-08-22 16:39:35,575 DEBUG 클러스터 기반 처리: TEST_08.csv
2025-08-22 16:39:35,695 DEBUG 매출 여부 예측 중...
2025-08-22 16:39:36,598 DEBUG 클러스터 기반 처리: TEST_09.csv
2025-08-22 16:39:36,718 DEBUG 매출 여부 예측 중...
2025-08-22 16:39:37,661 DEBUG cluster_based_submission_4.csv 생성 완료!
2025-08-22 17:34:30,095 DEBUG 클러스터 기반 모델 학습 시작...
2025-08-22 17:34:30,096 DEBUG 메뉴 클러스터링 시작...
2025-08-22 17:34:30,262 DEBUG 클러스터 수: 6
2025-08-22 17:34:31,335 DEBUG 클러스터 0: 75개 메뉴, 평균매출 3.0, 타입: other
2025-08-22 17:34:31,336 DEBUG 클러스터 1: 9개 메뉴, 평균매출 11.6, 타입: main
2025-08-22 17:34:31,336 DEBUG 클러스터 2: 82개 메뉴, 평균매출 11.5, 타입: other
2025-08-22 17:34:31,337 DEBUG 클러스터 3: 6개 메뉴, 평균매출 87.5, 타입: other
2025-08-22 17:34:31,337 DEBUG 클러스터 4: 14개 메뉴, 평균매출 19.4, 타입: group
2025-08-22 17:34:31,337 DEBUG 클러스터 5: 7개 메뉴, 평균매출 21.1, 타입: brunch
2025-08-22 17:35:11,735 DEBUG 클러스터 피처: (87941, 52), 타겟: (87941, 7)
2025-08-22 17:35:44,106 DEBUG 클러스터별 전용 모델 학습 중...
2025-08-22 17:36:02,761 DEBUG 전체 모델 + 6개 클러스터 모델 학습 완료
2025-08-22 17:36:02,783 DEBUG 클러스터 기반 처리: TEST_00.csv
2025-08-22 17:36:02,912 DEBUG 매출 여부 예측 중...
2025-08-22 17:36:03,834 DEBUG 클러스터 기반 처리: TEST_01.csv
2025-08-22 17:36:03,956 DEBUG 매출 여부 예측 중...
2025-08-22 17:36:04,883 DEBUG 클러스터 기반 처리: TEST_02.csv
2025-08-22 17:36:05,005 DEBUG 매출 여부 예측 중...
2025-08-22 17:36:05,914 DEBUG 클러스터 기반 처리: TEST_03.csv
2025-08-22 17:36:06,038 DEBUG 매출 여부 예측 중...
2025-08-22 17:36:06,998 DEBUG 클러스터 기반 처리: TEST_04.csv
2025-08-22 17:36:07,122 DEBUG 매출 여부 예측 중...
2025-08-22 17:36:08,033 DEBUG 클러스터 기반 처리: TEST_05.csv
2025-08-22 17:36:08,155 DEBUG 매출 여부 예측 중...
2025-08-22 17:36:09,072 DEBUG 클러스터 기반 처리: TEST_06.csv
2025-08-22 17:36:09,195 DEBUG 매출 여부 예측 중...
2025-08-22 17:36:10,108 DEBUG 클러스터 기반 처리: TEST_07.csv
2025-08-22 17:36:10,231 DEBUG 매출 여부 예측 중...
2025-08-22 17:36:11,145 DEBUG 클러스터 기반 처리: TEST_08.csv
2025-08-22 17:36:11,269 DEBUG 매출 여부 예측 중...
2025-08-22 17:36:12,185 DEBUG 클러스터 기반 처리: TEST_09.csv
2025-08-22 17:36:12,307 DEBUG 매출 여부 예측 중...
2025-08-22 17:36:13,280 DEBUG submission 생성 완료!
2025-08-22 17:39:55,419 DEBUG 클러스터 기반 모델 학습 시작...
2025-08-22 17:39:55,420 DEBUG 메뉴 클러스터링 시작...
2025-08-22 17:39:55,584 DEBUG 클러스터 수: 6
2025-08-22 17:39:56,777 DEBUG 클러스터 0: 75개 메뉴, 평균매출 3.0, 타입: other
2025-08-22 17:39:56,778 DEBUG 클러스터 1: 9개 메뉴, 평균매출 11.6, 타입: main
2025-08-22 17:39:56,778 DEBUG 클러스터 2: 82개 메뉴, 평균매출 11.5, 타입: other
2025-08-22 17:39:56,779 DEBUG 클러스터 3: 6개 메뉴, 평균매출 87.5, 타입: other
2025-08-22 17:39:56,779 DEBUG 클러스터 4: 14개 메뉴, 평균매출 19.4, 타입: group
2025-08-22 17:39:56,779 DEBUG 클러스터 5: 7개 메뉴, 평균매출 21.1, 타입: brunch
2025-08-22 17:40:37,629 DEBUG 클러스터 피처: (87941, 52), 타겟: (87941, 7)
2025-08-22 17:41:14,584 DEBUG 클러스터 기반 모델 학습 시작...
2025-08-22 17:41:14,585 DEBUG 메뉴 클러스터링 시작...
2025-08-22 17:41:14,762 DEBUG 클러스터 수: 6
2025-08-22 17:41:15,776 DEBUG 클러스터 0: 75개 메뉴, 평균매출 3.0, 타입: other
2025-08-22 17:41:15,776 DEBUG 클러스터 1: 9개 메뉴, 평균매출 11.6, 타입: main
2025-08-22 17:41:15,777 DEBUG 클러스터 2: 82개 메뉴, 평균매출 11.5, 타입: other
2025-08-22 17:41:15,777 DEBUG 클러스터 3: 6개 메뉴, 평균매출 87.5, 타입: other
2025-08-22 17:41:15,777 DEBUG 클러스터 4: 14개 메뉴, 평균매출 19.4, 타입: group
2025-08-22 17:41:15,778 DEBUG 클러스터 5: 7개 메뉴, 평균매출 21.1, 타입: brunch
2025-08-22 17:41:56,362 DEBUG 클러스터 피처: (87941, 52), 타겟: (87941, 7)
2025-08-22 17:42:29,897 DEBUG 클러스터별 전용 모델 학습 중...
2025-08-22 17:42:49,204 DEBUG 전체 모델 + 6개 클러스터 모델 학습 완료
2025-08-22 17:42:49,218 DEBUG 클러스터 기반 처리: TEST_00.csv
2025-08-22 17:42:49,345 DEBUG 매출 여부 예측 중...
2025-08-22 17:42:50,271 DEBUG 클러스터 기반 처리: TEST_01.csv
2025-08-22 17:42:50,438 DEBUG 매출 여부 예측 중...
2025-08-22 17:42:51,563 DEBUG 클러스터 기반 처리: TEST_02.csv
2025-08-22 17:42:51,715 DEBUG 매출 여부 예측 중...
2025-08-22 17:42:52,774 DEBUG 클러스터 기반 처리: TEST_03.csv
2025-08-22 17:42:52,910 DEBUG 매출 여부 예측 중...
2025-08-22 17:42:53,983 DEBUG 클러스터 기반 처리: TEST_04.csv
2025-08-22 17:42:54,123 DEBUG 매출 여부 예측 중...
2025-08-22 17:42:55,069 DEBUG 클러스터 기반 처리: TEST_05.csv
2025-08-22 17:42:55,194 DEBUG 매출 여부 예측 중...
2025-08-22 17:42:56,272 DEBUG 클러스터 기반 처리: TEST_06.csv
2025-08-22 17:42:56,392 DEBUG 매출 여부 예측 중...
2025-08-22 17:42:57,356 DEBUG 클러스터 기반 처리: TEST_07.csv
2025-08-22 17:42:57,480 DEBUG 매출 여부 예측 중...
2025-08-22 17:42:58,476 DEBUG 클러스터 기반 처리: TEST_08.csv
2025-08-22 17:42:58,604 DEBUG 매출 여부 예측 중...
2025-08-22 17:42:59,607 DEBUG 클러스터 기반 처리: TEST_09.csv
2025-08-22 17:42:59,729 DEBUG 매출 여부 예측 중...
2025-08-22 17:44:48,589 DEBUG 클러스터 기반 모델 학습 시작...
2025-08-22 17:44:48,590 DEBUG 메뉴 클러스터링 시작...
2025-08-22 17:44:48,788 DEBUG 클러스터 수: 6
2025-08-22 17:44:49,819 DEBUG 클러스터 0: 75개 메뉴, 평균매출 3.0, 타입: other
2025-08-22 17:44:49,819 DEBUG 클러스터 1: 9개 메뉴, 평균매출 11.6, 타입: main
2025-08-22 17:44:49,819 DEBUG 클러스터 2: 82개 메뉴, 평균매출 11.5, 타입: other
2025-08-22 17:44:49,820 DEBUG 클러스터 3: 6개 메뉴, 평균매출 87.5, 타입: other
2025-08-22 17:44:49,820 DEBUG 클러스터 4: 14개 메뉴, 평균매출 19.4, 타입: group
2025-08-22 17:44:49,821 DEBUG 클러스터 5: 7개 메뉴, 평균매출 21.1, 타입: brunch
2025-08-22 17:45:29,672 DEBUG 클러스터 피처: (87941, 52), 타겟: (87941, 7)
2025-08-22 17:46:02,404 DEBUG 클러스터별 전용 모델 학습 중...
2025-08-22 17:46:21,219 DEBUG 전체 모델 + 6개 클러스터 모델 학습 완료
2025-08-22 17:46:21,231 DEBUG 클러스터 기반 처리: TEST_00.csv
2025-08-22 17:46:21,356 DEBUG 매출 여부 예측 중...
2025-08-22 17:46:22,338 DEBUG 클러스터 기반 처리: TEST_01.csv
2025-08-22 17:46:22,461 DEBUG 매출 여부 예측 중...
2025-08-22 17:46:23,381 DEBUG 클러스터 기반 처리: TEST_02.csv
2025-08-22 17:46:23,505 DEBUG 매출 여부 예측 중...
2025-08-22 17:46:24,457 DEBUG 클러스터 기반 처리: TEST_03.csv
2025-08-22 17:46:24,583 DEBUG 매출 여부 예측 중...
2025-08-22 17:46:25,529 DEBUG 클러스터 기반 처리: TEST_04.csv
2025-08-22 17:46:25,654 DEBUG 매출 여부 예측 중...
2025-08-22 17:46:26,591 DEBUG 클러스터 기반 처리: TEST_05.csv
2025-08-22 17:46:26,834 DEBUG 매출 여부 예측 중...
2025-08-22 17:46:27,799 DEBUG 클러스터 기반 처리: TEST_06.csv
2025-08-22 17:46:27,920 DEBUG 매출 여부 예측 중...
2025-08-22 17:46:28,879 DEBUG 클러스터 기반 처리: TEST_07.csv
2025-08-22 17:46:29,002 DEBUG 매출 여부 예측 중...
2025-08-22 17:46:29,921 DEBUG 클러스터 기반 처리: TEST_08.csv
2025-08-22 17:46:30,043 DEBUG 매출 여부 예측 중...
2025-08-22 17:46:30,962 DEBUG 클러스터 기반 처리: TEST_09.csv
2025-08-22 17:46:31,087 DEBUG 매출 여부 예측 중...
2025-08-22 17:46:32,098 DEBUG submission 생성 완료!
2025-08-22 18:05:35,676 DEBUG 클러스터 기반 모델 학습 시작...
2025-08-22 18:05:35,677 DEBUG 메뉴 클러스터링 시작...
2025-08-22 18:05:36,676 DEBUG 클러스터 수: 6
2025-08-22 18:05:37,849 DEBUG 클러스터 0: 16개 메뉴, 평균매출 17.7, 타입: group
2025-08-22 18:05:37,849 DEBUG 클러스터 1: 121개 메뉴, 평균매출 2.7, 타입: other
2025-08-22 18:05:37,850 DEBUG 클러스터 2: 10개 메뉴, 평균매출 10.8, 타입: main
2025-08-22 18:05:37,850 DEBUG 클러스터 3: 4개 메뉴, 평균매출 106.5, 타입: other
2025-08-22 18:05:37,851 DEBUG 클러스터 4: 35개 메뉴, 평균매출 23.8, 타입: other
2025-08-22 18:05:37,851 DEBUG 클러스터 5: 7개 메뉴, 평균매출 21.1, 타입: brunch
2025-08-22 18:06:17,107 DEBUG 클러스터 기반 모델 학습 시작...
2025-08-22 18:06:17,109 DEBUG 메뉴 클러스터링 시작...
2025-08-22 18:06:17,285 DEBUG 클러스터 수: 6
2025-08-22 18:06:18,291 DEBUG 클러스터 0: 16개 메뉴, 평균매출 17.7, 타입: group
2025-08-22 18:06:18,291 DEBUG 클러스터 1: 121개 메뉴, 평균매출 2.7, 타입: other
2025-08-22 18:06:18,292 DEBUG 클러스터 2: 10개 메뉴, 평균매출 10.8, 타입: main
2025-08-22 18:06:18,292 DEBUG 클러스터 3: 4개 메뉴, 평균매출 106.5, 타입: other
2025-08-22 18:06:18,292 DEBUG 클러스터 4: 35개 메뉴, 평균매출 23.8, 타입: other
2025-08-22 18:06:18,293 DEBUG 클러스터 5: 7개 메뉴, 평균매출 21.1, 타입: brunch
2025-08-22 18:06:37,266 DEBUG 클러스터 피처: (87941, 60), 타겟: (87941, 7)
2025-08-22 18:06:37,450 DEBUG matplotlib data path: /Users/widohun/tf_env/lib/python3.10/site-packages/matplotlib/mpl-data
2025-08-22 18:06:37,454 DEBUG CONFIGDIR=/Users/widohun/.matplotlib
2025-08-22 18:06:37,469 DEBUG interactive is False
2025-08-22 18:06:37,469 DEBUG platform is darwin
2025-08-22 18:07:03,571 DEBUG 클러스터별 전용 모델 학습 중...
2025-08-22 18:07:22,359 DEBUG 전체 모델 + 6개 클러스터 모델 학습 완료
2025-08-22 18:07:22,373 DEBUG 클러스터 기반 처리: TEST_00.csv
2025-08-22 18:07:22,448 DEBUG 매출 여부 예측 중...
2025-08-22 18:07:23,355 DEBUG 클러스터 기반 처리: TEST_01.csv
2025-08-22 18:07:23,431 DEBUG 매출 여부 예측 중...
2025-08-22 18:07:24,365 DEBUG 클러스터 기반 처리: TEST_02.csv
2025-08-22 18:07:24,440 DEBUG 매출 여부 예측 중...
2025-08-22 18:07:25,345 DEBUG 클러스터 기반 처리: TEST_03.csv
2025-08-22 18:07:25,424 DEBUG 매출 여부 예측 중...
2025-08-22 18:07:26,355 DEBUG 클러스터 기반 처리: TEST_04.csv
2025-08-22 18:07:26,435 DEBUG 매출 여부 예측 중...
2025-08-22 18:07:27,351 DEBUG 클러스터 기반 처리: TEST_05.csv
2025-08-22 18:07:27,430 DEBUG 매출 여부 예측 중...
2025-08-22 18:07:28,344 DEBUG 클러스터 기반 처리: TEST_06.csv
2025-08-22 18:07:28,421 DEBUG 매출 여부 예측 중...
2025-08-22 18:07:29,340 DEBUG 클러스터 기반 처리: TEST_07.csv
2025-08-22 18:07:29,418 DEBUG 매출 여부 예측 중...
2025-08-22 18:07:30,385 DEBUG 클러스터 기반 처리: TEST_08.csv
2025-08-22 18:07:30,533 DEBUG 매출 여부 예측 중...
2025-08-22 18:07:31,438 DEBUG 클러스터 기반 처리: TEST_09.csv
2025-08-22 18:07:31,513 DEBUG 매출 여부 예측 중...
2025-08-22 18:07:32,425 DEBUG submission 생성 완료!
2025-08-22 18:08:39,998 DEBUG 클러스터 기반 모델 학습 시작...
2025-08-22 18:08:40,000 DEBUG 메뉴 클러스터링 시작...
2025-08-22 18:08:40,188 DEBUG 클러스터 수: 6
2025-08-22 18:08:41,397 DEBUG 클러스터 0: 14개 메뉴, 평균매출 19.1, 타입: group
2025-08-22 18:08:41,398 DEBUG 클러스터 1: 38개 메뉴, 평균매출 21.2, 타입: other
2025-08-22 18:08:41,398 DEBUG 클러스터 2: 10개 메뉴, 평균매출 8.6, 타입: main
2025-08-22 18:08:41,399 DEBUG 클러스터 3: 6개 메뉴, 평균매출 87.5, 타입: other
2025-08-22 18:08:41,399 DEBUG 클러스터 4: 7개 메뉴, 평균매출 21.1, 타입: brunch
2025-08-22 18:08:41,400 DEBUG 클러스터 5: 118개 메뉴, 평균매출 1.9, 타입: other
2025-08-22 18:09:02,238 DEBUG 클러스터 피처: (96114, 60), 타겟: (96114, 7)
2025-08-22 18:09:29,106 DEBUG 클러스터별 전용 모델 학습 중...
2025-08-22 18:09:48,143 DEBUG 전체 모델 + 6개 클러스터 모델 학습 완료
2025-08-22 18:09:48,158 DEBUG 클러스터 기반 처리: TEST_00.csv
2025-08-22 18:09:48,235 DEBUG 매출 여부 예측 중...
2025-08-22 18:09:49,135 DEBUG 클러스터 기반 처리: TEST_01.csv
2025-08-22 18:09:49,209 DEBUG 매출 여부 예측 중...
2025-08-22 18:09:50,108 DEBUG 클러스터 기반 처리: TEST_02.csv
2025-08-22 18:09:50,182 DEBUG 매출 여부 예측 중...
2025-08-22 18:09:51,080 DEBUG 클러스터 기반 처리: TEST_03.csv
2025-08-22 18:09:51,155 DEBUG 매출 여부 예측 중...
2025-08-22 18:09:52,053 DEBUG 클러스터 기반 처리: TEST_04.csv
2025-08-22 18:09:52,218 DEBUG 매출 여부 예측 중...
2025-08-22 18:09:53,154 DEBUG 클러스터 기반 처리: TEST_05.csv
2025-08-22 18:09:53,232 DEBUG 매출 여부 예측 중...
2025-08-22 18:09:54,235 DEBUG 클러스터 기반 처리: TEST_06.csv
2025-08-22 18:09:54,312 DEBUG 매출 여부 예측 중...
2025-08-22 18:09:55,256 DEBUG 클러스터 기반 처리: TEST_07.csv
2025-08-22 18:09:55,333 DEBUG 매출 여부 예측 중...
2025-08-22 18:09:56,229 DEBUG 클러스터 기반 처리: TEST_08.csv
2025-08-22 18:09:56,306 DEBUG 매출 여부 예측 중...
2025-08-22 18:09:57,204 DEBUG 클러스터 기반 처리: TEST_09.csv
2025-08-22 18:09:57,280 DEBUG 매출 여부 예측 중...
2025-08-22 18:09:58,198 DEBUG submission 생성 완료!
2025-08-22 18:11:21,832 DEBUG 클러스터 기반 모델 학습 시작...
2025-08-22 18:11:21,834 DEBUG 메뉴 클러스터링 시작...
2025-08-22 18:11:22,030 DEBUG 클러스터 수: 6
2025-08-22 18:11:23,152 DEBUG 클러스터 0: 14개 메뉴, 평균매출 19.1, 타입: group
2025-08-22 18:11:23,153 DEBUG 클러스터 1: 38개 메뉴, 평균매출 21.2, 타입: other
2025-08-22 18:11:23,153 DEBUG 클러스터 2: 10개 메뉴, 평균매출 8.6, 타입: main
2025-08-22 18:11:23,153 DEBUG 클러스터 3: 6개 메뉴, 평균매출 87.5, 타입: other
2025-08-22 18:11:23,154 DEBUG 클러스터 4: 7개 메뉴, 평균매출 21.1, 타입: brunch
2025-08-22 18:11:23,154 DEBUG 클러스터 5: 118개 메뉴, 평균매출 1.9, 타입: other
2025-08-22 18:11:44,000 DEBUG 클러스터 피처: (96114, 60), 타겟: (96114, 7)
2025-08-22 18:12:11,842 DEBUG 클러스터별 전용 모델 학습 중...
2025-08-22 18:12:31,397 DEBUG 전체 모델 + 6개 클러스터 모델 학습 완료
2025-08-22 18:12:31,412 DEBUG 클러스터 기반 처리: TEST_00.csv
2025-08-22 18:12:31,491 DEBUG 매출 여부 예측 중...
2025-08-22 18:12:32,419 DEBUG 클러스터 기반 처리: TEST_01.csv
2025-08-22 18:12:32,494 DEBUG 매출 여부 예측 중...
2025-08-22 18:12:33,430 DEBUG 클러스터 기반 처리: TEST_02.csv
2025-08-22 18:12:33,506 DEBUG 매출 여부 예측 중...
2025-08-22 18:12:34,435 DEBUG 클러스터 기반 처리: TEST_03.csv
2025-08-22 18:12:34,510 DEBUG 매출 여부 예측 중...
2025-08-22 18:12:35,557 DEBUG 클러스터 기반 처리: TEST_04.csv
2025-08-22 18:12:35,634 DEBUG 매출 여부 예측 중...
2025-08-22 18:12:36,582 DEBUG 클러스터 기반 처리: TEST_05.csv
2025-08-22 18:12:36,660 DEBUG 매출 여부 예측 중...
2025-08-22 18:12:37,606 DEBUG 클러스터 기반 처리: TEST_06.csv
2025-08-22 18:12:37,683 DEBUG 매출 여부 예측 중...
2025-08-22 18:12:38,637 DEBUG 클러스터 기반 처리: TEST_07.csv
2025-08-22 18:12:38,716 DEBUG 매출 여부 예측 중...
2025-08-22 18:12:39,669 DEBUG 클러스터 기반 처리: TEST_08.csv
2025-08-22 18:12:39,764 DEBUG 매출 여부 예측 중...
2025-08-22 18:12:40,683 DEBUG 클러스터 기반 처리: TEST_09.csv
2025-08-22 18:12:40,759 DEBUG 매출 여부 예측 중...
2025-08-22 18:12:41,766 DEBUG submission 생성 완료!
2025-08-22 18:32:37,915 DEBUG 화담숲 매장 월별 매출 패턴:
2025-08-22 18:32:37,917 DEBUG                sum  count        mean
store month                          
화담숲주막 1          0    496    0.000000
      2          0    456    0.000000
      3       3860    496    7.782258
      4      42270    480   88.062500
      5      19751    496   39.820565
      6      11996    360   33.322222
      7       2543    248   10.254032
      8       2762    248   11.137097
      9       8850    240   36.875000
      10     33671    248  135.770161
      11     20608    240   85.866667
      12         0    248    0.000000
화담숲카페 1          0    310    0.000000
      2          0    285    0.000000
      3       1403    310    4.525806
      4      18246    300   60.820000
      5      10777    310   34.764516
      6       7683    225   34.146667
      7       1716    155   11.070968
      8       1729    155   11.154839
      9       3836    150   25.573333
      10     11088    155   71.535484
      11      6156    150   41.040000
      12         0    155    0.000000
2025-08-22 18:32:37,923 DEBUG 
포레스트릿 11월 일별 매출:
2025-08-22 18:32:37,924 DEBUG date
1     119
2     193
3     185
4     248
5     129
6       0
7      86
8      99
9      80
10     73
11     91
12    101
13      0
14     25
15     32
16      0
17      7
18     31
19     62
20      0
21      4
22      2
23      7
24      0
25     17
26      9
27      0
28      0
29      0
30      0
Name: sales, dtype: int64
2025-08-22 18:32:37,928 DEBUG TEST_00.csv: 2024-06-16 ~ 2024-07-13
2025-08-22 18:32:37,934 DEBUG TEST_01.csv: 2024-07-21 ~ 2024-08-17
2025-08-22 18:32:37,938 DEBUG TEST_02.csv: 2024-08-25 ~ 2024-09-21
2025-08-22 18:32:37,942 DEBUG TEST_03.csv: 2024-09-29 ~ 2024-10-26
2025-08-22 18:32:37,946 DEBUG TEST_04.csv: 2024-11-03 ~ 2024-11-30
2025-08-22 18:32:37,951 DEBUG TEST_05.csv: 2024-12-08 ~ 2025-01-04
2025-08-22 18:32:37,955 DEBUG TEST_06.csv: 2025-01-12 ~ 2025-02-08
2025-08-22 18:32:37,958 DEBUG TEST_07.csv: 2025-02-16 ~ 2025-03-15
2025-08-22 18:32:37,962 DEBUG TEST_08.csv: 2025-03-23 ~ 2025-04-19
2025-08-22 18:32:37,966 DEBUG TEST_09.csv: 2025-04-27 ~ 2025-05-24
2025-08-22 18:47:48,695 DEBUG 클러스터 기반 모델 학습 시작...
2025-08-22 18:47:48,695 DEBUG 메뉴 클러스터링 시작...
2025-08-22 18:47:49,697 DEBUG 클러스터 수: 6
2025-08-22 18:47:50,971 DEBUG 클러스터 0: 14개 메뉴, 평균매출 19.1, 타입: group
2025-08-22 18:47:50,971 DEBUG 클러스터 1: 38개 메뉴, 평균매출 21.2, 타입: other
2025-08-22 18:47:50,971 DEBUG 클러스터 2: 10개 메뉴, 평균매출 8.6, 타입: main
2025-08-22 18:47:50,972 DEBUG 클러스터 3: 6개 메뉴, 평균매출 87.5, 타입: other
2025-08-22 18:47:50,972 DEBUG 클러스터 4: 7개 메뉴, 평균매출 21.1, 타입: brunch
2025-08-22 18:47:50,973 DEBUG 클러스터 5: 118개 메뉴, 평균매출 1.9, 타입: other
2025-08-22 18:48:11,662 DEBUG 클러스터 피처: (96114, 60), 타겟: (96114, 7)
2025-08-22 18:48:11,848 DEBUG matplotlib data path: /Users/widohun/tf_env/lib/python3.10/site-packages/matplotlib/mpl-data
2025-08-22 18:48:11,852 DEBUG CONFIGDIR=/Users/widohun/.matplotlib
2025-08-22 18:48:11,862 DEBUG interactive is False
2025-08-22 18:48:11,862 DEBUG platform is darwin
2025-08-22 18:48:38,483 DEBUG 클러스터별 전용 모델 학습 중...
2025-08-22 18:48:57,798 DEBUG 전체 모델 + 6개 클러스터 모델 학습 완료
2025-08-22 18:48:57,813 DEBUG 클러스터 기반 처리: TEST_00.csv
2025-08-22 18:48:57,896 DEBUG 매출 여부 예측 중...
2025-08-22 18:48:58,850 DEBUG 클러스터 기반 처리: TEST_01.csv
2025-08-22 18:48:58,928 DEBUG 매출 여부 예측 중...
2025-08-22 18:48:59,858 DEBUG 클러스터 기반 처리: TEST_02.csv
2025-08-22 18:48:59,935 DEBUG 매출 여부 예측 중...
2025-08-22 18:49:00,910 DEBUG 클러스터 기반 처리: TEST_03.csv
2025-08-22 18:49:00,989 DEBUG 매출 여부 예측 중...
2025-08-22 18:49:02,018 DEBUG 클러스터 기반 처리: TEST_04.csv
2025-08-22 18:49:02,094 DEBUG 매출 여부 예측 중...
2025-08-22 18:49:03,050 DEBUG 클러스터 기반 처리: TEST_05.csv
2025-08-22 18:49:03,125 DEBUG 매출 여부 예측 중...
2025-08-22 18:49:04,068 DEBUG 클러스터 기반 처리: TEST_06.csv
2025-08-22 18:49:04,153 DEBUG 매출 여부 예측 중...
2025-08-22 18:49:05,098 DEBUG 클러스터 기반 처리: TEST_07.csv
2025-08-22 18:49:05,174 DEBUG 매출 여부 예측 중...
2025-08-22 18:49:06,163 DEBUG 클러스터 기반 처리: TEST_08.csv
2025-08-22 18:49:06,238 DEBUG 매출 여부 예측 중...
2025-08-22 18:49:07,197 DEBUG 클러스터 기반 처리: TEST_09.csv
2025-08-22 18:49:07,274 DEBUG 매출 여부 예측 중...
2025-08-22 18:49:08,260 DEBUG submission 생성 완료!
2025-08-22 18:51:49,971 DEBUG 클러스터 기반 모델 학습 시작...
2025-08-22 18:51:49,973 DEBUG 메뉴 클러스터링 시작...
2025-08-22 18:51:50,138 DEBUG 클러스터 수: 6
2025-08-22 18:51:51,225 DEBUG 클러스터 0: 14개 메뉴, 평균매출 19.1, 타입: group
2025-08-22 18:51:51,226 DEBUG 클러스터 1: 38개 메뉴, 평균매출 21.2, 타입: other
2025-08-22 18:51:51,226 DEBUG 클러스터 2: 10개 메뉴, 평균매출 8.6, 타입: main
2025-08-22 18:51:51,226 DEBUG 클러스터 3: 6개 메뉴, 평균매출 87.5, 타입: other
2025-08-22 18:51:51,227 DEBUG 클러스터 4: 7개 메뉴, 평균매출 21.1, 타입: brunch
2025-08-22 18:51:51,227 DEBUG 클러스터 5: 118개 메뉴, 평균매출 1.9, 타입: other
2025-08-22 18:51:59,115 DEBUG 화담숲 매장 월별 매출 패턴:
2025-08-22 18:51:59,116 DEBUG                 sum  count        mean
store month                           
포레스트릿 1      139322    744  187.260753
      2      106990    684  156.418129
      3        2670    744    3.588710
      4        4126    720    5.730556
      5        3100    744    4.166667
      6        2781    540    5.150000
      7         773    372    2.077957
      8        1009    372    2.712366
      9        1663    360    4.619444
      10       5557    372   14.938172
      11       1600    360    4.444444
      12      35830    372   96.317204
화담숲주막 1           0    496    0.000000
      2           0    456    0.000000
      3        3860    496    7.782258
      4       42270    480   88.062500
      5       19751    496   39.820565
      6       11996    360   33.322222
      7        2543    248   10.254032
      8        2762    248   11.137097
      9        8850    240   36.875000
      10      33671    248  135.770161
      11      20608    240   85.866667
      12          0    248    0.000000
화담숲카페 1           0    310    0.000000
      2           0    285    0.000000
      3        1403    310    4.525806
      4       18246    300   60.820000
      5       10777    310   34.764516
      6        7683    225   34.146667
      7        1716    155   11.070968
      8        1729    155   11.154839
      9        3836    150   25.573333
      10      11088    155   71.535484
      11       6156    150   41.040000
      12          0    155    0.000000
2025-08-22 18:51:59,123 DEBUG 
포레스트릿 11월 일별 매출:
2025-08-22 18:51:59,123 DEBUG date
1     119
2     193
3     185
4     248
5     129
6       0
7      86
8      99
9      80
10     73
11     91
12    101
13      0
14     25
15     32
16      0
17      7
18     31
19     62
20      0
21      4
22      2
23      7
24      0
25     17
26      9
27      0
28      0
29      0
30      0
Name: sales, dtype: int64
2025-08-22 18:51:59,128 DEBUG TEST_00.csv: 2024-06-16 ~ 2024-07-13
2025-08-22 18:51:59,132 DEBUG TEST_01.csv: 2024-07-21 ~ 2024-08-17
2025-08-22 18:51:59,136 DEBUG TEST_02.csv: 2024-08-25 ~ 2024-09-21
2025-08-22 18:51:59,139 DEBUG TEST_03.csv: 2024-09-29 ~ 2024-10-26
2025-08-22 18:51:59,143 DEBUG TEST_04.csv: 2024-11-03 ~ 2024-11-30
2025-08-22 18:51:59,146 DEBUG TEST_05.csv: 2024-12-08 ~ 2025-01-04
2025-08-22 18:51:59,149 DEBUG TEST_06.csv: 2025-01-12 ~ 2025-02-08
2025-08-22 18:51:59,153 DEBUG TEST_07.csv: 2025-02-16 ~ 2025-03-15
2025-08-22 18:51:59,156 DEBUG TEST_08.csv: 2025-03-23 ~ 2025-04-19
2025-08-22 18:51:59,159 DEBUG TEST_09.csv: 2025-04-27 ~ 2025-05-24
2025-08-22 18:52:53,395 DEBUG 화담숲 매장 월별 매출 패턴:
2025-08-22 18:52:53,395 DEBUG                 sum  count        mean
store month                           
카페테리아 1       81805   1488   54.976478
      2       53663   1368   39.227339
      3        5542   1488    3.724462
      4       10469   1440    7.270139
      5       10618   1488    7.135753
      6       13284   1080   12.300000
      7        7805    744   10.490591
      8        5738    744    7.712366
      9       10483    720   14.559722
      10      10378    744   13.948925
      11       6147    720    8.537500
      12      24918    744   33.491935
포레스트릿 1      139322    744  187.260753
      2      106990    684  156.418129
      3        2670    744    3.588710
      4        4126    720    5.730556
      5        3100    744    4.166667
      6        2781    540    5.150000
      7         773    372    2.077957
      8        1009    372    2.712366
      9        1663    360    4.619444
      10       5557    372   14.938172
      11       1600    360    4.444444
      12      35830    372   96.317204
화담숲주막 1           0    496    0.000000
      2           0    456    0.000000
      3        3860    496    7.782258
      4       42270    480   88.062500
      5       19751    496   39.820565
      6       11996    360   33.322222
      7        2543    248   10.254032
      8        2762    248   11.137097
      9        8850    240   36.875000
      10      33671    248  135.770161
      11      20608    240   85.866667
      12          0    248    0.000000
화담숲카페 1           0    310    0.000000
      2           0    285    0.000000
      3        1403    310    4.525806
      4       18246    300   60.820000
      5       10777    310   34.764516
      6        7683    225   34.146667
      7        1716    155   11.070968
      8        1729    155   11.154839
      9        3836    150   25.573333
      10      11088    155   71.535484
      11       6156    150   41.040000
      12          0    155    0.000000
2025-08-22 18:52:53,402 DEBUG 
포레스트릿 11월 일별 매출:
2025-08-22 18:52:53,403 DEBUG date
1     119
2     193
3     185
4     248
5     129
6       0
7      86
8      99
9      80
10     73
11     91
12    101
13      0
14     25
15     32
16      0
17      7
18     31
19     62
20      0
21      4
22      2
23      7
24      0
25     17
26      9
27      0
28      0
29      0
30      0
Name: sales, dtype: int64
2025-08-22 18:52:53,409 DEBUG TEST_00.csv: 2024-06-16 ~ 2024-07-13
2025-08-22 18:52:53,412 DEBUG TEST_01.csv: 2024-07-21 ~ 2024-08-17
2025-08-22 18:52:53,416 DEBUG TEST_02.csv: 2024-08-25 ~ 2024-09-21
2025-08-22 18:52:53,420 DEBUG TEST_03.csv: 2024-09-29 ~ 2024-10-26
2025-08-22 18:52:53,424 DEBUG TEST_04.csv: 2024-11-03 ~ 2024-11-30
2025-08-22 18:52:53,427 DEBUG TEST_05.csv: 2024-12-08 ~ 2025-01-04
2025-08-22 18:52:53,430 DEBUG TEST_06.csv: 2025-01-12 ~ 2025-02-08
2025-08-22 18:52:53,433 DEBUG TEST_07.csv: 2025-02-16 ~ 2025-03-15
2025-08-22 18:52:53,437 DEBUG TEST_08.csv: 2025-03-23 ~ 2025-04-19
2025-08-22 18:52:53,440 DEBUG TEST_09.csv: 2025-04-27 ~ 2025-05-24
2025-08-22 18:56:33,573 DEBUG 클러스터 기반 모델 학습 시작...
2025-08-22 18:56:33,574 DEBUG 메뉴 클러스터링 시작...
2025-08-22 18:56:33,789 DEBUG 클러스터 수: 6
2025-08-22 18:56:34,905 DEBUG 클러스터 0: 14개 메뉴, 평균매출 19.1, 타입: group
2025-08-22 18:56:34,906 DEBUG 클러스터 1: 38개 메뉴, 평균매출 21.2, 타입: other
2025-08-22 18:56:34,906 DEBUG 클러스터 2: 10개 메뉴, 평균매출 8.6, 타입: main
2025-08-22 18:56:34,906 DEBUG 클러스터 3: 6개 메뉴, 평균매출 87.5, 타입: other
2025-08-22 18:56:34,907 DEBUG 클러스터 4: 7개 메뉴, 평균매출 21.1, 타입: brunch
2025-08-22 18:56:34,907 DEBUG 클러스터 5: 118개 메뉴, 평균매출 1.9, 타입: other
2025-08-22 18:56:55,151 DEBUG 클러스터 피처: (96114, 60), 타겟: (96114, 7)
2025-08-22 18:57:22,340 DEBUG 클러스터별 전용 모델 학습 중...
2025-08-22 18:57:42,114 DEBUG 전체 모델 + 6개 클러스터 모델 학습 완료
2025-08-22 18:57:42,131 DEBUG 클러스터 기반 처리: TEST_00.csv
2025-08-22 18:57:42,208 DEBUG 매출 여부 예측 중...
2025-08-22 18:57:43,164 DEBUG 클러스터 기반 처리: TEST_01.csv
2025-08-22 18:57:43,242 DEBUG 매출 여부 예측 중...
2025-08-22 18:57:44,248 DEBUG 클러스터 기반 처리: TEST_02.csv
2025-08-22 18:57:44,323 DEBUG 매출 여부 예측 중...
2025-08-22 18:57:45,246 DEBUG 클러스터 기반 처리: TEST_03.csv
2025-08-22 18:57:45,322 DEBUG 매출 여부 예측 중...
2025-08-22 18:57:46,228 DEBUG 클러스터 기반 처리: TEST_04.csv
2025-08-22 18:57:46,304 DEBUG 매출 여부 예측 중...
2025-08-22 18:57:47,206 DEBUG 클러스터 기반 처리: TEST_05.csv
2025-08-22 18:57:47,282 DEBUG 매출 여부 예측 중...
2025-08-22 18:57:48,223 DEBUG 클러스터 기반 처리: TEST_06.csv
2025-08-22 18:57:48,298 DEBUG 매출 여부 예측 중...
2025-08-22 18:57:49,192 DEBUG 클러스터 기반 처리: TEST_07.csv
2025-08-22 18:57:49,266 DEBUG 매출 여부 예측 중...
2025-08-22 18:57:50,160 DEBUG 클러스터 기반 처리: TEST_08.csv
2025-08-22 18:57:50,235 DEBUG 매출 여부 예측 중...
2025-08-22 18:57:51,156 DEBUG 클러스터 기반 처리: TEST_09.csv
2025-08-22 18:57:51,231 DEBUG 매출 여부 예측 중...
2025-08-22 18:57:52,165 DEBUG submission 생성 완료!
2025-08-22 19:01:46,368 DEBUG 클러스터 기반 모델 학습 시작...
2025-08-22 19:01:46,370 DEBUG 메뉴 클러스터링 시작...
2025-08-22 19:01:46,574 DEBUG 클러스터 수: 6
2025-08-22 19:01:47,598 DEBUG 클러스터 0: 16개 메뉴, 평균매출 17.7, 타입: group
2025-08-22 19:01:47,599 DEBUG 클러스터 1: 121개 메뉴, 평균매출 2.7, 타입: other
2025-08-22 19:01:47,599 DEBUG 클러스터 2: 10개 메뉴, 평균매출 10.8, 타입: main
2025-08-22 19:01:47,599 DEBUG 클러스터 3: 4개 메뉴, 평균매출 106.5, 타입: other
2025-08-22 19:01:47,600 DEBUG 클러스터 4: 35개 메뉴, 평균매출 23.8, 타입: other
2025-08-22 19:01:47,600 DEBUG 클러스터 5: 7개 메뉴, 평균매출 21.1, 타입: brunch
2025-08-22 19:02:07,935 DEBUG 클러스터 피처: (87941, 60), 타겟: (87941, 7)
2025-08-22 19:02:38,349 DEBUG 클러스터별 전용 모델 학습 중...
2025-08-22 19:03:00,603 DEBUG 전체 모델 + 6개 클러스터 모델 학습 완료
2025-08-22 19:03:00,623 DEBUG 클러스터 기반 처리: TEST_00.csv
2025-08-22 19:03:00,713 DEBUG 매출 여부 예측 중...
2025-08-22 19:03:01,754 DEBUG 클러스터 기반 처리: TEST_01.csv
2025-08-22 19:03:01,836 DEBUG 매출 여부 예측 중...
2025-08-22 19:03:02,836 DEBUG 클러스터 기반 처리: TEST_02.csv
2025-08-22 19:03:02,917 DEBUG 매출 여부 예측 중...
2025-08-22 19:03:03,905 DEBUG 클러스터 기반 처리: TEST_03.csv
2025-08-22 19:03:03,989 DEBUG 매출 여부 예측 중...
2025-08-22 19:03:04,956 DEBUG 클러스터 기반 처리: TEST_04.csv
2025-08-22 19:03:05,035 DEBUG 매출 여부 예측 중...
2025-08-22 19:03:06,041 DEBUG 클러스터 기반 처리: TEST_05.csv
2025-08-22 19:03:06,122 DEBUG 매출 여부 예측 중...
2025-08-22 19:03:07,134 DEBUG 클러스터 기반 처리: TEST_06.csv
2025-08-22 19:03:07,215 DEBUG 매출 여부 예측 중...
2025-08-22 19:03:08,263 DEBUG 클러스터 기반 처리: TEST_07.csv
2025-08-22 19:03:08,344 DEBUG 매출 여부 예측 중...
2025-08-22 19:03:09,355 DEBUG 클러스터 기반 처리: TEST_08.csv
2025-08-22 19:03:09,437 DEBUG 매출 여부 예측 중...
2025-08-22 19:03:10,524 DEBUG 클러스터 기반 처리: TEST_09.csv
2025-08-22 19:03:10,612 DEBUG 매출 여부 예측 중...
2025-08-22 19:03:11,595 DEBUG submission 생성 완료!
2025-08-22 19:59:26,964 DEBUG 클러스터 기반 모델 학습 시작...
2025-08-22 19:59:29,374 DEBUG 메뉴 클러스터링 시작...
2025-08-22 19:59:29,566 DEBUG 클러스터 수: 6
2025-08-22 19:59:30,727 DEBUG 클러스터 0: 14개 메뉴, 평균매출 19.1, 타입: group
2025-08-22 19:59:30,728 DEBUG 클러스터 1: 38개 메뉴, 평균매출 21.2, 타입: other
2025-08-22 19:59:30,728 DEBUG 클러스터 2: 10개 메뉴, 평균매출 8.6, 타입: main
2025-08-22 19:59:30,729 DEBUG 클러스터 3: 6개 메뉴, 평균매출 87.5, 타입: other
2025-08-22 19:59:30,729 DEBUG 클러스터 4: 7개 메뉴, 평균매출 21.1, 타입: brunch
2025-08-22 19:59:30,729 DEBUG 클러스터 5: 118개 메뉴, 평균매출 1.9, 타입: other
2025-08-22 19:59:52,677 DEBUG 클러스터 피처: (96114, 60), 타겟: (96114, 7)
2025-08-22 20:00:19,652 DEBUG 클러스터별 전용 모델 학습 중...
2025-08-22 20:00:38,687 DEBUG 전체 모델 + 6개 클러스터 모델 학습 완료
2025-08-22 20:00:38,706 DEBUG 클러스터 기반 처리: TEST_00.csv
2025-08-22 20:08:54,210 DEBUG 클러스터 기반 모델 학습 시작...
2025-08-22 20:08:56,491 DEBUG 메뉴 클러스터링 시작...
2025-08-22 20:08:56,681 DEBUG 클러스터 수: 6
2025-08-22 20:08:57,876 DEBUG 클러스터 0: 14개 메뉴, 평균매출 19.1, 타입: group
2025-08-22 20:08:57,876 DEBUG 클러스터 1: 38개 메뉴, 평균매출 21.2, 타입: other
2025-08-22 20:08:57,877 DEBUG 클러스터 2: 10개 메뉴, 평균매출 8.6, 타입: main
2025-08-22 20:08:57,877 DEBUG 클러스터 3: 6개 메뉴, 평균매출 87.5, 타입: other
2025-08-22 20:08:57,877 DEBUG 클러스터 4: 7개 메뉴, 평균매출 21.1, 타입: brunch
2025-08-22 20:08:57,878 DEBUG 클러스터 5: 118개 메뉴, 평균매출 1.9, 타입: other
2025-08-22 20:09:19,663 DEBUG 클러스터 피처: (96114, 60), 타겟: (96114, 7)
2025-08-22 20:09:46,453 DEBUG 클러스터별 전용 모델 학습 중...
2025-08-22 20:10:05,547 DEBUG 전체 모델 + 6개 클러스터 모델 학습 완료
2025-08-22 20:10:05,561 DEBUG 클러스터 기반 처리: TEST_00.csv
2025-08-22 20:10:05,776 DEBUG 매출 여부 예측 중...
2025-08-22 20:10:06,679 DEBUG 클러스터 기반 처리: TEST_01.csv
2025-08-22 20:10:06,877 DEBUG 매출 여부 예측 중...
2025-08-22 20:10:07,826 DEBUG 클러스터 기반 처리: TEST_02.csv
2025-08-22 20:10:08,033 DEBUG 매출 여부 예측 중...
2025-08-22 20:10:08,983 DEBUG 클러스터 기반 처리: TEST_03.csv
2025-08-22 20:10:09,182 DEBUG 매출 여부 예측 중...
2025-08-22 20:10:10,148 DEBUG 클러스터 기반 처리: TEST_04.csv
2025-08-22 20:10:10,404 DEBUG 매출 여부 예측 중...
2025-08-22 20:10:11,320 DEBUG 클러스터 기반 처리: TEST_05.csv
2025-08-22 20:10:11,519 DEBUG 매출 여부 예측 중...
2025-08-22 20:10:12,474 DEBUG 클러스터 기반 처리: TEST_06.csv
2025-08-22 20:10:12,675 DEBUG 매출 여부 예측 중...
2025-08-22 20:10:13,638 DEBUG 클러스터 기반 처리: TEST_07.csv
2025-08-22 20:10:13,851 DEBUG 매출 여부 예측 중...
2025-08-22 20:10:14,786 DEBUG 클러스터 기반 처리: TEST_08.csv
2025-08-22 20:10:15,003 DEBUG 매출 여부 예측 중...
2025-08-22 20:10:15,912 DEBUG 클러스터 기반 처리: TEST_09.csv
2025-08-22 20:10:16,111 DEBUG 매출 여부 예측 중...
2025-08-22 20:10:17,043 DEBUG submission 생성 완료!
2025-08-22 20:19:29,295 DEBUG 클러스터 기반 모델 학습 시작...
2025-08-22 20:19:31,576 DEBUG 메뉴 클러스터링 시작...
2025-08-22 20:19:31,755 DEBUG 클러스터 수: 6
2025-08-22 20:19:32,909 DEBUG 클러스터 0: 14개 메뉴, 평균매출 19.1, 타입: group
2025-08-22 20:19:32,909 DEBUG 클러스터 1: 38개 메뉴, 평균매출 21.2, 타입: other
2025-08-22 20:19:32,910 DEBUG 클러스터 2: 10개 메뉴, 평균매출 8.6, 타입: main
2025-08-22 20:19:32,910 DEBUG 클러스터 3: 6개 메뉴, 평균매출 87.5, 타입: other
2025-08-22 20:19:32,911 DEBUG 클러스터 4: 7개 메뉴, 평균매출 21.1, 타입: brunch
2025-08-22 20:19:32,911 DEBUG 클러스터 5: 118개 메뉴, 평균매출 1.9, 타입: other
2025-08-22 20:19:55,031 DEBUG 클러스터 피처: (96114, 60), 타겟: (96114, 7)
2025-08-22 20:20:22,038 DEBUG 클러스터별 전용 모델 학습 중...
2025-08-22 20:20:41,374 DEBUG 전체 모델 + 6개 클러스터 모델 학습 완료
2025-08-22 20:20:41,396 DEBUG 클러스터 기반 처리: TEST_00.csv
2025-08-22 20:20:41,618 DEBUG 매출 여부 예측 중...
2025-08-22 20:20:42,550 DEBUG 클러스터 기반 처리: TEST_01.csv
2025-08-22 20:20:42,743 DEBUG 매출 여부 예측 중...
2025-08-22 20:20:43,639 DEBUG 클러스터 기반 처리: TEST_02.csv
2025-08-22 20:20:43,832 DEBUG 매출 여부 예측 중...
2025-08-22 20:20:44,701 DEBUG 클러스터 기반 처리: TEST_03.csv
2025-08-22 20:20:44,894 DEBUG 매출 여부 예측 중...
2025-08-22 20:20:45,774 DEBUG 클러스터 기반 처리: TEST_04.csv
2025-08-22 20:20:45,965 DEBUG 매출 여부 예측 중...
2025-08-22 20:20:46,846 DEBUG 클러스터 기반 처리: TEST_05.csv
2025-08-22 20:20:47,046 DEBUG 매출 여부 예측 중...
2025-08-22 20:20:47,967 DEBUG 클러스터 기반 처리: TEST_06.csv
2025-08-22 20:20:48,164 DEBUG 매출 여부 예측 중...
2025-08-22 20:20:49,065 DEBUG 클러스터 기반 처리: TEST_07.csv
2025-08-22 20:20:49,258 DEBUG 매출 여부 예측 중...
2025-08-22 20:20:50,161 DEBUG 클러스터 기반 처리: TEST_08.csv
2025-08-22 20:20:50,363 DEBUG 매출 여부 예측 중...
2025-08-22 20:20:51,353 DEBUG 클러스터 기반 처리: TEST_09.csv
2025-08-22 20:20:51,554 DEBUG 매출 여부 예측 중...
2025-08-22 20:20:52,438 DEBUG submission 생성 완료!
2025-08-22 20:23:43,887 DEBUG 클러스터 기반 모델 학습 시작...
2025-08-22 20:23:46,179 DEBUG 메뉴 클러스터링 시작...
2025-08-22 20:23:46,357 DEBUG 클러스터 수: 6
2025-08-22 20:23:47,461 DEBUG 클러스터 0: 14개 메뉴, 평균매출 19.1, 타입: group
2025-08-22 20:23:47,462 DEBUG 클러스터 1: 38개 메뉴, 평균매출 21.2, 타입: other
2025-08-22 20:23:47,462 DEBUG 클러스터 2: 10개 메뉴, 평균매출 8.6, 타입: main
2025-08-22 20:23:47,463 DEBUG 클러스터 3: 6개 메뉴, 평균매출 87.5, 타입: other
2025-08-22 20:23:47,463 DEBUG 클러스터 4: 7개 메뉴, 평균매출 21.1, 타입: brunch
2025-08-22 20:23:47,464 DEBUG 클러스터 5: 118개 메뉴, 평균매출 1.9, 타입: other
2025-08-22 20:24:09,701 DEBUG 클러스터 피처: (96114, 60), 타겟: (96114, 7)
2025-08-22 20:24:36,803 DEBUG 클러스터별 전용 모델 학습 중...
2025-08-22 20:24:55,892 DEBUG 전체 모델 + 6개 클러스터 모델 학습 완료
2025-08-22 20:24:55,910 DEBUG 클러스터 기반 처리: TEST_00.csv
2025-08-22 20:24:56,147 DEBUG 매출 여부 예측 중...
2025-08-22 20:24:57,167 DEBUG 클러스터 기반 처리: TEST_01.csv
2025-08-22 20:24:57,411 DEBUG 매출 여부 예측 중...
2025-08-22 20:24:58,506 DEBUG 클러스터 기반 처리: TEST_02.csv
2025-08-22 20:24:58,703 DEBUG 매출 여부 예측 중...
2025-08-22 20:24:59,667 DEBUG 클러스터 기반 처리: TEST_03.csv
2025-08-22 20:24:59,916 DEBUG 매출 여부 예측 중...
2025-08-22 20:25:00,917 DEBUG 클러스터 기반 처리: TEST_04.csv
2025-08-22 20:25:01,118 DEBUG 매출 여부 예측 중...
2025-08-22 20:25:02,115 DEBUG 클러스터 기반 처리: TEST_05.csv
2025-08-22 20:25:02,316 DEBUG 매출 여부 예측 중...
2025-08-22 20:25:03,228 DEBUG 클러스터 기반 처리: TEST_06.csv
2025-08-22 20:25:03,432 DEBUG 매출 여부 예측 중...
2025-08-22 20:25:04,397 DEBUG 클러스터 기반 처리: TEST_07.csv
2025-08-22 20:25:04,592 DEBUG 매출 여부 예측 중...
2025-08-22 20:25:05,533 DEBUG 클러스터 기반 처리: TEST_08.csv
2025-08-22 20:25:05,799 DEBUG 매출 여부 예측 중...
2025-08-22 20:25:06,725 DEBUG 클러스터 기반 처리: TEST_09.csv
2025-08-22 20:25:06,959 DEBUG 매출 여부 예측 중...
2025-08-22 20:25:07,866 DEBUG submission 생성 완료!
2025-08-22 20:30:28,857 DEBUG 클러스터 기반 모델 학습 시작...
2025-08-22 20:30:31,030 DEBUG 가중치 통계:
2025-08-22 20:30:31,030 DEBUG   평균: 0.9073
2025-08-22 20:30:31,031 DEBUG   최소: 0.0500
2025-08-22 20:30:31,031 DEBUG   최대: 1.0000
2025-08-22 20:30:31,032 DEBUG   0.5 미만 비율: 9.86%
2025-08-22 20:33:11,900 DEBUG 클러스터 기반 모델 학습 시작...
2025-08-22 20:33:14,062 DEBUG 가중치 통계:
2025-08-22 20:33:14,062 DEBUG   평균: 0.9073
2025-08-22 20:33:14,063 DEBUG   최소: 0.0500
2025-08-22 20:33:14,063 DEBUG   최대: 1.0000
2025-08-22 20:33:14,064 DEBUG   0.5 미만 비율: 9.86%
2025-08-22 20:33:14,064 DEBUG 메뉴 클러스터링 시작...
2025-08-22 20:33:15,060 DEBUG 클러스터 수: 6
2025-08-22 20:33:16,293 DEBUG 클러스터 0: 14개 메뉴, 평균매출 19.1, 타입: group
2025-08-22 20:33:16,294 DEBUG 클러스터 1: 38개 메뉴, 평균매출 21.2, 타입: other
2025-08-22 20:33:16,294 DEBUG 클러스터 2: 10개 메뉴, 평균매출 8.6, 타입: main
2025-08-22 20:33:16,294 DEBUG 클러스터 3: 6개 메뉴, 평균매출 87.5, 타입: other
2025-08-22 20:33:16,295 DEBUG 클러스터 4: 7개 메뉴, 평균매출 21.1, 타입: brunch
2025-08-22 20:33:16,295 DEBUG 클러스터 5: 118개 메뉴, 평균매출 1.9, 타입: other
2025-08-22 20:33:38,092 DEBUG 시퀀스 가중치 통계:
2025-08-22 20:33:38,093 DEBUG   평균: 1.0000
2025-08-22 20:33:38,093 DEBUG   최소: 1.0000
2025-08-22 20:33:38,094 DEBUG   최대: 1.0000
2025-08-22 20:33:38,094 DEBUG   저가중치(0.1 이하) 비율: 0.0%
2025-08-22 20:33:38,095 DEBUG 클러스터 피처: (96114, 60), 타겟: (96114, 7), 가중치: 96114
2025-08-22 20:33:38,328 DEBUG matplotlib data path: /Users/widohun/tf_env/lib/python3.10/site-packages/matplotlib/mpl-data
2025-08-22 20:33:38,332 DEBUG CONFIGDIR=/Users/widohun/.matplotlib
2025-08-22 20:33:38,361 DEBUG interactive is False
2025-08-22 20:33:38,361 DEBUG platform is darwin
2025-08-22 20:34:05,236 DEBUG 클러스터별 전용 모델 학습 중...
2025-08-22 20:34:24,592 DEBUG 전체 모델 + 6개 클러스터 모델 학습 완료
2025-08-22 20:34:24,622 DEBUG 클러스터 기반 처리: TEST_00.csv
2025-08-22 20:34:24,721 DEBUG 매출 여부 예측 중...
2025-08-22 20:34:25,593 DEBUG 클러스터 기반 처리: TEST_01.csv
2025-08-22 20:34:25,685 DEBUG 매출 여부 예측 중...
2025-08-22 20:34:26,534 DEBUG 클러스터 기반 처리: TEST_02.csv
2025-08-22 20:34:26,630 DEBUG 매출 여부 예측 중...
2025-08-22 20:34:27,505 DEBUG 클러스터 기반 처리: TEST_03.csv
2025-08-22 20:34:27,599 DEBUG 매출 여부 예측 중...
2025-08-22 20:34:28,449 DEBUG 클러스터 기반 처리: TEST_04.csv
2025-08-22 20:34:28,543 DEBUG 매출 여부 예측 중...
2025-08-22 20:34:29,445 DEBUG 클러스터 기반 처리: TEST_05.csv
2025-08-22 20:34:29,539 DEBUG 매출 여부 예측 중...
2025-08-22 20:34:30,400 DEBUG 클러스터 기반 처리: TEST_06.csv
2025-08-22 20:34:30,495 DEBUG 매출 여부 예측 중...
2025-08-22 20:34:31,427 DEBUG 클러스터 기반 처리: TEST_07.csv
2025-08-22 20:34:31,542 DEBUG 매출 여부 예측 중...
2025-08-22 20:34:32,418 DEBUG 클러스터 기반 처리: TEST_08.csv
2025-08-22 20:34:32,513 DEBUG 매출 여부 예측 중...
2025-08-22 20:34:33,385 DEBUG 클러스터 기반 처리: TEST_09.csv
2025-08-22 20:34:33,480 DEBUG 매출 여부 예측 중...
2025-08-22 20:34:34,333 DEBUG submission 생성 완료!
2025-08-22 20:38:48,195 DEBUG 클러스터 기반 모델 학습 시작...
2025-08-22 20:38:50,476 DEBUG 가중치 통계:
2025-08-22 20:38:50,477 DEBUG   평균: 0.9073
2025-08-22 20:38:50,478 DEBUG   최소: 0.0500
2025-08-22 20:38:50,482 DEBUG   최대: 1.0000
2025-08-22 20:38:50,483 DEBUG   0.5 미만 비율: 9.86%
2025-08-22 20:38:50,484 DEBUG 메뉴 클러스터링 시작...
2025-08-22 20:38:50,654 DEBUG 클러스터 수: 6
2025-08-22 20:38:51,744 DEBUG 클러스터 0: 14개 메뉴, 평균매출 19.1, 타입: group
2025-08-22 20:38:51,744 DEBUG 클러스터 1: 38개 메뉴, 평균매출 21.2, 타입: other
2025-08-22 20:38:51,745 DEBUG 클러스터 2: 10개 메뉴, 평균매출 8.6, 타입: main
2025-08-22 20:38:51,745 DEBUG 클러스터 3: 6개 메뉴, 평균매출 87.5, 타입: other
2025-08-22 20:38:51,746 DEBUG 클러스터 4: 7개 메뉴, 평균매출 21.1, 타입: brunch
2025-08-22 20:38:51,746 DEBUG 클러스터 5: 118개 메뉴, 평균매출 1.9, 타입: other
2025-08-22 20:39:24,023 DEBUG 시퀀스 가중치 통계:
2025-08-22 20:39:24,025 DEBUG   평균: 1.0000
2025-08-22 20:39:24,025 DEBUG   최소: 1.0000
2025-08-22 20:39:24,026 DEBUG   최대: 1.0000
2025-08-22 20:39:24,026 DEBUG   저가중치(0.1 이하) 비율: 0.0%
2025-08-22 20:39:24,026 DEBUG 클러스터 피처: (96114, 60), 타겟: (96114, 7), 가중치: 96114
2025-08-22 20:39:51,141 DEBUG 클러스터별 전용 모델 학습 중...
2025-08-22 20:40:10,159 DEBUG 전체 모델 + 6개 클러스터 모델 학습 완료
2025-08-22 20:40:10,178 DEBUG 클러스터 기반 처리: TEST_00.csv
2025-08-22 20:40:10,327 DEBUG 매출 여부 예측 중...
2025-08-22 20:40:11,169 DEBUG 클러스터 기반 처리: TEST_01.csv
2025-08-22 20:40:11,280 DEBUG 매출 여부 예측 중...
2025-08-22 20:40:12,124 DEBUG 클러스터 기반 처리: TEST_02.csv
2025-08-22 20:40:12,237 DEBUG 매출 여부 예측 중...
2025-08-22 20:40:13,084 DEBUG 클러스터 기반 처리: TEST_03.csv
2025-08-22 20:40:13,195 DEBUG 매출 여부 예측 중...
2025-08-22 20:40:14,038 DEBUG 클러스터 기반 처리: TEST_04.csv
2025-08-22 20:40:14,150 DEBUG 매출 여부 예측 중...
2025-08-22 20:40:14,990 DEBUG 클러스터 기반 처리: TEST_05.csv
2025-08-22 20:40:15,116 DEBUG 매출 여부 예측 중...
2025-08-22 20:40:16,064 DEBUG 클러스터 기반 처리: TEST_06.csv
2025-08-22 20:40:16,207 DEBUG 매출 여부 예측 중...
2025-08-22 20:40:17,045 DEBUG 클러스터 기반 처리: TEST_07.csv
2025-08-22 20:40:17,161 DEBUG 매출 여부 예측 중...
2025-08-22 20:40:18,004 DEBUG 클러스터 기반 처리: TEST_08.csv
2025-08-22 20:40:18,118 DEBUG 매출 여부 예측 중...
2025-08-22 20:40:18,964 DEBUG 클러스터 기반 처리: TEST_09.csv
2025-08-22 20:40:19,075 DEBUG 매출 여부 예측 중...
2025-08-22 20:40:19,922 DEBUG submission 생성 완료!
2025-08-22 21:19:39,350 DEBUG 클러스터 기반 모델 학습 시작...
2025-08-22 21:19:39,945 DEBUG 메뉴 클러스터링 시작...
2025-08-22 21:19:40,169 DEBUG 클러스터 수: 6
2025-08-22 21:19:47,292 DEBUG 클러스터 기반 모델 학습 시작...
2025-08-22 21:19:47,880 DEBUG 메뉴 클러스터링 시작...
2025-08-22 21:19:48,057 DEBUG 클러스터 수: 6
2025-08-22 21:19:49,128 DEBUG 클러스터 0: 38개 메뉴, 평균매출 21.9, 타입: other
2025-08-22 21:19:49,128 DEBUG 클러스터 1: 21개 메뉴, 평균매출 9.1, 타입: main
2025-08-22 21:19:49,129 DEBUG 클러스터 2: 12개 메뉴, 평균매출 20.9, 타입: group
2025-08-22 21:19:49,129 DEBUG 클러스터 3: 7개 메뉴, 평균매출 21.1, 타입: brunch
2025-08-22 21:19:49,130 DEBUG 클러스터 4: 111개 메뉴, 평균매출 2.8, 타입: other
2025-08-22 21:19:49,130 DEBUG 클러스터 5: 4개 메뉴, 평균매출 106.5, 타입: other
2025-08-22 21:20:21,413 DEBUG 클러스터 피처: (96114, 35), 타겟: (96114, 7)
2025-08-22 21:20:44,640 DEBUG 클러스터별 전용 모델 학습 중...
2025-08-22 21:23:29,542 DEBUG 클러스터 기반 모델 학습 시작...
2025-08-22 21:23:30,124 DEBUG 메뉴 클러스터링 시작...
2025-08-22 21:23:30,248 DEBUG 클러스터 수: 6
2025-08-22 21:23:31,268 DEBUG 클러스터 0: 38개 메뉴, 평균매출 21.9, 타입: other
2025-08-22 21:23:31,269 DEBUG 클러스터 1: 21개 메뉴, 평균매출 9.1, 타입: main
2025-08-22 21:23:31,269 DEBUG 클러스터 2: 12개 메뉴, 평균매출 20.9, 타입: group
2025-08-22 21:23:31,270 DEBUG 클러스터 3: 7개 메뉴, 평균매출 21.1, 타입: brunch
2025-08-22 21:23:31,270 DEBUG 클러스터 4: 111개 메뉴, 평균매출 2.8, 타입: other
2025-08-22 21:23:31,270 DEBUG 클러스터 5: 4개 메뉴, 평균매출 106.5, 타입: other
2025-08-22 21:24:02,888 DEBUG 클러스터 피처: (96114, 35), 타겟: (96114, 7)
2025-08-22 21:24:26,559 DEBUG 클러스터별 전용 모델 학습 중...
2025-08-22 21:25:34,608 DEBUG 클러스터 기반 모델 학습 시작...
2025-08-22 21:25:35,183 DEBUG 메뉴 클러스터링 시작...
2025-08-22 21:25:35,402 DEBUG 클러스터 수: 6
2025-08-22 21:25:36,450 DEBUG 클러스터 0: 38개 메뉴, 평균매출 21.9, 타입: other
2025-08-22 21:25:36,450 DEBUG 클러스터 1: 21개 메뉴, 평균매출 9.1, 타입: main
2025-08-22 21:25:36,451 DEBUG 클러스터 2: 12개 메뉴, 평균매출 20.9, 타입: group
2025-08-22 21:25:36,451 DEBUG 클러스터 3: 7개 메뉴, 평균매출 21.1, 타입: brunch
2025-08-22 21:25:36,451 DEBUG 클러스터 4: 111개 메뉴, 평균매출 2.8, 타입: other
2025-08-22 21:25:36,452 DEBUG 클러스터 5: 4개 메뉴, 평균매출 106.5, 타입: other
2025-08-22 21:26:08,164 DEBUG 클러스터 피처: (96114, 35), 타겟: (96114, 7)
2025-08-22 21:29:00,637 DEBUG 클러스터 기반 모델 학습 시작...
2025-08-22 21:29:01,214 DEBUG 메뉴 클러스터링 시작...
2025-08-22 21:29:01,344 DEBUG 클러스터 수: 6
2025-08-22 21:29:02,374 DEBUG 클러스터 0: 38개 메뉴, 평균매출 21.9, 타입: other
2025-08-22 21:29:02,374 DEBUG 클러스터 1: 21개 메뉴, 평균매출 9.1, 타입: main
2025-08-22 21:29:02,375 DEBUG 클러스터 2: 12개 메뉴, 평균매출 20.9, 타입: group
2025-08-22 21:29:02,375 DEBUG 클러스터 3: 7개 메뉴, 평균매출 21.1, 타입: brunch
2025-08-22 21:29:02,375 DEBUG 클러스터 4: 111개 메뉴, 평균매출 2.8, 타입: other
2025-08-22 21:29:02,376 DEBUG 클러스터 5: 4개 메뉴, 평균매출 106.5, 타입: other
2025-08-22 21:29:32,905 DEBUG 클러스터 기반 모델 학습 시작...
2025-08-22 21:29:33,474 DEBUG 메뉴 클러스터링 시작...
2025-08-22 21:29:33,605 DEBUG 클러스터 수: 6
2025-08-22 21:29:34,685 DEBUG 클러스터 0: 38개 메뉴, 평균매출 21.9, 타입: other
2025-08-22 21:29:34,685 DEBUG 클러스터 1: 21개 메뉴, 평균매출 9.1, 타입: main
2025-08-22 21:29:34,686 DEBUG 클러스터 2: 12개 메뉴, 평균매출 20.9, 타입: group
2025-08-22 21:29:34,686 DEBUG 클러스터 3: 7개 메뉴, 평균매출 21.1, 타입: brunch
2025-08-22 21:29:34,686 DEBUG 클러스터 4: 111개 메뉴, 평균매출 2.8, 타입: other
2025-08-22 21:29:34,687 DEBUG 클러스터 5: 4개 메뉴, 평균매출 106.5, 타입: other
2025-08-22 21:30:06,945 DEBUG 클러스터 피처: (96114, 35), 타겟: (96114, 7)
2025-08-22 21:30:30,625 DEBUG 클러스터별 전용 모델 학습 중...
2025-08-22 21:30:48,027 DEBUG 전체 모델 + 6개 클러스터 모델 학습 완료
2025-08-22 21:30:48,098 DEBUG 클러스터 기반 처리: TEST_00.csv
2025-08-22 21:32:24,006 DEBUG 클러스터 기반 모델 학습 시작...
2025-08-22 21:32:24,631 DEBUG 메뉴 클러스터링 시작...
2025-08-22 21:32:24,784 DEBUG 클러스터 수: 6
2025-08-22 21:32:25,812 DEBUG 클러스터 0: 38개 메뉴, 평균매출 21.9, 타입: other
2025-08-22 21:32:25,812 DEBUG 클러스터 1: 21개 메뉴, 평균매출 9.1, 타입: main
2025-08-22 21:32:25,812 DEBUG 클러스터 2: 12개 메뉴, 평균매출 20.9, 타입: group
2025-08-22 21:32:25,813 DEBUG 클러스터 3: 7개 메뉴, 평균매출 21.1, 타입: brunch
2025-08-22 21:32:25,813 DEBUG 클러스터 4: 111개 메뉴, 평균매출 2.8, 타입: other
2025-08-22 21:32:25,814 DEBUG 클러스터 5: 4개 메뉴, 평균매출 106.5, 타입: other
2025-08-22 21:32:57,920 DEBUG 클러스터 피처: (96114, 35), 타겟: (96114, 7)
2025-08-22 21:33:21,057 DEBUG 클러스터별 전용 모델 학습 중...
2025-08-22 21:33:38,510 DEBUG 전체 모델 + 6개 클러스터 모델 학습 완료
2025-08-22 21:33:38,598 DEBUG 클러스터 기반 처리: TEST_00.csv
2025-08-22 21:33:38,722 DEBUG 매출 여부 예측 중...
2025-08-22 21:33:39,635 DEBUG 클러스터 기반 처리: TEST_01.csv
2025-08-22 21:33:39,755 DEBUG 매출 여부 예측 중...
2025-08-22 21:33:40,636 DEBUG 클러스터 기반 처리: TEST_02.csv
2025-08-22 21:33:40,755 DEBUG 매출 여부 예측 중...
2025-08-22 21:33:41,638 DEBUG 클러스터 기반 처리: TEST_03.csv
2025-08-22 21:33:41,759 DEBUG 매출 여부 예측 중...
2025-08-22 21:33:42,700 DEBUG 클러스터 기반 처리: TEST_04.csv
2025-08-22 21:33:42,820 DEBUG 매출 여부 예측 중...
2025-08-22 21:33:43,697 DEBUG 클러스터 기반 처리: TEST_05.csv
2025-08-22 21:33:43,816 DEBUG 매출 여부 예측 중...
2025-08-22 21:33:44,711 DEBUG 클러스터 기반 처리: TEST_06.csv
2025-08-22 21:33:44,831 DEBUG 매출 여부 예측 중...
2025-08-22 21:33:45,709 DEBUG 클러스터 기반 처리: TEST_07.csv
2025-08-22 21:33:45,828 DEBUG 매출 여부 예측 중...
2025-08-22 21:33:46,737 DEBUG 클러스터 기반 처리: TEST_08.csv
2025-08-22 21:33:46,857 DEBUG 매출 여부 예측 중...
2025-08-22 21:33:47,738 DEBUG 클러스터 기반 처리: TEST_09.csv
2025-08-22 21:33:47,857 DEBUG 매출 여부 예측 중...
2025-08-22 21:33:48,733 DEBUG cluster_based_submission.csv 생성 완료!
2025-08-22 22:35:33,874 DEBUG Loaded backend module://matplotlib_inline.backend_inline version unknown.
2025-08-22 22:35:33,875 DEBUG Loaded backend module://matplotlib_inline.backend_inline version unknown.
2025-08-22 22:35:33,877 DEBUG findfont: Matching AppleGothic:style=normal:variant=normal:weight=normal:stretch=normal:size=10.0.
2025-08-22 22:35:33,878 DEBUG findfont: score(FontEntry(fname='/Users/widohun/tf_env/lib/python3.10/site-packages/matplotlib/mpl-data/fonts/ttf/cmsy10.ttf', name='cmsy10', style='normal', variant='normal', weight=400, stretch='normal', size='scalable')) = 10.05
2025-08-22 22:35:33,878 DEBUG findfont: score(FontEntry(fname='/Users/widohun/tf_env/lib/python3.10/site-packages/matplotlib/mpl-data/fonts/ttf/STIXSizOneSymBol.ttf', name='STIXSizeOneSym', style='normal', variant='normal', weight=700, stretch='normal', size='scalable')) = 10.335
2025-08-22 22:35:33,878 DEBUG findfont: score(FontEntry(fname='/Users/widohun/tf_env/lib/python3.10/site-packages/matplotlib/mpl-data/fonts/ttf/STIXSizFourSymBol.ttf', name='STIXSizeFourSym', style='normal', variant='normal', weight=700, stretch='normal', size='scalable')) = 10.335
2025-08-22 22:35:33,879 DEBUG findfont: score(FontEntry(fname='/Users/widohun/tf_env/lib/python3.10/site-packages/matplotlib/mpl-data/fonts/ttf/DejaVuSerif-Bold.ttf', name='DejaVu Serif', style='normal', variant='normal', weight=700, stretch='normal', size='scalable')) = 10.335
2025-08-22 22:35:33,879 DEBUG findfont: score(FontEntry(fname='/Users/widohun/tf_env/lib/python3.10/site-packages/matplotlib/mpl-data/fonts/ttf/STIXSizTwoSymReg.ttf', name='STIXSizeTwoSym', style='normal', variant='normal', weight=400, stretch='normal', size='scalable')) = 10.05
2025-08-22 22:35:33,879 DEBUG findfont: score(FontEntry(fname='/Users/widohun/tf_env/lib/python3.10/site-packages/matplotlib/mpl-data/fonts/ttf/DejaVuSerifDisplay.ttf', name='DejaVu Serif Display', style='normal', variant='normal', weight=400, stretch='normal', size='scalable')) = 10.05
2025-08-22 22:35:33,880 DEBUG findfont: score(FontEntry(fname='/Users/widohun/tf_env/lib/python3.10/site-packages/matplotlib/mpl-data/fonts/ttf/DejaVuSerif.ttf', name='DejaVu Serif', style='normal', variant='normal', weight=400, stretch='normal', size='scalable')) = 10.05
2025-08-22 22:35:33,880 DEBUG findfont: score(FontEntry(fname='/Users/widohun/tf_env/lib/python3.10/site-packages/matplotlib/mpl-data/fonts/ttf/STIXSizThreeSymBol.ttf', name='STIXSizeThreeSym', style='normal', variant='normal', weight=700, stretch='normal', size='scalable')) = 10.335
2025-08-22 22:35:33,880 DEBUG findfont: score(FontEntry(fname='/Users/widohun/tf_env/lib/python3.10/site-packages/matplotlib/mpl-data/fonts/ttf/STIXSizTwoSymBol.ttf', name='STIXSizeTwoSym', style='normal', variant='normal', weight=700, stretch='normal', size='scalable')) = 10.335
2025-08-22 22:35:33,880 DEBUG findfont: score(FontEntry(fname='/Users/widohun/tf_env/lib/python3.10/site-packages/matplotlib/mpl-data/fonts/ttf/cmmi10.ttf', name='cmmi10', style='normal', variant='normal', weight=400, stretch='normal', size='scalable')) = 10.05
2025-08-22 22:35:33,881 DEBUG findfont: score(FontEntry(fname='/Users/widohun/tf_env/lib/python3.10/site-packages/matplotlib/mpl-data/fonts/ttf/DejaVuSerif-BoldItalic.ttf', name='DejaVu Serif', style='italic', variant='normal', weight=700, stretch='normal', size='scalable')) = 11.335
2025-08-22 22:35:33,881 DEBUG findfont: score(FontEntry(fname='/Users/widohun/tf_env/lib/python3.10/site-packages/matplotlib/mpl-data/fonts/ttf/DejaVuSerif-Italic.ttf', name='DejaVu Serif', style='italic', variant='normal', weight=400, stretch='normal', size='scalable')) = 11.05
2025-08-22 22:35:33,881 DEBUG findfont: score(FontEntry(fname='/Users/widohun/tf_env/lib/python3.10/site-packages/matplotlib/mpl-data/fonts/ttf/DejaVuSansMono-Bold.ttf', name='DejaVu Sans Mono', style='normal', variant='normal', weight=700, stretch='normal', size='scalable')) = 10.335
2025-08-22 22:35:33,882 DEBUG findfont: score(FontEntry(fname='/Users/widohun/tf_env/lib/python3.10/site-packages/matplotlib/mpl-data/fonts/ttf/cmss10.ttf', name='cmss10', style='normal', variant='normal', weight=400, stretch='normal', size='scalable')) = 10.05
2025-08-22 22:35:33,882 DEBUG findfont: score(FontEntry(fname='/Users/widohun/tf_env/lib/python3.10/site-packages/matplotlib/mpl-data/fonts/ttf/STIXSizOneSymReg.ttf', name='STIXSizeOneSym', style='normal', variant='normal', weight=400, stretch='normal', size='scalable')) = 10.05
2025-08-22 22:35:33,882 DEBUG findfont: score(FontEntry(fname='/Users/widohun/tf_env/lib/python3.10/site-packages/matplotlib/mpl-data/fonts/ttf/STIXNonUniBolIta.ttf', name='STIXNonUnicode', style='italic', variant='normal', weight=700, stretch='normal', size='scalable')) = 11.335
2025-08-22 22:35:33,883 DEBUG findfont: score(FontEntry(fname='/Users/widohun/tf_env/lib/python3.10/site-packages/matplotlib/mpl-data/fonts/ttf/DejaVuSansMono.ttf', name='DejaVu Sans Mono', style='normal', variant='normal', weight=400, stretch='normal', size='scalable')) = 10.05
2025-08-22 22:35:33,883 DEBUG findfont: score(FontEntry(fname='/Users/widohun/tf_env/lib/python3.10/site-packages/matplotlib/mpl-data/fonts/ttf/STIXSizThreeSymReg.ttf', name='STIXSizeThreeSym', style='normal', variant='normal', weight=400, stretch='normal', size='scalable')) = 10.05
2025-08-22 22:35:33,883 DEBUG findfont: score(FontEntry(fname='/Users/widohun/tf_env/lib/python3.10/site-packages/matplotlib/mpl-data/fonts/ttf/DejaVuSansMono-Oblique.ttf', name='DejaVu Sans Mono', style='oblique', variant='normal', weight=400, stretch='normal', size='scalable')) = 11.05
2025-08-22 22:35:33,883 DEBUG findfont: score(FontEntry(fname='/Users/widohun/tf_env/lib/python3.10/site-packages/matplotlib/mpl-data/fonts/ttf/DejaVuSans-BoldOblique.ttf', name='DejaVu Sans', style='oblique', variant='normal', weight=700, stretch='normal', size='scalable')) = 11.335
2025-08-22 22:35:33,884 DEBUG findfont: score(FontEntry(fname='/Users/widohun/tf_env/lib/python3.10/site-packages/matplotlib/mpl-data/fonts/ttf/DejaVuSans.ttf', name='DejaVu Sans', style='normal', variant='normal', weight=400, stretch='normal', size='scalable')) = 10.05
2025-08-22 22:35:33,884 DEBUG findfont: score(FontEntry(fname='/Users/widohun/tf_env/lib/python3.10/site-packages/matplotlib/mpl-data/fonts/ttf/STIXGeneralBolIta.ttf', name='STIXGeneral', style='italic', variant='normal', weight=700, stretch='normal', size='scalable')) = 11.335
2025-08-22 22:35:33,884 DEBUG findfont: score(FontEntry(fname='/Users/widohun/tf_env/lib/python3.10/site-packages/matplotlib/mpl-data/fonts/ttf/DejaVuSans-Oblique.ttf', name='DejaVu Sans', style='oblique', variant='normal', weight=400, stretch='normal', size='scalable')) = 11.05
2025-08-22 22:35:33,885 DEBUG findfont: score(FontEntry(fname='/Users/widohun/tf_env/lib/python3.10/site-packages/matplotlib/mpl-data/fonts/ttf/DejaVuSansMono-BoldOblique.ttf', name='DejaVu Sans Mono', style='oblique', variant='normal', weight=700, stretch='normal', size='scalable')) = 11.335
2025-08-22 22:35:33,885 DEBUG findfont: score(FontEntry(fname='/Users/widohun/tf_env/lib/python3.10/site-packages/matplotlib/mpl-data/fonts/ttf/STIXGeneralBol.ttf', name='STIXGeneral', style='normal', variant='normal', weight=700, stretch='normal', size='scalable')) = 10.335
2025-08-22 22:35:33,885 DEBUG findfont: score(FontEntry(fname='/Users/widohun/tf_env/lib/python3.10/site-packages/matplotlib/mpl-data/fonts/ttf/STIXSizFourSymReg.ttf', name='STIXSizeFourSym', style='normal', variant='normal', weight=400, stretch='normal', size='scalable')) = 10.05
2025-08-22 22:35:33,885 DEBUG findfont: score(FontEntry(fname='/Users/widohun/tf_env/lib/python3.10/site-packages/matplotlib/mpl-data/fonts/ttf/cmr10.ttf', name='cmr10', style='normal', variant='normal', weight=400, stretch='normal', size='scalable')) = 10.05
2025-08-22 22:35:33,886 DEBUG findfont: score(FontEntry(fname='/Users/widohun/tf_env/lib/python3.10/site-packages/matplotlib/mpl-data/fonts/ttf/cmtt10.ttf', name='cmtt10', style='normal', variant='normal', weight=400, stretch='normal', size='scalable')) = 10.05
2025-08-22 22:35:33,886 DEBUG findfont: score(FontEntry(fname='/Users/widohun/tf_env/lib/python3.10/site-packages/matplotlib/mpl-data/fonts/ttf/STIXNonUniIta.ttf', name='STIXNonUnicode', style='italic', variant='normal', weight=400, stretch='normal', size='scalable')) = 11.05
2025-08-22 22:35:33,886 DEBUG findfont: score(FontEntry(fname='/Users/widohun/tf_env/lib/python3.10/site-packages/matplotlib/mpl-data/fonts/ttf/cmex10.ttf', name='cmex10', style='normal', variant='normal', weight=400, stretch='normal', size='scalable')) = 10.05
2025-08-22 22:35:33,886 DEBUG findfont: score(FontEntry(fname='/Users/widohun/tf_env/lib/python3.10/site-packages/matplotlib/mpl-data/fonts/ttf/STIXNonUni.ttf', name='STIXNonUnicode', style='normal', variant='normal', weight=400, stretch='normal', size='scalable')) = 10.05
2025-08-22 22:35:33,887 DEBUG findfont: score(FontEntry(fname='/Users/widohun/tf_env/lib/python3.10/site-packages/matplotlib/mpl-data/fonts/ttf/STIXGeneral.ttf', name='STIXGeneral', style='normal', variant='normal', weight=400, stretch='normal', size='scalable')) = 10.05
2025-08-22 22:35:33,887 DEBUG findfont: score(FontEntry(fname='/Users/widohun/tf_env/lib/python3.10/site-packages/matplotlib/mpl-data/fonts/ttf/STIXSizFiveSymReg.ttf', name='STIXSizeFiveSym', style='normal', variant='normal', weight=400, stretch='normal', size='scalable')) = 10.05
2025-08-22 22:35:33,887 DEBUG findfont: score(FontEntry(fname='/Users/widohun/tf_env/lib/python3.10/site-packages/matplotlib/mpl-data/fonts/ttf/cmb10.ttf', name='cmb10', style='normal', variant='normal', weight=400, stretch='normal', size='scalable')) = 10.05
2025-08-22 22:35:33,887 DEBUG findfont: score(FontEntry(fname='/Users/widohun/tf_env/lib/python3.10/site-packages/matplotlib/mpl-data/fonts/ttf/STIXNonUniBol.ttf', name='STIXNonUnicode', style='normal', variant='normal', weight=700, stretch='normal', size='scalable')) = 10.335
2025-08-22 22:35:33,887 DEBUG findfont: score(FontEntry(fname='/Users/widohun/tf_env/lib/python3.10/site-packages/matplotlib/mpl-data/fonts/ttf/STIXGeneralItalic.ttf', name='STIXGeneral', style='italic', variant='normal', weight=400, stretch='normal', size='scalable')) = 11.05
2025-08-22 22:35:33,888 DEBUG findfont: score(FontEntry(fname='/Users/widohun/tf_env/lib/python3.10/site-packages/matplotlib/mpl-data/fonts/ttf/DejaVuSans-Bold.ttf', name='DejaVu Sans', style='normal', variant='normal', weight=700, stretch='normal', size='scalable')) = 10.335
2025-08-22 22:35:33,889 DEBUG findfont: score(FontEntry(fname='/Users/widohun/tf_env/lib/python3.10/site-packages/matplotlib/mpl-data/fonts/ttf/DejaVuSansDisplay.ttf', name='DejaVu Sans Display', style='normal', variant='normal', weight=400, stretch='normal', size='scalable')) = 10.05
2025-08-22 22:35:33,889 DEBUG findfont: score(FontEntry(fname='/System/Library/Fonts/Supplemental/AppleGothic.ttf', name='AppleGothic', style='normal', variant='normal', weight=400, stretch='normal', size='scalable')) = 0.05
2025-08-22 22:35:33,889 DEBUG findfont: score(FontEntry(fname='/System/Library/Fonts/Supplemental/Oriya Sangam MN.ttc', name='Oriya Sangam MN', style='normal', variant='normal', weight=400, stretch='normal', size='scalable')) = 10.05
2025-08-22 22:35:33,890 DEBUG findfont: score(FontEntry(fname='/System/Library/Fonts/ヒラギノ角ゴシック W4.ttc', name='Hiragino Sans', style='normal', variant='normal', weight=400, stretch='normal', size='scalable')) = 10.05
2025-08-22 22:35:33,890 DEBUG findfont: score(FontEntry(fname='/System/Library/Fonts/Supplemental/Arial Narrow Bold.ttf', name='Arial Narrow', style='normal', variant='normal', weight=700, stretch='condensed', size='scalable')) = 10.535
2025-08-22 22:35:33,890 DEBUG findfont: score(FontEntry(fname='/System/Library/Fonts/NewYork.ttf', name='.New York', style='normal', variant='normal', weight=400, stretch='normal', size='scalable')) = 10.05
2025-08-22 22:35:33,891 DEBUG findfont: score(FontEntry(fname='/System/Library/Fonts/Supplemental/NotoSansSundanese-Regular.ttf', name='Noto Sans Sundanese', style='normal', variant='normal', weight=400, stretch='normal', size='scalable')) = 10.05
2025-08-22 22:35:33,893 DEBUG findfont: score(FontEntry(fname='/System/Library/AssetsV2/com_apple_MobileAsset_Font7/b8cf53b3591d6062cd536ba5129454cba899a078.asset/AssetData/LingWaiTC-Medium.otf', name='LingWai TC', style='normal', variant='normal', weight=500, stretch='normal', size='scalable')) = 10.145
2025-08-22 22:35:33,893 DEBUG findfont: score(FontEntry(fname='/System/Library/Fonts/Supplemental/NotoSansHanifiRohingya-Regular.ttf', name='Noto Sans Hanifi Rohingya', style='normal', variant='normal', weight=400, stretch='normal', size='scalable')) = 10.05
2025-08-22 22:35:33,893 DEBUG findfont: score(FontEntry(fname='/System/Library/Fonts/Supplemental/NotoSansYi-Regular.ttf', name='Noto Sans Yi', style='normal', variant='normal', weight=400, stretch='normal', size='scalable')) = 10.05
2025-08-22 22:35:33,894 DEBUG findfont: score(FontEntry(fname='/System/Library/Fonts/Supplemental/Baskerville.ttc', name='Baskerville', style='normal', variant='normal', weight=400, stretch='normal', size='scalable')) = 10.05
2025-08-22 22:35:33,894 DEBUG findfont: score(FontEntry(fname='/System/Library/Fonts/Supplemental/STIXSizOneSymBol.otf', name='STIXSizeOneSym', style='normal', variant='normal', weight=700, stretch='normal', size='scalable')) = 10.335
2025-08-22 22:35:33,895 DEBUG findfont: score(FontEntry(fname='/System/Library/Fonts/Supplemental/NotoSansSylotiNagri-Regular.ttf', name='Noto Sans Syloti Nagri', style='normal', variant='normal', weight=400, stretch='normal', size='scalable')) = 10.05
2025-08-22 22:35:33,895 DEBUG findfont: score(FontEntry(fname='/System/Library/Fonts/Supplemental/NotoSansMandaic-Regular.ttf', name='Noto Sans Mandaic', style='normal', variant='normal', weight=400, stretch='normal', size='scalable')) = 10.05
2025-08-22 22:35:33,896 DEBUG findfont: score(FontEntry(fname='/System/Library/Fonts/Supplemental/NotoSansPauCinHau-Regular.ttf', name='Noto Sans Pau Cin Hau', style='normal', variant='normal', weight=400, stretch='normal', size='scalable')) = 10.05
2025-08-22 22:35:33,896 DEBUG findfont: score(FontEntry(fname='/System/Library/Fonts/SFCompact.ttf', name='.SF Compact', style='normal', variant='normal', weight=1000, stretch='normal', size='scalable')) = 10.62
2025-08-22 22:35:33,896 DEBUG findfont: score(FontEntry(fname='/System/Library/Fonts/Supplemental/Charter.ttc', name='Charter', style='normal', variant='normal', weight=400, stretch='normal', size='scalable')) = 10.05
2025-08-22 22:35:33,897 DEBUG findfont: score(FontEntry(fname='/System/Library/AssetsV2/com_apple_MobileAsset_Font7/de4b2bad515a67ab2d11e39fd896b1e189252a43.asset/AssetData/HeadlineA.ttf', name='HeadLineA', style='normal', variant='normal', weight=400, stretch='normal', size='scalable')) = 10.05
2025-08-22 22:35:33,897 DEBUG findfont: score(FontEntry(fname='/System/Library/Fonts/Supplemental/Diwan Kufi.ttc', name='Diwan Kufi', style='normal', variant='normal', weight=400, stretch='normal', size='scalable')) = 10.05
2025-08-22 22:35:33,897 DEBUG findfont: score(FontEntry(fname='/System/Library/Fonts/Supplemental/STIXSizThreeSymBol.otf', name='STIXSizeThreeSym', style='normal', variant='normal', weight=700, stretch='normal', size='scalable')) = 10.335
2025-08-22 22:35:33,898 DEBUG findfont: score(FontEntry(fname='/System/Library/Fonts/Supplemental/Raanana.ttc', name='Raanana', style='normal', variant='normal', weight=400, stretch='normal', size='scalable')) = 10.05
2025-08-22 22:35:33,898 DEBUG findfont: score(FontEntry(fname='/System/Library/Fonts/Supplemental/NotoSansChakma-Regular.ttf', name='Noto Sans Chakma', style='normal', variant='normal', weight=400, stretch='normal', size='scalable')) = 10.05
2025-08-22 22:35:33,898 DEBUG findfont: score(FontEntry(fname='/System/Library/Fonts/Supplemental/Mishafi.ttf', name='Mishafi', style='normal', variant='normal', weight=400, stretch='normal', size='scalable')) = 10.05
2025-08-22 22:35:33,898 DEBUG findfont: score(FontEntry(fname='/System/Library/Fonts/Supplemental/DevanagariMT.ttc', name='Devanagari MT', style='normal', variant='normal', weight=400, stretch='normal', size='scalable')) = 10.05
2025-08-22 22:35:33,899 DEBUG findfont: score(FontEntry(fname='/System/Library/Fonts/Supplemental/Luminari.ttf', name='Luminari', style='normal', variant='normal', weight=400, stretch='normal', size='scalable')) = 10.05
2025-08-22 22:35:33,909 DEBUG findfont: score(FontEntry(fname='/System/Library/AssetsV2/com_apple_MobileAsset_Font7/157acc4d862730d6d5beaa943546f80a71948c7b.asset/AssetData/BMHanna11yrs-Regular.otf', name='BM Hanna 11yrs Old', style='normal', variant='normal', weight=400, stretch='normal', size='scalable')) = 10.05
2025-08-22 22:35:33,910 DEBUG findfont: score(FontEntry(fname='/System/Library/Fonts/Supplemental/Times New Roman.ttf', name='Times New Roman', style='normal', variant='normal', weight=400, stretch='normal', size='scalable')) = 10.05
2025-08-22 22:35:33,911 DEBUG findfont: score(FontEntry(fname='/System/Library/Fonts/Supplemental/NotoSansBuginese-Regular.ttf', name='Noto Sans Buginese', style='normal', variant='normal', weight=400, stretch='normal', size='scalable')) = 10.05
2025-08-22 22:35:33,911 DEBUG findfont: score(FontEntry(fname='/System/Library/AssetsV2/com_apple_MobileAsset_Font7/f879347736afb6e4e0880bcede9df92492c0f040.asset/AssetData/Gungseouche.ttf', name='GungSeo', style='normal', variant='normal', weight=400, stretch='normal', size='scalable')) = 10.05
2025-08-22 22:35:33,912 DEBUG findfont: score(FontEntry(fname='/System/Library/Fonts/Supplemental/Beirut.ttc', name='Beirut', style='normal', variant='normal', weight=700, stretch='normal', size='scalable')) = 10.335
2025-08-22 22:35:33,913 DEBUG findfont: score(FontEntry(fname='/System/Library/Fonts/Supplemental/NotoSansOsmanya-Regular.ttf', name='Noto Sans Osmanya', style='normal', variant='normal', weight=400, stretch='normal', size='scalable')) = 10.05
2025-08-22 22:35:33,913 DEBUG findfont: score(FontEntry(fname='/System/Library/Fonts/SFNS.ttf', name='System Font', style='normal', variant='normal', weight=400, stretch='normal', size='scalable')) = 10.05
2025-08-22 22:35:33,914 DEBUG findfont: score(FontEntry(fname='/System/Library/Fonts/Supplemental/Baghdad.ttc', name='Baghdad', style='normal', variant='normal', weight=400, stretch='normal', size='scalable')) = 10.05
2025-08-22 22:35:33,914 DEBUG findfont: score(FontEntry(fname='/System/Library/Fonts/Avenir Next Condensed.ttc', name='Avenir Next Condensed', style='normal', variant='normal', weight=700, stretch='condensed', size='scalable')) = 10.535
2025-08-22 22:35:33,915 DEBUG findfont: score(FontEntry(fname='/System/Library/Fonts/Supplemental/STIXSizOneSymReg.otf', name='STIXSizeOneSym', style='normal', variant='normal', weight=400, stretch='normal', size='scalable')) = 10.05
2025-08-22 22:35:33,915 DEBUG findfont: score(FontEntry(fname='/System/Library/Fonts/Supplemental/AmericanTypewriter.ttc', name='American Typewriter', style='normal', variant='normal', weight=400, stretch='normal', size='scalable')) = 10.05
2025-08-22 22:35:33,915 DEBUG findfont: score(FontEntry(fname='/System/Library/AssetsV2/com_apple_MobileAsset_Font7/cd59971ded42add9070aa2172265ba7fcf8d9327.asset/AssetData/BMKirangHaerang-Regular.otf', name='BM Kirang Haerang', style='normal', variant='normal', weight=400, stretch='normal', size='scalable')) = 10.05
2025-08-22 22:35:33,916 DEBUG findfont: score(FontEntry(fname='/System/Library/Fonts/Palatino.ttc', name='Palatino', style='normal', variant='normal', weight=400, stretch='normal', size='scalable')) = 10.05
2025-08-22 22:35:33,916 DEBUG findfont: score(FontEntry(fname='/System/Library/Fonts/SFHebrewRounded.ttf', name='.SF Hebrew Rounded', style='normal', variant='normal', weight=400, stretch='normal', size='scalable')) = 10.05
2025-08-22 22:35:33,917 DEBUG findfont: score(FontEntry(fname='/System/Library/Fonts/Supplemental/NotoSansVai-Regular.ttf', name='Noto Sans Vai', style='normal', variant='normal', weight=400, stretch='normal', size='scalable')) = 10.05
2025-08-22 22:35:33,917 DEBUG findfont: score(FontEntry(fname='/System/Library/AssetsV2/com_apple_MobileAsset_Font7/d9a8a6ae726910080d90232eaf0edb06da712758.asset/AssetData/TsukushiAMaruGothic.ttc', name='Tsukushi A Round Gothic', style='normal', variant='normal', weight=400, stretch='normal', size='scalable')) = 10.05
2025-08-22 22:35:33,917 DEBUG findfont: score(FontEntry(fname='/System/Library/Fonts/Helvetica.ttc', name='Helvetica', style='normal', variant='normal', weight=400, stretch='normal', size='scalable')) = 10.05
2025-08-22 22:35:33,918 DEBUG findfont: score(FontEntry(fname='/System/Library/Fonts/Supplemental/STIXTwoMath.otf', name='STIX Two Math', style='normal', variant='normal', weight=400, stretch='normal', size='scalable')) = 10.05
2025-08-22 22:35:33,918 DEBUG findfont: score(FontEntry(fname='/System/Library/Fonts/LucidaGrande.ttc', name='Lucida Grande', style='normal', variant='normal', weight=500, stretch='normal', size='scalable')) = 10.145
2025-08-22 22:35:33,918 DEBUG findfont: score(FontEntry(fname='/System/Library/AssetsV2/com_apple_MobileAsset_Font7/e71ea5469e5f2039223f22203ee8b9186524afd3.asset/AssetData/BMDoHyeon-Regular.otf', name='BM Dohyeon', style='normal', variant='normal', weight=400, stretch='normal', size='scalable')) = 10.05
2025-08-22 22:35:33,919 DEBUG findfont: score(FontEntry(fname='/System/Library/Fonts/Supplemental/NotoSansMongolian-Regular.ttf', name='Noto Sans Mongolian', style='normal', variant='normal', weight=400, stretch='normal', size='scalable')) = 10.05
2025-08-22 22:35:33,919 DEBUG findfont: score(FontEntry(fname='/System/Library/Fonts/Supplemental/NotoSansNewa-Regular.ttf', name='Noto Sans Newa', style='normal', variant='normal', weight=400, stretch='normal', size='scalable')) = 10.05
2025-08-22 22:35:33,919 DEBUG findfont: score(FontEntry(fname='/System/Library/Fonts/Supplemental/STIXSizTwoSymBol.otf', name='STIXSizeTwoSym', style='normal', variant='normal', weight=700, stretch='normal', size='scalable')) = 10.335
2025-08-22 22:35:33,920 DEBUG findfont: score(FontEntry(fname='/System/Library/Fonts/ヒラギノ角ゴシック W9.ttc', name='Hiragino Sans', style='normal', variant='normal', weight=900, stretch='normal', size='scalable')) = 10.525
2025-08-22 22:35:33,920 DEBUG findfont: score(FontEntry(fname='/System/Library/Fonts/Supplemental/NotoSansBatak-Regular.ttf', name='Noto Sans Batak', style='normal', variant='normal', weight=400, stretch='normal', size='scalable')) = 10.05
2025-08-22 22:35:33,920 DEBUG findfont: score(FontEntry(fname='/System/Library/Fonts/Supplemental/Bangla MN.ttc', name='Bangla MN', style='normal', variant='normal', weight=400, stretch='normal', size='scalable')) = 10.05
2025-08-22 22:35:33,920 DEBUG findfont: score(FontEntry(fname='/System/Library/Fonts/KohinoorBangla.ttc', name='Kohinoor Bangla', style='normal', variant='normal', weight=400, stretch='normal', size='scalable')) = 10.05
2025-08-22 22:35:33,928 DEBUG findfont: score(FontEntry(fname='/System/Library/AssetsV2/com_apple_MobileAsset_Font7/9bcdfd464af84ab30592d781f4a82f44f548239c.asset/AssetData/BMYeongSung-Regular.otf', name='BM Yeonsung', style='normal', variant='normal', weight=400, stretch='normal', size='scalable')) = 10.05
2025-08-22 22:35:33,942 DEBUG findfont: score(FontEntry(fname='/System/Library/Fonts/Supplemental/Sinhala MN.ttc', name='Sinhala MN', style='normal', variant='normal', weight=400, stretch='normal', size='scalable')) = 10.05
2025-08-22 22:35:33,942 DEBUG findfont: score(FontEntry(fname='/System/Library/Fonts/Supplemental/NotoSansTifinagh-Regular.otf', name='Noto Sans Tifinagh', style='normal', variant='normal', weight=400, stretch='normal', size='scalable')) = 10.05
2025-08-22 22:35:33,944 DEBUG findfont: score(FontEntry(fname='/System/Library/Fonts/Supplemental/Kokonor.ttf', name='Kokonor', style='normal', variant='normal', weight=400, stretch='normal', size='scalable')) = 10.05
2025-08-22 22:35:33,945 DEBUG findfont: score(FontEntry(fname='/System/Library/Fonts/Supplemental/Phosphate.ttc', name='Phosphate', style='normal', variant='normal', weight=400, stretch='normal', size='scalable')) = 10.05
2025-08-22 22:35:33,946 DEBUG findfont: score(FontEntry(fname='/System/Library/Fonts/Supplemental/NotoSansOldSouthArabian-Regular.ttf', name='Noto Sans Old South Arabian', style='normal', variant='normal', weight=400, stretch='normal', size='scalable')) = 10.05
2025-08-22 22:35:33,947 DEBUG findfont: score(FontEntry(fname='/System/Library/Fonts/Supplemental/Marion.ttc', name='Marion', style='normal', variant='normal', weight=400, stretch='normal', size='scalable')) = 10.05
2025-08-22 22:35:33,948 DEBUG findfont: score(FontEntry(fname='/System/Library/Fonts/Supplemental/Arial Bold Italic.ttf', name='Arial', style='italic', variant='normal', weight=700, stretch='normal', size='scalable')) = 11.335
2025-08-22 22:35:33,949 DEBUG findfont: score(FontEntry(fname='/System/Library/Fonts/Supplemental/Courier New Italic.ttf', name='Courier New', style='italic', variant='normal', weight=400, stretch='normal', size='scalable')) = 11.05
2025-08-22 22:35:33,949 DEBUG findfont: score(FontEntry(fname='/System/Library/Fonts/Supplemental/Hoefler Text Ornaments.ttf', name='Hoefler Text', style='normal', variant='normal', weight=400, stretch='normal', size='scalable')) = 10.05
2025-08-22 22:35:33,950 DEBUG findfont: score(FontEntry(fname='/System/Library/AssetsV2/com_apple_MobileAsset_Font7/0ab217c39c45c7c6acaddfa199fd32c55a7b4a19.asset/AssetData/ToppanBunkyuGothicPr6N.ttc', name='Toppan Bunkyu Gothic', style='normal', variant='normal', weight=600, stretch='normal', size='scalable')) = 10.24
2025-08-22 22:35:33,950 DEBUG findfont: score(FontEntry(fname='/System/Library/AssetsV2/com_apple_MobileAsset_Font7/18189590ed3a5f46cef20ed4d1cec2611dca13ff.asset/AssetData/WawaSC-Regular.otf', name='Wawati SC', style='normal', variant='normal', weight=400, stretch='normal', size='scalable')) = 10.05
2025-08-22 22:35:33,951 DEBUG findfont: score(FontEntry(fname='/System/Library/Fonts/Supplemental/NotoSansWancho-Regular.ttf', name='Noto Sans Wancho', style='normal', variant='normal', weight=400, stretch='normal', size='scalable')) = 10.05
2025-08-22 22:35:33,951 DEBUG findfont: score(FontEntry(fname='/System/Library/Fonts/Supplemental/Kannada MN.ttc', name='Kannada MN', style='normal', variant='normal', weight=400, stretch='normal', size='scalable')) = 10.05
2025-08-22 22:35:33,951 DEBUG findfont: score(FontEntry(fname='/System/Library/Fonts/Supplemental/STIXSizFourSymReg.otf', name='STIXSizeFourSym', style='normal', variant='normal', weight=400, stretch='normal', size='scalable')) = 10.05
2025-08-22 22:35:33,951 DEBUG findfont: score(FontEntry(fname='/System/Library/Fonts/Supplemental/NotoSansInscriptionalPahlavi-Regular.ttf', name='Noto Sans Inscriptional Pahlavi', style='normal', variant='normal', weight=400, stretch='normal', size='scalable')) = 10.05
2025-08-22 22:35:33,952 DEBUG findfont: score(FontEntry(fname='/System/Library/Fonts/Supplemental/AppleMyungjo.ttf', name='AppleMyungjo', style='normal', variant='normal', weight=400, stretch='normal', size='scalable')) = 10.05
2025-08-22 22:35:33,952 DEBUG findfont: score(FontEntry(fname='/System/Library/Fonts/Supplemental/STIXTwoText.ttf', name='STIX Two Text', style='normal', variant='normal', weight=400, stretch='normal', size='scalable')) = 10.05
2025-08-22 22:35:33,952 DEBUG findfont: score(FontEntry(fname='/System/Library/Fonts/Supplemental/NotoSansMeroitic-Regular.ttf', name='Noto Sans Meroitic', style='normal', variant='normal', weight=400, stretch='normal', size='scalable')) = 10.05
2025-08-22 22:35:33,952 DEBUG findfont: score(FontEntry(fname='/System/Library/Fonts/Supplemental/NotoSansKayahLi-Regular.ttf', name='Noto Sans Kayah Li', style='normal', variant='normal', weight=400, stretch='normal', size='scalable')) = 10.05
2025-08-22 22:35:33,953 DEBUG findfont: score(FontEntry(fname='/System/Library/Fonts/GeezaPro.ttc', name='Geeza Pro', style='normal', variant='normal', weight=400, stretch='normal', size='scalable')) = 10.05
2025-08-22 22:35:33,953 DEBUG findfont: score(FontEntry(fname='/System/Library/Fonts/Supplemental/Al Nile.ttc', name='Al Nile', style='normal', variant='normal', weight=400, stretch='normal', size='scalable')) = 10.05
2025-08-22 22:35:33,953 DEBUG findfont: score(FontEntry(fname='/System/Library/Fonts/ヒラギノ角ゴシック W1.ttc', name='Hiragino Sans', style='normal', variant='normal', weight=200, stretch='normal', size='scalable')) = 10.24
2025-08-22 22:35:33,953 DEBUG findfont: score(FontEntry(fname='/System/Library/Fonts/SFNSRounded.ttf', name='.SF NS Rounded', style='normal', variant='normal', weight=400, stretch='normal', size='scalable')) = 10.05
2025-08-22 22:35:33,954 DEBUG findfont: score(FontEntry(fname='/System/Library/Fonts/Supplemental/NotoSansLepcha-Regular.ttf', name='Noto Sans Lepcha', style='normal', variant='normal', weight=400, stretch='normal', size='scalable')) = 10.05
2025-08-22 22:35:33,954 DEBUG findfont: score(FontEntry(fname='/System/Library/Fonts/Supplemental/InaiMathi-MN.ttc', name='InaiMathi', style='normal', variant='normal', weight=400, stretch='normal', size='scalable')) = 10.05
2025-08-22 22:35:33,954 DEBUG findfont: score(FontEntry(fname='/System/Library/Fonts/Supplemental/NotoSansJavanese-Regular.otf', name='Noto Sans Javanese', style='normal', variant='normal', weight=400, stretch='normal', size='scalable')) = 10.05
2025-08-22 22:35:33,955 DEBUG findfont: score(FontEntry(fname='/System/Library/Fonts/Supplemental/DecoTypeNaskh.ttc', name='DecoType Naskh', style='normal', variant='normal', weight=400, stretch='normal', size='scalable')) = 10.05
2025-08-22 22:35:33,957 DEBUG findfont: score(FontEntry(fname='/System/Library/Fonts/Supplemental/NotoSansElbasan-Regular.ttf', name='Noto Sans Elbasan', style='normal', variant='normal', weight=400, stretch='normal', size='scalable')) = 10.05
2025-08-22 22:35:33,958 DEBUG findfont: score(FontEntry(fname='/System/Library/Fonts/Supplemental/Arial Black.ttf', name='Arial Black', style='normal', variant='normal', weight=900, stretch='normal', size='scalable')) = 10.525
2025-08-22 22:35:33,961 DEBUG findfont: score(FontEntry(fname='/System/Library/Fonts/ArialHB.ttc', name='Arial Hebrew', style='normal', variant='normal', weight=400, stretch='normal', size='scalable')) = 10.05
2025-08-22 22:35:33,962 DEBUG findfont: score(FontEntry(fname='/System/Library/AssetsV2/com_apple_MobileAsset_Font7/d7d512f49387f96799ae9271c7fa8f8e9fef05d1.asset/AssetData/BIZ_UDGothic.ttc', name='BIZ UDGothic', style='normal', variant='normal', weight=400, stretch='normal', size='scalable')) = 10.05
2025-08-22 22:35:33,963 DEBUG findfont: score(FontEntry(fname='/System/Library/Fonts/Supplemental/NotoSerifNyiakengPuachueHmong-Regular.ttf', name='Noto Serif Hmong Nyiakeng', style='normal', variant='normal', weight=400, stretch='normal', size='scalable')) = 10.05
2025-08-22 22:35:33,963 DEBUG findfont: score(FontEntry(fname='/System/Library/AssetsV2/com_apple_MobileAsset_Font7/3d7c99b85a518ffb479044c11185e47744b6448d.asset/AssetData/WawaTC-Regular.otf', name='Wawati TC', style='normal', variant='normal', weight=400, stretch='normal', size='scalable')) = 10.05
2025-08-22 22:35:33,964 DEBUG findfont: score(FontEntry(fname='/System/Library/Fonts/Supplemental/Skia.ttf', name='Skia', style='normal', variant='normal', weight=5, stretch='normal', size='scalable')) = 10.42525
2025-08-22 22:35:33,964 DEBUG findfont: score(FontEntry(fname='/System/Library/Fonts/Supplemental/STIXNonUni.otf', name='STIXNonUnicode', style='normal', variant='normal', weight=400, stretch='normal', size='scalable')) = 10.05
2025-08-22 22:35:33,964 DEBUG findfont: score(FontEntry(fname='/System/Library/Fonts/Supplemental/NotoSansCoptic-Regular.ttf', name='Noto Sans Coptic', style='normal', variant='normal', weight=400, stretch='normal', size='scalable')) = 10.05
2025-08-22 22:35:33,964 DEBUG findfont: score(FontEntry(fname='/System/Library/AssetsV2/com_apple_MobileAsset_Font7/8dc7805506cc9f233dcc19aabf593196842a47ae.asset/AssetData/Hannotate.ttc', name='Hannotate SC', style='normal', variant='normal', weight=400, stretch='normal', size='scalable')) = 10.05
2025-08-22 22:35:33,965 DEBUG findfont: score(FontEntry(fname='/System/Library/Fonts/Supplemental/NotoSansTakri-Regular.ttf', name='Noto Sans Takri', style='normal', variant='normal', weight=400, stretch='normal', size='scalable')) = 10.05
2025-08-22 22:35:33,965 DEBUG findfont: score(FontEntry(fname='/System/Library/Fonts/Supplemental/NotoSansAvestan-Regular.ttf', name='Noto Sans Avestan', style='normal', variant='normal', weight=400, stretch='normal', size='scalable')) = 10.05
2025-08-22 22:35:33,966 DEBUG findfont: score(FontEntry(fname='/System/Library/Fonts/Supplemental/Muna.ttc', name='Muna', style='normal', variant='normal', weight=400, stretch='normal', size='scalable')) = 10.05
2025-08-22 22:35:33,966 DEBUG findfont: score(FontEntry(fname='/System/Library/Fonts/Supplemental/Songti.ttc', name='Songti SC', style='normal', variant='normal', weight=900, stretch='normal', size='scalable')) = 10.525
2025-08-22 22:35:33,966 DEBUG findfont: score(FontEntry(fname='/System/Library/Fonts/Supplemental/NotoSansBassaVah-Regular.ttf', name='Noto Sans Bassa Vah', style='normal', variant='normal', weight=400, stretch='normal', size='scalable')) = 10.05
2025-08-22 22:35:33,966 DEBUG findfont: score(FontEntry(fname='/System/Library/Fonts/Supplemental/STIXSizThreeSymReg.otf', name='STIXSizeThreeSym', style='normal', variant='normal', weight=400, stretch='normal', size='scalable')) = 10.05
2025-08-22 22:35:33,967 DEBUG findfont: score(FontEntry(fname='/System/Library/Fonts/Supplemental/NotoSansOlChiki-Regular.ttf', name='Noto Sans Ol Chiki', style='normal', variant='normal', weight=400, stretch='normal', size='scalable')) = 10.05
2025-08-22 22:35:33,967 DEBUG findfont: score(FontEntry(fname='/System/Library/Fonts/Supplemental/Times New Roman Bold.ttf', name='Times New Roman', style='normal', variant='normal', weight=700, stretch='normal', size='scalable')) = 10.335
2025-08-22 22:35:33,968 DEBUG findfont: score(FontEntry(fname='/System/Library/Fonts/Supplemental/Papyrus.ttc', name='Papyrus', style='normal', variant='normal', weight=400, stretch='condensed', size='scalable')) = 10.25
2025-08-22 22:35:33,968 DEBUG findfont: score(FontEntry(fname='/System/Library/Fonts/Supplemental/Lao Sangam MN.ttf', name='Lao Sangam MN', style='normal', variant='normal', weight=400, stretch='normal', size='scalable')) = 10.05
2025-08-22 22:35:33,968 DEBUG findfont: score(FontEntry(fname='/System/Library/Fonts/Supplemental/NotoSansKaithi-Regular.ttf', name='Noto Sans Kaithi', style='normal', variant='normal', weight=400, stretch='normal', size='scalable')) = 10.05
2025-08-22 22:35:33,968 DEBUG findfont: score(FontEntry(fname='/System/Library/Fonts/NotoSansMyanmar.ttc', name='Noto Sans Myanmar', style='normal', variant='normal', weight=900, stretch='normal', size='scalable')) = 10.525
2025-08-22 22:35:33,969 DEBUG findfont: score(FontEntry(fname='/System/Library/Fonts/Supplemental/NotoSansGunjalaGondi-Regular.otf', name='Noto Sans Gunjala Gondi', style='normal', variant='normal', weight=400, stretch='normal', size='scalable')) = 10.05
2025-08-22 22:35:33,969 DEBUG findfont: score(FontEntry(fname='/System/Library/Fonts/Supplemental/Academy Engraved LET Fonts.ttf', name='Academy Engraved LET', style='normal', variant='normal', weight=400, stretch='normal', size='scalable')) = 10.05
2025-08-22 22:35:33,969 DEBUG findfont: score(FontEntry(fname='/System/Library/Fonts/Geneva.ttf', name='Geneva', style='normal', variant='normal', weight=400, stretch='normal', size='scalable')) = 10.05
2025-08-22 22:35:33,969 DEBUG findfont: score(FontEntry(fname='/System/Library/Fonts/STHeiti Light.ttc', name='Heiti TC', style='normal', variant='normal', weight=300, stretch='normal', size='scalable')) = 10.145
2025-08-22 22:35:33,970 DEBUG findfont: score(FontEntry(fname='/System/Library/Fonts/Supplemental/Kefa.ttc', name='Kefa', style='normal', variant='normal', weight=400, stretch='normal', size='scalable')) = 10.05
2025-08-22 22:35:33,970 DEBUG findfont: score(FontEntry(fname='/System/Library/Fonts/Supplemental/STIXIntUpDBol.otf', name='STIXIntegralsUpD', style='normal', variant='normal', weight=700, stretch='normal', size='scalable')) = 10.335
2025-08-22 22:35:33,970 DEBUG findfont: score(FontEntry(fname='/System/Library/Fonts/Keyboard.ttf', name='.Keyboard', style='normal', variant='normal', weight=100, stretch='normal', size='scalable')) = 10.335
2025-08-22 22:35:33,971 DEBUG findfont: score(FontEntry(fname='/System/Library/Fonts/Supplemental/NotoSansMendeKikakui-Regular.ttf', name='Noto Sans Mende Kikakui', style='normal', variant='normal', weight=400, stretch='normal', size='scalable')) = 10.05
2025-08-22 22:35:33,971 DEBUG findfont: score(FontEntry(fname='/System/Library/AssetsV2/com_apple_MobileAsset_Font7/de97612eef4e3cf8ee8e5c0ebd6fd879bbecd23a.asset/AssetData/AppleLiGothic-Medium.ttf', name='Apple LiGothic', style='normal', variant='normal', weight=400, stretch='normal', size='scalable')) = 10.05
2025-08-22 22:35:33,971 DEBUG findfont: score(FontEntry(fname='/System/Library/Fonts/ヒラギノ角ゴシック W5.ttc', name='Hiragino Sans', style='normal', variant='normal', weight=500, stretch='normal', size='scalable')) = 10.145
2025-08-22 22:35:33,971 DEBUG findfont: score(FontEntry(fname='/System/Library/Fonts/SFGeorgian.ttf', name='.SF Georgian', style='normal', variant='normal', weight=400, stretch='normal', size='scalable')) = 10.05
2025-08-22 22:35:33,972 DEBUG findfont: score(FontEntry(fname='/System/Library/Fonts/Supplemental/GujaratiMT.ttc', name='Gujarati MT', style='normal', variant='normal', weight=400, stretch='normal', size='scalable')) = 10.05
2025-08-22 22:35:33,973 DEBUG findfont: score(FontEntry(fname='/System/Library/Fonts/Supplemental/Bradley Hand Bold.ttf', name='Bradley Hand', style='normal', variant='normal', weight=700, stretch='normal', size='scalable')) = 10.335
2025-08-22 22:35:33,973 DEBUG findfont: score(FontEntry(fname='/System/Library/AssetsV2/com_apple_MobileAsset_Font7/10b097deccb3c6126d986e24b1980031ff7399da.asset/AssetData/TsukushiBMaruGothic.ttc', name='Tsukushi B Round Gothic', style='normal', variant='normal', weight=400, stretch='normal', size='scalable')) = 10.05
2025-08-22 22:35:33,974 DEBUG findfont: score(FontEntry(fname='/System/Library/Fonts/ヒラギノ丸ゴ ProN W4.ttc', name='Hiragino Maru Gothic Pro', style='normal', variant='normal', weight=400, stretch='normal', size='scalable')) = 10.05
2025-08-22 22:35:33,974 DEBUG findfont: score(FontEntry(fname='/System/Library/Fonts/SFNSMono.ttf', name='.SF NS Mono', style='normal', variant='normal', weight=295, stretch='normal', size='scalable')) = 10.14975
2025-08-22 22:35:33,975 DEBUG findfont: score(FontEntry(fname='/System/Library/Fonts/SFGeorgianRounded.ttf', name='.SF Georgian Rounded', style='normal', variant='normal', weight=400, stretch='normal', size='scalable')) = 10.05
2025-08-22 22:35:33,975 DEBUG findfont: score(FontEntry(fname='/System/Library/Fonts/Supplemental/Georgia Bold Italic.ttf', name='Georgia', style='italic', variant='normal', weight=700, stretch='normal', size='scalable')) = 11.335
2025-08-22 22:35:33,975 DEBUG findfont: score(FontEntry(fname='/System/Library/AssetsV2/com_apple_MobileAsset_Font7/12cc699be28fb04f3e3c4969a0378a87b920b174.asset/AssetData/BMHannaAir-Regular.otf', name='BM Hanna Air', style='normal', variant='normal', weight=400, stretch='normal', size='scalable')) = 10.05
2025-08-22 22:35:33,975 DEBUG findfont: score(FontEntry(fname='/System/Library/Fonts/Supplemental/NotoSansBrahmi-Regular.ttf', name='Noto Sans Brahmi', style='normal', variant='normal', weight=400, stretch='normal', size='scalable')) = 10.05
2025-08-22 22:35:33,975 DEBUG findfont: score(FontEntry(fname='/System/Library/Fonts/Supplemental/NotoSansBamum-Regular.ttf', name='Noto Sans Bamum', style='normal', variant='normal', weight=400, stretch='normal', size='scalable')) = 10.05
2025-08-22 22:35:33,976 DEBUG findfont: score(FontEntry(fname='/System/Library/AssetsV2/com_apple_MobileAsset_Font7/b86e58f38fd21e9782e70a104676f1655e72ebab.asset/AssetData/Yuanti.ttc', name='Yuanti SC', style='normal', variant='normal', weight=400, stretch='normal', size='scalable')) = 10.05
2025-08-22 22:35:33,976 DEBUG findfont: score(FontEntry(fname='/System/Library/Fonts/Supplemental/NotoSansTaiLe-Regular.ttf', name='Noto Sans Tai Le', style='normal', variant='normal', weight=400, stretch='normal', size='scalable')) = 10.05
2025-08-22 22:35:33,977 DEBUG findfont: score(FontEntry(fname='/System/Library/Fonts/Supplemental/PTSerif.ttc', name='PT Serif', style='normal', variant='normal', weight=400, stretch='normal', size='scalable')) = 10.05
2025-08-22 22:35:33,977 DEBUG findfont: score(FontEntry(fname='/System/Library/Fonts/Supplemental/Georgia.ttf', name='Georgia', style='normal', variant='normal', weight=400, stretch='normal', size='scalable')) = 10.05
2025-08-22 22:35:33,977 DEBUG findfont: score(FontEntry(fname='/System/Library/Fonts/Supplemental/Comic Sans MS Bold.ttf', name='Comic Sans MS', style='normal', variant='normal', weight=700, stretch='normal', size='scalable')) = 10.335
2025-08-22 22:35:33,978 DEBUG findfont: score(FontEntry(fname='/System/Library/Fonts/Supplemental/NotoSansCanadianAboriginal-Regular.otf', name='Noto Sans Canadian Aboriginal', style='normal', variant='normal', weight=400, stretch='normal', size='scalable')) = 10.05
2025-08-22 22:35:33,978 DEBUG findfont: score(FontEntry(fname='/System/Library/Fonts/Supplemental/NotoSansTagbanwa-Regular.ttf', name='Noto Sans Tagbanwa', style='normal', variant='normal', weight=400, stretch='normal', size='scalable')) = 10.05
2025-08-22 22:35:33,979 DEBUG findfont: score(FontEntry(fname='/System/Library/AssetsV2/com_apple_MobileAsset_Font7/7278ac2566252649b05c5a2b07c7d45be59f47c5.asset/AssetData/Libian.ttc', name='Libian SC', style='normal', variant='normal', weight=400, stretch='normal', size='scalable')) = 10.05
2025-08-22 22:35:33,979 DEBUG findfont: score(FontEntry(fname='/System/Library/Fonts/Supplemental/NotoSansSaurashtra-Regular.ttf', name='Noto Sans Saurashtra', style='normal', variant='normal', weight=400, stretch='normal', size='scalable')) = 10.05
2025-08-22 22:35:33,979 DEBUG findfont: score(FontEntry(fname='/System/Library/Fonts/Supplemental/Rockwell.ttc', name='Rockwell', style='normal', variant='normal', weight=400, stretch='normal', size='scalable')) = 10.05
2025-08-22 22:35:33,980 DEBUG findfont: score(FontEntry(fname='/System/Library/Fonts/Apple Braille.ttf', name='Apple Braille', style='normal', variant='normal', weight=400, stretch='normal', size='scalable')) = 10.05
2025-08-22 22:35:33,980 DEBUG findfont: score(FontEntry(fname='/System/Library/Fonts/CJKSymbolsFallback.ttc', name='.CJK Symbols Fallback HK', style='normal', variant='normal', weight=250, stretch='normal', size='scalable')) = 10.1925
2025-08-22 22:35:33,980 DEBUG findfont: score(FontEntry(fname='/System/Library/Fonts/Supplemental/NotoSansPhoenician-Regular.ttf', name='Noto Sans Phoenician', style='normal', variant='normal', weight=400, stretch='normal', size='scalable')) = 10.05
2025-08-22 22:35:33,981 DEBUG findfont: score(FontEntry(fname='/System/Library/Fonts/Supplemental/NotoSansPsalterPahlavi-Regular.ttf', name='Noto Sans Psalter Pahlavi', style='normal', variant='normal', weight=400, stretch='normal', size='scalable')) = 10.05
2025-08-22 22:35:33,981 DEBUG findfont: score(FontEntry(fname='/System/Library/Fonts/Supplemental/Trattatello.ttf', name='Trattatello', style='normal', variant='normal', weight=400, stretch='normal', size='scalable')) = 10.05
2025-08-22 22:35:33,981 DEBUG findfont: score(FontEntry(fname='/System/Library/Fonts/Supplemental/Wingdings.ttf', name='Wingdings', style='normal', variant='normal', weight=400, stretch='normal', size='scalable')) = 10.05
2025-08-22 22:35:33,981 DEBUG findfont: score(FontEntry(fname='/System/Library/Fonts/Supplemental/NotoSerifBalinese-Regular.ttf', name='Noto Serif Balinese', style='normal', variant='normal', weight=400, stretch='normal', size='scalable')) = 10.05
2025-08-22 22:35:33,982 DEBUG findfont: score(FontEntry(fname='/System/Library/Fonts/KohinoorTelugu.ttc', name='Kohinoor Telugu', style='normal', variant='normal', weight=400, stretch='normal', size='scalable')) = 10.05
2025-08-22 22:35:33,982 DEBUG findfont: score(FontEntry(fname='/System/Library/AssetsV2/com_apple_MobileAsset_Font7/857d6c90171c328a4892c1492291d34e401d7f25.asset/AssetData/SimSong.ttc', name='SimSong', style='normal', variant='normal', weight=400, stretch='normal', size='scalable')) = 10.05
2025-08-22 22:35:33,983 DEBUG findfont: score(FontEntry(fname='/System/Library/Fonts/Supplemental/Comic Sans MS.ttf', name='Comic Sans MS', style='normal', variant='normal', weight=400, stretch='normal', size='scalable')) = 10.05
2025-08-22 22:35:33,983 DEBUG findfont: score(FontEntry(fname='/System/Library/Fonts/Supplemental/NotoSansManichaean-Regular.ttf', name='Noto Sans Manichaean', style='normal', variant='normal', weight=400, stretch='normal', size='scalable')) = 10.05
2025-08-22 22:35:33,983 DEBUG findfont: score(FontEntry(fname='/System/Library/Fonts/Supplemental/Gurmukhi.ttf', name='Gurmukhi MT', style='normal', variant='normal', weight=500, stretch='normal', size='scalable')) = 10.145
2025-08-22 22:35:33,983 DEBUG findfont: score(FontEntry(fname='/System/Library/Fonts/Supplemental/Sathu.ttf', name='Sathu', style='normal', variant='normal', weight=400, stretch='normal', size='scalable')) = 10.05
2025-08-22 22:35:33,984 DEBUG findfont: score(FontEntry(fname='/System/Library/Fonts/Apple Symbols.ttf', name='Apple Symbols', style='normal', variant='normal', weight=400, stretch='normal', size='scalable')) = 10.05
2025-08-22 22:35:33,984 DEBUG findfont: score(FontEntry(fname='/System/Library/Fonts/Apple Braille Outline 6 Dot.ttf', name='Apple Braille', style='normal', variant='normal', weight=400, stretch='normal', size='scalable')) = 10.05
2025-08-22 22:35:33,984 DEBUG findfont: score(FontEntry(fname='/System/Library/Fonts/Supplemental/NotoSansNKo-Regular.ttf', name='Noto Sans NKo', style='normal', variant='normal', weight=400, stretch='normal', size='scalable')) = 10.05
2025-08-22 22:35:33,984 DEBUG findfont: score(FontEntry(fname='/System/Library/AssetsV2/com_apple_MobileAsset_Font7/2371acc1476f56b565e773159763b5dc3b3d6a1e.asset/AssetData/BiauKai.ttf', name='BiauKai', style='normal', variant='normal', weight=400, stretch='normal', size='scalable')) = 10.05
2025-08-22 22:35:33,984 DEBUG findfont: score(FontEntry(fname='/System/Library/Fonts/Supplemental/Bodoni 72 Smallcaps Book.ttf', name='Bodoni 72 Smallcaps', style='normal', variant='normal', weight=400, stretch='normal', size='scalable')) = 10.05
2025-08-22 22:35:33,985 DEBUG findfont: score(FontEntry(fname='/System/Library/Fonts/Supplemental/NotoSansSyriac-Regular.ttf', name='Noto Sans Syriac', style='normal', variant='normal', weight=400, stretch='normal', size='scalable')) = 10.05
2025-08-22 22:35:33,985 DEBUG findfont: score(FontEntry(fname='/System/Library/Fonts/Supplemental/NotoSansSiddham-Regular.otf', name='Noto Sans Siddham', style='normal', variant='normal', weight=400, stretch='normal', size='scalable')) = 10.05
2025-08-22 22:35:33,985 DEBUG findfont: score(FontEntry(fname='/System/Library/Fonts/Supplemental/Chalkboard.ttc', name='Chalkboard', style='normal', variant='normal', weight=400, stretch='normal', size='scalable')) = 10.05
2025-08-22 22:35:33,985 DEBUG findfont: score(FontEntry(fname='/System/Library/Fonts/Apple Braille Outline 8 Dot.ttf', name='Apple Braille', style='normal', variant='normal', weight=400, stretch='normal', size='scalable')) = 10.05
2025-08-22 22:35:33,986 DEBUG findfont: score(FontEntry(fname='/System/Library/Fonts/Supplemental/ChalkboardSE.ttc', name='Chalkboard SE', style='normal', variant='normal', weight=400, stretch='normal', size='scalable')) = 10.05
2025-08-22 22:35:33,986 DEBUG findfont: score(FontEntry(fname='/System/Library/Fonts/Supplemental/Athelas.ttc', name='Athelas', style='normal', variant='normal', weight=400, stretch='normal', size='scalable')) = 10.05
2025-08-22 22:35:33,986 DEBUG findfont: score(FontEntry(fname='/System/Library/Fonts/Supplemental/Damascus.ttc', name='Damascus', style='normal', variant='normal', weight=400, stretch='normal', size='scalable')) = 10.05
2025-08-22 22:35:33,987 DEBUG findfont: score(FontEntry(fname='/System/Library/Fonts/Supplemental/STIXNonUniBol.otf', name='STIXNonUnicode', style='normal', variant='normal', weight=700, stretch='normal', size='scalable')) = 10.335
2025-08-22 22:35:33,987 DEBUG findfont: score(FontEntry(fname='/System/Library/Fonts/Supplemental/Verdana Bold.ttf', name='Verdana', style='normal', variant='normal', weight=700, stretch='normal', size='scalable')) = 10.335
2025-08-22 22:35:33,988 DEBUG findfont: score(FontEntry(fname='/System/Library/Fonts/Supplemental/NotoSansLinearA-Regular.ttf', name='Noto Sans Linear A', style='normal', variant='normal', weight=400, stretch='normal', size='scalable')) = 10.05
2025-08-22 22:35:33,988 DEBUG findfont: score(FontEntry(fname='/System/Library/Fonts/Supplemental/Microsoft Sans Serif.ttf', name='Microsoft Sans Serif', style='normal', variant='normal', weight=400, stretch='normal', size='scalable')) = 10.05
2025-08-22 22:35:33,989 DEBUG findfont: score(FontEntry(fname='/System/Library/Fonts/Supplemental/STIXIntSmBol.otf', name='STIXIntegralsSm', style='normal', variant='normal', weight=700, stretch='normal', size='scalable')) = 10.335
2025-08-22 22:35:33,990 DEBUG findfont: score(FontEntry(fname='/System/Library/AssetsV2/com_apple_MobileAsset_Font7/5a3fc034b64879656271c040cab38b65d4ea6548.asset/AssetData/LiSongPro.ttf', name='LiSong Pro', style='normal', variant='normal', weight=400, stretch='normal', size='scalable')) = 10.05
2025-08-22 22:35:33,990 DEBUG findfont: score(FontEntry(fname='/System/Library/Fonts/SFArabic.ttf', name='.SF Arabic', style='normal', variant='normal', weight=400, stretch='normal', size='scalable')) = 10.05
2025-08-22 22:35:33,991 DEBUG findfont: score(FontEntry(fname='/System/Library/AssetsV2/com_apple_MobileAsset_Font7/bad9b4bf17cf1669dde54184ba4431c22dcad27b.asset/AssetData/NanumGothic.ttc', name='Nanum Gothic', style='normal', variant='normal', weight=400, stretch='normal', size='scalable')) = 10.05
2025-08-22 22:35:33,992 DEBUG findfont: score(FontEntry(fname='/System/Library/Fonts/Supplemental/EuphemiaCAS.ttc', name='Euphemia UCAS', style='normal', variant='normal', weight=400, stretch='normal', size='scalable')) = 10.05
2025-08-22 22:35:33,992 DEBUG findfont: score(FontEntry(fname='/System/Library/Fonts/Supplemental/NotoSansAdlam-Regular.ttf', name='Noto Sans Adlam', style='normal', variant='normal', weight=400, stretch='normal', size='scalable')) = 10.05
2025-08-22 22:35:33,992 DEBUG findfont: score(FontEntry(fname='/System/Library/AssetsV2/com_apple_MobileAsset_Font7/54a2ad3dac6cac875ad675d7d273dc425010a877.asset/AssetData/Kaiti.ttc', name='Kaiti SC', style='normal', variant='normal', weight=400, stretch='normal', size='scalable')) = 10.05
2025-08-22 22:35:33,993 DEBUG findfont: score(FontEntry(fname='/System/Library/Fonts/Supplemental/Herculanum.ttf', name='Herculanum', style='normal', variant='normal', weight=400, stretch='normal', size='scalable')) = 10.05
2025-08-22 22:35:33,993 DEBUG findfont: score(FontEntry(fname='/System/Library/Fonts/Supplemental/Apple Chancery.ttf', name='Apple Chancery', style='normal', variant='normal', weight=0, stretch='normal', size='scalable')) = 10.43
2025-08-22 22:35:33,993 DEBUG findfont: score(FontEntry(fname='/System/Library/Fonts/Supplemental/Nadeem.ttc', name='Nadeem', style='normal', variant='normal', weight=400, stretch='normal', size='scalable')) = 10.05
2025-08-22 22:35:33,994 DEBUG findfont: score(FontEntry(fname='/System/Library/Fonts/Supplemental/STIXIntDBol.otf', name='STIXIntegralsD', style='normal', variant='normal', weight=700, stretch='normal', size='scalable')) = 10.335
2025-08-22 22:35:33,994 DEBUG findfont: score(FontEntry(fname='/System/Library/Fonts/Supplemental/NotoSansKharoshthi-Regular.ttf', name='Noto Sans Kharoshthi', style='normal', variant='normal', weight=400, stretch='normal', size='scalable')) = 10.05
2025-08-22 22:35:33,994 DEBUG findfont: score(FontEntry(fname='/System/Library/Fonts/Supplemental/Thonburi.ttc', name='Thonburi', style='normal', variant='normal', weight=400, stretch='normal', size='scalable')) = 10.05
2025-08-22 22:35:33,994 DEBUG findfont: score(FontEntry(fname='/System/Library/Fonts/Supplemental/Georgia Italic.ttf', name='Georgia', style='italic', variant='normal', weight=400, stretch='normal', size='scalable')) = 11.05
2025-08-22 22:35:33,994 DEBUG findfont: score(FontEntry(fname='/System/Library/Fonts/Supplemental/NotoSansPhagsPa-Regular.ttf', name='Noto Sans PhagsPa', style='normal', variant='normal', weight=400, stretch='normal', size='scalable')) = 10.05
2025-08-22 22:35:33,995 DEBUG findfont: score(FontEntry(fname='/System/Library/Fonts/Supplemental/NotoSansPahawhHmong-Regular.ttf', name='Noto Sans Pahawh Hmong', style='normal', variant='normal', weight=400, stretch='normal', size='scalable')) = 10.05
2025-08-22 22:35:33,995 DEBUG findfont: score(FontEntry(fname='/System/Library/Fonts/Supplemental/DIN Alternate Bold.ttf', name='DIN Alternate', style='normal', variant='normal', weight=700, stretch='normal', size='scalable')) = 10.335
2025-08-22 22:35:33,995 DEBUG findfont: score(FontEntry(fname='/System/Library/Fonts/Supplemental/Tahoma.ttf', name='Tahoma', style='normal', variant='normal', weight=400, stretch='normal', size='scalable')) = 10.05
2025-08-22 22:35:33,995 DEBUG findfont: score(FontEntry(fname='/System/Library/Fonts/SFArmenian.ttf', name='.SF Armenian', style='normal', variant='normal', weight=400, stretch='normal', size='scalable')) = 10.05
2025-08-22 22:35:33,996 DEBUG findfont: score(FontEntry(fname='/System/Library/Fonts/Supplemental/STIXIntUpSmReg.otf', name='STIXIntegralsUpSm', style='normal', variant='normal', weight=400, stretch='normal', size='scalable')) = 10.05
2025-08-22 22:35:33,996 DEBUG findfont: score(FontEntry(fname='/System/Library/Fonts/Supplemental/Didot.ttc', name='Didot', style='normal', variant='normal', weight=400, stretch='normal', size='scalable')) = 10.05
2025-08-22 22:35:33,996 DEBUG findfont: score(FontEntry(fname='/System/Library/Fonts/Supplemental/NotoSansCypriot-Regular.ttf', name='Noto Sans Cypriot', style='normal', variant='normal', weight=400, stretch='normal', size='scalable')) = 10.05
2025-08-22 22:35:33,997 DEBUG findfont: score(FontEntry(fname='/System/Library/Fonts/Supplemental/PTMono.ttc', name='PT Mono', style='normal', variant='normal', weight=700, stretch='normal', size='scalable')) = 10.335
2025-08-22 22:35:33,997 DEBUG findfont: score(FontEntry(fname='/System/Library/Fonts/Supplemental/NotoSansHanunoo-Regular.ttf', name='Noto Sans Hanunoo', style='normal', variant='normal', weight=400, stretch='normal', size='scalable')) = 10.05
2025-08-22 22:35:33,997 DEBUG findfont: score(FontEntry(fname='/System/Library/Fonts/Supplemental/Silom.ttf', name='Silom', style='normal', variant='normal', weight=400, stretch='normal', size='scalable')) = 10.05
2025-08-22 22:35:33,998 DEBUG findfont: score(FontEntry(fname='/System/Library/Fonts/Supplemental/NotoSansLinearB-Regular.ttf', name='Noto Sans Linear B', style='normal', variant='normal', weight=400, stretch='normal', size='scalable')) = 10.05
2025-08-22 22:35:34,006 DEBUG findfont: score(FontEntry(fname='/System/Library/AssetsV2/com_apple_MobileAsset_Font7/28f00a24ba19995bab7249993e6e35d11011074a.asset/AssetData/Kai.ttf', name='Kai', style='normal', variant='normal', weight=400, stretch='normal', size='scalable')) = 10.05
2025-08-22 22:35:34,008 DEBUG findfont: score(FontEntry(fname='/System/Library/Fonts/Supplemental/NotoSansLycian-Regular.ttf', name='Noto Sans Lycian', style='normal', variant='normal', weight=400, stretch='normal', size='scalable')) = 10.05
2025-08-22 22:35:34,010 DEBUG findfont: score(FontEntry(fname='/System/Library/AssetsV2/com_apple_MobileAsset_Font7/e617c1b15920c6ee2d047ed8724de08521ce5c9a.asset/AssetData/BIZ_UDMincho-regular.ttf', name='BIZ UDMincho', style='normal', variant='normal', weight=400, stretch='normal', size='scalable')) = 10.05
2025-08-22 22:35:34,012 DEBUG findfont: score(FontEntry(fname='/System/Library/Fonts/Supplemental/NotoSansSamaritan-Regular.ttf', name='Noto Sans Samaritan', style='normal', variant='normal', weight=400, stretch='normal', size='scalable')) = 10.05
2025-08-22 22:35:34,020 DEBUG findfont: score(FontEntry(fname='/System/Library/AssetsV2/com_apple_MobileAsset_Font7/96af7ec9e88d5dae450d3162213f92a7b1129430.asset/AssetData/YuppySC-Regular.otf', name='Yuppy SC', style='normal', variant='normal', weight=500, stretch='normal', size='scalable')) = 10.145
2025-08-22 22:35:34,022 DEBUG findfont: score(FontEntry(fname='/System/Library/Fonts/Apple Braille Pinpoint 8 Dot.ttf', name='Apple Braille', style='normal', variant='normal', weight=400, stretch='normal', size='scalable')) = 10.05
2025-08-22 22:35:34,023 DEBUG findfont: score(FontEntry(fname='/System/Library/Fonts/Supplemental/Myanmar Sangam MN.ttc', name='Myanmar Sangam MN', style='normal', variant='normal', weight=400, stretch='normal', size='scalable')) = 10.05
2025-08-22 22:35:34,024 DEBUG findfont: score(FontEntry(fname='/System/Library/Fonts/ZapfDingbats.ttf', name='Zapf Dingbats', style='normal', variant='normal', weight=400, stretch='normal', size='scalable')) = 10.05
2025-08-22 22:35:34,025 DEBUG findfont: score(FontEntry(fname='/System/Library/Fonts/Supplemental/Telugu MN.ttc', name='Telugu MN', style='normal', variant='normal', weight=400, stretch='normal', size='scalable')) = 10.05
2025-08-22 22:35:34,026 DEBUG findfont: score(FontEntry(fname='/System/Library/Fonts/NotoSansArmenian.ttc', name='Noto Sans Armenian', style='normal', variant='normal', weight=900, stretch='normal', size='scalable')) = 10.525
2025-08-22 22:35:34,027 DEBUG findfont: score(FontEntry(fname='/System/Library/Fonts/Supplemental/Courier New Bold Italic.ttf', name='Courier New', style='italic', variant='normal', weight=700, stretch='normal', size='scalable')) = 11.335
2025-08-22 22:35:34,027 DEBUG findfont: score(FontEntry(fname='/System/Library/AssetsV2/com_apple_MobileAsset_Font7/aa99d0b2bad7f797f38b49d46cde28fd4b58876e.asset/AssetData/Xingkai.ttc', name='Xingkai SC', style='normal', variant='normal', weight=700, stretch='normal', size='scalable')) = 10.335
2025-08-22 22:35:34,028 DEBUG findfont: score(FontEntry(fname='/System/Library/AssetsV2/com_apple_MobileAsset_Font7/3419f2a427639ad8c8e139149a287865a90fa17e.asset/AssetData/PingFang.ttc', name='PingFang HK', style='normal', variant='normal', weight=400, stretch='normal', size='scalable')) = 10.05
2025-08-22 22:35:34,028 DEBUG findfont: score(FontEntry(fname='/System/Library/Fonts/AquaKana.ttc', name='.Aqua Kana', style='normal', variant='normal', weight=300, stretch='normal', size='scalable')) = 10.145
2025-08-22 22:35:34,028 DEBUG findfont: score(FontEntry(fname='/System/Library/Fonts/Supplemental/NotoSansMiao-Regular.ttf', name='Noto Sans Miao', style='normal', variant='normal', weight=400, stretch='normal', size='scalable')) = 10.05
2025-08-22 22:35:34,028 DEBUG findfont: score(FontEntry(fname='/System/Library/Fonts/DecoTypeNastaleeqUrdu.ttc', name='.DecoType Nastaleeq Urdu UI', style='normal', variant='normal', weight=400, stretch='normal', size='scalable')) = 10.05
2025-08-22 22:35:34,029 DEBUG findfont: score(FontEntry(fname='/System/Library/Fonts/Supplemental/Al Tarikh.ttc', name='Al Tarikh', style='normal', variant='normal', weight=400, stretch='normal', size='scalable')) = 10.05
2025-08-22 22:35:34,029 DEBUG findfont: score(FontEntry(fname='/System/Library/Fonts/Supplemental/Diwan Thuluth.ttf', name='Diwan Thuluth', style='normal', variant='normal', weight=400, stretch='normal', size='scalable')) = 10.05
2025-08-22 22:35:34,029 DEBUG findfont: score(FontEntry(fname='/System/Library/Fonts/Supplemental/NotoSansMarchen-Regular.ttf', name='Noto Sans Marchen', style='normal', variant='normal', weight=400, stretch='normal', size='scalable')) = 10.05
2025-08-22 22:35:34,029 DEBUG findfont: score(FontEntry(fname='/System/Library/Fonts/Supplemental/Khmer MN.ttc', name='Khmer MN', style='normal', variant='normal', weight=400, stretch='normal', size='scalable')) = 10.05
2025-08-22 22:35:34,030 DEBUG findfont: score(FontEntry(fname='/System/Library/Fonts/Supplemental/Verdana Bold Italic.ttf', name='Verdana', style='italic', variant='normal', weight=700, stretch='normal', size='scalable')) = 11.335
2025-08-22 22:35:34,030 DEBUG findfont: score(FontEntry(fname='/System/Library/AssetsV2/com_apple_MobileAsset_Font7/8739f5cf483d3b2f04cbb451d310b68f0cf880d0.asset/AssetData/ToppanBunkyuMinchoPr6N-Regular.otf', name='Toppan Bunkyu Mincho', style='normal', variant='normal', weight=400, stretch='normal', size='scalable')) = 10.05
2025-08-22 22:35:34,030 DEBUG findfont: score(FontEntry(fname='/System/Library/Fonts/Supplemental/STIXIntDReg.otf', name='STIXIntegralsD', style='normal', variant='normal', weight=400, stretch='normal', size='scalable')) = 10.05
2025-08-22 22:35:34,030 DEBUG findfont: score(FontEntry(fname='/System/Library/AssetsV2/com_apple_MobileAsset_Font7/f110a45f1759f86c645cfd2f47baba57aa50056e.asset/AssetData/Klee.ttc', name='Klee', style='normal', variant='normal', weight=600, stretch='normal', size='scalable')) = 10.24
2025-08-22 22:35:34,031 DEBUG findfont: score(FontEntry(fname='/System/Library/Fonts/ヒラギノ角ゴシック W3.ttc', name='Hiragino Sans', style='normal', variant='normal', weight=300, stretch='normal', size='scalable')) = 10.145
2025-08-22 22:35:34,031 DEBUG findfont: score(FontEntry(fname='/System/Library/Fonts/Menlo.ttc', name='Menlo', style='normal', variant='normal', weight=400, stretch='normal', size='scalable')) = 10.05
2025-08-22 22:35:34,031 DEBUG findfont: score(FontEntry(fname='/System/Library/Fonts/Supplemental/NotoSansWarangCiti-Regular.ttf', name='Noto Sans Warang Citi', style='normal', variant='normal', weight=400, stretch='normal', size='scalable')) = 10.05
2025-08-22 22:35:34,032 DEBUG findfont: score(FontEntry(fname='/System/Library/Fonts/SFNSItalic.ttf', name='System Font', style='italic', variant='normal', weight=400, stretch='normal', size='scalable')) = 11.05
2025-08-22 22:35:34,033 DEBUG findfont: score(FontEntry(fname='/System/Library/AssetsV2/com_apple_MobileAsset_Font7/5b2f5f0b003344b2c67ce463e76d2485bb43d054.asset/AssetData/BMJua-Regular.otf', name='BM Jua', style='normal', variant='normal', weight=400, stretch='normal', size='scalable')) = 10.05
2025-08-22 22:35:34,033 DEBUG findfont: score(FontEntry(fname='/System/Library/Fonts/Supplemental/Krungthep.ttf', name='Krungthep', style='normal', variant='normal', weight=400, stretch='normal', size='scalable')) = 10.05
2025-08-22 22:35:34,034 DEBUG findfont: score(FontEntry(fname='/System/Library/AssetsV2/com_apple_MobileAsset_Font7/5b843781be7f58151ada774942a0eaa9ec79bd57.asset/AssetData/Kyokasho.ttc', name='YuKyokasho Yoko', style='normal', variant='normal', weight=500, stretch='normal', size='scalable')) = 10.145
2025-08-22 22:35:34,034 DEBUG findfont: score(FontEntry(fname='/System/Library/AssetsV2/com_apple_MobileAsset_Font7/f0706a236683628e16427c6569e441423faaaa93.asset/AssetData/STXIHEI.ttf', name='STHeiti', style='normal', variant='normal', weight=300, stretch='normal', size='scalable')) = 10.145
2025-08-22 22:35:34,035 DEBUG findfont: score(FontEntry(fname='/System/Library/Fonts/Supplemental/Sinhala Sangam MN.ttc', name='Sinhala Sangam MN', style='normal', variant='normal', weight=400, stretch='normal', size='scalable')) = 10.05
2025-08-22 22:35:34,035 DEBUG findfont: score(FontEntry(fname='/System/Library/Fonts/Supplemental/NotoSansMultani-Regular.ttf', name='Noto Sans Multani', style='normal', variant='normal', weight=400, stretch='normal', size='scalable')) = 10.05
2025-08-22 22:35:34,039 DEBUG findfont: score(FontEntry(fname='/System/Library/Fonts/Supplemental/Tahoma Bold.ttf', name='Tahoma', style='normal', variant='normal', weight=700, stretch='normal', size='scalable')) = 10.335
2025-08-22 22:35:34,041 DEBUG findfont: score(FontEntry(fname='/System/Library/Fonts/Supplemental/NotoSansImperialAramaic-Regular.ttf', name='Noto Sans Imperial Aramaic', style='normal', variant='normal', weight=400, stretch='normal', size='scalable')) = 10.05
2025-08-22 22:35:34,041 DEBUG findfont: score(FontEntry(fname='/System/Library/Fonts/Supplemental/SukhumvitSet.ttc', name='Sukhumvit Set', style='normal', variant='normal', weight=250, stretch='normal', size='scalable')) = 10.1925
2025-08-22 22:35:34,042 DEBUG findfont: score(FontEntry(fname='/System/Library/Fonts/Supplemental/PTSans.ttc', name='PT Sans', style='normal', variant='normal', weight=400, stretch='normal', size='scalable')) = 10.05
2025-08-22 22:35:34,043 DEBUG findfont: score(FontEntry(fname='/System/Library/AssetsV2/com_apple_MobileAsset_Font7/a3f9a9e35bdf3babe03b2fd162051306fad439d6.asset/AssetData/Osaka.ttf', name='Osaka', style='normal', variant='normal', weight=400, stretch='normal', size='scalable')) = 10.05
2025-08-22 22:35:34,043 DEBUG findfont: score(FontEntry(fname='/System/Library/Fonts/Supplemental/Farisi.ttf', name='Farisi', style='normal', variant='normal', weight=400, stretch='normal', size='scalable')) = 10.05
2025-08-22 22:35:34,043 DEBUG findfont: score(FontEntry(fname='/System/Library/Fonts/Supplemental/NotoSansHatran-Regular.ttf', name='Noto Sans Hatran', style='normal', variant='normal', weight=400, stretch='normal', size='scalable')) = 10.05
2025-08-22 22:35:34,044 DEBUG findfont: score(FontEntry(fname='/System/Library/Fonts/NotoSansOriya.ttc', name='Noto Sans Oriya', style='normal', variant='normal', weight=400, stretch='normal', size='scalable')) = 10.05
2025-08-22 22:35:34,044 DEBUG findfont: score(FontEntry(fname='/System/Library/Fonts/Supplemental/Tamil Sangam MN.ttc', name='Tamil Sangam MN', style='normal', variant='normal', weight=400, stretch='normal', size='scalable')) = 10.05
2025-08-22 22:35:34,044 DEBUG findfont: score(FontEntry(fname='/System/Library/Fonts/Avenir.ttc', name='Avenir', style='normal', variant='normal', weight=400, stretch='normal', size='scalable')) = 10.05
2025-08-22 22:35:34,044 DEBUG findfont: score(FontEntry(fname='/System/Library/AssetsV2/com_apple_MobileAsset_Font7/9fdda46cbe802833590494a09b2787378340c597.asset/AssetData/Hanzipen.ttc', name='HanziPen SC', style='normal', variant='normal', weight=400, stretch='normal', size='scalable')) = 10.05
2025-08-22 22:35:34,045 DEBUG findfont: score(FontEntry(fname='/System/Library/Fonts/Supplemental/Trebuchet MS Bold.ttf', name='Trebuchet MS', style='normal', variant='normal', weight=700, stretch='normal', size='scalable')) = 10.335
2025-08-22 22:35:34,045 DEBUG findfont: score(FontEntry(fname='/System/Library/Fonts/Supplemental/NotoSansCuneiform-Regular.ttf', name='Noto Sans Cuneiform', style='normal', variant='normal', weight=400, stretch='normal', size='scalable')) = 10.05
2025-08-22 22:35:34,045 DEBUG findfont: score(FontEntry(fname='/System/Library/Fonts/ThonburiUI.ttc', name='.ThonburiUI', style='normal', variant='normal', weight=400, stretch='normal', size='scalable')) = 10.05
2025-08-22 22:35:34,046 DEBUG findfont: score(FontEntry(fname='/System/Library/Fonts/Supplemental/STIXGeneralBol.otf', name='STIXGeneral', style='normal', variant='normal', weight=700, stretch='normal', size='scalable')) = 10.335
2025-08-22 22:35:34,047 DEBUG findfont: score(FontEntry(fname='/System/Library/Fonts/Supplemental/Farah.ttc', name='Farah', style='normal', variant='normal', weight=400, stretch='normal', size='scalable')) = 10.05
2025-08-22 22:35:34,047 DEBUG findfont: score(FontEntry(fname='/System/Library/Fonts/Supplemental/Sana.ttc', name='Sana', style='normal', variant='normal', weight=400, stretch='normal', size='scalable')) = 10.05
2025-08-22 22:35:34,048 DEBUG findfont: score(FontEntry(fname='/System/Library/Fonts/Supplemental/Tamil MN.ttc', name='Tamil MN', style='normal', variant='normal', weight=400, stretch='normal', size='scalable')) = 10.05
2025-08-22 22:35:34,048 DEBUG findfont: score(FontEntry(fname='/System/Library/Fonts/Supplemental/NotoSansLydian-Regular.ttf', name='Noto Sans Lydian', style='normal', variant='normal', weight=400, stretch='normal', size='scalable')) = 10.05
2025-08-22 22:35:34,049 DEBUG findfont: score(FontEntry(fname='/System/Library/Fonts/Supplemental/NotoSansMasaramGondi-Regular.otf', name='Noto Sans Masaram Gondi', style='normal', variant='normal', weight=400, stretch='normal', size='scalable')) = 10.05
2025-08-22 22:35:34,049 DEBUG findfont: score(FontEntry(fname='/System/Library/Fonts/Noteworthy.ttc', name='Noteworthy', style='normal', variant='normal', weight=300, stretch='normal', size='scalable')) = 10.145
2025-08-22 22:35:34,049 DEBUG findfont: score(FontEntry(fname='/System/Library/Fonts/Supplemental/Lao MN.ttc', name='Lao MN', style='normal', variant='normal', weight=400, stretch='normal', size='scalable')) = 10.05
2025-08-22 22:35:34,049 DEBUG findfont: score(FontEntry(fname='/System/Library/Fonts/Supplemental/NotoSansOldPermic-Regular.ttf', name='Noto Sans Old Permic', style='normal', variant='normal', weight=400, stretch='normal', size='scalable')) = 10.05
2025-08-22 22:35:34,050 DEBUG findfont: score(FontEntry(fname='/System/Library/AssetsV2/com_apple_MobileAsset_Font7/584ea2a48d14147049c2f9eaee147fe5a1f279ac.asset/AssetData/BiauKai.ttc', name='BiauKaiHK', style='normal', variant='normal', weight=400, stretch='normal', size='scalable')) = 10.05
2025-08-22 22:35:34,050 DEBUG findfont: score(FontEntry(fname='/System/Library/Fonts/Kohinoor.ttc', name='Kohinoor Devanagari', style='normal', variant='normal', weight=400, stretch='normal', size='scalable')) = 10.05
2025-08-22 22:35:34,050 DEBUG findfont: score(FontEntry(fname='/System/Library/AssetsV2/com_apple_MobileAsset_Font7/2ae839cbaa0ff60fe6a1d8921a77c81adcec0646.asset/AssetData/AppleLiSung-Light.ttf', name='Apple LiSung', style='normal', variant='normal', weight=400, stretch='normal', size='scalable')) = 10.05
2025-08-22 22:35:34,051 DEBUG findfont: score(FontEntry(fname='/System/Library/Fonts/Supplemental/NotoSansSoraSompeng-Regular.ttf', name='Noto Sans Sora Sompeng', style='normal', variant='normal', weight=400, stretch='normal', size='scalable')) = 10.05
2025-08-22 22:35:34,051 DEBUG findfont: score(FontEntry(fname='/System/Library/Fonts/ヒラギノ角ゴシック W0.ttc', name='Hiragino Sans', style='normal', variant='normal', weight=100, stretch='normal', size='scalable')) = 10.335
2025-08-22 22:35:34,052 DEBUG findfont: score(FontEntry(fname='/System/Library/Fonts/ADTNumeric.ttc', name='.SF Soft Numeric', style='normal', variant='normal', weight=400, stretch='normal', size='scalable')) = 10.05
2025-08-22 22:35:34,052 DEBUG findfont: score(FontEntry(fname='/System/Library/AssetsV2/com_apple_MobileAsset_Font7/7ca27bc02dd7660f9dacd69df96d24639b96e080.asset/AssetData/Pilgiche.ttf', name='PilGi', style='normal', variant='normal', weight=400, stretch='normal', size='scalable')) = 10.05
2025-08-22 22:35:34,053 DEBUG findfont: score(FontEntry(fname='/System/Library/Fonts/Apple Braille Pinpoint 6 Dot.ttf', name='Apple Braille', style='normal', variant='normal', weight=400, stretch='normal', size='scalable')) = 10.05
2025-08-22 22:35:34,053 DEBUG findfont: score(FontEntry(fname='/System/Library/Fonts/Supplemental/Impact.ttf', name='Impact', style='normal', variant='normal', weight=400, stretch='normal', size='scalable')) = 10.05
2025-08-22 22:35:34,054 DEBUG findfont: score(FontEntry(fname='/System/Library/Fonts/Supplemental/STIXTwoText-Italic.ttf', name='STIX Two Text', style='italic', variant='normal', weight=400, stretch='normal', size='scalable')) = 11.05
2025-08-22 22:35:34,054 DEBUG findfont: score(FontEntry(fname='/System/Library/Fonts/Supplemental/STIXIntSmReg.otf', name='STIXIntegralsSm', style='normal', variant='normal', weight=400, stretch='normal', size='scalable')) = 10.05
2025-08-22 22:35:34,054 DEBUG findfont: score(FontEntry(fname='/System/Library/Fonts/SFHebrew.ttf', name='.SF Hebrew', style='normal', variant='normal', weight=400, stretch='normal', size='scalable')) = 10.05
2025-08-22 22:35:34,054 DEBUG findfont: score(FontEntry(fname='/System/Library/Fonts/Supplemental/PTSerifCaption.ttc', name='PT Serif Caption', style='normal', variant='normal', weight=400, stretch='normal', size='scalable')) = 10.05
2025-08-22 22:35:34,054 DEBUG findfont: score(FontEntry(fname='/System/Library/Fonts/Supplemental/Wingdings 3.ttf', name='Wingdings 3', style='normal', variant='normal', weight=400, stretch='normal', size='scalable')) = 10.05
2025-08-22 22:35:34,055 DEBUG findfont: score(FontEntry(fname='/System/Library/Fonts/Supplemental/NotoSansTagalog-Regular.ttf', name='Noto Sans Tagalog', style='normal', variant='normal', weight=400, stretch='normal', size='scalable')) = 10.05
2025-08-22 22:35:34,055 DEBUG findfont: score(FontEntry(fname='/System/Library/Fonts/Supplemental/Verdana Italic.ttf', name='Verdana', style='italic', variant='normal', weight=400, stretch='normal', size='scalable')) = 11.05
2025-08-22 22:35:34,055 DEBUG findfont: score(FontEntry(fname='/System/Library/Fonts/Supplemental/Verdana.ttf', name='Verdana', style='normal', variant='normal', weight=400, stretch='normal', size='scalable')) = 10.05
2025-08-22 22:35:34,056 DEBUG findfont: score(FontEntry(fname='/System/Library/Fonts/Supplemental/NotoSansTaiTham-Regular.ttf', name='Noto Sans Tai Tham', style='normal', variant='normal', weight=400, stretch='normal', size='scalable')) = 10.05
2025-08-22 22:35:34,056 DEBUG findfont: score(FontEntry(fname='/System/Library/Fonts/Supplemental/Savoye LET.ttc', name='Savoye LET', style='normal', variant='normal', weight=400, stretch='normal', size='scalable')) = 10.05
2025-08-22 22:35:34,057 DEBUG findfont: score(FontEntry(fname='/System/Library/Fonts/Supplemental/Ayuthaya.ttf', name='Ayuthaya', style='normal', variant='normal', weight=400, stretch='normal', size='scalable')) = 10.05
2025-08-22 22:35:34,058 DEBUG findfont: score(FontEntry(fname='/System/Library/Fonts/Symbol.ttf', name='Symbol', style='normal', variant='normal', weight=400, stretch='normal', size='scalable')) = 10.05
2025-08-22 22:35:34,059 DEBUG findfont: score(FontEntry(fname='/System/Library/Fonts/Supplemental/NotoSansOldHungarian-Regular.ttf', name='Noto Sans Old Hungarian', style='normal', variant='normal', weight=400, stretch='normal', size='scalable')) = 10.05
2025-08-22 22:35:34,059 DEBUG findfont: score(FontEntry(fname='/System/Library/Fonts/Optima.ttc', name='Optima', style='normal', variant='normal', weight=400, stretch='normal', size='scalable')) = 10.05
2025-08-22 22:35:34,060 DEBUG findfont: score(FontEntry(fname='/System/Library/Fonts/Supplemental/NotoSansPalmyrene-Regular.ttf', name='Noto Sans Palmyrene', style='normal', variant='normal', weight=400, stretch='normal', size='scalable')) = 10.05
2025-08-22 22:35:34,060 DEBUG findfont: score(FontEntry(fname='/System/Library/Fonts/SFArabicRounded.ttf', name='.SF Arabic Rounded', style='normal', variant='normal', weight=400, stretch='normal', size='scalable')) = 10.05
2025-08-22 22:35:34,060 DEBUG findfont: score(FontEntry(fname='/System/Library/Fonts/Supplemental/NotoSansLimbu-Regular.ttf', name='Noto Sans Limbu', style='normal', variant='normal', weight=400, stretch='normal', size='scalable')) = 10.05
2025-08-22 22:35:34,061 DEBUG findfont: score(FontEntry(fname='/System/Library/Fonts/Supplemental/NotoSansDuployan-Regular.ttf', name='Noto Sans Duployan', style='normal', variant='normal', weight=400, stretch='normal', size='scalable')) = 10.05
2025-08-22 22:35:34,061 DEBUG findfont: score(FontEntry(fname='/System/Library/Fonts/Supplemental/Malayalam MN.ttc', name='Malayalam MN', style='normal', variant='normal', weight=400, stretch='normal', size='scalable')) = 10.05
2025-08-22 22:35:34,061 DEBUG findfont: score(FontEntry(fname='/System/Library/AssetsV2/com_apple_MobileAsset_Font7/32d11e548996658757774d88f9220993653017ea.asset/AssetData/Hiragino_Sans_CNS.ttc', name='Hiragino Sans CNS', style='normal', variant='normal', weight=300, stretch='normal', size='scalable')) = 10.145
2025-08-22 22:35:34,062 DEBUG findfont: score(FontEntry(fname='/System/Library/Fonts/Supplemental/Kannada Sangam MN.ttc', name='Kannada Sangam MN', style='normal', variant='normal', weight=400, stretch='normal', size='scalable')) = 10.05
2025-08-22 22:35:34,062 DEBUG findfont: score(FontEntry(fname='/System/Library/Fonts/Supplemental/SignPainter.ttc', name='SignPainter', style='normal', variant='normal', weight=400, stretch='normal', size='scalable')) = 10.05
2025-08-22 22:35:34,062 DEBUG findfont: score(FontEntry(fname='/System/Library/Fonts/Supplemental/PlantagenetCherokee.ttf', name='Plantagenet Cherokee', style='normal', variant='normal', weight=400, stretch='normal', size='scalable')) = 10.05
2025-08-22 22:35:34,063 DEBUG findfont: score(FontEntry(fname='/System/Library/Fonts/Supplemental/Mshtakan.ttc', name='Mshtakan', style='normal', variant='normal', weight=400, stretch='normal', size='scalable')) = 10.05
2025-08-22 22:35:34,063 DEBUG findfont: score(FontEntry(fname='/System/Library/Fonts/Supplemental/Arial Rounded Bold.ttf', name='Arial Rounded MT Bold', style='normal', variant='normal', weight=400, stretch='normal', size='scalable')) = 10.05
2025-08-22 22:35:34,063 DEBUG findfont: score(FontEntry(fname='/System/Library/Fonts/Supplemental/Bodoni 72.ttc', name='Bodoni 72', style='normal', variant='normal', weight=400, stretch='normal', size='scalable')) = 10.05
2025-08-22 22:35:34,063 DEBUG findfont: score(FontEntry(fname='/System/Library/Fonts/Supplemental/NotoSansGothic-Regular.ttf', name='Noto Sans Gothic', style='normal', variant='normal', weight=400, stretch='normal', size='scalable')) = 10.05
2025-08-22 22:35:34,064 DEBUG findfont: score(FontEntry(fname='/System/Library/Fonts/Supplemental/Georgia Bold.ttf', name='Georgia', style='normal', variant='normal', weight=700, stretch='normal', size='scalable')) = 10.335
2025-08-22 22:35:34,064 DEBUG findfont: score(FontEntry(fname='/System/Library/Fonts/Supplemental/NotoSansInscriptionalParthian-Regular.ttf', name='Noto Sans Inscriptional Parthian', style='normal', variant='normal', weight=400, stretch='normal', size='scalable')) = 10.05
2025-08-22 22:35:34,064 DEBUG findfont: score(FontEntry(fname='/System/Library/AssetsV2/com_apple_MobileAsset_Font7/f7f6b250e97c182e68ac53a2b359ec44548878b9.asset/AssetData/Lantinghei.ttc', name='Lantinghei SC', style='normal', variant='normal', weight=400, stretch='normal', size='scalable')) = 10.05
2025-08-22 22:35:34,064 DEBUG findfont: score(FontEntry(fname='/System/Library/Fonts/Supplemental/NotoSansGlagolitic-Regular.ttf', name='Noto Sans Glagolitic', style='normal', variant='normal', weight=400, stretch='normal', size='scalable')) = 10.05
2025-08-22 22:35:34,065 DEBUG findfont: score(FontEntry(fname='/System/Library/Fonts/Supplemental/Times New Roman Bold Italic.ttf', name='Times New Roman', style='italic', variant='normal', weight=700, stretch='normal', size='scalable')) = 11.335
2025-08-22 22:35:34,065 DEBUG findfont: score(FontEntry(fname='/System/Library/Fonts/Courier.ttc', name='Courier', style='normal', variant='normal', weight=400, stretch='normal', size='scalable')) = 10.05
2025-08-22 22:35:34,065 DEBUG findfont: score(FontEntry(fname='/System/Library/Fonts/Supplemental/PartyLET-plain.ttf', name='Party LET', style='normal', variant='normal', weight=400, stretch='normal', size='scalable')) = 10.05
2025-08-22 22:35:34,065 DEBUG findfont: score(FontEntry(fname='/System/Library/Fonts/Supplemental/Copperplate.ttc', name='Copperplate', style='normal', variant='normal', weight=400, stretch='normal', size='scalable')) = 10.05
2025-08-22 22:35:34,065 DEBUG findfont: score(FontEntry(fname='/Library/Fonts/Arial Unicode.ttf', name='Arial Unicode MS', style='normal', variant='normal', weight=400, stretch='normal', size='scalable')) = 10.05
2025-08-22 22:35:34,065 DEBUG findfont: score(FontEntry(fname='/System/Library/Fonts/Supplemental/NotoSansRejang-Regular.ttf', name='Noto Sans Rejang', style='normal', variant='normal', weight=400, stretch='normal', size='scalable')) = 10.05
2025-08-22 22:35:34,066 DEBUG findfont: score(FontEntry(fname='/System/Library/Fonts/Supplemental/STIXNonUniIta.otf', name='STIXNonUnicode', style='italic', variant='normal', weight=400, stretch='normal', size='scalable')) = 11.05
2025-08-22 22:35:34,066 DEBUG findfont: score(FontEntry(fname='/System/Library/Fonts/AppleSDGothicNeo.ttc', name='Apple SD Gothic Neo', style='normal', variant='normal', weight=400, stretch='normal', size='scalable')) = 10.05
2025-08-22 22:35:34,066 DEBUG findfont: score(FontEntry(fname='/System/Library/AssetsV2/com_apple_MobileAsset_Font7/e2c331b942cb338404a160a97a7cd6e8a31428e8.asset/AssetData/LingWaiSC-Medium.otf', name='LingWai SC', style='normal', variant='normal', weight=500, stretch='normal', size='scalable')) = 10.145
2025-08-22 22:35:34,066 DEBUG findfont: score(FontEntry(fname='/System/Library/Fonts/Supplemental/NotoSansKhudawadi-Regular.ttf', name='Noto Sans Khudawadi', style='normal', variant='normal', weight=400, stretch='normal', size='scalable')) = 10.05
2025-08-22 22:35:34,066 DEBUG findfont: score(FontEntry(fname='/System/Library/Fonts/Supplemental/Courier New.ttf', name='Courier New', style='normal', variant='normal', weight=400, stretch='normal', size='scalable')) = 10.05
2025-08-22 22:35:34,067 DEBUG findfont: score(FontEntry(fname='/System/Library/Fonts/Supplemental/NotoSansEgyptianHieroglyphs-Regular.ttf', name='Noto Sans Egyptian Hieroglyphs', style='normal', variant='normal', weight=400, stretch='normal', size='scalable')) = 10.05
2025-08-22 22:35:34,067 DEBUG findfont: score(FontEntry(fname='/System/Library/Fonts/Supplemental/NotoSansKhojki-Regular.ttf', name='Noto Sans Khojki', style='normal', variant='normal', weight=400, stretch='normal', size='scalable')) = 10.05
2025-08-22 22:35:34,068 DEBUG findfont: score(FontEntry(fname='/System/Library/Fonts/Supplemental/Gurmukhi Sangam MN.ttc', name='Gurmukhi Sangam MN', style='normal', variant='normal', weight=400, stretch='normal', size='scalable')) = 10.05
2025-08-22 22:35:34,068 DEBUG findfont: score(FontEntry(fname='/System/Library/Fonts/Supplemental/NotoSansModi-Regular.ttf', name='Noto Sans Modi', style='normal', variant='normal', weight=400, stretch='normal', size='scalable')) = 10.05
2025-08-22 22:35:34,069 DEBUG findfont: score(FontEntry(fname='/System/Library/Fonts/Supplemental/ITFDevanagari.ttc', name='ITF Devanagari', style='normal', variant='normal', weight=400, stretch='normal', size='scalable')) = 10.05
2025-08-22 22:35:34,070 DEBUG findfont: score(FontEntry(fname='/System/Library/Fonts/Supplemental/Myanmar MN.ttc', name='Myanmar MN', style='normal', variant='normal', weight=400, stretch='normal', size='scalable')) = 10.05
2025-08-22 22:35:34,070 DEBUG findfont: score(FontEntry(fname='/System/Library/Fonts/NotoSerifMyanmar.ttc', name='Noto Serif Myanmar', style='normal', variant='normal', weight=900, stretch='normal', size='scalable')) = 10.525
2025-08-22 22:35:34,070 DEBUG findfont: score(FontEntry(fname='/System/Library/Fonts/Supplemental/BigCaslon.ttf', name='Big Caslon', style='normal', variant='normal', weight=500, stretch='normal', size='scalable')) = 10.145
2025-08-22 22:35:34,071 DEBUG findfont: score(FontEntry(fname='/System/Library/AssetsV2/com_apple_MobileAsset_Font7/e9a9a2d18358033875835a6228cb70ce84b7e47c.asset/AssetData/YuMincho.ttc', name='YuMincho', style='normal', variant='normal', weight=500, stretch='normal', size='scalable')) = 10.145
2025-08-22 22:35:34,071 DEBUG findfont: score(FontEntry(fname='/System/Library/Fonts/Supplemental/Galvji.ttc', name='Galvji', style='normal', variant='normal', weight=400, stretch='normal', size='scalable')) = 10.05
2025-08-22 22:35:34,071 DEBUG findfont: score(FontEntry(fname='/System/Library/Fonts/ヒラギノ角ゴシック W7.ttc', name='Hiragino Sans', style='normal', variant='normal', weight=700, stretch='normal', size='scalable')) = 10.335
2025-08-22 22:35:34,072 DEBUG findfont: score(FontEntry(fname='/System/Library/Fonts/NotoNastaliq.ttc', name='Noto Nastaliq Urdu', style='normal', variant='normal', weight=400, stretch='normal', size='scalable')) = 10.05
2025-08-22 22:35:34,073 DEBUG findfont: score(FontEntry(fname='/System/Library/Fonts/Supplemental/NewPeninimMT.ttc', name='New Peninim MT', style='normal', variant='normal', weight=400, stretch='normal', size='scalable')) = 10.05
2025-08-22 22:35:34,073 DEBUG findfont: score(FontEntry(fname='/System/Library/AssetsV2/com_apple_MobileAsset_Font7/54ef167d6c8e99a69a0d41ce252cc5995ba47580.asset/AssetData/YuGothic-Medium.otf', name='YuGothic', style='normal', variant='normal', weight=500, stretch='normal', size='scalable')) = 10.145
2025-08-22 22:35:34,073 DEBUG findfont: score(FontEntry(fname='/System/Library/Fonts/SFCompactRounded.ttf', name='.SF Compact Rounded', style='normal', variant='normal', weight=400, stretch='normal', size='scalable')) = 10.05
2025-08-22 22:35:34,074 DEBUG findfont: score(FontEntry(fname='/System/Library/Fonts/Supplemental/NotoSerifAhom-Regular.ttf', name='Noto Serif Ahom', style='normal', variant='normal', weight=400, stretch='normal', size='scalable')) = 10.05
2025-08-22 22:35:34,074 DEBUG findfont: score(FontEntry(fname='/System/Library/Fonts/Monaco.ttf', name='Monaco', style='normal', variant='normal', weight=400, stretch='normal', size='scalable')) = 10.05
2025-08-22 22:35:34,075 DEBUG findfont: score(FontEntry(fname='/System/Library/Fonts/Supplemental/Bodoni Ornaments.ttf', name='Bodoni Ornaments', style='normal', variant='normal', weight=400, stretch='normal', size='scalable')) = 10.05
2025-08-22 22:35:34,075 DEBUG findfont: score(FontEntry(fname='/System/Library/Fonts/Supplemental/NotoSansOldTurkic-Regular.ttf', name='Noto Sans Old Turkic', style='normal', variant='normal', weight=400, stretch='normal', size='scalable')) = 10.05
2025-08-22 22:35:34,075 DEBUG findfont: score(FontEntry(fname='/System/Library/Fonts/Supplemental/NotoSansThaana-Regular.ttf', name='Noto Sans Thaana', style='normal', variant='normal', weight=400, stretch='normal', size='scalable')) = 10.05
2025-08-22 22:35:34,075 DEBUG findfont: score(FontEntry(fname='/System/Library/Fonts/Supplemental/Chalkduster.ttf', name='Chalkduster', style='normal', variant='normal', weight=400, stretch='normal', size='scalable')) = 10.05
2025-08-22 22:35:34,076 DEBUG findfont: score(FontEntry(fname='/System/Library/Fonts/Supplemental/Zapfino.ttf', name='Zapfino', style='normal', variant='normal', weight=400, stretch='normal', size='scalable')) = 10.05
2025-08-22 22:35:34,076 DEBUG findfont: score(FontEntry(fname='/System/Library/Fonts/Supplemental/GillSans.ttc', name='Gill Sans', style='normal', variant='normal', weight=400, stretch='normal', size='scalable')) = 10.05
2025-08-22 22:35:34,076 DEBUG findfont: score(FontEntry(fname='/System/Library/Fonts/KohinoorGujarati.ttc', name='Kohinoor Gujarati', style='normal', variant='normal', weight=700, stretch='normal', size='scalable')) = 10.335
2025-08-22 22:35:34,076 DEBUG findfont: score(FontEntry(fname='/System/Library/Fonts/Supplemental/Arial Narrow Italic.ttf', name='Arial Narrow', style='italic', variant='normal', weight=400, stretch='condensed', size='scalable')) = 11.25
2025-08-22 22:35:34,076 DEBUG findfont: score(FontEntry(fname='/System/Library/Fonts/Supplemental/Waseem.ttc', name='Waseem', style='normal', variant='normal', weight=400, stretch='normal', size='scalable')) = 10.05
2025-08-22 22:35:34,077 DEBUG findfont: score(FontEntry(fname='/System/Library/Fonts/Supplemental/DIN Condensed Bold.ttf', name='DIN Condensed', style='normal', variant='normal', weight=700, stretch='condensed', size='scalable')) = 10.535
2025-08-22 22:35:34,077 DEBUG findfont: score(FontEntry(fname='/System/Library/Fonts/Supplemental/Gujarati Sangam MN.ttc', name='Gujarati Sangam MN', style='normal', variant='normal', weight=400, stretch='normal', size='scalable')) = 10.05
2025-08-22 22:35:34,077 DEBUG findfont: score(FontEntry(fname='/System/Library/Fonts/Supplemental/NotoSansOldPersian-Regular.ttf', name='Noto Sans Old Persian', style='normal', variant='normal', weight=400, stretch='normal', size='scalable')) = 10.05
2025-08-22 22:35:34,077 DEBUG findfont: score(FontEntry(fname='/System/Library/Fonts/Supplemental/Malayalam Sangam MN.ttc', name='Malayalam Sangam MN', style='normal', variant='normal', weight=400, stretch='normal', size='scalable')) = 10.05
2025-08-22 22:35:34,077 DEBUG findfont: score(FontEntry(fname='/System/Library/Fonts/Supplemental/KufiStandardGK.ttc', name='KufiStandardGK', style='normal', variant='normal', weight=400, stretch='normal', size='scalable')) = 10.05
2025-08-22 22:35:34,078 DEBUG findfont: score(FontEntry(fname='/System/Library/Fonts/Supplemental/SuperClarendon.ttc', name='Superclarendon', style='normal', variant='normal', weight=400, stretch='normal', size='scalable')) = 10.05
2025-08-22 22:35:34,079 DEBUG findfont: score(FontEntry(fname='/System/Library/Fonts/SFArmenianRounded.ttf', name='.SF Armenian Rounded', style='normal', variant='normal', weight=400, stretch='normal', size='scalable')) = 10.05
2025-08-22 22:35:34,079 DEBUG findfont: score(FontEntry(fname='/System/Library/Fonts/Supplemental/STIXNonUniBolIta.otf', name='STIXNonUnicode', style='italic', variant='normal', weight=700, stretch='normal', size='scalable')) = 11.335
2025-08-22 22:35:34,079 DEBUG findfont: score(FontEntry(fname='/System/Library/Fonts/SFCompactItalic.ttf', name='.SF Compact', style='italic', variant='normal', weight=1000, stretch='normal', size='scalable')) = 11.62
2025-08-22 22:35:34,079 DEBUG findfont: score(FontEntry(fname='/System/Library/Fonts/Supplemental/Telugu Sangam MN.ttc', name='Telugu Sangam MN', style='normal', variant='normal', weight=400, stretch='normal', size='scalable')) = 10.05
2025-08-22 22:35:34,080 DEBUG findfont: score(FontEntry(fname='/System/Library/Fonts/Supplemental/STIXIntUpBol.otf', name='STIXIntegralsUp', style='normal', variant='normal', weight=700, stretch='normal', size='scalable')) = 10.335
2025-08-22 22:35:34,081 DEBUG findfont: score(FontEntry(fname='/System/Library/Fonts/ヒラギノ角ゴシック W6.ttc', name='Hiragino Sans', style='normal', variant='normal', weight=600, stretch='normal', size='scalable')) = 10.24
2025-08-22 22:35:34,081 DEBUG findfont: score(FontEntry(fname='/System/Library/AssetsV2/com_apple_MobileAsset_Font7/70816a43827731d40efe234b94feba96db91024f.asset/AssetData/NanumMyeongjo.ttc', name='Nanum Myeongjo', style='normal', variant='normal', weight=400, stretch='normal', size='scalable')) = 10.05
2025-08-22 22:35:34,081 DEBUG findfont: score(FontEntry(fname='/System/Library/AssetsV2/com_apple_MobileAsset_Font7/6f4c91728bb824d6960725ec479c355eab7eeba8.asset/AssetData/NanumScript.ttc', name='Nanum Brush Script', style='normal', variant='normal', weight=400, stretch='normal', size='scalable')) = 10.05
2025-08-22 22:35:34,082 DEBUG findfont: score(FontEntry(fname='/System/Library/Fonts/Supplemental/NotoSansMahajani-Regular.ttf', name='Noto Sans Mahajani', style='normal', variant='normal', weight=400, stretch='normal', size='scalable')) = 10.05
2025-08-22 22:35:34,082 DEBUG findfont: score(FontEntry(fname='/System/Library/AssetsV2/com_apple_MobileAsset_Font7/62032b9b64a0e3a9121c50aeb2ed794e3e2c201f.asset/AssetData/Hei.ttf', name='Hei', style='normal', variant='normal', weight=400, stretch='normal', size='scalable')) = 10.05
2025-08-22 22:35:34,082 DEBUG findfont: score(FontEntry(fname='/System/Library/Fonts/Supplemental/Shree714.ttc', name='Shree Devanagari 714', style='normal', variant='normal', weight=400, stretch='normal', size='scalable')) = 10.05
2025-08-22 22:35:34,083 DEBUG findfont: score(FontEntry(fname='/System/Library/Fonts/Supplemental/Seravek.ttc', name='Seravek', style='normal', variant='normal', weight=400, stretch='normal', size='scalable')) = 10.05
2025-08-22 22:35:34,083 DEBUG findfont: score(FontEntry(fname='/System/Library/Fonts/Supplemental/Trebuchet MS Italic.ttf', name='Trebuchet MS', style='italic', variant='normal', weight=400, stretch='normal', size='scalable')) = 11.05
2025-08-22 22:35:34,083 DEBUG findfont: score(FontEntry(fname='/System/Library/Fonts/Supplemental/NotoSansOsage-Regular.ttf', name='Noto Sans Osage', style='normal', variant='normal', weight=400, stretch='normal', size='scalable')) = 10.05
2025-08-22 22:35:34,083 DEBUG findfont: score(FontEntry(fname='/System/Library/Fonts/MarkerFelt.ttc', name='Marker Felt', style='normal', variant='normal', weight=400, stretch='normal', size='scalable')) = 10.05
2025-08-22 22:35:34,084 DEBUG findfont: score(FontEntry(fname='/System/Library/Fonts/Supplemental/Arial Bold.ttf', name='Arial', style='normal', variant='normal', weight=700, stretch='normal', size='scalable')) = 10.335
2025-08-22 22:35:34,084 DEBUG findfont: score(FontEntry(fname='/System/Library/Fonts/ヒラギノ明朝 ProN.ttc', name='Hiragino Mincho ProN', style='normal', variant='normal', weight=300, stretch='normal', size='scalable')) = 10.145
2025-08-22 22:35:34,084 DEBUG findfont: score(FontEntry(fname='/System/Library/Fonts/Supplemental/Times New Roman Italic.ttf', name='Times New Roman', style='italic', variant='normal', weight=400, stretch='normal', size='scalable')) = 11.05
2025-08-22 22:35:34,084 DEBUG findfont: score(FontEntry(fname='/System/Library/Fonts/Supplemental/Iowan Old Style.ttc', name='Iowan Old Style', style='normal', variant='normal', weight=400, stretch='normal', size='scalable')) = 10.05
2025-08-22 22:35:34,084 DEBUG findfont: score(FontEntry(fname='/System/Library/Fonts/Supplemental/NotoSansSharada-Regular.ttf', name='Noto Sans Sharada', style='normal', variant='normal', weight=400, stretch='normal', size='scalable')) = 10.05
2025-08-22 22:35:34,085 DEBUG findfont: score(FontEntry(fname='/System/Library/Fonts/Supplemental/Arial.ttf', name='Arial', style='normal', variant='normal', weight=400, stretch='normal', size='scalable')) = 10.05
2025-08-22 22:35:34,085 DEBUG findfont: score(FontEntry(fname='/System/Library/Fonts/Supplemental/Bangla Sangam MN.ttc', name='Bangla Sangam MN', style='normal', variant='normal', weight=400, stretch='normal', size='scalable')) = 10.05
2025-08-22 22:35:34,085 DEBUG findfont: score(FontEntry(fname='/System/Library/Fonts/Supplemental/STIXGeneral.otf', name='STIXGeneral', style='normal', variant='normal', weight=400, stretch='normal', size='scalable')) = 10.05
2025-08-22 22:35:34,085 DEBUG findfont: score(FontEntry(fname='/System/Library/Fonts/Avenir Next.ttc', name='Avenir Next', style='normal', variant='normal', weight=700, stretch='normal', size='scalable')) = 10.335
2025-08-22 22:35:34,085 DEBUG findfont: score(FontEntry(fname='/System/Library/Fonts/SFNSMonoItalic.ttf', name='.SF NS Mono', style='italic', variant='normal', weight=295, stretch='normal', size='scalable')) = 11.14975
2025-08-22 22:35:34,086 DEBUG findfont: score(FontEntry(fname='/System/Library/AssetsV2/com_apple_MobileAsset_Font7/9d5450ee93f17da1eacfa01b5e7b598f9e2dda2b.asset/AssetData/Baoli.ttc', name='Baoli SC', style='normal', variant='normal', weight=400, stretch='normal', size='scalable')) = 10.05
2025-08-22 22:35:34,086 DEBUG findfont: score(FontEntry(fname='/System/Library/Fonts/Supplemental/NotoSansBhaiksuki-Regular.ttf', name='Noto Sans Bhaiksuki', style='normal', variant='normal', weight=400, stretch='normal', size='scalable')) = 10.05
2025-08-22 22:35:34,086 DEBUG findfont: score(FontEntry(fname='/System/Library/AssetsV2/com_apple_MobileAsset_Font7/3a9dbc8ddc8b85f43055a28fb5d551e905d43de2.asset/AssetData/LiHeiPro.ttf', name='LiHei Pro', style='normal', variant='normal', weight=400, stretch='normal', size='scalable')) = 10.05
2025-08-22 22:35:34,086 DEBUG findfont: score(FontEntry(fname='/System/Library/Fonts/Supplemental/NotoSansCarian-Regular.ttf', name='Noto Sans Carian', style='normal', variant='normal', weight=400, stretch='normal', size='scalable')) = 10.05
2025-08-22 22:35:34,086 DEBUG findfont: score(FontEntry(fname='/System/Library/Fonts/Supplemental/Wingdings 2.ttf', name='Wingdings 2', style='normal', variant='normal', weight=400, stretch='normal', size='scalable')) = 10.05
2025-08-22 22:35:34,087 DEBUG findfont: score(FontEntry(fname='/System/Library/AssetsV2/com_apple_MobileAsset_Font7/1821952872c81043711aab6910052b65da8edf2c.asset/AssetData/STFANGSO.ttf', name='STFangsong', style='normal', variant='normal', weight=400, stretch='normal', size='scalable')) = 10.05
2025-08-22 22:35:34,087 DEBUG findfont: score(FontEntry(fname='/System/Library/Fonts/Supplemental/AlBayan.ttc', name='Al Bayan', style='normal', variant='normal', weight=400, stretch='normal', size='scalable')) = 10.05
2025-08-22 22:35:34,087 DEBUG findfont: score(FontEntry(fname='/System/Library/Fonts/ヒラギノ角ゴシック W2.ttc', name='Hiragino Sans', style='normal', variant='normal', weight=250, stretch='normal', size='scalable')) = 10.1925
2025-08-22 22:35:34,087 DEBUG findfont: score(FontEntry(fname='/System/Library/AssetsV2/com_apple_MobileAsset_Font7/ad8c3bb76851adc11dc4772c1a7a00caf83e3037.asset/AssetData/Ornanong.ttc', name='PSL Ornanong Pro', style='normal', variant='normal', weight=400, stretch='normal', size='scalable')) = 10.05
2025-08-22 22:35:34,087 DEBUG findfont: score(FontEntry(fname='/System/Library/Fonts/Times.ttc', name='Times', style='normal', variant='normal', weight=400, stretch='normal', size='scalable')) = 10.05
2025-08-22 22:35:34,088 DEBUG findfont: score(FontEntry(fname='/System/Library/Fonts/Supplemental/Trebuchet MS Bold Italic.ttf', name='Trebuchet MS', style='italic', variant='normal', weight=700, stretch='normal', size='scalable')) = 11.335
2025-08-22 22:35:34,088 DEBUG findfont: score(FontEntry(fname='/System/Library/Fonts/Supplemental/Arial Italic.ttf', name='Arial', style='italic', variant='normal', weight=400, stretch='normal', size='scalable')) = 11.05
2025-08-22 22:35:34,088 DEBUG findfont: score(FontEntry(fname='/System/Library/AssetsV2/com_apple_MobileAsset_Font7/eb257c12d1a51c8c661b89f30eec56cacf9b8987.asset/AssetData/STHEITI.ttf', name='STHeiti', style='normal', variant='normal', weight=400, stretch='normal', size='scalable')) = 10.05
2025-08-22 22:35:34,090 DEBUG findfont: score(FontEntry(fname='/System/Library/Fonts/Supplemental/STIXGeneralItalic.otf', name='STIXGeneral', style='italic', variant='normal', weight=400, stretch='normal', size='scalable')) = 11.05
2025-08-22 22:35:34,090 DEBUG findfont: score(FontEntry(fname='/System/Library/AssetsV2/com_apple_MobileAsset_Font7/42062e40d643fdb5bb3fba917212352fb0690de0.asset/AssetData/YuGothic-Bold.otf', name='YuGothic', style='normal', variant='normal', weight=700, stretch='normal', size='scalable')) = 10.335
2025-08-22 22:35:34,092 DEBUG findfont: score(FontEntry(fname='/System/Library/Fonts/Supplemental/Arial Narrow Bold Italic.ttf', name='Arial Narrow', style='italic', variant='normal', weight=700, stretch='condensed', size='scalable')) = 11.535
2025-08-22 22:35:34,093 DEBUG findfont: score(FontEntry(fname='/System/Library/Fonts/Supplemental/STIXIntUpReg.otf', name='STIXIntegralsUp', style='normal', variant='normal', weight=400, stretch='normal', size='scalable')) = 10.05
2025-08-22 22:35:34,093 DEBUG findfont: score(FontEntry(fname='/System/Library/Fonts/Supplemental/STIXVar.otf', name='STIXVariants', style='normal', variant='normal', weight=400, stretch='normal', size='scalable')) = 10.05
2025-08-22 22:35:34,094 DEBUG findfont: score(FontEntry(fname='/System/Library/Fonts/Supplemental/NotoSansTaiViet-Regular.ttf', name='Noto Sans Tai Viet', style='normal', variant='normal', weight=400, stretch='normal', size='scalable')) = 10.05
2025-08-22 22:35:34,094 DEBUG findfont: score(FontEntry(fname='/System/Library/Fonts/Supplemental/Arial Narrow.ttf', name='Arial Narrow', style='normal', variant='normal', weight=400, stretch='condensed', size='scalable')) = 10.25
2025-08-22 22:35:34,094 DEBUG findfont: score(FontEntry(fname='/System/Library/AssetsV2/com_apple_MobileAsset_Font7/0818d874bf1d0e24a1fe62e79f407717792c5ee1.asset/AssetData/OsakaMono.ttf', name='Osaka', style='normal', variant='normal', weight=400, stretch='normal', size='scalable')) = 10.05
2025-08-22 22:35:34,094 DEBUG findfont: score(FontEntry(fname='/System/Library/AssetsV2/com_apple_MobileAsset_Font7/e28431125242b9a298de3296370abdab4a7e8666.asset/AssetData/YuppyTC-Regular.otf', name='Yuppy TC', style='normal', variant='normal', weight=500, stretch='normal', size='scalable')) = 10.145
2025-08-22 22:35:34,095 DEBUG findfont: score(FontEntry(fname='/System/Library/Fonts/ヒラギノ角ゴシック W8.ttc', name='Hiragino Sans', style='normal', variant='normal', weight=800, stretch='normal', size='scalable')) = 10.43
2025-08-22 22:35:34,095 DEBUG findfont: score(FontEntry(fname='/System/Library/Fonts/Supplemental/STIXSizFiveSymReg.otf', name='STIXSizeFiveSym', style='normal', variant='normal', weight=400, stretch='normal', size='scalable')) = 10.05
2025-08-22 22:35:34,095 DEBUG findfont: score(FontEntry(fname='/System/Library/Fonts/Supplemental/Andale Mono.ttf', name='Andale Mono', style='normal', variant='normal', weight=400, stretch='normal', size='scalable')) = 10.05
2025-08-22 22:35:34,095 DEBUG findfont: score(FontEntry(fname='/System/Library/Fonts/STHeiti Medium.ttc', name='Heiti TC', style='normal', variant='normal', weight=400, stretch='normal', size='scalable')) = 10.05
2025-08-22 22:35:34,095 DEBUG findfont: score(FontEntry(fname='/System/Library/Fonts/Supplemental/STIXVarBol.otf', name='STIXVariants', style='normal', variant='normal', weight=700, stretch='normal', size='scalable')) = 10.335
2025-08-22 22:35:34,096 DEBUG findfont: score(FontEntry(fname='/System/Library/Fonts/Supplemental/NotoSansOldNorthArabian-Regular.ttf', name='Noto Sans Old North Arabian', style='normal', variant='normal', weight=400, stretch='normal', size='scalable')) = 10.05
2025-08-22 22:35:34,096 DEBUG findfont: score(FontEntry(fname='/System/Library/Fonts/HelveticaNeue.ttc', name='Helvetica Neue', style='normal', variant='normal', weight=400, stretch='normal', size='scalable')) = 10.05
2025-08-22 22:35:34,096 DEBUG findfont: score(FontEntry(fname='/System/Library/Fonts/Supplemental/Bodoni 72 OS.ttc', name='Bodoni 72 Oldstyle', style='normal', variant='normal', weight=400, stretch='normal', size='scalable')) = 10.05
2025-08-22 22:35:34,096 DEBUG findfont: score(FontEntry(fname='/System/Library/AssetsV2/com_apple_MobileAsset_Font7/5f2614e7b55639e709d8578e16b324b3eb6eb065.asset/AssetData/BMHannaPro-Regular.otf', name='BM Hanna Pro', style='normal', variant='normal', weight=400, stretch='normal', size='scalable')) = 10.05
2025-08-22 22:35:34,097 DEBUG findfont: score(FontEntry(fname='/System/Library/Fonts/Supplemental/NotoSansMro-Regular.ttf', name='Noto Sans Mro', style='normal', variant='normal', weight=400, stretch='normal', size='scalable')) = 10.05
2025-08-22 22:35:34,097 DEBUG findfont: score(FontEntry(fname='/System/Library/Fonts/Supplemental/NotoSansNabataean-Regular.ttf', name='Noto Sans Nabataean', style='normal', variant='normal', weight=400, stretch='normal', size='scalable')) = 10.05
2025-08-22 22:35:34,097 DEBUG findfont: score(FontEntry(fname='/System/Library/Fonts/Supplemental/Devanagari Sangam MN.ttc', name='Devanagari Sangam MN', style='normal', variant='normal', weight=400, stretch='normal', size='scalable')) = 10.05
2025-08-22 22:35:34,097 DEBUG findfont: score(FontEntry(fname='/System/Library/Fonts/Supplemental/Oriya MN.ttc', name='Oriya MN', style='normal', variant='normal', weight=400, stretch='normal', size='scalable')) = 10.05
2025-08-22 22:35:34,097 DEBUG findfont: score(FontEntry(fname='/System/Library/AssetsV2/com_apple_MobileAsset_Font7/c2cf5e684236b5395fd48d6ccf0e3b3191ce83a0.asset/AssetData/PCmyoungjo.ttf', name='PCMyungjo', style='normal', variant='normal', weight=400, stretch='normal', size='scalable')) = 10.05
2025-08-22 22:35:34,098 DEBUG findfont: score(FontEntry(fname='/System/Library/Fonts/Supplemental/NotoSansCham-Regular.ttf', name='Noto Sans Cham', style='normal', variant='normal', weight=400, stretch='normal', size='scalable')) = 10.05
2025-08-22 22:35:34,098 DEBUG findfont: score(FontEntry(fname='/System/Library/Fonts/Supplemental/Futura.ttc', name='Futura', style='normal', variant='normal', weight=500, stretch='normal', size='scalable')) = 10.145
2025-08-22 22:35:34,098 DEBUG findfont: score(FontEntry(fname='/System/Library/Fonts/Supplemental/Trebuchet MS.ttf', name='Trebuchet MS', style='normal', variant='normal', weight=400, stretch='normal', size='scalable')) = 10.05
2025-08-22 22:35:34,098 DEBUG findfont: score(FontEntry(fname='/System/Library/Fonts/Supplemental/Arial Unicode.ttf', name='Arial Unicode MS', style='normal', variant='normal', weight=400, stretch='normal', size='scalable')) = 10.05
2025-08-22 22:35:34,099 DEBUG findfont: score(FontEntry(fname='/System/Library/Fonts/Supplemental/Kailasa.ttc', name='Kailasa', style='normal', variant='normal', weight=400, stretch='normal', size='scalable')) = 10.05
2025-08-22 22:35:34,099 DEBUG findfont: score(FontEntry(fname='/System/Library/Fonts/Supplemental/NotoSansOldItalic-Regular.ttf', name='Noto Sans Old Italic', style='italic', variant='normal', weight=400, stretch='normal', size='scalable')) = 11.05
2025-08-22 22:35:34,100 DEBUG findfont: score(FontEntry(fname='/System/Library/Fonts/Supplemental/Webdings.ttf', name='Webdings', style='normal', variant='normal', weight=400, stretch='normal', size='scalable')) = 10.05
2025-08-22 22:35:34,100 DEBUG findfont: score(FontEntry(fname='/System/Library/Fonts/MuktaMahee.ttc', name='Mukta Mahee', style='normal', variant='normal', weight=400, stretch='normal', size='scalable')) = 10.05
2025-08-22 22:35:34,101 DEBUG findfont: score(FontEntry(fname='/System/Library/Fonts/Supplemental/NotoSansNewTaiLue-Regular.ttf', name='Noto Sans New Tai Lue', style='normal', variant='normal', weight=400, stretch='normal', size='scalable')) = 10.05
2025-08-22 22:35:34,101 DEBUG findfont: score(FontEntry(fname='/System/Library/Fonts/Supplemental/Cochin.ttc', name='Cochin', style='normal', variant='normal', weight=500, stretch='normal', size='scalable')) = 10.145
2025-08-22 22:35:34,102 DEBUG findfont: score(FontEntry(fname='/System/Library/Fonts/Supplemental/Corsiva.ttc', name='Corsiva Hebrew', style='normal', variant='normal', weight=400, stretch='normal', size='scalable')) = 10.05
2025-08-22 22:35:34,102 DEBUG findfont: score(FontEntry(fname='/System/Library/Fonts/Supplemental/NotoSansMeeteiMayek-Regular.ttf', name='Noto Sans Meetei Mayek', style='normal', variant='normal', weight=400, stretch='normal', size='scalable')) = 10.05
2025-08-22 22:35:34,102 DEBUG findfont: score(FontEntry(fname='/System/Library/Fonts/Supplemental/NotoSansUgaritic-Regular.ttf', name='Noto Sans Ugaritic', style='normal', variant='normal', weight=400, stretch='normal', size='scalable')) = 10.05
2025-08-22 22:35:34,103 DEBUG findfont: score(FontEntry(fname='/System/Library/Fonts/Supplemental/STIXGeneralBolIta.otf', name='STIXGeneral', style='italic', variant='normal', weight=700, stretch='normal', size='scalable')) = 11.335
2025-08-22 22:35:34,103 DEBUG findfont: score(FontEntry(fname='/System/Library/Fonts/Supplemental/Mishafi Gold.ttf', name='Mishafi Gold', style='normal', variant='normal', weight=400, stretch='normal', size='scalable')) = 10.05
2025-08-22 22:35:34,103 DEBUG findfont: score(FontEntry(fname='/System/Library/Fonts/Supplemental/SnellRoundhand.ttc', name='Snell Roundhand', style='normal', variant='normal', weight=500, stretch='normal', size='scalable')) = 10.145
2025-08-22 22:35:34,104 DEBUG findfont: score(FontEntry(fname='/System/Library/Fonts/NotoSansKannada.ttc', name='Noto Sans Kannada', style='normal', variant='normal', weight=100, stretch='normal', size='scalable')) = 10.335
2025-08-22 22:35:34,104 DEBUG findfont: score(FontEntry(fname='/System/Library/Fonts/Supplemental/NotoSansBuhid-Regular.ttf', name='Noto Sans Buhid', style='normal', variant='normal', weight=400, stretch='normal', size='scalable')) = 10.05
2025-08-22 22:35:34,104 DEBUG findfont: score(FontEntry(fname='/System/Library/Fonts/Supplemental/NotoSerifYezidi-Regular.otf', name='Noto Serif Yezidi', style='normal', variant='normal', weight=400, stretch='normal', size='scalable')) = 10.05
2025-08-22 22:35:34,104 DEBUG findfont: score(FontEntry(fname='/System/Library/Fonts/Supplemental/Khmer Sangam MN.ttf', name='Khmer Sangam MN', style='normal', variant='normal', weight=400, stretch='normal', size='scalable')) = 10.05
2025-08-22 22:35:34,104 DEBUG findfont: score(FontEntry(fname='/System/Library/Fonts/Supplemental/NotoSansCaucasianAlbanian-Regular.ttf', name='Noto Sans Caucasian Albanian', style='normal', variant='normal', weight=400, stretch='normal', size='scalable')) = 10.05
2025-08-22 22:35:34,105 DEBUG findfont: score(FontEntry(fname='/System/Library/Fonts/Supplemental/Brush Script.ttf', name='Brush Script MT', style='italic', variant='normal', weight=400, stretch='normal', size='scalable')) = 11.05
2025-08-22 22:35:34,105 DEBUG findfont: score(FontEntry(fname='/System/Library/Fonts/Supplemental/STIXSizTwoSymReg.otf', name='STIXSizeTwoSym', style='normal', variant='normal', weight=400, stretch='normal', size='scalable')) = 10.05
2025-08-22 22:35:34,105 DEBUG findfont: score(FontEntry(fname='/System/Library/Fonts/Supplemental/Hoefler Text.ttc', name='Hoefler Text', style='normal', variant='normal', weight=400, stretch='normal', size='scalable')) = 10.05
2025-08-22 22:35:34,105 DEBUG findfont: score(FontEntry(fname='/System/Library/AssetsV2/com_apple_MobileAsset_Font7/40e56e4eafd8b4db78ffe316f64ac4bedba37b53.asset/AssetData/ToppanBunkyuMidashiMinchoStdN-ExtraBold.otf', name='Toppan Bunkyu Midashi Mincho', style='normal', variant='normal', weight=900, stretch='normal', size='scalable')) = 10.525
2025-08-22 22:35:34,106 DEBUG findfont: score(FontEntry(fname='/System/Library/Fonts/Supplemental/Courier New Bold.ttf', name='Courier New', style='normal', variant='normal', weight=700, stretch='normal', size='scalable')) = 10.335
2025-08-22 22:35:34,106 DEBUG findfont: score(FontEntry(fname='/System/Library/Fonts/Hiragino Sans GB.ttc', name='Hiragino Sans GB', style='normal', variant='normal', weight=300, stretch='normal', size='scalable')) = 10.145
2025-08-22 22:35:34,106 DEBUG findfont: score(FontEntry(fname='/System/Library/Fonts/SFCamera.ttf', name='.SF Camera', style='normal', variant='normal', weight=400, stretch='normal', size='scalable')) = 10.05
2025-08-22 22:35:34,107 DEBUG findfont: score(FontEntry(fname='/System/Library/Fonts/Supplemental/NotoSansLisu-Regular.ttf', name='Noto Sans Lisu', style='normal', variant='normal', weight=400, stretch='normal', size='scalable')) = 10.05
2025-08-22 22:35:34,107 DEBUG findfont: score(FontEntry(fname='/System/Library/Fonts/Supplemental/Gurmukhi MN.ttc', name='Gurmukhi MN', style='normal', variant='normal', weight=400, stretch='normal', size='scalable')) = 10.05
2025-08-22 22:35:34,107 DEBUG findfont: score(FontEntry(fname='/System/Library/Fonts/Supplemental/NotoSansTirhuta-Regular.ttf', name='Noto Sans Tirhuta', style='normal', variant='normal', weight=400, stretch='normal', size='scalable')) = 10.05
2025-08-22 22:35:34,107 DEBUG findfont: score(FontEntry(fname='/System/Library/Fonts/Supplemental/STIXIntUpSmBol.otf', name='STIXIntegralsUpSm', style='normal', variant='normal', weight=700, stretch='normal', size='scalable')) = 10.335
2025-08-22 22:35:34,108 DEBUG findfont: score(FontEntry(fname='/System/Library/Fonts/NewYorkItalic.ttf', name='.New York', style='italic', variant='normal', weight=400, stretch='normal', size='scalable')) = 11.05
2025-08-22 22:35:34,109 DEBUG findfont: score(FontEntry(fname='/System/Library/AssetsV2/com_apple_MobileAsset_Font7/938fc4f0524ec9f143f1b39a4e63ff9585298376.asset/AssetData/ToppanBunkyuMidashiGothicStdN-ExtraBold.otf', name='Toppan Bunkyu Midashi Gothic', style='normal', variant='normal', weight=900, stretch='normal', size='scalable')) = 10.525
2025-08-22 22:35:34,109 DEBUG findfont: score(FontEntry(fname='/System/Library/Fonts/Supplemental/STIXIntUpDReg.otf', name='STIXIntegralsUpD', style='normal', variant='normal', weight=400, stretch='normal', size='scalable')) = 10.05
2025-08-22 22:35:34,109 DEBUG findfont: score(FontEntry(fname='/System/Library/Fonts/Supplemental/STIXSizFourSymBol.otf', name='STIXSizeFourSym', style='normal', variant='normal', weight=700, stretch='normal', size='scalable')) = 10.335
2025-08-22 22:35:34,109 DEBUG findfont: Matching AppleGothic:style=normal:variant=normal:weight=normal:stretch=normal:size=10.0 to AppleGothic ('/System/Library/Fonts/Supplemental/AppleGothic.ttf') with score of 0.050000.
2025-08-22 22:35:34,180 DEBUG findfont: Matching AppleGothic:style=normal:variant=normal:weight=normal:stretch=normal:size=12.0.
2025-08-22 22:35:34,182 DEBUG findfont: score(FontEntry(fname='/Users/widohun/tf_env/lib/python3.10/site-packages/matplotlib/mpl-data/fonts/ttf/cmsy10.ttf', name='cmsy10', style='normal', variant='normal', weight=400, stretch='normal', size='scalable')) = 10.05
2025-08-22 22:35:34,184 DEBUG findfont: score(FontEntry(fname='/Users/widohun/tf_env/lib/python3.10/site-packages/matplotlib/mpl-data/fonts/ttf/STIXSizOneSymBol.ttf', name='STIXSizeOneSym', style='normal', variant='normal', weight=700, stretch='normal', size='scalable')) = 10.335
2025-08-22 22:35:34,184 DEBUG findfont: score(FontEntry(fname='/Users/widohun/tf_env/lib/python3.10/site-packages/matplotlib/mpl-data/fonts/ttf/STIXSizFourSymBol.ttf', name='STIXSizeFourSym', style='normal', variant='normal', weight=700, stretch='normal', size='scalable')) = 10.335
2025-08-22 22:35:34,185 DEBUG findfont: score(FontEntry(fname='/Users/widohun/tf_env/lib/python3.10/site-packages/matplotlib/mpl-data/fonts/ttf/DejaVuSerif-Bold.ttf', name='DejaVu Serif', style='normal', variant='normal', weight=700, stretch='normal', size='scalable')) = 10.335
2025-08-22 22:35:34,186 DEBUG findfont: score(FontEntry(fname='/Users/widohun/tf_env/lib/python3.10/site-packages/matplotlib/mpl-data/fonts/ttf/STIXSizTwoSymReg.ttf', name='STIXSizeTwoSym', style='normal', variant='normal', weight=400, stretch='normal', size='scalable')) = 10.05
2025-08-22 22:35:34,187 DEBUG findfont: score(FontEntry(fname='/Users/widohun/tf_env/lib/python3.10/site-packages/matplotlib/mpl-data/fonts/ttf/DejaVuSerifDisplay.ttf', name='DejaVu Serif Display', style='normal', variant='normal', weight=400, stretch='normal', size='scalable')) = 10.05
2025-08-22 22:35:34,188 DEBUG findfont: score(FontEntry(fname='/Users/widohun/tf_env/lib/python3.10/site-packages/matplotlib/mpl-data/fonts/ttf/DejaVuSerif.ttf', name='DejaVu Serif', style='normal', variant='normal', weight=400, stretch='normal', size='scalable')) = 10.05
2025-08-22 22:35:34,188 DEBUG findfont: score(FontEntry(fname='/Users/widohun/tf_env/lib/python3.10/site-packages/matplotlib/mpl-data/fonts/ttf/STIXSizThreeSymBol.ttf', name='STIXSizeThreeSym', style='normal', variant='normal', weight=700, stretch='normal', size='scalable')) = 10.335
2025-08-22 22:35:34,190 DEBUG findfont: score(FontEntry(fname='/Users/widohun/tf_env/lib/python3.10/site-packages/matplotlib/mpl-data/fonts/ttf/STIXSizTwoSymBol.ttf', name='STIXSizeTwoSym', style='normal', variant='normal', weight=700, stretch='normal', size='scalable')) = 10.335
2025-08-22 22:35:34,190 DEBUG findfont: score(FontEntry(fname='/Users/widohun/tf_env/lib/python3.10/site-packages/matplotlib/mpl-data/fonts/ttf/cmmi10.ttf', name='cmmi10', style='normal', variant='normal', weight=400, stretch='normal', size='scalable')) = 10.05
2025-08-22 22:35:34,191 DEBUG findfont: score(FontEntry(fname='/Users/widohun/tf_env/lib/python3.10/site-packages/matplotlib/mpl-data/fonts/ttf/DejaVuSerif-BoldItalic.ttf', name='DejaVu Serif', style='italic', variant='normal', weight=700, stretch='normal', size='scalable')) = 11.335
2025-08-22 22:35:34,191 DEBUG findfont: score(FontEntry(fname='/Users/widohun/tf_env/lib/python3.10/site-packages/matplotlib/mpl-data/fonts/ttf/DejaVuSerif-Italic.ttf', name='DejaVu Serif', style='italic', variant='normal', weight=400, stretch='normal', size='scalable')) = 11.05
2025-08-22 22:35:34,192 DEBUG findfont: score(FontEntry(fname='/Users/widohun/tf_env/lib/python3.10/site-packages/matplotlib/mpl-data/fonts/ttf/DejaVuSansMono-Bold.ttf', name='DejaVu Sans Mono', style='normal', variant='normal', weight=700, stretch='normal', size='scalable')) = 10.335
2025-08-22 22:35:34,201 DEBUG findfont: score(FontEntry(fname='/Users/widohun/tf_env/lib/python3.10/site-packages/matplotlib/mpl-data/fonts/ttf/cmss10.ttf', name='cmss10', style='normal', variant='normal', weight=400, stretch='normal', size='scalable')) = 10.05
2025-08-22 22:35:34,202 DEBUG findfont: score(FontEntry(fname='/Users/widohun/tf_env/lib/python3.10/site-packages/matplotlib/mpl-data/fonts/ttf/STIXSizOneSymReg.ttf', name='STIXSizeOneSym', style='normal', variant='normal', weight=400, stretch='normal', size='scalable')) = 10.05
2025-08-22 22:35:34,202 DEBUG findfont: score(FontEntry(fname='/Users/widohun/tf_env/lib/python3.10/site-packages/matplotlib/mpl-data/fonts/ttf/STIXNonUniBolIta.ttf', name='STIXNonUnicode', style='italic', variant='normal', weight=700, stretch='normal', size='scalable')) = 11.335
2025-08-22 22:35:34,203 DEBUG findfont: score(FontEntry(fname='/Users/widohun/tf_env/lib/python3.10/site-packages/matplotlib/mpl-data/fonts/ttf/DejaVuSansMono.ttf', name='DejaVu Sans Mono', style='normal', variant='normal', weight=400, stretch='normal', size='scalable')) = 10.05
2025-08-22 22:35:34,204 DEBUG findfont: score(FontEntry(fname='/Users/widohun/tf_env/lib/python3.10/site-packages/matplotlib/mpl-data/fonts/ttf/STIXSizThreeSymReg.ttf', name='STIXSizeThreeSym', style='normal', variant='normal', weight=400, stretch='normal', size='scalable')) = 10.05
2025-08-22 22:35:34,204 DEBUG findfont: score(FontEntry(fname='/Users/widohun/tf_env/lib/python3.10/site-packages/matplotlib/mpl-data/fonts/ttf/DejaVuSansMono-Oblique.ttf', name='DejaVu Sans Mono', style='oblique', variant='normal', weight=400, stretch='normal', size='scalable')) = 11.05
2025-08-22 22:35:34,229 DEBUG findfont: score(FontEntry(fname='/Users/widohun/tf_env/lib/python3.10/site-packages/matplotlib/mpl-data/fonts/ttf/DejaVuSans-BoldOblique.ttf', name='DejaVu Sans', style='oblique', variant='normal', weight=700, stretch='normal', size='scalable')) = 11.335
2025-08-22 22:35:34,268 DEBUG findfont: score(FontEntry(fname='/Users/widohun/tf_env/lib/python3.10/site-packages/matplotlib/mpl-data/fonts/ttf/DejaVuSans.ttf', name='DejaVu Sans', style='normal', variant='normal', weight=400, stretch='normal', size='scalable')) = 10.05
2025-08-22 22:35:34,271 DEBUG findfont: score(FontEntry(fname='/Users/widohun/tf_env/lib/python3.10/site-packages/matplotlib/mpl-data/fonts/ttf/STIXGeneralBolIta.ttf', name='STIXGeneral', style='italic', variant='normal', weight=700, stretch='normal', size='scalable')) = 11.335
2025-08-22 22:35:34,281 DEBUG findfont: score(FontEntry(fname='/Users/widohun/tf_env/lib/python3.10/site-packages/matplotlib/mpl-data/fonts/ttf/DejaVuSans-Oblique.ttf', name='DejaVu Sans', style='oblique', variant='normal', weight=400, stretch='normal', size='scalable')) = 11.05
2025-08-22 22:35:34,283 DEBUG findfont: score(FontEntry(fname='/Users/widohun/tf_env/lib/python3.10/site-packages/matplotlib/mpl-data/fonts/ttf/DejaVuSansMono-BoldOblique.ttf', name='DejaVu Sans Mono', style='oblique', variant='normal', weight=700, stretch='normal', size='scalable')) = 11.335
2025-08-22 22:35:34,284 DEBUG findfont: score(FontEntry(fname='/Users/widohun/tf_env/lib/python3.10/site-packages/matplotlib/mpl-data/fonts/ttf/STIXGeneralBol.ttf', name='STIXGeneral', style='normal', variant='normal', weight=700, stretch='normal', size='scalable')) = 10.335
2025-08-22 22:35:34,285 DEBUG findfont: score(FontEntry(fname='/Users/widohun/tf_env/lib/python3.10/site-packages/matplotlib/mpl-data/fonts/ttf/STIXSizFourSymReg.ttf', name='STIXSizeFourSym', style='normal', variant='normal', weight=400, stretch='normal', size='scalable')) = 10.05
2025-08-22 22:35:34,286 DEBUG findfont: score(FontEntry(fname='/Users/widohun/tf_env/lib/python3.10/site-packages/matplotlib/mpl-data/fonts/ttf/cmr10.ttf', name='cmr10', style='normal', variant='normal', weight=400, stretch='normal', size='scalable')) = 10.05
2025-08-22 22:35:34,287 DEBUG findfont: score(FontEntry(fname='/Users/widohun/tf_env/lib/python3.10/site-packages/matplotlib/mpl-data/fonts/ttf/cmtt10.ttf', name='cmtt10', style='normal', variant='normal', weight=400, stretch='normal', size='scalable')) = 10.05
2025-08-22 22:35:34,288 DEBUG findfont: score(FontEntry(fname='/Users/widohun/tf_env/lib/python3.10/site-packages/matplotlib/mpl-data/fonts/ttf/STIXNonUniIta.ttf', name='STIXNonUnicode', style='italic', variant='normal', weight=400, stretch='normal', size='scalable')) = 11.05
2025-08-22 22:35:34,292 DEBUG findfont: score(FontEntry(fname='/Users/widohun/tf_env/lib/python3.10/site-packages/matplotlib/mpl-data/fonts/ttf/cmex10.ttf', name='cmex10', style='normal', variant='normal', weight=400, stretch='normal', size='scalable')) = 10.05
2025-08-22 22:35:34,294 DEBUG findfont: score(FontEntry(fname='/Users/widohun/tf_env/lib/python3.10/site-packages/matplotlib/mpl-data/fonts/ttf/STIXNonUni.ttf', name='STIXNonUnicode', style='normal', variant='normal', weight=400, stretch='normal', size='scalable')) = 10.05
2025-08-22 22:35:34,294 DEBUG findfont: score(FontEntry(fname='/Users/widohun/tf_env/lib/python3.10/site-packages/matplotlib/mpl-data/fonts/ttf/STIXGeneral.ttf', name='STIXGeneral', style='normal', variant='normal', weight=400, stretch='normal', size='scalable')) = 10.05
2025-08-22 22:35:34,295 DEBUG findfont: score(FontEntry(fname='/Users/widohun/tf_env/lib/python3.10/site-packages/matplotlib/mpl-data/fonts/ttf/STIXSizFiveSymReg.ttf', name='STIXSizeFiveSym', style='normal', variant='normal', weight=400, stretch='normal', size='scalable')) = 10.05
2025-08-22 22:35:34,296 DEBUG findfont: score(FontEntry(fname='/Users/widohun/tf_env/lib/python3.10/site-packages/matplotlib/mpl-data/fonts/ttf/cmb10.ttf', name='cmb10', style='normal', variant='normal', weight=400, stretch='normal', size='scalable')) = 10.05
2025-08-22 22:35:34,296 DEBUG findfont: score(FontEntry(fname='/Users/widohun/tf_env/lib/python3.10/site-packages/matplotlib/mpl-data/fonts/ttf/STIXNonUniBol.ttf', name='STIXNonUnicode', style='normal', variant='normal', weight=700, stretch='normal', size='scalable')) = 10.335
2025-08-22 22:35:34,298 DEBUG findfont: score(FontEntry(fname='/Users/widohun/tf_env/lib/python3.10/site-packages/matplotlib/mpl-data/fonts/ttf/STIXGeneralItalic.ttf', name='STIXGeneral', style='italic', variant='normal', weight=400, stretch='normal', size='scalable')) = 11.05
2025-08-22 22:35:34,299 DEBUG findfont: score(FontEntry(fname='/Users/widohun/tf_env/lib/python3.10/site-packages/matplotlib/mpl-data/fonts/ttf/DejaVuSans-Bold.ttf', name='DejaVu Sans', style='normal', variant='normal', weight=700, stretch='normal', size='scalable')) = 10.335
2025-08-22 22:35:34,300 DEBUG findfont: score(FontEntry(fname='/Users/widohun/tf_env/lib/python3.10/site-packages/matplotlib/mpl-data/fonts/ttf/DejaVuSansDisplay.ttf', name='DejaVu Sans Display', style='normal', variant='normal', weight=400, stretch='normal', size='scalable')) = 10.05
2025-08-22 22:35:34,300 DEBUG findfont: score(FontEntry(fname='/System/Library/Fonts/Supplemental/AppleGothic.ttf', name='AppleGothic', style='normal', variant='normal', weight=400, stretch='normal', size='scalable')) = 0.05
2025-08-22 22:35:34,301 DEBUG findfont: score(FontEntry(fname='/System/Library/Fonts/Supplemental/Oriya Sangam MN.ttc', name='Oriya Sangam MN', style='normal', variant='normal', weight=400, stretch='normal', size='scalable')) = 10.05
2025-08-22 22:35:34,302 DEBUG findfont: score(FontEntry(fname='/System/Library/Fonts/ヒラギノ角ゴシック W4.ttc', name='Hiragino Sans', style='normal', variant='normal', weight=400, stretch='normal', size='scalable')) = 10.05
2025-08-22 22:35:34,302 DEBUG findfont: score(FontEntry(fname='/System/Library/Fonts/Supplemental/Arial Narrow Bold.ttf', name='Arial Narrow', style='normal', variant='normal', weight=700, stretch='condensed', size='scalable')) = 10.535
2025-08-22 22:35:34,303 DEBUG findfont: score(FontEntry(fname='/System/Library/Fonts/NewYork.ttf', name='.New York', style='normal', variant='normal', weight=400, stretch='normal', size='scalable')) = 10.05
2025-08-22 22:35:34,303 DEBUG findfont: score(FontEntry(fname='/System/Library/Fonts/Supplemental/NotoSansSundanese-Regular.ttf', name='Noto Sans Sundanese', style='normal', variant='normal', weight=400, stretch='normal', size='scalable')) = 10.05
2025-08-22 22:35:34,304 DEBUG findfont: score(FontEntry(fname='/System/Library/AssetsV2/com_apple_MobileAsset_Font7/b8cf53b3591d6062cd536ba5129454cba899a078.asset/AssetData/LingWaiTC-Medium.otf', name='LingWai TC', style='normal', variant='normal', weight=500, stretch='normal', size='scalable')) = 10.145
2025-08-22 22:35:34,304 DEBUG findfont: score(FontEntry(fname='/System/Library/Fonts/Supplemental/NotoSansHanifiRohingya-Regular.ttf', name='Noto Sans Hanifi Rohingya', style='normal', variant='normal', weight=400, stretch='normal', size='scalable')) = 10.05
2025-08-22 22:35:34,305 DEBUG findfont: score(FontEntry(fname='/System/Library/Fonts/Supplemental/NotoSansYi-Regular.ttf', name='Noto Sans Yi', style='normal', variant='normal', weight=400, stretch='normal', size='scalable')) = 10.05
2025-08-22 22:35:34,305 DEBUG findfont: score(FontEntry(fname='/System/Library/Fonts/Supplemental/Baskerville.ttc', name='Baskerville', style='normal', variant='normal', weight=400, stretch='normal', size='scalable')) = 10.05
2025-08-22 22:35:34,306 DEBUG findfont: score(FontEntry(fname='/System/Library/Fonts/Supplemental/STIXSizOneSymBol.otf', name='STIXSizeOneSym', style='normal', variant='normal', weight=700, stretch='normal', size='scalable')) = 10.335
2025-08-22 22:35:34,307 DEBUG findfont: score(FontEntry(fname='/System/Library/Fonts/Supplemental/NotoSansSylotiNagri-Regular.ttf', name='Noto Sans Syloti Nagri', style='normal', variant='normal', weight=400, stretch='normal', size='scalable')) = 10.05
2025-08-22 22:35:34,307 DEBUG findfont: score(FontEntry(fname='/System/Library/Fonts/Supplemental/NotoSansMandaic-Regular.ttf', name='Noto Sans Mandaic', style='normal', variant='normal', weight=400, stretch='normal', size='scalable')) = 10.05
2025-08-22 22:35:34,308 DEBUG findfont: score(FontEntry(fname='/System/Library/Fonts/Supplemental/NotoSansPauCinHau-Regular.ttf', name='Noto Sans Pau Cin Hau', style='normal', variant='normal', weight=400, stretch='normal', size='scalable')) = 10.05
2025-08-22 22:35:34,309 DEBUG findfont: score(FontEntry(fname='/System/Library/Fonts/SFCompact.ttf', name='.SF Compact', style='normal', variant='normal', weight=1000, stretch='normal', size='scalable')) = 10.62
2025-08-22 22:35:34,310 DEBUG findfont: score(FontEntry(fname='/System/Library/Fonts/Supplemental/Charter.ttc', name='Charter', style='normal', variant='normal', weight=400, stretch='normal', size='scalable')) = 10.05
2025-08-22 22:35:34,310 DEBUG findfont: score(FontEntry(fname='/System/Library/AssetsV2/com_apple_MobileAsset_Font7/de4b2bad515a67ab2d11e39fd896b1e189252a43.asset/AssetData/HeadlineA.ttf', name='HeadLineA', style='normal', variant='normal', weight=400, stretch='normal', size='scalable')) = 10.05
2025-08-22 22:35:34,311 DEBUG findfont: score(FontEntry(fname='/System/Library/Fonts/Supplemental/Diwan Kufi.ttc', name='Diwan Kufi', style='normal', variant='normal', weight=400, stretch='normal', size='scalable')) = 10.05
2025-08-22 22:35:34,311 DEBUG findfont: score(FontEntry(fname='/System/Library/Fonts/Supplemental/STIXSizThreeSymBol.otf', name='STIXSizeThreeSym', style='normal', variant='normal', weight=700, stretch='normal', size='scalable')) = 10.335
2025-08-22 22:35:34,312 DEBUG findfont: score(FontEntry(fname='/System/Library/Fonts/Supplemental/Raanana.ttc', name='Raanana', style='normal', variant='normal', weight=400, stretch='normal', size='scalable')) = 10.05
2025-08-22 22:35:34,312 DEBUG findfont: score(FontEntry(fname='/System/Library/Fonts/Supplemental/NotoSansChakma-Regular.ttf', name='Noto Sans Chakma', style='normal', variant='normal', weight=400, stretch='normal', size='scalable')) = 10.05
2025-08-22 22:35:34,313 DEBUG findfont: score(FontEntry(fname='/System/Library/Fonts/Supplemental/Mishafi.ttf', name='Mishafi', style='normal', variant='normal', weight=400, stretch='normal', size='scalable')) = 10.05
2025-08-22 22:35:34,314 DEBUG findfont: score(FontEntry(fname='/System/Library/Fonts/Supplemental/DevanagariMT.ttc', name='Devanagari MT', style='normal', variant='normal', weight=400, stretch='normal', size='scalable')) = 10.05
2025-08-22 22:35:34,314 DEBUG findfont: score(FontEntry(fname='/System/Library/Fonts/Supplemental/Luminari.ttf', name='Luminari', style='normal', variant='normal', weight=400, stretch='normal', size='scalable')) = 10.05
2025-08-22 22:35:34,315 DEBUG findfont: score(FontEntry(fname='/System/Library/AssetsV2/com_apple_MobileAsset_Font7/157acc4d862730d6d5beaa943546f80a71948c7b.asset/AssetData/BMHanna11yrs-Regular.otf', name='BM Hanna 11yrs Old', style='normal', variant='normal', weight=400, stretch='normal', size='scalable')) = 10.05
2025-08-22 22:35:34,315 DEBUG findfont: score(FontEntry(fname='/System/Library/Fonts/Supplemental/Times New Roman.ttf', name='Times New Roman', style='normal', variant='normal', weight=400, stretch='normal', size='scalable')) = 10.05
2025-08-22 22:35:34,316 DEBUG findfont: score(FontEntry(fname='/System/Library/Fonts/Supplemental/NotoSansBuginese-Regular.ttf', name='Noto Sans Buginese', style='normal', variant='normal', weight=400, stretch='normal', size='scalable')) = 10.05
2025-08-22 22:35:34,317 DEBUG findfont: score(FontEntry(fname='/System/Library/AssetsV2/com_apple_MobileAsset_Font7/f879347736afb6e4e0880bcede9df92492c0f040.asset/AssetData/Gungseouche.ttf', name='GungSeo', style='normal', variant='normal', weight=400, stretch='normal', size='scalable')) = 10.05
2025-08-22 22:35:34,318 DEBUG findfont: score(FontEntry(fname='/System/Library/Fonts/Supplemental/Beirut.ttc', name='Beirut', style='normal', variant='normal', weight=700, stretch='normal', size='scalable')) = 10.335
2025-08-22 22:35:34,318 DEBUG findfont: score(FontEntry(fname='/System/Library/Fonts/Supplemental/NotoSansOsmanya-Regular.ttf', name='Noto Sans Osmanya', style='normal', variant='normal', weight=400, stretch='normal', size='scalable')) = 10.05
2025-08-22 22:35:34,319 DEBUG findfont: score(FontEntry(fname='/System/Library/Fonts/SFNS.ttf', name='System Font', style='normal', variant='normal', weight=400, stretch='normal', size='scalable')) = 10.05
2025-08-22 22:35:34,319 DEBUG findfont: score(FontEntry(fname='/System/Library/Fonts/Supplemental/Baghdad.ttc', name='Baghdad', style='normal', variant='normal', weight=400, stretch='normal', size='scalable')) = 10.05
2025-08-22 22:35:34,319 DEBUG findfont: score(FontEntry(fname='/System/Library/Fonts/Avenir Next Condensed.ttc', name='Avenir Next Condensed', style='normal', variant='normal', weight=700, stretch='condensed', size='scalable')) = 10.535
2025-08-22 22:35:34,320 DEBUG findfont: score(FontEntry(fname='/System/Library/Fonts/Supplemental/STIXSizOneSymReg.otf', name='STIXSizeOneSym', style='normal', variant='normal', weight=400, stretch='normal', size='scalable')) = 10.05
2025-08-22 22:35:34,321 DEBUG findfont: score(FontEntry(fname='/System/Library/Fonts/Supplemental/AmericanTypewriter.ttc', name='American Typewriter', style='normal', variant='normal', weight=400, stretch='normal', size='scalable')) = 10.05
2025-08-22 22:35:34,321 DEBUG findfont: score(FontEntry(fname='/System/Library/AssetsV2/com_apple_MobileAsset_Font7/cd59971ded42add9070aa2172265ba7fcf8d9327.asset/AssetData/BMKirangHaerang-Regular.otf', name='BM Kirang Haerang', style='normal', variant='normal', weight=400, stretch='normal', size='scalable')) = 10.05
2025-08-22 22:35:34,321 DEBUG findfont: score(FontEntry(fname='/System/Library/Fonts/Palatino.ttc', name='Palatino', style='normal', variant='normal', weight=400, stretch='normal', size='scalable')) = 10.05
2025-08-22 22:35:34,322 DEBUG findfont: score(FontEntry(fname='/System/Library/Fonts/SFHebrewRounded.ttf', name='.SF Hebrew Rounded', style='normal', variant='normal', weight=400, stretch='normal', size='scalable')) = 10.05
2025-08-22 22:35:34,322 DEBUG findfont: score(FontEntry(fname='/System/Library/Fonts/Supplemental/NotoSansVai-Regular.ttf', name='Noto Sans Vai', style='normal', variant='normal', weight=400, stretch='normal', size='scalable')) = 10.05
2025-08-22 22:35:34,323 DEBUG findfont: score(FontEntry(fname='/System/Library/AssetsV2/com_apple_MobileAsset_Font7/d9a8a6ae726910080d90232eaf0edb06da712758.asset/AssetData/TsukushiAMaruGothic.ttc', name='Tsukushi A Round Gothic', style='normal', variant='normal', weight=400, stretch='normal', size='scalable')) = 10.05
2025-08-22 22:35:34,323 DEBUG findfont: score(FontEntry(fname='/System/Library/Fonts/Helvetica.ttc', name='Helvetica', style='normal', variant='normal', weight=400, stretch='normal', size='scalable')) = 10.05
2025-08-22 22:35:34,324 DEBUG findfont: score(FontEntry(fname='/System/Library/Fonts/Supplemental/STIXTwoMath.otf', name='STIX Two Math', style='normal', variant='normal', weight=400, stretch='normal', size='scalable')) = 10.05
2025-08-22 22:35:34,324 DEBUG findfont: score(FontEntry(fname='/System/Library/Fonts/LucidaGrande.ttc', name='Lucida Grande', style='normal', variant='normal', weight=500, stretch='normal', size='scalable')) = 10.145
2025-08-22 22:35:34,325 DEBUG findfont: score(FontEntry(fname='/System/Library/AssetsV2/com_apple_MobileAsset_Font7/e71ea5469e5f2039223f22203ee8b9186524afd3.asset/AssetData/BMDoHyeon-Regular.otf', name='BM Dohyeon', style='normal', variant='normal', weight=400, stretch='normal', size='scalable')) = 10.05
2025-08-22 22:35:34,325 DEBUG findfont: score(FontEntry(fname='/System/Library/Fonts/Supplemental/NotoSansMongolian-Regular.ttf', name='Noto Sans Mongolian', style='normal', variant='normal', weight=400, stretch='normal', size='scalable')) = 10.05
2025-08-22 22:35:34,325 DEBUG findfont: score(FontEntry(fname='/System/Library/Fonts/Supplemental/NotoSansNewa-Regular.ttf', name='Noto Sans Newa', style='normal', variant='normal', weight=400, stretch='normal', size='scalable')) = 10.05
2025-08-22 22:35:34,326 DEBUG findfont: score(FontEntry(fname='/System/Library/Fonts/Supplemental/STIXSizTwoSymBol.otf', name='STIXSizeTwoSym', style='normal', variant='normal', weight=700, stretch='normal', size='scalable')) = 10.335
2025-08-22 22:35:34,326 DEBUG findfont: score(FontEntry(fname='/System/Library/Fonts/ヒラギノ角ゴシック W9.ttc', name='Hiragino Sans', style='normal', variant='normal', weight=900, stretch='normal', size='scalable')) = 10.525
2025-08-22 22:35:34,326 DEBUG findfont: score(FontEntry(fname='/System/Library/Fonts/Supplemental/NotoSansBatak-Regular.ttf', name='Noto Sans Batak', style='normal', variant='normal', weight=400, stretch='normal', size='scalable')) = 10.05
2025-08-22 22:35:34,326 DEBUG findfont: score(FontEntry(fname='/System/Library/Fonts/Supplemental/Bangla MN.ttc', name='Bangla MN', style='normal', variant='normal', weight=400, stretch='normal', size='scalable')) = 10.05
2025-08-22 22:35:34,327 DEBUG findfont: score(FontEntry(fname='/System/Library/Fonts/KohinoorBangla.ttc', name='Kohinoor Bangla', style='normal', variant='normal', weight=400, stretch='normal', size='scalable')) = 10.05
2025-08-22 22:35:34,327 DEBUG findfont: score(FontEntry(fname='/System/Library/AssetsV2/com_apple_MobileAsset_Font7/9bcdfd464af84ab30592d781f4a82f44f548239c.asset/AssetData/BMYeongSung-Regular.otf', name='BM Yeonsung', style='normal', variant='normal', weight=400, stretch='normal', size='scalable')) = 10.05
2025-08-22 22:35:34,327 DEBUG findfont: score(FontEntry(fname='/System/Library/Fonts/Supplemental/Sinhala MN.ttc', name='Sinhala MN', style='normal', variant='normal', weight=400, stretch='normal', size='scalable')) = 10.05
2025-08-22 22:35:34,327 DEBUG findfont: score(FontEntry(fname='/System/Library/Fonts/Supplemental/NotoSansTifinagh-Regular.otf', name='Noto Sans Tifinagh', style='normal', variant='normal', weight=400, stretch='normal', size='scalable')) = 10.05
2025-08-22 22:35:34,328 DEBUG findfont: score(FontEntry(fname='/System/Library/Fonts/Supplemental/Kokonor.ttf', name='Kokonor', style='normal', variant='normal', weight=400, stretch='normal', size='scalable')) = 10.05
2025-08-22 22:35:34,328 DEBUG findfont: score(FontEntry(fname='/System/Library/Fonts/Supplemental/Phosphate.ttc', name='Phosphate', style='normal', variant='normal', weight=400, stretch='normal', size='scalable')) = 10.05
2025-08-22 22:35:34,329 DEBUG findfont: score(FontEntry(fname='/System/Library/Fonts/Supplemental/NotoSansOldSouthArabian-Regular.ttf', name='Noto Sans Old South Arabian', style='normal', variant='normal', weight=400, stretch='normal', size='scalable')) = 10.05
2025-08-22 22:35:34,329 DEBUG findfont: score(FontEntry(fname='/System/Library/Fonts/Supplemental/Marion.ttc', name='Marion', style='normal', variant='normal', weight=400, stretch='normal', size='scalable')) = 10.05
2025-08-22 22:35:34,329 DEBUG findfont: score(FontEntry(fname='/System/Library/Fonts/Supplemental/Arial Bold Italic.ttf', name='Arial', style='italic', variant='normal', weight=700, stretch='normal', size='scalable')) = 11.335
2025-08-22 22:35:34,330 DEBUG findfont: score(FontEntry(fname='/System/Library/Fonts/Supplemental/Courier New Italic.ttf', name='Courier New', style='italic', variant='normal', weight=400, stretch='normal', size='scalable')) = 11.05
2025-08-22 22:35:34,330 DEBUG findfont: score(FontEntry(fname='/System/Library/Fonts/Supplemental/Hoefler Text Ornaments.ttf', name='Hoefler Text', style='normal', variant='normal', weight=400, stretch='normal', size='scalable')) = 10.05
2025-08-22 22:35:34,330 DEBUG findfont: score(FontEntry(fname='/System/Library/AssetsV2/com_apple_MobileAsset_Font7/0ab217c39c45c7c6acaddfa199fd32c55a7b4a19.asset/AssetData/ToppanBunkyuGothicPr6N.ttc', name='Toppan Bunkyu Gothic', style='normal', variant='normal', weight=600, stretch='normal', size='scalable')) = 10.24
2025-08-22 22:35:34,331 DEBUG findfont: score(FontEntry(fname='/System/Library/AssetsV2/com_apple_MobileAsset_Font7/18189590ed3a5f46cef20ed4d1cec2611dca13ff.asset/AssetData/WawaSC-Regular.otf', name='Wawati SC', style='normal', variant='normal', weight=400, stretch='normal', size='scalable')) = 10.05
2025-08-22 22:35:34,331 DEBUG findfont: score(FontEntry(fname='/System/Library/Fonts/Supplemental/NotoSansWancho-Regular.ttf', name='Noto Sans Wancho', style='normal', variant='normal', weight=400, stretch='normal', size='scalable')) = 10.05
2025-08-22 22:35:34,332 DEBUG findfont: score(FontEntry(fname='/System/Library/Fonts/Supplemental/Kannada MN.ttc', name='Kannada MN', style='normal', variant='normal', weight=400, stretch='normal', size='scalable')) = 10.05
2025-08-22 22:35:34,332 DEBUG findfont: score(FontEntry(fname='/System/Library/Fonts/Supplemental/STIXSizFourSymReg.otf', name='STIXSizeFourSym', style='normal', variant='normal', weight=400, stretch='normal', size='scalable')) = 10.05
2025-08-22 22:35:34,332 DEBUG findfont: score(FontEntry(fname='/System/Library/Fonts/Supplemental/NotoSansInscriptionalPahlavi-Regular.ttf', name='Noto Sans Inscriptional Pahlavi', style='normal', variant='normal', weight=400, stretch='normal', size='scalable')) = 10.05
2025-08-22 22:35:34,333 DEBUG findfont: score(FontEntry(fname='/System/Library/Fonts/Supplemental/AppleMyungjo.ttf', name='AppleMyungjo', style='normal', variant='normal', weight=400, stretch='normal', size='scalable')) = 10.05
2025-08-22 22:35:34,333 DEBUG findfont: score(FontEntry(fname='/System/Library/Fonts/Supplemental/STIXTwoText.ttf', name='STIX Two Text', style='normal', variant='normal', weight=400, stretch='normal', size='scalable')) = 10.05
2025-08-22 22:35:34,334 DEBUG findfont: score(FontEntry(fname='/System/Library/Fonts/Supplemental/NotoSansMeroitic-Regular.ttf', name='Noto Sans Meroitic', style='normal', variant='normal', weight=400, stretch='normal', size='scalable')) = 10.05
2025-08-22 22:35:34,334 DEBUG findfont: score(FontEntry(fname='/System/Library/Fonts/Supplemental/NotoSansKayahLi-Regular.ttf', name='Noto Sans Kayah Li', style='normal', variant='normal', weight=400, stretch='normal', size='scalable')) = 10.05
2025-08-22 22:35:34,334 DEBUG findfont: score(FontEntry(fname='/System/Library/Fonts/GeezaPro.ttc', name='Geeza Pro', style='normal', variant='normal', weight=400, stretch='normal', size='scalable')) = 10.05
2025-08-22 22:35:34,335 DEBUG findfont: score(FontEntry(fname='/System/Library/Fonts/Supplemental/Al Nile.ttc', name='Al Nile', style='normal', variant='normal', weight=400, stretch='normal', size='scalable')) = 10.05
2025-08-22 22:35:34,335 DEBUG findfont: score(FontEntry(fname='/System/Library/Fonts/ヒラギノ角ゴシック W1.ttc', name='Hiragino Sans', style='normal', variant='normal', weight=200, stretch='normal', size='scalable')) = 10.24
2025-08-22 22:35:34,335 DEBUG findfont: score(FontEntry(fname='/System/Library/Fonts/SFNSRounded.ttf', name='.SF NS Rounded', style='normal', variant='normal', weight=400, stretch='normal', size='scalable')) = 10.05
2025-08-22 22:35:34,336 DEBUG findfont: score(FontEntry(fname='/System/Library/Fonts/Supplemental/NotoSansLepcha-Regular.ttf', name='Noto Sans Lepcha', style='normal', variant='normal', weight=400, stretch='normal', size='scalable')) = 10.05
2025-08-22 22:35:34,336 DEBUG findfont: score(FontEntry(fname='/System/Library/Fonts/Supplemental/InaiMathi-MN.ttc', name='InaiMathi', style='normal', variant='normal', weight=400, stretch='normal', size='scalable')) = 10.05
2025-08-22 22:35:34,336 DEBUG findfont: score(FontEntry(fname='/System/Library/Fonts/Supplemental/NotoSansJavanese-Regular.otf', name='Noto Sans Javanese', style='normal', variant='normal', weight=400, stretch='normal', size='scalable')) = 10.05
2025-08-22 22:35:34,336 DEBUG findfont: score(FontEntry(fname='/System/Library/Fonts/Supplemental/DecoTypeNaskh.ttc', name='DecoType Naskh', style='normal', variant='normal', weight=400, stretch='normal', size='scalable')) = 10.05
2025-08-22 22:35:34,337 DEBUG findfont: score(FontEntry(fname='/System/Library/Fonts/Supplemental/NotoSansElbasan-Regular.ttf', name='Noto Sans Elbasan', style='normal', variant='normal', weight=400, stretch='normal', size='scalable')) = 10.05
2025-08-22 22:35:34,337 DEBUG findfont: score(FontEntry(fname='/System/Library/Fonts/Supplemental/Arial Black.ttf', name='Arial Black', style='normal', variant='normal', weight=900, stretch='normal', size='scalable')) = 10.525
2025-08-22 22:35:34,337 DEBUG findfont: score(FontEntry(fname='/System/Library/Fonts/ArialHB.ttc', name='Arial Hebrew', style='normal', variant='normal', weight=400, stretch='normal', size='scalable')) = 10.05
2025-08-22 22:35:34,337 DEBUG findfont: score(FontEntry(fname='/System/Library/AssetsV2/com_apple_MobileAsset_Font7/d7d512f49387f96799ae9271c7fa8f8e9fef05d1.asset/AssetData/BIZ_UDGothic.ttc', name='BIZ UDGothic', style='normal', variant='normal', weight=400, stretch='normal', size='scalable')) = 10.05
2025-08-22 22:35:34,338 DEBUG findfont: score(FontEntry(fname='/System/Library/Fonts/Supplemental/NotoSerifNyiakengPuachueHmong-Regular.ttf', name='Noto Serif Hmong Nyiakeng', style='normal', variant='normal', weight=400, stretch='normal', size='scalable')) = 10.05
2025-08-22 22:35:34,338 DEBUG findfont: score(FontEntry(fname='/System/Library/AssetsV2/com_apple_MobileAsset_Font7/3d7c99b85a518ffb479044c11185e47744b6448d.asset/AssetData/WawaTC-Regular.otf', name='Wawati TC', style='normal', variant='normal', weight=400, stretch='normal', size='scalable')) = 10.05
2025-08-22 22:35:34,338 DEBUG findfont: score(FontEntry(fname='/System/Library/Fonts/Supplemental/Skia.ttf', name='Skia', style='normal', variant='normal', weight=5, stretch='normal', size='scalable')) = 10.42525
2025-08-22 22:35:34,338 DEBUG findfont: score(FontEntry(fname='/System/Library/Fonts/Supplemental/STIXNonUni.otf', name='STIXNonUnicode', style='normal', variant='normal', weight=400, stretch='normal', size='scalable')) = 10.05
2025-08-22 22:35:34,339 DEBUG findfont: score(FontEntry(fname='/System/Library/Fonts/Supplemental/NotoSansCoptic-Regular.ttf', name='Noto Sans Coptic', style='normal', variant='normal', weight=400, stretch='normal', size='scalable')) = 10.05
2025-08-22 22:35:34,339 DEBUG findfont: score(FontEntry(fname='/System/Library/AssetsV2/com_apple_MobileAsset_Font7/8dc7805506cc9f233dcc19aabf593196842a47ae.asset/AssetData/Hannotate.ttc', name='Hannotate SC', style='normal', variant='normal', weight=400, stretch='normal', size='scalable')) = 10.05
2025-08-22 22:35:34,340 DEBUG findfont: score(FontEntry(fname='/System/Library/Fonts/Supplemental/NotoSansTakri-Regular.ttf', name='Noto Sans Takri', style='normal', variant='normal', weight=400, stretch='normal', size='scalable')) = 10.05
2025-08-22 22:35:34,340 DEBUG findfont: score(FontEntry(fname='/System/Library/Fonts/Supplemental/NotoSansAvestan-Regular.ttf', name='Noto Sans Avestan', style='normal', variant='normal', weight=400, stretch='normal', size='scalable')) = 10.05
2025-08-22 22:35:34,341 DEBUG findfont: score(FontEntry(fname='/System/Library/Fonts/Supplemental/Muna.ttc', name='Muna', style='normal', variant='normal', weight=400, stretch='normal', size='scalable')) = 10.05
2025-08-22 22:35:34,341 DEBUG findfont: score(FontEntry(fname='/System/Library/Fonts/Supplemental/Songti.ttc', name='Songti SC', style='normal', variant='normal', weight=900, stretch='normal', size='scalable')) = 10.525
2025-08-22 22:35:34,342 DEBUG findfont: score(FontEntry(fname='/System/Library/Fonts/Supplemental/NotoSansBassaVah-Regular.ttf', name='Noto Sans Bassa Vah', style='normal', variant='normal', weight=400, stretch='normal', size='scalable')) = 10.05
2025-08-22 22:35:34,342 DEBUG findfont: score(FontEntry(fname='/System/Library/Fonts/Supplemental/STIXSizThreeSymReg.otf', name='STIXSizeThreeSym', style='normal', variant='normal', weight=400, stretch='normal', size='scalable')) = 10.05
2025-08-22 22:35:34,343 DEBUG findfont: score(FontEntry(fname='/System/Library/Fonts/Supplemental/NotoSansOlChiki-Regular.ttf', name='Noto Sans Ol Chiki', style='normal', variant='normal', weight=400, stretch='normal', size='scalable')) = 10.05
2025-08-22 22:35:34,343 DEBUG findfont: score(FontEntry(fname='/System/Library/Fonts/Supplemental/Times New Roman Bold.ttf', name='Times New Roman', style='normal', variant='normal', weight=700, stretch='normal', size='scalable')) = 10.335
2025-08-22 22:35:34,344 DEBUG findfont: score(FontEntry(fname='/System/Library/Fonts/Supplemental/Papyrus.ttc', name='Papyrus', style='normal', variant='normal', weight=400, stretch='condensed', size='scalable')) = 10.25
2025-08-22 22:35:34,344 DEBUG findfont: score(FontEntry(fname='/System/Library/Fonts/Supplemental/Lao Sangam MN.ttf', name='Lao Sangam MN', style='normal', variant='normal', weight=400, stretch='normal', size='scalable')) = 10.05
2025-08-22 22:35:34,344 DEBUG findfont: score(FontEntry(fname='/System/Library/Fonts/Supplemental/NotoSansKaithi-Regular.ttf', name='Noto Sans Kaithi', style='normal', variant='normal', weight=400, stretch='normal', size='scalable')) = 10.05
2025-08-22 22:35:34,345 DEBUG findfont: score(FontEntry(fname='/System/Library/Fonts/NotoSansMyanmar.ttc', name='Noto Sans Myanmar', style='normal', variant='normal', weight=900, stretch='normal', size='scalable')) = 10.525
2025-08-22 22:35:34,345 DEBUG findfont: score(FontEntry(fname='/System/Library/Fonts/Supplemental/NotoSansGunjalaGondi-Regular.otf', name='Noto Sans Gunjala Gondi', style='normal', variant='normal', weight=400, stretch='normal', size='scalable')) = 10.05
2025-08-22 22:35:34,345 DEBUG findfont: score(FontEntry(fname='/System/Library/Fonts/Supplemental/Academy Engraved LET Fonts.ttf', name='Academy Engraved LET', style='normal', variant='normal', weight=400, stretch='normal', size='scalable')) = 10.05
2025-08-22 22:35:34,345 DEBUG findfont: score(FontEntry(fname='/System/Library/Fonts/Geneva.ttf', name='Geneva', style='normal', variant='normal', weight=400, stretch='normal', size='scalable')) = 10.05
2025-08-22 22:35:34,346 DEBUG findfont: score(FontEntry(fname='/System/Library/Fonts/STHeiti Light.ttc', name='Heiti TC', style='normal', variant='normal', weight=300, stretch='normal', size='scalable')) = 10.145
2025-08-22 22:35:34,346 DEBUG findfont: score(FontEntry(fname='/System/Library/Fonts/Supplemental/Kefa.ttc', name='Kefa', style='normal', variant='normal', weight=400, stretch='normal', size='scalable')) = 10.05
2025-08-22 22:35:34,346 DEBUG findfont: score(FontEntry(fname='/System/Library/Fonts/Supplemental/STIXIntUpDBol.otf', name='STIXIntegralsUpD', style='normal', variant='normal', weight=700, stretch='normal', size='scalable')) = 10.335
2025-08-22 22:35:34,346 DEBUG findfont: score(FontEntry(fname='/System/Library/Fonts/Keyboard.ttf', name='.Keyboard', style='normal', variant='normal', weight=100, stretch='normal', size='scalable')) = 10.335
2025-08-22 22:35:34,347 DEBUG findfont: score(FontEntry(fname='/System/Library/Fonts/Supplemental/NotoSansMendeKikakui-Regular.ttf', name='Noto Sans Mende Kikakui', style='normal', variant='normal', weight=400, stretch='normal', size='scalable')) = 10.05
2025-08-22 22:35:34,347 DEBUG findfont: score(FontEntry(fname='/System/Library/AssetsV2/com_apple_MobileAsset_Font7/de97612eef4e3cf8ee8e5c0ebd6fd879bbecd23a.asset/AssetData/AppleLiGothic-Medium.ttf', name='Apple LiGothic', style='normal', variant='normal', weight=400, stretch='normal', size='scalable')) = 10.05
2025-08-22 22:35:34,347 DEBUG findfont: score(FontEntry(fname='/System/Library/Fonts/ヒラギノ角ゴシック W5.ttc', name='Hiragino Sans', style='normal', variant='normal', weight=500, stretch='normal', size='scalable')) = 10.145
2025-08-22 22:35:34,347 DEBUG findfont: score(FontEntry(fname='/System/Library/Fonts/SFGeorgian.ttf', name='.SF Georgian', style='normal', variant='normal', weight=400, stretch='normal', size='scalable')) = 10.05
2025-08-22 22:35:34,348 DEBUG findfont: score(FontEntry(fname='/System/Library/Fonts/Supplemental/GujaratiMT.ttc', name='Gujarati MT', style='normal', variant='normal', weight=400, stretch='normal', size='scalable')) = 10.05
2025-08-22 22:35:34,348 DEBUG findfont: score(FontEntry(fname='/System/Library/Fonts/Supplemental/Bradley Hand Bold.ttf', name='Bradley Hand', style='normal', variant='normal', weight=700, stretch='normal', size='scalable')) = 10.335
2025-08-22 22:35:34,348 DEBUG findfont: score(FontEntry(fname='/System/Library/AssetsV2/com_apple_MobileAsset_Font7/10b097deccb3c6126d986e24b1980031ff7399da.asset/AssetData/TsukushiBMaruGothic.ttc', name='Tsukushi B Round Gothic', style='normal', variant='normal', weight=400, stretch='normal', size='scalable')) = 10.05
2025-08-22 22:35:34,348 DEBUG findfont: score(FontEntry(fname='/System/Library/Fonts/ヒラギノ丸ゴ ProN W4.ttc', name='Hiragino Maru Gothic Pro', style='normal', variant='normal', weight=400, stretch='normal', size='scalable')) = 10.05
2025-08-22 22:35:34,349 DEBUG findfont: score(FontEntry(fname='/System/Library/Fonts/SFNSMono.ttf', name='.SF NS Mono', style='normal', variant='normal', weight=295, stretch='normal', size='scalable')) = 10.14975
2025-08-22 22:35:34,349 DEBUG findfont: score(FontEntry(fname='/System/Library/Fonts/SFGeorgianRounded.ttf', name='.SF Georgian Rounded', style='normal', variant='normal', weight=400, stretch='normal', size='scalable')) = 10.05
2025-08-22 22:35:34,349 DEBUG findfont: score(FontEntry(fname='/System/Library/Fonts/Supplemental/Georgia Bold Italic.ttf', name='Georgia', style='italic', variant='normal', weight=700, stretch='normal', size='scalable')) = 11.335
2025-08-22 22:35:34,349 DEBUG findfont: score(FontEntry(fname='/System/Library/AssetsV2/com_apple_MobileAsset_Font7/12cc699be28fb04f3e3c4969a0378a87b920b174.asset/AssetData/BMHannaAir-Regular.otf', name='BM Hanna Air', style='normal', variant='normal', weight=400, stretch='normal', size='scalable')) = 10.05
2025-08-22 22:35:34,350 DEBUG findfont: score(FontEntry(fname='/System/Library/Fonts/Supplemental/NotoSansBrahmi-Regular.ttf', name='Noto Sans Brahmi', style='normal', variant='normal', weight=400, stretch='normal', size='scalable')) = 10.05
2025-08-22 22:35:34,350 DEBUG findfont: score(FontEntry(fname='/System/Library/Fonts/Supplemental/NotoSansBamum-Regular.ttf', name='Noto Sans Bamum', style='normal', variant='normal', weight=400, stretch='normal', size='scalable')) = 10.05
2025-08-22 22:35:34,350 DEBUG findfont: score(FontEntry(fname='/System/Library/AssetsV2/com_apple_MobileAsset_Font7/b86e58f38fd21e9782e70a104676f1655e72ebab.asset/AssetData/Yuanti.ttc', name='Yuanti SC', style='normal', variant='normal', weight=400, stretch='normal', size='scalable')) = 10.05
2025-08-22 22:35:34,351 DEBUG findfont: score(FontEntry(fname='/System/Library/Fonts/Supplemental/NotoSansTaiLe-Regular.ttf', name='Noto Sans Tai Le', style='normal', variant='normal', weight=400, stretch='normal', size='scalable')) = 10.05
2025-08-22 22:35:34,351 DEBUG findfont: score(FontEntry(fname='/System/Library/Fonts/Supplemental/PTSerif.ttc', name='PT Serif', style='normal', variant='normal', weight=400, stretch='normal', size='scalable')) = 10.05
2025-08-22 22:35:34,352 DEBUG findfont: score(FontEntry(fname='/System/Library/Fonts/Supplemental/Georgia.ttf', name='Georgia', style='normal', variant='normal', weight=400, stretch='normal', size='scalable')) = 10.05
2025-08-22 22:35:34,393 DEBUG findfont: score(FontEntry(fname='/System/Library/Fonts/Supplemental/Comic Sans MS Bold.ttf', name='Comic Sans MS', style='normal', variant='normal', weight=700, stretch='normal', size='scalable')) = 10.335
2025-08-22 22:35:34,396 DEBUG findfont: score(FontEntry(fname='/System/Library/Fonts/Supplemental/NotoSansCanadianAboriginal-Regular.otf', name='Noto Sans Canadian Aboriginal', style='normal', variant='normal', weight=400, stretch='normal', size='scalable')) = 10.05
2025-08-22 22:35:34,398 DEBUG findfont: score(FontEntry(fname='/System/Library/Fonts/Supplemental/NotoSansTagbanwa-Regular.ttf', name='Noto Sans Tagbanwa', style='normal', variant='normal', weight=400, stretch='normal', size='scalable')) = 10.05
2025-08-22 22:35:34,400 DEBUG findfont: score(FontEntry(fname='/System/Library/AssetsV2/com_apple_MobileAsset_Font7/7278ac2566252649b05c5a2b07c7d45be59f47c5.asset/AssetData/Libian.ttc', name='Libian SC', style='normal', variant='normal', weight=400, stretch='normal', size='scalable')) = 10.05
2025-08-22 22:35:34,419 DEBUG findfont: score(FontEntry(fname='/System/Library/Fonts/Supplemental/NotoSansSaurashtra-Regular.ttf', name='Noto Sans Saurashtra', style='normal', variant='normal', weight=400, stretch='normal', size='scalable')) = 10.05
2025-08-22 22:35:34,421 DEBUG findfont: score(FontEntry(fname='/System/Library/Fonts/Supplemental/Rockwell.ttc', name='Rockwell', style='normal', variant='normal', weight=400, stretch='normal', size='scalable')) = 10.05
2025-08-22 22:35:34,421 DEBUG findfont: score(FontEntry(fname='/System/Library/Fonts/Apple Braille.ttf', name='Apple Braille', style='normal', variant='normal', weight=400, stretch='normal', size='scalable')) = 10.05
2025-08-22 22:35:34,421 DEBUG findfont: score(FontEntry(fname='/System/Library/Fonts/CJKSymbolsFallback.ttc', name='.CJK Symbols Fallback HK', style='normal', variant='normal', weight=250, stretch='normal', size='scalable')) = 10.1925
2025-08-22 22:35:34,422 DEBUG findfont: score(FontEntry(fname='/System/Library/Fonts/Supplemental/NotoSansPhoenician-Regular.ttf', name='Noto Sans Phoenician', style='normal', variant='normal', weight=400, stretch='normal', size='scalable')) = 10.05
2025-08-22 22:35:34,422 DEBUG findfont: score(FontEntry(fname='/System/Library/Fonts/Supplemental/NotoSansPsalterPahlavi-Regular.ttf', name='Noto Sans Psalter Pahlavi', style='normal', variant='normal', weight=400, stretch='normal', size='scalable')) = 10.05
2025-08-22 22:35:34,423 DEBUG findfont: score(FontEntry(fname='/System/Library/Fonts/Supplemental/Trattatello.ttf', name='Trattatello', style='normal', variant='normal', weight=400, stretch='normal', size='scalable')) = 10.05
2025-08-22 22:35:34,423 DEBUG findfont: score(FontEntry(fname='/System/Library/Fonts/Supplemental/Wingdings.ttf', name='Wingdings', style='normal', variant='normal', weight=400, stretch='normal', size='scalable')) = 10.05
2025-08-22 22:35:34,423 DEBUG findfont: score(FontEntry(fname='/System/Library/Fonts/Supplemental/NotoSerifBalinese-Regular.ttf', name='Noto Serif Balinese', style='normal', variant='normal', weight=400, stretch='normal', size='scalable')) = 10.05
2025-08-22 22:35:34,424 DEBUG findfont: score(FontEntry(fname='/System/Library/Fonts/KohinoorTelugu.ttc', name='Kohinoor Telugu', style='normal', variant='normal', weight=400, stretch='normal', size='scalable')) = 10.05
2025-08-22 22:35:34,424 DEBUG findfont: score(FontEntry(fname='/System/Library/AssetsV2/com_apple_MobileAsset_Font7/857d6c90171c328a4892c1492291d34e401d7f25.asset/AssetData/SimSong.ttc', name='SimSong', style='normal', variant='normal', weight=400, stretch='normal', size='scalable')) = 10.05
2025-08-22 22:35:34,424 DEBUG findfont: score(FontEntry(fname='/System/Library/Fonts/Supplemental/Comic Sans MS.ttf', name='Comic Sans MS', style='normal', variant='normal', weight=400, stretch='normal', size='scalable')) = 10.05
2025-08-22 22:35:34,425 DEBUG findfont: score(FontEntry(fname='/System/Library/Fonts/Supplemental/NotoSansManichaean-Regular.ttf', name='Noto Sans Manichaean', style='normal', variant='normal', weight=400, stretch='normal', size='scalable')) = 10.05
2025-08-22 22:35:34,426 DEBUG findfont: score(FontEntry(fname='/System/Library/Fonts/Supplemental/Gurmukhi.ttf', name='Gurmukhi MT', style='normal', variant='normal', weight=500, stretch='normal', size='scalable')) = 10.145
2025-08-22 22:35:34,427 DEBUG findfont: score(FontEntry(fname='/System/Library/Fonts/Supplemental/Sathu.ttf', name='Sathu', style='normal', variant='normal', weight=400, stretch='normal', size='scalable')) = 10.05
2025-08-22 22:35:34,428 DEBUG findfont: score(FontEntry(fname='/System/Library/Fonts/Apple Symbols.ttf', name='Apple Symbols', style='normal', variant='normal', weight=400, stretch='normal', size='scalable')) = 10.05
2025-08-22 22:35:34,428 DEBUG findfont: score(FontEntry(fname='/System/Library/Fonts/Apple Braille Outline 6 Dot.ttf', name='Apple Braille', style='normal', variant='normal', weight=400, stretch='normal', size='scalable')) = 10.05
2025-08-22 22:35:34,429 DEBUG findfont: score(FontEntry(fname='/System/Library/Fonts/Supplemental/NotoSansNKo-Regular.ttf', name='Noto Sans NKo', style='normal', variant='normal', weight=400, stretch='normal', size='scalable')) = 10.05
2025-08-22 22:35:34,430 DEBUG findfont: score(FontEntry(fname='/System/Library/AssetsV2/com_apple_MobileAsset_Font7/2371acc1476f56b565e773159763b5dc3b3d6a1e.asset/AssetData/BiauKai.ttf', name='BiauKai', style='normal', variant='normal', weight=400, stretch='normal', size='scalable')) = 10.05
2025-08-22 22:35:34,431 DEBUG findfont: score(FontEntry(fname='/System/Library/Fonts/Supplemental/Bodoni 72 Smallcaps Book.ttf', name='Bodoni 72 Smallcaps', style='normal', variant='normal', weight=400, stretch='normal', size='scalable')) = 10.05
2025-08-22 22:35:34,432 DEBUG findfont: score(FontEntry(fname='/System/Library/Fonts/Supplemental/NotoSansSyriac-Regular.ttf', name='Noto Sans Syriac', style='normal', variant='normal', weight=400, stretch='normal', size='scalable')) = 10.05
2025-08-22 22:35:34,432 DEBUG findfont: score(FontEntry(fname='/System/Library/Fonts/Supplemental/NotoSansSiddham-Regular.otf', name='Noto Sans Siddham', style='normal', variant='normal', weight=400, stretch='normal', size='scalable')) = 10.05
2025-08-22 22:35:34,432 DEBUG findfont: score(FontEntry(fname='/System/Library/Fonts/Supplemental/Chalkboard.ttc', name='Chalkboard', style='normal', variant='normal', weight=400, stretch='normal', size='scalable')) = 10.05
2025-08-22 22:35:34,433 DEBUG findfont: score(FontEntry(fname='/System/Library/Fonts/Apple Braille Outline 8 Dot.ttf', name='Apple Braille', style='normal', variant='normal', weight=400, stretch='normal', size='scalable')) = 10.05
2025-08-22 22:35:34,433 DEBUG findfont: score(FontEntry(fname='/System/Library/Fonts/Supplemental/ChalkboardSE.ttc', name='Chalkboard SE', style='normal', variant='normal', weight=400, stretch='normal', size='scalable')) = 10.05
2025-08-22 22:35:34,433 DEBUG findfont: score(FontEntry(fname='/System/Library/Fonts/Supplemental/Athelas.ttc', name='Athelas', style='normal', variant='normal', weight=400, stretch='normal', size='scalable')) = 10.05
2025-08-22 22:35:34,434 DEBUG findfont: score(FontEntry(fname='/System/Library/Fonts/Supplemental/Damascus.ttc', name='Damascus', style='normal', variant='normal', weight=400, stretch='normal', size='scalable')) = 10.05
2025-08-22 22:35:34,434 DEBUG findfont: score(FontEntry(fname='/System/Library/Fonts/Supplemental/STIXNonUniBol.otf', name='STIXNonUnicode', style='normal', variant='normal', weight=700, stretch='normal', size='scalable')) = 10.335
2025-08-22 22:35:34,434 DEBUG findfont: score(FontEntry(fname='/System/Library/Fonts/Supplemental/Verdana Bold.ttf', name='Verdana', style='normal', variant='normal', weight=700, stretch='normal', size='scalable')) = 10.335
2025-08-22 22:35:34,435 DEBUG findfont: score(FontEntry(fname='/System/Library/Fonts/Supplemental/NotoSansLinearA-Regular.ttf', name='Noto Sans Linear A', style='normal', variant='normal', weight=400, stretch='normal', size='scalable')) = 10.05
2025-08-22 22:35:34,435 DEBUG findfont: score(FontEntry(fname='/System/Library/Fonts/Supplemental/Microsoft Sans Serif.ttf', name='Microsoft Sans Serif', style='normal', variant='normal', weight=400, stretch='normal', size='scalable')) = 10.05
2025-08-22 22:35:34,435 DEBUG findfont: score(FontEntry(fname='/System/Library/Fonts/Supplemental/STIXIntSmBol.otf', name='STIXIntegralsSm', style='normal', variant='normal', weight=700, stretch='normal', size='scalable')) = 10.335
2025-08-22 22:35:34,436 DEBUG findfont: score(FontEntry(fname='/System/Library/AssetsV2/com_apple_MobileAsset_Font7/5a3fc034b64879656271c040cab38b65d4ea6548.asset/AssetData/LiSongPro.ttf', name='LiSong Pro', style='normal', variant='normal', weight=400, stretch='normal', size='scalable')) = 10.05
2025-08-22 22:35:34,436 DEBUG findfont: score(FontEntry(fname='/System/Library/Fonts/SFArabic.ttf', name='.SF Arabic', style='normal', variant='normal', weight=400, stretch='normal', size='scalable')) = 10.05
2025-08-22 22:35:34,437 DEBUG findfont: score(FontEntry(fname='/System/Library/AssetsV2/com_apple_MobileAsset_Font7/bad9b4bf17cf1669dde54184ba4431c22dcad27b.asset/AssetData/NanumGothic.ttc', name='Nanum Gothic', style='normal', variant='normal', weight=400, stretch='normal', size='scalable')) = 10.05
2025-08-22 22:35:34,437 DEBUG findfont: score(FontEntry(fname='/System/Library/Fonts/Supplemental/EuphemiaCAS.ttc', name='Euphemia UCAS', style='normal', variant='normal', weight=400, stretch='normal', size='scalable')) = 10.05
2025-08-22 22:35:34,438 DEBUG findfont: score(FontEntry(fname='/System/Library/Fonts/Supplemental/NotoSansAdlam-Regular.ttf', name='Noto Sans Adlam', style='normal', variant='normal', weight=400, stretch='normal', size='scalable')) = 10.05
2025-08-22 22:35:34,439 DEBUG findfont: score(FontEntry(fname='/System/Library/AssetsV2/com_apple_MobileAsset_Font7/54a2ad3dac6cac875ad675d7d273dc425010a877.asset/AssetData/Kaiti.ttc', name='Kaiti SC', style='normal', variant='normal', weight=400, stretch='normal', size='scalable')) = 10.05
2025-08-22 22:35:34,439 DEBUG findfont: score(FontEntry(fname='/System/Library/Fonts/Supplemental/Herculanum.ttf', name='Herculanum', style='normal', variant='normal', weight=400, stretch='normal', size='scalable')) = 10.05
2025-08-22 22:35:34,439 DEBUG findfont: score(FontEntry(fname='/System/Library/Fonts/Supplemental/Apple Chancery.ttf', name='Apple Chancery', style='normal', variant='normal', weight=0, stretch='normal', size='scalable')) = 10.43
2025-08-22 22:35:34,440 DEBUG findfont: score(FontEntry(fname='/System/Library/Fonts/Supplemental/Nadeem.ttc', name='Nadeem', style='normal', variant='normal', weight=400, stretch='normal', size='scalable')) = 10.05
2025-08-22 22:35:34,440 DEBUG findfont: score(FontEntry(fname='/System/Library/Fonts/Supplemental/STIXIntDBol.otf', name='STIXIntegralsD', style='normal', variant='normal', weight=700, stretch='normal', size='scalable')) = 10.335
2025-08-22 22:35:34,440 DEBUG findfont: score(FontEntry(fname='/System/Library/Fonts/Supplemental/NotoSansKharoshthi-Regular.ttf', name='Noto Sans Kharoshthi', style='normal', variant='normal', weight=400, stretch='normal', size='scalable')) = 10.05
2025-08-22 22:35:34,441 DEBUG findfont: score(FontEntry(fname='/System/Library/Fonts/Supplemental/Thonburi.ttc', name='Thonburi', style='normal', variant='normal', weight=400, stretch='normal', size='scalable')) = 10.05
2025-08-22 22:35:34,441 DEBUG findfont: score(FontEntry(fname='/System/Library/Fonts/Supplemental/Georgia Italic.ttf', name='Georgia', style='italic', variant='normal', weight=400, stretch='normal', size='scalable')) = 11.05
2025-08-22 22:35:34,441 DEBUG findfont: score(FontEntry(fname='/System/Library/Fonts/Supplemental/NotoSansPhagsPa-Regular.ttf', name='Noto Sans PhagsPa', style='normal', variant='normal', weight=400, stretch='normal', size='scalable')) = 10.05
2025-08-22 22:35:34,442 DEBUG findfont: score(FontEntry(fname='/System/Library/Fonts/Supplemental/NotoSansPahawhHmong-Regular.ttf', name='Noto Sans Pahawh Hmong', style='normal', variant='normal', weight=400, stretch='normal', size='scalable')) = 10.05
2025-08-22 22:35:34,442 DEBUG findfont: score(FontEntry(fname='/System/Library/Fonts/Supplemental/DIN Alternate Bold.ttf', name='DIN Alternate', style='normal', variant='normal', weight=700, stretch='normal', size='scalable')) = 10.335
2025-08-22 22:35:34,442 DEBUG findfont: score(FontEntry(fname='/System/Library/Fonts/Supplemental/Tahoma.ttf', name='Tahoma', style='normal', variant='normal', weight=400, stretch='normal', size='scalable')) = 10.05
2025-08-22 22:35:34,442 DEBUG findfont: score(FontEntry(fname='/System/Library/Fonts/SFArmenian.ttf', name='.SF Armenian', style='normal', variant='normal', weight=400, stretch='normal', size='scalable')) = 10.05
2025-08-22 22:35:34,443 DEBUG findfont: score(FontEntry(fname='/System/Library/Fonts/Supplemental/STIXIntUpSmReg.otf', name='STIXIntegralsUpSm', style='normal', variant='normal', weight=400, stretch='normal', size='scalable')) = 10.05
2025-08-22 22:35:34,443 DEBUG findfont: score(FontEntry(fname='/System/Library/Fonts/Supplemental/Didot.ttc', name='Didot', style='normal', variant='normal', weight=400, stretch='normal', size='scalable')) = 10.05
2025-08-22 22:35:34,443 DEBUG findfont: score(FontEntry(fname='/System/Library/Fonts/Supplemental/NotoSansCypriot-Regular.ttf', name='Noto Sans Cypriot', style='normal', variant='normal', weight=400, stretch='normal', size='scalable')) = 10.05
2025-08-22 22:35:34,443 DEBUG findfont: score(FontEntry(fname='/System/Library/Fonts/Supplemental/PTMono.ttc', name='PT Mono', style='normal', variant='normal', weight=700, stretch='normal', size='scalable')) = 10.335
2025-08-22 22:35:34,444 DEBUG findfont: score(FontEntry(fname='/System/Library/Fonts/Supplemental/NotoSansHanunoo-Regular.ttf', name='Noto Sans Hanunoo', style='normal', variant='normal', weight=400, stretch='normal', size='scalable')) = 10.05
2025-08-22 22:35:34,444 DEBUG findfont: score(FontEntry(fname='/System/Library/Fonts/Supplemental/Silom.ttf', name='Silom', style='normal', variant='normal', weight=400, stretch='normal', size='scalable')) = 10.05
2025-08-22 22:35:34,444 DEBUG findfont: score(FontEntry(fname='/System/Library/Fonts/Supplemental/NotoSansLinearB-Regular.ttf', name='Noto Sans Linear B', style='normal', variant='normal', weight=400, stretch='normal', size='scalable')) = 10.05
2025-08-22 22:35:34,444 DEBUG findfont: score(FontEntry(fname='/System/Library/AssetsV2/com_apple_MobileAsset_Font7/28f00a24ba19995bab7249993e6e35d11011074a.asset/AssetData/Kai.ttf', name='Kai', style='normal', variant='normal', weight=400, stretch='normal', size='scalable')) = 10.05
2025-08-22 22:35:34,445 DEBUG findfont: score(FontEntry(fname='/System/Library/Fonts/Supplemental/NotoSansLycian-Regular.ttf', name='Noto Sans Lycian', style='normal', variant='normal', weight=400, stretch='normal', size='scalable')) = 10.05
2025-08-22 22:35:34,445 DEBUG findfont: score(FontEntry(fname='/System/Library/AssetsV2/com_apple_MobileAsset_Font7/e617c1b15920c6ee2d047ed8724de08521ce5c9a.asset/AssetData/BIZ_UDMincho-regular.ttf', name='BIZ UDMincho', style='normal', variant='normal', weight=400, stretch='normal', size='scalable')) = 10.05
2025-08-22 22:35:34,445 DEBUG findfont: score(FontEntry(fname='/System/Library/Fonts/Supplemental/NotoSansSamaritan-Regular.ttf', name='Noto Sans Samaritan', style='normal', variant='normal', weight=400, stretch='normal', size='scalable')) = 10.05
2025-08-22 22:35:34,446 DEBUG findfont: score(FontEntry(fname='/System/Library/AssetsV2/com_apple_MobileAsset_Font7/96af7ec9e88d5dae450d3162213f92a7b1129430.asset/AssetData/YuppySC-Regular.otf', name='Yuppy SC', style='normal', variant='normal', weight=500, stretch='normal', size='scalable')) = 10.145
2025-08-22 22:35:34,446 DEBUG findfont: score(FontEntry(fname='/System/Library/Fonts/Apple Braille Pinpoint 8 Dot.ttf', name='Apple Braille', style='normal', variant='normal', weight=400, stretch='normal', size='scalable')) = 10.05
2025-08-22 22:35:34,447 DEBUG findfont: score(FontEntry(fname='/System/Library/Fonts/Supplemental/Myanmar Sangam MN.ttc', name='Myanmar Sangam MN', style='normal', variant='normal', weight=400, stretch='normal', size='scalable')) = 10.05
2025-08-22 22:35:34,447 DEBUG findfont: score(FontEntry(fname='/System/Library/Fonts/ZapfDingbats.ttf', name='Zapf Dingbats', style='normal', variant='normal', weight=400, stretch='normal', size='scalable')) = 10.05
2025-08-22 22:35:34,448 DEBUG findfont: score(FontEntry(fname='/System/Library/Fonts/Supplemental/Telugu MN.ttc', name='Telugu MN', style='normal', variant='normal', weight=400, stretch='normal', size='scalable')) = 10.05
2025-08-22 22:35:34,448 DEBUG findfont: score(FontEntry(fname='/System/Library/Fonts/NotoSansArmenian.ttc', name='Noto Sans Armenian', style='normal', variant='normal', weight=900, stretch='normal', size='scalable')) = 10.525
2025-08-22 22:35:34,450 DEBUG findfont: score(FontEntry(fname='/System/Library/Fonts/Supplemental/Courier New Bold Italic.ttf', name='Courier New', style='italic', variant='normal', weight=700, stretch='normal', size='scalable')) = 11.335
2025-08-22 22:35:34,451 DEBUG findfont: score(FontEntry(fname='/System/Library/AssetsV2/com_apple_MobileAsset_Font7/aa99d0b2bad7f797f38b49d46cde28fd4b58876e.asset/AssetData/Xingkai.ttc', name='Xingkai SC', style='normal', variant='normal', weight=700, stretch='normal', size='scalable')) = 10.335
2025-08-22 22:35:34,451 DEBUG findfont: score(FontEntry(fname='/System/Library/AssetsV2/com_apple_MobileAsset_Font7/3419f2a427639ad8c8e139149a287865a90fa17e.asset/AssetData/PingFang.ttc', name='PingFang HK', style='normal', variant='normal', weight=400, stretch='normal', size='scalable')) = 10.05
2025-08-22 22:35:34,451 DEBUG findfont: score(FontEntry(fname='/System/Library/Fonts/AquaKana.ttc', name='.Aqua Kana', style='normal', variant='normal', weight=300, stretch='normal', size='scalable')) = 10.145
2025-08-22 22:35:34,452 DEBUG findfont: score(FontEntry(fname='/System/Library/Fonts/Supplemental/NotoSansMiao-Regular.ttf', name='Noto Sans Miao', style='normal', variant='normal', weight=400, stretch='normal', size='scalable')) = 10.05
2025-08-22 22:35:34,452 DEBUG findfont: score(FontEntry(fname='/System/Library/Fonts/DecoTypeNastaleeqUrdu.ttc', name='.DecoType Nastaleeq Urdu UI', style='normal', variant='normal', weight=400, stretch='normal', size='scalable')) = 10.05
2025-08-22 22:35:34,452 DEBUG findfont: score(FontEntry(fname='/System/Library/Fonts/Supplemental/Al Tarikh.ttc', name='Al Tarikh', style='normal', variant='normal', weight=400, stretch='normal', size='scalable')) = 10.05
2025-08-22 22:35:34,453 DEBUG findfont: score(FontEntry(fname='/System/Library/Fonts/Supplemental/Diwan Thuluth.ttf', name='Diwan Thuluth', style='normal', variant='normal', weight=400, stretch='normal', size='scalable')) = 10.05
2025-08-22 22:35:34,453 DEBUG findfont: score(FontEntry(fname='/System/Library/Fonts/Supplemental/NotoSansMarchen-Regular.ttf', name='Noto Sans Marchen', style='normal', variant='normal', weight=400, stretch='normal', size='scalable')) = 10.05
2025-08-22 22:35:34,453 DEBUG findfont: score(FontEntry(fname='/System/Library/Fonts/Supplemental/Khmer MN.ttc', name='Khmer MN', style='normal', variant='normal', weight=400, stretch='normal', size='scalable')) = 10.05
2025-08-22 22:35:34,453 DEBUG findfont: score(FontEntry(fname='/System/Library/Fonts/Supplemental/Verdana Bold Italic.ttf', name='Verdana', style='italic', variant='normal', weight=700, stretch='normal', size='scalable')) = 11.335
2025-08-22 22:35:34,454 DEBUG findfont: score(FontEntry(fname='/System/Library/AssetsV2/com_apple_MobileAsset_Font7/8739f5cf483d3b2f04cbb451d310b68f0cf880d0.asset/AssetData/ToppanBunkyuMinchoPr6N-Regular.otf', name='Toppan Bunkyu Mincho', style='normal', variant='normal', weight=400, stretch='normal', size='scalable')) = 10.05
2025-08-22 22:35:34,454 DEBUG findfont: score(FontEntry(fname='/System/Library/Fonts/Supplemental/STIXIntDReg.otf', name='STIXIntegralsD', style='normal', variant='normal', weight=400, stretch='normal', size='scalable')) = 10.05
2025-08-22 22:35:34,454 DEBUG findfont: score(FontEntry(fname='/System/Library/AssetsV2/com_apple_MobileAsset_Font7/f110a45f1759f86c645cfd2f47baba57aa50056e.asset/AssetData/Klee.ttc', name='Klee', style='normal', variant='normal', weight=600, stretch='normal', size='scalable')) = 10.24
2025-08-22 22:35:34,454 DEBUG findfont: score(FontEntry(fname='/System/Library/Fonts/ヒラギノ角ゴシック W3.ttc', name='Hiragino Sans', style='normal', variant='normal', weight=300, stretch='normal', size='scalable')) = 10.145
2025-08-22 22:35:34,455 DEBUG findfont: score(FontEntry(fname='/System/Library/Fonts/Menlo.ttc', name='Menlo', style='normal', variant='normal', weight=400, stretch='normal', size='scalable')) = 10.05
2025-08-22 22:35:34,455 DEBUG findfont: score(FontEntry(fname='/System/Library/Fonts/Supplemental/NotoSansWarangCiti-Regular.ttf', name='Noto Sans Warang Citi', style='normal', variant='normal', weight=400, stretch='normal', size='scalable')) = 10.05
2025-08-22 22:35:34,455 DEBUG findfont: score(FontEntry(fname='/System/Library/Fonts/SFNSItalic.ttf', name='System Font', style='italic', variant='normal', weight=400, stretch='normal', size='scalable')) = 11.05
2025-08-22 22:35:34,455 DEBUG findfont: score(FontEntry(fname='/System/Library/AssetsV2/com_apple_MobileAsset_Font7/5b2f5f0b003344b2c67ce463e76d2485bb43d054.asset/AssetData/BMJua-Regular.otf', name='BM Jua', style='normal', variant='normal', weight=400, stretch='normal', size='scalable')) = 10.05
2025-08-22 22:35:34,456 DEBUG findfont: score(FontEntry(fname='/System/Library/Fonts/Supplemental/Krungthep.ttf', name='Krungthep', style='normal', variant='normal', weight=400, stretch='normal', size='scalable')) = 10.05
2025-08-22 22:35:34,456 DEBUG findfont: score(FontEntry(fname='/System/Library/AssetsV2/com_apple_MobileAsset_Font7/5b843781be7f58151ada774942a0eaa9ec79bd57.asset/AssetData/Kyokasho.ttc', name='YuKyokasho Yoko', style='normal', variant='normal', weight=500, stretch='normal', size='scalable')) = 10.145
2025-08-22 22:35:34,456 DEBUG findfont: score(FontEntry(fname='/System/Library/AssetsV2/com_apple_MobileAsset_Font7/f0706a236683628e16427c6569e441423faaaa93.asset/AssetData/STXIHEI.ttf', name='STHeiti', style='normal', variant='normal', weight=300, stretch='normal', size='scalable')) = 10.145
2025-08-22 22:35:34,457 DEBUG findfont: score(FontEntry(fname='/System/Library/Fonts/Supplemental/Sinhala Sangam MN.ttc', name='Sinhala Sangam MN', style='normal', variant='normal', weight=400, stretch='normal', size='scalable')) = 10.05
2025-08-22 22:35:34,457 DEBUG findfont: score(FontEntry(fname='/System/Library/Fonts/Supplemental/NotoSansMultani-Regular.ttf', name='Noto Sans Multani', style='normal', variant='normal', weight=400, stretch='normal', size='scalable')) = 10.05
2025-08-22 22:35:34,457 DEBUG findfont: score(FontEntry(fname='/System/Library/Fonts/Supplemental/Tahoma Bold.ttf', name='Tahoma', style='normal', variant='normal', weight=700, stretch='normal', size='scalable')) = 10.335
2025-08-22 22:35:34,457 DEBUG findfont: score(FontEntry(fname='/System/Library/Fonts/Supplemental/NotoSansImperialAramaic-Regular.ttf', name='Noto Sans Imperial Aramaic', style='normal', variant='normal', weight=400, stretch='normal', size='scalable')) = 10.05
2025-08-22 22:35:34,458 DEBUG findfont: score(FontEntry(fname='/System/Library/Fonts/Supplemental/SukhumvitSet.ttc', name='Sukhumvit Set', style='normal', variant='normal', weight=250, stretch='normal', size='scalable')) = 10.1925
2025-08-22 22:35:34,458 DEBUG findfont: score(FontEntry(fname='/System/Library/Fonts/Supplemental/PTSans.ttc', name='PT Sans', style='normal', variant='normal', weight=400, stretch='normal', size='scalable')) = 10.05
2025-08-22 22:35:34,459 DEBUG findfont: score(FontEntry(fname='/System/Library/AssetsV2/com_apple_MobileAsset_Font7/a3f9a9e35bdf3babe03b2fd162051306fad439d6.asset/AssetData/Osaka.ttf', name='Osaka', style='normal', variant='normal', weight=400, stretch='normal', size='scalable')) = 10.05
2025-08-22 22:35:34,460 DEBUG findfont: score(FontEntry(fname='/System/Library/Fonts/Supplemental/Farisi.ttf', name='Farisi', style='normal', variant='normal', weight=400, stretch='normal', size='scalable')) = 10.05
2025-08-22 22:35:34,461 DEBUG findfont: score(FontEntry(fname='/System/Library/Fonts/Supplemental/NotoSansHatran-Regular.ttf', name='Noto Sans Hatran', style='normal', variant='normal', weight=400, stretch='normal', size='scalable')) = 10.05
2025-08-22 22:35:34,462 DEBUG findfont: score(FontEntry(fname='/System/Library/Fonts/NotoSansOriya.ttc', name='Noto Sans Oriya', style='normal', variant='normal', weight=400, stretch='normal', size='scalable')) = 10.05
2025-08-22 22:35:34,468 DEBUG findfont: score(FontEntry(fname='/System/Library/Fonts/Supplemental/Tamil Sangam MN.ttc', name='Tamil Sangam MN', style='normal', variant='normal', weight=400, stretch='normal', size='scalable')) = 10.05
2025-08-22 22:35:34,471 DEBUG findfont: score(FontEntry(fname='/System/Library/Fonts/Avenir.ttc', name='Avenir', style='normal', variant='normal', weight=400, stretch='normal', size='scalable')) = 10.05
2025-08-22 22:35:34,473 DEBUG findfont: score(FontEntry(fname='/System/Library/AssetsV2/com_apple_MobileAsset_Font7/9fdda46cbe802833590494a09b2787378340c597.asset/AssetData/Hanzipen.ttc', name='HanziPen SC', style='normal', variant='normal', weight=400, stretch='normal', size='scalable')) = 10.05
2025-08-22 22:35:34,474 DEBUG findfont: score(FontEntry(fname='/System/Library/Fonts/Supplemental/Trebuchet MS Bold.ttf', name='Trebuchet MS', style='normal', variant='normal', weight=700, stretch='normal', size='scalable')) = 10.335
2025-08-22 22:35:34,476 DEBUG findfont: score(FontEntry(fname='/System/Library/Fonts/Supplemental/NotoSansCuneiform-Regular.ttf', name='Noto Sans Cuneiform', style='normal', variant='normal', weight=400, stretch='normal', size='scalable')) = 10.05
2025-08-22 22:35:34,477 DEBUG findfont: score(FontEntry(fname='/System/Library/Fonts/ThonburiUI.ttc', name='.ThonburiUI', style='normal', variant='normal', weight=400, stretch='normal', size='scalable')) = 10.05
2025-08-22 22:35:34,496 DEBUG findfont: score(FontEntry(fname='/System/Library/Fonts/Supplemental/STIXGeneralBol.otf', name='STIXGeneral', style='normal', variant='normal', weight=700, stretch='normal', size='scalable')) = 10.335
2025-08-22 22:35:34,498 DEBUG findfont: score(FontEntry(fname='/System/Library/Fonts/Supplemental/Farah.ttc', name='Farah', style='normal', variant='normal', weight=400, stretch='normal', size='scalable')) = 10.05
2025-08-22 22:35:34,499 DEBUG findfont: score(FontEntry(fname='/System/Library/Fonts/Supplemental/Sana.ttc', name='Sana', style='normal', variant='normal', weight=400, stretch='normal', size='scalable')) = 10.05
2025-08-22 22:35:34,500 DEBUG findfont: score(FontEntry(fname='/System/Library/Fonts/Supplemental/Tamil MN.ttc', name='Tamil MN', style='normal', variant='normal', weight=400, stretch='normal', size='scalable')) = 10.05
2025-08-22 22:35:34,510 DEBUG findfont: score(FontEntry(fname='/System/Library/Fonts/Supplemental/NotoSansLydian-Regular.ttf', name='Noto Sans Lydian', style='normal', variant='normal', weight=400, stretch='normal', size='scalable')) = 10.05
2025-08-22 22:35:34,518 DEBUG findfont: score(FontEntry(fname='/System/Library/Fonts/Supplemental/NotoSansMasaramGondi-Regular.otf', name='Noto Sans Masaram Gondi', style='normal', variant='normal', weight=400, stretch='normal', size='scalable')) = 10.05
2025-08-22 22:35:34,521 DEBUG findfont: score(FontEntry(fname='/System/Library/Fonts/Noteworthy.ttc', name='Noteworthy', style='normal', variant='normal', weight=300, stretch='normal', size='scalable')) = 10.145
2025-08-22 22:35:34,522 DEBUG findfont: score(FontEntry(fname='/System/Library/Fonts/Supplemental/Lao MN.ttc', name='Lao MN', style='normal', variant='normal', weight=400, stretch='normal', size='scalable')) = 10.05
2025-08-22 22:35:34,524 DEBUG findfont: score(FontEntry(fname='/System/Library/Fonts/Supplemental/NotoSansOldPermic-Regular.ttf', name='Noto Sans Old Permic', style='normal', variant='normal', weight=400, stretch='normal', size='scalable')) = 10.05
2025-08-22 22:35:34,526 DEBUG findfont: score(FontEntry(fname='/System/Library/AssetsV2/com_apple_MobileAsset_Font7/584ea2a48d14147049c2f9eaee147fe5a1f279ac.asset/AssetData/BiauKai.ttc', name='BiauKaiHK', style='normal', variant='normal', weight=400, stretch='normal', size='scalable')) = 10.05
2025-08-22 22:35:34,527 DEBUG findfont: score(FontEntry(fname='/System/Library/Fonts/Kohinoor.ttc', name='Kohinoor Devanagari', style='normal', variant='normal', weight=400, stretch='normal', size='scalable')) = 10.05
2025-08-22 22:35:34,528 DEBUG findfont: score(FontEntry(fname='/System/Library/AssetsV2/com_apple_MobileAsset_Font7/2ae839cbaa0ff60fe6a1d8921a77c81adcec0646.asset/AssetData/AppleLiSung-Light.ttf', name='Apple LiSung', style='normal', variant='normal', weight=400, stretch='normal', size='scalable')) = 10.05
2025-08-22 22:35:34,529 DEBUG findfont: score(FontEntry(fname='/System/Library/Fonts/Supplemental/NotoSansSoraSompeng-Regular.ttf', name='Noto Sans Sora Sompeng', style='normal', variant='normal', weight=400, stretch='normal', size='scalable')) = 10.05
2025-08-22 22:35:34,530 DEBUG findfont: score(FontEntry(fname='/System/Library/Fonts/ヒラギノ角ゴシック W0.ttc', name='Hiragino Sans', style='normal', variant='normal', weight=100, stretch='normal', size='scalable')) = 10.335
2025-08-22 22:35:34,530 DEBUG findfont: score(FontEntry(fname='/System/Library/Fonts/ADTNumeric.ttc', name='.SF Soft Numeric', style='normal', variant='normal', weight=400, stretch='normal', size='scalable')) = 10.05
2025-08-22 22:35:34,530 DEBUG findfont: score(FontEntry(fname='/System/Library/AssetsV2/com_apple_MobileAsset_Font7/7ca27bc02dd7660f9dacd69df96d24639b96e080.asset/AssetData/Pilgiche.ttf', name='PilGi', style='normal', variant='normal', weight=400, stretch='normal', size='scalable')) = 10.05
2025-08-22 22:35:34,531 DEBUG findfont: score(FontEntry(fname='/System/Library/Fonts/Apple Braille Pinpoint 6 Dot.ttf', name='Apple Braille', style='normal', variant='normal', weight=400, stretch='normal', size='scalable')) = 10.05
2025-08-22 22:35:34,531 DEBUG findfont: score(FontEntry(fname='/System/Library/Fonts/Supplemental/Impact.ttf', name='Impact', style='normal', variant='normal', weight=400, stretch='normal', size='scalable')) = 10.05
2025-08-22 22:35:34,531 DEBUG findfont: score(FontEntry(fname='/System/Library/Fonts/Supplemental/STIXTwoText-Italic.ttf', name='STIX Two Text', style='italic', variant='normal', weight=400, stretch='normal', size='scalable')) = 11.05
2025-08-22 22:35:34,532 DEBUG findfont: score(FontEntry(fname='/System/Library/Fonts/Supplemental/STIXIntSmReg.otf', name='STIXIntegralsSm', style='normal', variant='normal', weight=400, stretch='normal', size='scalable')) = 10.05
2025-08-22 22:35:34,532 DEBUG findfont: score(FontEntry(fname='/System/Library/Fonts/SFHebrew.ttf', name='.SF Hebrew', style='normal', variant='normal', weight=400, stretch='normal', size='scalable')) = 10.05
2025-08-22 22:35:34,532 DEBUG findfont: score(FontEntry(fname='/System/Library/Fonts/Supplemental/PTSerifCaption.ttc', name='PT Serif Caption', style='normal', variant='normal', weight=400, stretch='normal', size='scalable')) = 10.05
2025-08-22 22:35:34,533 DEBUG findfont: score(FontEntry(fname='/System/Library/Fonts/Supplemental/Wingdings 3.ttf', name='Wingdings 3', style='normal', variant='normal', weight=400, stretch='normal', size='scalable')) = 10.05
2025-08-22 22:35:34,533 DEBUG findfont: score(FontEntry(fname='/System/Library/Fonts/Supplemental/NotoSansTagalog-Regular.ttf', name='Noto Sans Tagalog', style='normal', variant='normal', weight=400, stretch='normal', size='scalable')) = 10.05
2025-08-22 22:35:34,533 DEBUG findfont: score(FontEntry(fname='/System/Library/Fonts/Supplemental/Verdana Italic.ttf', name='Verdana', style='italic', variant='normal', weight=400, stretch='normal', size='scalable')) = 11.05
2025-08-22 22:35:34,533 DEBUG findfont: score(FontEntry(fname='/System/Library/Fonts/Supplemental/Verdana.ttf', name='Verdana', style='normal', variant='normal', weight=400, stretch='normal', size='scalable')) = 10.05
2025-08-22 22:35:34,534 DEBUG findfont: score(FontEntry(fname='/System/Library/Fonts/Supplemental/NotoSansTaiTham-Regular.ttf', name='Noto Sans Tai Tham', style='normal', variant='normal', weight=400, stretch='normal', size='scalable')) = 10.05
2025-08-22 22:35:34,534 DEBUG findfont: score(FontEntry(fname='/System/Library/Fonts/Supplemental/Savoye LET.ttc', name='Savoye LET', style='normal', variant='normal', weight=400, stretch='normal', size='scalable')) = 10.05
2025-08-22 22:35:34,534 DEBUG findfont: score(FontEntry(fname='/System/Library/Fonts/Supplemental/Ayuthaya.ttf', name='Ayuthaya', style='normal', variant='normal', weight=400, stretch='normal', size='scalable')) = 10.05
2025-08-22 22:35:34,534 DEBUG findfont: score(FontEntry(fname='/System/Library/Fonts/Symbol.ttf', name='Symbol', style='normal', variant='normal', weight=400, stretch='normal', size='scalable')) = 10.05
2025-08-22 22:35:34,535 DEBUG findfont: score(FontEntry(fname='/System/Library/Fonts/Supplemental/NotoSansOldHungarian-Regular.ttf', name='Noto Sans Old Hungarian', style='normal', variant='normal', weight=400, stretch='normal', size='scalable')) = 10.05
2025-08-22 22:35:34,537 DEBUG findfont: score(FontEntry(fname='/System/Library/Fonts/Optima.ttc', name='Optima', style='normal', variant='normal', weight=400, stretch='normal', size='scalable')) = 10.05
2025-08-22 22:35:34,538 DEBUG findfont: score(FontEntry(fname='/System/Library/Fonts/Supplemental/NotoSansPalmyrene-Regular.ttf', name='Noto Sans Palmyrene', style='normal', variant='normal', weight=400, stretch='normal', size='scalable')) = 10.05
2025-08-22 22:35:34,542 DEBUG findfont: score(FontEntry(fname='/System/Library/Fonts/SFArabicRounded.ttf', name='.SF Arabic Rounded', style='normal', variant='normal', weight=400, stretch='normal', size='scalable')) = 10.05
2025-08-22 22:35:34,543 DEBUG findfont: score(FontEntry(fname='/System/Library/Fonts/Supplemental/NotoSansLimbu-Regular.ttf', name='Noto Sans Limbu', style='normal', variant='normal', weight=400, stretch='normal', size='scalable')) = 10.05
2025-08-22 22:35:34,543 DEBUG findfont: score(FontEntry(fname='/System/Library/Fonts/Supplemental/NotoSansDuployan-Regular.ttf', name='Noto Sans Duployan', style='normal', variant='normal', weight=400, stretch='normal', size='scalable')) = 10.05
2025-08-22 22:35:34,544 DEBUG findfont: score(FontEntry(fname='/System/Library/Fonts/Supplemental/Malayalam MN.ttc', name='Malayalam MN', style='normal', variant='normal', weight=400, stretch='normal', size='scalable')) = 10.05
2025-08-22 22:35:34,544 DEBUG findfont: score(FontEntry(fname='/System/Library/AssetsV2/com_apple_MobileAsset_Font7/32d11e548996658757774d88f9220993653017ea.asset/AssetData/Hiragino_Sans_CNS.ttc', name='Hiragino Sans CNS', style='normal', variant='normal', weight=300, stretch='normal', size='scalable')) = 10.145
2025-08-22 22:35:34,544 DEBUG findfont: score(FontEntry(fname='/System/Library/Fonts/Supplemental/Kannada Sangam MN.ttc', name='Kannada Sangam MN', style='normal', variant='normal', weight=400, stretch='normal', size='scalable')) = 10.05
2025-08-22 22:35:34,545 DEBUG findfont: score(FontEntry(fname='/System/Library/Fonts/Supplemental/SignPainter.ttc', name='SignPainter', style='normal', variant='normal', weight=400, stretch='normal', size='scalable')) = 10.05
2025-08-22 22:35:34,545 DEBUG findfont: score(FontEntry(fname='/System/Library/Fonts/Supplemental/PlantagenetCherokee.ttf', name='Plantagenet Cherokee', style='normal', variant='normal', weight=400, stretch='normal', size='scalable')) = 10.05
2025-08-22 22:35:34,546 DEBUG findfont: score(FontEntry(fname='/System/Library/Fonts/Supplemental/Mshtakan.ttc', name='Mshtakan', style='normal', variant='normal', weight=400, stretch='normal', size='scalable')) = 10.05
2025-08-22 22:35:34,546 DEBUG findfont: score(FontEntry(fname='/System/Library/Fonts/Supplemental/Arial Rounded Bold.ttf', name='Arial Rounded MT Bold', style='normal', variant='normal', weight=400, stretch='normal', size='scalable')) = 10.05
2025-08-22 22:35:34,546 DEBUG findfont: score(FontEntry(fname='/System/Library/Fonts/Supplemental/Bodoni 72.ttc', name='Bodoni 72', style='normal', variant='normal', weight=400, stretch='normal', size='scalable')) = 10.05
2025-08-22 22:35:34,546 DEBUG findfont: score(FontEntry(fname='/System/Library/Fonts/Supplemental/NotoSansGothic-Regular.ttf', name='Noto Sans Gothic', style='normal', variant='normal', weight=400, stretch='normal', size='scalable')) = 10.05
2025-08-22 22:35:34,547 DEBUG findfont: score(FontEntry(fname='/System/Library/Fonts/Supplemental/Georgia Bold.ttf', name='Georgia', style='normal', variant='normal', weight=700, stretch='normal', size='scalable')) = 10.335
2025-08-22 22:35:34,547 DEBUG findfont: score(FontEntry(fname='/System/Library/Fonts/Supplemental/NotoSansInscriptionalParthian-Regular.ttf', name='Noto Sans Inscriptional Parthian', style='normal', variant='normal', weight=400, stretch='normal', size='scalable')) = 10.05
2025-08-22 22:35:34,547 DEBUG findfont: score(FontEntry(fname='/System/Library/AssetsV2/com_apple_MobileAsset_Font7/f7f6b250e97c182e68ac53a2b359ec44548878b9.asset/AssetData/Lantinghei.ttc', name='Lantinghei SC', style='normal', variant='normal', weight=400, stretch='normal', size='scalable')) = 10.05
2025-08-22 22:35:34,548 DEBUG findfont: score(FontEntry(fname='/System/Library/Fonts/Supplemental/NotoSansGlagolitic-Regular.ttf', name='Noto Sans Glagolitic', style='normal', variant='normal', weight=400, stretch='normal', size='scalable')) = 10.05
2025-08-22 22:35:34,548 DEBUG findfont: score(FontEntry(fname='/System/Library/Fonts/Supplemental/Times New Roman Bold Italic.ttf', name='Times New Roman', style='italic', variant='normal', weight=700, stretch='normal', size='scalable')) = 11.335
2025-08-22 22:35:34,548 DEBUG findfont: score(FontEntry(fname='/System/Library/Fonts/Courier.ttc', name='Courier', style='normal', variant='normal', weight=400, stretch='normal', size='scalable')) = 10.05
2025-08-22 22:35:34,549 DEBUG findfont: score(FontEntry(fname='/System/Library/Fonts/Supplemental/PartyLET-plain.ttf', name='Party LET', style='normal', variant='normal', weight=400, stretch='normal', size='scalable')) = 10.05
2025-08-22 22:35:34,549 DEBUG findfont: score(FontEntry(fname='/System/Library/Fonts/Supplemental/Copperplate.ttc', name='Copperplate', style='normal', variant='normal', weight=400, stretch='normal', size='scalable')) = 10.05
2025-08-22 22:35:34,549 DEBUG findfont: score(FontEntry(fname='/Library/Fonts/Arial Unicode.ttf', name='Arial Unicode MS', style='normal', variant='normal', weight=400, stretch='normal', size='scalable')) = 10.05
2025-08-22 22:35:34,550 DEBUG findfont: score(FontEntry(fname='/System/Library/Fonts/Supplemental/NotoSansRejang-Regular.ttf', name='Noto Sans Rejang', style='normal', variant='normal', weight=400, stretch='normal', size='scalable')) = 10.05
2025-08-22 22:35:34,550 DEBUG findfont: score(FontEntry(fname='/System/Library/Fonts/Supplemental/STIXNonUniIta.otf', name='STIXNonUnicode', style='italic', variant='normal', weight=400, stretch='normal', size='scalable')) = 11.05
2025-08-22 22:35:34,550 DEBUG findfont: score(FontEntry(fname='/System/Library/Fonts/AppleSDGothicNeo.ttc', name='Apple SD Gothic Neo', style='normal', variant='normal', weight=400, stretch='normal', size='scalable')) = 10.05
2025-08-22 22:35:34,550 DEBUG findfont: score(FontEntry(fname='/System/Library/AssetsV2/com_apple_MobileAsset_Font7/e2c331b942cb338404a160a97a7cd6e8a31428e8.asset/AssetData/LingWaiSC-Medium.otf', name='LingWai SC', style='normal', variant='normal', weight=500, stretch='normal', size='scalable')) = 10.145
2025-08-22 22:35:34,551 DEBUG findfont: score(FontEntry(fname='/System/Library/Fonts/Supplemental/NotoSansKhudawadi-Regular.ttf', name='Noto Sans Khudawadi', style='normal', variant='normal', weight=400, stretch='normal', size='scalable')) = 10.05
2025-08-22 22:35:34,551 DEBUG findfont: score(FontEntry(fname='/System/Library/Fonts/Supplemental/Courier New.ttf', name='Courier New', style='normal', variant='normal', weight=400, stretch='normal', size='scalable')) = 10.05
2025-08-22 22:35:34,551 DEBUG findfont: score(FontEntry(fname='/System/Library/Fonts/Supplemental/NotoSansEgyptianHieroglyphs-Regular.ttf', name='Noto Sans Egyptian Hieroglyphs', style='normal', variant='normal', weight=400, stretch='normal', size='scalable')) = 10.05
2025-08-22 22:35:34,552 DEBUG findfont: score(FontEntry(fname='/System/Library/Fonts/Supplemental/NotoSansKhojki-Regular.ttf', name='Noto Sans Khojki', style='normal', variant='normal', weight=400, stretch='normal', size='scalable')) = 10.05
2025-08-22 22:35:34,552 DEBUG findfont: score(FontEntry(fname='/System/Library/Fonts/Supplemental/Gurmukhi Sangam MN.ttc', name='Gurmukhi Sangam MN', style='normal', variant='normal', weight=400, stretch='normal', size='scalable')) = 10.05
2025-08-22 22:35:34,552 DEBUG findfont: score(FontEntry(fname='/System/Library/Fonts/Supplemental/NotoSansModi-Regular.ttf', name='Noto Sans Modi', style='normal', variant='normal', weight=400, stretch='normal', size='scalable')) = 10.05
2025-08-22 22:35:34,552 DEBUG findfont: score(FontEntry(fname='/System/Library/Fonts/Supplemental/ITFDevanagari.ttc', name='ITF Devanagari', style='normal', variant='normal', weight=400, stretch='normal', size='scalable')) = 10.05
2025-08-22 22:35:34,553 DEBUG findfont: score(FontEntry(fname='/System/Library/Fonts/Supplemental/Myanmar MN.ttc', name='Myanmar MN', style='normal', variant='normal', weight=400, stretch='normal', size='scalable')) = 10.05
2025-08-22 22:35:34,553 DEBUG findfont: score(FontEntry(fname='/System/Library/Fonts/NotoSerifMyanmar.ttc', name='Noto Serif Myanmar', style='normal', variant='normal', weight=900, stretch='normal', size='scalable')) = 10.525
2025-08-22 22:35:34,553 DEBUG findfont: score(FontEntry(fname='/System/Library/Fonts/Supplemental/BigCaslon.ttf', name='Big Caslon', style='normal', variant='normal', weight=500, stretch='normal', size='scalable')) = 10.145
2025-08-22 22:35:34,553 DEBUG findfont: score(FontEntry(fname='/System/Library/AssetsV2/com_apple_MobileAsset_Font7/e9a9a2d18358033875835a6228cb70ce84b7e47c.asset/AssetData/YuMincho.ttc', name='YuMincho', style='normal', variant='normal', weight=500, stretch='normal', size='scalable')) = 10.145
2025-08-22 22:35:34,554 DEBUG findfont: score(FontEntry(fname='/System/Library/Fonts/Supplemental/Galvji.ttc', name='Galvji', style='normal', variant='normal', weight=400, stretch='normal', size='scalable')) = 10.05
2025-08-22 22:35:34,554 DEBUG findfont: score(FontEntry(fname='/System/Library/Fonts/ヒラギノ角ゴシック W7.ttc', name='Hiragino Sans', style='normal', variant='normal', weight=700, stretch='normal', size='scalable')) = 10.335
2025-08-22 22:35:34,555 DEBUG findfont: score(FontEntry(fname='/System/Library/Fonts/NotoNastaliq.ttc', name='Noto Nastaliq Urdu', style='normal', variant='normal', weight=400, stretch='normal', size='scalable')) = 10.05
2025-08-22 22:35:34,555 DEBUG findfont: score(FontEntry(fname='/System/Library/Fonts/Supplemental/NewPeninimMT.ttc', name='New Peninim MT', style='normal', variant='normal', weight=400, stretch='normal', size='scalable')) = 10.05
2025-08-22 22:35:34,557 DEBUG findfont: score(FontEntry(fname='/System/Library/AssetsV2/com_apple_MobileAsset_Font7/54ef167d6c8e99a69a0d41ce252cc5995ba47580.asset/AssetData/YuGothic-Medium.otf', name='YuGothic', style='normal', variant='normal', weight=500, stretch='normal', size='scalable')) = 10.145
2025-08-22 22:35:34,558 DEBUG findfont: score(FontEntry(fname='/System/Library/Fonts/SFCompactRounded.ttf', name='.SF Compact Rounded', style='normal', variant='normal', weight=400, stretch='normal', size='scalable')) = 10.05
2025-08-22 22:35:34,558 DEBUG findfont: score(FontEntry(fname='/System/Library/Fonts/Supplemental/NotoSerifAhom-Regular.ttf', name='Noto Serif Ahom', style='normal', variant='normal', weight=400, stretch='normal', size='scalable')) = 10.05
2025-08-22 22:35:34,559 DEBUG findfont: score(FontEntry(fname='/System/Library/Fonts/Monaco.ttf', name='Monaco', style='normal', variant='normal', weight=400, stretch='normal', size='scalable')) = 10.05
2025-08-22 22:35:34,559 DEBUG findfont: score(FontEntry(fname='/System/Library/Fonts/Supplemental/Bodoni Ornaments.ttf', name='Bodoni Ornaments', style='normal', variant='normal', weight=400, stretch='normal', size='scalable')) = 10.05
2025-08-22 22:35:34,559 DEBUG findfont: score(FontEntry(fname='/System/Library/Fonts/Supplemental/NotoSansOldTurkic-Regular.ttf', name='Noto Sans Old Turkic', style='normal', variant='normal', weight=400, stretch='normal', size='scalable')) = 10.05
2025-08-22 22:35:34,559 DEBUG findfont: score(FontEntry(fname='/System/Library/Fonts/Supplemental/NotoSansThaana-Regular.ttf', name='Noto Sans Thaana', style='normal', variant='normal', weight=400, stretch='normal', size='scalable')) = 10.05
2025-08-22 22:35:34,560 DEBUG findfont: score(FontEntry(fname='/System/Library/Fonts/Supplemental/Chalkduster.ttf', name='Chalkduster', style='normal', variant='normal', weight=400, stretch='normal', size='scalable')) = 10.05
2025-08-22 22:35:34,560 DEBUG findfont: score(FontEntry(fname='/System/Library/Fonts/Supplemental/Zapfino.ttf', name='Zapfino', style='normal', variant='normal', weight=400, stretch='normal', size='scalable')) = 10.05
2025-08-22 22:35:34,560 DEBUG findfont: score(FontEntry(fname='/System/Library/Fonts/Supplemental/GillSans.ttc', name='Gill Sans', style='normal', variant='normal', weight=400, stretch='normal', size='scalable')) = 10.05
2025-08-22 22:35:34,561 DEBUG findfont: score(FontEntry(fname='/System/Library/Fonts/KohinoorGujarati.ttc', name='Kohinoor Gujarati', style='normal', variant='normal', weight=700, stretch='normal', size='scalable')) = 10.335
2025-08-22 22:35:34,561 DEBUG findfont: score(FontEntry(fname='/System/Library/Fonts/Supplemental/Arial Narrow Italic.ttf', name='Arial Narrow', style='italic', variant='normal', weight=400, stretch='condensed', size='scalable')) = 11.25
2025-08-22 22:35:34,562 DEBUG findfont: score(FontEntry(fname='/System/Library/Fonts/Supplemental/Waseem.ttc', name='Waseem', style='normal', variant='normal', weight=400, stretch='normal', size='scalable')) = 10.05
2025-08-22 22:35:34,562 DEBUG findfont: score(FontEntry(fname='/System/Library/Fonts/Supplemental/DIN Condensed Bold.ttf', name='DIN Condensed', style='normal', variant='normal', weight=700, stretch='condensed', size='scalable')) = 10.535
2025-08-22 22:35:34,562 DEBUG findfont: score(FontEntry(fname='/System/Library/Fonts/Supplemental/Gujarati Sangam MN.ttc', name='Gujarati Sangam MN', style='normal', variant='normal', weight=400, stretch='normal', size='scalable')) = 10.05
2025-08-22 22:35:34,563 DEBUG findfont: score(FontEntry(fname='/System/Library/Fonts/Supplemental/NotoSansOldPersian-Regular.ttf', name='Noto Sans Old Persian', style='normal', variant='normal', weight=400, stretch='normal', size='scalable')) = 10.05
2025-08-22 22:35:34,563 DEBUG findfont: score(FontEntry(fname='/System/Library/Fonts/Supplemental/Malayalam Sangam MN.ttc', name='Malayalam Sangam MN', style='normal', variant='normal', weight=400, stretch='normal', size='scalable')) = 10.05
2025-08-22 22:35:34,563 DEBUG findfont: score(FontEntry(fname='/System/Library/Fonts/Supplemental/KufiStandardGK.ttc', name='KufiStandardGK', style='normal', variant='normal', weight=400, stretch='normal', size='scalable')) = 10.05
2025-08-22 22:35:34,563 DEBUG findfont: score(FontEntry(fname='/System/Library/Fonts/Supplemental/SuperClarendon.ttc', name='Superclarendon', style='normal', variant='normal', weight=400, stretch='normal', size='scalable')) = 10.05
2025-08-22 22:35:34,564 DEBUG findfont: score(FontEntry(fname='/System/Library/Fonts/SFArmenianRounded.ttf', name='.SF Armenian Rounded', style='normal', variant='normal', weight=400, stretch='normal', size='scalable')) = 10.05
2025-08-22 22:35:34,564 DEBUG findfont: score(FontEntry(fname='/System/Library/Fonts/Supplemental/STIXNonUniBolIta.otf', name='STIXNonUnicode', style='italic', variant='normal', weight=700, stretch='normal', size='scalable')) = 11.335
2025-08-22 22:35:34,564 DEBUG findfont: score(FontEntry(fname='/System/Library/Fonts/SFCompactItalic.ttf', name='.SF Compact', style='italic', variant='normal', weight=1000, stretch='normal', size='scalable')) = 11.62
2025-08-22 22:35:34,565 DEBUG findfont: score(FontEntry(fname='/System/Library/Fonts/Supplemental/Telugu Sangam MN.ttc', name='Telugu Sangam MN', style='normal', variant='normal', weight=400, stretch='normal', size='scalable')) = 10.05
2025-08-22 22:35:34,565 DEBUG findfont: score(FontEntry(fname='/System/Library/Fonts/Supplemental/STIXIntUpBol.otf', name='STIXIntegralsUp', style='normal', variant='normal', weight=700, stretch='normal', size='scalable')) = 10.335
2025-08-22 22:35:34,565 DEBUG findfont: score(FontEntry(fname='/System/Library/Fonts/ヒラギノ角ゴシック W6.ttc', name='Hiragino Sans', style='normal', variant='normal', weight=600, stretch='normal', size='scalable')) = 10.24
2025-08-22 22:35:34,565 DEBUG findfont: score(FontEntry(fname='/System/Library/AssetsV2/com_apple_MobileAsset_Font7/70816a43827731d40efe234b94feba96db91024f.asset/AssetData/NanumMyeongjo.ttc', name='Nanum Myeongjo', style='normal', variant='normal', weight=400, stretch='normal', size='scalable')) = 10.05
2025-08-22 22:35:34,566 DEBUG findfont: score(FontEntry(fname='/System/Library/AssetsV2/com_apple_MobileAsset_Font7/6f4c91728bb824d6960725ec479c355eab7eeba8.asset/AssetData/NanumScript.ttc', name='Nanum Brush Script', style='normal', variant='normal', weight=400, stretch='normal', size='scalable')) = 10.05
2025-08-22 22:35:34,566 DEBUG findfont: score(FontEntry(fname='/System/Library/Fonts/Supplemental/NotoSansMahajani-Regular.ttf', name='Noto Sans Mahajani', style='normal', variant='normal', weight=400, stretch='normal', size='scalable')) = 10.05
2025-08-22 22:35:34,566 DEBUG findfont: score(FontEntry(fname='/System/Library/AssetsV2/com_apple_MobileAsset_Font7/62032b9b64a0e3a9121c50aeb2ed794e3e2c201f.asset/AssetData/Hei.ttf', name='Hei', style='normal', variant='normal', weight=400, stretch='normal', size='scalable')) = 10.05
2025-08-22 22:35:34,566 DEBUG findfont: score(FontEntry(fname='/System/Library/Fonts/Supplemental/Shree714.ttc', name='Shree Devanagari 714', style='normal', variant='normal', weight=400, stretch='normal', size='scalable')) = 10.05
2025-08-22 22:35:34,567 DEBUG findfont: score(FontEntry(fname='/System/Library/Fonts/Supplemental/Seravek.ttc', name='Seravek', style='normal', variant='normal', weight=400, stretch='normal', size='scalable')) = 10.05
2025-08-22 22:35:34,574 DEBUG findfont: score(FontEntry(fname='/System/Library/Fonts/Supplemental/Trebuchet MS Italic.ttf', name='Trebuchet MS', style='italic', variant='normal', weight=400, stretch='normal', size='scalable')) = 11.05
2025-08-22 22:35:34,599 DEBUG findfont: score(FontEntry(fname='/System/Library/Fonts/Supplemental/NotoSansOsage-Regular.ttf', name='Noto Sans Osage', style='normal', variant='normal', weight=400, stretch='normal', size='scalable')) = 10.05
2025-08-22 22:35:34,599 DEBUG findfont: score(FontEntry(fname='/System/Library/Fonts/MarkerFelt.ttc', name='Marker Felt', style='normal', variant='normal', weight=400, stretch='normal', size='scalable')) = 10.05
2025-08-22 22:35:34,602 DEBUG findfont: score(FontEntry(fname='/System/Library/Fonts/Supplemental/Arial Bold.ttf', name='Arial', style='normal', variant='normal', weight=700, stretch='normal', size='scalable')) = 10.335
2025-08-22 22:35:34,602 DEBUG findfont: score(FontEntry(fname='/System/Library/Fonts/ヒラギノ明朝 ProN.ttc', name='Hiragino Mincho ProN', style='normal', variant='normal', weight=300, stretch='normal', size='scalable')) = 10.145
2025-08-22 22:35:34,610 DEBUG findfont: score(FontEntry(fname='/System/Library/Fonts/Supplemental/Times New Roman Italic.ttf', name='Times New Roman', style='italic', variant='normal', weight=400, stretch='normal', size='scalable')) = 11.05
2025-08-22 22:35:34,612 DEBUG findfont: score(FontEntry(fname='/System/Library/Fonts/Supplemental/Iowan Old Style.ttc', name='Iowan Old Style', style='normal', variant='normal', weight=400, stretch='normal', size='scalable')) = 10.05
2025-08-22 22:35:34,613 DEBUG findfont: score(FontEntry(fname='/System/Library/Fonts/Supplemental/NotoSansSharada-Regular.ttf', name='Noto Sans Sharada', style='normal', variant='normal', weight=400, stretch='normal', size='scalable')) = 10.05
2025-08-22 22:35:34,614 DEBUG findfont: score(FontEntry(fname='/System/Library/Fonts/Supplemental/Arial.ttf', name='Arial', style='normal', variant='normal', weight=400, stretch='normal', size='scalable')) = 10.05
2025-08-22 22:35:34,616 DEBUG findfont: score(FontEntry(fname='/System/Library/Fonts/Supplemental/Bangla Sangam MN.ttc', name='Bangla Sangam MN', style='normal', variant='normal', weight=400, stretch='normal', size='scalable')) = 10.05
2025-08-22 22:35:34,617 DEBUG findfont: score(FontEntry(fname='/System/Library/Fonts/Supplemental/STIXGeneral.otf', name='STIXGeneral', style='normal', variant='normal', weight=400, stretch='normal', size='scalable')) = 10.05
2025-08-22 22:35:34,618 DEBUG findfont: score(FontEntry(fname='/System/Library/Fonts/Avenir Next.ttc', name='Avenir Next', style='normal', variant='normal', weight=700, stretch='normal', size='scalable')) = 10.335
2025-08-22 22:35:34,618 DEBUG findfont: score(FontEntry(fname='/System/Library/Fonts/SFNSMonoItalic.ttf', name='.SF NS Mono', style='italic', variant='normal', weight=295, stretch='normal', size='scalable')) = 11.14975
2025-08-22 22:35:34,619 DEBUG findfont: score(FontEntry(fname='/System/Library/AssetsV2/com_apple_MobileAsset_Font7/9d5450ee93f17da1eacfa01b5e7b598f9e2dda2b.asset/AssetData/Baoli.ttc', name='Baoli SC', style='normal', variant='normal', weight=400, stretch='normal', size='scalable')) = 10.05
2025-08-22 22:35:34,622 DEBUG findfont: score(FontEntry(fname='/System/Library/Fonts/Supplemental/NotoSansBhaiksuki-Regular.ttf', name='Noto Sans Bhaiksuki', style='normal', variant='normal', weight=400, stretch='normal', size='scalable')) = 10.05
2025-08-22 22:35:34,622 DEBUG findfont: score(FontEntry(fname='/System/Library/AssetsV2/com_apple_MobileAsset_Font7/3a9dbc8ddc8b85f43055a28fb5d551e905d43de2.asset/AssetData/LiHeiPro.ttf', name='LiHei Pro', style='normal', variant='normal', weight=400, stretch='normal', size='scalable')) = 10.05
2025-08-22 22:35:34,623 DEBUG findfont: score(FontEntry(fname='/System/Library/Fonts/Supplemental/NotoSansCarian-Regular.ttf', name='Noto Sans Carian', style='normal', variant='normal', weight=400, stretch='normal', size='scalable')) = 10.05
2025-08-22 22:35:34,625 DEBUG findfont: score(FontEntry(fname='/System/Library/Fonts/Supplemental/Wingdings 2.ttf', name='Wingdings 2', style='normal', variant='normal', weight=400, stretch='normal', size='scalable')) = 10.05
2025-08-22 22:35:34,634 DEBUG findfont: score(FontEntry(fname='/System/Library/AssetsV2/com_apple_MobileAsset_Font7/1821952872c81043711aab6910052b65da8edf2c.asset/AssetData/STFANGSO.ttf', name='STFangsong', style='normal', variant='normal', weight=400, stretch='normal', size='scalable')) = 10.05
2025-08-22 22:35:34,639 DEBUG findfont: score(FontEntry(fname='/System/Library/Fonts/Supplemental/AlBayan.ttc', name='Al Bayan', style='normal', variant='normal', weight=400, stretch='normal', size='scalable')) = 10.05
2025-08-22 22:35:34,640 DEBUG findfont: score(FontEntry(fname='/System/Library/Fonts/ヒラギノ角ゴシック W2.ttc', name='Hiragino Sans', style='normal', variant='normal', weight=250, stretch='normal', size='scalable')) = 10.1925
2025-08-22 22:35:34,642 DEBUG findfont: score(FontEntry(fname='/System/Library/AssetsV2/com_apple_MobileAsset_Font7/ad8c3bb76851adc11dc4772c1a7a00caf83e3037.asset/AssetData/Ornanong.ttc', name='PSL Ornanong Pro', style='normal', variant='normal', weight=400, stretch='normal', size='scalable')) = 10.05
2025-08-22 22:35:34,645 DEBUG findfont: score(FontEntry(fname='/System/Library/Fonts/Times.ttc', name='Times', style='normal', variant='normal', weight=400, stretch='normal', size='scalable')) = 10.05
2025-08-22 22:35:34,645 DEBUG findfont: score(FontEntry(fname='/System/Library/Fonts/Supplemental/Trebuchet MS Bold Italic.ttf', name='Trebuchet MS', style='italic', variant='normal', weight=700, stretch='normal', size='scalable')) = 11.335
2025-08-22 22:35:34,647 DEBUG findfont: score(FontEntry(fname='/System/Library/Fonts/Supplemental/Arial Italic.ttf', name='Arial', style='italic', variant='normal', weight=400, stretch='normal', size='scalable')) = 11.05
2025-08-22 22:35:34,648 DEBUG findfont: score(FontEntry(fname='/System/Library/AssetsV2/com_apple_MobileAsset_Font7/eb257c12d1a51c8c661b89f30eec56cacf9b8987.asset/AssetData/STHEITI.ttf', name='STHeiti', style='normal', variant='normal', weight=400, stretch='normal', size='scalable')) = 10.05
2025-08-22 22:35:34,649 DEBUG findfont: score(FontEntry(fname='/System/Library/Fonts/Supplemental/STIXGeneralItalic.otf', name='STIXGeneral', style='italic', variant='normal', weight=400, stretch='normal', size='scalable')) = 11.05
2025-08-22 22:35:34,649 DEBUG findfont: score(FontEntry(fname='/System/Library/AssetsV2/com_apple_MobileAsset_Font7/42062e40d643fdb5bb3fba917212352fb0690de0.asset/AssetData/YuGothic-Bold.otf', name='YuGothic', style='normal', variant='normal', weight=700, stretch='normal', size='scalable')) = 10.335
2025-08-22 22:35:34,650 DEBUG findfont: score(FontEntry(fname='/System/Library/Fonts/Supplemental/Arial Narrow Bold Italic.ttf', name='Arial Narrow', style='italic', variant='normal', weight=700, stretch='condensed', size='scalable')) = 11.535
2025-08-22 22:35:34,650 DEBUG findfont: score(FontEntry(fname='/System/Library/Fonts/Supplemental/STIXIntUpReg.otf', name='STIXIntegralsUp', style='normal', variant='normal', weight=400, stretch='normal', size='scalable')) = 10.05
2025-08-22 22:35:34,651 DEBUG findfont: score(FontEntry(fname='/System/Library/Fonts/Supplemental/STIXVar.otf', name='STIXVariants', style='normal', variant='normal', weight=400, stretch='normal', size='scalable')) = 10.05
2025-08-22 22:35:34,653 DEBUG findfont: score(FontEntry(fname='/System/Library/Fonts/Supplemental/NotoSansTaiViet-Regular.ttf', name='Noto Sans Tai Viet', style='normal', variant='normal', weight=400, stretch='normal', size='scalable')) = 10.05
2025-08-22 22:35:34,654 DEBUG findfont: score(FontEntry(fname='/System/Library/Fonts/Supplemental/Arial Narrow.ttf', name='Arial Narrow', style='normal', variant='normal', weight=400, stretch='condensed', size='scalable')) = 10.25
2025-08-22 22:35:34,654 DEBUG findfont: score(FontEntry(fname='/System/Library/AssetsV2/com_apple_MobileAsset_Font7/0818d874bf1d0e24a1fe62e79f407717792c5ee1.asset/AssetData/OsakaMono.ttf', name='Osaka', style='normal', variant='normal', weight=400, stretch='normal', size='scalable')) = 10.05
2025-08-22 22:35:34,655 DEBUG findfont: score(FontEntry(fname='/System/Library/AssetsV2/com_apple_MobileAsset_Font7/e28431125242b9a298de3296370abdab4a7e8666.asset/AssetData/YuppyTC-Regular.otf', name='Yuppy TC', style='normal', variant='normal', weight=500, stretch='normal', size='scalable')) = 10.145
2025-08-22 22:35:34,656 DEBUG findfont: score(FontEntry(fname='/System/Library/Fonts/ヒラギノ角ゴシック W8.ttc', name='Hiragino Sans', style='normal', variant='normal', weight=800, stretch='normal', size='scalable')) = 10.43
2025-08-22 22:35:34,657 DEBUG findfont: score(FontEntry(fname='/System/Library/Fonts/Supplemental/STIXSizFiveSymReg.otf', name='STIXSizeFiveSym', style='normal', variant='normal', weight=400, stretch='normal', size='scalable')) = 10.05
2025-08-22 22:35:34,657 DEBUG findfont: score(FontEntry(fname='/System/Library/Fonts/Supplemental/Andale Mono.ttf', name='Andale Mono', style='normal', variant='normal', weight=400, stretch='normal', size='scalable')) = 10.05
2025-08-22 22:35:34,658 DEBUG findfont: score(FontEntry(fname='/System/Library/Fonts/STHeiti Medium.ttc', name='Heiti TC', style='normal', variant='normal', weight=400, stretch='normal', size='scalable')) = 10.05
2025-08-22 22:35:34,659 DEBUG findfont: score(FontEntry(fname='/System/Library/Fonts/Supplemental/STIXVarBol.otf', name='STIXVariants', style='normal', variant='normal', weight=700, stretch='normal', size='scalable')) = 10.335
2025-08-22 22:35:34,660 DEBUG findfont: score(FontEntry(fname='/System/Library/Fonts/Supplemental/NotoSansOldNorthArabian-Regular.ttf', name='Noto Sans Old North Arabian', style='normal', variant='normal', weight=400, stretch='normal', size='scalable')) = 10.05
2025-08-22 22:35:34,662 DEBUG findfont: score(FontEntry(fname='/System/Library/Fonts/HelveticaNeue.ttc', name='Helvetica Neue', style='normal', variant='normal', weight=400, stretch='normal', size='scalable')) = 10.05
2025-08-22 22:35:34,662 DEBUG findfont: score(FontEntry(fname='/System/Library/Fonts/Supplemental/Bodoni 72 OS.ttc', name='Bodoni 72 Oldstyle', style='normal', variant='normal', weight=400, stretch='normal', size='scalable')) = 10.05
2025-08-22 22:35:34,663 DEBUG findfont: score(FontEntry(fname='/System/Library/AssetsV2/com_apple_MobileAsset_Font7/5f2614e7b55639e709d8578e16b324b3eb6eb065.asset/AssetData/BMHannaPro-Regular.otf', name='BM Hanna Pro', style='normal', variant='normal', weight=400, stretch='normal', size='scalable')) = 10.05
2025-08-22 22:35:34,663 DEBUG findfont: score(FontEntry(fname='/System/Library/Fonts/Supplemental/NotoSansMro-Regular.ttf', name='Noto Sans Mro', style='normal', variant='normal', weight=400, stretch='normal', size='scalable')) = 10.05
2025-08-22 22:35:34,664 DEBUG findfont: score(FontEntry(fname='/System/Library/Fonts/Supplemental/NotoSansNabataean-Regular.ttf', name='Noto Sans Nabataean', style='normal', variant='normal', weight=400, stretch='normal', size='scalable')) = 10.05
2025-08-22 22:35:34,664 DEBUG findfont: score(FontEntry(fname='/System/Library/Fonts/Supplemental/Devanagari Sangam MN.ttc', name='Devanagari Sangam MN', style='normal', variant='normal', weight=400, stretch='normal', size='scalable')) = 10.05
2025-08-22 22:35:34,664 DEBUG findfont: score(FontEntry(fname='/System/Library/Fonts/Supplemental/Oriya MN.ttc', name='Oriya MN', style='normal', variant='normal', weight=400, stretch='normal', size='scalable')) = 10.05
2025-08-22 22:35:34,665 DEBUG findfont: score(FontEntry(fname='/System/Library/AssetsV2/com_apple_MobileAsset_Font7/c2cf5e684236b5395fd48d6ccf0e3b3191ce83a0.asset/AssetData/PCmyoungjo.ttf', name='PCMyungjo', style='normal', variant='normal', weight=400, stretch='normal', size='scalable')) = 10.05
2025-08-22 22:35:34,665 DEBUG findfont: score(FontEntry(fname='/System/Library/Fonts/Supplemental/NotoSansCham-Regular.ttf', name='Noto Sans Cham', style='normal', variant='normal', weight=400, stretch='normal', size='scalable')) = 10.05
2025-08-22 22:35:34,665 DEBUG findfont: score(FontEntry(fname='/System/Library/Fonts/Supplemental/Futura.ttc', name='Futura', style='normal', variant='normal', weight=500, stretch='normal', size='scalable')) = 10.145
2025-08-22 22:35:34,666 DEBUG findfont: score(FontEntry(fname='/System/Library/Fonts/Supplemental/Trebuchet MS.ttf', name='Trebuchet MS', style='normal', variant='normal', weight=400, stretch='normal', size='scalable')) = 10.05
2025-08-22 22:35:34,667 DEBUG findfont: score(FontEntry(fname='/System/Library/Fonts/Supplemental/Arial Unicode.ttf', name='Arial Unicode MS', style='normal', variant='normal', weight=400, stretch='normal', size='scalable')) = 10.05
2025-08-22 22:35:34,667 DEBUG findfont: score(FontEntry(fname='/System/Library/Fonts/Supplemental/Kailasa.ttc', name='Kailasa', style='normal', variant='normal', weight=400, stretch='normal', size='scalable')) = 10.05
2025-08-22 22:35:34,667 DEBUG findfont: score(FontEntry(fname='/System/Library/Fonts/Supplemental/NotoSansOldItalic-Regular.ttf', name='Noto Sans Old Italic', style='italic', variant='normal', weight=400, stretch='normal', size='scalable')) = 11.05
2025-08-22 22:35:34,669 DEBUG findfont: score(FontEntry(fname='/System/Library/Fonts/Supplemental/Webdings.ttf', name='Webdings', style='normal', variant='normal', weight=400, stretch='normal', size='scalable')) = 10.05
2025-08-22 22:35:34,670 DEBUG findfont: score(FontEntry(fname='/System/Library/Fonts/MuktaMahee.ttc', name='Mukta Mahee', style='normal', variant='normal', weight=400, stretch='normal', size='scalable')) = 10.05
2025-08-22 22:35:34,671 DEBUG findfont: score(FontEntry(fname='/System/Library/Fonts/Supplemental/NotoSansNewTaiLue-Regular.ttf', name='Noto Sans New Tai Lue', style='normal', variant='normal', weight=400, stretch='normal', size='scalable')) = 10.05
2025-08-22 22:35:34,672 DEBUG findfont: score(FontEntry(fname='/System/Library/Fonts/Supplemental/Cochin.ttc', name='Cochin', style='normal', variant='normal', weight=500, stretch='normal', size='scalable')) = 10.145
2025-08-22 22:35:34,672 DEBUG findfont: score(FontEntry(fname='/System/Library/Fonts/Supplemental/Corsiva.ttc', name='Corsiva Hebrew', style='normal', variant='normal', weight=400, stretch='normal', size='scalable')) = 10.05
2025-08-22 22:35:34,673 DEBUG findfont: score(FontEntry(fname='/System/Library/Fonts/Supplemental/NotoSansMeeteiMayek-Regular.ttf', name='Noto Sans Meetei Mayek', style='normal', variant='normal', weight=400, stretch='normal', size='scalable')) = 10.05
2025-08-22 22:35:34,673 DEBUG findfont: score(FontEntry(fname='/System/Library/Fonts/Supplemental/NotoSansUgaritic-Regular.ttf', name='Noto Sans Ugaritic', style='normal', variant='normal', weight=400, stretch='normal', size='scalable')) = 10.05
2025-08-22 22:35:34,673 DEBUG findfont: score(FontEntry(fname='/System/Library/Fonts/Supplemental/STIXGeneralBolIta.otf', name='STIXGeneral', style='italic', variant='normal', weight=700, stretch='normal', size='scalable')) = 11.335
2025-08-22 22:35:34,674 DEBUG findfont: score(FontEntry(fname='/System/Library/Fonts/Supplemental/Mishafi Gold.ttf', name='Mishafi Gold', style='normal', variant='normal', weight=400, stretch='normal', size='scalable')) = 10.05
2025-08-22 22:35:34,675 DEBUG findfont: score(FontEntry(fname='/System/Library/Fonts/Supplemental/SnellRoundhand.ttc', name='Snell Roundhand', style='normal', variant='normal', weight=500, stretch='normal', size='scalable')) = 10.145
2025-08-22 22:35:34,677 DEBUG findfont: score(FontEntry(fname='/System/Library/Fonts/NotoSansKannada.ttc', name='Noto Sans Kannada', style='normal', variant='normal', weight=100, stretch='normal', size='scalable')) = 10.335
2025-08-22 22:35:34,678 DEBUG findfont: score(FontEntry(fname='/System/Library/Fonts/Supplemental/NotoSansBuhid-Regular.ttf', name='Noto Sans Buhid', style='normal', variant='normal', weight=400, stretch='normal', size='scalable')) = 10.05
2025-08-22 22:35:34,679 DEBUG findfont: score(FontEntry(fname='/System/Library/Fonts/Supplemental/NotoSerifYezidi-Regular.otf', name='Noto Serif Yezidi', style='normal', variant='normal', weight=400, stretch='normal', size='scalable')) = 10.05
2025-08-22 22:35:34,679 DEBUG findfont: score(FontEntry(fname='/System/Library/Fonts/Supplemental/Khmer Sangam MN.ttf', name='Khmer Sangam MN', style='normal', variant='normal', weight=400, stretch='normal', size='scalable')) = 10.05
2025-08-22 22:35:34,679 DEBUG findfont: score(FontEntry(fname='/System/Library/Fonts/Supplemental/NotoSansCaucasianAlbanian-Regular.ttf', name='Noto Sans Caucasian Albanian', style='normal', variant='normal', weight=400, stretch='normal', size='scalable')) = 10.05
2025-08-22 22:35:34,680 DEBUG findfont: score(FontEntry(fname='/System/Library/Fonts/Supplemental/Brush Script.ttf', name='Brush Script MT', style='italic', variant='normal', weight=400, stretch='normal', size='scalable')) = 11.05
2025-08-22 22:35:34,681 DEBUG findfont: score(FontEntry(fname='/System/Library/Fonts/Supplemental/STIXSizTwoSymReg.otf', name='STIXSizeTwoSym', style='normal', variant='normal', weight=400, stretch='normal', size='scalable')) = 10.05
2025-08-22 22:35:34,682 DEBUG findfont: score(FontEntry(fname='/System/Library/Fonts/Supplemental/Hoefler Text.ttc', name='Hoefler Text', style='normal', variant='normal', weight=400, stretch='normal', size='scalable')) = 10.05
2025-08-22 22:35:34,682 DEBUG findfont: score(FontEntry(fname='/System/Library/AssetsV2/com_apple_MobileAsset_Font7/40e56e4eafd8b4db78ffe316f64ac4bedba37b53.asset/AssetData/ToppanBunkyuMidashiMinchoStdN-ExtraBold.otf', name='Toppan Bunkyu Midashi Mincho', style='normal', variant='normal', weight=900, stretch='normal', size='scalable')) = 10.525
2025-08-22 22:35:34,683 DEBUG findfont: score(FontEntry(fname='/System/Library/Fonts/Supplemental/Courier New Bold.ttf', name='Courier New', style='normal', variant='normal', weight=700, stretch='normal', size='scalable')) = 10.335
2025-08-22 22:35:34,684 DEBUG findfont: score(FontEntry(fname='/System/Library/Fonts/Hiragino Sans GB.ttc', name='Hiragino Sans GB', style='normal', variant='normal', weight=300, stretch='normal', size='scalable')) = 10.145
2025-08-22 22:35:34,684 DEBUG findfont: score(FontEntry(fname='/System/Library/Fonts/SFCamera.ttf', name='.SF Camera', style='normal', variant='normal', weight=400, stretch='normal', size='scalable')) = 10.05
2025-08-22 22:35:34,684 DEBUG findfont: score(FontEntry(fname='/System/Library/Fonts/Supplemental/NotoSansLisu-Regular.ttf', name='Noto Sans Lisu', style='normal', variant='normal', weight=400, stretch='normal', size='scalable')) = 10.05
2025-08-22 22:35:34,685 DEBUG findfont: score(FontEntry(fname='/System/Library/Fonts/Supplemental/Gurmukhi MN.ttc', name='Gurmukhi MN', style='normal', variant='normal', weight=400, stretch='normal', size='scalable')) = 10.05
2025-08-22 22:35:34,686 DEBUG findfont: score(FontEntry(fname='/System/Library/Fonts/Supplemental/NotoSansTirhuta-Regular.ttf', name='Noto Sans Tirhuta', style='normal', variant='normal', weight=400, stretch='normal', size='scalable')) = 10.05
2025-08-22 22:35:34,688 DEBUG findfont: score(FontEntry(fname='/System/Library/Fonts/Supplemental/STIXIntUpSmBol.otf', name='STIXIntegralsUpSm', style='normal', variant='normal', weight=700, stretch='normal', size='scalable')) = 10.335
2025-08-22 22:35:34,688 DEBUG findfont: score(FontEntry(fname='/System/Library/Fonts/NewYorkItalic.ttf', name='.New York', style='italic', variant='normal', weight=400, stretch='normal', size='scalable')) = 11.05
2025-08-22 22:35:34,689 DEBUG findfont: score(FontEntry(fname='/System/Library/AssetsV2/com_apple_MobileAsset_Font7/938fc4f0524ec9f143f1b39a4e63ff9585298376.asset/AssetData/ToppanBunkyuMidashiGothicStdN-ExtraBold.otf', name='Toppan Bunkyu Midashi Gothic', style='normal', variant='normal', weight=900, stretch='normal', size='scalable')) = 10.525
2025-08-22 22:35:34,690 DEBUG findfont: score(FontEntry(fname='/System/Library/Fonts/Supplemental/STIXIntUpDReg.otf', name='STIXIntegralsUpD', style='normal', variant='normal', weight=400, stretch='normal', size='scalable')) = 10.05
2025-08-22 22:35:34,691 DEBUG findfont: score(FontEntry(fname='/System/Library/Fonts/Supplemental/STIXSizFourSymBol.otf', name='STIXSizeFourSym', style='normal', variant='normal', weight=700, stretch='normal', size='scalable')) = 10.335
2025-08-22 22:35:34,691 DEBUG findfont: Matching AppleGothic:style=normal:variant=normal:weight=normal:stretch=normal:size=12.0 to AppleGothic ('/System/Library/Fonts/Supplemental/AppleGothic.ttf') with score of 0.050000.
2025-08-22 23:04:36,446 DEBUG 클러스터 기반 모델 학습 시작...
2025-08-22 23:04:36,447 DEBUG 메뉴 클러스터링 시작...
2025-08-22 23:04:36,921 DEBUG 클러스터 수: 6
2025-08-22 23:04:38,229 DEBUG 클러스터 0: 14개 메뉴, 평균매출 19.1, 타입: group
2025-08-22 23:04:38,229 DEBUG 클러스터 1: 38개 메뉴, 평균매출 21.2, 타입: other
2025-08-22 23:04:38,229 DEBUG 클러스터 2: 10개 메뉴, 평균매출 8.6, 타입: main
2025-08-22 23:04:38,230 DEBUG 클러스터 3: 6개 메뉴, 평균매출 87.5, 타입: other
2025-08-22 23:04:38,230 DEBUG 클러스터 4: 7개 메뉴, 평균매출 21.1, 타입: brunch
2025-08-22 23:04:38,231 DEBUG 클러스터 5: 118개 메뉴, 평균매출 1.9, 타입: other
2025-08-22 23:04:59,186 DEBUG 클러스터 피처: (96114, 60), 타겟: (96114, 7)
2025-08-22 23:05:25,962 DEBUG 클러스터별 전용 모델 학습 중...
2025-08-22 23:05:40,036 DEBUG 전체 모델 + 6개 클러스터 모델 학습 완료
2025-08-22 23:05:41,242 DEBUG 매출 여부 예측 중...
2025-08-22 23:05:43,064 DEBUG 매출 여부 예측 중...
2025-08-22 23:05:44,853 DEBUG 매출 여부 예측 중...
2025-08-22 23:05:46,660 DEBUG 매출 여부 예측 중...
2025-08-22 23:05:48,444 DEBUG 매출 여부 예측 중...
2025-08-22 23:05:50,237 DEBUG 매출 여부 예측 중...
2025-08-22 23:05:52,050 DEBUG 매출 여부 예측 중...
2025-08-22 23:05:53,832 DEBUG 매출 여부 예측 중...
2025-08-22 23:05:55,618 DEBUG 매출 여부 예측 중...
2025-08-22 23:05:57,443 DEBUG 매출 여부 예측 중...
2025-08-22 23:41:18,626 DEBUG 클러스터 기반 모델 학습 시작...
2025-08-22 23:41:18,626 DEBUG 메뉴 클러스터링 시작...
2025-08-22 23:41:18,789 DEBUG 클러스터 수: 6
2025-08-22 23:41:19,898 DEBUG 클러스터 0: 14개 메뉴, 평균매출 19.1, 타입: group
2025-08-22 23:41:19,899 DEBUG 클러스터 1: 38개 메뉴, 평균매출 21.2, 타입: other
2025-08-22 23:41:19,899 DEBUG 클러스터 2: 10개 메뉴, 평균매출 8.6, 타입: main
2025-08-22 23:41:19,900 DEBUG 클러스터 3: 6개 메뉴, 평균매출 87.5, 타입: other
2025-08-22 23:41:19,900 DEBUG 클러스터 4: 7개 메뉴, 평균매출 21.1, 타입: brunch
2025-08-22 23:41:19,900 DEBUG 클러스터 5: 118개 메뉴, 평균매출 1.9, 타입: other
2025-08-22 23:41:40,852 DEBUG 클러스터 피처: (96114, 60), 타겟: (96114, 7)
2025-08-22 23:42:07,608 DEBUG 클러스터별 전용 모델 학습 중...
2025-08-22 23:42:21,666 DEBUG 전체 모델 + 6개 클러스터 모델 학습 완료
2025-08-22 23:42:22,947 DEBUG 매출 여부 예측 중...
2025-08-22 23:42:24,776 DEBUG 매출 여부 예측 중...
2025-08-22 23:42:26,571 DEBUG 매출 여부 예측 중...
2025-08-22 23:42:28,370 DEBUG 매출 여부 예측 중...
2025-08-22 23:42:30,204 DEBUG 매출 여부 예측 중...
2025-08-22 23:42:32,007 DEBUG 매출 여부 예측 중...
2025-08-22 23:42:33,795 DEBUG 매출 여부 예측 중...
2025-08-22 23:42:35,631 DEBUG 매출 여부 예측 중...
2025-08-22 23:42:37,434 DEBUG 매출 여부 예측 중...
2025-08-22 23:42:39,228 DEBUG 매출 여부 예측 중...
2025-08-23 00:17:58,170 DEBUG 클러스터 기반 모델 학습 시작...
2025-08-23 00:17:58,170 DEBUG 메뉴 클러스터링 시작...
2025-08-23 00:17:58,332 DEBUG 클러스터 수: 6
2025-08-23 00:17:59,461 DEBUG 클러스터 0: 14개 메뉴, 평균매출 19.1, 타입: group
2025-08-23 00:17:59,462 DEBUG 클러스터 1: 38개 메뉴, 평균매출 21.2, 타입: other
2025-08-23 00:17:59,462 DEBUG 클러스터 2: 10개 메뉴, 평균매출 8.6, 타입: main
2025-08-23 00:17:59,463 DEBUG 클러스터 3: 6개 메뉴, 평균매출 87.5, 타입: other
2025-08-23 00:17:59,463 DEBUG 클러스터 4: 7개 메뉴, 평균매출 21.1, 타입: brunch
2025-08-23 00:17:59,464 DEBUG 클러스터 5: 118개 메뉴, 평균매출 1.9, 타입: other
2025-08-23 00:18:20,720 DEBUG 클러스터 피처: (96114, 60), 타겟: (96114, 7)
2025-08-23 00:18:48,785 DEBUG 클러스터별 전용 모델 학습 중...
2025-08-23 00:19:02,866 DEBUG 전체 모델 + 6개 클러스터 모델 학습 완료
2025-08-23 00:19:04,111 DEBUG 매출 여부 예측 중...
2025-08-23 00:19:05,922 DEBUG 매출 여부 예측 중...
2025-08-23 00:19:07,752 DEBUG 매출 여부 예측 중...
2025-08-23 00:19:09,554 DEBUG 매출 여부 예측 중...
2025-08-23 00:19:11,348 DEBUG 매출 여부 예측 중...
2025-08-23 00:19:13,155 DEBUG 매출 여부 예측 중...
2025-08-23 00:19:14,945 DEBUG 매출 여부 예측 중...
2025-08-23 00:19:16,741 DEBUG 매출 여부 예측 중...
2025-08-23 00:19:18,588 DEBUG 매출 여부 예측 중...
2025-08-23 00:19:20,391 DEBUG 매출 여부 예측 중...
2025-08-23 00:48:59,401 DEBUG 클러스터 기반 모델 학습 시작...
2025-08-23 00:48:59,402 DEBUG 메뉴 클러스터링 시작...
2025-08-23 00:48:59,559 DEBUG 클러스터 수: 6
2025-08-23 00:49:00,756 DEBUG 클러스터 0: 14개 메뉴, 평균매출 19.1, 타입: group
2025-08-23 00:49:00,757 DEBUG 클러스터 1: 38개 메뉴, 평균매출 21.2, 타입: other
2025-08-23 00:49:00,757 DEBUG 클러스터 2: 10개 메뉴, 평균매출 8.6, 타입: main
2025-08-23 00:49:00,758 DEBUG 클러스터 3: 6개 메뉴, 평균매출 87.5, 타입: other
2025-08-23 00:49:00,758 DEBUG 클러스터 4: 7개 메뉴, 평균매출 21.1, 타입: brunch
2025-08-23 00:49:00,758 DEBUG 클러스터 5: 118개 메뉴, 평균매출 1.9, 타입: other
2025-08-23 00:49:21,500 DEBUG 클러스터 피처: (96114, 60), 타겟: (96114, 7)
2025-08-23 00:49:48,319 DEBUG 클러스터별 전용 모델 학습 중...
2025-08-23 00:50:02,452 DEBUG 전체 모델 + 6개 클러스터 모델 학습 완료
2025-08-23 00:50:03,698 DEBUG 매출 여부 예측 중...
2025-08-23 00:50:05,505 DEBUG 매출 여부 예측 중...
2025-08-23 00:50:07,318 DEBUG 매출 여부 예측 중...
2025-08-23 00:50:09,155 DEBUG 매출 여부 예측 중...
2025-08-23 00:50:10,944 DEBUG 매출 여부 예측 중...
2025-08-23 00:50:12,737 DEBUG 매출 여부 예측 중...
2025-08-23 00:50:14,562 DEBUG 매출 여부 예측 중...
2025-08-23 00:50:16,352 DEBUG 매출 여부 예측 중...
2025-08-23 00:50:18,144 DEBUG 매출 여부 예측 중...
2025-08-23 00:50:19,968 DEBUG 매출 여부 예측 중...
2025-08-23 01:50:20,368 DEBUG 클러스터 기반 모델 학습 시작...
2025-08-23 01:50:20,369 DEBUG 메뉴 클러스터링 시작...
2025-08-23 01:50:20,521 DEBUG 클러스터 수: 6
2025-08-23 01:50:21,663 DEBUG 클러스터 0: 14개 메뉴, 평균매출 19.1, 타입: group
2025-08-23 01:50:21,663 DEBUG 클러스터 1: 38개 메뉴, 평균매출 21.2, 타입: other
2025-08-23 01:50:21,663 DEBUG 클러스터 2: 10개 메뉴, 평균매출 8.6, 타입: main
2025-08-23 01:50:21,664 DEBUG 클러스터 3: 6개 메뉴, 평균매출 87.5, 타입: other
2025-08-23 01:50:21,664 DEBUG 클러스터 4: 7개 메뉴, 평균매출 21.1, 타입: brunch
2025-08-23 01:50:21,664 DEBUG 클러스터 5: 118개 메뉴, 평균매출 1.9, 타입: other
2025-08-23 01:50:42,685 DEBUG 클러스터 피처: (96114, 60), 타겟: (96114, 7)
2025-08-23 01:51:09,679 DEBUG 클러스터별 전용 모델 학습 중...
2025-08-23 01:51:24,195 DEBUG 전체 모델 + 6개 클러스터 모델 학습 완료
2025-08-23 01:51:25,411 DEBUG 매출 여부 예측 중...
2025-08-23 01:51:27,201 DEBUG 매출 여부 예측 중...
2025-08-23 01:51:29,163 DEBUG 매출 여부 예측 중...
2025-08-23 01:51:31,592 DEBUG 매출 여부 예측 중...
2025-08-23 01:51:33,477 DEBUG 매출 여부 예측 중...
2025-08-23 01:51:35,430 DEBUG 매출 여부 예측 중...
2025-08-23 01:51:37,333 DEBUG 매출 여부 예측 중...
2025-08-23 01:51:39,226 DEBUG 매출 여부 예측 중...
2025-08-23 01:51:41,096 DEBUG 매출 여부 예측 중...
2025-08-23 01:51:42,912 DEBUG 매출 여부 예측 중...
