,영업일자,느티나무 셀프BBQ_1인 수저세트,느티나무 셀프BBQ_BBQ55(단체),"느티나무 셀프BBQ_대여료 30,000원","느티나무 셀프BBQ_대여료 60,000원","느티나무 셀프BBQ_대여료 90,000원","느티나무 셀프BBQ_본삼겹 (단품,실내)",느티나무 셀프BBQ_스프라이트 (단체),느티나무 셀프BBQ_신라면,느티나무 셀프BBQ_쌈야채세트,느티나무 셀프BBQ_쌈장,느티나무 셀프BBQ_육개장 사발면,느티나무 셀프BBQ_일회용 소주컵,느티나무 셀프BBQ_일회용 종이컵,느티나무 셀프BBQ_잔디그늘집 대여료 (12인석),느티나무 셀프BBQ_잔디그늘집 대여료 (6인석),느티나무 셀프BBQ_잔디그늘집 의자 추가,느티나무 셀프BBQ_참이슬 (단체),느티나무 셀프BBQ_친환경 접시 14cm,느티나무 셀프BBQ_친환경 접시 23cm,느티나무 셀프BBQ_카스 병(단체),느티나무 셀프BBQ_콜라 (단체),느티나무 셀프BBQ_햇반,느티나무 셀프BBQ_허브솔트,담하_(단체) 공깃밥,담하_(단체) 생목살 김치전골 2.0,담하_(단체) 은이버섯 갈비탕,담하_(단체) 한우 우거지 국밥,담하_(단체) 황태해장국 3/27까지,담하_(정식) 된장찌개,담하_(정식) 물냉면 ,담하_(정식) 비빔냉면,담하_(후식) 된장찌개,담하_(후식) 물냉면,담하_(후식) 비빔냉면,담하_갑오징어 비빔밥,담하_갱시기,담하_공깃밥,담하_꼬막 비빔밥,담하_느린마을 막걸리,담하_담하 한우 불고기,담하_담하 한우 불고기 정식,담하_더덕 한우 지짐,담하_들깨 양지탕,담하_라면사리,담하_룸 이용료,담하_메밀면 사리,담하_명인안동소주,담하_명태회 비빔냉면,담하_문막 복분자 칵테일,담하_봉평메밀 물냉면,담하_생목살 김치찌개,담하_스프라이트,담하_은이버섯 갈비탕,담하_제로콜라,담하_참이슬,담하_처음처럼,담하_카스,담하_콜라,담하_테라,담하_하동 매실 칵테일,담하_한우 떡갈비 정식,담하_한우 미역국 정식,담하_한우 우거지 국밥,담하_한우 차돌박이 된장찌개,담하_황태해장국,라그로타_AUS (200g),라그로타_G-Charge(3),라그로타_Gls.Sileni,라그로타_Gls.미션 서드,라그로타_Open Food,라그로타_그릴드 비프 샐러드,라그로타_까르보나라,라그로타_모둠 해산물 플래터,라그로타_미션 서드 카베르네 쉬라,라그로타_버섯 크림 리조또,라그로타_빵 추가 (1인),라그로타_스프라이트,라그로타_시저 샐러드 ,라그로타_아메리카노,라그로타_알리오 에 올리오 ,라그로타_양갈비 (4ps),라그로타_자몽리치에이드,라그로타_제로콜라,라그로타_카스,라그로타_콜라,라그로타_하이네켄(생),라그로타_한우 (200g),라그로타_해산물 토마토 리조또,라그로타_해산물 토마토 스튜 파스타,라그로타_해산물 토마토 스파게티,"미라시아_(단체)브런치주중 36,000",미라시아_(오븐) 하와이안 쉬림프 피자,미라시아_(화덕) 불고기 페퍼로니 반반피자,미라시아_BBQ Platter,미라시아_BBQ 고기추가,미라시아_공깃밥,미라시아_글라스와인 (레드),미라시아_레인보우칵테일(알코올),미라시아_미라시아 브런치 (패키지),미라시아_버드와이저(무제한),미라시아_보일링 랍스타 플래터,미라시아_보일링 랍스타 플래터(덜매운맛),미라시아_브런치 2인 패키지 ,미라시아_브런치 4인 패키지 ,미라시아_브런치(대인) 주말,미라시아_브런치(대인) 주중,미라시아_브런치(어린이),미라시아_쉬림프 투움바 파스타,미라시아_스텔라(무제한),미라시아_스프라이트,미라시아_애플망고 에이드,미라시아_얼그레이 하이볼,미라시아_오븐구이 윙과 킬바사소세지,미라시아_유자 하이볼,미라시아_잭 애플 토닉,미라시아_칠리 치즈 프라이,미라시아_코카콜라,미라시아_코카콜라(제로),미라시아_콥 샐러드,미라시아_파스타면 추가(150g),미라시아_핑크레몬에이드,연회장_Cass Beer,연회장_Conference L1,연회장_Conference L2,연회장_Conference L3,연회장_Conference M1,연회장_Conference M8,연회장_Conference M9,연회장_Convention Hall,연회장_Cookie Platter,연회장_Grand Ballroom,연회장_OPUS 2,연회장_Regular Coffee,연회장_골뱅이무침,연회장_공깃밥,연회장_돈목살 김치찌개 (밥포함),연회장_로제 치즈떡볶이,연회장_마라샹궈,연회장_매콤 무뼈닭발&계란찜,연회장_모둠 돈육구이(3인),연회장_삼겹살추가 (200g),연회장_야채추가,연회장_왕갈비치킨,연회장_주먹밥 (2ea),카페테리아_공깃밥(추가),카페테리아_구슬아이스크림,카페테리아_단체식 13000(신),카페테리아_단체식 18000(신),카페테리아_돼지고기 김치찌개,카페테리아_복숭아 아이스티,카페테리아_새우 볶음밥,카페테리아_새우튀김 우동,카페테리아_샷 추가,카페테리아_수제 등심 돈까스,카페테리아_아메리카노(HOT),카페테리아_아메리카노(ICE),카페테리아_약 고추장 돌솥비빔밥,카페테리아_어린이 돈까스,카페테리아_오픈푸드,카페테리아_진사골 설렁탕,카페테리아_짜장면,카페테리아_짜장밥,카페테리아_짬뽕,카페테리아_짬뽕밥,카페테리아_치즈돈까스,카페테리아_카페라떼(HOT),카페테리아_카페라떼(ICE),카페테리아_한상 삼겹구이 정식(2인) 소요시간 약 15~20분,포레스트릿_꼬치어묵,포레스트릿_떡볶이,포레스트릿_복숭아 아이스티,포레스트릿_생수,포레스트릿_스프라이트,포레스트릿_아메리카노(HOT),포레스트릿_아메리카노(ICE),포레스트릿_치즈 핫도그,포레스트릿_카페라떼(HOT),포레스트릿_카페라떼(ICE),포레스트릿_코카콜라,포레스트릿_페스츄리 소시지,화담숲주막_느린마을 막걸리,화담숲주막_단호박 식혜 ,화담숲주막_병천순대,화담숲주막_스프라이트,화담숲주막_참살이 막걸리,화담숲주막_찹쌀식혜,화담숲주막_콜라,화담숲주막_해물파전,화담숲카페_메밀미숫가루,화담숲카페_아메리카노 HOT,화담숲카페_아메리카노 ICE,화담숲카페_카페라떼 ICE,화담숲카페_현미뻥스크림
0,TEST_00+1일,6.099200418609065,1.0,6.00717898471829,3.3010967509222704,1.0,1.100784748733327,1.0,2.0374112566490874,1.9190360946235907,1.0,1.0,1.0,1.0,3.280777509848324,8.91263121241359,1.139852272717346,1.0,1.0,1.621612599034887,1.0,1.0,1.5433720805923776,1.0,1.0,4.746594397564966,1.0,5.847809852329667,6.038075509951107,6.601435985820713,2.131525061111116,1.621872055995311,1.777972611547698,2.28062444993436,1.7010242883449191,1.0,1.0,19.320017618956104,1.0,1.233126942381115,21.363387046104464,13.612147091933297,1.0,1.0,1.6321243277253508,1.0,2.026015195849704,1.0,3.5279327786387515,1.0,2.465540708142655,8.957074661847685,1.0,4.799497312938864,1.0,1.1819488350083498,1.0,1.7767172285938344,1.0,1.080590796981148,1.0200282657834572,7.307638073709793,10.866935341386707,14.48780924110278,7.823211063806533,7.143602207165993,1.8182991918754252,1.0,1.0659691868548258,2.747753216184712,1.0,1.852522270182992,3.317753016734869,1.0,1.1000818973035078,2.807791564010608,1.5875230875906898,1.0,1.5808001215817855,1.0,3.5502113208294928,1.859363272066902,1.0437689745114749,1.0,1.0,1.173948319252723,1.7196309591930308,1.030779480368537,1.251281034293207,1.7603592181993504,4.064177460851524,2.151762699942743,1.0,1.889822515448819,5.491122250239972,1.0,1.0,1.0,1.0,22.17949273901539,4.021847509033904,1.1218389441900103,1.0,2.7469011007979387,1.0,162.90000000000003,4.3486888209205805,41.162961696717495,2.468773927645446,2.936364161322385,1.0,1.990525555764198,1.0,1.2959362919514616,1.0,1.0,1.0,1.1709283819553329,1.494655937507419,1.0,1.0,1.0,1.0,1.0,1.0,1.0,1.0,1.0,1.0,1.0,1.060469802546137,1.0,1.0,3.3482202782019663,1.0,1.0,1.0,1.0,1.0,1.0,1.5532280774434817,1.0,1.0,1.404539056936047,1.0,5.199833658602631,1.0,12.993350816990924,2.2986316100847164,12.77052412888358,1.0,6.396621995553116,1.0,1.0,15.96703465699554,1.0,1.0,26.72720406352116,4.39462396771931,4.669985166093318,1.0,7.918425432576208,1.0,5.357391029333092,1.4470873087319496,6.406177434251265,1.0,1.0,5.140372870250565,1.0,2.4322629282249646,1.0,11.212078405125562,2.5299999026553124,1.0138375782902205,7.929816040144573,1.3191120721687029,1.0,1.2595320987627123,3.6947773295725286,1.191012236057987,21.86286063111714,7.950316251695685,20.72629632216791,8.019382958564263,18.410781922175385,17.96006403029502,6.651263061236665,71.93076924711349,50.43298263487035,6.447609856658337,37.46745759435678,8.55982085125888,24.85103882866222
1,TEST_00+2일,4.811725955814975,23.25402727483254,1.7400928040608716,1.3621468958231362,1.0,1.0,6.567106221792681,1.0,1.020296740290492,1.0,1.0,1.0,1.0,1.6724560420138197,11.963823586145086,1.0,16.92570852213717,1.0,1.0,24.715774011037272,5.17722737107923,1.1531504059110165,1.0,2.0,1.8682096068522136,11.487861195875766,5.150365778349029,12.2363678045727,4.152267030553663,1.5027368462029718,1.0,1.0,1.4967105637468685,1.0,1.0,1.0,11.118321347011593,1.0,1.0,13.658638746708812,6.065903614819548,1.0,1.0,1.0998506218368698,1.0,1.0,1.0,2.3671646967243443,1.0,1.3926424592064903,5.768622272838308,1.0,3.327807631408329,1.0,1.3239155237872446,1.0,1.0,1.0,1.0,1.0,4.251940127584394,7.744239832242322,3.013806288370037,5.7832956598097445,3.321107952304077,1.0,1.0,1.0,1.0,1.0,1.0,1.246977928604272,1.0,1.0,1.0,1.0,1.0,1.0,1.0,1.095872532229004,1.0,1.0,1.0,1.0,1.0,1.0,1.0,1.0,1.0,2.0844087438340515,23.064339467571152,1.0,1.167439194664331,3.3363524029267997,1.0,1.0,1.0,1.0,11.863244133791532,2.1674952739462636,1.0,1.0,6.332980369618274,1.0,54.77061060003643,69.17177078919602,17.814981988997122,1.538134177718323,2.201819082839454,1.0,1.2392550383300174,1.0,1.0,1.0,1.0,1.0,1.0,1.0,1.0,1.0,1.0,9.045175514359745,1.0,1.0,1.0,1.0,1.0,1.0,1.0,1.286194481147012,1.0,1.0,40.0,1.0,1.0,1.0,1.0,1.0,1.0,1.019825756931668,1.0,1.0,1.0,1.0,3.2153894360566477,1.0,36.09840722550137,25.259664694331686,5.274907373520171,1.0,3.849152252005294,1.0,1.0,6.695416512211797,1.0,1.0,9.052509095357795,2.2641113823806704,18.560986179979004,1.0,4.058554014168813,1.0,3.098665625415071,1.0,3.2970058220736123,1.0,1.0,2.74039606166809,1.0,1.0,1.0,2.3491270839026535,1.0,1.0,1.170526572795057,1.0,1.0,1.0,1.373212866531074,1.0,5.415664363045924,1.3422886758230026,5.3691844391319865,2.144761490061104,5.819806556284363,5.143891077577062,1.4780187384418604,2.4801969620898108,13.545738263993496,1.24737245039438,4.177388857091473,3.1859012030275684,5.470184785654191
2,TEST_00+3일,4.485677214563719,41.33365954310966,2.240612149457191,1.61935480050634,1.0,1.0,20.10534918128303,1.2413945950733534,1.5051501539798506,1.0,1.0,1.0,1.0,2.289094014874416,6.998373148931754,1.0,8.176121129594286,1.0,1.0,13.654133075678166,11.954563213405908,1.0,1.0,1.0,20.900000000000034,18.61002515248717,3.5226487203746624,28.97686082956727,3.2187329789537142,1.4320651492660017,1.0,1.1251756198894605,1.6004618425313948,1.0,1.0,1.0,9.555010511980356,1.0,1.0066922910672376,11.93393419036492,5.359174654788243,1.3685665804802152,1.0,1.1562054224657683,1.0,1.0565779755144749,1.0,2.19615414225134,1.0,2.1159661536051133,5.64322163195687,1.0,3.0706514461277457,1.0,1.4983110850974162,1.0,1.0,1.0,1.0,1.0,2.545691188073834,5.18618547295108,3.6697519447400286,5.209578585464231,2.9978073627631208,1.2922443035898268,1.0,1.0,1.131727313814923,1.0,1.0,1.9910131099138888,1.0,1.0,2.033930698017329,1.0,1.0,1.1203958488198504,1.0,2.042740729609158,1.1453398121781289,1.0,1.0,1.0,1.0,1.4668597453626038,1.0,1.0,1.3869702516517215,2.4574324250502295,43.16223531974536,1.0,1.208480825506832,3.459937188950222,1.0,1.0,1.0,1.0,12.968247345331408,2.3976573233640988,1.0,1.0,4.156464684961708,1.0,10.905495177483044,48.40507448644648,7.492180099636665,1.6199336206625374,2.3283255471486792,1.0,1.5058435023377348,1.0,1.0,1.0,1.0,1.0,1.0,1.0,1.0,1.0,1.0,23.069171089961216,1.0,1.0,1.0,1.0,1.0,1.0,1.0,2.499535528066331,1.0,1.0,40.0,1.0,1.0,1.0,1.0,1.0,1.0,1.2377392638381075,1.0,1.0,1.0,1.0,2.8134496516590777,1.0,67.25480490908738,33.755129187230565,5.455640889704036,1.0,3.9133021992845785,1.0,1.0,6.113116001147289,1.0,1.0,8.389933473510819,2.545933110931919,22.002619114480353,1.0,4.126948824731827,1.0,2.6702102367557647,1.1415469189602017,2.599917199232839,1.0,1.0,2.631504375463267,1.0,1.0,1.0,2.5131748560799547,1.0,1.0,2.728498664651924,1.0,1.0,1.0,1.4059609058293676,1.0,8.227513313322302,4.747473618355702,7.198308857009336,3.901376740560884,8.832945865721497,7.657483651081754,4.498638104660063,17.539895516084563,31.927858636170185,4.096660321064112,22.613015421906724,5.043168027717651,14.001927636742652
3,TEST_00+4일,3.2913930598159284,31.61337152377375,2.0515531245415084,1.870386694559501,1.0,1.0,13.141822106853349,1.3761330082948482,1.325106348049242,1.0,1.0,1.0,1.0,1.9998504124183616,12.612433853501988,1.0,6.897285261594906,1.0,1.0,27.247201736172535,4.542828467907833,1.0,1.0,1.0,7.234554523481276,9.801495613233516,11.03036737931125,35.35560226502805,3.41725903024879,1.5931301083785376,1.0,1.124905347608239,1.5789783427396105,1.0,1.0,1.0,9.365595711097612,1.0,1.0,7.993277968010372,4.574138970860994,1.0,1.0,1.3946659489700155,1.0,1.1418011900969884,1.0,1.9529949148286976,1.0,1.2385270199658094,6.096386082872716,1.0,2.903794238586451,1.0,1.7153129989399671,1.0,1.0,1.0,1.0,1.0,3.648941281383161,4.848719468456026,3.2171846446771664,5.0093202967567985,3.2320229691984697,1.6730155990574884,1.0,1.0,1.5110880547123746,1.0,1.0630494321233994,2.2962443090608824,1.0,1.0,2.116020209086068,1.29583182609536,1.0,1.3295203336265848,1.0,2.320464426693447,1.181285037367486,1.0,1.0,1.0,1.0,1.1162138831760258,1.2331055411556906,1.0,1.68327287998541,2.5454956369477446,56.50500495455129,1.0,1.091753689760203,3.417908580395227,1.0,1.0,1.0,1.0,15.866823669676128,2.389758545241712,1.0,1.0,5.125560159978397,1.0,12.723994186346694,43.68745622808936,12.099567923173478,1.6204713581323122,2.288021821691055,1.0,1.3721795598929023,1.0,1.0,1.0,1.0,1.0,1.0,1.0,1.0,1.0,1.0,21.46380985180181,1.0,1.0,1.0,1.0,1.0,1.0,1.0,2.366714858531833,1.0,1.0,32.389635728638424,1.0,1.0,1.0,1.0,1.0,1.0,1.459697611116119,1.0,1.0,1.0,1.0,3.0754566800254906,1.0,48.158485271625096,60.962835335493025,4.546554965723233,1.0,3.558560961159928,1.0,1.0,5.949342519361648,1.0,1.0,8.01555386696964,2.5206955131592133,29.0,1.0,3.5613716985446127,1.0,2.521425693341725,1.0,3.4607672847596,1.0,1.0,3.2713100932429,1.0,1.0,1.0,1.4273890302153318,1.0,1.0,1.4193714801295276,1.0,1.0,1.0,1.0,1.0,7.110363191467195,4.037379642177659,6.447584050039099,3.177389420192188,6.994743480994697,6.7528383805321095,3.9837736439816527,18.13388840152084,14.205125566805922,3.8604765488168393,16.14513788450865,5.025858513403827,9.431439409750055
4,TEST_00+5일,5.094650140502238,105.60000000000014,5.3881854792195325,2.274856453744399,1.0,1.097496278246174,31.900000000000034,2.0008276320103326,1.8854635308311969,1.0,1.0,1.0,1.0,2.4332265296354247,16.724944413601087,1.0,44.30631645316638,1.0,1.0,55.14778222978072,27.330016590707956,1.0,1.0,1.0,1.0,14.259024219259482,12.944050672158475,79.53458054872465,4.018269533721547,2.4232853673993224,1.2113064954000416,1.329237247742444,1.7912042152592875,1.0989196194368551,1.0,1.0,11.073317564773252,1.0,1.1512542856055203,15.747290891335425,7.461499357760055,1.483396719980749,1.0,2.0,1.0,1.3317271417158492,1.0,2.231650219120496,1.0,1.8088302350022187,8.042216596788968,1.0,3.488214520768566,1.0,2.832097318861138,1.0,1.3301871262126894,1.0,1.0,1.0,3.154048813683213,6.866576311763783,2.2057899518408677,3.6682520881646568,5.523232111399277,2.15667830630557,1.0,1.0,1.4998550191058322,1.0,1.2798002902258925,2.420154614945441,1.0,1.0,2.1472057110729916,1.3209376479901018,1.0,1.2714703926042272,1.0,2.430880069723099,1.4684876058891805,1.0,1.0,1.0,1.1681479046003374,1.5419925868162894,1.0280955101202545,1.0,1.879562616061224,2.7880804539368627,48.35718333710577,1.0,1.3217667236465984,4.561852997022116,1.0,1.0,1.0,1.0,14.169215265901052,2.544669932531598,1.0,1.0,5.946054421191572,1.0,14.697264382653982,40.727900097328074,15.917509436506451,2.0834089544990686,2.5561092073691283,1.0,1.32897041100683,1.0,1.134972795546846,1.0,1.0,1.0,1.006308783946455,1.0,1.0711360313167746,1.0,1.0,59.900000000000034,1.0,1.0,1.0,1.0,1.0,1.0,1.0,3.929576514740543,1.0,1.0,40.0,1.0,1.0,1.2330834918864486,1.0,1.0,1.0,1.9440318715421685,1.0,1.0,1.2655466382529428,1.0,3.070522788127027,1.0,59.61269531513434,91.72597562972612,4.512603534913047,1.0,3.456100722995661,1.0,1.0,6.898302517758722,1.0,1.0,6.070575282404293,2.59547882782517,22.735374947570044,1.0,3.3654827107898955,1.0,2.6104722406049605,1.0105710686422822,3.049945495068512,1.0,1.0,5.830762524914378,1.0,1.0,1.0,4.299570645895396,1.0,1.0,2.118578859647541,1.5828307670639938,1.0,1.150034072718097,1.0,1.0,6.9774101069464205,3.882941995836803,6.036020203177811,3.096321890341782,5.950893928113789,6.616461680356508,3.983474416114196,25.14927816962883,22.90026335660371,4.005342807340824,18.998345041608783,10.174919835381834,14.189042176453034
5,TEST_00+6일,8.944069369494837,43.83161013837705,6.197970635219248,4.492508554361283,1.2899385033596755,1.78453855423201,24.43417949050109,4.229722328208659,3.360935006547855,1.0,1.5799663751564397,1.0,1.2704591707973594,4.556158034577996,23.742738033297,1.8354411586581167,42.30888272692954,1.2283543571444666,1.72949967184704,54.821610574543,13.696739663257096,2.3901680308637205,1.0,1.6991235108571876,20.900000000000034,16.264730226697175,14.12504090911791,77.83628316502414,4.638359403641299,3.0076025227631216,1.7804889040957257,2.1382589520115833,2.5976081635126027,1.7828264331542016,1.0,1.0,23.477858716915403,1.0,1.7098534150290068,24.422625107838385,7.364500488028397,1.6567170096823027,1.0,2.0,1.0,2.012405710202823,1.0,3.3910444356573106,1.0,3.4418125224124476,9.32221670013319,1.0,4.918429673366966,1.0,2.3965399842067288,1.0,3.009907292056938,1.0,1.2579294701265964,1.3221826024509888,5.218353037420371,12.518113681815818,8.852572924831925,7.47081545637487,6.311510262130592,2.728385960129876,1.0,1.0,2.104914615522391,1.0,1.7813424766428627,3.304821412508172,1.0,1.296975359906788,3.405781425821222,1.8825467683449033,1.0,1.9325543534441416,1.33511488073885,3.28208707106974,1.853839650890586,1.132294872328058,1.0,1.3227544170481549,1.8270999523481657,2.3340170991519145,1.2975942587378413,1.496446087833899,2.3238632738911997,3.4954054088933164,51.17833377881195,1.143116287485967,2.1631108550568667,8.410461578169702,1.2532040109915534,1.205213907450922,1.0,1.0,21.07550606836376,5.622887242823767,1.4649746772550736,1.0,6.398679308772231,1.0,14.695266786532615,63.2431653721067,16.74546542427592,2.9670332610437047,3.838871847401356,1.2133446932104013,2.711043346964289,1.160404010082109,1.7674932688119944,1.2421003343993051,1.0,1.371954576901584,1.5940736168939276,1.5071098234323437,1.4326891284032086,1.514119012831272,1.0,55.27340973377206,1.0,1.0,1.0,1.0,1.0,1.0,1.0,3.768973718633254,1.0,1.0,34.55992964080537,2.108076056516162,1.2752005311532677,3.640696839599769,1.78858146070361,1.0,1.7996002361734704,5.913436304284799,1.6926867229057687,1.0,3.0343041739272163,1.2199669506380972,4.134664262688167,1.0,116.816592144646,161.3135733787371,8.141276234845028,1.0,4.530059707196508,1.0,1.0,9.378529074404865,1.0,1.0,7.325039709801168,3.4549816466630983,29.0,1.0,4.885719642399315,1.0,3.670684429692092,1.373995461112712,4.458053497084423,1.0,1.0,8.2759729197952,1.0,1.6569831992783788,1.0,4.568756289194814,1.0,1.0,4.318773228272002,3.140833522347904,1.0,3.9255342013915207,1.7333599109311022,1.0,14.10698143601654,5.5344124131127925,11.81614668843918,5.619622708460567,12.875191629559993,12.014473129625094,5.956594894956803,32.16693770250512,22.93013205085144,5.036137189394745,25.31959767295128,7.26635350234712,17.256086550913103
6,TEST_00+7일,13.36463448246112,10.39399656027594,10.106070791417414,7.829956650426901,1.4985496080139198,2.3476293976624856,6.989594343909831,5.532772554129599,4.531383759701268,1.0,1.5555501010073267,1.2325006340155575,1.9888911032259144,5.0,33.86659608809794,2.98377753743265,8.354083190465925,1.64226405043233,2.5713718657384628,24.917283159577973,1.926198421333563,4.601004505173065,1.0,1.0,20.900000000000034,8.260801017702605,6.633866931458266,12.07071715200768,6.594452741116238,4.150314741575539,2.6279414325945356,2.701199988500738,3.8999371172846913,2.6902156807900393,1.0,1.0,40.57649124433035,1.0,1.9994764488538777,24.24734009149091,10.853913579853144,2.0,1.0,2.0,1.3313638010228397,2.847572698982221,1.0,5.46287306900806,1.0,4.845957849411823,10.702192821615904,1.5613806573795377,6.267882365596982,1.0843714760968806,3.263573222451414,1.390390608086969,3.7520113497071206,1.0,2.0832779694262156,1.7680129935611055,7.8629225007231796,11.552233963143344,9.699739672722483,9.875336319770264,11.053198401525185,2.986966884375382,1.1234555857763813,1.6695185144973297,3.5852608604686793,1.0,2.391343459612397,5.0,1.0,1.7916724150284125,4.0,2.74027714744569,1.0,2.1765287268539,1.4551545640401662,4.324441145343607,2.0,1.5266393133012317,1.0,1.758306433973742,2.3138537650098185,3.7916560582192567,1.5374454716680712,2.272057022940933,3.2346613445525954,5.175552845535899,1.0,1.7067237692960922,3.8133484379612455,11.927264421248566,1.5082718761882168,1.1329493121555838,1.0,1.358187455702637,14.190564670304338,9.02268411504244,2.0834528300595125,1.0,7.007945272151765,1.0,161.7700425492036,1.9499417405286188,29.475260713035063,4.089093413168387,5.048912292892474,1.5706415518486754,4.583079349637416,1.8098014022037168,2.2567678792953036,1.627626773308843,1.0,1.9778121110990172,2.2964571388097212,2.3084026723329556,2.01500762872889,2.0,1.0,3.916460991232121,1.0,1.0,1.0,1.0,1.0,1.0,1.0,2.8117736135281985,1.0,1.0,5.597977117620557,3.2735862594497567,2.1524793484720597,4.961962711481006,2.792371863172485,1.0,2.661404378640934,8.811683211293191,2.0,1.0,4.313228251285484,1.634592183635756,8.11986546983174,1.0,88.3273499838814,51.18523527591671,15.03853201374423,1.0,9.01389327753166,1.0,1.0,18.05288523930699,1.0,1.0,25.044433367207812,7.759861390269961,8.368234987101484,1.0,9.581964606041277,1.5591141186476565,6.7417800709429425,2.809896760794543,8.742456462276985,1.0,1.0,8.789053751366591,1.0,5.358641300541091,1.0,10.765805887178589,3.073140322550957,8.5933841510387,7.350773908724911,16.754935931753355,8.176756311582514,2.952963912047166,4.754470230993576,2.457222293422237,24.058295540161232,11.045379656137657,22.15027799725164,9.32027192033398,22.409236853202028,22.16741918207667,10.455732339326556,68.70995310572869,46.70144962707316,8.571694803438765,49.73498030363265,12.42460652776202,28.4755509372208
7,TEST_01+1일,5.424687005586716,1.0,12.067451453474792,3.5632298225604293,1.0,1.6704575659280667,1.0,2.360652020172413,3.446745979495494,1.0,1.0,1.0,1.0,3.37812562536792,17.30226358804108,1.3693737795549636,1.0,1.0,1.6535815863297176,1.0,1.0,1.0,1.0,1.0,5.080723477362289,2.472562009014796,3.098354333547429,7.257306726399361,4.406377627543004,4.73862000795494,1.8983852134681,6.0789072103576745,4.212711318467919,1.615265563236972,1.0,1.0,43.83144463595739,1.0,1.767670256110607,35.093473924942224,12.541874253129349,1.522257680038502,1.0,1.0,1.0,2.7499722631550916,1.0,4.656872121648457,1.0,5.570345768211386,10.497270998751898,1.6740910082925646,4.36041929954822,1.0,2.551734135425799,1.094046663619888,2.7821426458868124,1.0112059308799255,1.1510889575690102,1.6119894779937691,17.03583011025338,7.763203491917521,12.118140119891084,8.80383457165566,8.818952278620758,1.6364911260214026,1.0,1.486581476487384,4.000396214135304,1.0,1.9641552111329912,1.0,1.0,1.0,2.6944573991319873,1.4916448057337286,1.0,1.396814119056579,1.0,2.266597749885639,1.7804056638065489,1.4803165504683715,1.130187005786237,1.6492963711737354,1.0,1.456697796917113,2.0,1.5781239048348532,1.492877624980023,3.986869218961143,8.333556721846584,1.5410419530325574,3.072139723751353,8.776416958680468,1.0,1.0,1.0,1.0,26.55680112036388,6.15164991676261,1.5073205574389417,1.1437237275810526,5.674602408184334,1.0,160.64163329077013,1.0,41.639102697164226,3.983688136337724,4.762179010592975,1.0,3.0969789447754863,1.0,1.987824072974354,1.0,1.0,1.099845960925809,3.4531049727046605,1.7182641983036224,1.5555896789687194,2.0,1.0,52.77605133972948,1.0,1.0,1.0,1.0,1.0,1.0,1.0,1.0,1.0,1.0,1.0,3.39537720533968,3.55781600196787,3.874204490774,2.4025810824248057,1.0,1.3097999785065424,7.29026097572588,1.0,1.0,5.438371847597056,1.7585539304653248,8.103712435785043,1.0,68.530258405856,7.119990980967939,13.295136249005903,1.0,9.460905692319772,1.0,1.0,20.03559508441682,1.0,1.0,20.770334785466968,8.143251365776793,1.0,1.0,13.776121975689223,1.0,8.049635368622514,3.011567383291183,12.089229020788368,1.0,1.0,13.0,1.0,2.572604967032705,1.0,15.022539944164086,2.58822079110228,1.1135033055036148,7.918748214355292,2.7596198202938775,1.0,1.4844249112037666,3.60354417266226,1.1888196925365866,10.976278150694045,8.689289198234116,12.147478700913982,3.7882036938139727,12.90746758103193,11.4848526162294,5.083415110367279,34.78114652669072,30.135024663367396,1.0196038557577127,32.28749928237329,6.367138626747681,24.73349823459079
8,TEST_01+2일,2.750556467465613,3.455687117611046,4.421894552741135,1.3539576804835087,1.0,1.0,3.5052293711845297,1.0,1.4934363327372018,1.0,1.0,1.0,1.0,1.9470795462297004,11.732410545176045,1.0,3.3756361606497185,1.0,1.0,6.893331512554715,3.602889759911659,1.0,1.0,2.0,8.396735093285582,9.362731122744645,1.5626091644888067,14.075492827297497,2.4572974036600073,2.4928119956223345,1.0471720254058203,3.811280544801382,3.0584916190846356,1.0240934033766238,1.0,1.0,25.71638878089968,1.0,1.0,34.848059941464015,5.601454961684938,1.0,1.0,1.0,1.0,1.8579978752315816,1.0,3.5774925361317984,1.0,4.573217979902176,7.984806068256335,1.0,3.4545084105681227,1.0,2.163712752462359,1.0,1.6825293534803156,1.0,1.0,1.0,9.490342139870036,4.6514948716135915,6.660575207725038,8.679592013723664,5.479477665400025,1.0,1.0,1.0,1.608085705412455,1.0,1.045698509405213,1.0,1.0,1.0,1.0,1.0,1.0,1.0,1.0,1.0,1.0,1.0,1.0,1.0,1.0,1.0,1.0,1.0,1.0,2.1391726225327896,2.2241488761985284,1.1481521822905203,1.8645416233673977,4.614075116210915,1.0,1.0,1.0,1.0,21.312435693719216,3.3401023403739476,1.0,1.0,12.339386181318202,1.0,15.683957813487982,1.0730203645974716,28.26759220419,2.6412135216998167,3.793541831264679,1.0,1.6397934012215325,1.0,1.0859408388572365,1.0,1.0,1.0,2.3090965952218205,1.0,1.0,1.235663502020928,1.0,32.73862813841844,1.0,1.0,1.0,1.0,1.0,1.0,1.0,1.0,1.0,1.0,7.249281514191414,2.2685164150848163,2.0124389330429855,2.350770024168648,1.1578414676379212,1.0,1.2395131321507054,4.827861387885799,1.0,1.0,3.5514257761850265,1.0,4.837525502008145,1.0,21.15767879916408,19.462562301503898,7.887930683321055,1.0,6.5438893721288585,1.0,1.0,10.630198809033574,1.0,1.0,11.349636389184653,5.059133627210375,1.0,1.0,9.179789368963142,1.0,4.825539997460841,1.8676559400710588,6.2865242409062105,1.0,1.0,9.151022958031607,1.0,1.0,1.0,3.710657879397637,1.0,1.0,4.502431178419246,1.0,1.0,1.0,1.0,1.0,4.632558854494747,2.843550333186625,5.807897161972865,1.0,5.720850707782918,4.857397776651464,1.0,16.189383247470147,13.38045519107034,1.0,7.19760597695355,2.6619250519323057,11.58184255935239
9,TEST_01+3일,2.2981150308201284,4.636273874720898,5.702710788609026,1.4530231507074551,1.0,1.0,1.8685913429507797,1.0,1.854441987537788,1.0,1.0,1.0,1.0,2.24088089168432,8.770094811060503,1.0,3.958440029650199,1.0,1.0,7.887301835962544,1.7527764741756715,1.0,1.0,1.0,12.719672595142129,21.0,1.5188168405419724,19.05253075848244,2.090508468993839,2.629530413734641,1.0,3.312923527425477,2.7403707974365004,1.0,1.0,1.0,20.853045585934936,1.0,1.0,28.38866557848331,7.591236158483979,1.0336496746605122,1.0,1.0,1.0,1.397143141807652,1.0,3.2966213183467024,1.0,3.3780759860825635,8.312411970779618,1.0,2.790863454063761,1.0,2.2365405265296396,1.0,1.489411919051522,1.0,1.0,1.0,6.58165761354847,3.585911134279764,5.247591912318061,8.151997325696566,5.030380201554528,1.5117807541816612,1.0,1.0,1.9541625309485964,1.0,1.0,1.0,1.0,1.0,1.7527981933016032,1.0,1.0,1.098740901937838,1.0,1.274207970765922,1.074701129148404,1.0,1.0,1.0072521118008484,1.0,1.4189597922541115,1.0,1.0,1.0,2.3858613900476735,14.78719388965911,1.1033897160001782,1.497034888510961,4.199664681564196,1.0,1.0,1.0,1.0,18.321952513422076,3.726098445217574,1.0,1.0,10.490129537730532,1.0,13.401945658407367,2.2282411115887606,23.50406674754311,2.250462097817521,3.2885291816357,1.0,1.357424331019271,1.0,1.171125576704927,1.0,1.0,1.0,2.0409056215117776,1.0,1.0,1.0958697856710389,1.0,22.849196216047975,1.0,1.0,1.0,1.0,1.0,1.0,1.0,1.0,1.0,1.0,40.0,2.116374640223192,2.1230345513821063,2.290590365495346,1.0,1.0,1.2767480469558947,4.343721405991384,1.0,1.0,3.451664521275191,1.0,4.586831270248361,1.0,34.37901976735777,27.04077656102818,8.052197533147767,1.0,5.520570608945016,1.0,1.0,9.776554136270237,1.0,1.0,14.154840713887369,4.4804493947755395,1.0,1.0,9.00144679095791,1.0,5.466518927694098,9.523476805110436,5.290287651851161,1.0,1.0,8.904588509276092,1.0,1.1422884811321874,1.0,2.6777650951263463,1.0,1.0,3.63121106014005,1.0,1.0,1.2243128831319454,1.0134913180787777,1.0,6.128908563394098,5.124446088027687,8.415272575469398,3.664961531449676,7.768404136010327,6.412049993896252,3.0270271448509005,29.065906139722717,21.04601773378572,3.352993863149618,17.34608779968974,4.979429836094541,16.87695247007364
10,TEST_01+4일,2.8908148922005963,11.277717241242543,2.6422244775573973,1.7448872142800238,1.0,1.0,4.490861954622003,1.0,1.9623829568926492,1.0,1.0,1.0,1.0,2.251429343133675,7.004713425409342,1.0,10.213810025378011,1.0,1.0,7.335791609963028,4.2575123334477585,1.0,1.0,2.0,14.36136631925425,10.268314925673586,6.8240438083583,32.0738056494541,1.9469892960769324,2.492374261360768,1.0,3.255790017848707,2.2467219845332456,1.0,1.0,1.0,25.639538400752965,1.0,1.0,19.798801823100156,4.453189057642862,1.3314569381094166,1.0,1.0,1.0,1.367205813470165,1.0,2.9126788702663258,1.0,3.151668230616428,7.536933215817859,1.0,2.6409109895117604,1.0,2.1597153841229426,1.0,1.473442868524525,1.0,1.0,1.0,7.762238861230016,4.573086251249943,4.8391374630709185,7.802647531488469,4.6114355631094925,2.044052226251175,1.0,1.0,2.273765684751123,1.0,1.0,1.0,1.0,1.0,1.8543963845418152,1.0,1.0,1.3427485361601246,1.0,1.539368113756986,1.0618487921378907,1.0,1.0,1.028502379928664,1.0,1.436886477255351,1.10434477214367,1.0,1.000753366102413,2.561854433202122,7.862856542007289,1.0,1.6056203308432062,3.459277060842728,1.0,1.0,1.0,1.0,15.708386469116592,2.4368898726551316,1.0,1.0,6.258693028270713,1.0,8.508968644345227,7.133823618971013,16.814543842631462,1.9317317020338272,2.6347590308856557,1.0,1.4222150477461462,1.0,1.0,1.0,1.0,1.0,1.5160407703303989,1.0,1.0,1.0,1.0,28.342973685385108,1.0,1.0,1.0,1.0,1.0,1.0,1.0,1.0,1.0,1.0,26.91400305125644,1.6263437146887685,1.89244527391937,1.974934575017544,1.0,1.0,1.0255016688018732,4.141009542831791,1.0,1.0,2.550299264758513,1.0,4.191789496714016,1.0,48.9415518497621,42.27983144376065,6.458043892960107,1.0,4.1419990512675,1.0,1.0,7.423127791472804,3.3043638455084405,1.0,10.186656393095706,3.9024193294911664,1.0,1.0,7.094696193342361,1.0,3.761671282368578,1.3598979942682563,4.597387620580574,3.3043638455084405,1.8120837664920364,7.218428152150021,1.0,1.0,1.0,2.749366652769109,1.0,1.0,2.5589536004987123,1.0,1.0,1.0,1.0,1.0,3.6727002345838664,4.242311558900243,4.502384065867026,5.889246087773241,6.90910256285594,4.104718985081832,2.807263105999882,22.77936893802158,13.368044019463236,1.5316570270775771,12.903456457789138,3.8398968691337743,12.872421143884566
11,TEST_01+5일,2.7385837008602705,22.4546169080029,2.6739979592380405,2.350627124981258,1.0,1.0,18.68061310015644,1.0,1.939227949084955,1.0,1.0,1.0,1.0,2.559583507319362,7.635767650041919,1.0,21.062631633875046,1.0,1.015142202974685,29.0924563458169,16.319837382272297,1.0,1.0,1.7939874412186394,19.88198307355424,21.0,9.20345421547611,34.16695450999871,2.52972102011141,3.0150888510389793,1.13226260058305,3.455537426124778,2.420476998450268,1.0,1.0,1.0,24.85022699016703,1.0,1.0,25.19024006027378,5.404823508493618,1.217278290537809,1.0,1.0,1.0,1.493692034408671,1.0,2.851189050502797,1.0,3.357916835557861,7.05834418364694,1.034462647071792,2.606419463680825,1.0,2.0167855216748123,1.0,1.6077092702180154,1.0,1.0,1.0,5.661809059091862,5.262070901293745,4.861164672793963,6.0637594761358535,5.379340926922631,1.8672750051993972,1.0,1.0393117431209782,1.9254841402695528,1.0,1.0221081020907925,1.0,1.0,1.0,1.8039566017945423,1.0,1.0,1.2881824101676125,1.0,1.8613050717384052,1.1458063845605089,1.0,1.0,1.0,1.0,2.0883120319974013,1.0,1.0,1.0,2.41918873984783,21.419210883600208,1.0,1.9490931276964816,4.164927272222145,1.0,1.0,1.0,1.0,15.713843134948196,3.272108938344381,1.0,1.0,9.339105025851934,1.0,14.436805363232198,4.324756658463963,18.331513238952155,2.2766526218688825,3.0194756942672627,1.0,1.0275014246715226,1.0,1.0,1.0,1.0,1.0,1.55908330380765,1.0,1.0,1.0615558116117123,1.0,57.65629999286826,1.0,1.0,1.0,1.0,1.0,1.0,1.0,1.9048663097516187,1.0,1.0,40.0,2.501400491524788,1.8340377041189095,2.654937546828165,1.1779548594398337,1.0,1.3250264217613354,3.9451911649774742,1.0,1.0,2.986895749943367,1.002270550522167,4.205423529160146,1.0,80.00120452050662,82.84263532718684,6.594259789742865,1.0,4.350952033631439,1.0,1.0,7.621397963268534,1.0,1.0,9.288407599252723,3.830327805570316,1.0,1.0,7.151605528830924,1.0,3.6368707300524816,1.2040913378533051,4.216771160818573,1.0,1.0,7.849476627755295,1.0,1.0,1.0,6.700365738772756,1.0,1.0,2.7246092725198814,1.0,1.0,1.0,1.0,1.0,3.3967213109802303,3.495577597942584,4.518515044445792,1.8339534504121564,6.55061567371371,4.315669453821274,2.477158927116441,24.248136306224566,18.699978500126942,2.544573737761043,21.500004173274466,3.963511399540967,10.49434411097305
12,TEST_01+6일,6.0000766686762494,14.721105986227116,12.490690871666656,3.461215422436799,1.0,1.7346829333670333,7.394146257013237,2.209677027062644,3.798072207526319,1.0,1.4886439603509645,1.0,1.0,4.665903960585504,15.847051059701949,1.2309280480194849,12.681574154110216,1.0,1.6365037510701652,19.499729505576628,7.031031324481119,1.4119154758402257,1.0,2.0,17.789243444743896,21.0,16.39044661895893,52.29009570243205,3.5345080559376822,3.690911221217211,1.8245872208155849,4.512817759614627,3.1170371391759777,1.5916454718181696,1.0,1.0,30.247594710389087,1.0,1.509335052844906,29.363827540715736,7.226841614265319,1.3269088717873068,1.0,1.0,1.0,2.3128793844547975,1.0,4.205990051947953,1.0,4.210301773579552,8.125446506885448,1.449338710797803,3.5102427728966163,1.0,3.046444908178775,1.4278802152852923,2.5263398487410895,1.100395114219119,1.4134313022393654,1.381208135634133,8.40683696750851,9.715374919235824,6.825475218444913,8.887678062335052,6.321229598653035,2.2404836537802444,1.0,1.7168710282550683,2.6185526594588096,1.0,1.3686202407199308,1.0,1.0,1.0,2.543797862363702,1.5241664128835724,1.0,1.9048652197739917,1.0,2.4307427861798594,1.698822278517387,1.1200601941084949,1.208319450380968,1.4199992325585695,1.2012705061580573,2.0209510434822855,1.0,1.4710003528638118,1.436568877290263,2.8353894365370884,38.71714475449552,1.4440375589611991,2.5170338397527643,8.599563477563073,1.0,1.0,1.0,1.0,28.503989523369633,5.032632382420681,1.356653877080373,1.077624878003465,9.78013969062153,1.0,13.358561486338573,6.795111094755724,30.31168874430356,4.247325829710745,3.963512289392395,1.2213313864891644,1.9963763934995191,1.0,1.5366126338064978,1.0,1.0,1.1904587221683225,2.383346059134059,1.6291356957196217,1.2986173664352665,1.4178095457253896,1.0,28.63194726441156,1.0,1.0,1.0,1.0,1.0,1.0,1.0,3.01212920581684,1.0,1.0,40.0,3.346017541087866,2.8691557319753747,3.191153588518364,2.0000470083028485,1.4268414310267008,2.3124051771086496,7.173712870755503,1.3933937680772726,1.0,4.078796123292454,1.843513236998522,5.629231614440076,1.0,76.59946861263668,87.0121909083853,8.57607807809374,1.8762837832603525,6.792549562079015,1.0,1.0,12.295378026902092,4.314121886030002,1.0,13.749786322410564,4.974948321096707,1.0,1.0,9.64766684739463,1.0,5.359580870081776,1.9874419374101324,6.220214378119497,4.314121886030002,1.8762837832603525,8.820927039515214,1.0,1.0,1.0,5.84828868867648,1.0,1.2065882156570944,3.4772577576335633,1.0,1.0,1.3527273739439638,1.0,1.0,5.349490881889672,5.12572183694869,7.555108655018055,4.103074388022329,8.92917005045172,6.976991116679407,4.535628529361693,35.88297493752858,20.24977849915383,8.183583888797683,26.32189190319965,5.5480800096704055,15.65481857969232
13,TEST_01+7일,9.83653119018825,13.29788137895661,12.45481596791666,6.29293687594156,1.412437585677704,3.0,1.0,3.813122002506144,5.0,1.0,2.3667679760310807,1.5121004280740995,1.4037746050642963,5.0,19.086541594684547,2.065924431612742,1.8027112192258177,1.2090538226017524,2.6020563059186586,1.0,1.0,1.8845472451611551,1.0,1.0,2.861128158760665,13.172345031554949,4.389958000628174,25.286317562098624,5.490899309140704,6.577275845797316,2.8818671917826437,6.59120577242442,4.873295845915373,2.1193737384703,1.315777283844792,1.0,48.52423131718455,1.0,2.495287190856672,36.28352023214656,14.691115093445084,2.0,1.0,2.0,1.1101160811401107,3.501813036340621,1.0,5.556675184049858,1.0,6.465468932015679,10.374340459806108,2.479613598808533,4.2705059637197715,1.4849016485149733,3.407991202475001,1.773362600653427,3.8548171018413258,1.926572472025098,1.552871146215563,2.0,15.57594422950756,9.432846320334097,10.294840632291448,13.004922308495576,9.482579295925392,2.708780352307498,1.0,2.340407144230185,3.856680804034954,1.0,1.7865030397094643,1.0705899822352352,1.0,1.0,3.3778910696853757,2.48579464136332,1.0,2.1443995425014366,1.0,3.46063867467349,2.0,1.956659623179581,1.4902991234792935,2.046484843460167,1.552891405110954,3.2794182245311445,1.761946728229833,2.151857956317572,1.9984323313404488,4.330762172850806,11.3441784096382,1.8964249248919445,5.672109232572368,13.886466858374368,1.3765862037708143,1.2169012513558115,1.0,1.2252898256396008,15.741072788316329,10.65809491238694,1.927237591075477,1.6165950391846176,9.42786527716814,1.0,100.30684289478276,7.56521634218274,23.338102977039643,5.915808048925012,5.633955740001059,1.5078572748274832,3.7620271573812234,1.402923004112847,2.436171985952929,1.0796227375746277,1.0,1.829019023832092,3.487245140362923,2.520766691640068,2.611559907957067,2.0,1.0,17.988046624243076,1.0,1.0,1.0,1.0,1.0,1.0,1.0,1.7904563786895216,1.0,1.0,8.322061128353551,5.102052123322257,4.858102680414694,4.574589492561675,3.8370740610122582,1.447594675642452,3.0252280557418074,10.270818092957027,1.6529600497679922,1.0,6.0,3.0,9.271732308271988,1.0,9.196412231516137,45.2696050227517,14.591932164027034,7.9289148145002,10.6318997861823,1.0,1.0,19.81632454813764,8.304234461060796,1.0,20.06102196351548,8.939514922202282,1.0,1.0,15.0631200288271,2.124994003011478,8.283943961465408,4.081234221287542,11.939759445695138,8.304234461060796,7.965086259154665,13.0,1.0,4.129350313251703,1.0,15.734417929689668,2.870740695561472,2.8896909551287355,7.373315359390586,4.832571429075954,1.0,2.199316131896155,5.278159234212845,2.489479406366548,14.384361924424471,12.549155408594975,15.203349880680712,8.020976173439488,15.857909468492656,14.900264452646528,8.599835573571092,67.03298448407539,36.67029919876567,12.37140533797874,38.73858945602241,8.690168011063161,29.009488721427537
14,TEST_02+1일,10.541147746432816,1.0,10.546045073720515,4.4595638165708875,2.0,1.686363485275599,2.3403849330689472,1.2833306959233317,4.786689150649024,1.0,2.3030381623651306,1.0,1.477893942810248,5.0,36.10118011163628,1.4371602418286078,1.0,1.1702258851341454,1.324302001223266,1.0,1.0,2.267980408999615,1.0,1.0,3.627690877064518,6.763584790052273,5.995975288831738,1.006790299806744,10.711238702852242,6.683919936995039,5.433252605469018,4.310463619449177,2.8146586707603665,2.045950686540738,1.0,3.6006977843361567,53.88375985725736,7.77810578130464,1.958706685307007,38.401497870123194,24.18361901996197,1.3453738638911377,1.0,1.0,1.0,2.010229583925699,1.0,4.437728519726372,1.0,4.906763165873911,22.097941593850884,1.0,7.056218594753044,1.096817656542164,1.6677607609389486,1.915228559279412,2.1373015027561717,1.301459046294038,1.0,1.0,20.747908200993734,15.0,22.134023167685555,23.0,18.0,1.7793107718444037,1.0,1.9662131949551789,2.734826255108074,1.0,1.8656573858893968,1.0,1.0,1.0,2.836711168626868,3.000263165383086,1.0,2.2424879235518715,1.0,4.617378399548949,2.0,1.1085369522937292,1.1253556420851225,1.0,1.396404567747255,1.191020117296833,1.1716451809090354,2.629206174780567,2.029516210069571,4.252914886443769,6.119886647879953,1.7956634959824658,4.866387487783006,1.6910708951655182,1.0,1.0,1.0,1.0,13.218145732337668,11.966737647470453,1.0,1.0,5.729204834576451,1.0,162.90000000000003,3.526791008081886,45.0,7.175403022420925,7.0,1.529888249025105,4.227076961105702,1.0,2.0716185206250124,1.0,1.0,1.099339583148864,3.648033178236637,1.8373357485183377,1.458683478380139,2.0,1.0,1.0,1.0,1.0,1.0,1.0,1.0,1.0,1.0,1.0,1.0,1.0,1.0,1.880418179804315,1.2809016900383714,2.11137673435761,1.8694194538529856,1.0,1.0,3.482161491092054,1.0,1.0,2.522161645660539,1.0,9.881746249390028,1.0,19.12474395038914,8.938541873679924,10.86939432800678,1.0,9.786520914801391,1.0,1.0,19.769840707748944,1.499853717060613,1.137061209030903,19.681939240374337,7.54768010500251,29.0,1.0,16.96078909676494,2.28243766056597,6.972002513970037,3.3090965439526556,10.890206454333052,1.0,1.0,11.682056863844847,4.764392018569399,6.502644302005912,1.0,17.76189594025276,5.732842636530899,1.8630043294759069,19.92441724986871,7.05257520595662,1.1572667844046656,4.936081643567487,6.3654552901971595,2.011379483473692,51.832232909784615,34.15361277910013,51.70650613130637,24.629000586303384,24.89396614195966,46.65776983481985,24.918053765674053,94.94490742201468,81.0,11.59773487649695,84.16604341985538,22.332147587068107,67.80000000000007
15,TEST_02+2일,5.652735750404776,23.766031876283233,5.75023572302664,2.4025977581922775,1.0,1.0,10.413990642407462,1.0,2.657570445425548,1.0,1.0,1.0,1.0,2.350033922128047,16.54404662290419,1.0,11.471826582110891,1.0,1.0,14.595125235201666,12.0244289348795,1.0,1.0,2.0,7.741014163005208,6.471143236402106,11.542966846959027,2.8508087533694844,10.981752543377084,4.436971836756291,4.030578329072098,2.929381818209845,2.1669880504988304,1.252483402975921,1.0,4.0,50.69794381735976,6.170988003934307,1.2470864420322645,43.89660013596337,20.2472389351483,1.9254623575121508,1.0,1.0,1.0,1.4694681774373142,1.0,3.312350291594038,1.0,3.9733641538544657,21.42597875414593,1.0,4.557896706106984,1.0,1.0,1.0,1.1308695611940442,1.0,1.0,1.0,10.715367097554628,11.271435079639598,15.61599249442203,13.873484302568116,15.77181088164432,1.23800825796428,1.0,1.0,1.0,1.0,1.0,1.0,1.0,1.0,1.2598735132178311,1.0,1.0,1.294058512484276,1.0,2.0260928592808707,1.221063529804172,1.0,1.0,1.0,1.0,1.0,1.2412506762783282,1.0,1.1116012947176122,1.6100724160812652,13.631311114574492,1.3275903571293188,4.171829134757306,1.0,1.0,1.0,1.0,1.0,18.919379408006364,9.157291361336377,1.0,1.0,6.706251140589613,1.0,162.90000000000003,54.08060145062153,40.92093438942776,4.564242533902898,5.040380146097606,1.1885602933757402,3.252628333159864,1.0,1.791229876574402,1.0,1.0,1.0,2.1041039150819385,1.0,1.343677777771455,1.285242847011492,1.0,11.661036989035948,1.0,1.0,1.0,1.0,1.0,1.0,1.0,1.0,1.0,1.0,1.0,1.2860231557507118,1.0,1.1267933825622891,1.1159086661448565,1.0,1.0,2.622478609944986,1.0,1.0,1.5536352129717914,1.0,6.4938479424792614,1.0,79.12675343425046,53.31623862827712,7.3504817425461315,1.0,6.851876547646636,1.0,1.0,12.3342255849528,1.0,1.0,21.236958572996137,5.491613654409879,29.0,1.0,9.10473356061425,1.0775165780442046,5.795802373069065,1.587750864149707,7.459475155200003,1.0,1.0,13.0,7.017261465438023,2.223718042140982,1.0,8.893200897400279,2.6943163406286716,1.0,9.575333335086306,3.87240903627469,1.0,1.6422267616190351,3.744198034030629,1.0,40.62907923954565,19.16968607073578,47.72401918992205,3.92745905322881,7.427360819224351,37.187071075018416,17.795300188456757,62.57860374330182,81.0,5.014666914345148,114.31533209616646,14.447291975152064,67.80000000000007
16,TEST_02+3일,4.7166349007299155,22.605759576641237,5.4656077692940634,2.264348696919126,1.0,1.0,19.21011575207767,1.0,2.1828890700055927,1.0,1.0641263900588092,1.0,1.0,1.8969606405708437,20.1504743400028,1.1561628420063952,18.449575639008145,1.0,1.0,5.184834831873788,31.900000000000034,1.0,1.0,1.0,16.29371301222619,14.070820156303853,5.082133631106994,22.057631803853205,7.922932398937973,5.5961732800531685,4.689370082148464,3.0317267995178314,2.4342492865686003,1.495850388084253,1.0,2.87897060791801,45.22581562222149,6.617021373298914,1.484702674758504,36.671807700772355,19.35931923431784,1.1840510354130105,1.0,1.0,1.0,1.6955286450482745,1.0,3.3799791522877065,1.0,4.412014645231111,14.137151995960709,1.0,4.489085085705349,1.0,1.061123954885784,1.0712136148533338,1.241243561875048,1.0,1.0,1.0,10.092949133297234,11.051942064114655,14.359389054220667,13.23386488000937,17.66228471482534,2.0567884663353397,1.0,1.1767047268451651,1.3722627926973372,1.0,1.5322473532543968,1.0,1.0,1.0,2.0444404834454284,1.4704211590812248,1.0,1.6321541732206015,1.0,2.3577257406814187,1.5231489688334443,1.0,1.0,1.0,1.0,1.0,1.0,1.516216325952243,1.3848337029805515,2.6480610981705603,10.924946067962937,1.327972015303136,3.776282536929195,1.4917117680540413,1.0,1.0,1.0,1.0,18.55593831329489,8.726101232290763,1.0,1.0,4.575855655298488,1.0,86.38865255736974,58.44178638311668,32.42732684752343,4.644514439970394,4.511608582180763,1.311316491257167,3.7377468935301144,1.0,1.7280057107067996,1.0,1.0,1.012383462562619,2.138949901715576,1.0401511059046924,1.496929634524364,1.3773317213099818,1.0,31.40681379015268,1.0,1.0,1.0,1.0,1.0,1.0,1.0,1.0,1.0,1.0,40.0,1.2488152641548718,1.0,1.36415948258673,1.321934305522026,1.0,1.0,2.291817274266821,1.0,1.0,1.4381755645025276,1.0,6.3626525415377735,1.0,127.0308689842012,102.91545853523648,6.368360517331316,1.0,6.453818063143073,1.0,1.0,13.484503378719564,2.2684763559865204,2.3614470714410394,22.783577247358775,4.75927006354127,29.0,1.0,8.333626143675293,1.6226938466301493,4.664143517262487,1.9067520942672465,8.1244330900336,1.0,2.0458957868608088,6.829471138013325,1.7747497314144791,2.390465221219011,1.0,11.123060006288322,3.700471538834802,1.0,7.878168376437095,3.7359355263882903,1.0,1.200271547269364,5.9207886327003365,1.0,36.27363858693845,21.9243421868451,41.45175852725601,9.323902662369951,14.678050118122584,46.03175115289057,19.674133040629567,121.25857054436288,81.0,8.276469309620987,96.4561635755935,32.0,67.80000000000007
17,TEST_02+4일,3.226018077746754,25.180621930745424,3.810701055901912,1.4051267205925797,1.0,1.0,27.579847896521596,1.0,2.048032271646325,1.0,1.3068221995360143,1.0,1.0,1.8091588781082195,10.579204846137898,1.150598696421192,21.97607106463175,1.0,1.0,15.85847168527607,28.325966998317647,1.0742369915288452,1.0,1.0,20.900000000000034,16.644067306303974,5.739048438920444,15.281028286865968,6.032356349112455,3.4770681148764253,3.8280168090423032,2.335364524445882,1.850234274780419,1.5347221129943749,1.0,3.326112155432688,26.071775255583404,4.146980653825893,1.4052486543022684,30.1393630821918,17.129134433947005,2.0,1.0,1.0473205466147135,1.0,1.4572273682877672,1.0,2.717488194732169,1.0,3.507654732184839,11.813823537928096,1.0,3.6535943864718905,1.0,1.0204508957614964,1.086711914381552,1.1909066899458078,1.0,1.0,1.0,8.828440666185577,10.62862101598186,16.03663554356677,14.301754076671257,9.829845403903477,2.5870952820866275,1.0,1.507138272971463,1.7814377118494669,1.0,1.7585906254281394,1.0,1.0,1.0,2.251522326659612,1.8429624423671145,1.0,1.6067931314101362,1.0,2.4498748987337136,1.6817893474463002,1.0,1.0,1.0,1.0,1.0,1.310379922874154,1.9867401446690705,1.421743239230253,2.5713468611203427,7.654032274514396,1.2977912191618723,3.460550609352259,1.100358263634862,1.0,1.0,1.0,1.0,22.6159996890808,6.814453061114575,1.0,1.0,5.844249748733082,1.0,32.37983635242823,62.46465640395719,30.353251164124774,3.362881982483691,2.6486464819263467,1.4739391252040046,2.7694637655457397,1.0,1.711968943284985,1.0,1.0,1.0,1.8230685039496648,1.0,1.4543736110438117,1.5967374899082596,1.0,2.1453248642879386,1.0,1.0,1.0,1.0,1.0,1.0,1.0,1.0,1.0,1.0,13.50205075732518,1.5726697299614207,1.3049551038473033,1.486623047172935,1.572864217052331,1.0,1.0,2.4498060565947526,1.0,1.0,1.6522307745352045,1.0,6.435089614506862,1.0,114.88217662959728,103.20162274266312,4.3879189001022905,1.0,5.129752508106277,1.0,1.0,11.736962504111284,6.137329757664293,1.90877489930976,14.53894258739088,4.6418319976850775,29.0,1.0,6.985222152418289,2.356004977762034,4.351872976804489,1.7896648143442868,4.75654123325338,1.0,5.530893042939287,4.334086601043063,1.1368122290721794,2.3100287650255575,1.0,6.46758771628629,3.7232611988672297,1.0,4.926528752105964,1.1433711771839368,1.0,1.121448164469941,2.821941755149672,1.0,22.651301323833835,12.24318307893085,24.00823185288673,7.718455849750784,10.921124752553704,21.929644075203807,11.61214800865423,128.38506245876812,57.72112650571709,6.4570112113808005,83.0748059445453,24.88773936529976,48.63770655364434
18,TEST_02+5일,4.4690407687972105,88.25124634351691,5.2876537848821465,2.895750302778314,1.0,1.1777442919990373,31.900000000000034,1.0,2.415190066749848,1.0,1.3057291235971535,1.0,1.003412054324292,2.525934930753577,17.327933258060824,1.421226964616297,83.70849765462177,1.0,1.0,79.20192096644136,31.900000000000034,1.522715433069699,1.0,1.3866419796457288,16.405871078282036,15.531000591455266,10.825568811911165,48.135455138495935,14.39206822708628,5.758943560610499,3.865638875932876,2.797348170941304,2.6001305318566756,1.7605721049469163,1.0,3.5148741658542044,34.73692052082427,4.216262370766689,1.7091071500923871,28.261105293813017,22.743553613839612,2.0,1.0,1.6748352401874989,1.0,2.469261713215304,1.0,3.4117815005188215,1.0,3.445993162483054,11.429916671279894,1.0,3.74102020539823,1.0,1.6643841039409488,1.3765877843142489,1.845051199422492,1.0,1.0,1.0,7.969830339744904,12.136162062802146,11.167162489359155,12.99350685664312,10.530793076979371,3.0,1.0,1.482330046078384,2.113286223594385,1.0,1.7504038672396391,1.0,1.0,1.0,2.309375004648766,2.140823542274876,1.0,1.8199715950561928,1.1307318400881372,2.8027786169541224,2.0,1.1112753769721349,1.0100635171987158,1.0,1.1564348978302736,1.0902250642227085,1.4707890736133082,2.1718833988499884,1.6689500901584382,3.4000709823868425,21.76859352493148,1.412147305767331,4.1617017884641045,2.184639224733757,1.0,1.0,1.0,1.0,20.01337741165647,9.724853236112487,1.0,1.0,6.44148055225739,1.0,17.583165100562304,48.690774548306734,27.34854866366468,3.7906332893376344,2.2974482495372808,1.4137300299396294,3.274196516127236,1.0,1.6022440317953217,1.0,1.0,1.0,2.00607726194537,1.2442473496279407,1.5753145081246576,1.5699007555350093,1.0,59.900000000000034,1.0,1.0,1.0,1.0,1.0,1.0,1.0,1.7195441166112817,1.0,1.0,40.0,1.6140616249461883,1.1261497149451918,1.849126890708106,1.482738112814617,1.0,1.0,3.2572890192452717,1.0,1.0,1.6341739989054855,1.0,5.167734557623218,1.0,59.954453362786765,70.85986321379367,5.837500746266366,1.0,5.41542405715657,1.0,1.0,15.698744319502609,1.0,1.0,19.09719253457378,5.214520368189311,29.0,1.0,7.891874903382429,1.5180376372920177,4.663112595707011,2.269198652069276,5.43749633217732,1.0,1.0,7.933512999593003,2.4600526892880765,2.0414527370788944,1.0,3.7854220274240538,2.5013214063621345,1.0,5.685953874603754,2.028604810484423,1.0,1.6453875747334956,4.631817046583911,1.0,23.191954873357293,14.67910606651717,33.77840530172679,12.281276094170549,16.211106713046842,23.649971237374583,20.472956538614618,199.7764470454641,41.521972639972894,9.436349175043755,36.144747440737234,11.076223376231573,29.53225753786352
19,TEST_02+6일,8.222733583826445,65.88518369757213,7.8557598829887105,4.855843532696567,1.8681638339951192,2.0344595258526192,31.900000000000034,1.9067903589729316,3.976857453931599,1.0,2.3672545967195453,1.0,1.7733988038532411,4.309116464392222,32.13435638742984,1.9654520219310028,48.1439320860575,1.4551610781266546,1.7008557354411475,56.10158151943176,31.900000000000034,2.3436802111375217,1.0,2.0,20.900000000000034,21.0,18.52001745972244,58.88439724602677,11.143340811388684,5.605037751322636,5.363375327308074,4.68745036318005,3.6304830208370182,2.560354583372451,1.0,4.0,45.41729823117573,6.895037591167593,2.5909034455913074,35.667929170752615,22.23551528524609,2.0,1.0,2.0,1.2545222654020831,3.5430021365793705,1.0,4.719287240364473,1.0,4.601218683392088,16.320052597372776,1.1138333963020992,6.221182686813006,1.3199132855530906,2.4340536886667334,2.0,2.697674072648276,1.523946666441743,1.1711842540723394,1.474380879743165,10.42969448227303,15.0,16.844659809165357,14.18802331006767,10.16417601312606,3.0,1.0261806968897735,1.87818458241631,2.8684251922640227,1.0,1.9329325170430265,1.0,1.0,1.1417485213624503,2.8995123090147357,2.9943537964037557,1.0,2.3472094234625285,1.2418498687299615,3.412078093234653,2.0,1.3730418502204162,1.4045404986575836,1.25344696755788,1.759317602123011,1.8150958817923424,1.1370807672520993,3.037407562340084,2.4937821331917625,4.410812361293456,27.137311927578818,2.0,4.9329349621176934,3.536706863922591,1.0809856334913484,1.127208643843258,1.0,1.0,23.895098318536547,10.894444828562143,1.3443340743220595,1.0374581970002097,6.41222682379434,1.0,27.310246072208407,59.856574086926955,26.87590343141143,6.101041681026276,7.0,2.0612223964480965,4.412326096331807,1.0,2.6804179619513597,1.2853412989645148,1.0,1.4326236019628913,3.25800178620771,1.6848875847321505,2.3083993841953228,2.0,1.3682047760320288,36.156184443273666,1.0,1.0,1.0,1.0,1.0,1.0,1.0,2.393748261519125,1.0,1.0,40.0,2.6080646535029777,1.9977856215524057,3.3589577256232683,3.0560563613512763,2.0,1.468412876157761,5.89265455162664,1.2059463508852228,1.0,2.9878248337554267,1.6745138982855283,8.043561884067671,1.0,133.80000000000007,170.0,9.532595647228236,1.0,8.063376739218215,1.0,1.0,17.738199825185784,5.513719517990389,2.975711284773185,17.69807606488104,6.70307999245161,29.0,1.0,11.944554019903595,3.0363657191053597,6.979835943146023,4.108122033219083,9.109891568507395,1.0,5.172298147125255,12.571468527482624,4.515071747117818,5.3729668010378315,1.0,5.405344648484915,4.493037776187772,1.8266916846078576,9.85152332404846,4.887486893668433,3.9981462977820312,2.334823343545504,7.133069430563301,1.8800461182787689,40.184247721309454,19.754055562341424,42.542895544767454,14.707417680084491,19.42489366408582,37.24573723548507,20.07333630393129,164.34758274857802,81.0,10.112699413438992,85.83378903102788,26.72929098848754,67.80000000000007
20,TEST_02+7일,11.007273155549212,18.329344071473106,12.65029380124103,5.923093541192247,2.0,2.4758420272939916,15.915241049668367,2.4065540504886234,5.0,1.0,3.0,1.1976155672696422,2.0894945278518464,5.0,37.0,2.256987532535815,17.63266131677863,1.8652788733451595,2.3746262952751156,17.55732066253138,15.452362225683002,2.7366467925057996,1.0,1.0,7.304003157898035,7.261310097980591,9.125439143399426,26.917407006690272,16.08685253848958,7.882165808815625,5.5280001830253065,5.252329359019314,4.406787887260223,3.0,1.2400327937346098,4.0,56.735217009758834,7.6798545347646,3.0,46.06402220331452,33.0,2.0,1.0,1.82110647802002,1.565455177182676,3.481186080039264,1.0,5.482996347050392,1.0,6.43772808970216,20.740717828694667,1.4034524656674208,9.650973717971796,1.5561506479559517,3.5184558461294917,2.0,3.798284365243043,1.82693483168305,1.4613067047345625,1.4551757866480888,16.999546201048723,15.0,19.75586059734135,23.0,12.846124474094276,2.8959930792986666,1.4532942345490525,2.335697259862443,3.963693569423145,1.0,2.341801771064174,1.0,1.0,1.3265739358413189,3.631607054294285,3.8850210223641266,1.0190342222187925,2.94493606390535,1.1358966141990146,4.38848945471131,2.0,1.788948427548138,1.6031287139559582,1.3639987024861542,2.612083768736966,2.358894492488025,2.0,3.5846655106781187,3.076939042401744,5.63614207246334,26.39708679697555,2.0,5.999904418280442,5.57163852244974,1.4336822527290831,1.3216622487305438,1.160001134117153,1.5566202095954575,8.49226200986837,13.0,1.919768852587176,1.4385060007424126,9.71550751524604,1.0,130.13001940608143,7.085837580739368,36.2446271128709,7.900000000000034,7.0,2.4637158769312375,5.640915717795586,1.376625635602813,2.7720094529929096,1.4866939018330112,1.0,1.79959817844444,4.289816729083063,2.0996011428818675,2.8584244028961763,2.0,1.575815039081832,27.141587304140803,1.0,1.0,1.0,1.0,1.0,1.0,1.0,2.0904524453389586,1.0,1.0,22.330415572721492,2.379298409722137,2.589303982595605,4.42173826181932,2.5804001999075985,1.2711191848423602,1.9518372594869913,6.810392630291075,1.4965980993576808,1.0,3.7002869782438794,1.4479127126690272,12.802760819256962,1.0,62.87552594855688,60.05639520646661,13.282710805759214,1.0,11.60331700856971,1.0,1.0,29.535935416232387,9.998647740907504,6.73638521715262,29.341158979540587,9.072885912064784,1.0,1.0,17.279281428942067,4.975651497777279,9.562561688831702,5.425180969840907,12.686124416770252,1.0,13.009032817393878,12.408159981227318,13.34934952663977,8.128000692704308,1.0,15.162220188792729,6.531427942128747,3.9168040270975455,14.706242295123308,11.50527089087894,6.635003786614565,4.033731790063379,11.940872370834262,4.260940824492007,63.2173448964036,29.74305861363079,59.21410012921634,22.561744352670097,31.362958118854035,41.58138350049275,34.21157036273602,251.54186526402592,81.0,17.867945709947314,80.39312148920713,23.504000087099193,67.80000000000007
21,TEST_03+1일,7.884758701771106,2.570446352648956,9.621824504500706,3.555764532278173,1.0,2.239788676608532,10.509807075867728,2.332533069430707,5.0,1.0,1.4265454526917245,1.0,1.2116463476834167,4.353138588510551,27.29525859403204,1.178078834142777,10.177822042431242,1.0,1.1675114799698163,8.715074301475498,14.407349719615617,2.052232629575299,1.0,1.0,2.3627146785368263,15.517410275458404,15.061861989867207,35.841958471718385,13.492499159104192,7.145407292212708,7.0,4.419231564519119,2.293681206661998,1.5249807326823923,1.0,3.8309102306849594,63.5707769973222,8.0,1.5460312778531924,32.51854555078758,25.89121201813363,1.2960041912422648,1.0,1.0,1.1389609002525385,2.012248063210517,1.0,3.271932802068682,1.0,1.7968515186270717,17.55300415877909,1.476954086794104,6.109451837533134,1.28318219582832,4.302160485197916,2.0,2.2017113658009584,1.0,1.0,1.0,11.195906792846262,12.789388235606596,25.0,15.043465566381306,15.282419400210449,1.829450454713879,1.0,1.9598433403329096,3.861382953408627,1.0,2.7700211236764507,1.0,1.0,1.0,4.0,1.8368274598155545,1.0,2.7479454826938965,1.0,5.0,2.0,1.4054120050596364,1.5824571790594746,1.7685521132180753,1.531822357968296,1.0996607343385696,1.8702636241210069,2.505345310619271,4.0,5.7833390247445635,4.407003963485839,1.6141523419042645,4.682347382187736,7.239307802851587,1.0,1.0,1.0,1.0821396393382068,32.84510928424634,7.678806480796148,2.225161637050915,1.323517943862473,3.3844609869184676,1.0,162.90000000000003,4.837755952246051,45.0,4.894003635216137,2.193585427257704,1.1676404964808904,4.2511576617505655,1.0,1.6208835208149803,1.1940327552184715,1.0,1.130726484815846,2.2883607032718323,1.6658248367083068,3.0,1.8169707711601328,1.0,1.0,1.0,1.0,1.0,1.0,1.0,1.0,1.0,1.9753494143615469,1.0,1.0,31.556303142175953,1.2338952282271738,1.226844990124499,1.7321387311982743,1.0,1.0,1.0,2.560711038629997,1.0,1.0,1.507204324776932,1.0,10.424740951367871,1.0,6.861614902714164,2.534702825546265,14.413951013332747,1.0,15.18808897801535,1.0,1.0,33.003035395894344,1.7955746646651245,1.828671966712515,37.41895028838152,11.125316073917226,4.554322013268386,1.0,16.10730412895635,3.178803975249624,9.384913480129216,5.160261590066858,16.286849498541642,1.538865441461763,1.636146091797,13.0,21.612041531940736,15.549084696400737,1.0,23.790774694822005,3.498005817413591,14.923348466165992,35.200427309826594,34.12454509163823,9.76759093786258,6.301377462225559,6.913266042026236,7.980218007312451,102.80000000000007,59.0,116.0,56.0,79.90000000000003,93.90000000000003,76.0,426.0,81.0,67.0,131.7000000000001,32.0,67.80000000000007
22,TEST_03+2일,2.3027042156044155,17.164039689444166,3.496697252538731,1.0,1.0,1.0,19.692290406156317,1.2039815080513334,2.282132650254207,1.0,1.0,1.0,1.0,2.011247480384282,10.499560426271428,1.0,29.053953091577817,1.0,1.0,24.4042435673008,17.834667820983643,1.0,1.0,1.4767903751754796,13.3709610268691,21.0,10.670811920778991,15.2552608747359,12.517141709544424,5.460430567326237,7.0,3.310291600383757,1.2858999552676924,1.0,1.0,3.029317974787306,42.5959727407821,8.0,1.0542402398762831,28.927221835581964,16.515051049932552,1.0,1.0,1.4242725819176032,1.0,1.2599127841064628,1.0,2.232545248592996,1.0,1.2711479666830126,13.496274259537069,1.0,5.0672137141415385,1.0,2.655618729000647,1.2952344275009466,1.5426055518266752,1.0,1.0,1.0,6.124313018593764,7.279236617041578,21.250982452227824,14.925636576211277,16.41768305960008,1.0,1.0,1.0,1.4235709449629996,1.0,1.7474692095405435,1.0,1.0,1.0,2.072319297796506,1.0266535073894352,1.0,1.6338569320088323,1.0,3.35964382837819,1.7419277658529106,1.0,1.0,1.0,1.0983540144260666,1.0,1.7425099075099797,1.1316012364498724,2.2501702952437377,2.597126576820324,88.80000000000007,1.0491167872049554,3.1050714005631903,3.5806857317478995,1.0,1.0,1.0,1.0,28.5127158640251,4.104303563680796,1.218123766495432,1.0,7.859771078386975,1.0,20.46989172173759,101.2585285413218,26.89533721395305,3.630347049808605,1.1804507138393912,1.0,2.9353255414257533,1.0,1.137082650001141,1.0,1.0,1.0,1.7288557350948697,1.0748786724831507,2.385694518706256,1.0,1.0,37.063418595256024,1.0,1.0,1.0,1.0,1.0,1.0,1.0,4.514473839605352,1.0,1.0,13.753617119255305,1.0,1.0,1.0,1.0,1.0,1.0,1.0808617055750738,1.0,1.0,1.0,1.0,6.313368220731622,1.0,114.43707976153078,108.07921519872043,9.232052226464646,1.0,7.959943360239816,1.0,1.0,23.237935509730193,1.0,1.3362756059725427,26.00138429002611,5.279672590905702,18.018176218840768,1.0,9.292504323839774,1.537195655030851,5.507157717311418,3.022780787585515,8.587482548020041,1.0,1.0,12.840278734519568,6.636380040432168,4.650201696181427,1.0,4.671016075804428,5.2351489960729625,6.738604606816923,14.344895579928822,10.464601223382296,4.0570412626438275,1.5639000760676736,3.1990198280075064,3.407075811289402,100.43226537219688,59.0,95.5640111850886,22.52736194670916,79.90000000000003,82.31421097969123,73.05525270211729,426.0,81.0,67.0,88.35263716995063,18.749697754756788,67.80000000000007
23,TEST_03+3일,2.085511962814209,49.8247749174459,2.6923755622831305,1.241440238972061,1.0,1.095634130586826,6.19594088025409,1.2291880594763556,2.1190005687921745,1.0,1.0,1.0,1.0,2.3606685677663917,8.931978553295812,1.0,31.917383208632668,1.0,1.0,46.760589137452754,3.624182360889128,1.0,1.0,2.0,20.900000000000034,8.936070235974901,10.655524517909024,50.744595022638315,11.965457857413607,5.08495201912427,7.0,3.5539730294945993,1.3408628519554209,1.180731210201157,1.0,3.3533788488906007,39.52814279759134,7.992234859651803,1.2970939579698535,25.10294732879275,10.465669551519712,1.0,1.0,1.0,1.0,1.1913513073880704,1.0,2.2775743069228644,1.0,1.4534207937858583,12.941722237453302,1.0,4.671909516007841,1.0,3.0592223650769066,1.1803017502874604,1.5499034801338616,1.0,1.0,1.0,5.512496533705495,7.835906619515237,16.0051238299983,12.071653687321966,14.150168455358983,1.800869905147434,1.0,1.1947778673792475,1.863472200202578,1.0,2.4140517542049573,1.0,1.0,1.0,3.217293206880905,1.240600985399101,1.0,2.4384584779179956,1.0,3.672927050546392,2.0,1.0,1.0854394854827527,1.0744960796981706,1.4024948626649771,1.2672985730943422,1.3546692554621482,2.3229049272404563,2.8714131519285524,4.075275928944267,88.03660262809117,1.0,2.6447491819305293,3.473481861696319,1.0,1.0,1.0,1.0,25.186842607625895,3.065029456458454,1.0,1.0,4.442561029285637,1.0,2.578713129475394,106.0,9.737478163939867,2.968104624026616,1.2758046091988302,1.0,2.6825205288559117,1.0,1.0294454207237915,1.0,1.0,1.0,1.474856032027162,1.0,2.099193861483399,1.0,1.0,35.969058252471406,1.0,1.0,1.0,1.0,1.0,1.0,1.0,6.044108608650797,1.0,1.0,36.83019029138135,1.0,1.0,1.0,1.0,1.0,1.0,1.7800130369448286,1.0,1.0,1.0,1.0,4.720418866364136,1.0,133.80000000000007,159.29949329851908,8.146463079637925,1.0,6.671227339830874,1.0,1.0,20.420942577334447,1.0,1.0,25.320062723103888,4.316818505508433,16.332187921516685,1.0,8.222005348846139,1.192845396061196,4.261808975828872,1.8393022789306148,8.253760992132225,1.0,1.0,13.0,6.851619747221746,4.52531499182477,1.0,5.3568785108208035,1.0,6.963830372808873,12.350420049743748,12.788475997009918,3.3395853836120395,1.0,1.1343038213461307,2.160127125654047,102.80000000000007,59.0,116.0,28.063461521299164,79.90000000000003,93.90000000000003,76.0,426.0,81.0,67.0,112.39103435460518,20.716820712275563,67.80000000000007
24,TEST_03+4일,2.5140693462913775,74.38527534134981,3.0104930368292537,1.3038371269360771,1.0,1.054832057494706,17.548485002154674,1.25425120337446,2.6996121843409635,1.0,1.0,1.0,1.0,2.2086334199332422,9.870777918354694,1.0,84.7000000000001,1.0,1.0,87.80000000000007,17.61148004089671,1.0,1.0,2.0,20.900000000000034,21.0,12.940958848873388,39.05081161223968,11.440204374729555,5.400048130608547,7.0,3.2321321352714834,1.186859482410332,1.0,1.0,2.910217576494986,43.27525242988332,8.0,1.4116295874392664,20.597825142277937,18.635206097555105,1.0,1.0,1.0,1.0,1.1526819832931243,1.0,1.890114279809103,1.0,1.3625151955870471,9.938879377961896,1.0,4.0764883259726785,1.0,2.6405305249875184,1.1433598190030545,1.4132495041502782,1.0,1.0,1.0,5.41875020302795,5.657692954274121,16.162106612514975,11.900771292155008,15.159154025916996,2.267048361704621,1.0,1.4327830940119468,2.249584614890557,1.0,2.4387277404637584,1.0,1.0,1.0,3.386372827548771,1.3998261130853522,1.0,2.3108711224204055,1.0,3.10317485757901,1.8310627353606896,1.0156849532471346,1.1759585910542836,1.0,1.5207348140838817,1.5683409139406972,1.4622111628628394,2.239177443347865,3.077423053889957,4.823338623650953,65.0710362706446,1.0,2.421173381311817,3.4730555991757823,1.0,1.0,1.0,1.0,28.410369437342887,2.5896754523071843,1.015820078894734,1.0,4.701465383092337,1.0,11.605742495788272,106.0,6.9098801967198415,2.669519081600761,1.6425281031469263,1.0,2.162107144372188,1.0,1.0,1.0,1.0,1.0,1.4833235853886926,1.0,1.9289594098804357,1.0855489637627374,1.0,32.770107343487915,1.0,1.0,1.0,1.0,1.0,1.0,1.0,4.4436520343906345,1.0,1.0,29.978159266615283,1.0,1.0,1.0,1.0,1.0,1.0,1.919136516345534,1.0,1.0,1.0,1.0,4.543756945321656,1.0,133.80000000000007,151.7919620961431,7.301456568273998,1.0,5.864080129813096,1.0,1.0,17.500212908326663,1.4074828271553388,1.0,21.839001440478604,4.44234149331771,29.0,1.0,6.302976319151047,1.5273522370335202,3.7455650216920784,2.3133493445213387,6.282570346263002,1.9697861209311065,3.2853039865385645,8.87216820546063,6.465221690279087,5.51494560251459,1.0,6.346691795188336,1.0,4.992203247840091,10.460660016908983,8.81627639642813,2.4358612347003037,1.111239699022574,1.781723143412405,1.4109138301360966,102.80000000000007,59.0,116.0,35.00674885131184,79.90000000000003,93.90000000000003,76.0,426.0,81.0,67.0,100.38004660843758,22.649297255729092,67.80000000000007
25,TEST_03+5일,4.289670966452192,69.27400399129762,2.7117159249531997,1.4322279215438851,1.0,1.158575302490234,29.625450543652555,2.147433307546162,3.3644215806434343,1.0,1.0,1.0,1.0,2.620779684595356,17.10055639172837,1.0,65.12695762871203,1.0,1.0,61.19165232037561,30.567092687715128,1.170659477816118,1.0,2.0,20.900000000000034,21.0,10.135631421348345,41.52864546544277,13.752927510316349,7.25734563283155,7.0,3.220164541481525,1.251622838672083,1.1314040828092282,1.0,3.023891584943146,53.95239566882398,8.0,1.5360517896134067,26.03854937959142,23.31796333866396,1.1935858468446934,1.0,2.0,1.0,1.4721213246843037,1.0,2.4121698786476005,1.0,1.585677628512012,11.190571194649085,1.0,4.201348623525667,1.0,3.0090377942683557,1.2985883274503875,1.5106810898942906,1.0,1.0,1.0,5.466413089429737,5.866286762790137,17.493706242527907,10.648715529818883,12.316394938788829,2.081486565671127,1.0,1.3818835805616931,3.999161172385161,1.0,2.6296008307490375,1.0,1.0,1.0,3.497952941191344,1.546569503066071,1.0,2.7080841816967305,1.2479223269022923,3.872359270754795,2.0,1.141823618002949,1.5777603414033483,1.0,2.117159909606187,2.2308391705689847,1.3983261467989945,2.5608408315085,3.0645992441908056,4.895382882931661,87.83049964284486,1.0547742563967129,3.006456192147827,4.237890608654662,1.0,1.0,1.0,1.0,20.472397444945123,4.577608418544506,1.0746788692871418,1.0,6.5091732193430145,1.0,18.812261688847276,106.0,9.44763315432477,3.4908110393858505,2.416306669508635,1.0,2.254541437790391,1.0,1.032764829765862,1.0,1.0,1.0,1.9352840924910004,1.2493657815495778,1.893318571508694,1.0,1.0,59.900000000000034,1.0,1.0,1.0,1.0,1.0,1.0,1.0,6.211841962084172,1.0,1.0,40.0,1.5237418053018197,1.0515382591130489,1.3014028867643763,1.0,1.0,1.0,1.9088957200596568,1.0,1.0,1.5643888354052329,1.0,4.669862773372875,1.0,133.80000000000007,107.74009322151603,7.175817196036808,1.0,5.2551733919126855,1.0,1.0,18.86065032280124,1.0,1.0,23.83096752974408,4.304584592639765,11.959980235377175,1.0,6.458153452976641,1.1742566343765022,4.477805590680626,2.362465872047082,6.647428079514722,1.0,1.0,10.650371383402328,6.0135899276417675,7.970792406303782,1.0,7.914530078974066,1.0,5.250725485315143,13.494181199319211,8.021304592764471,2.537968499087486,1.6763374222284542,2.2578158918332396,1.6058665949305209,102.80000000000007,59.0,116.0,44.932275059236154,79.90000000000003,93.90000000000003,76.0,426.0,81.0,67.0,131.7000000000001,23.46592415040714,67.80000000000007
26,TEST_03+6일,5.984817759876229,40.15224294723803,7.643126037621596,3.3704897838718515,1.0,2.063452960015812,20.75993952041978,3.119873697348813,5.0,1.0,1.818014095675888,1.0,1.1716440937179669,4.1574511323741055,24.88860184084996,2.00391384892073,43.124859021502154,1.2325185504168874,1.2195300593497913,48.2156457909802,16.32318262322189,1.6487278383069022,1.0,2.0,20.900000000000034,21.0,20.0,71.53529075007273,13.697099895707703,6.561085009615639,7.0,4.384047397838822,2.0539982482056938,1.77108002167004,1.0,3.907571393016876,55.64890152048299,8.0,2.122128553499276,36.18259561980589,20.97799448338252,1.0,1.0,1.6424143318475213,1.2318582313848985,2.0469936301518454,1.0,3.4726448573218636,1.0,2.1619878507065744,11.70782459876674,1.5043809031367437,5.747885870343661,1.5014355555842174,3.948240371406804,2.0,2.671703435551442,1.1087684837236798,1.258438720012694,1.0,6.347075188122237,7.978399622467018,18.48422667420635,13.495567833262552,11.496460492069373,2.373053888635931,1.0,1.7376919335513323,3.2076957599632028,1.0,3.0814448069137463,1.0,1.0,1.0,4.0,2.0317648339486514,1.0315058861133088,2.9907523061271495,1.7418578032007042,4.670839194260747,2.0,1.8099612894681785,2.0,1.6436105607110465,2.7115440463498004,2.1941186046882133,1.5613538641956723,3.3008613782048863,4.0,5.480440106020106,70.970685618616,1.690963152524465,4.083007652163766,7.0926208902153505,1.0,1.0,1.1402592183646665,1.2672419550160725,31.240139080545504,6.264544487089363,2.0071711647375756,1.469007379855772,6.104294540373582,1.0,12.546162575744916,86.11558273398734,16.78130736762593,4.835022294862182,3.482176369047583,1.587381872528261,3.7407612140556825,1.01047583169297,1.9017391690068923,1.2201889161135555,1.0,1.2780668334987526,3.3959571230483863,1.9941039190775516,2.730744718052512,1.7249559164483652,1.201470300372141,45.60012677808989,1.0,1.0,1.0,1.0,1.0,1.0,1.0,5.0273199809141405,1.0,1.0,40.0,3.127686232442167,2.029047016626065,3.822498156432239,1.631071539516362,1.22645153808616,1.6955986706870394,7.426680288852,1.6504833471231737,1.0,3.746616662492273,1.6310158657982108,5.741173789062341,1.0,133.80000000000007,136.38915014450157,8.58350470062285,1.0,8.087164981165099,1.0,1.0,22.998805483542252,1.0,1.0,24.761385887568405,5.672986820922165,10.9993363804776,1.0,9.64906821640762,1.7776057108018395,5.835775174986241,3.5168290360870613,8.644310984689167,1.203797967151229,3.633514402877573,13.0,6.75362952933756,9.045880288035647,1.0,9.591366474906568,1.2396960279748752,6.555607066350021,25.84475309065866,13.430113897110896,2.91245707577718,3.09803584608537,2.543798847066424,2.6312700003760723,102.80000000000007,59.0,116.0,45.414805684081614,79.90000000000003,93.90000000000003,76.0,426.0,81.0,67.0,118.13953943668444,26.786359953566752,67.80000000000007
27,TEST_03+7일,9.00198106348795,6.3348732507234455,9.77032638024656,5.823503228923098,1.207005479065239,2.9814167202777866,16.79632360710035,2.70541956011496,5.0,1.0,2.2947483293716866,1.0,1.5843861064508102,5.0,31.91049125403795,2.125683426120887,21.425771670445055,1.708143128787192,1.5659191656188878,22.29530017607251,13.698205605626494,2.323019816273497,1.0,1.0,18.283880706610905,7.70217094385223,20.0,53.34387931545124,16.268582750726477,8.0,7.0,5.092232821419367,3.525932649525496,2.0769015479693955,1.0,4.0,66.85092367098488,8.0,2.5266805443748988,42.10558486025807,26.71447670898987,1.6904473098624937,1.0,1.6382315750374958,2.0,2.890368548564648,1.0,4.729644483038493,1.0,2.8798093126985127,16.292019790707897,2.0471347409479166,7.6192796557071265,2.0,5.7370218502019,2.0,4.0,1.4230078933558337,1.9188786567797569,1.0968431969523311,10.48629000090508,9.5821134648611,24.255993684012893,13.959109187305735,18.0,3.0,1.0,2.595971409504632,4.375504938093208,1.0,3.782439552349805,1.0,1.0,1.1804747322771625,4.0,2.2817252712465117,1.3416371231794533,3.0,1.806457031575471,5.0,2.0,2.2701906693350553,2.0,2.673834182643932,3.479427615978992,2.635209647767214,2.0,3.4772391347137397,4.0,7.982231743680118,1.0,2.0,5.796219684026184,10.1490083121397,1.2808554381168806,1.1275188116377663,1.2926274017231814,1.704808492470017,16.371704476762215,11.161011721656893,2.7721159597521754,1.9471920905755635,9.389690045855788,1.0,155.47433637025446,7.1027732873467615,23.679759661692497,5.824557910542314,4.545183985885905,2.196014580061615,5.431219013534338,1.5870960464970418,2.558775702686997,1.4694859523314516,1.0,1.670648655838318,4.212500388268379,2.267082319851771,3.0,2.0,1.2840767996409692,9.078710086026865,1.0,1.0,1.0,1.0,1.0,1.0,1.0,4.182098102337753,1.0,1.0,20.291982527920705,4.389930334648174,3.128355328005348,5.3566273863275535,1.9509848921625492,1.5261076267601548,2.144980749134764,10.141903010956288,1.603226616296041,1.0,5.127973470838669,2.4803347612258415,9.991889407621962,1.0,76.24574109165124,29.366901931653945,12.696725258208446,1.0,11.03470868818678,1.0,1.0,28.67268185341292,1.7189353148074875,2.3077223777206672,31.529925149028163,10.71090085831304,2.2997997587191694,1.0,14.02346139051477,2.9215614221294706,8.923895054254038,5.210910588411011,12.40049520902325,3.406194848776744,4.406326574559785,13.0,17.131154326452155,16.50930655297025,1.0,18.740976326538636,4.608848870487686,10.783269656709322,40.47815161204117,25.51957147640813,7.757223072533773,4.809937816036492,7.936461318505662,7.475650737869592,102.80000000000007,59.0,116.0,56.0,79.90000000000003,93.90000000000003,76.0,426.0,81.0,67.0,101.25948415763528,31.89819545986972,67.80000000000007
28,TEST_04+1일,4.830966548661731,1.9314150640588603,6.628142238176208,4.087396778451272,1.0,1.0,1.3249292027443151,1.0,1.0,1.0,1.0,1.0,1.0,1.0,1.0,1.0,4.1400068727499235,1.0,1.0,5.631920410955867,2.3022320098438893,1.0,1.0,1.0,1.0,1.0,4.714131937736704,1.6418105139350887,13.957077760139406,3.767025053246212,3.542964326143092,1.5912740387403574,1.4487255542903266,1.0957598044989596,1.0,3.7058377695341114,29.7284807788635,6.011897762444183,1.7112321143417686,31.453750464663607,14.269396817109742,2.0,1.0,1.0,1.0,1.6768868711184295,1.0,1.8956070835449517,1.0,1.9333220037922711,7.235015248291538,1.0,5.378556974270995,1.0,3.5295347492381977,1.0,1.6544648152412946,1.0,1.0348481313952065,1.222307617867625,8.987299040581803,7.656807324510485,13.994816429347852,11.065293981457302,7.829270411377977,1.891086869569166,1.0,1.703172354271861,3.1571791918820455,1.0,2.8078844246420553,1.0,1.0,1.0063282112881284,3.333049797957865,1.2275582944130417,1.0,1.671074221044093,1.2427762117983527,4.444225518858171,1.289804633317355,1.1347854447187795,1.0,1.3128097013821995,1.165964718793368,1.7759869658103589,2.0,2.4721038354276095,2.8743031329949176,4.2474826216263315,1.0,1.2438857687549736,3.404018584070986,5.564828328899252,1.0,1.0,1.0,1.0,24.460716518907752,4.733676229676015,2.0418647880155234,1.0,6.8103746524945175,1.0,152.40793973512663,16.510915334884274,37.14105968580924,3.3540763622302903,3.3898058992141897,1.0,2.3343549578093694,1.0,1.6068448571168332,1.0,1.0,1.0,1.3950549033140491,2.0930475048725334,1.5449640886745004,1.0,1.0,19.313884699935706,1.0,1.0,1.0,1.0,1.0,1.0,1.0,1.1108331399931533,1.0,1.0,5.147026223895745,1.0,1.0,1.0,1.0,1.0,1.0,1.0,1.0,1.0,1.0,1.0,3.789189841917586,1.0,7.910639512414528,12.14050609909871,5.325324792151313,1.0,5.856084301368498,1.0,1.0,14.172140947309783,1.0,1.0,11.3011648223845,4.190958354886584,5.095641039641564,1.0,5.09608257934149,1.0,4.9275456934245945,1.0,5.194982923608572,1.0,1.0,6.3142038587689004,2.555831549701107,1.4414216311467785,1.0,1.13999588552918,1.0,1.4347659786001274,3.8024670348238594,4.683582215333608,1.0,2.8134688824386416,1.58703331704027,1.0,29.720517017423393,1.4076680343106107,1.0,11.941223677456287,1.0,1.0,1.0705450373438168,105.2281806707304,1.0,30.33357081591348,1.0,6.746441057682101,24.70586179256122
29,TEST_04+2일,1.2431105671175602,15.670632955937824,1.2995361849170133,1.0,1.0,1.0,10.042553206809142,1.0,1.0,1.0,1.0,1.0,1.0,1.0,1.0,1.0,21.80638594894069,1.0,1.0,21.182704736857865,9.49404571246101,1.0,1.0,1.0,20.900000000000034,6.967740250332061,1.0,5.8597535160363305,7.591902426539694,1.8145622321672712,2.1438203799411584,1.0,1.0,1.0,1.0,2.011038498394407,8.928773356649883,2.8463232787395745,1.0,10.927804445016635,9.151807046469024,2.0,1.0,1.0,1.0,1.0,1.0,1.0940325035788694,1.0,1.0069652327073813,6.723490615728188,1.0,6.104265788912002,1.0,2.321023284860756,1.0,1.0,1.0,1.0,1.0,2.0681122541684163,3.5099864201311273,7.272147464383179,3.7937008808922785,6.9508973731794335,1.0,1.0,1.0,1.0,1.0,1.0,1.0,1.0,1.0,1.0,1.0,1.0,1.0,1.0,1.0,1.0,1.0,1.0,1.0,1.0,1.0,2.0,1.0,1.1274549390121238,1.0,40.43105837081439,1.0,1.6594107076264866,3.2547863133895834,1.0,1.0,1.0,1.0,18.19329843242602,2.377336365634778,1.0,1.0,4.837072741920528,1.0,4.967300292660454,88.62259692128723,17.46240653804593,1.8007676320980366,2.109607251787066,1.0,1.2706969266389383,1.0,1.0,1.0,1.0,1.0,1.0,1.1427113655585228,1.1002658513057817,1.0,1.0,27.852390303268656,1.0,1.0,1.0,1.0,1.0,1.0,1.0,1.849779746007009,1.0,1.0,15.869136700569872,1.0,1.0,1.0,1.0,1.0,1.0,1.0,1.0,1.0,1.0,1.0,1.400794455080974,1.0,94.30970403091436,72.6799827277062,3.3274153991849977,1.0,2.277107042169559,1.0,1.0,5.883804046182587,1.0,1.0,8.9745567377054,1.236905093837089,9.321859408427471,1.0,2.338162818151765,1.0,2.4159352821845044,1.0,2.9829680875375857,1.0,1.0,5.101983412389218,1.5968802344582198,1.2801965768907722,1.0,1.0,1.0,1.0,2.1643519179144906,3.645264655674127,1.0,1.0,1.0,1.0,1.0,1.0,1.0,2.9154538640520813,1.0,1.0,1.0,81.14415233222034,1.0,1.488738041371107,1.0,3.3800306652480807,10.254518994024297
30,TEST_04+3일,1.0,23.472805489377784,1.3075141743553766,1.0327349720258945,1.0,1.0,3.1090718863546014,1.0,1.0,1.0,1.0,1.0,1.0,1.0,1.0,1.0,31.759079897395345,1.0,1.0,15.802740283193188,6.178981326613893,1.0,1.0,1.1568030493310677,14.240851124160702,11.319832216816543,3.44333892013248,55.08520324354758,6.86636899754533,1.7244368306564948,1.3081148962852052,1.1336768739626015,1.0,1.0,1.0,2.3988937383620725,5.8616565885417495,2.843423017167277,1.0,11.442665368583407,2.7213837179922296,2.0,1.0,1.0,1.0,1.0,1.0,1.0230176753864222,1.0,1.0,5.7583015200913685,1.0,3.207207343397017,1.0,2.080666605042658,1.0,1.0,1.0,1.0,1.0,1.0,3.2129076382669264,4.720457242368207,5.484008676898664,4.954632130954529,1.0,1.0,1.0,1.0,1.0,1.4298073860535392,1.0,1.0,1.0,1.4386820027134606,1.0,1.0,1.0,1.0,1.1308792563837968,1.0,1.0,1.0,1.0,1.0,1.0,1.4282555525318792,1.1188737948635277,1.5759184009505742,2.220387244725354,52.28984785410332,1.0,1.407835573382129,3.16864790617883,1.0,1.0,1.0,1.0,13.75559723484806,2.0987349228495917,1.0,1.0,5.280292965772441,1.0,1.0,44.699902239580176,13.480894577124229,1.4034897227192236,2.8489592041857223,1.0,1.3024275301616663,1.0,1.0,1.0,1.0,1.0,1.0,1.0,1.008350917054167,1.0,1.0,18.0188380293027,1.0,1.0,1.0,1.0,1.0,1.0,1.0,2.453418599143705,1.0,1.0,25.978928100965778,1.0,1.0,1.0,1.0,1.0,1.0,1.0,1.0,1.0,1.0,1.0,1.6070663618651158,1.0,90.47961605768108,79.4895111321379,3.164901151964487,1.0,1.911125608308799,1.0,1.0,5.3931867320902365,1.0,1.0,6.631333732848638,1.5513606718455302,17.95206744663658,1.0,1.6209993750245015,1.0,2.7254747488754143,1.0,2.7140116692989347,1.0,1.0,2.792947185622771,1.0,1.0,1.0,1.0,1.0,1.0,1.4347537471287286,2.853946711456598,1.0,1.0,2.101435476653257,1.0,17.3483395443187,1.0,1.0,1.0,1.0,1.0,1.0,89.50457554859737,1.0,1.724489072692461,1.0,7.050735066173573,3.120092751518363
31,TEST_04+4일,2.6939900666989596,5.288632313413724,1.6159636080269533,1.0,1.0,1.0,15.02884461941339,1.0,1.0,1.0,1.0,1.0,1.0,1.0,1.0,1.0,36.69487964504037,1.0,1.0,24.288512021899457,19.909199141865784,1.0,1.0,2.0,20.900000000000034,6.599877383528706,4.856473425841836,66.1077035520111,10.542266588437304,1.9625004465988611,1.0398267672419867,1.0,1.0,1.0,1.0,1.861875388732684,7.55946442583795,3.061557230951348,1.0,13.387053484786932,1.0,2.0,1.0,1.0,1.0,1.0,1.0,1.0,1.0,1.0,5.39070418827605,1.0,4.491755577056236,1.0,1.647961123726092,1.0,1.0,1.0,1.0,1.0,1.0,1.0,3.829053302976891,2.999782168712548,5.853497148212804,1.058616695793944,1.0,1.1103552404263646,1.2679822978447115,1.0,1.7672792562301478,1.0,1.0,1.0,2.170595959413192,1.0,1.0,1.2411353936470575,1.0,2.0050485949396233,1.0,1.0,1.0,1.0,1.0,1.0,1.0665184583345215,1.323365478922805,1.6450670076615457,2.4964157348502125,69.76616638060437,1.0,1.0,2.705540328693834,1.0,1.0,1.0,1.0,10.672423317720986,1.6649369983281703,1.0,1.0,6.400623275851641,1.0,1.1769887050247512,50.18366558202795,16.50834356953924,1.143179159774962,2.411296579746475,1.0,1.1327741027956617,1.0,1.0,1.0,1.0,1.0,1.0,1.0,1.0,1.0,1.0,53.57295612905961,1.0,1.0,1.0,1.0,1.0,1.0,1.0,3.049200740626237,1.0,1.0,27.91883104839672,1.0,1.0,1.0,1.0,1.0,1.0,1.0,1.0,1.0,1.0,1.0,1.582712860328216,1.0,90.34418020895762,99.94870682107572,2.9645148558678263,1.0,1.9148674952235891,1.0,1.0,4.25229872123986,2.8081309908449885,1.0,4.310951416427684,1.5298418987216509,19.907456707848375,1.0,2.474107318494199,1.0,2.274796785092607,1.1946716329338194,2.809764421227204,1.0,2.7004528771416214,2.953056230216637,1.0,1.1368539928910393,1.0,1.0,1.0,1.0,1.2505251270399167,1.721782014791423,1.0,1.0,1.0,1.0,1.0,1.0,1.0,1.0,1.0,1.0,1.0,67.41870989590424,1.0,10.52023998847896,1.0,2.535493891123654,1.0
32,TEST_04+5일,1.8644521360622828,63.149251220167045,1.306692450514462,1.0,1.0,1.0,31.262547628209393,1.0,1.0,1.0,1.0,1.0,1.0,1.0,1.0,1.0,60.010689935115494,1.0,1.0,56.361613803554846,28.27686026567619,1.0,1.0,1.0,20.900000000000034,18.164340533848968,4.7217549765201605,34.08605272475546,9.923576808347295,2.0050588451354323,2.038664484956875,1.0,1.0,1.0,1.0,2.3154763810625427,10.682348103199008,3.4534056586212896,1.0,10.855567832808138,3.758583394333432,1.891080808084168,1.0,1.0,1.0,1.0,1.0,1.0,1.0,1.0,4.757031304519756,1.0,4.676364635084785,1.0,1.6810157835848625,1.0,1.0,1.0,1.0,1.0,1.557889923798028,1.0,2.9281247551053085,3.37841479953486,5.722656909171932,1.4644395774067211,1.0,1.078464274188535,1.1611366850902105,1.0,1.4291826347105483,1.0,1.0,1.0195105230643215,1.7671511346991853,1.098829877885033,1.0,1.040729069981082,1.0,1.585297743370871,1.0,1.0,1.0,1.0,1.0,1.378756684263355,1.0,1.721733899075765,1.5809250635330647,2.604013147231606,77.22421379871915,1.0,1.3504736338689318,2.980313677870556,1.0,1.0,1.0,1.0,11.084473407876,1.94996859608051,1.0,1.0,5.030674901942817,1.0,8.364676277304433,45.69324652282282,16.996863453076955,1.1702695647328545,2.2809388921935367,1.0,1.0,1.0,1.0,1.0,1.0,1.0,1.1156837178002452,1.0,1.0,1.0,1.0,59.900000000000034,1.0,1.0,1.0,1.0,1.0,1.0,1.0,3.4213219254241065,1.0,1.0,40.0,1.0,1.0,1.0,1.0,1.0,1.0,1.0225625261364122,1.0,1.0,1.0,1.0,1.912008655155384,1.0,112.67845317086628,120.80979946179386,2.538607239580063,1.0,1.7115145676111871,1.0,1.0,5.652523682970578,1.0,1.0,4.666714894168553,1.6548909337456408,10.305952324048526,1.0,1.468186989780589,1.0,2.40414793794441,1.5023643870437715,2.47711586991529,1.0,1.0,2.227222443663579,3.620966715600411,1.943825821210144,1.0,1.0,1.0,1.0,1.0,1.7448595590500249,1.0,1.0,7.5632152894824705,1.0,6.737934715917886,1.0,1.0,3.812574510581249,1.0,1.0,1.0,36.63227863179017,1.0,13.293656707513788,1.0,1.5258088539865338,14.26163412277412
33,TEST_04+6일,3.2068149974618434,19.80952034045986,3.6774926747583767,2.5585717457623844,1.0,1.2951653275970636,17.560297232160973,1.0,1.5348127536170275,1.0,1.405832134676009,1.0,1.0,1.0,1.0,1.0,53.311886566995334,1.0,1.0,26.43653507581832,17.912591621240434,1.0,1.0,1.0,20.900000000000034,18.721642055358693,16.001072853611355,83.02973544968816,11.954180513961749,2.282991611654238,2.7644104286713844,2.1870208457858133,1.4473230009881002,1.4899678617270935,1.0,2.4481436679016486,19.00339958121683,4.031590785486383,1.7809870636615297,30.111038323980825,6.439792682363661,2.0,1.0,1.419406210448409,1.0,1.671520383546066,1.0,1.5071132487579986,1.0,1.9547047909037405,6.9116631299764775,1.0735924616715016,5.815768021563966,1.0,3.5048001662119113,1.0,1.7931627892622088,1.0,1.1799720141177263,1.2885646840432723,5.946016235006993,4.453135873614254,6.485719766672708,6.42479393544177,7.445819451789238,1.3697576990126024,1.5197765669425147,1.532084539761162,2.504903295154845,1.0,1.9744476330731175,1.0,1.0,1.4460965227914857,2.8069921750004436,1.4297279109758954,1.0,1.7508386283501856,1.2979695303597012,2.651516778454524,1.2627742450083632,1.0698490808493892,1.1088155229483094,1.23921400314623,1.5235216079718428,1.8525896535272728,1.9896789813092788,2.1092995230872003,2.507761845518183,3.897724451086052,80.55984486688581,1.2602760470658303,2.495342657113525,5.801926328428526,1.0,1.0,1.0,1.0,18.253334497622607,5.368376950344373,2.0575573199010995,1.0,6.542781276776557,1.0,7.90327613036856,45.70686728918531,17.997583109809174,2.5882656897579577,3.2216758033490547,1.257218597234747,1.94137411969004,1.0,1.525178273746083,1.1307657002326563,1.0,1.0,2.213902219784477,1.6650500029872095,1.7143104635806952,1.151088611348331,1.1938146453018983,33.720535526220765,1.0,1.0,1.0,1.0,1.0,1.0,1.0,3.126816011094301,1.0,1.0,40.0,3.720137639288725,1.2157507126940776,3.4128713359522775,1.8382815414558076,1.139970663940341,1.0,4.354693003550602,1.0,1.0,3.040373505842963,1.1130377012344457,1.5933834684017445,1.0,133.80000000000007,98.40539190008862,3.096599373276115,1.0,1.8089660139594683,1.0,1.0,6.23367777414126,3.5790719890934106,1.0,4.9061773689899795,1.657556386663436,17.89144818702475,1.0,2.501672746948791,1.0,2.176322116720053,1.0,2.7867581760446996,1.0,2.092458885755825,3.872312187003553,12.768067964028408,2.538696351803061,1.0,1.3129357892477802,1.4385089990500557,6.483556329690934,2.3262367891286737,4.44888814176684,1.0,1.0,7.420778732208972,1.0,1.0,1.0,1.0,1.0,1.0,1.0,1.0,106.04902998035108,1.0,20.93428161047887,1.0,4.676034117170426,17.21625264980841
34,TEST_04+7일,6.948100909524813,11.4038771374814,8.398833297941843,4.853047319667951,1.5187219086786774,1.6880602355498944,2.829294805165654,1.0,1.6761693570633291,1.0,1.5653564625710643,1.0,1.0,1.0,1.0,1.0,23.634926018172465,1.3108271318804892,1.521334246003075,3.658531433068352,5.0939006542274115,1.5148586923117522,1.0,1.0,6.662057379417072,3.3753401393767324,20.0,36.70706082912888,12.013243714709978,3.196069122267887,3.710613676359363,3.673033950732106,1.9746122482594504,1.579965616247493,1.0,3.033512184518754,31.736333845182788,7.031835210577898,3.0,33.80917008834655,23.95371553140676,2.0,1.0,1.0,1.1114184256133524,2.639310106639348,1.0,2.046774354221843,1.0,2.4252984368225774,8.198319885131513,1.1976005822343094,6.175835128228501,1.2224655048601307,4.63641072547666,1.1229053883862583,2.6863746257875607,1.3207117148806202,1.7743150073628842,2.0,8.586695862317786,1.9115598335600157,9.731821057052915,7.644442138587094,9.731956051372393,2.4207223528435797,2.0,2.3378261127349926,4.467492071124184,1.0,3.071080736353508,1.0,1.0,1.5906043580683122,4.0,1.4202349654009894,1.2565798292105754,2.4080145891154494,1.5783294606216045,4.949897793826844,1.7477397305311455,1.5873956342951083,1.2877178919486478,1.6103839113561278,2.5803478592213134,3.092805447763345,2.0,2.610224764594899,3.543143272676666,5.101697545929697,5.8467604994749305,1.6935045249040543,4.672213573565968,10.169806499522132,1.0,1.1797118229033552,1.5109470814589674,1.031758762051172,14.791735481956636,9.171663763271358,3.0,1.1317917670411306,7.975463264138091,1.0,139.5810827885082,3.375413682571247,19.31089108982005,5.17713480001699,4.787086303301038,1.4094266736234329,3.337517794188617,1.4133609407881993,2.4621678195298116,1.773929362218276,1.0,1.264534857293882,2.614074954113643,2.849616959209487,3.0,1.9325823134038893,1.7046926380972,5.335351877917668,1.0,1.0,1.0,1.0,1.0,1.0,1.0,1.795475652901933,1.0,1.0,21.65574828533365,5.220612619041145,1.9203235713445448,5.313122319926198,3.8477249785579017,1.9008115905802292,1.023585611376866,7.0052082680276975,1.898169127213577,1.0,3.840323248573919,2.503450738758518,5.041793787200349,1.0,82.75667869161038,4.649165709723781,6.649980064266116,1.0,7.531358330609246,1.0,1.0,9.768162534324912,7.776876578496647,1.0,7.0485582074849304,6.470319593621347,4.7453978756809985,1.0,7.657017235191514,1.0,6.064531207945472,2.8002154462548443,6.88606542772338,1.0,3.2005205184714547,8.717416250331713,24.889145027032257,3.3046973857194635,1.0,2.183911608518171,16.446642560926445,21.91204677637222,4.2455374002456665,17.518502449367364,1.0,2.075654447589383,17.588237635455503,1.0,3.610631622461558,1.0,1.0,4.492188947457067,1.0,1.0,1.0,52.531603317404,1.0,21.805815964322647,1.0,7.235160519790613,1.0
35,TEST_05+1일,2.7316615497337935,1.0,8.255702990138127,1.6660345049522174,1.0,2.1946975652744576,4.666641626680882,1.0,2.2997245598563354,1.0,1.0,1.0,1.0,1.0,1.0,1.0,36.584863691848426,1.0,1.0,5.845862539542955,4.664702979051407,2.0089515312190667,1.0,1.0,20.900000000000034,5.745602581183387,3.335428731421022,13.822839810525462,16.118275511294577,4.840646691046203,2.681203125307658,3.3418989143930236,1.6918376770434915,1.5872519778981455,1.0,3.2594567645165675,35.83354209465064,5.544511007229192,2.212659952279872,26.84993999531191,27.848689007548337,2.0,1.0,1.0,1.0,2.6383871017511744,1.0,3.008636871979185,1.0,3.9854593034441614,16.68240208960798,1.2506327220301656,8.90647719715407,1.9697082480917312,2.0054669975404744,1.0,1.0008600362794882,1.3881533941914816,1.0,1.2626146327885766,21.900000000000034,12.717621482429855,10.616428922108552,16.86998005959797,5.092796158769453,1.6679823281979067,1.0,1.569659737578873,3.674932820424591,1.0,2.544707747054515,3.1441962945500035,1.0,1.0,3.015379146718691,1.2777665507659457,1.0,1.4264585403358732,1.300115762316254,3.3474385197193115,1.9133548722735083,1.2210792233256718,1.4584515636586797,1.5290999333176225,3.2433508570027887,3.394832541902995,1.908239497155076,1.7975757825899368,2.837764125348166,4.063546447978327,1.106495095400697,1.5222534740392837,5.356194304363456,9.050132654352977,1.0,1.0733170769010685,1.0,1.0,13.5708421284419,6.297048110800238,2.2903341103655355,1.0311264515345442,1.2417408548556923,1.0,124.49784577729557,1.1626735340964556,45.0,5.066889337087705,3.8429366554569047,1.22107284886744,6.446030645338791,1.0,1.5168683922963364,1.0,1.0,1.0,2.9435034126593753,1.1731683864634344,2.3089493980847116,1.5532808404190626,1.5602055798693637,6.3058758982673115,1.0,1.0,1.0,1.0,1.0,1.0,1.0,1.0,1.0,1.0,6.684241719367957,7.0,4.560997381211221,4.909309834104178,2.821910667420169,1.7560170626500753,1.742301876939681,8.79033452849096,1.7245717234380888,1.0,2.943276176386448,1.9307001658884095,58.94513689783774,56.04433850469856,28.338448600183675,42.98664258319698,75.784192540542,47.0,50.900000000000034,1.0,4.4238031921631835,157.0,81.0,78.90000000000003,70.25288020439301,32.900000000000034,1.0,45.0,64.76978106668078,8.840681069556352,47.0,27.947165547444538,82.0,54.900000000000034,20.900000000000034,1.0,473.80000000000007,241.40608544425916,72.83148829828707,247.0545287935015,47.58933646361369,87.42199517278482,81.1383781719527,164.44902690310116,49.0,8.28898741348925,130.56647007816798,71.8155641958449,1.0,1.0,1.0,1.0,1.0,1.0,1.0,1.0,1.0,1.0,1.0,1.0,1.0
36,TEST_05+2일,2.621807206485004,1.0,3.196245615457424,1.0,1.0,1.4429637671380442,4.582548574764949,1.0,1.6489613823911284,1.0,1.0,1.0,1.0,1.0,1.0,1.0,8.961632714188488,1.0,1.0,5.473858292503832,4.77082297075283,1.0,1.0,1.6447792898178548,8.737841671305208,7.603425233311357,5.171006787720883,10.84249777714763,11.706785746956882,3.312583031679425,2.041783843778425,2.487701865436102,1.306946409801604,1.0468710192925514,1.0,2.216468285487727,29.055876890483948,3.539289858311634,1.5999775195855752,18.16868522566472,12.742960355778726,2.0,1.0,1.0,1.0,1.5429487148938834,1.0,1.9412992697852296,1.0,2.38269104969067,16.705670653863866,1.0,6.778862342110183,1.0403276713377572,1.4331010147136638,1.0,1.0,1.0,1.0,1.0,12.692701142327174,10.331491355111144,5.703098473039174,23.0,3.504993398698893,1.062358602955375,1.0,1.0,1.793647488420728,1.0,1.4677259602809103,1.6420960329387335,1.0,1.0,1.555368526441146,1.0,1.0,1.0,1.0,1.7823317567509864,1.0877184956224055,1.0,1.0,1.0,1.9856968408174656,2.0929867648194125,1.0,1.0,1.9122039982839143,3.1361699913440964,8.648327330253956,1.0,3.3398480789239744,5.898081357334498,1.0,1.0,1.0,1.0,27.26878944820791,3.7067808962060966,1.6438149247365683,1.0,2.121647644306333,1.0,30.92583408672592,64.43837847510979,45.0,3.10209941369514,2.6283837511039687,1.0,3.245325173472456,1.0,1.0,1.0,1.0,1.0,1.7160966806539475,1.0,1.2117408568302808,1.0,1.0206990099226918,4.914186616616137,1.0,1.0,1.0,1.0,1.0,1.0,1.0,1.0,1.0,1.0,15.758377641169586,3.5820350945195023,1.516236095982604,2.606190489348579,1.1210316071635495,1.0,1.0,6.14109246567706,1.0,1.0,1.7351678497700114,1.0,39.37178558856924,32.602507941204486,25.092689040904336,40.610799622442144,52.87521102582345,28.69935678695042,32.516830274901984,1.0,4.184935809148059,140.2984122446184,62.91873319708313,61.05674131470936,45.92708769955152,22.088802014364862,1.5804407349072576,36.822625838205326,32.12807203109614,7.27930429654942,27.99149358391366,15.677874359435677,70.37834530424836,47.833230191352385,14.850995822154978,1.0,272.9567472004947,146.68891866099244,48.40067659459978,182.63337475508223,30.87003385091972,60.352335649787136,54.270331314524434,163.68592030947022,30.160939299682152,6.166983981354291,108.63936218747293,45.50000523726123,1.0,1.0,1.0,1.0,1.0,1.0,1.0,1.0,1.0,1.0,1.0,1.0,1.0
37,TEST_05+3일,3.364951792871176,1.0,5.3324771985741775,1.0,1.0,1.779679594888891,3.0619895834485877,1.0,2.168488968636354,1.0,1.0,1.0,1.0,1.0,1.0,1.0,13.01644098685458,1.0,1.0,12.18728858806229,1.7678814340759288,1.0,1.0,1.0,8.792224179665505,14.186623762745905,3.714065607315636,16.29196552763557,12.236046150927503,3.138724203338797,2.190917504630382,2.195334695840044,1.2362886370130224,1.1069407850618738,1.0,2.1103398277116265,26.562712306606883,3.70879479305326,1.7518770744028354,23.683900814438047,10.142735970796696,2.0,1.0,1.0,1.0,1.580307254282264,1.0,1.918841505190975,1.0,2.302869693218857,19.071642841615844,1.045447355047111,7.126937636108172,1.0,1.6746798089548955,1.0,1.0,1.0,1.0,1.0,11.277897106687282,7.331358976780713,4.506618056159693,8.572449672352173,3.5634208906527265,1.127505992354902,1.0,1.0,2.384974774752553,1.0,1.4065205884121643,1.9479394645829624,1.0,1.0,2.264597215152108,1.0,1.0,1.0,1.0,2.2569478534002725,1.3909724937314942,1.0,1.0,1.0,2.3222489051914907,2.640402086625778,1.3254360388982689,1.1579192350635523,2.0702101102522095,3.0837540433677058,9.31407933406674,1.0,2.7725329566546426,5.820664800771743,1.0,1.0,1.0,1.0,12.76570150233504,3.385696581868123,1.6720294080653353,1.0,1.0,1.0,5.67432682521725,74.61678642734367,32.32089026493787,3.0955599663156823,2.4127284422855606,1.0,3.456704535032194,1.0,1.0332292682555235,1.0,1.0,1.0,1.3881194227094886,1.0,1.216069534396834,1.0,1.0,18.66050469847361,1.0,1.0,1.0,1.0,1.0,1.0,1.0,1.0,1.0,1.0,26.055199643914317,3.631057305824123,1.3393437027967043,2.7882203527826426,1.3560645930277908,1.0,1.1414635300068443,4.646547225636192,1.0,1.0,2.0199402673666027,1.0838632010647262,39.0721604776392,29.83413876494348,37.666388641842566,26.98265729532613,59.9324449829524,33.56128486869991,31.920196634520327,1.0,2.9082334606400524,144.00272652445986,62.165585750919064,67.03978497519533,52.89651732361501,20.771489766488944,9.807630060229556,31.69264666001193,35.34942058988775,5.927469009185094,27.54767235825209,16.544482654806636,63.774255565937885,52.89129127448824,15.372440536219608,1.0,288.2167547506389,130.84105674558984,44.72399558672251,152.86955852901772,23.50886745172416,64.7951515337972,55.97445369003777,195.9022134209828,34.52838491977703,6.922852272762526,101.59861401051212,49.54491295238962,1.0,1.0,1.0,1.0,1.0,1.0,1.0,1.0,1.0,1.0,1.0,1.0,1.0
38,TEST_05+4일,3.2903748123188836,1.0,5.70476500956168,1.0,1.0,1.403205262337749,8.891504639626834,1.0,1.83149464261644,1.0,1.0,1.0,1.0,1.0,1.0,1.0,16.4132767071659,1.0,1.0,14.81738430670054,8.154878792257119,1.0,1.0,1.7997520525819295,11.259452266715805,13.782204737693148,1.0,9.98415155627921,8.7519082758772,2.310256522954965,1.8036798134472496,1.964904033528216,1.14009779783763,1.0,1.0,1.5724764985084012,25.65873423352467,2.9336895374992693,1.3893947129863513,18.761174148142526,11.609783075068,1.5240163591880531,1.0,1.0,1.0,1.387041785867451,1.0,1.431476578710993,1.0,1.9401563714983343,16.888354498042496,1.0,6.593380536931435,1.0,1.7851555323538666,1.0,1.0,1.0,1.0,1.0,11.153758749761876,8.122696293303083,3.8732598035960977,9.642976654200233,2.6516420487143417,1.0864750924994224,1.0,1.0,2.685979247374944,1.0,1.3627465873010771,1.9107805597205605,1.0,1.0,2.434905380224897,1.0,1.0,1.0146337273667283,1.0,2.2912841621209825,1.2001226088189485,1.0,1.1397505482312331,1.0,1.1534056099289802,2.384927452589149,1.4250778986379828,1.1410546432779325,2.070806611718699,3.000091786711292,7.978370233829899,1.0,2.1184340583178214,5.0013988137025125,1.0,1.0,1.0,1.0,25.32442284331102,2.3860000811838606,1.436797614834739,1.0,1.1127634912982924,1.0,1.0,91.44684260626347,29.38769516541538,2.636989780889873,2.112924050204505,1.0,3.1687906015099783,1.0,1.0,1.0,1.0,1.0,1.217353672360409,1.0,1.2133146855571644,1.0,1.0,24.91940141812918,1.0,1.0,1.0,1.0,1.0,1.0,1.0,1.0,1.0,1.0,15.169291035404829,2.7986241102587432,1.1858957218871589,2.107782201296632,1.0631476310858536,1.0,1.0,4.9888169597515795,1.0,1.0,1.929038848372103,1.0,44.42880203563848,31.560673571431536,22.469235468256155,58.161772137677865,58.41601127641235,29.881337972446797,33.34718492875582,1.0,3.337203690383584,144.8016997146616,62.90761350172398,67.62781761955642,55.59686602896146,17.279866487271853,5.2754072121238424,43.06262080155501,41.77861956279045,5.654990699917056,28.182854904329837,15.592014813382448,69.23770529456232,53.677103713900024,15.42350595525616,1.0,377.8708409122301,142.50765938779213,49.22580683054747,248.84203384679475,24.519530147991432,62.20015042098385,56.828901654934306,172.12719284515322,30.607594467203764,5.281149865078467,92.51056052520322,51.06242348295043,1.0,1.0,1.0,1.0,1.0,1.0,1.0,1.0,1.0,1.0,1.0,1.0,1.0
39,TEST_05+5일,3.8056894848833904,1.0,6.898880794557855,1.0,1.0,1.8242452301726049,31.900000000000034,1.0,2.433644862949762,1.0,1.0,1.0,1.0,1.0,1.0,1.0,55.064526279808014,1.0,1.0,39.97821991015864,30.190690961397287,1.0,1.0,2.0,20.900000000000034,21.0,2.266536986388434,30.247516891466493,6.194991547429184,2.7843930143328053,2.539761920017242,2.2906845970712326,1.3870349338512635,1.2065673293804888,1.0,2.059451474834206,28.17084227849551,3.787857573884648,1.6086228086544307,14.473039448901106,11.668599456718669,2.0,1.0,1.0,1.0,1.91762553364786,1.0,1.6719309821259356,1.0,2.434244384362916,14.509456085948848,1.0,6.71784864900969,1.0739573992985278,2.1496127932858764,1.0,1.4110993324911103,1.0,1.0,1.0,15.56518704109785,6.405860593192125,4.970087643552491,8.532624147990528,3.3409201671230764,1.2426386905025644,1.0,1.0,3.166605122690212,1.0,1.6549030230658697,2.082754586390152,1.0,1.0442250305065537,2.294327417906607,1.0,1.0,1.0,1.0,2.4590315033647814,1.371405634954357,1.0,1.3237950950884847,1.0,2.2703547858688102,2.554398587100569,1.131273259751645,1.215070354587803,1.9517222402387857,2.935296569321948,12.53992544556342,1.0,2.341576053469638,6.161676947371946,1.0,1.0,1.0,1.0,19.363985841887143,3.2696762867334104,1.7324436414511435,1.0,1.7903019375192235,1.0,4.781047342250382,93.32549629282744,37.613589372348926,2.7557734865480152,1.7997331067458004,1.0,3.374449264852883,1.0,1.1831579983337766,1.0,1.0,1.0,1.4342048264087337,1.0,1.4352833959740572,1.0,1.0,46.85702521868304,1.0,1.0,1.0,1.0,1.0,1.0,1.0,1.5771741844087486,1.0,1.0,40.0,2.8657768017263754,1.744921992922238,2.667578549086027,1.1296212693190342,1.0,1.0675087041355618,5.1090275379069805,1.0,1.0,2.3057376627990065,1.0,46.22199272445915,38.702334608947005,30.57204702030365,103.64688063598484,58.461926853689974,39.62854454942252,38.82512692094297,1.0,3.200949585843325,156.25844527431738,81.0,74.9577343143035,53.2179583401288,18.64820538734332,11.153478102726604,45.0,46.50634482100533,5.852389402735079,34.28258704772289,15.263581931461443,67.57894032936208,52.60108271922597,14.673275942218842,1.0,314.57926267374046,166.1029942350658,49.56981491367203,220.7463694488259,24.13746450144219,64.43726139997293,66.99298899220081,191.62647641004355,36.4399835572266,5.740540868586425,91.26110044224566,55.054372175227115,1.0,1.0,1.0,1.0,1.0,1.0,1.0,1.0,1.0,1.0,1.0,1.0,1.0
40,TEST_05+6일,3.6377004514295472,1.0,6.1316760138375335,1.3762992139683532,1.0,2.737601968981693,8.568645801306332,1.0,3.125378412204672,1.0,1.0,1.0,1.0,1.0,1.0,1.0,15.359307062052665,1.0,1.0,16.72016832801958,6.60409268873809,1.29024374496627,1.0,2.0,20.900000000000034,16.565773400065265,7.926384765722261,44.725235731906395,9.100055077557291,3.3901083692157905,2.788489635797475,2.971535434649607,1.834465483416469,1.7500435586937668,1.0,2.656605356071429,32.313079864275544,5.273917177127509,2.5930467078673134,22.64001798238308,22.1037124493758,2.0,1.0,1.0,1.0,2.5893929097642294,1.0,2.597227633255399,1.0,3.293320472851717,19.460156205127547,1.3394856352854618,7.848141810405199,1.708757237969793,2.918478644154746,1.0,1.4851595777457025,1.4473629566614343,1.0099094655878618,1.546503192700729,21.14909578334541,9.89662891701365,6.956925919568863,13.489079751667958,3.8666841861548105,1.4501452907692047,1.102979981921385,1.2883213593661735,3.5057904014629906,1.0,2.3481401303153726,2.5725916573581347,1.0,1.3011435629498165,2.883169009573519,1.2522116738426834,1.0,1.1953050380290309,1.217304881132748,3.1518071608990876,1.5363299687732632,1.2821327985915594,1.5420398838509084,1.4543987904106193,2.067790826989505,2.851213007416019,1.7057086424066803,1.6728453413381257,2.416402744413201,3.7310161024368385,17.429622929420383,1.417945827665097,3.272995804705541,8.99132970730128,1.0,1.0,1.0,1.0,12.255634886127622,5.063587491413165,2.7524526657769757,1.1602880162227571,1.8110428924422473,1.0,11.044393248918176,77.87982417692245,28.804969847749017,4.299988088835959,2.7718871857644483,1.3148699596247189,5.054406285382385,1.0,1.569179361577723,1.0,1.0,1.1245774076053332,2.370037680231328,1.5916803393444834,2.0045955141621836,1.131211194666928,1.1877703900646095,26.788005282539128,1.0,1.0,1.0,1.0,1.0,1.0,1.0,2.0252938695280465,1.0,1.0,40.0,4.811901943290233,2.7505757562935393,3.372973484521971,2.2526947827187143,1.4255094921556817,1.6863864211021249,8.702638472344859,1.3291235812221127,1.0,3.227106987807241,1.7078740484868478,53.5802150777412,43.156279969967414,38.204906227938295,40.30422536266198,66.45745344188148,44.269504672816026,46.8960798245173,1.0,4.414495671140931,157.0,81.0,77.17914320231206,61.68277803378957,22.325970683777953,29.0,45.0,54.97020945148485,7.569691807073365,41.071523446969195,17.444507121451277,81.41714741971107,54.900000000000034,18.79090312546594,1.0,473.80000000000007,274.0731974627844,73.63351741011924,283.0,39.24558710205335,92.63480517417489,99.89009287702152,200.1752239949313,49.0,11.857822371516278,164.0,79.44740261754052,1.0,1.0,1.0,1.0,1.0,1.0,1.0,1.0,1.0,1.0,1.0,1.0,1.0
41,TEST_05+7일,3.6198676187183025,1.0,8.46528620429146,1.920631993160057,1.1411145875578614,3.0,1.0,1.0,3.3927970286184745,1.0,1.1054619468538045,1.0,1.0,1.0,1.0,1.0,1.8518688495529283,1.0084237514928118,1.0,1.0,1.0,1.6536644050477127,1.0,1.0,1.0,3.132770910170407,10.812853224551157,35.6691124442581,15.895759432142247,4.6832133550246065,3.423715316426858,4.118262999035635,2.4867448283065405,2.3392601677232943,1.0,3.0742562819636117,57.70672565301202,6.974878715750859,3.0,37.67879812111457,18.699387157571596,2.0,1.0,1.0,1.0450789455048035,3.4462727109155873,1.0,3.452342392150665,1.0,4.0204350206188,23.74521024427353,1.622535227192925,11.148592263008448,2.0,2.8281027230433726,1.0762791177540314,1.397040434561756,1.708136858696111,1.3846735905917855,1.4229221595609058,21.900000000000034,14.35600864819509,13.51486705797588,16.728312240966297,6.357898398586967,1.7848393656011372,1.3821246552476556,1.8684619989720508,4.706892976154418,1.0,2.9914041264096487,3.4925620240322752,1.0,1.7766247923180076,3.924792207530526,1.242720996435136,1.1117861292519122,1.6664473915718605,1.2678192256439889,4.36592219304659,2.0,1.942122873791124,1.587176169695595,1.5391738391972294,3.41530855781886,4.31678001671793,1.859781478993566,2.0445722299542006,3.271731995974382,4.624261309141551,2.086762828163172,1.8933578502629107,5.88997877004919,12.768886165333203,1.1514625720431846,1.3192159474838303,1.0,1.2045499457857138,3.2051220879398796,7.408192037130149,2.908341784040103,1.4458896126256888,8.936389540265308,1.0,90.92995585257876,5.2608592649553785,41.58629258877344,6.303261251210985,4.088944461994036,1.6290336717612632,7.0,1.529527129033408,2.095806487952414,1.0340980770304653,1.0,1.5585470412439082,3.443628377809192,1.7781952359148017,2.719852827164374,1.7456775865032128,2.0969771441151237,9.68205156359858,1.0,1.0,1.0,1.0,1.0,1.0,1.0,1.6758782908228944,1.0,1.0,15.87585071299332,5.404538814454124,4.900000000000034,6.30381855603438,3.3155996096128595,2.0,2.0323161135904244,12.0,1.8909671784906308,1.0,3.913411653666358,2.587686952229825,60.0,66.7000000000001,15.632924661233186,18.26538916874489,81.90000000000003,47.0,50.900000000000034,1.0,5.0,157.0,81.0,78.90000000000003,74.0,32.900000000000034,5.653139855612763,45.0,70.0,11.0,47.0,28.0,82.0,54.900000000000034,20.900000000000034,1.0,473.80000000000007,386.0,104.0,283.0,69.90000000000003,96.80000000000007,113.90000000000003,203.80000000000007,49.0,10.425314964603276,164.0,94.90000000000003,1.0,1.0,1.0,1.0,1.0,1.0,1.0,1.146319013062583,1.0,1.0,1.0,1.0,1.0
42,TEST_06+1일,1.756432332201998,1.0,6.6752759983676295,2.0555764619826284,1.0,1.0,4.216249410303693,1.0,1.2245974121688954,1.0,1.0,1.0,1.0,1.0,1.0,1.0,5.061492431509988,1.0,1.0,3.712711078982139,3.885793638720386,1.0,1.0,1.0,6.31454186505865,5.0818243471615965,4.755193771865865,12.533425406180946,11.74413102817082,4.082437554760763,3.900170696614588,3.391740762020201,2.886494483187551,1.024421230223989,1.0,2.5002101833829564,35.37166696295373,6.6689705115701905,3.0,22.613313472114825,17.979111714793287,1.0,1.0,1.1103272221309448,1.0,2.349950427672357,1.0,4.531467139083193,1.0,3.9698173560385994,26.742753855556003,1.2435422162843297,10.306160669453815,1.0,2.6646708009995597,1.0,1.0731003120670228,1.4896364326541494,1.0870920694662944,1.0,18.2851404386652,8.431818962041444,4.888638165351361,13.134485360862424,8.32917439782914,1.067765487201096,1.0,1.2616163417057034,3.525724314357711,1.0,2.099967692634935,2.509035885369569,1.0,1.0,2.729048274326751,1.0,1.0,1.7057746576539832,1.0,3.451651491976806,2.0,1.4239339233764436,1.3245583487346395,1.2604249625930863,2.302651960955767,2.126073266475904,1.742364740089597,2.2450857867165395,2.681270414966085,4.010994611452774,1.9347726914600156,1.104341784088367,4.189864458001292,10.00344034159616,1.0,2.0,1.0,1.0,9.573297642231635,6.545722904923888,1.3875522756129277,1.0,1.0671438741316963,1.0,63.857514348748566,13.81650917658764,29.04898673577557,5.434592885190753,1.96315052312714,1.607706275986487,4.352700616028033,1.0,1.459049703678747,1.0,1.0,1.0,2.8089390801190084,1.0,1.7856532649101786,1.109305381630746,1.0,2.171403334375178,1.0,1.0,1.0,1.0,1.0,1.0,1.0,1.0,1.0,1.0,12.511743457785158,4.742268433546943,4.6894378354856014,6.534846431108216,2.4903896852617047,2.0,2.4364914380424714,8.787107603495425,2.0,1.0,4.1588083016633215,2.1500287868303594,60.0,57.839249462750935,39.598197655146144,4.552575066884607,64.1743428405838,47.0,46.39558594356316,44.92853704692896,5.0,157.0,81.0,78.90000000000003,64.47685666303285,23.913084116057796,1.0,45.0,62.23819537077785,5.528204736307418,45.4978281133392,24.354235647446735,75.75129037858744,54.900000000000034,20.900000000000034,1.0,414.1799032044928,297.0879879121576,74.03443442225225,237.2197275712279,41.22387820391061,80.11884724405164,67.82028282483101,203.80000000000007,42.910638474040816,12.53063080124165,95.9021093960106,82.45072749686744,1.0,1.0,1.0,1.0,1.0,1.0,1.0,1.0463439745187126,1.0,1.0,1.0,1.0,1.0
43,TEST_06+2일,1.1749980957036918,1.0,3.385592949039804,1.079225885396238,1.0,1.0,5.60927630236061,1.0,1.0,1.0,1.0,1.0,1.0,1.0,1.0,1.0,6.386816562823613,1.0,1.0,13.693987207344444,5.428531517687264,1.0,1.0,2.0,8.273861575982064,16.170621502895926,5.3486080535549085,24.00369320898252,8.194418129102106,2.4695038475124163,2.5277795930154556,1.916484956679929,1.6539950450435352,1.0,1.0,1.5135995905151447,13.157988528311838,4.618884533729562,1.8387230630727296,15.551526928613145,7.026256165510329,1.0,1.0,1.9333246382171752,1.0,1.2816168810881683,1.0,1.9635934840798384,1.0,2.490927363329944,14.672311508829456,1.0,7.378965823293414,1.0,1.3677612535273271,1.0,1.0,1.0,1.0,1.0,8.447303459244615,6.823839265221628,7.540529335536603,10.150769181187224,7.519561598166877,1.0,1.0,1.0,1.5905536472711712,1.0,1.0,1.0,1.0,1.0,1.2942147497624523,1.0,1.0,1.0,1.0,1.0,1.0,1.0,1.0,1.0,1.082254381990129,1.0,1.031794930074208,1.0,1.7269550850360518,1.514593194884792,14.20205356924638,1.0,2.554734447259676,5.849829071640552,1.0,2.0,1.0,1.0,9.617558620635544,3.747721978189795,1.0,1.0,1.7893902363879508,1.0,15.702003080749774,76.38792827594229,28.152034596213845,3.0788895579569537,1.0,1.0,2.3830182597543463,1.0,1.0,1.0,1.0,1.0,2.3172740400170957,1.0,1.0,1.0,1.0,22.488621851528897,1.0,1.0,1.0,1.0,1.0,1.0,1.0,1.0,1.0,1.0,21.95177943202132,2.4474476796170364,2.2769815985738204,2.9394140979126284,1.6444033396491984,1.1095528114656228,1.150341666844213,6.450669793349439,1.3506669375571672,1.0,1.977977051358213,1.5384734918249656,48.97912499009753,24.69646739173708,9.91450205764836,9.343804915332594,42.4603883730409,42.24457204107144,34.09047775965881,20.95344019298981,3.1830007328077854,108.79828764730377,80.78590587522875,57.71813664106421,41.93689035746261,13.199213760609238,1.0,35.91017859841832,42.7467807011286,3.4381318469531585,29.653378096343538,11.223326737447415,45.01273319030215,42.57306404236258,16.775660138777248,1.0,151.85947339758036,108.91769601559092,40.00749575935133,115.01683565408796,17.705803717134728,37.462957664150395,23.56671887109571,66.75732005371759,19.27095085184241,5.3359765382268005,53.20318751602806,43.1183858814771,1.0,1.0,1.0,1.0,1.0,1.0,1.0,1.0,1.0,1.0,1.0,1.0,1.0
44,TEST_06+3일,1.3081991183751902,1.0,3.174430132124963,1.2626305707635652,1.0,1.0,21.67289211705039,1.0,1.1270903449973624,1.0,1.0,1.0,1.0,1.0,1.0,1.0,8.849587219320288,1.0,1.0,12.874739755112085,8.903526458858527,1.0,1.0,2.0,14.853770498917871,21.0,5.626669389874585,38.96236778404563,7.602794234085539,2.5628562451809813,2.922039441567466,1.7473267905167025,1.6318293197843303,1.0,1.0,1.3878739604224972,13.634347565149302,4.6325065011691455,2.001890758972632,10.951332629735637,9.95809391164921,1.0272369107205246,1.0,1.0,1.0,1.4023471216186694,1.0,2.3620118596170374,1.0,2.40505329320954,14.402040933598151,1.0,7.325240628644531,1.0,1.3289339240642932,1.0,1.0,1.0,1.0,1.0,9.927793994955112,4.663252050623057,4.98578679802641,10.988832042470658,8.826314025645724,1.0,1.0,1.0,1.724748105621434,1.0,1.409383363336823,1.7022148995858553,1.0,1.0,2.044893635230774,1.0,1.0,1.0,1.0,1.5273842698215654,1.3042835475623786,1.0,1.0,1.0,1.6982018114800392,1.3770382139356143,1.438945497705375,1.2336104643863577,1.9279524242753148,2.203477719879146,38.4440095094658,1.0,1.901656222145813,6.735930770655271,1.0,1.5755593109206858,1.0,1.0,12.262251054971852,3.2859259909495817,1.0,1.0,1.0,1.0,9.850314270581414,60.107393295111045,20.051480970990006,2.673556362357549,1.0198047741479292,1.0,2.2135027684543545,1.0,1.0,1.0,1.0,1.0,1.887716596118877,1.0,1.052058818648141,1.0,1.0,20.84580344323836,1.0,1.0,1.0,1.0,1.0,1.0,1.0,1.0,1.0,1.0,12.144000038559229,2.4718901211271325,2.17979681328705,3.754881778735013,1.6380900761610548,1.169093261978854,1.1983390503203937,5.886517061619734,1.2859518363593772,1.0,1.984595718137319,1.4735436066279208,41.498127776563734,21.746162241788213,40.45410464196402,45.28707704335651,40.62149708859487,36.3684316541766,27.216761526670005,18.8926947643805,2.696696460275515,86.9114950028868,77.19487842424228,61.30554490688947,37.59506419399471,11.975503495114042,5.875879519352214,29.355717296215325,32.02356797314722,2.4140552665928934,24.19336047330579,10.299816209969832,43.65235638823849,45.376050748489504,14.06782015195993,1.0,204.66250182283892,89.88491342240619,28.01371137776944,92.77601785400648,13.226786762956843,34.3390587403767,21.980864739348853,65.27845902211786,16.55954109648988,4.4645117878382505,24.53699112114234,35.08236342457185,1.0,1.0,1.0,1.0,1.0,1.0,1.0,1.0,1.0,1.0,1.0,1.0,1.0
45,TEST_06+4일,1.101141465514868,1.0,2.957527012615928,1.136823146434481,1.0,1.0,5.242499089400564,1.0,1.0,1.0,1.0,1.0,1.0,1.0,1.0,1.0,6.188141486216557,1.0,1.0,6.5517844752317345,4.541862055964451,1.0,1.0,2.0,7.712517800056005,17.868537790766457,11.64983605792852,14.86132921128879,9.616819424948249,2.140215002381333,2.4699939871672303,1.4619397589533027,1.336075751143646,1.0,1.0,1.3071452007576247,14.31359664271234,3.744814890440801,1.8609203554668576,18.90654126895335,8.874821893006729,1.0,1.0,1.616344468931933,1.0,1.3450151330898654,1.0,2.013318394715266,1.0,2.221641114990482,11.794784595406565,1.0,8.409126851480295,1.0,1.131653919369355,1.0,1.0,1.0,1.0,1.0,9.925847251195224,4.780662929565252,2.0251831593594902,9.424250587351192,3.7420651775978486,1.2263283928433202,1.0,1.0,1.9544792299439624,1.0,1.4437713745337724,1.4676747576591835,1.0,1.0,1.7995896842932375,1.0,1.0,1.0,1.0,1.6965258160989405,1.2696503635410166,1.0,1.0,1.0,1.3015866930868576,1.2490046017450291,1.13401721863703,1.069514383000452,2.0591790884505516,2.3115306908880475,17.372744445161345,1.0,2.968740156017518,6.474685138112947,1.0,1.7768084955134342,1.0,1.0,10.377177260730594,3.3047231973167337,1.0,1.0,1.0,1.0,3.8545178166307856,48.21731247772125,22.855304529907997,2.5348182908372494,1.0,1.0,1.967349014793704,1.0,1.0,1.0,1.0,1.0,1.5560668962108073,1.0068776379132904,1.0,1.0,1.0,11.83783714505944,1.0,1.0,1.0,1.0,1.0,1.0,1.0,1.2751951489191915,1.0,1.0,20.778613656120697,1.8430695376462511,2.510982235706237,2.5283462319900556,1.2554076087684176,1.0,1.0,5.592742568051746,1.0776897599243076,1.0,1.607607574533914,1.2669498867226976,35.01091996450043,18.618854823776577,53.20509597332257,49.4556040074003,31.167360138368952,26.126491030308113,23.94314963094584,15.584934592158344,2.6102924403430863,84.8672887148237,69.5903503649122,64.57379800944706,30.887396478922177,10.342888423195344,2.022146025231236,23.02323197861436,27.406701373166413,2.3255331135939823,24.30637712077911,8.657215877358256,33.44976754901041,35.77802149369949,13.812523096827316,1.0,205.4439542938786,114.34022678912604,26.17866337436054,107.10745246318484,14.19461194128036,21.317828048342395,22.475584998356936,49.041650923253435,15.62477184232162,3.3554353484250443,19.545285986261625,23.653887029209503,1.0,1.0,1.0,1.0,1.0,1.0,1.0,1.0,1.0,1.0,1.0,1.0,1.0
46,TEST_06+5일,1.645308191528634,1.0,3.1851697545417106,1.2526850408338557,1.0,1.0,25.61867557246464,1.0,1.259845942038635,1.0,1.0,1.0,1.0,1.0,1.0,1.0,13.153368186494184,1.0,1.0,40.86156640419992,17.590815646091613,1.0,1.0,1.0,7.864258009204137,21.0,10.115181703432013,16.351973260446744,8.233162437641301,2.76497592878281,2.570047540440531,2.2421983040373945,1.7172068999354673,1.0,1.0,1.759864605335189,20.56875862589473,3.993409953704631,2.1560830110047515,30.202884341733053,7.03968845927056,1.0,1.0,1.983236458877174,1.0,1.609118016281749,1.0,2.286609925511099,1.0,2.4467860804893036,12.921815760795017,1.0,10.021712230128406,1.0,1.5092687598687202,1.0,1.0,1.0,1.0,1.0,9.771825415844525,6.6734660331887445,4.876582481113224,9.459124617818771,8.066800275469129,1.0,1.0,1.0308636700667997,2.021865377030428,1.0,1.5851352808980297,1.8635795558461137,1.0,1.0,1.7559611967639817,1.0,1.0,1.0447872456469196,1.0,1.6635644607694602,1.5623951169397632,1.0,1.0,1.0,2.050731640456541,1.3542855389933472,1.1664725873939068,1.0018998848952907,1.68631983044339,2.524443801211382,36.252369793778435,1.0,2.620376114193128,6.05779228390553,1.0,2.0,1.0,1.0,10.924116307125294,3.427549340828309,1.0,1.0,1.6971398899985628,1.0,14.689676561533748,76.30385859960639,22.220958917219853,2.6193147239194987,1.3562019924380329,1.0,2.3654816850824982,1.0,1.169443289778465,1.0,1.0,1.0,1.983174307918088,1.0997428107205662,1.01060118135021,1.3838652494228647,1.0,59.900000000000034,1.0,1.0,1.0,1.0,1.0,1.0,1.0,1.655989430190487,1.0,1.0,40.0,2.4540081889921614,2.380818862775229,3.145181847439377,1.6869660079620874,1.2596452408535677,1.0935244464961804,8.428367038410059,1.401230483197064,1.0,2.23226632303487,1.9150277647862708,35.053237535560164,31.683369261531578,48.58776057494492,45.604247890997726,41.2158889880574,28.778992584492592,23.782038257976083,22.997739013297895,2.4319358045553887,86.4987612933954,81.0,65.5576264603798,32.56293976636195,15.811432925639693,3.900932856840591,17.413038882540405,26.49070662824168,2.1149257785773004,29.507778162903495,8.456500894650263,43.04440683414499,39.4077216210611,19.44342581298415,1.0,167.83740583928306,73.18966288926589,29.104289682559106,71.22213269620389,16.036773088847415,23.3057369070299,26.066458447170422,41.91300533740824,18.74036817255613,3.691659882904349,34.43659754997243,28.840595633073065,1.0,1.0,1.0,1.0,1.0,1.0,1.0,1.0,1.0,1.0,1.0,1.0,1.0
47,TEST_06+6일,2.930056880193491,1.0,4.589721784920599,1.7116327426921532,1.0,1.5644176651195896,6.976197597848816,1.0,1.6055742126474473,1.0,1.0,1.0,1.0,1.0,1.0,1.0,12.554572763710553,1.0,1.0,9.558909196394028,9.169165561040836,1.0,1.0,2.0,20.583913903657695,21.0,16.837580596561637,80.32465461713603,9.674477112020146,3.791195852267931,3.473987513967734,3.331290376701549,2.8335237170131604,1.2050768530180234,1.0,2.707808252011582,27.488968757911717,5.678852203784696,2.9934527999505995,24.903828661034144,10.822763019844013,1.341181729485363,1.0,1.0,1.0,2.3152435223494456,1.0,3.9306930043031247,1.0,3.452449487796909,12.18729469086383,1.0,7.312998912572219,1.0,2.135826752742801,1.2253678906334011,1.2322074044180564,1.5117480629838542,1.4095244463269794,1.0,12.740113103704353,9.598362503995295,4.447356225207736,11.90234390579865,6.4771116925635015,1.4598266777246212,1.0,1.487699035456734,2.878313831525949,1.0,2.0739266472423115,2.5404362341785385,1.0,1.0,2.473854696707228,1.270188502837399,1.2584155628388367,1.4553052105155793,1.0109360064617912,2.5880803646235013,2.0,1.240411592574756,1.4517642582572623,1.0620096381360289,2.2042358643968174,2.161871959513045,1.114754599916029,1.687272351901395,2.6116257176129216,3.871269135161587,49.06307398578467,1.2299133827364923,3.741150040423248,8.544390495262983,1.0,2.0,1.0,1.0,9.756880406721017,5.216229451508713,1.4169026991164455,1.032419812279832,2.1338788219014533,1.0,15.673126414681825,54.267963822233504,20.89266583149993,4.377901712577058,2.1283874530952285,1.3949749882714604,4.019284696454071,1.0,1.59421000946688,1.0,1.0,1.000767358368985,2.9514520336234726,1.4551541840784186,1.6568614357219906,1.4458662769923194,1.0990939938584392,31.65871465695642,1.0,1.0,1.0,1.0,1.0,1.0,1.0,2.191056723802819,1.0,1.0,26.353794283587657,3.8723644632789354,4.363049035869398,5.454852249513165,2.6413120074729957,2.0,1.6872008700133634,9.776955075619057,2.0,1.0,3.3899231499162483,3.0,32.96153148578449,39.380430669992606,115.5269464503521,137.07543617624708,46.833397688329605,34.74590911678845,31.20456084345372,27.863599791866285,3.289277787720771,89.60151197600348,81.0,78.90000000000003,41.19885025438563,12.405882959593727,1.0,30.525028898807584,38.08166498778744,2.7859881200969063,34.80866348847748,11.002253709606675,50.871943931778546,47.27480041732666,20.705097320551275,1.0,264.9354775657718,160.1672912688605,34.887733537438685,108.5793317698973,19.7562818858714,42.69915989506488,36.03509070637298,108.75049607183688,26.825847345851443,5.909787916204123,45.49374104647288,36.14553447797939,1.0,1.0,1.0,1.0,1.0,1.0,1.0,1.0,1.0,1.0,1.0,1.0,1.0
48,TEST_06+7일,2.3384049782372367,1.0,7.60340374687662,2.522912562391922,1.0,1.492956644907072,5.255857678501163,1.0,1.589839396488705,1.0,1.0,1.0,1.1244395390024526,1.0,1.0,1.0,4.895545298702574,1.0,1.0,17.89300046968523,31.900000000000034,1.048835153712164,1.0,1.0,13.606363101202993,19.13169101740924,3.337024554975614,30.215576458754104,12.247767756044006,4.546261085918948,4.394356563294498,5.061027535558018,4.280659977960373,1.723532161578706,1.0,3.6276760065695655,46.48514093557406,7.9849516942514525,3.0,32.93116574148016,14.588598338504069,1.413051636957469,1.0,2.0,1.467633217431236,3.2116750472530335,1.0,6.798914532771922,1.0,4.701779893556964,26.2839205031394,1.780829676724117,10.386972322637853,1.0637077760149305,3.3618437096721814,1.2293881313074722,1.3899992155091243,1.9465833069586236,1.648720379180972,1.0,19.609583486263116,9.35324975805431,8.893492258288424,18.97254111116086,6.894977871172381,1.909351253421165,1.1065531369671724,1.922133138102604,4.333845064974847,1.0,2.492755695622701,3.036523419904128,1.0,1.0,3.331803993385458,1.5323388916506016,1.5214037581306956,1.863000388894816,1.3399892402886868,3.544726997572092,2.0,1.8590627520609169,1.995616345931456,1.722631211152794,2.9983583485449112,2.9867929533694557,2.0,2.4777785493764997,2.9881782785283684,5.1390904034859055,1.4999960521909377,1.5584471207471395,6.0,12.651943991344126,1.4809099551910674,2.0,1.0207359105620883,1.0153572662530566,3.8151800493532466,8.645918807823314,1.902184660252894,1.4453855965871991,2.859596888750996,1.0,88.32387108461866,7.003802586738955,33.87655169162105,5.568435553457467,2.495123447820513,2.0412844304278144,5.610523127097527,1.0,2.061620708077831,1.0,1.0,1.568874989220416,3.310455972716616,1.5587855229915888,2.5446790563582447,1.8697540488693416,1.2797079680714287,9.998763305474045,1.0,1.0,1.0,1.0,1.0,1.0,1.0,3.0106099379828355,1.0,1.0,28.352383371494472,5.54977040737598,4.900000000000034,7.0,3.250381734047492,2.0,2.6946290520184224,12.0,2.0,1.0,5.083910055410791,3.0,51.658076034666166,30.703296669252225,57.16146563422357,16.45487139112347,62.71838425942628,47.0,35.48974315276257,36.46260343236603,5.0,147.47456224180564,81.0,78.90000000000003,57.491565616840326,17.626971254892272,2.155434723496961,45.0,51.46478093621019,6.17801365758669,42.64892215322713,20.7210590095812,81.40352828421301,54.900000000000034,20.900000000000034,1.0,314.4445127324029,240.06241154971107,52.95150210022352,140.01101044006506,31.945591881919295,62.18692635076776,53.77113952831856,181.51408447867885,34.6977013068767,14.899638517023806,43.506113778934974,55.462845297374706,1.0,1.0,1.0,1.0,1.0,1.0,1.0,1.351714663743481,1.0,1.0,1.0,1.0,1.0
49,TEST_07+1일,1.1914701277350217,11.393174067188689,4.616648763134041,2.0340027349729883,1.0,1.0,1.0,1.0,1.0092763977753174,1.0,1.0,1.0,1.0,1.0,1.0,1.0,1.0,1.0,1.0,6.654385611787822,1.0,1.0,1.0,1.612106714182689,2.815963905673457,3.8160665366570186,9.806155026610924,9.121807648303752,2.1446173631283347,1.9159644297547216,1.2499415753073566,1.5041045891931004,1.165851921897771,1.0,1.0,1.025877599266902,24.215196764978312,1.9417591279718929,1.3981567799608483,12.918509446220238,4.425397508934769,1.0,1.0,1.0,1.0,1.0446236977347412,1.0,2.558909602548593,1.0,2.5725715811920056,8.072337716264311,1.0,3.3146807820933897,1.0,1.0261458051823464,1.0,1.0,1.0,1.0,1.0,6.126741408734314,11.019585803767235,3.4242842472220745,6.627855689943845,2.0848440926918856,1.0,1.0,1.0,1.0784083717132316,1.0,1.0,1.1853110297585234,1.0,1.0,1.0,1.0,1.0,1.0,1.0,1.0,1.0,1.0,1.0,1.0,1.0,1.0,1.0,1.0,1.0,1.5448232622260556,2.122547307864499,1.0064865376905403,2.377172839994111,5.71365793753336,1.0,1.0,1.0,1.0,3.91149858930591,3.2327553990208604,2.021969954605071,1.0,1.0,1.0,81.06865956440699,3.650622508973633,23.55141817179321,2.5787340760442174,1.0328431377754312,1.0,3.4166861148413386,1.0,1.0,1.0,1.0,1.0,1.1471774521632794,1.0,1.1638140527574474,1.0721690156061754,1.0,7.352131417556991,1.0,1.0,1.0,1.0,1.0,1.0,1.0,1.0,1.0,1.0,5.223205613221478,2.2803184099665113,1.0,1.628085843006058,1.0,1.0,1.0,3.2442145668542492,1.0,1.0,1.1904649169537256,1.0385152561060138,1.679022813270122,1.0,36.69271049359754,100.31067194274232,1.943549456727252,1.0,1.0,1.0,1.0,5.482704778657715,1.0,1.0,4.47482976083754,4.590540821541991,1.0,1.0,5.416762327463188,1.0,1.5429639846390693,1.452044343204351,1.8338652729326643,1.0,1.0,1.0,1.0,1.0,1.0,1.0332642387709956,1.0,1.0,2.3057704587925727,1.0,1.0,1.85239914538662,1.0,1.0,1.0,1.0,1.0,1.0,1.0,1.0,1.0,1.2233416203427006,1.0,1.0,1.0,1.0,1.0
50,TEST_07+2일,1.0,38.395035728372534,1.0,1.0,1.0,1.0,5.856785214206122,1.0,1.0,1.0,1.0,1.0,1.0,1.0,1.0,1.0,7.865598069046877,1.0,1.0,43.51882222743934,4.918502547266675,1.0,1.0,1.886400666181916,18.489384797631903,8.943262472705083,1.0,7.324020903401457,2.961087383724873,1.0,1.0,1.0,1.0,1.0,1.0,1.0,5.841331108580985,1.0,1.0,4.472214639007079,1.0,1.0,1.0,1.0,1.0,1.0,1.0,1.0,1.0,1.0,4.288288270099218,1.0,1.1616785376366336,1.0,1.0,1.0,1.0,1.0,1.0,1.0,1.0,2.235304359731725,2.0927826333022552,1.350659440547504,1.0,1.0,1.0,1.0,1.0,1.0,1.0,1.0,1.0,1.0,1.0,1.0,1.0,1.0,1.0,1.0,1.0,1.0,1.0,1.0,1.0,1.0,1.0,1.0,1.0,1.0,4.124926570899132,1.0,1.0,1.0,1.0,1.0,1.0,1.0,6.717065660365621,1.0,1.0,1.0,1.8233585721035364,1.0,6.3046978213088405,16.815211136881008,10.416927580362914,1.0,1.0,1.0,1.0,1.0,1.0,1.0,1.0,1.0,1.0,1.0,1.0,1.0,1.0,8.890772918062401,1.0,1.0,1.0,1.0,1.0,1.0,1.0,1.0,1.0,1.0,5.089786374842911,1.0,1.0,1.0,1.0,1.0,1.0,1.0640714508214433,1.0,1.0,1.0,1.0,1.174524996896122,1.0,11.057406305600896,169.49268354803922,1.317651766704961,1.0,1.0,1.0,1.0,1.9028681294839436,1.0,1.0,1.8234969712399205,1.0,1.0,1.0,1.6137705353341265,1.0,1.0,1.0,1.0,1.0,1.0,1.0,1.0,1.0,1.0,1.0,1.0,1.0,1.0,1.0,1.0,1.0,1.0,1.0,1.0,1.0,1.0,1.0,1.0,1.0,1.0,1.0,1.0,1.0,1.0,1.0,1.0
51,TEST_07+3일,1.0,44.16994342880096,1.0265730457271076,1.0,1.0,1.0,3.845042502540148,1.0,1.0,1.0,1.0,1.0,1.0,1.0,1.0,1.0,7.252070402032923,1.0,1.0,14.363867367675988,3.806943430348937,1.0,1.0,1.6188909816816668,14.314618344148515,14.704208490111837,2.6991746690700977,24.96591415616183,1.0,1.0,1.0,1.0,1.0,1.0,1.0,1.0,4.67895770922563,1.0,1.0,2.0325326898153477,1.381940694629181,1.0,1.0,1.0,1.0,1.0,1.0,1.0,1.0,1.0,7.618120295114503,1.0,1.6017025009145307,1.0,1.0,1.0,1.0,1.0,1.0,1.0,1.0,3.765359623899269,1.339163456566554,2.166675280188374,1.0,1.0,1.0,1.0,1.0,1.0,1.0,1.0,1.0,1.0,1.0,1.0,1.0,1.0,1.0,1.0,1.0,1.0,1.0,1.0,1.0,1.0,1.0,1.0,1.0,1.0,8.402737427481949,1.0,1.0,1.0,1.0,1.0,1.0,1.0,7.849839119230216,1.0,1.0,1.0,1.0,1.0,8.03953959533445,10.64287242937549,1.0,1.5108529577728471,1.0,1.0,1.0,1.0,1.0,1.0,1.0,1.0,1.0,1.0,1.0,1.0,1.0,18.715581259766267,1.0,1.0,1.0,1.0,1.0,1.0,1.0,1.0,1.0,1.0,26.506996003169323,1.0,1.0,1.0,1.0,1.0,1.0,1.0,1.0,1.0,1.0,1.0,1.0,1.0,32.78223425378292,25.21936863428204,1.0,1.0,1.0,1.0,1.0,1.0,1.0,1.0,1.2340450947559198,1.0,1.0,1.0,1.0,1.0,1.0,1.0,1.0,1.0,1.0,1.0,1.0,1.0,1.0,1.0,1.0,1.0,1.0,1.0,1.0,1.0,1.0,1.0,1.0,1.0,1.0,1.0,1.0,1.0,1.0,1.0,1.0,1.0,1.0,1.0,1.0
52,TEST_07+4일,1.0,26.741647754442628,1.0708973877979646,1.0,1.0,1.0,4.676132793355793,1.0,1.0,1.0,1.0,1.0,1.0,1.0,1.0,1.0,17.755246162668122,1.0,1.0,12.599798999702545,4.832576519210288,1.0,1.0,2.0,16.5047984186696,18.442429261662955,4.785168697806311,19.396591561624124,1.4978578473158153,1.0,1.0,1.0,1.0,1.0,1.0,1.0,9.126198241445127,1.2877968979296963,1.0,8.738605899580053,1.0,1.0,1.0,1.0,1.0,1.0,1.0,1.0,1.0,1.0,3.488177991013976,1.0,1.6925873275722034,1.0,1.0,1.0,1.0,1.0,1.0,1.0,1.6893469551847922,2.2193832098517237,1.972341012878282,2.175610475106992,1.0,1.0,1.0,1.0,1.0,1.0,1.0,1.0,1.0,1.0,1.0,1.0,1.0,1.0,1.0,1.0,1.0,1.0,1.0,1.0,1.0,1.0,1.0,1.0,1.0,1.0,4.300847069626109,1.0,1.0,1.1091878948242735,1.0,1.0,1.0,1.0,12.793555949691225,1.0519855016215174,1.0,1.0,1.0,1.0,1.8861150531244748,9.184856010796448,1.8895983953649356,1.0,1.0,1.0,1.0048403323516184,1.0,1.0,1.0,1.0,1.0,1.0,1.0,1.0,1.0,1.0,16.02513740955333,1.0,1.0,1.0,1.0,1.0,1.0,1.0,1.0,1.0,1.0,18.899367866873096,1.0,1.0,1.0,1.0,1.0,1.0,1.0,1.0,1.0,1.0,1.0,1.0,1.0,37.34506364499938,54.89079600155884,1.0,1.0,1.0,1.0,1.0,1.0,1.0,1.0,1.0,1.0,1.0,1.0,1.0,1.0,1.0,1.0,1.0,1.0,1.0,1.0,1.0,1.0,1.0,1.0,1.0,1.0,1.0,1.0,1.0,1.0,1.0,1.0,1.0,1.0,1.0,1.0,1.0,1.0,1.0,1.4439344508749137,1.0,1.0,1.0,1.0,1.0
53,TEST_07+5일,1.0,66.55365421517651,1.1447824438939025,1.316125314063813,1.0,1.0,21.176729134075966,1.0,1.0,1.0,1.0,1.0,1.0,1.0,1.0,1.0,28.966470084914075,1.0,1.0,40.24381797479693,20.65580649857091,1.0,1.0,2.0,20.900000000000034,21.0,6.396659681840016,25.073991555422595,1.8371100937451303,1.0,1.0,1.0923077271599482,1.0,1.0,1.0,1.0,5.733781554564602,1.185248341941982,1.0,9.348541659958071,2.9983531244814294,1.0,1.0,1.0,1.0,1.0,1.0,1.2755247800417422,1.0,1.269165437720408,5.163458806899407,1.0,1.8978537059163232,1.0,1.0,1.0,1.0,1.0,1.0,1.0,1.158760194165884,5.14348180184967,1.0,2.270148537352407,1.3871339894726276,1.240457378302795,1.0,1.0,1.0,1.0,1.0,1.0,1.0,1.0,1.0,1.020019041341478,1.0,1.0,1.0,1.0,1.0,1.0,1.0,1.0,1.0253907250157217,1.0,1.0,1.0,1.0,1.0,20.722727060931593,1.0,1.0,1.7914546988874096,1.0,1.0,1.0,1.0,9.398990875334093,1.0,1.0,1.0,1.252450845092044,1.0,12.707612845712593,14.082355765463234,11.088865956035344,1.161470365166111,1.0,1.0,1.4367652305050105,1.0,1.0,1.0,1.0,1.0,1.0,1.0,1.0,1.0,1.0,53.38540411295555,1.0,1.0,1.0,1.0,1.0,1.0,1.0,1.073916803427651,1.0,1.0,40.0,1.0,1.1734531151503054,1.0,1.0,1.0,1.0,1.0,1.0,1.0,1.0,1.0,1.0,1.0,51.57446539248403,64.312238778452,1.0,1.0,1.0,1.0,1.0,1.0,1.0,1.0,1.0,1.0,1.0,1.0,1.0,1.0851885532898855,1.0,1.0,1.0,1.0,1.0,1.0,1.0,1.0,1.0,1.0,1.0,1.0,1.0,1.0,1.0,1.0,1.0,1.0,1.0,1.0,1.0,1.0,1.0,1.0,1.0,1.8278727800330532,1.0,1.0,1.0,1.0,1.0
54,TEST_07+6일,2.050468299546939,30.54145937790891,6.641933055916185,3.264664399470256,1.0,1.2278461316746967,22.252393010627717,1.0,1.7410463753512997,1.0,1.0,1.0,1.0100736978634144,1.0,1.0,1.0,23.511818142196663,1.0633303954301234,1.058146545459794,34.519124336735,22.64059517234502,1.0,1.0,2.0,20.900000000000034,21.0,7.8529981453425055,63.84314879749121,4.2965900587706045,1.7116078207576186,1.6868605767632283,2.4103692666006347,1.4920297067461037,1.0,1.0,1.711168510865428,13.470211074162984,2.634953263889952,1.4925237485861345,26.586008451628945,5.3989404439928865,1.5629289464358538,1.0,1.0,1.0,1.737763678920022,1.0,2.9832589702781864,1.0,3.037537370004016,7.54266228743764,1.0,3.9268771861741274,1.0,1.615144108724347,1.0351954069905396,1.222033555404621,1.0,1.4523108964829992,1.0,4.344451158366203,7.244665450878787,3.4148697362185,3.0382532282043773,2.7906813804392656,1.0,1.0,1.0,1.8166490977019143,1.0,1.1220401294525415,1.4779944980896715,1.0,1.0,1.490600825347435,1.3496195848883248,1.0,1.0,1.0,1.190740343901616,1.0,1.0,1.0,1.3186106327128029,1.587029715975003,1.1744525527715757,1.0634891782316005,1.0,1.0,1.9753640736179736,25.36367316592009,1.441866439218494,2.396353824704705,6.114341811997664,1.974043019834856,1.0,1.0,1.0,21.355711007251287,2.950356484477581,1.64569495927706,1.0557171780397858,1.8795115232690347,1.0,15.37019915819815,18.848098491384988,13.73653067243352,3.3527890742056417,1.5366249530401328,1.0,4.272390840741778,1.0,1.1564784065914544,1.1476958991931678,1.0,1.0,1.3021280469948695,1.1980062448350643,1.507018689579687,1.2731122253251788,1.2574815885913984,35.634304828560076,1.0,1.0,1.0,1.0,1.0,1.0,1.0,1.6872931384342549,1.0,1.0,16.905371745799584,2.988518373284582,1.858573978751656,2.278167061122455,1.915026931668304,1.3578485179822393,1.4351590575871491,4.652792654082799,1.797787910891417,1.0,1.639519604418224,1.7749480982792545,1.8050388980655268,1.0,36.63663747951408,88.27232008886908,1.0,1.0,1.0,1.0,1.0,3.923600258383443,1.0,1.0,2.593491413507244,2.3663896802178197,1.0,1.0,1.3896680853014542,1.0,1.268463552165961,1.0,1.0,1.0,1.0,1.0,1.0,1.0,1.0,1.0,1.0,1.0,1.0016187162541632,1.0,1.0,1.7622849901574238,1.0,1.0,1.0,1.0,1.0,1.0,1.0,1.0,1.0,2.41352584970377,1.0,1.0,1.0,1.0,1.0
55,TEST_07+7일,4.042257181500905,21.281032383376235,9.93684992078128,5.786135761814211,1.289409592192597,1.9702278831587303,3.506701340326975,1.0,3.106641234692312,1.0,1.0,1.2815524041115902,1.10271978363192,1.0,1.0,1.0,1.0,2.0,1.9248835377439173,4.603987622782399,3.385828685556357,1.9588612257384383,1.0,1.0,1.6485623448625175,3.854397269850708,16.69698773255297,20.80718030040773,5.077976952415488,4.398803894860392,4.339589321953898,3.788656342422865,2.335371037591872,1.4313354337409048,1.0,2.9352439172328983,30.37405279594161,4.050159243058287,2.610553369510564,21.794790800058234,7.14853784752778,1.303420196955977,1.0,1.0511255732191065,1.129892475331816,2.449651242540116,1.0,6.077172132396116,1.0,5.556717545785079,16.88871816465126,1.4575353544768164,6.3779585132374494,1.363476454796993,2.983449348781873,1.188268749033937,1.4987559593469977,1.423270104187333,2.0302475571694916,1.2939531433215792,10.729217455867609,12.194443505094476,4.996559130433666,11.204451081696806,5.025457850572184,1.2911661180141896,1.226759754452469,1.471732772428373,2.8036615853730074,1.0,1.6862675779352323,2.4609068638443863,1.0,1.0,2.1260921709465226,1.7243930758867283,1.0,1.0,1.0,1.7572340455028426,1.0,1.3330786680016538,1.2088530716213308,1.609840919522212,2.2205678278866507,1.9443643915999165,1.0001244578173774,1.642675251394338,1.706345528982802,3.777124474382392,5.0763109243710485,2.0,5.905333959422016,10.835299597482203,2.0,1.3950678740300482,1.1547299157579451,1.0951657877824834,3.276700159039339,7.373403714944184,3.0,1.9769698766488333,1.5061253941047532,1.0,69.44414223867724,14.856205818647451,17.687388135085335,7.230736110234757,2.872999847255903,1.2324595020703064,7.0,1.6918900795865308,2.18300089900919,2.2077943171901553,1.0,1.376778743075013,2.4606307375557557,1.7294934896866283,2.927697719884734,2.0,1.9655683034215845,27.563178035608473,1.0,1.0,1.0,1.0,1.0,1.0,1.0,1.2713250499442612,1.0,1.0,4.392036954295793,6.974241556994992,2.79780783355524,4.770881871414103,3.121463297372817,2.0,2.5134560840024327,10.172037388016934,2.0,1.0,3.852063488774392,3.0,4.171178019076264,1.0,31.578863004374337,63.59501564692034,3.3519179988518943,1.0,4.748747987119145,1.0,1.0,5.2025146882984545,1.0,1.0,8.00022167219262,7.456462856365645,1.0,1.0,6.414821062200024,5.526254438625275,3.902472159454659,2.973590276355815,18.93790554128398,1.0,1.0,1.0,1.0,1.0,1.0,1.147176338042786,1.0,1.0,2.34509946339166,1.0,1.0,3.4280227193712203,1.0,1.0,1.0,1.0,1.0,1.0,1.0,1.29250390757543,1.0,3.4945261634815976,1.0,1.0,1.0,1.0,1.0
56,TEST_08+1일,2.3980819391974846,4.696031426144434,7.161212259724678,5.424281988294296,1.0,1.8217293556624747,2.970777435490916,1.0,3.223117998926776,1.0,1.8425905676398653,1.0,1.0,1.0,1.0,1.0,1.7692161029011242,1.1734259450337183,1.0,1.0,5.2396676651774765,1.4294598720787268,1.0,1.0,7.211008681505733,2.5670997757695955,7.152833292671488,12.942533459186558,17.0,3.997395874316973,3.8475271765401526,4.779659304672117,1.1360765446851888,1.1300132398472549,1.0,4.0,41.76033417785688,1.0,2.788140278154618,24.36980563283129,20.38522671884183,2.0,3.966796239788631,1.0,1.0,2.28479303085704,1.0,2.9843038761598466,1.0,2.284953780496607,8.026357545982131,1.279664592654484,5.463421185383513,1.0,4.332192164350722,1.437231288539391,1.8401896051166076,1.621155763326703,1.0,1.0,10.217562417985867,12.348821058254549,21.052263060528436,9.397017744202811,17.515917922514888,1.5668838464908237,1.0,1.766090933718835,3.776377047417524,1.0,1.649238200141602,2.037138936516134,1.0,1.0,3.732151429037707,1.0,1.0,1.8383463556993656,1.0,2.2924878810748828,1.0,1.0,1.0415662710665785,1.4080621140579586,1.6698771203452545,1.580089248996109,2.0,2.037535514301129,3.3416232057516,5.34843937090485,3.1673850822887553,1.7118210594219514,3.4051474784525215,4.789758521002466,1.0,1.0,1.0,1.0,18.485687460928084,5.736403363448933,2.779685420261043,1.0,4.799392673665322,1.0,162.90000000000003,4.301894154709016,41.11419788852758,2.611539757451149,1.8314746231224317,1.0,2.2610639055785606,1.0,1.0,1.4223108036736165,1.0,1.0,1.0,1.0,1.4447238532604612,1.9539634689407457,1.0,23.02197091387097,1.0,1.0,1.0,1.0,1.0,1.0,1.0,1.0,1.0,1.0,2.334095956111907,1.4640662132745037,1.1214215577286877,2.144226684259085,1.1841373945071032,1.0,1.1397646925725131,2.4723726109233626,1.0,1.0,1.101860232529462,1.0519254434592176,3.26243339720156,1.0,11.60634503213095,1.0,6.589084190020729,1.0,6.254516162380745,1.0,1.0,11.161560858206954,1.0,1.0,13.396087105496589,3.678110732198087,1.0,1.0,7.499349359489326,1.0,7.404122055082844,3.7144628259350263,6.7823875218298,1.0,1.0,5.418885721371605,5.697128491917167,5.824612080717386,1.0,4.697802518167276,1.014988880980149,3.0856754778568503,12.94806704847716,15.38353111151566,1.8484088346218603,2.3951936936650116,2.8523817929640205,2.882556315290861,52.41728346082399,23.57995086273864,51.132697726544144,10.965342501738142,34.75869448092167,41.59583651454668,22.66321390149057,323.53182981483843,57.13679016469721,67.0,131.7000000000001,23.14550639110587,66.37941949488805
57,TEST_08+2일,1.0,24.935828264473216,1.9047123417379284,1.7926404175603892,1.0,1.0,14.124946035381658,1.0,1.3084796628944504,1.0,1.0,1.0,1.0,1.0,1.0,1.0,21.627638842447883,1.0,1.0,11.6170516518074,17.97432378574168,1.0,1.0,1.5993868507089155,12.214914854186224,12.90518415151072,1.6556462247101584,7.819911203430944,7.832309972433224,1.482840586783997,1.6640917088995335,1.7815255246858763,1.0,1.0,1.0,1.7682109755180324,11.918005429022733,1.0,1.2670734482131731,17.93913880420183,11.032217300228234,1.3337445222417952,1.7819118575965387,1.0,1.0,1.0,1.0,1.6201302108422653,1.0,1.194906037617478,4.812193071485127,1.0,3.43058559502716,1.0,1.954116827762339,1.0,1.0113754148122711,1.0,1.0,1.0,4.895928849032504,5.774719957905418,12.429643353704414,4.30769006462904,2.7040428884636913,1.0,1.0,1.0,1.2383076976687482,1.0,1.0,1.0,1.0,1.0,1.0,1.0,1.0,1.0,1.0,1.0,1.0,1.0,1.0,1.0,1.0,1.0,1.1700863565540829,1.0,1.4682391746790464,1.0,7.600895116464642,1.0,1.3405928756004937,1.7710733897861592,1.0,1.0,1.0,1.0,12.392181928576395,2.526913860369428,1.0529396627740493,1.0,3.6739330714720424,1.0,38.07818954545331,70.63169961957288,12.766218149445423,1.0,1.0,1.0,1.0,1.0,1.0,1.0,1.0,1.0,1.0,1.0,1.0,1.0,1.0,18.41085751108133,1.0,1.0,1.0,1.0,1.0,1.0,1.0,1.0,1.0,1.0,19.989880585381215,1.0,1.0,1.0,1.0,1.0,1.0,1.0,1.0,1.0,1.0,1.0,2.0714428234989013,1.0,48.82482416645955,61.048904841454934,4.406076823179583,1.0,2.1544167771723064,1.0,1.0,6.175825796234658,1.0,1.0,8.975042206485062,1.6285202996874826,29.0,1.0,3.070761865410827,1.0,2.962341276555713,1.5202864308865571,2.5561333732685028,1.0,1.0,3.468703093496552,1.0,1.5703331667729898,1.0,1.0,1.0,1.0,1.14691694136431,6.283483382454479,1.0,1.0,1.0,1.0,12.805002173826905,4.25893940119627,14.48069832746412,1.5933318610879643,11.779666875249044,9.700398986123387,5.716206230240741,123.15390094000314,21.485888789546713,29.567771467399055,30.571660258750352,13.359178861051612,14.965438339720349
58,TEST_08+3일,1.849003655975134,46.373239922578,2.1461126629948257,2.0294296078032033,1.0,1.2389389974434029,13.123359533285813,1.0,1.8667755855156465,1.0,1.0,1.0,1.0,1.0,1.0,1.0,23.901661333615195,1.0,1.0,46.24750046041662,19.257110839075775,1.0,1.0,1.0,20.900000000000034,18.867598778741367,3.913910442037899,31.56699728385472,10.27353293568028,1.857828635571619,2.2773881919701378,2.3536312865502116,1.0,1.0,1.0,1.8606602550425744,19.39831837004801,1.0,1.4738278629211488,14.366820848101089,9.647773810461048,1.0,2.2309649597252235,1.0,1.0,1.044290905854904,1.0,1.7702923716232315,1.0,1.2423150198232962,6.233343427372371,1.0,4.112283059192318,1.0,2.3564995473864134,1.0,1.1762522261171786,1.0,1.0,1.0,2.84787076695791,4.148974213570292,10.164430110751129,5.836171058705184,8.08737397013142,1.1934299028482815,1.0,1.1516524947336213,1.9355275546181732,1.0,1.3724621518728617,1.2636097957257344,1.0,1.0,2.332954524524493,1.0,1.0,1.3170961789380562,1.0,1.4778191858512704,1.0,1.0,1.0,1.0,1.0,1.1378176240239422,1.7013239172207115,1.2681708956712128,1.7452132366472242,3.088077639484961,11.868050262856324,1.0,1.711996009542463,2.575171989700672,1.0,1.0,1.0,1.0,13.290799060066218,3.0300622195309,1.235120518271413,1.0,4.157150228833523,1.0,17.622475868257844,39.62705870331944,7.46911386763005,1.425299770008019,1.06070161609798,1.0,1.3224607606869,1.0,1.0,1.0,1.0,1.0,1.0,1.0,1.0,1.0,1.0,34.77696568035397,1.0,1.0,1.0,1.0,1.0,1.0,1.0,1.0,1.0,1.0,32.92280364128064,1.0320795131202387,1.481961175164092,1.3510744892043876,1.0,1.0,1.0,1.608280752271686,1.0,1.0,1.0,1.0,2.2936461872986316,1.0,117.77082715269252,116.60240497807398,4.457478601338522,1.0,2.3228338586598043,1.0,1.0,6.4574366824709255,1.0,1.0,9.68916522206232,1.4089236299420216,29.0,1.0,3.23821005015291,1.0,3.140459956001786,1.3855447192351864,2.357670044758292,1.0,1.0,3.6979292952439247,1.0,1.0,1.0,1.0,1.0,1.0,2.973963251530777,3.498015680875412,1.0,1.1277576808819687,1.0,1.0,23.268548084730753,15.609769188402495,25.241121569650847,7.6797104201736754,18.3737801042326,23.166573274721657,12.377083489036949,160.9965734727389,38.27471027311314,52.45857434292585,100.9173578342832,23.697041394446025,34.85151758958173
59,TEST_08+4일,2.098278311385992,29.087592111210466,2.4604799329995095,2.2871964631190274,1.0,1.361908167445634,14.415353588161716,1.0,2.4403818220914117,1.0,1.0,1.0,1.0,1.0,1.0,1.0,30.24947018658185,1.0,1.0,34.992774025226254,7.809051952161498,1.0,1.0,1.041937349451563,16.288560847205922,21.0,4.343203135559703,34.83132314334821,8.57757244123034,1.8118334756776604,1.9409424167960572,2.2684925729260086,1.0,1.0,1.0,2.412979610433517,20.09700951659035,1.0,1.475700642692152,12.917470001544364,8.192237381265855,1.0,2.1007384148326067,1.1605312695622478,1.0,1.1509040774387025,1.0,1.669951557478227,1.0,1.3411704345769908,5.82087200415968,1.0,3.950579250863127,1.0,1.9863985998272584,1.0,1.305110669516875,1.0,1.0,1.0,3.8338990318494033,4.093952960346707,7.995138442088061,6.726823768190123,8.926957146811315,1.2972791193540587,1.0,1.2696598535583383,2.091539124518821,1.0,1.5965428059300533,1.233201319862576,1.0,1.0,2.6345966714324445,1.0,1.0,1.4534922332996802,1.0,1.8130077662352309,1.0,1.0,1.0,1.046976370330789,1.0,1.1189018691561623,1.1862337836615422,1.4061924315732133,1.824291368465793,3.4884024325419016,16.352786746202703,1.0,1.4915384639371925,3.45180479282254,1.0,1.0,1.0,1.0,16.114580477975878,3.362360346217394,1.8491526383229089,1.0,2.777946703387505,1.0,21.360620139772884,53.49648308200304,14.90834958379821,1.4678177901357483,1.0882795922961293,1.0,1.2716219031522047,1.0,1.0,1.0,1.0,1.0,1.0,1.0,1.054349926385314,1.2198975030640804,1.0,23.643058833635735,1.0,1.0,1.0,1.0,1.0,1.0,1.0,1.116389841359528,1.0,1.0,29.68710756062605,1.1501382433047658,1.0,1.535372357888383,1.0,1.0,1.0,1.0568272201182096,1.0,1.0,1.0,1.0,2.213282509318854,1.0,94.13301674633584,89.22394307800845,5.00004002003615,1.0,2.7373922754694684,1.0,1.0,6.9497132110715665,1.0,1.0,8.62805210049874,1.6233958666248445,29.0,1.0,3.1533048650487143,1.0,3.4583578661065366,1.9177527871209428,2.677814290802778,1.0,1.0,3.8770593050125366,1.0,1.0,1.0,1.0,1.0,1.0,2.237788534956695,2.7110749133188543,1.0,1.0,1.0,1.0,26.341490001041624,12.330457268794747,28.55599086480405,6.513950238914378,17.255934750832964,23.03988833090797,9.478949789594893,173.63843659712373,31.78613668950743,58.29323753088701,88.12526526660403,23.10582483516174,40.79647336735305
60,TEST_08+5일,2.212974792739008,88.33375610028583,2.723419342723126,2.383663458475571,1.0,1.7204931164859691,18.860539139047766,1.0,2.3837126871772503,1.0,1.2804348976038131,1.0,1.0,1.0,1.0,1.0,64.14886726963245,1.0,1.0,55.11770165766918,25.25980796119366,1.0,1.0,2.0,20.900000000000034,21.0,4.532348442067198,66.27589141723793,8.771667524815266,2.4350860044713523,2.366979910843116,2.7081693617481,1.0855561896462194,1.0,1.0,2.453822484825152,26.87763922045427,1.0,1.9314214792051896,19.479515573302155,7.793067089850268,2.0,2.5115660103205073,1.38096660808454,1.0,1.2587732452401548,1.0,1.9442532835911384,1.0,1.5559431041395342,5.781899894236674,1.0,3.912266339964438,1.0,2.1698025105558667,1.0,1.49222611212323,1.0500045831376366,1.0,1.0,3.5328491673723628,4.153049773100815,10.304757436944064,5.829849204367835,6.416475126058531,1.283716060029802,1.0,1.2594804067572514,2.2739366052545815,1.0,1.653019523241385,1.5702491259274196,1.0,1.017359130529903,2.5502054476239,1.0,1.0,1.565719057347872,1.0,2.1656874454166593,1.0,1.0207110676448925,1.0,1.070321623106791,1.100760102772074,1.0941723964061718,1.9342225775232404,1.4824749091472498,1.80495870117994,3.935828841947583,20.489264985317753,1.0,1.8700824752320613,3.2450291539970664,1.0,1.076300619366911,1.0,1.0,11.473696976368242,3.6339620621936706,1.565068238769166,1.0,3.5485177515636233,1.0,14.482775546949416,52.636318873777654,11.261689987019466,1.5858191051799184,1.2044675699060332,1.0,1.4154615524252123,1.0,1.0,1.0,1.0,1.0,1.0,1.0,1.0398240356058897,1.0818049674139196,1.0,55.9673208129638,1.0,1.0,1.0,1.0,1.0,1.0,1.0,1.4953940679051116,1.0,1.0,40.0,1.344061790266703,1.1878765253006598,1.9133933359377584,1.0,1.0,1.0,1.890702864438481,1.0,1.0,1.2935073918429691,1.0,2.1670147909265336,1.0,115.51267877627583,75.40293253750276,4.953401730843305,1.0,3.1842995899992625,1.0,1.0,5.773036665196996,1.0,1.0,8.645108988714538,1.6614324043722517,29.0,1.0,3.6224375315180706,1.0,3.4070977709682384,1.46560930890424,3.330797836676485,1.0,1.0,6.127009679919945,1.0,2.218216110697043,1.0,1.0,1.0,1.0,2.494405822355966,3.664665232862138,1.0,1.0,1.0,1.0,33.67487356423964,20.412930627584025,33.96761560604928,6.157626180211052,24.71550322254803,29.46189811871691,16.53179275657497,165.82353264919462,45.14123755488994,64.17240848499505,85.69311397431566,13.48186522857328,45.32290720143728
61,TEST_08+6일,5.089661978368425,49.43378064328299,5.302141482922359,4.273918852283164,1.4125752488125094,2.608285119847924,31.900000000000034,1.0,4.729232937061376,1.0,3.0,1.0,1.0,1.0,1.0,1.0,73.23035004843491,1.3047194517136589,1.0167855055124717,55.78195875226825,31.900000000000034,1.9988320235429995,1.0,2.0,20.900000000000034,21.0,16.075423332536886,80.4847959055402,10.995020004285896,3.640242781141243,3.315045624852941,3.958666216854189,1.745902786711942,1.2406344563422191,1.0,3.999384743460576,35.34400819346479,1.0,2.4791282294839196,32.76398667556252,10.067665923801504,2.0,3.6827240376777057,1.6226513992140512,1.4922132999206583,2.115868057788364,1.0,2.886702389294826,1.0,2.393804521782309,8.01128682147793,1.1930026055317138,5.561892175894317,1.2607754434520184,3.544295881464285,1.5064621261837334,2.5232508320945017,1.9864783005633175,1.7445008109327245,1.0,7.641623076305877,5.218512810851361,10.750963932116974,9.152371751895275,8.747629504561184,1.7836577932023907,1.0,1.8353882747955816,3.2147530452410047,1.0,1.796101888062966,2.0741133739542312,1.0,1.3604821381049217,3.5246907072754428,1.2940356861993532,1.0,2.0721672916524634,1.2056725471088154,2.526411431491277,1.3505099976084871,1.4872669495887414,1.2543203283624675,2.3489753165820733,1.5247108087615326,1.96081880954205,2.0,2.272425660279537,2.565732939450224,4.778176134350919,24.31623822406545,1.6155345629928572,3.4870379565794094,5.7367794490750095,1.0,1.4629475093922135,1.0,1.0,19.000256266272608,6.191849297117335,2.6708010257492885,1.0,3.765409911520859,1.0,76.34616400547168,54.19305230324455,16.688988281120785,2.6476784387082803,2.1935692678878915,1.1014732250239394,2.8497395883786902,1.0400658317096083,1.2800523029929058,1.523940407196848,1.0,1.236808403441063,1.1540426484224855,1.3081645209529795,1.7694194299977577,1.9127863741966695,1.0,42.07127125990727,1.0,1.0,1.0,1.0,1.0,1.0,1.0,1.7411301077254715,1.0,1.0,40.0,3.673409721786311,3.458780430141589,5.0848711401023845,1.7936553141617069,1.0,1.897210247504208,6.981612429348961,1.0,1.0,3.219672206840239,1.8502087450617544,2.8974695492595592,1.0,95.78965648085772,84.87350616516774,5.3912052859907735,1.0,4.151927817785886,1.0,1.0,7.405509040740617,1.0,1.0,12.241221391537527,2.7732215805991274,29.0,1.0,4.840840056194733,1.0,4.650309150815751,2.529230422406066,4.614436594900763,1.0,1.0,6.487794023128167,1.3112874643549888,1.0,1.0,4.458413025058403,1.6461908681008124,1.0,4.219063681982756,10.755204035549376,2.227423691228351,4.964812277494088,1.7397523714020169,1.0,37.01796263832907,21.59847321497146,33.47576935971165,11.17717877803349,30.019838052383665,29.62621126262564,20.73809137809999,226.11809304486923,44.22469654086921,62.60709643138959,107.20258473592077,32.0,43.640199388509686
62,TEST_08+7일,8.99764083777635,6.7398081843505375,9.777347334286446,7.725397888100255,2.0,3.0,8.359876855724842,1.0,5.0,1.0,3.0,1.5048204094969273,1.0,1.0,1.0,1.0,16.482569688015808,2.0,1.2725970472757966,33.111149744102356,11.095640636692412,3.2932127262485347,1.0,1.0,20.900000000000034,6.934309577024185,5.508799753150875,27.75110467026722,16.15045257249842,4.784096754530034,4.698819316571469,5.303770844015167,2.120392084899043,1.6829776163454897,1.0971201781070703,4.0,65.32335986293305,1.0,3.0,37.44640790347717,20.025713533054656,2.0,4.708250196938924,1.6540121421048242,2.0,3.0956244963929693,1.0,3.9228978231843215,1.0,3.672068843160238,9.586058758760776,2.355654666862404,7.663772592332238,1.4141710155473215,5.725574476782669,2.0,3.3758210065091863,3.0,2.232509401206347,1.0,11.114442908066412,8.893814053276847,19.04266824918124,11.644331943153242,15.774929740466966,2.377294173069762,1.4115284440830669,2.49293105908891,4.672673801083388,1.0,2.65697881385787,2.4611475361253863,1.0,1.8539272250688752,4.0,1.3334878041011478,1.0,2.4968566161143677,1.290237162216224,3.126993316514399,1.634638669730755,1.7541050991176277,1.6180639378041288,2.637437941461281,2.3600706673599348,2.788421616588524,2.0,2.946276241919293,3.557762727890816,6.528522030813177,1.2737354071496914,2.0,5.101767729286706,11.334414295980856,1.256761194818681,1.409337655000867,1.6440376376173476,1.108116083834484,7.315504249767187,10.535779307110625,3.0,1.577779412652197,6.685706171303551,1.0,162.90000000000003,3.507246161631522,34.31564512969963,3.745060735815911,3.3672182440805853,1.5706493744472216,3.908281507101387,1.5963090118211989,1.7429925327918725,2.2768809647045787,1.0,1.8506735933211345,1.546317121039143,1.4739666902124755,2.3529305880372235,2.0,1.0,26.723146894880745,1.0,1.0,1.0,1.0,1.0,1.0,1.0,1.282681404169666,1.0,1.0,9.040049313220544,4.818975393731522,4.328308004380455,7.0,2.7653103030826194,1.5713603810371828,3.1969910014411687,10.504175697723024,1.69880761417313,1.0,4.363814810465761,2.9690392526333893,5.763574676642313,1.0,19.20973774402034,18.00687654114228,9.251705542658122,1.0,7.894810642959789,1.0,1.0,12.532955595583864,1.0,1.0,20.967124009703927,5.269505027530439,29.0,1.0,8.88478076895005,4.860951205625936,8.38088260628223,4.663583825295471,8.593999246109913,1.0,1.0,9.27272730355334,7.927185001104317,7.179317420457457,1.0,16.236607097097277,9.52286340988556,4.071968787731675,15.815176704374997,22.114458026873148,3.1260245485788833,3.188517618208468,10.1054324732912,4.679716411607198,48.71124635181884,32.155480662984466,48.91320235393509,18.406367596157946,36.601837661374915,41.97331941087721,34.284616071920816,333.62551157798237,69.85910736808502,67.0,131.7000000000001,32.0,67.80000000000007
63,TEST_09+1일,7.34748873533207,1.0,6.829481412142408,2.78949603587668,1.0902689955310372,1.8845744246262293,1.0,2.430067336120848,2.5134922055146447,1.0,1.0,1.0,1.0,2.636840248997995,18.86199398281969,1.9078262865799287,1.0,1.0,1.3793605743212844,1.0,1.0,1.0,1.0,1.0,4.7528662506860435,1.0,1.8163368474328656,3.02327864242668,10.592439143566356,4.719346552744531,2.777341863580686,4.17304970026767,2.842827077997207,1.648261854085862,1.0,3.7301554325321686,35.64182053444551,1.0,3.0,28.617133722716005,16.16866577887332,1.692967495806242,3.79206833270885,1.123332539241873,1.0,1.1192728604428015,1.0,3.05175126636978,1.0,1.8904487003218908,13.247119539062142,1.0,6.0031758095677334,1.0,3.8724417529641384,1.0,4.0,1.0,1.0,1.0,7.979551694443491,15.0,17.54928380941031,10.21888500606962,8.539504474287375,1.1635572777759382,1.0,1.1536029028068266,3.194243195687825,1.0,1.139075203622388,1.480303219485121,1.0,1.0,1.7980586615782217,1.0,1.0,1.0157946527361883,1.0,1.499614928426359,1.0,1.0,1.2202284913636436,1.0,2.209645534461689,1.3470526795260676,1.0,1.2301667210960467,1.2554464761308646,2.7523551513848767,20.24146721515175,1.3476173714712962,3.7445622367193208,5.3423517600916,1.0,1.0,1.0,1.0,25.177996589496928,3.130732195333797,1.2080512866499369,1.0,4.2899031579149085,1.0,147.59509811483795,8.47051429425742,45.0,3.713585686267675,2.4539350394815314,1.0,2.238360524645489,1.0,1.0,1.0,1.0,1.0,1.6880748163393473,1.236435139237347,1.2441994278985995,1.1204394776476108,1.0,3.1038435166330123,1.0,1.0,1.0,1.0,1.0,1.0,1.0,1.0,1.0,1.0,6.551865140494288,1.0,1.0,1.0,1.0,1.0,1.0,1.321766023226023,1.0,1.0,1.0,1.0,8.145861300377595,1.0,2.557733677178272,1.1991029608234385,8.39972666345537,1.0,6.881827113258633,1.0,1.0,16.305128110333698,1.0,1.0,20.586462623075167,8.333288731006816,24.17604833243136,1.0,9.49327935219944,1.1333044868013489,7.606432140614934,5.647171321449762,7.244785407609476,1.0,1.0,8.138145712271387,1.6151273467764105,1.9898800589585413,1.0,7.767076351201062,1.5890820390631453,9.62399839850491,20.40874966257531,11.200022812292186,1.8819918021539728,3.5842171623164476,3.4883556738511676,6.09560905620634,34.714516158537336,13.793446541948969,25.46390984075684,9.516323251985863,18.868021950750993,19.57792575853082,12.63969254715334,135.42052994053174,30.416911057909427,67.0,68.97286703905695,15.855112425089196,46.748028403498914
64,TEST_09+2일,1.794368345475658,18.713978016190044,2.9297209416790966,1.082967628241784,1.0,1.0,11.58703030530208,1.0,1.0,1.0,1.0,1.0,1.0,1.0,10.321200163842978,1.0,25.20927725835889,1.0,1.0,22.4996243548731,15.728185596051548,1.0,1.0,1.2332124721933064,6.573736108878817,12.562336887745545,6.34004340489119,13.681684467324049,5.205195752648682,2.183357698199628,1.757740143664453,1.704255833509064,1.0,1.0,1.0,1.4377381579368609,5.922579927990258,1.0,1.57379567641245,14.094800930524665,5.988261298422801,1.0,2.510623496553805,2.0,1.0,1.0,1.0,2.256791855214284,1.0,1.416585152265739,7.996376495630453,1.0,5.338263798610566,1.0,1.2116619550469372,1.0,1.890182102276728,1.0,1.0,1.0,4.67086895125451,3.40380057535047,12.518519542684489,8.839470330366373,4.665075063607428,1.0,1.0,1.0,1.1247290957968787,1.0,1.0,1.0,1.0,1.0,1.0,1.0,1.0,1.0,1.0,1.0,1.0,1.0,1.0,1.0,1.0,1.0,1.0,1.0,1.0,1.0,34.3247905468884,1.0,1.8064013788334723,3.1145467383116867,1.0,1.0,1.0,1.0,15.217503751252412,1.7764886220460894,1.0,1.0,4.507404245672656,1.0,20.0077070682335,26.933063467140407,13.635084902506268,1.8190818675185405,1.5178829434273402,1.0,1.259842552724531,1.0,1.0,1.0,1.0,1.0,1.0,1.0,1.0,1.0,1.0,13.647254964169894,1.0,1.0,1.0,1.0,1.0,1.0,1.0,1.0,1.0,1.0,15.046187194408272,1.0,1.0,1.0,1.0,1.0,1.0,1.0,1.0,1.0,1.0,1.0,2.720931171547725,1.0,9.151179977138291,86.48293770053299,4.301486562524699,1.0,3.157486091628621,1.0,1.0,7.928000261479322,1.0,1.0,9.792106419800035,2.68601565684377,29.0,1.0,3.74141002638757,1.0,2.8826110624772876,2.17724327044934,3.789420456685108,1.0,1.0,5.052857176078518,1.0,1.0,1.0,1.575744002163905,1.0,4.419843302335645,4.843747880905351,4.289286703683879,1.6714038097922368,1.0,1.0,1.0,4.362957696276529,4.840752719831909,4.28289802778587,1.5205712836796816,6.267618456533005,4.456366835026028,2.393378605017775,23.45462318305699,12.207782515892164,4.252179380879275,18.25627487494376,6.889704022490663,13.234792125962612
65,TEST_09+3일,1.4131296266541964,21.156586971581618,2.7527573155543243,1.4992157702093372,1.0,1.0,13.171499544105789,1.0,1.0,1.0,1.0,1.0,1.0,1.2037291454021226,8.128501088359437,1.0,19.38800601749746,1.0,1.0,19.996196308942515,4.727152992897435,1.0,1.0,1.0,20.900000000000034,12.95927967344869,2.698460821228877,25.713431426601268,4.444759921900313,2.282811352619892,2.006855882538296,1.7763022369908483,1.0,1.0,1.0,1.581436458631781,13.683788047257693,1.0,1.5767995519663194,24.744277515405063,3.55179800694854,1.077850930346965,2.314338247869975,1.2831399980809517,1.0,1.064668764968752,1.0,2.57835319828673,1.0,2.075137122320445,9.726981313410729,1.0,3.997704245956118,1.0,1.619103067946711,1.0,1.972837544982724,1.0,1.0,1.0,3.593338050391183,5.659793116193064,15.099396347694976,9.773984423864292,5.174900162939972,1.1953805192959357,1.0,1.0,1.9420946869375812,1.0,1.0,1.0,1.0,1.0,1.2355130458018708,1.0,1.0,1.0,1.0,1.0430227187524446,1.0,1.0,1.0,1.0,1.5612588205306188,1.313591304168778,1.0,1.0,1.0,1.9654063781215816,41.73221017637036,1.0,1.9047702452047304,3.1032113712717213,1.0,1.0,1.0,1.0,12.250946092808746,1.650940137336263,1.0,1.0,2.7269587519342338,1.0,3.928076156794965,18.9599256834948,4.311849882442658,2.107920285698639,2.062593657226775,1.0,1.872978008989299,1.0,1.0,1.0,1.0,1.0,1.0,1.0,1.0,1.0,1.0,22.336397412903914,1.0,1.0,1.0,1.0,1.0,1.0,1.0,1.0,1.0,1.0,25.605820637801877,1.0,1.0,1.0,1.0,1.0,1.0,1.0,1.0,1.0,1.0,1.0,2.7792988812145807,1.0,66.62017988570314,100.97222498518764,4.138558884670675,1.0,2.735325871020498,1.0,1.0,6.887822506279398,1.0,1.0,9.956599025535578,2.3267352788591853,29.0,1.0,3.4006514219676727,1.0,2.956095592283181,1.684210813227171,3.77612586946303,1.0,1.0,4.25590066570148,1.0,1.0,1.0,1.0,1.0,2.5758873860465235,3.1028862108083652,1.0,3.300788841712,1.0,1.9392027218812768,1.055419472716664,11.236327741027669,6.614411241038042,8.113385166590735,3.3710863069171233,8.647108870148527,6.364331746132377,4.911292765976814,32.50022828444236,17.753464457294957,35.789467656655795,36.164753124545285,17.502344060847268,13.051628868902531
66,TEST_09+4일,1.9289164586839227,28.491737421678938,2.7082803899573853,1.8232480212361368,1.0,3.0,15.419860805609163,1.0532147180355556,1.0,1.0,1.0,1.0,1.0,1.244368405794485,8.906941056129707,1.0,32.13818101107733,1.0,1.0,36.46304625995366,15.218957186996692,1.0,1.0,1.0,10.628001000456472,6.066949025117605,5.870301616835606,20.247812367208414,4.715072370085994,1.7564649006963369,1.3409948897742223,1.4262144620664854,1.0,1.0,1.0,1.5435040120096943,14.395890102544666,1.0,1.3170587343005855,17.71882770925179,3.6016931634576657,1.5783495946413737,1.980560010724248,1.3696470230337874,1.0,1.0,1.0,1.8740804878117072,1.0,1.5492592097287894,12.042978080088952,1.0,4.7309589445840095,1.0,1.1928125935705869,1.0,1.0,1.0,1.0,1.0,3.832629376883749,5.124589377581209,10.355505926574022,6.2102798067502,5.087365590749409,1.0800605232984344,1.0,1.0,2.0447671154559925,1.0,1.065399147505077,1.0,1.0,1.0,1.3890958720052573,1.0260190362122157,1.0,1.0,1.0,1.2383781576047888,1.0,1.0,1.0,1.0,1.3751880424933818,1.4494050104499512,1.0,1.0,1.0,2.183205263215296,21.63471435290428,1.0,1.621928186387369,3.1810247643442904,1.0,1.0,1.0,1.0,12.594301801958895,1.566183790351288,1.0,1.0,3.1799497378757184,1.0,5.394306560274292,31.895240151408395,6.289751194642477,1.9729872333659135,1.711745273479813,1.0,1.4780774064534343,1.0,1.0,1.0,1.0,1.0,1.0,1.0,1.0,1.0,1.0,19.68927545853438,1.0,1.0,1.0,1.0,1.0,1.0,1.0,1.0,1.0,1.0,11.37219590691588,1.0,1.0,1.0,1.0,1.0,1.0,1.0,1.0,1.0,1.0,1.0,3.159439911014536,1.0,37.52340218145476,69.94144294711315,4.139798832286311,1.0,2.4628190392725684,1.0,1.0,5.990003607827569,1.0,1.0,8.676304548437333,2.062127065897301,29.0,1.0,3.077165137899973,1.0,2.6525214944348168,1.8722660962799125,3.4043662424021495,1.0,1.0,3.790837345648101,1.0,2.0653917915679663,1.0,1.0,1.0,1.014486857423562,1.7786088412508352,1.0,1.0,1.0,1.0,1.0,10.829481807953185,5.786687073878106,10.600093903243298,3.203558469764106,8.51264545229827,8.23994873025263,5.235444708371205,43.424533662172,17.942422574902775,27.50380738422925,36.38643799378131,8.814602189125491,16.83498878537829
67,TEST_09+5일,2.3867734564587195,77.62389413633075,3.4311384718510296,2.3352950952976057,1.0,1.3977719015475167,31.900000000000034,1.61897699660634,1.323244865594977,1.0,1.0,1.0,1.0,1.7088056573684702,12.346923409137435,1.0,84.7000000000001,1.0,1.0,78.21868747035393,31.900000000000034,1.0,1.0,1.0,17.416368732970565,15.459713507677067,13.301751958360342,25.97050087190417,3.3112682006832603,2.2463045556186376,1.8114949961601376,1.8479239390573856,1.1700556037721952,1.0,1.0,2.2770092964949433,25.676995124184412,1.0,1.7613497308305055,22.80540468214776,2.7837579228223923,1.1946180133295254,2.148397205471829,1.7881860543791173,1.0,1.072943424933522,1.0,2.2642335859619744,1.0,1.6540734801379926,6.20796051626245,1.0,5.23329809675196,1.0,1.6281567739172458,1.0,2.771769360688235,1.0,1.0,1.0,3.7217330622364138,5.451852426875786,8.366896161454878,6.462433718398235,4.239958841717474,1.0,1.0,1.0,1.9757382257518885,1.0,1.033898472515437,1.16640212733006,1.0,1.0,1.346048422558467,1.1187592205395334,1.0,1.0063573018519425,1.0,1.565351748271148,1.0203534301866566,1.0,1.0,1.0,2.1399507230467916,1.7494730947710035,1.0,1.0,1.223266146077771,2.6879287458400154,62.28334419735137,1.0,2.0788183463645784,3.1650941603508915,1.0,1.0,1.0,1.0,13.113070254669816,1.56336879398143,1.0,1.0,3.8773834140670855,1.0,6.971816052103357,44.83826207913922,14.708724195293083,2.43043024176843,1.9090188961155603,1.0,1.7567176063374133,1.0,1.0,1.0,1.0,1.0,1.0,1.0,1.0,1.0,1.0,47.80990942139434,1.0,1.0,1.0,1.0,1.0,1.0,1.0,1.0,1.0,1.0,30.150199068994237,1.0,1.0,1.0,1.0,1.0,1.0,1.0123725904257117,1.0,1.0,1.0,1.0,3.256860929742794,1.0,57.079879744346016,145.03878200812113,4.307597027419481,1.0,3.057989584068878,1.0,1.0,7.120099173485668,1.0,1.0,9.363083667194196,2.4070554775449966,29.0,1.0,3.4619022073816774,1.0,2.992591673997608,2.2855075676632484,3.5393928358893785,1.0,1.0,4.182332053784091,1.0,1.0,1.0,1.2652249473060937,1.0,1.4274431556652316,1.0,1.0845944514204433,1.0,1.0,1.0,1.0,14.070441957824606,9.710541571909603,11.995491886708376,3.5806561723390455,9.016447668371208,6.960284814571013,5.685027971659615,55.967210374042466,17.806760269489565,34.203816579787045,45.08331039420405,11.395558216117454,14.314898857961916
68,TEST_09+6일,4.815571093112881,31.833564586456657,5.412843447788862,4.798758456119418,1.5724802301958392,2.973817150505053,21.90669022989063,1.8514290017826147,2.698368988335834,1.0,1.0,1.0,1.0,3.3855260369940594,21.495192535911382,1.9044099084983712,37.17777506338659,1.0026528858935504,1.739056970376743,60.25223321657516,22.255097305610395,1.0,1.0,1.0248490056161748,20.59853668891229,21.0,9.987582926253516,30.420476068217788,5.449259818303152,3.6343571436177946,2.889550270876778,3.5720430220908086,2.141648539159004,1.6990575047915004,1.0,2.8164295189472135,33.16750532777155,1.0,3.0,22.230996093105496,6.829721229755937,1.3433550820227318,3.466790707761737,1.4327540298640458,1.0,2.0460673220907446,1.0,3.682425333334898,1.0,2.3779706815753334,12.189183110006642,1.0,6.452947498990546,1.0,3.0392357071049214,1.145033613091618,2.7563991812525916,1.0,1.25322081839228,1.0,6.532973275605432,5.85850551391409,9.980383198658432,12.231492994345032,6.814910730819021,1.6961922783845818,1.0353609995223807,1.2167840733788338,2.9573722818138775,1.0,1.5550702560375431,1.6226061172802462,1.0,1.0,1.81949699635972,1.6657100070860031,1.0,1.3993576721471914,1.142235303945053,1.96340790960361,1.284626272325326,1.0,1.3006174051483184,1.3047034180895414,2.108809443752261,2.288896578475332,1.288730105309838,1.7429960163182976,1.474937671617325,3.4548722364018145,59.44284144683134,1.3769035481282574,3.813381370356448,6.406246453307494,1.0,1.0,1.0,1.0,25.557361820158505,3.3434646487325144,2.014481201281749,1.0,5.664236589587941,1.0,21.91799538148796,49.22662558185537,13.216749936142936,3.775032288607873,3.7270597466047337,1.2434921815443585,3.060322136071476,1.0,1.254225078052723,1.038801129535785,1.0,1.041874047658254,1.8947256623203796,1.4550191979218607,2.0528322718084606,1.4484503094269128,1.0,25.973071069304034,1.0,1.0,1.0,1.0,1.0,1.0,1.0,1.0,1.0,1.0,40.0,2.3940663994212352,1.679197329267442,2.745605356692595,1.519232627796829,1.1116717827938118,1.622172872094288,3.8254155714771896,1.060603779362823,1.0,1.8271429035111924,1.1605300107918035,5.4218930060554325,1.0,123.34415768729252,134.80503431417034,5.643292065226719,1.0,4.347778385062708,1.0,1.0,11.185384047219786,1.0,1.0,14.618533920528527,4.926314113495815,29.0,1.0,5.5201993707586565,1.0,4.665198502632074,3.0933344625111565,4.722628579981002,1.0,1.0,6.652556506450545,3.026068398078543,4.9977874895805146,1.0,3.5527053551536127,1.0,3.883955224685685,5.155420205330355,3.08445705788002,1.9619714003821185,2.118213299192432,1.899349886773834,2.049909259155952,18.80620634149516,11.5871765154391,18.27521130261301,5.855619166318829,12.583094216909762,11.009956247724986,8.971150556089828,104.79579669815908,23.655444372466267,39.79437712611531,50.73465490518537,17.931876349087183,25.113078235409713
69,TEST_09+7일,10.033450472717789,5.327478042165563,10.48840860502474,8.0,2.0,3.0,2.7577676298797744,5.248456868334182,5.0,1.0,1.0,1.4689238437507777,2.1313785338932676,5.0,30.990450633413385,3.0,7.215804190347775,1.8140138203512113,2.5972700071594295,6.241308205133902,3.3143165464909847,1.2758473878128436,1.0,2.0,1.8028032414162996,4.3773395310947985,12.462329666556814,9.661089883358548,11.307565197595522,5.056599579666272,3.985246713165875,6.621223473679962,4.158120705765593,2.897991664862262,1.0,3.790153230148885,50.17737732953002,1.0,3.0,37.26597684013846,16.116382594381555,2.0,4.650458937527144,1.2183217330196252,1.6228276104735,2.6299548559080033,1.0,4.3104939157193565,1.0,3.067701147705155,18.175392441142677,1.6629086316631896,9.3931169770221,1.0345378341683964,4.773466894759632,1.3767640109226789,4.0,1.7006431687168608,1.608257806460348,1.0286687950408722,12.48608917822384,12.210979145156696,14.2592523855122,19.55605258026899,10.980435310755231,2.5467103761440493,1.5474686318318371,1.8399037342840376,4.39061776349007,1.0,2.131577430752348,2.2789892290452043,1.0,1.020130934713401,2.7277358868379493,1.7489939593134305,1.0,1.596931126870088,1.3392860164813818,2.8282595384527345,1.5906533127523348,1.6119852175101874,1.8651795786051808,2.0458009254227956,2.858300893787386,3.1103705395212553,1.318957197213812,2.4623094414495053,2.1836645401583983,4.990686905586034,1.5337899291866952,2.0,6.0,11.31831546698204,1.6556346893247067,1.2712957572678758,1.0,1.0,17.208712014304965,5.036154389244177,2.679336035208755,1.4584662142794684,5.5506671132835805,1.0,135.05659631807796,9.531796815632749,23.52340880473245,5.75845225329057,5.177438967797477,1.5260907423503562,3.798232357397577,1.8515809266826473,1.546642442296366,1.8743908393607736,1.0,1.5259356074114512,2.7434157467589824,2.3892644308704507,2.7579189179854877,2.0,1.0,4.664415773752344,1.0,1.0,1.0,1.0,1.0,1.0,1.0,1.0,1.0,1.0,21.83757272221306,3.200691538113191,2.4457514086049676,3.666824397291124,1.7642574308239496,1.0421322421477095,1.4227982101398429,5.686513971358,1.516397787015178,1.0,3.0290661507594834,1.6770435323186597,10.632241992505335,1.0,22.17734473041133,35.02193949918671,10.80506854017727,1.0,8.603428647726595,1.0,1.0,20.53993018023916,1.0,1.0,23.20226363694621,9.357837230250148,17.247574801498725,1.0,11.239479201650992,2.143928473275981,9.547378443901223,6.056859843245605,9.608195667002343,1.0,1.0,13.0,21.692858195911533,24.917169271957455,1.0,10.677599489105036,2.8210455736730773,12.28291240326108,14.74830039852894,15.698103853676283,5.224721915590616,3.357648294278758,7.759919619160789,5.1652833981110104,40.438814541894,21.36923407331751,37.54697888209401,12.615113457406745,26.04196474976279,26.753853014330048,18.41477436220201,185.20332957637163,42.188196550164584,67.0,115.90108243320644,18.715492300954416,42.99865231965895
