영업일자,느티나무 셀프BBQ_1인 수저세트,느티나무 셀프BBQ_BBQ55(단체),"느티나무 셀프BBQ_대여료 30,000원","느티나무 셀프BBQ_대여료 60,000원","느티나무 셀프BBQ_대여료 90,000원","느티나무 셀프BBQ_본삼겹 (단품,실내)",느티나무 셀프BBQ_스프라이트 (단체),느티나무 셀프BBQ_신라면,느티나무 셀프BBQ_쌈야채세트,느티나무 셀프BBQ_쌈장,느티나무 셀프BBQ_육개장 사발면,느티나무 셀프BBQ_일회용 소주컵,느티나무 셀프BBQ_일회용 종이컵,느티나무 셀프BBQ_잔디그늘집 대여료 (12인석),느티나무 셀프BBQ_잔디그늘집 대여료 (6인석),느티나무 셀프BBQ_잔디그늘집 의자 추가,느티나무 셀프BBQ_참이슬 (단체),느티나무 셀프BBQ_친환경 접시 14cm,느티나무 셀프BBQ_친환경 접시 23cm,느티나무 셀프BBQ_카스 병(단체),느티나무 셀프BBQ_콜라 (단체),느티나무 셀프BBQ_햇반,느티나무 셀프BBQ_허브솔트,담하_(단체) 공깃밥,담하_(단체) 생목살 김치전골 2.0,담하_(단체) 은이버섯 갈비탕,담하_(단체) 한우 우거지 국밥,담하_(단체) 황태해장국 3/27까지,담하_(정식) 된장찌개,담하_(정식) 물냉면 ,담하_(정식) 비빔냉면,담하_(후식) 된장찌개,담하_(후식) 물냉면,담하_(후식) 비빔냉면,담하_갑오징어 비빔밥,담하_갱시기,담하_공깃밥,담하_꼬막 비빔밥,담하_느린마을 막걸리,담하_담하 한우 불고기,담하_담하 한우 불고기 정식,담하_더덕 한우 지짐,담하_들깨 양지탕,담하_라면사리,담하_룸 이용료,담하_메밀면 사리,담하_명인안동소주,담하_명태회 비빔냉면,담하_문막 복분자 칵테일,담하_봉평메밀 물냉면,담하_생목살 김치찌개,담하_스프라이트,담하_은이버섯 갈비탕,담하_제로콜라,담하_참이슬,담하_처음처럼,담하_카스,담하_콜라,담하_테라,담하_하동 매실 칵테일,담하_한우 떡갈비 정식,담하_한우 미역국 정식,담하_한우 우거지 국밥,담하_한우 차돌박이 된장찌개,담하_황태해장국,라그로타_AUS (200g),라그로타_G-Charge(3),라그로타_Gls.Sileni,라그로타_Gls.미션 서드,라그로타_Open Food,라그로타_그릴드 비프 샐러드,라그로타_까르보나라,라그로타_모둠 해산물 플래터,라그로타_미션 서드 카베르네 쉬라,라그로타_버섯 크림 리조또,라그로타_빵 추가 (1인),라그로타_스프라이트,라그로타_시저 샐러드 ,라그로타_아메리카노,라그로타_알리오 에 올리오 ,라그로타_양갈비 (4ps),라그로타_자몽리치에이드,라그로타_제로콜라,라그로타_카스,라그로타_콜라,라그로타_하이네켄(생),라그로타_한우 (200g),라그로타_해산물 토마토 리조또,라그로타_해산물 토마토 스튜 파스타,라그로타_해산물 토마토 스파게티,"미라시아_(단체)브런치주중 36,000",미라시아_(오븐) 하와이안 쉬림프 피자,미라시아_(화덕) 불고기 페퍼로니 반반피자,미라시아_BBQ Platter,미라시아_BBQ 고기추가,미라시아_공깃밥,미라시아_글라스와인 (레드),미라시아_레인보우칵테일(알코올),미라시아_미라시아 브런치 (패키지),미라시아_버드와이저(무제한),미라시아_보일링 랍스타 플래터,미라시아_보일링 랍스타 플래터(덜매운맛),미라시아_브런치 2인 패키지 ,미라시아_브런치 4인 패키지 ,미라시아_브런치(대인) 주말,미라시아_브런치(대인) 주중,미라시아_브런치(어린이),미라시아_쉬림프 투움바 파스타,미라시아_스텔라(무제한),미라시아_스프라이트,미라시아_애플망고 에이드,미라시아_얼그레이 하이볼,미라시아_오븐구이 윙과 킬바사소세지,미라시아_유자 하이볼,미라시아_잭 애플 토닉,미라시아_칠리 치즈 프라이,미라시아_코카콜라,미라시아_코카콜라(제로),미라시아_콥 샐러드,미라시아_파스타면 추가(150g),미라시아_핑크레몬에이드,연회장_Cass Beer,연회장_Conference L1,연회장_Conference L2,연회장_Conference L3,연회장_Conference M1,연회장_Conference M8,연회장_Conference M9,연회장_Convention Hall,연회장_Cookie Platter,연회장_Grand Ballroom,연회장_OPUS 2,연회장_Regular Coffee,연회장_골뱅이무침,연회장_공깃밥,연회장_돈목살 김치찌개 (밥포함),연회장_로제 치즈떡볶이,연회장_마라샹궈,연회장_매콤 무뼈닭발&계란찜,연회장_모둠 돈육구이(3인),연회장_삼겹살추가 (200g),연회장_야채추가,연회장_왕갈비치킨,연회장_주먹밥 (2ea),카페테리아_공깃밥(추가),카페테리아_구슬아이스크림,카페테리아_단체식 13000(신),카페테리아_단체식 18000(신),카페테리아_돼지고기 김치찌개,카페테리아_복숭아 아이스티,카페테리아_새우 볶음밥,카페테리아_새우튀김 우동,카페테리아_샷 추가,카페테리아_수제 등심 돈까스,카페테리아_아메리카노(HOT),카페테리아_아메리카노(ICE),카페테리아_약 고추장 돌솥비빔밥,카페테리아_어린이 돈까스,카페테리아_오픈푸드,카페테리아_진사골 설렁탕,카페테리아_짜장면,카페테리아_짜장밥,카페테리아_짬뽕,카페테리아_짬뽕밥,카페테리아_치즈돈까스,카페테리아_카페라떼(HOT),카페테리아_카페라떼(ICE),카페테리아_한상 삼겹구이 정식(2인) 소요시간 약 15~20분,포레스트릿_꼬치어묵,포레스트릿_떡볶이,포레스트릿_복숭아 아이스티,포레스트릿_생수,포레스트릿_스프라이트,포레스트릿_아메리카노(HOT),포레스트릿_아메리카노(ICE),포레스트릿_치즈 핫도그,포레스트릿_카페라떼(HOT),포레스트릿_카페라떼(ICE),포레스트릿_코카콜라,포레스트릿_페스츄리 소시지,화담숲주막_느린마을 막걸리,화담숲주막_단호박 식혜 ,화담숲주막_병천순대,화담숲주막_스프라이트,화담숲주막_참살이 막걸리,화담숲주막_찹쌀식혜,화담숲주막_콜라,화담숲주막_해물파전,화담숲카페_메밀미숫가루,화담숲카페_아메리카노 HOT,화담숲카페_아메리카노 ICE,화담숲카페_카페라떼 ICE,화담숲카페_현미뻥스크림
TEST_00+1일,6.661767363548279,1.0,9.365382194519043,2.3895159363746643,1.0,1.0867583935600134,1.0,2.0987221643830973,1.9670842593693354,1.0,1.0,1.0,1.0,2.92699858546257,8.702284667942259,1.0697817118233541,1.0,1.0457662492990494,1.6194895297446543,1.0,1.0,1.3541141824724185,1.0,1.0,6.752146124345358,1.0,6.3879751026610965,5.400289333565267,7.477998329009153,2.1152108335236073,1.51640599988063,3.3467961698770523,2.205335944890976,1.7274052982213517,1.0,4.4022926688194275,38.48020589351654,1.0,1.1918228765343164,21.85343199141291,13.630059865754893,1.0,1.0,1.651600667574153,1.0,2.0376357436180115,1.0,3.75565400888269,1.0,4.003520965576172,8.82166931971356,1.0,5.95714607834816,1.0,2.201763689517975,1.0,1.8228012709061936,1.0,1.0746234132891705,1.0,10.479056087510543,8.641378482482562,14.584041097818568,7.875136077793683,7.055965027315358,2.050121234964926,1.0,1.0,3.8301682472229004,1.2289101508825246,2.1513645350933075,6.1009016036987305,1.0,1.0,3.455927401781082,1.0812591940164566,1.0,1.5606613084673882,1.0,2.879788100719452,1.9357847681114682,1.0289654072841747,1.0,1.0,1.1633917440616246,1.0,1.6829889983174344,1.0,2.6644891500473022,6.392451897263527,1.0,1.9805720448493958,2.3940497636795044,6.29646582241,1.0,1.0,1,1.0,21.75268636255469,3.4430125922462427,1.1220935192066275,1.0,3.6951117614755153,1.0,185.50135530081843,4.298876328405859,20.805914962711412,2.116810851124728,3.0718575686722653,1.0290369391441345,2.0556864550490865,1.0,1.2630541622638702,1.0,1.0,1.0114500641822814,1.0,1.8274957776122704,1.9672427326440811,1.0209585222040962,1.0,1.0,1.0,1.0,1.0,1.0,1.0,1.0,1.0,1.0246478730105566,1.0,1.0,3.5633566126835725,1.0,1.1095555050298571,1.764354258775711,1.0,1.0,1.0,2.4789683520793915,1.0,1.0,1.0,1.0,7.677554594352841,1.0,4.696296360421013,1.0,10.389497395604849,1.0,7.947985723614693,1.0,1.0,15.631941484858519,1.0189038805663586,1.0,14.511900819838047,7.758538201451301,3.7669831420548956,1.0,9.707327926073042,1.8047454953193665,5.677090579465419,2.570631556212902,8.644381299614906,1.0,1.0,6.585964560508728,1.0,1.659348250644912,2.107258203625679,11.81402232218826,2.4872518452130135,1.0,7.742811962869009,1.0,1.1818475289270283,1.3192014930718798,3.4192002985343777,1.0,22.40149781072614,5.412703707629955,20.94097618876729,8.312775939702988,18.0420700620683,18.059595841878743,9.279498755931854,70.46237213078777,45.62623915923039,3.2054814510047436,36.67797194917127,9.133200595490184,20.485716460312798
TEST_00+2일,1.0,23.934665669160616,2.8846397399902344,1.0,1.0,1.0,7.210715483024156,1.061131116747856,1.1240381712938814,1.0,1.0,1.0,1.0,1.0,12.119062268430874,1.0,17.421882478580226,1.0,1.0,19.811681695320445,4.439083094331166,1.3340309565642139,1.0,5.03102022474922,2.7448262491395545,11.590776676036043,5.504683238505668,10.639699136037763,5.558098808827862,1.5841716501675558,1.0,1.164797343313694,1.4078399911522865,1.0,1.0,2.3905593156814575,23.891953110694885,1.0,1.0,14.005355599276493,5.9089316885558745,1.0,1.0,1.1344802873172288,1.0,1.0682222247123718,1.0,2.717822403782851,1.0,3.0489260852336884,5.741460042713784,1.0,5.448046118021011,1.0,1.9356536865234375,1.0,1.0,1.0,1.0,1.0,4.594471995290421,6.180554379362744,2.572240149887505,5.639426175388175,3.1583652453819937,1.0,1.0,1.0,1.0,1.0,1.427386924624443,4.192320615053177,1.0,1.0,1.3625424653291702,1.0,1.0,1.0,1.0,1.1731768250465393,1.0,1.0,1.0,1.0,1.0,1.0,1.0,1.0,1.0471884906291962,1.30491416528821,25.961985180226122,1.6816648840904236,1.402989774942398,3.251048742257524,1.0,1.0,1,1.0,16.019793878841142,1.8869579156004739,1.0,1.0,9.088851674912664,1.0,55.35572669703657,69.0822690924991,13.290163886525805,1.4134842609035771,2.2836495058757746,1.0,1.0713482078870045,1.0,1.715259701013565,1.0,1.0,1.0567633032798767,1.0,1.0,1.6439060121774673,1.0,1.0,9.365972875008692,1.0,1.0,1.0,1.0,1.0,1.0,1.0,1.0524670269484333,1.0,1.0,51.81914292923204,1.0,1.0,1.40258327126503,1.0,1.0,1.0,1.3775229454040527,1.0,1.0,1.0,1.0,4.750605667941272,1.0,12.134130934231383,25.62851964681171,8.706053575500846,1.0,6.493546776473522,1.0,1.0,6.2036452870931456,1.0,1.0,9.622003642842174,3.348509419709444,11.717012436853432,1.0,5.642059723509372,1.1580897867679596,4.04126581863173,1.8017783537507057,6.768876686692238,1.0,1.0,4.695237576961517,1.0,1.0,1.4711634024977684,2.268028047542925,1.0,1.0,1.0,1.0,1.0,1.0,1.0,1.0,5.691536377674616,1.1150473973582662,5.612430456725932,2.029367871582508,5.899878434418918,5.481493993979219,3.843027986586094,1.0,11.942613889897348,1.6370532102882862,2.674762460723166,2.9235841873965955,5.044298438693854
TEST_00+3일,1.6850370168685913,39.16818051231454,3.823017120361328,1.301286518573761,1.0,1.0,18.66141272629287,1.358857804992268,1.5626353412435137,1.0,1.0,1.0,1.0,1.2432385236024857,7.368274925057126,1.0,8.537135212513515,1.0,1.0,11.677123859925432,10.024794508294846,1.0,1.0,1.0,19.76277846784448,19.670098254940047,3.651831785566597,25.763695400789842,4.117052594719028,1.5673007741580172,1.0,1.6924597397446632,1.0266272351145744,1.0,1.0,1.7484906315803528,24.059741139411926,1.0,1.0,12.132579246834542,5.405084529121332,1.0180732607841492,1.0,1.1724974181919303,1.0,1.0,1.0,2.5265451735422886,1.0,2.2512819468975067,5.507484745012508,1.0,4.044438362121582,1.0,1.880701705813408,1.0,1.0,1.0,1.0,1.0,4.280520045155066,3.7944791909094633,3.6988410008265697,5.1847640314501735,3.064689941468945,1.12029976647724,1.0,1.0,1.7184005677700043,4.254241459272311,1.9901660084724426,2.0033253580331802,1.0,1.0,2.374108999967575,1.0,1.0,1.4069731906056404,1.0,2.4952579140663147,1.166500356280767,1.0,1.0,1.0,1.0,1.0,1.2736558319388676,1.0,2.747262716293335,3.5470543205738068,47.09404643899314,1.2732934951782227,1.3144677877426147,3.2905559606760346,1.0,1.0,1,1.0,14.80987570014304,2.5042156572868066,1.0,1.0,6.546964508647086,1.0,4.9084368544262285,51.48741035076741,7.354966667804353,1.558113498937319,2.6247927874085133,1.0,1.3532150631979607,1.0,1.0628553479909897,1.0,1.0,1.0359498977661132,1.0,1.0,1.1500740051269531,1.0,1.0,24.439254388275884,1.0,1.0,1.0,1.0,1.0,1.0,1.0,1.925640265524358,1.0,1.0,42.24194276999728,1.0,1.0,1.39472097158432,1.0,1.0,1.0,1.7041423916816711,1.0,1.0,1.0,1.0,2.856329939328134,1.0,25.040244027566867,38.20671186108554,6.253839818760753,1.0,4.407616809010506,1.0,1.0,6.056004147024543,1.0,1.0,7.34817607793957,1.8453580085188148,17.637142638734765,1.0,3.1830783034214036,1.0,2.9649750911311927,1.0,4.589013107120991,1.0,1.0,4.184135794639587,1.0,1.0,1.2468752145767212,2.414695016594957,1.0,1.0,2.688544565442194,1.0,1.0,1.0,1.0,1.0,8.136670445089445,1.5946583385733915,7.1592328696595935,2.1949737519025803,9.139605631434735,7.8125569604342955,3.271601628512144,18.026108430296617,27.872581132861264,2.302285749465227,23.240048670644544,5.333943042551166,10.044263167509019
TEST_00+4일,3.4630003571510315,31.06696050506249,3.4787912368774414,1.4570096135139465,1.0,1.0,13.686985202243363,1.5194575071698218,1.3743357682811865,1.0,1.0,1.0,1.0,1.8214540556073189,12.374365235514192,1.0,5.69299953717152,1.0,1.0,25.07323148388403,5.642884352136558,1.0,1.0,1.0,8.350602538762255,10.064883925087262,12.056129268353759,35.16728814747259,4.331932218421054,1.620119681968436,1.0,1.6206983104348183,1.2449010461568832,1.0,1.0,1.9360004365444183,26.205999970436096,1.0,1.0,7.560848885631117,4.446026766103616,1.205587312579155,1.0,1.507608974698411,1.0,1.0,1.0,2.44611944762556,1.0,2.1292836368083954,5.956465217166045,1.0,4.816522464156151,1.0,1.442490890622139,1.0,1.0,1.0,1.0,1.0,3.80767136096656,3.4971172131031665,2.9817401473239777,4.8398498513502615,3.226596722907523,1.4985809311249827,1.0,1.0,1.8005633354187012,5.330708808281946,2.51004159450531,2.084669530391693,1.0,1.0,1.8871831595897675,1.0160044759511948,1.0,1.5501406788825989,1.0,3.2699201703071594,1.3289277025765553,1.0,1.0,1.0,1.1076703461490194,1.0,1.887698142698665,1.0,2.9173490405082703,4.135909914970398,68.11944348062237,1.0,1.0872544348239899,3.4771599488714617,1.0,1.0,1,1.0,18.42860978801677,2.6486712928572986,1.0,1.0,5.919972968194496,1.0,17.36034466234774,44.34069566802315,6.84589894565444,1.4780014165057378,2.5863815771394965,1.0,1.0940146218307925,1.0,1.0,1.0,1.0,1.0,1.0,1.0,1.0,1.0,1.0,23.027904096877016,1.0,1.0,1.0,1.0,1.0,1.0,1.0,1.889309588460019,1.0,1.0,31.406222056398963,1.0,1.0,1.290062814950943,1.0,1.0,1.0,2.101082503795624,1.0,1.0,1.0,1.0,2.134199908003211,1.0,18.644416412499744,65.65464294971304,5.802390541881323,1.0,3.340117458254099,1.0,1.0,5.806657495719044,1.0,1.0,7.578102940693498,1.9348803423345087,26.081285365980477,1.0,3.4828879879813024,1.0,2.6255688036391,1.0,3.8906381018459797,1.0,1.0,4.361681938171387,1.0,1.0,1.0770065069198609,1.485889681453768,1.0,1.0,1.6635338015684158,1.0,1.0,1.0,1.0,1.0,6.869439745722771,2.2698248603097824,6.236910361609614,1.696974216029048,6.766544132511248,6.821941498223385,1.89033143222332,17.349905088661885,12.759991455587432,2.042721025645733,16.441641709350854,5.054404951648687,7.628288331780516
TEST_00+5일,5.1515132188797,111.95279632779312,3.003499984741211,1.33649542927742,1.0,1.080004939288638,63.25000313443868,2.26116430840161,2.094295168642247,1.0,1.0,1.0,1.0,3.607906848192215,16.680086188897867,1.0,47.82318481869717,1.0,1.0,50.12071778238024,23.974154039897037,1.0,1.0,1.0,2.2769515989348292,15.679887480143941,14.343292300210198,77.74240705963757,5.679694461691695,2.3148267531837523,1.185725617359865,2.9155705869197845,1.4768338948488235,1.0924591160702317,1.0,1.1452294886112213,29.131605625152588,1.0,1.1652307390677812,15.912457697451472,7.401508084087386,1.313346028327942,1.0,2.620105232060156,1.0,1.4513549208641052,1.0,2.7325247191163164,1.0,2.4073085486888885,7.962024947222265,1.0,5.624015375971794,1.0,1.923418566584587,1.0,1.475535151179607,1.0,1.0,1.0,4.776311898275702,4.4714021109042354,1.8699368450481828,3.455819123240618,5.660703077370823,2.494041005779974,1.0,1.0,1.984913945198059,3.179222708020344,2.5143224000930786,2.916246235370636,1.0,1.0,1.9594057500362396,1.0428368106484414,1.0,2.3691556602716446,1.0059441222442327,3.538160800933838,1.6599666485599982,1.0,1.0,1.0,1.2733399272843622,1.0,1.5419250740238035,1.0,2.6325184106826782,3.277350403368473,52.457000699114715,1.093721091747284,1.9439435005187988,3.76980299911116,1.0,1.0,1,1.0,17.000987458728112,2.87075300777326,1.0,1.0,6.589602437283368,1.0,17.292582305301885,45.531852672496235,7.9947591917261125,1.854070272329484,2.8528872670341454,1.0,1.114154412917462,1.0,1.0,1.0,1.0,1.0,1.0,1.0,1.1955490708351135,1.0,1.0,72.4859545036856,1.0,1.0,1.0,1.0,1.0,1.0,1.0,4.975758317609946,1.0,1.0,82.72122360540422,1.0153360055242446,1.0,1.1503995954990387,1.0,1.0,1.0,2.341800183057785,1.0,1.0,1.013580933213234,1.0,3.5406816340982914,1.0,22.199631511312187,77.03421296249746,7.471367355436087,1.0,4.408210940659046,1.0,1.0,6.650895110497001,1.0,1.0,9.089620753191411,2.2782805114984512,15.225278795039497,1.0,4.662004546041677,1.0,3.1968348581155475,1.5642564073204994,5.3346855118870735,1.0,1.0,5.022189021110535,1.0,1.0,1.267116415500641,4.642612307477174,1.0,1.0,2.3489412988134784,1.0,1.0,1.2523101604729436,1.0,1.0,6.419699468214443,2.7370173970752036,5.7814132177571675,2.3395936749875546,5.6050758792617685,6.43949702504284,3.876652643084526,24.713298038366734,20.419098886174822,1.7166452016681433,17.843431161358275,10.500588375281406,9.536844558878117
TEST_00+6일,10.783460140228271,43.445585647037014,7.808338642120361,3.435788154602051,1.0,1.6392464650114111,26.688362618508755,4.344926458756527,3.4198407062314704,1.1527279931626115,1.6143617083408408,1.0,1.2477303427986568,6.322895586490631,22.60676407988131,1.3643890198546362,42.467090636136994,1.1251313239336014,1.6851787165858905,47.93076767397763,12.355665230142765,1.877628116252505,1.0,1.4552058931178706,69.18186070963574,16.18453997259881,14.999982223980002,79.06670129491334,7.480047069815641,2.887804445703402,1.7123748574012638,6.835809230804443,2.630876898765564,1.781365682752206,1.0295062928038163,2.132318913936615,47.57204079627991,1.0,1.7282691304087727,23.89660552237919,7.126658670803632,1.488083302974701,1.0,3.2568488563974767,1.0,2.6585277915000916,1.0,3.739618484749053,1.0,3.1698776483535767,9.261747234061568,1.0191911324411012,6.223339170217514,1.0,3.379698693752289,1.0,3.035616414987061,1.0,1.2262189832443646,1.0,10.226682545219804,7.36181311357416,8.997614051279518,7.407284952556339,6.316502265324688,3.2108509949780144,1.106984121324714,1.0,2.750862240791321,2.859911432710985,2.890949249267578,3.634866714477539,1.0,1.0,2.918831467628479,1.3019700072394997,1.0,2.9744484275579453,1.517889019039388,4.415978282690048,2.120168582796376,1.2528201296721608,1.0,1.2912735681339942,2.1602693923004486,1.5412591025233269,2.0807313906631,1.293504263148264,4.100672602653503,4.740576416254044,60.30751792439886,1.4308813214302063,2.722490429878235,7.843852054636762,1.396575220471092,1.6744330593858372,1,1.0,23.710099427213077,5.372250526259927,1.6869866165870548,1.0,7.407323477783059,1.1644462032432683,15.49642426413908,64.746674882893,9.600140018640774,2.3978361433578956,3.974613757207456,1.4756587147712708,2.1273938243861252,1.4914877712726593,1.8079225718975067,1.0226172417409143,1.0,1.1160183493630655,1.064837126188702,1.6207077865196515,1.0,1.3988327722355567,1.0,58.307363830400384,1.0,1.0,1.0,1.0,1.0,1.0,1.1341563045313174,4.748257881291259,1.208457091851817,1.0,31.37012088300721,2.251417764972743,1.8341117201502088,3.426882028579712,1.9346103072166443,1.0,1.9748979806900024,6.234135031700134,1.7744954420341885,1.36194646645797,4.180998206138611,1.1601874867330617,6.034069985151291,1.0,69.07730526881389,163.65293815107455,9.756074491888285,1.0,6.459990441799164,1.0,1.0,8.884704215047883,1.0064888533204794,1.0,13.315023187547922,4.178191006183624,48.337552376427915,1.0,7.68772568222484,1.0,4.764768066413323,2.50247959792614,8.113569281995296,1.0,1.0,7.6362144947052,1.0,1.0511744376344716,1.7022487252950669,4.1398635288070285,1.0,1.0,4.786981771565945,1.0,1.0,4.312670722434714,1.4396710175130643,1.0,13.616340299167828,4.132008693046058,11.558815152438815,5.80122534185648,12.363977693527477,11.804897220935207,5.4202790558338165,31.25059501450978,23.263150884643284,2.189415041357279,23.771856158263095,7.654025481387009,13.38400236064579
TEST_00+7일,13.350982666015625,13.506523490684616,13.349321365356445,5.435490012168884,2.185506969690323,2.1931162237040054,7.873026211814276,5.719866497315244,4.629466581878929,2.3311757793332237,1.5799399189882601,1.0,1.9649916516887973,7.1193744242191315,32.019512106730616,1.959349157271861,8.250059343982517,1.8766771256923676,2.561334134734681,20.13339743071174,3.251489309278189,3.1748803529502303,1.4812228083610535,1.0,26.62950532678214,9.250725121144876,6.915005095539751,11.07278985264651,8.760230922649182,4.037576639611524,2.5235637296885995,7.9536643624305725,3.643174320459366,2.742947467060433,1.047694147692318,4.270137548446655,59.880064249038696,1.0,1.921329138492357,23.06392629659527,10.447348662117475,1.4774657785892487,1.0,4.56001703718095,1.3630353629818626,3.3813264966011047,1.0655435741177268,5.294350214130718,1.0,3.959869682788849,10.44704844243097,1.569322224951278,7.3093551099300385,1.0890692827300634,4.347325265407562,1.4161839832589307,3.7986348656339493,1.0,2.070174198668423,1.30628302693367,14.774267985836463,8.631302508958022,9.613530885436369,9.807102297509328,11.280506177298486,3.1663459441933215,1.3166345409825735,1.448919450216023,4.440710246562958,4.9048185125044865,2.791009694337845,4.837143629789352,1.0,1.1306191980838776,5.203509658575058,1.5859378922654113,1.0642604893355303,3.1444108486175537,1.689928410266649,4.592182219028473,3.5377389171899685,1.5046792826330502,1.0890277788224445,1.7183513490363638,2.622969416787479,3.798099160194397,2.332581682827191,2.1492525153569604,5.371448397636414,7.752074509859085,1.0,1.9582480192184448,4.534231126308441,12.017115737844259,1.5683385901384677,1.623837012507169,1,1.5262923314216603,14.083999366393986,8.233407034902186,2.5633469188208173,1.0,10.512929745605756,1.0,181.36129033148862,1.3769188728519084,15.561445746640862,3.7341011148028347,5.350503317462177,2.4692581593990326,3.993231584894299,2.4660080671310425,2.357463240623474,1.5928854157968595,1.0,1.457907740814444,1.8872354852306674,2.7799446951493096,1.386287659406662,2.1907291226796533,1.0,3.1257983853583324,1.0,1.0,1.0,1.0,1.0,1.0,1.2658855647554963,1.2972173451018278,1.3933157057276337,1.0,1.9453165927514267,3.3879414625703004,2.646153612920549,4.642220437526703,2.60663665831089,1.0155356881597215,3.1134307384490967,8.003191947937012,2.9517034265309925,2.5773196306770183,5.18038809299469,1.6173396619259564,8.55074406042695,1.0,54.35294627318662,47.913578408359584,11.132776755839586,1.0,8.40663667023182,1.0,1.0,17.6918068837583,1.0368055805563927,1.0,16.778359781950712,8.30606783926487,8.25223537977008,1.010147500038147,11.228122888572575,1.0583079606294632,6.24365947406379,3.0577252805233,9.71790300309658,1.0,1.0,8.525914549827576,1.0,5.2534058134728605,2.131562831997871,10.243046136820512,3.057325893945028,8.040061762604441,7.58983265375181,19.327058564235976,6.918203657322574,3.1569329745455885,4.469902466295932,2.539180393629542,24.129861618705565,6.502250536136581,22.462856836659803,9.210225716233253,22.808254721279773,22.689560650670753,10.355802476406097,67.19000729643848,41.10037164439071,3.3377769868820906,49.14329345754137,13.055808680836606,24.33441830032814
TEST_01+1일,5.680864453315735,1.0,10.173775672912598,2.375105172395706,1.0,1.5472136485984302,1.0,2.4307178452828824,3.4449324779078765,1.0,1.0,1.0,1.0,3.5752299427986145,17.338879098935013,1.4390549335729397,1.0,1.0,1.6485755636537889,1.0,1.0,1.0,1.0,1.0,6.097768465646432,2.4934584837494165,3.405034778972921,7.849708854210068,5.042353136514489,4.562641686313515,1.7564308751939666,7.388449162244797,5.04369243979454,1.6553051233941378,1.0,3.8797110319137573,47.155882835388184,1.0,1.7935820640857323,35.936174070986915,12.944124999908281,1.0,1.0,1.0,1.0,2.067224383354187,1.0,4.54312473520708,1.0,5.799877107143402,10.729431155502667,1.7224984061501503,4.591550141572952,1.0,2.990962117910385,1.0802551048467104,2.8717266923381475,1.03252300108999,1.1312747660890858,1.0,9.88091144877608,9.014673358997552,12.013609820419061,8.656844429803876,8.477104611747786,1.8500662938641044,1.0,1.7710800345832856,3.887348473072052,1.0,2.2269295156002045,3.460874617099762,1.0,1.0,2.767644554376602,1.5664338870811048,1.0,2.018362283706665,1.0,1.5110607147216797,1.7799158689872798,1.7747375777951129,1.3943207801313007,1.6997736290511263,1.0,1.0,3.2593887249549462,1.5984562294302511,1.2245693802833557,5.120007932186127,11.785328652748369,1.9478830695152283,1.7113885283470154,7.458219188770644,1.0,1.118015289937977,1,1.0,36.46517738367655,6.628841652113089,1.6805948878109847,1.2157945940237482,5.668453163168905,1.0,175.48591358342708,1.0,34.21078511601458,4.06308157015284,4.27543501014503,1.2535037100315094,2.433316560722516,1.0,1.1594298481941223,1.0,1.0,1.0514457595394548,3.0068458216960265,1.8226745454432236,1.7162898927927017,1.9481039254323265,1.0,52.75724739224179,1.0,1.0,1.0,1.0,1.0,1.0,1.0,1.0,1.0,1.0,1.0,3.226151415997302,2.7888915427067533,1.0440629720687866,1.0,1.0,1.0,2.2347229719161987,1.0,1.0,1.0,1.8091844385480251,7.774717170745134,1.0,18.09707169324903,8.471552925121893,8.39099626429379,1.0,5.316555842757225,1.0,1.0,20.60261774498332,1.0,1.0,12.954318726435304,7.610563978552817,1.0,1.0,4.576011279553569,1.0,5.27135205804238,1.8116757944226265,7.963096275925636,1.0,1.0,10.246516466140747,1.0,2.659608709676517,1.7365066438913346,15.22080897165048,2.694875340358861,1.0808744386704352,7.534340978575367,2.7363562287444227,1.0,1.5355520030009455,3.7383368275271165,1.0,11.200947904258543,5.126693956778324,12.542876673612929,4.887329414486885,12.843429584256077,11.575882697863236,7.579155340790749,33.76442252892606,29.76494079878877,1.4486010186374187,31.674774088489446,6.261441584314936,20.987385902824084
TEST_01+2일,1.0,2.5415813160696876,3.9427971839904785,1.0,1.0,1.0,1.9159279276076158,1.0408161215484142,1.580099181703758,1.0,1.0,1.0,1.0,1.037926934659481,12.064706383378988,1.0,3.1999518724361162,1.0,1.0,7.5396022315275335,2.1507423999542183,1.0,1.0,3.210653269177348,7.550702016102914,10.478536787556841,1.86923504466585,16.55158059042385,3.718474590577273,2.3720866025405996,1.023415349418538,5.676853537559509,6.235940158367157,1.1118428155092857,1.0,2.1235430240631104,26.5090389251709,1.0,1.0,35.53951313832962,5.430570666662491,1.0,1.0,1.0,1.0,1.0,1.0,3.5789897269976807,1.0,4.583706945180893,8.365782005404427,1.0,3.703793376684189,1.0,2.6921888440847397,1.0,1.718128317476203,1.0,1.0,1.0,3.224844368405079,4.834181946303363,6.855251120118652,8.704929457457316,5.503228061989597,1.1704781593226268,1.0,1.0,1.0,1.0,1.5284604951739311,1.6254467517137527,1.0,1.0,1.0,1.0,1.0,1.0,1.0,1.0,1.0,1.0,1.0,1.0,1.0,1.0,1.0644904540419164,1.0,1.0,1.0,2.9992057356046375,1.6669771075248718,1.0,2.705265304526011,1.0,1.0,1,1.0,22.169169953277667,4.048517700603708,1.0,1.0,12.625550644481411,1.0,11.623791654157506,5.3009181991418926,31.45865441417665,2.9772592282547166,3.406760542734035,1.4880500733852386,1.207924040944599,1.0,1.0,1.0,1.0,1.0,2.065115449925242,1.0,1.3525522872805595,1.0244396520985752,1.0,36.046908333505854,1.0,1.0,1.0,1.0,1.0,1.0,1.0,1.0,1.0,1.0,5.9949676029013315,2.202974581784014,1.4587056475295443,1.0,1.0,1.0,1.0,1.0,1.0,1.0,1.0,1.0,5.400963409803808,1.0,7.299248772066939,17.755781766954698,6.527242371812463,1.0,3.8148556128144264,1.0,1.0,11.081334210967118,1.0,1.0,7.99870740622282,3.228417906910181,1.0,1.0,2.281040781154415,1.0,3.2043892882008946,1.1809740215539932,6.009363770484924,1.0,1.0,8.33559274673462,1.0,1.7439532326968747,1.0964483946561814,3.9763141911047017,1.0,1.0,3.9166818795369487,1.0,1.0,1.0,1.0,1.0,5.142340959249094,1.339279783918397,6.478781954031081,1.0,6.07365496455216,5.4914328234804834,2.528100050985813,14.733180628403712,11.535296753637285,1.0,6.842369688211152,2.304035736448015,8.272786561647614
TEST_01+3일,1.0,4.7010749629233715,3.6450748443603516,1.0,1.0,1.0,1.9037218003831509,1.0532206565141677,1.9293787605086148,1.0,1.0,1.0,1.0,1.0761239379644394,8.902416431948769,1.0,4.075803218515498,1.0,1.0,8.97447575753257,2.4137308530034276,1.0,1.0,1.3046933463019137,11.57888708365468,32.631834692824924,1.6256237441925534,19.023566182800792,2.4794310593109965,2.5727250207923626,1.0,4.707595467567444,4.05678927898407,1.0140310658632923,1.0,1.4763247966766357,15.440912961959839,1.0,1.0,29.626187046351294,7.919118854558322,1.0,1.0,1.0,1.0,1.0,1.0,3.3694726897528895,1.0,3.624628722667694,8.619658779067382,1.0,2.222576357424259,1.0,2.183765172958374,1.0,1.5891847876209686,1.0,1.0,1.0,2.678465089206113,2.454660639094741,5.4155845923984245,8.270543727323341,4.973366783253019,1.4744446804170686,1.0,1.0,1.3175490498542786,1.0,2.0965424180030823,1.0,1.0,1.0,1.6414126753807068,1.0,1.0,1.0,1.0,1.4550558179616928,1.1092674765737751,1.0,1.0,1.0,1.0,1.0,1.0,1.0,1.1213068664073944,2.4136383458971977,10.618700104405985,1.2346415221691132,1.2091675400733948,2.8959025140806576,1.0,1.0,1,1.0,15.193914406341975,4.5826122436271195,1.0,1.0,4.931368886394099,1.0,17.574511586724057,4.515373297657653,26.01257197591825,2.280794055134395,3.3450321163061076,1.652810126543045,1.1344571872385794,1.0,1.0,1.0,1.0,1.0,2.0513674221398412,1.0,1.0,1.04287196397042,1.0,23.13916678246095,1.0,1.0,1.0,1.0,1.0,1.0,1.0,1.0,1.0,1.0,46.3853982616556,2.0673110512158495,1.5271164198786615,1.0,1.0,1.0,1.0,1.0,1.0,1.0,1.0,1.0,3.617623882368207,1.0,18.82648933826154,25.937930373750547,4.157476767897606,1.0,1.6182197872549295,1.0,1.0,10.65044848763192,1.0,1.0,6.038549724034965,1.9637371860444544,1.0,1.0,2.271196025619568,1.0,2.546192170427518,1.0,4.013533417135477,1.0,1.0,6.965892910957336,1.0,1.1192305153130309,1.0,2.9345403270662107,1.0,1.0,3.7948937530035485,1.0,1.0,1.3002994577807065,1.0,1.0,6.451608089539631,1.6575561496775257,8.850480156837383,1.0,8.030480490286603,6.731858479845994,2.0204314589500427,29.564892246777106,19.79457948564518,1.0,17.311972011721643,5.154784725336219,11.422645308310747
TEST_01+4일,2.1211741864681244,10.716533517708715,3.7665843963623047,1.0742215067148209,1.0,1.0,5.126617991769723,1.0915430642664432,1.916069448891549,1.0,1.0,1.0,1.0,1.4505409821867943,6.972104709879876,1.0,10.641235281638815,1.0,1.0,12.318577818012798,5.73999146955496,1.0,1.0,3.0337845697891215,13.519095074907387,11.54906634153187,6.768891733831407,32.70319971407211,2.811216427174845,2.409491083605612,1.0,3.403104454278946,2.7136878669261932,1.0,1.0,1.6070504486560822,16.423775017261505,1.0,1.0,20.37324535333575,4.6024410098657835,1.08405239880085,1.0,1.0,1.0,1.0,1.0,3.1114152622114966,1.0,3.2699922919273376,7.770006072250876,1.0,2.044520065188408,1.0,1.0,1.0,1.477190908895076,1.0,1.0,1.0,2.8643164572303097,2.639700248317043,4.841829392179162,7.770907873261244,4.740347341480972,2.1289700048509013,1.0,1.0709631894912437,1.4199964702129364,1.0,2.676801458001137,1.0,1.0,1.0,1.1779684871435165,1.0,1.0,1.1293617635965347,1.0,2.261090651154518,1.1627627467002586,1.0,1.0,1.1164670631486862,1.0,1.0,1.7248741854538125,1.0,1.3886570930480957,2.963547244668007,5.268918914869961,1.0,1.0,2.993039342799743,1.0,1.0,1,1.0,13.641277002011185,2.699164861197776,1.0,1.0,2.954147090291351,1.0,14.903004554377755,6.679980185413986,21.87377365843307,2.071516535596012,2.9043050660345795,1.5235231816768646,1.1423709408555087,1.0,1.0,1.0,1.0,1.0,1.5867225628694057,1.0,1.0,1.0,1.0,35.18131605865545,1.0,1.0,1.0,1.0,1.0,1.0,1.0,1.001397141153049,1.0,1.0,22.160264619936864,1.5966503666994019,1.4344509730983432,1.0,1.0,1.0,1.0,1.0,1.0,1.0,1.0,1.0,3.1351419230923057,1.0,17.63281454832227,45.61968124050807,4.384211037307978,2.412090362921939,1.452089175581932,1.0,1.0,7.941270428935205,4.189331149556449,1.0,5.7732555558905005,2.0298410151153803,1.0,1.0,2.01294901677816,1.0,2.0248921465351466,1.0,3.540876906365156,4.189331149556449,3.3004600662147854,6.6348302364349365,1.0,1.0,1.0,3.0494793728906697,1.0,1.0,2.879996746666328,1.0,1.0,1.0,1.0,1.0,3.800729823848151,2.355589756714772,4.683690999078626,1.0,6.835775922458398,4.332867390653076,1.0,24.511163550890934,13.534185726275421,1.0,12.976012331095179,3.8219921221935724,9.646488371388495
TEST_01+5일,3.617391884326935,20.94018818850403,2.9997355937957764,1.0,1.0,1.0,17.695861759912653,1.2240828916430473,2.0340913438006076,1.0,1.0,1.0,1.0,2.6679231226444244,7.554777825579285,1.0,21.493810335588762,1.0,1.0076207456574435,32.79327985708048,14.361825982579353,1.0,1.0,1.0619495679329156,16.685445543051877,43.94580210998589,8.679615382642101,37.350303292678646,3.8354175031614006,2.8453932500841463,1.0807977700882707,3.858644127845764,3.170747682452202,1.0308289177009466,1.0,1.0,13.101010799407959,1.0,1.0,26.316906517021152,5.366185790843087,1.2066025286912918,1.0,1.0,1.0,1.0,1.0,3.0850775761134406,1.0,4.049019545316696,7.090767345566094,1.0652803365834198,2.4677116349339485,1.0,1.9944638013839722,1.0,1.5991293642317401,1.0,1.0,1.0,3.0811890152121713,2.570899983196464,4.9270882146859325,5.99725270425485,5.461547583339961,2.018679257138831,1.0,1.1757635123321417,1.5400053560733795,1.0,2.6836082339286804,1.1686844676733017,1.0,1.0,1.3415455669164658,1.0,1.0,1.5751292556524277,1.0,2.2651850283145905,1.2168483535204448,1.0,1.0,1.0219069442601052,1.0,1.0,1.1488241530329593,1.0,1.3179363310337067,2.4254306256771088,20.93282001708454,1.0012491792440414,1.0,2.9217846819070132,1.0,1.0,1,1.0,17.237419883563007,4.025583318768388,1.0,1.0,4.360222076479802,1.1132829167475213,16.81059326116079,9.206868761395759,19.991251975517915,2.2533192752365023,3.3594565821446114,1.0,1.072978617349025,1.0,1.0,1.0,1.0,1.0,1.6641896843099502,1.0,1.0,1.0,1.0,65.39812937254885,1.0,1.0,1.0,1.0,1.0,1.0,1.0,3.566737671416954,1.0,1.0,67.33569706638082,2.3777129074307375,1.3941018942096162,1.0,1.0,1.0,1.0,1.0,1.0,1.0,1.0,1.0147074701476162,4.31280220951885,1.0,29.17117700538274,84.39118973317096,5.49793385155499,1.0,2.064096584916115,1.0,1.0,8.016919874852917,1.0,1.0,7.299804951064289,2.4701251685619354,1.0,1.0,2.010795605788743,1.0,2.5708008112895593,1.0,4.885904707014561,1.0,1.0,7.0402610301971436,1.0,1.0,1.0,7.271031736282207,1.0,1.0,2.8895297171789243,1.0,1.0,1.0,1.0,1.0,3.5273461031250593,2.8490432780786215,4.712284471337129,1.0,6.6204117812703345,4.5035525363649445,2.7557863667607307,25.248211719113254,17.47066799447112,1.0,21.726355256085427,3.638056030575769,7.627044277642795
TEST_01+6일,9.682312607765198,13.618012668534691,6.118925094604492,2.2843800485134125,1.0,1.6163645801300899,6.915520074193443,2.3916166939807124,3.7473709364030436,1.0,1.4967960161746205,1.0,1.0,4.766933619976044,15.630288858189498,1.0879316517990627,12.073382116577095,1.0,1.5961362231963743,25.499804182933776,7.324740918148134,1.2420914909795233,1.0,3.164432016678245,15.82495263242861,33.25430642079216,17.78468280408797,46.88743655919328,5.416207626630165,3.526222808864993,1.7430737240488463,5.362584471702576,3.008730858564377,1.6424054117104918,1.0,2.1321332454681396,19.706767857074738,1.0,1.4768485712595978,30.35001388606599,7.262885765653541,1.4000992476940155,1.0,1.0,1.0,1.5781804919242859,1.0,4.251978204486279,1.0,4.9770467877388,8.004639791903507,1.443615982587386,3.2291209995746613,1.0,3.9720627665519714,1.4176128678924773,2.495264260324668,1.098471161321682,1.4168105941935347,1.0,7.357168277731323,4.3920920776277015,7.014656319729632,8.755944056153085,6.360179027363342,2.4186848636423393,1.0,1.8400995941064269,1.9693711400032043,1.0,3.2209163904190063,1.6362602412700653,1.0,1.0,1.8755456805229187,1.400708100238077,1.0,2.11375929415226,1.0,2.739938050508499,1.9238669590623796,1.3198647767285157,1.626648897455063,1.6724459251658645,1.3001546696747854,2.127806693315506,1.4689494783421382,1.3203077823084417,2.2405265271663666,3.6508152335882187,36.66835935133581,1.3281646370887756,2.256493419408798,6.6771711018413145,1.0,1.0940120889058806,1,1.0,39.40145675783579,5.080829375502912,1.523913156394301,1.371823248391892,5.572188013692632,1.2821564178436469,19.916092249773794,10.533684079633675,19.656180860791984,4.037024632512563,4.353929922039097,1.229863092303276,1.331249215950495,1.0,1.0,1.0,1.0,1.024225959739129,2.6840220962093904,1.5534150745772972,1.0,1.6288221106459875,1.0,31.808979503113072,1.0,1.0,1.0,1.0,1.0,1.0,1.0,3.999594242496963,1.0,1.0,104.56836732872833,3.2863855339013277,2.4897213834765104,1.3776756823062897,1.5399067103862762,1.4931074869813996,1.0,3.00914466381073,1.419910502948131,1.0,1.966157704591751,1.8198876503040906,6.783234855160117,1.0,58.90199721812283,88.07885073936967,7.7935435231775045,1.7842237002607981,4.527784287929535,1.0,1.0,12.758435277244446,3.800991304272798,1.0,11.708800822496414,4.367952577769756,1.0,1.0,3.5141978078235137,1.0,4.6851002848164836,1.747496485710144,7.488498918712139,3.800991304272798,1.7842237002607981,9.43839967250824,1.0,1.0,1.4199214607477189,6.08490279200117,1.0,1.0,3.94689019585853,1.0,1.0,1.5051626785066865,1.4106783767166815,1.0,5.155284584412708,4.395072618936787,7.707223362351805,3.308507166802883,8.672574232813526,7.03235680535383,3.7958338111639023,36.21315594208956,20.698310301988393,1.0,25.8480493114238,5.250818367589855,13.952530518307462
TEST_01+7일,12.383675575256348,13.876337886898089,11.35959243774414,5.486708283424377,1.0,2.751308712205695,1.0,3.9688464941024693,5.540832458956054,1.4343766403575957,2.4120399878968053,1.0,1.4057935157848904,6.346621513366699,18.269406144531967,1.8831073814115675,2.477913735053218,1.0776077955961227,2.565304283961627,3.7536148198880257,1.860490309074521,1.5178424071246726,1.0,1.0,2.9355239603458565,15.859796814506657,4.835140310630091,21.50353088095053,6.278292357944419,6.291225933031138,2.8067527037177213,7.228507161140442,2.235105335712433,2.124659243493315,1.3506605953774788,4.0774476528167725,39.466463685035706,1.0,2.4178863725115387,36.0319447096665,14.595500665265655,1.4346237480640411,1.0,2.0463846351422665,1.1277019088789904,2.783016562461853,1.0196277465682981,5.077576425589888,1.0,5.509670197963715,10.44629315625646,2.4927885644454344,4.796659052371979,1.464476910213119,2.5278427451848984,1.788305234739241,3.9920645260917897,1.9409506533832706,1.5338114791738033,1.3255706429481506,12.492037512346558,6.654863418056975,10.332844778908278,13.07221059819637,9.359631512467168,2.7597168739917937,1.30015263427679,2.3245562583933155,3.6785876750946045,1.0,3.056645393371582,2.764040768146515,1.3218229976801084,1.0,3.805221915245056,2.0810860611261077,1.0,2.51634880900383,1.0,3.012984275817871,2.490034476975082,2.2196140552838832,1.9555649339168792,2.4554009909173966,1.5502932785243362,3.421626091003418,2.730629912882021,2.161913555567388,3.1695574522018433,6.252137660980225,12.235019255954887,1.8512016534805298,6.7133355140686035,12.000537259223728,1.5688024777667557,1.6618647374351805,1,1.2747703940475397,14.480414932567557,11.102975522275495,2.377952486963464,1.8831205604596544,11.494317371703143,1.0,101.37593418053402,13.75225662490782,18.540086045137752,5.7904635249594625,5.966191137441027,2.192428559064865,3.2645635848138643,1.5983256697654724,1.2698687613010406,1.0,1.3862531748918698,1.3609655936090148,3.668889804992096,2.8304392420258293,1.0,2.5852829707640748,1.0,19.197559954464165,1.0,1.0,1.0,1.0,1.0,1.0,1.0,1.1311378947498583,1.0,1.0,7.5459408569135835,5.401681940706492,4.380535469287048,3.2621851563453674,2.740088850259781,1.5128832576960891,1.0,5.448019504547119,1.7323802231044143,1.0,3.4127160906791687,3.4152923465604683,9.101838190108538,1.0,34.11209382689454,48.329487393837994,9.419202696532011,5.517405090026725,6.4214096814394,1.0,1.0,19.905712412067743,5.4867508734210935,1.0,15.578630132600665,8.251841068267822,1.0,1.0,7.765896621720456,1.0,6.1326430898912045,2.7327500730752945,9.143342569470406,5.4867508734210935,5.548353919677604,9.846624732017517,1.0,4.151995877589425,1.8408932119607926,16.431451873815117,2.9169660791335676,2.854924081155976,7.743268848536046,4.6722494459833195,1.0263583077117802,2.2054159896141172,5.08527707931606,2.322570701758924,14.885145437671053,7.63356992781737,15.71098146897435,6.5214139968156815,15.931629602898646,15.2547387836868,8.187395483255386,65.35634832089788,35.30841967415646,1.4248313382267952,38.35062901711898,8.497899496308955,27.64149465298393
TEST_02+1일,5.537049174308777,1.0,10.73171329498291,7.389593720436096,1.0,1.6090476134262812,2.392853810182793,1.2433925379358477,4.846084885003481,1.1464780020347827,2.275627800982501,1.0,1.499654857651315,3.894459754228592,35.89197540823051,1.1794648672941292,1.0,1.0,1.3893750432909835,1.0,1.0,1.8382476267245116,1.5089526772499084,1.0,4.407320545880141,9.07241551368065,6.558384505769102,1.0,10.627904721718908,6.509939983503439,5.484994563753803,5.320152193307877,1.7558088898658752,2.215558597961699,1.0,4.4812095165252686,65.75265073776245,7.851533655672114,2.0853463250175426,37.566666278614804,24.47385332366415,1.7877522110939026,1.2519541263580323,1.0,1.0,2.9810377955436707,1.0,4.412126431753419,1.0,3.882197320461273,22.67190870254247,1.0,6.850661337375641,1.1186938595238336,1.8313058093190193,2.016471025054799,2.1790393602423705,1.3379666027655963,1.0,1.0,21.120154533377896,16.600683761799402,22.64908742391657,23.936719515834035,22.042105536747084,1.5575811325064903,1.0,1.5597600378423049,4.081209897994995,1.0,2.0918724685907364,1.0,1.3536681547997778,1.0,2.052772104740143,3.476266182763542,1.0,2.134600505232811,1.0,3.7408271431922913,3.042737532499525,1.1083360972645488,1.2665415477490964,1.0,1.5936836638690044,1.7154575139284134,1.9418497595513533,2.978376072868005,1.7284561693668365,5.495532527565956,8.416197024430003,2.055465579032898,4.231341779232025,3.9227440055858773,1.0,1.0,1,1.0,13.604600675455222,12.566424618702275,1.0,1.0,4.993523881371384,1.312350258398821,226.77880440668298,4.37797371803075,50.91636581763263,7.628536529085546,8.20754501782854,2.2545431554317474,3.2769403806980693,1.0,1.4811527729034424,1.0,1.0,1.1506632045985872,3.719440327701354,1.9151854704150297,2.0932111144065857,2.59708650748158,1.0,1.0,1.0,1.0,1.0,1.0,1.0,1.0,1.0,1.0,1.0,1.0,1.0,1.9308387850624904,1.2971343665535784,2.702764868736267,4.449796825647354,1.0,1.0,4.232125878334045,1.0,1.0,4.838490784168243,1.0,9.342849668115377,1.0,5.90541866551483,8.929361581253854,11.925800025463104,1.0,9.902962535619736,1.0,1.0,18.79926820516758,1.5565688536436963,1.1141367143040093,22.17282847687602,9.808472156524658,47.232505196803466,1.0,16.188606236083416,1.3101309537887573,6.905399262834983,4.232982382178307,10.015178978443146,1.0,1.0,12.520129680633545,2.480984500467166,6.072055223746965,2.119599628448486,18.183440854090797,6.3988128905344555,1.4839310340824323,17.656664179340165,3.7688889765275655,1.5911539966133854,4.806371008284163,6.922376347651518,1.5523448137291398,52.007262247167006,38.477072421322475,50.62641818227506,17.576901763677597,24.272420521131643,48.39477157934258,28.859079480171204,101.38826898838587,81.72038215383131,10.055780410766602,76.9603058666648,22.012436497283666,60.102234171435825
TEST_02+2일,4.733847379684448,22.749495452927356,2.443646192550659,2.1658845245838165,1.0,1.0,12.208814815233762,1.0,2.63201415348262,1.0,1.0124928389708392,1.0,1.0,1.9063425064086914,14.735739024874269,1.0,11.868616906925887,1.0,1.0,11.558886800019927,13.141036598544225,1.0,1.0,4.021999922690113,6.495739925652173,5.476603488988132,13.265228452422196,3.66560312076508,8.584819706258106,4.469400121271483,3.951483773098527,3.866200312972069,1.0248415544629097,1.3881667223812304,1.0,2.307664155960083,59.15131759643555,6.0232652100910755,1.3657909166185473,47.11610587353015,21.805041192937075,1.8773278594017029,1.1424168586730956,1.0,1.0,2.2078537940979004,1.0,3.3169105142981596,1.0,3.073545455932617,22.21338485118757,1.0,6.658611685037613,1.0,1.62774458527565,1.0123502631441292,1.1124693333951683,1.0,1.0,1.0,15.84093375486695,11.280187135701244,16.071664294927526,14.414908829837097,15.966290793570082,1.9013842686646683,1.0,1.0,1.0,1.0,1.4580121636390686,1.0,1.0,1.0,1.0,1.0681168355047703,1.0,2.191792130470276,1.0,1.227067656815052,1.4239498324334858,1.0,1.0,1.0,1.0,1.0,1.1731138462706863,1.014099664533582,1.0226110368967056,2.8448105230927467,19.445019954143095,1.8178802728652954,2.5058513879776,1.3234592035412787,1.0,1.0,1,1.0,14.41175580424282,9.179857580354456,1.0,1.0,9.131396183382316,1.0,229.5878935175944,48.39767553295937,34.7566452710804,4.511246751834386,5.3008182838581375,1.5736807882785797,2.3736046600071488,1.0,1.3686497509479523,1.0,1.0,1.0385459184646606,2.1399961829161445,1.0695387112153565,1.7125721275806427,1.4177116719127856,1.0,6.141415311865856,1.0,1.0,1.0,1.0,1.0,1.0,1.0,1.0,1.0,1.0,2.8896155097204543,1.302324187166415,1.0,1.8571050465106964,3.033755198121071,1.0,1.0,1.177750825881958,1.0,1.0,2.482362687587738,1.0,6.214749489910901,1.0,22.08201188190628,52.21066293904961,10.115683997049928,1.0,7.795564413070679,1.0952074382919819,1.0,11.512470537625205,1.8799499092790597,1.0,16.417283717542887,4.863926567137241,256.15015259773435,1.0,10.605736961429312,1.0,5.579089186105974,3.3429411947727203,8.013644143939018,1.0,1.3773690470091409,8.187142610549927,6.573936047385151,2.613957675562129,1.4894991546869278,9.503415508804714,2.6499551391916087,1.0,8.727063320573707,2.6691606741947593,1.3636973075568677,1.222195461946056,3.710221430381818,1.0,40.89703986931312,3.9400499271696696,46.541146873046294,7.862090989947319,7.1439073334934795,41.363098475177246,8.838970065116882,63.423022983552585,80.4880652723966,1.0,109.13425499442812,13.642948884168684,57.52535600580414
TEST_02+3일,4.309949576854706,23.954217271968282,3.3442866802215576,1.660369485616684,1.0,1.0,21.495059698899066,1.0266186477096497,2.2009977242151404,1.0,1.0492725935968892,1.0,1.0,1.0,21.5127367796461,1.0645741344045339,22.22990453431222,1.0,1.0,5.851971803361105,38.670587795238376,1.0,1.0,1.0,16.686095609369474,16.21798768630642,5.420775742134392,20.880045298030225,6.542485133268328,5.627879549322498,4.818651596322386,4.251803129911423,1.1837824434041977,1.5372899803365192,1.0,1.6476541757583618,46.9347665309906,5.84254041501052,1.4842891197095485,37.87963744038226,19.578750713944586,2.0003725588321686,1.1329870879650117,1.0,1.0,1.5211941301822662,1.0,3.486190739666813,1.0,2.5269519239664078,14.229673158093398,1.0,5.304919332265854,1.0,1.519564501941204,1.0362104691961294,1.2076150373497148,1.0,1.0,1.0,12.16777328571751,8.8877124356408,15.269191144024585,13.456015749942944,17.01968230064422,2.422842981133703,1.0,1.2805544015087527,1.5205274522304535,1.0,2.1058787405490875,1.0,1.016024600964391,1.0,2.556829124689102,1.5979547377701537,1.0,1.9453800469636917,1.0,2.3387081027030945,1.6371441516126117,1.0,1.0,1.0,1.0,1.2686801701784134,1.0,1.4058261370010308,2.2945281863212585,3.6069871559739113,11.119607744231313,1.3242951035499573,2.817666232585907,1.7324199112746719,1.0,1.0,1,1.0,15.487800220065704,9.453271121550355,1.0,1.0,7.961776245290473,1.042206647581898,81.18824560077132,54.96561503482302,18.970528463817512,5.042996255112226,5.004013296687076,1.086929365992546,2.89354057197019,1.0,1.0655472427606583,1.0,1.0,1.08622553185421,2.3799809020783718,1.1548521045723614,1.194719597697258,1.5073591357236678,1.0,36.30020042621134,1.0,1.0,1.0,1.0,1.0,1.0,1.0,1.0,1.0,1.0,43.54597950016929,1.183342588269437,1.0,1.7819374799728394,2.926633805036545,1.0,1.0,1.0,1.0,1.0,1.767459511756897,1.0,4.00034846086055,1.0,37.89648633069607,98.22104731180035,7.4996397122740746,1.0,5.528362713754177,1.0060047751292587,1.0,13.10578278928782,2.0802381689642893,1.0,13.579457927495241,3.084560804069042,268.5230046460206,1.0,6.639572990032486,1.0,4.229344597051366,2.468466095626354,5.861513502895832,1.0,1.8901816601847632,5.33690333366394,1.0,1.611266431288768,1.3008137822151185,12.255688176779955,4.041188560476608,1.0,7.808198070118341,1.2284777481028426,1.2042862972244621,1.1897769213731002,6.317470350400528,1.0,36.84193656621592,24.90129671198993,41.50041575000182,10.202101692557335,14.302257140385974,46.715939225112926,10.629957243800163,124.28648777641521,80.43093527512175,5.000591743737459,94.09597309541674,33.8694015822154,56.83300408804404
TEST_02+4일,4.659036695957184,25.41166156953287,3.7982335090637207,2.0475324988365173,1.0,1.0,28.81476009557727,1.0,2.0081485399066783,1.0,1.24042632827525,1.0,1.0,1.0,10.926092457621802,1.0451881316477194,23.17933162979106,1.0,1.0,18.326803654150766,25.81862614862941,1.0291375496674342,1.0,2.2347398204355637,27.66902425403193,18.42618158683004,7.1640883706048974,15.257550804277429,6.4986683951848345,3.6525163747299327,3.948941381551272,4.904724553227425,1.3218522816896439,1.4789390217310368,1.0,1.7339998483657837,41.93440306186676,4.435062217632957,1.2940179946416719,30.447388300837382,18.142776230330597,2.158700078725815,1.1421196341514588,1.0371523741259576,1.0,1.5633408725261688,1.0,2.911676470764916,1.0,2.140938490629196,11.54358629550787,1.0,6.094052374362946,1.0,1.3078447803854942,1.066679860427995,1.1268960307988967,1.0,1.0,1.0,10.746871040125065,7.612336886763643,16.702691765410364,14.110020784692644,12.660425226796114,2.8069668970199597,1.0,1.430122518836397,1.7422065138816833,1.0,2.603175714612007,1.0,1.1127606430266754,1.0,2.665598690509796,1.849708988486768,1.0,2.304251790046692,1.0,2.573275148868561,1.8647654139983667,1.0,1.0987623820399472,1.0,1.0,1.677694357931614,1.507500056541302,1.6476460969802922,1.9256514310836792,4.442745566368103,8.138237087122247,1.0,1.5760743618011475,1.9617319032549858,1.0,1.0,1,1.0,18.131343923560316,7.651311776025299,1.0,1.0,7.510785241385283,1.0,35.91481904228887,61.96493791917935,16.74669140568107,3.3217978620154205,2.754999207041253,1.0,1.8248562383266358,1.0,1.0684222728013992,1.0,1.0,1.0,1.9231489758073486,1.0838157427304127,1.0,1.5520338286770161,1.0,4.977151810160641,1.0,1.0,1.0,1.0,1.0,1.0,1.0,1.0863294169306754,1.0,1.0,11.941559134627605,1.3756555508961092,1.1222949499340455,1.4942312240600586,2.8184732794761658,1.0,1.0,1.199580579996109,1.0,1.0,1.8373799324035645,1.0,3.4669629894196987,1.0,32.03600375237278,102.55676819342915,6.953463986515999,1.0,3.821772426366806,1.0,1.0,11.73030407890064,6.469583504288129,1.0,13.810748100280762,3.0268370769917965,226.42931719913616,1.0,4.959190205322857,1.0,3.7136982046776126,2.248104840517044,5.199139252305031,1.0,5.908230041983698,6.44842803478241,1.0,2.083130186622673,1.1349838852882386,6.648792316505999,3.9105108641890314,1.0,4.421649677092445,1.0,1.5451941711228767,1.0,3.1893821626663112,1.0,21.59436156884716,15.511752318796695,23.14427752407238,9.25857812166214,10.534261330467459,23.01732735080936,10.38568377494812,126.89808093944319,56.75699798471199,9.05967690050602,82.66680106864077,25.05386768361995,44.29722519506913
TEST_02+5일,5.435348153114319,92.51579936996633,2.0265920162200928,1.5809202194213867,1.0,1.1590438452266234,52.61692499286471,1.0,2.5187955182256436,1.0,1.3804013978331673,1.0,1.0089710478475378,1.4250322803854942,17.820182865516365,1.1908796885686994,87.47579334812042,1.0187888145446777,1.0,68.7065577569991,46.43653769664388,1.312661975958314,1.0,1.0,17.79610150358204,15.5704373194083,11.577408089967275,48.742536985594896,9.576856813061706,5.703743652543182,3.8584967861992654,6.337539955973625,1.9001685082912445,1.823218953348503,1.0,1.0,39.98353409767151,4.179574667438113,1.7307984580371762,27.00562629403196,23.03940293747256,2.238374650478363,1.2946902990341187,1.6283311792578918,1.0,1.8708562850952148,1.0,3.3405483409855052,1.0,2.6437533795833588,11.022286676744883,1.0,6.563784688711166,1.0,1.9855338335037231,1.3840201389093263,1.9193826456312129,1.0,1.0,1.0,11.111154511245552,9.586241018879115,11.317191124977043,12.51955967378907,10.932737323917943,3.863943245133627,1.0,1.6659104940872975,1.9441349804401398,1.0,2.547905445098877,1.0,1.242348224615615,1.0,2.6909471452236176,2.333555625766361,1.0,2.5584907829761505,1.0,3.2928889393806458,2.4241190868278997,1.181834833828231,1.2690749125207654,1.0832544743798207,1.2294453751397858,2.16301828622818,2.2434807594597705,2.07999877190017,1.813967376947403,4.418842524290085,25.21982154559076,1.0,2.568517029285431,2.150453504555485,1.0,1.1178169978467383,1,1.0,17.656660560911256,11.925344754622827,1.0,1.0,8.241597067717436,1.0495658844399625,25.020371317671636,48.36893395432365,16.1776419581618,3.6159719506719825,2.322628889304024,1.0,1.9463811441374477,1.0,1.1936469376087189,1.0,1.0,1.0370003536185384,2.2074695535462716,1.504476656293018,1.3168252632021904,1.8236537096274947,1.0,105.40158888389608,1.0,1.0,1.0,1.0,1.0278014300231728,1.0,1.0278014300231728,2.4948812514262335,1.0,1.0,59.95793190470553,1.5407931795831329,1.0308254593749946,1.3795538246631622,2.724478393793106,1.0,1.0,1.3480933010578156,1.0,1.0,2.479211688041687,1.0,4.713786653243005,1.0,14.91498203571672,70.9505081763461,8.926535058766603,1.0,5.328678846359253,1.0809142796322704,1.0,15.372763245271774,1.0675998955965043,1.0,15.606683887541294,3.2518897652626038,37.97601673532246,1.0,6.680013586828645,1.0,4.442478888608341,3.0597021356225014,6.696907624602318,1.0,1.0,8.264510035514832,2.488075476292959,1.4662067217246215,1.318801510334015,3.5065582330432212,2.661410568485667,1.0,5.7196534363765075,1.0,1.0253958563786,1.6614627930812234,5.007748102591384,1.0,20.884798656075784,30.05987545720318,31.19289064698661,16.65021888911724,16.02165997348904,23.640171179106858,12.93765239417553,199.92316716127374,44.26467243679471,10.574975050985813,38.897336248109525,9.794000356132562,34.43914642361177
TEST_02+6일,5.9232401847839355,66.4321820324129,4.98572301864624,1.0,1.0,1.8559744266081653,33.37055753025116,2.051591970919344,3.996444543813878,1.5063124177420264,2.3725989932593814,1.0,1.8023778956466359,2.5183164328336716,31.74836620960972,1.8393052247304271,51.48091063874221,1.7353743314743042,1.7101826919176821,51.39320238674355,29.97948718838454,1.8770778934864032,1.0,2.9749135186042364,20.527703635585326,22.49138835869044,19.73823925935656,57.80592552858312,10.974774863658528,5.718302238629642,5.487874187201775,9.038044720888138,4.953208565711975,2.6267812216622315,1.0773818669470383,1.9680652022361755,46.16240310668945,6.636738968780345,2.5898379897771138,32.96306850560643,21.86263705599495,2.246745526790619,1.36053409576416,2.010057791884614,1.3100186374690401,2.620801329612732,1.1629171486774825,4.341224542875038,1.0,3.314322829246521,16.088412036370762,1.1792712281834408,6.8513666689395905,1.3515828663617035,3.4903036057949066,1.994483050658458,2.817939552118415,1.5768338271998212,1.2058467935215755,1.0,14.532737536651124,14.644092990651355,16.695171141648714,13.816526420816396,10.202454919195624,3.5806102186031867,1.2013922806016837,2.2572278428182533,2.442599833011627,1.0092101595574536,2.7651692926883698,1.6344853937625885,1.56798191920835,1.0,3.7997075617313385,3.176110452056755,1.3720094828218312,2.79684841632843,1.334799362154973,4.513809621334076,3.2277689256246997,1.5083374583184646,1.8009094480932752,1.761303729853379,2.0414493872320367,2.6773886382579803,1.8376763370775258,2.77187098542605,3.3300602436065674,5.105346068739891,33.091603365942724,1.343567967414856,4.374493360519409,5.2337796793232165,1.3117825129107397,1.5733127840318781,1,1.1807483757767856,18.167988507180482,11.209573813926323,1.243224775405083,1.0,9.173925675026878,1.1370963024959966,33.933217400004466,62.66029979112715,16.931230491561216,5.956642064791671,7.254990359835,1.0,3.628378095396299,1.2817829847335815,1.9098879396915436,1.2153867598453902,1.4987834238227873,1.1411103668395814,3.701784396245115,2.065642259532736,1.0,2.73619949337853,1.3305045864754834,40.786396393330214,1.0103143952065625,1.011449944071765,1.0001358292275586,1.0000068447762647,1.0055477521592298,1.0001358292275586,1.0055477521592298,2.2119768782575404,1.0439863916317367,1.0,81.56370807900001,2.5207139701470718,2.3551134087357894,3.780716359615326,3.3958489447832108,3.5276930180752175,2.0797568559646606,6.981405019760132,1.3005540845358496,1.2373810689103242,4.981699287891388,2.109492986604085,7.731422733515501,1.0,74.28919077943524,197.2698289480204,11.491136241704226,1.0,8.436530113220215,1.1695160867646337,1.0,16.633055399150507,4.65737616321326,2.880258467684242,19.604613875970244,5.233345225453377,29.856213214533454,1.0,10.342140892566366,1.0028252005577087,6.492053684135911,4.297635868191719,9.714498534798622,1.0,3.646412306834689,12.507777214050293,2.414146914960524,4.454912402109596,1.7725168347358704,4.670383645114967,4.771481598624609,1.4892426429872487,8.552622619201454,1.989768785334037,3.2061542099381115,2.3936686069611612,7.3495798931423515,1.6624308635403846,37.01609117082913,51.05047686295576,38.56810879619404,21.765536069869995,18.280436092302345,36.15537667405796,22.694793790578842,162.667405089963,77.61873684383262,18.892087042331696,85.9250060452243,26.50112123000872,59.43334868575433
TEST_02+7일,6.473540663719177,18.63888717590604,12.184008598327637,5.704272389411926,1.4338220655918121,2.194090156899713,15.928386032669241,2.2708429226183857,5.62384764269049,2.227559895789386,3.0462345074458415,1.0,2.0261476943442407,3.9001142978668213,39.11602432047387,2.198732901157074,20.252271660041952,1.81685209274292,2.3583065951040023,14.47626224000795,11.265566455636215,2.2454390680494267,1.343882977962494,1.0,6.410255835384931,6.676919411513495,9.169067100756674,25.76058554552457,13.100539437686233,7.803943949676089,5.565503555240941,9.786696463823318,6.4210376143455505,3.11013421410074,1.2962169986406744,4.2634013295173645,53.06703567504883,7.06989788366257,3.1691516339158037,44.857418619296475,38.85710930797048,2.23942294716835,1.3675519704818724,1.7994440487253505,1.5914973160845087,3.3834296464920044,1.1693172156638343,4.711284194215933,1.0,3.743232399225235,20.64868404755684,1.373825836615671,7.817337095737457,1.4994381628403577,4.382546693086624,2.6023472807299286,3.9174237650086234,1.8404579015981604,1.47449563785087,1.2615302205085754,20.05097886498074,20.299852912392314,19.376924699102968,25.796188015868807,11.546981790094955,3.082485172424399,1.5739793248945735,2.134339342348174,4.082295298576355,1.0981006688188082,2.672632187604904,1.6406167149543762,1.9963505702602151,1.0,4.576216459274292,4.066850369841321,1.4665332075481547,2.314165234565735,1.209687128196733,5.17716920375824,3.8609794320460304,1.8474895476264837,1.9886868218036202,1.8432473476369085,3.0717552613152703,3.236914426088333,3.274767373517137,2.9301547611889402,3.4298399090766907,6.436417177319527,36.25903150882604,1.8681125342845917,6.71532928943634,8.654247480222182,1.4967676882315768,1.8009780116850398,1,1.7589917281874725,12.536929839299628,14.920126926745175,1.98040182963309,1.1418060458790016,11.98899326188204,1.029233220473014,157.88326206387933,9.649498043616166,27.797139368781703,8.659043685354407,11.156842344678154,1.6020257771015167,4.817816638045999,2.625483274459839,1.8780319392681122,1.3086836039847571,2.044722918302536,1.4924408216938168,4.4031591749835925,2.50785749672207,1.462390199303627,3.3085034600105407,1.5736901825974947,29.043236892524305,1.0,1.067185787391153,1.0,1.0,1.0,1.0,1.0,1.153301328138889,1.0,1.0,26.19165403730318,2.707369423016332,3.0718027545675346,5.693766474723816,5.233858376741409,1.3198607807663394,3.3192840218544006,11.232079267501831,1.5587039546741992,1.0800408887768584,6.6292959451675415,1.3283546810654117,10.431823067367077,1.0,40.128365428034414,58.33604719526214,12.988068979233503,1.0,11.482150867581367,1.404179977439344,1.0,28.9548520189392,7.441353781712824,5.035874296628308,23.65553480014205,9.711609542369843,1.0,1.0403967380523682,15.948496471431454,1.5806256234645844,7.908624580608079,5.156676068902016,11.463673412799835,1.0,7.147080269341851,15.89414358139038,11.481542279833068,7.06684998762063,2.1859543055295942,14.07422696492603,6.745777255621853,3.994474275914407,11.401209249957825,7.76952590763548,4.371743310288114,3.605270165380478,12.408781203076614,3.9265692278994067,62.30332054125817,55.165422565677616,57.20876560878401,26.55964508652687,30.28252641501657,41.902483967871845,36.29648059606552,253.3496662037727,96.93038610255869,26.366539299488068,83.27280555291767,23.76836271455978,71.79305376741989
TEST_03+1일,7.882215976715088,2.5887486611916684,9.661558151245117,4.175729155540466,1.0,2.011737049752154,12.20502144563005,2.2798125493594568,6.177045902623075,1.0,1.3994603131943049,1.0,1.2103437248284856,3.929724544286728,27.171938839151544,1.0872549231594681,10.187739102964553,1.1314398795366287,1.1767144568849182,8.521697721732561,12.405452411010844,2.033057130660203,1.0,1.0,2.5394285116857267,15.137206795196295,15.998168685698356,40.12572310333526,15.311218472468727,6.989823819034968,9.698510181576976,7.962430357933044,1.7648900672793388,1.473378028742863,1.0,4.471893012523651,66.84455609321594,10.726709953315614,1.5412016504541597,29.77335308516745,24.653852167681805,1.6731911897659302,1.2634458184242248,1.0,1.194077792052084,2.243369072675705,1.0,3.744615377325357,1.0,2.1568072140216827,16.94568771119073,1.5554733254468316,9.439839601516724,1.2895370523790253,3.787740021944046,2.0303807696799803,2.104370077188863,1.0,1.0,1.0,13.423219932413945,19.82596207329566,28.379294972970044,14.269451014399442,14.7089454902084,2.028483043506182,1.0,1.5775224696716472,5.678653120994568,1.0,2.571801468729973,1.0,2.0266493454184653,1.0,3.1638807356357574,1.8213249128687903,1.0,2.034084275364876,1.1501815575591867,4.10665488243103,4.278362808985526,1.6303529658317741,1.8413571119812122,1.9997355812206097,1.553043282138854,1.7567751556634903,2.990442623352677,2.556061037349206,2.9031094908714294,6.6855504512786865,4.1058787842083735,2.0828095078468323,4.446670413017273,8.932863747275464,1.0,1.2357154845508214,1,1.0951301476494708,35.05672688075554,8.197632262680909,2.5323013213620693,1.4792204422262512,4.366541790660605,1.0,211.52701306378307,8.234950712761194,49.206015767320416,4.759011848799349,2.3349440191708144,1.4023855328559875,3.1922433527957006,1.0,1.6634687781333923,1.0,1.4388291358505771,1.116466618724512,2.105309292048173,1.5945620000819152,2.2395124286413193,2.1661947538061144,1.0,1.0,1.0,1.0,1.0,1.0,1.0,1.0,1.0,1.3046613899294046,1.0,1.0,35.34726233358822,1.2589976588572458,1.4495245967652943,1.0,1.0,1.0,1.0,1.7259034514427185,1.0,1.0,1.0,1.0,9.617746772244573,1.0,10.50243243440665,1.0,14.42145985364914,1.0,11.191264182329178,1.12374505745247,1.0,31.81419287804532,1.6669151876663626,1.7041885373571766,33.764615550637245,9.312095433473587,3.9743098043686094,1.0,15.807250285968586,1.417163461446762,8.104673569103618,4.5210733860731125,10.554945945739746,1.452912030795759,1.5461393261321363,12.46645212173462,20.895368794969638,15.267506835644458,2.1861891031265257,24.07667265710725,3.7024050015252614,15.380678313448563,34.03723028782953,31.24489140287521,10.327455426987369,6.647651096024333,6.999293813810384,7.8191006029071435,157.11345996740215,65.07953902052817,141.51635501101447,44.17442321777344,96.81300941600881,147.68720452257668,64.86531972885132,571.3686705156144,111.60347221451583,60.83695963025093,132.82677374042922,34.16867411065304,129.92145852447317
TEST_03+2일,5.514276623725891,18.002885140369226,3.750821113586426,1.0,1.0,1.0,20.605873818002962,1.3215494316632181,2.3605325698282624,1.0,1.0,1.0,1.0,1.66299719363451,10.527765199239536,1.0,27.207447648033764,1.0,1.0,26.088821043739337,17.770956183306808,1.0,1.0,1.2546556092177592,11.850259684342479,32.74108877559433,12.252379283615847,13.52681452626048,14.097997574639168,5.555886320640341,7.529741869024671,5.65599225461483,1.0,1.0,1.0,2.322542667388916,60.22974967956543,9.059073286865424,1.0551261422103768,27.623446275236052,14.708068956118971,1.650899350643158,1.1525063633918762,1.2230457108897177,1.0,1.515459269285202,1.0,2.743579566468613,1.0,1.7002762109041214,13.451697988747163,1.0,9.737455934286118,1.0,3.326091393828392,1.2503523296872006,1.4851847348846605,1.0,1.0,1.0,8.293004870029499,14.45604512897718,20.74421250501557,14.652355290877784,16.55788543681885,1.5600740280023218,1.0,1.0,1.0386248677968979,1.0,1.6877292841672897,1.0,1.0,1.0,1.3695114627480507,1.0263632230460644,1.0,1.9925663620233536,1.0,1.408584251999855,1.7274601264854736,1.0,1.170381530501271,1.0,1.4433164758738577,1.0,2.790460099025709,1.6436763921759314,1.8568004667758942,1.0508154593408108,117.66291048588022,1.7813333868980408,2.318382114171982,5.438992139745212,1.0,1.0,1,1.0,28.78849560587379,4.382258796367822,1.3421543970565901,1.0228561818247346,12.498826018307234,1.0,22.35655873998527,106.18163375575782,29.07978415521364,3.5968292956783303,1.3265458800048422,1.0,2.2484497295942156,1.0,1.5391750633716583,1.0,1.0,1.14532710313797,1.564498477521872,1.1450060818656473,1.8532264977693558,1.1461603571886028,1.0,39.15583976797379,1.0,1.0,1.0,1.0,1.0,1.0,1.0,4.259674302769633,1.0,1.0,11.737300696172262,1.0,1.0,1.0,1.0,1.0,1.0,1.0,1.0,1.0,1.0,1.0,6.603544399142265,1.0,54.42783597193012,110.43597056518001,12.4794180393219,1.0,8.850288659334183,1.3977804027497769,1.0,21.92331720893693,1.0,1.039380490345056,24.391428604722023,4.547395963221788,12.780416857796608,1.0,10.544442062883787,1.0,5.976938433048082,3.598305881023407,8.437628239393234,1.0,1.0,11.60422682762146,5.486418123148985,3.9757080868148194,1.5495441287755967,4.994766299104183,5.564876643116163,6.453621942821586,12.99575661676641,6.057011171641278,4.788902223112927,1.726808481260943,1.964156811206677,3.1408143691598602,102.59401089944424,39.289345621015876,96.05498517406168,35.95269799232483,95.81219101154147,84.75262117352014,54.13154423236847,579.4382120422243,86.7131682398745,59.110306203365326,91.69363813947953,18.739152400098796,86.4022816306016
TEST_03+3일,2.9688864946365356,51.61846186729974,3.7707605361938477,1.0,1.0,1.1067642469400965,7.992807736481944,1.2851609919227263,2.192062639643796,1.0,1.0,1.0,1.0,1.0,8.562319874917751,1.0,31.33582238190686,1.0,1.0,41.53169245277397,6.601013225210561,1.0,1.0,2.073950047115661,18.561332051815484,10.20467826025233,11.265384204158327,50.651391294922426,11.60115088281114,5.117471108562482,7.4712087960353735,5.033713191747665,1.0,1.1537050095290553,1.0,1.6451698541641235,50.52826976776123,8.164018416799145,1.284294097714666,24.340354012375624,9.28651403129053,1.5856796503067017,1.1474660098552705,1.0,1.0,1.0503807663917542,1.0,2.724343774229708,1.0,1.1820827797055244,12.88297926396736,1.0,8.067069709300995,1.0,3.3099212497472763,1.1398322365838118,1.5114417892138579,1.0,1.0,1.0,6.620739261007755,8.86746230369425,16.14012706548626,12.094443665612507,14.278856200769226,1.9234990520171766,1.0,1.164002702322227,2.8375381231307983,1.0,2.7441993355751038,1.0,1.147565735836488,1.0,4.468447417020798,1.1964272592658602,1.0,1.9385404139757156,1.051514741547427,2.349983662366867,2.844936084081723,1.1917401335793563,1.3827990019314986,1.3994236212412932,1.6284280913007079,1.0308469086885452,2.1658569751865913,2.5558209468027315,3.1259095668792725,5.384543314576149,101.82339448360452,1.3218851387500763,2.703768312931061,4.732938742970781,1.0,1.0,1,1.0,22.16856854131333,3.204490907399578,1.185889748692984,1.03231711339647,5.462779812553711,1.0,2.075377181667389,118.3881210898276,12.585477892387111,2.857922679855469,1.2288406550857762,1.0,2.5474105554339275,1.0,1.190473884344101,1.0,1.0,1.1468766450881958,1.4154255918644187,1.2639086802458386,1.1937491968274117,1.2155934840561116,1.0,38.27277207089481,1.0,1.0,1.0,1.0,1.0,1.0,1.0,4.775693909167103,1.0,1.0,39.48333009411267,1.0,1.0,1.0,1.0,1.0,1.0,1.0,1.0,1.0,1.0,1.0,4.188786430750042,1.0,120.99859523763678,169.19603564244235,9.573571674525738,1.0,6.27946487814188,1.365030382014811,1.0,19.811541707535238,1.0,1.0,18.080248223617673,2.8627348616719246,16.451017647575178,1.0,6.568288024474799,1.0,4.4144294331941,2.7249433547258377,6.3058070987463,1.0,1.0,10.145339965820312,6.906619314458779,3.993953653985373,1.3692851319909096,5.779497299079093,1.0,6.8996659693393925,13.198699210358406,9.961413985227292,3.981742303678065,1.0,1.2073368452629185,2.1447261219913893,143.1873568995935,50.113192611714055,128.10527962561892,35.954932272434235,100.81053694137015,109.99507963254663,59.58806931972504,626.5716475713201,99.1525373147585,64.43102657794952,115.0561760239074,21.184549870494095,87.80371551814
TEST_03+4일,2.0308999717235565,76.57497947339502,4.262777328491211,1.3181404769420624,1.0,1.035554063713564,17.747184568317046,1.5042732143767479,2.647028430243016,1.0,1.0,1.0,1.0,1.193077526986599,9.531027626479172,1.0,100.40567421257292,1.0,1.0,89.84709593790237,18.651603017406213,1.0082084745168687,1.0,3.711259888098945,19.448894559906176,32.92463682381296,14.429511391785349,40.689843036255155,10.989885381807657,5.398008475837961,7.66282048762793,5.201980233192444,1.001104786992073,1.0,1.0,1.7059051990509033,46.23008751869202,8.77639075146553,1.446625844615037,20.5982158396063,18.429199751569293,1.6444770991802216,1.1601025581359863,1.045652330436166,1.0,1.2076160311698914,1.0,2.477305521628413,1.0,1.045500986278057,9.731129272345768,1.0,8.564074158668518,1.0,2.946924716234207,1.0616822502508343,1.3477208767153936,1.0,1.0,1.0,6.349198236732803,7.217094799995488,16.619733666938615,12.057163774066858,15.426852111297315,2.3937771360537927,1.0,1.3028462127918266,3.288138508796692,1.0,3.160313665866852,1.0,1.0572668854573821,1.0,4.098420560359955,1.3399317894339697,1.0,2.3898913711309433,1.0041303318001082,2.431614026427269,2.2181240452997977,1.2471626660719097,1.4155964019281364,1.1632845357565778,1.9298644591818266,1.4072602987289429,2.2523615278065945,2.3913747821765314,2.4346908926963806,7.872640669345856,72.62386163318442,1.0,1.7793771624565125,4.885908662922656,1.0,1.0,1,1.0,23.609152568410295,2.8132095735439027,1.128802216256967,1.0,4.686673083466029,1.0,10.177130295199024,102.63112837211236,12.76838382897238,2.557806642005344,1.6859807470627393,1.0,1.6294698099988443,1.0,1.0,1.0,1.0,1.0,1.4289759944483902,1.1720192099000253,1.0,1.1118714112247656,1.0,36.71855857198724,1.0,1.0,1.0,1.0,1.0,1.0,1.0,5.838484390603995,1.0,1.0,31.58349494020698,1.0,1.0,1.0,1.0,1.0,1.0,1.0,1.0,1.0,1.0,1.0,3.693633512593806,1.0,93.54938112233603,159.4072928596364,8.848939724266529,1.0,4.282784186303616,1.378334182035178,1.0,17.437094311663117,1.6381782768573643,1.0,17.914474923163652,2.889805793762207,37.91081195635167,1.0,4.9009403634208475,1.0,3.8676477080829077,2.49532513320446,5.776033893227577,2.092760026296604,2.8303907131386348,9.587244391441345,6.49147032080236,5.263629563271196,1.1942809700965882,6.463983663458861,1.0,5.043861898120289,9.55897866598145,7.079611475789005,2.842228854399405,1.176173602352896,1.9724595839903722,1.435701888098382,143.3805445240921,45.89856613421053,122.25637233087653,39.34549540281296,92.55579244583481,108.27351605379899,57.75552451610565,648.449731744489,97.60450314574496,68.35388392210007,105.91230598583493,24.045047696535285,87.33036562558529
TEST_03+5일,2.669718563556671,68.6863326922309,2.852956771850586,1.0,1.0,1.1192995074844228,32.05591844383854,2.195268994629874,3.410430903787974,1.0,1.0,1.0,1.0,1.6274946928024292,17.25790520117651,1.0,64.98834897286049,1.0,1.0,64.3480320604015,32.432937522739316,1.1667633271491717,1.0,5.668568707968212,35.93560276431988,64.80264651419014,11.251112766563413,41.152701725964455,10.4240705938952,7.213665894260619,7.635673259348332,5.645733207464218,1.303255409002304,1.0801000118748354,1.0,1.0,44.67581367492676,8.813456493297279,1.5816131477453603,25.25785318295786,23.64208413849449,1.7521867156028748,1.3174674034118652,2.577527930653865,1.0,1.594417244195938,1.0,3.022903746307218,1.0,1.4114946871995926,11.168990776059243,1.0,8.398422688245773,1.0,2.346728593111038,1.2558937608551135,1.460153416971911,1.0,1.0,1.0,7.070381424889241,6.104544549324663,18.060446641748477,10.427404965863895,12.447080649082828,2.4170375690279386,1.0,1.3608466924519997,3.1444376707077026,1.0,3.0190497636795044,1.0,1.2157041106541067,1.0,4.306114763021469,1.4394303793239271,1.0,2.7743004262447357,1.4190431029973394,3.370329201221466,2.9455498376063205,1.3855776938954363,2.053311846634916,1.2368138161426332,2.595610702385026,1.871240995824337,2.14014741503256,2.6986283740802475,2.172504812479019,7.358751624822617,99.6790661244604,1.0728155076503754,2.0916491746902466,5.356272490908514,1.0,1.0,1,1.0,20.242228065665465,5.514268730596403,1.1843736186916451,1.0329719006541267,5.260243997790921,1.0467937610173317,21.852143959195757,111.49198910997934,16.39729733332943,3.4749623323288206,2.5609283409853023,1.0067074000835419,1.5946051794630496,1.0,1.1249970644712448,1.0,1.0,1.0,1.7940775768018673,1.3838240370144543,1.3203180581331253,1.2447139560531726,1.0,88.76036344368231,1.0,1.0,1.0,1.0,1.0,1.0,1.0,6.295673964305831,1.0,1.0,43.57716330137371,1.5205774432092136,1.0384353724487174,1.0,1.0,1.0,1.0,1.0,1.0620954995506506,1.0,1.0,1.0,4.885471507906914,1.0,90.42864634624189,120.17873941004623,10.927744004875422,1.0,5.740961194038391,1.5587808901444078,1.0,19.151736002864244,1.1185872733592988,1.0,19.959210585802794,3.121710404753685,8.887807754217606,1.0,6.377603548458295,1.0,4.762298409836509,3.3297141194343567,7.380375102162361,1.0,1.0,9.548478722572327,5.501631856258291,7.054799480667443,1.3706803053617478,7.811854716545578,1.0,5.064459254423353,13.294880791435542,5.537531508846576,2.910843244066907,1.6143474015671586,3.7394330717189845,1.5198415514519605,138.98526500889744,54.071609423314,139.54771818254798,39.39438357949257,109.90220184620162,117.18800760142051,61.430737376213074,623.7172401493266,114.2942990011031,76.10997557640076,157.00617486538505,24.36147729943177,109.81098027205792
TEST_03+6일,3.448691964149475,40.521812688440534,4.8844709396362305,2.6720011234283447,1.0,1.8770116405915456,20.78072303050958,3.487690949419172,5.108874027121098,1.0451729110381738,1.8219855221805508,1.0,1.2137486821055359,2.835259661078453,24.551897852386706,1.7638657762941672,44.20138394570439,1.0,1.265966106021399,45.87041769422347,17.34173096269691,1.6190964774263665,1.0,7.3717051392674815,31.831207811201935,34.740815902319866,33.774906009992584,74.96344230562588,11.102634369955497,6.665135412295296,8.136496070257502,7.498045831918716,2.022104188799858,1.8626486247478469,1.0,1.8616828322410583,50.48071026802063,9.888356308266667,2.147003196340926,35.14111361755772,20.803367797506432,1.8198540806770325,1.375919246673584,1.7394297965809224,1.2421725570399968,2.349921315908432,1.078628971548607,3.9258461729140097,1.0,1.8205004930496216,11.609475065351587,1.6024374301471962,8.027340829372406,1.4851465969984192,3.0167964845895767,2.102941060871114,2.6349574648794247,1.1035175313531425,1.2049657731383678,1.0,10.688960914819457,7.766851609179833,18.774456667117533,13.298903755950061,11.14620648953862,2.5725075092880596,1.0,1.9553329078837702,3.3065369725227356,1.1879286908822557,3.4460654854774475,1.7767020165920258,1.8842529084595787,1.0,6.5603654980659485,2.082022080435701,1.0896411156895405,2.995400056242943,2.036836538272744,4.597997844219208,3.884000002231642,2.039245410572709,2.941883622392642,2.2396606080321857,3.290029595829173,2.355823963880539,2.481106307604289,3.6597044896823783,4.002358317375183,6.6858473271131516,93.23691909867225,1.4762011170387268,3.357294201850891,9.63805031848574,1.0,1.188496350246575,1,1.548414760355021,35.12068627882874,6.011615411964524,2.2885263136640797,1.7333431442531095,5.601211103376948,1.0937647664021324,17.97000517323587,92.23238607987477,19.31452171038764,4.61843548738395,3.4623668539631214,1.810443252325058,3.3287993369025304,1.2912309169769287,1.700364500284195,1.1480808802900921,1.614499860528971,1.2632469718870445,3.3856765027924625,2.1926297384611977,1.0,2.19249131760024,1.0,46.62961404544532,1.0,1.0,1.0,1.0,1.0,1.0255569615224753,1.0061725560778312,2.714536909056111,1.2094612264352342,1.0402689971784507,74.9337534411209,2.9305469004219415,2.4407718400487637,5.190593004226685,1.9909543544054031,1.30771337170587,1.9521698355674744,7.306627631187439,1.752571919603811,1.397596873076746,4.875732064247131,1.6138241122556196,8.016921754926443,1.0,138.69836244540434,132.04052677569138,13.837614100426435,1.0,8.87473426759243,1.7321792488917709,1.0,22.23627194642509,1.2108904488384724,1.0,23.816958965733647,5.143756486475468,8.600663590472061,1.0,9.798381237781056,1.151849776506424,6.537995375317862,4.72118267416954,10.530194163322449,1.1818155136214894,3.1985826884800472,10.298805236816406,5.069616470490741,7.568475464529925,1.8569555163383484,9.225292915506877,1.3018848994549037,6.2933765776163355,25.606203937789893,9.966011461461612,3.75667673930333,3.3154465656448577,3.3759957375533265,2.4221185113341885,133.49722472115735,48.999176187451546,124.63940911696557,41.383480578660965,99.48480940657981,121.2231264745466,61.104721426963806,621.7712627150015,103.97409711565413,71.64720445871353,123.55045667688368,27.240558573647615,111.29763002309728
TEST_03+7일,5.37710964679718,8.612239228735426,10.084877014160156,8.32008957862854,1.0498407483100891,2.678068834968966,18.108554221936135,2.8697469700902323,8.777958508312622,1.1469855765347161,2.2538010769855714,1.0,1.5483860476263973,4.354032129049301,31.538237164530557,2.1629154396785184,24.282199807009782,1.2139444053173065,1.5810590768878083,17.857568728058503,11.387760677602033,2.2566117454519006,1.0,1.0,15.160948434131605,7.207205189246483,32.737146172998756,54.55947238482602,12.338089237520506,8.82158461000874,10.966407536769543,9.331168860197067,2.2838108986616135,2.1937255972179557,1.0,4.127868711948395,63.13932943344116,11.829890797303696,2.5703994883932113,41.01488780963154,26.300028251741526,1.8796715140342712,1.3894629359245299,1.6380161525389574,2.1315975673302505,3.1132113933563232,1.1709422050186664,4.837546678072216,1.0,2.256756469607353,15.858805830041236,2.1048906888309498,9.027103424072266,2.1233668675572157,3.8276584446430206,3.2902851403116022,4.416488306480016,1.398626080883741,1.9017200545798096,1.0,17.046288720886118,13.139204692072065,24.631328311327508,13.701167012287097,17.769655318006684,3.9392568489506816,1.0175549255345329,2.536096063180451,4.616531729698181,1.1075346050926715,3.6121992766857147,1.811167135834694,2.9358704675972485,1.0,6.811742782592773,2.43111372829396,1.3423531050455833,2.490830272436142,2.1584213553131946,5.354181557893753,4.935300382232218,2.431315860936702,2.999303772954647,3.5264333230730136,4.219793522843876,2.7590668201446533,3.122131997196303,3.5510768722157526,4.497663974761963,9.30737978219986,1.0,2.0287126302719116,6.987282633781433,12.891543429614936,1.2959180488551807,1.5558435847373002,1,1.9557021423347363,12.696470388968175,10.618954350839832,3.2474485031276727,2.1166257435773286,11.989156262213768,1.0,161.64730201670903,5.761727790104645,36.31591030840145,5.502286453364192,4.438456294461204,2.6156961917877197,4.646391030677684,2.618877589702606,2.0131535828113556,1.3685431479880745,1.9762837453849682,1.5320342596130585,4.463116972326548,2.49687001047251,1.555168479681015,3.3061034278177805,1.0,9.70089146041617,1.0,1.0,1.0,1.0,1.0,1.0,1.0,1.5347137291071973,1.0,1.0,17.09287624127418,4.556779388468387,3.49126234607859,7.603932023048401,3.3811991661787033,1.6056405618807952,3.31898033618927,11.267465353012085,1.6637410492810858,1.7927035466571883,5.228649377822876,2.4061525426114234,10.844234727323055,1.0,42.33546267561272,29.718514990007034,15.482494253665209,1.0,12.300391182303429,2.05279051810503,1.0,27.498397707157267,2.0065900421378218,2.12425944606336,27.08943062648177,9.564556673169136,2.687830391781022,1.0429553866386414,15.248596674863833,1.7533957958221436,8.19025115125971,5.637676164507866,12.320654958486557,2.6246999525046144,2.9112813823767176,10.006523132324219,14.862750149473033,14.229515123926719,2.2682772010564802,17.390098474258384,4.563342048959168,10.509941164095588,39.57568964967478,19.909663644518144,8.642524308711408,4.971710795301776,8.343370152356297,7.277214068271973,160.20409724151207,55.92356199049881,143.02691947769299,40.50903856754303,109.20074677519798,142.1776678016085,59.308152198791504,700.4154481261344,112.31699631797025,77.12642848491669,105.85315516779173,32.68128638058634,107.3104358637516
TEST_04+1일,4.8425233364105225,2.1000958593762546,9.126235008239746,4.048070907592773,1.0,1.0,1.2741595585870198,1.0,1.0,1.0,1.0,1.0,1.0,1.0,1.0,1.0,3.3600019680860282,1.0,1.0,4.547969200537712,1.9581923123207101,1.0,1.0,1.0,1.289078749716282,1.0,4.767191613382076,1.0,10.601622276718787,3.843828506393942,3.7016991952319866,6.107447057962418,1.2776405364274979,1.1038395002652193,1.0,4.3087658286094666,18.896354913711548,5.706646504617268,1.705023924086112,31.944892414531694,14.256962895310982,1.0038922727108002,1.260547137260437,1.0,1.0,1.983378380537033,1.0376134996018689,1.6228910335929874,1.0,2.5795503854751587,7.1335109249622075,1.0,8.076677024364471,1.0,1.7060691118240356,1.0,1.6574757927646913,1.0,1.0,1.0,8.350668266641739,8.67702957611678,14.18496760489874,11.341852451592775,7.528190262595395,1.8983130892632984,1.1829732730614562,1.306652894190018,4.007707238197327,1.0,2.3542461544275284,1.0,1.206135605693777,1.568678468465805,1.7278914153575897,1.0476657927036286,1.0,1.9354569911956787,1.2556232093200956,2.677419751882553,1.3125496991006027,1.0990491668975941,1.0,1.041155208921595,1.1414822612516422,1.636594533920288,3.320026404015308,2.6753124229870826,1.9126462936401367,4.388763427734375,1.4911441047566396,2.060118615627289,3.349231779575348,6.101846234486496,1.0,1.0,1,1.0,16.1629628486217,4.518647541571947,2.3038027764077382,1.0,3.644555069237393,1.0,155.93965154785718,15.35935593655557,43.18530047012621,4.169235927143773,3.4287476437518505,1.7477315664291382,2.449795746408609,1.0,1.783544272184372,1.0,1.2536980010857504,1.0873023986816406,1.051955339959948,2.119483833460247,2.114623636007309,1.1038080682462899,1.0,20.41779136937622,1.0,1.0,1.0,1.0,1.0,1.0,1.0,1.0139970317396185,1.0,1.0,5.756838282918088,1.034748947620392,1.2917307529598476,1.0,1.0678620636463165,1.0,1.0,1.0,1.0,1.0,1.5990617871284485,1.0,8.603885654360056,1.0,8.513520719930437,6.319446640919819,13.060626581311226,1.0,9.751825466752052,1.7991791676729918,1.0,13.205125967027557,1.0433547228574753,1.0,10.742376873269677,7.807021141052245,4.742361085226178,1.0,10.665453005387826,1.2948617339134216,6.194807083219866,4.417887508869171,10.051476001739502,1.0,1.0,4.879446029663086,1.0,1.0,2.256633388996124,1.0,1.0,1.0,1.0,1.0,1.3164104375988246,2.8714994944036265,1.32837364770606,1.0,29.31761477058554,26.43618389368057,1.0,13.617017716169357,1.0,1.0,32.48170584440231,111.97063718362188,6.486262109130621,26.555677875876427,1.5240216420963406,6.686955274632661,23.026525016583253
TEST_04+2일,4.001069664955139,16.204949686721726,2.196915864944458,1.0,1.0,1.0,10.134568637815097,1.0,1.0,1.0,1.0,1.0,1.0,1.0,1.0,1.0,21.243429659503406,1.0,1.0,20.171709874412223,9.3305801266769,1.0,1.0,1.0,22.751436216008322,7.734978254063311,1.3363738412568908,5.476094071996409,8.714059317967015,1.9522890114658162,2.298822292287184,5.352869778871536,1.0,1.0,1.0,2.233961969614029,2.510191410779953,2.9735141536837775,1.0,10.793910681641758,9.305398009869332,1.0,1.1574736714363099,1.0,1.0,1.418531984090805,1.0,1.0311529071257568,1.0,2.0312467515468597,7.044853361343917,1.0,7.131435394287109,1.0,1.4179330319166183,1.0,1.0,1.0,1.0,1.0,2.9357437028329287,2.7649460933915897,7.936964100251229,4.144974268474127,7.314514863622557,1.0,1.0,1.0,1.0,1.0,1.6342362016439438,1.0,1.0,1.0,1.0,1.0,1.0,1.3919571787118912,1.0,1.0,1.0,1.0,1.0,1.0,1.0,1.0,3.640735704482097,1.0,1.114547848701477,2.031437285244465,50.79226746387561,1.7722712457180023,1.6101552546024323,3.526080262822026,1.0,1.0,1,1.0,11.442983794858273,2.092130164995049,1.0,1.0,3.8434817756855724,1.0,1.0833258721783126,82.7086324223714,32.713754874268226,2.041310867515955,2.302983723961706,1.0279389470815659,1.6178257274797245,1.0,1.5944424271583557,1.0,1.0,1.1812523126602172,1.0,1.143355304640158,1.7447705939412117,1.0,1.0,28.92747803691739,1.0,1.0,1.0,1.0,1.0,1.0,1.0,1.7497752211398203,1.0,1.0,15.70061157331198,1.0,1.0,1.0,1.0,1.0,1.0,1.0,1.0,1.0,1.0,1.0,5.611996583640575,1.0,40.433884280613356,75.22923069895353,11.009312639012933,1.0,7.771182507276535,2.23133888579905,1.0,5.4545839662605005,1.0225096300244332,1.0,6.828063743188977,3.5188677757978435,7.740114145600147,1.0,6.6800590403553715,1.0,4.53668380348185,3.573600620031357,8.122081950306892,1.0,1.0,2.1541261672973633,1.0,1.0,1.615816193819046,1.0,1.0,1.0,1.0,1.0,1.1678206975571812,1.0,1.0,1.0,1.0,8.061053135991097,1.0,6.81908305734396,1.0,1.0,9.281608313322067,83.21355703846768,2.816671047359705,18.868623301386833,1.2329454001039266,3.6562273155058325,12.260621625136999
TEST_04+3일,3.292313814163208,25.06270898861238,2.828408718109131,1.0,1.0,1.0,2.9666617951968437,1.0,1.0,1.0,1.0,1.0,1.0,1.0,1.0,1.0,32.40046933348927,1.0,1.0,16.384179950399854,6.340969517016709,1.0,1.0,1.1715036054125143,13.756389344083775,12.306026156089079,3.982508313782052,55.18147658954882,7.0408036620410615,1.7746419729886131,1.2794347147422784,4.802110344171524,1.0,1.0,1.0,1.5041270852088928,1.0,2.735671831315177,1.0,10.83192005571005,2.7256488036599094,1.0,1.159761667251587,1.0,1.0,1.008172333240509,1.0,1.1711558021605015,1.0,1.3899183571338654,5.8197887598731,1.0,5.549412339925766,1.0,1.19255930185318,1.0,1.0,1.0,1.0,1.0,1.7646116733551025,1.8973297571896124,5.1764995560694125,5.814017409896948,4.9248827153252925,1.0,1.0,1.0,1.2411217391490936,1.0,2.580595761537552,1.0,1.0,1.0,1.888289898633957,1.0418238669633866,1.0,1.0830945521593094,1.0,1.1185002774000168,1.0,1.0,1.0,1.0,1.0,1.2030357867479324,2.318777922005721,1.0,2.3665502667427063,2.461607776582241,53.41300009802296,1.3483597338199615,2.17594712972641,3.366684967464683,1.0,1.0,1,1.0,9.486410999536519,1.8796972959308311,1.0,1.0,2.9325647029667667,1.0,1.0,42.20194883931742,19.155684614183148,1.3735802809741395,2.9823584339552163,1.0,2.0020804171251605,1.0,1.249011754989624,1.0,1.0,1.1802345037460327,1.0,1.1347894394972733,1.096748225390911,1.0,1.0,17.09540718331548,1.0,1.0,1.0,1.0,1.0,1.0,1.0,2.3377182691460803,1.0,1.0,25.909823739018023,1.0,1.0,1.0,1.0,1.0,1.0,1.0,1.0,1.0,1.0,1.0,3.2889964408241212,1.0,99.00303388609804,65.49911141530376,8.242516295984387,1.0,5.368695884943008,2.269533313065767,1.0,5.317849233633524,1.0148966621607542,1.0,4.541925481054932,1.9121436737477777,12.841073559085839,1.0,3.716484979057901,1.0,3.588486706393015,2.783025339245796,6.006879307329655,1.0,1.0,1.3117779791355133,1.0,1.0,1.4437113285064698,1.0,1.0,1.0,1.0,1.0,1.0348125006072224,1.0,1.0,1.0,17.48809319921053,3.5250081583857535,1.0,1.0,1.0,1.0,6.071164384484291,91.25777470192912,2.3924575075507164,15.116251073777676,1.2483489586040377,8.179624634016477,7.641302482037226
TEST_04+4일,3.306470811367035,4.294782082450475,3.3933329582214355,1.5615859627723694,1.0,1.0,14.799872116551285,1.0,1.0,1.0,1.0,1.0,1.0,1.0,1.0,1.0,35.76096508423477,1.0,1.0,28.273371938866553,19.182263153014034,1.0,1.0,2.4185560915937545,31.72712062361201,7.273672198953115,5.805130398130219,67.70648634679355,7.322748387929467,2.0015333894462306,1.0270528399455994,4.8394205421209335,1.0,1.0,1.0,1.6303186118602753,1.2425691299140453,2.9592121605917883,1.0,12.442468345936062,1.0,1.0,1.1808234453201294,1.0,1.0,1.1652996391057968,1.0,1.4385729186236857,1.0,1.2003439739346504,5.2554079992935145,1.0,6.129902958869934,1.0,1.0,1.0,1.0,1.0,1.0,1.0,2.1789148330688475,1.0,3.8807272602816143,3.0209129068284786,5.9387686835675675,1.0,1.0,1.0,1.432434767484665,1.0,2.946399003267288,1.0,1.0,1.4393922686576843,2.099924072623253,1.093236542493105,1.0,1.567295640707016,1.0,1.5466170012950897,1.0,1.0,1.0,1.0,1.0,1.5242250636219978,1.6128128567489326,1.0928864971266534,1.9496484100818634,3.1248592883348465,77.19194889448198,1.0,1.4536906778812408,3.4695943266802773,1.0,1.0,1,1.0,8.84813849013689,1.6389237841150268,1.0,1.0,2.414493217656246,1.0,1.0,47.82570630601571,15.906288243894721,1.2434210661578524,2.5534619900998385,1.0,1.2731848340450305,1.0,1.0,1.0,1.0,1.0,1.0,1.0,1.0,1.0,1.0,57.784747412717394,1.0,1.0,1.0,1.0,1.0,1.0,1.0,3.0620561131110957,1.0,1.0,26.757209131704187,1.0,1.0,1.0,1.0,1.0,1.0,1.0,1.0,1.0,1.0,1.0,2.7411558935418725,1.0,85.91992007681506,101.06431658274256,7.6767416931688786,1.0,3.746855780482292,2.42707057967782,1.0,3.936733636933627,1.8841858849269044,1.0,4.497433632612228,2.1420320346951485,19.594054946355495,1.0,2.946714530205504,1.0,3.1977784406958794,2.5740512683987617,5.499307528138161,1.0,2.069721795179885,2.009902000427246,1.0,1.0,1.2584213942289353,1.0,1.0,1.0,1.0,1.0,1.0,1.0,1.0,1.0,1.0,5.706480221450329,1.0,1.0,1.0,1.0,6.129340715706348,72.81324666143705,2.1454010233283043,11.065823957324028,1.2007719956338405,3.0640365174701967,4.301081381458789
TEST_04+5일,3.8703736662864685,64.14835520044987,1.9233986139297485,1.0,1.0,1.0,32.353667423699854,1.0,1.0,1.0,1.0,1.0,1.0,1.0,1.0,1.0,56.68072293589054,1.0,1.0,56.39949923486893,28.313332187823992,1.0,1.0,1.0,22.934229692071124,19.82880327125319,5.052925442708223,33.0473078940629,6.397086108501182,2.0630353957873653,2.326913784912503,5.122571289539337,1.327400654554367,1.0,1.0,1.0,6.433811068534851,3.422762467004532,1.0,8.949675666710945,3.5974521779684285,1.0,1.346445846557617,1.0,1.0,1.512831598520279,1.0,1.3580279029905795,1.0,1.5319789350032806,4.642295508001031,1.0,6.539378434419632,1.0,1.4993539452552795,1.0,1.0,1.0,1.0,1.0,2.586738568821637,1.0,3.028494137181414,3.1994097525503156,5.911665719462549,1.0,1.0,1.0,1.666083037853241,1.0,2.802620977163315,1.0,1.0,1.2572237849235535,1.8370138853788376,1.1015499003231526,1.0,1.742381751537323,1.0,1.9472709596157074,1.0,1.0,1.0,1.0,1.0,2.078993171453476,1.3027921337829547,1.4135666747792701,1.7630961537361145,3.52530524879694,84.79683989406308,1.1373849213123322,1.7699337005615234,3.4634517823047473,1.0,1.0,1,1.0,12.790018557484817,1.8060813519225443,1.0,1.0,2.699369438735582,1.0,5.317123173014566,46.05493843983429,17.369931496349114,1.4166680486254142,2.4025404719900916,1.0,1.0814194202423095,1.0,1.0,1.0,1.0,1.0,1.0,1.1462342822964051,1.2504726648330688,1.0,1.0,83.34265227226834,1.0,1.0,1.0,1.0,1.0,1.0,1.0,4.15118686077719,1.0,1.0,55.97513249877634,1.0,1.0,1.0,1.0,1.0,1.0,1.0,1.0,1.0,1.0485132038593292,1.0,4.096997114829719,1.0,113.66959360953233,119.99882778556082,9.994481883943081,1.0,5.227836146950722,2.6920859172940252,1.0,5.127432618287914,1.254329751431942,1.0,6.0526847946457565,2.355274213477969,10.74553998075665,1.0,4.063048736234259,1.0,3.966741816442517,3.397943452000618,7.226030886173248,1.0,1.0,2.054949700832367,1.6618441487018751,1.0,1.4272036284208298,1.0,1.0,1.0,1.0,1.0,1.0,1.0,3.3983700595630126,1.0,9.103612133741963,2.406493717432022,1.0,1.0,1.0,1.0,1.6750863008201122,40.589441750963005,1.1891585080884397,1.0,1.0,1.0039352511352972,11.397166175020617
TEST_04+6일,4.266858100891113,20.4754351482381,4.801512718200684,2.414989173412323,1.0,1.2360207373367194,17.2935452003896,1.0,1.4847168439254403,1.0,1.3731884220966781,1.0,1.0,1.0,1.0,1.0,53.20171885204428,1.0,1.0,28.66445732592232,17.62327987186889,1.0,1.0,1.0,40.187701238528305,20.224001694682062,17.628444921879925,80.12089264865084,7.197626449107288,2.2717939954430975,2.816519894212683,5.583744004368782,2.493390440940857,1.4779941675254793,1.0,1.8356958031654358,21.477904081344604,4.000262677473893,1.739375782798437,29.25603192519292,6.6393783949881815,1.1217427253723145,1.4027525663375853,1.3696541562222384,1.0,2.1284742653369904,1.407318739490465,1.6647858122903512,1.0,1.9865952730178833,6.842732182179584,1.0655753664254441,6.953079730272293,1.0,3.6829599738121033,1.0,1.7093022931086586,1.0,1.2032990416924156,1.0,5.935596234201135,2.8852939751490894,7.078865631434892,6.622595960331625,7.6179554476710525,1.0,1.422163008978195,1.3508512339035668,2.1325626969337463,1.150062628464296,3.0787262320518494,1.5656679272651672,1.225361045304934,1.4207540452480316,2.7855343222618103,1.3218701787437621,1.0,2.0205051451921463,1.6433008218279688,2.825976848602295,1.3502053579727806,1.2155822865054968,1.2472215473215276,1.5636317842826486,1.5784361462141399,2.3309648036956787,3.134698245374821,1.7941177759832136,3.317973017692566,4.509207293391228,92.31044894624542,1.5090793371200562,3.2851970195770264,8.196101030802252,1.0,1.0,1,1.0,14.50604173623768,3.9591636193923683,2.2603990516736547,1.0,3.3796772364387175,1.0,7.489993418348535,50.478912336066756,19.005104385868652,2.6391492536425343,3.192393429723996,1.6077594459056854,2.5319511533711365,1.3749481737613678,1.4963629841804504,1.0,1.3665429006987153,1.1883649349212646,1.8481214755401254,2.099339180152938,1.0754437744617462,1.26439430502167,1.0,36.11942669022328,1.0,1.0,1.0,1.0,1.0,1.0,1.0,2.6314085598885226,1.0,1.0,85.29674158894403,3.410081788189273,2.0643133878628857,4.86137717962265,2.128337323665619,1.187186411132365,1.8918511271476746,7.45452344417572,1.0,1.0,4.257773160934448,1.0426516626262814,7.271345272660255,1.0,168.23675541971747,101.87744902436607,12.843436568975449,1.0,8.2641232162714,3.0688815668225287,1.0,5.709396068715581,3.222000065968681,1.0,11.025335961021483,4.265108048915863,13.728785811024926,1.0,7.137047156378079,1.033465638756752,5.305055985911303,4.831091567873955,10.357177287340164,1.0,1.5569990378423504,3.3555418252944946,13.132544198751948,1.0,1.9452644467353821,1.0,1.0868246719851056,6.18675918192197,1.0,1.0,1.0938366026617588,1.0,5.13777270648338,1.0,1.0,1.0,1.0,1.0,1.0,1.0,6.00204236805439,105.94670207439682,1.0,1.0,1.0515075189934577,4.803643206227059,9.307662765486636
TEST_04+7일,4.958311915397644,11.506250292331984,11.148629188537598,7.895961403846741,1.0,1.6319558775131462,3.130291440050038,1.0,1.5527649253938025,1.0,1.6399411783924847,1.0,1.0,1.0,1.0,1.0,23.90388547712412,1.2253952771425247,1.520501474809898,3.0551615338712375,4.406229800421539,1.3054174916525052,1.0,1.0,6.187936576561363,3.722096958196536,23.627328553393745,33.70867623366713,6.918552513893303,3.3344621016523988,4.002201393842385,6.348815694451332,2.9110099375247955,1.5551085209070632,1.0,4.045594334602356,31.97877073287964,6.862836984901387,3.1231150790310185,31.888375014559514,24.929269428587876,1.0453307628631592,1.4164602637290953,1.0,1.1585443618834264,2.8714630007743835,1.815636290609963,1.9632047985990178,1.0,2.508274555206299,8.09813838121817,1.178502676215281,7.906899809837341,1.2010560329073345,5.408668667078018,1.1183198097288853,2.7508718764350495,1.292329345345852,1.7861501112581564,1.0,11.321694106496174,5.591138105342832,9.940148573879734,7.910185992525816,9.685523790321824,2.072250022838438,2.6839148959094015,1.9552530464109859,3.824010193347931,1.1997017030809458,3.1601520627737045,1.593666523694992,1.887359064477392,1.7353025078773499,3.80365851521492,1.410176314258162,1.3706933599714013,1.978948563337326,2.024629186272837,3.45293927192688,2.0424480757182506,1.6276936643310798,1.4983904435517703,1.8742678073698265,2.9714850062475895,2.4760057032108307,4.962283417914706,2.4074785113787716,3.5259845852851868,5.733284696936607,8.224542684898541,2.0339688658714294,7.120174169540405,12.143165877697271,1.0,1.600889782381309,1,1.1006920936644322,11.571910244768379,7.53897816442108,4.014041018332728,1.2523153350055196,5.2501220993412705,1.0,141.1925496066865,4.266855050254579,30.672367096182235,5.595876140431563,4.495616385065629,2.5708702206611633,3.8645586953911635,2.6762524247169495,1.9102706015110016,1.6136963748508977,2.7866585215502706,1.440362773841619,2.2738935408660215,3.635444942678909,1.6267848014831543,2.0555703958934215,1.0,5.7352733435361785,1.0,1.0,1.0,1.0,1.0,1.0,1.0,1.1483493420291593,1.0,1.0,22.25060147679631,5.353360891791287,2.959079731168481,7.626064419746399,3.6328328400850296,1.9867893602115025,3.403441309928894,11.197311878204346,1.9685309722704054,1.5433210739113854,5.528584122657776,2.41936693619862,10.254730438813567,1.0,59.39244544305751,4.239456513163873,14.486593995243311,1.0,11.665727779269218,3.5124405950307844,1.0,8.775145198357038,5.153557683472707,1.0248461991548539,14.061682783067226,8.452083468437195,3.1746447563832807,1.0759758830070496,12.388221736084686,1.6271214187145233,7.2179564706987644,5.755200535058975,12.274096608161926,1.0175001613795758,1.815459920731611,4.508443474769592,26.02760635272583,1.0,2.3538452267646788,1.0,16.37297281904515,22.35514281577401,1.0,15.603782919726703,1.6042923837900163,1.856265777776416,20.432303810606836,1.0,1.978308432815977,13.507307732105255,1.0,1.7754791118204594,1.0,1.0,20.91425359249115,45.56681004588712,2.135273295454681,3.663048380985856,1.2494515397585928,7.187117958910826,5.206024999450892
TEST_05+1일,5.078505277633667,1.0,9.93820858001709,1.502666026353836,1.0,2.0367468577360897,4.361038880395769,1.0,2.3167347985877145,1.0,1.0,1.0,1.0,1.0,1.0,1.0,36.78568893053772,1.0,1.0,4.071244620693977,4.044544781637468,1.606464407874443,1.0,1.0,31.953604711602303,6.146497189930843,3.606328845623584,14.099219936058116,16.64523711005716,4.786072023665794,2.69909915702871,4.472959041595459,4.7256432473659515,1.6192951822829076,1.0,3.730851411819458,56.472784996032715,5.555422986234045,2.2934740475437074,27.971580309989108,27.56011637911369,1.5485671162605286,1.0919275283813477,1.0,1.0,1.5747086703777313,1.0,3.5328281709854092,1.0759598016738892,4.146807938814163,16.336548317352957,1.2237735778591665,7.940748184919357,2.1267095423003757,1.0,1.0,1.0,1.3931807669023504,1.0,1.8115818500518799,25.510255111479168,9.323095078857158,10.762765866140219,17.09098911999606,5.146974682202126,1.3369351237164302,1.0,1.6926719195136186,2.673654556274414,1.3548882848833599,1.7253199964761734,1.0,1.0,1.0886898636817932,3.2399929761886597,1.153125188628833,1.0,1.8648374453186989,1.2129729079732294,3.7998341023921967,2.2607000488703792,1.2894167046679634,1.1543846320432691,2.1713809397252786,3.223276188277323,2.0108670741319656,3.0914811146639183,2.0425128904205194,3.8987529277801514,4.0663852244615555,1.1823463085932093,1.9563019275665283,6.934983730316162,9.557402362347947,1.0,1.4900361490040317,1,1.0,10.645103110669695,6.592402418042555,2.6448836113413963,1.1904378186987914,1.303409465253374,1.0,127.13978933968488,1.2511429864833463,44.273522234806876,4.304903194214728,3.8686333278157217,1.6795416176319122,5.38063388662221,1.0,1.0,1.0,1.0,1.0752272129058837,2.9326780509640926,1.1683349613718577,1.5158212557435036,1.3845081718782415,1.0399075499648167,6.867255046605613,1.0,1.0,1.0,1.0,1.0,1.0,1.0,1.0,1.0,1.0,7.112334954079422,8.607167144332514,4.292688508999337,9.034503102302551,1.234840415418148,1.8699568042130883,4.034185707569122,7.769082188606262,1.8222046717238092,1.7305283889341632,5.167272686958313,1.9123044671461686,65.51317385584116,54.07262706549588,8.939654917961319,42.707657736910036,84.62117184698582,50.53904221891781,53.529119431972504,1.0,4.1374757414929455,190.68938857238666,101.90974412394931,94.49977447344145,87.29128396511078,34.55873343348503,1.1007421791553498,59.1521097207346,78.86911637317671,9.294362664222717,46.18876782516015,30.10576766729355,68.56356346607208,69.68340315665594,23.82696520643851,1.0,491.19661967651444,232.29904372941442,71.25534650618644,272.5815469119423,48.05590862859313,89.02412212690749,81.51366538606331,163.65787765152896,52.77630942862686,7.640181945858416,141.76658792784332,72.80624714314568,1.0,2.3238430224359035,1.0,1.0,1.0,1.0,3.1683275662362576,1.0,1.0007649175822735,1.0684942826628685,1.0,1.0,1.0
TEST_05+2일,3.0885297060012817,1.0,3.4604973793029785,1.202601045370102,1.0,1.3555634449886553,4.633456633395304,1.0,1.610575154463618,1.0,1.0,1.0,1.0,1.0,1.0,1.0,8.943192521167866,1.0,1.0,6.318799121345728,5.713409976968024,1.0,1.0,1.3941567764884075,7.636785485843843,8.163037990871876,5.9412641666307495,10.647032201743905,13.744088385416795,3.2607048777963783,1.949862197232309,2.6692918986082077,3.8205447793006897,1.0379122525475402,1.0,1.9793055951595306,34.117791175842285,3.7555477006531013,1.6853737929451285,19.24279017766928,11.774952429252293,1.594160944223404,1.0053004384040833,1.0,1.0,1.0,1.0,2.54507509328523,1.2211372703313828,3.309015989303589,16.743399432554472,1.0,9.006782472133636,1.2533436608896977,1.0,1.0,1.0,1.0,1.0,1.9252566993236542,15.367567499173976,8.172506875767183,5.731074027209724,23.996017707311676,3.5702313865194393,1.0,1.0,1.0,2.008790820837021,1.0,1.1454053968191147,1.0,1.0,1.0,1.1307003051042557,1.0,1.0,1.2790414318442345,1.0,1.1803030967712402,1.0,1.0,1.0,1.0,1.3274558479896779,1.3994871452450752,1.3579178091241677,1.0,1.5494991838932037,3.396293468773365,12.180874378867603,1.6810953617095947,4.85118180513382,5.64064192093282,1.0,1.0,1,1.0,14.408169915946392,3.52456604228728,1.77004765988845,1.0,2.656713178109206,1.0,18.87885248486566,60.87707996279408,42.2569534986836,2.4659901144669747,2.765401557338379,1.1302977800369263,2.941074451006599,1.0,1.0,1.0,1.0,1.0014870285987854,1.7900777402084511,1.0,1.0,1.0,1.0,4.4736021407751245,1.0,1.0,1.0,1.0,1.0,1.0,1.0,1.0,1.0,1.0,14.555498315446746,3.5966814557909355,1.2672880709557497,6.141725778579712,1.0,1.0,2.65361487865448,3.6753538250923157,1.0,1.0,3.2344603538513184,1.0,60.97008351236582,33.498189540857766,7.861498034004641,39.281513260834046,83.94969294965267,28.83683298379039,55.809586107730865,1.0,3.8892200973854765,141.68647660091233,60.09293675633169,59.53296775728907,72.72382310032845,32.06620892882347,1.1151633441448212,38.775312984580935,63.245699127685164,9.119071960449219,38.29172389159218,29.188821017742157,69.12223172187805,45.45880356833942,14.616240688028817,1.0,268.54087091992744,137.52246161375018,49.651420780651705,193.06835958011445,30.4289584945914,58.109584372890495,51.574295190650275,153.55283933579165,29.84026276987771,5.5786487326046945,110.72758216375009,42.88219083291101,1.0,1.0,1.0,1.0,1.0,1.0,1.0,1.0,1.0,1.0,1.0,1.0,1.0
TEST_05+3일,2.5547170639038086,1.0,1.6716862916946411,1.1005155742168427,1.0,1.728859249878078,3.112185022856406,1.0,2.290579162121682,1.0,1.0,1.0,1.0,1.0,1.0,1.0,12.496133165260474,1.0,1.0,9.155639161430859,1.541026340146073,1.0,1.0,1.0,8.153367928047901,14.488792390921265,3.9214330182630763,13.24830439616559,10.938870650374444,3.2316069343924325,2.128017604756865,1.8793506994843483,1.8998609483242035,1.1794163068871097,1.0,1.705448031425476,22.24449050426483,3.6424742630830416,1.8443155168095844,25.36209716235891,9.915578244040706,1.6310031712055206,1.020606678724289,1.0,1.0,1.0,1.0,2.412452313317001,1.029530093073845,2.7826481461524963,19.207914467372795,1.007600910182843,8.062680751085281,1.1010596397286503,1.0,1.0,1.0,1.0192209567604227,1.0,1.2008929252624512,9.822830041254493,6.853457777578479,4.827743310058136,8.845171477585664,3.602496213956174,1.2791257520202566,1.0,1.0,2.3055709898471832,1.0,1.4399689435958862,1.0,1.0,1.0,2.1920694410800934,1.0,1.0,1.0,1.0,1.8420502692461014,1.298332239231772,1.0369029661819398,1.0,1.0,1.6605820176834265,1.9391150772571564,2.167610007584253,1.1932768363134465,1.425839364528656,4.000299021601677,9.67167101879146,1.2364651262760162,3.6105450987815857,4.699196023712551,1.0,1.0,1,1.0,9.212043352557139,3.382454477565668,1.9303199092268453,1.0111391106074419,2.1144676327705385,1.0,1.0,70.0683610856036,32.683922111537086,2.689554804639734,2.9117411274519296,1.0,3.1315603361506525,1.0,1.0,1.0,1.0,1.0301118612289428,1.649286764055266,1.0,1.0,1.0311559844646754,1.0,21.705060615393457,1.0,1.0,1.0,1.0,1.0,1.0,1.0,1.0,1.0,1.0,30.01802984555471,3.702403973905265,1.5223125586945367,4.159592390060425,1.0,1.0,2.01116681098938,2.394763082265854,1.0,1.0,2.2207193076610565,1.0506883512350984,54.602665305137634,31.577042359172705,23.909530761424545,25.05933685682475,80.59385308623314,33.759294609699424,51.87176477909088,1.0,2.9988831978782473,141.94024922836454,60.36095156828677,64.74015406984986,67.81496497988701,33.30529770255089,8.542004596383057,32.948303711565906,57.92568036877317,8.961181044578552,36.93977007765348,24.89803797006607,68.73920607566833,49.03899864684972,15.145816935695505,1.0,285.47336141646383,117.97798979432257,46.81550172592974,156.9774723270359,22.433696726056596,64.85684750758753,53.4572650639654,191.71346263727338,34.661774739362244,6.467700788835931,103.74339556378396,47.30301505844368,1.0,1.0,1.0,1.0,1.0,1.0,1.0,1.0,1.0,1.0,1.0,1.0,1.0
TEST_05+4일,3.6332568526268005,1.0,2.817943811416626,1.0584615916013718,1.0,1.3217560775623736,8.347261170812388,1.0,1.8895587034291652,1.0,1.0,1.0,1.0,1.0,1.0,1.0,17.226673832327435,1.0,1.0,13.581232513354188,7.471353217641667,1.0,1.0,1.2194120767402268,12.222656775450458,15.123370156646327,1.0,6.368351565604929,9.907261737956226,2.355023754738817,1.8115800202276169,1.7231000885367393,1.769011840224266,1.0,1.0,1.7265807092189789,19.645666539669037,3.036605597746099,1.3864216905832285,19.863924751037803,11.266834755421545,1.7497949302196503,1.0516545712947845,1.0,1.0,1.0,1.0,2.046636293746228,1.0,2.545542746782303,16.86093920824179,1.0,9.361738353967667,1.0111848026514054,1.0,1.0,1.0,1.0,1.0,1.0,9.843733392084772,6.735138884073438,3.7894799770050036,9.701290254642842,2.6958678509456115,1.0,1.0,1.0,2.392226457595825,2.3769942322505666,1.6661568358540535,1.5289301574230194,1.0,1.0,1.8505876660346985,1.0,1.0,1.0,1.0,2.098449185490608,1.120656791736817,1.0455783766121056,1.0,1.0,1.5379524290584181,2.40446113049984,2.171556131389146,1.1381094128700504,2.2065550088882446,3.9384036511182785,7.0925215219105295,1.0,2.3316647112369537,4.605844691097763,1.0,1.0,1,1.0,13.512331819991816,2.234705171941114,1.4751757636946925,1.0,1.9174434304237367,1.0,1.0,83.0842818951039,27.33753968821425,2.3177930561484805,2.5670312611542525,1.0,2.6377831330822024,1.0,1.0,1.0,1.0,1.0,1.3622993123524925,1.0,1.0,1.0,1.0,26.33741326059308,1.0,1.0,1.0,1.0,1.0,1.0,1.0,1.2007009997963904,1.0,1.0,16.259461807931686,2.858735137947045,1.0517256341139474,3.4650036692619324,1.0,1.0,1.7266005277633667,2.483864426612854,1.0,1.0,2.0096950232982635,1.0,51.89517284184694,32.511720302882026,17.890454910383294,60.66554886261301,78.1654562652111,30.805181181938725,50.0840528011322,1.0,3.165379949381006,146.40016807356926,59.84233426452539,64.92166507886054,65.02432516217232,33.662633776664734,3.9881894316062225,42.05013153211193,61.38186623932729,8.949829339981079,36.07464147161726,23.09617531299591,68.51068937778473,50.384525594752,15.6341390626474,1.0,383.22012104770556,128.8943918036907,51.98755877753025,263.5752208521934,24.965996575401967,61.35553737501856,54.335081689080184,167.27002741858385,31.33201209147256,4.968821117052395,95.25650133902349,49.8067486876345,1.0,1.0043851040303706,1.0,1.0,1.0,1.0,1.0,1.0,1.0,1.0,1.0137093232944607,1.0,1.0
TEST_05+5일,4.924477636814117,1.0,1.801251769065857,1.2702924013137817,1.0,1.7947148349125646,35.961389171467516,1.0,2.487249734789082,1.0,1.0,1.0,1.0,1.0,1.0,1.0,54.799254468809025,1.0,1.0,33.37016348786911,27.89560060196864,1.0,1.0,3.0870318048881717,23.736480988925692,23.967775295964227,2.3400977557765668,30.334660381044685,9.149835517647805,2.8586009525623277,2.580464517926562,1.984177328646183,2.1684763580560684,1.2082877698881938,1.0,1.3801945745944977,16.198251247406006,3.7885374220773476,1.667534180089966,14.91299455566616,11.638639995618703,1.8648454546928406,1.2086353778839112,1.0,1.0,1.0,1.0,2.3381671908210095,1.0,2.9338366985321045,13.855420977132516,1.0,9.51567816734314,1.1034683269821057,1.5560785308480263,1.0,1.4130434316483147,1.0,1.0,1.0,11.187467712397087,5.907165460670534,5.017417751547777,8.587013038091587,3.2869185396345104,1.0,1.0,1.032928679404232,2.562839984893799,1.2285094489912929,1.8328305333852768,1.8748582303524017,1.0,1.039423942565918,2.2486309856176376,1.0,1.0,1.0,1.0,2.7582520246505737,1.391313393589015,1.2276430176461215,1.0131043625827882,1.3438046155629648,1.899081168518581,2.5048430263996124,1.83712377924966,1.1736932079693885,1.8687155842781067,3.8648190647363663,10.371032999701079,1.0593275725841522,2.442699372768402,5.405495377335797,1.0,1.0,1,1.0,11.836155445260465,3.252333151691894,1.797286210403957,1.0,2.3438129812492066,1.0,8.058277253326995,91.882098963988,26.576021050663375,2.7400710386934763,2.229777277418363,1.0,3.50583793831289,1.0,1.0,1.0,1.0,1.0,1.6608155349355123,1.1987598287068812,1.3078299164772034,1.0,1.0,51.15741280006456,1.0,1.0,1.0,1.0,1.0,1.0,1.0,3.216804136241879,1.0,1.0,51.29842221960011,3.0334566514510133,1.3347636261902769,3.5200870037078857,1.0,1.0,1.8045800924301147,3.5908859968185425,1.0,1.0,2.572680413722992,1.0,50.70747998356819,37.88557826677372,19.082739291305174,107.85697419274585,78.26536636054516,38.568852181625054,49.91781824827194,1.0,2.818724852277929,156.48534218033103,81.4879593688537,70.80671834756515,69.09597788006067,35.51233106851578,10.037670836939522,47.68142708231548,62.23515864061651,8.807507753372192,38.62663618302357,22.885726511478424,68.16816592216492,48.94955785482397,14.630863863691927,1.0,310.54099547329025,153.8739253076527,51.960017111082124,229.1342062744422,23.982695148071798,64.12807829094673,63.59424540032677,196.8222510554171,37.36898982501934,5.763461026632066,97.79308652107906,53.98404217826395,1.0,1.6493395060300826,1.0,1.0,1.0,1.0,1.8349254317581654,1.0,1.0,1.0,1.0,1.0,1.0
TEST_05+6일,6.536892652511597,1.0,3.189931631088257,1.444644033908844,1.0,2.4929280846654973,9.215455647988573,1.0,3.241095041168321,1.0,1.0,1.0,1.0,1.0,1.0,1.0,15.206535539897507,1.0,1.0,15.120867824977635,7.514745906390814,1.2226737777699768,1.0,4.197342236347999,21.315152643583687,18.321596041041296,8.715362175801886,42.74074959418189,11.615665825747808,3.5111449705711575,2.870091986043209,2.539105921983719,1.7374451458454132,1.8285299332208778,1.0,2.58603572845459,19.658718943595886,5.188168670421114,2.584928044068512,22.801438217402502,21.68021680692172,1.9269785284996033,1.2550014019012452,1.0,1.0,1.5783818066120148,1.0,3.1562989662012253,1.0,3.536338746547699,19.056847109429942,1.3042939240553888,9.210488259792328,1.6617085019600588,2.799830362200737,1.0,1.5045247739983392,1.4489484413879734,1.0,1.0,14.623274871384469,7.198830353145292,7.2548348017456625,13.456313096878173,3.9453537037936846,1.2000404142143357,1.0,1.504279313923679,2.9019787907600403,1.6389609057536068,1.9691026210784912,3.369780421257019,1.0,1.4070235192775726,3.1415804028511047,1.2487033418836477,1.0,1.2392809242010117,1.3689203922974917,3.7917538583278656,1.766490241837987,1.6005927894932226,1.5494475999112187,2.172051219151795,2.520347361675019,2.085501328110695,2.762185960445888,1.6196613322553228,2.076224386692047,4.710830062627792,13.559599683024521,1.4230889081954956,2.351575940847397,7.838152171266625,1.0,1.357832689953753,1,1.0,8.391243328285354,5.505094124114656,3.204509141496494,1.3041169918723745,3.182414864195907,1.0,13.725915884618965,76.76851318162866,22.530051542396144,4.026949670102799,3.2250996392271607,1.1797168105840683,5.400724433883642,1.1966578662395477,1.2468956410884857,1.0,1.0,1.0112387736694086,2.6961904438937183,1.9638309544754815,1.7462924122810364,1.447681127430759,1.0,27.365666400741734,1.0,1.0,1.0,1.0,1.0,1.0,1.0,3.0049539064978505,1.0,1.0,57.11623335823961,4.836664751312872,3.275469358372912,4.810594618320465,1.568324938416481,1.4748178940122425,2.422707676887512,6.939796209335327,1.389192364722997,1.4599490372800548,4.1406553983688354,1.6880922534571212,57.22274258732796,42.56967312980043,53.363020724092046,39.45548107632039,79.58638729155064,42.266445842211034,51.62854367494583,1.0,4.07807947091495,186.91106822679393,79.18897188269393,73.90095806724413,75.38737764954567,34.848520398139954,32.816191209300726,50.44853987288076,68.31537208259672,9.76621150970459,42.15550253714029,26.026754558086395,68.62347412109375,54.53322278184643,18.233601294373933,1.0,649.8168734430484,272.79610104525426,71.41841164311077,395.73367395026366,38.11999648197931,92.38828886674254,96.44711128795791,200.9256859286721,50.64334701383737,10.496569738057335,202.47551741609945,78.50436756570447,1.0,2.415018370002508,1.0,1.0,1.0,1.0,1.3875937461853027,1.0,1.0,1.0,1.0,1.0,1.0
TEST_05+7일,7.829616665840149,1.0,8.961581230163574,1.6276666522026062,1.0,2.763072924606716,1.0,1.0,3.4600302434118158,1.1392941592948824,1.1141604071655449,1.0,1.0,1.0,1.0,1.0,3.4076388935842847,1.0,1.0,1.0,1.0,1.3744284630618697,1.0,1.0,1.0633723069913685,3.378050054512337,11.367109734030482,28.900951537148522,15.052129008667906,4.798184368232574,3.5417146861579347,3.580503210425377,2.247254401445389,2.4870321255115186,1.0,4.288640320301056,40.82960295677185,6.791371956156576,3.110663875448952,37.875196205854145,17.783605733214113,1.9558487832546234,1.251993465423584,1.0,1.116299548909871,2.50506192445755,1.0280328647822436,4.030251028806844,1.0,4.076795876026154,23.384736793447367,1.566696037862145,10.422404170036316,2.2063080735392733,1.6920454055070877,1.089243450925557,1.4569144028590053,1.73265099136565,1.3329484970034495,1.2222059816122055,24.95245219055674,9.21236402714798,14.150704444736274,16.865436885529178,6.485402407735991,1.5562942014537544,1.253030569753827,1.883508825543443,3.901667594909668,2.716995535148757,2.015160396695137,3.6236222982406616,1.1991615088441057,1.7051257193088531,5.010261744260788,1.3591568356228227,1.086961564913838,1.2276092916727066,1.5132761820173717,4.708212792873383,2.5025308357875673,2.2091383384365875,1.7872771223754114,2.1209147342841086,3.270998821658404,2.524724006652832,2.8882758037418537,2.067978719659198,3.8878726959228516,5.026966527104378,2.3750021076049586,1.8847930431365967,5.7085078954696655,11.678945021177867,1.0,1.8623745484277532,1,1.0809771393690992,6.3686456792759385,8.432414915988137,3.5364139797480556,1.625035872075402,5.907319032125689,1.0,97.96737211684832,5.619317030699414,28.515390518613337,5.58370751663886,4.876360552173294,1.9167907536029816,7.278331640800596,2.523755729198456,1.2969093024730682,1.0,1.2417158532675119,1.3314901979977112,3.6596038617790385,1.833122259352776,2.7477114647626877,1.7535383662435797,1.6842778882238654,11.702195762768184,1.0,1.0,1.0,1.0,1.0,1.0,1.0,1.1175598409498622,1.0,1.0,18.886669257995912,5.441001853695515,6.116320471070777,7.126179933547974,3.428373858332634,2.218468448506111,3.808453381061554,9.899513721466064,2.0143321271259675,2.4024633528423505,5.383986234664917,2.6084143024221027,62.25036705285311,78.69940431210624,32.248781061540704,15.828027406655032,80.9123087823391,71.51056801955566,56.01631844043732,1.0,5.30484802029395,332.0265112686335,133.41066473773225,127.88605902063529,84.52380894869566,37.03850585222244,5.288657398054134,92.81309065044687,84.89144268811611,10.020004510879517,48.57560215548574,30.231508493423462,67.86393225193024,97.82312927544972,34.880333828813825,1.0,841.4025140001509,521.9290268575154,124.22624485092516,591.559653614903,74.96396383193763,144.70669275745828,151.4905077808105,320.4076894574722,82.77613939750523,9.997171328656702,215.43650928868897,138.8741747078692,1.0,3.5261116191744803,1.0,1.0,1.0,1.0,2.8615582548081875,1.0,1.4911022577434778,1.0,1.0,1.0,2.7431118220090864
TEST_06+1일,2.669023871421814,1.0,5.922699928283691,2.080063968896866,1.0,1.0,3.208801955758616,1.0,1.25548820679506,1.0,1.0,1.0,1.0,1.0,1.0,1.0,4.525579053864895,1.0,1.0,3.8452653313408347,3.2531434335919407,1.0,1.0,1.0,4.095541343243465,5.16654477249166,4.966864598482072,12.57894980509456,12.437788675728374,4.259345072874579,4.0166893193915,6.074698895215988,4.511446058750153,1.037135590029823,1.0,4.5763373374938965,43.27633440494537,6.61125010977013,3.75204702660134,22.434307407393483,17.594175582174504,1.3059267401695251,1.5534831285476685,1.2557027799348712,1.0,1.4419129490852356,1.0,4.797537498725688,1.0,4.857345879077911,26.644588181863202,1.2805078120985685,10.118125915527344,1.0,2.667185515165329,1.0,1.0661841337655937,1.461939562116376,1.110878351123863,1.0,20.440140832183435,10.307915389178124,4.416376699054339,13.038754125647399,8.62397627270167,1.0,1.0,1.3355013492787453,4.520882070064545,1.047310646762927,1.659255176782608,3.2634033262729645,1.0,1.0,4.377382725477219,1.0,1.0,1.8241742625832558,1.0,3.4475537538528442,3.2003473221745993,1.4154112124482143,1.6275817372684904,1.7164484993018814,2.0376698858232962,2.5423186272382736,2.7853377715531513,2.158593205237337,3.257548213005066,5.673267811536789,1.0,1.80731400847435,3.962371349334717,10.481666359573314,1.0,3.4382846125452335,1,1.0,9.674426786764222,6.360728990003998,1.3113753502141798,1.0,1.6664967238903046,1.0,51.26058577591175,12.596869526202445,36.979741741599526,5.462359391290214,2.475353791536901,1.4215824007987976,4.587380751925209,1.0,1.2815146148204803,1.0,1.0,1.0133814774887042,2.2319045972628078,1.0,1.8978410214185715,1.1118474164411931,1.0,2.204687986102859,1.0,1.0,1.0,1.0,1.0,1.0,1.0,1.0086152707696507,1.0,1.0,13.246815715633609,4.967925853937331,3.9464425974757793,4.83026921749115,4.178368449211121,2.6999081981218165,2.2536396980285645,10.40778398513794,3.5410491569953715,1.3659451300415053,4.210712015628815,2.124144420756276,64.78976859152317,54.036039444887074,12.653096308879139,5.343742909828235,67.5468308031559,64.05190762179764,44.871890008449554,43.36484670351205,6.194290110932698,201.23063290597216,153.88362665983564,130.15806244222176,63.257053293287754,29.15843272209167,1.0067599296569825,61.6734017026127,63.3134342213294,7.252860069274902,38.88348965638288,18.616194367408752,68.04970240592957,77.95634573933698,30.779955057203967,1.0,422.3539268563659,297.8321094529629,71.76287400199422,240.9511242421474,41.86297776354185,83.50815405804607,66.01583872068093,211.65142214399185,41.43593302948764,12.665504596931855,99.831047426716,86.31828078334917,1.0,1.0,1.0,1.0,1.0,1.0,2.7647659182548523,1.0,1.4158628303557634,1.0,1.032713762531057,1.0,1.554243754548952
TEST_06+2일,2.4660971760749817,1.0,4.357391357421875,1.5791629254817963,1.0,1.0,5.348606409070896,1.0,1.0,1.0,1.0,1.0,1.0,1.0,1.0,1.0,6.289684088849011,1.0,1.0,13.31162498644113,5.186025567097992,1.0,1.0,2.170262845536125,7.8124575554679385,16.483217800525438,6.131911708491671,25.181333726963977,9.99244098154905,2.568947474041173,2.538064574590616,1.7386996820569038,2.8205256164073944,1.0,1.0,2.4209588766098022,17.191983222961426,4.670152908733561,1.8396415581821424,16.17886029139339,6.58589022018042,1.0788938403129578,1.46237735748291,1.6574111436144732,1.0,1.0,1.0,2.4338223267805166,1.0,3.0829488039016724,14.016299404650043,1.0,10.960825771093369,1.0,1.0,1.0,1.0,1.0,1.0,1.0,10.496410034120023,7.2720330169690826,7.632687675895826,10.18446479672781,7.644081142922266,1.0,1.0,1.0,1.5962029993534088,1.0,1.0943972691893578,1.5967652946710587,1.0,1.0,1.8341352492570877,1.0,1.0,1.0,1.0,1.0,1.2040379635972944,1.0,1.0,1.0,1.1594213947920202,1.0,1.6657146072677298,1.0,1.4076921343803406,1.0,15.04631872926452,1.48895725607872,1.8756979703903198,6.325989904673952,1.0,3.325546066346768,1,1.0,7.916978295722063,3.465571213620837,1.0,1.0,3.0152153381391282,1.0170223243730188,20.663101072691617,80.27521135231984,28.68558669273369,2.85277399956315,1.3023929104208947,1.0,2.808313489070973,1.0,1.0755124688148499,1.0,1.0,1.0,1.5933907047977958,1.0,1.2042559683322906,1.0,1.0,23.859784827656043,1.0,1.0,1.0,1.0,1.0,1.0,1.0,1.0,1.0,1.0,21.05384613271013,2.487389119923806,2.4623325813320895,3.193700909614563,2.4350029975175858,1.1659258148984453,1.4251212775707245,5.404903292655945,1.4296323266653692,1.0,2.3642420768737793,1.503913122760337,55.34493051469326,25.281938523104937,3.797595160751285,9.184403230669208,54.58432838320732,42.3169830887155,41.88921493291855,23.33952613056049,3.205856533135351,106.54585448792855,78.28431170241795,56.96041683124091,41.08210835978389,18.973346054553986,1.0052676677703858,39.94921718710098,44.85981380560689,5.7523685693740845,31.50802764966329,13.972500532865524,62.80567508935928,40.949394446073335,16.464557768795444,1.0,141.88855940080242,108.66265525885274,41.27233583952327,112.71485106822976,16.699937451440107,37.76974162764547,20.714160332339944,57.30267347778508,18.838665037254685,5.478739792902325,50.721835312958234,42.35210765304632,1.0,1.0,1.0,1.0,1.0,1.0,1.0,1.0,1.0168170584365726,1.0,1.0,1.0,1.0
TEST_06+3일,2.3136597871780396,1.0,3.632169485092163,1.4535047113895416,1.0,1.0,23.568666650649483,1.0,1.17705323799581,1.0,1.0,1.0,1.0,1.0,1.0,1.0,9.486938565579822,1.0,1.0,9.960055828743705,7.306947165304784,1.0,1.0,3.6170702166833264,13.357149559757499,34.21210900614322,6.208559118106151,36.302284690086836,7.1479852559386226,2.630745964915632,2.922376327308061,1.6884142979979515,1.7742973566055298,1.0,1.0,1.728774607181549,13.02131450176239,4.567745300312328,2.18842535134955,11.245012656568358,9.955589667885253,1.0,1.385738492012024,1.0,1.0,1.0,1.0,2.2405523832030414,1.0,1.7977757900953293,14.035376686230663,1.0,9.153408497571945,1.0,1.0,1.0,1.0,1.0,1.0,1.0,6.232840208167414,5.041014681820872,4.994741090107447,11.154820109045819,9.351801090620873,1.0998192707842724,1.0,1.0,2.510976791381836,1.0,1.3288340717554092,1.101539894938469,1.0,1.0,2.754043400287628,1.0,1.0,1.0,1.0,1.2055573835968971,1.4933490645544811,1.0,1.0094573974579713,1.0,1.5626127595498926,1.1771098896861076,2.2989422132359647,1.146617152619937,1.571917086839676,3.11822646856308,39.57177098124097,1.1094554513692856,2.1000155806541443,5.918315459306368,1.0,2.2653550546490706,1,1.0,8.200367203889234,3.1841808393368187,1.0,1.0,2.1050055503845213,1.0,14.931047592536801,65.21819591887504,19.43105535993153,2.611426096128792,1.3617670291638486,1.0,3.0155098317815,1.0,1.0,1.0,1.0,1.0,1.363438428209969,1.0,1.0,1.0168874880477845,1.0,24.652143935636317,1.0,1.0,1.0,1.0,1.0,1.0,1.0,1.107514990121126,1.0,1.0,11.619175887484468,2.5369016500213566,2.3824014110611036,2.517750859260559,2.3472753167152405,1.2596244895045574,1.0069487988948822,3.620203733444214,1.419577944394372,1.0,1.702478677034378,1.536986805224586,43.64000269770622,24.58107669450528,19.110887028220233,41.885348187899545,41.72611751407385,36.44326430598367,39.05301475524902,21.460283845965197,2.7478883334388247,83.86269191789386,74.31885640001423,61.23844339453048,25.215242525562644,13.429169595241547,5.580336791296492,33.013515941059524,34.4043533992599,4.373665153980255,25.97699309451549,10.401548653841019,57.593304336071014,42.87343561440484,13.88459843778665,1.0,181.6461125144836,89.76332897568395,28.71586924141526,84.77570978667262,11.793268884596875,36.53810237801576,19.66117968505928,64.64357936266354,15.877789884327356,4.372327814556481,18.490974673713303,35.02698162671105,1.0,1.0,1.0,1.0,1.0,1.0,1.0,1.0,1.0290468977764249,1.0,1.0,1.0,1.0
TEST_06+4일,1.9889076054096222,1.0,3.303128957748413,1.4530031383037567,1.0,1.0,5.702718202561517,1.0,1.0,1.0,1.0,1.0,1.0,1.0,1.0,1.0,6.387136126116765,1.0,1.0,8.14178098221019,4.768041758294137,1.0,1.0,3.0910015372294035,9.553942580967417,21.036831427727353,12.115967146649602,13.024110558728282,6.603013659893416,2.178942904750735,2.569538470359071,2.846539579331875,1.9455718249082565,1.0,1.0,1.9735291600227356,15.331049859523773,3.7136943287733915,1.915543702186489,18.88850992718862,8.791582348062635,1.0,1.2515549063682556,1.545217079110812,1.0,1.0,1.0,1.9274053564085327,1.0,1.698493331670761,11.458480008132781,1.0,9.538569569587708,1.0,1.0,1.0,1.0,1.0,1.0,1.0,7.122522836704259,4.541528852400907,1.7746799685727637,9.393899042975224,4.0693049167446915,1.1435582663035568,1.0,1.0,2.2219066321849823,1.0,1.5154379233717918,1.3612732887268066,1.0,1.0,2.4606542885303497,1.0,1.0,1.1830206960439682,1.0,1.7064080238342285,1.392581382474547,1.0,1.0,1.0,1.3801400049041934,1.6145716980099678,1.7182823151177595,1.1351495563949763,2.1141918003559113,3.628102719783783,15.010152690153362,1.0,1.0845854878425598,5.9236056494055065,1.0,2.418001110054775,1,1.0,6.897949574558972,3.335728926346508,1.0,1.0,1.6057812571525574,1.2261956926791553,6.252663068006195,51.47184577428628,17.44869402686742,2.6003077896813553,1.197283136844635,1.0232099890708923,2.7055975388052067,1.0,1.0,1.0,1.0,1.0,1.2671341404387337,1.0,1.0,1.0590382974952843,1.0,12.403465353036044,1.0,1.0,1.0,1.0,1.0,1.0,1.0,1.4369896487215654,1.0,1.0,26.70727619210613,1.8894314772961949,2.414317469321787,2.3935720324516296,2.11483396589756,1.014235384869446,1.0,3.852968215942383,1.1348056943648952,1.0,1.6077421605587006,1.332939273095454,36.25303092598915,21.166803888476764,18.441801931648946,49.299409504495266,37.31933081895113,27.96034888311167,39.12816667556763,18.124887179099545,2.57765677308488,80.57327032999544,63.02995061954796,62.55140624776716,24.112053271383047,14.229058355093,1.2666687656611084,26.700788109866266,32.511859350702565,3.3457326889038086,23.620510600507043,9.779862254858017,55.55243241786957,35.664537204301496,13.65071340019665,1.0,185.54943706731217,114.50752613839217,26.367324870244655,104.72266558950187,12.99630286959218,21.80176093267587,20.52096576014167,48.222146535106056,15.02835832809224,3.2778369687791105,17.19326379634066,22.293850477710166,1.0,1.0,1.0,1.0,1.0,1.0,1.0,1.0,1.0,1.0,1.0396006065886467,1.0,1.0
TEST_06+5일,1.8569287657737732,1.0,3.0137791633605957,1.734921634197235,1.0,1.0,28.379695028705427,1.0,1.3415521391654177,1.0,1.0,1.0,1.0,1.0,1.0,1.0,14.838672270128829,1.0,1.0,34.81723646928896,16.42154681945669,1.0,1.0,1.0,11.49059576196793,25.737651794566858,8.828258458899338,17.742301321643478,5.939297990228863,2.7424555828980113,2.640062847373328,2.0945615619421005,1.8612176924943924,1.0,1.0,1.1000469326972961,13.630386471748352,3.957309953070569,2.3636619392695004,31.279445567708123,6.723175727066263,1.033751294016838,1.2565763235092162,1.7782351600274555,1.0,1.5477967262268066,1.0,2.2470436963508504,1.0,2.274637386202812,12.973191958335693,1.0,9.37149167060852,1.0,1.0,1.0,1.0,1.0,1.0,1.0,7.53552387975251,5.411859397230287,4.819580355823817,9.246814166541288,8.511090107802872,1.0,1.0,1.1057749654509812,2.681879997253418,1.0,1.707201898097992,1.9779178947210312,1.0,1.0,2.3824587166309357,1.0,1.0,1.6961891949176788,1.0,2.1478706896305084,1.66238843840637,1.0,1.3692602224649912,1.0,1.773326838097853,1.0095439106225967,1.7978129932757643,1.1175994540908127,1.7008085548877716,2.909348390996456,39.78556613364853,1.0,1.7725059390068054,6.277560514775198,1.0,2.838012530378958,1,1.0,8.891939312777563,3.356640711953047,1.0,1.0,2.0274185032073913,1.2478480030951453,15.60661088048922,80.62990491410376,17.34792224517579,2.684208321109613,1.776163990352052,1.188613772392273,2.995837623475815,1.0,1.0,1.0,1.0,1.0,1.8903226217440001,1.0,1.9955040514469147,1.5474753604380658,1.0,68.84095052099845,1.0,1.0,1.0,1.0,1.0,1.0,1.0,2.6420924860986363,1.0,1.0,52.580902506353425,2.50136465698857,2.3988630229156174,2.714226245880127,2.16618575155735,1.3137774932666768,1.0255563259124756,5.560082793235779,1.5042778424401813,1.0,2.4196916818618774,2.046113876401452,37.47846785932779,31.400025287234623,17.92221398888472,39.88715393787971,39.905457347631454,30.444921367457393,40.90637254714966,24.54133544358312,2.627865996885563,82.71777961985279,79.53107314554494,65.52223306253182,25.458459176123142,14.034515038132666,1.9432462065947407,23.02772695531806,32.411865271973845,3.3631619811058044,24.933247228679342,11.470897227525711,57.34177702665329,37.933665305720616,18.687313162272428,1.0,151.78081332181972,61.98022656429207,29.46354997825993,60.32986028900383,14.584926166564852,22.419388063893905,22.205548175951613,38.74782610392795,18.109270014315378,3.527303161546912,26.89103981864579,28.06878433134995,1.0,1.0,1.0,1.0,1.0,1.0,1.2067314703017473,1.0,1.0,1.0,1.0,1.0,1.0
TEST_06+6일,1.9880759716033936,1.0,3.2573115825653076,1.8916985392570496,1.0,1.445597922713399,8.183414415683789,1.0,1.5824368648117688,1.0,1.0,1.0,1.0,1.0,1.0,1.0,12.613003733474969,1.0,1.0,10.7525444511402,9.754490205221634,1.0,1.0,2.678693347769392,21.438888457974898,55.96771245665657,18.801879124663998,80.02147485779506,7.93158451171964,3.8365800631290776,3.6609567190641075,5.048490822315216,1.9266761094331741,1.1920036135156489,1.0,2.0098641514778137,26.60803484916687,5.53644992479512,3.0446997409825736,24.80099786506006,10.550105608589666,1.453462839126587,1.306872820854187,1.0,1.0,3.114674687385559,1.0,3.7885865569549377,1.0,3.405696988105774,12.282408792711042,1.0,8.334769427776337,1.0,1.3586899638175964,1.271810931554294,1.1711974499854314,1.5125901692933312,1.3855314700688424,1.0,10.070031888660758,8.111297230811555,4.3221331871121915,11.790122238313145,6.597071262331866,1.4058168988338604,1.1032922094969515,1.478850343294187,4.0369197726249695,1.0,1.7687146738171577,3.4788296222686768,1.0,1.0,3.4121387600898743,1.0,1.23253290344134,2.2532109171152115,1.1006976721915471,3.057806223630905,2.148403204554125,1.4182273207147456,1.739903773373119,1.356356924577508,2.2567128208001264,1.7360138520598412,1.8009904250973845,1.613274096829342,2.2424325346946716,4.189877361059189,50.8984211780446,1.2853613495826721,2.8576093912124634,8.880346067754106,1.0,3.8428685183669367,1,1.0,7.692557262319751,5.165229667225569,1.4876517051285973,1.2303140817125178,2.7090469071828456,1.1209417826332684,15.601721513586147,59.106838714321356,18.68064590249978,4.484750517199602,2.832880016398627,1.2648515403270721,4.51635958789209,1.3367222249507904,1.0,1.0,1.0,1.0,3.213124240726479,1.3367663785897284,2.5796131789684296,1.559707830435984,1.1166902251448232,35.60840176455815,1.0,1.0,1.0,1.0,1.0,1.0,1.0,2.155402353599214,1.0,1.0,27.47193842183085,3.9448720701025297,3.8576217955163763,5.29207706451416,2.3635167628526688,2.306304403038241,1.7608681321144104,9.67574656009674,2.7641573024454726,1.3049580459756402,4.397591650485992,3.272562788679119,46.30696179717779,37.821948929351066,63.59429671787171,140.0525623778472,49.07802498340607,35.0057099493347,41.988723278045654,27.96209659784141,3.3351835105401317,86.36385512385777,98.84582323002924,85.18117478970753,31.35939410701394,15.44137394428253,1.0,35.319045749021406,39.84350867951749,4.595607817173004,29.873744773636382,14.352698802947998,60.242411971092224,45.418112112977845,19.922113850421596,1.0,251.03644694152348,162.74598317521415,34.60397688884686,91.24861185613277,18.933947712812753,43.148272762078435,31.094989583828955,101.10065173887503,25.139947243611253,5.8600594865848326,49.01533716174564,33.73576613729569,1.0,1.0,1.0,1.0,1.0,1.0,1.0845186188817024,1.0,1.266724605113268,1.0,1.0,1.0,1.1427542720455677
TEST_06+7일,2.366667687892914,1.0,4.649174690246582,2.1860185265541077,1.0,1.407728282765168,6.853948822517496,1.0,1.594794621263467,1.0006021196106145,1.0,1.0,1.1341171342454124,1.0,1.0,1.0,5.270166257252146,1.0,1.0,14.014918206826842,109.76902381027001,1.0519099508986867,1.0,1.0,12.568877337236163,18.83107591951998,3.465955498816774,29.427710294324996,10.08482995780328,4.675835410021509,4.527265060012261,8.362317144870758,2.72806316614151,1.7502533716543873,1.0,4.322437942028046,48.79961109161377,7.603418003789297,4.606541784691798,32.312843099511134,14.163247752921043,1.4162133634090424,1.2964851975440979,2.4620087323330395,1.5373792141900449,3.268047571182251,1.0,6.119785469560867,1.0,4.780238687992096,27.017450511819376,1.794026229481831,9.78231954574585,1.1222296146380604,2.670905739068985,1.2916595435669262,1.3940925458708415,1.9824317081077214,1.66748403528782,1.0,18.24506790420941,10.440219008947102,9.059433088438496,18.94511716055932,7.407383440596759,1.8117323099499423,1.3290069892056722,1.7347290278317125,5.372782349586487,1.3460121870612785,1.7923852801322937,3.9070169925689697,1.6595270467321825,1.0,5.8529245257377625,1.2003702673743297,1.5099863908633815,2.6998579502105713,1.6451969663657713,3.9909186959266663,3.403846530566023,1.9852554185493108,2.365181274111107,2.175660329000922,2.8194748679702197,3.607346937060356,3.3878132955429745,2.3213810691150996,3.569979965686798,6.90977942943573,1.0,1.776033639907837,7.188340425491333,12.187777399753998,1.4829095934074472,3.478846724537303,1,1.1463348301985334,5.158319893948239,9.265729421394596,2.061337381772946,1.736241441799115,4.158542630572575,1.2826620279108771,83.02692853188942,6.498520584481311,27.531195884063827,5.54536450477554,3.4196544785362413,1.5494933724403381,5.899518971723124,1.7913731932640076,1.0248830914497375,1.232221731565991,1.1761179184948283,1.1218494745023848,3.423783034558257,1.7486418930130132,3.890124410390854,2.148767309861575,1.3468537233218776,7.028803066163084,1.0,1.0,1.0,1.0,1.0,1.0,1.0,1.3378804816835905,1.0,1.0,31.73178124028597,5.576101206500107,5.51039446138842,7.046026587486267,4.349271208047867,4.056916293628711,2.687467336654663,12.520028352737427,4.147197360624775,1.9874891107392778,5.160961747169495,3.4476656620454396,57.69979561120272,29.168856840155225,36.06192873493153,20.053492658980346,52.39325098693371,48.855878782582536,42.831321716308594,35.83854516782847,6.488693362417289,148.56962919935307,181.18730184270353,175.28678961230955,42.69868056476116,22.470852881669998,1.9441065376028672,49.87979653896238,50.7570884534018,5.546137094497681,33.81670777215645,13.948833703994751,60.036139130592346,63.06135956032479,25.182125193428966,1.0,315.54460843381594,245.95214950719833,49.85444967557401,144.68327659585623,32.014346380747405,65.63155664911244,50.58339078242922,181.56849316441554,33.00983392788961,15.432590794106588,46.07614496170117,56.73177876770045,1.0,1.0,1.0,1.0,1.0,1.0,2.7507657185196877,1.0,1.7949239239096642,1.0,1.0,1.0,3.037293740734458
TEST_07+1일,2.450754791498184,11.76053597032613,6.291082382202148,1.451811045408249,1.0,1.0,1.0,1.0,1.04983688164806,1.0,1.0,1.0,1.0,1.0,1.0,1.0,1.0,1.0,1.0,5.418927364001082,1.0341169363819063,1.0,1.0,1.2931812759449604,2.198159572788188,3.7791466157308466,10.615070832193616,9.409476635084237,4.042510563974328,1.867598660946003,1.2327291794669681,1.8097258508205414,1.0,1.0,1.0,1.0,14.050759971141815,1.9309474501897304,1.4854469161247952,13.264715013141911,4.608068201056529,1.0,1.0906403362751007,1.0,1.0,1.0,1.0,2.6277693314878414,1.0,1.2415785267949104,7.660397748675726,1.0,4.673210263252258,1.0,1.0,1.0,1.0,1.0,1.0,1.0,5.371060672371406,8.04476902995185,3.1675477160600667,6.513367467386426,1.957224802413902,1.0,1.0,1.0,2.800355553627014,1.0,1.2085872888565063,1.0,1.0,1.0,1.948437362909317,1.0,1.0,1.0,1.0,1.0,1.0,1.0,1.0,1.0,1.0,1.0,1.0,1.0,1.0,3.2965006232261658,2.745419932051028,1.0,1.822197586297989,5.9730371882360025,1.1147982856743395,1.0,1,1.0,3.595441937529353,3.467636151627587,2.6650095218060095,1.0,1.0,1.0,92.12008261852915,2.949961478673236,19.582796680305854,2.891357271198977,1.3532990400111995,1.0,2.9997725986129704,1.0,1.0,1.2028824806840366,1.0,1.0,1.4425737942244252,1.0,1.7011631280183792,1.141722686467266,1.015285633312943,9.369656622571883,1.0,1.0,1.0,1.0,1.0,1.0,1.0,1.0,1.0,1.0,4.535945330387346,2.185378790290881,1.2209475830197336,1.0,1.0,1.0,1.0,1.0,1.0,1.0,1.0,1.1198551604047817,5.278511819429696,1.0,10.757012593094572,97.61377869217557,6.874855995178223,1.0,5.711317464709282,1.0,1.0,4.5237097257528855,1.0,1.0,11.29529046267271,5.651703484356403,1.0,1.4265226751565934,5.819031724203916,1.0,2.0306500004490315,2.618633173406124,3.091317616403103,1.0,1.0,1.875099390745163,1.0,1.0,1.7301169365644455,1.0,1.0,1.0,1.0,1.0,1.0834248595871032,1.5185617190844964,1.0,1.0,1.0,1.0,1.0,1.0,1.0,1.0,1.0,1.0,2.255610141903162,1.3210950419306755,1.1369026839267462,1.0,1.0
TEST_07+2일,1.0,38.22542148962648,1.0,1.0,1.0,1.0,4.87067975381784,1.0,1.0,1.0,1.0,1.0,1.0,1.0,1.0,1.0,6.86501061134045,1.0,1.0,43.245306195847974,5.206789970628135,1.0,1.0,1.278627717361892,15.423956648636608,9.603277142346498,1.0,7.9947796986923505,2.9014685966974008,1.0,1.0,1.0,1.0,1.0,1.0,1.0,1.0,1.0,1.0,4.3635439890419185,1.0,1.0,1.0393682837486267,1.0,1.0,1.0,1.0,1.3838403783738613,1.0,1.0,4.1814245670391585,1.0,4.297263741493225,1.0,1.0,1.0,1.0,1.0,1.0,1.0,1.0,2.7952517617868495,2.154702274742656,1.143953123312835,1.0,1.0,1.0,1.0,1.0,1.0,1.0,1.0,1.0,1.0,1.0,1.0,1.0,1.0,1.0,1.0,1.0,1.0,1.0,1.0,1.0,1.0,1.0,1.0,1.0,1.0,3.218112915710431,1.0,1.0,1.0289955019950867,1.0,1.0,1,1.0,4.311481508720164,1.0,1.0,1.0,1.158420659370026,1.0,6.511203536702148,17.071624435757812,11.084949015420145,1.2880241058633752,1.0,1.0,1.0863784670829773,1.0,1.0,1.0,1.0,1.0,1.0,1.0,1.1371930316090584,1.0,1.0,8.07171694343652,1.0,1.0,1.0,1.0,1.0,1.0,1.0,1.140317964926362,1.0,1.0,5.4800434426545035,1.0,1.0,1.0,1.0,1.0,1.0,1.0,1.0,1.0,1.0,1.0,2.498288248665631,1.0,4.046773535940854,188.30773837314874,5.447539716959,1.0,3.7640830501914024,1.0,1.0,2.5680675166655744,1.0,1.0,7.04169587790966,1.8708453997969625,1.0,1.1629504442214966,2.4571087890329846,1.0,1.0,1.7945014759898186,1.1991276144981384,1.0,1.0,1.0354513674974442,1.0,1.0,1.1413080871105195,1.0,1.0,1.0,1.0,1.0,1.0,1.0,1.0,1.0,1.0,1.0,1.0,1.0,1.0,1.0,1.0,1.0,1.0,1.0,1.0,1.0,1.0
TEST_07+3일,1.0,45.01021876541623,1.4278340339660645,1.0,1.0,1.0,3.980605248489314,1.0,1.0,1.0,1.0,1.0,1.0,1.0,1.0,1.0,7.0500669070545765,1.0,1.0,16.735948515405802,3.280256408933152,1.0,1.0,1.3395636611141124,13.77038765854713,15.57340384584829,2.7740050205523095,24.39003164765844,1.0607575776055456,1.0,1.0,1.0,1.0,1.0,1.0,1.0,1.0,1.0,1.0,2.741793350573751,1.4677378580750853,1.0,1.0494794070720672,1.0,1.0,1.0,1.0,1.077699701115489,1.0,1.0,8.105732834757369,1.0,2.9920391142368317,1.0,1.0,1.0,1.0,1.0,1.0,1.0,1.0,2.3273648118101846,1.4444857064848202,2.1242325443855035,1.0,1.0,1.0,1.0,1.0,1.0,1.0,1.0,1.0,1.0,1.8573175966739655,1.0,1.0,1.0,1.0,1.0,1.0,1.0,1.0,1.0,1.0,1.0,1.0,1.0,1.0,1.0,3.1905743162835396,1.0,1.0,1.226752782124231,1.0,1.0,1,1.0,4.562537755482498,1.0,1.0,1.0,1.0,1.0,9.381511723940601,12.31994715413391,4.028297275125753,1.609271073599884,1.0151822485029698,1.0,1.5014702796936035,1.0,1.0,1.0,1.0,1.0,1.0,1.0,1.0,1.0,1.0,21.898548868694085,1.0,1.0,1.0,1.0,1.0,1.0,1.0,1.4348419658839702,1.0,1.0,27.92361924764658,1.0,1.0,1.0,1.0,1.0,1.0,1.0,1.0,1.0,1.0,1.0,1.2921135812066495,1.0,16.082718513720312,21.17874085428247,3.591211974620819,1.0,2.036195755004883,1.0,1.0,1.0,1.0,1.0,5.243928071111441,1.0,1.0,1.0,1.0,1.0,1.0,1.1580207683146,1.0,1.0,1.0,1.45592600107193,1.0,1.0,1.0,1.0,1.0,1.0,1.0,1.0,1.0,1.0,1.0,1.0,1.0,1.0,1.0,1.0,1.0,1.0,1.0,1.0,1.0299700107425451,1.0,1.0,1.0,1.0
TEST_07+4일,1.0,26.444843091897827,1.3238646984100342,1.0,1.0,1.0500389218330384,4.422497069065397,1.0,1.0,1.0,1.0,1.0,1.0,1.0,1.0,1.0,17.274465736017742,1.0,1.0,21.903771454081795,5.707249038843326,1.0,1.0,3.888115131253433,18.148624292327987,20.815733740067763,5.161519822936512,19.852921205823527,1.066427028866199,1.0,1.0,1.1131239160895348,1.0,1.0,1.0,1.0,1.0,1.3309528314153531,1.0,8.401166685112532,1.0,1.0,1.15457284450531,1.0,1.0,1.0,1.0,1.2299044921994209,1.0,1.0,3.5433786334325825,1.0,3.411790907382965,1.0,1.0,1.0,1.0,1.0,1.0,1.0,1.0354552120017704,1.5310845341727584,2.011376308615704,2.0354503951965968,1.0,1.0,1.0,1.0,1.0,1.0,1.1162001639604568,1.0,1.0,1.0,2.2084392458200455,1.0,1.0,1.0,1.0,1.0,1.0,1.0,1.0,1.0,1.0,1.0,1.0,1.0,1.0,1.4082059971988201,1.0,1.0,1.0,1.2853775460730255,1.0,1.0,1,1.0,7.159651924250017,1.091519957941688,1.0,1.0,1.0,1.0,1.0,11.641786641234779,4.121554073691368,1.0,1.0,1.0,1.292563218804078,1.0,1.0,1.0,1.0,1.0,1.0,1.0,1.0,1.0,1.0,16.641066649249694,1.0,1.0,1.0,1.0,1.0,1.0,1.0,2.076173072308302,1.0,1.0,19.827755755536483,1.0,1.0,1.0,1.0,1.0,1.0,1.0,1.0,1.0,1.0,1.0,1.0,1.0,17.82464711650326,52.77100746952502,3.6478975592181087,1.0,1.4529975727200508,1.0,1.0,1.0,1.0,1.0,5.99185998737812,1.0,1.0,1.0,1.404589416203089,1.0,1.0,1.0508963093161583,1.0,1.0,1.0,2.067929059267044,1.0,1.0,1.0,1.0,1.0,1.0,1.0,1.0,1.0,1.0,1.0,1.0,1.0,1.0,1.0,1.0,1.0,1.0,1.0,1.0,1.6196210850030184,1.0,1.0005182077176868,1.0,1.0
TEST_07+5일,2.3214370012283325,68.23377011803478,2.224989175796509,2.7656152844429016,1.0,1.0353371232748032,20.257077687134103,1.0,1.0,1.0,1.0,1.0,1.0,1.0,1.0,1.0,28.270799151601686,1.0,1.0,53.226331049446046,20.48136467571881,1.0,1.0,8.294692893134497,27.132299620699616,34.28889824896227,5.768458590665277,25.262115733914193,1.1424238678238394,1.0,1.0,1.51219105347991,1.0,1.0,1.0,1.0,4.056753903627396,1.2391654132083456,1.0,8.829972962908318,3.0578906977990847,1.0,1.3187451004981994,1.0,1.0,1.5769542753696442,1.0,1.4864985060492728,1.0,1.0,5.058738284697988,1.0,3.811925023794174,1.0,1.8730833381414413,1.0,1.0124351635400646,1.0,1.0,1.0,1.347426348375163,2.9259649723877024,1.0,2.09900088881258,1.3470928733079066,1.0807589338646246,1.0,1.0,1.0,1.0,1.35947797447443,1.1051500737667084,1.0,1.0,2.254054695367813,1.0,1.0,1.0,1.0,1.1764766350388527,1.0,1.0,1.0,1.0350876021737527,1.0,1.0,1.0,1.0,1.0,1.5398702137172222,18.661217473165166,1.0,1.0578754544258118,1.58427386450647,1.0,1.0,1,1.0,9.5341996795516,1.0,1.0,1.0,1.0,1.0,14.87797891541926,15.220536871135735,6.636581480802081,1.2596455479632023,1.0485160902142525,1.0,1.1500207076567879,1.0,1.0,1.0,1.0,1.0,1.0,1.0,1.910947635769844,1.0,1.0,56.80046769289088,1.0,1.0,1.0,1.0,1.0,1.0,1.0,3.727450655400753,1.0,1.0,47.361100800861976,1.0,1.130924527471937,1.0,1.0,1.0,1.0,1.0,1.0,1.0,1.143069863319397,1.0,1.9659719374030828,1.0,25.32952626641626,64.30798750827098,4.6980896051973104,1.0,2.4983983263373375,1.0,1.0,1.0,1.0,1.0,7.283777073957026,1.334047008305788,1.0,1.0,2.8673633323283862,1.0,1.520734569225993,1.6934275701642036,1.2444245144724846,1.0,1.0,2.700813412666321,1.0,1.0,1.0732401490211487,1.0,1.0,1.0,1.0,1.0,1.0,1.0,1.0,1.0,1.0,1.0,1.0,1.0,1.0,1.0,1.0,1.0,1.102117654401809,1.0,1.0,1.0,1.0
TEST_07+6일,8.153266906738281,29.744701805329264,8.114840507507324,8.327378034591675,1.0,1.3200132046620254,23.685187328711276,1.0,1.7270918702929752,1.0,1.0,1.0,1.0457713163895308,1.0,1.0,1.0,23.2476825599892,1.0,1.0492559271769049,40.90751156435195,21.46561996671829,1.0,1.0,5.042031738327291,23.027324357955962,33.039587760711846,8.949668246966045,65.54453758973578,3.465259128890776,1.7874641473262995,1.7897840352157188,3.5759592801332474,1.5546224266290665,1.0,1.0,1.0,19.038594722747803,2.533231406658683,1.4922597729059648,26.21541630677627,5.5571223478170815,1.0,1.3921985030174255,1.0,1.0,3.0962252616882324,1.0,2.7796262702661316,1.0,1.3013566955924034,7.2856909139785735,1.0,3.8117077350616455,1.0402621811094708,3.116527497768402,1.0689560778397165,1.202625912971532,1.0,1.362531615474269,1.2269941717386246,7.173480160617797,5.0361581384798715,3.583192575514392,3.061912930910012,2.764939049952978,1.3429282723685882,1.2941618388367053,1.0,2.2378936409950256,1.3724508160465345,1.362919919192791,1.9588782787322998,1.0,1.0,2.7180019319057465,1.1324534906079216,1.0,1.0,1.0,1.2759330868721008,1.1438428320177316,1.1115372015979113,1.0,1.444993330218837,1.4325062017794885,1.3481704518198967,1.7143380247760613,1.1869907552308554,1.702263057231903,3.0468941628932953,22.806813160567142,1.0,2.013392299413681,5.661587828414639,2.4323624077630894,1.0,1,1.0,13.584981624967007,3.0373551552858564,1.993227073182718,1.1192643627551875,1.1839622234179403,1.0,16.834203033402936,21.28038051863897,7.724383560078033,3.8271438152915986,1.9651150655067675,1.0,2.611071671525351,1.0,1.0,1.4127042911435177,1.0,1.0,1.6266035299379848,1.172100710560113,2.5016601383686066,1.5517991730358243,1.5225757195919787,35.112662703415886,1.0,1.0,1.0,1.0,1.0,1.0,1.0,2.47960307139274,1.0,1.0,16.812566699734216,2.9863303670925014,2.1405672634357993,3.6713263392448425,1.5928588807582855,1.4123356163942633,1.4301484823226929,5.477573275566101,1.9086630765600803,1.5059070748858399,4.357790052890778,1.8013831632509252,3.6873777667060494,1.0,49.75718314717332,90.79484574043735,6.354596484452486,1.0,5.808935545384884,1.0,1.0,4.823371577547885,1.0,1.0,11.28709760401398,3.1327399723231792,1.0,1.2172970950603486,5.379275351955605,1.0,3.3735268492043193,2.3221395537257195,3.598375730216503,1.0,1.0,4.028843641281128,1.0,1.0,1.345348033308983,1.0,1.0,1.0,1.0,1.0,1.0,1.619508150750043,1.0,1.0,1.0,1.0,1.0,1.0,1.0,1.0,2.397221438586712,1.0,1.8630545823834836,3.1125969253480434,1.0,1.0,1.0
TEST_07+7일,9.831379055976868,21.474452979733897,13.130319595336914,8.643877506256104,2.1596062183380127,1.9782709589534617,3.5902878680346157,1.0,3.146168203263035,1.4788733032145869,1.0,1.0406766086816788,1.113514950553454,1.0,1.0,1.0,1.0,1.0,1.902482155025114,3.1635754573206047,3.42226898411172,1.714833261419464,1.0,1.0,3.1846021158899127,3.4028102904961823,17.669370016038492,18.08163585953191,5.115394106861407,5.26025685693231,5.552393704933223,4.470971122384071,1.7093249782919884,1.4474728689033485,1.0,1.3398756086826324,30.54793882369995,3.849171417192031,2.6317184007246484,21.540307970404704,7.789185177105853,1.0,1.4760662794113157,1.0922026628143706,1.1478170415879396,3.0166488885879517,1.1478170415879396,5.073676981824293,1.0,1.7964964509010315,17.635483307848546,1.4933021262386312,5.385225683450699,1.3843104793265497,2.6899567991495132,1.2437265390667758,1.5092559425063814,1.4968599237221172,1.9388545869599234,1.4478111267089844,12.604602386283227,8.939222705310124,4.94801472661145,11.220968974226013,5.039568407555843,2.030881174745586,1.641791519326755,1.3763696701650114,4.2786940932273865,2.1135473649090786,1.296146996319294,1.9882776737213135,1.3965014821200636,1.0,3.611358016729355,1.5025365871113845,1.0316786077418696,1.0,1.1777944472232234,1.596119150519371,1.5063888398833956,1.6139051286407198,1.2450697013939889,1.7355554118181158,2.0654618399198084,1.9709361344575882,1.645983628449255,1.8552879710015373,1.914651095867157,5.495874777436256,5.666915126554279,1.0,4.77495402097702,10.110668575273356,3.781732253599973,1.9222630809850072,1,1.2174364467280494,5.19907615173555,8.686504987429455,4.850451089323021,2.0430407573169447,2.056022369861603,1.0,78.7415417237117,17.163969851626252,16.172279018677497,9.012742138923493,3.5897340695862914,1.0,5.531938444729445,2.132151424884796,1.0,2.748087711015864,1.2779316445010291,1.126112810213634,3.088713786957443,1.9976451156616253,3.6635613441467285,2.97246482273983,2.464598019934549,29.0497422194391,1.0,1.0,1.0,1.0,1.0,1.0,1.0,1.057153373002924,1.0,1.0,3.877149600503313,6.962504306788562,2.847968667348934,4.922452867031097,2.9523561894893646,2.682475068791006,2.525709867477417,9.278225898742676,5.0032940054283515,2.6350675424107455,5.034045577049255,3.669590038657802,5.883650938048959,1.0,32.513209353498794,68.80524962117592,7.413057552650571,1.0,6.988366283476353,1.0,1.0,4.685840172900728,1.0,1.0,14.062363291159272,6.8017152547836295,1.0,1.2643772840499878,8.311972994773193,1.0,4.423818215129944,2.911844275891781,4.272076077759266,1.0,1.0,4.5024725794792175,1.0,1.0,1.7742329120635987,1.0,1.0,1.0,1.0,1.0,1.1377739970572294,3.2077317244584793,1.0,1.0,1.0,1.0,1.0,1.3250880129635334,1.0,1.0,6.806193515658379,1.0,3.7041567200794816,5.920190364122391,1.0373453437816351,1.0,2.0356184946838765
TEST_08+1일,4.597734212875366,4.934186932488739,9.083598136901855,3.4958934783935547,1.0,1.7265504416988329,3.200018799469946,1.0,3.1914752481102973,1.0,1.895967339698847,1.0,1.0,1.0,1.0,1.0,1.5761482484849805,1.0,1.0,1.3497158566489815,4.437130910618346,1.2602006671399986,1.0,1.0,6.753829653715028,2.6544487137763166,7.8979144898317015,13.35650432805945,16.389442063140315,4.048988821274072,3.8091865920954073,6.596887975931168,1.513504832983017,1.1079561245663287,1.0,6.615885496139526,42.55513322353363,1.0,2.791839484145166,25.315496834631183,20.285572316165382,1.0377876460552216,3.795709442078004,1.0,1.051699746368695,1.7244872450828552,1.0,3.443013567644458,1.0,5.200491368770599,7.784380640736435,1.3200554227908237,6.306024730205536,1.0,2.568482458591461,1.4930290711283685,1.8673957943869093,1.715606744900107,1.0,1.0,9.72958461582815,10.887776076193084,20.880549212795163,9.30603725167509,17.273361573320017,1.6882721717288922,1.0,1.8329422516599192,3.1083059310913086,1.0,1.531921774148941,1.7247456014156342,1.3698629757385643,1.0,3.0845459699630737,1.0170207351446152,1.0,2.0360246300697327,1.0,2.2832098603248596,1.0,1.0,1.0,2.094308263575192,1.624450221687272,2.5482485443353653,5.976183573560885,1.4535481957356002,3.1277725100517273,5.249810084700584,4.584282875142592,1.0,2.641874849796295,5.987632127717218,1.0,1.1638596865175699,1,1.0,22.572093945899912,5.89446885806413,3.3126671990753005,1.0,3.1332903341954386,1.0,201.07030291771733,4.915801689903736,33.863075302428065,2.597747915939218,1.9778655572539652,1.0,2.4088596788996446,1.0,1.0,1.692869836716105,1.0,1.026469671138113,1.0,1.0668629081549885,1.983473002910614,2.306618517686754,1.0,23.39968606060028,1.0,1.0,1.0,1.0,1.0,1.0,1.0,1.0,1.0,1.0,1.3542192123568721,1.499739048945518,1.2345229244877225,1.0,1.0,1.0,1.0,1.0,1.0,1.2017567299610419,1.0,1.0771598871696633,6.5040898295119405,1.0,7.406480587963363,1.0,9.128385942429304,1.0,7.205070599913597,1.0,1.0,10.624799908796398,1.0,1.0,21.11968944594264,7.388468399643897,1.0,1.0,8.530030163399353,1.0,5.21021807053744,3.2045202255249023,7.974962495267391,1.0,1.0,7.671127915382385,5.892097784880109,5.8375514857610495,1.791942659020424,3.8447278608765356,1.0,3.091377799839638,10.916613666269761,15.803992054180496,1.9036422221522675,2.381520777769398,2.8588411017623625,2.6634689226325756,52.026000602817305,44.90755551939029,50.082378756030344,25.470461398363113,34.33804815364326,40.54449473087441,49.588085412979126,327.6872755292014,60.59722767551981,58.935441076755524,159.01444902958633,21.503854062093357,59.27953245961358
TEST_08+2일,1.0,25.71274367537478,2.5308127403259277,1.0,1.0,1.0,14.487371423284106,1.0,1.351158623777081,1.0,1.0,1.0,1.0,1.0,1.0,1.0,19.880544583149778,1.0,1.0,22.717941154239057,17.107983727304912,1.0,1.0,1.1080608951746695,10.905051994193405,13.728214162727578,1.8821353774215057,7.910555696597157,12.22807577141498,1.7947844715998118,1.687117580172478,2.4006948843598366,1.0,1.0,1.0,1.91777765750885,19.45851719379425,1.0,1.3286221107447902,18.789617519844665,10.634085150995691,1.0,1.8085088096817292,1.1306960082715964,1.0,1.0,1.0,2.1322721447035855,1.0,3.031890630722046,4.776156484521638,1.0,5.889074385166168,1.0,2.5142812728881836,1.0,1.1113487918434077,1.0,1.0,1.0,2.3384747823118253,6.181984887862122,12.276235019230286,4.127914830575016,3.183370461432253,1.0,1.0,1.0,1.0,1.0,1.060682013630867,1.0,1.0,1.0,1.1399530991911888,1.0,1.0,1.0,1.0,1.0,1.0,1.0,1.0,1.0,1.0,1.0,1.952878894207016,1.0,1.300169825553894,1.0,9.120379461381676,1.0,1.3072630763053894,2.453198989011213,1.0,1.0,1,1.0,14.095245479372155,2.389082428238779,1.257432661789308,1.0,4.036815010948387,1.0,46.54212838172704,69.36293402327006,15.888309019148608,1.0,1.0,1.0,1.0,1.0,1.0136853158473969,1.0,1.0,1.0,1.0,1.0,1.2694181129336357,1.0,1.0,18.568925301552852,1.0,1.0,1.0,1.0,1.0,1.0,1.0,1.2552698716521262,1.0,1.0,21.668520020275132,1.0,1.0,1.0,1.0,1.0,1.0,1.0,1.0,1.0,1.0,1.0,3.674967547878623,1.0,17.61769201609922,62.89804383759521,7.625975040718913,1.0,5.046430215239525,1.0,1.0,5.6719760254871385,1.0,1.0,14.36257440596819,2.934813864529133,46.293341517921654,1.0,4.605942874370626,1.0,2.554751541123761,2.301587328314781,6.030849859118462,1.0,1.0,2.799898087978363,1.0,1.514121389001453,1.1976499140262604,1.0,1.0,1.0,1.0,5.96329644241618,1.0,1.0,1.0,1.0,14.164421576725864,8.019686846698193,14.730117496164887,4.900137260556221,11.478261294563557,11.474982719410542,5.658601261675358,122.72860253657129,15.249218643937644,47.17611148953438,31.740575898573784,15.116234011735859,21.313765417953558
TEST_08+3일,1.0,46.5372894624723,3.2182719707489014,1.0,1.0,1.2938723187780583,13.224291028640021,1.0,1.9742464152984112,1.0,1.0,1.0,1.0,1.0,1.0,1.0,24.308655959566416,1.0,1.0,40.74960354114257,16.208094040796656,1.0,1.0,1.0,20.445931666943707,20.643388443558912,4.050533094325337,30.456842051745113,9.69010126220467,2.2097111889187233,2.2700490602601615,2.202686905860901,1.0,1.0,1.0,1.7266437411308289,17.54084610939026,1.0,1.506326687656502,14.896023155565906,9.710290174030142,1.0,2.1368098216463185,1.0,1.0,1.0,1.0,1.9446890495419746,1.0,1.9633976817131042,6.186542684575992,1.0,4.519750267267227,1.0,2.1886277943849564,1.0,1.2372407690709015,1.0,1.0,1.0,2.398706176476386,3.4576011784347918,10.334922469892259,5.827996698857988,7.941942979266466,1.0779325471777756,1.0,1.1912324953402156,2.373313307762146,1.0,1.278531365096569,1.0,1.0,1.0,3.495814263820648,1.0,1.0,1.0,1.0,1.758703738451004,1.0,1.0,1.0,1.378200553586392,1.0610458997777246,1.3047145307064056,2.7576412054168955,1.0,1.6153903305530548,3.6982302367687225,7.474300497419641,1.0,1.628136783838272,2.6157937499008397,1.0,1.213000794882825,1,1.0,14.472672506030253,3.3563949774188115,1.6229336127241782,1.0,2.6887680254577067,1.0,21.47309808509655,40.33674638545381,7.092975171425776,1.27306237079498,1.0784649655222893,1.0,1.4504100658012327,1.0,1.0,1.0,1.0,1.0,1.0,1.0,1.0,1.0,1.0,36.243964072602346,1.0,1.0,1.0,1.0,1.0,1.0,1.0,1.5181593351066112,1.0,1.0,36.833025334316716,1.0572220296105883,2.0303947983332775,1.0,1.0,1.0,1.0,1.0,1.0,1.0,1.0,1.0,2.188810967374593,1.0,51.321532265118435,120.25262485436261,5.410655742511153,1.0,3.294924169778824,1.0,1.0,6.324475460921139,1.0,1.0,11.068617804907262,1.517616979777813,155.99033680933258,1.0,2.541029080839445,1.0,1.6822986004083162,1.5553160980343819,3.9183927550911903,1.0,1.0,2.2768765687942505,1.0,1.0,1.0,1.0,1.0,1.0,2.9664893839811977,3.1932229920798116,1.0,1.1872968686039085,1.0,1.0,23.400016362571296,24.420442430056795,25.327968583628007,7.42567490786314,18.972118833130246,23.85587159008032,22.563706189393997,163.57081058920696,35.957484676062954,56.111518293619156,100.70705613767873,23.86293024888989,35.65785700921458
TEST_08+4일,1.4737693965435028,28.979049388752735,2.970661163330078,1.5810325741767883,1.0,1.28212329746354,14.40559468379548,1.0,2.4653074769748335,1.0,1.0,1.0,1.0,1.0,1.0,1.0,28.295489871476526,1.0,1.0,36.921102684351936,9.159891443561841,1.0,1.0,1.0698933689307843,17.806799261257915,22.96498211428112,4.407757831953536,35.92593842629699,8.20868218997436,2.01794915107994,1.904099022912214,3.2487558647990227,1.0,1.0,1.0,2.3557014763355255,22.16746610403061,1.0,1.4883215965621068,13.010535921018548,8.128961011093795,1.0246407240629196,2.0744909268977345,1.1501893831851835,1.0,1.0,1.0,1.9125291632640427,1.0,2.4482788741588593,5.714371207770796,1.0,5.268111854791641,1.0,1.6170940920710564,1.0,1.339263118084023,1.0,1.0,1.0,2.7823874642791466,3.2390942228328043,8.119679126021804,6.673696685019137,9.238090885341595,1.0387310932940597,1.0,1.321103844140525,2.3667162656784058,1.0,1.4405151084065437,1.0,1.0,1.0,3.4280179738998413,1.0,1.0,1.1802251636981964,1.0,2.565713196992874,1.0,1.0,1.0,1.5390259084476692,1.0895567211018333,1.6517730429768562,1.7610292618458505,1.0,2.1265849471092224,5.101797387003899,16.382638502747145,1.0,1.0,3.245706781147674,1.0,1.2601198983632886,1,1.0,17.610836629300998,3.8202724995052675,2.270725198820252,1.0,2.063168282883668,1.1324218407397306,29.053831506555724,52.7243015953703,9.249346893065049,1.3368965035651161,1.0757530998873233,1.0,1.2116806543378338,1.0,1.0,1.0,1.0,1.0,1.0,1.0,1.0,1.1872756203955892,1.0,24.385855945944282,1.0,1.0,1.0,1.0,1.0,1.0,1.0,2.134023828059435,1.0,1.0,32.623458577037276,1.1666224459775225,1.0,1.0,1.0,1.0,1.0,1.0,1.0,1.0,1.0,1.0,1.3214886563364416,1.0,47.980760423870294,90.87616326354481,5.226471887901425,1.0,2.2997141629457474,1.0,1.0,7.014267613283801,1.0,1.0,11.463505181483924,1.582002593204379,111.13767039817225,1.0,2.8244418578662134,1.0,2.0128390175238566,1.4024581275880337,3.2060778997838497,1.0,1.0,2.8599119186401367,1.0,1.0,1.0,1.0,1.0,1.0,2.5869177247377135,2.8456952092533188,1.0,1.0,1.0,1.0,25.807231196113115,19.147640721452227,28.491764256171766,7.957384809851646,15.64763025704891,22.45776609266142,22.575335800647736,178.58926628000913,33.59803381185257,57.39391967654228,87.28894176506834,23.592798077850933,40.53743707359003
TEST_08+5일,2.5830790400505066,89.63910464522928,2.5970730781555176,1.0,1.0,1.6731465417095037,19.61258382846082,1.0,2.4458467553286662,1.0,1.4309337401458724,1.0,1.0,1.0,1.0,1.0,62.69553921478341,1.0,1.0,62.30486362309834,26.05159783745613,1.0189564502913597,1.0,2.3663379654035115,28.983709598070213,36.38548776263998,4.884415209953994,70.75977067748941,7.801643047161674,2.729908968749094,2.371195039865822,2.745595246553421,1.363496482372284,1.0,1.0,1.0,23.368266701698303,1.0,2.0041467458938396,19.058816015311848,7.447467138832312,1.2034771591424942,2.5184653752146584,1.451554640696562,1.0,1.557808518409729,1.0,2.302483381117783,1.0,3.8459988236427307,5.546283022661894,1.0,5.904425799846649,1.0,2.217121571302414,1.0222663469542013,1.5506885386244886,1.0616414133914165,1.0,1.0,3.5857564738642824,3.221070325903889,10.582450324574511,5.664334989640866,7.012454983933665,1.1791585404283884,1.0,1.455581714060627,2.471105456352234,1.0,1.6281097009778023,1.7933637499809265,1.0517066554075958,1.0,3.4673750698566437,1.0,1.0,1.5588688105344772,1.0530778450740872,2.785247802734375,1.0,1.1142365817237323,1.0230821652187405,1.7024972485404297,1.262564055682429,1.0,3.092933444649285,1.0473156852497159,1.700291782617569,5.224773988127708,17.675774459051006,1.0519251972436905,1.7189489305019379,3.1595280844134654,1.0,1.5537080678486872,1,1.0,17.022109465616477,4.190033510080475,1.9037442551696264,1.0,2.8658540818956224,1.1107516119500052,17.738920402380977,53.12317449841616,9.369622476336238,1.5928653010507292,1.233858401717554,1.0,1.1435816535731371,1.0,1.0,1.1321828643142187,1.0,1.0,1.0,1.0,2.0645324885845184,1.266695308998081,1.0,57.31370266723917,1.0,1.0,1.0,1.0,1.0,1.0,1.0,3.8396336288112356,1.0,1.0,67.88960039906695,1.454056789403796,1.1852436766172176,1.0,1.0,1.0,1.0,1.0,1.0,1.005742679833715,1.063799113035202,1.0,2.848397647496313,1.0,39.4075395168436,70.57662313716312,6.418424796313047,1.0,3.4498923048377037,1.0,1.0,5.392553906782471,1.0,1.0,13.227878391742706,2.0005811508744955,58.82303794302666,1.0,4.337299578847891,1.0,2.9723929149593538,2.095289021730423,4.537045046687126,1.0,1.0,3.295205533504486,1.0,2.448936613530593,1.1107895106077195,1.0,1.0,1.0,2.6266873962198423,3.90900685266185,1.0,1.0756362767702614,1.0,1.0,34.035248679266346,24.670934259407602,34.55217336481709,6.7573705688118935,24.682411512109486,29.702251196885356,29.09968376159668,158.70888664178986,44.051913652704016,61.63568049669266,86.2238204986603,12.246519076169378,42.999137056917434
TEST_08+6일,7.453690767288208,49.278754023445494,7.0804572105407715,4.130063354969025,1.0,2.334755952458014,36.75913179063974,1.0,4.744462936798178,1.0,3.1652381741553848,1.0,1.0,1.0,1.0,1.0,72.6859396147601,1.0,1.0043122575875172,52.90690475784878,34.353152891784006,1.7045134658055838,1.0169784724712372,3.259067537062759,45.63969667595512,34.71099062040571,17.138694416006096,82.16103864668102,10.166681691407398,3.8920771361054545,3.2918240486884693,5.713240787386894,2.604939490556717,1.2402398643095018,1.0,1.998741626739502,44.90536379814148,1.0,2.5116760244242786,32.8755144296387,9.464439757776699,1.3786175847053528,3.619251261388734,1.9850324546977534,1.52953050874317,3.229643404483795,1.0832928540998963,3.286799784293941,1.0,5.225713282823563,7.827194364711426,1.2472833957307783,5.838032096624374,1.287794299071562,4.087748676538467,1.5330172266403639,2.4476124606670515,2.02126362845916,1.7077881192119793,1.0159023106098175,9.492187252045486,4.577179813495815,10.840425181379281,9.180349594390712,8.790651675951496,1.627094317059877,1.0606221766210555,2.0314312830054977,3.0516111850738525,1.0,1.6293921321630478,2.976803809404373,1.5687998552015041,1.348797082901001,5.1171194314956665,1.0408845057916827,1.0550372064847253,2.1591556817293167,1.5812668099275933,3.498886317014694,1.0655115126293295,1.5565072662844577,1.5196863389381123,3.204842486832624,1.8332594114246406,1.8378166481852531,8.226623515078053,1.6191157807452727,2.276826500892639,6.280808001756668,19.27456954020353,1.2557423114776611,2.9761475324630737,6.481343737084679,1.0,2.0652755688369524,1,1.0,30.369671404666583,6.540693676444967,3.2173226292444035,1.1878545731481491,3.68679054736823,1.3191102847554679,103.9777281615089,53.665357274154715,11.599665439349122,2.3272169373654545,2.3104190940404075,1.0755390673875809,2.2266941963913287,1.0,1.2740407884120941,1.7973155343261333,1.0,1.6282202732006454,1.06350384937936,1.4591325379685738,2.5629034638404846,2.17605617502957,1.0,45.04169048977149,1.0,1.0,1.0,1.0,1.0,1.0,1.0,2.5449482967130765,1.0,1.0,44.09011051304967,3.5728061375919364,2.8599642885035896,4.039061963558197,1.622438170015812,1.0561054960241003,1.6330529749393463,5.92940628528595,1.0259327465229948,1.9760014799885066,4.210318028926849,1.8776860501223986,4.845628916285932,1.0,53.95432696252036,84.59739461210066,8.346003638580441,1.0,6.722393207252026,1.0,1.0,6.947834538090316,1.0,1.0,16.590429443866014,3.8147459439933296,39.747451858710285,1.0,7.049485409380245,1.0,5.1678269314194685,2.8909707739949226,7.150763183832169,1.0,1.0,9.585564732551575,1.0,1.0,1.4134884655475617,4.777334515159141,1.761729674514717,1.0,3.301468084545292,10.850900000143508,1.0221285322411826,2.783862032258889,1.5037453681624044,1.0,33.56451339728112,26.803818122493887,33.60069557386764,12.260581701993942,27.975936373645133,27.071332150780243,44.0572652220726,235.91627892059802,46.01221718680493,61.11037731170654,113.1332897940026,36.09563192621993,41.727417683285964
TEST_08+7일,10.236904621124268,8.941082296192791,12.792041778564453,8.877845406532288,1.9678381085395813,3.177113113002191,8.854057007622874,1.0,5.45521178117789,1.274799835951344,5.053568464817357,1.0500050336122513,1.0,1.0608811676502228,1.0,1.0,16.76412227086415,1.3077640533447266,1.2360158531061296,25.408002037114535,9.449914416001242,2.693853348672254,1.4217102527618408,1.0,19.72577821699177,7.356900962616296,5.926935182104978,26.974508385386695,13.597644209926067,4.933569890809279,4.649637934577381,9.011500507593155,3.3590611070394516,1.6572699073909127,1.1539368196651834,6.794256567955017,62.354649782180786,1.0,4.149347896521679,36.65943919004425,19.78716327784616,1.3673615455627441,4.600660140709568,1.6818740307874498,2.7278743449339253,3.6128073930740356,1.4107312399625338,4.127821480560778,1.0,6.268285393714905,9.146826662423686,2.4552482798586057,7.457045644521713,1.4079004433910862,4.370799958705902,2.6154035532560567,3.4308225832790873,3.2413287857109916,2.2316386630182405,1.9105398654937744,15.69990630861382,8.640116939972824,19.39064382427837,11.789811224803204,15.958375061071056,2.2640928640386617,1.4318276113739496,2.4914332541605315,4.097873270511627,1.0,1.6469623893499374,3.1385204792022705,2.1395301456914537,1.0996530950069427,6.044072389602661,1.0561970241367817,1.159826588900105,2.7221138030290604,1.6705036109889098,3.730258047580719,1.4587871498337275,1.885614059095924,1.8835276917931214,3.4972090049100593,2.3096160247018322,3.643602579832077,3.963369859481942,1.9049580313020398,3.615482747554779,8.584779679775238,1.0,1.260790079832077,5.811659097671509,11.465190473598554,1.2197162076160806,2.003267659952841,1,1.2522564056229748,6.57964329821944,11.04071910086886,5.445636415660162,1.498519697278249,7.264259009173635,1.2532719849960743,186.78330778987475,3.5292390430246394,27.514082068776172,3.287025987458391,3.6155913302012266,1.8257150053977966,3.9316221627275487,1.773408055305481,1.675402671098709,2.8308724201167617,1.0282313846983775,1.5368652317176892,1.3806865001613973,1.7272801844120451,3.917265683412552,3.147572624629395,1.0,24.13135756232942,1.0,1.0,1.0,1.0,1.0,1.0,1.0,1.0696207278861114,1.0,1.0296529767356881,9.13759746576394,5.07807115750655,4.119690877807737,5.698651671409607,2.8800632804632187,1.6579031694888529,2.795153558254242,8.813124895095825,1.8080438763472237,3.000850309727733,5.1760804653167725,3.053326199118357,7.036688798107207,1.0,7.94501431159047,20.276420502955737,9.522074779495597,1.0,8.41482201218605,1.0,1.0,12.30035205437245,1.0,1.0,19.950348688289523,7.874668926000594,36.81463849945985,1.0,9.990443493863713,1.0772224515676498,6.854459809727133,3.5235840380191803,8.49111832678318,1.0,1.0,13.41524600982666,8.876284531982435,7.982118620779035,1.839374589920044,19.626784431849437,9.133790036369671,5.088881180249597,11.30865338099083,21.33427903191407,3.4371009976177453,2.924319310565424,10.440291396689474,5.486009720293222,48.39901696467237,38.31755701470703,48.41883283907197,25.33178150653839,36.98505926816432,42.5720464183378,49.93724584579468,344.92865046185176,68.85548335186971,67.05823540687561,143.65473495631156,37.47152513685078,61.475934283804875
TEST_09+1일,5.9153759479522705,1.0,9.389342308044434,4.198916256427765,1.0,1.7446725703969588,1.0,2.549437853547152,2.5536331938070753,1.0,1.0,1.0,1.0,2.745409235358238,19.471509269180956,1.3899748274113768,1.0,1.0,1.362875266267264,1.0,2.085006710141897,1.0,1.0,1.0,4.643813090520409,1.0,2.1516600586122108,2.520587682606167,9.962752842637576,4.853457819547229,2.6696373214525457,3.562352031469345,1.4657147973775864,1.698654997813942,1.0,6.779953241348267,46.1783549785614,1.0,4.383878510442849,29.984752602178943,16.37244324577646,1.3836455345153809,3.710340705364733,1.1537062803364109,1.0,1.6563200950622559,1.0,3.168765601519156,1.0,4.919666171073914,12.180374645604761,1.0,7.874508708715439,1.0,1.792672611773014,1.0,4.920105332975161,1.0,1.0,1.0,9.28881596932728,13.452668551701947,16.377916240728794,9.811412657189061,8.016697170784694,1.0570713634088647,1.0,1.0,3.599882125854492,1.0,1.4162678271532059,1.0287699177861214,1.0,1.0,2.1507321149110794,1.0516571059823037,1.0,1.0705450549721718,1.0,1.7937650084495544,1.0,1.0,1.2721040057651951,1.0582404545135664,1.4315302362474478,1.0,1.3887116027689077,1.0,1.7345203459262848,4.29414775967598,28.215078675098177,1.0,3.5381606221199036,6.488315388793501,1.0,1.0,1,1.0,24.918803749234282,2.504285697526335,1.3130582963527153,1.0,2.907994367116447,1.0,154.30091475447855,9.032870621698802,42.5614085629201,3.548396509912398,2.628314196257658,1.0,3.794884451280142,1.0,1.0,1.0,1.0,1.0,1.680526397636396,1.4104436784501058,1.8176229670643806,1.1908760087366859,1.0,3.0104328366804216,1.0,1.0,1.0,1.0,1.0,1.0,1.0,1.0,1.0,1.0,7.129041999867722,1.0792137145996095,1.442844161577523,1.0,1.0,1.0,1.0,1.0,1.0,1.0,1.0,1.0,7.1213383711874485,1.0,1.0,3.1507618650550793,9.527816530317068,1.0,7.579786330461502,1.0,1.0,16.05904175589886,1.0,1.0,19.87138069421053,8.190217077732086,19.759842642604948,1.0,9.153621622027481,1.097521185874939,5.4375237750953245,3.7694739550352097,8.420715719461441,1.0,1.0,10.526560544967651,1.0309174807103343,1.3813125641377635,1.8551814436912537,7.030404861414055,1.5175336494544711,10.226090901104394,18.78386279472631,10.631630995266562,1.9662504678899906,3.4847213020622396,3.556334173106154,6.285634422448479,34.247308635354955,27.052862259971132,24.77546518230408,14.684384241700172,18.49492727004866,18.278354066769563,30.863391757011414,131.4475411434759,35.24395659526884,25.664396584033966,67.43076026573384,15.229238465808809,44.06847704444681
TEST_09+2일,1.0,18.987333579392327,3.15903639793396,1.0,1.0,1.0,12.469681838435786,1.1059781468612124,1.0,1.0,1.0,1.0,1.0,1.0,10.24102083947152,1.0,25.476604315626872,1.0,1.0,25.491220016086572,15.604488703819257,1.0,1.0,1.0,5.499541705038235,15.082596836001404,6.662460355526372,15.03959321262462,7.070249284027072,2.2930257135529986,1.7658665923816748,1.7617168575525284,1.0,1.0,1.0,3.0689391493797302,20.990522027015686,1.0,1.6399977023836743,14.715037089232744,5.813830185135636,1.1912423372268677,2.5479637373588844,1.9993514073622296,1.0,1.0,1.0,2.112371883080612,1.0,3.053046852350235,7.908303464130357,1.0,8.489529728889465,1.0,1.361473761498928,1.0,1.9868805817273922,1.0,1.0,1.0,2.241176040312529,5.409371173305445,12.25229202289799,8.756254341615834,4.5315440764838915,1.0,1.0,1.0,1.0,1.0,1.0012556612491608,1.0,1.0,1.0,1.0,1.0,1.0,1.0,1.0,1.0,1.0,1.0,1.0,1.0,1.0,1.0,1.0,1.0,1.0,1.0,47.199103839615454,1.0,1.6307157278060913,3.438799735931334,1.0,1.0,1,1.0,14.803792391034644,1.4787887459980236,1.0,1.0,4.03337832882397,1.0268909364623953,20.53503484453949,23.91541800770324,19.22890471323901,1.6069093666717509,1.6311343372673475,1.0,1.973451004563728,1.0,1.0,1.0,1.0,1.0,1.0,1.0,1.0953402891755104,1.0,1.0,14.210609073139581,1.0,1.0,1.0,1.0,1.0,1.0,1.0,1.3111840613186359,1.0,1.0,17.670320190692415,1.0,1.0,1.0,1.0,1.0,1.0,1.0,1.0,1.0,1.0,1.0,4.231077459640801,1.0,3.0984275733144173,96.84485347905019,7.966992946341634,1.0,5.446139819920063,1.0,1.0,7.559710162077658,1.0,1.0,13.410994708538055,3.438111640512943,31.321131026427594,1.0,4.842284255642137,1.0,2.633889366042725,2.787343978881836,6.51601155102253,1.0,1.0,5.086321234703064,1.0,1.0,1.2529623240232468,1.0014778441704584,1.0,4.511655104395578,3.5948061664441973,4.0277646812463646,1.6591881834117714,1.0,1.0,1.0,4.625844398119592,5.5846128870322245,4.439549999877918,4.0360006131231785,6.230643871963513,4.20229092591622,7.994768470525742,24.005586054273564,11.82870346321588,11.136234737932682,13.95620495351873,6.65987451964074,14.936478418330262
TEST_09+3일,1.0,21.706184079396156,3.981076717376709,1.0,1.0,1.0,14.208453912794841,1.0,1.0,1.0,1.0,1.0,1.0,1.4494555816054344,7.8827125289009174,1.0,20.186186596286433,1.0,1.0,20.284148387549223,4.144549375312792,1.0,1.0,1.0,40.199102199988346,13.703694749806022,3.2814093914929496,23.13925051292889,4.646850028267283,2.262614378727625,2.0526128232864207,2.4810780733823776,1.0,1.0,1.0,1.39204740524292,17.822890996932983,1.0,1.5985106530820778,25.89049592741379,3.1357258290089067,1.0323593765497208,2.3459974476536303,1.4039625538073166,1.0,1.0,1.0,2.287770129736364,1.0,1.9197091907262802,9.953052374635705,1.0,7.16487592458725,1.0,1.3608084619045258,1.0,2.153115679811193,1.0,1.0,1.0,2.109024407647641,3.7633631733023787,15.641439914986323,9.993945372295915,5.228182877864366,1.195151380302035,1.0,1.0,2.314833700656891,1.0,1.2008408457040787,1.0,1.0,1.0,2.1622291207313538,1.0,1.0,1.0,1.0,1.7290455251932144,1.0,1.0,1.0,1.0,1.0863788821962999,1.0,1.0,1.0,1.36025071144104,2.555436961352825,46.00452585672271,1.0,2.113502025604248,3.1534807005307277,1.0,1.0,1,1.0,13.80739027868388,1.6692154182898356,1.0,1.0,2.1911773562258086,1.0,6.884905156122665,21.553164711922516,7.707202256131635,1.9700375102744156,2.076263282210173,1.0,2.548351178376591,1.0,1.0,1.0,1.0,1.0,1.0509109086743085,1.0,1.0,1.0,1.0,20.990628930722163,1.0,1.0,1.0,1.0,1.0,1.0,1.0,1.585030996799469,1.0,1.0,28.79814563874794,1.0,1.0,1.0,1.0,1.0,1.0,1.0,1.0,1.0,1.0,1.0,2.572423321660608,1.0,36.89136769497752,111.61381508045389,5.670743808150291,1.0,3.5476123094558716,1.0,1.0,6.687048008844655,1.0,1.0,10.146221964620054,1.952855488285422,43.34144352478812,1.0,2.5124442189062526,1.0,1.6540786741394307,1.948300987482071,4.385352022945881,1.0,1.0,2.7472493052482605,1.0,1.3148214062561554,1.052408355474472,1.0,1.0,2.6482780085477144,3.1961548065892638,1.0,3.164907048458987,1.0,1.023031075029789,1.0296804422171026,11.274945861641488,10.783662096867154,7.946592691956198,6.231405325233936,8.965172833856005,5.655884105088954,10.942819193005562,26.34836462355574,19.691282528841214,15.064848586916924,34.74113538255632,17.60123693763755,14.273425982477537
TEST_09+4일,1.9982311129570007,27.02024982826568,3.5647122859954834,1.3773998618125916,1.0,3.4779200088164712,15.94651679541246,1.9295826075856841,1.0145936826713369,1.0,1.0,1.0,1.0,1.9912435859441757,8.537231707298254,1.0,30.690833015355548,1.0,1.0,35.149912344549335,13.993767938963348,1.0,1.0,1.0,11.527884751751495,6.425110143255011,5.811688713279393,19.333762515914717,4.06358714962334,1.733589438830732,1.4066491060373192,3.405366361141205,1.0,1.0,1.0,2.3434142768383026,22.17621660232544,1.0,1.333923719311504,17.704551385763935,3.3628605850547117,1.17975153028965,2.0844281243824216,1.443822391813355,1.0,1.0,1.0,1.8996822622606886,1.0,2.2197402119636536,11.846893098824285,1.0,7.97544926404953,1.0,1.0940693691372871,1.0,1.0044585129408996,1.0,1.0,1.0,2.4682644553551016,3.4694000392645354,10.603988286224308,6.16908456004102,5.17639762844208,1.0,1.0,1.0,2.3819026350975037,1.0,1.337512917816639,1.0,1.0,1.0,2.4084680676460266,1.0,1.0,1.0,1.0,2.5078146159648895,1.0,1.0,1.0,1.0,1.1392350851293198,1.3907281681895256,1.4524218727859453,1.0,1.7633460462093353,3.5114631429314613,27.274152972043176,1.0,1.3301795721054077,3.431252572546235,1.0,1.0,1,1.0,16.20624910394921,1.6105620808002314,1.0,1.0,2.118777320447002,1.0,3.7546855053419392,31.45436205480151,10.09456678830737,1.87512684594692,1.6714470642375745,1.0,2.2027391952599045,1.0,1.0,1.0,1.0,1.0,1.0,1.0,1.0,1.0,1.0,21.396975755477474,1.0,1.0,1.0,1.0,1.0,1.0,1.0,2.334260543435812,1.0,1.0,12.068734790906204,1.0,1.0,1.0,1.0,1.0,1.0,1.0,1.0,1.0,1.0,1.0,1.7662532443646342,1.0,29.766935312757532,69.95929744756413,5.4030547644943,1.0,2.4454061575233936,1.0,1.0,5.868919314266436,1.0,1.0,10.423226224258542,1.9723928049206731,60.11286412191866,1.0,2.706038615369656,1.0,1.6924828034607202,1.7591211050748825,3.63788728043437,1.0,1.0,3.474721610546112,1.0,3.044291155312382,1.0,1.0,1.0,1.0452833388893885,1.7829673367093484,1.0,1.0,1.0,1.0,1.0,10.63794485260188,8.272406233321686,10.304885214705727,5.573461763560772,8.39324874548256,7.339965989195997,11.349944099783897,33.45627027060733,20.396316475615958,17.166592180728912,34.573964305544756,8.57409445016633,17.941479339372894
TEST_09+5일,2.8022760152816772,78.52689773530653,3.1317861080169678,1.0,1.0,1.4111176010230746,40.12714573595213,1.266463474018859,1.4045610705976799,1.0,1.0,1.0,1.0,3.614831641316414,12.18912184149215,1.0,100.4122672936605,1.0,1.0,73.87208630357867,33.26175604878605,1.0,1.0,1.0,18.239959210496174,17.240203421727575,14.20781036479531,23.848241462986664,3.9373981647707286,2.2240465577284207,1.8398585888738432,4.281702786684036,1.5759297832846642,1.0,1.0,1.0,22.73698741197586,1.0,1.9065575494470681,21.35524579205409,2.6163785416143623,1.4048010110855103,2.3960168599966094,1.5997444701984813,1.0,1.804167479276657,1.0,2.624965932935841,1.0,3.405164271593094,5.901108520549702,1.0,8.072455316781998,1.0,1.6259321942925453,1.0,2.934735647691586,1.0,1.0,1.0,3.2404983507159604,3.0538968628908996,8.507822402097004,6.323664031241678,4.143181218832999,1.0,1.0,1.0,2.4180442094802856,1.0,1.5177003666758537,1.4399106055498123,1.0,1.0,2.3126190900802612,1.0137406170368195,1.0,1.0,1.0,2.604046493768692,1.0,1.0,1.0,1.0014088906536451,1.5885959026528318,2.3391808569431305,1.0545918955036009,1.0,1.5734775364398956,3.9181409031152725,74.45641124121417,1.0407331585884094,1.8072058260440826,3.3795381905901376,1.0,1.0,1,1.0,17.557482293244238,1.6704284313176325,1.0,1.0,2.8561276817786507,1.0,6.843140091370669,42.53673337256531,12.936654787029195,2.5604440394426975,1.9479486178048622,1.0,1.8113560894539222,1.0,1.0,1.0,1.0,1.0,1.0248844643486283,1.0,2.020498886704445,1.0,1.0,50.476146289966515,1.0,1.0,1.0,1.0,1.0,1.0,1.0,4.049438537657261,1.0,1.0,32.217348948046265,1.0,1.0,1.0,1.0,1.0,1.0,1.0,1.0,1.0,1.0773824155330658,1.0,3.2220819778740406,1.0,37.52330164629924,136.96424779466773,6.749364547431469,1.0,3.6173295602202415,1.0,1.0,6.939010365846036,1.0,1.0,12.243260408751667,2.3265395667403936,68.53771993600003,1.0,4.165202704338275,1.0,2.958678701996469,2.5214208215475082,4.962676465511322,1.0,1.0,3.3101293444633484,1.0,1.0,1.1468528985977173,1.1455448725050328,1.0,1.3447826605803463,1.0,1.0228284799587009,1.0,1.0,1.0,1.0,13.991833636644913,8.719709491306368,12.488074819366732,5.976458638906479,8.94728681937984,6.496627708279291,11.771251559257507,52.55431859564041,19.095170428876095,19.902043044567108,44.6626000711753,11.221173948471524,16.16907322964987
TEST_09+6일,6.729328632354736,31.05274718756553,7.798472881317139,3.292014002799988,1.5227892994880676,2.755112363157922,22.026031184866575,1.8766566055515035,2.756933183190621,1.099215852994855,1.0,1.0,1.0,6.186422109603882,21.05241443974728,1.5844480979187714,38.402916967604966,1.134880855679512,1.7056350324101701,56.05828684143557,18.910041364242407,1.0019425660371781,1.0,1.3128850080269823,21.42366733540358,23.732095054817542,10.844969735561147,24.7390972031639,6.152484621622361,3.587379081689304,2.9166300512900776,7.317366868257523,2.9589879512786865,1.6630505525357986,1.0,1.0,38.54106593132019,1.0,3.1849352624642,20.470571646529088,6.655061398996499,1.6521534323692322,3.617879294800645,1.497926421701388,1.0,3.235519528388977,1.0,4.138406751576442,1.0,4.629191100597382,12.318026669218435,1.0,7.485803842544556,1.0,3.2266851514577866,1.1777527146210516,2.8338077178325345,1.0,1.2025262925572648,1.0406579822301865,8.642811753252118,4.013475280846342,10.082835844573712,12.034187019116695,6.753080691091108,1.4949058713318406,1.0,1.3140130212928047,2.9088109731674194,1.0,1.5559715777635574,2.5013957917690277,1.2328028294987932,1.0,3.089983284473419,1.4971880728823324,1.0,1.3037918508052826,1.3210390636612017,3.148158550262451,1.0,1.0,1.5914942536109806,1.5854402907379488,1.8357897065193916,2.825898304581642,2.066677211471511,1.3968555037379353,2.509312629699707,5.441683918237686,65.44822903874672,1.2645623087882996,3.0810970067977905,7.372019212886732,1.0,1.320262819338101,1,1.0,32.68001971408268,3.1372824708578806,2.3757364921202395,1.2467335036422005,4.083939697540034,1.1237819318569422,28.075978361546365,51.808219949843654,15.423102645885903,3.602192501730635,3.671162380233273,1.2204203009605408,2.8797384305308427,1.0,1.0,1.141494063787884,1.540356327000915,1.0431978744973234,1.7820383235325803,1.5368210917522238,2.5729528069496155,1.569868924259859,1.0,27.60608423078026,1.0,1.0,1.0,1.0,1.0,1.0,1.0,2.4555870831012725,1.0,1.0,48.61198208245813,2.3904118519475404,2.154534943058508,4.172221124172211,1.671513319015503,1.154535721644831,1.9225896894931793,6.041969656944275,1.1075892129594274,1.0,4.256744980812073,1.1303844133073278,5.4089669957757,1.0,84.3538280596199,136.3999347256606,8.77847871184349,1.0,6.8405230566859245,1.0,1.0,10.905032498920159,1.0,1.0,15.819900071248412,4.200599808245897,58.90796855017773,1.0,7.0900184157521835,1.0,5.424501246234407,3.48348568379879,7.6156483218073845,1.0,1.0,8.195416927337646,5.827646990389289,7.948826851093195,1.478808979690075,3.02786174478502,1.0,4.099563043390233,4.1764205320021945,3.6564885009222765,2.0615241545481497,2.320311494171693,1.1437115765937969,2.0244083311164975,18.205867360063635,13.501377148820465,17.92623364537908,11.546388491988182,12.041593517014286,10.653692665583433,11.270292326807976,102.30474950272988,27.025234295568282,23.475486785173416,51.22873806570956,17.790183496261808,25.46658405976231
TEST_09+7일,10.01432180404663,5.996003150933458,13.109030723571777,9.035542011260986,2.037314474582672,4.026408633778569,3.0070400737653844,5.0331122131409005,5.29292295285774,1.8803933074518278,1.0,1.5424573421478271,2.100275595251982,6.788606196641922,31.052833086037644,2.341272511335112,8.92711629368402,1.34457528591156,2.5235980249469523,4.824190298133682,2.930940993348559,1.305888733403402,1.1242281645536423,19.73108325590778,3.739407753624236,5.16622592933931,13.766255630026558,6.012497954977571,8.858694318086012,5.099383439893171,3.93424927854872,8.094002366065979,3.5597048699855804,3.004368921468938,1.0,4.314745366573334,60.98078179359436,1.0,5.56971380655396,37.058696106939074,15.994154288303491,1.6049888730049133,4.633253031470127,1.3059571903637042,1.6947597672983243,3.410223126411438,1.485279198980819,4.589531462471972,1.0,5.65800929069519,18.307686741249057,1.7171292992452822,8.80452573299408,1.059664132172333,5.104279965162277,1.427187610696842,7.750500626152897,1.6993815889400006,1.581402593438019,1.85298353433609,15.24349448119787,10.03220494470673,14.33114715109438,19.45654896605069,10.81928106073952,2.391920140336655,1.5882602779075186,1.7127466516903476,4.150879383087158,1.0,1.55380479991436,2.5845112055540085,1.6911742027443544,1.0,4.158233314752579,1.5249144898839864,1.0955795809808002,1.5541306883096695,1.6262128331410997,3.380663573741913,1.3446498123114778,1.7822141276943515,2.2713746487603785,2.6137548963330723,2.592018756842127,2.979152575135231,2.0370152013663865,1.8729729630696885,3.4633472561836243,7.221545726060867,1.0,1.265331208705902,6.930217146873474,12.018082604997964,1.7425509320843051,1.74843409933034,1,1.0,11.020414434798893,3.9596967482555994,3.1837349318490205,1.7227176742962436,6.71784939423696,1.0,133.4190591990814,10.493922805500066,34.70035054527577,5.585110422582362,4.9425443229288,2.019313722848892,4.681802138955939,1.732129454612732,1.0,2.055082779448452,1.6284743328056235,1.573936353839276,2.5205249286716227,2.9394818684019146,3.8810473680496216,2.614554362537778,1.0,6.677674612243618,1.0,1.0,1.0,1.0,1.0,1.0,1.0,1.0,1.0,1.0,25.00550422328046,3.5689706491845006,3.538700137333218,5.652724504470825,3.023904785513878,1.1093902993551132,2.979860305786133,9.291040897369385,1.6048875001484715,1.1048847918939235,5.218760967254639,1.6048875001484715,7.709294846281409,1.0,30.31606028933715,40.131666718852436,10.006023213267326,1.0,8.769331321120262,1.0,1.0,20.57851724301645,1.0,1.0,19.07529174350202,8.476987555623055,18.64963114782937,1.0,10.550150945913778,1.2174881994724274,7.878314645185023,4.152672037482262,9.050706088542938,1.0,1.0,12.96260118484497,26.576380431534183,29.249012442426682,1.9022239923477173,10.540567333287465,2.775791484465106,12.990498406763953,12.069372624159078,15.789842056906044,5.098109946810492,3.116016093465735,7.756625635837297,5.298615902300421,40.899017781357344,25.497670695934776,38.512167564744836,17.81380131840706,26.270224890294365,26.461286738635536,24.485701471567154,181.00014291754852,44.45781012879597,31.032118946313858,113.24644523058028,18.704605498911082,43.841491015912354
