영업일자,느티나무 셀프BBQ_1인 수저세트,느티나무 셀프BBQ_BBQ55(단체),"느티나무 셀프BBQ_대여료 30,000원","느티나무 셀프BBQ_대여료 60,000원","느티나무 셀프BBQ_대여료 90,000원","느티나무 셀프BBQ_본삼겹 (단품,실내)",느티나무 셀프BBQ_스프라이트 (단체),느티나무 셀프BBQ_신라면,느티나무 셀프BBQ_쌈야채세트,느티나무 셀프BBQ_쌈장,느티나무 셀프BBQ_육개장 사발면,느티나무 셀프BBQ_일회용 소주컵,느티나무 셀프BBQ_일회용 종이컵,느티나무 셀프BBQ_잔디그늘집 대여료 (12인석),느티나무 셀프BBQ_잔디그늘집 대여료 (6인석),느티나무 셀프BBQ_잔디그늘집 의자 추가,느티나무 셀프BBQ_참이슬 (단체),느티나무 셀프BBQ_친환경 접시 14cm,느티나무 셀프BBQ_친환경 접시 23cm,느티나무 셀프BBQ_카스 병(단체),느티나무 셀프BBQ_콜라 (단체),느티나무 셀프BBQ_햇반,느티나무 셀프BBQ_허브솔트,담하_(단체) 공깃밥,담하_(단체) 생목살 김치전골 2.0,담하_(단체) 은이버섯 갈비탕,담하_(단체) 한우 우거지 국밥,담하_(단체) 황태해장국 3/27까지,담하_(정식) 된장찌개,담하_(정식) 물냉면 ,담하_(정식) 비빔냉면,담하_(후식) 된장찌개,담하_(후식) 물냉면,담하_(후식) 비빔냉면,담하_갑오징어 비빔밥,담하_갱시기,담하_공깃밥,담하_꼬막 비빔밥,담하_느린마을 막걸리,담하_담하 한우 불고기,담하_담하 한우 불고기 정식,담하_더덕 한우 지짐,담하_들깨 양지탕,담하_라면사리,담하_룸 이용료,담하_메밀면 사리,담하_명인안동소주,담하_명태회 비빔냉면,담하_문막 복분자 칵테일,담하_봉평메밀 물냉면,담하_생목살 김치찌개,담하_스프라이트,담하_은이버섯 갈비탕,담하_제로콜라,담하_참이슬,담하_처음처럼,담하_카스,담하_콜라,담하_테라,담하_하동 매실 칵테일,담하_한우 떡갈비 정식,담하_한우 미역국 정식,담하_한우 우거지 국밥,담하_한우 차돌박이 된장찌개,담하_황태해장국,라그로타_AUS (200g),라그로타_G-Charge(3),라그로타_Gls.Sileni,라그로타_Gls.미션 서드,라그로타_Open Food,라그로타_그릴드 비프 샐러드,라그로타_까르보나라,라그로타_모둠 해산물 플래터,라그로타_미션 서드 카베르네 쉬라,라그로타_버섯 크림 리조또,라그로타_빵 추가 (1인),라그로타_스프라이트,라그로타_시저 샐러드 ,라그로타_아메리카노,라그로타_알리오 에 올리오 ,라그로타_양갈비 (4ps),라그로타_자몽리치에이드,라그로타_제로콜라,라그로타_카스,라그로타_콜라,라그로타_하이네켄(생),라그로타_한우 (200g),라그로타_해산물 토마토 리조또,라그로타_해산물 토마토 스튜 파스타,라그로타_해산물 토마토 스파게티,"미라시아_(단체)브런치주중 36,000",미라시아_(오븐) 하와이안 쉬림프 피자,미라시아_(화덕) 불고기 페퍼로니 반반피자,미라시아_BBQ Platter,미라시아_BBQ 고기추가,미라시아_공깃밥,미라시아_글라스와인 (레드),미라시아_레인보우칵테일(알코올),미라시아_미라시아 브런치 (패키지),미라시아_버드와이저(무제한),미라시아_보일링 랍스타 플래터,미라시아_보일링 랍스타 플래터(덜매운맛),미라시아_브런치 2인 패키지 ,미라시아_브런치 4인 패키지 ,미라시아_브런치(대인) 주말,미라시아_브런치(대인) 주중,미라시아_브런치(어린이),미라시아_쉬림프 투움바 파스타,미라시아_스텔라(무제한),미라시아_스프라이트,미라시아_애플망고 에이드,미라시아_얼그레이 하이볼,미라시아_오븐구이 윙과 킬바사소세지,미라시아_유자 하이볼,미라시아_잭 애플 토닉,미라시아_칠리 치즈 프라이,미라시아_코카콜라,미라시아_코카콜라(제로),미라시아_콥 샐러드,미라시아_파스타면 추가(150g),미라시아_핑크레몬에이드,연회장_Cass Beer,연회장_Conference L1,연회장_Conference L2,연회장_Conference L3,연회장_Conference M1,연회장_Conference M8,연회장_Conference M9,연회장_Convention Hall,연회장_Cookie Platter,연회장_Grand Ballroom,연회장_OPUS 2,연회장_Regular Coffee,연회장_골뱅이무침,연회장_공깃밥,연회장_돈목살 김치찌개 (밥포함),연회장_로제 치즈떡볶이,연회장_마라샹궈,연회장_매콤 무뼈닭발&계란찜,연회장_모둠 돈육구이(3인),연회장_삼겹살추가 (200g),연회장_야채추가,연회장_왕갈비치킨,연회장_주먹밥 (2ea),카페테리아_공깃밥(추가),카페테리아_구슬아이스크림,카페테리아_단체식 13000(신),카페테리아_단체식 18000(신),카페테리아_돼지고기 김치찌개,카페테리아_복숭아 아이스티,카페테리아_새우 볶음밥,카페테리아_새우튀김 우동,카페테리아_샷 추가,카페테리아_수제 등심 돈까스,카페테리아_아메리카노(HOT),카페테리아_아메리카노(ICE),카페테리아_약 고추장 돌솥비빔밥,카페테리아_어린이 돈까스,카페테리아_오픈푸드,카페테리아_진사골 설렁탕,카페테리아_짜장면,카페테리아_짜장밥,카페테리아_짬뽕,카페테리아_짬뽕밥,카페테리아_치즈돈까스,카페테리아_카페라떼(HOT),카페테리아_카페라떼(ICE),카페테리아_한상 삼겹구이 정식(2인) 소요시간 약 15~20분,포레스트릿_꼬치어묵,포레스트릿_떡볶이,포레스트릿_복숭아 아이스티,포레스트릿_생수,포레스트릿_스프라이트,포레스트릿_아메리카노(HOT),포레스트릿_아메리카노(ICE),포레스트릿_치즈 핫도그,포레스트릿_카페라떼(HOT),포레스트릿_카페라떼(ICE),포레스트릿_코카콜라,포레스트릿_페스츄리 소시지,화담숲주막_느린마을 막걸리,화담숲주막_단호박 식혜 ,화담숲주막_병천순대,화담숲주막_스프라이트,화담숲주막_참살이 막걸리,화담숲주막_찹쌀식혜,화담숲주막_콜라,화담숲주막_해물파전,화담숲카페_메밀미숫가루,화담숲카페_아메리카노 HOT,화담숲카페_아메리카노 ICE,화담숲카페_카페라떼 ICE,화담숲카페_현미뻥스크림
TEST_00+1일,8.604642868041992,64.51964569091797,6.49916410446167,1.4323465824127197,1.0813202857971191,1.7397516965866089,2.1343703269958496,3.3718578815460205,3.839477300643921,1.0693548917770386,2.119436025619507,1.0,1.8791298866271973,4.53085994720459,21.64691162109375,2.055140256881714,25.485393524169922,1.7192063331604004,1.9245338439941406,1.0,1.0,3.149925947189331,1.1817426681518555,1.0,3.556227207183838,1.0,9.531844139099121,5.695570945739746,8.136266708374023,4.285135746002197,3.4926528930664062,4.43681001663208,2.171065330505371,1.2844245433807373,3.7535784244537354,7.9286627769470215,27.234302520751953,3.051119327545166,1.0,15.096988677978516,12.084611892700195,1.4875130653381348,5.882765293121338,1.0,1.1954472064971924,2.2726497650146484,1.0580557584762573,3.4141335487365723,2.132201910018921,4.385864734649658,12.391636848449707,1.0,2.1914308071136475,1.0966529846191406,2.085188627243042,2.633086681365967,1.9898831844329834,1.3943132162094116,2.2003440856933594,2.3617360591888428,9.562948226928711,8.47559642791748,24.888147354125977,9.281242370605469,12.55940055847168,1.0,1.0,2.3342442512512207,2.8662755489349365,4.506204128265381,1.9858335256576538,5.932762145996094,1.0,1.3244943618774414,4.8535542488098145,3.0109472274780273,2.1488568782806396,3.7041399478912354,2.586812734603882,5.179070949554443,1.3490673303604126,1.367539405822754,2.38101863861084,2.1409738063812256,1.0,1.697056770324707,2.968418598175049,2.304241180419922,3.0730133056640625,5.954992771148682,1.0,1.755837082862854,2.2277915477752686,4.532070636749268,1.0,1.0,1.8711233139038086,2.056593418121338,21.980222702026367,5.901848316192627,1.81438410282135,1.5258941650390625,3.5961415767669678,1,96.63603210449219,4.9357757568359375,20.70246696472168,3.713613510131836,3.754389524459839,2.9168577194213867,4.266390800476074,1.3958981037139893,1.747484803199768,2.04903507232666,1.1375961303710938,1.152350902557373,2.6672937870025635,2.0991146564483643,1.0,1.0,1.0006792545318604,1.0817337036132812,1.0,1.0,1.0,1.0,1.0,1.0,1.0,4.480340957641602,1.0,1.0,1.0,3.175806760787964,1.0,5.4410881996154785,1.4938247203826904,1.0,1.5736359357833862,4.992109298706055,1.8739107847213745,1.0,3.734496831893921,2.2545461654663086,1.6102564334869385,44.92652893066406,38.81800079345703,7.488874912261963,6.064645290374756,1.0,7.735226631164551,34.02521896362305,1.0789631605148315,18.89903450012207,40.03169250488281,23.620033264160156,11.527853965759277,8.620647430419922,3.278968572616577,1.0,9.713187217712402,1.2230793237686157,2.0295469760894775,3.974884271621704,4.652829647064209,45.803497314453125,6.104992389678955,4.2207231521606445,1.0,1.0,9.150321960449219,1.0,8.569131851196289,3.028796434402466,32.180049896240234,3.4554073810577393,1.849778652191162,4.876587867736816,3.9224512577056885,5.608005523681641,14.181995391845703,10.033371925354004,22.842601776123047,7.149993419647217,12.762555122375488,21.286344528198242,14.043633460998535,64.5960693359375,23.35368537902832,1.7008367776870728,43.36430358886719,8.726008415222168,21.808700561523438
TEST_00+2일,12.106369972229004,48.44301223754883,2.49973464012146,1.0,1.0262349843978882,1.0,11.806188583374023,1.010875940322876,4.971883773803711,1.0,3.7353339195251465,1.0,1.5507992506027222,4.401838302612305,10.109733581542969,1.0,41.349395751953125,1.1358612775802612,1.0,28.430952072143555,11.447182655334473,2.471161127090454,1.1761667728424072,1.5111887454986572,28.3305606842041,21.815446853637695,11.872535705566406,1.9539016485214233,3.0198631286621094,2.9892144203186035,1.0,1.0,1.774504542350769,1.9374127388000488,1.0,4.730466842651367,10.669112205505371,4.293648719787598,1.302516222000122,14.666404724121094,4.3148980140686035,2.320218324661255,3.267648458480835,4.5629963874816895,1.5284905433654785,1.1304398775100708,1.0,3.0102908611297607,1.7024818658828735,2.3381736278533936,7.2610321044921875,1.0355596542358398,2.534226417541504,1.0673397779464722,1.0,1.6154569387435913,1.7511976957321167,1.495996356010437,2.4459025859832764,1.0,4.645291805267334,3.7712345123291016,14.167569160461426,4.668306350708008,4.500057220458984,1.0,1.0,1.0504274368286133,1.6207265853881836,1.0,2.3370912075042725,3.3954145908355713,1.0,1.0,2.79121732711792,4.180871486663818,1.0,3.0913782119750977,1.0,3.24534273147583,1.0,1.0,1.0,1.357738733291626,1.0,3.853849172592163,2.094653606414795,1.0,1.0,5.42005729675293,41.190574645996094,1.655346155166626,1.8120373487472534,3.1575002670288086,1.0,1.0,2.229714870452881,1.0,5.565889358520508,6.59058952331543,1.609561562538147,1.2373313903808594,6.9585981369018555,1,91.7869644165039,50.92127227783203,11.591495513916016,3.364640474319458,3.4601266384124756,2.256028652191162,4.029296875,1.783992052078247,2.92000412940979,2.0625646114349365,1.0,1.6767237186431885,1.7731519937515259,2.2418179512023926,1.208041787147522,1.0,1.7262035608291626,2.152287244796753,1.0,1.0,1.0,1.0,1.0,1.0,1.0,5.595823287963867,1.0,1.0,1.0,1.6425954103469849,1.0,2.482978343963623,1.0,1.0,1.8317127227783203,1.0,1.8954435586929321,1.0,2.4888148307800293,1.2813279628753662,4.234199523925781,1.0,46.627742767333984,47.8873176574707,8.577315330505371,1.8459935188293457,3.248389482498169,5.7897138595581055,3.4404795169830322,12.34788703918457,3.8522398471832275,1.0,6.088726997375488,2.2371346950531006,1.0,1.0,2.4008426666259766,1.330027461051941,2.846421003341675,1.4035429954528809,1.8334097862243652,37.331520080566406,1.2377851009368896,3.295225143432617,1.0,1.0,1.65457284450531,43.90741729736328,6.124379634857178,1.0,9.765679359436035,1.0,1.9146965742111206,6.321744441986084,3.7424306869506836,3.2998812198638916,5.8690876960754395,4.208808898925781,14.875744819641113,2.791019916534424,10.780106544494629,19.50973129272461,14.082992553710938,39.971195220947266,16.763877868652344,1.0378367900848389,40.28074264526367,10.65604305267334,22.411653518676758
TEST_00+3일,11.4293212890625,48.91569900512695,1.007720708847046,1.0,1.0,1.0,3.776283025741577,5.191722393035889,1.3040368556976318,1.0,3.1995983123779297,1.0,1.1769952774047852,1.0,7.386803150177002,1.0,53.41267776489258,1.5923482179641724,1.7201343774795532,48.410125732421875,13.63453197479248,2.675417184829712,1.0436457395553589,1.9782668352127075,54.75041961669922,6.275932312011719,19.338857650756836,58.17625427246094,3.908015251159668,2.624497175216675,1.3994636535644531,1.7000281810760498,1.818877935409546,1.9298502206802368,3.744731903076172,2.2718398571014404,10.12273120880127,3.637451410293579,2.8027684688568115,9.44920825958252,9.591923713684082,1.5465375185012817,6.113379001617432,3.4722766876220703,1.6905840635299683,1.5079342126846313,1.0,2.384812355041504,1.2528854608535767,4.158816814422607,7.346611976623535,1.0,4.351207256317139,1.289961576461792,1.0,1.5834829807281494,1.4514070749282837,1.5002015829086304,1.590960144996643,1.304481029510498,2.904082775115967,1.7668672800064087,7.720946788787842,6.73902702331543,6.291182994842529,1.3342788219451904,1.0,1.1406443119049072,1.1556291580200195,1.0,2.5244951248168945,4.762958526611328,1.0,1.0,3.6758310794830322,2.863255262374878,1.558650255203247,2.598447322845459,3.230759620666504,1.4183036088943481,2.462804079055786,1.6298671960830688,1.324999451637268,2.4581663608551025,1.0,2.0199790000915527,1.2569371461868286,1.6698017120361328,1.5254285335540771,5.140185356140137,39.72763442993164,1.8787593841552734,1.8556095361709595,3.564164876937866,1.0,1.0,2.587510585784912,1.9049228429794312,9.973822593688965,2.996823310852051,1.4834895133972168,1.30436372756958,7.922720432281494,1,1.0,29.150962829589844,4.030867099761963,2.7414968013763428,3.6409010887145996,2.3030896186828613,4.088930130004883,1.716190218925476,2.0678977966308594,1.8389118909835815,1.0,1.5842970609664917,1.811933159828186,1.0,1.3352512121200562,2.161696434020996,1.744865894317627,1.0,1.0183993577957153,1.0,1.0042157173156738,1.0,1.0,1.0,1.0,6.069611072540283,1.0,1.0268526077270508,25.539466857910156,1.6229966878890991,2.1430177688598633,4.530825138092041,1.0,1.2906208038330078,1.009328007698059,1.0,1.0,1.0,1.7063827514648438,2.8898658752441406,1.2609305381774902,1.0,189.1294708251953,141.7456512451172,5.5121917724609375,1.0,2.902329921722412,17.346343994140625,1.8161531686782837,11.978907585144043,1.0,1.0,5.909243106842041,1.0112793445587158,3.8063182830810547,1.0,3.300659418106079,1.5357425212860107,3.025073289871216,1.9912729263305664,3.654914617538452,1.0,1.0,2.6877527236938477,10.84964656829834,1.0,5.444840431213379,1.0,3.1099624633789062,1.0,6.155206680297852,3.5907938480377197,6.883150100708008,1.6354824304580688,1.3587119579315186,1.0,14.146775245666504,1.0,7.888473987579346,8.192020416259766,8.77090835571289,10.668890953063965,5.64607572555542,6.1720147132873535,12.995086669921875,7.020859718322754,33.24700927734375,6.209053039550781,10.39594841003418
TEST_00+4일,10.927486419677734,56.43855285644531,3.3118093013763428,1.0,1.0,1.0,11.4586820602417,7.9051313400268555,2.472810983657837,1.0,2.9892873764038086,1.0,1.6666914224624634,2.220045566558838,7.425492286682129,1.0,23.44108009338379,1.8691354990005493,1.713728666305542,40.032981872558594,22.76993179321289,3.4986231327056885,1.0070797204971313,1.254023551940918,36.226566314697266,22.46377182006836,19.836496353149414,27.082901000976562,1.0,1.0,1.0,2.763561248779297,2.383533000946045,1.5175119638442993,2.784165859222412,1.7288769483566284,15.092408180236816,2.335395336151123,1.4700052738189697,16.534570693969727,5.054274082183838,2.620593786239624,2.536611318588257,2.516721248626709,1.0,1.7476792335510254,1.0,2.6581332683563232,1.0,1.5732548236846924,8.488015174865723,1.119748592376709,4.193302631378174,1.088926076889038,1.8191795349121094,1.6277198791503906,1.4404041767120361,1.0884610414505005,1.7869402170181274,1.1347324848175049,1.2943273782730103,1.6297073364257812,7.759225845336914,5.668722629547119,4.512619495391846,1.0,1.0,2.0697007179260254,2.2759125232696533,3.206481695175171,2.4046273231506348,4.729024410247803,1.0,1.2293026447296143,3.9087209701538086,1.4034812450408936,1.2474775314331055,2.299049139022827,3.402158498764038,2.406121015548706,1.0,1.3346613645553589,1.96194589138031,1.0,1.0,1.8098310232162476,1.5753227472305298,1.6755248308181763,3.1042447090148926,5.296543121337891,33.740028381347656,1.0,2.450561761856079,2.521014928817749,1.0,1.0,1.6443407535552979,1.702946424484253,5.837372303009033,4.605767250061035,2.4801948070526123,1.0,5.788112163543701,1,1.0,32.42578887939453,3.9458811283111572,3.4338865280151367,2.275228977203369,1.6337497234344482,3.329188585281372,1.3027656078338623,2.773927688598633,1.934168815612793,1.0,1.5104888677597046,1.4182325601577759,2.757157802581787,3.344559907913208,1.4824668169021606,1.4524445533752441,1.0,1.0013571977615356,1.0,1.0092463493347168,1.0,1.0,1.0,1.0,7.743594169616699,1.0241763591766357,1.040605068206787,66.85269165039062,2.4268479347229004,1.0,4.098067283630371,1.0,1.0,1.7860056161880493,1.0,1.9502363204956055,1.0,2.55363130569458,1.9586800336837769,2.8325600624084473,11.772541046142578,123.14447784423828,224.9175262451172,3.9565744400024414,1.0,2.5935864448547363,1.0,3.086641311645508,16.904054641723633,1.5634533166885376,1.0,7.223012447357178,1.4804491996765137,1.0,8.619889259338379,1.6355583667755127,1.0,1.6950143575668335,2.612320899963379,2.8706891536712646,1.0,3.846153736114502,3.431044340133667,1.0,1.0,5.164142608642578,1.0,9.814750671386719,4.404404640197754,4.129291534423828,2.6923394203186035,6.022188186645508,1.0,6.456550121307373,7.2400431632995605,8.972687721252441,3.8205313682556152,8.931487083435059,2.4491491317749023,2.8704776763916016,7.254973411560059,6.990415573120117,21.693103790283203,9.927286148071289,6.772607326507568,21.38983726501465,3.930877923965454,5.628149509429932
TEST_00+5일,11.19758129119873,111.55165100097656,2.681051254272461,1.0,1.0,1.92829167842865,23.781633377075195,6.286219596862793,3.3907852172851562,1.0,2.371488332748413,1.0,1.8045605421066284,3.3641459941864014,15.717219352722168,1.1336005926132202,79.95935821533203,1.0,2.029466152191162,62.4168701171875,27.34202003479004,2.831758975982666,1.011055827140808,2.4308512210845947,49.046234130859375,19.8994083404541,14.315608978271484,28.939132690429688,3.0351502895355225,2.3535356521606445,2.4000682830810547,3.5120348930358887,1.0,1.4444193840026855,5.476870536804199,4.295133590698242,11.392439842224121,1.519155740737915,1.2712675333023071,13.163302421569824,4.883415222167969,2.146702527999878,4.301417827606201,7.491721153259277,2.0928962230682373,2.959700584411621,1.0568835735321045,2.4835071563720703,1.0,2.0994198322296143,12.790175437927246,1.5347496271133423,2.7597076892852783,2.2173147201538086,2.2693796157836914,2.2299420833587646,2.2597460746765137,1.8317208290100098,1.397857904434204,1.1209553480148315,1.8042281866073608,1.2366950511932373,10.273683547973633,8.044686317443848,6.181401252746582,1.0,1.0,1.7789454460144043,1.7039217948913574,1.6392959356307983,2.3399710655212402,7.0759406089782715,1.0,1.5029507875442505,2.600079298019409,5.42583703994751,1.1931159496307373,3.0516228675842285,2.0406248569488525,1.3474164009094238,1.0,1.6590970754623413,1.7770479917526245,2.4701948165893555,1.0099079608917236,2.782141923904419,1.2041940689086914,1.9497150182724,1.0,4.851620674133301,43.65884780883789,1.832360029220581,2.098491668701172,6.18148136138916,1.0,1.573383092880249,1.7752395868301392,1.7855188846588135,15.951530456542969,5.704865455627441,2.563927173614502,1.0062904357910156,2.2166574001312256,1,6.487995147705078,41.578758239746094,2.084157943725586,2.942455530166626,4.663296222686768,3.274113655090332,3.22045636177063,2.2165396213531494,1.4055043458938599,1.6915146112442017,1.297465443611145,1.6931809186935425,1.7034894227981567,3.155583620071411,2.629596710205078,1.4272829294204712,1.3759064674377441,1.0,1.0068013668060303,1.065276861190796,1.0300136804580688,1.0,1.0,1.0,1.0,8.284435272216797,1.0,1.035867691040039,31.96786117553711,3.283855438232422,2.0109941959381104,3.00268816947937,1.0,1.2662529945373535,1.0,1.0,2.093686103820801,1.0,1.9139208793640137,1.7717907428741455,3.9582300186157227,10.48289680480957,100.98992156982422,187.65939331054688,2.184025764465332,1.0,1.8745046854019165,14.531941413879395,1.474668264389038,14.791646957397461,2.6693761348724365,1.0,6.106959342956543,1.217511534690857,1.0,1.0,1.954071044921875,1.0,2.576570987701416,4.335390567779541,1.8380742073059082,1.0,1.0,2.646843194961548,1.0,1.0,1.0,1.0,9.903929710388184,1.0,8.861198425292969,1.0,8.367792129516602,3.2493598461151123,9.05029010772705,6.296478271484375,11.126955032348633,2.254084348678589,5.496389389038086,3.107433319091797,4.369141578674316,1.0,9.074481964111328,27.600704193115234,15.74491024017334,3.0319812297821045,27.068876266479492,6.857782363891602,10.15474796295166
TEST_00+6일,13.35188102722168,43.566078186035156,7.92838191986084,1.9564639329910278,1.2396200895309448,2.2233669757843018,11.37812614440918,8.900044441223145,4.2182087898254395,1.361115574836731,3.3143129348754883,1.1592415571212769,2.072709798812866,5.303852558135986,35.61494064331055,1.4136263132095337,51.09053421020508,1.6099706888198853,2.3653855323791504,45.77136993408203,30.884414672851562,3.2824974060058594,1.1077795028686523,2.575460910797119,31.262052536010742,20.875686645507812,19.109169006347656,87.82566833496094,3.0430550575256348,3.1878914833068848,1.0,4.937917232513428,2.1107378005981445,2.3739378452301025,4.231107711791992,5.332488536834717,32.370033264160156,2.377126455307007,1.6413971185684204,23.27153205871582,6.106973648071289,1.3171466588974,5.261577606201172,1.0,1.087449073791504,4.282541275024414,1.1285297870635986,3.578901529312134,1.6169488430023193,4.1888203620910645,14.658597946166992,1.0,4.990193843841553,1.4475280046463013,1.932833194732666,1.6636011600494385,1.6785621643066406,1.577341914176941,3.1364426612854004,2.3817849159240723,6.279759407043457,3.4155733585357666,11.660320281982422,8.408089637756348,4.478028297424316,1.0,1.0,1.4984370470046997,4.331136703491211,1.0,3.3007893562316895,6.5739665031433105,1.2439037561416626,1.0559022426605225,4.027874946594238,3.3543970584869385,1.4995322227478027,3.7174580097198486,1.0193066596984863,3.8339834213256836,1.0,1.4949394464492798,2.472257614135742,2.2688138484954834,1.0,3.16579270362854,1.6913679838180542,2.4478979110717773,2.2152247428894043,6.456582069396973,56.95759201049805,1.204925537109375,1.928802728652954,6.376696586608887,1.2913949489593506,1.0,2.0069375038146973,1.566246747970581,23.394676208496094,9.136178016662598,2.425485372543335,1.3174488544464111,4.047039985656738,1,1.0,49.91144561767578,3.784850597381592,4.212389945983887,4.0448527336120605,3.580988645553589,3.85038685798645,1.7379838228225708,2.6244494915008545,1.0,1.0968621969223022,1.847659945487976,3.524543523788452,2.08498215675354,1.3563421964645386,2.2869184017181396,1.1475954055786133,1.0,1.0,1.0,1.0,1.0,1.0050336122512817,1.0,1.0107824802398682,7.405070781707764,1.0,1.0338053703308105,31.843120574951172,4.719394683837891,3.0793769359588623,3.5771923065185547,1.5084322690963745,1.664610743522644,2.0785231590270996,6.042708396911621,2.6329901218414307,1.0,4.051366329193115,2.6109390258789062,2.8199145793914795,23.57577133178711,246.072509765625,173.9208984375,5.760599613189697,1.0,4.610814571380615,1.0,2.7545316219329834,18.188587188720703,15.843856811523438,1.0,7.399535179138184,3.1672043800354004,1.0,1.0,6.379734039306641,1.9081815481185913,4.078880310058594,3.507061004638672,1.0,7.588852882385254,9.580120086669922,6.238256454467773,1.0,1.0,5.925330638885498,1.0,12.91273307800293,1.0,10.750654220581055,9.128827095031738,1.7386966943740845,2.442662239074707,5.012758255004883,10.52326488494873,9.847796440124512,2.9527599811553955,8.916585922241211,2.8746581077575684,7.0243706703186035,3.6063334941864014,1.909002423286438,22.412792205810547,19.38900375366211,6.979892253875732,27.645191192626953,7.46114444732666,11.97295093536377
TEST_00+7일,10.46450138092041,32.66825866699219,13.896754264831543,7.3215107917785645,1.5976746082305908,1.0,1.0,2.170332670211792,2.6534764766693115,1.4705806970596313,2.9476823806762695,1.80039644241333,2.825279712677002,6.3998308181762695,39.25423049926758,2.2397401332855225,1.0,1.950297236442566,3.15458607673645,11.107647895812988,19.409011840820312,4.573646068572998,2.381363868713379,1.0,22.075265884399414,16.103683471679688,14.299527168273926,53.101287841796875,7.466355323791504,4.572621822357178,4.240670204162598,6.617248058319092,4.458975791931152,3.342024326324463,3.390864610671997,6.927245140075684,54.20629119873047,4.338236331939697,3.8388278484344482,33.89435958862305,14.924315452575684,2.200443744659424,5.134308338165283,1.9301908016204834,1.4330923557281494,4.171722888946533,1.017205834388733,4.94696044921875,1.0,6.631396293640137,19.88785743713379,2.9615495204925537,4.998234748840332,2.4013519287109375,4.312100410461426,1.3939576148986816,3.595299482345581,1.419944167137146,2.652282476425171,2.920536994934082,15.188815116882324,7.4278340339660645,19.587848663330078,12.390207290649414,12.650383949279785,1.703980565071106,1.8229827880859375,3.1113975048065186,5.08803653717041,3.204393148422241,3.876110553741455,7.457957744598389,1.0,1.0,5.843393325805664,6.760601997375488,1.2547749280929565,3.8689615726470947,1.8392342329025269,2.030414581298828,1.0,1.834787130355835,2.102872848510742,1.0728076696395874,1.6367850303649902,4.360907077789307,2.2683358192443848,3.078202724456787,3.2682652473449707,8.550528526306152,1.0,2.073756456375122,5.8435468673706055,15.320722579956055,2.16399884223938,1.8521243333816528,1.8546435832977295,1.8668566942214966,8.26739501953125,14.549042701721191,2.7685699462890625,1.4258188009262085,8.793612480163574,1,60.33082962036133,2.1988632678985596,12.517802238464355,6.965076446533203,6.891427040100098,3.9695186614990234,7.401317119598389,3.286445379257202,3.118546962738037,2.5515787601470947,1.2843095064163208,2.056746482849121,4.8831329345703125,3.0288619995117188,5.585775852203369,1.9432343244552612,2.1212379932403564,1.0022425651550293,1.0,1.0,1.0,1.0,1.0,1.0,1.010865569114685,4.146348476409912,1.0,1.0,66.57203674316406,6.4246625900268555,5.259387016296387,5.920419692993164,3.0491349697113037,2.6044421195983887,3.1689984798431396,9.991032600402832,3.3525304794311523,1.048174500465393,3.7201766967773438,2.1605372428894043,4.366998672485352,16.05303192138672,36.7926025390625,64.89173126220703,6.593119144439697,5.076197624206543,9.99692153930664,29.725664138793945,2.353959083557129,26.82158660888672,1.0,5.503988742828369,17.435367584228516,9.41896915435791,31.795757293701172,11.285268783569336,12.646444320678711,2.0889105796813965,4.994966506958008,4.1260905265808105,8.508634567260742,3.2884693145751953,16.71609878540039,8.055801391601562,1.0,1.0,6.3838419914245605,49.25923156738281,13.466551780700684,7.551304340362549,32.485107421875,1.0,3.4659860134124756,4.177253246307373,12.127703666687012,2.7072043418884277,24.958677291870117,9.790881156921387,24.19881248474121,7.2152276039123535,15.2760009765625,21.284704208374023,19.52298355102539,86.16153717041016,23.557573318481445,5.378902912139893,41.05814743041992,10.651151657104492,33.72650146484375
TEST_01+1일,20.86018180847168,18.073501586914062,12.73917007446289,3.350001096725464,1.0987839698791504,1.7256762981414795,1.0,5.011327743530273,6.223801136016846,1.0,1.784484624862671,1.495985984802246,2.1696383953094482,3.8425729274749756,30.19156837463379,2.3477962017059326,1.0,1.0,2.6621179580688477,1.0,1.0,3.778745412826538,1.0,1.0,1.0,2.188857078552246,13.896310806274414,2.3482213020324707,6.226933002471924,3.1705338954925537,4.714949131011963,3.6954989433288574,2.0961544513702393,1.5295300483703613,2.2509424686431885,1.3777121305465698,34.12937927246094,3.5353753566741943,1.9400161504745483,34.43634033203125,12.889788627624512,1.2292927503585815,5.900084018707275,1.9105441570281982,1.347707748413086,3.091120481491089,1.0,2.3271236419677734,1.0,5.8977861404418945,14.375284194946289,1.254747986793518,3.1903841495513916,1.0632011890411377,3.5935583114624023,1.985885500907898,1.0,1.8758796453475952,1.9219201803207397,1.0,15.186203956604004,13.691666603088379,23.692081451416016,8.523664474487305,12.509346008300781,2.6678285598754883,1.0,2.605208396911621,2.4871506690979004,1.2740089893341064,2.458280563354492,5.294780254364014,1.0,1.4961957931518555,4.655842304229736,3.6143927574157715,2.585096597671509,2.9329750537872314,1.5547159910202026,4.18994665145874,4.382678985595703,1.0073264837265015,2.402228355407715,3.206679582595825,2.519029140472412,2.8907470703125,1.791131854057312,2.9196603298187256,2.951442003250122,6.304539203643799,1.0,2.0960402488708496,3.1780362129211426,10.891804695129395,2.0735950469970703,3.2339916229248047,1.2059502601623535,1.187839150428772,39.29469299316406,9.26960563659668,2.786442756652832,1.9035571813583374,4.336333274841309,1,92.59329223632812,2.7011001110076904,37.85469436645508,4.365270137786865,6.36086368560791,1.5695339441299438,1.872972846031189,2.0115602016448975,2.3700406551361084,2.458073854446411,1.1381185054779053,1.3707810640335083,4.07886266708374,1.878743052482605,1.0,2.094806671142578,1.0360171794891357,1.0,1.0,1.0,1.0,1.0,1.0,1.0,1.0,1.0,1.0,1.0,1.0,6.696609020233154,2.1730637550354004,6.295897960662842,1.719801664352417,1.5434869527816772,2.549701452255249,7.499144554138184,2.0251407623291016,1.116349458694458,4.5344767570495605,1.9853487014770508,9.533971786499023,66.0238037109375,52.527584075927734,1.0,10.227158546447754,1.0,11.371020317077637,38.4185676574707,1.5341585874557495,27.366971969604492,46.61283874511719,51.32561111450195,25.78201675415039,13.340225219726562,1.0,1.0,14.312783241271973,1.7375619411468506,4.4465718269348145,4.791961193084717,6.533777236938477,29.730514526367188,4.726194858551025,11.696117401123047,1.0,1.0,8.295384407043457,1.0,14.506433486938477,10.00464153289795,26.356861114501953,16.059669494628906,2.3608596324920654,3.648371934890747,4.002963542938232,13.74322509765625,14.895004272460938,11.774794578552246,21.668678283691406,6.724635601043701,17.4762020111084,24.84433937072754,19.771648406982422,66.9090347290039,31.530635833740234,5.96956729888916,50.92690658569336,9.084419250488281,22.99778938293457
TEST_01+2일,17.054805755615234,1.0,5.659648895263672,1.0,1.041873812675476,2.412048578262329,2.3516695499420166,6.583389759063721,8.421920776367188,1.0,1.0,1.0732176303863525,2.077357530593872,3.2220640182495117,11.937034606933594,1.0,24.122095108032227,1.0,1.4069584608078003,10.841645240783691,6.950418949127197,4.0039262771606445,1.0627522468566895,1.0341013669967651,25.325668334960938,20.125932693481445,20.880598068237305,1.0,4.325456619262695,3.302044153213501,2.184025287628174,1.1743489503860474,1.9847359657287598,1.6681228876113892,1.3199764490127563,1.2971919775009155,16.19378662109375,5.122892379760742,1.0,24.21567726135254,9.126336097717285,1.6906119585037231,4.061631202697754,5.438964366912842,1.0,1.6973412036895752,1.0343862771987915,3.69840145111084,1.0,4.919216632843018,9.281228065490723,1.7041360139846802,2.1967103481292725,1.0,2.9391050338745117,1.0751105546951294,3.0222737789154053,1.5452682971954346,1.3813244104385376,2.070882558822632,9.252121925354004,7.003303527832031,13.030519485473633,5.448436260223389,5.8801422119140625,2.792847156524658,1.0,2.5930445194244385,2.3406057357788086,1.0,3.372544050216675,1.8537952899932861,1.0,1.0,2.873964786529541,3.4606833457946777,1.0,2.939121723175049,1.0,3.1688284873962402,2.7385404109954834,1.3032164573669434,1.0,2.1823201179504395,1.0,1.2282458543777466,3.2110533714294434,1.491998314857483,1.0,3.9447665214538574,22.889535903930664,1.6656886339187622,3.239595651626587,4.567986965179443,2.4195070266723633,1.9976389408111572,1.3437657356262207,1.0,26.345441818237305,7.4528326988220215,2.6317570209503174,1.0,10.170435905456543,1,101.56222534179688,15.511640548706055,23.058794021606445,3.317990779876709,4.872451305389404,1.3623934984207153,2.147840738296509,2.3148086071014404,2.762770891189575,2.5504539012908936,1.0,1.3383142948150635,2.786900758743286,2.8884077072143555,1.0,1.2063534259796143,1.258226990699768,1.343878984451294,1.0,1.0,1.0,1.0,1.0,1.0,1.0001343488693237,1.2724002599716187,1.0,1.0,1.0,2.3799843788146973,2.889622926712036,3.8106610774993896,1.0,1.106762409210205,3.2089791297912598,5.921825885772705,1.0779107809066772,1.2642470598220825,2.9207828044891357,1.0647329092025757,4.644536972045898,13.91687297821045,57.03322982788086,1.0,11.231012344360352,1.0,6.519620895385742,16.597820281982422,2.9728407859802246,22.399703979492188,12.420663833618164,3.679919481277466,14.045465469360352,4.242550849914551,1.0,1.0,3.8151822090148926,1.8418878316879272,3.5698859691619873,3.010579824447632,5.394435882568359,11.779552459716797,1.0,8.973011016845703,1.0,1.0,5.1251654624938965,43.276058197021484,8.05924129486084,1.0,18.488704681396484,22.548248291015625,2.3910043239593506,4.317633628845215,1.26347017288208,1.0,3.672745704650879,8.163484573364258,16.741329193115234,6.1519246101379395,13.390092849731445,20.424964904785156,13.392050743103027,39.2332878112793,22.584985733032227,2.0705320835113525,34.609745025634766,7.991486549377441,17.574798583984375
TEST_01+3일,8.196513175964355,16.893341064453125,4.576117515563965,1.0,1.0,1.0,1.148819923400879,2.2089285850524902,2.2951457500457764,1.2536982297897339,1.0,1.2129449844360352,1.4115729331970215,1.138127326965332,7.122673988342285,2.028317928314209,14.343292236328125,1.0,1.98990797996521,36.66694259643555,9.51513671875,5.130586624145508,1.0,1.8031835556030273,52.00613021850586,22.175737380981445,22.28977394104004,40.46857452392578,3.9565114974975586,1.0,3.030240774154663,1.428564190864563,2.1869730949401855,1.5048331022262573,3.743008613586426,1.0,9.146703720092773,4.2007341384887695,1.0,4.884714126586914,6.402650356292725,1.3105027675628662,6.077333927154541,4.0025153160095215,1.5953022241592407,1.4659701585769653,1.0,3.710381269454956,1.1317952871322632,3.8352551460266113,6.157252788543701,1.0,4.41871976852417,1.4466688632965088,2.329637289047241,1.9291399717330933,1.0,1.0,1.4256340265274048,1.717483639717102,3.957058906555176,4.0255560874938965,6.765756607055664,6.161021709442139,7.574281215667725,1.7729861736297607,1.0,1.8365092277526855,3.0149343013763428,2.0442941188812256,3.2627007961273193,3.5145745277404785,1.0,1.0,2.9945783615112305,2.329974889755249,1.6446362733840942,2.5411376953125,1.8232355117797852,1.5966739654541016,2.6704494953155518,2.033909320831299,1.0536293983459473,1.0,1.975038766860962,1.427729606628418,2.2708191871643066,1.4937142133712769,1.959197759628296,2.787792205810547,11.465746879577637,2.2762668132781982,1.7860770225524902,4.640770435333252,2.868077278137207,2.1032190322875977,1.1630727052688599,1.2552129030227661,20.069793701171875,5.998554229736328,2.464979887008667,1.0,8.113409042358398,1,1.0,1.0,12.22372055053711,3.316338539123535,2.906059741973877,2.7177605628967285,1.1851285696029663,2.08974289894104,2.171276092529297,2.2041075229644775,1.0088449716567993,1.0363764762878418,2.402432441711426,3.090785264968872,1.0,1.3039491176605225,1.9478777647018433,1.9895292520523071,1.0,1.0,1.0,1.0,1.0,1.0,1.0,1.1940991878509521,1.0009098052978516,1.0,39.89456558227539,2.1785407066345215,2.8665077686309814,2.6398539543151855,1.0,2.095250129699707,1.742119550704956,3.4984962940216064,1.0,1.1626362800598145,1.7552555799484253,1.0,1.04752516746521,1.0,172.56336975097656,34.59276580810547,4.029542922973633,1.0,6.346887588500977,16.649063110351562,1.4360426664352417,3.818366050720215,1.0,1.0,8.541560173034668,2.3116567134857178,1.0,4.849655628204346,4.506163120269775,1.276991605758667,4.9731855392456055,1.2512381076812744,6.016627788543701,1.0,1.0,9.333274841308594,1.0,25.385353088378906,7.705379486083984,1.0,3.2009663581848145,3.555518388748169,13.291634559631348,3.5592451095581055,1.0,2.9934024810791016,2.4545226097106934,4.925020694732666,11.112932205200195,4.16104793548584,10.032330513000488,13.546908378601074,11.62955093383789,7.997746467590332,8.805259704589844,11.4231538772583,15.214152336120605,6.925503253936768,26.728538513183594,10.958599090576172,15.678421974182129
TEST_01+4일,8.599336624145508,40.864173889160156,5.291521072387695,1.0,1.0,1.0,4.8492841720581055,2.9859519004821777,3.687390089035034,1.0,2.4759693145751953,1.0,1.970079779624939,1.3923923969268799,9.800191879272461,1.5374650955200195,3.3470096588134766,1.0,2.2520751953125,22.91742706298828,19.1321964263916,3.797816753387451,1.0,1.3749041557312012,35.56096267700195,30.595060348510742,27.538047790527344,40.492313385009766,5.682840824127197,3.987359046936035,1.2348084449768066,1.0,1.0,1.0,4.109752655029297,1.0,10.099888801574707,2.8886680603027344,1.482756495475769,13.906599044799805,11.245807647705078,2.097813367843628,1.9661777019500732,3.6250321865081787,1.0,1.3339941501617432,1.0682506561279297,3.2004542350769043,1.0,2.9529850482940674,6.712925434112549,1.0,4.0288567543029785,1.3613109588623047,2.1469130516052246,1.6032435894012451,1.6292463541030884,1.0,1.290932536125183,1.9073821306228638,2.3503735065460205,2.2752323150634766,5.006093502044678,4.010806083679199,6.5912299156188965,3.075242757797241,1.0,1.4117902517318726,3.380951404571533,1.0,2.9401285648345947,4.1119866371154785,1.0,1.3491315841674805,2.9300243854522705,1.2144376039505005,1.4666162729263306,2.693281888961792,1.900588035583496,2.136812686920166,1.6422901153564453,1.4343806505203247,1.744858741760254,1.0,1.6458797454833984,1.1306077241897583,1.9875199794769287,1.4821628332138062,2.489893913269043,2.875722646713257,14.052244186401367,1.9832695722579956,1.3690344095230103,2.0352017879486084,1.0,2.3041329383850098,1.0,1.0,14.75373363494873,4.379789352416992,3.0752742290496826,1.0,6.178158760070801,1,1.0,1.0,12.757912635803223,1.0068210363388062,1.0,1.0607452392578125,1.0,1.5006037950515747,1.7620670795440674,1.5452412366867065,1.0,1.0,1.5834791660308838,2.5665295124053955,2.6057355403900146,1.2794278860092163,1.1420117616653442,3.2273662090301514,1.0063328742980957,1.0,1.0,1.0,1.0,1.0050190687179565,1.0,3.6386566162109375,1.0163325071334839,1.0,64.17152404785156,2.520803451538086,1.0,2.7538654804229736,1.0,1.0,1.7233275175094604,4.498627185821533,1.7603437900543213,1.0,1.2596476078033447,1.0,1.4366053342819214,28.042522430419922,131.2303924560547,50.54180145263672,1.4983932971954346,1.0,8.632254600524902,1.4750568866729736,2.2343688011169434,11.260814666748047,1.1077133417129517,1.0,7.547570705413818,2.5789239406585693,1.0,11.3922119140625,2.5972070693969727,1.314652681350708,3.15016770362854,1.6098618507385254,3.8934073448181152,1.0,1.282815933227539,5.367666721343994,1.0,63.598777770996094,9.60456657409668,1.0,1.0,5.357529163360596,5.668621063232422,4.932860374450684,1.0,1.0,4.557677268981934,15.880558013916016,8.232144355773926,4.901663780212402,7.8348565101623535,3.519951343536377,3.485429525375366,6.744096755981445,3.6076431274414062,22.24994468688965,7.377365589141846,4.915866374969482,13.259418487548828,1.8832764625549316,9.896313667297363
TEST_01+5일,10.054286003112793,87.94142150878906,4.891656398773193,1.0,1.0,2.686455488204956,16.085901260375977,3.40164852142334,3.3521933555603027,1.0,1.8223447799682617,1.2567273378372192,2.0658416748046875,1.8125625848770142,10.864701271057129,1.0,42.22225570678711,1.2411061525344849,1.9329496622085571,25.89144515991211,27.024763107299805,3.892566204071045,1.0,2.5661704540252686,45.40298843383789,30.662160873413086,18.425922393798828,36.95507049560547,5.437036037445068,3.6163597106933594,3.1915152072906494,1.240726351737976,1.0,1.0,4.83132266998291,1.0,8.051424026489258,2.395812749862671,1.839241862297058,14.019570350646973,13.530119895935059,1.5325086116790771,4.121310710906982,7.75068998336792,1.7122598886489868,1.3607431650161743,1.1768717765808105,2.9471352100372314,1.0,5.053242206573486,10.429219245910645,1.0,1.8152600526809692,1.8147944211959839,2.8889400959014893,1.714378833770752,2.299480438232422,1.0,1.15872323513031,1.7221946716308594,2.222675323486328,2.1668214797973633,5.066645622253418,6.854208469390869,5.046383380889893,3.9427409172058105,1.0,1.767838478088379,3.5486257076263428,1.0,2.3304288387298584,3.781543254852295,1.0,1.7135398387908936,2.4745774269104004,4.370096206665039,1.2152098417282104,2.831453561782837,1.2980396747589111,1.0,2.356898069381714,1.909222960472107,1.8873214721679688,1.0,2.507983446121216,2.717637300491333,1.7696188688278198,1.1479170322418213,1.0,2.3239736557006836,20.98346710205078,2.0762481689453125,1.9092594385147095,3.4048869609832764,1.4869284629821777,1.0,1.2950319051742554,1.6457605361938477,20.833927154541016,5.57971715927124,2.695856809616089,1.0,5.029754638671875,1,2.7847485542297363,17.663715362548828,4.873913288116455,1.5680102109909058,3.7379798889160156,2.3662161827087402,1.6134016513824463,2.553048849105835,1.4436721801757812,1.1817009449005127,1.0915501117706299,1.0845855474472046,1.2806439399719238,2.7877657413482666,2.161696434020996,1.1705669164657593,1.2361221313476562,7.415031909942627,1.0105350017547607,1.0,1.0,1.0,1.0175069570541382,1.0,1.0,4.435354232788086,1.0,1.0,20.25555992126465,3.2602593898773193,2.476081132888794,2.2726714611053467,1.0,1.0160009860992432,2.8230197429656982,2.826045036315918,1.7722983360290527,1.0,1.6066967248916626,1.0,3.3571176528930664,26.14939308166504,112.53875732421875,55.040462493896484,1.0,1.0,3.1960384845733643,18.44161033630371,1.6680634021759033,5.291375637054443,3.89448618888855,7.255206108093262,9.478572845458984,1.6208051443099976,1.0,1.0,3.339409351348877,1.8461357355117798,2.666146755218506,1.4799169301986694,2.026301145553589,2.601393222808838,1.0,5.627190589904785,1.0,29.21021842956543,3.1453857421875,1.0,10.838484764099121,1.0,14.389543533325195,11.352296829223633,3.8880715370178223,3.476989269256592,5.5053935050964355,1.0,8.92520523071289,1.40937340259552,8.297830581665039,4.304585933685303,6.601995468139648,4.1641340255737305,8.053406715393066,31.564023971557617,7.767317295074463,4.0098700523376465,14.804244041442871,4.262624740600586,15.526524543762207
TEST_01+6일,9.810202598571777,26.822856903076172,7.916007995605469,1.7445859909057617,1.4464216232299805,2.5989162921905518,4.195413112640381,3.5451416969299316,4.595954895019531,1.1183052062988281,3.354341506958008,1.653409481048584,2.044679641723633,4.367887020111084,24.255258560180664,3.412083864212036,22.942291259765625,1.0,2.9547171592712402,25.87846565246582,24.77289581298828,3.640259265899658,1.0881309509277344,2.9339542388916016,24.42633819580078,22.921476364135742,19.89522933959961,77.56023406982422,4.433040142059326,2.6913533210754395,1.3739491701126099,2.151151418685913,1.0,1.4624437093734741,3.803192377090454,1.0,31.909839630126953,3.2241005897521973,1.0335254669189453,31.5506534576416,6.85905122756958,1.6217255592346191,4.343899726867676,2.0846104621887207,1.0945817232131958,2.8251235485076904,1.045751929283142,5.080540180206299,1.3825159072875977,3.7018158435821533,13.668131828308105,1.0,4.697720527648926,1.2992746829986572,2.6727867126464844,1.358554720878601,1.5048795938491821,1.0,2.198289632797241,1.1236693859100342,7.455591678619385,2.744875431060791,4.642360687255859,6.323293209075928,3.539907455444336,4.427821636199951,1.0,2.502317428588867,4.947729587554932,1.367899775505066,4.332638263702393,5.643503189086914,1.0083544254302979,1.4910246133804321,3.5225749015808105,3.340593099594116,1.7309520244598389,2.7992405891418457,1.1512997150421143,1.6436465978622437,3.997941255569458,1.2415603399276733,2.2807796001434326,1.2616668939590454,1.6977366209030151,2.237100124359131,2.1598124504089355,1.296897053718567,2.3643734455108643,3.639991521835327,29.21975326538086,1.2626234292984009,2.927666425704956,5.995424747467041,2.058197021484375,3.0209174156188965,1.462450385093689,1.0,31.82008171081543,8.5411958694458,2.9252445697784424,1.5103182792663574,4.052116394042969,1,4.576119899749756,21.741825103759766,9.024698257446289,4.891284465789795,4.788201332092285,1.350000262260437,1.8513106107711792,2.483272075653076,2.4238970279693604,1.0,1.2065074443817139,1.272608995437622,3.391300916671753,2.5246992111206055,1.0833547115325928,1.2866207361221313,1.0,1.0,1.0083425045013428,1.0,1.0,1.0,1.0,1.0,1.0,3.2538602352142334,1.0,1.0,41.5372428894043,4.567254543304443,3.1951849460601807,4.117461681365967,1.5368297100067139,1.5632880926132202,2.4788930416107178,8.081385612487793,1.2795146703720093,1.0,2.318740129470825,1.8724112510681152,1.2152258157730103,43.61848449707031,236.2202911376953,32.44390106201172,2.9872777462005615,1.0,4.833278179168701,1.0,2.1757524013519287,14.872679710388184,12.663968086242676,5.279540538787842,10.382116317749023,3.726757526397705,1.0,3.297896385192871,5.425551414489746,1.0,3.3993163108825684,2.570431709289551,1.0,5.0836639404296875,8.766403198242188,7.630655765533447,1.0,1.0,5.69912576675415,1.0,15.06617259979248,1.0,10.49160099029541,15.656383514404297,1.0,2.193913221359253,5.0411200523376465,3.392259120941162,9.715062141418457,3.3239905834198,8.794769287109375,5.125228404998779,7.6996588706970215,7.742051601409912,2.2903239727020264,21.98398208618164,10.269488334655762,6.314738750457764,26.742050170898438,6.769656658172607,12.174370765686035
TEST_01+7일,21.779808044433594,32.796043395996094,14.71746826171875,7.762694835662842,2.526472568511963,5.334321975708008,1.0,9.960257530212402,3.1642956733703613,1.1546224355697632,4.289604187011719,1.7843244075775146,2.4055094718933105,5.358949184417725,34.39051055908203,2.596889019012451,2.3590025901794434,1.7664432525634766,3.7941861152648926,10.234424591064453,12.072168350219727,4.739062786102295,1.5214241743087769,1.0,22.204391479492188,23.618743896484375,21.773588180541992,35.7696418762207,7.619029521942139,4.6081156730651855,3.148128032684326,5.820743560791016,2.4500906467437744,1.803645133972168,3.744096279144287,1.0,51.39509582519531,4.4452996253967285,2.3016245365142822,47.239322662353516,13.036012649536133,3.1100234985351562,5.116838455200195,3.5538110733032227,1.0,3.837205171585083,1.0,5.5807695388793945,1.0,4.4689130783081055,16.556194305419922,3.054236650466919,4.997655391693115,2.288027763366699,4.543056488037109,1.480600118637085,2.3062617778778076,1.6091498136520386,2.3717527389526367,1.4801791906356812,14.935697555541992,7.304526329040527,10.989289283752441,11.191564559936523,10.165929794311523,5.420860767364502,1.540780782699585,2.011906862258911,5.869112968444824,2.7306406497955322,5.362455368041992,5.207553386688232,1.0,1.1812024116516113,5.749459743499756,5.481414794921875,1.4462637901306152,3.1663196086883545,1.243704080581665,1.1872848272323608,4.59235954284668,1.1963249444961548,1.8340237140655518,3.138176202774048,2.2493906021118164,3.577007532119751,3.108776807785034,3.1325881481170654,2.944448232650757,6.037659168243408,1.0,1.0400478839874268,5.067178726196289,14.967551231384277,2.1617655754089355,2.5220327377319336,1.3957027196884155,1.10514235496521,9.804656982421875,13.730464935302734,2.9395155906677246,1.2258741855621338,8.917425155639648,1,67.22551727294922,1.0,18.172470092773438,6.31782341003418,6.090540409088135,3.4643194675445557,2.2986276149749756,4.275557994842529,2.2198143005371094,2.879293441772461,1.3732187747955322,1.3935847282409668,4.724009990692139,2.3834011554718018,4.5375189781188965,2.008577585220337,2.016155242919922,1.0,1.0,1.0,1.0,1.0,1.0,1.0,1.0,1.0,1.0,1.0,38.801422119140625,6.972982883453369,4.583660125732422,5.6997599601745605,3.296066999435425,2.9744977951049805,3.587782382965088,9.546428680419922,2.7032597064971924,1.0671249628067017,2.21077561378479,2.6132004261016846,4.961123466491699,34.338157653808594,59.29343795776367,3.1476316452026367,8.55260181427002,1.0,11.359354972839355,37.18659973144531,2.4879565238952637,30.162548065185547,1.0,44.95791244506836,22.07027244567871,8.135725975036621,11.542632102966309,13.264497756958008,13.265119552612305,1.0927622318267822,5.163372993469238,3.641450881958008,7.645758628845215,1.0,14.82516098022461,8.190937042236328,1.0,1.0,10.532151222229004,18.551809310913086,14.423434257507324,5.953088283538818,30.7303466796875,14.877511024475098,2.8645501136779785,1.6253505945205688,9.061756134033203,9.209856033325195,23.567060470581055,13.67347240447998,27.90423011779785,7.368279457092285,18.277395248413086,27.012353897094727,21.405038833618164,84.10767364501953,25.11077308654785,7.823559284210205,45.17441177368164,11.808975219726562,28.78385353088379
TEST_02+1일,6.6272759437561035,68.81047058105469,10.632022857666016,5.195050239562988,1.0,1.7858285903930664,1.4742958545684814,6.287477016448975,3.4066162109375,1.020190715789795,1.9277958869934082,1.556943655014038,1.4950764179229736,2.5850019454956055,27.060352325439453,4.661397933959961,43.244163513183594,1.9018337726593018,2.291973352432251,1.0,5.215281009674072,5.516109466552734,1.3263887166976929,1.0,2.0944173336029053,1.0923484563827515,4.103649139404297,8.023115158081055,12.558334350585938,7.854891777038574,1.9155892133712769,3.5026705265045166,3.4347121715545654,1.0,2.180972099304199,4.708680629730225,39.48775100708008,2.366631269454956,2.0308775901794434,24.45845603942871,19.700281143188477,2.0199761390686035,5.251809120178223,1.0,1.7342519760131836,2.708719253540039,1.0,1.0,1.8005452156066895,3.6433963775634766,16.42308807373047,1.038138747215271,4.809935569763184,1.1467903852462769,2.5295817852020264,2.812971830368042,1.7761844396591187,1.9663474559783936,1.310449242591858,1.0215802192687988,10.362112998962402,19.77528953552246,18.05179786682129,10.95963191986084,17.564176559448242,3.2768826484680176,1.2256759405136108,2.2280020713806152,3.626283645629883,3.370701551437378,1.361149549484253,2.131244659423828,1.0,1.781846046447754,3.3574347496032715,6.147676467895508,1.833431601524353,2.0587902069091797,1.703348159790039,2.9733479022979736,2.21582293510437,1.430472493171692,1.0330922603607178,3.1535067558288574,1.0299636125564575,1.6347548961639404,1.539696455001831,1.188420057296753,2.9583139419555664,4.515995502471924,1.0,1.8895902633666992,4.141372203826904,6.46157693862915,1.0,2.8870131969451904,1.3447190523147583,1.2573864459991455,41.9334602355957,9.629019737243652,2.440096378326416,1.235584020614624,4.322508811950684,1,242.99208068847656,5.438086986541748,34.81657791137695,2.223637342453003,1.767347812652588,3.9481921195983887,1.7753019332885742,1.4933686256408691,3.9087183475494385,2.471237897872925,1.0,1.1743824481964111,3.8211236000061035,1.274717092514038,2.7848756313323975,1.4425581693649292,2.099578857421875,1.0,1.0,1.0,1.0,1.0,1.0,1.0,1.0,1.0,1.0,1.0,1.0,3.276493549346924,1.0,2.5944466590881348,2.0698049068450928,1.0,1.6889218091964722,6.6104631423950195,2.172408103942871,1.0,5.690675258636475,2.0515568256378174,9.26496696472168,36.16845703125,1.0,9.811293601989746,11.91857624053955,1.0,7.943304538726807,24.658544540405273,1.4833707809448242,24.644041061401367,31.52199363708496,43.01911544799805,21.369510650634766,10.102738380432129,38.84697341918945,1.0,14.960878372192383,2.19740891456604,2.269942283630371,2.3293449878692627,7.820470809936523,41.1296501159668,1.0,9.131291389465332,1.0,118.18512725830078,6.487210273742676,7.655092716217041,9.698502540588379,6.924133777618408,40.369998931884766,14.489184379577637,3.7010958194732666,6.778700828552246,6.37360143661499,9.609109878540039,55.76189041137695,44.68278884887695,54.82099533081055,25.050899505615234,32.36921691894531,51.13627624511719,27.541223526000977,249.35614013671875,59.13425064086914,10.841025352478027,75.21928405761719,21.879531860351562,51.005149841308594
TEST_02+2일,8.675725936889648,39.32304382324219,1.4031100273132324,1.3631048202514648,1.0,1.7969626188278198,4.619070053100586,7.422496795654297,6.282179355621338,1.0,1.0,1.1092543601989746,1.2345179319381714,2.83823561668396,10.257624626159668,1.0,68.03961181640625,1.0,1.4865446090698242,78.18192291259766,28.554698944091797,3.2225942611694336,1.3550465106964111,1.5025866031646729,28.565916061401367,16.368253707885742,1.5119643211364746,1.0,5.19612455368042,1.0131289958953857,1.0,1.0,3.0011515617370605,1.1286460161209106,1.0,1.8755242824554443,23.010324478149414,3.67214298248291,1.0684643983840942,12.581649780273438,9.830611228942871,2.9249022006988525,1.9838298559188843,4.202630043029785,4.200321674346924,1.0,1.0,1.7677592039108276,1.5313459634780884,1.2846072912216187,3.4775400161743164,1.163641333580017,3.8898684978485107,1.600522756576538,1.1760598421096802,1.5486754179000854,1.0,1.5657099485397339,1.0,2.3530642986297607,6.086702823638916,10.930893898010254,4.3409037590026855,1.0701088905334473,2.924823760986328,2.2547571659088135,1.0,1.0,2.47843074798584,1.0,2.8863770961761475,1.0,1.0,1.0,1.7430226802825928,6.736827373504639,1.0,2.5951805114746094,1.0,1.429478406906128,1.0,1.2565374374389648,1.0,2.660398483276367,1.0,2.927281618118286,2.6893811225891113,1.0,1.0,2.5510413646698,39.960121154785156,1.0,2.703718900680542,4.946581840515137,1.2907118797302246,1.1766947507858276,1.7927463054656982,2.0140466690063477,17.91877555847168,6.838990688323975,1.4229189157485962,1.0817610025405884,7.2503228187561035,1,173.1533203125,65.42428588867188,27.19301414489746,1.0164936780929565,1.0,1.8150525093078613,1.0,1.4603184461593628,1.0,2.277078866958618,1.0,1.4812763929367065,1.6222633123397827,1.5527043342590332,4.281241416931152,1.0,2.900146484375,2.4111993312835693,1.0480668544769287,1.0,1.0,1.0115524530410767,1.0,1.0,1.0127086639404297,1.934468150138855,1.0,1.0,1.0,1.048668384552002,1.0,2.197431802749634,1.0,1.0,1.939786672592163,1.8633602857589722,1.83529794216156,1.0,3.212944269180298,1.1769014596939087,2.2805583477020264,4.258900165557861,12.329666137695312,44.80189895629883,7.551490783691406,1.0,4.422011375427246,1.7518714666366577,2.786314010620117,6.274982929229736,1.0,1.0,10.523497581481934,3.0404646396636963,1.0,1.0,4.119450092315674,2.053624153137207,1.4402737617492676,1.3729404211044312,1.7326984405517578,39.9281005859375,1.0,6.231792449951172,1.0,17.572967529296875,1.0,58.858482360839844,9.300379753112793,1.0,9.630334854125977,7.377063751220703,1.5989543199539185,7.799983978271484,1.8636853694915771,5.2634782791137695,10.422998428344727,35.60131072998047,36.089439392089844,19.70224952697754,14.088582038879395,43.92130661010742,21.49431037902832,175.7018585205078,23.23607063293457,11.570623397827148,45.27106475830078,20.566259384155273,45.849117279052734
TEST_02+3일,7.540764808654785,60.90003204345703,5.385457992553711,1.0,1.0446027517318726,1.0,1.0,3.614018678665161,1.0,1.0,2.1815974712371826,1.3996986150741577,1.0,1.0,4.123476505279541,2.1961169242858887,40.008094787597656,1.7380561828613281,2.9680895805358887,75.53666687011719,21.96978759765625,4.531214714050293,1.127771019935608,1.6716432571411133,56.44733428955078,16.431686401367188,12.575733184814453,34.19929885864258,7.948489665985107,1.0,1.0,1.0,3.5121395587921143,1.0,2.902819871902466,2.1936678886413574,14.136300086975098,1.0,1.0196008682250977,4.761355400085449,3.644160032272339,1.9397622346878052,5.286862373352051,1.0,2.646827220916748,1.0,1.0,3.319236993789673,1.493541955947876,2.579556941986084,3.4296927452087402,1.0000731945037842,4.458807945251465,1.3146229982376099,1.0227105617523193,1.7805110216140747,1.456730604171753,1.0,2.0653111934661865,2.208641767501831,4.089900016784668,7.167362213134766,2.051499128341675,10.904356002807617,2.8110251426696777,2.9045495986938477,1.4014925956726074,1.1469930410385132,2.4135239124298096,2.4889473915100098,2.9844865798950195,1.7695138454437256,1.0,1.0,4.171023368835449,5.541992664337158,1.0,2.7365224361419678,1.4923107624053955,1.0,1.7404093742370605,1.8729324340820312,1.3620460033416748,2.170447826385498,1.0,1.6938072443008423,1.2279245853424072,1.2678226232528687,2.30045223236084,1.4014862775802612,34.44590759277344,1.9764145612716675,2.0708463191986084,4.402711391448975,1.0,1.6465916633605957,1.2641732692718506,1.1065608263015747,18.173370361328125,7.425480365753174,1.4590579271316528,1.1833019256591797,4.991572856903076,1,2.8911986351013184,44.94657516479492,2.699047803878784,1.0,1.0,1.0,1.0,1.5375975370407104,1.0,1.6641484498977661,1.7117217779159546,1.2417207956314087,2.8112714290618896,3.1935153007507324,1.4295122623443604,1.2125654220581055,4.202310085296631,1.4997316598892212,1.055527687072754,1.0,1.0,1.0134224891662598,1.0,1.0,1.0,1.2870616912841797,1.0,1.0106844902038574,35.55620193481445,1.0,1.4445809125900269,2.375847339630127,1.0,1.2422701120376587,1.1511762142181396,1.0,1.0,1.0000886917114258,2.827578544616699,1.8490307331085205,3.3724429607391357,5.607252597808838,111.59256744384766,134.7447052001953,5.210993766784668,1.0,3.7603566646575928,3.8010544776916504,1.0,6.924918174743652,1.0,1.0,6.431909084320068,1.48979914188385,62.34974670410156,9.1058931350708,3.509147882461548,1.6996872425079346,4.343868732452393,1.0,4.560921669006348,1.0,1.0,3.5129051208496094,28.1716251373291,1.0,2.2777676582336426,18.73569679260254,8.896495819091797,1.0,7.1050639152526855,6.421452522277832,1.5103636980056763,4.254985809326172,4.011514663696289,4.541724681854248,38.66389846801758,30.304452896118164,27.08966064453125,14.757640838623047,17.60396957397461,27.250097274780273,23.03374481201172,124.85916900634766,25.391387939453125,11.995532035827637,42.96974182128906,19.714496612548828,27.64026641845703
TEST_02+4일,5.3844475746154785,57.229896545410156,7.021010398864746,1.0,1.2826176881790161,1.2828620672225952,6.868100166320801,4.323575496673584,2.5463736057281494,1.0,4.5436320304870605,1.0,1.4117399454116821,1.7642582654953003,6.525392055511475,3.646202564239502,57.01912307739258,1.6473408937454224,3.418454647064209,62.02953338623047,36.5557861328125,7.412917137145996,1.058666706085205,1.0736254453659058,34.830623626708984,14.929862022399902,9.149434089660645,31.61427116394043,1.0,1.0,1.0,1.1209138631820679,1.0,1.0,1.6403017044067383,1.0,15.797398567199707,1.749434232711792,2.008352041244507,12.245222091674805,8.927727699279785,2.36037278175354,3.115541696548462,1.0,1.4860304594039917,1.0,1.0,2.8238680362701416,1.0,1.045278787612915,4.167609214782715,1.3137649297714233,4.954962253570557,1.234841227531433,1.3983927965164185,1.9119415283203125,1.6643794775009155,1.0,1.192025065422058,2.5336949825286865,1.652159571647644,4.516611576080322,2.9072535037994385,6.870140552520752,2.2493674755096436,1.5896223783493042,1.6378576755523682,1.922598123550415,4.013627052307129,2.1595890522003174,2.526946544647217,1.0,1.0,1.0,2.877964735031128,6.078876972198486,1.0,2.7660880088806152,1.5783857107162476,1.1423230171203613,1.0,1.2329390048980713,1.060599446296692,1.7155702114105225,1.0,1.860124111175537,1.2215975522994995,1.2672183513641357,3.572660446166992,1.8304096460342407,33.0813102722168,1.6307040452957153,2.251314401626587,4.875125408172607,1.0,2.791534662246704,1.0,1.2230756282806396,21.320209503173828,4.470202922821045,2.3010265827178955,1.0,6.016064167022705,1,1.0,47.53386688232422,9.294878959655762,1.0,1.0,1.102245569229126,1.0,1.0952357053756714,1.001953363418579,2.0118660926818848,1.0,1.1782305240631104,2.030489444732666,1.0,3.600294589996338,1.0,3.6566429138183594,2.8719866275787354,1.0482739210128784,1.0,1.0,1.004543662071228,1.0,1.0066554546356201,1.0,3.6215057373046875,1.0,1.0425584316253662,73.99115753173828,1.0,1.0,1.5339630842208862,1.0,1.1453545093536377,1.5315213203430176,2.929842233657837,1.9938069581985474,1.0,4.125610828399658,1.8969405889511108,4.075566291809082,16.47322654724121,164.1558074951172,133.36782836914062,4.235664367675781,1.0,8.466071128845215,1.0,2.6631479263305664,8.321603775024414,1.0,1.0,7.483184814453125,2.3419110774993896,1.0,4.498394012451172,2.728182792663574,1.4237005710601807,3.5897762775421143,1.0,3.3724026679992676,1.0,1.0,1.0,1.0,1.0,5.86387300491333,5.814929008483887,7.773042678833008,8.032755851745605,3.275373697280884,2.1673879623413086,3.5813510417938232,1.4819941520690918,2.2355427742004395,9.486884117126465,40.38144302368164,22.5028076171875,24.232797622680664,13.500154495239258,12.021291732788086,26.949377059936523,6.76618766784668,148.0093536376953,14.154692649841309,13.703409194946289,30.350711822509766,13.793623924255371,35.17287826538086
TEST_02+5일,7.2459716796875,112.05138397216797,6.307676792144775,1.0,1.0,2.9139575958251953,14.993038177490234,2.741352081298828,2.14628529548645,1.2595547437667847,2.2691094875335693,1.4158705472946167,1.502003788948059,2.5830891132354736,15.379536628723145,1.462764859199524,106.88557434082031,1.0,3.09822416305542,112.52610778808594,42.439212799072266,6.424752712249756,1.062276840209961,2.607710599899292,45.500057220458984,16.62543487548828,6.58377742767334,30.68754768371582,7.9238739013671875,1.0,1.0,5.275330066680908,1.9507895708084106,1.0702159404754639,2.5534658432006836,2.0256378650665283,17.103975296020508,1.0,2.5956270694732666,14.559317588806152,12.4549560546875,2.891497850418091,4.197453022003174,8.56317138671875,4.170068264007568,1.0,1.0877227783203125,2.475087881088257,1.0,1.9732909202575684,7.393421173095703,1.9082330465316772,5.853571891784668,2.071469306945801,1.267977237701416,2.764183521270752,1.0,1.2689831256866455,1.5701841115951538,2.858565092086792,4.983363628387451,3.696180582046509,6.919460296630859,16.262248992919922,5.880575656890869,2.827383279800415,1.7261306047439575,1.2833404541015625,2.580472230911255,3.7063937187194824,2.4381930828094482,2.0896241664886475,1.0,1.842082142829895,2.065765619277954,6.314541816711426,1.0,2.269728183746338,1.0,1.0,1.0,1.6328562498092651,1.5964972972869873,1.1924521923065186,1.0,2.7831552028656006,1.5328282117843628,1.7284514904022217,1.3997750282287598,1.987326979637146,32.092926025390625,1.9698007106781006,2.2313456535339355,5.220864295959473,1.0,2.0441477298736572,1.1723558902740479,1.0901776552200317,31.830167770385742,4.5403923988342285,2.587512969970703,1.051059365272522,4.480434417724609,1,5.807354927062988,45.56745147705078,6.360057353973389,1.0,1.3538579940795898,1.6826437711715698,1.500162124633789,2.1959941387176514,1.0975987911224365,1.8166555166244507,1.0,1.8107762336730957,3.2808096408843994,1.4164763689041138,4.978446006774902,1.0,2.3658864498138428,1.0,1.0177826881408691,1.0,1.023734450340271,1.0,1.0,1.0,1.0,3.427917957305908,1.0,1.0217459201812744,11.680585861206055,1.2602459192276,3.248187780380249,2.1731364727020264,1.0,1.9323972463607788,2.2373790740966797,2.310314178466797,2.125190019607544,1.2560100555419922,3.623805522918701,1.5807963609695435,4.287781715393066,29.5806884765625,71.05057525634766,103.85606384277344,3.2722175121307373,3.7851035594940186,3.2506277561187744,1.0,1.6694414615631104,13.510101318359375,5.487578868865967,3.8145437240600586,13.088211059570312,2.404529571533203,9.499850273132324,1.0,5.496251583099365,2.140563488006592,3.3597214221954346,2.3214573860168457,5.477407932281494,12.90731430053711,1.0,3.494049072265625,1.0480023622512817,1.0,1.377627968788147,30.13935089111328,13.674539566040039,1.0,12.942112922668457,5.9779133796691895,3.20552396774292,6.676449298858643,8.649662017822266,15.997042655944824,46.882015228271484,36.379764556884766,39.06022262573242,16.181846618652344,18.308835983276367,30.312692642211914,14.90958309173584,224.74374389648438,35.081912994384766,17.021413803100586,60.27560043334961,20.985212326049805,31.178434371948242
TEST_02+6일,8.281820297241211,72.89041137695312,8.153543472290039,4.300295352935791,1.0,2.7838001251220703,4.3851094245910645,4.251558303833008,3.0038115978240967,1.919324278831482,2.3790955543518066,1.8689719438552856,2.0127320289611816,4.598636627197266,41.41397476196289,3.6542656421661377,59.54057312011719,1.1341633796691895,3.686161756515503,81.59539794921875,37.72440719604492,5.187432289123535,1.1369775533676147,3.446662425994873,23.394168853759766,9.758384704589844,14.755786895751953,74.35130310058594,10.809720039367676,1.6160763502120972,1.0,6.2392683029174805,1.5376051664352417,1.4013209342956543,1.9386398792266846,1.0,41.42504119873047,1.0,1.9961084127426147,34.08603286743164,11.217476844787598,1.6332626342773438,5.803020000457764,1.5487574338912964,1.6416038274765015,2.859196901321411,1.0177432298660278,3.2797343730926514,1.182974100112915,3.8473377227783203,9.027618408203125,1.417789101600647,7.5820631980896,1.3372329473495483,2.0634751319885254,2.1439859867095947,1.6753034591674805,1.0,1.9699442386627197,2.0553770065307617,12.317873001098633,6.825982093811035,8.343403816223145,14.99461555480957,6.130951404571533,2.8253273963928223,1.3770278692245483,1.2764252424240112,5.872247695922852,5.357996940612793,4.123230457305908,1.8490546941757202,1.067567229270935,1.3917254209518433,3.6209256649017334,6.013621807098389,1.8428683280944824,1.7682690620422363,1.952207088470459,1.4753715991973877,1.6031638383865356,1.0,1.04892098903656,1.7540308237075806,1.0,2.8711049556732178,1.821631908416748,3.3842883110046387,2.1809768676757812,4.039194583892822,36.01753234863281,1.5160167217254639,3.9369380474090576,8.336455345153809,1.0025898218154907,3.008009433746338,1.6329786777496338,1.8780696392059326,43.802146911621094,6.059408187866211,2.234541654586792,1.3939950466156006,3.813361406326294,1,8.273707389831543,52.406124114990234,16.33205223083496,5.458413600921631,1.0,4.298788547515869,2.409224033355713,1.592163324356079,1.8035780191421509,1.9468755722045898,1.2135831117630005,1.5053939819335938,2.478519916534424,4.038437843322754,2.126132011413574,1.0129632949829102,2.6105453968048096,1.0,1.0029054880142212,1.0,1.0,1.0,1.0,1.0,1.0,1.3421448469161987,1.0,1.020824909210205,39.204891204833984,3.5825870037078857,2.470932722091675,4.383656978607178,1.6163750886917114,2.207698106765747,2.856019973754883,9.706355094909668,2.167262077331543,1.1031392812728882,5.974541187286377,2.0122592449188232,2.8285915851593018,31.472745895385742,237.3715057373047,40.22099685668945,6.127360820770264,1.0,5.33925199508667,1.0,2.099147081375122,14.658766746520996,8.551276206970215,15.287565231323242,18.63851547241211,4.512317657470703,6.779542446136475,26.741134643554688,7.913970947265625,1.8589787483215332,4.505282402038574,2.5592257976531982,3.1507256031036377,29.520004272460938,3.224726676940918,8.349757194519043,1.0,38.698944091796875,5.574963569641113,1.0,15.79288101196289,2.6503684520721436,6.906665802001953,6.615866661071777,3.3452587127685547,6.051212310791016,6.689006805419922,15.331085205078125,61.990116119384766,39.42172622680664,68.99896240234375,24.827003479003906,25.853778839111328,51.31657028198242,19.834060668945312,262.8043518066406,43.1268196105957,17.96914291381836,117.52639770507812,24.309362411499023,54.54049301147461
TEST_02+7일,14.609341621398926,45.01810836791992,9.674062728881836,11.201607704162598,1.2946791648864746,3.5385124683380127,1.0,12.117071151733398,4.311472415924072,2.2854199409484863,4.351437091827393,2.188288927078247,2.712897777557373,6.262231826782227,47.071746826171875,3.953847646713257,1.970246434211731,1.6244211196899414,4.877827167510986,32.653778076171875,20.894990921020508,11.231508255004883,1.8653292655944824,1.1965062618255615,24.73780632019043,8.73548412322998,2.3028385639190674,31.43446922302246,16.123920440673828,4.289480209350586,3.8051514625549316,8.504246711730957,2.2254416942596436,2.5968148708343506,1.3886947631835938,1.4335787296295166,57.55628967285156,6.016319751739502,3.138928174972534,51.70400619506836,24.547094345092773,2.1176791191101074,5.987351417541504,1.0,1.994017481803894,4.143396854400635,1.0,4.367117404937744,1.0,8.152800559997559,16.331140518188477,3.627692937850952,12.2910737991333,2.173401117324829,5.122527122497559,2.3002140522003174,4.335967540740967,1.8373899459838867,2.1597533226013184,2.3431456089019775,19.321426391601562,13.179184913635254,15.073019027709961,23.097877502441406,16.44048500061035,3.813058853149414,2.4847381114959717,2.1756181716918945,7.115880489349365,4.27439022064209,5.097720623016357,3.652531147003174,1.0,1.0,5.561462879180908,8.140202522277832,1.0,2.709023952484131,1.326198697090149,1.1172538995742798,2.219341516494751,1.0,1.3915770053863525,1.290128231048584,1.1335331201553345,5.077780723571777,3.008558511734009,2.4590861797332764,3.162283420562744,7.412671089172363,1.0,2.0846946239471436,7.055022716522217,17.52427101135254,2.8058559894561768,3.1697707176208496,1.6851521730422974,1.0,22.069969177246094,14.830574989318848,2.5154733657836914,1.9022499322891235,8.385896682739258,1,201.58676147460938,2.604652166366577,29.791852951049805,8.128873825073242,1.3117256164550781,1.9403740167617798,2.2435123920440674,2.6688501834869385,2.0083765983581543,2.9121925830841064,1.0,1.5921099185943604,2.673513889312744,3.202298641204834,6.13214635848999,1.6157420873641968,2.834482431411743,1.0,1.0,1.0,1.0,1.0,1.0,1.0,1.0,1.0,1.0,1.0,29.850570678710938,5.113900184631348,4.759309768676758,5.897294044494629,3.8860373497009277,2.907243251800537,3.277972936630249,11.70002269744873,3.184014081954956,1.3743853569030762,6.139707565307617,2.431255340576172,10.481281280517578,36.513267517089844,90.66096496582031,1.0,12.689240455627441,3.3419606685638428,13.074816703796387,30.221542358398438,2.535710334777832,33.023223876953125,1.0,55.47146987915039,30.27794647216797,9.32855224609375,63.20643997192383,27.92365264892578,17.57204246520996,1.9235919713974,8.857458114624023,3.5089142322540283,18.63361930847168,1.0,3.6771180629730225,14.964838981628418,1.0,26.094945907592773,11.77535629272461,66.45855712890625,17.519439697265625,12.732400894165039,58.10292053222656,21.84622573852539,4.945133686065674,5.601627349853516,11.732579231262207,21.526445388793945,101.3590316772461,62.03407669067383,121.83326721191406,56.112667083740234,49.557254791259766,77.05999755859375,58.760372161865234,395.51910400390625,82.53559112548828,27.191715240478516,158.00384521484375,29.273130416870117,85.47608184814453
TEST_03+1일,13.863411903381348,97.5634765625,9.940678596496582,3.416282892227173,1.1207424402236938,1.9638899564743042,1.0949594974517822,2.8462908267974854,7.135209560394287,1.3655695915222168,1.5109996795654297,1.2272827625274658,2.240846872329712,3.676410436630249,24.65264892578125,4.775924205780029,54.9857177734375,1.0,3.9033432006835938,1.0,1.0,4.431772708892822,1.2435410022735596,1.0,1.878157138824463,1.0,1.0,3.373391628265381,23.606752395629883,7.358781814575195,10.29544448852539,6.368439674377441,1.3003658056259155,2.1612143516540527,2.4825520515441895,9.246133804321289,70.32154846191406,14.605610847473145,2.943077564239502,57.02103042602539,48.15443420410156,2.151634693145752,8.961689949035645,1.0,1.4412260055541992,2.9364356994628906,1.0,6.762561321258545,2.2648305892944336,5.658307075500488,21.744749069213867,1.2281124591827393,8.21051025390625,1.5352847576141357,5.866281032562256,2.5594418048858643,5.03873348236084,1.9968944787979126,2.398106813430786,1.7170779705047607,11.991837501525879,20.11702537536621,47.21855545043945,25.666475296020508,22.02989959716797,3.5014889240264893,1.827140212059021,2.9143922328948975,5.689363956451416,1.0,5.068674087524414,1.539436936378479,2.0200092792510986,1.8400217294692993,4.080435752868652,1.395876169204712,1.9882643222808838,3.1878974437713623,5.120754241943359,6.226029872894287,3.6443028450012207,1.8810185194015503,1.5633350610733032,1.4848448038101196,2.353667974472046,1.3396694660186768,1.9619077444076538,4.308837890625,2.8319530487060547,11.26996898651123,1.0,1.853718638420105,4.542222023010254,10.446552276611328,1.0,2.6410412788391113,1.6449459791183472,2.1517891883850098,67.7269058227539,7.060303688049316,1.9842482805252075,1.1435301303863525,7.975997447967529,1,212.13217163085938,4.3291120529174805,35.36575698852539,4.361584186553955,3.8190813064575195,2.0874407291412354,4.65655517578125,1.2838388681411743,1.5646958351135254,2.1628103256225586,1.6580373048782349,1.0,3.5119998455047607,3.193424940109253,1.0,1.29705810546875,1.6861543655395508,1.0,1.0,1.0,1.0,1.0,1.0,1.0,1.0,3.733471155166626,1.0,1.0,13.202648162841797,1.6160624027252197,1.0,3.3011951446533203,1.4543014764785767,1.5520004034042358,2.5116024017333984,5.829085350036621,1.0,1.0,7.136908054351807,1.2011958360671997,21.98717498779297,32.58057403564453,3.502562999725342,1.0,16.51273536682129,1.0,14.777323722839355,43.27317810058594,2.435295343399048,54.93318176269531,41.916168212890625,43.90715408325195,40.809757232666016,11.363828659057617,47.179874420166016,1.0,18.206832885742188,2.253492593765259,11.171147346496582,6.644190788269043,11.906576156616211,41.10226058959961,10.978616714477539,13.033219337463379,11.404287338256836,81.85285949707031,6.073150634765625,21.519102096557617,5.984323978424072,24.61020851135254,83.97566223144531,33.26345443725586,13.008543968200684,17.599632263183594,3.632890462875366,12.838995933532715,172.35995483398438,102.44467163085938,169.84803771972656,90.56153106689453,118.0457992553711,129.5950469970703,141.679931640625,742.8239135742188,122.22862243652344,91.93191528320312,115.22528076171875,26.124269485473633,126.6998291015625
TEST_03+2일,14.952606201171875,75.45516967773438,4.958659648895264,1.2868220806121826,1.0,1.7933728694915771,21.71666145324707,3.5366427898406982,9.946794509887695,1.0,1.0,1.389896273612976,1.8100606203079224,4.430023193359375,9.56308650970459,1.0,79.1874771118164,1.0,2.969363212585449,36.12594223022461,12.405213356018066,2.6812098026275635,1.2505673170089722,1.4735935926437378,25.758176803588867,26.397470474243164,1.0,1.0,20.23496437072754,6.24614143371582,7.364898204803467,2.3493874073028564,1.0,2.0772085189819336,2.1855995655059814,2.851062774658203,49.88236999511719,16.01120376586914,3.040358781814575,57.892311096191406,45.179420471191406,2.94801926612854,6.415877819061279,5.76230001449585,2.3436379432678223,2.0216376781463623,1.0,6.027148246765137,1.7678488492965698,3.7124054431915283,19.288707733154297,1.6241042613983154,8.746679306030273,1.8830888271331787,5.89918851852417,1.0,1.7754679918289185,1.5879218578338623,3.156707525253296,1.0,8.095175743103027,11.221227645874023,27.674087524414062,24.964006423950195,16.79900550842285,1.6506061553955078,1.0,1.5276554822921753,5.2777252197265625,1.0,5.35910701751709,1.0,1.0,1.0,2.6329970359802246,3.4534006118774414,1.0,3.5097780227661133,4.035999298095703,5.320158958435059,1.0,2.0038673877716064,1.0,1.1191673278808594,1.0,1.7915518283843994,2.436678886413574,2.2807140350341797,1.0,10.209689140319824,45.861087799072266,2.548182487487793,3.0262155532836914,7.926252365112305,1.103786587715149,1.0,1.7041072845458984,1.1095868349075317,43.071964263916016,4.643294811248779,1.9306318759918213,1.0,9.664936065673828,1,144.6829833984375,153.8861083984375,24.969282150268555,4.1331095695495605,3.0314865112304688,1.0,4.189455509185791,1.0,2.71415638923645,2.0166103839874268,1.0380653142929077,1.3680247068405151,1.9332237243652344,1.7469266653060913,2.6882317066192627,1.0,2.7068848609924316,4.18519926071167,1.0,1.0,1.0,1.0,1.0,1.0,1.0123367309570312,6.276970386505127,1.0,1.0,20.58030128479004,1.3737176656723022,1.0,5.024379253387451,1.3793166875839233,1.414481282234192,2.408458948135376,1.0,1.0,1.0,4.695138931274414,1.0,14.335798263549805,1.0,15.538276672363281,52.45388412475586,12.533663749694824,1.0,10.30029296875,20.80994987487793,3.7047832012176514,22.681350708007812,1.0,1.0,29.68691635131836,4.266754150390625,1.0,1.0,9.566012382507324,2.814237356185913,8.054511070251465,4.347168445587158,9.399124145507812,32.736045837402344,2.0150644779205322,11.339365005493164,1.0,7.160928249359131,1.0,59.467010498046875,5.018164157867432,17.7969970703125,27.817785263061523,22.363595962524414,4.433646202087402,16.94272232055664,1.0,5.717434883117676,119.85525512695312,88.71818542480469,116.1094970703125,87.05241394042969,83.74029541015625,145.017333984375,109.28336334228516,647.0918579101562,79.42228698730469,85.29566955566406,140.94033813476562,30.594331741333008,94.6911392211914
TEST_03+3일,9.686548233032227,76.03755187988281,4.074408531188965,1.0,1.031071424484253,1.0,2.985193967819214,1.0,1.5670350790023804,1.0,1.0,1.0,1.8365256786346436,1.0,6.804172515869141,1.3025071620941162,19.276081085205078,1.0,1.7873739004135132,33.95791244506836,6.559916019439697,3.1399929523468018,1.0571019649505615,2.1707379817962646,51.148826599121094,15.509651184082031,13.72421646118164,57.47364807128906,17.814889907836914,5.593868255615234,10.843172073364258,4.907783031463623,1.0694276094436646,1.8401670455932617,3.561742067337036,2.066786289215088,48.29984664916992,12.293731689453125,4.654707908630371,48.21418380737305,36.98619079589844,2.2604503631591797,8.563817024230957,1.0,1.816232681274414,1.8676646947860718,1.0,5.455949306488037,1.6285109519958496,2.56467866897583,19.983518600463867,1.4491560459136963,8.136576652526855,1.770684003829956,4.9658966064453125,1.6114575862884521,5.103300094604492,1.9885122776031494,1.0823853015899658,1.0112128257751465,5.987586975097656,10.536527633666992,13.6144437789917,18.61716079711914,14.813026428222656,2.3198211193084717,1.8986351490020752,1.6927136182785034,5.324612617492676,2.0424203872680664,4.46760892868042,1.0,1.0,1.8403780460357666,3.897266149520874,2.6570777893066406,1.0,3.1035218238830566,5.737878799438477,3.3669121265411377,1.0,3.0319318771362305,1.5104748010635376,2.045708179473877,1.672767996788025,1.0,1.0,2.3752942085266113,1.0,9.714759826660156,58.33085632324219,1.2779029607772827,2.9164083003997803,9.289377212524414,1.0,2.108340263366699,1.2036328315734863,1.6778250932693481,35.38316345214844,4.105396270751953,1.6305789947509766,1.0,13.811012268066406,1,1.690713882446289,121.06275177001953,13.186789512634277,4.313238620758057,5.126654148101807,1.0589874982833862,3.376103162765503,1.1321098804473877,2.2867965698242188,1.7566759586334229,1.0,1.0449384450912476,2.596700429916382,3.100142240524292,1.0419127941131592,1.1639244556427002,3.0257625579833984,4.336089611053467,1.0222774744033813,1.0,1.0027844905853271,1.0,1.0,1.0,1.0,6.0246968269348145,1.0,1.0,35.79253387451172,1.0,1.3615010976791382,6.496723651885986,1.0,2.2590677738189697,2.552060842514038,1.0,1.0,1.0,3.369691848754883,1.0,12.893046379089355,1.0,89.5089340209961,170.3335723876953,9.532713890075684,1.0,9.265068054199219,18.250165939331055,1.0,22.121509552001953,1.0,1.0,26.510969161987305,2.4698572158813477,73.22323608398438,1.039556860923767,8.117252349853516,2.1866281032562256,7.1371684074401855,2.9200901985168457,8.655525207519531,1.0,1.0,14.22286605834961,149.51837158203125,1.0,5.410580158233643,43.91123962402344,4.160073280334473,22.318126678466797,33.637943267822266,19.670061111450195,4.923349380493164,3.14928936958313,2.2985880374908447,3.4651458263397217,143.1963653564453,63.49009323120117,87.57952880859375,75.07151794433594,102.09266662597656,103.85340881347656,110.91159057617188,582.8626708984375,90.34032440185547,73.02976989746094,140.2178497314453,20.69992446899414,69.75833892822266
TEST_03+4일,11.646035194396973,87.04010772705078,5.380950927734375,1.012345314025879,1.245461106300354,1.392264723777771,20.444698333740234,2.6698386669158936,2.704026699066162,1.0,1.7647004127502441,1.1129798889160156,2.0271823406219482,1.8146640062332153,4.652278423309326,2.0040361881256104,77.59607696533203,1.0,2.1664764881134033,34.717464447021484,17.495853424072266,4.3985595703125,1.0,1.0,29.258378982543945,19.495079040527344,1.0,24.12534523010254,12.529574394226074,4.21110200881958,5.08442497253418,5.534268379211426,1.4599084854125977,1.2725225687026978,2.914219856262207,3.2262632846832275,56.3216667175293,11.39244270324707,2.691887617111206,51.00244140625,33.583980560302734,2.7878329753875732,3.4691765308380127,1.4735422134399414,1.0,2.359400510787964,1.0,4.833400249481201,1.0,2.4395103454589844,17.736452102661133,1.2992699146270752,8.923831939697266,2.5206449031829834,4.496855735778809,1.2380445003509521,4.049504280090332,1.6363927125930786,2.5765814781188965,1.0,5.491401195526123,6.629368782043457,16.057933807373047,20.356586456298828,15.388619422912598,1.7043930292129517,1.0,2.2322027683258057,4.592169761657715,1.445791244506836,4.5410990715026855,1.0,1.4361270666122437,1.1004830598831177,2.5101897716522217,1.0,1.0080592632293701,4.062042236328125,6.276697635650635,2.5050365924835205,1.0,2.0265324115753174,2.181797504425049,1.0563576221466064,2.166904926300049,1.0,1.2920829057693481,3.987764596939087,3.357991933822632,10.939460754394531,59.4669303894043,1.0,1.9312173128128052,5.09728479385376,1.0,2.3844480514526367,1.0722198486328125,1.6351004838943481,36.48677062988281,2.160376787185669,1.617849588394165,1.3413976430892944,12.808600425720215,1,1.0,132.15394592285156,11.191079139709473,2.134690999984741,2.560645818710327,1.0,3.2906534671783447,1.0,1.733545184135437,1.0567432641983032,1.0,1.0,2.1730704307556152,3.4830384254455566,1.8801372051239014,1.0,2.9746575355529785,5.512955188751221,1.0108329057693481,1.0,1.0,1.0,1.0,1.0,1.0063388347625732,7.810766696929932,1.0,1.0,20.901411056518555,1.0,1.0,1.0,1.0,1.572203516960144,1.1709836721420288,1.0,1.2991306781768799,1.0,3.9443018436431885,1.0,10.050994873046875,3.0930795669555664,68.3763656616211,171.01150512695312,8.048182487487793,1.0,9.501688957214355,6.672324180603027,2.7821390628814697,20.116077423095703,1.0,1.0,23.274608612060547,2.614722490310669,1.0,9.970131874084473,6.8324432373046875,1.3924508094787598,6.789351940155029,3.6580522060394287,3.58835506439209,1.0,6.435977458953857,9.285141944885254,55.044532775878906,1.0,5.869089126586914,1.0883949995040894,1.0,21.696287155151367,27.615407943725586,14.48737907409668,5.985675811767578,4.860334873199463,2.2227442264556885,15.171358108520508,126.06848907470703,44.269569396972656,96.05237579345703,58.975257873535156,99.11994171142578,98.57050323486328,57.22066879272461,556.1137084960938,64.68606567382812,73.11479949951172,65.0395278930664,23.88003158569336,43.59397506713867
TEST_03+5일,14.0377197265625,150.45724487304688,4.69304895401001,1.0,1.0,2.737729787826538,28.20115089416504,5.197640895843506,2.5159568786621094,1.2245701551437378,1.2406706809997559,1.2714526653289795,1.5159022808074951,2.738487958908081,16.278200149536133,1.0,131.8397979736328,1.0,2.365549087524414,67.0658950805664,27.88982391357422,3.7671544551849365,1.0748990774154663,1.7330530881881714,41.163814544677734,24.926748275756836,21.493104934692383,35.37064743041992,20.53290557861328,6.2831807136535645,7.9886908531188965,4.1667962074279785,1.0,1.0958054065704346,3.1360862255096436,4.92976713180542,56.19199752807617,13.696455001831055,2.3949456214904785,47.786712646484375,38.37677764892578,2.922192096710205,6.466004371643066,10.240264892578125,2.6835975646972656,3.141606330871582,1.0,3.7725906372070312,1.1781325340270996,4.287852764129639,18.0117244720459,2.417888641357422,8.601754188537598,1.4681520462036133,5.798812389373779,2.597781181335449,3.637120246887207,2.130746841430664,1.0,1.0,4.551051139831543,6.654891490936279,19.967784881591797,16.198307037353516,16.493494033813477,2.584702253341675,3.1618330478668213,1.626908779144287,6.126939296722412,1.0,3.119227170944214,1.024296522140503,2.4415812492370605,1.7945137023925781,2.177985668182373,4.240874767303467,1.113121747970581,2.788883924484253,5.506797790527344,4.260727882385254,1.0,2.8575282096862793,1.2416396141052246,2.277076482772827,2.1925997734069824,1.0,1.9825273752212524,3.885139226913452,1.0983045101165771,9.71510124206543,92.15139770507812,1.0,1.8993932008743286,6.492691516876221,1.0,1.0,1.7402338981628418,1.1647295951843262,40.021724700927734,4.087972164154053,1.9544419050216675,1.0,8.29780101776123,1,2.710700511932373,95.60900115966797,11.130537033081055,2.3607280254364014,4.955531597137451,2.0080533027648926,3.6469802856445312,1.3074290752410889,1.4087468385696411,1.00909423828125,1.234378457069397,1.028793215751648,2.9142043590545654,3.257277011871338,3.3829591274261475,1.0,2.347036600112915,34.35062789916992,1.0168577432632446,1.0,1.0452008247375488,1.0038262605667114,1.0,1.0,1.0,8.02164077758789,1.0,1.0103586912155151,48.92069625854492,1.0,1.004590630531311,5.166609287261963,1.0,2.3668222427368164,2.003053903579712,1.0,1.0836621522903442,1.0,3.4913394451141357,1.0,11.336284637451172,1.0,60.662696838378906,115.30227661132812,4.999601364135742,1.0,7.219720840454102,27.413137435913086,2.0878984928131104,25.192716598510742,1.0,4.415964126586914,24.464645385742188,2.092313528060913,20.041934967041016,1.0,5.081210136413574,2.177591562271118,6.579142093658447,3.250351667404175,4.856172561645508,1.0,1.1211318969726562,9.824320793151855,81.97962951660156,8.543846130371094,1.344880223274231,16.733896255493164,9.340655326843262,7.932821750640869,38.678470611572266,21.1927433013916,4.712711811065674,6.759740829467773,7.259427070617676,14.057344436645508,134.59518432617188,58.3066520690918,77.40211486816406,64.16490936279297,92.11079406738281,83.04948425292969,73.93544006347656,583.2681884765625,66.40957641601562,69.04598236083984,65.57034301757812,25.463645935058594,39.0250244140625
TEST_03+6일,9.575302124023438,68.97821044921875,8.45331859588623,1.9315242767333984,1.0,2.674382209777832,18.32254981994629,5.98019552230835,1.0452454090118408,1.0,3.9023520946502686,1.162833571434021,1.5183442831039429,3.750373363494873,26.111358642578125,1.8337558507919312,78.66663360595703,1.1797703504562378,1.4902085065841675,52.08729553222656,30.041839599609375,3.0697433948516846,1.1447889804840088,3.1887266635894775,27.77544403076172,17.060569763183594,28.943771362304688,98.57073211669922,16.221050262451172,3.8830602169036865,2.653207540512085,6.551571846008301,1.6378952264785767,2.7511119842529297,3.5764291286468506,1.0,60.40564727783203,9.6648588180542,2.2850825786590576,50.898895263671875,30.295574188232422,1.3821072578430176,5.919209003448486,2.8751823902130127,1.6384384632110596,3.0616238117218018,1.0,4.570673942565918,1.3314299583435059,4.307499408721924,20.544931411743164,1.0,10.743971824645996,1.8150794506072998,4.659162521362305,1.1661628484725952,3.948408603668213,1.0,5.26881742477417,1.1434967517852783,8.574630737304688,7.540802955627441,18.27626609802246,22.65380859375,16.708995819091797,2.071856737136841,1.0,2.4673213958740234,4.190688610076904,1.0,4.351627349853516,1.0,1.0,1.3434847593307495,2.9486870765686035,1.8634625673294067,1.6463404893875122,2.6768102645874023,6.606091022491455,3.417393207550049,1.0,2.264904499053955,2.516594171524048,1.8588918447494507,1.0,2.9903087615966797,2.216986894607544,4.792928695678711,2.5498907566070557,8.645657539367676,89.0287857055664,2.3131515979766846,1.9409801959991455,9.847342491149902,1.1540567874908447,2.204119920730591,1.0,1.0,43.90523147583008,7.620290756225586,2.1012823581695557,1.3752822875976562,4.827923774719238,1,6.768107891082764,106.96453857421875,11.495230674743652,6.501577377319336,4.224096775054932,3.063927412033081,3.6144447326660156,1.0,2.7369837760925293,1.2867002487182617,1.343322515487671,1.3914752006530762,2.712242841720581,3.489067554473877,3.363823175430298,1.0553927421569824,1.9382613897323608,1.0,1.0,1.0,1.0,1.0,1.011357069015503,1.0,1.0046730041503906,5.138211250305176,1.0,1.0021055936813354,44.87860107421875,3.4652950763702393,2.747528076171875,7.320687294006348,1.7534475326538086,2.7759101390838623,3.870330333709717,5.343741416931152,1.5113028287887573,1.0436925888061523,6.864202976226807,2.1552045345306396,6.173335552215576,11.20874309539795,190.48524475097656,37.89593505859375,9.675671577453613,1.0,8.240694999694824,1.0,3.637763023376465,26.852035522460938,9.407896995544434,12.609781265258789,25.72544288635254,4.055094242095947,12.983586311340332,1.0,8.266071319580078,2.610311985015869,10.318217277526855,5.505311489105225,3.695882797241211,11.6807279586792,14.220966339111328,14.659377098083496,43.04751205444336,26.214942932128906,5.618210315704346,24.982704162597656,31.75152587890625,15.509371757507324,18.823925018310547,3.3558127880096436,7.03804874420166,3.4582221508026123,3.9772207736968994,15.284131050109863,150.71278381347656,61.77039337158203,140.1337127685547,83.18500518798828,104.56935119628906,104.79785919189453,104.65154266357422,627.0712890625,57.50144958496094,81.71924591064453,129.2783203125,23.621835708618164,45.42511749267578
TEST_03+7일,15.5473051071167,33.842620849609375,11.855040550231934,7.650344371795654,1.1415274143218994,2.7381958961486816,1.0,4.848630428314209,4.867090225219727,1.2994109392166138,4.580428600311279,1.0,2.2193410396575928,9.137406349182129,39.52681350708008,2.5082807540893555,6.757608413696289,1.2322524785995483,1.6370230913162231,30.040645599365234,10.36719799041748,5.383281707763672,1.8122326135635376,1.0,19.93655776977539,17.738054275512695,7.403872966766357,61.22557067871094,23.229124069213867,5.328441143035889,6.2130045890808105,9.958600997924805,2.4196765422821045,2.992039918899536,2.278296709060669,2.1948482990264893,69.41606140136719,14.654353141784668,3.638260841369629,57.094642639160156,39.920440673828125,2.4573826789855957,5.551476955413818,1.0,2.1763463020324707,3.890437364578247,1.0218608379364014,4.629676342010498,1.0,5.831084728240967,24.948993682861328,2.4945571422576904,15.489395141601562,2.1077702045440674,5.489720344543457,1.4943903684616089,2.281916856765747,1.7938820123672485,3.510511636734009,1.719789981842041,16.413389205932617,13.20791244506836,33.500396728515625,25.791458129882812,28.288597106933594,3.6201512813568115,1.3746435642242432,2.575420618057251,5.084968090057373,2.3143858909606934,4.503289222717285,3.524878978729248,1.3482111692428589,1.6514348983764648,5.702301979064941,5.229832649230957,1.01771879196167,3.8614892959594727,4.849201202392578,4.901265621185303,2.272188663482666,1.4504430294036865,2.3266868591308594,1.0,1.0,4.337471961975098,3.267005681991577,4.0792460441589355,4.603360176086426,10.649310111999512,48.02284622192383,1.228420615196228,5.158471584320068,14.790643692016602,2.1484334468841553,2.687668800354004,1.0,1.0268263816833496,25.92093276977539,13.373881340026855,2.4622347354888916,1.0,8.39140796661377,1,148.4458770751953,1.5109952688217163,27.904762268066406,7.428296089172363,6.408334732055664,2.7993452548980713,4.412062168121338,2.1603174209594727,2.4841907024383545,2.9383485317230225,2.0019872188568115,1.7240920066833496,2.899876356124878,3.202345132827759,3.038475751876831,1.8120217323303223,3.283262014389038,1.0,1.0,1.0,1.0,1.0,1.0,1.0,1.0098121166229248,1.3563284873962402,1.0,1.0,65.43132781982422,4.883457660675049,4.613028049468994,10.987568855285645,2.6817450523376465,2.781341791152954,3.6230576038360596,10.8152437210083,1.4837887287139893,1.1321333646774292,6.506568431854248,2.9290244579315186,11.598237991333008,1.9210654497146606,46.327396392822266,1.0,20.383939743041992,1.0,15.85049819946289,18.980052947998047,2.4987661838531494,46.28727340698242,1.0,63.51926040649414,43.26945877075195,7.427857398986816,29.451547622680664,12.462635040283203,16.534456253051758,2.644747495651245,15.182998657226562,6.611395359039307,12.545207977294922,24.796382904052734,23.022144317626953,14.125627517700195,41.00421142578125,14.494791984558105,9.93708610534668,123.90204620361328,31.5233211517334,24.042654037475586,58.75146484375,3.581566333770752,6.627096652984619,8.837133407592773,12.760643005371094,17.388307571411133,175.9155731201172,77.18765258789062,175.00411987304688,105.97179412841797,131.87481689453125,110.59599304199219,145.43603515625,771.760986328125,93.04043579101562,98.82373046875,106.19327545166016,20.623804092407227,87.96343994140625
TEST_04+1일,2.0403902530670166,71.81373596191406,7.034783363342285,2.288144111633301,1.2257912158966064,3.011662006378174,1.0,2.851597309112549,1.5934797525405884,1.1314282417297363,1.6826926469802856,1.0,1.6835837364196777,2.206958770751953,8.499970436096191,1.9238405227661133,37.50061798095703,1.0292152166366577,2.2712268829345703,1.0,1.0,1.3709323406219482,1.190861701965332,1.0,1.0,33.62655258178711,4.404688835144043,10.549493789672852,7.864689350128174,4.4312214851379395,3.4757702350616455,3.161118745803833,1.0869323015213013,2.911572217941284,2.5816681385040283,3.9328970909118652,17.93015480041504,2.5651159286499023,1.156563639640808,12.847121238708496,11.475564956665039,1.3341023921966553,6.421013832092285,1.0,1.3640002012252808,1.726792812347412,1.0065183639526367,1.305694818496704,1.7319265604019165,5.232818126678467,9.395206451416016,1.4195098876953125,4.660642623901367,1.0,2.0458285808563232,1.264877200126648,2.910142660140991,2.1382625102996826,3.4800541400909424,1.135744571685791,7.59436559677124,6.8989081382751465,9.591322898864746,6.469563961029053,15.239110946655273,4.7382330894470215,1.3372151851654053,1.5256847143173218,2.94991397857666,1.0,2.0853323936462402,4.9565749168396,1.4832062721252441,1.0,3.8209919929504395,1.2745473384857178,1.709471583366394,2.4683454036712646,1.0,3.2512564659118652,1.1427271366119385,1.6028811931610107,1.0,2.5592637062072754,1.7359251976013184,4.008573055267334,1.0,2.390132427215576,3.1883950233459473,4.585511207580566,1.0,1.8561557531356812,2.052412509918213,4.796793460845947,1.0,1.0,1.955209732055664,1.4047658443450928,11.817893028259277,6.423378944396973,2.2303948402404785,1.0521327257156372,1.5845558643341064,1,172.7353973388672,3.520890235900879,27.86113929748535,2.4458537101745605,5.24167013168335,1.9080674648284912,2.62742280960083,1.6121710538864136,1.6498775482177734,2.398150682449341,1.0,1.4377827644348145,3.8020412921905518,2.76615047454834,1.9486533403396606,1.0,1.1593759059906006,1.0,1.0,1.0,1.0,1.0,1.0,1.0,1.0,1.0,1.0,1.0,1.0,3.5984649658203125,1.0,3.1240015029907227,1.9258346557617188,1.0,1.6251890659332275,8.137840270996094,1.3079745769500732,1.0973730087280273,2.1989622116088867,1.4232966899871826,16.203205108642578,30.674854278564453,1.0,1.0,10.503032684326172,1.0,6.882335662841797,35.45037841796875,1.6841391324996948,27.020679473876953,16.864349365234375,39.676273345947266,14.827425003051758,5.852828502655029,1.0,1.0,11.702056884765625,2.907726526260376,3.2339344024658203,4.859696865081787,3.98018479347229,16.057191848754883,5.71954345703125,3.616792678833008,1.0,186.75320434570312,24.45024299621582,85.40959930419922,20.641117095947266,11.855524063110352,49.91554641723633,32.7208366394043,6.71637487411499,5.60055685043335,2.5952517986297607,7.789594650268555,25.30241584777832,20.119674682617188,28.321701049804688,6.9811553955078125,28.604446411132812,52.73543167114258,23.768569946289062,66.4499740600586,23.13654899597168,15.63431167602539,49.169368743896484,8.1108980178833,29.78420066833496
TEST_04+2일,6.059604167938232,58.37855911254883,2.8585002422332764,1.4387656450271606,1.041710615158081,2.8724617958068848,8.881753921508789,1.8920936584472656,1.562556505203247,1.0,2.512364149093628,1.0,1.985245943069458,3.9581828117370605,1.0,1.0,56.75353240966797,1.0,1.6280821561813354,24.14618682861328,13.961976051330566,2.037019729614258,1.2714974880218506,1.2260664701461792,28.798187255859375,44.306068420410156,4.3115434646606445,1.0,4.532968044281006,3.843384265899658,1.1646254062652588,1.3502721786499023,1.0,3.2528815269470215,1.170878291130066,1.4137823581695557,4.307753086090088,3.3738760948181152,1.0,7.1187310218811035,1.0,1.7953073978424072,3.9114999771118164,5.355022430419922,5.182210922241211,1.0,1.0,1.0,1.6158872842788696,1.0,2.3341102600097656,1.462426781654358,2.9920551776885986,1.3018869161605835,1.1698087453842163,1.0,1.0,1.5593435764312744,4.721872329711914,1.4510161876678467,1.706228494644165,2.8224270343780518,3.6758177280426025,1.5155357122421265,1.0,2.455940008163452,1.0,1.3597402572631836,1.0,1.0,1.9878956079483032,2.424748420715332,1.091149926185608,1.0,1.8986332416534424,2.659393548965454,1.0,1.265768051147461,1.0,1.9568535089492798,1.0,1.0,1.0,2.645599603652954,1.0,4.005409240722656,3.686228036880493,1.2286752462387085,1.8470113277435303,3.9528753757476807,45.40554428100586,1.749298095703125,1.7376611232757568,2.7004947662353516,1.059859275817871,1.9330322742462158,1.9002360105514526,1.9419329166412354,2.2254841327667236,4.027519226074219,1.756282925605774,1.0,7.164536476135254,1,145.8126220703125,54.58091354370117,15.469654083251953,1.4618556499481201,2.5175037384033203,1.0,2.53300142288208,1.437307357788086,2.4291112422943115,1.7171539068222046,1.0,1.3311792612075806,1.7719244956970215,1.0,3.333124876022339,1.0,2.075788974761963,2.23580002784729,1.002676010131836,1.0,1.0,1.0,1.0,1.0,1.0090543031692505,2.0315065383911133,1.0,1.0,12.617074012756348,1.0,1.2673768997192383,3.5322649478912354,1.5235395431518555,1.0,1.3152493238449097,1.0,1.056868553161621,1.0,1.0,1.0,1.9232052564620972,1.0,7.258686065673828,41.328887939453125,7.719756603240967,1.0,3.5596883296966553,9.187376022338867,2.97709321975708,16.81434440612793,1.4381682872772217,14.334761619567871,8.687090873718262,1.9889225959777832,1.0,3.1002187728881836,2.7519137859344482,2.160717010498047,3.274373769760132,2.0208442211151123,1.0,23.08698844909668,3.925851583480835,2.678849697113037,1.0,96.60333251953125,10.844011306762695,120.20960998535156,14.490071296691895,3.9124791622161865,24.248445510864258,25.755931854248047,2.6407814025878906,7.848333358764648,1.0,4.923569679260254,1.0,11.05994987487793,21.298717498779297,2.820829153060913,8.66024398803711,31.814682006835938,18.28004264831543,24.284652709960938,18.995851516723633,10.870756149291992,21.178857803344727,6.957036018371582,20.84320640563965
TEST_04+3일,7.949925422668457,66.8521728515625,4.360134601593018,1.0,1.22645902633667,2.6502811908721924,1.0,2.4779160022735596,2.4189887046813965,1.0470631122589111,4.084443092346191,1.0,1.0,1.0,1.0,1.0,9.754236221313477,1.0,1.2515125274658203,10.297941207885742,9.846686363220215,2.3677992820739746,1.0115244388580322,1.2962374687194824,56.2793083190918,42.47246551513672,25.533845901489258,76.43460083007812,4.001193046569824,3.646350383758545,1.56729257106781,1.0796316862106323,1.0,1.0112931728363037,2.9689157009124756,1.705397129058838,1.0,2.3992249965667725,1.0121673345565796,3.020674705505371,3.74397873878479,1.4990909099578857,6.06959342956543,1.8976153135299683,2.4453558921813965,1.3042265176773071,1.0,1.0866034030914307,1.0720270872116089,1.0,4.847035884857178,1.0,2.831744909286499,1.0380773544311523,1.1561564207077026,1.4198426008224487,2.0948803424835205,1.8046859502792358,1.0,1.2902995347976685,1.4895334243774414,1.6596788167953491,3.539585590362549,3.957864284515381,3.749439239501953,3.9955015182495117,1.1778337955474854,1.0,1.0,1.0,2.1179041862487793,3.8903310298919678,1.0816489458084106,1.0,4.30844783782959,1.0,1.5565167665481567,1.9768247604370117,1.2738940715789795,1.394080638885498,2.136490821838379,1.0,1.696187973022461,1.5472053289413452,1.168220043182373,2.517862558364868,1.0,1.7269011735916138,3.706881523132324,3.047903537750244,48.69923782348633,1.5649667978286743,1.0,3.741156816482544,1.0,1.0,1.642297387123108,1.0629392862319946,9.799972534179688,2.8449466228485107,1.8500161170959473,1.0,6.370889186859131,1,3.3675339221954346,38.00065231323242,5.114882946014404,2.117642641067505,1.6856017112731934,1.0,2.2425928115844727,1.3221235275268555,1.6488285064697266,1.479405403137207,1.0996928215026855,1.112722635269165,2.6981747150421143,1.0,1.065642237663269,1.1009857654571533,1.659582495689392,1.4711337089538574,1.0180615186691284,1.0,1.0026307106018066,1.0,1.0,1.0,1.0046590566635132,1.51314377784729,1.0,1.0,33.21507263183594,1.0,1.7616941928863525,5.14763879776001,1.0,1.7302495241165161,1.4819947481155396,1.0,1.0,1.0647835731506348,1.0,1.0,1.0,2.9786109924316406,79.35118865966797,35.58152770996094,6.0614013671875,1.0,2.9674973487854004,7.629877090454102,1.5258303880691528,5.73699426651001,1.0,1.3891266584396362,10.258207321166992,1.0,1.0,1.4345357418060303,3.7354977130889893,1.2007843255996704,5.410496711730957,1.1171976327896118,2.725839138031006,1.0,1.0,2.0749781131744385,34.20133972167969,23.052270889282227,22.71259117126465,89.26903533935547,4.936691761016846,11.382043838500977,27.031702041625977,21.861371994018555,5.82037353515625,2.2247426509857178,1.0,1.0,10.908029556274414,5.706208229064941,13.551569938659668,8.475407600402832,3.6509451866149902,1.0,10.511208534240723,2.4526095390319824,12.291960716247559,16.371294021606445,16.318801879882812,9.510359764099121,15.015101432800293
TEST_04+4일,7.127583026885986,77.46293640136719,4.3224406242370605,1.4464921951293945,1.4436756372451782,2.440124034881592,6.999833106994629,5.924642562866211,2.2375197410583496,1.0064609050750732,4.889506816864014,1.020298719406128,1.2424317598342896,1.0,1.0,1.4533902406692505,45.96366882324219,1.0551776885986328,1.1093882322311401,41.399757385253906,19.888717651367188,1.5206516981124878,1.0556585788726807,2.1708929538726807,45.25852584838867,49.7718620300293,9.69222640991211,40.216983795166016,3.447962999343872,2.1100597381591797,1.0,2.768284559249878,2.7890589237213135,1.0,2.049065351486206,1.0,13.117169380187988,1.016906499862671,1.0,7.387501239776611,3.536799669265747,2.1055824756622314,2.8968045711517334,1.489596962928772,2.613988161087036,1.778552532196045,1.2093061208724976,1.5076748132705688,1.0,1.0,4.426961898803711,1.2700804471969604,3.12874698638916,2.0347836017608643,1.8108364343643188,1.923609733581543,2.355570077896118,1.5939539670944214,3.2509074211120605,1.2827246189117432,1.0,1.5230458974838257,2.1140706539154053,1.0,1.0,1.706534504890442,1.0,1.2047841548919678,1.0534017086029053,1.0,1.9134182929992676,2.5668184757232666,1.2164925336837769,1.0,2.5903947353363037,1.0,1.0,1.0,1.7567163705825806,1.6900274753570557,2.152078866958618,1.0,1.0,2.027632713317871,2.029062509536743,3.2139205932617188,1.0,1.9926722049713135,3.7213494777679443,2.4845404624938965,32.58183670043945,1.0,1.0,2.0800106525421143,1.0,1.0,1.3484822511672974,1.1687068939208984,2.8152270317077637,1.254120111465454,2.0278995037078857,1.0227413177490234,5.03285551071167,1,1.0,28.252878189086914,3.408815622329712,1.3622413873672485,1.0,1.0,1.8871232271194458,1.0077848434448242,2.3109676837921143,1.373786211013794,1.0,1.0,2.593039035797119,3.6080243587493896,2.1033530235290527,1.0,1.6679567098617554,2.461181163787842,1.0008231401443481,1.0,1.0,1.0,1.0,1.0,1.0090222358703613,4.797459602355957,1.002435564994812,1.0,55.34514617919922,1.0,1.0,1.0,1.0,1.0,1.7996795177459717,1.0,1.537696123123169,1.0,1.0,1.0,1.4045426845550537,2.2912116050720215,62.379119873046875,1.0,5.395411014556885,1.0,5.247757911682129,6.525087356567383,2.6212656497955322,10.331217765808105,1.0,14.581735610961914,10.410710334777832,1.8364951610565186,1.0,16.805116653442383,2.3807289600372314,1.1446583271026611,3.5131237506866455,2.810063362121582,2.5627975463867188,1.3235406875610352,4.828011989593506,2.1707112789154053,1.0,1.0,15.668633460998535,73.69055938720703,20.41851234436035,12.612747192382812,24.957901000976562,19.085582733154297,6.850522041320801,1.0,3.3865442276000977,9.767354011535645,11.115550994873047,3.54730224609375,13.194244384765625,3.113908529281616,1.0,4.110069274902344,3.6251089572906494,23.37728500366211,7.172689437866211,12.947973251342773,17.4285945892334,1.2059252262115479,10.886611938476562
TEST_04+5일,8.0390043258667,143.37779235839844,5.0257463455200195,1.0,1.0,3.328623056411743,20.034147262573242,2.847217559814453,3.6232008934020996,1.104461669921875,2.781316041946411,1.0,1.7338179349899292,2.0783474445343018,1.0,1.0,99.9948501586914,1.0,1.2066233158111572,92.45691680908203,30.02448844909668,1.5142130851745605,1.023964524269104,2.9615561962127686,55.0720100402832,36.043495178222656,22.987655639648438,65.00444793701172,1.1559410095214844,3.9305601119995117,1.7844966650009155,2.7020487785339355,1.0,1.2073804140090942,2.888324022293091,1.2754285335540771,1.4758784770965576,2.206200361251831,1.3127005100250244,4.577611446380615,5.374114036560059,1.4602024555206299,4.499383449554443,9.108859062194824,5.312310218811035,1.4649237394332886,1.0645147562026978,1.0,2.2314281463623047,1.671634316444397,8.38148021697998,1.1260823011398315,3.541125535964966,1.0,1.8583921194076538,1.0,1.4737966060638428,1.9729175567626953,1.4255012273788452,1.3299320936203003,1.0807437896728516,1.0,1.06867516040802,4.074474334716797,1.8012449741363525,2.937326669692993,2.9283082485198975,1.1308592557907104,1.0,1.0,2.021394729614258,5.636797904968262,1.410110592842102,1.3664575815200806,2.489732265472412,3.867297410964966,1.3568779230117798,1.8664394617080688,1.0,1.0,1.2752271890640259,1.041182041168213,1.9519376754760742,1.6266924142837524,2.0896568298339844,3.7902774810791016,1.5973414182662964,1.3207072019577026,2.372121810913086,2.793083429336548,49.893089294433594,1.9646183252334595,1.0657769441604614,4.006382465362549,1.0,2.5794737339019775,1.7441067695617676,1.1079282760620117,10.364436149597168,3.1348812580108643,2.1443843841552734,1.0,1.5202096700668335,1,4.593498229980469,36.46723937988281,3.5486197471618652,1.3124346733093262,1.9628148078918457,1.7897303104400635,2.139333486557007,1.5336203575134277,1.1037611961364746,1.2107267379760742,1.0,1.0,4.119047164916992,1.4475996494293213,3.057605028152466,1.0,2.1908793449401855,21.189006805419922,1.0,1.0,1.0468052625656128,1.0,1.0210810899734497,1.0,1.0,5.936596870422363,1.0,1.0,39.29147720336914,1.0,1.8136237859725952,3.040616512298584,1.0,1.0,1.0,1.0,1.5636996030807495,1.0,1.0,1.0,2.7135353088378906,5.292791366577148,47.36577224731445,34.61500930786133,2.85891056060791,1.8696322441101074,1.8587313890457153,7.433043479919434,1.9337594509124756,8.143007278442383,1.4482289552688599,30.040775299072266,7.330184459686279,1.1120587587356567,1.0,1.0,3.525617837905884,1.0,4.140942096710205,1.7467068433761597,2.4442148208618164,1.0,3.618811845779419,2.212019205093384,1.0,1.0,10.730908393859863,101.06624603271484,21.677457809448242,1.0,23.93280792236328,24.999561309814453,5.732374668121338,3.880638599395752,6.368800640106201,9.939432144165039,14.066051483154297,1.0,12.116929054260254,1.0,4.8786468505859375,8.291659355163574,10.169121742248535,23.5037784576416,14.30703353881836,9.50192928314209,17.63478660583496,5.101823329925537,16.84532356262207
TEST_04+6일,8.292614936828613,93.417236328125,6.28074836730957,2.4063663482666016,1.0,1.7535600662231445,8.38890552520752,5.604251384735107,3.5319149494171143,1.094531536102295,2.370476484298706,1.0,1.8148194551467896,3.6735544204711914,15.922842979431152,1.0,45.053470611572266,1.0,1.6163697242736816,35.9722900390625,31.326465606689453,1.7547056674957275,1.1575275659561157,2.6388556957244873,28.27937126159668,40.305973052978516,43.806068420410156,98.04873657226562,1.0,3.13071870803833,1.0,4.306081295013428,1.6329423189163208,2.275256395339966,3.7845020294189453,1.0,18.962535858154297,2.433471441268921,1.0,14.522607803344727,3.690614700317383,1.3970166444778442,4.438717842102051,1.7011454105377197,2.974390983581543,1.4694925546646118,1.15774667263031,2.328845500946045,1.3215898275375366,1.5335659980773926,6.189634799957275,1.1907957792282104,4.466245174407959,1.5982784032821655,2.122731924057007,1.0605740547180176,2.1471810340881348,1.0,5.568944454193115,1.1720573902130127,4.25178337097168,3.1133453845977783,1.294228196144104,3.4543280601501465,1.0,2.378162145614624,2.0806257724761963,1.4891754388809204,4.239294528961182,1.0,1.978295087814331,3.1291441917419434,1.0117214918136597,1.1703293323516846,4.414412975311279,1.3954012393951416,1.6152465343475342,1.8345544338226318,1.1253348588943481,2.4042091369628906,1.8786424398422241,1.4149137735366821,1.0,2.6660752296447754,1.731648325920105,3.469864845275879,1.0909481048583984,1.7701399326324463,3.6457159519195557,4.772615909576416,52.3980827331543,1.2668235301971436,2.1085097789764404,7.190615653991699,1.0,1.0,1.9340018033981323,1.178844928741455,18.407489776611328,4.807150840759277,2.6627635955810547,1.0,2.176703453063965,1,9.91105842590332,49.982112884521484,3.984133720397949,3.2888715267181396,2.8519608974456787,2.1552445888519287,2.656592845916748,1.7058120965957642,1.923067569732666,1.0,1.0960838794708252,1.1462793350219727,3.607447385787964,1.0,1.0,1.0,1.5163663625717163,1.0,1.0,1.0,1.0,1.0,1.0,1.0,1.0031465291976929,4.567751407623291,1.0,1.0,52.354671478271484,3.8535101413726807,2.5245821475982666,4.272677898406982,1.4608347415924072,1.220857858657837,2.477980852127075,6.277040481567383,1.406388282775879,1.0753155946731567,1.8490310907363892,2.2330029010772705,1.0,20.178241729736328,156.09658813476562,1.0,5.82195520401001,1.0,3.1267964839935303,1.0,2.635054111480713,10.096927642822266,18.276351928710938,25.566822052001953,9.843852996826172,4.087658882141113,1.0,5.17208194732666,4.870311260223389,2.6229801177978516,4.219071388244629,3.7257919311523438,1.0,2.8620734214782715,8.921576499938965,4.997721195220947,1.0,105.23443603515625,17.490028381347656,125.64442443847656,26.766782760620117,1.7094404697418213,26.00877571105957,23.334787368774414,5.581031799316406,3.2904155254364014,2.692284345626831,12.648307800292969,15.162097930908203,1.1378763914108276,11.50821590423584,3.142528772354126,9.024944305419922,10.871747016906738,4.9080119132995605,5.583369255065918,20.586400985717773,9.5101318359375,18.62274169921875,7.8724365234375,11.36474609375
TEST_04+7일,3.488023519515991,73.0488052368164,5.222742557525635,6.569825649261475,1.071132779121399,1.0466917753219604,1.0,4.945573806762695,1.0,1.292109489440918,3.304584264755249,1.4244492053985596,1.0,8.245696067810059,27.455184936523438,1.3835217952728271,1.0,1.433066725730896,2.132105827331543,22.275671005249023,18.995288848876953,1.8912711143493652,1.0,1.0,20.754581451416016,30.68954849243164,6.932639122009277,55.26447296142578,5.140872001647949,3.6124181747436523,3.082899332046509,4.378936290740967,2.6912760734558105,1.0,2.2010140419006348,1.3976835012435913,46.14776611328125,5.781644344329834,2.1714563369750977,33.39768981933594,12.755975723266602,1.9169026613235474,4.947943210601807,1.0,2.813826322555542,3.29683518409729,1.069416880607605,3.5294618606567383,2.6985881328582764,3.1274256706237793,15.224125862121582,2.792708396911621,7.681861877441406,1.3363280296325684,5.653320789337158,1.514906406402588,4.533238887786865,1.874913215637207,3.6984548568725586,1.6235073804855347,14.138433456420898,6.889705181121826,1.0,10.20016860961914,8.94762134552002,3.777472734451294,2.5395214557647705,2.4825518131256104,4.640835762023926,1.9377459287643433,1.8604655265808105,6.126671314239502,1.4012833833694458,1.4310872554779053,7.029877662658691,4.430524826049805,1.3785394430160522,1.377885341644287,1.0553345680236816,2.083059549331665,2.4036924839019775,2.6195459365844727,1.0,3.2208590507507324,3.442321538925171,4.437955856323242,4.167140960693359,2.2249293327331543,4.053946018218994,6.301350116729736,1.0,2.1742656230926514,4.7502055168151855,14.17459774017334,2.9076948165893555,1.8206291198730469,1.8145627975463867,1.1283583641052246,5.67560338973999,11.811131477355957,2.4479475021362305,1.0,7.1198811531066895,1,128.5836639404297,2.4387662410736084,19.447553634643555,5.760788440704346,5.199827671051025,2.775747776031494,5.8434648513793945,2.8041086196899414,3.047159194946289,2.286620616912842,1.1611438989639282,1.9708404541015625,4.075618743896484,1.4986069202423096,5.569597244262695,1.0,2.721839427947998,1.0,1.0,1.0,1.0,1.0,1.0,1.0,1.0,1.0,1.0,1.0,58.19561767578125,4.25170373916626,3.9592409133911133,5.908265590667725,3.3274481296539307,1.646424651145935,2.871084451675415,12.996010780334473,2.7922074794769287,1.17193603515625,2.601267099380493,2.6825101375579834,11.71072769165039,26.56737518310547,46.894615173339844,1.0,10.361504554748535,1.0,10.783341407775879,42.304500579833984,3.0178825855255127,29.190441131591797,11.211651802062988,54.58704376220703,18.430091857910156,8.63114070892334,1.0,20.722061157226562,15.230134963989258,2.726618766784668,8.74339485168457,5.515364170074463,12.268322944641113,1.0,8.995144844055176,7.827991962432861,1.0,105.84696960449219,25.0368595123291,200.99884033203125,26.71645164489746,15.216586112976074,62.22544479370117,33.409889221191406,8.206247329711914,3.79362416267395,6.449248313903809,18.279726028442383,30.123449325561523,10.192590713500977,28.789701461791992,6.67370080947876,20.629173278808594,43.3422737121582,22.21421241760254,50.193729400634766,28.06618309020996,17.825504302978516,32.80134201049805,12.791618347167969,29.806007385253906
TEST_05+1일,4.763382434844971,9.834333419799805,8.643227577209473,2.112462043762207,1.0644465684890747,2.4602010250091553,1.0,4.125840663909912,2.458066701889038,1.0,1.631201982498169,1.1092712879180908,1.7951793670654297,2.3987984657287598,19.563262939453125,1.546356201171875,5.9159698486328125,1.755158543586731,1.6863986253738403,4.997326374053955,1.0,2.2356622219085693,1.042029857635498,1.0,2.610140562057495,1.0,9.751786231994629,1.0,14.400653839111328,6.425970554351807,5.187829494476318,3.6755270957946777,2.9766204357147217,2.337418556213379,2.210139751434326,7.075726509094238,47.41447830200195,5.238743305206299,2.103057384490967,25.0914363861084,26.223487854003906,1.6292227506637573,7.3201003074646,1.0,1.7083181142807007,2.6662542819976807,1.025451421737671,4.342504024505615,2.0395359992980957,6.454516887664795,27.453571319580078,2.49066162109375,7.26713228225708,1.7558797597885132,2.4084200859069824,2.43939471244812,2.2248473167419434,3.5592713356018066,1.6158064603805542,1.0,28.350955963134766,13.705460548400879,14.661059379577637,16.888181686401367,11.841235160827637,6.046812534332275,1.4889843463897705,2.0924017429351807,5.006143093109131,1.8176226615905762,3.1044442653656006,8.609067916870117,1.007991909980774,1.4118523597717285,3.181666851043701,2.0476768016815186,1.9202358722686768,1.7762460708618164,1.7671433687210083,5.468728542327881,2.304457426071167,1.4209078550338745,3.98764705657959,3.40372371673584,2.3820838928222656,1.1783168315887451,2.477869749069214,2.717607259750366,3.7196810245513916,6.836772441864014,7.051332473754883,2.2224864959716797,4.085984230041504,17.0677490234375,1.3232996463775635,3.3532135486602783,1.0,1.3572808504104614,27.654088973999023,9.777182579040527,1.2697640657424927,2.24798583984375,2.1754608154296875,1,122.09569549560547,2.450618028640747,58.19062805175781,5.811777114868164,5.6204094886779785,3.3874683380126953,7.172487258911133,1.8812175989151,3.153111457824707,1.376930594444275,1.5067609548568726,1.3697338104248047,5.297131538391113,1.9305121898651123,1.1288398504257202,1.8074554204940796,3.5949058532714844,1.0,1.0,1.0,1.0,1.0,1.0,1.0,1.0,1.0,1.0,1.0,1.0,7.116030216217041,5.015981197357178,9.4486722946167,3.835092544555664,1.0,2.984259843826294,12.0902099609375,1.9381908178329468,1.3079010248184204,6.967804431915283,2.378350257873535,77.48860931396484,86.61558532714844,11.298599243164062,1.0,83.3557357788086,53.11322784423828,57.649261474609375,65.4893569946289,3.540428876876831,254.0675048828125,131.4168701171875,141.2771759033203,76.58570098876953,41.79774475097656,11.407139778137207,59.5637092590332,94.8337631225586,7.142792701721191,59.62865447998047,30.91707992553711,97.43386840820312,96.8751449584961,25.985612869262695,7.182911396026611,428.92181396484375,266.9866638183594,88.9125747680664,378.8502502441406,46.79368209838867,102.4955825805664,154.9659423828125,187.921875,70.89444732666016,17.42646598815918,71.4000244140625,92.78331756591797,15.70519733428955,1.0,18.94542694091797,8.089156150817871,16.709957122802734,51.45523452758789,14.029484748840332,28.16520118713379,24.13050651550293,5.697054386138916,42.44181823730469,7.2863240242004395,4.567116737365723
TEST_05+2일,6.960720062255859,1.0,5.168994903564453,2.7778751850128174,1.0,2.0239102840423584,1.0,4.2499165534973145,2.831761360168457,1.0,2.520983934402466,1.0,1.0272979736328125,2.2519378662109375,5.596778392791748,1.0,23.85651969909668,1.110949158668518,1.199053168296814,1.2756222486495972,6.20427942276001,2.2544078826904297,1.1832743883132935,1.0835845470428467,31.409196853637695,17.18629264831543,15.339451789855957,1.0,12.21633529663086,4.708972454071045,2.7924997806549072,1.528499722480774,1.7505494356155396,2.090491771697998,1.8363051414489746,3.3059914112091064,19.89743995666504,7.906940460205078,1.0,23.90631103515625,23.420207977294922,2.633845567703247,5.602886199951172,4.8597893714904785,2.026630163192749,1.7054290771484375,1.0405664443969727,3.243542194366455,1.4248327016830444,4.257083415985107,19.59813117980957,2.4760565757751465,6.666314601898193,2.262059450149536,1.2185301780700684,2.0280473232269287,2.81779146194458,1.831655502319336,3.2941319942474365,1.1298884153366089,24.53778648376465,11.898672103881836,6.216249942779541,12.282620429992676,3.6516990661621094,3.2180607318878174,1.0,1.4951266050338745,3.0166854858398438,1.0,2.0551791191101074,5.0197319984436035,1.0614386796951294,1.0,1.6629279851913452,2.9403727054595947,1.0,1.4321084022521973,1.0,4.9200310707092285,1.1019734144210815,1.0,1.5734347105026245,2.654372453689575,2.0261118412017822,1.8739255666732788,2.285954713821411,1.1032525300979614,1.4779932498931885,4.80490779876709,18.218719482421875,1.7246874570846558,3.6120095252990723,9.501495361328125,1.6962411403656006,1.8898069858551025,1.4441938400268555,1.717665672302246,19.08513641357422,5.996132850646973,1.4617087841033936,1.0,6.341495513916016,1,123.43048858642578,117.28631591796875,43.633426666259766,5.369482040405273,4.92970609664917,1.829470157623291,6.5267229080200195,1.178296685218811,1.8429843187332153,1.4360666275024414,1.009387493133545,1.7051799297332764,3.097083568572998,2.231456995010376,1.6341218948364258,1.0,3.608483076095581,1.0,1.0,1.0,1.0,1.0,1.0,1.0,1.029172420501709,2.6271371841430664,1.0019680261611938,1.0,8.3364896774292,3.260162353515625,4.326374530792236,5.511053562164307,2.7537405490875244,1.0,3.300288200378418,7.771320343017578,2.5022971630096436,1.0211576223373413,5.121729373931885,1.1825525760650635,49.18027877807617,52.78379440307617,11.443307876586914,1.0,75.10931396484375,43.62916564941406,49.746891021728516,42.26048278808594,3.7267684936523438,175.69825744628906,71.37909698486328,72.11949157714844,67.19866180419922,33.56566619873047,1.0,62.35845184326172,62.47949981689453,8.178524017333984,43.1424674987793,25.91161346435547,69.86827087402344,63.149513244628906,10.721315383911133,5.190881729125977,485.8311767578125,215.439453125,68.24517822265625,333.74365234375,42.28609848022461,72.53167724609375,63.296417236328125,135.2431182861328,42.71403121948242,14.782371520996094,63.33951950073242,79.11384582519531,1.9679869413375854,1.0,15.193146705627441,18.33412742614746,15.772887229919434,29.06923484802246,13.615267753601074,13.981550216674805,30.239959716796875,4.284360408782959,14.396445274353027,7.1903181076049805,18.184185028076172
TEST_05+3일,4.171755313873291,24.8550968170166,4.7676262855529785,1.8069111108779907,1.0,1.0,1.0,2.197740316390991,1.7245405912399292,1.1916877031326294,1.4398791790008545,1.0444287061691284,1.0,2.3799314498901367,1.7870134115219116,1.0,18.5169677734375,1.8066275119781494,1.2547653913497925,34.13188552856445,8.586321830749512,2.6890251636505127,1.0733004808425903,2.4929163455963135,61.82215881347656,14.831289291381836,16.32771110534668,10.88829231262207,11.789619445800781,3.7091376781463623,3.4670770168304443,1.9176074266433716,2.1696181297302246,1.7981977462768555,2.8062453269958496,3.3366000652313232,17.07862091064453,4.211485385894775,1.0,7.8435444831848145,19.246191024780273,2.043369770050049,7.046663284301758,2.4441721439361572,2.3508636951446533,1.4985393285751343,1.0,3.133638858795166,1.1316101551055908,1.3246915340423584,19.713499069213867,1.6487736701965332,8.684603691101074,1.333927035331726,1.0,2.089865207672119,1.8271740674972534,1.4349584579467773,1.2566254138946533,1.1249927282333374,12.458351135253906,7.491454124450684,5.459705352783203,8.5352201461792,4.891583442687988,5.109462738037109,2.462219476699829,1.289446234703064,2.9098079204559326,1.0,2.659971237182617,6.115670680999756,1.040697455406189,1.5990606546401978,3.4313318729400635,1.765805959701538,1.0,1.272984504699707,2.3680195808410645,4.2496113777160645,1.411523461341858,1.629807949066162,1.9103484153747559,1.3017685413360596,2.575303316116333,1.0,3.1441547870635986,1.758574366569519,2.528757095336914,4.44564151763916,7.349832057952881,2.2315828800201416,3.3225924968719482,10.400075912475586,1.0,2.1645259857177734,1.0847541093826294,1.1288710832595825,13.590215682983398,5.966441631317139,1.608819603919983,1.0,7.92903995513916,1,1.0,87.52271270751953,31.264774322509766,3.8791756629943848,3.558912515640259,1.8600647449493408,6.918551445007324,1.644038200378418,2.051927089691162,1.330966830253601,1.0,1.2194703817367554,4.1380391120910645,2.530841588973999,1.7286816835403442,1.0,3.656447410583496,1.0,1.0,1.0,1.0,1.0,1.0,1.0,1.0,2.330190658569336,1.0,1.0,26.75468635559082,3.303816556930542,4.8012375831604,7.481367588043213,2.585019111633301,1.6135629415512085,3.1356334686279297,5.6750264167785645,1.7664260864257812,1.0,4.0670013427734375,2.272756814956665,48.4503288269043,42.53451919555664,43.439422607421875,5.203123569488525,75.05525207519531,31.51624870300293,47.590579986572266,30.261615753173828,1.367401123046875,131.283447265625,79.14964294433594,45.075279235839844,62.909767150878906,26.79703140258789,1.0,43.32746124267578,57.18870162963867,7.719212532043457,37.6773567199707,18.31208610534668,81.56221008300781,39.37517547607422,8.623714447021484,4.611059665679932,400.79803466796875,230.8982391357422,58.843536376953125,274.96063232421875,38.49432373046875,69.61487579345703,56.69813919067383,166.25564575195312,33.94882583618164,6.561533451080322,128.15896606445312,62.8441047668457,11.260075569152832,1.0,9.518598556518555,15.608328819274902,4.307068347930908,4.07735013961792,6.651679515838623,1.0,17.828475952148438,10.105132102966309,24.567668914794922,8.739120483398438,5.25480318069458
TEST_05+4일,2.9694056510925293,40.40016555786133,4.427068710327148,2.3419246673583984,1.0792802572250366,1.9407373666763306,1.0,4.087833881378174,3.2413620948791504,1.0,1.5210574865341187,1.0,1.0,1.0,1.0,1.0,10.624853134155273,1.9363528490066528,1.050180196762085,22.609167098999023,13.725920677185059,2.78806209564209,1.0,1.0,46.000709533691406,40.49367141723633,21.306543350219727,20.71552276611328,8.416013717651367,2.451955556869507,1.7493106126785278,2.967742919921875,3.0172529220581055,1.108996868133545,3.630493402481079,3.978050947189331,24.49853515625,5.605803489685059,1.4006736278533936,11.33516788482666,16.617029190063477,2.4046378135681152,2.665147066116333,1.8726485967636108,1.318098783493042,1.5740270614624023,1.0,2.5631237030029297,1.0,1.420181393623352,15.019281387329102,1.0,8.443068504333496,1.521114468574524,1.5491138696670532,2.2496073246002197,2.1625795364379883,2.330143451690674,2.107679843902588,1.1422301530838013,13.798747062683105,4.537786960601807,3.448026180267334,5.34567928314209,2.1738860607147217,2.6222589015960693,1.5954748392105103,1.0,2.817636728286743,1.0,2.7500970363616943,5.624513626098633,1.0,1.11335289478302,2.074751615524292,1.1557910442352295,1.0,1.0,2.3567466735839844,2.7968456745147705,1.080872654914856,1.3508939743041992,2.4831531047821045,1.1143159866333008,2.735112190246582,1.2438234090805054,2.8347856998443604,1.575232982635498,3.493396759033203,4.6685967445373535,7.766899585723877,1.7397968769073486,2.501593828201294,7.584434986114502,1.0,3.1313822269439697,1.0,1.2162470817565918,14.429281234741211,2.84633731842041,1.2966171503067017,1.2761716842651367,5.877050876617432,1,1.0,89.06531524658203,29.963462829589844,4.472550392150879,2.1101837158203125,1.8514186143875122,6.011410236358643,1.1587461233139038,1.0971601009368896,1.1845612525939941,1.0,1.1508640050888062,3.6138391494750977,1.499906301498413,1.227777123451233,1.1345844268798828,3.0386803150177,1.227211356163025,1.0,1.0,1.0,1.0,1.0,1.0,1.0,4.499311923980713,1.0,1.0,60.52635955810547,3.9413387775421143,4.210055351257324,8.043120384216309,2.6071267127990723,1.0,2.4691824913024902,7.075839042663574,1.4673991203308105,1.0,4.714424133300781,1.5223052501678467,51.74454879760742,53.20820617675781,46.85601043701172,10.647102355957031,71.57474517822266,44.45703125,48.50366973876953,37.753318786621094,3.503342866897583,146.78048706054688,66.88365173339844,69.24980163574219,59.28768539428711,26.661651611328125,1.0,49.284793853759766,62.59663772583008,6.862001895904541,38.53448486328125,16.443906784057617,71.98479461669922,37.746761322021484,14.176469802856445,3.4207100868225098,476.4358215332031,207.20751953125,54.45921325683594,325.7150573730469,32.950469970703125,63.64920425415039,65.0235366821289,134.0692901611328,36.83958435058594,8.017468452453613,55.94912338256836,86.29442596435547,12.636762619018555,1.0,8.606151580810547,6.3680291175842285,3.507749080657959,6.6037797927856445,2.0877904891967773,1.0,13.225590705871582,7.758487701416016,1.0,2.305795192718506,1.0
TEST_05+5일,4.563952445983887,52.39030838012695,4.691887855529785,2.204171895980835,1.0,2.885735273361206,11.585620880126953,2.0845534801483154,5.207348823547363,1.0,1.399722933769226,1.0,1.8678032159805298,1.3633596897125244,4.282536506652832,1.744629979133606,50.1337890625,1.073836088180542,1.1119500398635864,18.603965759277344,18.92424201965332,2.179009199142456,1.0116040706634521,2.345242738723755,53.766666412353516,20.665454864501953,13.104912757873535,1.0,6.903622627258301,3.284524440765381,1.9521420001983643,1.041720986366272,1.0,1.0320414304733276,5.574724197387695,4.079895496368408,17.270263671875,4.052907943725586,1.9276740550994873,10.338001251220703,17.299219131469727,2.5747835636138916,5.394979476928711,7.825132846832275,3.1475422382354736,1.5480695962905884,1.0124601125717163,2.6163318157196045,1.0,4.595827579498291,17.580053329467773,1.0,7.893845081329346,2.4130096435546875,1.077891230583191,2.029386520385742,2.6218302249908447,1.5526460409164429,1.3302334547042847,1.1715688705444336,9.908257484436035,6.694655895233154,3.318929672241211,6.53637170791626,1.5267034769058228,3.8803062438964844,3.527822732925415,1.0,3.7179617881774902,1.0,2.598161220550537,5.0843000411987305,1.0,1.7626625299453735,1.8201178312301636,4.222966194152832,1.3111929893493652,1.3887929916381836,1.5643932819366455,5.868704795837402,1.0,1.9017359018325806,2.9439311027526855,1.0,3.4282119274139404,1.537541389465332,2.6077280044555664,1.0778601169586182,1.0,3.743424415588379,3.919804334640503,2.261273145675659,2.5907719135284424,10.50261116027832,1.0055006742477417,2.279921531677246,1.0,1.2533760070800781,16.934267044067383,3.011263132095337,1.3094730377197266,1.0,5.005523681640625,1,2.3599700927734375,74.84952545166016,24.419553756713867,3.532970905303955,4.591656684875488,1.3585602045059204,6.724119186401367,2.0537269115448,1.7155790328979492,1.1452629566192627,1.2388626337051392,1.1787880659103394,5.356808185577393,1.6683951616287231,2.58341383934021,1.1721538305282593,3.038248062133789,2.5212557315826416,1.0,1.0,1.014875054359436,1.0,1.0,1.0,1.0,4.791056156158447,1.0,1.0,40.56674575805664,4.852264404296875,6.000297546386719,5.020569324493408,2.312927722930908,1.0675113201141357,2.836312770843506,5.520514965057373,2.0081892013549805,1.0935896635055542,4.134097576141357,1.287992238998413,53.43902587890625,59.815433502197266,48.32524490356445,4.588357448577881,61.211326599121094,37.66698455810547,46.577571868896484,40.00124740600586,3.0220277309417725,154.3240966796875,66.5599136352539,80.94178771972656,64.12137603759766,23.529903411865234,28.039968490600586,68.32079315185547,66.38651275634766,9.28432559967041,37.31671905517578,15.820701599121094,78.0915298461914,45.586700439453125,19.349605560302734,2.990752696990967,469.979248046875,232.2146453857422,64.01013946533203,308.65093994140625,44.83010482788086,85.0124282836914,84.62545776367188,164.51805114746094,35.025577545166016,8.691349029541016,64.5314712524414,78.18907928466797,9.37369155883789,1.0,7.596920013427734,8.47734260559082,4.360084056854248,8.759297370910645,9.614696502685547,1.0,7.756119251251221,6.493607997894287,1.0,2.640745162963867,3.895951747894287
TEST_05+6일,6.513347625732422,1.0,6.484003067016602,2.863337755203247,1.0,2.5381600856781006,2.76131010055542,4.196605682373047,6.079597473144531,1.0,2.5222725868225098,1.0,1.5245866775512695,3.4119222164154053,9.48426628112793,1.0,25.87680435180664,1.1159653663635254,1.3591065406799316,14.814667701721191,14.643131256103516,2.717341423034668,1.1398136615753174,3.132927417755127,34.14719009399414,34.793373107910156,17.69705581665039,60.40917205810547,6.48539924621582,4.588080883026123,1.6370092630386353,3.247159481048584,2.742527723312378,1.6826143264770508,6.203867435455322,2.8842978477478027,37.32678985595703,4.73330545425415,1.0,24.934537887573242,12.186087608337402,1.4028502702713013,4.470730781555176,1.0712003707885742,2.035332441329956,2.0374491214752197,1.0399566888809204,5.416315078735352,1.6355472803115845,2.453305721282959,18.928146362304688,1.0,10.277307510375977,1.6350505352020264,2.195038318634033,1.5719472169876099,1.8936151266098022,1.0,3.3053884506225586,1.0380269289016724,18.049060821533203,4.696406364440918,5.2953057289123535,8.410689353942871,2.012932062149048,3.2599830627441406,2.8755197525024414,1.1934055089950562,3.7487988471984863,1.0,2.677767753601074,7.003525257110596,1.0571738481521606,1.633316159248352,4.364174842834473,1.5937409400939941,2.0006701946258545,2.4317104816436768,1.0,4.890378952026367,1.921157956123352,1.5107263326644897,3.1933891773223877,1.7592542171478271,2.973487138748169,2.204289197921753,3.332967758178711,1.5095245838165283,2.866981267929077,5.579616069793701,21.725372314453125,1.0,2.33914852142334,10.717904090881348,1.7087318897247314,2.7380764484405518,1.2811309099197388,1.3754796981811523,23.12469482421875,4.893689155578613,2.4763505458831787,1.1798847913742065,3.156925916671753,1,4.135237693786621,87.77178955078125,22.830646514892578,5.141964912414551,3.8807008266448975,2.610128879547119,6.872959613800049,1.9899743795394897,1.9873484373092651,1.7762774229049683,1.2908668518066406,1.0031230449676514,4.474781513214111,2.6420328617095947,1.8053714036941528,1.0288532972335815,3.5891191959381104,1.0,1.0,1.0,1.0,1.0,1.0,1.0,1.0005971193313599,3.7425060272216797,1.0,1.0,57.00581741333008,5.981739044189453,4.87283182144165,5.045866966247559,2.7293906211853027,1.6553586721420288,3.165849447250366,11.080559730529785,1.636146068572998,1.0,5.835860729217529,2.6635971069335938,49.73496627807617,62.9149169921875,92.41312408447266,1.0,66.73332214355469,42.479793548583984,51.78152084350586,24.251792907714844,4.27832555770874,174.1515350341797,95.59364318847656,87.65872955322266,65.489013671875,27.55715560913086,8.157254219055176,48.20211410522461,69.68392944335938,6.879554271697998,42.00933074951172,28.048328399658203,80.27970123291016,43.82329559326172,22.80364418029785,5.541173458099365,520.7555541992188,223.51443481445312,93.7371597290039,497.7386474609375,50.85844039916992,103.65416717529297,99.2751693725586,145.64649963378906,47.15376281738281,9.107623100280762,133.13072204589844,86.90279388427734,14.6270751953125,1.0,9.828118324279785,13.972403526306152,15.843682289123535,10.498862266540527,1.0,1.0,9.698277473449707,8.162195205688477,20.608196258544922,4.823756694793701,2.3321053981781006
TEST_05+7일,8.441637992858887,1.0,5.086653709411621,5.681939601898193,1.0942717790603638,3.1897807121276855,1.0,6.338762283325195,1.7284599542617798,1.0,2.4687325954437256,1.2066689729690552,1.7404117584228516,4.1284050941467285,31.433496475219727,1.3051927089691162,3.715108633041382,1.093814730644226,1.6775352954864502,1.830492615699768,8.325299263000488,2.440110206604004,1.0344359874725342,1.618770718574524,30.298994064331055,27.738473892211914,18.16243553161621,30.364316940307617,15.305597305297852,7.059675693511963,2.75451922416687,4.315345764160156,2.4634008407592773,1.9019495248794556,4.389370441436768,5.353821754455566,60.31422805786133,9.730996131896973,1.7115321159362793,36.420833587646484,21.471296310424805,2.2269835472106934,5.483734607696533,1.3497141599655151,1.3935062885284424,3.502845525741577,1.0,5.8361921310424805,1.192284107208252,2.0713839530944824,26.336057662963867,2.477696418762207,10.842403411865234,2.1488945484161377,5.722666263580322,1.6043695211410522,3.763976573944092,2.8584256172180176,2.3006272315979004,1.4159432649612427,23.029542922973633,12.174656867980957,5.264936923980713,15.609811782836914,6.857893943786621,4.040029048919678,2.7244465351104736,1.8431214094161987,4.0681843757629395,2.2264909744262695,1.62772536277771,6.227691650390625,1.0926933288574219,1.8450183868408203,6.145557403564453,4.887451648712158,1.0922573804855347,2.1595675945281982,1.5402296781539917,7.282027721405029,2.460390329360962,2.2640559673309326,2.700359344482422,2.2967612743377686,4.625545978546143,4.891476631164551,2.855510950088501,2.8884437084198,3.901425361633301,7.880164623260498,1.0,1.7050585746765137,5.90323543548584,19.604650497436523,2.350674629211426,3.0699968338012695,1.3659237623214722,1.4335856437683105,6.10149621963501,11.723068237304688,2.1402432918548584,1.0,5.872609615325928,1,59.6534309387207,1.0,42.68999099731445,7.727420330047607,6.428616046905518,1.8766676187515259,9.280674934387207,3.569913625717163,2.10211181640625,2.1461129188537598,1.5092576742172241,1.7485313415527344,4.180747985839844,2.073075532913208,3.520714282989502,2.5991551876068115,3.3114471435546875,1.0,1.0,1.0,1.0,1.0,1.0,1.0,1.0,1.3622006177902222,1.0,1.0,52.402000427246094,7.530954360961914,7.5683393478393555,7.8179473876953125,4.519763946533203,3.086763381958008,3.8815500736236572,14.28464412689209,2.926832914352417,1.0,5.196712970733643,2.361393451690674,78.71016693115234,62.9305534362793,88.06060028076172,1.0,79.85649871826172,61.28532791137695,59.59531021118164,58.967437744140625,3.859860420227051,246.7142791748047,141.70120239257812,163.81509399414062,87.42504119873047,31.386043548583984,1.0,70.03150939941406,98.02344512939453,6.454034328460693,66.90754699707031,32.80594253540039,116.99481964111328,77.64179992675781,46.83045959472656,7.166816234588623,467.9143981933594,292.8856201171875,83.24494171142578,338.93096923828125,50.89101028442383,112.81622314453125,190.52383422851562,170.67271423339844,50.35218048095703,16.516159057617188,73.8778076171875,118.50481414794922,35.816009521484375,1.0,23.818050384521484,30.367300033569336,21.59846305847168,44.78382873535156,19.202966690063477,53.8287239074707,14.891037940979004,13.078385353088379,51.19514846801758,6.377023220062256,38.38243865966797
TEST_06+1일,1.8958772420883179,29.270477294921875,6.096885681152344,1.2051869630813599,1.0883607864379883,2.9559812545776367,1.0,2.244096279144287,1.4882756471633911,1.0,1.8561204671859741,1.0,1.6285507678985596,1.915107011795044,13.99782657623291,1.8480955362319946,2.5933997631073,1.2381458282470703,1.1248730421066284,1.0,1.0,2.016788959503174,1.0,1.0,3.668403387069702,1.0,14.33531665802002,4.382229328155518,9.543050765991211,8.020866394042969,6.203912258148193,7.431365966796875,2.4486727714538574,3.452117919921875,2.837979793548584,6.301593780517578,42.132301330566406,7.591761589050293,2.193068265914917,36.76189422607422,24.279640197753906,1.2940095663070679,9.013195991516113,1.1586500406265259,1.3656169176101685,3.2811872959136963,1.0337367057800293,4.973905086517334,1.3388253450393677,5.795507907867432,25.13279914855957,3.7698862552642822,8.539158821105957,1.1249443292617798,2.4376776218414307,1.3517565727233887,2.332728385925293,2.4100732803344727,1.0,1.2401971817016602,22.294021606445312,7.409934997558594,13.484357833862305,14.695487022399902,16.04772186279297,4.512944221496582,1.2358355522155762,2.233203172683716,4.173126220703125,2.121367931365967,1.98757803440094,8.412569999694824,1.1141963005065918,1.8865944147109985,5.83817720413208,1.5881422758102417,1.5379068851470947,2.4208271503448486,1.3243975639343262,6.684713363647461,2.863107681274414,2.351078510284424,2.8992366790771484,2.023796558380127,2.630232572555542,3.4388294219970703,2.7465834617614746,3.3111329078674316,2.833505868911743,8.512798309326172,1.0,1.8030853271484375,2.3502328395843506,11.502974510192871,1.0,4.608138084411621,1.4730150699615479,1.8544161319732666,36.985374450683594,7.78187894821167,2.2311062812805176,1.4677400588989258,3.2424182891845703,1,73.34929656982422,4.107079982757568,45.5228157043457,2.8160932064056396,4.911288738250732,2.0097179412841797,4.5353803634643555,1.6671603918075562,3.373081922531128,1.4759927988052368,1.8603665828704834,1.224630355834961,4.01679801940918,2.3663012981414795,1.9471585750579834,1.2360866069793701,3.8821911811828613,1.0,1.0,1.0,1.0,1.0,1.0,1.0,1.0,1.0,1.0,1.0,3.618185520172119,6.114207744598389,2.520082473754883,5.191066265106201,3.394407033920288,1.819580316543579,2.2021563053131104,10.207834243774414,3.4716885089874268,1.8913518190383911,4.960433483123779,2.1172003746032715,64.13058471679688,64.67244720458984,1.0,1.0,79.60303497314453,42.43433380126953,45.269962310791016,67.86083984375,5.474234580993652,197.634033203125,125.87480163574219,124.37477111816406,66.79585266113281,23.870662689208984,1.0,34.22276306152344,79.22215270996094,7.088793754577637,50.36614990234375,26.08013343811035,72.12248992919922,87.19036102294922,26.20728874206543,1.8307547569274902,251.9902801513672,275.36114501953125,85.8761215209961,216.5293426513672,32.14825439453125,76.70886993408203,132.26791381835938,155.8081817626953,62.71029281616211,23.84663200378418,77.2535171508789,61.234825134277344,17.566787719726562,7.245647430419922,23.402137756347656,5.381783962249756,14.213971138000488,1.0,20.423789978027344,64.29739379882812,14.271376609802246,4.410104274749756,50.33546447753906,4.227935314178467,11.298687934875488
TEST_06+2일,5.972100257873535,1.0,5.492413520812988,1.685664176940918,1.0052495002746582,2.414132833480835,1.0,2.623351573944092,2.1123647689819336,1.0,2.140571117401123,1.0,1.1623347997665405,2.3682844638824463,5.402592658996582,1.0,23.88731575012207,1.0155210494995117,1.1892380714416504,18.40239143371582,8.660022735595703,2.362006902694702,1.079561471939087,1.0,29.165977478027344,20.273601531982422,22.122922897338867,1.0,4.364190578460693,4.199614524841309,4.359517574310303,1.6667053699493408,1.653489351272583,3.6868600845336914,3.162726402282715,4.35034704208374,30.597606658935547,8.972309112548828,1.2852665185928345,29.337207794189453,17.137704849243164,1.5382683277130127,6.604763507843018,4.30855655670166,3.3405261039733887,1.4384969472885132,1.0,3.363442897796631,1.0290261507034302,3.8014566898345947,21.083293914794922,2.319587230682373,9.123226165771484,1.1925212144851685,1.284582495689392,1.0,2.526515245437622,1.0,1.8809224367141724,1.2742295265197754,13.28701400756836,5.336812973022461,7.452073574066162,10.57405948638916,2.4005203247070312,2.777237892150879,1.0,1.1041005849838257,2.270186185836792,1.0,3.006244421005249,4.282970905303955,1.0879335403442383,1.0,4.705387592315674,3.5618467330932617,1.518575668334961,1.4603439569473267,1.0,5.202235698699951,1.297964096069336,1.4044039249420166,1.0,1.921542763710022,1.0180422067642212,2.869072198867798,1.2750568389892578,2.002933979034424,3.595954656600952,5.721066951751709,34.99921417236328,1.6291589736938477,2.735971450805664,8.470528602600098,1.1270582675933838,3.963815450668335,1.7527507543563843,2.7193052768707275,14.651832580566406,4.943860054016113,1.6386408805847168,1.066428780555725,5.14765739440918,1,107.24260711669922,50.32029724121094,30.063392639160156,2.2806339263916016,3.1603918075561523,1.8617745637893677,4.087130069732666,1.27842116355896,1.1988637447357178,1.4236526489257812,1.0,1.0183480978012085,2.0129902362823486,2.404245376586914,3.2674973011016846,1.0,4.689313888549805,1.0,1.0013495683670044,1.0,1.0,1.0136300325393677,1.0,1.0,1.0202245712280273,2.4473724365234375,1.0,1.0,17.041213989257812,2.4301669597625732,3.38739013671875,3.521005868911743,2.0762453079223633,1.370016098022461,2.0226266384124756,3.104398012161255,2.911804676055908,1.8656253814697266,2.5327258110046387,1.3639954328536987,44.00876235961914,25.44144058227539,4.382183074951172,5.239302158355713,60.37615203857422,33.2755012512207,34.87306594848633,36.14230728149414,5.096679210662842,136.702880859375,55.75747299194336,62.628273010253906,56.489219665527344,20.532506942749023,1.0,36.606380462646484,56.273170471191406,6.194309234619141,36.69541549682617,19.35394859313965,57.143531799316406,45.37876510620117,11.106842994689941,1.6757203340530396,261.841796875,165.75857543945312,65.32734680175781,201.7785186767578,27.722558975219727,64.75029754638672,60.979183197021484,104.19278717041016,37.37314224243164,23.767772674560547,62.803897857666016,65.1014633178711,1.0,1.4053493738174438,14.737876892089844,7.17723274230957,24.214155197143555,20.964523315429688,14.943623542785645,46.938560485839844,22.601449966430664,1.0,34.54239273071289,6.666976451873779,17.213930130004883
TEST_06+3일,7.261764049530029,28.90587615966797,3.414860725402832,1.0,1.0433670282363892,1.7236320972442627,1.0,1.0,1.6895408630371094,1.1097420454025269,1.4052083492279053,1.0723532438278198,1.425118088722229,2.015001058578491,2.6795096397399902,1.0,13.134788513183594,1.3577889204025269,1.27507746219635,37.80241775512695,11.139880180358887,2.5226669311523438,1.0237427949905396,1.0824825763702393,54.25894546508789,2.0396621227264404,23.028074264526367,41.30154037475586,5.2723798751831055,3.736008644104004,5.928573131561279,2.5531160831451416,2.448780059814453,3.3267900943756104,4.999971389770508,3.6056571006774902,29.556055068969727,5.517023086547852,1.0,16.38888931274414,12.556416511535645,1.4578379392623901,8.168468475341797,2.3087124824523926,2.0820810794830322,1.1479856967926025,1.0,3.2019619941711426,1.5042294263839722,3.541773557662964,22.332069396972656,2.569885492324829,8.613812446594238,1.2229081392288208,1.0,1.253113031387329,1.998068928718567,2.152937173843384,1.851830005645752,1.0419645309448242,9.479598045349121,4.739276885986328,3.8909847736358643,14.965760231018066,3.2590320110321045,3.5965514183044434,1.3800630569458008,1.0,2.0431785583496094,1.3709421157836914,2.637082576751709,5.68582820892334,1.1785615682601929,1.0,4.235471725463867,2.292060613632202,1.6402186155319214,1.8861700296401978,2.097830057144165,4.741363525390625,1.0,2.3068478107452393,1.2328791618347168,1.1685130596160889,1.9227067232131958,1.848309874534607,2.02020001411438,2.309126377105713,4.612949848175049,3.691977024078369,26.339111328125,1.9921422004699707,1.721448302268982,9.205236434936523,1.0,3.4478793144226074,1.3457967042922974,1.572272777557373,12.920624732971191,3.4992260932922363,1.3137757778167725,1.104472041130066,5.414972305297852,1,2.211869955062866,37.58939743041992,20.357120513916016,1.4785072803497314,3.5733604431152344,3.3708715438842773,3.1830153465270996,1.409384846687317,1.514339566230774,1.1768176555633545,1.0,1.0185620784759521,1.5394008159637451,1.0,1.6511527299880981,1.2228857278823853,3.421983480453491,1.0,1.0014379024505615,1.0,1.0,1.0216772556304932,1.0,1.0,1.0,2.1600847244262695,1.0,1.0,28.958032608032227,2.0721962451934814,1.7421272993087769,3.7207887172698975,1.501041054725647,1.807392954826355,2.106341600418091,1.5117915868759155,1.2493829727172852,1.4210000038146973,1.5605220794677734,1.2431285381317139,41.5775032043457,15.0088472366333,47.783199310302734,11.661543846130371,55.7443733215332,24.83000946044922,32.831085205078125,27.58461570739746,3.8271324634552,87.50857543945312,61.465293884277344,37.588436126708984,56.24114227294922,19.158836364746094,1.0,25.706663131713867,45.844905853271484,4.225985527038574,30.3657283782959,15.74333667755127,65.36666107177734,36.20899200439453,9.632820129394531,1.1432459354400635,270.22454833984375,139.03118896484375,63.14994430541992,159.15403747558594,19.095966339111328,50.83285903930664,69.07051849365234,138.81834411621094,24.54250717163086,8.405144691467285,54.70039749145508,56.380027770996094,5.665735721588135,1.0,10.092867851257324,14.271080017089844,11.73662281036377,23.499197006225586,9.870072364807129,19.12073516845703,11.177728652954102,7.723138332366943,25.32274627685547,5.657842636108398,4.272483825683594
TEST_06+4일,5.5526323318481445,42.808223724365234,5.092728137969971,1.4815593957901,1.1581028699874878,2.5165748596191406,1.4021384716033936,1.918265700340271,2.0660436153411865,1.0,2.276494026184082,1.0,1.3494912385940552,1.0,1.0418366193771362,1.211814522743225,5.634573936462402,1.5270295143127441,1.1494688987731934,26.99610710144043,15.040214538574219,2.5277485847473145,1.0,1.1456902027130127,35.854339599609375,17.689550399780273,26.09736442565918,32.083106994628906,1.6107275485992432,2.5995876789093018,2.492851972579956,4.0709333419799805,1.2236179113388062,2.409294843673706,5.319691181182861,2.5043632984161377,33.54916000366211,4.8062920570373535,1.7171385288238525,22.904830932617188,14.103184700012207,2.5406112670898438,3.540656805038452,1.916082739830017,2.0996150970458984,1.0,1.041435718536377,2.637075662612915,1.0,2.7926180362701416,18.040817260742188,2.586273431777954,8.431245803833008,1.102698564529419,1.5603251457214355,2.0797555446624756,2.200000762939453,1.9759858846664429,1.1181912422180176,1.0,9.569195747375488,4.827311992645264,3.9857192039489746,13.751507759094238,1.0,2.3785400390625,1.6542606353759766,1.0929601192474365,1.1964740753173828,1.0,2.199587106704712,4.720358848571777,1.1286590099334717,2.009539842605591,5.317193508148193,1.0,1.4846364259719849,1.0,2.165881395339966,4.058211326599121,1.0,1.7526520490646362,2.360839366912842,1.0741506814956665,2.1901254653930664,1.4069867134094238,1.951877474784851,2.1176199913024902,3.2986843585968018,4.556021690368652,24.028108596801758,1.101922869682312,2.0672295093536377,6.877528190612793,1.0,5.423429012298584,1.0,1.7203224897384644,9.841978073120117,2.331758737564087,2.098818778991699,1.1653283834457397,5.650530815124512,1,1.0,34.73905563354492,17.05719566345215,2.0169334411621094,1.52311372756958,2.1368303298950195,2.714590072631836,1.0,1.0,1.3650059700012207,1.0,1.0,1.9156537055969238,3.6636390686035156,2.4477272033691406,1.24492347240448,3.9193103313446045,1.0,1.0,1.0,1.0,1.0131757259368896,1.0,1.0024683475494385,1.0,4.562960147857666,1.0257948637008667,1.0,58.78513717651367,2.004254102706909,1.0,3.0614566802978516,2.004075050354004,1.5901871919631958,1.9690937995910645,4.166866779327393,1.0,1.0,2.694254159927368,1.0,40.993675231933594,23.57219696044922,66.8983383178711,13.450550079345703,52.51030731201172,33.52428436279297,32.8082160949707,25.671676635742188,5.239598751068115,97.55924987792969,55.838497161865234,54.99177169799805,53.405784606933594,21.159229278564453,1.0,37.92253494262695,48.08740234375,4.073951244354248,30.29290771484375,15.398163795471191,54.94840621948242,26.359071731567383,16.30118179321289,2.6965529918670654,237.00682067871094,76.51454162597656,58.28324890136719,220.992431640625,20.91925811767578,48.49734878540039,55.23208236694336,98.34634399414062,27.386432647705078,11.775176048278809,85.76009368896484,72.16448211669922,16.47169303894043,1.671504020690918,12.072749137878418,4.623203277587891,3.338901996612549,14.260492324829102,1.3682128190994263,19.363107681274414,11.214885711669922,4.565019607543945,17.739778518676758,4.644611835479736,3.141843557357788
TEST_06+5일,7.451002597808838,62.01071548461914,3.877312421798706,1.892388939857483,1.0,3.4598350524902344,11.127567291259766,2.322664976119995,3.3905999660491943,1.0,1.6993812322616577,1.0,1.1938512325286865,1.679223656654358,9.141569137573242,1.0,34.7398796081543,1.0,1.4488595724105835,28.97914695739746,15.29372501373291,1.949203372001648,1.0052478313446045,1.828216552734375,46.68065643310547,17.909618377685547,19.016752243041992,29.02008056640625,4.368618488311768,3.0385730266571045,4.638124942779541,5.412643909454346,1.0,2.784207344055176,6.670094966888428,3.2342374324798584,31.831478118896484,5.373024940490723,1.9581036567687988,22.142717361450195,14.2582368850708,1.3572425842285156,6.2528977394104,6.671581745147705,3.2364706993103027,2.00942063331604,1.0740134716033936,2.850933313369751,1.0,3.7197418212890625,17.456026077270508,2.7233142852783203,9.402046203613281,2.2892684936523438,1.1087465286254883,1.0,2.8618125915527344,2.289135456085205,1.6998283863067627,1.091326117515564,6.660763740539551,3.5461268424987793,4.442119121551514,16.863618850708008,1.9404805898666382,3.7019495964050293,3.0914037227630615,1.0390838384628296,1.8245292901992798,1.6240193843841553,1.5513536930084229,5.482541084289551,1.1571626663208008,1.3508857488632202,3.150188446044922,4.524411678314209,2.3832502365112305,1.867822289466858,1.1739983558654785,5.946681976318359,1.0,2.1279869079589844,1.9125592708587646,1.1494970321655273,2.8118200302124023,2.9691901206970215,1.4606297016143799,1.4903420209884644,1.0,4.075535774230957,34.688602447509766,1.5918160676956177,2.8169808387756348,9.201366424560547,1.0,4.2692365646362305,1.2774075269699097,2.423072576522827,16.425979614257812,3.9297029972076416,2.250168800354004,1.060415267944336,3.880934715270996,1,1.0,42.612606048583984,14.13804817199707,1.6610621213912964,4.058343410491943,1.8064165115356445,4.072347164154053,1.9113929271697998,1.7006206512451172,1.3263665437698364,1.0,1.2334340810775757,1.4093101024627686,3.208653688430786,3.0140206813812256,1.0,3.584092617034912,17.811914443969727,1.0,1.0,1.0422308444976807,1.012906551361084,1.0,1.0,1.0,5.074637413024902,1.0,1.0,47.11387252807617,3.7195143699645996,4.7163405418396,3.0340001583099365,1.554827094078064,1.8980640172958374,1.0,2.4423646926879883,1.571960210800171,1.0185623168945312,2.1085445880889893,1.0,43.6064338684082,26.214340209960938,35.13572692871094,4.3570356369018555,49.790077209472656,27.80681037902832,31.10838508605957,38.27830123901367,4.599979400634766,98.1403579711914,49.73600387573242,68.13046264648438,57.186729431152344,18.588645935058594,4.357604503631592,37.737693786621094,47.91082000732422,3.8658759593963623,29.574356079101562,15.149235725402832,57.108341217041016,34.98505401611328,14.168105125427246,2.286081552505493,321.5354309082031,119.54986572265625,64.50562286376953,158.05198669433594,30.74856185913086,46.720550537109375,67.32416534423828,127.71642303466797,25.182218551635742,15.159648895263672,94.02820587158203,63.97872543334961,2.9625933170318604,1.0,10.493311882019043,2.7022037506103516,2.7794463634490967,5.718805313110352,8.894918441772461,31.56170654296875,3.188771963119507,3.712360382080078,25.19025421142578,5.413253307342529,2.960314989089966
TEST_06+6일,8.080305099487305,8.598837852478027,6.359373569488525,1.6911609172821045,1.0069383382797241,1.8751273155212402,3.34281587600708,3.302515745162964,3.799072742462158,1.0,1.8548630475997925,1.0,1.5361559391021729,3.581162691116333,12.90454387664795,1.5606215000152588,13.090659141540527,1.0,1.4372751712799072,22.86713981628418,14.81906509399414,2.513087511062622,1.0642976760864258,1.883432149887085,30.100765228271484,23.826248168945312,21.549219131469727,89.81954193115234,4.286414623260498,5.490818977355957,2.3682546615600586,6.563417911529541,1.4155073165893555,3.906931161880493,6.488767623901367,3.6461827754974365,44.33470916748047,4.939802646636963,1.0,40.81268310546875,11.51954174041748,2.4469857215881348,4.690192222595215,1.0,1.556767463684082,2.9142606258392334,1.0844454765319824,6.044013023376465,1.316124677658081,4.021575450897217,21.46173667907715,2.337430715560913,8.151333808898926,1.5866917371749878,2.2255489826202393,1.0,2.4762966632843018,1.3948367834091187,2.256178617477417,1.1939723491668701,15.499177932739258,4.073985576629639,4.844864845275879,16.551618576049805,2.115748643875122,3.625976324081421,2.17338228225708,1.3373770713806152,2.819040298461914,1.6587646007537842,2.8028504848480225,5.529627799987793,1.0,1.503600001335144,3.7205779552459717,1.2439614534378052,2.4061436653137207,2.095158576965332,1.0,7.063995838165283,2.177450656890869,1.951895833015442,3.1494197845458984,2.401515483856201,2.049614429473877,3.09133243560791,2.247753620147705,1.8908528089523315,4.371951580047607,4.847375869750977,40.40448760986328,1.2811795473098755,2.687095880508423,10.471274375915527,1.1939953565597534,3.2319605350494385,1.0,2.435605049133301,20.635562896728516,4.389279842376709,2.819709300994873,1.3804919719696045,2.138608694076538,1,8.688133239746094,49.738319396972656,14.91279411315918,2.89837384223938,4.498132705688477,2.679333448410034,4.346438884735107,1.253861427307129,1.898339867591858,1.6215546131134033,1.0621100664138794,1.3360341787338257,3.262845039367676,1.9344819784164429,1.7888904809951782,1.570069670677185,2.860276460647583,1.0,1.0,1.0,1.0,1.0,1.0,1.0,1.0068782567977905,3.0045642852783203,1.0,1.0,59.97603988647461,5.087671756744385,2.519312858581543,4.7316694259643555,1.571921944618225,2.2193965911865234,1.7527904510498047,9.614683151245117,1.0541658401489258,1.435467004776001,4.372608184814453,2.6080322265625,39.12738037109375,43.86003112792969,109.59294128417969,1.0,51.239097595214844,34.60504150390625,34.81993865966797,28.516895294189453,5.803056716918945,114.0439224243164,80.84534454345703,72.43000793457031,49.61544418334961,19.423328399658203,1.0,26.95010757446289,51.78068542480469,5.669631004333496,31.499074935913086,22.486461639404297,57.50316619873047,34.39134216308594,26.11878204345703,5.653075218200684,271.1653747558594,180.32481384277344,90.81775665283203,270.0177917480469,37.43571090698242,65.14037322998047,74.63692474365234,106.34549713134766,39.82314682006836,12.393834114074707,46.879417419433594,67.0519027709961,9.329233169555664,1.0,14.533455848693848,8.015904426574707,8.161365509033203,8.399367332458496,1.544329285621643,15.902042388916016,7.723643779754639,5.2026543617248535,22.172565460205078,5.802055358886719,4.051931381225586
TEST_06+7일,5.332337379455566,4.413845539093018,3.554670810699463,4.969306468963623,1.1235182285308838,3.0764589309692383,1.0,8.209012985229492,1.0731487274169922,1.0,3.197794198989868,1.0,1.0967615842819214,3.552478551864624,32.04631423950195,1.407057762145996,1.0,1.3616045713424683,1.827397108078003,8.103960990905762,5.853240013122559,2.222256660461426,1.0210248231887817,1.0,22.337623596191406,17.954578399658203,18.048341751098633,46.067481994628906,10.316540718078613,8.527342796325684,3.0459582805633545,7.819993019104004,2.778590679168701,3.0018160343170166,4.370920658111572,5.6465678215026855,62.96031951904297,9.557395935058594,2.3947629928588867,53.26148986816406,20.564611434936523,4.172356128692627,4.92210054397583,1.724696159362793,2.4640116691589355,4.388753890991211,1.025625228881836,6.20902156829834,1.0,4.85444450378418,26.326860427856445,3.910629987716675,12.31485366821289,2.0706262588500977,5.918616771697998,1.4400293827056885,2.487462282180786,2.205085515975952,1.9805561304092407,1.4493310451507568,21.341135025024414,7.7477593421936035,5.145453453063965,20.144418716430664,9.269754409790039,5.0323076248168945,2.1867785453796387,2.37626576423645,3.063124895095825,2.817331075668335,2.945239543914795,6.261025905609131,1.0663222074508667,1.3158423900604248,7.303165435791016,5.378964900970459,1.9081982374191284,1.7385627031326294,1.2453744411468506,7.736741542816162,2.6275992393493652,2.1986963748931885,2.334144115447998,3.450451612472534,3.1901466846466064,5.349575519561768,1.9460957050323486,3.319488286972046,4.653735637664795,7.494772434234619,1.0,1.163214087486267,5.486296653747559,19.34330177307129,2.649343490600586,3.5213825702667236,1.4348187446594238,1.9219083786010742,1.9485629796981812,10.292113304138184,2.3026580810546875,1.0,7.204817295074463,1,58.79582214355469,2.0426125526428223,33.89961624145508,6.45613431930542,7.742768287658691,2.682096481323242,6.225540637969971,2.9531314373016357,1.48583984375,2.1698389053344727,1.6128360033035278,1.9347118139266968,5.413339138031006,2.042595624923706,5.285114765167236,1.5165684223175049,2.8410377502441406,1.0,1.0,1.0,1.0,1.0,1.0,1.0,1.0,1.0,1.0030261278152466,1.0,57.663230895996094,7.626565933227539,4.955480575561523,6.404486179351807,4.581467628479004,2.5915935039520264,3.9241151809692383,13.509014129638672,3.4255807399749756,1.5125732421875,4.461060047149658,3.222942352294922,64.29804992675781,41.0892333984375,61.634307861328125,2.2723522186279297,75.15766143798828,50.361854553222656,40.32164001464844,75.19355773925781,5.8470587730407715,166.13328552246094,126.20693969726562,124.6866455078125,68.38034057617188,23.479705810546875,1.0,43.94643020629883,68.82368469238281,6.063026428222656,50.31181335449219,26.232418060302734,85.838134765625,73.3272476196289,36.76586151123047,8.450695037841797,179.91543579101562,153.41433715820312,73.48085021972656,153.10690307617188,37.2035026550293,71.57232666015625,171.70529174804688,128.25865173339844,38.89076614379883,21.182973861694336,84.12364959716797,80.07569122314453,48.835365295410156,1.0,19.16693687438965,17.584699630737305,16.894460678100586,27.230886459350586,20.305908203125,82.35588836669922,6.282156944274902,7.464931488037109,31.50798988342285,4.017348766326904,31.539766311645508
TEST_07+1일,4.500752925872803,68.34355926513672,5.45628547668457,2.3530123233795166,1.1435538530349731,1.6468956470489502,1.0,1.078574538230896,1.4194881916046143,1.0,1.2574905157089233,1.0,1.124760627746582,2.286299228668213,17.958171844482422,1.8448318243026733,9.128520011901855,1.1215399503707886,2.1178174018859863,1.0,1.0,1.5045841932296753,1.0,1.0,1.0,18.40765380859375,12.705078125,11.25001049041748,5.072420597076416,4.493823528289795,2.4532241821289062,1.6272932291030884,1.2669966220855713,2.221367835998535,2.6005520820617676,2.471963405609131,10.974435806274414,2.5140559673309326,1.0,9.30952262878418,10.712681770324707,1.4894413948059082,4.139664649963379,1.0,1.5496516227722168,1.986276388168335,1.0,2.8407256603240967,2.680894374847412,4.939236640930176,8.48343276977539,1.0387895107269287,2.5027077198028564,1.5397758483886719,2.903620481491089,1.2601523399353027,2.2316155433654785,1.5071709156036377,2.8603227138519287,1.2807753086090088,7.245002746582031,6.335329055786133,9.6841459274292,3.947990655899048,11.13493824005127,1.0,1.0,1.3644434213638306,3.0884993076324463,1.3578014373779297,2.285306453704834,1.0339909791946411,1.0,1.5744819641113281,2.4220540523529053,1.8385738134384155,1.4277244806289673,1.408029317855835,1.0,2.613006830215454,1.3417598009109497,1.0,2.1738297939300537,2.4419760704040527,1.0,1.669276475906372,1.0,2.2264132499694824,1.0672537088394165,2.944171667098999,4.722904205322266,1.0860928297042847,1.1408730745315552,3.0494747161865234,1.0,2.7271387577056885,1.0,1.1967074871063232,7.30035924911499,1.248816967010498,2.094576835632324,1.2177116870880127,1.703423261642456,1,73.72692108154297,3.4163830280303955,18.923015594482422,2.082576036453247,4.153284072875977,1.0,1.0,1.590019702911377,2.1965012550354004,1.8948159217834473,1.0,1.076863408088684,2.217493772506714,1.0778957605361938,1.0,1.010892629623413,1.086870789527893,1.0,1.0,1.0,1.0,1.0,1.0,1.0,1.0,1.0,1.0,1.0,4.933778285980225,2.2679905891418457,1.0,2.7232630252838135,1.1714582443237305,1.0,1.2479559183120728,7.067812919616699,2.153593063354492,1.0,2.650777816772461,1.0,2.601557731628418,33.905208587646484,4.86387300491333,1.0,5.349808216094971,1.0,5.835346221923828,29.380218505859375,1.0,5.31178092956543,13.520795822143555,27.458141326904297,4.9336042404174805,4.326532363891602,4.6819658279418945,1.0,7.961935043334961,1.0,2.286766767501831,2.1232643127441406,2.70236873626709,20.363075256347656,2.5844502449035645,2.725182294845581,1.0,15.356563568115234,4.709163188934326,1.0,6.574689865112305,20.115894317626953,19.623607635498047,1.0,6.0887322425842285,4.807697296142578,2.732501745223999,7.142492294311523,26.361791610717773,27.338850021362305,30.411109924316406,11.60698127746582,20.949996948242188,17.168249130249023,33.649383544921875,161.84857177734375,25.547130584716797,1.2702512741088867,42.60649108886719,11.031794548034668,34.13296127319336
TEST_07+2일,6.490403652191162,35.60921859741211,1.8694231510162354,1.0,1.037176489830017,1.7155828475952148,1.0,1.2974399328231812,2.4134089946746826,1.0,2.040215492248535,1.0,1.0,1.5322089195251465,5.344024181365967,1.0,34.92828369140625,1.0,1.5591634511947632,16.28371238708496,13.276680946350098,2.0961365699768066,1.0244734287261963,1.2172231674194336,24.167381286621094,35.139625549316406,15.004103660583496,1.4894464015960693,1.5706387758255005,4.222143173217773,1.0432404279708862,1.0,1.0,2.1328868865966797,2.415320873260498,1.0,1.1773967742919922,3.838665008544922,1.0868431329727173,5.934901237487793,2.945127487182617,1.7503385543823242,1.3535826206207275,4.3453474044799805,2.4239275455474854,1.1052742004394531,1.0,1.5662044286727905,1.8726454973220825,1.8245803117752075,7.665101528167725,1.1776337623596191,1.6507785320281982,1.8478100299835205,1.5439118146896362,1.0,1.0,1.3195147514343262,3.8677964210510254,1.796627163887024,1.6180496215820312,3.1249685287475586,2.227402448654175,2.21665358543396,2.5626397132873535,1.0,1.0,1.0,1.3361176252365112,1.0,2.958242416381836,1.0,1.0,1.0,1.0,3.4775750637054443,1.977579116821289,1.0,1.0,1.918753981590271,1.0,1.0,1.0,1.9487093687057495,1.0,2.948132276535034,2.7725958824157715,1.2621904611587524,1.1898856163024902,2.816359043121338,45.599815368652344,2.1647815704345703,1.308183193206787,1.0,1.0,1.3765144348144531,1.4203970432281494,1.0,3.1220285892486572,2.2564475536346436,1.9206085205078125,1.0,5.498558521270752,1,90.32002258300781,15.867713928222656,7.711782455444336,1.0,2.889615297317505,1.0,1.0,1.0,1.0537314414978027,1.2984535694122314,1.0,1.147637128829956,1.036754846572876,1.0274595022201538,1.0,1.0,1.2649927139282227,2.5910372734069824,1.0,1.0,1.0,1.0,1.0,1.0,1.0196415185928345,1.3999394178390503,1.0008020401000977,1.0,16.058042526245117,1.0,1.0,1.0,1.0,1.0,1.2790733575820923,1.0,2.0449562072753906,1.0,2.5519027709960938,1.0,1.0,1.0,10.747570991516113,4.050724506378174,4.176905155181885,1.0,2.346571683883667,1.0,3.861311912536621,1.0,1.0,1.0,3.330033779144287,1.4982701539993286,1.0,1.0,1.0,1.0,1.3553234338760376,1.2957549095153809,1.0,6.104891300201416,1.0,1.6928744316101074,1.0,1.0,1.0,64.07511901855469,2.683364152908325,9.562639236450195,8.759713172912598,1.0,2.3837714195251465,5.052011966705322,1.0,12.212841987609863,9.864130020141602,20.717065811157227,24.42681312561035,21.885135650634766,11.85940933227539,33.87296676635742,18.631006240844727,135.61248779296875,17.9332332611084,3.5777761936187744,41.616607666015625,6.922045707702637,37.38213348388672
TEST_07+3일,4.31107234954834,57.342262268066406,1.8477566242218018,1.0,1.0,1.0480501651763916,1.0,1.0,2.1841721534729004,1.0,1.0,1.0,1.0,3.257725477218628,2.1266074180603027,1.33621084690094,43.4290885925293,1.1831188201904297,1.0760769844055176,31.754140853881836,12.973906517028809,2.217308282852173,1.0,2.022961139678955,45.16855239868164,31.443450927734375,22.69251251220703,72.61881256103516,1.4208694696426392,2.3602514266967773,2.255868673324585,1.0,1.0,1.5561704635620117,4.488833904266357,1.0,1.5895601511001587,3.09051775932312,1.852253794670105,5.138744354248047,3.170520067214966,1.359689712524414,4.405196189880371,2.9376909732818604,2.2207143306732178,1.2590502500534058,1.0,1.5512806177139282,1.7440942525863647,1.0387976169586182,4.838994979858398,1.0,3.3814220428466797,1.5070130825042725,1.1338459253311157,1.2505762577056885,1.903107762336731,1.0,1.0,1.6434541940689087,1.82798171043396,1.0,1.1406558752059937,1.910130262374878,2.7450804710388184,1.1365083456039429,1.0,1.3333039283752441,1.1233073472976685,1.0,2.2471163272857666,2.20143461227417,1.1825289726257324,1.0,2.266099691390991,1.6677684783935547,1.762121558189392,1.0,1.0,1.7401485443115234,1.0,1.0592507123947144,1.2122173309326172,1.0,1.0,1.2053852081298828,1.0916638374328613,1.620436668395996,1.5924456119537354,1.9543633460998535,33.260250091552734,1.3586668968200684,1.0,1.3519896268844604,1.0,1.6653342247009277,1.4514700174331665,1.0435669422149658,10.333235740661621,1.0,1.648672342300415,1.009064793586731,7.588366985321045,1,1.0,2.1339828968048096,1.0,1.0,2.6552603244781494,1.0,1.0,1.1938141584396362,1.2934856414794922,1.2329261302947998,1.045379638671875,1.0,1.4602898359298706,1.2619256973266602,1.0,1.1026077270507812,1.5973331928253174,1.0,1.0,1.0,1.0,1.0030264854431152,1.0,1.0,1.0169750452041626,1.343672275543213,1.0,1.0,49.980567932128906,1.0,1.0814533233642578,1.9424256086349487,1.0,1.140863299369812,1.0,1.0,1.2996845245361328,1.0,1.3005136251449585,1.0,1.5290727615356445,1.0,44.717952728271484,15.967853546142578,4.811301231384277,1.0,1.7978854179382324,11.081674575805664,2.3857405185699463,3.869061231613159,1.0,1.0,1.6966124773025513,1.0,27.40604019165039,1.0,2.55975604057312,1.0,3.0012552738189697,1.0,3.344059705734253,1.6712448596954346,1.0,3.6805529594421387,8.993252754211426,1.0,1.9040844440460205,16.808963775634766,1.0,2.532216787338257,3.1930110454559326,1.248884677886963,6.743686199188232,1.0,1.0,9.498235702514648,17.52531623840332,13.038878440856934,20.22028160095215,12.972963333129883,2.2874295711517334,13.463415145874023,17.835851669311523,68.91282653808594,10.212250709533691,9.407269477844238,27.974748611450195,10.795038223266602,22.91861343383789
TEST_07+4일,3.5455751419067383,60.218624114990234,3.8466434478759766,1.0,1.0,1.0,2.0346784591674805,2.7774498462677,1.686640739440918,1.0,1.0,1.0,1.0,1.0,1.2216905355453491,1.0,16.738069534301758,1.337040901184082,1.0,39.44902038574219,24.157955169677734,2.219477891921997,1.0,1.0,35.22136688232422,47.66941452026367,19.058931350708008,40.15018081665039,2.6342978477478027,4.724029541015625,1.0,1.2705785036087036,2.919250249862671,1.2479681968688965,4.858558177947998,1.0,6.295310974121094,1.6311103105545044,1.3644217252731323,9.517513275146484,5.1839399337768555,2.728688955307007,3.0410165786743164,2.064523696899414,1.0107991695404053,1.5168598890304565,1.0,1.759806752204895,1.0,1.0,2.9157626628875732,1.0,3.5128204822540283,2.4235382080078125,1.4712008237838745,1.872908592224121,1.652138590812683,1.3028655052185059,3.365900754928589,1.847130537033081,1.0,1.0,1.0,1.0,1.2009751796722412,1.0,1.0,1.251436471939087,1.0,1.0,1.7954258918762207,1.0,1.0,1.0294443368911743,1.004774570465088,1.0,1.6205062866210938,1.0,1.2435365915298462,2.4763007164001465,3.0887184143066406,1.0,1.6889488697052002,1.0,1.0897185802459717,1.138271689414978,1.100170612335205,1.4214414358139038,1.0,2.5561869144439697,29.073997497558594,1.0,1.0341390371322632,1.0,1.0,2.3585638999938965,1.0,1.0,5.310243606567383,1.0,2.5556747913360596,1.0,4.8856377601623535,1,1.0,1.5875186920166016,2.2304327487945557,1.0,1.0,1.0,1.0,1.0,1.0,1.6945419311523438,1.0,1.0,1.0,1.0,2.0502336025238037,1.0,1.0,1.0,1.0,1.0,1.0,1.0,1.0,1.0223697423934937,1.0,3.883856773376465,1.0,1.0,80.86392211914062,1.0,1.0,1.0,1.0,1.0,1.535860300064087,1.0,1.1926807165145874,1.0,2.092674970626831,1.0,1.5896881818771362,1.0,52.19837188720703,6.846429824829102,3.742871046066284,1.0,4.557048797607422,1.0,2.912612199783325,9.290984153747559,3.2300033569335938,1.0,3.8563623428344727,1.4528355598449707,1.0,21.6791934967041,1.0,1.0,2.2725024223327637,1.4493688344955444,3.4429078102111816,1.0,1.0,1.5467816591262817,1.0,10.234540939331055,4.647843360900879,1.0,1.0,10.192699432373047,4.154720783233643,1.0,5.654705047607422,1.0,1.0,12.23625659942627,14.339643478393555,11.247389793395996,12.973357200622559,7.877056121826172,1.6916307210922241,10.914234161376953,2.030148506164551,54.06013870239258,2.9412012100219727,10.814306259155273,1.0,4.410183429718018,13.884476661682129
TEST_07+5일,5.645644664764404,115.30074310302734,2.250666379928589,1.0,1.0,2.3082616329193115,13.445069313049316,2.293684959411621,2.546647787094116,1.0,1.0,1.0,1.4868297576904297,1.0,10.186149597167969,1.0,55.189334869384766,1.0,1.0279141664505005,73.96395874023438,32.729698181152344,1.7137035131454468,1.0,2.003652811050415,44.64469909667969,30.137592315673828,15.287322044372559,57.72764205932617,2.7273550033569336,4.200139045715332,2.6548070907592773,1.7658568620681763,1.0,1.0,7.4419732093811035,1.0,1.4083547592163086,2.9398252964019775,1.213137149810791,6.706653594970703,8.77537727355957,2.0838754177093506,2.5926873683929443,6.769526958465576,2.7691962718963623,3.1378798484802246,1.0,1.6556570529937744,1.0,3.0106253623962402,8.03235912322998,2.423353910446167,2.1768996715545654,1.285306453704834,1.0,1.0,1.0958733558654785,1.1865155696868896,1.6200661659240723,2.0452942848205566,1.0,1.0,1.9284429550170898,2.122779369354248,1.7533403635025024,1.2897908687591553,1.1232744455337524,1.099453330039978,1.6940363645553589,1.0,1.2998607158660889,2.006244659423828,1.0,1.3123596906661987,1.0,4.5129570960998535,2.552044153213501,1.0537362098693848,1.0,2.460726499557495,1.0,1.0,1.552736759185791,1.0,1.4031376838684082,1.169706106185913,1.5175120830535889,1.0,1.0,1.4574713706970215,23.44013023376465,1.0,1.1766430139541626,1.8323196172714233,1.0,1.551727294921875,1.0,1.2904223203659058,6.770878791809082,1.0,2.450181722640991,1.0,1.0,1,1.061202883720398,22.40855598449707,1.0,1.0,3.55417799949646,1.2085455656051636,1.0,1.7453957796096802,1.171647071838379,1.3348701000213623,1.2781392335891724,1.0,1.5680019855499268,1.0,1.077844500541687,1.0,1.4043841361999512,1.0,1.0,1.0,1.0621328353881836,1.0126755237579346,1.0,1.0,1.0,4.518716335296631,1.0,1.0,34.273193359375,1.0,1.039559245109558,1.1737881898880005,1.0,1.1980395317077637,1.0,1.0,1.548309564590454,1.0,1.8148291110992432,1.0,3.156226634979248,1.0,39.01140213012695,1.0,2.3037097454071045,1.0,1.9676682949066162,1.0,1.1133942604064941,7.8873162269592285,10.323332786560059,1.0,3.7151429653167725,1.3868331909179688,1.0,1.0,1.0,1.0,1.8849292993545532,2.0936930179595947,2.5510942935943604,3.7734832763671875,1.0,1.2901504039764404,1.0,6.8622846603393555,1.0,13.024499893188477,5.055041790008545,1.1549656391143799,7.173361301422119,1.0,5.921939373016357,1.488951325416565,5.686598300933838,21.492237091064453,24.141027450561523,15.942439079284668,15.2140531539917,11.683314323425293,7.924184799194336,2.0045526027679443,11.046420097351074,81.39868927001953,3.5848963260650635,11.707435607910156,7.726931571960449,2.3022007942199707,13.020307540893555
TEST_07+6일,6.411608695983887,60.37025451660156,6.9953508377075195,3.9532885551452637,1.177532434463501,2.4242136478424072,4.708523750305176,3.9592912197113037,1.8944023847579956,1.0,2.156342029571533,1.0,1.308188557624817,3.2838714122772217,12.683960914611816,2.3602187633514404,35.30117416381836,1.0,1.9648330211639404,41.83483123779297,26.47352409362793,2.1868441104888916,1.0464009046554565,3.026984453201294,25.031747817993164,40.4556770324707,21.95292854309082,88.6153793334961,1.978419542312622,4.002553939819336,2.3194820880889893,3.1017236709594727,1.9615265130996704,1.9498347043991089,7.54629373550415,1.1695574522018433,14.27359390258789,2.6045916080474854,1.1241669654846191,13.683764457702637,3.7065508365631104,1.3985437154769897,4.77647590637207,1.0,1.531927466392517,3.026636838912964,1.0,3.6088297367095947,1.7855968475341797,1.4793204069137573,10.054033279418945,1.0,4.658488750457764,2.478442668914795,1.9632986783981323,1.071228265762329,2.663408041000366,1.0,5.641274452209473,2.1932857036590576,4.066075325012207,1.0,2.2844245433807373,2.609937906265259,1.0,1.0,1.0,1.0718504190444946,3.4592881202697754,1.4252021312713623,2.623030185699463,1.0,1.0,1.1174036264419556,2.4615468978881836,1.1487089395523071,2.396177053451538,2.396094799041748,1.629195213317871,3.130230188369751,1.1739262342453003,1.0,2.2735745906829834,1.9726777076721191,1.2760214805603027,1.8202409744262695,1.3204028606414795,1.1384618282318115,2.2793467044830322,3.2472946643829346,45.90575408935547,1.5614051818847656,1.2647334337234497,5.000185012817383,1.0,2.413179636001587,1.2984516620635986,1.0013129711151123,16.86272621154785,3.1563045978546143,2.2552857398986816,1.1362016201019287,2.701427459716797,1,5.120388984680176,21.247880935668945,3.729842185974121,2.467785596847534,3.30623197555542,1.0,1.0,1.6016353368759155,1.5578551292419434,1.4690598249435425,1.0,1.270514726638794,2.182737112045288,1.414227843284607,1.3714308738708496,1.0,1.0,1.0,1.0,1.0,1.0,1.0,1.0,1.0,1.0153156518936157,2.424666166305542,1.0,1.0,69.2538833618164,2.931210994720459,2.4146652221679688,2.680884599685669,1.404894471168518,1.2567602396011353,1.1714085340499878,5.681761264801025,1.2015104293823242,1.0,2.983649492263794,1.5700103044509888,1.180671215057373,1.0,92.63397216796875,1.0,4.55941104888916,1.0,2.293903350830078,1.0,4.460982322692871,6.261891841888428,15.426361083984375,1.0,5.054754257202148,3.536356210708618,1.0,6.7902703285217285,2.478146553039551,1.0,3.546956777572632,1.328498125076294,1.0,2.8800601959228516,8.178492546081543,3.9033474922180176,1.0,1.0,5.837484836578369,5.476367473602295,9.435179710388184,7.55393648147583,1.0,3.9457223415374756,1.7532753944396973,1.151672124862671,1.0,16.098960876464844,23.4368839263916,14.407496452331543,15.66873550415039,17.544233322143555,22.469472885131836,13.994263648986816,5.710050582885742,82.0263442993164,4.719218730926514,16.835968017578125,30.120763778686523,4.805422306060791,14.941217422485352
TEST_07+7일,7.572929859161377,35.0849723815918,9.307490348815918,7.797354221343994,2.0486059188842773,2.0316615104675293,1.0,7.232762336730957,1.0,1.0,2.22450590133667,1.85628342628479,1.4603345394134521,4.6275105476379395,32.48744201660156,2.0593488216400146,1.0,1.3194776773452759,1.932752251625061,14.77942943572998,11.669095039367676,2.731661558151245,1.0,1.208387017250061,15.884418487548828,28.10658073425293,13.175349235534668,46.16437911987305,3.547020673751831,6.100284099578857,2.1359472274780273,4.998817443847656,1.1804848909378052,2.0202064514160156,4.379694938659668,1.2472810745239258,38.62409591674805,5.126378059387207,3.1484532356262207,30.88434410095215,8.598426818847656,1.8746991157531738,4.551244735717773,1.0,1.1495763063430786,3.526963710784912,1.0,4.537632942199707,1.2910656929016113,1.7267801761627197,12.729228973388672,1.9314028024673462,4.897535800933838,1.0686086416244507,6.9691267013549805,1.4972285032272339,2.08461856842041,1.4128605127334595,3.4665584564208984,2.684400796890259,14.172492027282715,3.8358154296875,4.892757892608643,8.342233657836914,5.971721649169922,2.73911452293396,1.0551371574401855,2.4268505573272705,3.9378881454467773,2.3624000549316406,3.070767402648926,3.8924646377563477,1.058835506439209,1.3247305154800415,4.957911491394043,4.975020885467529,1.7477946281433105,1.503333330154419,1.1030704975128174,3.7747087478637695,1.6103310585021973,1.1669338941574097,1.912904143333435,3.5332722663879395,2.837233781814575,3.384744167327881,2.777517795562744,3.243917226791382,2.738352060317993,5.058784008026123,1.0,1.8090012073516846,4.299836158752441,11.780903816223145,1.7042847871780396,3.060559034347534,1.344986915588379,1.0163277387619019,4.192481994628906,8.692988395690918,2.899902820587158,1.0247600078582764,6.104899883270264,1,42.69414520263672,2.3817825317382812,10.036466598510742,5.6101789474487305,6.100465774536133,2.1942460536956787,3.8242533206939697,3.216787099838257,1.0,2.029381036758423,1.1524509191513062,1.8174636363983154,3.1317036151885986,2.179185390472412,3.149156332015991,1.1462472677230835,1.7702115774154663,1.0,1.0,1.0,1.0,1.0,1.0,1.0,1.0,1.0,1.0,1.0,51.03363800048828,5.470991134643555,3.446168899536133,4.962569713592529,2.982590675354004,1.8211334943771362,2.260570764541626,12.73470401763916,2.9836676120758057,1.0723543167114258,3.319734811782837,2.1160855293273926,4.08417272567749,6.306847095489502,74.23516845703125,1.0,4.976466655731201,1.0,6.278923511505127,33.80363845825195,1.9748276472091675,12.823938369750977,1.0,13.390027046203613,11.326240539550781,8.357646942138672,63.64293670654297,18.337461471557617,9.372791290283203,1.1571944952011108,5.585799217224121,2.187894344329834,7.42988920211792,1.0,10.840231895446777,5.082911491394043,1.0,1.0,11.900506973266602,87.42303466796875,10.39775276184082,15.80051326751709,23.368274688720703,1.0,3.6566874980926514,4.084714412689209,8.253209114074707,18.549030303955078,42.62071990966797,31.663461685180664,54.70599365234375,37.623252868652344,31.989547729492188,29.718013763427734,27.56928062438965,209.23403930664062,38.511741638183594,16.670013427734375,71.57425689697266,5.340327739715576,49.74022674560547
TEST_08+1일,8.058923721313477,95.29930877685547,6.678005695343018,3.7928097248077393,1.180620789527893,2.9047741889953613,1.0,1.0,5.74696159362793,1.091846227645874,1.6617335081100464,1.2853626012802124,1.7788220643997192,3.066234827041626,21.858837127685547,2.3049137592315674,39.51036834716797,1.2137653827667236,1.584104299545288,1.0,1.0,2.4382996559143066,1.021121621131897,1.0,5.951581954956055,19.36145782470703,14.271163940429688,3.0637524127960205,16.718042373657227,6.083980560302734,7.699518203735352,7.671985149383545,3.3810489177703857,1.7547104358673096,1.8323109149932861,9.015860557556152,39.46498489379883,1.6963322162628174,1.7589322328567505,31.46822738647461,18.306278228759766,1.0253535509109497,6.1599225997924805,1.0,1.5724278688430786,2.76975154876709,1.0,5.590432643890381,2.2605855464935303,4.7352399826049805,12.95189380645752,1.1065402030944824,3.696777820587158,1.0943807363510132,2.3962883949279785,2.115072250366211,2.6804304122924805,2.439328193664551,3.3140475749969482,2.6911933422088623,13.453986167907715,12.466780662536621,30.49815559387207,11.01271915435791,18.413925170898438,2.284696340560913,1.7122763395309448,1.5327597856521606,4.405727863311768,1.6296236515045166,1.75200355052948,4.07717752456665,2.4623169898986816,1.8489644527435303,3.5589048862457275,2.5429954528808594,2.105149030685425,2.8461227416992188,1.505635380744934,4.405482292175293,1.7683544158935547,2.844076156616211,1.7380958795547485,2.7633166313171387,1.9956839084625244,4.280618190765381,2.4863038063049316,4.47773551940918,3.7145156860351562,7.148260593414307,5.524216651916504,1.27387535572052,3.1994199752807617,5.783810615539551,1.0,2.737776517868042,1.0,1.485413670539856,18.350088119506836,4.633630752563477,1.0,1.9258861541748047,3.263376235961914,1,214.6402130126953,4.470688819885254,21.893512725830078,3.522505521774292,4.124637603759766,1.1267149448394775,2.585094928741455,1.2970978021621704,1.605303406715393,1.590038537979126,1.484521508216858,1.0795042514801025,2.776262044906616,2.661043167114258,2.357604742050171,1.0,1.0,1.4830902814865112,1.0,1.0,1.0,1.0,1.0,1.0,1.0,1.0,1.0,1.0,1.2244213819503784,5.1407551765441895,1.0,5.221108436584473,1.4644618034362793,1.0,1.619960069656372,7.729550361633301,1.966958999633789,1.0671128034591675,1.7851150035858154,1.813926100730896,5.599445343017578,35.71073913574219,1.0,1.0,9.657060623168945,1.0,7.106448650360107,52.404205322265625,1.3445435762405396,19.352636337280273,23.783281326293945,39.06355667114258,23.283615112304688,9.188247680664062,154.73179626464844,1.0,9.670085906982422,1.3227260112762451,4.157049655914307,3.8493523597717285,6.09538459777832,23.69009780883789,5.49001407623291,3.618412733078003,1.0,102.23240661621094,5.000034809112549,1.0,2.978175163269043,7.061892032623291,34.81576919555664,12.361804962158203,3.2011799812316895,5.055730819702148,3.9036266803741455,14.013995170593262,67.1654052734375,51.81731033325195,123.562744140625,43.51681137084961,42.56376266479492,109.71208953857422,63.626163482666016,363.8383483886719,76.75382995605469,74.75011444091797,190.12396240234375,42.43971252441406,98.54142761230469
TEST_08+2일,7.514273166656494,83.53386688232422,3.181795120239258,1.4494037628173828,1.0,3.093384027481079,10.846464157104492,2.6649117469787598,6.846749782562256,1.0,1.0,1.0,1.469508409500122,3.5416715145111084,5.53003454208374,1.0,58.68065643310547,1.0626226663589478,1.7872483730316162,80.02818298339844,26.596599578857422,1.2049471139907837,1.149986743927002,1.3725862503051758,32.62317657470703,34.837223052978516,19.029590606689453,4.256538391113281,8.821004867553711,6.262914657592773,4.293856620788574,1.0,3.418403148651123,2.026902198791504,1.0868232250213623,2.8496155738830566,9.061297416687012,2.767263412475586,1.4314966201782227,18.881296157836914,12.94006633758545,1.2306650876998901,3.862645149230957,4.11190938949585,2.652484655380249,1.1280856132507324,1.0,4.388754367828369,1.8131030797958374,4.968417644500732,6.0946431159973145,1.181215524673462,2.7850191593170166,1.2442715167999268,1.7124663591384888,1.0,1.0,1.825117826461792,1.315826416015625,1.0,2.819443464279175,3.3077914714813232,13.001296997070312,4.516797065734863,11.28944206237793,2.315767288208008,1.0,1.080222725868225,3.0808193683624268,1.0,2.9871702194213867,1.0,1.373517632484436,1.0,2.034698724746704,2.8304214477539062,1.0,2.4856202602386475,1.0,4.460107803344727,1.0,1.870845079421997,1.0,1.1228026151657104,1.0,5.0371880531311035,2.002572774887085,3.1473000049591064,1.22226881980896,6.415366172790527,74.34320831298828,1.5062788724899292,2.476855993270874,2.4592041969299316,1.1559962034225464,1.0,1.0,1.1253337860107422,5.960532188415527,4.33352518081665,1.7133755683898926,1.2844257354736328,6.023687362670898,1,141.95797729492188,53.93863296508789,11.38197135925293,2.1978542804718018,3.304384231567383,1.2862299680709839,2.0620369911193848,1.3820366859436035,2.8475263118743896,1.283756136894226,1.0662320852279663,1.035818338394165,1.455582857131958,1.3954836130142212,2.225602149963379,1.0,1.0535305738449097,2.4700779914855957,1.0,1.0,1.0,1.0,1.0,1.0,1.0213470458984375,2.1246583461761475,1.0,1.0,13.706609725952148,2.3250925540924072,1.0,2.7050893306732178,1.0,1.0,1.7273340225219727,1.0,1.6394957304000854,1.0,1.0,1.263397216796875,1.0,2.241590976715088,1.0,21.758705139160156,6.03272008895874,1.0,2.899031639099121,29.100244522094727,3.3625988960266113,4.053126811981201,1.0,1.0,17.331880569458008,1.847427248954773,49.57699966430664,1.0,1.901282787322998,1.3057231903076172,2.3309268951416016,1.1457270383834839,3.5480589866638184,16.693655014038086,1.0,3.154212474822998,1.0,10.951889991760254,1.0,44.594844818115234,1.8571326732635498,2.761836528778076,8.793696403503418,1.0,2.7886831760406494,4.361210823059082,1.0,7.51832389831543,21.80950355529785,40.23094940185547,66.74251556396484,34.20808410644531,25.469377517700195,94.98318481445312,33.99087905883789,295.0783996582031,51.33640670776367,61.906490325927734,186.61729431152344,37.42107391357422,69.2918930053711
TEST_08+3일,3.875533103942871,73.88846588134766,1.173000454902649,1.0,1.0,1.0,2.2920477390289307,2.063458204269409,1.6976908445358276,1.0155073404312134,1.0,1.1214598417282104,1.1037518978118896,2.5517754554748535,4.163369655609131,1.754030704498291,29.339847564697266,1.0374481678009033,2.063584804534912,38.647457122802734,19.969348907470703,2.550243616104126,1.0622761249542236,1.5652778148651123,66.80369567871094,33.60069274902344,21.16084098815918,62.2000617980957,12.029793739318848,5.230973243713379,6.932053089141846,3.273916244506836,4.739365100860596,1.6382520198822021,3.02793550491333,1.38157320022583,13.2191743850708,1.9136111736297607,1.863969087600708,13.470213890075684,15.973602294921875,1.3231892585754395,8.098297119140625,2.062000036239624,1.9781686067581177,1.3060013055801392,1.0,3.1675570011138916,1.166348934173584,5.822173595428467,7.217972278594971,1.0,5.510539531707764,1.3494445085525513,1.1188119649887085,1.0,2.5167036056518555,1.4543777704238892,2.3271400928497314,1.6213505268096924,2.427096128463745,1.4289301633834839,9.490348815917969,8.65054702758789,12.541647911071777,1.7935070991516113,1.0,1.0,3.5190067291259766,1.708158254623413,2.7169899940490723,2.2115604877471924,1.4357385635375977,1.412187099456787,5.314241886138916,1.9323512315750122,1.5446882247924805,1.9011808633804321,1.3523045778274536,3.473759651184082,2.1354360580444336,2.296627998352051,1.6540101766586304,2.502074956893921,1.0,3.257911205291748,3.0548267364501953,3.5968236923217773,1.9084895849227905,5.480069637298584,87.94392395019531,1.3449441194534302,1.6011605262756348,3.0166831016540527,1.0,1.9762049913406372,1.0,1.5636497735977173,12.357627868652344,2.9653422832489014,1.1676627397537231,1.5620064735412598,5.943113327026367,1,2.7271339893341064,30.674171447753906,1.262725591659546,2.064697504043579,4.5532965660095215,3.340700149536133,2.300628423690796,1.264667272567749,2.0027260780334473,1.1666412353515625,1.0204139947891235,1.0,1.5704361200332642,1.0,1.3014867305755615,1.1685923337936401,2.022639036178589,1.437395453453064,1.0308334827423096,1.0,1.0,1.008182168006897,1.0,1.0,1.000327229499817,2.3592488765716553,1.0289270877838135,1.0,31.624143600463867,2.3392951488494873,1.0073273181915283,4.515982151031494,1.0,1.0,1.1014117002487183,1.0,1.0942442417144775,1.0,1.0,1.0,1.0,5.814441204071045,42.13092041015625,58.130916595458984,4.94653844833374,1.0,2.391500234603882,27.943836212158203,1.8448952436447144,7.724224090576172,1.0,1.0,17.405132293701172,1.6801719665527344,78.95137786865234,1.0,3.6454391479492188,1.2093838453292847,3.51249361038208,1.2974101305007935,4.437805652618408,1.0,1.0,2.999377727508545,11.53903865814209,1.0,2.1409108638763428,1.0,1.0,1.0,4.818063735961914,6.622888565063477,4.477064609527588,1.9383060932159424,1.0,9.494283676147461,36.28296661376953,26.680849075317383,54.24654006958008,23.27420425415039,26.54480743408203,41.768436431884766,35.530033111572266,183.15904235839844,43.21044921875,65.12366485595703,114.14578247070312,32.749061584472656,46.78644943237305
TEST_08+4일,4.726260185241699,77.67748260498047,2.550546407699585,1.0,1.238301396369934,1.0879778861999512,16.401248931884766,1.6224932670593262,3.5305278301239014,1.0,2.622164011001587,1.0,1.2096165418624878,1.4571627378463745,9.207670211791992,1.0,67.8197021484375,1.0989373922348022,2.0735225677490234,73.07537841796875,39.20476150512695,3.1738405227661133,1.0,1.7731246948242188,40.63228225708008,48.31832504272461,23.465499877929688,23.731985092163086,1.2392497062683105,5.370712757110596,3.1391735076904297,4.001208782196045,1.2719581127166748,1.2729063034057617,2.916553020477295,2.64591908454895,27.938447952270508,1.0,1.4215854406356812,24.543214797973633,11.699847221374512,1.4662959575653076,6.131499767303467,1.5341094732284546,1.1319252252578735,1.0,1.0,2.7302637100219727,1.0,2.0767087936401367,8.156988143920898,1.0,5.621095657348633,1.9119867086410522,1.0,1.1441959142684937,2.1767356395721436,1.7529281377792358,2.7078170776367188,1.412347435951233,1.0,1.6951181888580322,8.0164213180542,5.266192436218262,10.684659004211426,2.3187663555145264,1.0,1.3429843187332153,3.76067852973938,1.0,1.6589720249176025,1.1005789041519165,1.9970142841339111,1.4014079570770264,2.914848804473877,1.6293971538543701,1.120318055152893,1.556071400642395,1.6046658754348755,3.288325548171997,3.848456621170044,1.9224061965942383,1.5375862121582031,1.0,1.5537365674972534,4.156660079956055,2.8947300910949707,2.953969955444336,3.3469555377960205,6.995891094207764,76.5064468383789,1.0,1.3734925985336304,2.1516077518463135,1.0,3.086806297302246,1.0,1.2629401683807373,6.2447099685668945,1.7508794069290161,1.0,1.0240106582641602,6.2659502029418945,1,1.0,31.359281539916992,3.071584939956665,2.2643589973449707,2.275493860244751,1.5979015827178955,2.0851073265075684,1.0191254615783691,2.3052587509155273,1.590734839439392,1.0,1.0,1.2174348831176758,2.481844902038574,3.0520951747894287,1.0,1.3804501295089722,2.452120304107666,1.024996042251587,1.0,1.0,1.011718511581421,1.0,1.0334300994873047,1.0,4.789086818695068,1.0485726594924927,1.0,70.41183471679688,2.8698060512542725,1.0,2.8080854415893555,1.0,1.0,1.6295251846313477,1.0,1.675796627998352,1.0,1.0,1.0,1.2741570472717285,8.724190711975098,49.338890075683594,70.51051330566406,3.3649327754974365,1.0,3.4339826107025146,17.1865177154541,2.177131175994873,8.5862398147583,1.0,1.0,15.447367668151855,2.635985851287842,1.290773868560791,18.05170249938965,1.556760549545288,1.0,2.891287088394165,2.354292869567871,2.949601888656616,1.0,2.4740400314331055,3.620546579360962,1.0,1.0,3.70845103263855,1.0,8.291969299316406,5.716405391693115,2.3533051013946533,10.95634937286377,6.327822208404541,1.0,1.8364851474761963,14.40884017944336,22.314533233642578,16.618480682373047,48.08457565307617,14.718870162963867,18.115543365478516,33.076332092285156,1.0,143.0740966796875,24.983522415161133,60.90852737426758,82.3193359375,20.733640670776367,45.24273681640625
TEST_08+5일,7.332200050354004,145.7144012451172,2.178598403930664,1.0,1.0,3.786421775817871,24.590112686157227,4.564963340759277,4.346774101257324,1.0,1.505971908569336,1.0051802396774292,2.125342607498169,3.041196346282959,14.983440399169922,1.3014289140701294,122.39251708984375,1.0,2.3924338817596436,152.9895782470703,60.45390319824219,3.2114720344543457,1.0076584815979004,2.708728551864624,53.98325729370117,39.553955078125,15.077589988708496,38.29296112060547,6.856418132781982,6.101139068603516,6.472538471221924,5.485243797302246,2.454183340072632,1.1209583282470703,4.660919189453125,3.9558064937591553,23.46363639831543,1.0,1.4607696533203125,25.890697479248047,10.817829132080078,1.0874489545822144,6.997416019439697,6.738076686859131,2.8369529247283936,2.177137851715088,1.0,3.2712011337280273,1.0,2.943007230758667,11.431318283081055,1.382766842842102,3.3014724254608154,1.3183764219284058,1.5984084606170654,1.9817118644714355,1.8837001323699951,1.7024285793304443,2.071610450744629,1.446763038635254,1.9659045934677124,1.0,10.840901374816895,11.743239402770996,11.222604751586914,3.220391035079956,2.774935722351074,1.0,4.260039806365967,2.305680274963379,1.1377067565917969,2.2494969367980957,2.1061933040618896,1.5420575141906738,1.6525254249572754,4.880299091339111,1.1208722591400146,2.1348044872283936,1.1322169303894043,3.684319019317627,1.58388090133667,1.9318310022354126,1.8566765785217285,2.7626235485076904,1.314559817314148,5.110569477081299,2.6285784244537354,2.6316075325012207,1.0,5.2042236328125,89.24159240722656,1.0,1.562435269355774,2.9867665767669678,1.0,1.8031480312347412,1.0476109981536865,2.3118598461151123,10.401151657104492,2.4012322425842285,1.3314242362976074,1.0,4.966660022735596,1,2.856506109237671,40.00350570678711,2.0353827476501465,2.048478603363037,4.839167594909668,1.720901608467102,1.4458707571029663,1.4612805843353271,1.4652917385101318,1.6997711658477783,1.402736783027649,1.0,1.5673116445541382,1.7995624542236328,2.8098762035369873,1.0,1.1017082929611206,12.306913375854492,1.029280185699463,1.0,1.0170634984970093,1.003925085067749,1.0,1.0,1.0,4.819186687469482,1.0,1.023863673210144,40.525840759277344,3.7000696659088135,1.0,2.9925262928009033,1.0,1.0103511810302734,1.0,1.0,1.7625153064727783,1.0,1.0,1.0,3.036419630050659,19.262523651123047,38.76278305053711,59.347496032714844,2.883413076400757,1.0,2.426713228225708,34.6959114074707,1.4538180828094482,13.052501678466797,6.926621437072754,1.0,19.061588287353516,2.4068307876586914,7.236118316650391,1.0,1.1394506692886353,2.090390205383301,2.445695400238037,2.3704121112823486,2.5583603382110596,1.0,1.0,2.2550981044769287,1.0,1.0,1.0,12.014277458190918,6.105399131774902,1.0,7.70914363861084,7.961857318878174,5.437374114990234,3.4229788780212402,4.179328441619873,17.085651397705078,39.778114318847656,14.204261779785156,51.64960479736328,12.215088844299316,22.498310089111328,35.58525848388672,13.25667953491211,201.06231689453125,36.27715301513672,59.96378707885742,97.21516418457031,28.819860458374023,31.640615463256836
TEST_08+6일,4.707095146179199,70.81063079833984,8.03110122680664,3.4887638092041016,1.0,4.16613245010376,12.693126678466797,4.710843563079834,5.704843521118164,1.4794951677322388,2.2449676990509033,1.0,1.8812187910079956,5.050142765045166,30.605173110961914,2.5756587982177734,80.67283630371094,1.6409555673599243,2.6842947006225586,80.26665496826172,60.4025993347168,3.1621041297912598,1.0899043083190918,2.7153658866882324,37.652591705322266,29.81173324584961,19.046239852905273,92.77155303955078,10.161434173583984,5.51745080947876,2.8318867683410645,6.504438877105713,2.1537997722625732,2.1778180599212646,2.6190989017486572,4.5676984786987305,37.15229415893555,1.0,1.2848292589187622,42.722503662109375,11.089476585388184,1.9167537689208984,9.780075073242188,1.0,1.449205994606018,3.888472557067871,1.1307096481323242,6.155883312225342,1.432614803314209,3.9464223384857178,8.395896911621094,1.0748497247695923,7.146365642547607,1.6190398931503296,2.6642332077026367,1.4643263816833496,3.53482985496521,1.6061922311782837,3.228609323501587,2.722214460372925,7.173245429992676,1.9208877086639404,12.89844036102295,8.68050479888916,11.629722595214844,3.387714147567749,2.5341641902923584,1.2120015621185303,4.864682674407959,3.8178927898406982,2.732358455657959,2.1203370094299316,1.2197420597076416,1.421187400817871,5.055805683135986,2.7186663150787354,1.6623995304107666,3.7851216793060303,2.039896249771118,5.096571922302246,1.7734771966934204,2.197970151901245,1.6035075187683105,3.3956058025360107,1.753701090812683,4.474475860595703,3.296024799346924,2.667621374130249,3.054103136062622,6.204819202423096,102.25395202636719,1.1542930603027344,3.1862716674804688,6.40032958984375,1.0,2.3880701065063477,1.0,1.3027167320251465,20.35712432861328,4.89127254486084,1.0,1.425486445426941,3.0512382984161377,1,2.9909627437591553,43.14070510864258,4.446876525878906,3.3688180446624756,4.8421630859375,1.359022617340088,2.204380512237549,1.308476209640503,2.4014806747436523,1.7965669631958008,1.0010755062103271,1.2450721263885498,2.722059965133667,1.667773723602295,1.9393346309661865,1.0,1.2264068126678467,1.0,1.0,1.0,1.0,1.0009546279907227,1.0,1.0,1.0063767433166504,3.38153076171875,1.0,1.0,54.23527908325195,5.221264839172363,1.6279653310775757,4.800793170928955,1.4677938222885132,1.280777096748352,1.3724664449691772,6.139354228973389,1.8492530584335327,1.0,1.0,1.7209635972976685,1.0,17.59257698059082,95.54627990722656,44.37095260620117,3.588874101638794,1.0,3.9301798343658447,12.930817604064941,2.8923778533935547,12.274578094482422,10.010271072387695,4.056206226348877,16.170536041259766,4.129584789276123,2.39693021774292,1.0,3.69069504737854,1.0484330654144287,4.290894031524658,3.115842580795288,1.7764984369277954,7.743837356567383,9.17030143737793,5.635850429534912,1.0,38.12666702270508,4.482266902923584,1.0,6.36354398727417,1.0,2.667095422744751,12.761872291564941,4.448681831359863,2.725616455078125,2.2318625450134277,14.854822158813477,42.507171630859375,14.732391357421875,62.8531379699707,17.500967025756836,21.920053482055664,53.820831298828125,20.44127082824707,182.76727294921875,37.18449020385742,49.0394287109375,162.2602996826172,30.82476806640625,45.98188400268555
TEST_08+7일,10.149798393249512,57.748817443847656,13.789519309997559,7.718573570251465,1.8226158618927002,3.9675683975219727,1.0,11.423365592956543,2.9959001541137695,1.8921583890914917,3.772533655166626,1.042750358581543,2.111402988433838,5.004302501678467,34.9186897277832,3.518456220626831,3.3797426223754883,2.45417857170105,3.4795079231262207,58.17839050292969,31.18608283996582,9.628896713256836,2.2907497882843018,1.0,28.253419876098633,27.40494728088379,15.11718463897705,60.75729751586914,13.724980354309082,6.700395107269287,5.611288070678711,9.818524360656738,4.042913436889648,2.7598695755004883,2.458033800125122,6.413626194000244,62.469139099121094,3.6516969203948975,2.9278371334075928,55.55683517456055,18.279237747192383,3.2713446617126465,8.620192527770996,1.3271894454956055,2.011826276779175,4.318347454071045,1.0,7.477727890014648,1.3502697944641113,5.744440078735352,18.720386505126953,3.0122439861297607,7.474708080291748,1.6629856824874878,5.423069000244141,1.445719599723816,3.6905698776245117,2.2709546089172363,2.86305832862854,2.5348098278045654,16.49957847595215,6.613991737365723,21.708969116210938,12.195247650146484,21.12940216064453,4.1898322105407715,2.0932512283325195,2.2542388439178467,5.2352142333984375,2.8818700313568115,3.3790764808654785,3.695859909057617,1.9025440216064453,1.6898831129074097,6.730928897857666,5.648314476013184,1.558042287826538,3.4952263832092285,1.3757009506225586,4.35601282119751,2.3330600261688232,2.4928109645843506,1.8312150239944458,3.0191144943237305,1.8609999418258667,6.335395336151123,2.7176854610443115,3.8183157444000244,4.850535869598389,8.571415901184082,89.73743438720703,1.0,5.439113140106201,14.986056327819824,1.6853716373443604,2.736668586730957,1.1908667087554932,1.2743675708770752,5.3560614585876465,10.771254539489746,2.1798646450042725,1.6617494821548462,7.911680221557617,1,146.81561279296875,2.30442214012146,12.624518394470215,6.614413261413574,7.453052520751953,2.780384063720703,4.735516548156738,2.457664966583252,2.88226318359375,2.5895702838897705,1.4769948720932007,1.677710771560669,3.7858755588531494,1.542090892791748,5.059587478637695,1.0,1.93638014793396,1.0,1.0,1.0,1.0,1.0,1.0,1.0,1.0,1.0,1.008386254310608,1.0,52.8355712890625,6.680577278137207,3.805288791656494,7.733123779296875,3.120943784713745,1.5894392728805542,3.025485038757324,11.50825309753418,3.124952554702759,1.0,1.362242341041565,2.8655006885528564,7.134450435638428,31.061382293701172,60.37324523925781,1.0,9.573187828063965,1.0,9.405216217041016,58.76042175292969,2.100083827972412,26.046245574951172,1.0,41.565155029296875,28.937414169311523,9.267327308654785,71.16510772705078,6.63087272644043,10.352896690368652,1.0471084117889404,9.26151180267334,5.111338138580322,9.61977767944336,1.0,15.134366989135742,7.186634540557861,1.0,20.11731719970703,9.288386344909668,48.35483932495117,9.855377197265625,11.491436004638672,49.200321197509766,1.0,4.027224063873291,4.5109734535217285,8.118331909179688,9.372714042663574,60.197425842285156,26.863277435302734,83.55371856689453,38.988670349121094,36.24665832519531,74.3330078125,44.96416473388672,286.2828063964844,72.22772979736328,64.59321594238281,141.46290588378906,32.372520446777344,73.92708587646484
TEST_09+1일,7.221434116363525,43.66416931152344,7.272117614746094,1.7593415975570679,1.048477053642273,1.7437283992767334,1.0825973749160767,1.4109596014022827,4.400580406188965,1.1637598276138306,1.4105031490325928,1.024458646774292,2.122736692428589,3.829132080078125,22.019886016845703,2.0539939403533936,18.599044799804688,1.0181041955947876,2.5389039516448975,1.0,1.0,3.9872865676879883,1.1453965902328491,1.0,1.0,19.559532165527344,22.969297409057617,7.0376410484313965,9.208657264709473,5.716086387634277,6.134999752044678,5.362050533294678,1.5802041292190552,1.936767816543579,3.2461326122283936,3.9614665508270264,33.87493133544922,1.0,1.1564905643463135,19.58686637878418,19.617937088012695,1.6559947729110718,8.465781211853027,1.0,1.3517756462097168,2.727977752685547,1.1271871328353882,2.1461422443389893,2.5335943698883057,4.248441696166992,13.6533203125,1.0015454292297363,6.69133996963501,1.360167384147644,3.1852500438690186,1.4942492246627808,1.0,1.709427833557129,2.1730356216430664,1.7360132932662964,10.860784530639648,9.896248817443848,27.121177673339844,12.987249374389648,16.108726501464844,1.5959960222244263,1.1703897714614868,1.2800465822219849,3.9878273010253906,1.0,1.0163339376449585,1.6287858486175537,1.9795618057250977,2.230663776397705,4.435993671417236,2.2275726795196533,1.3413147926330566,4.503163814544678,2.5458810329437256,4.612178325653076,1.4484262466430664,1.4278253316879272,1.5065315961837769,1.1666620969772339,2.004650115966797,2.1060569286346436,1.4291073083877563,3.500394821166992,3.372835874557495,5.1016764640808105,2.4020564556121826,1.453182578086853,2.798462390899658,4.574454307556152,1.0,2.1313672065734863,2.241286516189575,1.385921597480774,17.659513473510742,4.609589576721191,1.0193766355514526,1.0112719535827637,4.645750999450684,1,197.51498413085938,5.05161190032959,27.425411224365234,2.135227918624878,1.760515570640564,1.0,2.065078020095825,1.2018377780914307,1.672114610671997,2.5161077976226807,2.0602426528930664,1.1100934743881226,2.9060473442077637,1.988820195198059,1.6958744525909424,1.0,1.0,2.1918482780456543,1.0,1.0,1.0,1.0,1.0,1.0,1.0,1.0,1.0,1.0,1.0,2.541060209274292,1.0,2.792175769805908,1.1717349290847778,1.0,1.0330963134765625,5.265031814575195,1.6695939302444458,1.0,5.009576320648193,1.7152419090270996,4.624570369720459,30.774816513061523,1.0,1.0,16.719947814941406,3.0245208740234375,7.0029988288879395,21.65047836303711,2.165459156036377,14.487791061401367,69.77958679199219,48.1944465637207,14.849742889404297,9.489648818969727,20.20466423034668,1.0,9.615116119384766,1.5882375240325928,5.55747652053833,4.425837516784668,5.758801460266113,22.21013641357422,10.333895683288574,6.62270975112915,1.0,47.26057434082031,5.85228967666626,1.0,1.1787103414535522,4.289397716522217,31.490684509277344,10.125280380249023,2.082453966140747,10.392364501953125,2.219527244567871,5.212911128997803,38.256858825683594,23.83953094482422,57.04584503173828,19.096328735351562,27.986501693725586,44.18138885498047,23.671476364135742,164.7225341796875,48.81088638305664,32.316490173339844,91.42560577392578,16.79796600341797,50.423160552978516
TEST_09+2일,8.513999938964844,15.571253776550293,2.9701621532440186,1.0,1.1448707580566406,1.5886619091033936,7.53759765625,1.0,7.846902370452881,1.0,1.0,1.0992605686187744,1.1356364488601685,4.378102779388428,6.707398891448975,1.0,36.124366760253906,1.0,1.2496439218521118,58.96617889404297,6.532804489135742,1.323317527770996,1.2333078384399414,1.538526177406311,22.934696197509766,36.32274627685547,29.649681091308594,1.0,7.0254669189453125,5.411515235900879,3.729018449783325,1.2846421003341675,1.1608489751815796,1.9293696880340576,3.392665386199951,2.4918160438537598,13.39146900177002,1.7250429391860962,1.0,4.668149948120117,13.454529762268066,2.113906145095825,6.619074821472168,5.193827152252197,2.0795140266418457,1.0,1.0695948600769043,2.845780372619629,1.7869017124176025,1.5206598043441772,7.599461555480957,1.0,9.84313678741455,1.2051173448562622,1.885298252105713,1.0,1.0254303216934204,1.2882673740386963,1.9440913200378418,1.1536908149719238,4.076870918273926,4.630497455596924,16.207477569580078,5.940396785736084,11.954404830932617,1.7247493267059326,1.0,1.3578746318817139,2.6573832035064697,1.0,1.1919392347335815,1.0,1.7201508283615112,1.0,2.5476624965667725,4.362159252166748,1.0,4.180541038513184,1.0,3.55033802986145,1.0,1.0,1.0,1.0,1.0,2.525217294692993,2.9967591762542725,2.151881456375122,1.2466191053390503,4.373319149017334,60.9074592590332,1.2506904602050781,1.7863960266113281,2.16631817817688,1.2456254959106445,1.0,2.0973129272460938,1.0536268949508667,6.8813300132751465,2.6287238597869873,1.243025779724121,1.0,4.40646505355835,1,140.10789489746094,48.05131149291992,24.240144729614258,1.293433666229248,1.0,1.0,1.273673176765442,1.0,1.4509378671646118,1.6591166257858276,1.862937331199646,1.2382137775421143,1.1469225883483887,1.1155364513397217,1.1235368251800537,1.0,1.1305819749832153,2.161743402481079,1.0,1.0,1.0,1.0,1.0,1.0,1.0168342590332031,1.7663904428482056,1.0,1.0,9.494871139526367,1.0,1.0,1.0,1.0,1.0,1.3835138082504272,1.0,1.8387211561203003,1.1709831953048706,3.0788767337799072,1.291403889656067,1.0,1.0,10.141212463378906,36.594268798828125,8.133520126342773,1.0,2.8267736434936523,1.0,3.2156906127929688,13.399369239807129,12.14578914642334,13.772870063781738,7.376369476318359,1.7761704921722412,1.0,1.0,1.397115707397461,1.7962186336517334,2.9707906246185303,1.0,2.6937618255615234,17.34894371032715,2.1196110248565674,4.730776786804199,1.0,1.0,1.5873631238937378,8.558141708374023,3.089273691177368,1.0,12.245049476623535,1.0,1.5452684164047241,10.840164184570312,2.3290390968322754,1.5406198501586914,1.0,16.15492820739746,42.969600677490234,13.642109870910645,14.130040168762207,43.58793258666992,17.55973243713379,130.4973907470703,30.19938087463379,20.288856506347656,96.19242095947266,16.196273803710938,47.156524658203125
TEST_09+3일,3.610020160675049,28.277324676513672,1.0,1.0,1.0,1.0,1.1264296770095825,2.765933036804199,2.3460934162139893,1.1810634136199951,3.3293802738189697,1.0,1.0092884302139282,1.152453899383545,1.8562017679214478,1.1753160953521729,38.93388748168945,1.031787633895874,1.2618272304534912,38.09599304199219,3.580489158630371,4.124611854553223,1.1103013753890991,2.2290637493133545,45.17829132080078,30.585918426513672,30.150541305541992,67.06595611572266,4.964097023010254,3.396085262298584,5.497066020965576,3.138218641281128,1.2704205513000488,2.338280200958252,4.516895294189453,2.293504238128662,12.910720825195312,1.5164622068405151,1.3798792362213135,1.0,11.907562255859375,2.192387580871582,8.050972938537598,1.9777125120162964,2.0081870555877686,1.0,1.0724915266036987,3.2574338912963867,1.7915940284729004,1.6298495531082153,6.270447254180908,1.0,11.073436737060547,1.622280478477478,1.697798490524292,1.0652137994766235,1.0,1.9864237308502197,1.9007426500320435,1.0220016241073608,2.24682879447937,4.785499572753906,9.70772933959961,8.624838829040527,5.372045040130615,2.403698205947876,1.083621621131897,1.0,2.692147970199585,1.3664964437484741,1.693405032157898,1.8640146255493164,1.3932386636734009,1.4489073753356934,2.250683069229126,2.6899495124816895,1.1661603450775146,3.9947831630706787,1.6075018644332886,2.750697135925293,2.813581943511963,1.1585171222686768,1.587185263633728,2.2066149711608887,1.411920428276062,1.5830670595169067,1.8350512981414795,1.9392651319503784,2.455868721008301,3.6505486965179443,76.96562194824219,1.0927687883377075,1.5679328441619873,2.3065497875213623,1.0,1.5063884258270264,1.6558640003204346,1.1146140098571777,13.350510597229004,2.4967401027679443,1.0,1.0,2.955857753753662,1,1.6778444051742554,27.694866180419922,10.054409980773926,1.591163992881775,1.8238201141357422,1.0,1.6813111305236816,1.0,1.2519581317901611,1.510414719581604,1.3857307434082031,1.0,2.301562786102295,1.0,1.4539538621902466,1.2894998788833618,1.4313747882843018,1.0331743955612183,1.0078116655349731,1.0,1.0015747547149658,1.0,1.0,1.0,1.0023832321166992,2.2453901767730713,1.0,1.0,26.43126678466797,1.0,1.0,2.117544412612915,1.0,1.0,1.0,1.0,1.1341264247894287,1.1213583946228027,2.024702787399292,1.0,1.101647138595581,1.0,84.78756713867188,60.93101501464844,6.898701190948486,1.0,1.9818769693374634,10.907135009765625,1.2243602275848389,1.0,1.0,1.0,6.352111339569092,1.419687032699585,38.602752685546875,1.0,4.613936424255371,1.7569431066513062,2.6162683963775635,1.7532297372817993,3.341236114501953,1.0,1.0,2.312506675720215,1.0,1.0,4.7197747230529785,8.918647766113281,5.26224946975708,1.0,7.028037071228027,5.366310119628906,5.500275135040283,1.0,1.0,1.0,17.378276824951172,10.187823295593262,31.478456497192383,15.715577125549316,19.520240783691406,21.918254852294922,10.776768684387207,57.6824951171875,23.109373092651367,18.85395050048828,71.99681854248047,11.107597351074219,24.874286651611328
TEST_09+4일,3.097733497619629,37.10408020019531,2.708569049835205,1.0,1.0,1.1653249263763428,2.3501081466674805,5.728760242462158,3.148092269897461,1.0,4.886323928833008,1.0,1.3042820692062378,1.3268301486968994,3.9554147720336914,1.0,30.260229110717773,1.0144109725952148,1.2462387084960938,46.88516616821289,10.731675148010254,5.1041388511657715,1.0086919069290161,1.0203882455825806,30.64327621459961,34.00625228881836,38.63327407836914,40.44974899291992,6.106935024261475,5.300134658813477,2.0703773498535156,4.345165252685547,1.0427113771438599,1.7793021202087402,4.0956292152404785,1.0,20.16131591796875,1.1697843074798584,1.2474160194396973,6.368175983428955,10.182427406311035,2.0524353981018066,3.9280147552490234,1.0,1.0,1.0,1.1356074810028076,2.6107940673828125,1.0,1.0,10.353581428527832,1.0393681526184082,10.534831047058105,1.1560312509536743,1.2658480405807495,1.769817590713501,1.1002057790756226,1.3727881908416748,2.145397901535034,1.0,1.7899553775787354,3.8217904567718506,10.377041816711426,4.078253746032715,10.375064849853516,1.8675857782363892,1.0,1.0624765157699585,3.0227880477905273,1.0,1.0577160120010376,1.0,1.4228063821792603,2.2236263751983643,2.0709469318389893,1.9880688190460205,1.3574804067611694,3.4626708030700684,2.07193922996521,4.332958698272705,4.239266395568848,1.0,1.7577030658721924,1.0,1.395335078239441,1.6516728401184082,1.6181926727294922,2.2611191272735596,2.9817874431610107,4.381347179412842,56.36387634277344,1.0,1.3303108215332031,1.4023120403289795,1.0,1.4898618459701538,1.594314694404602,1.0,9.123639106750488,1.0,1.0846482515335083,1.0,4.830263137817383,1,1.0,23.10246467590332,6.556541919708252,2.365595817565918,1.0,1.0,1.4198904037475586,1.0,1.3196786642074585,2.264270782470703,1.30339515209198,1.0,1.5283191204071045,1.250501275062561,3.0851595401763916,1.0915918350219727,1.0196502208709717,1.4733036756515503,1.0,1.0,1.0139832496643066,1.0,1.0,1.0,1.0,3.2852602005004883,1.0036976337432861,1.0,69.41888427734375,1.0,1.0,1.0,1.0,1.0,1.0707664489746094,1.0,1.560124158859253,1.0,3.2605342864990234,1.0,1.65056574344635,1.0,70.77799224853516,64.07018280029297,5.017918586730957,4.085522651672363,3.5186429023742676,1.0,3.0030124187469482,9.2947359085083,5.044341087341309,12.278977394104004,10.088502883911133,2.92612624168396,1.0,13.241811752319336,1.0,1.1360840797424316,3.2614874839782715,2.104843854904175,3.5316174030303955,1.0,5.555896282196045,4.931257724761963,1.0,1.0,8.330989837646484,1.0,9.208725929260254,4.110613822937012,1.0,1.5249667167663574,4.5729899406433105,1.0,5.048414707183838,5.598761081695557,17.326385498046875,6.2277398109436035,25.599185943603516,8.004552841186523,12.76423454284668,16.99233627319336,4.7032470703125,50.74734115600586,14.38607406616211,12.914586067199707,46.89349365234375,5.577467918395996,18.95970916748047
TEST_09+5일,2.5278701782226562,88.60672760009766,2.7627809047698975,1.0,1.0184712409973145,3.0231008529663086,15.9528226852417,5.358907699584961,3.7855775356292725,1.0,3.690434455871582,1.0,2.696610689163208,2.605581283569336,9.39864730834961,1.0,90.12431335449219,1.0,1.203861951828003,109.24117279052734,30.47479820251465,4.461436748504639,1.169175148010254,2.4034361839294434,40.60691833496094,31.399494171142578,24.581905364990234,53.667171478271484,4.305324077606201,5.469437599182129,4.587231159210205,4.645536422729492,1.3413949012756348,1.3509851694107056,5.700616359710693,1.810621976852417,17.4586181640625,1.0,1.228681206703186,6.83116340637207,12.151137351989746,2.333580255508423,6.895602226257324,8.940437316894531,2.5888991355895996,1.2760266065597534,1.3761025667190552,2.6464591026306152,1.0,2.1352806091308594,12.946391105651855,3.1212053298950195,10.608745574951172,2.4444713592529297,1.7018160820007324,1.0,1.4455304145812988,1.8703482151031494,1.6200473308563232,1.0,1.5140646696090698,2.118199586868286,10.987656593322754,7.614358901977539,10.609006881713867,1.852283000946045,2.3616111278533936,1.2277805805206299,3.9696738719940186,1.0,1.2951246500015259,3.268338203430176,1.321620225906372,1.3775256872177124,2.6233136653900146,5.058722019195557,1.4440864324569702,4.586510181427002,1.3999273777008057,3.6962623596191406,2.046095132827759,1.0,1.6301721334457397,3.515353202819824,2.2596659660339355,1.1849054098129272,1.9405393600463867,1.8491321802139282,2.1989247798919678,3.5224802494049072,78.80650329589844,1.2221020460128784,1.6052937507629395,2.9206738471984863,1.0,1.0,2.2248172760009766,1.0198547840118408,10.025612831115723,2.1032330989837646,1.4435728788375854,1.0,2.041452169418335,1,3.4335579872131348,41.08856201171875,7.808970928192139,1.9394913911819458,2.358707904815674,1.9294028282165527,1.5137653350830078,1.3751755952835083,1.4392437934875488,1.5715532302856445,1.2333155870437622,1.0135083198547363,3.223679304122925,1.507627010345459,1.7385181188583374,1.0,1.0481048822402954,7.066152572631836,1.0077701807022095,1.0,1.060953140258789,1.002496361732483,1.0,1.0,1.0,2.638911724090576,1.0,1.0,44.30527114868164,1.0,1.0,1.3266098499298096,1.0,1.234607458114624,1.2035106420516968,1.0,1.7888753414154053,1.0,2.860337495803833,1.0,2.8672919273376465,1.0,49.61282730102539,67.9417953491211,5.076231479644775,5.131612300872803,2.761204719543457,1.0,1.8188018798828125,1.5016041994094849,4.558985710144043,27.874765396118164,9.590900421142578,2.4958674907684326,8.693130493164062,1.0,1.270417332649231,2.4787659645080566,2.8561713695526123,3.5994443893432617,3.745068311691284,7.994366645812988,1.3651481866836548,3.289651870727539,1.0,2.6827914714813232,2.905118703842163,1.0,5.5750651359558105,1.0,9.00550651550293,1.0,5.209524154663086,3.0363709926605225,6.832307815551758,6.291001796722412,15.929157257080078,2.5494093894958496,20.897480010986328,5.934091567993164,9.73910140991211,17.30562973022461,10.189643859863281,82.67864990234375,20.922292709350586,19.413589477539062,89.23269653320312,13.059361457824707,19.52727508544922
TEST_09+6일,8.238040924072266,21.745595932006836,8.274801254272461,2.137418031692505,1.1863757371902466,2.578948497772217,4.935875415802002,7.214907646179199,3.8294589519500732,1.0596082210540771,5.15524959564209,1.2837872505187988,1.9877797365188599,4.856531143188477,30.62351417541504,2.272549867630005,51.274261474609375,1.491559386253357,2.092527389526367,66.85005187988281,9.546116828918457,2.949420928955078,1.0101715326309204,3.1102237701416016,26.575634002685547,24.326684951782227,16.732454299926758,90.1531753540039,3.228303909301758,5.550533771514893,2.1525485515594482,7.160795211791992,1.5330442190170288,2.0841586589813232,3.5089306831359863,2.049086570739746,35.599082946777344,1.0,1.0,22.67675018310547,9.894046783447266,2.3573379516601562,6.425257205963135,1.0,1.730204701423645,2.9789741039276123,1.0010327100753784,5.001874923706055,1.8460123538970947,3.6001927852630615,13.349798202514648,1.7063348293304443,10.439398765563965,1.229383945465088,2.7748594284057617,1.2668287754058838,1.0,1.2410454750061035,3.320408344268799,1.4898465871810913,7.437225818634033,5.50244140625,12.731739044189453,6.35793924331665,11.052932739257812,1.0,1.400058388710022,1.647765040397644,3.7935705184936523,1.2619504928588867,1.4171876907348633,1.3811441659927368,1.0,1.5778024196624756,2.788360357284546,3.0677239894866943,2.134168863296509,4.355841636657715,3.436513900756836,4.439028739929199,2.1533544063568115,1.0,1.8700499534606934,3.4183120727539062,1.373415231704712,1.7297942638397217,2.1152021884918213,2.085500478744507,2.1446707248687744,5.352158546447754,85.89266204833984,1.151745319366455,2.752309799194336,5.709679126739502,1.0,2.321061849594116,1.8599880933761597,1.0,21.637529373168945,3.6166820526123047,1.0610817670822144,1.2710903882980347,1.0008561611175537,1,6.768604278564453,43.0506706237793,7.774600505828857,3.102306365966797,1.8430882692337036,1.6909977197647095,2.547494411468506,1.6520956754684448,1.1503866910934448,1.42814040184021,1.341193675994873,1.3652766942977905,2.268002986907959,1.4530316591262817,2.554478645324707,1.3942228555679321,1.0,1.0,1.0,1.0,1.0,1.0,1.0,1.0,1.0076028108596802,2.4608688354492188,1.0,1.0,44.91585922241211,3.0592875480651855,1.0,3.5998241901397705,1.5084104537963867,1.6977324485778809,2.272141218185425,5.69084358215332,1.9893726110458374,1.4396015405654907,5.331574440002441,1.7086777687072754,1.27576744556427,24.65584373474121,147.4961700439453,39.98210525512695,6.268612861633301,3.839627742767334,5.27634334564209,1.0,2.3699026107788086,9.950325012207031,18.036968231201172,36.88347244262695,11.86082649230957,3.6843066215515137,4.3187737464904785,1.0,4.781391620635986,1.524983525276184,4.649525165557861,3.1479859352111816,2.8297512531280518,12.873579025268555,11.911459922790527,8.637847900390625,1.0,8.126708984375,5.470945835113525,1.0,5.179031848907471,1.0,2.056248903274536,6.695925712585449,1.3822362422943115,2.764832019805908,4.686028957366943,11.77391242980957,27.79733657836914,6.142610549926758,23.987632751464844,11.545207023620605,17.445287704467773,22.67646598815918,2.056405544281006,75.26939392089844,24.7567138671875,13.624103546142578,78.41240692138672,12.897382736206055,25.948772430419922
TEST_09+7일,14.787114143371582,18.738449096679688,13.7490873336792,6.551677227020264,2.7036890983581543,2.2574574947357178,1.0,6.818966388702393,3.590184211730957,1.3207204341888428,6.229316711425781,2.1996984481811523,3.096583843231201,6.758021354675293,39.61140823364258,3.2212769985198975,1.0,2.1521100997924805,2.869882345199585,36.6518440246582,1.0,9.926495552062988,2.04213285446167,1.24282705783844,17.765256881713867,26.345247268676758,27.121458053588867,50.488426208496094,9.163321495056152,6.760117530822754,4.031999111175537,8.527213096618652,3.2206308841705322,3.2605855464935303,2.3136324882507324,3.1039211750030518,58.36384201049805,3.285264492034912,2.547365427017212,48.443809509277344,15.597704887390137,2.560386896133423,7.2071990966796875,1.0,1.2226381301879883,3.443812131881714,1.0431811809539795,5.20377779006958,1.044633150100708,5.9947686195373535,20.38377571105957,2.4958817958831787,11.849325180053711,3.0681066513061523,5.7427520751953125,1.6931066513061523,3.1422696113586426,1.215859055519104,2.5731658935546875,1.5903499126434326,16.501577377319336,8.179986000061035,19.866310119628906,17.064170837402344,17.24201011657715,2.963632822036743,2.2439727783203125,1.9731566905975342,4.2134928703308105,2.3283255100250244,1.432502031326294,4.552533149719238,1.5653963088989258,1.8849425315856934,4.746760845184326,5.883167266845703,1.830375075340271,3.7272017002105713,1.9843504428863525,5.186486721038818,2.6253135204315186,1.2067601680755615,2.0259275436401367,2.8931915760040283,2.319291830062866,2.8166658878326416,3.23531174659729,3.191915988922119,1.6602810621261597,7.415415287017822,79.8902359008789,1.1051021814346313,5.490366458892822,13.608144760131836,3.462888240814209,1.7762346267700195,2.020151138305664,1.092458724975586,4.628538608551025,10.55805492401123,1.9618937969207764,1.0513687133789062,6.779598712921143,1,134.4306182861328,3.1005117893218994,19.967561721801758,6.024359703063965,3.6805572509765625,3.086785316467285,5.819705486297607,2.0205657482147217,2.853851318359375,2.1962337493896484,1.6363352537155151,2.0514488220214844,2.51947021484375,1.6275053024291992,4.0620317459106445,1.5669234991073608,1.8628811836242676,1.0,1.0,1.0,1.0,1.0,1.0,1.0,1.0,1.0,1.0,1.0,56.26010513305664,4.920467853546143,1.350816011428833,5.946811676025391,2.71661376953125,1.9517133235931396,2.120631217956543,9.583189010620117,3.0964314937591553,1.4251511096954346,5.22919225692749,3.138073205947876,7.894254684448242,26.065889358520508,41.29444122314453,1.0,12.46691608428955,8.167336463928223,11.206770896911621,26.259506225585938,3.4686849117279053,19.65170669555664,4.55273962020874,64.9544906616211,21.70236587524414,10.164196968078613,13.979630470275879,10.740772247314453,11.925694465637207,1.6355302333831787,8.007863998413086,3.6709389686584473,11.600178718566895,1.0,23.442651748657227,12.221312522888184,1.0,7.891175270080566,16.57501220703125,34.03937530517578,8.270316123962402,10.655278205871582,42.99518585205078,11.513157844543457,2.621788740158081,6.258944034576416,12.302331924438477,16.024269104003906,54.003753662109375,17.627050399780273,64.61428833007812,27.590728759765625,31.61421012878418,41.11222457885742,24.321941375732422,170.9244384765625,54.637603759765625,31.649585723876953,118.84435272216797,16.789155960083008,53.38645553588867
