영업일자,느티나무 셀프BBQ_1인 수저세트,느티나무 셀프BBQ_BBQ55(단체),"느티나무 셀프BBQ_대여료 30,000원","느티나무 셀프BBQ_대여료 60,000원","느티나무 셀프BBQ_대여료 90,000원","느티나무 셀프BBQ_본삼겹 (단품,실내)",느티나무 셀프BBQ_스프라이트 (단체),느티나무 셀프BBQ_신라면,느티나무 셀프BBQ_쌈야채세트,느티나무 셀프BBQ_쌈장,느티나무 셀프BBQ_육개장 사발면,느티나무 셀프BBQ_일회용 소주컵,느티나무 셀프BBQ_일회용 종이컵,느티나무 셀프BBQ_잔디그늘집 대여료 (12인석),느티나무 셀프BBQ_잔디그늘집 대여료 (6인석),느티나무 셀프BBQ_잔디그늘집 의자 추가,느티나무 셀프BBQ_참이슬 (단체),느티나무 셀프BBQ_친환경 접시 14cm,느티나무 셀프BBQ_친환경 접시 23cm,느티나무 셀프BBQ_카스 병(단체),느티나무 셀프BBQ_콜라 (단체),느티나무 셀프BBQ_햇반,느티나무 셀프BBQ_허브솔트,담하_(단체) 공깃밥,담하_(단체) 생목살 김치전골 2.0,담하_(단체) 은이버섯 갈비탕,담하_(단체) 한우 우거지 국밥,담하_(단체) 황태해장국 3/27까지,담하_(정식) 된장찌개,담하_(정식) 물냉면 ,담하_(정식) 비빔냉면,담하_(후식) 된장찌개,담하_(후식) 물냉면,담하_(후식) 비빔냉면,담하_갑오징어 비빔밥,담하_갱시기,담하_공깃밥,담하_꼬막 비빔밥,담하_느린마을 막걸리,담하_담하 한우 불고기,담하_담하 한우 불고기 정식,담하_더덕 한우 지짐,담하_들깨 양지탕,담하_라면사리,담하_룸 이용료,담하_메밀면 사리,담하_명인안동소주,담하_명태회 비빔냉면,담하_문막 복분자 칵테일,담하_봉평메밀 물냉면,담하_생목살 김치찌개,담하_스프라이트,담하_은이버섯 갈비탕,담하_제로콜라,담하_참이슬,담하_처음처럼,담하_카스,담하_콜라,담하_테라,담하_하동 매실 칵테일,담하_한우 떡갈비 정식,담하_한우 미역국 정식,담하_한우 우거지 국밥,담하_한우 차돌박이 된장찌개,담하_황태해장국,라그로타_AUS (200g),라그로타_G-Charge(3),라그로타_Gls.Sileni,라그로타_Gls.미션 서드,라그로타_Open Food,라그로타_그릴드 비프 샐러드,라그로타_까르보나라,라그로타_모둠 해산물 플래터,라그로타_미션 서드 카베르네 쉬라,라그로타_버섯 크림 리조또,라그로타_빵 추가 (1인),라그로타_스프라이트,라그로타_시저 샐러드 ,라그로타_아메리카노,라그로타_알리오 에 올리오 ,라그로타_양갈비 (4ps),라그로타_자몽리치에이드,라그로타_제로콜라,라그로타_카스,라그로타_콜라,라그로타_하이네켄(생),라그로타_한우 (200g),라그로타_해산물 토마토 리조또,라그로타_해산물 토마토 스튜 파스타,라그로타_해산물 토마토 스파게티,"미라시아_(단체)브런치주중 36,000",미라시아_(오븐) 하와이안 쉬림프 피자,미라시아_(화덕) 불고기 페퍼로니 반반피자,미라시아_BBQ Platter,미라시아_BBQ 고기추가,미라시아_공깃밥,미라시아_글라스와인 (레드),미라시아_레인보우칵테일(알코올),미라시아_미라시아 브런치 (패키지),미라시아_버드와이저(무제한),미라시아_보일링 랍스타 플래터,미라시아_보일링 랍스타 플래터(덜매운맛),미라시아_브런치 2인 패키지 ,미라시아_브런치 4인 패키지 ,미라시아_브런치(대인) 주말,미라시아_브런치(대인) 주중,미라시아_브런치(어린이),미라시아_쉬림프 투움바 파스타,미라시아_스텔라(무제한),미라시아_스프라이트,미라시아_애플망고 에이드,미라시아_얼그레이 하이볼,미라시아_오븐구이 윙과 킬바사소세지,미라시아_유자 하이볼,미라시아_잭 애플 토닉,미라시아_칠리 치즈 프라이,미라시아_코카콜라,미라시아_코카콜라(제로),미라시아_콥 샐러드,미라시아_파스타면 추가(150g),미라시아_핑크레몬에이드,연회장_Cass Beer,연회장_Conference L1,연회장_Conference L2,연회장_Conference L3,연회장_Conference M1,연회장_Conference M8,연회장_Conference M9,연회장_Convention Hall,연회장_Cookie Platter,연회장_Grand Ballroom,연회장_OPUS 2,연회장_Regular Coffee,연회장_골뱅이무침,연회장_공깃밥,연회장_돈목살 김치찌개 (밥포함),연회장_로제 치즈떡볶이,연회장_마라샹궈,연회장_매콤 무뼈닭발&계란찜,연회장_모둠 돈육구이(3인),연회장_삼겹살추가 (200g),연회장_야채추가,연회장_왕갈비치킨,연회장_주먹밥 (2ea),카페테리아_공깃밥(추가),카페테리아_구슬아이스크림,카페테리아_단체식 13000(신),카페테리아_단체식 18000(신),카페테리아_돼지고기 김치찌개,카페테리아_복숭아 아이스티,카페테리아_새우 볶음밥,카페테리아_새우튀김 우동,카페테리아_샷 추가,카페테리아_수제 등심 돈까스,카페테리아_아메리카노(HOT),카페테리아_아메리카노(ICE),카페테리아_약 고추장 돌솥비빔밥,카페테리아_어린이 돈까스,카페테리아_오픈푸드,카페테리아_진사골 설렁탕,카페테리아_짜장면,카페테리아_짜장밥,카페테리아_짬뽕,카페테리아_짬뽕밥,카페테리아_치즈돈까스,카페테리아_카페라떼(HOT),카페테리아_카페라떼(ICE),카페테리아_한상 삼겹구이 정식(2인) 소요시간 약 15~20분,포레스트릿_꼬치어묵,포레스트릿_떡볶이,포레스트릿_복숭아 아이스티,포레스트릿_생수,포레스트릿_스프라이트,포레스트릿_아메리카노(HOT),포레스트릿_아메리카노(ICE),포레스트릿_치즈 핫도그,포레스트릿_카페라떼(HOT),포레스트릿_카페라떼(ICE),포레스트릿_코카콜라,포레스트릿_페스츄리 소시지,화담숲주막_느린마을 막걸리,화담숲주막_단호박 식혜 ,화담숲주막_병천순대,화담숲주막_스프라이트,화담숲주막_참살이 막걸리,화담숲주막_찹쌀식혜,화담숲주막_콜라,화담숲주막_해물파전,화담숲카페_메밀미숫가루,화담숲카페_아메리카노 HOT,화담숲카페_아메리카노 ICE,화담숲카페_카페라떼 ICE,화담숲카페_현미뻥스크림
TEST_00+1일,13.494197166226831,1.0,9.885073260804168,2.290831839938589,1.5115146005004443,2.5,1,6.185960464289311,5.0,1.5852357832377142,2.276029032312872,1.8291083816972316,2.384706946761057,5.973244736956723,21.294333230823053,2.1144284023288136,1.968142251402132,2.0354238270376834,2.875923496609916,1.0,1.0,2.638866445620234,2.363498298492801,1,14.655079496412359,1,1,1.0,12.293913825783243,6.591915388533889,3.72794810109141,3.8492470509834233,2.920266349017644,2.5840134240347172,1.0,5.877907244935885,26.702142323676995,1.0,1.405977485449859,19.83488471332271,16.587511093586713,1.5621597017269886,3.1889009992199115,1,1.4796734046566586,1.8721332050375454,1,3.822113224760807,1.338439032552525,6.197582741523555,11.213521322357037,1.0,2.73015950808669,1.0320706951332144,2.362145923260048,2.5,2.7763767658804115,1.2737769567605692,2.175728718854047,1.533306245692632,8.741209274172178,8.311019585034975,18.79164875155165,8.392798987976041,8.366026160168555,1.9354079022094017,1.6703817822325302,1.663333835036865,4.76131966954451,1.0,2.365267074622185,3.6524515526895267,1.0,1.1257677003138604,5.333194005503452,3.102710069981507,1.8163582294293639,3.284510109309684,2.136952882553813,4.77289424052456,2.1458881907626877,1.0,1.2647544743449721,1.9040282415281804,2.1580052500962554,2.422288943631472,1.484456124050842,1.0,3.7801993698384315,6.509773921984415,7.2699395183908875,1.0,4.771153133404627,6.42602760834708,1.5875000052291366,1,1,1.1623133280588172,20.45136283082678,9.984655522973197,2.113368223853027,1.9164923760720733,4.258300803324152,1,140.625,20.412339376580306,22.09067663093594,4.774647368211253,6.6724672589430485,2.2146427779571662,1.931628992014066,2.429294008819222,3.3512407890993576,2.426027414017378,2.5,1.6560797740181366,2.5401738598959374,5.0,1.6522321763574288,1.0,1.8065925602688278,9.115469932556152,1.0,1,1.0,1.0,1,1.0,1.0,1.0,1.0,1.0,1,3.9891026888451937,1.012233828113158,3.1732350321507248,1.7300853901055373,3.39132177131289,1.9237426849929171,4.3793315912568636,1.2702954617670557,1,3.377885464412616,1.1375307568842945,6.825201106826006,1.5617946738356665,52.70515014700957,93.46055795897189,14.193603442313288,1.0,7.8681746464092575,1.0,1.0,12.60556499213454,1.0,1.0,14.68370851800825,7.903228329372942,1.8978258075846937,31.450653076171875,8.63713065840377,1.3553461764443788,6.069621071378969,4.1996641433894055,7.679281485669111,1.0,1.0,6.648982029355211,4.066566844540648,17.5420854230877,4.787918407469988,12.64589853165671,2.419504178222269,5.916080317925661,26.928143290430306,8.628844003472476,4.588257780298591,5.429335467517376,4.246472971513867,5.324398033320904,31.654365413144234,9.063215502102189,22.719200639366452,8.155614091553964,21.137714245156737,15.973726558957235,14.230121680532044,72.88139593608895,28.519878003001214,6.8915340676903725,33.38263531960547,5.241036359220743,20.481733862310648
TEST_00+2일,11.584368650789186,14.952360340685852,9.669517229771113,1.5153457386155047,1.0,1.0,1,5.880783317093503,3.7568521670721604,1.0,2.1393761108241987,1.0,1.7077244381764907,4.719147934950474,7.465535176472662,1.6011960741889564,13.890149666241642,1.9857893538031977,2.463384059780536,15.136910229754498,1.0,2.789657169792015,2.472399118493847,1,6.377641179741513,1,1,8.845389978870708,8.278469603346839,7.141442944351226,2.697922408166036,2.4289736598095164,1.8315227303863997,2.134774922198243,1.0,6.738316589380792,17.581134536475943,5.336420014500618,1.7218008411131793,10.973942843583625,12.619001409857214,1.9180085706520003,1.7258770456536392,1,1.2397374830387076,1.783444480926154,1,2.9005803270333934,1.0,5.318172288374647,8.234315791834511,1.0,2.599564846244217,1.0,1.992442965599537,2.260999379389756,2.0721164241383625,1.0,1.3260850084854294,1.3473851395511067,4.852660748077238,6.703673988840447,10.982875840160638,4.272475687641524,4.027999479897114,1.9057302438340042,1.0,1.6037351686381975,1.718672365147422,1.0,2.419038166559698,5.050018138589785,1.0,1.0,1.0343183497680901,2.0543682626488087,1.1035658195171965,2.9289358596990525,1.610426126693831,2.4373965693992115,2.7251215848717503,1.2734163099942333,1.0389987986002838,2.5,1.0,1.2992040431517,3.778055580090752,1.0,3.016911013839102,1.3957646218326727,26.859522360590415,2.6797328421801114,3.227852776238082,6.99213854753627,1.3131708533893673,1,1,1.0,18.707814340824306,8.032057176945143,1.7438083223182876,1.5626541537865168,5.755680527352196,1,44.27623919848859,23.80110918037658,17.0350946083991,3.300949641175756,6.721505198297811,2.5342615762136944,3.010890778307694,1.3803464266497472,3.0015751341281574,1.3934216264161263,2.5,1.2840587016652147,1.960039163917162,2.5892922035717554,1.0418501152435293,2.336162961373896,1.6028669748627344,1.0,1.0,1,1.0,1.0,1,1.0,1.0,1.4702701442105903,1.0,1.0,1,1.8600627244562202,4.725019268782584,1.0,1.0,3.6106652262394103,1.0,3.4738026364917074,1.0,1,1.0,1.0,5.521577095064082,1.0,39.18423517748523,141.73782655091298,9.045367261078965,1.0,6.748023740226734,1.0,1.0,11.096891240091942,1.0,1.0,15.910176495266413,6.064821268691282,1.6697245392427986,12.42156207561493,5.480533428121939,1.4314277732220344,4.449214702341476,3.7854794995489014,7.632558632566377,1.0,1.0,4.75816337796076,3.9354742147028445,10.17338419239968,1.0,10.587478301255032,2.4023673394694924,3.4588570306077595,9.691385119408368,9.642150722816586,1.0,2.7366674467921257,6.4941977407783265,3.7189350426197048,5.346693598704156,1.0,14.608971463887103,4.144141362980869,8.638840946015002,5.57003498418052,3.07166439916829,38.6849394516,26.327126991748813,5.88271414861083,30.898431204259396,5.167387328669429,11.017783942446114
TEST_00+3일,9.512831885447726,20.424492767200544,5.341127235314872,1.0,1.0,1.269607261881682,1,4.27431347939729,3.777897163758409,1.7963095311737352,1.0,1.2822359802773136,2.2679873128672337,3.3947380337456905,5.6023726394825015,2.1511304200559525,14.85346593962933,1.980553981367981,2.1050030527829287,15.936521565721293,2.425151885426505,2.4676422939075953,1.8571553838208112,1,4.817692213691205,1,1,27.58391545342012,4.397443475319245,5.125826247845799,1.638726171197774,1.0,3.8402114468934068,1.6216909056611726,1.0,1.0,9.088008294738978,4.730327725410461,1.080687432658727,4.732415667051117,8.257621438197615,1.6950797315437134,1.1382179557037442,1,2.0211034358764968,1.8452515394758418,1,2.949766834173343,1.0,3.9823145636935844,6.167795855795936,1.2720342384417247,2.5004571685302692,1.0,1.0907713934549956,1.516115211237242,1.4485127346697027,1.0,1.0479903744761054,1.074058815622614,3.1157845389644225,3.3887273462944267,3.682008541459973,7.5435123011869205,1.0,5.7048957016036335,1.0,1.4002545186452058,3.1879955679379095,1.0,1.2792543879587357,1.969227832306963,1.0,1.0,1.0,3.3058698543192993,1.0,2.7566977131883807,1.7364364295455474,1.9406690685178105,2.8645723960185534,1.3097136388849793,1.0,1.0605370804922734,1.2388484690847794,1.6974782814662477,2.6875304889694593,1.0,3.2882305143795527,2.3679211211439526,46.67148317901199,4.860848499360498,2.121415350642468,4.497447407370259,1.0,1,1,1.5065842380578065,12.741265687160034,8.011885065555552,1.591679120664218,1.0410659771412218,4.8093166065760595,1,28.626925798434506,40.169520141638614,10.902473471978192,2.910960044945537,6.101769946421576,3.6732031084978325,1.8099695679319514,1.3024957558095522,1.832346007957563,1.6771992466844658,2.5,1.0152756367334916,2.1400412209010407,2.1150647977601826,1.743597129147476,1.0687004280834338,1.2370079636112334,1.0,1.0,1,1.0,1.0,1,1.0,1.0872319944835913,2.783513466996262,1.049675497755204,1.2220804939183676,1,1.027777586615302,2.644562855300337,1.0510700279148921,1.0,4.448386745154399,1.0,2.720367256253627,1.0,1,1.0,1.0,3.295251801901846,1.2408305347960276,76.88265688538522,190.23021300752356,6.490796595287958,1.0,5.461306428886459,1.0,1.0,8.9175498065688,1.281523748420823,1.0,11.959084339914204,1.3860288563856475,1.928988725140475,1.0,5.348228736491844,1.4391433485225351,6.297721399968343,2.7926157068848556,5.016270470774769,1.0,1.0,3.9842657602873106,3.7420159448869525,1.0,3.7555804960429664,13.70530590880662,1.120256274996791,1.3369625019840896,11.59930072799325,4.713144340086728,1.0,1.6712325029075144,2.9007684130221603,3.3247680552303787,1.0,1.0,3.7865259300711642,2.164669606868561,6.3798897124407805,2.749516000756858,2.5270544426595216,14.841449974356863,30.951474845409393,4.24828689545393,21.94021439179778,3.968032296560705,8.820327439159156
TEST_00+4일,9.184233703318844,34.26304537972072,3.7467313081276505,1.0,1.0,2.5,1,7.5,3.6482995898786275,1.3470400760474839,1.733166496959853,1.1367104046105079,1.3263693426166407,4.711083824888909,6.957546353830043,1.1713192566825419,36.886576623419046,2.5,2.4094950883352815,26.61677415466321,7.34346568542677,3.4390517200777877,2.125745291038484,1,17.448258566715,1,1,19.659014392993395,6.11316422014901,4.613210893535381,2.392990918047356,2.793409781094613,3.238061392973515,1.7377369496879382,1.0,1.0,8.673539794317225,3.5743167251348495,1.5286935029290445,8.60275659488563,5.155564114872751,1.4624328693223865,1.2464604973463917,1,1.6582628512708448,1.0,1,3.0397917364226963,2.3707224129785924,4.069159229634485,4.725028808346033,1.0699674938328194,2.6157067276865584,1.0,1.0,2.5,1.3089194388247787,1.0,1.6165204080906763,1.087438300219306,1.2851544803477788,1.865410435443007,5.209136221961039,4.754742481820227,1.5223118236146105,1.8313622137001404,1.3219540546605948,1.1749899161139206,2.390176067814402,1.0,2.450272983361228,2.5852976090610196,1.0777328720899604,1.0,3.591282317049959,2.125149487620394,1.678826036508233,2.456403092007602,2.5,1.0,2.0610998864865393,2.3270222599870736,1.0,1.0468865780796215,1.2620847244771285,1.9913639202531974,3.6914339492732835,1.0,3.7043232916378166,3.847912159949446,54.80243905930808,1.0,2.2382234307400526,4.342653737664523,1.0161599175526759,1,1,1.1277726645580797,15.942196674134415,4.162721482187662,1.7926251735530103,1.7997262936300784,5.283204577325421,1,30.120641863310993,34.434787070822516,5.6064276229396075,2.281305372557994,4.245756007606431,2.269999019441566,1.5523717792548406,1.3782332583370571,1.9795369384723502,1.5236817541399903,2.5,1.8910072697576685,1.737457335965086,2.459430870457837,2.5182762608239315,2.464978131019397,1.0,1.0,1.0741277611944546,1,1.3227503820518796,1.0,1,1.3081851495687764,1.0928227184827743,4.094245388532176,1.0465975191725432,1.535561825645394,1,1.3393198159100717,3.2762718884017157,1.0,1.0,2.4047748558191104,1.0,2.1748643103043785,1.0,1,2.261384886852465,1.0,2.787000638356652,1.0,81.75420253744053,161.69791881958244,5.822714312808715,1.3137393895051919,3.650061411847884,1.0,1.0,7.781750318696229,1.2963817775603415,1.0,9.414677589407871,2.0597777605331276,2.5,16.65218710899353,3.6212645588131886,1.0296956210191397,5.004903050689993,2.2826203199712327,5.735473942361802,1.0,1.0,3.047501810284083,1.0,6.017757946671917,3.5009689964354034,11.800127660040742,1.7857289866078643,1.0,14.589810835570097,1.0,1.0,2.8446174915879965,3.7311900328844785,2.343248503282666,5.593968177702518,1.0,1.0,1.0,9.222830253867034,2.725158307195185,1.0,25.66313620398003,27.756475442647936,1.8589775077998638,22.9303621314466,9.400220565497875,4.18728290386498
TEST_00+5일,11.884984056405393,52.695358403976506,7.871617727127761,1.0,1.0,1.1905328322191424,1,7.5,3.7722352937278094,1.5771801522468922,2.0342346345130125,1.2762971441508486,2.2052509091953465,4.087245704449242,15.669861762174495,2.5,56.89607247375797,2.371623523842957,3.2100004845845795,42.555142314331114,11.343203503039815,4.594701480514472,1.6733588328798863,1,21.447125852299937,1,1,52.60426268587346,7.862771976083565,3.5874237829753084,2.1260364959992173,3.4347841294540875,2.520758667882243,2.51382392997326,1.0,1.6706441607253735,15.467221370324525,5.131303295493126,1.280969871906718,6.817168663463342,6.032900800022808,1.8629369635222484,1.8353346321984725,1,1.159607025908568,1.5186015628566523,1,3.692827173537992,1.0,5.616675534526111,6.47877997010282,1.0,2.2800198331100097,1.0,1.7346946219091315,2.2378752551123458,1.719179577820993,1.0,1.4766443105098288,1.1751194505368778,4.437193681480054,2.140858733534842,7.191003043260018,8.243942071044135,2.2164856804843716,4.07130443407658,1.8628724288923415,1.3437093159493239,1.9160342028266275,1.0,2.984541489212253,3.8115456739833884,1.0,1.2260937238368712,3.1713116005853172,3.695054061440669,1.1366851708079848,2.1542824865565025,1.0,1.933089778973249,2.311943304168335,2.0138720190380726,1.0,1.1721392770811465,1.5401147598906828,3.591961802889358,1.367960541043559,1.0,3.703255673415018,2.4964898193223317,53.619971384617685,2.1736071714275087,1.6523974710328628,4.105259833252732,1.3175123905397872,1,1,1.0,12.607364262691036,6.441673713249122,2.0130516167549812,1.8199794194702081,4.629067878300629,1,12.46205030574188,48.54803294987685,7.3974405397795,2.7165398085362353,5.506777758729215,4.284441005868577,1.0,1.3192434305827225,2.3497784482672954,1.250300037334418,2.5,1.6350955370499505,1.8946747147156626,2.6131690218191475,4.528731686268223,1.1767646701537617,1.7081216465756162,4.006006479263306,1.0,1,1.463777136450459,1.034258522004546,1,1.2018245725427155,1.3289374943548256,5.233522149510855,1.0,1.6478165711508403,1,3.4203853358261793,1.0,1.0,1.2320563086982648,1.2510220360506892,1.6546023757622306,3.0552862969502854,1.1199497923540969,1,3.4227944068582534,1.3547299718403367,3.6630874871517087,1.0,141.98282473344318,140.03491130771974,5.8466083477403,1.0,2.1610682698699004,1.0,1.0,5.593102422074541,1.0,1.0,10.203451416033987,2.8344852485873613,2.159240457050703,14.718151688575745,4.430629379584692,1.411877252884329,5.581706000231512,2.6950302158975443,5.444452252152343,1.0,1.0,3.9745550356207304,7.575762706948444,6.108906141831539,2.850569926202297,6.990717680077068,1.5296098322141913,7.856611755676567,20.64581413641572,3.702710298169404,1.0,4.3949047811329365,4.7088509276509285,4.605104383081198,12.18446762452462,1.0,6.999457705113799,2.570680188323599,10.190926782479986,3.248319434355599,1.1483423084009994,35.88796398771527,29.72010329961777,3.260941803455353,29.900002716109157,7.655942753702402,9.360987885296344
TEST_00+6일,14.637016567687832,38.44745670509393,11.375887136583799,1.9326246512523801,1.125101474047393,2.5,1,7.371770962319533,5.0,1.2542036927316769,2.144937748764478,1.9152724607332576,1.934134765562817,4.822786429882262,28.258321832259785,2.5,38.54273178095654,2.0856396717691332,3.1323028916688322,35.801430275187364,8.14486428132229,3.4808523911102087,1.6452333693252839,1,20.899490677934846,1,1,80.27586944155132,7.675021790893226,6.108890285902061,4.435016384612099,4.365665155816484,2.1184216792634847,3.201452881086275,1.0,1.8810999898583027,28.42102306629459,1.0,1.8044605787932506,18.606057353405216,7.746085423131059,1.843408548171937,2.451270592333704,1,1.2313765401192867,1.7551938510489686,1,4.2676241676447555,1.0,5.045454175464131,8.738453031218421,1.0,3.7508482846144675,1.1486037817953894,2.5724064518478817,2.5,2.7780426563970884,1.3622932329977895,2.4763082038021476,1.6510922199272917,8.826468144097161,4.174708233807134,9.363664610173197,6.8046446755069505,4.374946408561475,1.6691064667470117,2.0745384186012195,1.4742807933512876,2.646925792398289,1.0,3.105900382045148,4.264589257858422,1.0,1.5485350412034207,5.748056768591263,3.2543569371670813,1.5057900414069592,2.0723237984370164,1.908059035843068,4.5024792056901655,2.214171452133302,1.6732938510839395,1.2150579657373395,2.3604878840168233,1.9926435496025052,5.18720615091008,2.6767828300449397,1.0,3.1321150102624427,5.14746750792441,37.32108983784704,1.0,3.885510799951082,6.495721527328786,1.7502881541251472,1,1,1.0514281837982653,20.880195648033595,5.618248972278064,2.259182088249812,2.363386241019387,6.171657963675902,1,23.925196071750122,31.59321773616877,10.19188159621514,4.570004109257158,8.249600684106225,3.4583436281428104,1.6711722164982892,1.622448407911937,3.2671970779016664,2.2845479280463956,2.5,1.473114273017725,2.8932181746918904,3.19940726035296,2.2950812012121986,1.7733612184344079,1.8551655732900405,8.0874502658844,1.0,1,1.071532472270195,1.1286440802021724,1,1.0411065591644149,1.188276398724009,3.165536931334942,1.0899650104133318,1.449460881996088,1,4.778468118956171,4.238017361959345,5.051686896122441,1.8288674474752196,1.0087237580741193,2.5161022881934603,7.363287829193731,1.1196599240825695,1,4.55334948725605,1.9091985607045179,4.2198317606389315,1.0,126.44887138241903,78.55934247336774,4.957471858939373,2.144172058598763,4.134521903628326,1.0,1.0,8.125449515342234,3.190993910500662,1.0,14.705985538433861,3.4589302808297915,1.995981956919875,20.348281860351562,5.3745945902908865,1.921345554421567,7.076567502619292,2.874225210226246,5.6242836857647145,1.0,1.0,7.359568876980579,13.366825039568356,15.800425188662484,6.489856481552123,17.95431760698557,2.7759929748717695,10.207195253111422,24.82247137278318,10.280356901651247,1.4548653732053933,6.29087265394628,4.260321949422359,1.0,23.35598722302512,2.4824748096574956,13.34934676292176,8.860462826625769,15.058953442641075,12.023758842925169,7.635138188962063,54.82975237920753,33.109304952621464,4.040720034390688,40.78947762772441,8.539383389800788,14.417336721718312
TEST_00+7일,17.797182912271847,7.152399938894782,14.365795352516447,2.751072408481753,2.0810620833525073,2.5,1,5.854766233308704,5.0,2.0115259030621684,2.1400262300829813,2.213200374323642,1.0567535056627888,5.951882697729283,31.636250368989838,2.4676524818451444,9.956254673750314,2.337782250587063,3.42078255990454,6.303921139144696,2.182770427543298,3.054156960282154,1.9902898099031727,1,1.645113850423322,1,1,35.239317310649874,11.024057354236636,7.246498412983534,5.513341999883618,3.9417335656434958,3.6696995675058344,2.654282940974868,1.0,1.0,33.72115574301422,1.0,2.5975672689594425,27.94957859768038,14.407156753183179,2.60666580231641,3.0119347013926996,1,1.6210064668494166,2.3936334081394275,1,4.317543452478926,1.0,3.7453990195464595,12.568309375497185,1.0,3.577526120315697,1.0,3.2919982040774856,2.5,3.0095089599339033,1.0273535527765603,2.638450574159876,1.0,9.292861965961515,7.289310706710146,14.98515411732634,5.973692056829065,8.00032074060474,4.955967175970388,2.3279573381180914,1.682256453134969,2.693361088295968,1.0,2.3132067773071676,3.718253037052849,1.0,1.2195118405672305,5.7421989452351605,3.6719352258104547,1.6003659780166672,2.5879676861374787,2.0169074019886635,4.44509095532907,2.569003100019335,2.424182578901151,1.3697804367423323,2.480013839083875,2.3821553193789846,5.380634720956287,4.333874628489552,1.0576972844192452,2.2275575594226726,7.707718902426115,7.420962606441191,1.0,5.636995573132906,6.673576377612455,2.44551877203641,1,1,1.0,17.00141346746349,10.384337109335549,2.518451584621303,2.5,5.772535246724957,1,140.625,17.87249901175206,17.692065374698622,5.442869591763627,9.741901079393578,3.8554719836083295,2.9640066239453557,2.0234357614878267,3.574713512441611,2.5,2.5,1.0,2.3744394236639006,4.419143445508346,2.7963188954363236,1.0781776882192966,1.908833052660071,1.0,1.0,1,1.0,1.0,1,1.0,1.0,1.0,1.0,1.0276729484429314,1,6.1734773934061105,3.2554380681119373,6.945530764096106,2.4751618907170685,1.7833127879112425,3.882916864365193,8.404931611767076,1.8477345558511828,1,5.3905241731279565,1.8371500029309764,7.464084584388418,1.0,106.70985248952685,93.36470558684013,7.880545092285794,2.394345165666059,4.953408630420246,1.0,1.0,12.103493239330959,2.258700892333374,1.0,18.52046550052465,7.73469482183531,2.3246417859679647,18.450427651405334,9.29290833750073,1.8861198413944664,8.07601800258517,3.8742844659359745,7.3755789318829,1.0,1.0,8.957996465362976,17.814165030908768,7.319014351302758,8.814195081591606,19.035285535734147,4.560346545651555,1.6713381912559269,23.65255099982023,9.807903081271796,4.615254512988031,4.918062491342425,4.275481330044567,5.070326928049326,44.39507287161135,14.016657940365047,21.18483519939499,12.154459516564668,29.15256714942941,19.185371340331315,19.38483312080225,70.85962292594488,31.410584619641305,9.8348119109869,57.891972936689854,6.5492952659726145,19.534243773669004
TEST_01+1일,12.073380719727759,1.0,9.813967533950292,2.130021332162795,1.16030186118825,2.5,1,6.2992861578722374,5.0,1.3821536558590193,2.4746640611472985,1.825194029338334,2.442882656502996,5.3295000091775275,19.409497970282544,2.5,1.0,1.5265534827062113,3.049458981802882,1.0,1.0,4.016644744787013,2.412052936051384,1,10.169237084680045,1,1,1.0,11.740068921728941,7.482106833870502,4.305967394666115,5.1356799632588865,2.7718528954689177,2.515396608904521,1.0,5.066643657342346,29.422716880293308,1.0,1.9701403015687133,23.29474791856542,18.643385155582568,1.6201208971583487,2.422346854580317,1,1.5786790524743781,2.2873221376480166,1,2.749427263801083,1.6419061526087462,6.9764730927088605,10.57077416037391,1.0,1.0014103209663079,1.1239323121738405,2.598732231720228,2.5,2.9925566017453527,1.4150851562632978,2.439849124206056,1.4654642721622122,9.954799604349184,9.144365678822375,15.007009625870907,10.086429628799431,7.895999475488197,2.3997491109444686,1.8127108387853628,1.8347789486565074,3.9259954043141336,1.0,2.513600417076972,1.4028547461384149,1.0,1.0,4.252221146264257,2.341873009721,1.4857025058070121,2.9747989924365,2.1132080464237504,4.034488297081256,1.974573359286207,1.0,1.3698061837792663,1.4672803076194165,1.8176159509232295,2.1179160138071,1.1222188420703776,1.0,3.457291000013368,5.271617261448324,1.0,1.3288204482343584,5.02334039342535,6.749892495615251,1.7741395928062087,1,1,1.305149542549829,24.882085289433206,11.281410308458229,2.0721900425728084,2.136977204676497,6.408239686982616,1,140.625,19.90661720683416,33.19093942684772,4.613645125347245,7.60628392942828,2.0967843824195045,2.4281953477739338,2.410620617632914,3.4803223406950847,2.238758353371546,2.5,1.4300993222008958,2.9833090886915965,4.995387835840813,1.6263604873111872,1.0,1.5329900788393533,5.723106384277344,1.0,1,1.0,1.0,1,1.0,1.0,1.0,1.0,1.0,1,4.994754441172808,1.5525982471949658,5.478677083770222,2.3766814827610694,4.667747458455845,2.415632367862246,6.392087059285856,1.2127225153065664,1,4.81182980872475,1.7346322812861492,5.770180646629686,1.0,41.12832259115009,100.443410411272,9.212093138983322,1.0,9.047627570920138,1.0,1.0,9.674383148110273,1.0,1.0,16.17328426543873,9.547971898379705,1.524354898641682,24.27836537361145,7.709671558712495,1.7929192065101827,6.450400855010441,3.9047075528870567,7.481440131124314,1.0,1.0,9.865944636255021,1.0,3.61293107396923,4.072282165288925,5.970364726148545,1.5896711829118428,3.9827911132015283,27.089205033332107,8.897859518323093,4.562371717765927,5.472219061106443,3.135230641067028,2.023797480389476,23.394127439066075,5.329156223676096,19.19422546783892,6.323344262289631,12.461220451541772,12.032199099051375,10.349558366291365,40.23947476762206,24.086289229989053,6.929437927901745,30.716120773926377,3.767982001975179,30.293065206706526
TEST_01+2일,11.827393358606306,18.24558699193041,9.593213048035208,1.6413914375519496,1.0,1.0003496606286184,1,6.137741602962374,5.0,1.2993713420936448,2.5,1.0923575511077188,1.6893203993531778,4.451009788608705,10.579098509821517,2.1017363323129024,17.826392007417095,1.7486889815648174,2.6702279838699265,17.710014927210743,3.663835948780926,2.780533967592163,2.4885660368163833,1,1.463751231627407,1,1,1.0,6.59797716757692,7.923628137418876,3.2989933567356338,3.563630525909985,1.983263380702935,2.2410509118013677,1.0,5.766208150231701,21.54648425839209,6.5481967478990555,1.8400106451436045,13.815002160422965,13.745176448813803,1.9598399152704127,1.0,1,1.2952857503401645,2.3801413422336606,1,2.060125964388325,1.0,5.3769393555527,7.789174668767894,1.2251557966967577,1.0,1.0,2.1567634081269462,2.4273592110526625,2.227008361470475,1.0,1.865156881769107,1.593871681676096,4.698103163516383,6.954627467240887,8.29789360137498,6.848096185254753,3.191138803057217,1.8144927036155938,1.0,1.6438625837183187,1.9743076483439332,1.0,2.411698208872806,2.980493714572885,1.0082286082616767,1.0,1.0,1.2448648725315834,1.0778926292700943,2.882642078775744,1.8361962698585386,2.9795529949861637,2.253506147761013,1.4892885858578093,1.0,2.1427263666044727,1.0,1.0,3.3360312381214974,1.0,2.449899447455704,1.0,15.275567112242532,2.097913378123012,3.440854612934988,6.638211293799503,1.2867784089811083,1,1,1.0,23.051312969873333,10.104828780922722,1.773848845488076,1.6201825271091117,7.5527866571609845,1,25.89418820898946,29.368531584284824,28.19125962665728,3.376559487100928,7.597521805083332,2.4043294535660453,3.5003315612324797,1.4035843429809758,3.1863659912585853,1.0,2.5,1.1441203416245052,1.9458181084012935,2.576871153253262,1.1748806467955009,2.5,1.3325427601029836,1.0,1.0,1,1.0,1.0,1,1.0,1.0,1.0,1.0,1.0,1,2.8314419679725926,3.408861095205026,2.519239667097625,1.4035423307308705,3.020699523371999,1.0,6.304328515185236,1.0,1,1.5365713316050504,1.1771394369586359,3.7458147957678847,1.0,37.346136117294186,125.19013587014726,1.155953594239229,1.4186246769838786,8.792798842097326,1.0,1.0,7.411911571951121,1.0,1.0,17.97125668384833,6.680254899063501,2.213199136739915,8.782004714012146,4.571125311728494,1.7794459581926363,5.629448983018913,3.681607900295795,7.354079107735605,1.0,1.0,7.529271478772006,1.0,1.0,1.0,2.9769109391490924,1.4344091406092048,3.7241410505957897,9.254983457177877,4.572260561399162,1.0,3.0764006506651635,5.692054844275116,5.024964392185211,1.0,1.0,9.553385081299247,3.258471052487887,1.3633061942292433,2.6621029022777942,1.0,15.187711086436325,24.707329559326173,6.062176991254091,27.94741039350629,4.094895329140127,20.916958086937665
TEST_01+3일,8.562951261983837,29.605476787335384,6.559482445538503,1.0,1.0,1.8920499361427527,1,5.13955735967307,5.0,1.6303015903586966,1.1603797845428054,1.4826733055833985,2.0222427492933828,2.8911691842462366,8.230823528776197,2.1133886404763453,19.39020265744852,1.8873946416464968,2.1022232343821003,21.393000066046437,4.4071807740683715,3.2546116521094164,1.8541402781755043,1,10.377877030353082,1,1,15.585656338865887,5.224315990705305,6.267956570135764,2.410256364166885,1.960197891748006,2.7372762628398086,2.148463931453429,1.0,1.0,13.896451425034758,3.606206849217415,1.2545817087248348,7.896002266713323,9.234194397777067,1.781809350920289,1.0,1,2.274412738651958,2.422134243351902,1,2.6844670611498183,1.0,4.8952647555187685,5.74294843826774,1.5417330191577479,1.0745269928004448,1.0,1.5075451890243983,2.4120469999060896,1.3736499641830318,1.0,1.0,1.0,3.677252756651072,4.006056885105767,1.9547364159685983,9.481652659608786,1.0,5.834933648403604,1.0,1.5926384159421103,2.9193960868300244,1.0,1.3283205944509335,1.0,1.0,1.0,1.0,2.434456894051261,1.0,2.345196963812348,1.8486836800739848,1.0,2.367975139709338,1.0,1.0145004507492275,1.0,1.0,1.5165293440117487,2.116519694445191,1.0,2.6233906519083847,1.8542286294564405,37.21498530674086,4.032134111103916,2.6194603127455083,5.387347002617552,1.0,1,1,1.5357115162080328,15.809775791968907,9.795471162254408,1.43902665249919,1.0,6.272976391508783,1,6.460503196991401,40.560923515307834,21.341216950536644,3.052220873441805,6.819763499843572,3.6550685536342673,2.96679418269659,1.267651935634332,1.8644862047034414,1.09604110988526,2.5,1.0843806189755758,2.4199309009902015,2.044766836045364,1.2728913975414013,1.6733947641576068,1.0,1.0,1.0537940590511494,1,1.0,1.0,1,1.0,1.0565695595904727,1.9532785820293916,1.047424141971227,1.128917918133915,1,3.1684146991894755,2.410840445188149,2.6999282209284874,1.0,5.0,1.115419687480093,5.019515254004471,1.0,1,2.5240072881520303,1.1955231645333189,2.0105850233469296,1.0,78.79519227556467,191.56180387498014,1.5507127526671847,1.3051775539153732,6.987620889272208,1.0,1.0,4.98667014605785,1.0,1.0,15.303725675974157,2.1188901608670294,2.013785278615343,1.0,4.682317418906732,1.3351284615650807,6.895136026698638,2.727287073342534,4.4877645948085485,1.0,1.0,7.397333281765904,1.0,1.0,2.6790741942822933,5.014075712999329,1.0,1.0,12.566618242114782,1.0,1.0,2.4269618578255177,2.864626048132777,2.5864670388400555,1.0,1.0,2.5496539454036173,2.0717569754698655,1.6010425970709634,1.0,1.0,1.0,27.849997061491013,5.860096327960491,18.28407320100814,3.207702670991421,18.990255725383758
TEST_01+4일,8.719632645544321,44.83712656976755,4.92128396277796,1.0,1.0,2.5,1,7.266067495933483,5.0,1.6641056644172874,1.9180244753133942,1.103398842626298,1.5266210971053762,4.216177236205798,8.875565589128716,1.691945348528279,40.54202357074553,2.2446391915392154,2.18056256668532,27.291930223926183,11.102588121574042,4.2233846543092275,2.0735396618934216,1,19.757590537041377,1,1,8.954279995436972,5.906393788697973,6.291144059030931,2.8848893092889516,3.4973190964057075,3.2813961160860816,2.0091949422099673,1.0,1.0,11.596955585165984,3.471391722559929,1.929740898509517,11.583155318565064,8.771442154111583,1.4031129705161585,1.0,1,1.6269225696230356,1.0,1,3.2086521026651362,2.343088544716117,4.376562984699619,4.530899736345668,1.2779552599048034,1.448963019648732,1.0,1.139775841370569,2.5,1.4751167926453224,1.0,1.5238818970499772,1.0,1.4665086215773908,2.3605796867387125,4.0337782208638995,6.216281701946437,1.5101849163540173,1.7162670303746719,1.3232827071053281,1.2297489855450454,2.673473818346689,1.0,2.5344423167336063,1.1525717454939552,1.3081661013896302,1.0,2.678347933583448,1.6474589786307818,1.7595593380412426,2.414860601272663,2.5,1.0,1.812892277747481,3.4972550627937977,1.0,1.0,1.001480350497511,1.9703246131931413,3.78824602216605,1.0,3.3835233277534424,2.94857184254622,40.033562516287446,1.0,2.8669780975861854,4.276140457463933,1.0,1,1,1.2349057809442932,17.836289062638283,5.225285975627008,1.6080369303365274,1.9092124940123554,6.680791187490969,1,13.636933452065861,26.747105135830072,13.758352445081073,2.476338062360297,4.862609211798366,2.3172086668588894,2.548555712335503,1.439849452422878,2.0071963947118427,1.1983919191785921,2.5,2.2467173058113747,2.2438696907538973,2.2458485218572357,2.3185508473350054,2.4133511443460565,1.0,1.181872844696045,1.1990741405804304,1,1.0937259055985675,1.0854188991877112,1,1.5275694944529843,1.0,3.2110450433253077,1.2935242516228511,1.4618363438973538,1,2.7493960070389285,5.710369246637327,1.8969391835186316,1.0,3.015952455068785,1.6674101509665666,5.212410025584276,1.0,1,4.347679770312877,1.0,2.1558591499270228,1.0,74.28411721464168,176.17271267172833,1.0,1.4716972398669743,4.747799975217089,1.0,1.0,4.127682001286422,1.0,1.0,11.475155804102124,2.6569189306376577,2.5,25.547332763671875,2.966613621309683,1.0,5.661339354733227,2.389228328135614,5.137791337956558,1.0,1.0,6.45008917141059,1.0,1.0,2.123517178930342,3.8477398576214905,1.2857567863538861,1.0,16.296637323498725,3.418406768259592,1.0,4.809116140007973,4.7366150468587875,2.3777281809598207,2.4165455663470112,1.0,2.358734098543096,1.0,4.80276249181887,3.058744717431714,1.0,6.904704948780459,24.62237576544285,3.1084104254841805,19.933444131165743,7.663921508565545,13.22915087454021
TEST_01+5일,10.271690741876133,57.099536940894325,8.792656466820828,1.0,1.0,1.5066896521702495,1,7.5,5.0,1.964307868211868,2.28195283461109,1.1743046126434822,2.240689966026968,3.397648214701016,13.984304205540555,2.326372693518775,64.95551235866967,1.8977722459189141,2.728277888877031,44.50219613693542,17.3662485520909,4.399657866964335,1.7351264808928657,1,24.46854196509606,1,1,60.99276287719995,6.532770849221545,4.95771793918493,2.5901595817276677,3.699855872873208,2.9828372081886294,2.6805760633241036,1.0,1.0,15.307721272311872,5.1103754341602325,1.5960207201183507,8.980800702612923,9.568919172994946,1.9879404261627593,1.0092986032016964,1,1.3322766929410763,2.00459213780599,1,3.3874112928080833,1.0,5.96329157976792,6.511832372043655,1.3243950263123017,1.5570843778703825,1.0,1.5027260481458444,2.5,1.8009553668004579,1.0751587002575587,1.0,1.145148818085541,4.876400377268938,3.1307512315815442,5.294642703488534,10.436657279538673,2.1773089548379136,3.576797593965612,1.881010204043719,1.4036136670010848,2.032571808337742,1.0,3.2268097507760416,2.3834728211915146,1.0764190140826533,1.0,3.025021662518387,2.963346375117066,1.0,2.2001680957128364,1.0,2.1161470428581715,2.122986289165911,2.6362658876771277,1.0,1.0296139327650582,1.287401738647409,3.055738650563129,1.0,1.0,3.1212115058445113,1.3306174683309475,42.571770398868374,1.7574660279662893,2.03343563334093,4.168501988845618,1.0353657395650393,1,1,1.024931027378164,15.386163911999484,9.17213202786365,1.7079669188645863,1.886066736521587,6.336853335218598,1,1.0,43.76775483903747,15.202515695326412,2.641238663866728,5.6220730709741575,4.086488267614388,1.092063951098867,1.2533700998314428,2.4619802508273985,1.0657139105218405,2.5,1.4882026484057331,2.1224075988059905,2.6037777602545242,4.29479665434712,1.0,1.4947132768680662,1.4154901504516602,1.314381368050988,1,1.2612824716050897,1.2963153222665744,1,1.4816620326972447,1.1694384976838537,4.493532568743717,1.0,1.610814745525218,1,5.034040715209384,1.7709428141181116,1.7611751987329516,1.7694590981319265,2.151254742546201,2.237931936806818,4.8689273103066,1.0,1,4.460272883711457,2.2264714762839186,3.232321358821963,1.0,133.702675727905,117.35246882047544,1.0,1.0,3.6746913764219222,1.0,1.0,2.684946805580749,1.0,1.0,12.072106598398994,3.507470960992554,2.5,23.42364013195038,4.0974907886155,1.2234285256499031,6.255939970651376,2.9097482551169875,5.297554425066973,1.0,1.0,7.158441995996754,1.0,1.0,1.2398385405540466,1.0,1.0,8.700510554946959,20.26485022418201,6.805866457615047,1.0,5.885855538770556,4.063145242631435,1.8968758843839166,9.88645870803157,1.680780287426327,10.91053678454295,3.418813681718287,7.911066254379149,5.112369664521758,1.0,19.809207332077047,26.33738699555397,6.370222754776478,26.31106001511216,6.797724301367999,19.72647813856602
TEST_01+6일,13.54272986033389,40.95397382670249,11.26670317220678,1.8071366500290396,1.0769499718914493,2.5,1,6.812718849141455,5.0,1.096672538734001,2.5,1.7798342630775017,1.5594974611015238,3.8092459230893403,24.433924204440487,2.5,45.33815760175074,1.7504963256486725,2.6730580861370252,38.09841235935,12.152100208479077,2.954089462224448,1.5305508759449746,1,16.666666922447916,1,1,82.74809960258666,6.300264597246382,6.940805430324211,5.2451569081036205,4.674641614294979,2.640942429968278,3.0123947525745898,1.0,1.5838129340300322,25.093746301411027,1.0,2.1294538395667413,18.16885214174566,11.184602308981503,1.9995853001689843,1.836256915585229,1,1.329098507497574,1.9845407101351484,1,3.5964707634725896,2.2294206003497488,5.717287835620155,9.352603700333722,1.4952645482201754,3.4591239686112134,1.4033999327388877,2.202356234518111,2.5,2.8637687416581494,1.5253321924016259,2.2169846506102586,1.6527446251394686,9.356258067462468,5.42100660092667,6.675795708031426,7.232688452608502,4.945769379975815,1.4663553613973328,1.9879735574208435,1.692824869579532,3.265531474813815,1.0,3.196803165975259,3.351538611787721,1.0,1.2295466849647356,5.22850239555663,2.55961357712234,1.3067574812575047,1.9495011826687683,1.5545807672533767,4.277569141284105,1.7031225792662346,2.1136435760425676,1.5383385212305667,2.405622269471274,1.8227280495183722,4.623559677792532,2.1354729685566904,1.0,2.4803377707525796,3.7115155008041163,35.21286599747527,1.6055360822466003,4.45446922164381,6.329545546334158,1.547418149574735,1,1,1.4600860288885582,23.58804417453527,6.738811169889962,2.1485899564242272,2.4311484517761275,7.729641838177303,1,8.06033163814182,25.823369620185105,15.830237962158918,4.2319799461435155,8.5611206063406,3.50071620780041,3.021249403769751,1.6717869105246308,3.1779959930086017,1.8605612771832694,2.5,1.2550344924315735,2.477095650206978,2.8455086101936087,2.271219104717751,2.2068907552412984,1.9328450293021302,1.0,1.202717652981535,1,1.0,1.3644775174034385,1,1.3029121078007664,1.0780788466412377,3.0397721682479872,1.1067498058477918,1.519648798838397,1,6.338931645842155,7.1268350664003135,5.58006133324815,2.401931208332541,1.6561977501905227,2.6718012565235756,8.60404433999688,1.4424881356328083,1,6.101556855612987,2.5218143147460896,3.2010805217838127,1.0,124.0031092057277,83.59634891638328,1.8591664861523405,3.440198534727654,5.7319062911025185,1.0,1.0,5.882540907134944,3.1065030777709817,1.2577481896000875,16.026657778099082,3.554472503645804,2.4826995857767966,27.59455919265747,5.706983360360241,1.760883074668775,7.533969005755906,2.7759237142891497,5.1236184665960085,1.0,1.0,9.809922870769993,2.353630856773816,4.047712627158035,5.5125782154500484,8.242432747967541,2.566082725301385,10.334840880706906,25.161916163563728,9.382507297908887,2.4029902345500886,8.291148886084557,4.666342786885798,1.0,22.03295726658722,5.023511906504701,16.980645670592004,9.956193674552239,12.61724181527029,12.442502217135686,6.646771215119605,38.12000448079425,30.55946143269539,7.683943063020706,37.3189017213881,7.330427918583155,26.182211172580722
TEST_01+7일,16.691397523103948,15.78618762693094,13.91349285110749,2.7806792212131,1.7140264209213338,2.5,1,5.799248718268431,5.0,2.1936748132651656,2.030284507675916,1.979107794923953,1.015263561026346,5.7420929284392415,27.473438487918784,1.8646844391489343,9.533118458908975,1.8721188263312736,3.0689434162622877,8.20420706457109,3.3013302147190293,2.6209972821605123,1.988680825779297,1,1.0,1,1,36.99089479979946,9.884611381874157,8.170380370356071,6.014819733662955,4.09084800276528,3.2296836027153937,2.621853541959468,1.0,1.0153935289987237,30.768686180597687,1.0,2.246887935368799,26.098590927252463,18.222991942698815,2.77267221161947,2.5920677279664317,1,1.6581961942989367,2.149758153699948,1,3.403823353392806,1.0,3.7456347858943024,12.848084154891863,1.0075170636411837,2.6527106797294713,1.045789270664846,2.6039721123255264,2.5,3.044909560564698,1.1266928628930954,2.886177980657502,1.0,9.817677828361171,8.691677616076797,10.988829410905295,7.797917413258925,9.321961150804304,4.997721937513771,2.3345147006978744,2.030465562585103,3.3971512704323725,1.3581504283527797,2.8531909470742884,1.9133435894782234,1.0149858591469554,1.0,5.091094822380488,2.8656727060969134,1.2257156386298877,2.2324905346564354,2.455290373184335,4.811972261010204,2.182169167290666,1.9537423638566018,1.3534910884310134,2.5,2.175080898793395,4.3578980242500425,3.19520316433276,1.1682945876938298,2.3456757614561052,6.169368253245332,12.145893330888011,1.0,5.7289785731487965,6.546918531964735,2.417705550232299,1,1,1.0,19.87872295089357,12.60004833563563,2.1593141669183846,2.5,7.233814768153894,1,140.625,10.545990327699549,21.373140565523844,5.068583857305772,9.716451636687282,3.886982085428476,4.0429955860006865,1.7470896429499638,3.518526258045723,2.349325027341094,2.5,1.037587349003739,3.2276000514997394,3.9591290478283163,2.84402120827272,1.286280728525362,1.8596837038100642,2.162092924118042,1.0,1,1.0,1.0,1,1.0,1.0,1.0,1.0,1.032674424373438,1,6.492868373985676,6.615011974284073,7.8376979329196335,2.925299842276909,1.0339432352339626,4.3100729360289325,9.06343766743314,1.8842717162728764,1,5.673738242240782,2.439035405654753,6.745778402864442,1.0,101.99054027174955,97.51721319563003,5.43907568556777,3.7461745896037035,6.076083970733233,1.0,1.0,10.397904719941597,2.436959646414218,2.840505373541218,21.033957636190767,8.697057972567187,1.9576440409968507,19.71757471561432,9.302919351123226,2.1589497889116838,9.312640503420269,3.6292878433226825,7.180068188099791,1.0,1.0,11.074600011751693,3.7286685127066446,1.0,8.355436276644468,13.45310854935087,4.0564803862944245,1.0,27.035861934721467,13.58319801436737,4.767014627344906,6.126671388745307,3.901694929040968,3.274666422978043,45.845535081644506,18.81002622582709,24.525261243662715,13.436192076321191,26.039557445099852,21.28883991863801,17.89417328692074,50.89649086107232,27.485018411278727,13.482672460377216,56.24979628995061,5.485925576090813,32.18096307367087
TEST_02+1일,13.69267801783807,3.686992517432061,9.617707740731115,1.8868414200190367,1.3811649374967616,2.5,1,4.160479242732762,5.0,1.0,2.5,1.7127661206088982,2.248620210067345,5.4753562711661745,32.19005541134589,2.3788885453933717,1.9069712617093162,2.2760775509523974,2.651700070310611,1.0,1.5443634597675902,1.3227609506983589,2.137022631858823,1,15.258201346031976,1,1,1.0,22.0806179382814,10.961602442240894,7.701022768515827,6.085531098867743,3.5977849669764788,2.6248696909063933,1.0,6.275365611942358,56.87319465109725,1.5864584408700466,2.488110788954302,34.61313629336859,24.905017785980284,1.8976237197904258,3.707078304885141,1,1.7078855272617564,2.257422790302968,1,3.899603771714269,2.0637028790756893,5.330440370527685,16.10464980738288,1.0,4.58767863703501,1.1505980055382798,2.531871576522097,2.5,2.574063546385439,1.3152609241819495,1.7191541775706445,1.1692792508024115,12.546896297031198,20.624960327629076,29.392535988697794,11.694022488403606,12.32806342506153,2.790464002410584,2.313060937910576,1.8558811844395233,5.28459213219267,1.304755775473416,2.9335944898959565,2.2785448570648454,1.0,1.172940754433498,5.828912801650797,2.2752482808103975,1.7032495094604243,3.2643150469403643,1.7921633254867495,5.473677105804363,2.180218589340943,1.0,1.4028002940699458,2.1138248344437525,2.0220335261936015,2.5475567787762685,1.1401639900486087,1.4347491758364537,1.6097057243256874,5.6789747716262795,4.785494311636173,2.620802747839847,5.262603577972742,5.353500965112572,2.081046390563082,1,1,1.194275329629592,23.136836753840452,9.153793453476398,2.2511622055779306,1.523545074947444,5.795864813372009,1,140.625,36.667134423219814,47.41188771892831,5.561941666879313,6.288507986106185,2.6754824222603713,3.0925343244693484,2.171643922556732,3.7352006579537926,2.5,2.5,1.1048430761531078,1.846844753953535,4.76016805189852,2.179237131627232,1.0,1.8139900874146868,3.4492568969726562,1.0,1,1.0,1.0,1,1.0,1.0,1.0,1.0,1.0,1,4.576105928340219,1.0,5.033089775482977,1.6651902494158686,1.6493541277332902,2.4134297214521934,4.86698955082638,1.0716534044817487,1,4.549106577117077,1.0,6.63003001952574,1.0,38.32582937341974,101.21562911957281,12.066632049909298,1.5714270551883336,9.855875127596542,1.0,1.0,19.275745610438975,1.0,1.0,20.635316707628515,7.7988758083299405,1.0246446383025936,42.91412830352783,12.279368592292638,2.0052317757206435,7.4576683434806155,4.613860591745852,9.082509595127283,1.0,1.0,16.24666782027208,24.663928788993505,2.4786594419740138,2.3910194225609303,9.993679823819548,2.23527537798509,4.584951163735241,30.702350588887928,4.210927420202642,7.2385080587118855,6.067192196846007,4.917078145965934,7.367750771343707,78.38242376595902,35.22976533009849,67.96160782021464,16.771247098860236,50.17856265579021,49.89964871272329,35.509669413205174,170.29003978630286,56.83084543347359,9.433526918292046,68.87098755687475,14.45882636010647,58.125
TEST_02+2일,11.560142911205276,26.294236023952635,6.423688026902172,1.7768723484963298,1.0,2.5,1,4.345971194938192,5.0,1.0,2.5,1.0,1.5422383361374812,3.063631205463831,18.528330755750982,1.282273424822965,11.846626111665701,2.3297452771151885,2.590674397665956,16.278184059550775,4.661659932016124,1.0,2.3027942071844594,1,9.510576268877854,1,1,14.590644105172347,17.78590800025891,11.507398437781115,7.441269868475016,4.441288676826222,1.5166461895172643,2.1111345327926947,1.0,7.31843737742927,49.46840991404936,5.67255973815918,2.212460221361243,28.358243810691423,21.177271149122845,2.2653168217812234,2.2046232462423934,1,1.6800372644162904,2.2367388110799613,1,3.3855717893921056,1.0,4.3487847038280965,13.059072397989432,1.1495096091759265,4.575287001252934,1.0677843619827305,2.35833337063885,2.5,2.261905991310657,1.0,1.0,1.260004378211939,6.015633587089276,17.270118906065562,19.605628962781445,9.358566604694854,7.684624953957098,2.967621975418435,1.0,1.9473277940139675,2.060526412528148,1.0,2.733901066511319,5.073404876410947,1.023566447010919,1.0,1.0,1.7159656686777005,1.3019153099589513,2.8294341018746385,1.6211156065091679,3.846593340099143,2.3498170142200787,1.4093036574976023,1.0349594683796384,2.5,1.0,1.3188651791263224,3.605878985579366,1.293180608529728,2.8648781690788265,1.2843165030226216,18.208706202730063,1.9287745973947854,4.075706268558267,6.281072412984843,1.515897951311048,1,1,1.0,19.754515027277286,10.577692910931033,2.105292680920941,1.121756740964599,6.362359790173384,1,140.625,39.10691266713482,40.24698138207348,4.5763955862569485,6.368296121188216,2.0721086585866315,3.638587767264624,1.2152618833554223,3.4700852870547982,1.6088351343157758,2.5,1.333878669504164,1.4254913472115593,2.5391700584634007,1.413627919893041,2.365572695075963,1.583642351754585,1.0,1.0,1,1.0,1.0,1,1.0,1.0,1.3364259959903821,1.0,1.0,1,1.020541420257927,3.561325734864106,2.3824084818625115,1.0,2.5144959896105905,1.0,4.554650483816329,1.0,1,1.0,1.0,4.752633845874506,1.0,36.057657948582175,143.01344877544676,5.715548740943649,1.0,8.705351300791621,1.0,1.0,18.819977224977972,1.0,1.0,22.96464735721114,5.394525289045388,1.0,5.18762469291687,8.742202076078575,1.7759187320442873,6.099500403635139,4.18125723956377,8.982994840601906,1.0,1.0,13.546698741012465,19.749102654168382,1.0,1.0,9.609497820260003,2.143989096628502,1.5340547566302118,11.740205170959234,10.07861704044044,3.763966740109026,4.150974702090025,6.264374301582574,1.0,48.77047931181305,24.016342864544075,58.360178644707496,14.073523267695085,40.843263581704846,35.99443284925703,26.001231912567984,159.02529446133218,64.50059659481049,7.71840937435627,76.26122976839542,16.229225961863996,57.467344862222674
TEST_02+3일,9.84935529206404,29.090220990718436,5.2392738992376895,1.2051983980644523,1.0,1.6983880468714532,1,3.529978059720395,5.0,1.7436504453469523,1.4713231466582115,1.1198817555395915,1.8752114306824899,2.22151927106732,10.205522810443584,2.1543686771721617,12.160944216583303,2.423778472528626,1.8734443829333205,19.37213930385298,6.483321902960519,1.6075052437872583,1.5880662597503323,1,14.96544587061369,1,1,20.51547484550869,14.038015847522198,9.414487219859797,5.93531700901382,2.6522225167598674,2.689791219545623,1.9455578947538659,1.0,1.0,35.28504448712368,4.181214012205601,3.034458882267149,22.095557849139126,18.685832535836898,2.026388343083533,2.0199668818458814,1,2.3695751731943453,2.0978382005561467,1,3.65417137607445,1.0,3.8251914398564284,10.87445789217086,1.1905088811009001,4.617099796173566,1.0,1.5637711551798863,2.450544280096883,1.8898855148219273,1.2205330372011893,1.3304168522568074,1.0,5.505078447141936,11.57129196551989,10.285296489384315,13.434854477646955,4.103361045914645,7.0818738245992785,1.0673552328430305,1.4304727074758412,3.6114647240937905,1.0,1.9671208743277442,1.0093162661688766,1.044810848414893,1.0,1.0,3.591358458648271,1.0,2.7094230613448747,1.2214765237922391,2.2909279643265745,2.2383088094857277,1.8020873667904345,1.046740046232966,1.4542367472769198,1.1817688510010158,1.698200497598705,2.4876975863157824,1.323788221297035,3.2767845030491802,2.4664020078306716,33.292439423998,2.304984654072809,2.843394942661738,3.7696937651218403,1.0,1,1,1.7327692411783815,14.637821226640458,8.5289783890904,1.7719237613086738,1.0,6.3347516073094035,1,140.625,73.9013526620396,32.99042028854625,3.76129466626705,5.166936836874379,3.8348818032193,2.6033582913034117,1.1302729462728622,2.1958053103594417,1.6308499522258637,2.5,1.1787143000691653,2.049131764687101,2.392131243798818,1.7976844683040334,1.9242900622353238,1.2042549696497387,1.6910150051116943,1.155461697357415,1,1.0,1.0,1,1.0,1.0016253360592715,2.3081271240878585,1.0969080040381356,1.0,1,1.0,1.793169231848689,2.320767885471509,1.0,4.302741627155135,1.0,3.121176679760677,1.0,1,1.2952719831797244,1.0,3.2527349198276956,1.0,74.9022310995888,196.58892509571328,3.7096572302227853,1.0,7.185668273941614,1.0,1.0,17.235718567872123,1.0,1.0,17.50040147939793,1.0,1.1461617357090368,12.89067417383194,7.93955448462827,1.5343909349111948,7.635407989537365,3.2327222536316853,6.592043948966668,1.0,1.0,10.996411650943896,8.375812063785268,1.0,1.0,20.536914452677593,1.0,1.0,11.744508327543734,13.641225775796919,2.2481290753930807,2.9579639397561546,3.6353290814906356,3.579852174967527,48.84273614220271,28.557421086189716,50.08384276107928,15.029298814814975,40.43742968134899,30.50712326850459,30.847863106620846,136.72792527726767,57.70379050970078,10.361317247152328,69.33396018669009,15.718594441562892,57.098274260759354
TEST_02+4일,9.38349540273131,46.36146129176569,3.8144626893336224,1.0,1.0,2.5,1,6.408512431909882,5.0,1.0,2.3929026351625717,1.0,1.7437903082581954,4.873588274808635,6.56650192410404,1.0,34.44103561387383,2.5,1.8996901935006132,40.87544946870731,13.350786547839949,3.890537574291043,1.8950303847966896,1,20.867860667065646,1,1,21.763197143625224,13.595979617227504,7.405444820399712,6.481346618818811,4.160974735662697,2.0295665105517156,1.3061153316858203,1.0,1.0,26.994751542824254,5.609631687402725,2.476517415780965,25.575969770122857,16.459521607155363,1.8732964102186385,2.2906329411098194,1,1.883850918988943,1.0,1,3.7328374527184307,2.5,1.970199596290968,8.608487851775969,1.179844271704158,4.8465861631174,1.0,1.390737460715426,2.5,1.8426242008638092,1.0199707027494673,1.7779998993025774,1.0,1.0,8.30069359730495,10.766945328534124,8.97533413257766,4.4489898774787315,3.1926290386049376,1.9514501694180335,1.4580126189988365,4.099777190776485,1.0,3.3499773523899523,2.4431435221814417,1.3211656760482662,1.229499517409972,3.83067187764888,1.3965504843000431,2.0145802398967154,3.0657700502368166,2.5,2.184791837883475,1.9754889366911788,2.479954045393981,1.0,1.1730775075867033,1.1878556298730536,2.1326720814799573,3.883487544442221,1.0993158665397584,3.238383564029018,4.048854797119021,36.277471362020904,1.187852872926804,3.2647825413228198,2.568799342023498,1.0,1,1,1.1638110248078215,17.746587350340114,4.372822968894161,1.992019846851153,1.5088082280749282,7.079559103148802,1,140.625,59.98877840151961,22.455675204262477,2.645839178671833,4.155708482152968,2.984877318088766,3.0796375174482633,1.3305941632337435,2.3388941070651295,1.5933141512264346,2.5,2.131632771681521,1.4147495422887575,2.3781162886178056,2.8231385918172034,1.8992566342608888,1.0953845609610455,1.0,1.5680140405578138,1,1.0984068954270518,1.2952999907569982,1,1.102711139666848,1.0179156543290917,3.267051813631808,1.4564630308739976,1.4618533627066215,1,1.0,3.278009398161532,1.4472323698344443,1.0,3.0935183599770393,1.0,1.7428848239537529,1.0,1,3.0079032619015535,1.0,1.5541576319534223,1.0,74.66842313334863,174.3647455142792,5.285655534761371,1.0,5.686594691237133,1.0,1.0,16.30644520237165,1.0,1.0,15.036426679219735,1.0,1.5796585724088392,18.986374139785767,6.607188078537385,1.3844113867874484,6.980534623603864,2.645725602169463,7.045105220699274,1.0,1.0,7.253603796217356,1.0,1.0,1.0,12.941847498994319,1.0,1.0,16.653587137907742,4.519862021878361,1.981114039197564,4.542352365329862,4.235783908143639,5.68926677107811,54.591223959892865,27.277838710163387,50.843876470691676,13.673661256378185,51.86878391207815,32.507633737552005,23.177478412157175,148.89147978302742,57.385185045003894,6.903381701558828,72.88320206850767,21.458657303452494,50.308104461431505
TEST_02+5일,10.833906234693588,64.3710338212184,6.8542714904910635,1.0,1.0,2.2220137044091772,1,6.756356392977242,5.0,1.0,2.5,1.0040601427359215,2.4497999948909053,3.2063639050920516,14.019875225024506,1.9800015174223902,57.297569232611416,2.5,2.7976802222754467,66.4303933643361,18.746194871815675,5.3425781425992875,1.4445804883680262,1,25.70163062667417,1,1,84.93095203908887,15.876115602446237,7.004300710449034,6.537587710280841,5.440701938665849,5.645948043826057,2.3199058132555876,1.0,1.8490988669358357,28.650498483477445,5.724303871393204,1.0061198185612954,22.322257927409563,15.752915736468967,2.2841847204889865,3.1239011737422633,1,1.526745087494904,2.2263382330929367,1,4.000943378638353,1.0,3.8809113257733974,9.961588590030752,1.0,4.592858665579376,1.0,1.8891890986771818,2.5,2.031955007416896,1.1874462133922996,1.3319184418454546,1.0,3.7087148700459363,8.556130939819749,12.122250787059086,13.404705415388891,4.918033754899935,4.281343131207667,2.5,1.7500558638009667,2.4233866354395177,1.0,3.94656451582047,3.688474837281106,1.2017441476118211,1.370858563899127,3.319396082375728,3.35250437266766,1.237688327678664,3.0829806937064164,1.840356066274989,3.086150333799912,2.30798378251137,2.147865516639498,1.0,1.1768077462925581,1.4255502357508754,3.248346278391841,1.1838220109932667,1.4362942467463335,4.000475751254557,3.4858757890681398,39.379643641300234,2.3253254103975585,2.664697494959401,3.739889841048358,1.0292671109225795,1,1,1.1582622352135972,14.609749849930957,9.339953535581403,2.3203649274379847,1.3831523058109896,6.521661702230503,1,102.93368203103722,62.703447569402236,20.4929814072304,3.308069566529344,4.882543423516488,4.662783544132549,1.6204595166496298,1.3152738969405158,2.8094591755031537,1.5534845844428418,2.5,1.5312361449100098,2.143821441921739,2.5462999646825217,4.1070311311246215,1.1521180506171493,1.7680639965473781,1.0,1.8603027754959938,1,1.1542374847900758,1.3624928984876274,1,1.0237667740644363,1.091385218905932,4.369914241815924,1.1962033004385217,1.3984669543026331,1,3.1252748937922643,2.717461245956923,1.0059111751825933,1.2195269496752377,1.8654716201466552,1.7579853351143062,3.0507074251635435,1.0460742277984316,1,4.371474261717352,1.1563661085922392,2.8494423213241653,1.0,122.55906437576681,143.4017437351018,3.5646434863961662,1.0,4.441865931081125,1.0,1.0,14.635510870626486,1.0,1.0,14.325009154879819,2.6077523922511396,1.0,40.90301513671875,7.620046853623079,1.7979970359485729,7.25166646937449,3.130328254132826,6.912549829534516,1.0,1.0,7.333869663945572,1.0,2.548358473856933,1.0,7.997421486652455,1.0,10.809225517325103,21.395740734040736,2.1805622422136364,2.5996716455556452,6.254199782386421,5.944011162966489,2.6572101153433323,62.547753506237804,28.57233521311026,66.47221734623322,17.07453041079983,51.19956959142031,38.62111242382043,23.126188573551847,154.6511889343558,60.853809499740606,10.423010624945164,77.5957313105464,16.873652659356594,52.66356230378151
TEST_02+6일,13.409196426434494,50.47620988648942,8.669191453804466,1.9349028605651764,1.0,2.5,1,5.62634949629896,5.0,1.1129599114724176,2.5,1.5186533725308151,1.86471939673555,3.5752105636158893,26.257050412409377,2.5,42.58466594727929,2.378327185868032,2.9663350156055053,56.81159655034153,14.345497517704821,2.5693201449367016,1.3158201867900934,1,26.25,1,1,99.08616470302188,18.763366861419602,8.350332824053762,8.5,5.356278539734501,2.5602918227543725,2.6236232198882767,1.0,2.555751919347427,43.34241064228558,3.4198202192783356,2.6012121534036488,32.07455890281977,18.168755274876965,2.294911407558252,3.950396969468653,1,1.5649715562103463,2.1291619302255573,1,4.290510280590676,1.7571310339058919,4.584245477409901,11.186526281013546,1.0,6.049618793666183,1.3161045177435364,2.87738432381229,2.5,3.0537509541183985,2.0720909452083514,3.2885540988899,1.193583643295802,7.935979775005619,10.600540743961377,15.45578783902488,10.867561071030323,7.456030608487027,2.3561556878610874,2.5,2.065122483247156,4.017004605783901,1.0,3.7491435418940133,4.165011823356052,1.0,1.7493607409959029,5.906306374383881,3.801631292585146,1.3190230685831545,3.014001238437,1.594959236072713,4.856008462621344,1.747839391058218,1.8458665275081523,1.506299246135827,2.128727679952867,1.8433784184618163,4.615124947124751,2.7636835182209936,1.6112226625975812,3.793561845805146,5.429332565138165,31.621355297772965,2.7155790337258128,4.983069452811834,5.101214395153072,1.7368428046831752,1,1,1.440612155494979,24.262266934605123,7.104018928069925,2.515897419371523,1.9426277071001279,7.917269272784474,1,43.572061115160594,45.630017481819216,22.7543206566545,4.990611116699219,7.249249800963364,4.089294545751481,4.875278455763032,1.5180303568053746,3.2479838704350543,2.3744262114604267,2.5,1.4374291405020743,1.4949152466013877,2.3901874353572827,2.384441733122861,2.155599291385866,1.8388026572921894,2.1786904335021973,1.5291604862537713,1,1.0,1.4818836842940881,1,1.0,1.0,2.523440762308582,1.2879491442497955,1.3533735651534173,1,3.7495383602572585,4.702769856897406,5.668329004755048,1.9162407010423719,1.2310043515334133,3.1092884520108455,7.444101929483557,1.1585364960127675,1,6.447142507488558,2.2045622319108924,4.238144431269019,1.1547677778199588,103.73642808705185,71.62477333221597,5.833035004700451,1.0,7.228170059053209,1.0,1.0,16.847834984161025,1.0,1.0,19.83376256342048,4.166412442186723,1.6909013034590048,38.264923095703125,9.413055577798408,2.1125974769228817,8.99500460122774,3.2027562863841896,7.340075400073272,1.0,1.0,11.597981353489756,12.4378190274816,12.598875568434595,4.080299913883209,17.0559552712366,1.2262636417290196,13.062816414050756,27.903262378275393,7.000723828887566,5.627986678853631,7.200134620070457,5.5565748868510125,1.0,72.67893056719264,33.2558184899689,78.56066239688244,21.821745046138243,57.00317360674502,50.338191179204394,31.365515428841093,188.30280619705917,62.29037042856217,11.572210118174553,84.99433828145266,19.803116217255592,54.532017284631735
TEST_02+7일,16.732544733673937,16.81989473151928,12.580295005874271,2.7351532528207634,1.427132144602178,2.5,1,3.759401277969719,5.0,1.031983348448899,2.5,1.7480260985658604,1.2107352098597373,5.3039324785132385,31.798217433239195,2.020788225335149,14.837734381878755,2.480141407418959,3.091391216508819,16.03262967835798,3.967261184700459,1.190767116494875,1.7471662068497449,1,10.714829483938049,1,1,54.61850200532497,23.351965334646575,10.575409021960148,8.5,5.673989736808381,3.8676834059312593,2.5416142956738415,1.0,1.7720872825043104,57.17560014280966,1.4354134909808636,3.3458714076267695,40.987993798452756,22.411331628167176,2.9094306343732974,4.414787807989253,1,2.0063136533692956,2.708180700329499,1,4.317707286144455,1.1152782724469923,3.7762399579616757,14.566160088551689,1.1653764216318678,5.783709004643196,1.0794369837017324,3.7793591118566945,2.5,3.236760987614941,1.630383008904176,2.5823795235767064,1.0,9.596285763767503,16.633030294083607,22.715094174451828,8.862965684903726,11.801398184856627,5.488825158326412,2.5,1.9429905470271378,3.617736380944843,1.0,3.0458603811608795,2.7544614586743603,1.0,1.3030464261081418,5.342627725981463,2.6449106310038126,1.3737490169178224,3.405335470495698,2.1077966707977525,4.9684992461901505,2.040534881821902,2.1726257058220133,1.493342324152412,2.1826493768062902,2.3319305955503062,4.525003188601725,4.147209318456855,1.8060713250042026,4.3555005302961485,7.0405916390590795,13.002404500235096,2.2710267974953275,5.888331927665252,6.278245660552911,2.441498966673124,1,1,1.0,19.77684838182549,9.570140295416808,2.6971398402560256,2.1153151452810293,7.664367795294613,1,140.625,36.23421750241167,35.154446869239294,5.394874279505218,8.577705348282851,3.699690596226574,4.442436047091251,1.5982675208172368,3.682680885332699,2.5,2.5,1.474448416432127,2.1068969945252602,3.911167124643916,2.501286720229418,1.6627219143048384,1.8629910725859942,1.0343518257141113,1.0,1,1.0,1.0,1,1.0,1.0,1.0,1.0,1.0,1,5.077875600745984,4.2671359984763555,8.64547665527625,2.275615572007642,2.5630860982163757,4.844835179142352,7.555237200656494,1.8831509381503355,1,5.379405805023127,2.091138143517655,8.403636056141817,1.1848986623755513,95.97210284208477,87.3105211989641,7.877705039591987,1.0,7.548963447370866,1.0,1.0,21.22712541836132,1.0,1.0,25.33402189449988,8.756729500244363,1.0,19.345141053199768,13.990457875477952,2.441593028035855,9.762643902536524,4.5607777188114555,9.742045182079558,1.0,1.0,15.45325093069123,19.46650358021725,9.315793868154287,6.9041608050465575,17.541185055393726,1.1295536861289293,6.8901923247613,31.069438567757604,14.577626678347587,9.551651833578944,6.941573794931172,6.558370103687047,7.249894425272941,105.67362364404981,47.28428655458916,85.26329433824989,26.918499785978668,76.97170839746244,63.695543028771425,44.74681536693575,215.30034394770982,67.69972887039185,18.118050321936607,100.52763288468122,15.48351982086897,58.125
TEST_03+1일,10.7704181479212,1.0,8.722387744541486,1.9536370449747362,1.2083155795420881,2.5,1,3.2720645908471386,5.0,1.0,2.5,1.5163173174117415,2.0087109148743463,4.443440381996726,22.5434615766197,2.5,13.40014194598189,1.8314690132224571,1.9894236695102119,1.7193452223161787,1.0,1.5253889644219816,1.86452231157362,1,10.24427028028363,1,1,11.507618953941549,26.85686346103922,12.354287931771394,8.5,5.716312496802307,3.072696759546797,2.4316975199401067,1.0,6.252888364389393,48.94466308610113,2.822086662054062,2.506422272301026,31.807167411870562,28.49684660336089,1.7567711259100502,3.540912030130002,1,1.8439628888509738,2.0362345527301304,1,3.0272555298989454,2.5,3.3561859881929537,14.218972586636388,1.157979198496198,5.113678001733578,1.4947220565823864,4.036119679955064,2.5,2.890578259464159,1.5301911068306457,2.196688245401001,1.0784777767427975,11.076001273272041,16.216334619455996,32.625,13.16594031257628,14.480563888357146,2.6854245375314654,2.393456113603824,1.8329279265971796,4.817622084131859,1.6851474884171909,2.862385467002935,2.2055316896809316,1.0,1.4181625449981305,6.519871491653551,1.2458668188404578,1.952868604727737,3.1105471224136796,2.374596832027684,6.3910990261503695,2.0993896650573,1.0,1.608717413566078,1.8614599645801222,2.285702711153785,2.4597745417123824,1.1331164449424,1.7534815832723563,2.131172508626425,6.013314675621726,3.688418129600445,2.5870031722931555,5.293828541172096,6.514301490309903,1.8826959808315413,1,1,1.1777333242091717,25.47381311625831,9.01345961984719,2.1599955045639914,1.8906016678983677,4.9346007011936415,1,140.625,55.24741794525009,35.32805759315179,4.354468150184608,5.620098474906532,1.9162837479912718,3.420502288491582,1.874450052387264,3.3727280421289594,2.5,2.4626298222033647,1.4539593909944877,1.8074799312459988,4.826426997590273,2.326178865227586,1.0,1.9073136944642823,10.398985862731934,1.0,1,1.0,1.0,1,1.0,1.0,1.2738159588071656,1.0,1.0,1,4.135291714055926,1.0,3.8527536715061035,1.315312993901491,2.401146197891012,2.241400561943492,4.820193971475653,1.0514931564852816,1,4.5979785890639695,1.2728096694208026,6.398816990669958,1.0,56.321432823907415,106.78395197526623,16.091697303259224,1.8968920442454813,10.325449955506711,1.0,1.0,21.644000166529487,1.0,1.0,28.347620115886293,8.833500531356613,1.0672752810409847,44.93116021156311,11.937835223635187,2.465530234426853,7.546881546736417,4.549201966246365,9.045388184914804,1.0,1.0,15.396085863869772,27.64884567381814,12.42993317672517,1.901496225968003,1.0,1.794314499478787,13.895214268937705,40.513019733875986,23.251185022946444,10.546690197661519,6.016855582594871,4.182460503466427,14.036421999335287,107.5,60.0,117.5,38.350773771362384,92.5,80.625,55.0,356.24999999999994,79.82592524886131,62.5,97.35909654200077,21.858588422834874,58.125
TEST_03+2일,9.24771840613543,30.208075589103068,5.9132711490535455,1.7249519653350855,1.0,2.5,1,3.5699862439024908,5.0,1.0,2.4408954270716117,1.0,1.2042319546704567,1.1453218752434402,10.2971435173003,1.0,22.021221104464654,1.8775378296203018,2.0405531164916986,16.349011913661027,7.869961321810972,1.0,2.141710952531154,1,6.3331458861164736,1,1,31.058658592704482,23.58390193577708,12.92019168612496,8.5,3.9075390607045186,1.908355995217792,1.8554536624448745,1.0,6.631089106645128,39.771905128481286,6.1282626539468765,2.366724694185604,24.172702157285407,23.707111232235828,2.0592497340885,2.0039927643609485,1,1.8150426585462462,2.1745270869322466,1,2.5357150404507416,1.0,3.2808876169267798,11.388428982420688,1.4735435454589614,5.0632900998458945,1.3259691596395446,4.0073491388930185,2.5,2.505523684712385,1.0,1.0,1.0,4.200785970882378,13.032844690262714,26.863695660679227,10.316758894821143,10.093202294232528,2.9470634077376405,1.0,1.9201627613562853,1.8956244436128937,1.0,2.5956424702445995,4.983174449055567,1.0,1.0,1.482380666377481,1.0,1.4410337205587678,2.729233327422861,1.7236358931536924,4.713718421874653,1.995311902914343,1.699920960389499,1.0,2.5,1.0467760151786505,1.2854320615277341,3.2663961914597825,1.66930877090647,3.078532722915321,1.9324004127723922,53.59162966012934,2.2343060680287645,3.9727318223727224,6.39763179247911,1.387040840110364,1,1,1.0,22.8864998845544,11.288570139073444,1.891842790837147,1.2180289389467647,6.056878640054368,1,68.35688971042426,49.063819386819695,28.20224554834944,3.6821517684959892,5.703874268280975,2.009987993429942,3.9950834882931403,1.0,3.133266281695206,1.5186924957130195,1.7804397633530378,1.2551618117015773,1.8271358150176011,2.3450173664930216,1.6337346954347798,2.031684165488263,1.7147377536383563,1.0,1.0,1,1.0,1.0,1,1.0,1.0,1.7396668004622233,1.0,1.0,1,1.0,3.164756935912509,1.0,1.0,1.9111300046118003,1.0,3.666342451416904,1.0,1,1.0,1.0,3.936102986780776,1.0,55.041511544681505,146.60015597359663,9.712701708859779,1.0192825872159,9.350846927176754,1.0,1.0,19.7276512869472,1.0,1.0,29.534484058323144,5.824337751468062,1.0,5.948925018310547,8.383805778149577,2.2311862470761517,6.67542192305176,4.256338845588671,8.9396215890686,1.0,1.0,12.4752334119764,20.187321127811444,1.6793425468669738,1.0,1.0,2.3907977908384055,8.303882779087871,17.007054060697556,28.53575822357088,6.429755819030105,4.148742265999317,5.306546495854854,5.362141668796539,107.5,54.09885771275049,117.5,31.523659377021826,92.5,80.625,55.0,356.24999999999994,86.11364480853081,62.5,93.45996522158384,23.148797576129436,58.125
TEST_03+3일,7.029221516262634,43.593909378584364,4.369609050615685,1.1095405009791648,1.0,2.5,1,3.1420834947764513,5.0,1.4502234997439556,1.023797186230431,1.015227800236098,1.6484681031137514,1.0,5.648998939834554,1.4733540526131481,17.359601642103538,1.7581215495256601,1.3796099146120404,18.766324774271904,10.477497313079121,1.0,1.3305433371451862,1,8.106660003201869,1,1,46.255083694014075,17.934416937348168,11.01715193988829,8.5,2.244037246073368,2.5699292499579487,1.6938469492240198,1.0,1.0,27.557279818320893,4.222231358289719,2.2484331103110082,19.056648692686522,21.112491994701877,1.84503558643284,1.6897284021491812,1,2.5,1.9191558294240256,1,2.9066437153478515,1.0,2.618455633814896,9.172697993929162,1.6133709805993337,5.210386229245273,1.047985504815722,3.4195263850504127,2.37767199790001,1.8991186062227543,1.3843876386424085,1.0267290768602073,1.0,4.180383278557566,8.353041073306713,16.79511319269505,13.887996311265221,6.5411919813226636,7.237383901066998,1.0,1.5937061595191142,3.654207417291654,1.7103051951764838,2.3328983357762745,1.0,1.0,1.1765935960064364,1.0,2.4671197169699592,1.0,2.458717488860322,1.2235727724313505,2.4662005164547405,1.9952358290993237,1.726756221044901,1.237646474363487,1.386174943095747,1.5225132314012897,1.7672489479618487,1.8524472132096326,1.7084329270451917,3.6216381620046363,3.226918508420996,95.62499999999999,2.79846287201501,2.785091867393117,4.839069828223105,1.0,1,1,1.8413356006560815,15.727295590488371,9.049033826580091,1.5816326439139272,1.0,5.849047979789447,1,32.1386913913603,88.43270311644406,17.824404108684693,2.826132156815905,5.062993120736031,3.8388225042275863,2.882570529794154,1.0,1.969210645261102,1.589076560808226,1.872242385836899,1.4175008616365796,1.899075859632074,2.530863874234134,1.951883251756872,1.537282527389424,1.289350212952758,1.0,1.0632802120171574,1,1.0,1.0,1,1.0,1.083803278139917,2.4390408115198903,1.0,1.0,1,1.0,2.138208130339011,1.0,1.0,5.0,1.0,1.831055469968066,1.0,1,1.0,1.0,2.4344770238911444,1.0,79.17013210195682,201.2629210349118,7.400534927187153,1.5741429693562417,7.823680836867637,1.0,1.0,17.653927543959213,1.0,1.0,24.164725490241658,1.0,1.0852894782402114,23.32635998725891,7.3467396484369605,1.972420848195698,7.8292517086693145,3.2363985462433886,6.8505228729471375,1.0,1.0,10.33484736361669,11.415024459036067,6.243505553214344,1.0,4.076455055736005,1.2814695242559537,6.873607040382921,14.147012659162282,34.95849396288395,4.324076194316149,2.3230101484805346,2.7574511568993327,10.62523703277111,107.5,57.29408926389922,117.5,30.193461697194113,92.5,79.99992786854561,55.0,356.24999999999994,76.20057241916656,62.5,91.61617607623339,19.659857104718686,58.125
TEST_03+4일,6.874860680393121,55.61382825395433,3.609656422934283,1.0,1.0,2.5,1,5.677799159938687,5.0,1.0,2.0279817937741127,1.0,1.3670414142454124,4.272364486386666,6.415017377980272,1.0,29.747466069198776,2.1345685860426333,1.268656759780319,32.78017272278191,18.21710297834093,3.8320089012541474,1.7001618535063263,1,16.74136065563337,1,1,43.02989692407762,17.30723456366991,9.062976055681014,8.5,3.9031569237956014,2.4161485728670473,1.0727723127403592,1.0,1.037778082196506,23.34264897445708,6.89842589199543,2.1281026316913327,21.08668440891461,20.132359459642416,1.659896211717286,1.983674819044125,1,2.043634915661958,1.0,1,3.1237853383071483,2.5,1.381043859945116,7.100346837424329,1.3778399032099151,5.2879413868299165,1.1112431989348617,2.7146607445823348,2.5,1.829360722291161,1.1289541248052117,1.797103025172599,1.0,1.0,5.60352607091507,15.775034965730292,9.34294503493971,6.819756339921682,3.0541830823159692,1.863913323470568,1.5370159565074033,4.023645183626193,1.0,3.2893684882656897,2.6117478293019567,1.1266786554086718,1.508001719349961,4.110342052895099,1.0,2.2039070609512437,2.968513012366575,2.4340186168505107,3.2064143728867176,2.002886134932636,2.759135591274678,1.0,1.1893986671244148,1.5244186969151368,2.1256522881471214,3.2482079008409306,1.5834048307233273,3.2294142146902254,4.871446755223656,95.62499999999999,2.015957620892688,3.0490243077661012,3.5325397101270974,1.0,1,1,1.236724611596513,18.520944858124388,4.102609218301997,2.0065001238253504,1.4610026051515,6.179190583029655,1,26.436589816606332,84.70561511265741,9.382857434682231,1.8558349283996913,3.129359430743696,1.999907523778626,2.962455081663586,1.0998814656661169,1.9843183513876352,1.5497231434584013,1.4941008276695138,1.8305850032971227,1.5131521075373735,2.5093618854391595,3.00815736025917,1.7864141643846603,1.18356862192868,1.0,1.3590210743555755,1,1.038272668813637,1.3549217262128608,1,1.0,1.1078105114991026,2.7221579480456217,1.2329692536817434,1.3485660449630144,1,1.0,3.56465185048938,1.0,1.0,3.1656637815604514,1.0,1.1840635797523127,1.0,1,2.4057066678565016,1.0,1.0,1.0,77.32527361558421,170.37771538369708,10.340645611429366,1.0,5.991793288075034,1.0,1.0,16.957176153391796,1.0,1.0,20.413359766108062,1.1669682293011205,1.5642860804392325,20.420401096343994,5.6744098740177735,1.8478931021608191,7.472905759002845,2.689052246203089,7.237368983545046,1.0,1.0,7.947939868697116,2.778922669170424,9.144090387085452,1.0,1.0,1.0,7.872311209328472,19.494495923817155,28.606976751983165,4.360668075270951,4.6016858126968145,3.2460089866071935,14.241511546075342,107.5,52.2180123099224,116.17563567391748,27.998699047130145,92.5,80.625,55.0,356.24999999999994,74.77126674056053,62.5,87.26226886361837,23.49136878848076,58.125
TEST_03+5일,7.773313635561653,79.02730496064669,6.397247845632288,1.0,1.0,2.5,1,6.426096381779907,5.0,1.0,2.2986542188600616,1.0,2.3252514255805297,2.9105114404455565,13.110341855675083,1.4152155552979695,43.75869444702276,2.0935867229156875,2.081630074494655,57.001519383412685,22.919213042326163,4.746351729442968,1.2611402405204013,1,19.609926099610984,1,1,88.04448752280966,18.592069753017412,8.682783574245999,8.5,5.375669020160757,5.367845330175996,2.1053656223037156,1.0,1.7976599126266293,27.41131989241159,4.680115357041359,1.3094830307263692,19.784627914068377,19.659126656578234,2.1351315716780097,2.7008933600117384,1,1.697022219941417,2.0166671766380007,1,3.253903516452623,1.0,2.957062208882228,8.4905425444666,1.260279623817091,5.065104048847782,1.06479166844948,3.1242120259471884,2.5,2.1173026365246814,1.102279483952015,1.0882705151915657,1.0,2.7964026754916356,6.6623337144527515,15.881827715720343,13.889896053010867,6.9999151998425315,4.170009088935422,2.458461589889831,1.9844000539772269,2.5960323738155875,1.0,3.593468840118163,3.7104996313640437,1.0,1.5977784971607367,3.5879900119166934,2.303317734007419,1.3638427980324028,2.9754692392476887,1.4616915013983183,3.5899917639067103,2.342572860393583,2.3950196348860917,1.0681344832609727,1.1712982207827618,1.6125507564578876,3.5027322659979214,1.0144864502464759,1.9372904321415403,4.246705191616734,4.284756790101875,95.62499999999999,2.5064454076092573,2.280482151938901,4.425041702537661,1.1915137956587079,1,1,1.1704305701236535,15.553708266403666,7.89190663292889,2.3038284243044047,1.3594757200864878,6.356739339782506,1,12.75998267801695,87.37689638285603,8.95268860300262,2.5289990012618047,4.6191257222228925,3.9844071251119577,2.0617006261757322,1.159454046496644,2.403023202200728,1.5734763486857832,1.9608882245107828,1.4913195741679548,2.147938003479624,2.477634284351792,3.381075120853879,1.330033004738163,1.8123183711334647,3.381859540939331,1.5694370507437412,1,1.051701963904413,1.323040054452608,1,1.0,1.2422067025088142,3.932763312912772,1.0117543175753292,1.3226977483037288,1,3.0455370318279718,3.705775460557244,1.9868600748653324,1.0,2.9536338168085154,1.790848253864607,2.705074770576603,1.1184662274509052,1,4.485403742025555,1.7542453533478422,2.1943760163462516,1.0,142.8297949520023,152.57205874247433,8.024594100698769,1.0,5.354408637719443,1.0,1.0,15.133581428766954,1.0,1.0,20.731853120527518,3.2342341967261197,1.0681444444062922,49.89992380142212,6.469081823591122,2.296273469492866,7.851781522252791,3.375090414636353,6.98323540195479,1.0,1.0,8.234650497101276,9.885197703307494,18.990340612898578,1.0,1.0,1.7721846814965827,19.74701204802841,22.923542452603577,22.788582340907304,4.750463647767901,6.408079018816351,5.938506123796105,8.463788639754057,107.5,55.76288070984509,117.5,31.573792619101795,92.5,80.625,55.0,356.24999999999994,87.58801109790802,62.5,82.78705901652575,20.157144954800607,58.125
TEST_03+6일,10.10057086489902,53.05667277358294,8.12279090135083,1.5406928519677299,1.0,2.5,1,4.876289390875158,5.0,1.0,2.5,1.4093762181432299,1.679753325782765,3.8431213307323824,24.198933623610944,2.1720407337618988,24.990521272174565,1.8818291122947366,2.0935202922180545,40.6090079147268,16.317502516426543,2.5779817674230645,1.067128745739135,1,24.58341913341362,1,1,108.85133854464003,20.396601789875763,10.539550080254578,8.5,5.439816286584451,2.337922021086425,2.631088029250708,1.0,2.889295617565714,40.20466000435798,6.788632199168205,2.1421980519953268,30.134963354483762,21.706274763187228,2.1858353404993656,3.4674946764851056,1,1.672172809191544,2.1221455284055497,1,3.761794358890247,2.5,3.653960531931322,9.818458360837752,1.1482072780729065,6.440610419314428,1.6498887351490068,3.3770133026348645,2.5,2.8626741661584103,2.1984278421339027,3.001288385371979,1.0,7.716243451145857,9.006653885710106,19.322919876364377,11.214421384608666,9.241751187242967,2.241508397305288,2.5,2.1069411586388362,3.8537893879253935,1.0,3.541967995070848,4.291950580274892,1.0,1.96811381308823,6.595719158290406,2.7365045342640317,1.470377758700683,2.8354739651577585,2.1679966435811617,5.8124361106360105,1.5883606252146323,1.9756714412245124,1.9051514070233442,2.5,2.1408353083503497,4.801101131531897,2.8223178867701275,2.079862109590791,4.290567760009758,5.675709781897353,90.63315749582675,2.9045738644767862,4.746075057761058,5.454286681781783,1.8140556706313622,1,1,1.4922591290784346,23.844314998446663,4.880079536242746,2.5661165888165978,1.9751892603507109,6.806096835458132,1,32.728396497791834,69.07615234001692,15.631380301356245,4.020763948730892,6.575656100855349,3.1185256535903214,5.017431219243008,1.3082091632441668,3.189845372374372,2.281158910031643,2.233582815148994,1.0,1.738617086162775,2.372832669326584,2.456534846502272,1.8687230502552348,1.9014575518142032,7.8543195724487305,1.0863761831473224,1,1.0,1.402643487780972,1,1.0,1.029438338607395,2.012726902196671,1.2356227578926335,1.3461195911307704,1,3.7086441474171385,5.356292305923419,7.537500505198264,1.6825726020872969,1.731527341947808,3.396940638081256,8.54231433922091,1.5817969695705203,1,6.372265774557306,2.9233752378974227,4.000472024045533,1.6909421126985604,119.79968961684735,76.04138208198529,11.49409095089846,1.6545349110895982,8.259158884216754,1.0,1.0,17.766042894677653,2.6490023019773914,1.0,25.47760263316287,4.364407747331717,1.6362446067653973,41.52199387550354,8.929671372743828,2.5814674291041575,9.597000694931237,3.420627963095652,7.733787472337192,1.0,1.0,11.671246793248928,26.224147411715236,32.86282612215727,3.3213523551821704,8.408955204766244,2.8379974896088243,22.58952791802585,34.11005987823009,32.408585474826396,8.732202729210258,7.90302888303995,5.832193807139992,6.916247405111789,107.5,56.1883890365143,117.5,36.54624308733273,92.5,80.625,55.0,356.24999999999994,80.02655938267708,62.5,91.68036039173603,22.912897583842277,58.125
TEST_03+7일,13.707590265066928,1.0,11.329929841292866,2.7626817922849383,1.417651775442995,2.5,1,2.894307839633695,5.0,1.0233164178181895,2.152334821606155,1.5492510224804414,1.0,4.109953582874934,26.58487548780696,1.000859746108265,1.0,1.955046519912597,2.303099613534931,1.981056332048487,1.285100421257705,1.0,1.5036011947563448,1,4.918374966729414,1,1,55.757524246982676,25.008150886438912,12.143548429878042,8.5,5.265030481456868,4.144788620196919,2.539862202390351,1.0,2.0614773752095923,50.25436123370192,3.4695590287446976,2.9339324091600223,38.99952607908896,23.993667379576788,2.735206469185403,3.8710552142611667,1,2.269895720648139,2.651877778712174,1,3.597753664378936,1.6819649205045293,2.6504497199258457,12.930708670071315,1.4200196763240065,6.2476203859199835,1.3368161360541007,3.8616364142963318,2.5,2.9588005340605084,1.8071900205326656,2.969665877402546,1.0,8.93481772050308,14.30596555633301,26.839485944364142,9.288197674010911,13.345296139931136,5.590740498748842,2.5,1.891675196655716,3.2723027642560996,1.0972150184079925,3.042627612062075,3.0624916375263127,1.0,1.5521088824099727,5.688308553198026,1.5636661262024953,1.4876736806439457,3.302856935753985,1.7528261940156575,4.87791990189366,2.1677414920265536,1.9979711990784446,1.5146973386681297,2.5,2.6729906568369644,4.655067636732877,3.9755132628718353,2.2585916406458475,5.019393069555537,6.809491693699595,17.363735866105362,2.1622797448397617,5.668683340208998,6.720950046192148,2.471839686381309,1,1,1.0,19.00179995429959,9.905971727447449,2.499248194200189,1.9156840789894676,7.190255448649608,1,140.625,50.909399480391585,29.73984895984278,4.4366142348206425,8.038007678689633,3.5087149639071056,5.120443564708911,1.3271190620230002,3.4843751642291245,2.5,2.5,1.5606906557681322,1.8623169054087405,3.925348077092737,2.285388492565622,1.2642002036213258,1.9511010658401857,1.0,1.0,1,1.0,1.0,1,1.0,1.0,1.0,1.0,1.0,1,5.680916262840638,4.1644191006748486,9.57796956772442,2.249925282458548,2.5684680039972654,5.0,8.59615035260615,2.1851575617823285,1,5.868133231036118,2.8163642334544052,9.25343734628345,1.8037945150517558,87.59926395679321,73.28453358044497,13.731437014256562,1.9842138906870626,8.552936240192736,1.0,1.0,23.06808893143073,2.1248853930061364,1.0,32.42032295629277,9.901876048377025,1.0,11.158055663108826,12.860930084255289,3.0649207090955892,10.15663758761579,4.905960489389989,10.317459911044182,1.0,1.0,14.127563072938264,34.22156389188021,32.17714081835001,6.490122780203818,12.769995095673947,4.108952530659735,15.862818663939832,41.913325883448124,41.370329334959386,12.297573586925862,7.2623104713857165,7.219241908192634,15.013804025948046,107.5,60.0,117.5,42.5,92.5,80.625,55.0,356.24999999999994,84.76494351625443,62.5,104.71515313535929,17.69527345150709,58.125
TEST_04+1일,7.993059265430371,1.0,8.333672973015473,1.8851642573849892,1.1164050666030492,2.5,1,1.1520047144102916,4.706159703620697,1.0,2.5,1.2619060225932406,1.8817796967533693,2.4645675196819763,1.0,1.9352112041066487,1.0,1.7935479167392496,1.441786366232087,1.062169554530556,1.0,1.7533956416406067,1.2850255723713102,1,10.270552900838934,1,1,3.505201664472338,23.82735125529155,6.0191735292700965,6.613625580056854,4.658322797003475,2.618900217435741,2.281180091816636,1.0,5.469711619847628,34.664677385690325,5.427447631955147,2.5890636055151877,26.65139906186847,13.455880642126365,1.6863235857913847,3.217097486908237,1,1.8197915526712047,1.622066224548654,1,2.3080960848849736,2.5,2.7800029987827983,9.7512882522326,1.1404946337842463,4.90865757575049,1.5883933801486445,3.447334381624499,2.5,2.63415670241182,1.7374704610748624,2.453743913930294,1.0143126706404257,11.493682579657479,9.84870987065298,9.377508455398726,9.508232968582595,7.219628799573747,2.0900636449354533,2.5,1.643866889135968,4.733480241559016,1.8086248418903614,2.4420099494559717,1.746327537868509,1.0,2.1541862208972717,6.0598806694614105,1.0,2.2026960910956612,2.4001057313305783,2.373481454992407,6.24224298042504,1.0,1.0,1.8386875837990782,1.8262384684209734,2.1233784709185453,2.763623526877984,1.0,1.622201331232082,1.4803968430195853,4.761765091487508,6.7148210188230735,2.60773610862001,5.151224251546548,5.286430515335945,1.8524863484068546,1,1,1.168073525649699,23.00246391291661,8.525322850795627,1.939254921260358,1.504695674346385,3.6565705211568784,1,140.625,44.42332552935224,33.06634228914977,4.044369696552555,5.838571677069971,1.8142908853674482,3.9301047360430266,1.6126754124132963,3.2878857450132304,2.373758423895712,1.0,1.4124314292296183,1.748785992659718,4.822676934200201,2.606224329435545,1.0,1.8424407629457122,7.163962364196777,1.0,1,1.0,1.0,1,1.0,1.0,1.4396019424063793,1.0,1.0,1,4.03410642220437,1.0,3.8058117400147524,1.3545565808339333,2.1469854943487854,2.093804059495069,4.146179624773487,1.0298884684932306,1,4.0161193950986895,1.5004739370745832,6.217764755279197,1.0,40.83935109590892,112.72637049733618,17.651140667872195,1.6812477534229582,8.18397481380756,1.0,1.0,13.559442652171157,2.3027303449225545,1.0,17.031491726981834,8.63578763676382,1.319079931560815,43.95735740661621,6.481025183969565,2.0413344886507474,6.437431193418485,4.055672250864161,7.0825040273078805,1.0,1.0,5.147950875623709,36.81596680618822,30.89262830452062,4.656290102750063,1.0,3.6159132686443622,13.568700034171341,40.03612751588225,24.936588579043743,7.497557526454329,4.323326094076037,2.001670418679714,15.559892594814299,16.806979068653362,6.544078091727427,16.66610969550107,3.812134863124439,18.683862279864414,8.602113528678462,10.837420252288581,19.542664834243954,9.656532863527536,10.905931405723095,11.910504598170519,7.129572520405055,19.57226099073887
TEST_04+2일,6.694665879944972,17.466576137231836,3.7894041810562578,1.7071406715573636,1.0,2.5,1,1.6880892759102608,3.115379198448282,1.0,2.1183430039762148,1.0,1.0,1.0,1.0,1.0,13.04588729221259,1.6636569162608448,1.4684231733200672,23.42761343350661,6.495826047926189,1.0,1.5821866342437676,1,7.400944209985397,1,1,17.1673249329279,19.44706330144648,7.342772904732104,5.513474256086483,2.821755098212316,1.5242521940239704,1.9928023574496307,1.0,5.198264718730707,26.41190507237768,7.820990607142448,2.4626094009515778,18.183341807653225,10.28324117285339,1.9819682548530482,1.703850972275334,1,1.7664452189702338,2.0572530690410704,1,1.9201441356716662,1.0,2.7906855851748555,7.925303040392216,1.5810486937023809,5.149424507094762,1.4328624598025006,3.1148413266885733,2.3775597992303705,2.4029812889883018,1.0,1.3150794466640567,1.0,4.437739262869198,8.161363325751402,3.912162698237494,7.650108711222514,4.231853042267231,2.2846155237476298,1.2274434170160444,1.8221394725577589,2.0180867488182477,1.0,2.208914182140999,4.445188852632234,1.0,1.1766393887221596,1.0,1.0,1.5182419041253905,2.08457681819287,1.6651389874213818,4.091853239922122,1.0,1.1944726664181204,1.5559155590546487,2.3415180972415572,1.0,1.1440934836544427,2.9238394566296027,1.5992276536368792,2.3081429809162057,1.1113971995216232,34.82238752379622,2.2877310823634325,3.4038536472538294,4.922268756822878,1.3488500796933112,1,1,1.0,21.2490967020656,10.7859887386008,1.7111247376558012,1.0,4.986333714039233,1,27.513867344945176,46.94188869805924,25.955775838803987,3.596687609341406,5.755378121438017,1.7752125019784009,4.142286217554513,1.0,3.040044845888263,1.2873756587443246,1.0,1.080680129194294,1.9234888608905587,2.6009354897197743,1.8720990658635877,1.3564435876300651,1.638521505875963,1.0,1.0,1,1.0,1.0,1,1.0,1.0,1.9816500853193766,1.0,1.0,1,1.0,3.3181797397613786,1.0,1.0,1.0303030717225798,1.0,3.1985686249884107,1.0,1,1.0,1.0,3.6157094234193896,1.0,41.75295486313832,128.18321547123196,11.412928250509209,1.5697329176956814,7.4544411737746055,1.0,1.0,11.317600235024077,1.8710259108426102,1.0,15.952036935520956,5.99177259085744,1.0,9.981070160865784,3.7844141784848198,2.038323511868378,6.030433049133392,3.9895519006491096,6.919997040874494,1.0,1.0,3.178133158837449,32.55161399119533,22.243644199566916,1.0,1.0,5.629328518174589,11.41266544861719,16.379326242208478,29.46209588386118,2.837034556083381,2.6367248687893152,3.653076798468828,4.596657797694206,2.2195518334956903,1.036154824991807,7.975901308457195,3.441426982554147,9.332340370387366,1.3343767649211047,1.0,1.0,10.339457349479199,9.202854707837105,17.02205829322338,6.219792274385691,12.833920029178262
TEST_04+3일,4.383033643527183,24.27011720333241,2.592596368008731,1.0,1.0,2.5,1,1.284143419185822,1.2316538672787747,1.4655799309982958,1.0,1.0,1.4210587751801882,1.0,1.0,1.0,16.088627747109864,1.6103248370091958,1.0,20.192241376004965,8.210167742000344,1.0,1.0,1,11.841368093182753,1,1,42.13028873029524,15.392861446307133,5.316943807502092,4.436442432825463,1.007006342709711,2.4969500382397207,1.827857619817553,1.0,1.0,13.990916291789981,7.2621191293001175,2.2684283622301793,13.150728330348464,4.892731039467816,1.8163722603179884,1.327184831502465,1,2.4127522860511443,1.7554251609990787,1,2.2622451818091194,1.3192994018405297,2.1691228423267206,5.931896255476624,1.555946691711824,5.135300671535001,1.170476660410934,2.3244271932699263,1.8049008043267447,1.941138345173144,1.731487866664761,1.0,1.0,4.470558870904322,4.8566247685324,1.0,9.82050739149542,2.041282546336893,6.578169866880447,1.747942982537759,1.3653557257702167,3.4051503917893498,1.7894438926057425,1.978830526659617,1.0,1.0,1.7276747702738744,1.0,1.489078388405768,1.0,1.8499979638771267,1.2798265841452683,2.695101104854045,1.0,2.0925475265019324,1.5088423780528002,1.0,1.385606992617767,1.713251719397164,1.4620184937892042,1.5633425086819874,2.5905801876527876,2.3990037614164113,62.847654910244785,2.453522477612614,2.39407044768849,3.88132755484352,1.0,1,1,1.7339655010619075,13.844477421137368,8.492015411059326,1.3392843671867514,1.0,4.1476171687731,1,1.0,85.66429565494705,15.091352252755064,2.7345966667533275,4.9696637326920134,3.7721583327438237,2.8753556718497832,1.0,1.8883858126041262,1.2742606954899607,1.0,1.3948526180716412,1.977582900504445,2.4729148751757237,1.8568364660326762,1.0047701320259776,1.1648769668047818,1.0,1.0560264478561243,1,1.0,1.0,1,1.0,1.0814517075695325,3.2414067099251875,1.0,1.0,1,1.0,2.5715758366886368,1.0,1.0,4.836082263490362,1.0,1.099261914359615,1.0,1,1.0,1.0,1.5304456187713533,1.0623305772035874,70.86908844635758,205.20421058493267,9.55982137436443,2.4189966309107036,6.197434278895591,1.0,1.0,8.60258043844262,1.0,1.0,12.953771108650809,1.0,1.1759209844741267,34.04165267944336,2.8209604089553375,1.8461910477336825,7.025160265435581,2.9358494645499658,4.8949424181399985,1.0,1.0,2.097001278140986,20.76925054132007,30.991793735790996,2.307386351749301,15.252772064879535,4.828234571032226,8.930234686937183,11.90912800207734,38.62098509557545,1.0,1.0,1.0,11.273844584822655,6.1146213966780465,1.7690785214042235,2.603755394769563,1.0,1.0,1.0,1.0,1.0,4.56378629654646,11.752971895039082,12.904690536670387,7.185197681933642,8.357119801640511
TEST_04+4일,4.408573626945553,37.47215515110076,2.7289139145041443,1.0,1.0,2.5,1,3.8847324849712956,1.320126291236812,1.1122365115092536,1.882122643202982,1.0,1.0846927446659527,1.6102954057715866,1.0,1.0,38.295858579609195,2.0183018590560984,1.0,46.98887894636583,16.49559235788474,3.8805664172745247,1.1965860418258192,1,17.962465265177457,1,1,38.790039729016605,14.157764363917758,4.675056684424319,5.105679430681043,2.774431984598474,2.504609674829487,1.141513112362544,1.0,1.0,10.181768362690654,6.483902260661125,2.256322224632727,15.695679175034813,1.0956143783984442,1.7024541246425018,1.6375269509258747,1,1.856005977131401,1.0,1,2.49725840425104,2.5,1.0792216920597233,3.9781930381454065,1.419519538233211,5.477163775235972,1.1833001277449036,1.908725940949236,2.5,1.8432301151453236,1.405664755966098,1.9548503396811048,1.0,1.0,2.4420868684175114,1.0,7.148631736076758,2.140764284011248,2.1914593139238674,2.5,1.5340287654834328,3.5207226599923156,1.0564574180052833,2.8245537588586234,2.5499054008296382,1.0,1.9758869415077716,3.845999035360636,1.0,2.1928885837842156,2.1961427938544933,2.296113529778305,3.323103670438616,1.0,2.402816175501765,1.0475713800681365,1.0070272305188137,1.390041539234711,2.03748927973036,2.697510470797484,1.512076142890309,2.261660900206017,3.933685023646418,68.48240513737483,2.35231467453045,2.416719824299217,2.4902238673027446,1.123970305346392,1,1,1.3826333577228498,17.08719653048077,3.427704499320643,1.6711404489353094,1.1360242513373726,4.55387266281056,1,3.489646110817195,76.52341149646365,7.71957743791842,1.8532929374988405,3.40710344429771,2.0125747172182464,2.432606187451271,1.0,1.843638542022051,1.2955654755192472,1.0,1.8606613156310086,1.328814372789401,2.368297617950212,2.2136172163384233,1.5839605021198206,1.0578477513687483,1.0,1.4171237067467326,1,1.0,1.312530192710461,1,1.0,1.1256101928080264,3.6090160238391773,1.325425306436371,1.1463045390813054,1,1.140619661745047,3.242385871578797,1.0,1.0,3.0978011441547895,1.0,1.0,1.0,1,2.2481783084536477,1.0,1.0,1.0,64.05086248816937,147.1053308302386,12.79969801588832,1.0,4.6198208654878465,1.0,1.0,9.321565486440235,4.369022003102904,1.0,9.72419648323055,1.0,1.3942244240966324,22.14838743209839,1.0,1.8067810332462904,6.667282564200111,2.5024885880861616,5.588840684093548,1.0,1.0,1.102106110547909,17.88127478286624,33.61552729704417,1.245507433079183,8.27960017148871,4.86799037642777,10.029117476195097,16.218215335160494,32.91208308301866,1.0,3.3889848869293924,1.2548780996352433,16.37490801513195,8.937723459013961,1.0,1.0,1.0,1.0,1.0,1.0,1.0,1.0,1.0,12.813022173941135,11.30420338511467,1.0
TEST_04+5일,5.205171204462751,56.5436579146227,5.052103196134864,1.0,1.0,2.5,1,4.3039909882146405,1.0,1.0,2.0478675224824854,1.0,2.0109747382402468,1.0,1.0,1.0,56.8882725724277,2.047348095305607,1.5343261555047865,80.9191568667768,21.880988611016605,3.772143900141723,1.0,1,23.401066387692858,1,1,71.35765804707694,16.235835682542916,4.592636640395941,4.9447549782314555,3.892693363206697,5.25965593892235,2.252484244307147,1.0,1.4048151464262442,16.461141660630346,3.3783916383981705,1.400831276703958,14.525368494333618,3.223741588633682,2.0765977564802314,2.2213224984635187,1,1.8494907918575907,1.5044657857081452,1,2.6624183202721565,1.0,2.6044089316508634,4.878714739684312,1.1189685369734212,5.153711370128759,1.024267054639676,2.243494221761507,2.1143796223023172,2.1378407172625256,1.3257103431562738,1.0,1.0,3.206849139535306,3.5109358666112924,1.0,10.481277097363503,1.9939422226673067,3.703076228468138,2.5,1.8988406417433275,2.5825569364086105,1.0,2.886079091497301,3.286643392790395,1.0,1.808427527652233,3.8203956251581,1.3607738504185936,1.443907773662933,2.0498709797905703,1.4402866278771829,3.7476371150149723,1.0,1.9603994052004319,1.165709337586118,1.1809581397596816,1.5771250684268434,3.140716411369044,1.0,1.8165122045508861,3.837051145855152,3.483330932257013,66.32648511591219,2.4036576122790914,1.5285414073067527,3.6068874515186637,1.3590593845091639,1,1,1.1691945036612446,13.406055698603755,7.898336509456142,2.0577832451507523,1.2279812752871866,4.7653997225287155,1,1.0,74.57076120140069,7.3051439263161635,2.3314138036822056,4.640944192821365,3.5861129818682764,3.148887979883674,1.0,2.444588396544937,1.2867801230962934,1.0,1.3702679130072828,1.787817882042456,2.4162523173187878,3.0314481858629168,1.7623193942395436,1.6835851472664014,1.0017457008361816,1.7187498487015291,1,1.0,1.26776023858789,1,1.0,1.280422401882526,4.490655020011062,1.0,1.0178971096573197,1,3.2946544605712456,3.3801288944318473,1.6595060040468628,1.0,3.50719551576554,1.116123387803598,1.4526140129628662,1.0397757195952804,1,4.586250124529651,1.797035278493618,2.8384492902888114,1.0564288998892422,113.79630680321205,128.29332427665545,10.929624174417025,1.0,4.329518460395651,1.0,1.0,8.020270362889807,1.8929418860452658,3.214325710247841,10.100780982239934,3.499455739570198,1.3020027624548904,52.54128456115723,1.2079172442767143,2.4290564830762476,7.407421902170882,3.338001032595655,5.355960797478299,1.0,1.0,2.021152711030791,34.12873411509208,43.40559237748384,1.4036233071237803,13.094619235489516,5.8115726415999225,21.446743733249605,15.753301055729388,29.258495476096865,1.4352729725651443,5.12352179735899,4.705099830962717,9.201660819351673,1.9191464446516548,1.0,1.5301135145925615,1.0,1.0,1.0,1.0,1.0,6.023942828178406,1.4028283953666687,9.341404078528285,9.713453480601311,1.0
TEST_04+6일,7.335717391073134,42.93063667965786,7.103995634735836,1.6718556751302838,1.225492017623183,2.5,1,3.0944959963442282,3.3320694453483504,1.0,2.5,1.1695554855881278,1.6309081222365314,1.0,1.0,1.0,35.89601866761503,1.8252602079518805,1.585012179961514,53.242396464376895,15.263587604733669,2.53473531059282,1.0,1,26.25,1,1,100.13923208026908,17.159561399489696,6.370305346414472,6.800546105628116,4.080386869728906,1.8750269538256426,2.2076571606427344,1.0,2.2926564492752,31.967704589457814,6.583438292145729,1.939830866876317,24.90084586833628,1.3591055335198183,2.1495752129474925,2.897037440895541,1,1.6232996090111076,1.8346234559786758,1,3.300852814724868,2.5,3.1451043111128665,6.0655435753316365,1.1043009603426384,6.402466673189483,1.6652442419937465,2.962370650058003,2.5,2.9669179059665765,2.5808355475497664,2.8343145294168437,1.0168376393771281,8.227015531882335,5.181570639086646,1.5053278085073247,8.289665422277212,3.6419158888785987,1.7211699246195793,2.5,1.9279792470984236,3.5928583206837916,1.0,2.8080200821768964,4.025641702218759,1.0,2.3676096765718735,5.85914766473762,1.7488709301260692,1.5556458591539064,2.0629895664377345,1.9612701249186404,5.005764415653174,1.0,1.881139679944928,1.8721462381692604,2.5,2.0169034488021427,4.475003547177474,2.7611630233142326,1.9010316238909242,3.7015441230744077,4.80399701543409,54.279779818615154,2.9360384425618427,4.146928458602929,4.172133197461862,1.9510731954767842,1,1,1.4123296843245672,20.702076833276706,5.19407579203896,2.3727170060627967,1.7607314617284764,4.995207062266956,1,15.069065554381563,63.290745455791786,15.14067351998791,3.7056545127924654,6.662650812199537,3.1250809191470315,5.019260088838153,1.183084102410995,3.108620525144596,1.9294567357289452,1.0,1.0,1.453334762352212,2.174175476700926,2.2540519370670404,1.3132137395886914,1.819161018120988,9.6085786819458,1.3649766920491953,1,1.0,1.3254608461422357,1,1.0,1.0452436936727543,2.6405117889286274,1.2169484183099797,1.2111526578019745,1,3.77199826150104,5.202296657407494,7.4129327165634455,1.7936261137967946,2.0062711955857733,2.960461073776755,7.092676886414715,1.6686905517361064,1,6.300698906087832,3.0027798801649115,5.536014066291449,2.057891415302435,101.04110087116725,79.61817548784613,14.531831025230591,2.069670950578138,7.328408969009249,3.255781140393718,1.0,11.50252184203712,8.540251083081328,1.0,16.40937496914284,5.208261409339133,1.5805574972850696,39.967660903930664,4.19504716150095,2.7441514170727883,9.097870287177837,3.382729971712857,6.1483359866428104,1.0,1.0,4.856298067351622,65.74100062800571,63.74077500589191,8.518894467502832,25.44616989046335,7.737828162498771,24.240364561788734,32.615832096338266,36.988181698694824,4.823991721495986,6.762392073869704,5.019492336176335,9.575860805809498,1.0,1.0,1.5920541953591565,2.35543883583111,1.0,1.0,1.0,1.0,10.897765427827835,1.0,11.921330649405718,10.914324217289687,4.740211492404342
TEST_04+7일,10.86374341898556,10.251388482079715,10.17417628203349,2.8192951875471928,1.636252947865507,2.5,1,1.1255515956263316,4.760246892822386,1.1614364899228407,2.0664322858423834,1.2782535903130727,1.0,2.4538632841713808,1.0,1.0,3.5575529154280034,1.9407890039403148,1.7769833540442679,5.237629354176329,1.444401871115287,1.0,1.109289464518025,1,9.883775765109936,1,1,50.78767715594652,21.20521956072249,8.110503477328662,7.531900578504861,4.326535436583815,4.279619677010028,2.2641464320519913,1.0,1.4235808627679993,42.78434511317973,2.925562933087349,2.294449556365715,34.027838325899914,6.412489354855315,2.585939340503767,3.2813319864011867,1,2.458892668990062,2.324516118189466,1,3.03282710867884,2.3602512959671174,2.4029744117997165,9.31232379989871,1.4947255165867221,6.322223733679388,1.4884654052432404,3.651972136536404,2.5,2.996055398981788,2.119312393711712,3.4147721492985905,1.0,9.432272448278361,8.741263913074803,5.622563614448441,7.309859196322028,6.314601687477907,5.371174593591687,2.5,1.6922479436145381,2.684888405240654,1.0,2.6254157830726284,3.053726320368453,1.0,2.071547607383168,4.873995262330753,1.0,1.625440695633583,2.6827855830301814,1.6861665670373467,3.9512132925991574,1.1499794579229106,2.189903640749652,1.9080458804738245,2.5,2.414216103542012,4.228766762930994,3.8362726196171364,2.1000532769344202,4.714053373312888,5.7627676569675375,17.48905970692857,2.366129743490831,5.378725914621189,5.94507994589031,2.5,1,1,1.0,16.556443475736817,10.438426771340936,2.3680795853905847,1.9294804047502754,5.906106327931646,1,140.625,35.74893072975878,28.553242926004522,4.215762613344695,7.9286285779802474,3.214056816756317,5.8130929085792955,1.1435359330678476,3.3460047595018163,2.4952165316407346,1.5314867850130192,1.272153099648792,1.6306587503988983,3.6336383543924904,2.422641296818467,1.0,1.881353246217273,1.0,1.0,1,1.0,1.0,1,1.0,1.0,1.0,1.0,1.0,1,5.6453066027221634,3.28515410616014,9.935920302309778,2.3529135125382874,2.534139065872117,4.816068445300449,7.517495778306895,2.5,1,6.010127877755218,3.0615271559227675,11.460638203593794,2.1498600013651163,79.78108368101617,43.61159616413596,18.42051529783014,2.7221286524709636,7.501398506167401,3.8401430969315387,1.0,17.53828304126772,8.8154017016856,2.466228366788475,23.84301629297861,10.477361339637293,1.1483752569204648,1.0,7.45731511336044,3.0606682714889875,9.468781992762985,4.942875246005185,9.164832186882231,1.0,1.0,6.090111880465081,82.23498354759067,63.12057118676602,13.705172866582869,24.523749060928818,10.591073049232364,18.45188999734819,41.910934953391546,48.40812773145735,8.821365652605891,6.105333309620618,6.792436576634645,17.003673918545246,2.291360838697011,4.640706660881396,3.1544657529491165,3.988174330435419,3.2903379854402455,1.0,6.9647808057714204,1.0,8.576569888740778,5.538712926208973,20.71153023466468,7.2205372609198095,5.428719150647521
TEST_05+1일,4.681812830126527,1.0,7.368670978341393,2.076323818344691,1.0199609041918611,2.5,1,1.0,4.697375014828565,1.0,1.3141134653104831,1.0,1.9794271244296686,1.32101286923558,1.0,1.5259748898067491,6.9848153303985425,1.440959923471924,1.0,1.0,2.7933999395885127,2.5040964347494743,1.2194895329544297,1,4.291721342261012,1,1,3.051949702308348,23.188698913761755,9.221047835527221,5.547643590783942,4.09553358374046,1.904581960025343,2.0199177531049286,1.0,2.4286594727455872,36.72077440246189,6.0983434319496155,2.4891660850256563,21.885327559247607,29.087975584884337,1.1285420505331032,2.0902093383917344,1,1.9463603327997514,1.8620159310135393,1,2.577962065691921,2.5,3.0804628421952693,21.190392592240027,1.512458999971683,6.148651902831028,2.5,2.168554965424031,2.5,2.1647715460702623,2.334761155677739,3.4964469977112778,1.0,17.175522178186853,9.157744624230265,9.030648126847495,13.00385801582625,3.5066054454130904,2.5685048655232903,2.5,1.533577004160098,2.4840950309261007,2.5,1.5171302283806274,3.196895373544162,1.0,1.4320323442629745,2.910240772938413,1.0,2.5,1.7559329146350198,2.1980963985988446,7.85204757774294,1.3230389580565056,1.3183271550675648,2.2721586196325885,1.9224407468271585,4.227998171782676,2.8561011929323556,1.9248776819441282,1.1877702524013405,2.8485389812708037,4.30394329917417,2.589078237232577,2.399617923419085,5.0070401257364745,7.774850863766311,1.566405083453295,1,1,1.0,13.19723294087235,6.608260900006893,1.7447223118428816,1.9095975733957127,2.1685474377721743,1,140.625,49.14576002126834,53.0,4.367660334405876,7.447454252405489,3.0147631406254938,5.632746304522162,2.8883188365923083,3.0145343554896575,1.5318401738910319,1.4906989118495027,1.1131642552186778,2.6449827956755754,5.0,2.337330781135369,1.2003021499968216,2.4449838943227533,8.993252754211426,1.0,1,1.0,1.0,1,1.0,1.0,1.0,1.0,1.0,1,7.366254790961813,1.4681029890716977,4.750539926749494,3.3451762356082697,2.55111030881542,5.0,8.968835503785487,2.5,1,5.525548376808345,2.8016660946819942,45.962015123129014,35.625,1.2593072675926698,57.340869979145594,64.11797400738133,25.0,44.97320386934501,4.012428493589622,2.5,94.16218235813561,35.0,47.5,70.75590444718777,27.399965537813376,2.5,18.39993953704834,54.01611662536316,8.764240513748767,44.81211502229528,22.6513095267619,60.516919641278825,20.625,10.0,1.0,478.2851560845971,350.132131332159,83.72810584306717,172.57029384747148,40.95307770743966,101.05374288558959,112.45108780562877,224.88773146271703,63.49824278056621,14.363839276134966,81.78946104943752,88.02383416891098,1.0,1.0,1.0,1.0,1.0,1.0,1.4868317426423243,4.233109578206992,3.594004748761654,3.5191613156348467,1.0,1.0,5.839028591662646
TEST_05+2일,4.651411794199108,5.530424997123567,4.223224541012432,1.291516450866222,1.0,2.5,1,1.0,4.12329623722393,1.0,1.3474331414237994,1.0,1.0,1.0,1.0,1.0,12.504249495350058,1.2831336534095708,1.0,13.923439741943488,5.695112958455183,1.2309916876678804,1.3589933451798653,1,2.687969294461022,1,1,17.250950255205904,18.647675370551845,9.87913213057821,4.768586710191855,2.2094931735700563,1.4579947744484147,2.7926669638289594,1.0,1.1977548715201924,29.822608889963035,8.16423162817955,2.4593311654760512,11.436691843338314,24.858851470916868,1.4494311840462593,1.0,1,1.4771056879576596,2.4944804883181484,1,2.2869507432025458,1.3754071734053892,2.671716107927344,16.617435783568254,1.7117972803936943,5.475197374978141,2.320668408560912,1.6952497745445334,2.227297138696447,2.2248078909585107,1.3678905970578732,1.8873169534113714,1.414789130001156,8.125726599303611,7.861609566373002,6.529864253856541,10.905663706121954,1.5252558103412648,1.8523406332286507,1.2799889301583063,1.4524881530952376,2.4692644427918693,1.9571431416937655,1.4173756240766922,1.6439279522853998,1.0,1.1191356882976775,2.8802532284463376,1.0,1.6002780545928543,1.4984398007930948,1.8415366907844635,5.191401703514721,1.3809814221695116,1.6589760796956676,1.9932624947366586,2.402322827082516,2.660393832324292,2.4592415847138986,1.3826796494806128,1.109394286730047,2.1000149214094943,1.4864657499977458,8.05000734150226,1.669025562659242,3.7946281993167665,7.283113696137978,1.0134167549725897,1,1,1.0,10.18261015638134,8.348352243376587,1.6888111800331447,1.35331520599868,2.724018152587588,1,49.74049926266298,39.867011574683744,51.47842568947474,3.8851466617272044,6.6193245143627,3.0493089425427047,5.540907175271936,1.2554330905953952,2.610108317106244,1.0,1.0,1.0,2.6967174218346783,1.7884349988664765,1.249484010397978,1.2812588688354667,2.106368220635385,1.0,1.0,1,1.0,1.0,1,1.0,1.0,1.0,1.0,1.0,1,3.193486617506156,4.271672767503593,1.6007140326105977,2.6223173830668354,1.0,3.4747678988016815,8.173280960005723,2.5,1,2.807767521433769,1.9149509490528653,42.29825050145658,35.625,7.1151620753132345,66.65642061505217,57.416815809325705,25.0,43.555598370696195,3.478772280008029,2.5,87.37439907897743,35.0,47.5,72.18355794469028,24.96115728715279,2.5,23.406463265419006,48.67347586379444,8.560099897096023,43.08729578660801,21.90100146775072,60.18033038180137,20.00760878510739,10.0,1.0,417.6241458833217,348.85027645081277,73.27641636133194,170.5755756571889,40.41699153184891,88.4536428488791,69.1382305920124,216.46721551418304,59.258124947547905,10.957754082977772,77.11959991157055,78.76031169295311,1.0,1.0,1.0,1.0,1.0,1.0,1.0,1.0,4.658526925742627,2.7871786803007126,3.8036787782330066,1.0,1.5472992406692356
TEST_05+3일,1.5997495601763079,6.688903554066015,4.06409861986098,1.0,1.0,2.5,1,1.0,4.6626021560761135,1.23243883230848,1.0,1.0,1.2948854755871857,1.0,1.0,1.0,6.741077373173755,1.3330941187371117,1.0,11.336984041120804,5.2778474741201205,1.8742693933336083,1.0,1,10.093990439222635,1,1,26.987726549478765,16.41199780153588,7.126881065674978,4.452204538145538,1.0,2.037355495106509,1.4824693185050897,1.0,1.0,17.532850477773774,5.7194983959198,2.0404575242935237,4.904645199640942,21.647599153639433,1.4695587086325075,1.0,1,2.405986484795765,1.4928101229753747,1,2.4610733789034245,2.0390545022441033,2.7492219898023693,14.16514923861559,1.716645826112896,6.346229835253998,2.234363555475181,1.0,1.832958224427759,1.6446544705275101,2.159132151387385,1.0,1.0,8.713334472390335,5.412115687899912,3.1529316118583623,11.32171376772778,1.0,1.8687303997137021,1.306081630145337,1.4318876522332704,3.70633206057648,2.5,1.1418088396279527,1.6419667533023563,1.0,1.1886255527450929,2.8443593861535894,1.0,1.1540695555825684,1.1019056492250565,1.804819021740847,2.9949478096193105,1.4079649601877724,1.9327219289108357,1.9442972019779543,1.6517554117877697,3.3191933521736052,2.695309787027354,1.6009209999742653,1.0649440877302607,2.1361749235883467,2.4523938739065314,17.091621168646224,1.4280222623476713,2.078292592697705,7.281921886243962,1.0,1,1,1.4398640805643672,3.3442298038353977,7.021442471323551,1.2190092521446987,1.0,1.7121196144588209,1,27.778277071305542,89.5651923506507,42.59964719508378,3.0231160365187395,6.119942291577585,3.6691972107728112,5.080877373182367,2.095174766097024,1.5064207247792947,1.0,1.0,1.0332180683925434,2.233142325921693,2.5617336471923013,1.949571713100592,1.644675421551127,1.5025513300137558,3.7832589149475098,1.0,1,1.0,1.0,1,1.0,1.0,2.2626306389551307,1.0,1.0,1,2.736564743734937,4.163402000011129,1.9895850443523775,1.7405246860139054,4.159097803848287,2.4509176420774885,6.17087931517236,2.0302899989268304,1,3.522581340472818,1.721444303889446,38.40667915242975,35.625,40.12686005722527,152.52291833112807,55.06832832955257,25.0,42.688492470441794,2.9124909850348746,2.5,87.41133455810801,35.0,47.5,57.80326021239291,19.658917389555253,2.5,21.877652406692505,40.45609414102218,8.983438544120771,39.210799581810306,20.785564262635493,56.2409936948879,20.625,10.0,1.0,382.5343938976526,347.7397999003529,67.74775886535645,196.68763072416183,38.60677336715162,81.11875802651048,57.00358260720968,230.9470581844449,50.24969378858804,7.5891067273914805,78.99406268596648,76.25697961449623,1.0,1.0,1.0,1.0,1.0,1.0,1.0,1.0,7.403430815041066,2.2035084571689367,1.2641597397159785,1.0,1.0
TEST_05+4일,2.2678508277534637,6.763154001062419,3.042208009122924,1.0,1.0,2.5,1,2.456332139449542,4.938052311647646,1.0,1.0,1.0,1.0,1.0,1.0,1.0,18.66217251576984,1.8423626769871329,1.0,14.296480128296533,9.707385563083525,4.735834653939454,1.0,1,17.73416478778766,1,1,34.572668094007554,14.50989622450774,6.449646054692664,4.89831286907264,1.6085293818469444,3.297538512679424,1.7212188513360207,1.0,1.0,12.018505974296291,6.657985225319862,1.491512480821461,8.564112974478752,19.394974944652404,1.2356283112063111,1.0,1,1.8541723173703717,2.2255522357953583,1,2.7831899574950847,2.5,1.690320245206034,11.912801520289294,1.622287462202706,6.107836945569321,2.0787955719304194,1.0,2.436327351932624,1.402558290464347,1.5865461364532252,1.4646084644771489,1.1369279426563879,3.8468506827523505,3.493537223367549,4.580500673395458,10.731746084489636,1.2202511571724899,1.8121967007343995,2.1285176122451888,1.1780555272450732,3.5473413987734985,2.5,1.4671281307290729,1.0,1.0,1.7046193541109664,3.6594664048309355,1.0,1.8562324910422665,1.6039606312131591,2.5,4.5024618238106715,1.4400859598478875,2.9342302678945247,1.4728390722683833,1.5326157265279008,3.0805183281051707,2.933864985449799,2.0210061181804373,1.0,2.1963813972408053,3.1698872722612816,23.271344098564803,2.6138989707728504,2.7453631018130036,5.458230252429531,1.011422355587941,1,1,1.4131878976651449,6.647567176565975,1.4186145001355892,1.5102090176066532,1.3712492030132544,2.046783170936254,1,45.29864741940555,85.49969284402579,31.36746445323861,2.174855714416149,4.431392807837151,2.939702513062951,4.302261841633124,1.0,1.635185006849151,1.0,1.0,2.00303926708509,2.1951501230620094,2.6355974649936584,1.76282043440166,1.622991780845211,1.147584267045112,1.2819228172302246,1.1545194942762278,1,1.0,1.3359044620946752,1,1.0121715021687183,1.0,2.630322523264887,1.1405587908817414,1.0,1,3.6735352012090536,5.406184263546742,1.8732918329670334,1.4098834243835254,2.5715696046911,2.3620251262432297,5.93630614091625,2.0464068811968805,1,4.73847502892239,1.1359738281236405,34.09062733640723,35.625,29.421898619717478,126.70457477982242,54.91390648138766,25.0,36.7745817728466,3.1872154745051926,2.5,91.27884434884469,35.0,47.5,63.02801616088469,19.92948491860247,2.5,34.61057424545288,45.31786048679489,8.358088366361649,39.075889889397864,19.366275560728717,56.730134937761974,20.625,10.0,1.0,392.43506330735977,342.43470326699315,63.246025741100304,194.18441577255723,38.529181111603975,87.63960428535938,57.63184864372015,234.4329820781946,52.06992304325103,10.67856153845787,78.6807324707508,82.8121440410614,1.0,1.0,1.0,1.0,1.0,1.0,1.0,1.0,2.679241067916155,1.0,1.0,1.2430941101163626,1.0
TEST_05+5일,3.784410593234404,10.384140694885431,6.167804650465552,1.0,1.1533651497308015,2.5,1,3.0425989529033264,4.552448682849537,1.261562430643975,1.0,1.0,1.6050135657525453,1.0,1.0,1.0,31.065111833246906,1.5362308287020832,1.0,27.7478400647756,12.605857309715002,1.8154880084482992,1.0,1,21.62643058733947,1,1,78.2038917772206,14.400318059777776,7.046752088455229,4.711174636050558,2.7841547370736097,3.925936739014615,2.596100191766514,1.0,1.0,15.802791326450187,1.1193633824586868,1.0,6.744421545729257,19.690549343766193,1.6621337118439197,1.2671241931668058,1,2.5,1.7481160709307957,1,2.9371420772503325,1.5924801166380576,2.8177601891115454,12.215675540623502,1.709483826740849,6.339441887847118,2.16901810096319,1.0,1.6914046356767212,1.7262391092489715,1.567394919950003,1.2800646782795617,1.005185205324592,8.793096495840292,4.275406711175397,5.176516190347026,12.921960139715267,1.0450904516777453,2.101026273852133,2.5,1.1777566851307433,2.94948439717934,1.8066883333471822,1.2695853147464615,2.04342067208021,1.0,1.908667465099958,2.6730749362643893,1.0,1.4014012034107248,1.5951179584949202,1.0,4.619998487987874,1.2327822639599462,3.015453438049205,1.6838074227449282,1.4140554459788057,3.900735497822282,4.128091964255821,1.764748500000403,1.1455312819381653,2.576132108179764,2.472301483817214,26.67806988432048,1.5924416146852967,2.398573301800682,5.405562543228579,1.2650633553254866,1,1,1.109474322751769,4.125052346344922,5.6754936509428395,1.7876235585883045,1.4841186248364853,2.645666476683803,1,13.27496969277904,79.20169255365363,30.424729813179727,2.236026043641629,5.25546669758165,2.6123489172988332,4.485210601971071,1.6709327703403267,2.3271411834081346,1.0,1.0923311261311661,1.1693249727580313,2.2638267072013405,2.4779876493425577,2.4157574030213294,1.0536909709986058,1.7785503413578525,1.0,1.1999187427637399,1,1.0,1.4659337970090314,1,1.037829503854393,1.0,3.722991941542973,1.0,1.0,1,5.65844310935397,4.807580785477158,2.3759345598181647,2.5540604654059287,4.465545292225577,3.1309719679544274,6.555601226059548,2.5,1,5.7243342332599845,2.725376160251903,37.27778479985488,35.625,61.823509320059514,63.567502926839,54.317114908224994,25.0,41.44967135238556,6.195087666822386,2.5,95.2328347429513,35.0,47.5,61.626472118006525,21.051400010310104,2.5,31.176159381866455,51.04145449084242,8.05710132503554,45.04790890634353,22.054507393073763,59.431379353624365,20.625,10.0,1.0,408.29014892578124,363.6981063634157,59.611269861459725,200.48000053316352,40.78603519499302,98.41500248387455,50.76154217720031,230.7258378282189,51.63055837154388,12.39724815264344,80.54674593508243,81.59206438064575,1.0,1.0,1.0,1.0,1.0,1.0,1.0,1.0731553682328905,1.968486187979579,1.968576367944479,1.0,1.6862041292712093,1.0
TEST_05+6일,5.957494796249248,6.333223605711832,8.916303377890154,1.3321183306304816,1.1878733841596512,2.5,1,1.6786517570780177,5.0,1.3126430848324713,1.4629287801400244,1.0,1.5617239032105052,1.0,1.0,1.0,17.67261379056868,1.5646395629926115,1.0,18.738416670513754,9.486944031605075,1.8492446786624388,1.0,1,20.694403943683916,1,1,94.24201284545417,16.431994363080996,7.645368806717595,5.8402471281228605,3.4594832626715815,1.0446275735813706,3.2252948567881488,1.0,1.7961937742372525,28.48821370428192,7.540769949555397,1.4178344425827833,16.327468377625927,21.607107021526293,1.75278084854707,1.8799365529280598,1,1.5301630957092214,2.7082999061151916,1,3.2464473877121796,2.5,3.5709167751428637,15.5571480762395,1.783651292725762,7.508624815980053,2.5,1.6864837364818492,2.5,2.6171379221783093,2.594637257126938,2.4178813529078864,1.78231935154005,12.869643402254923,5.712935928105512,5.008047794831497,11.090323520999938,1.9330856381538644,2.380640137011578,2.5,1.4319139460339136,3.4770671284076125,2.5,1.7139691236591914,4.032611544762469,1.0,2.123275820513506,4.22322980107182,1.0,1.8963838283118062,1.4448574791354387,2.2458885538303677,6.707496638056452,1.4154734598966257,2.3995157462854864,2.3938212198820765,2.0170230817258883,4.271846543360348,5.484118502059288,2.2299340640114895,1.3219673427742984,2.4862817595323716,3.381821615633182,25.876154500218785,3.0248991510507865,4.939351702997797,6.5483086669581185,1.896689011101992,1,1,1.3378447689285236,11.85445031089645,4.316446672836226,2.06930031402769,2.034596155743689,3.1594778826580416,1,47.51615153214146,48.120386603278426,33.10205379933999,3.625369296647489,7.5793593678768945,4.4696204738629435,6.132749127679734,2.3506937343545933,2.7238360922759943,1.0,1.3083129687593016,1.2529048640527858,1.9010911446356404,2.916165053768735,2.258900976681772,1.4546641141625092,2.0931490168632676,1.098559856414795,1.1605350901752471,1,1.0,1.5018663004250608,1,1.0,1.0,2.3000342399758225,1.0,1.020514705222416,1,6.956316093895562,8.314413945843945,7.108562433761748,2.944914400609592,1.4610100981692065,4.108450229522342,10.498520516246067,2.5,1,7.292387636608273,3.796334820139823,39.14733330651119,35.625,49.692364052898455,18.207117728389346,56.008750233170325,25.0,43.162616844520954,8.98886992746215,2.5,96.52645805596791,35.0,47.5,62.86546992260858,22.471779327612033,2.5,26.081424951553345,53.55063263532896,8.597464140655832,41.85327260187307,24.001508432115543,58.308459500729825,20.625,10.0,1.0,428.42882397845386,359.50449666455387,60.18599992990493,217.5227317586541,40.31788589246571,98.75958985462783,71.39987446963787,223.70789816528557,62.62945045530795,15.952901937067507,80.88754130899906,81.120874106884,1.0,1.0,2.5536124756425735,1.4775797882840405,1.0,1.0,1.0,12.52085213863644,8.71043981462717,2.689403463155031,1.0,1.0654305548407137,2.1378503118641676
TEST_05+7일,8.417964829673805,2.4685208588611407,9.881817559187049,2.6600501967020933,1.433233576908289,2.5,1,1.0,5.0,1.1944262363768396,1.1532225507445055,1.0,1.0,1.7997748501036475,1.1618621556841782,1.0,4.993687613008684,1.64691318997608,1.0790965054202821,1.5997282254511422,3.8307158341266283,1.0,1.0,1,4.74377555798564,1,1,56.15878192444388,21.444667430401314,9.977408249714145,6.937159033929539,3.140265769252775,3.766895242139908,2.342552033075841,1.0,2.8526334778567306,37.60942331283906,4.1795216128230095,2.504517490098833,26.667891753872183,24.866568425784923,2.1988105363059742,2.4926853470568093,1,2.4010647806920344,2.222768907514099,1,3.304599082835704,2.5,3.1014259609141375,20.848524625063913,1.616148527341469,6.913731292585267,2.1642965370185356,2.32688235675692,2.4051199703329256,2.874365727525579,2.111135303333348,4.02730929320683,1.0,14.013595359187496,7.8183399799361,6.23271357414721,9.059318982323605,3.880244579533127,2.279697999456486,2.5,1.6872773389385267,3.265111483443344,2.5,1.7925619553653134,4.015299330582712,1.0,1.6468484061284407,4.703983843688245,1.0,2.3155369053356005,2.0095204135491707,1.6601172456483932,6.122381884908309,1.9756196929877576,2.45637961133883,2.2788055759873136,1.8041398775381312,4.741609921979299,5.855749703858352,2.4253367066306333,1.4043197533808238,2.8985958582091964,4.487345279440033,15.633702802323013,2.9470770180103147,5.84594597917116,7.234038150299332,2.4438066554554534,1,1,1.0,7.32574836168009,9.009101044120902,1.7498142245678485,2.161980314952176,3.6272485706761706,1,140.625,22.036659023174657,42.66614390049351,4.1452475754175655,8.193737333137541,3.5210188178064343,6.965447212019887,1.931683257988231,2.6972172031092216,1.3772080482370286,1.9740140361222618,1.0,2.5879734802429883,4.40900843190609,2.405315000785946,1.1977412947595998,2.494263917335922,1.7353370189666748,1.0,1,1.0,1.0,1,1.0,1.0,1.0,1.0,1.0,1,8.155791616747454,5.081332223598293,9.436410938839828,3.5041314515911406,2.082920545425646,5.0,11.73915134200809,2.5,1,7.227166501659891,4.00220144740738,44.62064167613504,35.625,45.663091799579675,31.121446390232876,57.51284580735178,25.0,42.595444099406066,7.767619951846728,2.5,92.12393478249187,35.0,47.5,80.34704144618267,26.0661751178208,2.5,5.325041860342026,61.04295966063911,9.178237087960596,41.813191003165684,24.981586102278065,65.0210867010249,20.625,10.0,1.0,445.126504997909,327.99631536267697,67.50333508849144,224.4034730195999,40.115750435739756,93.87333818525074,96.5098048865795,221.03601460009813,60.16686721146106,13.409741587936876,84.41396182477473,85.00765407085419,1.961566724992711,6.245616894504465,4.474516539874842,2.3677110357152693,10.594992190981635,1.8233450224237355,7.357465929308894,18.128080614865674,3.412832008302212,7.118252068758011,8.564193277619779,1.0,4.074250410497188
TEST_06+1일,3.4412546332468845,1.0,6.9791698054585884,2.1047372075116693,1.3877578924275278,2.5,1,1.0,3.4821552342747273,1.155787979490104,1.3394035301174145,1.0,1.7972989590444597,1.7033708383303936,1.0,1.0735950091467923,4.77003914489258,1.164685126845532,1.0,1.0,1.0224844859032707,1.0,1.0,1,7.1106104045954455,1,1,20.16897093594097,19.351870690879917,9.182685676592534,5.80165365167825,4.269615803226403,2.1038363338943844,1.6183796404928246,1.0,2.5297710713171,29.69843433223275,4.7009436041116714,2.4473767446932246,22.83067050857233,21.3424268641569,1.0081539479324013,2.5474330196393793,1,1.845154411875508,1.6065021338211498,1,2.8929026680258128,2.5,3.6646068972364203,22.592705017299334,1.3343861748450527,6.769752128538401,2.193777755436624,2.6131830145916592,2.3117198539952484,2.11276756995659,2.5114640856019745,2.739043756046433,1.0,15.857706046254185,8.376095756828043,11.4982404291114,13.552840827616004,4.642842400275775,2.07474080505144,2.1671660362514413,1.4859303309205498,2.8430747978546047,2.5,1.202790137974809,3.0828026736193945,1.0,1.7629006846479505,3.0577425721196008,1.4152804988152827,2.5,1.704416063490918,2.282800885551141,6.999396861072857,1.4772795388271776,1.8387224267906668,2.2014445937343607,1.8308578371204038,3.421768888127266,2.985835871360371,1.7120431126664681,1.1708024822409857,2.8160298442241825,4.768049606284132,7.636906879614004,2.2195964998899296,4.602853307225563,7.229060810071127,1.9823609977835437,1,1,1.0,15.333110409536125,4.228300390823398,1.7420724429802306,1.4502596968048005,2.252466233342872,1,109.2570855159465,21.372019296041103,42.92204220341028,5.023574719318088,6.267279329917523,2.3226924155656894,5.207772786630102,2.921404810771509,2.8609386215894546,1.654637267800178,2.3048025655054545,1.2524229887469203,2.570616978088852,5.0,2.438776318002657,1.0,2.1147281715523762,7.815985679626465,1.0,1,1.0,1.0,1,1.0,1.0,1.0,1.0,1.0,1,7.248657038036945,2.1519742618858846,7.4095944324991825,3.5463886386069983,1.2932970176314165,3.968367776751138,8.78696648696733,2.5,1,5.5063084196472465,3.526017634520256,39.13299296538379,35.625,1.6456103677490794,49.52667318989291,49.43293486110558,25.0,39.522498635023396,35.29042207932976,2.5,96.15805032822959,35.0,47.5,53.67071611788204,17.054139190369625,2.5,20.212576389312744,46.705982007007606,5.655092024929401,39.49763959572852,19.291822443414713,58.933476874285304,20.625,10.0,1.0,454.9796626240015,270.3338917866349,72.78730010986328,184.39669579640028,35.45411028340459,60.51647758483886,89.26031864881514,171.3424178227782,45.609148636460304,13.666776336729525,80.03790535032749,72.0048762857914,3.2418936884706526,3.9203698661679636,2.6132431177113222,1.0,5.1508547346264715,1.1694704507864688,5.308324324271269,35.099825544071756,8.897593324631453,4.70731234177947,1.0,1.0,9.855391792953014
TEST_06+2일,3.031108615226759,1.0,4.270734808026211,1.3081681155793223,1.0,2.5,1,1.0,2.5098081290364513,1.0,1.284331970269945,1.0,1.0,1.0,1.0,1.0,6.426899455671954,1.0,1.0,12.379781469260752,2.162238503318905,1.0,1.0,1,7.43805190987444,1,1,31.64605811988823,14.730049710136647,9.563696001841853,4.931729030458975,2.359356308351332,1.5963259699870072,2.516941254343246,1.0,1.105987330337758,19.737518625977508,7.62367457151413,2.376862514163768,11.034308469965598,16.42866039325119,1.299055969892931,1.3052415732493698,1,1.27652881054403,2.3730407354756746,1,2.478903634297195,1.0,3.2944645974494753,16.68322309269635,1.4758998367883678,6.9099299536598755,2.008999817746419,1.9067621200153053,2.039603623714635,2.0803335358997237,1.3363007937544646,1.1460643976358382,1.075906978749567,8.080649266785231,7.28806558587839,9.046219004179676,9.548149294400034,2.7223764035273237,1.6860838734225505,1.0,1.3898435574746713,2.4361144096372422,1.5220440360725573,1.2216628417378417,1.5225718918486653,1.0,1.285101286657624,2.914869917515815,1.0,1.3772470746075554,1.3208563123428885,1.824043889226915,4.195948575695607,1.693373939451421,1.3922357748453753,1.7655023488542643,2.284071431693394,1.9496019286935806,2.194075405029723,1.0403130830820557,1.0086568076379814,2.2859420648873967,1.2885451544893987,12.530933920674137,1.53953735433546,3.5447359913077334,7.18190653863261,1.4114870835028483,1,1,1.0,13.202144511061249,6.362272781090861,1.5619716580802263,1.0,2.650125809447224,1,28.220978134387327,21.591658346861276,36.798649788199256,4.676584919034676,5.180264194689725,2.2464748105921104,4.730539995518042,1.0,2.4721396107172255,1.0,1.4416001244926566,1.0,2.299483509341168,2.0903649159972475,1.5669278268991256,1.2669583422451733,1.7897399300053618,1.0,1.0,1,1.0,1.0,1,1.0,1.0,1.1031310283020868,1.0,1.0,1,3.40024369360465,4.864047285362668,4.662032802012515,2.736993136554958,1.8982046661903984,2.687953407605958,7.662205529312096,2.5,1,2.9967058004572125,2.5217541548827276,35.34319663580184,34.21992488352479,4.445290314368704,72.88389637794018,42.672752161947855,25.0,37.743176392269085,31.872114047748966,2.5,86.7490273929788,35.0,47.5,49.546942503853685,14.698755927831932,2.5,30.418696403503418,38.770528922086825,5.600036669480082,33.42077077228346,17.820950449150576,56.46413584558589,19.884891769813848,10.0,1.0,395.4416161693632,260.03328448869286,68.8050796687603,211.6113365255296,38.75023418292403,52.73318259045481,50.690973514318465,162.24368547648191,40.34924268722534,9.169726230204105,82.61016155183314,56.168311387300484,1.0,1.0,1.0,1.027168861685228,1.0,1.0,1.0,13.406954476402644,9.566060775518418,4.068110752850771,5.5700533129274845,1.0,5.0267036145552995
TEST_06+3일,1.0,1.0,3.534976330956969,1.0,1.0,2.162738633490706,1,1.0,2.8595142239810567,1.060671593771962,1.0,1.0,1.4417766596310768,1.0,1.0,1.0,1.683287219718902,1.0062264661984803,1.0,6.504217827090042,1.6744815309962537,1.2364683035659343,1.0,1,15.39399660002438,1,1,31.98923207045673,11.641790791484093,6.513347964595063,4.640058156992211,1.0,2.5534533019603343,1.085027663702269,1.0,1.0,8.920176262820657,6.852005124092102,1.729844873026204,5.175527931761366,13.353443144283375,1.3561339823291958,1.000600476660014,1,2.0653356740395123,1.4854653979860497,1,2.7541602363608115,1.8994488074989093,2.829500760525416,12.354670350730595,1.6910316345112837,7.2869634516352555,1.9436724155682372,1.0,1.0,1.6591902195883435,2.3040186396398963,1.0,1.0,9.01946490098759,3.706611577468568,4.911316064416968,9.819342393073002,1.3676831858376213,1.6301042874444442,1.101406184346252,1.2090243963958311,4.044645109285252,2.5,1.0,1.5881702302114074,1.0,1.3685575063732442,2.441386711826811,1.4306555458279753,1.0,1.1139318819143478,1.5895262655379974,2.7258342430119855,1.5577864597932436,2.161745019077061,1.8298162522862753,1.6784685173270328,2.4377734908387776,2.3265543409003544,1.1801333898847044,1.0,2.352432036400993,1.9810924323103416,18.794222971168875,1.2055700154889684,1.6112648281192157,6.374904355857457,1.0,1,1,1.6228305859877437,5.906002575921745,5.412652500726385,1.1829470096010462,1.0,2.7747378816778534,1,8.988984970176636,70.15533040031306,28.412654922050134,3.4111915612358823,5.231508109875645,2.9553943055370566,3.932554719441922,1.7498612386095038,1.3324923198996645,1.0,1.4092153101168237,1.0,2.4074050147616095,2.618255792129142,2.07248406649512,1.1641898190296276,1.37501494453017,2.7473325729370117,1.055199948185717,1,1.0,1.0,1,1.0,1.0,2.188231362257987,1.0,1.0,1,2.5443489120142027,4.6733078707709135,4.643573397997605,2.0365315860148687,2.6968033103451163,1.6567248409942057,6.8168424180803235,1.8145535386029412,1,3.3190188308382034,2.5327461909771976,30.028321096146215,33.55855131128166,34.86520288659436,147.8868347906833,39.04331152093646,25.0,35.06229201695242,30.698467530462924,2.5,80.69650495551672,35.0,47.5,37.264814790554546,9.575998868181516,2.5,30.464669466018677,32.41708938266326,5.39866265021366,34.1612351068366,16.254598645312,51.940685727690486,20.625,10.0,1.0,341.2655404485762,254.47612928412852,66.89667797088623,225.86713472008702,37.35641842894256,42.70533170364797,42.54740363955497,171.65561547130346,28.795766010880467,5.596159748733044,87.27779763936996,61.67053094506263,1.0,1.0,1.0,1.0,1.0,1.0,1.0,1.0,12.450104270875455,1.5037226397544146,4.187778243562207,1.0,3.552679850533605
TEST_06+4일,1.2325384331270042,1.0,2.5958770293210875,1.0,1.0,2.5,1,2.8308233140657597,3.1442306467621983,1.0,1.0,1.0,1.0,1.0,1.0,1.0,7.166155658042259,1.462382734290951,1.0,12.323948474526755,4.723912757782021,3.9192401597729556,1.0,1,18.916380376975845,1,1,34.493658980985984,10.257231435132224,5.9068919333971515,4.929503003979576,2.047454446778024,3.0447920154108816,1.311039669499674,1.0,1.0,7.181967156960231,6.828911826014519,1.2954889150042932,9.005695901696672,9.216149637271347,1.1484270416646656,1.161826189309399,1,1.7421831486561057,1.9416583309521747,1,2.9666839714256197,2.5,2.11929299907321,9.639258531133756,1.4486149758008755,6.56604797553689,1.7104817929692167,1.0,1.987762885233013,1.3693797314919505,1.5112493341786912,1.4749611981152637,1.0,2.2728818090285383,2.1538524119995723,5.7889081651022485,10.264564696019397,2.1735410835060747,1.569347076992328,2.007088544980155,1.1162301142147268,3.2799468929070836,2.5,1.2416086966922677,1.0,1.0,1.9587061068067506,3.8199794704026733,1.0,1.622765773801141,1.5602979398846781,2.5,3.830628873869871,1.6713458242439163,2.0599770677968543,1.4223080219980273,1.469138659316225,2.092183729199352,2.8041286684145628,1.447259879162389,1.0,2.1856512591622845,2.9760422031826206,25.915869902071126,2.2452516475006896,1.8948181394063819,5.034138367483025,1.0,1,1,1.0758576668852031,8.866065535058528,1.0,1.40642585746834,1.0,2.683802641843381,1,23.103660069354746,59.55925355758286,19.272865491821726,2.334592220267955,3.4581130656172827,1.5629732248067634,2.922191068778527,1.0,1.5106907540615233,1.0,1.5086925404391585,1.6733998832551482,1.6270432113103002,2.707708303488187,1.5383131623714192,2.1414224951320264,1.0,1.0,1.24783762113445,1,1.0,1.380737251332632,1,1.0626504679877828,1.0,2.6604672208773232,1.075732689598956,1.0,1,3.5219913863893777,4.712535005543672,4.239560381351604,1.606672155427054,2.0826670841938877,1.3948997068651912,6.172688627302858,1.838112236266361,1,4.084728939857557,2.0179176375931736,25.362064426146866,31.84528257446552,30.60812109821641,101.51394284345172,38.750898411942565,25.0,29.035116419526936,28.171288877904686,2.5,84.05152231602054,35.0,47.5,38.72121685999022,11.314081857697099,2.5,26.23967170715332,34.10757165768709,5.16176777372201,30.320466203101354,14.117082488204435,51.08825141273136,20.50959798306488,10.0,1.0,330.67665681466457,242.85632589049635,66.36745858192444,217.10926514491436,35.87021966278553,51.095804631710045,33.19293895736337,165.74389372244477,28.771359756588932,8.222192443907261,87.9492335319519,59.97734653949737,2.1887714643001304,1.0,1.0,1.0,1.0,1.0,1.0,6.669660779302579,8.138421879708767,1.0,2.3023926415480673,2.5205241668969394,1.0
TEST_06+5일,2.2950258963157366,2.2773051476608277,5.203700179079115,1.0,1.175045993375027,2.5,1,3.2297758548340223,2.88512875893515,1.0,1.0,1.0,1.5152035610245624,1.0,1.0,1.0,14.124892966979695,1.1293521841951961,1.0,20.886862869849207,6.080939262129318,1.8908118195891568,1.0,1,25.486689195557492,1,1,73.90319018110372,12.397454546570483,6.404734835937378,4.683866306578374,3.6089917724874185,2.997066344749384,2.48639748997578,1.0,1.0,13.664192460496874,1.0,1.645446153375957,9.146225255952512,11.835756913021854,1.4622677401617492,1.7164945044564865,1,2.3970326269251547,1.3803581059301353,1,2.9265567563520816,1.065030498932355,3.367211357780687,11.847428551798732,1.2639016534516365,6.407600855885142,1.4608895866954918,1.119545033073682,1.0279814394380766,1.570986869698701,1.2574641160129132,1.6461105629902488,1.0,7.705156295088751,3.1571125415872094,7.245144764113639,11.424797215799673,2.0923418079443983,2.2162112186071132,2.3157731330289133,1.0801998422050338,3.3539368012137674,1.556975206543694,1.0,1.9120944197729022,1.0,1.947248832786894,2.7911783038461877,1.7454982996519126,1.4546430618882324,1.5429445711551504,1.0,4.451692119109411,1.28194889810495,2.8640814676789175,1.596262263345077,1.3754609500099084,2.633741031840465,3.9233258708506287,1.3334195610410295,1.0838304729053756,2.8865551531601312,2.0686236205482733,31.20283740184946,1.5039751997433792,2.006992782330715,4.582174059001102,1.186203686191107,1,1,1.1491060001895779,5.900441334931014,4.567763648856224,1.7660688224986623,1.3442936461782404,2.6062561769739627,1,8.984709141978922,48.415911970414896,18.37949485247045,2.6188739074656313,5.020849365821628,1.7199064795866215,4.462701748280037,1.6550326066037615,2.1008532041668726,1.0,1.6412795146370704,1.3111938555106075,1.691460942212483,2.6090084048963633,2.4477979026989463,1.100002288811775,1.3834035410497414,1.0,1.2362239866972755,1,1.0,1.4661470953339115,1,1.0532279559913984,1.0,3.748649460368766,1.0,1.0,1,5.207543054750308,3.623366196420321,4.623106557059016,2.7560128556010275,3.800058632678905,2.208245202864959,6.70055613195266,2.081791103681868,1,5.335799984711613,3.369678093068467,27.582654523825404,28.875770049202043,61.394872860006835,68.72818892841144,37.34037787498406,25.0,32.36362455604827,29.645341652277764,2.5,86.47954909160393,35.0,47.5,39.089103965854434,11.304724047399548,2.5,19.831132292747498,39.15684951524274,5.1840186104918295,33.14529972971921,15.670516081078608,51.11363398470076,20.625,10.0,1.0,359.29594113118947,257.0273704778403,67.50994697213173,230.04205685108897,36.62361787632108,54.75673583522438,30.289772836863992,163.79909271746874,27.829778447747227,9.892584409564734,82.30077173411846,60.79451394081115,1.0,1.0,1.0,1.0,1.0,1.0,1.0,14.124263475331945,7.347780051827431,1.0,1.0,2.040006744302809,3.893712057173252
TEST_06+6일,4.291299677678542,1.0,7.455393952313894,1.743631653902121,1.2490842600323364,2.5,1,2.014841646963043,3.649915169390408,1.6408954812316128,1.5106767363589504,1.0,1.7404545276890409,1.0,1.0,1.0920598553798724,5.145465260569959,1.150553880749015,1.1201670370098364,13.536626089132715,4.351957234486922,2.2686131404830734,1.0,1,25.72193836577904,1,1,81.16522098050491,13.719749889961616,7.461558212287441,5.603030169766418,4.245314788623845,1.0,3.006010761774381,1.0,2.0344647761734334,27.384858618207268,7.9451120644807816,1.116690728986951,19.987560276239535,12.634542660074047,1.4821730284193066,2.266939142451425,1,1.3292368029232764,2.5186746974858094,1,3.564779285214928,2.5,3.7840182717448325,15.614287147771716,1.0683855674597642,6.781303625333914,1.9440729217705466,2.3893554557514847,2.1719315099563667,2.5985613207359988,2.4570670358780595,2.837384795741889,1.4642886613497395,11.243836697935828,4.665858085000327,7.345265266260337,12.37308891056662,2.660956567561207,2.5084230755390786,2.5,1.3592075893671467,2.905521907615964,2.5,1.3987617220516713,3.7616654392043736,1.0,2.313384121203453,4.064717378052519,1.5269892505422449,1.851427808565523,1.4810011340538936,2.142613525126154,5.541949573070063,1.5750726405312103,1.4982781684821962,2.3210945354442334,2.4065333360053733,3.1558353311501754,5.187854220065807,1.8316305039565357,1.313386674728849,2.565839218879043,3.311380614057102,28.03373896227128,2.6330758683608138,4.305131514959172,5.929743218049797,1.8275820670120775,1,1,1.2174831838734048,12.647427295470616,3.4099667431576806,1.9660799632110928,1.6339731405230458,3.987905190423943,1,43.937333005155345,27.31763546374831,23.64976130552331,4.065497792011622,7.123583196798883,3.5512031355814035,5.1438086237784155,2.0944296498956483,2.68349812243595,1.3377371052373193,2.105106448476078,1.4005933418506442,1.673689084643394,3.2794179434366075,2.284089010417659,1.3184045697787763,1.4369348682130885,3.0829555988311768,1.2139850495966298,1,1.0,1.518843850119164,1,1.0,1.0,2.0836751698946188,1.0,1.0,1,6.17567152308666,8.166298550067783,8.5801791241927,2.9935077836492474,1.0,3.4690610192357143,10.904651699907944,2.5,1,6.819300598822396,4.329754259355938,28.964987552069,27.723214496360033,40.852143387434424,18.293056308232067,36.69861307030204,25.0,31.690676742482125,32.669073406614295,2.5,86.81025296788336,33.99726800405378,47.5,41.67979493381627,12.516372814565601,2.5,17.579383850097656,41.36094905543672,5.679139024962102,33.473245573998334,16.37630890341638,50.93310825837438,20.625,9.973664839756195,1.177448751531957,375.44843150004743,256.13780257366597,71.6437321305275,229.90900982916352,37.265576273202896,55.77633716538548,43.24596405476331,146.6738447934389,34.81736784428358,12.945037074387072,81.09947980344295,58.2857839167118,1.0,1.0,1.0201169804228867,1.427295885876183,3.3471475760498137,1.0931249317085676,3.1275224282543244,32.378863432619646,13.935745069384575,1.0,1.0,2.0217124317772686,5.483387924730778
TEST_06+7일,7.272521170488637,1.0,8.7433832931133,2.664833799294572,1.655781833473985,2.5,1,1.0,3.7627858798847718,1.0,1.2682366607640745,1.0,1.0,1.9022293342948124,1.0,1.0,1.0,1.4306885221984635,1.3399218511126447,1.0,1.0259728643815282,1.0,1.0,1,9.966602023448951,1,1,44.297830024846796,16.450272353222342,9.451196340573869,7.343728342442194,3.7170963509419725,3.2566226825536435,2.1725808902320862,1.0,2.856629375398654,35.71281505580171,4.465835690498352,2.399865535929017,31.345977940749982,16.570239184542206,1.8917791795611236,2.7234943797765583,1,2.350934705188983,2.497593281100716,1,3.3753675128948495,2.5,3.5568356629462192,20.74872344403368,1.3060300432657097,7.049129549889041,1.5696200712727106,3.436345793148366,1.6381206045196235,2.9124195791677416,2.071008239395553,3.7829488380739416,1.0,12.814000179463493,7.072567384648885,7.838780783953404,8.55972189099584,4.520735990077207,1.9411596439286392,2.5,1.7667731854731799,2.7051876310112237,2.1315250236114585,1.263823497019447,3.9738387083640783,1.0,1.6853794335551362,4.731068857152375,1.6622267897727419,2.401138719233807,2.1595192673928163,1.5942436733474121,4.776084210454318,1.9760932772775335,2.52477618060741,2.258045866732118,2.1015343975435825,3.55632411239674,5.85070525152989,2.170499874693282,1.3668856042182025,2.4073054312315825,4.650216502520377,15.647132134945421,2.7573619381177505,5.287274584632673,6.858623611577897,2.4479600040700786,1,1,1.0,7.085297979357957,8.297652798338126,1.963395456848386,2.0352754209910335,3.997982762978285,1,110.39420362291833,1.437119413039199,31.968095406410157,4.361340928941726,7.869165727214146,2.872958167238338,5.765070252614681,1.7213516200541945,2.6487832077181825,1.5849512244408308,2.5,1.0,2.2249173152163717,4.6586472532270955,2.4749400329634708,1.0,1.9346603159739708,1.0,1.0,1,1.0,1.0,1,1.0,1.0,1.0,1.0,1.0,1,7.718887255856063,3.6466945476180004,10.0,3.414735032067124,2.5109888171059915,5.0,10.958147258758704,2.5,1,7.177272304198202,4.181084994193324,34.22726736450468,24.109074773187054,41.63045532854341,19.58864896737689,36.718555328926826,25.0,31.10069159528749,28.508276702010335,2.5,81.93039774366291,35.0,47.5,55.27092483229616,15.088825026543446,2.5,1.0,45.30703733471788,5.455270970106605,31.090286592585116,17.522800940611777,54.254611015978924,20.625,10.0,1.4981880323198813,377.83948963358995,218.10114304609596,80.43641459941864,210.8292097598314,35.90804756619036,43.80391817353666,66.54375579506159,151.73920254409313,38.20266443490982,11.175647556781769,81.6719940751791,66.99985310435295,5.246678956640152,5.741438101884273,1.6426942989205044,1.9252128302561495,13.786843688645243,2.6724275736168925,10.108125498524856,41.235661284168145,8.832619538158179,5.7757410034537315,12.890712941996753,1.0,7.346876204386354
TEST_07+1일,2.642980305629976,1.0,6.422065304798114,2.1485389486786874,1.511506727140324,2.5,1,1.0,2.491085106244437,1.0750071406766983,1.3868891623826471,1.0,1.9060117805262449,2.490757099818415,1.6286965887006082,2.0370328002602425,8.711656566721235,1.0,1.1790235132709772,1.0,1.0,3.213894292832004,1.074893637462703,1,9.073058073921533,1,1,13.351761204656748,7.4467900577796176,2.5503757438689396,2.225218771873432,3.285262672691423,1.677677522714276,1.8702334294096374,1.0,1.9898500955939098,21.405982579719897,3.5868170112371445,2.059537834198753,16.72776439792028,12.18050728913936,1.0,2.90272661788793,1,1.785936452917761,1.3091406383026662,1,1.6029831397897898,2.5,2.610904195749147,10.434668752206608,1.0,2.7140930237328864,1.2255442662888743,2.557313825100828,1.419521093807903,1.7926244191871235,1.822651001004903,2.9288764071862916,1.2203349565577006,7.751438009921607,7.082132961426184,9.160013683062193,4.051801156922475,5.62939106829204,1.486944865530064,1.657216800434842,1.0,3.81379663822466,2.0596959878723715,1.0,1.818580053310401,1.0,1.4703476277172092,2.2404820679982653,1.8991336755767374,2.2346658750855344,1.2294347147259965,2.2129777586950126,4.969454854519573,1.0,1.9163720680889391,2.248762244962312,2.151115273088739,1.8995256255664075,2.243604561355773,1.0,1.0348716418522048,1.0,3.435638774686922,8.739552535931164,1.8344503752837014,3.5478416796180214,4.724344955897991,1.7059583950942527,1,1,1.0,9.525931454313769,3.152927414151354,1.0356758674923763,1.4271179715588842,1.0,1,79.30143559700468,11.227989568039614,11.87554546044106,2.1274191885488793,3.2339390041163356,1.2907358761265229,3.159480765249745,2.7536902296177415,1.7651086817277242,1.895951072219564,1.0,1.3570629667877356,1.9333321352321071,2.33435591731253,2.1564811762968468,1.0,1.314674523395867,7.093574047088623,1.0,1,1.0,1.0,1,1.0,1.0,1.0,1.0,1.0,1,3.3668599685496527,2.389222591199735,2.9085784190867634,1.2322474275334285,2.371628962375173,1.655991088512618,3.798342129993934,1.3307031152697177,1,3.0053474327873593,1.4957801922581933,3.993070230770305,1.409801237537329,17.60120660033646,41.81122862844155,10.192043693683807,1.0,5.440969581515522,1.4401510362820924,1.0,7.831385533101968,1.0,1.0,12.075464629335256,6.526562977045979,2.4548001133284623,20.172221660614014,4.500741151645966,1.0,2.7067816367282043,2.998207430597385,4.157053573413207,1.0,1.0,3.0288855630151357,9.454252785234711,17.11678092284128,4.548334788531065,1.6574358036741612,1.0,9.678097864147276,30.090771898627278,15.806198714580386,7.502802787348627,6.7524691075086585,1.1977852195501326,10.569634594023228,13.71720786916215,13.344537275141827,2.32139841490982,2.6029384647448026,13.69772303454416,3.5641273349250118,13.579514854827657,66.11773521545196,15.085146188735962,12.182904556393623,24.769042506814003,5.581001057848335,15.10866200476885
TEST_07+2일,2.56232541107589,32.931304360304175,4.285537274956473,1.2372223137332106,1.0,1.8232726344764008,1,1.1692240275460057,1.48629703741736,1.0,1.3690623297214104,1.0,1.0214099787099613,1.0,1.0,1.0,20.32818927828652,1.0,1.1095046024785615,32.607044855353855,5.085458301331675,3.412903046625389,1.3741623650543158,1,8.447578852263334,1,1,21.951070667305164,2.765434418380573,3.5880361800069434,1.5191049444401432,1.9348000279939317,1.1053056074038217,1.700764086082274,1.0,1.0,12.85233770993884,7.681640684604645,2.5573235836857218,5.705950896356937,7.439655598632043,1.0,1.6900717200245725,1,1.0588655688668727,2.185039008195695,1,1.0,1.0,1.9153620231240613,6.913548100269141,1.2578923272128337,2.7646941364350424,1.0293239446787252,1.895349029279364,1.0,1.4696364399968704,1.5110053183729348,2.0667554561034924,1.0,3.2152338440457666,5.796147633161118,4.684579187356338,3.6747539564619642,2.8649337200138523,1.1061364203197952,1.0,1.0276029381408502,2.2267937105329514,1.0,1.0,1.0,1.0,1.0950907052963796,2.0428083942914883,1.0,1.2673766876132206,1.0,1.7698833954144972,2.9883561268641476,1.0,1.0,1.9158194596315747,2.5,1.0,1.5618795398606402,1.0,1.0,1.1374073144738632,1.0,14.682093570919855,1.3277282151865795,1.3598404941613738,4.168163906527789,1.0592091963506185,1,1,1.0,5.4978398970833915,4.766958442282644,1.0,1.0514339707217948,2.195172179980249,1,3.1893238696427444,9.403200459081438,8.482697300860558,1.0,2.797743272674672,1.5876485962249511,3.2522102611376487,1.0,1.5314060006140342,1.0,1.0,1.0,2.5112268324378983,1.0,1.4903755384404198,1.3770463007712617,1.0,1.0,1.0,1,1.0,1.0,1,1.0,1.0,1.1669278917585821,1.0,1.0,1,1.4126927360514085,5.652717766435087,1.0,1.0,1.1099503028069762,1.0,3.5068294886447777,1.0,1,1.0,1.0,2.4836881642389064,1.0,1.0,72.28054069362885,5.583100052684168,1.8476619969629073,4.327278278901862,1.0,1.0,6.665148970828938,1.0,1.0,9.34384399976538,4.46919436072351,1.2765809181177636,30.67657470703125,2.0922463141191296,1.3070365524605174,2.050130637972986,2.9281313463845993,4.29694754235819,1.0,1.0,1.1834753863439977,1.0189631205517797,5.852024061721749,1.0,3.3589990351465526,1.0,6.9134436221793285,9.728452298045157,15.432332893088459,2.7730755833908916,2.9654223583638664,3.490286676213145,1.143100157380104,1.0,1.0,4.54474908957038,1.9833118978481419,5.967865647808061,1.0,5.318369489431201,40.72673326964627,14.92833761572838,8.160523399710655,24.85393436998129,4.722084214165807,10.107932572066785
TEST_07+3일,1.0,45.59808103594595,2.6500799137948015,1.0,1.0,1.3772032793285216,1,1.0,2.096629720872939,1.3771408182696938,1.0,1.0,1.635741320111848,1.0,1.0,1.2101985247522065,13.7896985315557,1.0,1.0,26.47956576780783,6.2030972949161125,2.0531686779074763,1.0,1,19.745270451502535,1,1,27.939961434340397,1.2346896163771313,1.0,1.0,1.0,2.7190447962303708,1.5253944571259108,1.0,1.0,1.3997031025348294,6.955362483859062,2.626626960397182,1.5711358267821198,4.463263427482851,1.0,1.486462220497327,1,1.9248680850211553,1.4271345830506266,1,1.030457447997136,1.3291938477703322,1.5389720797605893,3.311363200215598,1.4181319700141692,3.3072319767852556,1.0,1.0,1.0083841435919199,1.0,1.1983932672988282,1.0,1.0,1.8286402632612853,2.421949822770593,1.0,4.052989795734958,1.0,1.0,1.0,1.0,3.0446256566051852,2.2570491258260823,1.0,1.0,1.0,1.1166190983130324,1.9130228504473077,1.708558331180674,1.0,1.0,1.7084501990939507,1.0167232152423937,1.0,1.9595522260383624,1.6217167126397911,1.5085572224329735,1.0,1.7634432826921216,1.0,1.0,1.6700818788086405,1.0,25.19360938098428,1.9937632856717618,1.0,3.122451436493789,1.0,1,1,1.4496105048395433,1.2717525080835301,4.520076946721642,1.0,1.0,1.0,1,1.0,36.96034173293439,3.4356252224880905,1.0,2.7886795386883447,2.1188925890644086,2.3843330673452945,1.5618890019562366,1.0,1.0907955587152027,1.0,1.0948239247935503,1.8304620655496127,1.0,1.8180139147222802,1.1167577743985633,1.0,1.7684111595153809,1.0,1,1.0,1.0,1,1.0,1.0,2.3262788165796313,1.0,1.0,1,1.0,4.499172021754976,1.0,1.0,3.6833338134627405,1.0,1.9471451142525389,1.0,1,1.0,1.0,1.0,1.0,52.505810777854286,139.12247100704258,1.8500666845479636,1.0,3.6599320470568366,1.0,1.0,3.8400341513515848,1.0,1.0,3.5434163030322794,1.0,1.8476996470241345,31.489763259887695,1.0,1.0447757186781985,3.51542598662942,1.7873931966068772,1.5015458905170203,1.0,1.0,1.0,1.0,1.0,1.441079202108085,6.797264848370104,1.0,3.5235586385242637,9.73096484467387,7.2834373858757315,1.0,1.0,1.0,5.6487683840096,3.1336732929554856,7.334184000737774,1.0,1.0,5.280217212760053,1.0,6.9477897611714114,19.01501595198168,18.160528863966466,9.415313564240932,17.855265754275024,4.609171426668763,8.400961916148663
TEST_07+4일,1.0,64.39116321026138,2.506842719186884,1.0,1.0,2.5,1,3.7542408728099614,2.088406972780556,1.4343679512376626,1.0,1.0,1.0,1.51678825995398,1.0,1.3078755908587576,31.737372680414158,1.364784639281507,1.0,39.62035959425346,13.135492005211713,4.007817489474701,1.0279932132889626,1,21.79588748333989,1,1,33.640270046446005,1.795294181181431,1.7723006694495378,1.789231797744029,1.6119667962295647,2.763883798891869,1.0,1.0,1.0,1.0,5.949082672595978,1.4640509371799821,6.577962685515178,1.0,1.0,1.5657552173743892,1,1.6068218157846978,1.4143687847349264,1,1.6284139196970127,2.5,1.0371277674534969,1.779213142741416,1.2382414469544856,3.2434264311157994,1.0,1.0,1.3787741333822017,1.0,1.0,1.1157711597401618,1.0,1.0,1.2263541038108683,1.0,6.5887847466285985,1.6682894512846218,1.1305153350221755,1.3663530024062314,1.0,2.1363498545899318,2.5,1.1969230975682392,1.0,1.0,1.7740802411816885,3.344894629494091,1.001570329732705,1.413474402058502,1.1891933838803845,2.3867177457923185,1.5613989269884228,1.0,1.8629119158744754,1.322756892651032,1.3802006429677869,1.0,2.608276598289162,1.0,1.0,1.1929401942698892,2.088402884188929,28.15581394309698,1.6625280558938271,1.0,2.1835599638091465,1.0,1,1,1.1236224677690607,5.608283933394668,1.0,1.0,1.0,1.1764423353341131,1,6.890486632549463,35.874221940752264,1.0,1.0,1.2340206943724985,1.0,1.0,1.0,1.0,1.0575521572596212,1.0,1.4996694052787385,1.4303591179769568,1.0,1.4128123869362603,2.0163103689110757,1.0,1.0,1.2852065512779276,1,1.0,1.3474569407409709,1,1.1484364986985334,1.0,2.955574012412195,1.1336647642452393,1.0,1,1.577318392000985,3.4663692526183922,1.0,1.0,1.6648621312024632,1.0,1.0,1.0,1,1.3847106584339877,1.0,1.0,1.0,50.39037552607341,96.75229412401467,2.2499515191905575,1.793904543703876,1.9418564716214624,1.0,1.0,2.9373496699619723,1.0,1.0,3.252807761104533,1.0,2.5,20.895423889160156,1.0,1.0,2.333387646640486,1.1605449063732898,2.5262662165967313,1.0,1.0,1.0,1.0,10.100891824858262,1.0,5.366114768316038,1.0,2.9964625780703495,16.575509298592806,3.390233238437213,1.0,2.8771169800311323,1.0,6.636700995266437,9.67551886931482,6.043592099074957,1.0,1.0,8.387000444266915,1.0,4.02065136518685,30.720583668163357,14.557536587119102,10.110223665833473,19.794912453740835,10.875117601454258,5.921839349716902
TEST_07+5일,2.4671854937129027,88.57616930984985,4.898916998622625,1.0,1.2235083526600077,1.0,1,4.231390667602023,1.7799723664815879,2.07847622087819,1.1098607250557284,1.0,1.4995566156312823,1.0,1.0,1.7586025281276758,52.19290905044669,1.0,1.2736621466120501,64.48915050170365,17.89712994126387,2.1308174380537426,1.0,1,26.25,1,1,75.4689521469849,3.001406936963496,1.0,1.919467336237312,2.8213739724650906,2.4962350393997803,1.600474648810179,1.0,1.0,7.116117270397469,1.6023877263069153,1.0,7.807123709603055,2.1589471393391335,1.0950966871319243,2.266132779086674,1,2.2649355879698563,1.0,1,2.0038730119722694,1.1394875093755519,2.511930569557392,4.12879862140672,1.0,2.8560743030234113,1.0,1.7391673884203236,1.0,1.2810777096255512,1.7881913596381398,1.0,1.0,3.983766156028451,1.9581564552751134,2.6186749653554107,7.3902601629340765,2.0363725015868495,1.7925426051828954,1.7428712204380747,1.0,2.8307504082257124,1.2779439827599512,1.4901720977851558,1.0,1.0,1.8680627573732576,2.374286044369887,2.294514309536654,1.2222706226784468,1.2218842113295296,1.0,3.493986902951978,1.0,2.5700144073065725,1.4285045318311778,1.4804267363349233,1.4543819133372118,3.6876785857669523,1.0,1.2117566945974265,2.4455332987530474,1.6709735795359022,36.085388516257225,1.3802017820490744,1.0,1.4011311904946095,1.0,1,1,1.0105137238870787,1.7430225660200402,2.340094377492654,1.1227074916932949,1.3405602074708778,1.0,1,1.0,31.048810132274276,1.2509857229082073,1.0,2.095748143708495,1.0,3.1588143101383204,1.4597762624587498,1.0788176544282635,1.0,1.0,1.2092344586307242,1.6996163484361584,1.0,1.908464078227392,1.1449136804892048,1.0,1.0,1.4216201092286203,1,1.0,1.457734142400624,1,1.1076232642675699,1.0544688201431744,4.1127707169914265,1.088178090566291,1.0,1,3.3141869413614327,1.5799334972650674,1.0,1.0,2.594622732798327,1.0,1.8706357266212845,1.1115980433952273,1,3.445991953612557,1.7388887510532949,1.53190900382457,1.0,95.54115240628373,66.0968627508535,2.0265520917935302,1.0,1.0604725163074598,1.0,1.0,1.3098157174701657,1.0,1.0,2.49351337978513,1.129077843213135,2.2163630469129694,11.386379599571228,1.0,1.1447744520413796,3.381101944623989,1.9578131615410388,1.7435930866453486,1.0,1.0,1.0,1.0,5.633597036870196,1.0,1.3027031841920689,1.054249516921118,8.498112698085606,18.527600186318157,8.42703720452264,1.0,4.2408323753625154,1.0,5.476416777819395,11.770229850305135,10.512126039542878,1.0,1.0,10.125774196498122,1.0,5.040543923506574,42.04246294853822,13.810017250478268,12.088278569281101,23.71209930256009,7.445611698925496,9.446343749016524
TEST_07+6일,4.52870321191467,62.52629660491092,7.162363711091481,1.6714989750701257,1.3659939567148895,2.122580443242771,1,2.7593064220455146,2.1367306981528196,1.4989170571509984,1.501928163105406,1.159493512176498,1.7221985692071478,1.0,1.7616814048748473,2.017104001914433,30.418459959420222,1.012108711445526,1.4267564509573307,46.11653247009358,13.812162138100295,3.349658709602667,1.0,1,26.25,1,1,87.46494126802966,4.177066083776725,3.106391829600659,3.289534247109588,3.423942275262576,1.0,2.1066761880797666,1.3050927084123347,1.3871392203231956,23.970476663098612,4.185532107949257,2.05090037828928,18.42907896242788,3.1487776804080148,1.1198087820499045,2.842975769465093,1,1.0947529946232426,2.2791999119437105,1,3.0628086694706598,2.5,2.8566807348968957,7.676570861243556,1.0,4.161815443668391,1.2648981942388768,3.1559188920774703,1.4018209461003022,2.4485149890503433,2.2195915488132374,2.1618368354322386,1.140812158228821,8.855529851352323,3.5784957299343723,4.617739918146699,6.332336632047152,3.664711458693964,2.2118636565339216,2.0072235131619687,1.305880840128964,2.1901394636648384,1.6360594479713955,1.3610171154594177,2.5597124140205474,1.0,2.163915851027854,2.9724156783833027,1.9831557193059874,1.2629394315507136,1.1429076944678747,2.075755996234379,3.327768334826304,1.0,1.0,1.8902204892639716,2.3899140262104983,1.803629786235643,4.880326152038267,1.0,1.1544732174315702,2.0987336910899215,3.8193263676269273,34.718619611210414,2.033873201839151,2.958210865088146,3.0645662277646166,1.6512122624589356,1,1,1.0,9.875332072055892,1.9677543462266966,1.511892440152718,1.6542355069242947,2.2768013466454007,1,15.662900331344538,17.534332169715007,4.464412260677894,2.5176239167663876,4.204817234206142,2.2256506268522047,4.4090502484689305,1.9183142048300608,1.998010251275142,1.6590295951558338,1.0,1.4797198718051583,2.1756258225878784,1.0070062468221157,2.090049055100357,1.0958129891952655,1.0,4.078108787536621,1.2460826588444565,1,1.0,1.5299281481249327,1,1.0038454617424493,1.0,2.334281444745937,1.0137940459156125,1.0,1,4.477954074885347,5.74080814946804,4.556627061672238,1.6748917843228006,1.0,1.7344651019796775,6.50441841008094,1.6265192326413176,1,5.02128833409321,2.8365245902094767,2.7809784478569552,1.0,73.25905350545015,16.66262317177452,2.7458917094725646,3.4553695359743544,3.7729326220146695,1.7792258136599925,1.0,3.049580797712442,3.4574714763503596,1.0,7.989305745691501,3.0152323292564867,2.0431405908640143,6.964620351791382,1.0,2.0945812004539497,4.756349932129887,2.0158459936521624,2.050356621473226,1.0,1.0,3.893629782603028,7.862386406701989,17.10938039720058,1.568030636757612,8.267807928146794,2.149920539231971,13.542200169526039,29.486306484043595,19.12011197451502,3.617357058450579,6.817316941916942,1.0,1.7873244276270268,16.21309251887747,14.781576581835065,1.0388558668741976,4.058489609276206,13.152775154776512,3.4250413643357036,9.684579197783759,69.13055262850872,19.9921133056283,11.481865644454956,35.024569015949965,9.039018420875072,11.04025481902063
TEST_07+7일,5.7847265098022635,11.011485758168517,8.676337448742272,2.551419458143194,1.8593797558043315,1.8443868291521115,1,1.0,2.1313696410109273,1.9732445453745024,1.3862420966302036,1.37654354745843,1.0,2.5240903479873773,2.848729893759156,1.0,5.815896293046761,1.2650372113867538,1.6726898801469443,8.387181280840343,3.6747696887032095,2.819833400269499,1.0,1,12.307594007636029,1,1,52.22146508154814,7.2882299361339165,4.499104725179903,4.721923458356169,3.2503633683345403,3.6617006434601316,1.9235262455449775,1.2107684168811785,2.412797402221726,35.013492718680105,2.613011449575424,2.2863509512102986,27.872972219167494,10.335955257240972,1.5864854632128949,3.305089667991416,1,2.1889580262389847,2.372630109588363,1,3.2612729460216663,2.5,2.0588698050146057,12.036525631478245,1.0618820193310208,3.9651262578788065,1.1385505489253782,4.492398523418089,1.484453866498197,2.780664084628074,1.611133381228917,3.4181541165592146,1.0,8.655407102446025,6.154978832979591,8.891427084430992,5.972252357074089,6.773111432218862,1.3961619235191807,2.3617502342596066,1.0,1.9220987210765976,1.2289904522603525,1.1596425320033301,2.8918953285830673,1.0,1.4892186683828712,4.3529213638499975,2.3909279249531243,2.118387416796764,1.8681574493700106,1.8645534699920385,3.2816666523758147,1.8278513364010482,2.485808473719645,2.1411414877410815,2.4367646892567474,2.148754585600121,5.399200140765118,1.058276367992859,1.4924688914910982,2.6866401765626406,5.325484752372663,22.973419902471974,2.242237732442596,4.546241829733391,3.62210456453362,2.3138790492721992,1,1,1.0,6.2874388881233205,6.431630596030089,1.6496896253458346,2.0021972363687994,2.2610993169877593,1,83.57280073186405,1.0,9.75895389140481,3.478254279809836,5.797349361465756,2.135462070311644,4.61101720292083,1.546915287107339,2.080793303196799,1.953945484073812,1.4407517486255292,1.0,1.7360858518546967,2.172597524431686,2.2401586369616115,1.0172894657108724,1.0194369655830047,1.0,1.0,1,1.0,1.0,1,1.0,1.0,1.0,1.0,1.0,1,6.4807597996604205,2.0497567614032404,6.704467117991764,2.090079588501705,1.9638113632736065,3.2303983965444885,7.392569681467531,2.5,1,5.378773058307035,2.6853928096504385,6.387145377471928,1.0,56.78588081339894,29.102132608985045,5.5554530909786255,2.492805966121829,3.2752036232294763,1.2050763365840975,1.0,8.642148635163217,1.8378231119152306,1.0,13.797955103446627,6.251251861723516,2.5,1.0,4.931727852117469,1.2604997331844296,6.038684679531676,3.0915601885145754,4.762582647555169,1.0,1.0,5.232947076207515,13.622065972839481,15.294470007205382,3.2758971545845266,9.109162257402204,3.194156320765614,5.009368848986924,30.60826852619648,19.44422450689599,7.7194514349102965,5.103128744289279,1.9399687683209776,7.566092286258935,26.620911096181775,28.762229334126097,5.9680135217487065,6.243372810136427,25.830491067062333,8.739097923593034,19.7819223154107,86.36909658475943,15.495444756746293,18.553397208452225,49.547485150396824,7.616817209869623,13.570712182670832
TEST_08+1일,4.879895643936599,1.0,7.165046365459042,2.0807903542170294,1.7237507236485308,2.5,1,1.0,2.9816819576202205,1.4740580308501918,1.9973519791542231,1.2754557262976474,2.0898271588747286,3.5842835409607705,12.596992848372295,1.6324393864508895,11.332086647681532,1.5790758824096618,1.6325225415006506,2.1884059112441148,1.0722119361405416,3.004509434120425,1.380927841766807,1,11.20535182090923,1,1,1.0,15.904994655867432,4.473815448661674,3.598949351326384,5.37666350751392,1.9700685976585242,2.041289723264462,1.0,3.314113264383283,37.266122918478544,1.0,2.2259348510281756,27.04056079728846,18.486559061852702,1.0,4.590396487748529,1,1.6854795333771464,2.095253083597268,1,3.4213766959526555,2.2878013108594053,3.741064343285285,13.517759464669773,1.0,4.821801786834002,1.2392193085376462,3.3824687542521823,2.012417304609189,2.5624892380815596,1.9643230291715372,2.4596609034851715,1.3380387358612784,8.392857836791629,8.888000599217248,21.09067425977212,7.081166318100635,9.928225500239192,2.1586386339487253,1.5833754230208006,1.1704124883282316,3.6682157008931395,1.868628231650497,1.026820774569394,2.609700076885082,1.0,1.8139765895321427,3.009839928140342,2.607128964958059,2.1022997676715436,2.4314513451093798,2.327084947861449,5.631759769198971,1.0,2.1097897662716583,1.9920936636763649,1.7001257636839302,2.263806449878376,2.427586970427315,1.666625360328336,1.0938665803460688,2.230928031036571,5.421715804443612,13.292281232770891,2.1891825884691953,3.8043704251860975,4.77041587648121,1.176765325030253,1,1,1.0,15.64909496651196,2.87399362817914,1.3933170653229416,1.5586098122000518,2.581603013602609,1,138.21459129713085,19.709180087028056,17.86477869564109,3.3828222870242093,3.0763215938646966,1.4070551005272063,2.6190487129353177,2.6542348604655945,2.10315082244672,2.439563485009324,1.5829789841900972,1.3291785880073201,2.0011864454483987,2.099697484058294,1.9482191218551999,1.0,1.144550686319336,5.227685451507568,1.0,1,1.0,1.0,1,1.0,1.0,1.0,1.0,1.0,1,3.5301598480338074,3.3334567881853485,3.6610223535595443,1.0997918342682458,2.2641817040800896,1.5565245061987323,3.937491353795026,1.4329199030081734,1,2.918993945764853,1.0,5.132732506057765,1.6347247054885823,52.54795130643819,56.44157188150288,12.797165119821607,1.0,7.206205902936868,1.0,1.0,11.883522090307114,1.0,1.0,17.482616008067914,6.619561227387701,2.0641150333598866,18.5977041721344,7.752755604236733,1.0,3.6072545916748116,3.5558140937796763,5.466081554675286,1.0,1.0,6.667091433411378,12.566929858340881,16.6382861522492,4.377766903489828,6.6517070485278955,1.6863153590820728,7.2022330393083385,29.88401078805327,14.762589361425489,6.716136563569306,5.700016222894192,2.1201218796893953,8.4074946641922,72.98548869612439,38.94491991694954,90.38220286772577,22.606698927438,47.71078592038495,70.64789772452625,34.389105336141334,335.4896637812146,43.8458482414484,62.151685655117035,116.89628630876541,23.918674895167353,49.54895537942648
TEST_08+2일,4.834087880238807,36.57123378886246,4.738188528271484,1.2374486130273288,1.0,1.1532341173642626,1,2.35515574231949,1.4352211519089635,1.0,1.903971128774051,1.0,1.173118830251898,2.583228406943101,4.133545518143913,1.0163091413363792,26.967709828058727,1.2385479874490324,1.5155150287793906,35.715559782696644,5.864875604055443,3.220276941601043,1.5612662722498742,1,8.950849031709334,1,1,15.457286181251426,12.600306891724118,4.915476345609404,2.617390403912133,3.571000170799278,1.0585625223923982,1.5296882962076401,1.0,2.4769325682740915,23.127239825496815,6.996472924947739,2.003119023973291,14.776912759068928,13.73004144103171,1.2253686300444726,3.252362557544236,1,1.0,2.4839066814978725,1,2.3212910199885823,1.0,3.090515181674238,9.282284602883339,1.1183155636938722,4.722118550392903,1.1482990488153715,2.6096588490635426,1.5553477049753455,1.776795789582354,1.2797621120561884,1.7477049660638173,1.0884393132609684,4.1699530237691445,7.240756948938474,14.613123997103612,6.2681846511425805,6.390965574978149,1.8773238755180068,1.0,1.1528249341136723,2.661871913872952,1.0,1.0,1.0,1.066220328477329,1.0,3.1688265433453044,1.398658360540976,1.0,1.8411899048439726,1.585507298776257,3.0516111565969872,1.2856296241046374,1.190797543650729,1.4513192767162872,2.4380177791290576,1.0,1.7127171237914596,1.0840203969771203,1.0190154455023521,2.1897358349837552,1.0,24.152850328735585,1.0,1.7606400318392652,4.44688473316932,1.0,1,1,1.0153670327352255,11.377603727763837,4.186933335099184,1.1305019302896684,1.0,4.011438684917035,1,27.02069698889162,13.909435665171037,13.467917802530078,2.2302211918235693,2.681182074166777,1.5038757490258188,2.678543340855212,1.0,1.7061316684531025,1.5476479939886671,1.0,1.0814635282050622,2.2956651599913624,1.0,1.2589708467005871,1.9300132955995304,1.0,1.0,1.0,1,1.0,1.0,1,1.0,1.0,1.3773832770751728,1.0,1.0,1,1.4931733862294805,5.826966130537616,1.109310305726067,1.0,1.873438898171383,1.0,3.3804497269066744,1.0,1,1.0,1.0,3.6128228253769867,1.0,27.604466944112207,100.39682701551615,8.514320959396313,1.0,5.874560131197836,1.0,1.0,10.669527316186162,1.0,1.0,15.368857124442329,4.627517360296289,1.0,28.75073254108429,5.061614723138235,1.154781189588477,2.790961332309877,3.3425398689757464,5.592737061218352,1.0,1.0,3.809039851397862,3.6395951604004946,3.8153195958118884,1.0,6.287104171642567,1.9068080079741774,4.4364701407030225,10.12358583472669,13.9706030016765,2.391282615251839,1.8426812812685964,4.59709360897541,1.0,42.021467073323876,18.400360016197933,70.40530566945894,19.490668731841787,32.2501324381669,47.9791013943238,20.11452099221504,257.0287113767088,45.68210288286209,57.74552255868912,104.83532048761845,24.59074812233448,38.34868002980948
TEST_08+3일,2.7415549381316233,48.49762564486381,3.068035823075411,1.0,1.0,1.1107400440297888,1,1.3928828532413717,1.8972705426657523,1.3264649069760726,1.0,1.0,1.8576245425237192,1.0,1.0,1.4938968291820736,20.25941312128651,1.1157308450107837,1.011523106727343,29.69675081192202,8.548694977870152,2.6025057777150575,1.134681813934061,1,18.470191317475596,1,1,31.341616975676192,6.147596033351481,2.2502487522601813,2.01407131459545,1.0,2.8045787910285784,1.6301786826512306,1.0,1.128154948947486,10.562907993661891,6.377055272459984,2.3588563849123045,9.284673503573115,11.141818870452909,1.1897304029928948,3.167450295293895,1,1.865740504377632,1.7700085939172618,1,2.1616891070763935,1.0,2.600441570139714,5.489243173057539,1.2769065585236217,5.1738719440081375,1.0,1.3550223902446183,1.3428285653537044,1.1063360460601142,1.1212090923977602,1.0,1.0,2.65590653940078,3.386075435426791,6.753734699034085,6.96477474884539,3.6584261046882176,1.599346443988607,1.0,1.0443464767312487,4.178567357595497,1.9215386970215587,1.0,1.0,1.103029756091201,1.2292101666704365,2.1201828410532446,2.3808956419656324,1.0,1.7585969321835158,1.8038481763446315,1.5096322332332637,1.4262487420530503,1.6194778033601047,1.3213383575407347,1.0,1.3221013893293376,1.845106960394474,1.1226222541399158,1.0,3.0193458084493963,1.5664213141661336,41.69302756685639,1.0,1.0,3.4208141950469595,1.0,1,1,1.4162816732259882,7.269506905440853,4.848589611689468,1.0,1.0,2.934301749829886,1,22.527772116420024,41.12826288582687,7.763265578507964,1.3935925350696754,2.7369833547454947,2.085243330105978,1.6136603391184188,1.4869847323010619,1.0,1.75605337606405,1.0,1.0,1.878188349706211,1.0,1.8613952952610802,1.3274747691986184,1.0,1.0,1.0,1,1.0,1.0,1,1.0,1.0246842941808576,2.6957831112231934,1.0,1.0,1,1.0,3.9612829345781977,1.3352984272487007,1.0,3.1598358652275484,1.0,2.051439873475613,1.0,1,1.0,1.0,1.2462897905388206,1.0466501369176333,65.43644499632134,159.1542168522564,4.557446769474986,1.0,5.070883176441287,1.0,1.0,9.03582628230348,1.3086985952249255,1.0,8.923141990637882,1.0,1.472832421302631,19.475780725479126,3.579610801681,1.0741285681240706,4.132556416131046,2.0704882838478587,2.7443170210126135,1.0,1.0,2.736153649470964,1.0,1.3655904234270564,2.9001233670860525,11.080307246884331,1.1796627311850898,1.552181839942932,11.622231920808552,6.005704015959053,1.0,1.0,1.0,1.6181655563414095,37.54632319117476,22.97383710717194,49.82188647208044,17.57567552416485,30.805891838559802,38.03294852121669,21.205265798020466,197.79326867164897,44.99035727977753,54.32397902011871,93.75725476443768,19.644531565904618,33.57347851395607
TEST_08+4일,2.0732302237229407,62.52205730426368,2.5611399718234127,1.0,1.0,2.5,1,4.901411221805343,2.007719471295552,1.2196153267334426,1.7585470565910215,1.0,1.0,2.3091189953609947,1.7567649246856036,1.338805274971253,34.0318106284591,1.777561241778601,1.0450167841714864,38.10274862681344,15.071971487082958,3.9843171144048384,1.3469100849441853,1,21.15913999530206,1,1,27.347881385387353,7.905208826483946,2.9672300262216362,2.7039602473494497,2.6963275049029747,2.5019882992189557,1.0,1.05257986692034,1.2641338757720815,9.53961135776691,5.0588905066251755,1.137396633348471,12.702566857443669,8.081971952628775,1.0,3.208442407309033,1,1.5129007190857087,1.894946148867158,1,2.378389520729275,2.5,2.0118553280656415,4.079726961769457,1.1419021417913549,5.004726170818767,1.0727707999933722,1.235721098478852,1.768041280148633,1.3769612419484876,1.0,1.3082229948487984,1.0080991379136846,1.0,1.8922235557935285,6.558843080131741,8.779585083527849,4.154788121069198,1.8264640437409967,1.4609527475651831,1.0,3.67403593844804,2.1470627335723873,1.7479807779870282,1.0,1.2151082028728042,1.8296085094191146,3.637883075946472,1.6715159459627649,1.1499486620235353,2.148711256607161,2.408844197763326,2.021118332454081,1.0036322083666784,1.8036784414919724,1.0607000052421218,1.0,1.2319193644789417,2.4708441527908076,1.5875650346575607,1.0,1.9252337888361988,3.791677909602254,42.60041798209759,1.0,1.0084516900511193,2.609003248378065,1.0,1,1,1.0729088862723115,11.06449923069181,1.0,1.2149526603029026,1.0,3.1068586955546547,1,27.84359712950557,43.02427627879979,3.0904887408967987,1.0,1.2479744385879858,1.0,1.0,1.0,1.0,1.6715538292201433,1.0,1.659298492682808,1.2619496143995932,1.0,1.9430500352825513,2.2750972039690294,1.0,1.0,1.0202760568481768,1,1.1647105092820003,1.052374187483802,1,1.2249728222394616,1.0054517199272879,3.5253247201702385,1.0834584045846558,1.0,1,1.4675827530391572,3.209246829914089,1.369422270179748,1.0,1.7045415039542249,1.0,1.0,1.0,1,1.5236575629596676,1.0,1.0,1.0,67.0432119065863,115.94213901483846,4.4482050251099885,1.0,3.033815231378294,1.0,1.0,7.721418944534204,1.0,1.0,8.52661262169483,1.2108899026822277,2.5,18.120700120925903,1.4126542830384574,1.0,2.94518074590538,1.3435739260698303,3.6787139537906732,1.0,1.0,1.4439403709273573,1.0,9.164859690889715,1.7109057111665604,8.517083748592995,1.0,1.0,18.46761475279927,1.0,1.0,2.070668527856469,1.0,3.9207363408058877,47.27983148487868,19.663859992028275,47.02473810911364,15.56208666893726,36.32524776104747,38.28424632471957,17.76434834594361,197.3078346976124,38.34660649895668,55.04678279161453,85.18284054100513,28.23571019768715,30.154475677013398
TEST_08+5일,5.550986530715881,86.22055846258758,5.224766161859408,1.0,1.0,1.4087687099525077,1,5.4179548550878085,2.0424161346988847,1.9100296466762678,2.122779286034724,1.0,1.5508920068214287,1.5367662220353757,9.15706087821972,2.30184472381192,56.84913814856416,1.3968300217181395,1.818872520506,62.68818163014285,18.882319113078914,2.646876497798638,1.0,1,26.25,1,1,52.82008595125358,8.747349961718959,1.478180137329422,2.7846904212060224,4.424098368176413,2.410604965736198,1.5968490262505315,1.176999833698323,1.5221427512006653,20.231577305679696,2.651335559785366,1.0,13.056263370934705,10.113538349916665,1.2983598472751199,3.9325998615646682,1,2.0554457720011117,1.4550094610735487,1,3.235193156480846,1.0,3.732161858675962,6.4045645730428875,1.0,4.488452754361743,1.081052507822535,2.2092093565059656,1.4076352491359874,1.7679816269313298,1.736893895992595,1.1993589606312247,1.0,4.8871197597991,2.3686430499443643,8.140628843854843,10.050612546619313,4.17493566988186,2.3234922808829848,1.7352994579143473,1.1029599713128275,3.44105715401597,1.0,1.8577325380159904,1.3540691577284403,1.3557909441183285,1.7209052743536724,2.647232121662139,3.062108880870946,1.0,2.2767920058096647,1.0,3.3018408913055777,1.0,2.7296822280754136,1.2829191355267537,1.4863411077011117,1.7033325845556033,3.4923811841857075,1.442772873873472,1.270728510067568,3.2611709182365476,3.0345804916985357,51.43946885598182,1.2089118822673852,1.112184320456546,2.252360180311825,1.0,1,1,1.026898049879748,7.2670165007005005,3.0908361351439755,1.494834572567431,1.3501477936624042,2.36256709848024,1,4.741887739592231,41.68617244851513,4.988373377437557,1.2885495091524128,1.8770422504352573,1.0,2.295033672438606,1.3691590769927866,1.2632069334893652,1.3778620366159393,1.16930932672652,1.3696413188257746,1.533645841060076,1.0,2.210974292827022,1.0,1.0,1.0,1.1064117390841501,1,1.1809880784425442,1.174399456844115,1,1.1534284491508955,1.187620644630872,4.679982040215228,1.08334142789038,1.1841205533451309,1,3.1844549931083956,1.0,2.168255201828478,1.0,2.1327505498300465,1.0,2.138899915603559,1.0576128939567495,1,3.475431115635016,1.126415212377763,2.19512806633774,1.0,140.112787987142,108.19148192025673,4.404472167693896,1.0,2.0459373041192164,1.0,1.0,6.340438696529051,1.0,1.0,7.250816007165189,1.6215838539720147,1.9821092754389518,3.070794939994812,1.9985018658484692,1.0005275318412947,3.9191479027407827,2.1677975898673307,2.9168283164895916,1.0,1.0,2.7194516677016742,1.0,5.529388418782037,1.4729836098849771,4.006314795347862,1.556499730562791,5.435096906963736,21.61629109382629,4.2848266840912395,1.0,3.610594075173139,1.1744638495147228,4.499241072684526,53.67897937622244,22.20200618215555,64.29985623793158,20.276682664637764,37.685245449734744,39.23920910200551,22.722903691007225,218.76022548239973,44.6179014980793,52.88940042257309,93.08800135552883,20.281470336019993,35.1775644287467
TEST_08+6일,6.946839535266289,61.359264369650845,8.101318725174073,2.284393191531269,2.099090109688046,2.5,1,3.823427147894644,3.2111301632883356,1.7142276392671925,2.5,1.5136746550582896,1.6957163865878202,1.6892475498895887,22.45920679061924,2.234940926085418,30.85022876776087,1.5705801157684962,1.954628812468244,45.29062202061861,14.455853546205972,3.321528836153124,1.0,1,26.25,1,1,76.9028401142732,10.013118413601745,5.119394698852904,4.000325456860289,5.411847240108913,1.0,2.26322030739858,1.582619354606487,2.2223393276105443,37.37172310848172,1.238617692142725,1.6254494611072798,26.42586290416742,13.381315338647386,1.287051423933693,4.679906205762118,1,1.0,2.7600572828576544,1,4.071741119805266,1.8509296974140133,3.66559902573649,10.006457188225015,1.0,5.923140039554393,1.4126341008704708,3.594488156384696,2.043293043308226,2.9220127592110194,2.1303035314332237,2.3785605341860765,1.3209816395098664,9.28594037700091,4.258227795137258,10.90003531501077,9.465050486473736,6.200228823209074,2.742594795918358,2.036822178005624,1.5050242431351262,2.9005277245167598,1.2089065717570098,1.8439246393300532,2.9664267450239477,1.0979228248070678,2.2034274559607536,4.03639181451714,2.6748445248088606,1.33316219798678,2.239848864671425,2.372937726040761,4.775649663466982,1.3168681958434203,1.1590205101568982,1.752174500705969,2.5,2.0380071129293076,4.85491872778003,1.929516426916446,1.2420635888654952,2.650205530259365,5.389820885213335,44.888739273387294,2.304270275889334,3.3730372120667282,4.071201525914835,1.3298385861363442,1,1,1.0,15.333117775418232,2.8785024885705957,1.7700933796583258,1.733591933722094,4.25919250408184,1,25.552410447389388,22.640826064469927,7.420543110906052,3.5374083072967912,4.031489312856832,2.282871846849916,3.7100546743087204,1.9017521461924647,2.240100850714386,1.8464538578802079,1.5056927545845296,1.7795010114126035,2.2886544148819423,1.0,2.424390913376478,1.4476880607629068,1.0,5.18201208114624,1.0,1,1.0,1.2892007868115536,1,1.055998275888096,1.0672686931978903,2.750905452087689,1.0182282787451375,1.0133202970322062,1,4.262348476211639,4.641526823692992,5.784112292422448,1.4055629365635598,1.0,1.6343386348836928,6.901245447813736,1.1912920406393785,1,5.120530199520471,2.1144480710698117,3.2341236730460308,1.0,111.99364394008401,42.24429278843355,4.007385696109622,1.4881194322410607,4.687328610724636,1.0,1.0,7.0708994448137075,3.3585048363471506,1.0,12.2062763457321,3.781315591197563,2.0327858472205182,2.7234435081481934,3.8750080723177587,1.8895021939049925,5.149595140231589,2.232161305994379,3.1507680818206825,1.0,1.0,7.1272647188043114,7.419494484900496,17.11400774111971,3.9800144806504245,11.840286595048381,2.210928136948496,11.093826589174569,31.17371313422918,12.428062323201447,3.2346534547396,5.591138502582908,1.6513554805889725,1.0,65.3566348875928,26.696805039404133,82.78474135119338,27.418149154466814,43.3496017639301,53.35463063363409,28.65731737156373,257.80330277210294,45.556314915418625,53.011486530303955,108.05946749448776,23.40396730899811,40.597460174560545
TEST_08+7일,8.461942719271862,9.924322355288083,10.044071306256733,2.713195320843702,2.5,2.2037009955688664,1,1.7324383266196404,3.443107102105324,1.8832532616982791,1.6387441233264983,1.7477679644752029,1.0,3.455100048441072,27.471401287102765,1.266277592517098,1.0,1.7192480336346934,2.1864843375194005,6.148564478634999,3.5371833839291913,3.1418909022488317,1.261280477992276,1,11.049196536883915,1,1,37.922690215296065,13.141760553952974,5.450066224700817,5.759464781770677,5.06593799743749,3.444338701697599,2.222853607246553,1.5397638885559644,3.121860378316201,46.52828546918946,1.4332257583737373,3.54035988094827,37.133938388924896,18.282907747646977,1.880971648006963,4.9180169306708725,1,2.004461728174683,2.8795207559509417,1,4.404143274650995,1.7737715566246735,2.56412301552846,15.209576186021913,1.0,5.8389228725569104,1.0292279318236843,4.685235868013936,2.194593918403246,3.18215224217545,1.6435265709033022,3.0657261962663425,1.0,9.283084813128482,7.729393930734243,16.737400157045805,8.635212275783527,10.042853232094485,1.7400903843108637,2.2409042865688154,1.512959589157366,3.2933705456637896,1.0,1.644562001609784,3.365443420932687,1.1001620105703651,1.6926233547010534,5.079997801913277,3.222462453513392,2.037652676843733,2.9772511697369928,1.644484382728844,4.172739421102023,2.098922597332684,2.2084651228645003,1.8995940990382758,2.3894344094223627,2.4135803427020597,5.38228234051655,2.2437296254760817,1.5391588056391952,3.0438290864397315,7.463350701640293,28.04641787402946,2.686049993112223,4.665469562886402,3.8774837665113915,1.9556474355801117,1,1,1.0,10.973962227362717,6.310258265123076,1.875214788642726,2.142375876502597,3.8483190667340383,1,140.625,2.739465445203886,12.948721468206525,4.318858625180015,5.945336244733498,2.5152262494151283,3.39834467465657,1.5838759471232058,2.2521633466835844,2.497022519463767,1.8509272478567005,1.0,1.78105910840156,2.1275672665028686,2.2435184338330707,1.0751143548160367,1.0,1.0,1.0,1,1.0,1.0,1,1.0,1.0,1.0,1.0,1.1473773842776043,1,6.079193427908334,1.9745268081189369,7.083986012948707,1.9105454265403399,1.986304778594013,3.072362936058239,7.278661052464029,2.206225851590521,1,5.320595431838021,1.9561321824460132,6.5662309912776315,1.0,64.10847084273783,45.36223760334891,6.4311291282612295,1.0,4.351044205699344,1.0,1.0,12.745191348212497,2.106833492890675,1.0,17.58041749633349,6.563207568198032,2.4339370820943813,1.0,8.14740312935606,1.1930608861239596,6.227921982457837,3.174869542151761,5.463022177080996,1.0,1.0,9.063175297185746,11.785680289869196,15.105880214180797,5.732687845826149,13.438262345967813,3.267889719922095,2.8724050340242684,28.92939573675394,9.963030888233334,6.835526483133434,3.9358839187771077,2.5689645214006305,6.559424005448817,92.12633314635126,43.47330041664755,90.92833359914846,32.31088266434166,55.37266131128731,71.44825357078697,40.488457341429886,270.5814090334696,43.17918324172497,55.73311701416969,119.26973456144333,20.685162024199965,39.41319398134947
TEST_09+1일,7.549777975195103,9.017017259372258,8.118292001762713,2.1961732692123164,1.8290282337318697,2.476680420968157,1,2.1167089671983828,3.503468502085998,1.8212355222357377,1.6708869966027522,1.517763627537338,2.269397687826366,5.1053119454917875,24.450012757900634,2.3877152790352087,17.947362152805248,1.6862435112796728,2.286102088318122,4.011901937629135,2.0988711824337156,2.4211783280916697,1.8754626185716035,1,13.48417846393355,1,1,13.801508134869842,12.338917311274516,5.059221268434774,3.1297848566702,5.385648688611995,2.5532000552793606,2.3052157534669395,1.0265023180438075,3.670489700455891,37.8684621572052,1.0,2.3395817878626066,26.857985593269085,16.219049205277262,1.0320283563792325,5.150003355438944,1,1.5629140855845651,2.230024735422817,1,4.472301164890853,1.693925333703522,5.013281288896647,14.687604827028634,1.0,4.589065612048329,1.0,3.1859244292864033,1.95279071065321,2.5357196589328086,1.9907539285995683,2.2363256088957724,1.4107992200412773,8.816861200499739,11.245121517734413,24.596584381547824,8.378665817179408,11.425699708811196,2.0555364310253843,1.6773928802756448,1.155984034313779,4.218799745229552,1.5413047978117866,1.4127945830220623,2.7508890929774434,1.0073762855889665,1.2385152888081479,2.802650589061162,3.096290434461412,1.896408461254674,2.355012640704174,2.1936608043481978,5.115968296940449,1.3471390576559519,1.9346505235079077,1.7735693598165485,1.8506457168367403,2.294035118191251,1.905126480146485,1.6579020344818953,1.0155167174695963,2.0069776394922223,5.306872026625196,14.793361246526718,2.0646858687350798,4.0541987277417855,5.237892306563399,1.3844504080303723,1,1,1.0,16.95092329197334,3.059928443504583,1.6088670290372868,1.6127806696426235,2.824509263386531,1,130.61874872241341,11.937464423698408,16.860328371329,4.71682589083392,3.3487138575984714,1.5595967397092505,2.2563944932641595,2.6843550559511162,2.547595155765036,2.3403442381349215,2.472199752398746,1.4412121481735714,2.23894854032775,1.721431398160113,1.7756569231413877,1.0,1.3395692639261876,3.0375828742980957,1.0,1,1.0,1.0,1,1.0,1.0,1.0,1.0,1.0,1,3.8021259104788614,4.538390226758958,3.0255432574939563,1.1245389963331567,2.8286510343899454,1.4971131574434817,3.531501738448703,1.3912349366110286,1,2.954522746938899,1.0,5.93094924687946,1.743878816248297,45.65295782543174,73.36984362014256,13.48797641965243,1.0,8.637094572416927,1.0,1.0,14.850629807960807,1.0,1.0,18.135248722543377,7.198363476133696,1.9818636899545208,20.04659414291382,9.725554996706927,1.0,4.134574349456089,4.053408633169019,6.308043353956893,1.0,1.0,10.818158133381722,12.739111894066445,14.313071361207403,4.383454538881779,11.217508978676051,2.4947411944158375,6.232552531640976,29.244103199243543,15.736428622063249,7.555377492681145,5.846491791307925,3.1683981038630007,7.439833737909793,49.470149206079135,24.22528978270091,47.47576170812078,10.551370513373106,31.450274656167107,33.440871980296535,21.88505752420482,164.7932010180268,31.713350969552994,42.08207234740257,73.40609489381313,19.557634100317955,37.56421694755554
TEST_09+2일,7.365516505862338,42.552385516750334,6.182404362611214,1.2548871057005104,1.0,1.0,1,3.5258993567700956,1.9181137407320699,1.0393977261995435,1.6745245554273,1.0,1.3220192117087606,3.7643057507136444,8.673241150075041,1.5195436980729229,31.75260356882259,1.425039412411695,2.1403672675035215,40.88045205958086,6.874594174340515,2.672676855161175,2.0209693439538143,1,9.991246480668275,1,1,23.889342617398913,8.756177946666188,5.376006800031566,2.2736052189756726,3.626047351971807,1.2236974269499659,1.5855883545737801,1.0,3.56337622335623,23.390024837056856,6.06099434196949,1.8902381930371872,15.26399686017362,13.4741054043613,1.5688491528282176,3.690531356342562,1,1.0,2.4281351133295397,1,3.471301225932427,1.0,4.301325201433449,10.78381913049151,1.1061645636119553,4.85264002458533,1.0,2.5264805306178157,1.8891596363480119,1.804927020652781,1.0,1.4528407248436033,1.1738448442770089,4.8644446981926235,8.779780484457149,16.73506618074832,6.829746514486076,7.309031145110747,2.0516052156846643,1.0,1.20222383545399,2.54063369065934,1.0,1.1257758466954708,1.0,1.2310111694575452,1.0,2.28979393333039,1.9551391125804745,1.0,1.8292983059038102,1.5509225897165724,2.2385640647458662,1.971862468179671,1.3514308233948429,1.206453559243506,2.4016244049710274,1.0061213663764073,1.6431288547620961,1.4218886449506014,1.0,2.2531534188445828,1.0,28.612377465537488,1.0,2.210870291776822,5.105006742912552,1.0,1,1,1.0,12.948338311302834,4.680745673424676,1.3460224621398043,1.141792629613332,4.253321979570818,1,29.897765751423417,12.797064598374686,12.9926566082802,3.739357080641577,3.01050949588469,1.8377749189428072,2.399548492195782,1.1669476350556796,2.047022018767122,1.4277031452711852,1.5424966945857765,1.1810008374664684,2.2620317552655496,1.0,1.4664185616483172,2.1836526262366784,1.0,1.0,1.0,1,1.0,1.0,1,1.0,1.0,1.58213411219737,1.0,1.0,1,1.6234528729844386,5.623596897475882,1.0,1.0,2.8245267903818596,1.0,3.296631616018504,1.0,1,1.0,1.0,4.546281895996257,1.0,26.567643968282823,118.58497890505485,9.111789881688136,1.0,6.996552287594373,1.0,1.0,14.097965928665971,1.0,1.0,17.370517307755147,5.055834868795842,1.139224546659475,24.49888050556183,6.908299969450317,1.3805318427934503,3.0521903024203083,3.7054155736914987,6.385859857722139,1.0,1.0,7.119093476899832,5.195631769718602,1.45145190503099,1.0,9.113677363144234,2.799472415819764,3.4652431430295105,10.454895253106951,15.454588481597602,3.9308554111048575,2.0429732110351324,5.665171678364277,1.0,20.37790037050594,5.02161087317396,33.84098806907131,7.094269088192523,18.505355299375687,17.26704938614344,9.796555251858207,105.70340925810287,31.4535734474659,38.126324117183685,70.78211710229516,19.822813783586025,29.493803219497206
TEST_09+3일,4.87516952666514,48.78033801574345,3.8426490235292188,1.0,1.0,1.116620878427575,1,2.4695956927611338,2.3830123216398853,1.7457288148837746,1.0,1.0,2.0623062468360756,2.126447783492639,2.533278146825694,1.8815171443096657,18.0076279850295,1.2788628162322617,1.620297473815763,32.26761247882913,8.029015446553707,2.585815225779686,1.5202741098603527,1,21.628938837428997,1,1,31.33077912628674,4.201704284380656,2.8900640569192753,1.5761893838970684,1.2653508323278162,2.938254033431354,1.7311869241569378,1.0769515263470537,1.7367241592864715,10.715373823735407,5.359405875205994,2.678381598844733,9.40925672959888,10.301447769776203,1.4364350890802577,3.6137994938932874,1,1.8395872500473582,1.6803673648523194,1,2.970772099614434,1.0,3.580728409034859,7.12571496775853,1.2875423538310147,5.020498247493519,1.0,1.200332040431766,1.1303996584433473,1.2161957590908463,1.0,1.0,1.0,3.239791845321183,3.7214440570468628,7.633607898303258,8.556590012119992,4.035439721133383,1.6937523035950452,1.0,1.0622942252616392,4.01660497113802,1.387127420666961,1.0,1.0,1.2823369340573088,1.0,2.1668815381132775,2.977022358215591,1.0,1.9810818997891202,1.7797953042666435,1.3551191758182584,2.1411373314321698,1.6555678257568165,1.1016148326753912,1.0,1.3378454595163238,1.6819713220345733,1.8435529333056802,1.0,2.8830123471493185,1.066904503456621,49.67187207102419,1.74714476618035,1.3453752467618187,3.9388591871064755,1.0,1,1,1.389136267700038,9.648529196101476,5.61618279845928,1.210455591581784,1.0,3.503257124383492,1,22.961375103595856,35.46719345014972,7.447099401462976,2.6474643454025544,3.115812640986361,2.3133123701009204,1.1333555191330063,1.590449613955385,1.0,1.6476751909442697,1.7769018804564318,1.0881686277313283,2.0150207012340924,1.0,1.7393669000275116,1.3145100869085724,1.0,1.0,1.0,1,1.0,1.0,1,1.0,1.026651901957684,3.047860519856198,1.0371161219013052,1.1307910141504822,1,1.0,3.341900554296814,1.022490519812452,1.0,3.2052917175869426,1.0,2.2942790835615026,1.0,1,1.0,1.0,1.9844894676990554,1.1935439915181012,65.10828053684239,171.35095265841193,5.424831870039675,1.0,6.030380959499094,1.0,1.0,13.031648295493138,1.3501843299662797,1.0,11.012071112473171,1.3140578936590885,1.5678556237469055,8.717586100101471,5.968220057253937,1.414994818885679,4.676538321926937,2.4729642725558443,3.773027125026807,1.0,1.0,5.003682754525753,2.3218722872436044,1.8095339563442392,3.720678579062223,14.364737064810468,1.7858791651669887,1.3022196423262358,12.98622517324984,7.721974741015583,1.0,1.034598408266902,1.650654026120901,1.0,14.085900824226465,11.752224300250324,17.713365470352255,5.166735104844214,16.533962435329062,9.883778305142574,9.537293681713784,66.83006207121124,34.36922165751457,35.74367433786392,57.87225081399083,16.777407494187354,27.521928021311762
TEST_09+4일,4.256080734678544,54.478465402208876,3.2081092908335904,1.0,1.0,2.5,1,6.001214802755522,2.302531579409521,1.4387574256823263,1.2141108551073279,1.0,1.0,4.022837636902904,3.641499925081241,2.225919270291433,38.17814331196535,1.9654930330827334,1.74036632694251,46.66618213456004,15.816254615704342,3.521263146976353,1.677200019307356,1,22.864280295054705,1,1,37.446008251919025,5.517121334294292,3.062037604282066,2.3407355476080447,3.2618096831060464,2.1520667771023305,1.0,1.1997562500967418,1.6053536511936,9.760394850703886,4.314509108662605,1.4840453889049836,12.736708874503492,7.142689076052862,1.247121988824828,3.611682472761485,1,1.3739071742788695,1.9711407116766297,1,2.9121597572919735,2.365413739478755,3.13480204613388,5.877501816263858,1.1616900807028432,4.8526742708819555,1.0,1.152452700565064,1.9865078106712895,1.3638551686720946,1.0,1.3339684749217615,1.0982864361363913,1.2888306958919005,2.089932189902653,7.687889400243253,9.327981613643985,4.5006629501181274,2.0108632800505086,1.7340452993516535,1.0,3.649180020589173,1.4380675688907725,1.9901575328627923,1.0,1.4000338925200613,1.3900582968522441,3.5786017980601166,2.135776898796467,1.1014136734613107,2.0556418003396217,2.5,1.060478936525345,1.4318899625146602,1.68340329008262,1.0,1.0103208853947523,1.2224581185493575,2.59991355668728,2.28732093483212,1.0,2.2184118953373364,3.6637253896704753,49.989097376264745,1.0,1.4688793927859456,3.209888324560685,1.0,1,1,1.0510494025437662,12.831590553084448,1.0,1.437261241188542,1.240828343405774,3.6616463349833306,1,26.92154668498251,30.03620054388117,2.8314275198454237,1.6906949132941782,1.8070709992121596,1.0,1.3005425073908414,1.0,1.220926740156793,1.5808499203633197,1.5334334618413026,1.8011394527149582,1.3183913855972174,1.0,2.0690279969526655,2.336980508564438,1.0,1.0,1.123161252724055,1,1.2351590396966319,1.057156871141119,1,1.2743000960484265,1.0463155418190184,4.051473529394359,1.1359243750004244,1.1073591947800767,1,1.3968439370421963,3.829104050650198,1.0,1.0,1.987535537605903,1.0,1.0,1.0,1,1.651565192720029,1.0,1.6051500957170197,1.0,74.26699654883689,130.40304784377838,4.896152851988603,1.0,3.9435725629736464,1.0,1.0,11.777669867520586,1.0,1.0,10.284087346476378,2.0374475126202554,2.5,16.159425973892212,4.740087802337102,1.0,3.3108495015744306,1.7558647592060268,4.563270530904313,1.0,1.0,2.6533819953644824,1.0,7.579682684363797,2.9152774997055526,11.443394429632463,1.5483104204759,1.0,20.684822005033492,1.0,1.0,2.3695149924606085,1.6452243397012352,2.27617902867496,22.58748349980901,8.91384016396035,13.989963018208725,3.6870430180441747,20.237324298773785,11.209424087716563,3.852362409343186,82.66926511971495,30.43495396077633,38.34553211927414,58.84657271951437,25.135040152072907,23.689266626536845
TEST_09+5일,7.235703731366841,74.28197059929091,6.246576080979985,1.0,1.0,1.0,1,6.520987265341731,2.376619650904067,1.9064283212101891,1.512981670992637,1.0560424792558825,1.6568651614011654,3.4302146554526085,15.429427268797843,2.5,67.22960099656837,1.578312583850313,2.5659500686576826,78.61003633289519,22.245755071725632,3.243289856828363,1.2702121419134582,1,26.25,1,1,88.19960930382916,7.099295561195208,1.770883638713427,2.352219937691282,4.796727681546638,2.640157451298035,1.6776908652007128,1.3073554132217344,1.824329717443623,20.889941245793974,3.6833009868860245,1.091033863257002,12.345726300911906,10.455743105248999,1.518510732274771,4.429118738008974,1,1.8236857668325164,1.680472874654124,1,4.018999329561943,1.0,4.837647213927752,8.401789781496396,1.0614312924732918,4.41984250851174,1.0,2.045853893046734,1.3910907907961778,1.7048584723459626,1.5848738782101766,1.5993360473038898,1.017598872897976,4.8308466108633805,2.543984615683028,9.414000515066551,11.184374448835685,4.533276539743203,2.264401524134961,1.9532384978270583,1.1180433101047078,3.0995134574013488,1.0,2.430347952685915,1.567247210427355,1.5227207250758452,1.5418733115125995,2.502591963501231,3.606774814223598,1.0,2.1609845051400125,1.0176529007341149,3.1203807851204712,1.5051780875925702,2.54735981001303,1.1766476918738993,1.2443137625491378,1.5857267748814736,3.844537129516731,1.66084578433987,1.1916247651032308,3.162232104602196,2.975883077037881,57.36152713569891,1.488993923662966,1.4069871071239628,3.0166136978011426,1.0,1,1,1.0721744239541673,9.483866374777524,3.159172398883718,1.7013433479001572,1.5524280448216705,3.0113193286595723,1,6.676896786504155,33.48361637109293,4.7441148183768265,2.4172386298348894,2.243969757958007,1.403523200553584,1.8591884890825898,1.416648047397438,1.605728010680293,1.3179391497837658,1.8736045998719062,1.4430347308169242,1.7582382488176584,1.0,2.5510053885738353,1.0,1.0737425228973494,1.0,1.1863744644203922,1,1.3427744045602736,1.236343467973624,1,1.1715420007446142,1.2474374182018595,5.150952542005886,1.1964373476335646,1.3139867588083372,1,3.1139848663359553,1.1691855649606526,1.0718329802744437,1.0,1.9645839293511826,1.3211565091742739,2.523661879965392,1.0986632629513813,1,3.4042069240822252,1.105882417175304,2.807913092968384,1.0,138.888653495266,126.15157373213768,5.061757837425429,1.0,3.025577920843564,1.0,1.0,10.317270298278931,1.0,1.0,9.411176705948597,2.267619628431344,1.9205774576449277,1.0,6.133450530434803,1.269837336670918,4.232807028570932,2.5038516026253066,3.919271948168112,1.0,1.0,3.8073701423338044,3.0185982898809014,7.946571670216508,2.630475889891386,6.27875600371044,1.996154940803535,5.064243443310261,25.60295736864209,4.081548867840319,1.3373760874383152,3.9763503894209857,2.631310652196407,4.342160854488611,28.713582976314488,13.50171767303875,25.12312373386206,6.247430459237523,20.717085940736602,13.908588570574018,6.375846353746286,110.45015661186143,31.494594749808314,37.43678197264671,66.80624524503946,17.560426291823386,29.11784473657608
TEST_09+6일,8.63534338245928,45.85427591068626,9.487155541921888,2.207977634893624,1.4728506378852215,2.5,1,4.943652358975226,3.503051015068952,1.7256961752685716,1.6390690904253946,1.6608821904108282,1.6898534885822891,4.142871334771884,30.301480660721097,2.5,39.347348521372695,1.7852326573342794,2.7466046669712636,58.752452015642525,16.91085866735342,3.457654052370017,1.2670871300560969,1,26.25,1,1,100.2797954139329,8.04595693879181,4.97781702270227,3.800226974763903,5.659148085231443,1.0,2.6613626720898305,1.7369459948550423,2.0834802038545512,39.16842752660006,1.0,2.013294773155111,25.30394550052092,14.000465139815848,1.570627215467287,5.344781991537996,1,1.0078051423181864,2.8901138386003935,1,4.605157926115868,1.331159628750171,4.357531108480886,12.428512841216751,1.0322553288384346,5.618249679577636,1.0,3.2478641338877785,2.1003946288159883,2.9283860718915515,2.067478973311394,2.5404943773444777,1.4480741427912032,8.925593747685783,4.905930600723254,12.616462451346793,10.826186605953657,7.249775318269104,2.6688685066667923,2.3335751510660265,1.4422017415066979,3.1139788744672923,1.0,2.3657344195015044,3.138607236375225,1.2418253392831045,1.7725929826107494,3.197058455572806,3.1976485423819545,1.3178854581486676,2.1837176047299707,2.04743010871852,4.413885741125797,1.834648680520708,1.0232159585227716,1.5369198172872403,2.5,2.0587825683918033,5.232471856074161,2.093270660917936,1.273781464344021,2.461350028817132,5.921060615664559,46.594520584216205,2.0805752646167748,3.524510353032556,5.2272707579603646,1.452571741526211,1,1,1.0,17.21178600679019,2.467515265627236,1.902790443239179,1.9058914363462014,4.79995692635778,1,22.767270080550723,15.079024185111232,6.383111945441122,4.610046188363623,4.491432650960675,2.238672525672333,3.349354323385712,2.0175939525616258,2.70964627887935,1.9401397862940697,2.2275902863386676,1.8607592535310116,2.286809977242417,1.0,2.29398639794534,1.5510033954898,1.0380798889447458,6.353731155395508,1.0,1,1.0798109681973678,1.3346994446209068,1,1.0744796613777252,1.147589010845395,3.124056638721836,1.0619679941422104,1.0951096133818432,1,4.435860975805443,4.702543933747344,4.52631658380382,1.4386953957801254,1.0,1.8069597461448783,6.591789540400946,1.2465264354794425,1,4.963887393258384,2.0955940124078882,3.7638563954433883,1.0,122.09815621822366,63.34638536078424,4.165062487636276,1.0,5.324296282013996,1.0,1.0,10.988214206633318,2.836143641586559,1.0,13.818202953615145,4.896875534478823,1.9950308610339988,3.833824396133423,8.008052030999009,2.0112510308241425,5.422768883721713,2.591195251349088,3.9683987697500074,1.0,1.0,8.838122848716102,9.698597036115824,17.95782889565453,5.438460223376751,15.558577370364217,2.5564661084208637,10.305321529507637,33.553268159925935,11.278128420189022,5.186054727062583,5.576773412525654,2.7937203349545596,1.0,41.38188660433011,17.21876345403958,38.24581071839062,12.82223630987423,26.396861874443946,26.191702082345472,12.687853861488136,166.4052882303033,35.19804176688194,38.757918030023575,78.40009238570929,21.377009005844595,32.61014406681061
TEST_09+7일,10.789611099239128,1.0,11.888189326206925,2.715867032603816,2.4493413148955443,2.3933495203006885,1,3.0635017506148174,3.775196594223242,1.925494731538235,1.7527677869261964,1.9523698920448163,1.0,4.8712263987118565,35.713416621199656,2.191833564611932,5.042370591757487,1.9327310170408392,2.911551081535909,10.33353907957246,3.9236610500296845,2.9575363909423933,1.6344495359441376,1,11.116398094477283,1,1,58.673629844001454,11.292895146199221,5.556631983501291,5.408844141102677,5.494158668339075,3.124445123240386,2.5805589332045047,1.7250889467126156,3.057021227461514,49.63257004449752,1.0,3.942358867435669,36.54792624479201,20.16494637819823,2.2501204667545025,5.624516888727857,1,1.8336149276924503,2.997292267775386,1,5.011323489158765,1.0471308985202992,3.359555537127974,18.033682034982682,1.0,5.622462526422153,1.0,4.325458915227191,2.125930486109312,3.230126044693008,1.6084206717841116,2.9203192840659558,1.0,9.481760023669432,9.734207582399325,19.78510787768619,9.566040341601445,11.524448776091994,2.2866737883774855,2.3822939122998195,1.3314822373554032,3.5054276171154846,1.0,1.8951211295287969,3.3945885077928475,1.2587451623849635,1.3587788050646117,4.919798006561551,3.763816009916007,1.933595574464952,2.8350089280510016,1.967124350422702,4.549816384234192,2.368087621290577,2.0682670042047477,1.7408978050279191,2.5,2.507176426214656,5.657620788999997,2.5002546287313625,1.4601197813031126,2.697159798371877,8.333958102791557,26.70209046496978,2.1854073275627037,4.903529048826264,4.383841832324705,2.0875642222163533,1,1,1.1215824321642407,13.077166116176581,5.839451977587505,2.104109800283197,2.231089631509859,4.349075222011748,1,129.81328815275063,1.0,12.543576504678827,5.297683493794033,6.510558540885646,2.8050728788708597,2.6318458311909008,1.8988824391469785,2.7560474882483,2.4413370680027704,2.415785153776772,1.0,2.0883374219016413,1.9604284852979832,2.2621917516176206,1.147697713817017,1.1995129241007854,1.0,1.0,1,1.0,1.0,1,1.0,1.0,1.2670594735946297,1.0,1.2477819769040546,1,6.215965851065458,3.4125310069282206,6.16512539207763,1.9155107317232083,2.0683453402012555,3.1360166898860036,6.907506910824125,1.9039277258996503,1,5.067168681572387,1.812112658242136,6.911623883422495,1.0,84.08514055445227,66.43907428986816,6.688417501618699,1.0,5.065980946445312,1.0,1.0,16.107904344748693,1.8323840321028677,1.0,18.60076988022759,7.273341200239448,2.37262893513304,1.0,13.05188715373882,1.5564694074693077,6.483293791939441,3.451219569688128,6.08614908617963,1.0,1.0,12.30393874778922,13.820290838577783,17.861560256918892,7.354484420269727,16.905610752059147,3.8138016024604435,2.8961051106452937,29.931221306324,7.579486069548874,8.62430614978075,4.067321581766009,3.146328324638307,6.582232724875211,63.86156025879662,35.78459156560792,47.35036267958096,16.06809363180224,42.51143049591109,40.00084389392928,26.733657190006564,196.0909292945245,32.909550324082375,41.616313606500626,93.9618326202035,17.832576213777067,36.383600279688835
