영업일자,느티나무 셀프BBQ_1인 수저세트,느티나무 셀프BBQ_BBQ55(단체),"느티나무 셀프BBQ_대여료 30,000원","느티나무 셀프BBQ_대여료 60,000원","느티나무 셀프BBQ_대여료 90,000원","느티나무 셀프BBQ_본삼겹 (단품,실내)",느티나무 셀프BBQ_스프라이트 (단체),느티나무 셀프BBQ_신라면,느티나무 셀프BBQ_쌈야채세트,느티나무 셀프BBQ_쌈장,느티나무 셀프BBQ_육개장 사발면,느티나무 셀프BBQ_일회용 소주컵,느티나무 셀프BBQ_일회용 종이컵,느티나무 셀프BBQ_잔디그늘집 대여료 (12인석),느티나무 셀프BBQ_잔디그늘집 대여료 (6인석),느티나무 셀프BBQ_잔디그늘집 의자 추가,느티나무 셀프BBQ_참이슬 (단체),느티나무 셀프BBQ_친환경 접시 14cm,느티나무 셀프BBQ_친환경 접시 23cm,느티나무 셀프BBQ_카스 병(단체),느티나무 셀프BBQ_콜라 (단체),느티나무 셀프BBQ_햇반,느티나무 셀프BBQ_허브솔트,담하_(단체) 공깃밥,담하_(단체) 생목살 김치전골 2.0,담하_(단체) 은이버섯 갈비탕,담하_(단체) 한우 우거지 국밥,담하_(단체) 황태해장국 3/27까지,담하_(정식) 된장찌개,담하_(정식) 물냉면 ,담하_(정식) 비빔냉면,담하_(후식) 된장찌개,담하_(후식) 물냉면,담하_(후식) 비빔냉면,담하_갑오징어 비빔밥,담하_갱시기,담하_공깃밥,담하_꼬막 비빔밥,담하_느린마을 막걸리,담하_담하 한우 불고기,담하_담하 한우 불고기 정식,담하_더덕 한우 지짐,담하_들깨 양지탕,담하_라면사리,담하_룸 이용료,담하_메밀면 사리,담하_명인안동소주,담하_명태회 비빔냉면,담하_문막 복분자 칵테일,담하_봉평메밀 물냉면,담하_생목살 김치찌개,담하_스프라이트,담하_은이버섯 갈비탕,담하_제로콜라,담하_참이슬,담하_처음처럼,담하_카스,담하_콜라,담하_테라,담하_하동 매실 칵테일,담하_한우 떡갈비 정식,담하_한우 미역국 정식,담하_한우 우거지 국밥,담하_한우 차돌박이 된장찌개,담하_황태해장국,라그로타_AUS (200g),라그로타_G-Charge(3),라그로타_Gls.Sileni,라그로타_Gls.미션 서드,라그로타_Open Food,라그로타_그릴드 비프 샐러드,라그로타_까르보나라,라그로타_모둠 해산물 플래터,라그로타_미션 서드 카베르네 쉬라,라그로타_버섯 크림 리조또,라그로타_빵 추가 (1인),라그로타_스프라이트,라그로타_시저 샐러드 ,라그로타_아메리카노,라그로타_알리오 에 올리오 ,라그로타_양갈비 (4ps),라그로타_자몽리치에이드,라그로타_제로콜라,라그로타_카스,라그로타_콜라,라그로타_하이네켄(생),라그로타_한우 (200g),라그로타_해산물 토마토 리조또,라그로타_해산물 토마토 스튜 파스타,라그로타_해산물 토마토 스파게티,"미라시아_(단체)브런치주중 36,000",미라시아_(오븐) 하와이안 쉬림프 피자,미라시아_(화덕) 불고기 페퍼로니 반반피자,미라시아_BBQ Platter,미라시아_BBQ 고기추가,미라시아_공깃밥,미라시아_글라스와인 (레드),미라시아_레인보우칵테일(알코올),미라시아_미라시아 브런치 (패키지),미라시아_버드와이저(무제한),미라시아_보일링 랍스타 플래터,미라시아_보일링 랍스타 플래터(덜매운맛),미라시아_브런치 2인 패키지 ,미라시아_브런치 4인 패키지 ,미라시아_브런치(대인) 주말,미라시아_브런치(대인) 주중,미라시아_브런치(어린이),미라시아_쉬림프 투움바 파스타,미라시아_스텔라(무제한),미라시아_스프라이트,미라시아_애플망고 에이드,미라시아_얼그레이 하이볼,미라시아_오븐구이 윙과 킬바사소세지,미라시아_유자 하이볼,미라시아_잭 애플 토닉,미라시아_칠리 치즈 프라이,미라시아_코카콜라,미라시아_코카콜라(제로),미라시아_콥 샐러드,미라시아_파스타면 추가(150g),미라시아_핑크레몬에이드,연회장_Cass Beer,연회장_Conference L1,연회장_Conference L2,연회장_Conference L3,연회장_Conference M1,연회장_Conference M8,연회장_Conference M9,연회장_Convention Hall,연회장_Cookie Platter,연회장_Grand Ballroom,연회장_OPUS 2,연회장_Regular Coffee,연회장_골뱅이무침,연회장_공깃밥,연회장_돈목살 김치찌개 (밥포함),연회장_로제 치즈떡볶이,연회장_마라샹궈,연회장_매콤 무뼈닭발&계란찜,연회장_모둠 돈육구이(3인),연회장_삼겹살추가 (200g),연회장_야채추가,연회장_왕갈비치킨,연회장_주먹밥 (2ea),카페테리아_공깃밥(추가),카페테리아_구슬아이스크림,카페테리아_단체식 13000(신),카페테리아_단체식 18000(신),카페테리아_돼지고기 김치찌개,카페테리아_복숭아 아이스티,카페테리아_새우 볶음밥,카페테리아_새우튀김 우동,카페테리아_샷 추가,카페테리아_수제 등심 돈까스,카페테리아_아메리카노(HOT),카페테리아_아메리카노(ICE),카페테리아_약 고추장 돌솥비빔밥,카페테리아_어린이 돈까스,카페테리아_오픈푸드,카페테리아_진사골 설렁탕,카페테리아_짜장면,카페테리아_짜장밥,카페테리아_짬뽕,카페테리아_짬뽕밥,카페테리아_치즈돈까스,카페테리아_카페라떼(HOT),카페테리아_카페라떼(ICE),카페테리아_한상 삼겹구이 정식(2인) 소요시간 약 15~20분,포레스트릿_꼬치어묵,포레스트릿_떡볶이,포레스트릿_복숭아 아이스티,포레스트릿_생수,포레스트릿_스프라이트,포레스트릿_아메리카노(HOT),포레스트릿_아메리카노(ICE),포레스트릿_치즈 핫도그,포레스트릿_카페라떼(HOT),포레스트릿_카페라떼(ICE),포레스트릿_코카콜라,포레스트릿_페스츄리 소시지,화담숲주막_느린마을 막걸리,화담숲주막_단호박 식혜 ,화담숲주막_병천순대,화담숲주막_스프라이트,화담숲주막_참살이 막걸리,화담숲주막_찹쌀식혜,화담숲주막_콜라,화담숲주막_해물파전,화담숲카페_메밀미숫가루,화담숲카페_아메리카노 HOT,화담숲카페_아메리카노 ICE,화담숲카페_카페라떼 ICE,화담숲카페_현미뻥스크림
TEST_00+1일,7.537824172287518,12.483933233070106,4.405636223377167,3.6223188072544956,1.0,1.1510154444702694,2.788028242687365,1.9857708745476386,2.362790867738354,1.0,1.0,1.0,1.0,2.940102279590633,22.130574059075613,1.090480735115619,1.0,1.0,1.498332307983151,1.0,1.0,1.132975118195498,1.0,1.0,5.8128935687749435,1.0,2.605388823568592,7.382871608741851,7.036900346670144,2.0418704298941748,1.777489429984761,2.0437609460923136,2.246455265219884,1.663888960008757,1.0,1.0,22.113384289064776,1.0,1.3141671227381961,18.759821379134866,14.140349587197703,1.0,1.0,1.0,1.0,2.5624477598889865,1.0,4.313550787285876,1.0,2.477399617093846,9.957396580375995,1.0,6.50776358891943,1.0,1.2747505091094427,1.0,2.1865696527759475,1.0,1.0654127624837466,1.0,7.6552173065439275,10.035700376391432,12.960744949302555,8.341499746024466,9.030791535379915,1.9230613201788953,1.0,1.0,2.2974859545632014,9.289002012855777,1.5321368939651192,3.483139552737908,1.0,1.4142613319514958,3.323858771137478,1.2101432370920318,1.0,1.498302125909776,1.0,3.8921829673661374,1.9297476567824399,1.0,1.0,1.0,1.3059857205612384,2.4366986502014805,1.0,1.2753918427777036,1.830618187936932,4.800135060268012,6.548269323768013,1.0,2.1196046767395877,6.419190240330466,1.0,1.0,1.0,1.0,17.341905422038355,4.035352141247326,1.0366890494470082,1.0,4.780167442242752,1.0,192.36656325197413,5.018593924585179,40.28627249574992,2.2031270702471693,3.2076531481978785,1.0,2.3097960434520286,1.0,1.2962112591985697,1.0,1.0,1.0,1.0,1.571226004458628,1.2813374510572368,1.0,1.0,1.0,1.0,1.0,1.0,1.0,1.0,1.0,1.0,1.0,1.0,1.0,12.105229603253456,1.0948365770355286,1.0,1.3055357517926212,1.0,1.0,1.0,2.4716628612906177,1.0,1.0,1.5233555785186947,1.0,6.113769777445325,1.0,35.7108862652778,1.0,15.61564332573598,1.0,5.822554672441222,1.0,1.0,20.956234488806807,1.0,1.0,20.8112758555228,5.0350039776379205,16.34484074806134,1.0,7.912705022722074,1.0,5.456372349533417,1.6705503642133044,6.616555389405127,1.0,1.0,5.47691944028891,1.0,1.0,1.0,11.734145043526178,1.5480316071074123,1.0,6.866035852687558,1.153265853602055,1.0,1.8447668853786074,4.252295314467897,1.0,27.840639657647436,5.752132442401345,25.571619189003666,6.090113561764933,20.44759588708209,22.29204456638062,5.626951472235929,75.06210419897434,45.33087185964856,5.46537857584279,41.44812061407616,8.039287079883723,24.426353632906697
TEST_00+2일,2.117181897537254,39.49386546767541,2.7197574922409147,1.22873215318841,1.0,1.0,12.65687134749434,1.1791885665603314,1.0,1.0,1.0,1.0,1.0,1.3780514567362452,7.497112196263978,1.0,7.484897580456552,1.0,1.0,14.113778447652663,1.0,1.0,1.0,1.0,1.0,14.698192129726971,2.0128585309119944,1.0,3.6240192189623315,1.6012932201376366,1.193191008332869,1.4073705219403239,1.1864373108102253,1.0,1.0,1.0,17.186512938467093,1.0,1.0,13.455662480244449,4.942529537275296,1.0,1.0,1.9524369988140426,1.0,1.145167039901409,1.0,2.6384568276689033,1.0,1.3710413968163897,7.907991398963443,1.0,4.822986047036679,1.0,1.0804258410713272,1.0,1.1887822792744014,1.0,1.0,1.0,3.1738957503957317,4.003540335246635,5.4622189561216485,7.126409471640012,3.8649574553423407,1.0,1.0,1.0,1.0,1.0,1.0,1.2624385368026876,1.0,1.0,1.6050288958608263,1.0,1.0,1.3694701429514133,1.0,1.655908662172558,1.0,1.0,1.0,1.0,1.0,1.3661956578174834,1.0,1.0,1.0,2.6563968919703567,11.70166606239055,1.0,1.2806764191586801,3.284344523814772,1.0,1.0,1.0,1.0,14.153840734041555,2.607964106493883,1.0,1.0,4.21597579921685,1.0,30.060023841073534,49.01869759526637,9.65965832216127,1.6450825242314466,1.4600759415004863,1.0,1.4601782687427636,1.0,1.0,1.0,1.0,1.0,1.0,1.0,1.0,1.0,1.0,16.433353299619256,1.0,1.0,1.0,1.0,2.1911820632749013,1.083944290605186,1.0,1.178996567756407,1.0,1.0,60.42785519814328,1.0,1.0,1.0,1.0,1.0,1.0,1.0,1.0,1.0,1.0,1.0,3.036140364062667,1.0,44.277893753447096,53.28508305478313,7.029916352873949,1.0,3.6338496822652684,1.0,1.0,9.208397650881786,1.0,1.0,12.771249464382562,2.4767648358770145,30.848202250066294,1.0,3.8657074021786135,1.0,3.190433771935643,1.4058181890374513,3.150645093475493,1.0,1.0,2.7187735680922818,1.0,1.0,1.0,4.665177637623725,1.0,1.0,5.242202773242368,1.0,1.0,1.0,1.0,1.0,2.9154234470732714,1.0,3.204091299356189,2.4224972115054095,5.210147407548022,1.5333039586447705,3.1268843810773634,2.146157447676499,8.155896262820933,1.2568494420089955,1.0,1.0,3.3086326875714205
TEST_00+3일,3.983980663569662,82.53643839753238,1.8457980275634456,1.694611204054894,1.0,1.0,8.538573138525608,1.523963003432172,1.2542799218814646,1.0,1.0,1.0,1.0,2.206868709039785,14.502579343503815,1.0,5.015991518353088,1.0,1.0,7.128452766297503,8.896648789213351,1.0,1.0,1.0,24.99487130514227,16.37267847643653,4.614946624226086,38.21075663289529,4.31268656648399,1.3497787477623142,1.0672811012764498,1.4605991059731414,1.6541197049320462,1.0,1.0,1.0,16.244008736421975,1.0,1.0,11.345936286920919,4.619291911170171,1.0,1.0,2.4067681345810077,1.0,1.2625755498568374,1.0,2.8773809502732095,1.0,1.37530687991849,8.386150770724731,1.0,4.0097381027163514,1.0,1.1372581892363889,1.0,1.1634715676607361,1.0,1.0,1.0,3.283788028061035,3.613361978164029,4.120759785977238,6.4033702736092275,4.391540304068594,1.0541012249324873,1.0,1.0,1.2493493402915696,5.430639464516695,1.0579049295095702,2.071216513325676,1.0,1.0,1.9236024146748998,1.0,1.0,1.0,1.0,2.4934486107481413,1.1019003785473704,1.0,1.0,1.0,1.0829244434679066,1.9960011103882134,1.0094027385746394,1.2692354910958374,1.1644712083326894,3.2456984838769634,42.90439911225457,1.0,1.2272007638922073,3.666133101286415,1.0,1.0,1.0,1.0,12.764469417629337,3.1475565349120567,1.0,1.0,3.5106641616291565,1.0,26.631778128162217,49.57669618741243,7.767757984882082,1.5823280187207136,1.5756988612618146,1.0,1.2138409794827814,1.0,1.0,1.0,1.0,1.0,1.0,1.0,1.0,1.0,1.0,30.199320525576898,1.0,1.0,1.0,1.0,1.0,1.0,1.0,1.0,1.0,1.0,65.36132978282629,1.0,1.0,1.0,1.0,1.0,1.0,1.394040374896994,1.0,1.0,1.1086557480614028,1.0,2.8637067202157755,1.0,64.19674261574168,24.600990424649495,5.523516630877379,1.0,3.0885124125838797,1.0,1.0,10.593373545479905,1.0,1.0,14.219814679785314,1.9658723612049982,21.95622312817642,1.0,4.889831246511028,1.0,2.994030469753508,1.6121634507177407,2.353466505794384,1.0,1.0,2.7851882125141367,1.0,1.0,1.0,3.9181204788329307,1.0,1.0,3.9861002669106593,1.0,2.0806372042501344,1.0,1.0,1.0,7.309110545507214,2.716612867886222,6.5013877168477645,2.588319193834275,8.801321942035099,5.2661494280966705,2.4445589028005656,24.039545717200237,28.00479796538675,3.761817492900727,18.98971180799517,5.361242721842723,10.202683970345221
TEST_00+4일,4.54885093863975,43.185153902966036,3.1000056636035227,2.0485753561446476,1.0,1.0,4.697320521379464,1.6941163816190719,1.2621298887542352,1.0,1.0,1.0,1.0,2.1868588026760825,11.473599226951226,1.0,15.421436264117341,1.0,1.0,2.7710447796882933,5.6418670163411715,1.0,1.0,1.0,23.0009599553358,26.742522106521946,9.720630970414932,54.40100049395427,3.3050668880580956,1.4299763751428176,1.0331241540075464,1.4466025644084504,1.6823712782680196,1.0,1.0,1.0,24.91291266676147,1.0,1.0578774713982777,15.805098590993559,3.068531128557431,1.0,1.0,1.0,1.0,1.126400508811328,1.0,2.906355185095246,1.0,1.626249422508663,9.368364830707018,1.0,4.489634102083548,1.0,1.2725237409763372,1.0,1.0584097635691136,1.0,1.0,1.0,3.8885949999047096,2.9518107293278755,2.984859749772218,9.798813975144228,4.034665734575388,1.1062422941031327,1.0,1.0,1.2199549453404148,9.494807571047465,1.151123452286888,2.0169357282359863,1.0,1.0,2.0983104572009714,1.0,1.0,1.0,1.0,2.2027098853123315,1.305041285943511,1.0,1.0,1.0,1.1942138522961525,1.6005906216669792,1.0,1.2350080400230894,1.1212790646321955,2.958337745205491,48.509416501318285,1.0,1.221257143490281,3.532831080269513,1.0,1.0,1.0,1.0,20.659689478771778,2.5766119837689527,1.0,1.0,3.7617374844322056,1.0,27.54266048161709,49.22830471329223,13.961032954252621,1.4754614391284342,1.4871089066945917,1.0,1.3657206266395379,1.0,1.0,1.0,1.0,1.0,1.0,1.0,1.0,1.0,1.0,19.593310979375307,1.0,1.0,1.0,1.0,1.0,1.0,1.0,3.5634499784599836,1.0,1.0,16.778988494467903,1.0,1.0,1.0,1.0,1.0,1.0,1.2358327431182352,1.0,1.0,1.0,1.0,2.885954409926863,1.0,46.63516185747958,17.54991510589077,6.052316307495239,1.0,3.6357933244529255,1.0,1.0,12.465214117090097,1.0,1.0,11.854974881994098,2.34741060521718,17.917444831679983,1.0,4.053408803700334,1.0,3.0643180744166054,1.687324989271169,2.8077638992409555,1.0,1.0,3.6736453672692972,1.0,1.0,1.0,4.063627445453632,1.0,1.0,3.7042275155931073,1.0,1.0,1.0,1.0,1.0,5.1976272204925795,2.754151687794891,7.561806279786843,3.038610939490438,7.58918155960561,6.647842045623734,7.281599834497237,23.553986999681275,11.91757915081986,3.3169294602918202,10.38359996497008,6.044902934852961,4.283512330561393
TEST_00+5일,7.0695929891084255,102.58499330339302,3.5750401630053514,2.3345312623828356,1.0,1.0003568049928275,35.003106351528324,2.916748861574696,1.968516607434233,1.0,1.0,1.0,1.0,3.3444695253166974,26.470666738656703,1.0,60.91889552363946,1.0,1.1625486071651618,61.341497300038995,24.29684261547502,1.4517912143456697,1.0,1.0,2.6041414884699674,49.297426317439516,17.1641935624959,82.59257775753574,3.3602139880139896,1.6274950054489246,1.219737637216623,1.9033408715921631,2.094920031627888,1.2340947664701234,1.0,1.0,24.789096726111293,1.0,1.1696008296479306,25.215334140468986,2.7214838017640943,1.0,1.0,3.8103240128225417,1.9950130067660239,1.1550442613685918,1.0,2.803085505437421,1.0,1.7300137652978018,10.549646577828867,1.0,4.8856961369797185,1.0,1.7401660482897918,1.0,1.3800381202540741,1.0,1.0,1.0,3.6143267395540715,3.899781457644576,5.251153373446521,9.960026614398249,4.29888431693288,1.1759197389561875,1.0,1.0,1.646918214071175,18.445190223850428,1.1668459713243111,2.5101447548432265,1.0,1.0,2.648883065684067,1.0,1.0,1.0,1.0,2.175090104470014,1.4333891662741867,1.0,1.0,1.0,1.4468195363983418,1.91626571500766,1.1391103780895335,1.0263244235153668,1.4363912428092471,4.142176162225874,37.035749255809,1.0,1.7043402231234928,4.5102205851063095,1.0,1.0,1.0,1.0,19.7880015978401,3.4723732885531065,1.0,1.0,3.3425267396135108,1.0,63.888036523459505,35.96784461185959,16.49105995445166,1.8322233661815368,2.1048681219926317,1.0,1.4769299211936524,1.0,1.1244471063454409,1.0,1.0,1.0,1.0,1.0,1.1729851357223446,1.0,1.0,53.979552502164005,1.0,1.0,1.0,1.0,1.0,1.0,1.0,2.448648810341302,1.0,1.0,130.1364999429501,1.0,1.0,1.2853721490520336,1.0,1.0,1.140072289037632,2.7372553382908578,1.0,1.0,1.747751770298993,1.915542332149483,3.4318154537901044,1.0,34.09131737447266,69.08979335116415,9.445856475159598,1.0,4.989961929503439,1.0,1.0,13.95680846247547,1.0,1.0,15.660671824510395,3.530769155820203,42.646332865712665,1.0,4.63055445742458,1.0,3.392254959881162,2.133818018203485,4.23420171567928,1.0,1.0,4.7102549195778805,1.0,11.268410552381168,1.0,3.370394250011244,1.0,1.0,8.822950626109638,1.0,1.0,1.3527547328863103,1.0,1.0,8.504374741619184,3.136510885029031,8.970641051986647,4.090972926962384,8.252113888531644,6.46920480441419,6.512539239682264,21.85090826626626,19.33092049084277,4.055695379930748,33.25678447829756,9.237033131218585,13.179840710644317
TEST_00+6일,8.852954069478688,74.39089759502016,7.577149758519351,5.233266449190795,1.0404932891314163,1.7003007538119221,34.22842192299125,4.3553383484661445,3.3178714194810786,1.2402596577342209,1.2987475439395064,1.0,1.525378436523539,4.909770242144724,18.885898739530433,2.013760151950547,42.29576461321931,1.2209595317151491,1.6350868502474019,33.410445904202064,29.014065725440098,3.9015947525878802,1.0,1.0,32.32714629994089,30.03989462764816,12.930238983118127,98.41655742476505,4.9682440942097434,2.7199285248552703,2.03656366648986,2.8797914768828448,2.6032481248730592,1.44046359595575,1.0,1.0,36.55328770835388,1.0,1.6605017572899459,32.814078784765336,5.969568165959835,1.0906975127835572,1.0,6.326698116509803,1.0492088030915003,2.3807461608394638,1.0,3.9023449711749145,1.1448598052517756,2.4118981937022235,13.2259744558904,1.049532378930082,5.835578283045912,1.0,3.095810157603271,1.0512459551152558,2.2427360063387676,1.0,1.2664529326005571,1.344822195741978,6.313561349182887,5.185390216765916,7.81107274592445,10.160621879919065,6.183089276839139,1.7395937849160954,1.0065279014246695,1.4204457718253964,2.5631080781756395,8.246315825587114,1.7274225921668522,3.574494726736666,1.0,1.5310312675448792,3.559274383301599,1.4202669805797765,1.0,1.7172954473674344,1.3060596959290915,3.007881808754875,2.0986096653619546,1.3449874059239633,1.0,1.216367113258936,2.1631058743285063,2.6210437107564752,1.544944051960852,1.7249837545790632,2.044899846445875,4.9791502597463335,56.66009802509184,1.2805981556120167,2.4633640009515676,7.038928411387742,1.1247551840848184,1.1781946844066409,1.0,1.0,29.003171125460142,5.479971774194761,1.5136630322560838,1.0,4.417072081377712,1.0,61.93664628375919,56.097689674271834,19.742904390176463,2.936028402925322,3.519551349072283,1.0999885340850946,2.532684959323442,1.027513919826651,1.7772984604075857,1.1913108483279442,1.0,1.173962146054771,1.0506625305410788,1.4265305897337461,1.7371114006043307,1.2172986416517144,1.0,50.993148876685275,1.0,1.0,1.0,1.0,1.0,1.0,1.0,2.9910688235364074,1.0,1.0,105.24579153210257,2.25543744059257,1.1457044061071593,3.0935187630807714,1.72326681515492,1.0,1.7676248603901654,6.560096475051914,1.6536971334525998,1.10451554630805,3.6099560948571243,1.3065561003773767,5.6743324552992815,1.0,109.84287692949789,92.21185480553257,11.621269963645762,1.0,7.480510769032048,1.0,1.0,14.318070249238342,1.0,1.0,14.599785300187985,5.4431754591918535,21.17333003459224,1.0,5.655674845316932,1.3412988800386005,4.508370779278103,2.4212463449092088,4.415724984782396,1.0,1.0,5.467418438287218,1.0,2.9812697233392345,1.0,3.417843236251476,1.0,1.0,10.919854020282283,1.0,1.0,2.368567998237519,2.054267871838053,6.0884600773768796,13.763165119380172,3.349830658247221,9.955383942284286,5.226749093615966,14.31460166479632,10.197882278915861,5.095467615395102,20.248623262191522,26.766901118499085,4.229150116113526,55.34119646143197,7.398315582674133,13.061379093550714
TEST_00+7일,12.671197942765088,8.850677958265681,9.878629841695584,7.652783711860288,1.6140904848337765,2.426977053426226,4.639515395582343,5.725465274827615,3.7920219229464336,1.9161005595753564,2.154798653145998,1.3753969669488058,2.108644209502675,6.593992201998486,28.768771118127983,3.3197351918245213,4.349057408996664,1.6798829074842274,2.5016788377498482,2.309204168710941,7.173631326930151,5.813079981777349,1.469097789345901,1.0,6.232777269718731,1.0,8.573784861965335,1.0,7.481651901054259,4.174496676585719,3.029368719356579,3.6841686243790055,3.1656909176665717,2.476178816201334,1.3020154827368127,1.0,48.31805119398422,1.0,2.3018342940490415,41.29468256875315,9.059665824706833,1.7634177235018198,1.0,1.0,1.4895920136712337,4.058458793176347,1.1280271097051306,5.719007639165253,1.3576225552053744,3.5261840208191466,15.215027651920273,1.5878611794322985,8.916435708651917,1.4047163528020519,4.068332413582202,1.4972797646226503,4.4301722962416274,1.4363676616451795,2.1121853326145343,1.6986407538242014,11.291564041338141,10.174216969213273,15.387097710224205,13.629142188483602,11.17178943475622,2.783021708066859,1.2688810491742204,2.0520955064289943,3.0766364860652122,1.0,2.3399438566302506,5.410921675168375,1.0,1.8636435806060767,4.102621809231946,2.1895760901215118,1.200809552595887,2.0383801009397002,1.6663633547751784,4.0513144085509785,3.0769173132003367,1.911964282836918,1.2332828925243404,1.638787921257833,2.9691442158177352,3.8480175601771323,2.0724187179965408,3.0250975655433274,2.640869903561931,5.891097337824222,10.494396598731239,1.8125404552351565,4.247312550435709,11.209743911060428,1.6799422008517315,1.6847424244599731,1.134986727944514,1.550985051557456,15.613347911755653,8.7546837334981,2.39374804770964,1.1761646774083745,7.364084042248124,1.3370376190194324,163.6424913929623,8.981170737038793,41.24514255089136,3.873219527516747,4.76901590694191,1.5680830882259023,4.181025723548023,2.261891742780177,2.7083545027345144,1.6562043865754725,1.0264678187356269,1.7039281650640048,1.7815323105139091,2.441579540274301,2.3419506554249394,1.9219286748733773,1.0,7.786364314579698,1.0,1.0,1.0,1.0,1.0,2.2245364374197116,2.763683447723497,1.0,1.0,1.0,76.59402806499722,3.7244356699771872,1.9284833419216019,4.800598696011392,2.624835104806314,1.1506663834049473,2.7328182392010434,9.085646059024686,3.0032767072890603,1.772285363943456,4.65920245774483,1.6082194719038656,10.774133295351172,1.0,78.73604775598992,21.723391079802735,16.066064519917084,1.0,11.631713436358124,1.0,1.0,26.14743715530956,1.0,1.0,27.388303330478198,7.543701177004275,4.635831178467574,1.0,12.10922474371875,2.259304463813548,7.479275763707571,3.6495513970114914,12.486648761863512,1.0,1.0,8.61671807570668,1.0,2.5394748974990518,1.0,14.124567776523413,2.9706105623033876,7.77137650020553,21.153575829990864,35.4402087134103,6.227059332964666,3.541278166674022,1.7637346663952753,8.807897674809414,26.68627001243941,9.709071594749558,26.196339402168334,11.115840662635922,28.459509418590134,25.505329680563356,11.1507225281029,47.689839773073494,59.37758972153077,7.079798656247612,65.28345384048677,11.09704900429251,30.375904814314715
TEST_01+1일,6.025254041346338,2.626366679784142,9.209079982928913,3.8647119595586723,1.0,1.4961515460765864,1.5048165821969066,2.634676846352852,3.1232945982917473,1.0,1.0,1.0,1.0,3.4194193957517,18.628688712475977,1.2328094687365119,7.694821554029137,1.0,1.462390228527031,1.7932593118313556,1.0,1.0,1.0,1.0,6.825135499554329,3.220624902041075,1.680346486112542,5.176872469438949,4.884200951045836,5.40941806751096,1.8727631664154618,6.506892647753306,3.855042972322623,1.7698826337629066,1.0,1.0,37.84817432415389,1.0,2.109140662706526,34.48434500924632,15.653091029340327,1.0,1.0,1.0,1.0,2.9677770451235004,1.0,4.885361499256776,1.1820015567062216,5.7705970359749434,10.090186903605385,1.8327114318392956,5.694196274688591,1.0,2.9758234457803416,1.1125515117496139,2.721609995170597,1.002533167399163,1.2027810182200125,1.312877019280342,13.533562357839335,8.514276963263173,12.563880714954877,11.081205582639884,8.317473676462077,1.1885192445050485,1.0,2.112936376080099,4.134968131462771,1.0,1.6006723428178264,1.0,1.0,1.0,3.133796668763348,1.9325060670366871,1.0,1.1545530564015953,1.0,2.502771399388698,1.9196007438168283,1.5607128734655369,1.1542402281377149,1.6466842218811548,1.0,1.7230855762696446,1.0,1.7388500928327713,1.692932006163425,4.662104635710711,14.860482587810552,1.3832022103897368,3.9465049900521967,8.729027206258179,1.0,1.0,1.0,1.0,29.816050406127253,6.28879041095997,1.5390270235259094,1.22850889847537,7.450241840778548,1.0,142.64931982680818,1.0,51.74712573832059,4.114398798899477,4.525269026905478,1.0,3.805201744948477,1.0,2.2950474215061694,1.0,1.0,1.1856924526762513,3.143879417955532,1.657978532068184,2.0760547899967823,1.9437764647381928,1.0,1.0,1.0,1.0,1.0,1.0,1.0,1.0,1.0,3.1608232109480943,1.0,1.0,1.0,3.690000141610411,4.274117307101808,4.312919995621058,2.608283274422922,1.0,1.8457712073181425,7.659893766450975,1.0,1.0,5.477297878094305,1.6785117935111957,8.215637296799075,1.0,1.0,9.605447771492756,13.929438719405033,1.7979622528246102,9.030370064857774,1.0,1.0,26.283663156692402,3.1288448976329497,1.0,15.79100488799773,7.666016122280687,1.0,1.0,15.997897749666745,1.0,7.925719733088791,3.0246707926997805,13.770261814249245,3.1288448976329497,1.0,17.599298394998307,1.0,4.87167061513219,1.0,14.063394861102964,1.106255288599003,1.2271093668803672,8.737964144664788,1.1273808396318146,1.0,1.7171809539800982,3.72131119639965,1.0,11.049714592705072,7.422762574787918,10.749236917632242,4.784841279454614,15.750641300184405,11.891770416738646,9.067933762928893,48.90124055740681,33.90960059331916,1.6740517495386666,34.240131035659076,5.393230109938365,26.309966408994264
TEST_01+2일,2.7316293468799904,6.014756242775118,5.4666107756368705,2.0619036854716897,1.0,1.0,1.5285927886968378,1.0644190768610096,1.890048933242858,1.0,1.0,1.0,1.0,1.8928380147688948,9.831145007123784,1.0,9.607540346950623,1.0,1.0,6.146360319785751,2.985735507117153,1.0,1.0,1.0,14.38853558354741,4.895670545550661,3.5741618124916466,10.236657959968829,2.461582827356871,2.4424896026522145,1.1649567328801178,4.909727683030111,2.6952183463877017,1.1169662777806924,1.0,1.0,24.73616462143782,1.0,1.0898682393271115,34.490828455569115,3.5845048936052053,1.0,1.0,1.0,1.0,2.1032820072480156,1.0,3.0765792879569016,1.0,3.136290409827291,10.600935644763096,1.0,4.67180537165634,1.0,2.1366675020659067,1.0,1.7160884285076168,1.0,1.0,1.0,10.513316391266077,4.89713760807705,7.237037588946197,11.698831793590438,5.6012950973414055,1.0,1.0,1.1045126563228682,2.096803202400252,1.0,1.0,1.0,1.0,1.0,1.5570710111977188,1.0,1.0,1.0,1.0,1.0229038840669487,1.2169901022947605,1.0,1.0,1.0,1.0,1.0578413408304226,1.0,1.0,1.0,2.207103646215947,9.664420647838947,1.0,2.4423462894296977,6.091319610429884,1.0,1.0,1.0,1.0,26.081328596252273,4.225058920504806,1.0,1.0,9.120997663622123,1.0,35.79195822397446,1.0,42.48724398784376,2.6279444716902876,2.98870949986025,1.0,2.401677749805243,1.0,1.1915244198104005,1.0,1.0,1.0,2.0439355540812763,1.0,1.3530502133027102,1.022610425514679,1.0,1.0,1.0,1.0,1.0,1.0,1.0,1.0,1.0,1.1585529336610318,1.0,1.0,1.0,1.9875691870434797,1.796135633773834,2.040561510566823,1.4728633864357603,1.0,1.4804311467903553,5.587522253853565,1.0,1.0,3.2382697276922174,1.0,6.029552802673358,1.0,1.0,29.387318507880813,8.642998210681238,1.0,6.932563345710119,1.0,1.0,16.755599580781194,1.0,1.0,14.985299013951987,4.93738541117321,1.0,1.0,8.609242819130156,1.0,5.400802710771934,2.1681913698577677,5.757155042999787,1.0,1.0,14.351146412965766,1.0,1.0,1.0,6.202202614709966,1.0,1.0,4.456589949877333,1.0,1.0,1.0,1.0,1.0,2.884062997960709,2.5922514850171297,3.0540276654279293,1.0,3.0806474531017116,3.161845387096738,3.26016817072499,11.542940618360719,12.364352950715578,1.3687462886930097,5.230426607307473,2.439224499494487,10.799640227327446
TEST_01+3일,2.4363495909896207,5.086258386864401,3.626171175293496,1.9437528263804187,1.0,1.0,2.380420634792456,1.0,2.038378990972634,1.0,1.0,1.0,1.0,2.062603224740755,7.989749591938827,1.0,4.325225552838855,1.0,1.0,4.218237733209926,1.4375819187409558,1.0,1.0,1.0,17.52426268632201,13.836451486880929,5.91271932621221,9.966391067121137,2.8402931498712194,2.932140337097331,1.0050781136687608,4.383595709938858,2.406975422602317,1.0,1.0,1.0,14.990843904810738,1.0,1.0571949614558536,27.263481195627747,7.296523412015762,1.0,1.0,1.0,1.0,1.7325754760502616,1.0,4.861884075535939,1.0,3.013768307791177,7.5128285650506275,1.0039860130721752,5.198962556816193,1.0,2.311445368922512,1.0,1.3528553173704827,1.0,1.0,1.0,8.830625213570563,3.9500302184538048,5.3671452985552595,9.756431260157175,4.29486234258389,1.0240926660811143,1.0,1.0238117530979176,2.644011680706914,5.791657060115624,1.0475420824456927,1.0,1.0,1.0,2.1781471163903965,1.0,1.0,1.063713821050232,1.0,1.3177918521415584,1.1799655309124513,1.0,1.0,1.0243462463919906,1.0,1.2244337484637675,1.0,1.381075893226748,1.0,3.217749483255168,8.585086968251186,1.1420940602010876,2.1001429947422525,4.325050531842734,1.0,1.0,1.0,1.0,23.290786746021766,4.140181471219785,1.1294265934138497,1.0,5.820411494847906,1.0,34.277229361962256,1.0,33.72595317265662,2.444684967424311,3.622398939013418,1.0,1.7793409499222277,1.0,1.2324387542019484,1.0,1.0,1.0,2.348526152549085,1.0,1.0,1.0167828209831185,1.0,1.0,1.0,1.0,1.0,1.0,1.0,1.0,1.0,1.0,1.0,1.0,51.991369763551766,2.689704594653267,2.5825661279368206,2.338226320999198,1.3428200884221904,1.0,1.6959689428078244,5.043386301334845,1.0,1.0,2.8378978361853475,1.0247598658163324,5.071916833660628,1.0,1.0,54.66829246058641,7.881234978350079,1.2683633289425515,5.431994158524659,1.0,1.0,12.58379605118557,1.0,1.0,11.853213324202548,4.100249184205068,1.0,1.0,7.602801119720276,1.0,4.030336374396782,1.9801740840981912,4.877738167969053,1.0,1.0,9.207149505187182,1.0,1.5786556183670284,1.0,6.148152984591887,1.0,1.0,4.514412268953411,1.2040580935406848,1.0,1.0938434573201676,1.0,1.0,5.955750033996928,3.842041006806894,6.898563436955314,2.226935930053532,8.072562264436787,2.7939386021736556,1.0,45.12775428218711,14.314624742127844,2.168980612097826,20.419845711815654,5.838752294153952,25.881915130717477
TEST_01+4일,2.545708572999905,10.848838300771021,3.4449770015233656,2.059415106961531,1.0,1.0,1.5467762354900403,1.0,1.9311816279204004,1.0,1.0,1.0,1.0,1.9705650952220108,8.232480863642982,1.0,9.278753897299818,1.0,1.0,8.22767205275931,2.030929540813963,1.0,1.0,1.0,13.248767165429841,5.00852213950602,8.43985059228126,33.49043878766716,2.1579529669317283,2.1568604066162322,1.0522935385581744,3.911170594954984,2.144223318441421,1.0,1.0,1.0,18.10941316714933,1.0,1.0,26.85553417889112,4.597444429563621,1.0,1.0,1.0,1.0,1.848144585446899,1.0,2.9251277959744644,1.0,2.8514346848813243,7.4965981869436185,1.0,4.087528072603398,1.0,1.9786772936102257,1.0,1.795577474301456,1.0,1.0,1.0,5.88764695612371,3.830769125632954,5.000741595726984,8.620091033764146,4.047045828700937,1.0,1.0,1.0887508722436123,2.250323479331339,5.945748249192025,1.0,1.0,1.0,1.0,1.5872821021313643,1.0,1.0,1.0,1.0,1.0176464016456124,1.0,1.0,1.0,1.0,1.0,1.1519981417714,1.0,1.4431692968773369,1.0,2.600610626184282,11.682131913916958,1.0,2.232320232669267,4.185585018273381,1.0,1.0,1.0,1.0,23.075241379723362,4.609432713710802,1.0,1.0,4.363980405933615,1.0,48.326794020639554,1.0,25.985594534864717,1.8981570478045193,2.4863317102911444,1.0,2.0935240837681457,1.0,1.0,1.0,1.0,1.0,1.7711994143565681,1.0,1.0,1.0,1.0,1.0,1.0,1.0,1.0,1.0,1.0,1.0,1.0,1.2195090122204215,1.0,1.0,37.09107020354172,1.565732832752243,1.8370961893612616,2.206223330680036,1.2281383398735075,1.0,1.5789174994987019,4.055428830089379,1.0,1.0,2.461746937289433,1.0,5.142350793135824,1.0,1.0,69.50200001929088,7.3358946418243125,1.0,4.2662657996096645,1.0,1.0,13.165831503746407,3.1064714952892554,1.0,10.508155976796708,4.058437069987212,1.0,1.0,7.735119831654985,1.0,3.2148419432378774,2.184325063927512,2.5468034419582244,2.4284203771949815,1.0,5.056498878783479,1.0,18.381020554892395,1.0,5.9066991584393,1.0,1.0,4.2563831336001865,1.0,1.0,1.0,1.8844697554828667,1.0,3.2965466740939737,3.4435413902989143,6.911741232593686,1.84525198673242,6.248019333043194,8.171880218141611,4.505114495633352,5.8696177343244775,17.487709943304313,4.4732368338790005,12.130950146670527,4.12395516542344,14.011423891469876
TEST_01+5일,3.038580269934783,19.475359589963844,4.160163087848435,1.833408278136379,1.0,1.0,7.659900623278122,1.0,1.7813454515249543,1.0,1.0,1.0,1.0,2.5688966118026144,10.573205233785323,1.0,19.86995987499882,1.0,1.0,26.78120415036798,7.18177070641662,1.0,1.0,1.0,15.714265368538193,10.526251637809594,22.952275996024973,56.52218653335147,2.704062775693189,2.803179536231401,1.1968971395363226,3.544783403727524,2.359924646590373,1.0,1.0,1.0,21.075688620819285,1.0,1.2781728202882123,21.07185059968709,4.468562959354918,1.0,1.0,1.0,1.0,1.904430500785479,1.0,3.2558426539514587,1.0,2.8642335033544732,7.472040005268332,1.0,3.6010573985393144,1.0,2.041631742103723,1.0,1.7898346016912794,1.0,1.0,1.0,7.499231013343034,4.153398509738141,6.519676242622001,10.435160401802385,4.592596193879254,1.0297456851179076,1.0,1.3868067304851823,2.159507003301807,3.059840161502783,1.0,1.0,1.0,1.0,2.01842040302052,1.0,1.0,1.229977648304425,1.0,1.0039858713761407,1.0915140846001712,1.0,1.0,1.0,1.0,1.0819080937409606,1.0,1.0726685740118682,1.0,3.5396982918948496,26.393934146440536,1.0,2.0821110628621304,4.554427867077181,1.0,1.0,1.0,1.0,22.54129930694858,5.19414591728325,1.0,1.0,6.418774136759157,1.0,49.96623922347463,1.0,37.16395517923613,2.0747550301094924,2.9510698422029544,1.0,1.8920439610425415,1.0,1.0670374114176024,1.0,1.0,1.0,1.7507330665762275,1.0,1.0,1.1341969051613203,1.0,1.0,1.0,1.0,1.0,1.0,1.0,1.0,1.1891839329060674,3.3202677731696326,1.0,1.0413340666057629,55.07920115422293,1.9654512365750054,1.599712430898324,2.0001352955430742,1.0711105847830982,1.0,1.6789305259646632,5.329334891408608,1.0,1.0,3.3182453267988716,1.138355763732699,7.672080219533409,1.0,1.0,44.90005798843805,7.399296013487243,1.2895992269242755,4.750536115549025,1.0,1.0,11.304239931666363,1.0,1.0,12.825144390460308,4.188780585386751,1.0,1.0,8.494985234758223,1.0215999027625686,3.9396074233622556,2.1373035249860415,6.2483222484115,1.0,1.0,7.760068064316041,1.0,11.944341786819933,1.0,5.953503059038799,1.0,1.0,8.398164812094935,1.0,1.0,1.0,1.0,1.0,6.188555169027169,4.69353543513279,3.926692787368661,6.8811080176304,7.5420427993536805,7.4349246206858055,8.229030305355199,20.1227964748375,16.47819975066411,7.043609517436996,20.947941638131987,4.315770665312262,13.37562532667408
TEST_01+6일,5.322006371340982,15.507003952717913,6.395175647485462,3.6314197359232714,1.0,1.61329950859983,7.014961941665766,2.1983874692239747,2.8974555927213346,1.0,1.5280187656073432,1.0,1.0067837987634973,2.5639082846455348,15.070921452705523,1.237667049172634,15.579331292918111,1.0,1.5882050499038332,15.966008737779806,6.552930954749247,1.3024743152586,1.0,1.0,35.87297210096531,25.24367471466133,12.718604354985283,50.08326990109175,3.9118999494434545,4.027574716661646,1.9475860218315766,5.122675430134035,2.882891258403035,1.4725691888762578,1.0,1.0,32.87142614990476,1.0,1.7109648394206618,28.759888343557726,11.787055943665601,1.0039694594967485,1.0,1.0,1.0,2.959205263867223,1.0,3.988113725231246,1.0625033588726773,4.242228612805242,9.482717002035754,1.3508512993228694,3.6966769183444925,1.0,3.2791051504086406,1.3573990901274655,2.9588584077742626,1.137988545335757,1.2130304162421022,1.285134359362983,9.85914697843098,4.592951220769279,6.871299452152012,9.54580714978174,6.664009761685933,1.8157483564840922,1.0,2.191592539607854,3.553434483673122,1.044252299014572,1.5079077584025413,1.0,1.0,1.0,3.5282089411911457,1.555494746711555,1.0,1.658159597981063,1.0,2.160029766553351,1.7524829914241695,1.1200279618062021,1.3678129832039363,1.747231362879326,1.2950688422518506,2.2089470105250397,1.0294969134275083,1.6851505821553434,1.555326434463111,4.707833573681992,44.72621500550616,1.555513458611344,3.164513557958003,9.01135970340424,1.0,1.0,1.0,1.0,28.94465074170082,6.199972492225411,1.5319429820494244,1.1431556669341392,7.016156073593961,1.0,51.64338005424992,1.0,33.52148155409414,3.326582429114791,4.181208389511182,1.1609314623737303,3.10618415852258,1.0,1.9800304181247472,1.0,1.0,1.1341260558967299,2.557229446023487,1.4739851182371781,1.8062690030689783,1.7016429221984561,1.0,1.0,1.438825038225082,1.0,1.0,1.0,1.3300875224127102,1.0,1.3807512570015954,3.3450953164761064,1.0,1.0,90.57355452112553,3.829167681947919,2.990704559642226,3.683178889345381,2.4366374687555172,1.1976454821227125,2.2969293096959924,8.121129586227037,1.3989268101369687,1.0,4.312386038816934,1.8176991797278785,8.19405650767214,1.0,1.0,55.9199717872282,8.491445943700468,1.0,6.900989442312577,1.0,1.0,19.06837586425854,1.0,1.0,16.121039377076286,5.22427920014869,1.0,1.0,8.422349328894938,1.2026856281447995,4.199362283924879,2.5466146792969946,8.256658351957837,1.0,1.0,9.868022553794999,1.0,2.8557173299419096,1.0,8.66923837616675,1.0,1.0,4.703764024022762,1.3764761172903834,1.0,1.551540859106985,1.0,1.0,12.541754391892372,8.739741212390241,6.232432333823808,7.023520015838985,13.705171651064571,11.695171536970054,8.435504523465767,42.58302013112236,32.40829298160419,10.805535422448278,36.757959661654965,6.401493845737669,22.954492242036608
TEST_01+7일,9.583176404124279,13.044809171142433,12.647913246261059,6.122183202183637,1.4793964928325614,2.6676678245959957,1.0,3.836874600756638,4.577549154427514,1.3926701372029933,2.729658415190669,1.490976708337901,1.5042780534697244,4.359459473116969,22.419140118478417,1.9637129868137497,3.3119564010449087,1.2445729301096944,2.5666352596118998,1.0,1.0,2.365307717358971,1.2528039845453383,1.0,1.0865405808070734,7.5527824983814735,2.3877992542449675,23.68431571874242,7.1576568384061305,6.891299576596197,2.668364973070903,6.82379576840784,4.622042019856715,1.6620969371855718,1.499663679237998,1.0,44.433516107646106,1.0,2.7120198305741727,41.02208723576631,14.34055511036862,1.6894673266261233,1.0,1.0,1.3006669214471673,4.029960214514942,1.108374345965497,6.27013267960389,1.4782639888067828,5.759681440449042,10.549863305261011,2.0431422861358146,5.148954735216281,1.4883826492605534,4.0247749502462735,1.5462892071687606,3.8414093356277865,2.156502418077072,1.6214220869958957,1.9586918058169485,14.23359975475005,8.85439428015248,10.499893869986026,14.791171560897443,9.665829915303723,2.252698000106006,1.358238996940361,2.753874226269421,4.351525472637434,1.0,1.7711096557760677,1.0,1.3438492189330482,1.0454047130192332,3.742380744391954,2.6739618361880897,1.0093565928011965,1.9875900492032408,1.1383349449666105,3.004551734334849,1.939940074364769,2.0489577806753725,1.7064105187737466,2.4075470265886523,2.094412942514157,3.1713348969905204,1.610751333338188,3.082137868435345,2.118985185401572,6.1667772785497625,5.716863674660542,1.9573335136673216,4.738275395627158,12.910337558223674,1.3111396070906094,1.3037546899685886,1.2310468935643517,1.4735777443262674,18.703642930508213,10.836525043523473,2.1656951418746995,1.6500864245407352,10.552615770335555,1.2510182002810455,165.17712186260923,1.0,38.44219021495236,5.257102196817447,6.406608887532377,1.7596949756417755,4.547839725091761,1.819888548966001,3.2909678994920823,1.212849876930902,1.299015132321211,1.7290216937218297,3.093265121698003,2.8368036684770503,2.980203899139898,2.519823874446099,1.0,1.0,1.0,1.0,1.0,1.0,1.0,1.0,1.0,1.0,1.0,1.0,1.0,5.06967874447689,4.832731630165155,4.319209741823402,3.3861609388385334,1.596547978379668,2.5748033727524273,8.229952677682718,1.9797971301755672,1.2300827757501294,5.7015807615810346,3.1107623774417883,13.01028791596098,1.0,1.0,55.28296002602656,14.489792839387665,4.436225975018139,9.9588234399504,1.0,1.0,25.717450191196065,4.866672259399264,1.0,19.973133840250473,7.78516914951563,1.0,1.0,15.524207893758074,2.141848268346293,7.16875208912351,3.505362920374478,12.407473196038751,4.217019939240721,1.0,14.430348936505162,1.0,8.941811329445228,1.0,13.070200720405724,2.7098646582451424,1.0,11.23918672410094,4.4414808796894745,1.0,2.790611832439352,2.579661758304704,4.1613349037255105,14.51552764243255,17.760005915025435,20.057164764689883,17.358343283136474,16.034283815967896,17.22241122634901,20.288051907573692,102.24531162853242,34.171203322336936,16.8675004138178,41.0615472851367,9.235527352198615,28.750881049221825
TEST_02+1일,10.462187210111093,15.550847067516425,12.148825881062843,5.048139654774495,2.343060346423547,1.5196205840792543,6.259733890682547,1.420296368623964,4.052610713436108,1.1389586721876768,2.370895819059576,1.0,1.5040537299887182,6.170743845765237,37.531411284817445,1.3275136508910121,1.0,1.390887309755781,1.2919048444166226,1.0,6.0677336525726,2.0847975038201887,1.0,2.3129981921386396,3.4095668699135384,2.0185785343505573,1.701596878086292,1.0,13.557731108831407,9.069029102752218,8.219293394704188,4.952510568444906,3.017812156798786,2.294910417009773,1.0,3.8890217458430203,46.89061685440679,10.733584353709833,2.471952948007255,41.80757356726642,48.155531048269296,1.3520498022436649,1.0,1.0,1.0,2.5786255173130828,1.0,4.398338339592041,1.0,6.068994779857604,31.034986599800455,1.0,9.962596402309718,1.2140198794396433,4.834746425518587,2.0514004082003834,2.1774137667702647,1.4667777958552655,1.0,1.0,17.503933163288636,22.337672513313322,28.039473684343324,33.73482777119241,21.45684909926636,1.520139921686204,1.0,1.612461501114712,2.6753875313642155,1.0,1.2327265510644942,1.0,1.3105988432884965,1.0,3.5070469286446544,3.7661148379997447,1.0,2.696350049297266,1.0,4.527109834605259,2.67682433336301,1.2189209941623358,1.5357555850422793,1.0,1.8887064133859688,1.2424798539508293,1.5565789493737543,3.1567595744858403,3.0000449742094695,3.7022565218336267,7.313731649694844,1.6964300036430098,5.77291516015556,1.0,1.0,1.0,1.0,1.0,14.586862458523841,15.07693939813758,1.0,1.0,5.052029757337889,1.0,301.05078636898776,2.1797945559144014,79.76790056628676,9.917222565114953,11.88839584442782,1.8315863480026144,5.90256456695689,1.0,2.5372679658867714,1.0,1.0,1.1113527532287024,3.1576620194246576,1.6848571436880915,2.5449389440977015,2.2853730879548717,1.0,27.139964936114367,1.0,1.0,1.0,1.0,1.0,1.0,1.805211119395881,3.633864133301329,1.0,1.0,1.0,2.2476051101204106,1.129617611271438,2.514696196722025,1.7347358756192355,1.0,1.0,4.549661270450607,1.0,1.0,3.067943179142762,1.0,10.979598069979243,1.0,40.127553776630016,33.91103816927567,12.476459286503339,1.0,12.740110933841708,1.0,1.0,22.661098251116975,3.2188067270926557,1.0,24.4304078616052,8.73750826928772,1.0,1.0,15.621854278091721,1.4657257887985737,9.961275900905328,2.6882112790394834,11.190421004382554,1.0,1.0,12.68513467908812,3.9489257912632842,3.1799622239315952,1.0,17.267872553917094,7.383013483784978,1.6226529568088532,16.462436965447758,5.586430921217542,1.045032079636596,3.201193099076717,8.340622349186255,1.9893646091335029,83.40051488118141,32.36028611513174,98.41547320756665,27.2644629935621,43.69026339162791,109.23767180137828,71.80921979728117,122.92632837982336,103.01756786077193,7.710032781579441,123.48308834622868,22.903005427795872,100.98846112854757
TEST_02+2일,5.953506123540793,37.61445056069495,8.505710552564555,3.2602328299996457,1.0,1.0,5.9415633324182915,1.0,2.7777279290283046,1.0,1.1975313358559512,1.0,1.0,2.9523598432190026,32.522851382651154,1.2024448470325844,20.667917182123993,1.0,1.0,37.31292635515837,12.223365504897037,1.322834498957623,1.0,12.084684448547872,6.145057876340706,8.682760490529446,13.016299541994648,1.0,16.263924048733085,6.2179867696316515,5.634012693395029,4.391132401204646,1.9988639983260046,1.3396749705920037,1.0,5.249387351875278,41.44146185622128,7.284570151834566,1.516265495233138,34.884138358581275,49.221735767687875,1.0098872444627265,1.0,8.400909117936544,1.0,1.6679560541688727,1.0,3.5501434463615613,1.0,7.362243091646785,27.218615189930212,1.0,8.25548788351271,1.0,4.675795071715294,1.0078543556223332,3.9655306796129324,1.0,1.0,1.0,17.41744110507861,23.7025446034553,31.639260279080826,24.39899781473201,17.541028498744005,1.1487860509854917,1.0,1.0154421202926063,1.2807015596995526,1.0,1.0,1.0,1.0,1.0,1.722417213470424,1.224780684652068,1.0,1.404127791895864,1.0,2.020592907279464,1.612003381235616,1.0,1.0,1.0,1.0,1.0,1.0303254906098231,1.5635285485580057,1.7175739165654047,2.980458813738561,10.82009143690803,1.2151065843300177,5.095103059313523,1.0,1.0,1.0,1.0,1.0,18.79642345953847,14.687451805829575,1.0,1.0,4.033928021134871,1.0,163.4341152613189,24.241693484135233,70.09743930828468,6.278404695966233,8.399176349583506,1.1920126280141323,5.41086807408453,1.0,1.6466007036999737,1.0,1.0,1.0,1.9538233137628689,1.2256312819193251,1.7737279771948162,1.2368426836068556,1.0,9.030334076921026,5.658029234479,5.856932698211096,5.786496648185047,5.862009238382152,4.218950949094856,5.90855189198116,4.139981142855185,1.3897988371549337,1.0,5.984556952183096,6.3972194291578655,1.0523283266764443,1.0,1.3392904967482364,1.0600083644169722,1.0,1.0,3.1145251038131825,1.0,1.0,1.7192471817963648,1.0,6.852254137283846,1.0,63.066629097189704,61.10642567884158,11.197606528585357,1.0,8.647872440539814,1.0,1.0,28.75503127544605,1.858848637389317,1.0,30.196747333942124,7.526503719982131,1.0,1.0,11.588420472638527,1.7848779816817903,9.92167912975354,2.290405949365923,9.21067530388058,1.0,1.3081931429680063,10.931010044141376,1.7320774698752666,9.246675796185487,1.0,14.810796072983273,4.223980117148668,1.0,10.869744709258555,3.551738153110294,1.0,2.6396580190088264,7.623464935401397,1.0,68.70451744983257,21.27358989853934,87.46212418725007,10.460954886502497,29.070448591425304,118.72719868772768,53.228192379593004,111.92524247201817,134.18451261965362,3.9601092006939993,120.52118063029232,13.92978193295347,125.81794217318134
TEST_02+3일,6.99122095264789,27.66943745889082,7.7532592582929025,2.9475862737249923,1.0,1.0,12.372287792892577,1.184487292619241,2.109800113939108,1.0,1.058072171266201,1.0,1.0,2.796474767714335,48.74689281556597,1.0031440282106063,47.55420401619942,1.0,1.0,34.78800092057047,24.153088898443343,1.0654334120374283,1.0,1.4070179279028405,11.749411309359047,9.080030822132231,2.9994666686883478,26.990226476845205,7.187413765488075,4.82355556901382,4.6549424619480435,3.286677220687541,2.321764116508823,1.4246216076607208,1.0,3.7812698185632287,45.60503621942631,4.801062248511494,1.3490308496618364,34.44519732292706,31.878113528531156,1.0,1.0,1.0,1.0,1.6107366252297446,1.0,2.8623313975929077,1.0,3.9366313266419177,27.548232981124617,1.0,5.738556116378599,1.0,3.1350542120545724,1.0,2.4436117832824653,1.0,1.0,1.0,12.946758749769646,17.986683326256838,18.962732677880823,29.86712711277659,9.939691928100544,1.3869784043289917,1.0,1.055679389038688,1.5180540498166213,1.0,1.0,1.0,1.0,1.0,3.316566483127069,1.4961715202358046,1.0,1.8776105609765885,1.0,3.017106047412299,1.519407357664588,1.0,1.0,1.0,1.1149232248806051,1.1365928340314115,1.0430171315844805,1.5214283414903504,1.9237095317435435,3.836830705898156,12.191233087661015,1.2324076245337414,4.1477893189968436,1.0,1.0,1.0,1.0,1.0,19.214011625865183,11.839196041480424,1.0,1.0,3.3008126688130353,1.0,140.02808449703534,54.12029165424943,71.9469124796721,6.139107922123337,5.958170459161607,1.929833418194205,4.621435461517342,1.0,1.8724291467412837,1.0,1.0,1.0123340600573039,2.1376223496882334,1.0379886684335788,1.5289795822938588,1.4096912634975782,1.0,26.971996018961367,1.0,1.0,1.0,1.0,1.0,1.0,1.0,1.0,1.0,1.0,21.593258192375195,1.2508410606577773,1.0,1.2960383183396567,1.4688964335821495,1.0,1.0,3.2508931914971826,1.0,1.0,1.8632034056133155,1.0,12.27883593940904,1.0,96.94731456925882,121.10896262777129,11.419750374377927,1.0,7.062591570084166,1.0,1.0,28.03256628064478,2.002253467461878,1.0,33.01170167788466,4.679864063192506,1.0,1.0,11.3877401599348,1.0,9.084482134595214,2.145730231963178,10.23546215083286,1.0,1.7219385036383246,10.746439084510396,1.0,10.634785325243062,1.0,11.67145328185024,5.988054390997153,1.0,12.597375273887085,4.144004671919266,1.0,1.4868368746380436,7.307228251087863,1.0,74.91822935103406,45.51717007606618,83.38571456751798,21.40996192390822,21.137726212526186,89.07287427769106,46.35415605198865,176.47144166200673,133.75266241144794,8.02815003541111,135.15090677870768,46.52133516326087,122.53447920070619
TEST_02+4일,4.844137974319487,41.33757752737513,7.42954863347884,2.9029660459814473,1.0,1.0,9.505418883815354,1.0,1.9879125101166473,1.0,1.0898102454626406,1.0,1.0,2.4661145047258337,29.07776750926804,1.0,46.56258641104308,1.0,1.0,34.520624436366504,19.654841608240282,1.0,1.0,1.0,17.611273256152906,12.81164294745677,10.379699811806677,15.730623410158241,15.390214806453137,2.607086073226901,1.9923702797025338,2.139815590934336,2.0213467002594907,1.4630564921082532,1.0,3.5584881359767815,32.46488323056758,3.5058470828721804,1.3218511335049392,22.913144654663032,18.658945592513184,1.0,1.0,3.5312530232986896,1.0,1.7285534019217734,1.0,2.9540531359613116,1.0,3.057297389327633,18.716577559982913,1.0,4.31334771244499,1.0,2.0104800501099036,1.023926366617267,1.7625961427534427,1.0,1.0,1.0,12.385299076770176,17.776979577566713,14.482846596489612,15.876856193054946,9.10186123385596,1.196755553608579,1.0,1.1615918017767466,1.5870681467989294,1.0,1.0,1.0,1.0,1.0,1.9551314571394895,1.8169189083715627,1.0,1.4053815487570602,1.0,2.382205427930199,1.8229809837938433,1.0,1.0,1.0,1.0,1.1373628163657075,2.4872431460439213,1.6546298667931474,1.7813614674255276,3.3482690103432597,10.491470798651175,1.2577084359175994,2.9678117566488664,1.0,1.0,1.0,1.0,1.0,20.328703346556388,5.830496280448009,1.0,1.0,2.913134231739299,1.0,91.603779094228,55.18141004108318,26.039286670032034,3.734206565722607,4.087479590310341,1.171920084388189,2.9208292723008666,1.0,1.7742426634959116,1.0,1.0,1.0,1.9463779885375958,1.0871028382794186,2.0904160510529515,1.3697140876430423,1.0,20.23372105104876,1.0,1.0,1.0,1.0,1.0,1.0,2.0741920812156467,1.7536086784903626,1.0,1.0,13.676491871291821,1.0,1.0,1.2159925860088796,1.159964420948557,1.0,1.0,2.596683839616108,1.0,1.0,1.295887114260443,1.0,6.570023068014806,1.0,88.34977512420565,45.68596687085522,7.409791883343933,1.0,5.785393968325737,1.0,1.0,22.04798860815294,9.479732215889534,1.0,23.2914371367106,4.696786341197629,1.0,1.0,6.257013360275411,1.3820227090507953,5.277758198678989,1.9228459172744419,6.57654946220061,1.0,2.7520400656221957,8.105015628166429,1.8300573806966431,26.33033778328559,1.0,5.123014521663189,3.463052148656812,1.0,5.243573020529703,1.8066253847442486,1.0,1.36181586833717,8.451060700887428,1.0,38.09001592852157,34.93287497891806,43.08757084504941,16.28241814887236,17.899836841934363,35.66272436667013,22.462294816682913,201.33656847710577,65.3441230260047,6.987840798996818,80.47423116572097,34.36622671826497,32.847698220504114
TEST_02+5일,4.576858998691007,86.76757270399256,5.223686935801963,3.2661763983030054,1.0,1.0,58.557981882947594,1.0,2.1868674221717463,1.0,1.0,1.0,1.0,2.376571127341974,20.890446769032767,1.0,99.43085279105821,1.0,1.0,72.89338357393444,48.72385872644551,1.4916555301686214,1.0,1.0,12.612666395024409,13.935026651784632,12.240496407138309,45.61952148959623,10.372188206915549,3.4489185792782275,3.6631907108604898,2.826294047118418,2.3250958985135197,1.7232590576152438,1.0,3.9142063610765616,25.308017413633888,5.974306825403762,1.4692212887320206,24.52442988898771,19.367033038746598,1.1669774438291673,1.0,1.0,1.0,2.233870439179447,1.0,1.905223899412388,1.0,2.4025387530195577,19.57437389600484,1.0,3.254510634266906,1.0,4.063645872876485,1.70400371107144,3.5434606826067894,1.0596178391600128,1.0,1.0,9.086277311491198,17.414831778021693,14.737780802927322,20.92693978324188,8.811536514913993,1.176616718264972,1.0,1.152816931531834,1.8520853238012691,1.0,1.0,1.0,1.0,1.0,2.1837461535416813,1.750514957860578,1.0,1.598797233625415,1.0,2.3522390907542805,1.888723860312221,1.0,1.0,1.0,1.1395540813237055,1.3759706547281398,2.586528541759244,1.661719030130014,1.8325723740656954,3.52093114009733,37.76964748662559,1.3612848645338556,3.858336962526838,1.0,1.0,1.0842774948081326,1.0,1.0,25.510855943691187,10.875702648119203,1.0,1.0,4.70650809475195,1.0,54.07365272475964,80.39118399866798,25.964708099114517,3.7593838356856386,4.520072268667831,1.3741473729339333,3.4025961285605546,1.0,1.7254997573608761,1.0,1.0,1.1425996633702566,2.4020677234614287,1.1836126387447907,1.9971595484085563,1.2625625002408212,1.0,51.2506800984081,1.0,1.0,1.0,1.0,1.0,1.0,1.0,4.005816668710886,1.8951180939697418,1.0,38.784068931519485,1.1205458029375586,1.0,1.4596311569981635,1.181521968332694,1.0,1.0,3.4354760857178994,1.0,1.0,1.4623863211834385,1.0,12.787548653971266,1.0,65.17053857386688,82.52452979341408,11.459747156182454,1.0,5.017035471397047,1.0,1.0,14.658666781126739,1.0,1.0,21.909876948680512,2.830477241566508,1.0,1.0,11.242473613137438,1.3770306779008976,5.14054477021045,2.6671486233127797,11.766374737399481,1.0,2.0336157053582897,7.473095731632545,1.0,8.171357483947212,1.0,10.134816293655222,7.327453950910083,1.0,14.057415880890494,3.0029224210711387,1.0,1.092739753860098,15.174650876253343,1.0,32.53013019586158,30.79520689823583,32.30289418541155,16.282428084773503,12.866178281871811,30.2292588928717,43.95460119739022,197.39488840548987,56.855158635464406,10.08642756199955,57.66053169261105,24.497430976345683,36.013508535223984
TEST_02+6일,6.561505134303687,110.20120800942728,6.744647848000497,4.412105944692406,1.54004368892931,1.6301320330170714,46.23625435565261,1.891130562912737,3.4136317810558396,1.1995191157799323,2.0005424632843076,1.0,1.634870148843981,3.5514951520964826,18.080343045474493,1.5387563199010703,94.98951305611952,1.333420399446329,1.6894871126637914,118.88330909736798,40.52290943874523,2.8399545348164503,1.0292666044863192,1.0,11.523175754613494,17.978105015192426,24.659949961431778,60.89359416393598,10.655628606671321,4.609180005413297,4.010832844424747,4.174324963240924,2.804212058032288,1.8872536914281013,1.0,6.913156369487626,32.56873181599643,6.640911759300818,1.98251186444144,28.67817426450425,18.082846176776524,1.5387675672303465,1.0,2.4864182745830314,1.0,3.1650360040584746,1.0,3.669192840769023,1.5073519254369814,2.684107778703793,17.731471310534225,1.0,3.5132757220254334,1.1193394924884525,3.070565180281425,1.8968488317505163,3.557778076815823,1.33313894729612,1.0338642883326465,1.1254487539591742,9.273405153415588,9.655271895281457,14.648275510766421,17.83125974034128,13.419701960987007,1.9186908622121557,1.0114119195169706,1.7849065779906685,2.730250074837848,1.0,1.1662977879243654,1.0,1.6505305269372017,1.0,2.8288743624246644,2.9914009266513952,1.0810324110699467,2.297694381210672,1.0187340127363351,2.945271143593738,2.8060885930225843,1.6607476594001631,1.3283390106958768,1.2968613780931137,1.9671662597841069,2.180815389932114,1.7831214738407186,2.6657602595670684,2.674793258994289,4.343318778892318,51.8379482013087,1.6678961785720774,4.831518222421011,1.0,1.0,1.3652210745832765,1.0065408559914644,1.490193974374451,30.76573597904302,14.678069856584788,1.0,1.0,5.404344904231729,1.0,1.0,79.24019751163651,23.32003990582909,5.614874007696492,7.460520701618458,2.330200284441431,4.860793080465985,1.0,2.4274662049074145,1.0197350119335704,1.0935195180056827,1.4415424578241585,3.201093643803324,1.6680831944936485,2.3690159535906545,1.9237560762484687,1.2266559423466328,37.096863501480776,5.015958177874671,1.0,1.0731598610645101,1.0,1.0,4.204582911462772,2.1439393089403596,2.962955628825318,1.0,1.0987722803427133,79.63688390283735,2.3065215811443203,1.9044564690717007,3.0728535151403764,1.9770894845655702,1.39025345649328,1.2022457792928978,5.176158944998048,1.0516633714852863,1.0,2.4128476734794573,1.5374570665848522,8.477416400307874,1.0,113.94491207535647,142.89077773585655,6.9598125928314865,1.0,6.71841953855872,1.0,1.0,18.735406422584084,4.348402356772194,1.0,16.165986912941914,4.251818340130103,1.0,1.0,7.784391194165792,1.2335818487777166,5.075796252730246,2.776992184042723,7.736124007297458,1.0,1.0,12.056781972444725,1.0306636181540751,14.723603019434464,1.0,4.314178709784166,2.381875361312308,1.0,6.975138732858959,1.8347275377965206,1.0,2.4935773982033713,13.223846120211785,1.0,19.66870379549364,20.490113015820832,32.5194363683519,17.462816223687874,18.011577899071128,32.639623629322756,22.474595266563774,107.17632938040953,68.28792991832407,12.636774287269711,74.6284203636141,21.469115123332404,55.418566879672966
TEST_02+7일,12.469899361635202,17.311167806149854,13.60261255364832,7.31919322422906,2.709594047674114,2.5637521816954374,13.738523739745922,3.3009978549704098,5.550160223627593,2.02739381179528,3.4448561718468373,1.5081044818234948,2.91290875204661,5.947129319256925,40.58008825270958,2.564803540566507,10.241672600318584,1.9535390386342764,2.426525266668918,8.468401503462545,14.48706419203803,3.509758692102034,1.888335297439923,1.0,4.6044378260198355,5.821582077273922,3.7074399566869367,33.839708344013204,12.001476415076969,8.969373593414193,5.7917458879413415,6.3640645102216675,4.000867798303436,2.640004123307878,1.594455665453303,5.758166397932358,62.87160298290796,11.585045501814287,3.3881299489941976,41.76641970495136,22.880106057693617,1.9585252651416747,1.0,1.0,1.6140323024021477,4.2146437480669245,1.2079023008636054,5.72129977492269,1.392658547968453,6.331206538953169,26.477551761056965,1.7373902201265183,9.403312409540302,2.0379036515265674,6.250086778963866,2.428252691037124,5.515356156957838,2.555636724569124,1.6547119184061068,1.7291317997891136,15.654721685287752,20.756606887626262,15.19502852610697,25.87918972610096,18.64959965806614,2.3468475776716686,1.5472510210346146,2.47456991669141,3.635336557131793,1.0,1.9756517845622668,1.0,1.834564641796601,1.3796186299754825,3.5488843690955574,4.2059144503869454,1.4015592239735426,2.895832087817487,1.384542333661718,3.6954826553380613,3.191954619621486,2.1802177249563197,1.9066196676276106,1.8607825614808706,3.3845901562899234,3.685102687454163,2.333622185404484,3.872576131921379,2.7781111428709884,4.696332110005162,9.486938378739792,2.3988633150377763,6.727577312145195,1.0,1.3925849599192346,1.774391386321841,1.4781433980574623,2.033576589497359,11.794120419602304,16.99494071280845,1.0,1.0,6.306796006338273,1.2615668670266982,121.48220189417722,18.30312980630628,59.90003437073911,9.85965582995966,10.711373494794294,3.110432705103153,6.904995441485522,1.998129156267412,3.1667431929080494,1.4634357453789868,1.6444332700849311,1.8988898306416693,4.278586199707446,2.4894223198738215,3.0723810923511703,2.5059171903873585,1.563606096496966,16.06110086130605,1.0,1.0,1.0,1.0,1.0,1.0,1.0,1.0,1.0,1.0,13.378668574980942,3.39999997285229,2.8649403298045293,4.358092124548161,2.8759998308208816,1.9509963363340608,1.866897602135281,6.6366660685020085,1.607667817988952,1.33247990622278,3.2870359681646093,2.1826380685881963,12.438884258733383,1.0,52.102331795809334,62.35618314300142,12.217926622903894,1.0,10.744967579380221,1.0,1.0,22.8546192665901,13.206757518853564,1.0,24.613714685699687,7.431473566965115,1.0,1.0,14.350001323913508,2.7436113232762875,9.365532222625719,4.953439980098978,13.160870795151954,1.0,4.342967631017366,14.709071088154674,10.444658603765056,11.731863251738176,1.0,11.190687569357287,7.697950154388233,4.583526071659855,20.42176573784024,5.998239999644748,1.953318657990448,4.040740726540379,8.95808530598579,5.181399022980608,50.128250768424806,43.31843096549348,46.568960895724814,19.255709566887614,28.592726337213243,37.02331974277649,27.153852390433315,181.6696434827537,125.14050710296011,22.30508418203599,83.40190692566281,23.9615755352419,104.72260454285349
TEST_03+1일,6.963189704420299,4.644884130322559,8.700654343101718,3.9257201013609064,1.0,1.90431526620678,1.4744080551487349,3.3807107861986228,5.499079991878033,1.0,1.29940054949254,1.0,1.1046153340980964,4.057372449860736,25.776479309612476,1.0,4.772864196002326,1.0,1.128338243723671,3.9740658061613257,1.0,1.98333024250472,1.0,1.0,2.096090355167717,22.94963751170169,8.614549305174847,47.14520018623607,11.660168980469617,7.363838002343948,8.451456367187522,3.930726957447084,2.1555706139316144,1.4895970598264057,1.0,4.235770320789812,53.871681725738554,8.56897919984175,1.4890811841459013,40.88617868306877,18.568988374322146,1.0,1.0,2.0168493087866,1.2051816417204186,1.9421580516560795,1.0,3.299502870308222,1.0,1.734652923504861,17.04249594902879,1.5262749675299756,7.828186249003849,1.2442764362649028,4.234236833020326,1.8287416728823662,2.431997018238262,1.0,1.0,1.0,8.09614984649256,10.806572976799888,30.22784085485854,16.636262489824738,13.934717779358948,2.2607478256233713,1.0,1.4400366252300696,3.452531159179073,1.0,2.79679650263737,1.0,1.5888981695857582,1.0,6.4171345709633965,1.8367694406286372,1.0,3.5344631189702627,1.0,5.223654671403564,3.84723014292651,1.2821763279450222,1.39599359379594,2.255479695599095,1.65162242540924,1.0,1.766657262111147,2.464029016339847,5.959995144524914,5.970845969856654,4.581435808792811,1.6547724056019746,4.53266758793774,9.274505248691163,1.0,1.2770698049588511,1.183449945445379,1.0,27.157290151800737,7.0683401395199015,2.6323675610507333,1.4011306555854433,5.650353671838749,1.0,217.5785552151535,18.18221823355743,36.56376513188964,5.096640434774126,2.3926455862220792,1.0,4.934752086885704,1.0,1.800619976169295,1.0,1.2679548749423133,1.079268760753879,1.9406081566549849,1.6822554037521684,4.203417418940524,2.0442767141429457,1.0,1.0,1.0,1.0,1.0,1.0,1.0,1.0,1.0,1.0,1.0,1.0,55.80089084848123,1.1933920897172214,1.0445279122805218,1.7645188677499224,1.0,1.0,1.0,4.009171727273861,1.0,1.0,1.481919025071269,1.0,10.297764833116004,1.0,21.31127622522849,7.0681401533433785,15.92932273890612,1.0,15.382230657528163,1.0,1.0,35.74749435429994,1.0,1.0,34.46728589919045,8.355311417245524,14.465660736169228,1.0,14.9089776264316,2.05022554042347,10.152229375682754,4.681927935915974,15.49726538871052,2.663841693086456,1.0,16.80522774577317,19.358000448471902,17.992181033083885,1.0,25.158280810592842,4.184215773217554,17.19781970937236,35.97312388709157,27.694336789235003,10.351700280274468,5.73147156697174,9.405495218425582,12.737523395224104,148.52993133273102,97.47921928633282,128.48568979260935,54.217856801657916,74.25656295681168,130.84311971098066,99.8762781578174,662.2300935598707,116.26441168124839,92.03515484871627,148.6704303201953,39.74400360345488,218.2033548370481
TEST_03+2일,1.9540901008256528,14.87644499530533,3.8719995226085966,1.3230076682270053,1.0,1.0100315961387183,4.537563230495884,2.2030303331309353,1.887882047955601,1.0,1.0,1.0,1.0,2.2776130203100804,10.087737343041782,1.0,26.10528834547904,1.0,1.0,18.579567967072162,16.104985261701902,1.0,1.0,3.7794046107614516,22.927146834908626,18.246053121150986,1.0,11.672768334338883,11.89500352060563,5.552068012025184,6.341731812728892,2.9461263099797534,1.2255901737608756,1.0,1.0,3.414057699721017,37.09809965133042,7.254119455423635,1.3298297053026191,23.33792044211492,16.231776201204177,1.0,1.0,1.874183435759189,1.0,1.3999822328054132,1.0,2.397058643061502,1.0,2.048865069202982,15.357131113913445,1.0,6.535978098588166,1.0,2.743368815681124,1.1532692799114979,1.6787188196706222,1.0,1.0,1.0,4.094325568071068,8.401730762556937,19.376312112778226,14.229469560092141,13.612245180979096,1.437971359603387,1.0,1.0,2.1630594761274216,1.0,1.347478018617275,1.0,1.022148444767731,1.0,3.2252554516196676,1.0,1.0,2.1945540382581266,1.0,2.792813099878461,2.1662228107287005,1.0,1.034872587728575,1.0,1.2522196221558244,1.0,1.5886610551789389,1.6574921383556638,3.5199700617167196,3.4323023353596724,34.30385306780905,1.0642349963556712,3.503696134697129,4.925845436478457,1.0,1.0,1.0,1.0,21.22177563868007,3.2247026571515183,1.3852101689598542,1.0212241334346155,4.452110906019197,1.0,8.010472551518426,102.4677291175172,16.924282652169115,3.1774993829649665,1.0,1.0,3.642247121274089,1.0,1.0988264443761337,1.0,1.0,1.0,1.3072953601424222,1.216929890059196,3.0714488361719567,1.261263093612934,1.0,34.34575602214495,1.0,1.0,1.0,1.0,1.0,1.0,1.0,2.252841838477155,1.5150560034260596,1.0,5.567714567273413,1.0,1.0,1.070942081362416,1.0,1.0,1.0,1.2450278127479704,1.0,1.0,1.2173728115222315,1.0,6.152633908002462,1.0,113.92566522518275,54.423692677240204,8.626692695717846,1.0,7.314523995578175,1.0,1.0,17.136232017066746,1.0,1.0,27.5394864298729,3.3746851629234733,72.83909102991103,1.0,7.233616133991687,1.7471412005374556,5.263065357316859,2.8963238633396724,6.546114621664078,1.7370204902027946,2.2015397279828828,12.091775262229184,4.019714791073881,4.922518417820941,1.0,6.962178832457402,4.301546104695759,8.509674059174882,10.560480552227363,8.471581169198023,4.977749682259003,1.9976555610563118,3.6081079365084987,4.705820627719309,114.30502838173078,53.58744489585901,111.44760858090737,35.599686544519116,70.09097278141446,73.82777571622749,68.52231974795339,595.3436199965723,97.61349765983337,81.93840874431729,84.70788597009232,19.54144712064501,105.07601986021044
TEST_03+3일,2.1603451229135002,41.65754481465794,3.7587543819701645,1.2619324055602898,1.0,1.0,5.105038781378514,1.5538292369492983,2.3304900447974295,1.0,1.0,1.0,1.0,2.5019720224778803,8.98172819352744,1.0,21.969411002276242,1.0,1.0,48.78246494751316,3.7197062678690975,1.0,1.0,2.598466913998019,16.08006469167864,12.298899554091255,3.6094752038658924,33.53387386942534,12.289535011669283,4.625237389136395,5.204816769091439,3.0068644065374532,1.1276035182202073,1.0,1.0,2.7803181607832235,34.20722066966671,6.724314677474786,1.4652424842976466,22.38795560744139,21.890305049721615,1.0,1.0,1.0,1.0,1.39893196464125,1.0,2.436908590910667,1.0,1.6228382938458616,11.775931119729574,1.0,5.291794032148633,1.0,2.345840598069948,1.0030999401510385,1.4661983649514168,1.0,1.0,1.0,4.357714706231345,6.654576363944845,17.28384723499771,14.149779720815456,13.06948013683039,1.73734906625012,1.0,1.2274833549308841,2.2251116976771526,7.64453757224887,2.1616565319993457,1.0,1.0,1.0,4.07468330885989,1.1173107847663566,1.0,2.520207961683992,1.0,3.77285518969144,2.268925395962609,1.1502725952435293,1.2621228996774518,1.0186532108517257,1.660215284992731,1.0,1.2360780208565492,2.387864744977862,3.704106595908097,4.379907003003984,62.13490150398964,1.1058145960312902,3.1233532616347803,4.6420998617867,1.0,1.0,1.0,1.0,15.33621339301068,2.8335462181292965,1.0467493723514112,1.0,3.3646270172215216,1.0,1.0,120.63059947999957,8.121253495282154,2.79173761083012,1.2555793622305416,1.0,2.7978602867552,1.0,1.0,1.0,1.0,1.0,1.0,1.0221853902469615,2.25114313672123,1.0129576268232707,1.0,37.939891559311775,1.0,1.0,1.0,1.0,1.0,1.0,1.0,1.0,1.0,1.0,39.76016793399194,1.0,1.0,1.052149841245908,1.0,1.0,1.0,1.4590766958807464,1.0,1.0,1.0565637010081905,1.0,4.152482249046083,1.0,226.566477254523,119.35135487330595,7.2513313300658515,1.0,5.102848951108145,1.0,1.0,16.671983277333624,1.0,1.0,26.63922103641467,2.6726270632734876,92.87293989563423,1.0,6.38507375021094,1.0,4.940162944198136,2.777667533725782,6.150373209608296,1.0,2.9990561325902316,10.550028830516748,2.9666969352965893,6.227257423039767,1.0,5.4737626791836735,1.0,4.562457439910018,10.098685071685521,5.228045967010711,2.5882390302826175,1.3274084867408091,2.704471327710385,3.1923970420651298,153.55085420179392,68.61737026375852,120.52208717215757,35.78754603796557,100.96506922500512,110.193478221791,82.84593006898383,616.6420315321766,136.7130575132582,108.47481924211525,116.13874616664128,25.720387380790513,96.69832102837373
TEST_03+4일,2.259696414195145,51.977165071548654,4.28742360905514,1.3105973066474925,1.0,1.0,16.543953185326615,1.6862955504657613,1.035617686984497,1.0,1.0,1.0,1.0,2.4876551906419206,12.142130443068357,1.0,74.06935897077767,1.0,1.0,64.41278196673896,14.604560735763267,1.0,1.0,2.244715779952972,20.866076815396973,16.67292440189099,7.427062459573554,52.90715934996947,9.65458539841472,5.299332796658632,5.110636062513392,3.0630686051785854,1.0730543344404582,1.0,1.0,3.1945913348781954,32.72832351928184,7.942718651642472,1.3063139068379133,26.895055834558143,12.664943694109024,1.0,1.0,1.0,1.0,1.2851803019158887,1.0,2.2806611603071647,1.0,1.5695366817250225,10.303686051787652,1.0,5.822597284457667,1.0,2.538181447813228,1.0,1.4996550959637374,1.0,1.0,1.0,3.5592482395875993,6.280002810262986,14.533460256809697,13.611259372783021,11.144297122493922,1.7574335308492652,1.0,1.3383057932315703,2.108734824731558,6.720567699593957,2.2393180657813834,1.0,1.0,1.0,4.779875954282513,1.1816336357047204,1.0,2.5604837624130283,1.0,3.790774040388613,2.3597534180489177,1.159595833031535,1.3216245101021777,1.1099975392318078,1.5879667485526574,1.0,1.218375576362344,2.299797927748967,3.9456116106454786,4.827409222848097,62.972832105718005,1.0753416337666648,3.067143985532788,4.710839096991394,1.0,1.0,1.0,1.0,17.11957424022989,3.200718316994279,1.1553283198479831,1.0,3.2185823223754473,1.0,9.941642552227952,113.95668719206331,13.197164129104063,2.6075926530831373,1.0,1.0,2.7027443019124244,1.0,1.0497893638792763,1.0,1.0,1.0,1.0,1.1145078241218875,2.1822269052828576,1.1156104686369634,1.0,28.241348884423896,1.0,1.0,1.0,1.0,1.0,1.0,1.0,4.9412050922995645,1.0,2.283044530139466,94.61628229309412,1.0,1.0,1.0,1.0,1.0,1.0,1.0,1.0,1.0,1.0,1.0,4.0123582309059636,1.0,263.1076577665979,115.87654690576295,6.645519067326896,1.0,3.3206729833338517,1.0,1.0,21.702411761206648,1.0,1.8509477514663102,22.96046735084031,3.2890999608024476,108.95018011461528,1.0,5.082595192347435,1.0,5.849581246374557,2.875471671718656,6.205133750726053,1.0,2.0129537794515158,8.145921841079666,4.2906684265153245,3.3007262033978098,1.0,4.560082636816609,1.0,4.422931986763488,10.034061117239082,6.623874724544846,3.602346275213221,1.5355735486566977,2.249546982691169,2.362383195573132,150.95771122772732,73.12287416182659,128.09614017910542,49.33965746178861,106.31448344027885,98.66104625890213,83.81135653157025,617.9129775152799,128.93053335407177,104.89734161836832,111.131919395867,27.73530822830064,138.0260721562518
TEST_03+5일,2.9871734005365305,71.68398246429008,3.6049912704086573,1.5677384096658684,1.0,1.0,33.25816592381303,1.6525809492855377,2.1926784826652903,1.0,1.0,1.0,1.0,2.298219050446377,16.381535524923834,1.0,56.58169908397455,1.0,1.0,61.176504620631604,26.505181644530495,1.0,1.0,3.114025418147052,31.816680463179733,22.76491271046499,12.507166756829243,31.364043073639877,9.453609644266221,4.68182361717048,5.010249257091598,3.00279384796321,1.131233895922476,1.0393755496677808,1.0,3.2547425084651573,28.364148491725963,7.560904492634391,1.5237152460148706,21.2300693595849,13.141059670071469,1.0,1.0,1.4859080210616475,1.0,1.5650111832335247,1.0,2.327543202727413,1.0,1.6167457136079713,11.833433402407938,1.0399395724260028,4.64266636124859,1.0,2.5313969880550418,1.4118296181348327,1.7405846345774565,1.0,1.0,1.0,3.7799793445140417,4.786947770922699,16.70642778944024,13.629476758517006,10.62879545183495,1.7641248646553245,1.0,1.4217603447345095,2.330829056391508,3.084386793899037,2.0478906573749716,1.0,1.0736970081861057,1.0,4.075337288287278,1.3505650604719643,1.0,2.6537181157593417,1.0,3.9722021393953124,2.5844889278125835,1.19814028188008,1.8343499663938942,1.0696734417083078,2.136945336655832,1.0343193284632417,1.5097332797200504,2.344317457731531,3.996383272791539,4.667920704522421,63.43033078715277,1.2587137705446454,2.935461460507783,4.94333392279924,1.0,1.0,1.0,1.0,12.107664326536728,2.4620089742222335,1.4041441205734713,1.0,4.217657435293467,1.0,36.34572863778762,119.97232881571328,14.599155923138003,2.92259587687655,1.0,1.0,2.3861218902088006,1.0,1.2580433320010187,1.0,1.0,1.0,1.268731281303366,1.3320218895626084,2.404635325476367,1.3357343011865108,1.0,58.894947752205766,1.0,1.0,1.039658009617686,1.204482686539698,1.0,1.0,1.3391941993732839,7.812222190952409,1.0,1.0,69.51876551533555,1.6909092640969308,1.3224366798175213,1.2523880819689333,1.0,1.0,1.0,2.242777823232903,1.0,1.0,1.6484415752514001,1.0,4.31232751100464,1.0,264.60276848238857,103.69960139995852,7.378373141162557,1.0,4.998872693024986,1.0,1.0,21.954690712803256,1.0,1.0044055504709941,26.097876739527827,2.8090715974616205,7.763506248832711,1.0,5.7791993644607995,1.2457285011291515,4.557166487253546,2.5825120958876635,6.795024478037215,1.0,1.0,8.502159792217197,3.5334298413219756,4.295212934085283,1.0,4.799955755554672,1.0,4.136739458161141,14.18606517520372,5.632322630753874,1.6883129086701978,1.6192850448893197,1.6063588859026225,1.6438982794228025,147.9612131292521,97.38451455365463,128.60284586334055,50.28028380705736,110.81408315865387,123.53842854511055,95.31692228201206,609.4908959996649,144.05123325230556,93.04125865325817,118.60061760671202,30.88017579222145,126.11409588780293
TEST_03+6일,4.71289412195443,33.867699243628735,5.170509555979837,3.4189114662750573,1.0724695377530968,1.654083664550148,15.393587179092542,2.697987674104342,3.86561792237712,1.0,1.5798336382952964,1.0,1.0864108126947851,3.8126968651916413,20.900138034658177,1.401968032449821,18.766524068555043,1.0,1.1058381950264704,25.297115293325938,10.40714651264849,1.7424446573842862,1.0,8.538071031630901,22.072719554075274,15.013714464791423,17.307495551638652,16.384685932448942,10.024688284280003,5.077367317680224,5.808192214471792,4.1833877658352465,1.8148235601317104,1.5381684372988342,1.0,3.5495949111728584,47.79581165403235,10.187090818897424,2.5359045058150333,32.68940173159232,19.67945929857543,1.1884608770000051,1.0,2.769685512140234,1.0,2.2629019273201103,1.0,3.6290063998028153,1.0,2.4643567739548367,13.43776630193827,1.4087563132426055,6.468922857607369,1.0624125885579776,3.8278542427515596,2.2765644044694904,2.7239951709516936,1.0,1.0,1.0,4.052743881955127,7.814705368253241,19.13273701878754,13.131642493405371,10.306019823955161,2.8883800458628652,1.0,2.044638636535413,3.6766835419779094,2.8120219369594928,3.34062195449029,1.0,1.6322669519929625,1.0,5.153606968875958,1.90928362148363,1.0,3.2944889685702106,1.6557387897652605,5.0432734232819545,3.5014089812276756,1.625792137670395,2.1525678483348445,2.231621707192351,3.010016761509821,1.5625511684904974,1.9568164136901756,3.6128035151599738,6.222008920265546,5.601186610663388,75.05415563073468,1.6480478786537618,3.91141784818549,7.531798528463007,1.0,1.0613903138458056,1.153123083922395,1.233985474079771,17.956215494795842,4.214740866200734,1.998627311722647,1.341607909340385,4.544759990330058,1.0,1.0,118.69936501266093,6.63391419400627,4.057858460853758,2.0689768664297628,1.1622025623818175,3.3020575762265616,1.0,2.056347311251175,1.0,1.2991218669962834,1.0,2.3879914774362874,1.9249874534346731,2.8620604018945164,1.898350401075196,1.0,14.400033251485043,1.0,1.0,1.0,1.0,1.2507416609994615,1.0,1.0,7.167073902408559,1.0069170982966842,1.0,100.66519663197796,3.024520625318994,2.196946268799658,4.321397949534351,1.3409612308361665,1.0,1.4801263884122489,8.564778458784321,1.331063951744756,1.1790164983004585,4.108028146420564,1.4058359685808695,6.746265601134084,1.0,297.7602360111057,132.19160763434655,7.495043608852851,1.0,6.495396545436982,1.0,1.0,19.765354735180374,1.4253732837808122,1.0,24.150828039712827,4.218857822147054,18.731019066042524,1.0,6.633002672346344,1.6107627346227522,4.736166089118846,3.563616041148448,7.718857277976211,1.0,1.0,10.896263145162347,3.954838996935587,6.533383279375246,1.0,6.096552819856606,1.0,5.309957494719501,21.750914655089268,9.079117896141172,2.3189463355374205,2.772534505658028,2.9372500584617622,2.3223592404674878,152.04454849648164,87.75856890125037,120.53091136394178,55.862691132531275,109.66574203870854,107.5818053852037,90.33809574450376,631.8304924591846,134.2590708566558,68.77349816290179,159.27199368429382,31.766861888827897,166.02762671008816
TEST_03+7일,8.742977058889496,1.0,8.55651281205266,5.727797921029126,1.6585658929706764,1.9110891203057878,5.15369532364274,3.340794415240866,6.286576134262628,1.2821396393436333,2.070667882736625,1.2044788701788651,1.7407334068698894,5.2136805135695825,36.883185427670206,1.8767302537524788,19.245890147068863,1.7135748583943378,1.604547959959433,29.60472081119082,2.8426337763644205,2.318197806129071,1.286564195429157,1.0,2.984331743385257,1.0,5.232241660278102,58.104692132288996,14.435011957771328,8.82667194282897,9.731158002069574,5.801737280553935,2.8987542016925296,1.9036949825498721,1.0,4.742182628496582,47.75970233462367,10.989108823191152,3.2833087297692467,36.898457519719464,28.871525063409834,1.8222506991439893,1.0,1.0,1.6778580683922493,3.61425216331794,1.0793254124122469,4.867623772011674,1.3012869673345722,3.385584661015386,18.54419808622725,2.159576692285439,9.973703230867873,1.9592854079979507,5.740460882450262,2.8142361804510894,4.340560393719423,1.751883452782061,1.7150836214057266,1.3318280928785817,9.945885033595923,9.98093889289527,24.864545501613694,14.999925802492637,13.57546093574096,3.3320760829757847,1.3467525875450703,2.8293391004619197,4.143618177570099,1.0,4.3804168987845635,1.0,2.524495807082597,1.3213641402820744,7.462558646761015,2.6886075684617885,1.3616881232619173,3.8975475743567816,2.2326147531309157,5.141271598483352,4.2884556238859055,2.312444873241773,2.412825329703932,3.2938189849003656,4.0911771427512145,2.3615989166595006,2.2347586720079624,4.221598487971326,7.944579799984698,8.095522930389526,7.681963534175898,2.223079215094567,5.617851083188633,11.044121743165942,1.2357837875199307,1.5574702903863458,1.9669504497174286,2.0109478721771614,11.912652059416015,8.649115857886821,3.3784043948253633,1.8218527503225665,7.994107628298036,1.122943627569396,139.66518188412113,19.152606887172283,16.32412362656486,5.896533109501786,4.20952548778164,1.7406754255235524,5.9744802101391095,1.9528614833094424,3.076975151336593,1.6291450403854821,1.7504674442230024,1.449544449686129,3.269328208170239,2.3521358173184823,4.600307291447935,2.8305865596277173,1.4056925435785887,1.0,1.0,1.0,1.0,1.0,1.0,1.0,1.0,1.0,1.0,1.0,50.483905770642394,4.210176554652694,2.9787493458790832,5.580964201029842,1.8714859735303424,1.6654921767254334,2.0832810515235822,9.273920654987437,1.7295422393847693,1.6413564673960488,4.827004354922921,2.005058450597017,10.920189748309465,1.0,53.29138633425193,74.86788602639221,13.950811308265626,1.0,11.721952378763818,1.0,1.0,25.900433477859263,9.396145450050398,4.330626751970173,22.938456301466708,9.325640709900595,7.804217535999875,1.0,12.803153933593958,2.909867241779541,10.119742980167947,5.285732196141244,12.109426259131178,1.0,1.0,17.733508138086417,11.155810426684372,16.75154970873344,1.0,15.437649169900041,2.487442579624344,9.95322047062996,31.25976879330293,19.093801348749633,7.288948227549055,5.636497956049627,6.425809882983452,7.567849417189646,165.19107978651377,91.46942911913011,151.35654909390587,63.57940954148274,113.38985265557312,121.32255501433323,106.50896671381125,703.8917334531504,143.44500240365315,73.39985578635081,140.41082944776088,32.125105481979425,154.90332840939305
TEST_04+1일,4.889332806832877,4.120283476849133,6.518368432801899,4.886075042245385,1.0,1.0,1.0,1.0,1.0,1.0,1.0,1.0,1.0,1.0,1.0,1.0,1.0,1.0,1.0,3.2338290816055526,1.5474973727030963,1.0,1.0,1.0,19.649700258972892,1.0,1.5084227104244818,5.157711978210729,13.293211358448735,2.959404740402566,3.707785609421623,2.011542379611482,1.2099517404242641,1.0,1.0,3.821797387008175,40.01309980933647,6.046981052182986,2.4329005369696852,32.53591185480053,14.605199463541272,1.0,1.0,1.0,1.0,1.7682075249729108,1.0,1.9020039188163986,1.0,1.864435961466002,9.497369889571823,1.0,6.331036416476916,1.0,4.342209544945609,1.0,1.8125373838420376,1.0,1.0,1.1258077240190227,7.619098970031688,7.743581555322808,13.513541539690205,9.417232842137924,8.608344340295586,1.8146368689071513,1.2905351045671365,1.1357151311028009,2.5713261453586997,1.0,2.825510634289779,1.0,1.0,1.0,4.766456486979385,1.0,1.0,1.6599932404851743,1.0,4.361183517482907,1.0866558733559324,1.0,1.0,1.0,1.3508555294201328,1.8182925844714486,2.512483922460095,2.457138616387232,3.2461776010976937,4.053923233364879,6.214881540379336,1.1266504281862217,3.297548735087612,6.20907150438592,1.0,1.0,1.0,1.0,17.96966174424222,4.555947489194629,2.0339469617044132,1.0,5.496951345208678,1.0,144.01018472973345,8.273096170644271,23.36058203353449,4.004569155916917,2.6513804587143506,1.0,2.0798127165572193,1.0,1.8470093669669163,1.0,1.0,1.0,1.0,2.2679349418276322,2.108943422165111,1.0,1.0,31.07840782718882,1.0,1.0,1.0,1.0,1.0,1.0,1.0,1.0,1.0,1.0,14.937561963176256,1.0,1.0,1.3199541024203743,1.0,1.0,1.0,1.6324983998645637,1.0,1.0,1.0,1.0,4.016602425518367,1.0,7.653260830956397,1.0,5.586140713909497,1.0,6.6853612011356205,1.0,1.0,13.6422586804979,2.737177043232223,1.0,14.25896125894482,4.817519558592542,24.879679711113976,1.0,4.078005899926777,1.0,5.297480674517741,2.636494683933326,5.014648403777182,1.0,1.0,6.388647465843809,1.0,1.0,1.0,1.0,1.0,1.155248409861852,1.0,1.0,1.0,1.0,1.0,1.0,60.532580706756434,1.0,1.0,1.0,33.0363195514278,1.0,1.0,1.0,1.0,1.0,1.0,8.613100636900818,1.0
TEST_04+2일,1.4955808251164129,17.893165240047267,1.788521054824134,1.5353541281168943,1.0,1.0,1.0,1.0,1.0,1.0,1.0,1.0,1.0,1.0,1.0,1.0,1.0,1.0,1.0,14.375109713764367,3.847642400316549,1.0,1.0,1.5028889519734367,15.962361559410901,1.3665525729583998,2.2128646989945895,1.0,7.428767649749838,1.0,1.7155267019049,1.0532294751936704,1.0,1.0,1.0,2.020932663348428,16.094339602397472,1.0,1.0,8.07521144186094,5.057714744374037,1.0,1.0,2.1914935917894405,1.0,1.0,1.0,1.0443764531607576,1.0,1.0386543076446302,6.398678529480327,1.0,5.179616125134142,1.0,2.4615041197679233,1.0,1.0,1.0,1.0,1.0,3.331533933198734,3.6702295232731643,4.301840782760564,5.583081506685353,5.6561572107399325,1.0,1.0,1.0,1.0,2.8509901937556394,1.0,1.0,1.0,1.0,1.0049331402075443,1.0,1.0,1.0,1.0,1.2058246706531437,1.0,1.0,1.0,1.0,1.0,1.0,1.1416638612895276,1.0,1.339659288002344,1.2141739899051487,23.39180217680793,1.0,1.9640700037445677,3.429108608118312,1.0,1.0,1.0,1.0,8.797428000105798,2.253858336987592,1.0,1.0,1.5982728574508969,1.0,3.6395553499140956,54.80193833896176,14.318860725840757,1.758170235433419,1.7001423357344903,1.0,1.063216802692636,1.0,1.0,1.0,1.0,1.0,1.0,1.2904939994037286,1.4853831205477417,1.0,1.0,33.28176193409242,1.0,1.0,1.0,1.0,1.609959274856585,1.0,1.0,3.148389556644494,1.0,1.0,37.23467862503492,1.0,1.0,1.0,1.0,1.0,1.0,1.0,1.0,1.0,1.0,1.0,1.66291291815817,1.0,90.8374723541782,20.40417797566577,3.0310529691394006,1.0,3.0903615609913535,1.0,1.0,4.636205166371058,1.0,1.0,6.472590127253975,1.8696047307874704,78.97452418769598,1.0,1.090513890413517,1.0,3.3417720050052164,1.6698961657018685,2.3162429474884645,1.0,1.9316062283835511,1.733335880363085,1.0,1.0,1.0,1.0,1.0,1.0,1.0,1.0,1.0,1.0,1.0,1.0,1.0,1.0,1.0,1.0,1.0,1.0,1.0,1.0,1.0,1.0,1.0,1.0,1.0
TEST_04+3일,1.1658265154037544,21.463685552133825,1.927745276744567,1.042133573872507,1.0,1.0,4.972049357672523,1.0,1.0,1.0,1.0,1.0,1.0,1.0,1.0,1.0,24.124931277500668,1.0,1.0,32.039703807289,12.563475636100026,1.0,1.0,1.830222511883732,18.748025762891533,9.971838447822728,3.575981944213636,73.57812448438658,8.145921906401309,1.0,1.409312926549113,1.0285648855252851,1.0,1.0,1.0,2.093709006824506,8.529812690405175,2.0393032360361127,1.0160008625319095,7.8067073753805065,2.4715658862345653,1.0,1.0,1.0,1.0,1.0,1.0,1.1249606381526003,1.0,1.0,6.115423084950197,1.0,5.02959528646843,1.0,1.7397797415679617,1.0,1.0,1.0,1.0,1.0,3.0947541818608704,1.4749116443639734,3.085699802460845,6.401666218393254,4.29947076945874,1.0,1.0,1.0,1.0805322204977434,3.6643361044622145,1.0,1.0,1.0,1.0,1.2743579206663238,1.0,1.0,1.0,1.0,1.5729632300025367,1.0,1.0,1.0,1.0,1.0,1.0,1.0,1.0,1.2666650672542694,2.0980660343857145,49.444681597099994,1.0,1.1651699308238994,2.570136560313461,1.0,1.0,1.0,1.0,10.091816399064584,2.196332819825297,1.0,1.0,1.799754770658729,1.0,9.17954987248773,40.96543594337786,6.595200070578537,1.8483085788038884,1.3068788889830214,1.0,1.0,1.0,1.0,1.0,1.0,1.0,1.0,1.0,1.3673272972968644,1.0,1.0,19.974338156972085,1.0,1.0,1.0,1.0,1.0,1.0,1.0,4.502343009736805,1.0,1.0,20.75712635758227,1.0,1.0,1.0,1.0,1.0,1.0,1.0,1.0,1.0,1.0,1.0,1.0,1.0,82.15946746302663,81.68874228572038,5.061759826104649,1.0,2.4559991053710575,1.0,1.0,3.797885707646686,1.0,1.0,6.8645146965782935,1.3455449898352045,43.90239462751954,1.0,1.1250561514934212,1.0,2.408950742787343,1.1443779813843364,3.39727942408764,1.0,1.7423420167513355,2.16723187809518,1.0,1.0,1.0,1.0,1.0,1.0,1.0,1.0,1.0,1.0,1.0,1.0,3.117279238064656,1.0,1.0,1.0,7.454600001123229,1.0,1.0,1.0,1.0,1.0,1.0,3.6353596693821566,1.0
TEST_04+4일,1.981729333686722,29.072593600955102,2.252712403035661,1.351204041578687,1.0,1.0,18.054932071743313,1.0,1.0,1.0,1.0,1.0,1.0,1.0,1.0,1.0,23.674247890286217,1.0,1.0,22.766831999008488,13.337067083339223,1.0,1.0,2.4490246643533085,16.760678852588548,8.708093068389303,6.702634188942774,49.6430600141667,2.6604346730818698,1.0,1.0,1.0,1.0,1.0,1.0,1.8341443123951533,8.459819556942083,1.0,1.0,6.76945279370144,1.0,1.0,1.0,1.0865274298425711,1.0,1.0,1.0,1.0,1.0,1.0,4.920027420373015,1.0,4.75354631209603,1.0,2.0772797365567155,1.0,1.0,1.0,1.0,1.0,1.9606773295377762,1.0,1.789495559926713,5.868171922016233,3.8275010284931024,1.0,1.0,1.0,1.1276922637545348,3.9021978154929244,1.0,1.0,1.0,1.0,1.4525279468700663,1.0,1.0,1.0,1.0,1.394330664956778,1.0,1.0,1.0,1.0,1.0,1.0,1.0,1.0,1.8124745154556603,2.2907073370608373,69.34597980025316,1.0,1.161302941266701,3.0508348866535098,1.0,1.0,1.0,1.0,11.914297778702618,1.9268147008149517,1.0,1.0,1.208564287238872,1.0,1.0,36.584729408498255,9.815695659262435,1.539266253266049,2.3079244079271106,1.0,1.0,1.0,1.0,1.0,1.0,1.0,1.0,1.0577232850410092,1.5757715837378878,1.0,1.0,52.70666238653468,1.0,1.0,1.0,1.0,1.0,1.0,1.0,3.337223688092587,1.0,1.0,48.40410988225827,1.0,1.0,1.0,1.0,1.0,1.0,1.0,1.0,1.0,1.0,1.0,1.0,1.0,138.891172677775,60.43975018940443,3.745733281787853,1.0,2.267046284418375,1.0,1.0,6.121819672730089,1.0,1.0,3.9769643160348913,1.5238498817220962,51.27368144314101,1.0,1.0,1.0,2.393770566668969,1.468562946650655,1.0817576388378773,1.0,1.7748196993964063,2.672862480385884,1.0,1.0,1.0,1.0,1.0,1.0,1.0,1.0,1.0,1.0,1.0,1.0,13.177627090183808,1.0,1.0,1.0,1.0,1.0,1.0,1.0,1.0,1.0,1.0,1.0,1.0
TEST_04+5일,1.9256089745624538,55.192116762097655,1.9711153202073177,1.5242961204080643,1.0,1.0,12.576347413876693,1.0,1.0,1.0,1.0,1.0,1.0,1.0,1.0,1.0,58.32164208918518,1.0,1.0,55.76482141101903,15.379111121377482,1.0,1.0,1.574778000066155,12.569312048343768,14.746337896938574,8.210792245153186,19.900183146712685,4.872805783463127,1.0,1.0,1.2135207882624583,1.0,1.0,1.0,1.6493412892662602,9.638550773369413,1.4871043612378918,1.0,10.914719418566502,3.661744394517438,1.0,1.0,1.7397274280826125,1.0,1.0,1.0,1.0,1.0,1.0,5.514879917958878,1.0,3.885939454755281,1.0,1.5276039544339606,1.0,1.0,1.0,1.0,1.0,2.826835640256592,1.0580796330855378,2.351570547513507,5.200236541952788,3.686457216980174,1.0,1.0,1.0,1.2617899018863425,1.6206876875951899,1.0,1.0,1.0,1.0,1.5783404215711578,1.0,1.0,1.0,1.0,1.3481117096296553,1.0,1.0,1.0,1.0,1.0,1.0,1.050159167593916,1.0,1.9041825644109742,2.42189802364515,113.74606281835537,1.0,1.0,3.823051717566816,1.0,1.0,1.0,1.0,9.37181150026364,2.35284190715937,1.0,1.0,1.2924160690048936,1.0,1.0,50.040336756303205,7.071991012989014,1.7068716833906374,2.72394606224708,1.0,1.0,1.0,1.0,1.0,1.0,1.0,1.0,1.392975574746184,1.601058566319682,1.0,1.0,62.00693456549928,1.0,1.0,1.0,1.0,1.0,1.0,1.0,3.1363008259714853,1.0,1.0,25.114018322423377,1.0,1.0,1.5470351836940348,1.0,1.0,1.0,1.2696144538833076,1.0,1.0,1.2390374939088828,1.0,3.2565801264415564,1.0,97.71020754911572,69.46707976255246,4.202172399129138,1.0,2.1034320047898407,1.0,1.0,4.370926130606219,1.0,1.0,6.216199604080573,1.9276094720586405,8.01516479599503,1.0,1.7708579736661794,1.0,2.4640791452065924,1.5283007605682442,1.0,1.0,1.0,1.0966461356884327,1.0,1.0,1.0,1.0,1.0,1.0,1.0,1.0,1.0,1.0,1.0,1.0,16.39277708775461,1.0,1.0,1.0,12.319692983051521,1.0,1.0,1.0,1.0,1.0,1.0,1.32005416292312,1.0
TEST_04+6일,3.4984390809085477,43.74406954571324,4.193308973066944,3.464133605022323,1.0,1.0,20.216111430847697,1.0,1.3670110310633146,1.0,1.181422571130052,1.0,1.0,1.0,1.0,1.0,38.76824347074981,1.0,1.0,33.19752589658549,21.312973889761327,1.0,1.0,5.753667789905149,25.273589117112333,22.96595063865906,16.574409172099617,90.61432951180544,8.993629130679656,1.1050748132890686,1.0,2.931354736682697,1.2482318947830537,1.1694775466217835,1.0,2.0484971019046574,26.995188823259085,1.7659449475030482,2.01420746459754,34.54440126097632,8.198415506669548,1.0,1.0,3.2568971696576874,1.0,1.604174736920443,1.068409406228375,1.6551600848881332,1.0,1.7096017692722865,5.74689649707073,1.0,5.425053652959576,1.0,3.021567415516715,1.0,1.7155660394847523,1.0,1.0,1.1143591019010202,4.0208899993032565,1.1034110072729786,1.853634035523362,7.3029883689103245,4.074789056962663,1.5834896190635475,1.2752956281087169,1.3487319051658073,2.6814416695575827,8.252277674671648,1.6184519917669606,1.0,1.0,2.1990206417088936,3.128572283040707,1.0332332613028765,1.0,1.6524522625940583,1.4000441450108692,2.660575279450108,1.0472682632935901,1.0,1.0,1.176951705555073,1.3367000199716865,1.8244541038172073,2.0479794893367367,1.9439523759010489,2.6299719091539235,3.7942657837287976,61.93843327627132,1.1466970744962546,2.3065479939176563,4.647499278561286,1.0,1.0,1.0,1.0,13.919958907729123,4.97300354402259,1.7080693326551195,1.0,2.091536173644912,1.0,12.657530488455812,42.94888376297674,9.636008815997688,3.079815352326158,3.5257121240453664,1.0820144770240332,2.128285108642527,1.0,1.5531548338389218,1.0,1.0603946534326745,1.0,1.2512569370680238,2.2616051336834047,2.4391540943881296,1.0,1.0,29.679455835810874,4.123693120939268,1.0,1.0,1.0,1.0,1.0,1.0,4.888677607110657,1.0,1.0,60.41067276979999,3.070162481991061,1.0324902620135052,3.864792748968272,1.6178416159757028,1.0,1.0,5.015354953760136,1.0,1.0,2.3678357557464427,1.1188980523916594,2.8486743121533302,1.0,121.4728858665008,54.726378717393075,8.01217880937346,1.0,4.195019704963363,1.0,1.0,8.36963430333264,1.0,1.0,7.96159200607016,2.8959348271254166,8.441482911591502,1.0,3.057393214888478,1.0,4.746348593975994,2.3994017121391362,3.405571800857956,1.0,1.0,2.2632585254273687,1.0,1.0,1.0,1.0,1.0,10.525319393252536,1.0,1.0,1.0,1.0,1.0,1.0,12.092932671301085,1.0,1.0,1.0,14.335579783066876,1.0,1.0,1.0,1.0,1.0,1.0,4.285969103120035,1.0
TEST_04+7일,8.165586605611503,2.7373447225927023,8.517252609162284,5.062496563489489,1.6349284389495158,1.7036090968173747,5.389411096376121,1.0,2.4144267695984456,1.0379841229402682,1.9029150822290228,1.1052412465120953,1.302944259735986,1.0,1.0,1.0,14.725970240673915,1.4558758496326618,1.6101209746997964,12.59877271724556,8.334480631690282,1.5543196260947063,1.2918018660219286,1.0,1.0,1.0,11.534462145643989,40.26393098317752,11.037993759869469,4.117480980117009,3.0779488191397584,4.305920669148256,1.8829476742468323,1.5531933521340744,1.0,2.734957754608051,37.16129290488998,5.743147334768521,3.057479525785828,43.882430613968545,1.6037077018159958,1.519710779935169,1.0,1.0,1.2868991563504948,3.2926043753963428,1.4785253206911217,2.6014066397373083,1.1145565533670903,3.0070300316913023,10.178938518243744,1.4847605181611958,6.618975148702304,1.2479631238600677,4.94527260051605,1.31564935918774,2.6210415825381523,1.7145272731687426,1.7941548232282238,1.9942741171181426,9.337014002344834,4.766655411341184,6.808629122262269,9.708383250625092,10.03157037701908,2.212315834496033,2.519583881278437,2.4398610024115293,4.745941963143785,1.0,2.874394060124922,1.0,1.5273141493809677,1.5333920085155706,5.305961169526927,2.0037795684693656,1.4719832179301324,2.4821490523728005,2.0307832783500337,5.811283563856017,1.8750354909189741,1.8356646155384244,1.466315716900333,1.262441484189115,2.8527410517128717,3.8172608710694065,3.020569600352579,2.8013194359612186,4.018498742973282,5.017708458104079,1.0,1.7203799733547183,4.5032545443230365,8.81262316490214,1.0,1.433522351277163,1.746279399793789,1.3052078791563444,12.848117410536494,8.341156841905486,3.0231705679693985,1.3825668435112355,6.802936955693467,1.0802471088976033,153.5732176991669,1.0,19.27432044341848,6.460592042726778,4.380012358263007,1.8532591388021955,3.5325428216536126,1.9119656021669227,2.913120917614986,1.622484428436906,2.439245583546305,1.3254267476235004,1.922325926672819,3.4964635305261873,3.9544018882056253,1.983921985690757,1.2796752621422736,6.943618981349349,1.0,1.0,1.0,1.0,1.0,1.0,1.0,1.0,1.0,1.0,36.884230904216864,5.306381567989151,1.685465249105426,5.570236142413771,2.7296789436738886,1.7744779732995495,1.4276901811639715,7.628638012690933,1.6529376136916913,1.4496660353132524,3.549948902570224,2.173991152884711,8.675586622090506,1.0,1.0,1.0,9.486755178710972,1.0,6.875778734228353,1.0,1.0,13.609521884811874,5.8144419971512935,1.0,12.782942636030363,6.469775535085399,1.0,1.0,7.436359690296202,2.4620221660183947,7.214238192560754,3.047050704367481,7.462513338240274,1.0,1.0,7.501550520375386,1.0,1.0,1.0,1.0,8.339983605895975,20.470628344972315,1.0,1.0,1.0,1.0,1.0,1.0,1.0,1.0,1.0,1.0,14.476466699029032,1.0,1.0,1.0,1.0,1.0,1.0,7.102671099859555,1.0
TEST_05+1일,3.902690312376426,1.0,9.493161562099793,1.8160318501331478,1.0,2.443481880322106,1.0,1.0,3.0679107146987565,1.0,1.0,1.0,1.0,1.0,1.0,1.0,1.2290105140037098,1.0,1.0,3.7721210551225264,1.310597793712093,1.7071068917990484,1.0,1.0,6.792883132689606,1.0,2.4288217627418263,7.308550640193767,16.333904450348328,4.524637582783661,3.1719731937813007,3.18309402988604,1.514118830368333,1.603539960342286,1.0,3.443132581378878,40.15687537863898,6.192501791309956,2.235029063882974,29.51381629251269,22.33379259145011,1.0008462699496294,1.0,1.0,1.0,2.8489687381754383,1.0,3.2929741259218788,1.0,4.70603239944505,20.833441101050607,1.2949009520355959,10.266009563396159,2.0309563020055066,2.322740314210313,1.0,1.1642299655608093,1.4562433177391987,1.0,1.1365431109782347,22.479143307280218,11.358290321378433,9.340878465814013,16.13774770597523,6.90917700384262,1.0,1.0,1.6301009087222689,5.420190439834391,1.0,2.783620459960236,3.7689539062823023,1.0,1.0,3.487232262790608,1.2149764042430902,1.0,1.2723312255692034,1.146922420646196,2.6204679303645437,2.106812519239724,1.1784419880021366,1.0,1.5675406878775189,2.850420327841656,4.171529086999621,2.963786333043502,1.8121412536886738,3.1426524303424173,4.6715772263674475,1.0,1.6839007982322234,4.721599707647909,8.184486551665662,1.0,1.0937899150973727,1.0,1.0,12.507352421762162,7.396824549603006,2.975968928373933,1.1431874157321145,2.4249479052970804,1.0,130.02815151670455,7.488289001844423,39.265504426279435,4.130677835458971,3.9190241294544497,1.2391394023402538,6.854764716389867,1.0,1.8414623502926157,1.0,1.0,1.0,2.784254987254934,1.0,3.000526961438119,1.3135886539028434,1.0,2.76420344261189,1.0,1.0,1.0,1.0,1.0,1.0,1.0,1.0,1.0,1.0,1.0,6.180937760564529,4.154803318422855,3.1237991184000804,2.7328533808070925,1.7225885607053506,1.50768157523249,9.862221355513187,1.6650874609097175,1.4776802117459753,2.739300503116461,1.9028797077752748,70.84784590315323,53.624784403414594,30.33972042038361,64.66159144457636,76.93645803799686,57.451532073691055,49.51936385745473,1.0,2.900482698944798,169.11040748842683,107.53851338191555,107.24602470771455,67.28916023327929,27.387237619918107,1.0,53.30076044779459,62.88998538943485,6.211936588573058,39.56724791187918,27.199874080644506,97.99158899803012,69.9136105349056,22.346387776038142,1.0,600.7248438159525,341.1041481547451,81.25620950104602,230.40943839465254,56.927317490591506,92.1628374472259,90.65482706429252,178.18677314797353,61.07926791511624,8.728012520833387,115.98807052816647,74.31294945585192,1.0,1.0,1.0,1.0,1.0,1.0,1.0,1.0,1.0,1.0,1.0,1.0,1.0
TEST_05+2일,3.3021725653882816,1.0,6.2331276595024105,1.33426265279845,1.0,1.7676557144846516,3.827152827073874,1.0,2.0436221678025674,1.0,1.0,1.0,1.0,1.0,1.0,1.0,3.96150833891019,1.0,1.0,2.8927605382710535,3.600330212325618,1.1029134300810048,1.0,1.184744107974732,11.23400600709062,7.188592935199059,5.126180182916945,2.1256315965443213,12.73855908596532,2.667334606974296,1.8784161563408723,3.1565637824580324,1.411518416183153,1.2520851384665024,1.0,2.289902686014666,27.112197769355433,3.2280262109069455,1.9010432621321023,24.368825643806886,19.62482947587967,1.0,1.0,1.0,1.0,2.064177785278201,1.0,2.170440191604452,1.0,2.209716759676463,19.952245722620493,1.0,7.867328043741049,1.1206138060251436,1.480877376868999,1.0,1.0,1.0,1.0,1.0501599476940244,16.240007525927428,8.765343566974856,6.25813067928065,12.8437051012813,4.7372478022898585,1.0,1.0,1.0,1.9827902544600193,1.0,1.4332537817990167,1.184775342651125,1.0,1.0,1.8204682067222335,1.0,1.0,1.0,1.0,1.7336137643535163,1.1233513779744373,1.0,1.0,1.0,1.4550838701483575,2.1429469414449924,1.8559285994923764,1.002410703471896,1.6596086446671428,2.81757473670603,1.6349526628154982,1.0,2.7065762953326042,7.3100301816681945,1.0,1.0,1.0,1.0,8.727223037478016,4.168443250273359,2.07198601477245,1.0,3.112825757944943,1.0,4.712579313943914,82.74205991592379,38.55390556418212,2.7515153514143793,2.6150210150286903,1.0,3.5384226108481744,1.0,1.1558068583032253,1.0,1.0,1.0,1.7780038275732246,1.0,1.8277898786968407,1.0,1.0,22.238830452665752,1.0,1.0,1.0,1.0,1.0,1.0,1.0,1.0,1.0,1.0,23.382225454105317,3.2984318625660007,1.564941007101155,1.7610077868512342,1.2575972526445447,1.0,1.0,7.624851919960509,1.0,1.0,1.5938719526367906,1.0,43.50872716264118,29.13130738313176,18.67070699189199,40.74819832592256,53.182224738055254,29.20060724293669,39.4620260435965,1.0,1.5252963470295615,128.65203541339963,70.57583009911937,62.26716801292249,57.28874938645368,26.434111262945677,1.0,40.091224057623336,34.826875659755004,6.6658701869418335,30.430853498241753,15.30496203201261,63.85348249497048,44.89506481493861,13.817595375942828,1.0,301.39505054571214,168.62822581089614,51.97512800921919,106.06071763428365,29.19133757918234,62.05024030344161,57.92295238187468,116.17526191805096,31.53416355507708,5.7724584975936795,53.36117291246888,49.575256737387015,1.0,1.0,1.0,1.0,1.0,1.0,1.0,1.0,1.0,1.0,1.0,1.0,1.0
TEST_05+3일,3.4404246468511848,1.0,5.764515665581104,1.0,1.0,1.586134841709827,4.151755287259169,1.0,2.0645156484462284,1.0,1.0,1.0,1.0,1.0,1.0,1.0,8.816051396941521,1.0,1.0,4.104620445652236,3.5165398670166184,1.0,1.0,1.6691228773901847,20.21865873863081,12.282825402532803,5.942028094703319,28.028657482185224,12.548623828690896,3.153179316704224,2.055233245472097,2.138660259333506,1.318607197304094,1.1607654899440754,1.0,2.3614660912679795,26.992009478769454,3.96019056879077,1.699216168984204,18.681694726564412,16.487318791345096,1.0,1.0,1.0,1.0,1.3047405969385764,1.0,2.042046842599306,1.0,2.695180076665972,20.31822412376678,1.0,6.924657283892021,1.0,1.4296520282686083,1.0,1.0,1.0,1.0,1.0,18.44607787634804,8.904382162361456,5.063509776368303,11.428865307994997,3.9263348824084763,1.0155031433633726,1.0,1.0,2.743128555380326,1.0,1.888955107267534,1.7965649913405324,1.0,1.0,2.1320136640163256,1.0,1.0,1.0,1.0,2.0614440682487505,1.302499586227693,1.0919865527530153,1.0,1.0,1.7263140737862481,2.415579086643831,1.4208568911826598,1.3431418703578815,2.0573016660342907,3.3241086153008528,26.692962821601366,1.0,2.498001498201441,5.486159993798103,1.0,1.0,1.0,1.0,7.161454021440801,4.520379579981483,1.9957808990941848,1.0,1.608297969290078,1.0,16.701286428592656,93.47486097987317,41.466177366622425,2.8156341329377286,2.298702505893159,1.0,3.0979770492277066,1.0,1.3670990737827446,1.0,1.0,1.0,1.644374836692542,1.0,1.9914444620420726,1.0,1.0,40.14504955415128,1.0,1.0,1.0,1.0,1.0,1.0,1.0,1.0,1.0,1.0,51.62754922675357,3.6271235665175885,1.401815560269802,2.012187843994018,1.2645909059773328,1.0,1.0,5.916674180909824,1.0,1.0,1.706275285830834,1.0,45.603626029475386,31.27718899179337,52.10313064870303,17.905689566094566,55.58700283565781,30.017527840139337,36.21360338656007,1.0,1.3435578696946089,114.76088434960462,52.283548607934165,55.76174147637884,58.7067034979441,25.523950955184343,1.930691304058011,48.42671831772358,36.974917971850864,4.791666603997294,32.61009236572876,15.617252239439498,63.569068830081406,45.73142478073747,17.444976149947777,1.0,308.09578809250996,189.87798359913074,56.02785343280558,131.91060482406985,24.21471987816558,62.07762442803903,59.04983833431063,122.54713795500885,31.104030239716455,6.115168130134393,85.45770418244913,45.890806972295685,1.0,1.0,1.0,1.0,1.0,1.0,1.0,1.0,1.0,1.0,1.0,1.0,1.0
TEST_05+4일,3.8331806670821638,1.0,6.1319714321924055,1.082362849927212,1.0,1.197501183786156,7.055148566358249,1.0,1.7581118482530544,1.0,1.0,1.0,1.0,1.0,1.0,1.0,15.434156271015222,1.0,1.0,16.80857427713498,8.622169969346944,1.0,1.0,2.6111520177434917,24.28328756341389,9.564075128839029,4.4224773574483525,30.683039274881843,7.881444880106297,2.849170048553419,2.0224090840194933,2.354945071326763,1.2261162945727253,1.0011137905068719,1.0,1.987731487609429,22.805460947608765,3.7189121614538303,1.692266315595908,14.15423783763147,11.230822684916662,1.0,1.0,1.0,1.0,1.4951605833016663,1.0,1.9857523194973588,1.0,2.610745122559845,16.350505348935773,1.0,7.685732423391716,1.0,1.5822367164831963,1.0,1.0,1.0,1.0,1.0,17.37158568669009,6.335529104355011,4.838671309293764,9.903753422555692,3.390392979966971,1.0,1.0,1.0,2.959115688325298,1.0,1.8112301166258291,1.70035627931362,1.0,1.0,2.1509004206274893,1.0,1.0,1.0,1.0,2.1713990483217898,1.1892658981166417,1.0,1.0,1.0,1.765950416032975,2.8015373337471043,1.8107753054980653,1.1916442262197808,2.0591337323061625,2.945610012821295,6.223683382645801,1.0,2.9570480677311064,6.042507246213103,1.0,1.0,1.0,1.0,7.770978771901259,3.106027070237108,1.6972908026211506,1.0,1.4571675034622473,1.0,12.313084486976136,82.38946680472067,35.491267481210976,2.4362739079841367,2.221914256029799,1.0,2.8837133418691554,1.0,1.2483814172853045,1.0,1.0,1.0,1.825724059693693,1.0,1.8949233438099329,1.0,1.0,42.55914599647101,1.0,1.0,1.0,1.0,1.0,1.0,1.120113279130047,1.6543374569028926,1.0,1.0,9.859624417750833,3.06412541439754,1.9897142771450376,2.184088745653152,1.1645493125218347,1.0,1.0,5.35449987549686,1.0,1.0,1.7028736986205317,1.0,37.945792984925376,30.068994972220274,27.196658680930867,55.732914485536334,49.441727109077775,34.02248208752238,43.59764003326465,1.0,1.8281315326760978,119.39062248312494,56.18518710478365,60.32304709957825,62.31282577437143,21.949502109051412,8.483240152954426,42.67947706156259,39.15567676532545,4.918844208139126,31.75967305286942,16.9886995085485,64.66980817782019,46.513723423801764,14.827873051417967,1.0,423.9420715442095,179.0420252186589,37.872033059092175,168.73403720758208,24.603163218715853,60.051601296058664,48.3947846410327,131.4666203275485,26.844783394495433,5.288282798255484,73.02635156060587,41.81493304332449,1.0,1.0,1.0,1.0,1.0,1.0,1.0,1.0,1.0,1.0,1.0,1.0,1.0
TEST_05+5일,3.3111139268443086,1.0,4.788070457594597,1.2443873330084052,1.0,1.1994843015128198,30.64977420771188,1.0,1.4644381745853188,1.0,1.0,1.0,1.0,1.0,1.0,1.0,49.97836359396554,1.0,1.0,49.44147273198322,38.67343639414907,1.0,1.0,4.452723517963284,27.924801298731122,29.527600502044073,17.952535670680454,18.649296373526806,8.31449079506383,2.87412947089048,2.0618174036217294,2.044384638543022,1.4355698396619594,1.2750108408108027,1.0,2.2735291811703524,22.728923720125884,4.5525791248234855,1.5279571115835204,19.969936797364234,18.37642655444887,1.0,1.0,1.0,1.0,1.4569253212974465,1.0,2.4513087919997094,1.0,2.6456808935823215,15.834142640850832,1.0,5.942323426535174,1.0,1.5045784257382948,1.0,1.0,1.0,1.0,1.0,14.759813790509368,6.773758758976131,6.221878178301962,9.820138536750932,3.0468576181942817,1.0,1.0,1.0,2.896968623894272,2.142031855906721,1.8462868312894212,1.727992438824582,1.0,1.0,2.2343016204371984,1.0,1.0,1.0,1.0,2.679623823707488,1.4340508752567098,1.0,1.0,1.0,1.9350655028318864,2.398427142199249,2.268143102342218,1.3948579529274927,2.1276443029759236,2.794007714705883,54.24187604781713,1.0,2.7845270650047826,6.585327920030207,1.0,1.0,1.0,1.0,12.092904449257926,4.3224391348024,1.5857535008206378,1.0,1.5315874489692793,1.0,12.90214412448903,89.7919950273431,35.12034174348756,2.454714481229603,2.6476893385765132,1.0,2.7966061262112705,1.0,1.535936845274942,1.0,1.0,1.0,1.4887809078474097,1.0,2.1428886513160776,1.0,1.0,61.01026725086531,1.5977889614298035,1.0,1.0,1.0300221233358418,1.0,1.0,1.3988705330988565,3.5789732589733774,1.0,1.0,28.345815561615662,2.899448938347117,1.8680427645942492,1.8636090336527626,1.369581923331315,1.0,1.0,5.71702275809193,1.0,1.0,2.0138544086708805,1.0,39.96839793015913,39.08014141012982,48.63929251342689,113.85057530249085,52.743919555583055,34.553823459680906,39.10623901309849,1.0,2.0724124812044136,126.55221735075551,68.1266892877013,55.887293481123464,56.57544338016152,22.983034556470287,1.0,46.79842506765192,41.74833229299861,5.10073957034434,39.69085326179186,21.00599067552489,65.92684924073565,51.56994531199048,17.225063012126686,1.0,414.18331186889156,227.14889870196873,42.69313430698848,190.75680555789296,26.928753551725134,67.63257306285726,60.64005156508058,125.93375098848783,30.607191723178868,5.386342561345052,58.47661925470089,48.06524595878521,1.0,1.0,1.0,1.0,1.0,1.0,1.0,1.0,1.0,1.0,1.0,1.0,1.0
TEST_05+6일,3.857182381559314,1.0,8.263720084088002,1.5534320203089569,1.0,2.405459015592303,9.535509410574974,1.0,2.601416805561588,1.0,1.0,1.0,1.0,1.0,1.0,1.0,20.152430899290316,1.0,1.0,18.632191356978318,10.657983750216736,1.4982275760548505,1.0,1.9685472779474995,26.46526510597405,12.141115418674463,8.652438976431801,55.276688094342084,9.34230417359585,3.768651041790034,2.8443509635373863,3.5185432614598553,1.8291152085135671,1.7901437731772964,1.0,2.621948159021979,32.236814137638696,6.066695925406785,2.2367596065846596,26.49514416542619,25.023764091381867,1.318519928586333,1.0,1.0,1.0,2.3844207905056978,1.0,3.2757965338542725,1.0885862038288106,3.225565260139203,20.18500587361158,1.1631475312151245,8.534693366247105,1.4879574220591927,2.5002921199461974,1.0,1.5256252155570489,1.217569445578123,1.0,1.5234456417525033,21.48777480472835,8.848921400390955,5.756789205191274,12.164177337478764,4.447440967436504,1.2458420138527462,1.0,1.5325628132552174,3.6687178781453698,1.0,2.291424538199391,2.720150907388891,1.0,1.2252975117465013,3.194948913625116,1.3902843852496083,1.0,1.308727064552762,1.196821316253688,2.9707361177002505,2.1271780199054664,1.5745176889018107,1.3329255081083455,1.7431937541805194,2.5095030268195337,3.836114715171669,2.8942156624216056,2.124949823024276,2.9260590527163006,4.283839622954955,32.31945070515511,1.4901300121585401,3.743437910385686,7.418014023189345,1.0,1.313881553119321,1.0,1.0,17.246031556662885,6.118060168699861,2.4171443774627592,1.1011160579996526,3.2593763652017698,1.0,36.73022107712818,92.31228737649359,37.01615867019629,3.852005826459553,3.598380852808433,1.0447243185477373,5.037875712277488,1.0,2.320420903111621,1.0,1.0,1.2824227556667938,2.576935056239829,1.5230820709933617,2.579756461226704,1.1569477512524085,1.1215918616209606,37.596685249940904,1.0,1.0,1.0,1.0,1.0,1.0,2.4611917734182116,2.953895346011646,1.0,1.0,70.937830801723,5.17009432094726,3.7198761601424697,3.9795534495401363,2.1872051994155015,1.263075657984969,1.5741519200566856,9.744489479729948,1.303879206851416,1.1515380737658159,2.653359411698125,1.4369655615633474,53.706066507423586,46.42815980429619,35.45371498642794,28.68311045887419,65.0926589956729,40.13177454842102,59.15743806715554,1.0,3.73310974329096,163.7444957818278,81.10523901944269,79.38244081020098,64.53124386781195,32.19232635388688,12.600128000856827,55.67171148363305,55.88631910644947,6.7006194321517,46.60118166963706,20.713027860489788,71.01586079598391,70.17586486580132,24.951033859671803,1.0,681.5816921826549,270.0408348166841,79.39040567057674,360.65383557485734,31.84084793666718,82.43677399019805,63.94733759384975,137.20728971893897,38.763955136145746,7.405984044616464,90.96321432491416,60.43257231564185,1.0,1.0,1.0,1.0,1.0,1.0,1.0,1.0,1.0,1.0,1.0,1.0,1.0
TEST_05+7일,4.678214907200008,1.0,10.923407314107179,3.589161727674374,1.3153327332364033,2.37846195349381,1.0,1.0,2.6371164708935044,1.2400536433944886,1.0,1.1124481868355525,1.0,1.0,1.0,1.0,9.875412771351542,1.1263869235738884,1.0726411898632016,3.1342081329080447,1.0,2.1146031036661013,1.1793632810990191,1.6853574804350675,4.312448035228751,4.5972695308054705,1.0,48.63519350174151,16.75880629578959,5.397277565809548,3.5652328418080423,4.812257262985582,2.1038678274757903,2.267768977474247,1.0,2.8346652719689462,49.25944126238923,7.7829325409615,3.2360140395899384,44.5246403188774,14.194573967201155,1.708538066675123,1.0,1.0,1.2233787376397383,3.9337395735765286,1.0,4.12811393501825,1.324098649417977,4.8319085245163285,29.282644120184944,1.6845054617535185,10.959729747876898,2.2103755456352405,4.396335437710858,1.3516198766373975,2.12107157873856,2.139711110471203,1.610215847731383,1.776612948962256,24.468324814187028,12.06243830113598,10.579349698297282,20.80439168664984,7.591310177812712,1.539433999970408,1.2879187842148494,2.521394904277482,6.736327160002828,1.0,3.3712239324234785,3.3805081997670747,1.1364641064891436,1.3817940290012716,4.009021237776112,2.1581246070792184,1.1752636020709801,1.7096473006847641,1.4948280570632153,3.338902229034631,2.599341999098763,2.2400816352501,1.6860259856836035,2.249653058581705,3.3674262051764683,4.853008812161444,3.543700634401445,2.9338077066625545,4.00325635051747,5.808271350884526,1.0,2.0080548329215215,5.905671319237342,10.16589208192822,1.110412923034308,1.7744064815880407,1.5233466157704394,1.2028475186117102,11.123742805169972,9.044290681137062,2.9653755499750187,1.6445875868672168,6.356235650418688,1.0,125.58559133615215,6.774040719170273,48.985372810663335,5.716429479998864,4.11871201152582,1.72275091202577,7.238311819052349,1.7986250755876871,3.240768126765385,1.2567705003440635,1.2142182856125585,1.560792669285132,3.7500783318801547,1.880406999786392,3.9168614762965834,1.7482532030149225,1.77155224605417,24.496175209178134,1.0,1.0,1.0,1.0,1.0,1.0,1.0,1.0,1.0,1.0,6.277783131418258,6.656414125071786,5.54273751500776,7.078559065654645,3.1036044198608645,2.1922175157127,2.131052456644718,13.047002472874365,1.7851817628234596,2.377165403204865,3.869747525658785,2.5800881656293475,77.75376015811635,90.77488302722344,15.778855099096788,29.014186696430787,90.22619817081133,65.90979606070816,74.44300427761308,1.0,4.180695433988688,289.3244535107915,154.17489828578144,148.48564820740327,89.98625149198983,34.94640646584628,7.513095102114152,58.996925486475845,77.89943374897511,9.854772745091013,59.03422507081979,31.429611623728455,122.51024317585296,111.01701870498526,41.09872076540606,1.0,842.0141983949445,393.2362585561531,117.35641824599065,556.3004814294563,61.11058764768859,139.75053088279677,125.35181398113309,252.42267243721534,71.42846628519459,10.762883985295957,164.81732895381793,117.7637878514283,1.0,1.0,1.0,1.0,1.0,1.0,1.0,1.0,1.0,1.0,1.0,1.0,1.0
TEST_06+1일,2.367653755988939,1.0,6.533729576903934,2.331606962071609,1.0,1.0,4.103939175658916,1.0,1.013783691403405,1.0,1.0,1.0,1.0,1.0,1.0,1.0,4.612839977964295,1.0,1.0,6.473747701578294,7.806304280980858,1.0,1.0,1.0,6.43540304991721,1.0,1.0,3.4386916487604067,11.7383580707601,3.7439795421205293,3.912506188661862,3.4963875324430354,2.7280207711733135,1.0,1.0,2.692162780288378,27.990477441904893,7.932555038753473,3.113165146650061,26.303098210747716,16.551613701404982,1.0,1.0,1.0,1.0,2.509070004195059,1.0,4.323536374570107,1.0,4.250428676712595,27.71300299279467,1.2073743246615831,9.779644590458004,1.0,3.0775024455853264,1.0,1.32991263756612,1.3984481289257118,1.0163109099069723,1.0,23.230895736396658,7.741783631256297,4.682741125417366,19.441310047908424,6.339161637172573,1.0,1.0,1.3257349985702902,3.8147793222726136,1.0,2.240797794643067,2.504650271575935,1.2404533240391191,1.0,2.9210507905539047,1.0,1.0,1.5787579057772887,1.0,3.3083393983750753,2.737234644709437,1.2314283592185125,1.6721880310982447,1.5639953308387646,2.0539817585728786,2.1289324869547093,3.312489226116146,2.1746197661607907,3.3641119144700333,4.150093801821288,1.0,1.073012506609542,4.595571069825785,8.62516465153669,1.0,2.3680780251884124,1.0,1.0,9.605347160875043,5.792094674133948,1.196216840584166,1.0,2.05366583015231,1.0,66.0027596369485,21.761934759978573,31.680463703908828,5.622841822853324,2.140184610513189,1.6000443007470975,4.631243346795179,1.0,1.6088610790980147,1.0,1.0,1.0,2.5993593004034077,1.0,2.16849720057685,1.0130671387835952,1.0169595541566805,10.738012819406066,1.0,1.0,1.0,1.0,1.0,1.0,1.0,1.0,1.0,1.0,6.066449364168459,4.333534223833106,4.301955664413229,5.245194638709027,2.595393331962204,1.8046286639189622,2.340706332804137,8.909056032457176,3.471417252094734,1.366273824463085,4.252015314048757,2.3547672139006797,78.19756400027904,41.862426752408275,48.83498061918651,26.61457950194195,78.77695201380652,73.2050899865082,52.68196165480708,40.29251595336235,5.968802473506064,251.1717924947726,193.29427987038025,138.79568836694386,46.02180334504699,27.350207184349397,4.1707909170279045,45.445940691324225,79.30562486195892,5.327194582200121,54.628066665543855,21.636203779033423,80.57650356587882,97.32164930295457,35.836997616679845,1.0,526.1394338703308,439.1016388867456,83.88647093907466,223.2792248111163,49.075194029353625,77.118753902646,62.152722005684936,201.88139440561702,46.13784547506859,10.820299178373737,72.92866888268804,74.14593975669518,1.0,1.0,1.0,1.0,1.0,1.0,1.0,1.0,1.0,1.0,1.0,1.0,1.0
TEST_06+2일,1.5464367823335412,1.0,4.359103652686069,1.2322803661833461,1.0,1.0,2.476809319516146,1.0,1.053627301752904,1.0,1.0,1.0,1.0,1.0,1.0,1.0,6.462827212638734,1.0,1.0,11.078924407875132,3.9721585365286063,1.0,1.0,1.0,10.31877678624775,11.967388432434571,12.059071959322099,25.64028602454698,7.903208684526666,2.4991858724173124,1.9382422149419591,1.81157160754962,1.3874440067989755,1.0,1.0,1.3967102655320678,15.165362698632398,4.339539499635201,1.5199218591961163,18.06813139592081,11.104767464256751,1.0,1.0,1.6446825779039127,1.0,1.717801810933954,1.0,2.2824699050605597,1.0,3.035198444950743,13.97379682106399,1.0,7.94352623015545,1.0,1.2940575703502126,1.0,1.0,1.0,1.0,1.0,12.830947234715818,4.900578678216092,4.007056938637862,11.99336938095703,4.622021705249399,1.0,1.0,1.0,3.1124399243499896,1.0,1.2238544789108563,1.4855455880858341,1.177651119065871,1.0,2.2600155427718773,1.0,1.0,1.0,1.0,1.930270996169545,1.4291000640746303,1.0,1.0,1.0,1.3208843518919546,1.2999353630573764,1.6476630902300773,1.0,1.695723032207602,2.909409223184553,2.4115841261388447,1.0,3.3425687044485652,7.634908775668622,1.0,1.0,1.0,1.0,6.304822459766148,3.8446439055179136,1.3497230544656051,1.0,2.4937428229117073,1.0,4.157420192932271,73.07297109585396,32.945029675358406,2.8783155806815643,1.3597932133429045,1.0,2.8151633473974877,1.0,1.1251669163607327,1.0,1.0,1.0,1.8169293370722372,1.0,1.793595202636368,1.0,1.0,33.629011334411686,1.0,1.0,1.0,1.0,1.0,1.0,1.0,1.0,1.0,1.0,31.18229940262627,2.5783240609392544,2.1997257768977083,3.5788923394358507,1.772718295268993,1.2350861768481,1.0,6.86146986233982,1.1006794492062562,1.0,1.8916173824364324,1.7042943902237826,48.104552512420234,11.265800621706619,30.38695464479199,5.885890730701001,49.41826362252874,45.75843871909352,35.747187395290645,13.471245747727494,3.4645947111137856,144.60165590774207,68.00176051440182,58.071604706601036,41.467121482700776,19.780693201023873,4.256151809363453,50.3058396540612,50.884017234337186,4.219893455330379,32.14765696065619,14.611753529609329,54.59032034576525,40.28198114450132,16.228017039344437,1.0,156.6866721886654,228.32744301334657,37.00987692480537,150.0400667309969,18.864651923122302,48.48647180403651,30.146940873723057,90.96668270468737,19.181525570638048,5.316323406872621,42.85934259552491,42.16403273815733,1.0,1.0,1.0,1.0,1.0,1.0,1.0,1.0,1.0,1.0,1.0,1.0,1.0
TEST_06+3일,1.4818168690607902,1.0,3.283970488407882,1.2947111008331402,1.0,1.0,4.481008362562179,1.0,1.0,1.0,1.0,1.0,1.0,1.0,1.0,1.0,9.410564607881188,1.0,1.0,11.026067065223925,6.231402527989066,1.0,1.0,1.0,13.96979141057428,15.244768186205423,8.43476644975457,30.73315867561486,6.871387916990585,2.2926929666157854,2.285845862933026,1.3885803160036865,1.497368452788614,1.0,1.0,1.646484517220109,15.390009252335867,4.091562979493637,1.707786450158146,13.784256164872943,8.518902514605372,1.0,1.0,1.0,1.0,1.518353696176605,1.0,2.2313372732990495,1.0,2.4495940636496045,13.170935533328251,1.0,7.318515707082098,1.0,1.3408493510187631,1.0,1.0,1.0,1.0,1.0,8.851740343980348,5.14727022134469,4.491774229227682,8.490856011689669,8.269282646566547,1.0,1.0,1.0,2.0731489470286735,1.0,1.733909509663037,1.5638720984104428,1.0,1.0,1.8426944648085526,1.0,1.0,1.0,1.0,1.9752466170164444,1.429413578376662,1.0,1.0,1.0,1.4967226852897062,1.6193714740564378,1.743355536037393,1.5839038376371348,2.026047586686917,2.837479899744286,22.92495386851221,1.0,2.0668394597517086,7.484400898104818,1.0,1.0,1.0,1.0,5.379914225379928,4.085694183815034,1.2228077888798485,1.0,1.8720919976883774,1.0,8.448242036313511,73.27878179435743,20.983933581068264,2.973198591334871,1.0842875679123558,1.0,2.195210770543922,1.0,1.0671077626155785,1.0,1.0,1.0,1.3760259243347293,1.0,1.7586851056202277,1.0,1.0,20.850614739201617,1.0,1.0,1.0,1.0,1.0,1.0,1.0,2.023097318725758,1.0,1.0,27.828677897483757,2.1028622176922216,1.6991285882837177,3.2302742135144484,1.7086340217902432,1.0831987161742194,1.003797944312316,6.686099666945363,1.0425261821853564,1.0,2.0396096857935695,1.7094883293263958,38.54163311954581,26.185840746186855,51.78362049327925,90.32639630176989,40.97488736160827,33.75774184819008,37.13634851090556,15.179559847162551,3.7136302122747566,141.50662804538405,94.76373968828979,67.82730198343849,35.604200041705866,12.955339028111997,1.0,43.30070369613744,30.17447602727752,3.243117768216466,27.24570947848595,13.332141484597924,46.98652719425597,52.93372197692368,19.874178885343085,1.0,218.71104004604626,184.12573884111086,21.472037729971866,29.4455061725518,14.485657241833184,44.881815868577206,20.473786804198348,103.26071105535195,17.55809200635145,4.272876370970619,34.18915202334613,36.044485938601774,1.0,1.0,1.0,1.0,1.0,1.0,1.0,1.0,1.0,1.0,1.0,1.0,1.0
TEST_06+4일,1.3282960925575944,1.0,2.792311396396014,1.0,1.0,1.0,3.0322904728254834,1.0,1.0,1.0,1.0,1.0,1.0,1.0,1.0,1.0,8.480085067779047,1.0,1.0,7.5655430986825,6.689843317296764,1.0,1.0,2.0955214874817787,12.536035127757163,3.8911772088100327,12.42892040592784,15.384858640874125,5.059971668433194,2.1813386278574485,2.2994212917383416,1.6506914330256306,1.311660764308919,1.0,1.0,1.4368159268935117,15.95096457639408,4.4226041362764885,1.952725561211949,13.857067894794437,11.388629357064845,1.0,1.0,1.0,1.0,1.6522050806821562,1.0,2.115196431980232,1.0,2.218377259321234,6.816548638558606,1.0,7.2943936883725184,1.0,1.442629847539989,1.0,1.0,1.0,1.0,1.0,6.762752797225533,4.541815767469426,2.986692783801108,9.086105623031045,8.124263617511211,1.0,1.0,1.0,2.2167798606336295,1.0,1.785685380001048,1.5531179418910717,1.0,1.0,1.6564901979978603,1.0,1.0,1.0,1.0,1.7732290372048034,1.5560561725205169,1.0,1.0,1.0,1.6677003590446655,1.7175858488760338,1.685155083150652,1.2077854514444153,1.9976732151941219,2.8207489488213144,36.74666116199205,1.0,1.8292161099089514,5.536690355051381,1.0,1.0,1.0,1.0,7.1062017692973605,3.3679310750175775,1.0,1.0,1.3897729049755927,1.0,5.272446784157254,51.879069755349995,16.558170897475254,2.865149901070121,1.0,1.0,2.3108175685380288,1.0,1.0,1.0,1.0,1.0,1.4989748805262333,1.0,1.3248744284892544,1.0,1.0,31.358454424852532,1.0,1.0,1.0,1.0,1.0,1.0,1.0,1.0,1.0,1.0,8.05238113678169,1.8282208333312133,1.8470428135976888,3.0546656839853212,1.5695970142075162,1.404696758399368,1.0,4.819615314563167,1.400319676588385,1.0,1.9209808615347437,1.74816537998564,36.04424029556528,7.943352267087217,31.55499796765441,73.94897803921606,36.2492113729326,28.26962155156604,26.764638200290882,19.810910563418897,3.057482679813356,64.30615064205637,40.675799855324506,65.25431532661091,24.30024967764272,11.999619189724314,1.0,30.958728341969092,29.24714274030298,3.012619811592619,26.107296746819955,12.991571927969309,45.654875671758276,47.419667562892215,18.790510135348434,1.0,180.2009771365975,183.9722789524181,13.426029102948853,119.06444737363773,11.912350623883619,35.671118237238495,21.14074554020784,56.8700493166777,20.852550758330647,3.930587708057384,31.020485335159545,31.86375738601214,1.0,1.0,1.0,1.0,1.0,1.0,1.0,1.0,1.0,1.0,1.0,1.0,1.0
TEST_06+5일,1.1486645626678769,1.0,2.9371404983203675,1.5408813660293004,1.0,1.0,4.711123151544935,1.0,1.2171394387809122,1.0,1.0,1.0,1.0,1.0,1.0,1.0,30.357484704446854,1.0,1.0,32.05961445963852,16.820347542555453,1.0,1.0,6.195078273290929,15.379904760098226,8.739208428052729,17.3982340867292,33.52443161091641,6.8791731373759415,2.451670614433459,2.802348933973706,2.0073633048838326,1.6155362818257382,1.0,1.0,1.2376209286473494,22.370934706955246,4.514959404033534,1.435550208524719,19.39798873797809,8.383875683379282,1.0,1.0,3.1807752258257267,1.0,1.7976239601312345,1.0,2.8550068409925458,1.0,2.5538067601450916,10.418566277619172,1.0,7.28749628080121,1.0,1.4807783838847886,1.0,1.0,1.018426368289059,1.0,1.0,6.700989197278299,4.411498041685571,3.6940034672678506,6.914322826915152,2.680405719372588,1.0,1.0,1.0,2.1344851132527234,1.8828745722103786,1.631763285645604,1.6064717071553578,1.0,1.0,1.682399008625779,1.0,1.0,1.0,1.0,2.031911982930966,1.483657413824883,1.0,1.382293094785447,1.0,1.8019246114074594,1.9878879228108932,2.0909902524662316,1.2745160528911426,2.250557942510747,3.093501411764952,46.46159375325763,1.0337755295597926,2.2254848823366578,6.650053763161556,1.0,1.0,1.0,1.0,7.580811542542335,3.2687151549559252,1.1651071841366532,1.0,1.7452205765684854,1.0,1.0,81.54443258717211,16.527799229731094,3.1717663171776813,1.4425232297058315,1.0,2.43881983534441,1.0,1.1914297565736807,1.0,1.0,1.0,1.725652181002497,1.0,1.4593015263312745,1.030915060802524,1.0,66.31668602187857,1.1113717028199614,1.0668409089826905,1.0,1.0,1.0,1.0,1.1864257195937546,4.607183643619111,1.0642510509838448,1.0,69.79884743902451,2.175020103481885,2.410845770630729,3.4364285489717856,1.7080495590903135,1.544338313417971,1.019416210607564,7.553201510558483,1.5125137608812182,1.0,2.265848108230476,2.252174984421859,30.736374327549157,12.980956908161847,42.73628068822329,55.20841380820138,34.0624280604445,28.54563895807842,30.482443393482587,20.182478705221108,3.8194031577376992,89.20263419529223,56.087948620574096,56.39144351607008,29.301869323706505,14.81270338005982,1.0,45.70996851186396,33.51203823305419,3.4550967388918057,29.717287443837925,12.709520824855868,32.99990059293848,37.36078261286829,21.66525408571945,1.0,195.01069986174605,193.99032879134967,18.677319028258125,31.013124820525984,12.580157387411274,23.7634727815662,16.762254807085828,46.44767441929642,16.883134312884355,3.670109371021725,29.540586632716526,20.916052642177092,1.0,1.0,1.0,1.0,1.0,1.0,1.0,1.0,1.0,1.0,1.0,1.0,1.0
TEST_06+6일,2.47462706750302,1.0,4.438403363489378,2.624856680643472,1.0,1.1209429320348852,7.702505996629869,1.0,1.4527771035984292,1.0,1.0,1.0,1.0,1.0,1.0,1.0,28.217918853582184,1.0,1.0,11.157965738185784,10.2867116221367,1.0,1.0,5.379124328975495,20.04308377710834,32.52249730525928,17.022365738430402,48.16381557624247,8.412951384434024,3.5838985228577185,4.499716442608811,3.3371878527863625,2.174371430225184,1.1418481186268714,1.0,2.5457966178067504,38.42992678683649,6.598008358333921,1.6473644407568941,38.026014674574704,10.22575969469575,1.228459989881939,1.0,4.086031993751707,1.0,2.5949035364659814,1.0,4.382113443880339,1.0,3.5745683740537584,12.397275078534104,1.1410110940790064,7.666317918116207,1.0,1.9956923089390373,1.0,1.6824866239610063,1.3988996959196738,1.2898388698296268,1.0,12.641185672664099,4.161424867107922,4.999179128627379,11.672083517489494,2.078376782354228,1.2020990408221857,1.1102334314022508,1.6602041873899265,3.6672600403355538,1.0,2.574016584873292,2.278672262725552,1.0,1.0,2.6579995217340615,1.0750974039133283,1.0263419184918163,1.393641600428734,1.0451558877975826,2.9051409865818854,2.080751107232918,1.3761756265465777,1.7443869194576085,1.475097795718033,2.531985896739765,2.903581925714615,2.775711736413567,2.1424778765825008,2.9970507443911902,4.61009526408132,36.530619144478294,1.6183678404096473,2.9835278139456296,6.977429583859736,1.0,1.0,1.0,1.0,8.863129641688296,4.49727721621536,1.4093273421496981,1.429645362115014,2.7817577139663827,1.0,19.414743342040687,49.446196722828006,21.68301723123681,4.481293929423949,2.319620444541658,1.3665593362367783,3.939667430800145,1.0,2.1779173415202866,1.0,1.0,1.1956559596886602,2.2709768587649535,1.4389661292408853,2.2217718570598004,1.7404064724368227,1.2095184502696508,27.44476870664123,1.0,1.0,1.0,1.0,1.0,1.0,1.0,2.6520141327162,1.0,1.0,26.92556451650796,3.6952369970157477,3.484602233377142,5.312183927321525,2.687660945367555,2.231589505040417,2.0303116293976773,8.647068558055231,2.5183161385019774,1.1516581203586227,3.600487576236089,2.9756364357898164,36.77380698991172,21.15619875566085,49.01285781250176,151.93287017685134,45.883212125257074,44.47203203598033,27.721934556322413,30.420086029639904,4.559734578437653,124.01287480892896,108.4527918114688,59.103646430885746,32.61024067446002,17.18184739742181,7.77891702118629,45.708610963972816,39.05370482305728,4.303440118077623,29.78764953948003,17.002761383913395,44.03721003764064,82.70115167060034,13.398248289676644,1.0,334.5884463797812,167.73695928381454,30.941489699799288,46.984804176331096,20.273183169976917,44.89867398884874,15.329978153910112,61.03797520895994,28.877930229892222,6.82414716201424,25.574874496036077,29.30520893511344,1.0,1.0,1.0,1.0,1.0,1.0,1.0,1.0,1.0,1.0,1.0,1.0,1.0
TEST_06+7일,2.8843030746853766,1.0,7.5931547877834475,3.448180231775081,1.203165656954329,1.336609906733072,2.0318438934361156,1.0,1.63317194801586,1.0982902201483886,1.0,1.0,1.3149670156438686,1.0,1.0,1.0,3.1813124906631858,1.2006924347924346,1.2713422957094505,9.974148541776849,6.617613008376674,1.3443568841217155,1.0760220547572608,1.1532553023245953,1.0,1.0,7.701195852239232,41.11748427139955,12.850721812767995,4.318423359762205,4.6049827638490255,5.254606402509228,4.243557207731736,1.7256943324480485,1.0,3.555610682183302,56.32371617903325,9.815173926937922,4.384988126664886,44.084300428462896,19.227101657500732,1.6750076062931172,1.0,1.0,1.3993398788162608,3.7010432973259944,1.0445755519594697,7.075107249969569,1.059956236516598,5.591224421119558,26.083272956315128,1.9792690583668913,12.348461535909536,1.2128673953833116,4.545365812608444,1.3792192883617906,2.3138927793761135,2.19863851515355,1.8956927571228956,1.2206804175470718,24.064386156671336,7.149359615888214,10.09764087141751,20.71860933859365,6.6430415518015185,1.9063005028063542,1.4623787590199564,2.3353202181551724,5.737977153794696,1.0,2.712228063746664,3.053026256811631,1.7112746726513304,1.202864795493948,4.545192993950749,1.824299480964895,1.389288924551328,2.1669037193029053,1.6863418372840764,4.442016661263553,2.7651118165576216,1.9832067671711822,2.788849903685558,2.277540713874185,3.057472291273791,3.5641285157372318,3.361975574785912,2.8421130506885453,3.3773907578064497,5.368841583356839,1.0,1.6825793873119868,5.467903222207128,13.196422950622631,1.442611821530806,1.7155348642751647,1.3368978937855676,1.2385425816020272,6.738693500308159,8.756165954418064,2.023678711224843,1.84579851383566,5.742085330027237,1.0,101.04084182190212,14.236185060816728,31.492156093584107,6.5868536108144475,3.4862574818988565,2.4033152336849155,6.444732762339455,1.7717663919383215,3.013352201987757,1.3684547978972394,1.0304036027657995,1.7421605491397425,3.3640587036830074,2.1765005162597815,3.0321626932791736,2.2333110746353615,1.6642177083455867,1.2312162072705692,1.0,1.0,1.0,1.0,1.0,1.0,1.0,1.0,1.0,1.0,1.0,5.721769187927268,5.39386429904043,8.712391627738953,3.3053753315832575,4.133036055666962,2.9076245212220853,12.343292691852094,3.7256725734655256,2.249988148963871,4.994929133222937,3.4438710014568796,75.86548071139829,43.56922714753951,42.189441126632374,58.06143863506618,76.53532427741021,75.2074783804612,44.008050021053336,52.184883009473616,6.597232942515799,208.7733616048828,207.72634560597479,164.77627894656146,36.198689415383626,18.60731168301649,1.0,59.269822065570125,63.95066506593639,6.382276284178473,46.73318665554138,19.541615030477367,97.97656383894068,114.90204678974256,39.966465122651314,1.0,391.1462716370522,164.43708437164503,41.42614478419196,74.17198464224143,31.352008236176147,64.0839539406489,49.812493051940784,143.21715964342727,36.74604567111369,10.254058779001392,28.974952796849806,57.83586843494786,1.0,1.0,1.0,1.0,1.0,1.0,1.0,1.0,1.0,1.0,1.0,1.0,1.0
TEST_07+1일,1.2906672124251712,1.0,4.124089715584179,2.149584287416446,1.0,1.0,1.0,1.0,1.0,1.0,1.0,1.0,1.0,1.0,1.0,1.0,2.58833764610772,1.0,1.0,3.0805305195290895,1.0,1.0,1.0,1.0,2.844764172548864,2.2561011894015133,1.4792696897061648,5.487316099864033,1.8511656095071298,1.1098011895766056,1.0,1.7479039327274415,1.0127982289779422,1.0,1.0,1.176839629781631,17.647106916204695,1.8347610483551646,1.3912066624077177,17.655988841607645,6.188917614633312,1.0,1.0,1.0,1.0,1.4194940655905268,1.0,2.3647506814691126,1.0,2.430617035176847,4.920202528404958,1.0,3.902611317233668,1.0,1.319425415407205,1.0,1.0,1.0,1.0,1.0,4.938092398863194,4.981637786812909,3.410618163345077,5.2282191959462185,3.392674569657409,1.0,1.0,1.0,1.0,2.2374121760384256,1.0,1.0,1.0,1.0,1.0,1.0,1.0,1.0,1.0,1.0,1.0,1.0,1.0,1.0,1.0,1.0,1.0,1.0,1.0,1.0,10.260862034036919,1.2605876019770896,2.580099627547935,6.3689718384946215,1.0,1.0,1.0,1.0,4.219594124914247,2.8991797150317122,1.8062667974974809,1.0,1.0790071504868994,1.0,52.50079274657693,18.66624839912226,6.17726104364079,2.7220531963205055,1.4453276993969815,1.0,2.493156996895959,1.0,1.0927605087227064,1.1555417232236889,1.0,1.0,1.322029698505499,1.0,1.071742385236661,1.1532270937996687,1.0240342945387997,1.0,1.0,1.0,1.0,1.0,1.0,1.0,1.0,2.7001418967302975,1.0,1.0,14.641316655764895,2.1326068459635463,1.0,1.8180938387227594,1.0,1.0,1.0,2.4787593032279,1.0,1.0,1.3371001610784359,1.0875980009913546,1.445533202495492,1.0,54.73577694206266,135.15987273123,1.4112618998059603,1.0,1.0,1.0,1.0,4.192477653107254,1.0,1.0,9.759115749298115,3.8459343587674715,1.0,1.0,2.440169949156487,1.0,2.22422961664801,2.2009391557533626,1.0,1.0,1.0,1.0,1.0,1.0,1.0,1.0,1.0,1.0,1.0,1.0,1.0,2.4444118942319886,1.0,1.0,1.0,1.0,1.0,1.0,1.0,1.0,1.0,1.0,1.0,1.0,1.0,1.0,1.0
TEST_07+2일,1.0,13.151177810212683,1.0,1.0,1.0,1.0,6.345473203492099,1.0,1.0,1.0,1.0,1.0,1.0,1.0,1.0,1.0,8.947538344036266,1.0,1.0,13.869501068059057,4.552889732211531,1.0,1.0,1.0,21.364082486610876,10.980996314318888,1.2320001051708518,7.253729383032065,1.0,1.0,1.0,1.0,1.0,1.0,1.0,1.0,4.694009307095762,1.0,1.0,6.344882906035007,1.0,1.0,1.0,1.0,1.0,1.0,1.0,1.0,1.0,1.0,4.925164169638714,1.0,2.1392339771530593,1.0,1.0,1.0,1.0,1.0,1.0,1.0,2.275698452342347,1.8992343570019203,2.8469055981498697,2.3763841261593703,2.0682242593545883,1.0,1.0,1.0,1.0723022228770611,1.0,1.0,1.0,1.0,1.0,1.0,1.0,1.0,1.0,1.0,1.0,1.0,1.0,1.0,1.0,1.0,1.0,1.0,1.0,1.0,1.7525494529353627,14.158034140004645,1.0,1.0,1.9804716232201285,1.0,1.0,1.0,1.0,1.0,1.5919237872250591,1.0,1.0,1.7924624639635374,1.0,9.37830148366411,33.16062557402538,10.227783530162988,1.0,1.0,1.0,1.0,1.0,1.0,1.0,1.0,1.0,1.0,1.0,1.0,1.0,1.0,1.0,1.0,1.0,1.0,1.0,1.0,1.0,1.0,2.6400783276299182,1.0,1.0,13.979554842544953,1.0,1.0,1.0,1.0,1.0,1.0,1.3300055301954221,1.0,1.0,1.0,1.0,1.0,1.0,32.92696616792998,138.81352010286312,1.0,1.0,1.1039438777528183,1.0,1.0,1.7097325678973485,1.0,1.0,1.0619217315345852,1.1830681593967705,1.0,1.0,1.0,1.0,1.56960414982361,1.0,1.0,1.0,1.0,1.0,1.0,1.0,1.0,1.0,1.0,1.0,1.0,1.0,1.0,1.0,1.0,1.0,1.0,1.0,1.0,1.0,1.0,1.0,1.0,1.0,1.0,1.0,1.0,1.0,1.0
TEST_07+3일,1.0,24.729439954003443,1.1974498548915389,1.0,1.0,1.0,2.8126922175218314,1.0,1.0,1.0,1.0,1.0,1.0,1.0,1.0,1.0,9.466071173752168,1.0,1.0,12.374932203773213,2.4176788811313106,1.0,1.0,1.0,10.908349644803046,14.322404868189095,5.259354966015561,16.195253514661864,1.0,1.0,1.0,1.0,1.0,1.0,1.0,1.0,4.3466248905361216,1.0,1.0,4.01115035126623,1.0,1.0,1.0,1.0,1.0,1.0,1.0,1.0,1.0,1.0,3.0616986090636757,1.0,1.9503624171469405,1.0,1.0,1.0,1.0,1.0,1.0,1.0,1.2223015298253124,1.1580419474020196,1.4038821094537401,2.1590139149053664,1.0,1.0,1.0,1.0,1.0,1.0,1.0,1.0,1.0,1.0,1.0,1.0,1.0,1.0,1.0,1.0,1.0,1.0,1.0,1.0,1.0,1.0,1.0,1.0,1.0,1.1622240317000745,10.29464419302909,1.0,1.0,1.80914043888834,1.0,1.0,1.0,1.0,1.9426892955839397,1.0712715262678196,1.0,1.0,1.4715898707603219,1.0,3.8708971287860123,29.282486150296982,9.33656030414171,1.0,1.0,1.0,1.0,1.0,1.0,1.0,1.0,1.0,1.0,1.0,1.0,1.0,1.0,1.0,1.0,1.0,1.0,1.0,1.0,1.0,1.0,1.0,1.0,1.0,9.354018645254989,1.0,1.0,1.0,1.0,1.0,1.0,1.0,1.0,1.0,1.0,1.0,1.0,1.0,40.474458527831295,24.644839268551333,1.0,1.0,1.0,1.0,1.0,1.0,1.0,1.0,3.036868786797664,1.0,1.0,1.0,1.0,1.0,1.0,1.0,1.0,1.0,1.0,1.0,1.0,1.0,1.0,1.0,1.0,1.0,1.0,1.0,1.0,1.0,1.0,1.0,1.0,1.0,1.0,1.0,1.0,1.0,1.0,1.0,1.0,1.0,1.0,1.0,1.0
TEST_07+4일,1.0,21.342672953283298,1.4797403716472621,1.0,1.0,1.0,8.82394580021135,1.0,1.0,1.0,1.0,1.0,1.0,1.0,1.0,1.0,15.777002592632765,1.0,1.0,20.072490148742418,7.229472270246118,1.0,1.0,1.0,18.810766064888437,13.1864041777694,2.913136931838647,26.071860092653033,1.0332467469185636,1.0,1.0,1.0,1.0,1.0,1.0,1.0,2.5420396614672764,1.0,1.0,4.225425930089809,7.697176216389217,1.0,1.0,1.129744587363757,1.0,1.0,1.0,1.005471428154949,1.0,1.0,3.8898853516146024,1.0,1.0442859717840918,1.0,1.0,1.0,1.0,1.0,1.0,1.0,2.1909231159381277,1.5881444988265605,1.0,2.6407722409801817,1.3007134565727747,1.0,1.0,1.0,1.0,1.453997629579356,1.0,1.0,1.0,1.0,1.0,1.0,1.0,1.0,1.0,1.0,1.0,1.0,1.0,1.0,1.0,1.0,1.0,1.0,1.0,1.0,15.700561179908815,1.0,1.0,1.4855347170931985,1.0,1.0,1.0,1.0,3.657523624474855,1.0,1.0,1.0,1.5906505778079327,1.0,3.1559499304790872,15.31939745268911,3.5238752632802224,1.0,1.0,1.0,1.0,1.0,1.0,1.0,1.0,1.0,1.0,1.0,1.0,1.0,1.0,1.0,1.0,1.0,1.0,1.0,1.0,1.0,1.0,1.0669735575566415,1.0,1.0,25.70944926836235,1.0,1.0,1.0,1.0,1.0,1.0,1.0,1.0,1.0,1.0,1.0,1.0,1.0,21.555696463373692,45.5204973126014,1.0,1.0,1.0,1.0,1.0,1.0,1.0,1.0,6.856341235037024,1.0,1.0,1.0,1.0,1.0,1.0,1.0,1.0,1.0,1.0,1.0,1.0,1.0,1.0,1.0,1.0,1.0,1.0,1.0,1.0,1.0,1.0,1.0,1.0,1.0,1.0,1.0,1.0,1.0,1.0,1.0,1.0,1.0,1.0,1.0,1.0
TEST_07+5일,1.0067469836369902,57.199040978750105,1.3008949028868004,1.0,1.0,1.0,15.780450265702664,1.0,1.0,1.0,1.0,1.0,1.0,1.0,1.0,1.0,29.260532442988648,1.0,1.0,49.80574977313554,12.591673569034972,1.0,1.0,1.0,23.27260145214008,29.32465018720777,10.04504929739095,25.088984848105223,1.408766071017515,1.0,1.0,1.18268233141576,1.0,1.0,1.0,1.0,8.549722172987773,1.297370667938446,1.0,9.185896467472224,19.671558991917397,1.0,1.0,1.0968414296088165,1.0,1.010043984252164,1.0,1.3351668735536542,1.0,1.0,5.496122578192278,1.0,2.3774130405743827,1.0,1.0,1.0,1.0,1.0,1.0,1.0,1.8251676476623673,1.01469659423665,2.6672237976942452,2.916204069048085,2.0631336458908303,1.0,1.0,1.0,1.0,3.1352071572386966,1.0,1.0,1.0,1.0,1.0,1.0,1.0,1.0,1.0,1.0,1.0,1.0,1.0,1.0,1.0,1.0,1.0,1.0,1.0,2.1544389212860886,45.39331868485098,1.0,1.0,1.2691539920276602,1.0,1.0,1.0,1.0,5.890128333686979,1.5731669857415844,1.0,1.0,2.2793396212569093,1.0,3.0754223350378327,45.68586197761099,6.642945553032076,1.0,1.0,1.0,1.0,1.0,1.0,1.0,1.0,1.0,1.0,1.0,1.0,1.0,1.0,1.0,1.0,1.0,1.4392955810373713,1.0,1.0,2.6056223775734644,1.1229325605185418,2.8432148299966475,1.0190422731551492,1.0,49.87334774537838,1.0,1.1546053307378619,1.0,1.0,1.0,1.0,1.298931949105691,1.0,1.0,1.0,1.0,1.2660733820878036,1.0,45.06265899250382,114.14043315314639,1.0,1.0,3.1212974439969097,1.0,1.0,1.0,1.0,1.0,4.817739650568912,1.0,1.0,1.0,1.0,1.0,1.0,1.0,1.0,1.0,1.0,1.0,1.0,1.0,1.0,1.0,1.0,1.0,1.0,1.0,1.0,1.0,1.0,1.0,1.0,1.0,1.0,1.0,1.0,1.0,1.0,1.0,1.0,1.0,1.0,1.0,1.0
TEST_07+6일,1.9967570145343254,14.257672553272446,6.630857936545,3.59609570930257,1.0,1.0,7.827650246038932,1.0,1.3214344594625065,1.0,1.0,1.0,1.0,1.0,1.0,1.0,26.6436819895044,1.1444866583468392,1.0650456853764778,31.583011965467627,8.726245039015001,1.0,1.0,1.0,24.68014205211011,22.988211405220518,10.534917623887978,61.64326227322746,2.6631827290288586,1.6413461096406832,1.7011645511164417,2.1593270914167997,1.0321595186745234,1.0,1.0,1.379355511844591,22.995750598028234,2.2757865703170927,1.4693405424853927,26.551023287177948,27.678407199487467,1.0,1.0,1.9757991916040858,1.0,1.8017282132412331,1.0,3.3320178440689565,1.0,2.6812212422477297,5.653319546859279,1.0,5.335397544621603,1.0060636945295927,1.4070100550534164,1.0,1.0931776302366256,1.0,1.0,1.0,3.870192899142035,4.949438311128509,3.5873359602229007,6.294166702759547,3.4452652985062544,1.0,1.0,1.2262934342392255,1.8279257544546907,16.50494536961301,1.0,1.7446958065097178,1.0,1.0,1.0973456993802415,1.182170182950275,1.0,1.0,1.0,1.2081132494236162,1.0,1.0,1.0,1.3137372327574701,1.3080860127483,1.5183359200009905,1.0167003525742409,1.4056375403655592,1.0544717232423009,2.9255931330241705,32.801436569605656,1.2355977315538897,2.960591134359098,8.314088460305568,1.4984174974015942,1.0,1.0,1.0,9.061526547160911,4.093909143399051,1.9530029782176215,1.0555061557854781,1.9098310789458808,1.0,34.39838900412366,27.570110640483712,27.479959173147186,2.6970765830769943,1.5409727003971414,1.0,3.95375610696381,1.0,1.5069680816728355,1.2897323745288622,1.0,1.0,1.1122237317683799,1.0,1.4168726323580914,1.403709708060434,1.1365532626897177,1.0,1.5022496406410284,1.0,1.0216992557068305,1.7596185242996087,1.0,2.744094518576562,1.3487227704545772,3.7958518111666386,1.0,1.0,17.60926127500767,2.690317673346078,2.2239117828995663,2.306614088279202,1.5776149198072784,1.1784402947438077,1.152845313193568,3.5134710720941653,1.4000767567494583,1.2588478047780614,1.5664655298960695,1.8938035558237822,1.386602207829879,1.0,50.39651491336164,73.20878998743102,1.0,1.0,1.2856905361336284,1.0,1.0,6.683993845465087,1.0,1.0,6.110041010845336,1.8678160480252448,1.0,1.0,1.0,1.531388537370884,2.299917512595058,1.0,1.0,1.0,1.0,1.0,1.0,1.0,1.0,1.0,1.0,1.0,1.0,1.0,1.0,2.0765906905575813,1.0,1.0,1.0,1.0,1.0,1.0,1.0,1.0,1.0,1.0,1.0,1.0,1.0,1.0,1.0
TEST_07+7일,3.3135878480863448,1.8739679086447183,11.022231326624581,7.333339343740922,1.4221721231000994,1.7396498378339709,1.0906599258398118,1.0,2.8805132720928235,1.0,1.0,1.4894061242236716,1.4155653995032236,1.0,1.0,1.0,3.8711699178510717,2.0848724526525704,1.7661140798773072,4.0649637183939,1.92851683084414,1.0,1.0,1.0,10.095812150439412,5.901200470133615,2.4333697415630193,35.42743928108627,3.541247709471272,3.1073906738889594,3.0817329712769768,3.997644665749561,2.0604764284749573,1.516036739124505,1.0,2.3697299863816914,23.848656012343504,2.745817573876152,2.625121382228824,27.74180369537709,54.50779585839659,1.6324668537984353,1.0,1.0,1.3949843177172025,3.0832046283016252,1.1311386975896236,5.769129840955734,1.4639556274111645,5.822688064934898,15.159159746992797,1.4853515361339191,8.096696633973155,1.4079978100532906,2.849031209978909,1.6274785296497802,2.1744790902095454,1.639112229209539,1.7454135912088633,1.277827349956626,11.093708682406525,9.77839869600743,7.218972850417965,10.664634769197185,6.397996925821299,1.4484117438042965,1.5419720526169511,2.1150895583232585,3.1988585914376806,7.406228063235303,1.7085993627786336,2.5293104302439593,1.2561194456373534,1.1857711183760344,1.8021069663490998,2.32646097304288,1.2141820388197382,1.387952018085608,1.453606726310046,1.954228940315591,1.306227547959543,1.5434314459257923,1.3693103942732923,1.9538215182142815,2.4144321097537778,3.012801378727389,1.4617821809188134,2.2619973916766325,2.0420561983470473,5.018294031318843,7.355005637155213,2.2441419908106095,6.090385568307762,11.811301258406758,2.2658073349172922,1.5014376160925504,1.0,1.41451897122834,5.787208524699942,8.108009557501003,3.677546049229811,1.7382127653526132,5.333392859576781,1.0,59.597556909988114,1.0,19.35670150020793,7.181352550955125,3.0872074920859442,1.466720027754239,8.962927571759796,2.295177947066837,3.161205211141144,2.269658107841047,1.2509287843243915,1.5958043840075105,2.513498505098794,1.715814386442076,2.602733323185928,2.387034472692725,2.0626194321166214,1.0,1.0,1.0,1.0,1.0,1.0,1.0,1.0,1.8676712700956766,1.0,1.0,9.146044012590306,6.1231238599749425,2.9727624810329765,4.338023404280725,2.6746690340171866,2.260703152029821,2.101480707293428,7.137409400215439,2.578388591253112,2.162545508728539,2.818255300694238,3.0198835187408744,4.89525211818628,1.0,23.26554688114832,22.86792638593261,2.9275554846365535,1.0,3.4676445705523853,1.0,1.0,5.556213034700983,1.0,1.0,10.191890785194323,4.914836300901858,1.0,1.0,3.2048780640476204,2.537469131188006,2.8882329593374516,2.8650363662946483,3.541025380171292,1.0,1.0,1.0,1.0,1.0,1.0,1.0,1.0,1.0,1.0,1.0,1.0,4.591156950036005,1.0,1.0,1.0,1.0,1.0,1.0,1.0,1.0,1.0,1.0,1.0,1.0,1.0,1.0,1.0
TEST_08+1일,2.805515995973959,1.0,7.581621567781789,5.475003376782657,1.0,1.7538411197030208,1.0,1.0,2.189161151642496,1.0,1.8961912396284992,1.0,1.0,1.0,1.0,1.0,1.0,1.092116194832739,1.0,2.4208215221459732,1.0017230978944565,1.2928327411293306,1.0,1.0,7.3416783856621155,3.7068182498876467,2.6674684874469996,1.0,20.13832339937006,3.933836669870967,3.5762093410032105,4.923127125687058,1.149808428417045,1.0379264509703234,1.0,3.640232459330107,43.35962126922578,1.0,2.87204154893944,27.101235620409614,19.43492534808353,1.4546733812408668,5.154181735419561,1.0,1.0,2.696806706089134,1.0,2.8341470406363425,1.0,2.5243885122539913,9.00393937931762,1.3743045909428366,5.367822815234103,1.0,4.528126827891263,1.4215500453323089,2.33102195773427,1.207641000873099,1.0,1.0,8.243582655076267,12.39001937666482,21.497137882607518,9.115646745899053,18.12593900403844,1.211820190199234,1.0,1.853446565179012,3.772074893084141,1.0,1.978615190688313,1.8756325629814659,1.3021365328842565,1.2946592849856642,4.457021684680458,1.0,1.0,2.0264343776085934,1.0,2.0493566626834516,1.0,1.0,1.0,2.28629326954669,1.706523877176938,1.2079893735612681,3.2867144341128616,1.9796678215714303,4.577255164120655,4.347456124140691,3.118236547711058,1.8174760618312396,3.7555652687657695,5.8218596618502465,1.0,1.0,1.0,1.0,13.672150337814099,4.738574089042296,2.1389622977492158,1.0,5.196880774363717,1.0,192.48811894692074,4.4673971154608605,31.589789434678902,2.7805998931914684,2.3987686517623072,1.0,2.896650101803425,1.0,1.0,1.6028158471325384,1.0,1.1882092923112686,1.0,1.3835237435175758,2.2841719061970878,1.9215600292009782,1.0,32.152206670932706,1.0,1.0,1.0,1.0,1.0,1.0,1.0,1.0,1.0,1.0,2.7321194660442853,1.7704225495173271,1.4587703693394483,2.122887672220088,1.252696814973705,1.0,1.3332530318238693,2.786261113261806,1.0,1.1403777012071439,1.1351504106112222,1.2862915410736113,4.543626408027278,1.0,13.475951209540707,6.330327054298076,7.581234160796993,1.0,5.203204838665854,1.0,1.0,11.443598073633446,1.0,1.0,15.029270456322433,3.6945012193042768,101.22653146366169,1.0,7.692620087432908,1.0,6.383728443174546,3.3461339198223907,7.4306797908776385,1.0,1.0,5.89139307198484,4.723516561359087,2.130797661034328,1.0,9.22107036122883,1.8302700535274445,4.00331914641081,10.087198368116502,11.629061598033312,2.1855070310400544,2.829813742482554,3.920423233383871,2.1029802149774293,53.318753032682544,30.270153656371114,60.209861364449736,15.467722812398005,27.47891088509425,43.486834389565516,18.01492975633747,340.17466641613,72.8770213723218,74.57616239485267,123.28481117699751,21.505845878336274,82.48889484198118
TEST_08+2일,1.1781281534346204,29.003665944775065,3.1389335754176972,1.3690176189527459,1.0,1.0,17.86432107948823,1.0,1.106071713643961,1.0,1.0,1.0,1.0,1.0,1.0,1.0,26.270021628402684,1.0,1.0,20.841335064682347,19.565718313234314,1.0,1.0,1.0,7.482562660793269,2.3849557463410216,2.7942565229184213,18.37894189218315,7.865699396146201,1.398289079983446,1.502535362669109,1.921666670111621,1.0,1.0,1.0,1.4582629792762507,14.508628402831699,1.0,1.5310214021543347,14.92610171069112,4.54176425825218,1.0,2.3925594111396,1.1328513656659944,1.0,1.1692613150743898,1.0,2.192844771252525,1.0,1.345185828400013,9.362926457847363,1.0,4.3413728313238895,1.0,1.6596983949340585,1.0,1.105468108117616,1.0,1.0,1.0,2.921406880367311,5.079619954127609,8.815834940610074,7.304737106042413,7.599665653377876,1.0,1.0,1.0,1.2725561361624542,2.474983939048109,1.0,1.0,1.0,1.0,1.437034960101747,1.0,1.0,1.0,1.0,1.0,1.0,1.0,1.0,1.0,1.0,1.0,1.4007011718676232,1.0,1.341925696567697,1.6999824850949783,13.257249423440415,1.0,1.5246603552433884,3.100981234569637,1.0,1.0,1.0,1.0,12.459469774737379,2.3961795152142122,1.0,1.0,3.517895248275912,1.0,57.03627382803202,42.599504543277234,11.721616374969354,1.2317531845650294,1.0,1.0,1.0158439503942502,1.0,1.0,1.0,1.0,1.0,1.0,1.0,1.0,1.0,1.0,30.69941840351757,1.0738474097914747,1.0,1.0,1.0,1.0,1.0,1.0,1.0,1.0,1.0,17.412697835602902,1.0,1.0,1.0,1.0,1.0,1.0,1.0,1.0,1.0,1.0,1.0,3.4637760175584686,1.0,11.66942468939563,53.989225505807056,5.3109970676648555,1.0,2.3057006864071,1.0,1.0,5.888775910272384,1.0,1.0,15.00155006750984,1.6107278901964726,98.62621853270522,1.0,4.83386712711431,1.0,2.5802700001804397,1.4121614026667584,1.542174807481415,1.0,1.0,2.8278183091185,1.0,1.0,1.0,7.058358195909861,1.0,8.058372670782155,1.2550665156727296,1.0,1.0,1.0,1.0,1.0,5.791416941342358,16.715557894280856,12.057087289968774,5.720361323715325,18.238141029128883,13.899814586461016,5.741637282249197,105.36826965428283,7.401873724416978,47.34966730092639,36.49718678715118,5.131403609119803,6.469924310174333
TEST_08+3일,2.069947810034858,13.445453681289237,2.524649947853499,1.895645107692566,1.0,1.0,7.050788272401398,1.0,1.5534926757471434,1.0,1.0,1.0,1.0,1.0,1.0,1.0,25.983848748329304,1.0,1.0,47.90380151914649,8.9367459372955,1.0,1.0,1.0,26.8495858827788,10.649354499843048,4.018616218739278,63.50853305596986,9.362552750208494,2.0216484628112115,1.9982688130737956,2.4994685276280117,1.0,1.0,1.0,1.2262572335674895,19.326208418052513,1.0,1.4711063721522548,20.190685042113394,8.371513510317651,1.0,3.18494600761773,1.0,1.0,1.3071326119216962,1.0,2.2046726521703106,1.0,1.6614487607608293,9.23205575895319,1.0,3.6662478350165726,1.0,1.730730477891997,1.0,1.2379299450114865,1.0,1.0,1.0,4.417594454339982,3.461701410107134,10.023690290643174,7.232151054908911,5.285152124526583,1.0,1.0,1.1257528285167195,2.372228248919411,1.0,1.0,1.1990380832168475,1.0,1.0,2.182712288058983,1.0,1.0,1.1959874422488763,1.0,1.468985253812523,1.0,1.0,1.0,1.0436907162085505,1.0932339806691487,1.0,1.6346504869398044,1.0,1.6623427421408041,2.9817703404150153,18.24679672424306,1.0,1.8424226092151197,3.7472845596313338,1.0,1.0,1.0,1.0,10.219361588747685,3.9255829058631035,1.5783819373999266,1.0,2.2416675592451525,1.0,21.82466138781525,45.366497787951175,9.038147944527466,1.384250384915235,1.1868426429180041,1.0,1.4448058036940978,1.0,1.0,1.0,1.0,1.0,1.0,1.0,1.1397284873501088,1.0,1.0,37.43631126144909,2.2364528017315752,1.0,1.0,1.0,1.0,1.0,2.6679412600966668,1.0,1.0,1.0,38.872310401077705,1.0,1.0,1.5032661432563201,1.0,1.0,1.0,1.5927344581843461,1.0,1.0,1.0,1.0,1.7013009546005857,1.0,99.36665824054614,146.7105447583166,4.5243943923756,1.0,2.8048082313166325,1.0,1.0,9.416388115096908,1.0,1.0,12.138302396908358,1.7874107927826866,59.16986723771872,1.0,2.7223244315637194,1.0,3.105864330744225,1.5923606290781371,2.3567988058950338,1.0,1.0,3.284455211378877,1.0,1.9128991345780824,1.0,6.693560555038879,1.0,5.749545683203722,2.94565354922928,1.0,1.0,1.1722639746363033,1.0,1.1779536500858636,27.89834386580292,21.659166831257398,38.4476594762838,8.006510163529674,24.807787488526944,31.575760561597235,18.793805736120973,269.80547334268687,58.15402356070338,70.85738123940396,75.03414103246894,29.75679702172148,48.77986572128741
TEST_08+4일,2.026372886016501,23.164545824844094,3.0275378193955853,2.161990995557055,1.0,1.1779328180951323,13.641699649559788,1.0,2.3888728616930663,1.0,1.0,1.0,1.0,1.0,1.0,1.0,39.422142293814225,1.0,1.0,54.910260331520746,13.180071976930437,1.0,1.0,1.0,13.602853630728312,10.067280211511912,11.018482205812118,18.390502444169424,9.358540526434492,1.7841762105524406,2.08106956749949,2.4516529380571117,1.0259553220727438,1.0,1.0,1.939231945350728,19.72288724622407,1.0,1.625913916510627,15.667136299321141,9.821405861192527,1.0,2.903337429567296,1.0,1.0,1.1996276399852097,1.0,2.1562923303002353,1.0,1.608313894624363,10.723824828741783,1.0,4.33891895874733,1.0,1.8793725160350783,1.0,1.201109977068331,1.0,1.0,1.0,4.390200212687876,3.7356566577559756,6.70817830855769,11.646640447056438,7.386183197929529,1.0,1.0,1.173973013651244,2.3033372662192804,1.0,1.210218692176308,1.1733817948322833,1.0,1.0,2.1493489456005843,1.0,1.0,1.2407233775225848,1.0,1.3876006847579665,1.0,1.0,1.0,1.081383037109369,1.094170350363198,1.0867284441147285,1.708085755571059,1.0,1.76398571089901,3.0567506017855077,25.435842250886676,1.079456197834606,1.8255239442129816,5.294268915940286,1.0,1.0,1.0,1.0,13.611819932068409,3.850035409129303,1.5909413920183784,1.0,3.0797690680065433,1.0,1.0,48.58154665946002,12.241613807389319,1.429601495570053,1.285937410240828,1.0,1.3759683732112067,1.0,1.0,1.0,1.0,1.0,1.0,1.0,1.326614100665489,1.0,1.0,26.19643826680562,1.0,1.0,1.0,1.0,1.0,1.0,1.161494150501731,4.377240547985658,1.0,1.0,38.04510728696625,1.0,1.0,1.3183425291045952,1.0,1.0,1.0,2.2031170949445773,1.0,1.0,1.0,1.0,1.3725666742706977,1.0,41.80254725032983,85.03053596489707,4.75557856664481,1.0,3.597541190053267,1.0,1.0,15.050020204246088,1.0,1.0,13.528009622056132,1.9270787720198783,31.277956898670695,1.0,4.215374468181356,1.0421332600006596,3.402615574582802,1.620811195377386,3.2402838449772817,1.0,1.0,4.114301184141294,1.0,1.8630758522483943,1.0,8.047096579240518,1.0,5.37375921464118,2.715189551269396,1.9317444715345196,1.0,1.0774798031956108,1.0,1.0,30.777586640603836,15.116234703577412,36.539008826316795,7.764570632406394,32.07362922546656,25.393799811377608,10.40339748589605,162.8316903794263,39.312217828893516,79.1530288409117,93.87255914746524,30.066105300176037,41.745609446361016
TEST_08+5일,2.724426758248212,60.43011006901523,3.359903224861895,2.734969352213157,1.0,1.7971244376346562,22.704563817533476,1.0,2.896108241806113,1.0,1.5583563784544843,1.0,1.0,1.0,1.0,1.0,60.21850056001621,1.0,1.0,63.755878834200594,26.84673924646533,1.0,1.0,1.0,29.106685532545924,23.771435382387175,8.831087425620957,53.22185394952443,10.52778482661158,2.2559721100689396,2.4559329331546755,3.415617456242811,1.2103944507821218,1.0,1.0,1.7978077702230713,31.395794753031733,1.0,1.767337414810454,22.51630372951264,7.860633294627435,1.0,3.327783703366989,1.013437056892314,1.0,1.635285793176204,1.0,2.2701583880485687,1.0,1.9961655052056073,9.254929539524868,1.0,4.859030898095938,1.0,2.3491027172946817,1.0,1.455918814260681,1.0,1.040428122736546,1.0,5.422255212089469,4.087899840439484,8.588641407732968,11.297793053512223,11.246263943479606,1.0,1.0,1.1075656754667806,2.3919774275991514,1.6651818880086198,1.3191793737327129,1.3687162778141175,1.0,1.0,2.5666186431004756,1.0,1.0,1.2981938590630657,1.0,1.6827545496485694,1.0,1.0,1.0,1.3264747302555095,1.221003759811598,1.2445789914328382,2.105886773055484,1.0511924044279288,1.9283868532133397,3.3119205925869073,52.09818010042143,1.1487940595738966,2.213001854956055,3.4818187385713464,1.0,1.0067216629453895,1.0,1.0,14.074752351284051,3.242956517788512,1.686762609871232,1.0,3.1000348045953405,1.0,1.0,64.36499776376064,13.624023112894141,1.6852868802962269,1.6794588063235092,1.0,2.367542859849268,1.0,1.0,1.244695833161082,1.0,1.0,1.0,1.0,1.6051555127630892,1.3886452370877491,1.0,63.79454758885533,1.0,1.0,1.002552345715391,1.0291686013061345,1.0,1.0,1.0300495750018963,2.151199361060421,1.0,1.0,43.88410322030754,1.6044844665451252,1.7773174472441668,2.8058848084178916,1.1100521979208684,1.0,1.134849018187663,2.303476201426168,1.0,1.0136139069350145,1.632298619683901,1.019603251659869,5.7559633722319035,1.0,81.60398558937021,60.022274628570074,3.757388474513066,1.0,3.8747556192973267,1.0,1.0,12.0953642306601,1.0,1.0,11.827526450779864,2.6014867484285067,87.91141653335868,1.0,7.922434395954076,2.271792084534164,4.353736849276489,2.1404710086916143,5.765954757627316,1.0,1.0,4.8146456425087685,1.0,1.32052783604721,1.0,6.644348118413291,1.0,1.0,6.2228889505931475,3.443355809436297,1.0,1.6677692109269977,7.450413888096505,1.0,31.804336436554898,15.044583152507062,40.05887003203106,8.393665437336338,28.031045337382743,41.594156276850136,22.596050579138634,224.37800491134783,50.5646874190048,77.30056323175117,131.24241136239633,34.77435384169889,45.853508263278115
TEST_08+6일,5.987341493517043,47.77705177433561,4.98168549199902,5.412263732013562,1.2580825723082025,2.964807652855195,27.780931453120584,1.0,3.8008607744723424,1.0,2.3587379257776178,1.0,1.0,1.0,1.0,1.0,63.629464107089646,1.180790662813048,1.0,75.33798656399057,29.723474593007058,1.6578742976857086,1.0,1.0,22.56518376928748,17.718581115509085,12.738165348506197,76.55808918651873,12.217309041254154,2.942050181889168,3.264581553796698,4.28017442590375,1.6665366303781202,1.1257038109651487,1.0,2.9232211099511973,40.466434275323024,1.0,2.6010325188927403,38.945814788876326,14.58138392472433,1.4713719705283022,4.435403266258304,2.5629985598589986,1.0,2.7138750596388945,1.0,3.5994767042928943,1.0,2.5314615513715775,12.418778976398473,1.1281005933673347,6.686613966760171,1.1615715927983052,3.7149237561511677,1.3265855122551622,2.3906066229234435,1.7041314015700064,1.5348101917947625,1.0,7.485767682093398,6.855388965046631,8.043923940411322,13.735271927428226,11.051018952873426,1.2638419131133118,1.0,1.9568236620717878,4.129405098921173,2.9807028485004485,1.945024218405789,2.2015637192799535,1.326079838648384,1.0480265380651463,4.1746602192185795,1.205934668463278,1.0,1.8578200761374366,1.3586501063525678,2.3115581192589256,1.0,1.1651658931559457,1.1282804068500667,2.1073043684037898,1.829168812887046,2.181403265926003,3.3936912501944487,1.8815300400211084,3.3221383622755063,4.881580377692547,50.27861353131759,1.6526467924655752,4.26087767867939,7.577344044384183,1.0,1.5815076776206074,1.0,1.0,27.30253830887194,6.254685855639851,2.8481742589826737,1.2979047064034854,5.0109405976649,1.0,43.29747870707607,51.419198079500475,16.19556266900402,2.884542188329129,2.143444720196772,1.1707976061998433,3.5073874889573484,1.2101380908257857,1.4408089896471274,1.8006704703806582,1.0,1.2130932588354668,1.0305668139663635,1.3863501164329761,2.205960930191118,2.127819588841243,1.0,54.325200293513745,1.0,1.0,1.0,1.0,1.0,1.0471381298203688,2.147796811232044,7.319111766707179,1.0048909563588992,1.0,74.89662874999314,3.411721574647913,3.2202930819712456,5.4305303192476115,1.9893600026848888,1.060214305627098,1.9342779985554004,6.425904793988343,1.0,1.611121063708129,2.46434406595929,1.9776847083877365,5.488213566704514,1.0,115.75671439834298,103.46290368259123,6.385502893119108,1.0,5.281388892861658,1.0,1.0,14.005255228966984,1.0,1.0,13.726795378407886,3.663361749768035,29.384717366625697,1.0,8.316930794158125,1.904284850773144,4.840399255800072,2.5318129020352007,6.838957373131144,1.0,1.0,5.89584466244213,1.1557751635805893,3.9473502319283074,1.0,10.532821453809609,6.253182793159766,2.145903839724636,10.340050222588946,4.962616734799197,1.0,1.779609244716626,6.815676765470136,1.192458074341309,53.595920161435146,18.07931804145607,58.178229604586875,12.326849743686262,44.346655322444214,66.43096005247529,30.830596692078707,360.3158565505222,80.6172863288813,74.38954961861427,180.9621178301855,51.97110921905489,51.5206683329581
TEST_08+7일,9.039029335910895,4.185025781055623,9.78555309171963,8.317171557233998,2.0296410107389313,2.6351342159911253,8.613861485002843,1.0,4.864333377530588,1.3145327904464954,4.913709819703235,1.5333647533902492,1.0,1.0,1.0,1.0,18.22348154252594,2.248572531699694,1.4784896552570679,13.117081565499603,7.205345359675059,2.6933347236691807,1.3970382931994059,1.0,12.479635498002503,4.073163770253652,2.55907623613417,35.55590519562193,17.63339827954293,4.46371277391636,4.708160578134922,6.248530495561354,2.615743709874956,1.9154792191121714,1.0,4.840857652447114,57.76851656548476,1.0,4.075717835164895,51.82482083578385,19.115579442510633,2.902053108985194,6.321334348188106,1.0,2.0867430883817915,4.150571144540805,1.4630467877914481,4.598356486376105,1.274280998143718,3.884076455734899,15.226890672265068,2.3844418616380243,9.852278741338077,1.689916929026829,5.731863279367519,2.41106634252317,3.477396165498668,2.7409513353265647,2.219097621042411,1.3638092656404128,11.955072869789403,10.809845622490169,16.42989372389561,17.287630574342064,14.92162727773933,1.9337523278384845,1.5181767519931098,3.015931774059976,6.085666205420898,1.0,2.6395587527785285,2.7276030574883983,2.0188453854928996,1.792853007033737,5.773735540100733,1.760674009325543,1.3305798967723788,2.51986545089356,1.8927731788156668,2.8474827308632156,1.3945045643070249,1.8864909380837331,1.870977721576304,2.8376273001298236,2.74215084927777,3.168759700279126,3.988886374328827,2.714593087437343,3.932994871635445,6.272276153789516,4.779052460700168,2.51034766650497,6.1968279418228285,11.83181798825154,1.3878506078366142,1.7036850130902494,1.8073408559351773,1.385651055917761,10.034881123901068,10.666439416174688,4.652408055434897,1.7836717515454485,9.192894454739276,1.0276223147546173,158.18320472495483,3.718671145772278,37.28917656851791,3.970579485471725,3.7095258639396342,1.7563248418426225,5.082986294730292,1.9484641525459894,2.5577288571578642,2.875341052036776,1.1483656007500844,2.0447373627937573,1.6248349021769748,1.8986731040155609,2.4460255157550255,2.9935645275316194,1.0,6.274112532645166,1.0,1.0,1.0,1.0,1.0,1.0,1.0,1.0,1.0,1.0,11.256722224363823,5.368873531863465,4.763199746048442,8.125403310880538,2.690246224499577,1.8555902730569076,3.169248989234272,10.771524145279583,1.7103827632391622,2.970859561798275,4.174361077317745,3.7930036963919473,10.52836908919578,1.0,9.44870727235035,37.30850606483589,10.562518574282427,1.0,8.414220686946095,1.0,1.0,21.861858632249973,1.0,1.0,21.775991153046476,4.9995004840788795,1.0,1.0,10.97929865980748,1.9292966641344678,9.472749832297474,5.176451623896932,11.37915908341948,1.0,1.0,8.053768821536407,6.437737885153046,15.676149293848141,1.0,34.185584774419574,16.842840100381512,8.277052546559258,21.30500948704167,21.96736474924651,3.154329533121423,3.515322523286958,6.292304090040668,4.774034119932828,56.560585423312475,29.95719162472264,56.57273805138142,21.4999886563199,41.060818648456845,58.4481722735588,34.749235323173856,515.1438512578935,90.6567133211945,75.93069586173644,152.33813681329613,40.83943365628974,93.93868356285256
TEST_09+1일,6.396931674324907,1.0,6.544642957535499,3.5069072888005124,1.1735394306951399,1.9620015895412013,1.0,1.318410842541299,2.866942858082221,1.0,1.0,1.0,1.0,2.6667759698363724,21.14458817359354,1.5890325149461146,6.054234385942906,1.0,1.5285603540106691,1.0,2.621621247495199,1.0,1.0,1.0,3.066046700832851,1.6390122786176178,7.789164436630073,7.389464565586403,10.937738918478125,5.422281192192609,3.2134816718608374,4.678054641780614,2.8443062692401204,1.673497009558752,1.0,4.1483880057452565,42.96261569267329,1.0,4.205324266164407,38.423666341672536,16.730304101695353,1.859931540835734,4.845760919589286,1.0,1.0,1.459599990463408,1.0,4.011006391842341,1.0,2.2599580190586406,14.472403760637356,1.0108923361894786,7.228745185256118,1.0,5.074528989388403,1.0,4.634214920549736,1.024171730940008,1.0,1.0,8.977745730108644,14.504938280494601,18.62771351039823,17.331257789443605,9.919537171133639,1.0,1.0,1.0317062117384306,3.23699324089723,1.0,1.4745199151882666,1.7352033161512312,1.0,1.0,1.894813858265193,1.0,1.0,1.0,1.0,1.6159485608705229,1.0,1.0,1.143807074580877,1.102735646335452,1.5524737782171512,2.001921320125931,1.0,1.0,1.0758805134364602,2.6870947384218695,10.383208252399283,1.1178675889434113,4.373504747341297,7.139067623091395,1.0,1.0,1.0,1.0,23.265549915509588,3.385203933180322,1.152407338863534,1.0,5.253073930290714,1.0,134.4926215747693,2.553064041854452,26.107672649255797,3.602428737124415,2.742742890911112,1.0,2.382015453358415,1.1250118375390517,1.1082987882281323,1.0,1.0,1.0,1.9482700332340717,1.384689144864123,2.131884281729217,1.1345709596750166,1.0,2.3858572265820386,1.0,1.0,1.0,1.0,1.0,1.0,1.0,1.0,1.0,1.0,16.736382547026576,1.0,1.0,1.0684314530805035,1.0,1.0,1.0,2.128555214125542,1.0,1.0,1.0,1.0,8.240062253639369,1.0,8.122543785675541,1.0,8.847584558717074,1.0,7.637711670139618,1.0,1.0,20.19122018245886,1.0,1.0,21.571169924551906,7.821769026980592,1.0,1.0,9.370877921029999,1.0,8.903217133213152,5.100626575446256,6.967754303763174,1.0,1.0,9.097373917250401,1.0,1.0,1.0,8.124637760930096,1.0,7.634169994575247,17.960493324125352,21.749493830367058,2.608266415242878,2.5827216016060617,6.2365021988404585,4.443908815283058,38.17320715634076,16.612082381091366,31.642157091128194,7.867131375682664,17.670615411380965,21.644910773602383,12.308072268973103,129.42664324359114,34.60486694393538,74.21989563259721,65.58937462556293,18.448375429977602,45.035825175768416
TEST_09+2일,1.7346561055573648,36.50758377148215,3.509456828169964,1.1104566664682183,1.0,1.0,14.765701111434172,3.547023461898321,1.0,1.0,1.0,1.0,1.0,1.0265729428367232,7.307225019985188,1.0,27.72201501691724,1.0,1.0,35.191934802317675,18.135252170892922,1.0,1.0,2.9392447384573477,12.821299524147443,3.003703358695897,7.897495450008857,18.066921607370123,6.49812491297536,2.065418438109148,1.5027959037969363,1.511762491875452,1.0,1.0,1.0,1.622494142800515,15.281268759887991,1.0,1.4346650818045066,16.37111041540841,7.398119455740652,1.0,2.304347056479017,2.343489447130511,1.0,1.0,1.0,2.5074403255189233,1.0,1.4136837525841355,8.664457897223803,1.0,5.894176357624639,1.0,1.9039855689438763,1.0,1.4904346330481317,1.0,1.0,1.0,3.351360576575251,6.017090163710824,15.65702431592092,9.566736798133292,5.670599949247848,1.0,1.0,1.0,1.0,1.0,1.0,1.0,1.0,1.0,1.0,1.0,1.0,1.0,1.0,1.0,1.0,1.0,1.0,1.0,1.0,1.4500410422273817,1.0,1.0,1.0,1.3352036464275114,18.44696044191557,1.0,2.0665025279606573,3.5122183244948157,1.0,1.0,1.0,1.0,13.769359359010847,1.7671821134276775,1.0,1.0,3.125517903186075,1.0,21.07314830377648,26.05582821848037,10.817920070513546,1.696351013626799,1.2384640492281136,1.0,1.5257275379288913,1.0,1.0,1.0,1.0,1.0,1.0,1.0,1.4689328992231436,1.0,1.0,20.539768369269005,1.0,1.0,1.0,1.0,1.0,1.0,1.0,1.0,1.0,1.0,13.336334905028382,1.0,1.0,1.0,1.0,1.0,1.0,1.0,1.0,1.0,1.0,1.0,3.4416857743130413,1.0,1.0,29.7158182264109,5.245709019848201,1.0,3.5392173420518933,1.0,1.0,5.3000178624418215,1.0,1.0,16.054368759294476,3.595989255608883,1.0,1.0,4.269292172839808,1.0,3.028802101812676,2.2106280308830595,4.087290830240938,1.0,1.0,4.740669999919556,1.0,1.0,1.0,2.9807473992517726,1.0,2.6368865666370676,6.272822599906325,8.604990349977085,2.544309714226756,1.1058873570448946,1.9100879944573212,2.4727631879262617,6.977993350732202,6.2270701227018215,11.052090124896036,1.9224196354385543,8.604918829940985,7.610104641789652,1.8301588798988273,2.0257841000529653,10.351719807209946,5.128826228259186,26.438412224227264,6.892358539469512,17.939595589967194
TEST_09+3일,2.2771672713617126,33.41238732034452,1.6661251210369512,1.3142451669978126,1.0,1.0,18.001574792163357,1.0,1.0,1.0,1.0,1.0,1.0,1.0232384944651507,9.271549297528463,1.0,35.27920058531528,1.0,1.0,15.61955628696166,14.920966912551751,1.0,1.0,1.0,25.76393291941343,13.349813067965535,5.349075689079507,18.02870071586095,5.448164163656508,2.650175690185197,1.4192763454862882,1.8971376744036512,1.080650228091852,1.0,1.0,1.3961619646828294,16.811391765405308,1.0,1.8903616868426676,14.903927069041927,5.777070149436634,1.0,3.068089241849191,2.0924776194605377,1.0,1.0475223867694667,1.0,3.0067010752245835,1.0,1.5510593529775436,11.490435848039475,1.0,6.491629123257822,1.0,1.686726529286031,1.0,1.8550376980884589,1.0,1.0,1.0,3.3821776452584746,1.5481459237638164,10.279258116860076,8.13894876043303,4.2940478395728405,1.0,1.0,1.0,2.034692490324207,1.0,1.0,1.0,1.0,1.0,1.0659587649916888,1.0,1.0,1.0,1.0,1.0,1.0,1.0,1.0,1.0,1.1636325238956855,1.5813687912087673,1.0,1.0,1.0,2.285859237648619,65.19176087185514,1.0,2.2035997109098395,3.8134319953457467,1.0,1.0,1.0,1.0,10.210274267366081,1.589746900061664,1.0,1.0,2.3391240825683344,1.0,1.031735061786632,36.0169230795247,3.2534039785528943,2.1320758186890125,2.0405120716980916,1.0,1.4770879642998738,1.0,1.0,1.0,1.0,1.0,1.0,1.0,1.0254815433807898,1.0,1.0,12.269218511850221,1.0,1.0,1.0,1.0,1.0,1.0,1.0,1.0,1.0,1.0,36.86524128116254,1.0,1.0,1.0,1.0,1.0,1.0,1.0,1.0,1.0,1.0,1.0,2.463634778857964,1.0,51.26375910698037,137.76692246963594,3.766002331035719,1.0,3.1662755875091584,1.0,1.0,3.4328896989730238,1.0,1.0,12.216464625162674,2.2862073520552273,1.0,1.0,3.0178049519413963,1.0,2.6163030942578875,1.7625911311407865,2.8638849056852465,1.0,1.0,4.702210826545122,1.0,1.0,1.0,1.0,1.0,1.5161546013584077,1.89621529823226,2.1456248156562703,2.8748220650754237,1.0,1.0,1.0,13.34573910976004,6.005751469868136,10.557860441802545,2.684457520585493,9.405050311317332,6.841141641328337,2.385989715998676,26.617539543906023,13.271392737457786,34.21332474093273,43.74619940030009,10.308227184678481,12.618757738456118
TEST_09+4일,2.4284843211795386,41.52446741221121,2.6098657505178617,1.3458168390662228,1.0,1.0,18.701472957967354,2.748431040837995,1.0909915308961253,1.0,1.0,1.0,1.0,1.1332956900553859,8.958382048329604,1.0,35.05319199301362,1.0,1.0,25.200104223427015,16.69760066055687,1.0,1.0,1.0,20.327090718351243,11.044656471080671,3.736369546134474,16.78564801596465,2.3529221419582704,1.9373192584813947,1.1566871933690823,2.0694317853157393,1.0,1.0,1.0,1.5097466254247376,13.945281088359351,1.0,1.6915691298603037,25.277454903141432,7.2555394293991995,1.0,2.135252294329327,4.049248153081259,1.0,1.0249050092809868,1.0,2.3924155779919696,1.0,1.2433859090925707,12.01249725782711,1.0,4.782918372789495,1.0,1.5069013694669922,1.0,1.3090485664720486,1.0,1.0,1.0,3.081348995516649,3.6291981327531624,12.974212822058268,7.2447336934817566,4.086055808559784,1.0,1.0,1.0,2.0506628393598523,1.0,1.0,1.0,1.0,1.0,1.0,1.0,1.0,1.0,1.0,1.0,1.0,1.0,1.0,1.0,1.024377796497113,1.2378519579801655,1.0,1.0479892346258235,1.0,2.313157697470837,44.84137346844123,1.0,2.086251482879996,3.224742137076126,1.0,1.0,1.0,1.0,12.504082440841422,1.487210079912073,1.0,1.0,2.7552248853394428,1.0,1.0,46.85491562319021,2.447041620334298,2.03865879826604,1.674250270168457,1.0,1.1461422841585274,1.0,1.0,1.0,1.0,1.0,1.0,1.0,1.0,1.0,1.0,16.282872233228773,1.0,1.0,1.0,1.0,1.0,1.0,1.0,1.0,1.0,1.0,48.01964940441122,1.0,1.0,1.0,1.0,1.0,1.0,1.0,1.0,1.0,1.0,1.0,1.6842142207076107,1.0,48.243486856623115,68.14262883224903,3.4881253126341543,1.0,2.8806530052263057,1.0,1.0,3.3598027024104082,1.0,1.0,6.818924006813937,2.226675754691732,1.0,1.0,2.5385086399268815,1.0,1.2503238388451217,1.9369718696731555,3.1755845218872345,1.0,1.0,2.5841235226825536,1.0,1.0,1.0,1.0,1.0,1.0,1.0569096883480802,1.0,1.0,1.0,1.0,1.0,8.155198155808456,3.411519561832675,10.971877815613482,3.1509452282369677,8.19822910378498,7.778879040668255,3.814781288118356,18.34510509062658,12.655359432944556,30.55447494786483,44.218698885698394,10.112134145002441,15.877757725606886
TEST_09+5일,2.6231002267457972,70.00773169811876,3.258057522753038,1.7941861528256644,1.0,1.1318665158848804,55.036859223066514,1.9558594203952726,1.189357776750165,1.0,1.0,1.0,1.0,1.699792544536296,12.446642978445242,1.0,89.23148704289963,1.0,1.0,69.09084622513441,60.038988794077625,1.0,1.0,5.81951065420068,27.191933336174973,16.006885779459704,13.84197782402929,26.96091237990135,3.869498825692017,2.0400516519346525,1.2054171028153782,2.4647832023832974,1.1484296382711037,1.0,1.0,1.195269420352058,21.430016074581683,1.0,1.7107700113098239,32.50005963132975,5.467620380046677,1.0515418443426459,2.552506155338056,4.169067486863649,1.0,1.425280788251882,1.0,2.8295639132085872,1.0,1.524428752283192,8.811172771098127,1.0,4.90516451015528,1.0,1.6729523573610754,1.0,1.716610366805716,1.0,1.0,1.0,3.7592865672577735,2.6515260636142335,6.703895219691855,5.483038116163424,3.5000413187586217,1.0,1.0,1.0,2.369326585871813,1.3431361920821137,1.0,1.0,1.0,1.0,1.0,1.0,1.0,1.0,1.0,1.0,1.0,1.0,1.0,1.0,1.067534637295492,1.2874833426132928,1.0179567347592735,1.0,1.0,2.938628733540582,80.84848540892155,1.0,2.2362233929899977,4.441291649816388,1.0,1.0,1.0,1.0,17.212507969578468,2.567260744047017,1.0,1.0,2.037933511022741,1.0,5.583643437537139,37.450500507503534,12.47892337048382,2.5153458801460133,2.4050326186882636,1.0,1.5802034712567343,1.0,1.1023633093831555,1.0,1.0,1.0,1.0,1.0,1.0825098451128319,1.0,1.0,34.89924336205003,1.0,1.0,1.0,1.0,1.0,1.0,1.0,1.0,1.0,1.0,53.685958381961655,1.0,1.0,1.468534953278999,1.0,1.0,1.0,1.5445040097699718,1.0,1.0,1.0,1.0,1.4736669613396716,1.0,25.531398253512805,81.60301484681645,2.7541534350413164,1.0,2.9784687953205466,1.0,1.0,4.802434700507256,1.0,1.0,7.055237237666447,2.479817901810684,1.0,1.0,3.299806011528595,1.0,2.024843205670679,2.39885963690476,3.0462077206440346,1.0,1.0,3.7808649357572546,1.0,1.0,1.0,1.7873276757428138,1.0,1.0,2.1513817520440637,3.394888475107737,1.0,1.0,1.0,1.0,24.02415491895256,5.931958495962575,12.376505477581489,2.479896610079284,9.417417773635233,6.039375894520131,2.5918248231352394,25.943835659010674,13.708631319435916,29.103381023860397,50.61233241872123,12.216162909306886,5.382716478827472
TEST_09+6일,3.8784524236322544,21.829025634629854,5.342230393535478,4.528435869653874,1.6917182601529406,1.9314697877552622,27.400692151719827,2.562099869694493,2.2046875057753175,1.0,1.0,1.0,1.1072853308714397,3.4197193723212362,22.832605840174168,1.6462553920581575,46.89810840460537,1.1216756475868424,1.2881863645891294,48.111624131052885,28.526679177586416,1.0,1.0,1.2987460900026275,19.792231067512184,16.846449402076743,13.037863603447875,48.463276321740494,4.724176916633282,3.6242094999547554,2.374384180039169,4.091354653277365,2.19642671584068,1.3311074379061385,1.0,2.682198624789132,39.589038627287756,1.0,2.9955570273280245,32.36220106784668,8.361478129078616,1.3789123694661911,4.524977676511263,1.1709631497232156,1.0,2.097558023843196,1.0,3.760773062257644,1.0,2.18604410051612,10.910859935923355,1.0,6.733657000207503,1.0,2.7922127321314063,1.0,3.7515635058841457,1.0,1.0,1.0,5.392296710145756,3.786133369915346,7.288527556704993,10.074030125539636,5.1637202887201,1.132128755591756,1.0,1.3645398020196589,4.040186305785324,1.8937131392569082,1.4450251456162653,1.4127301128857264,1.0,1.0,1.634597874271487,1.5198069809552517,1.0,1.1385307719273274,1.065724490957085,1.506381341011769,1.0,1.0,1.2885064336554946,1.8613276029691277,2.0763241101313747,2.561744304068921,1.6116000051415573,1.5108901943620001,1.586569385756604,3.614634655894361,50.1096497273293,1.3190807125118647,3.8374056694222825,6.579037389246139,1.0,1.0,1.0,1.0,30.39992206943299,3.482721842501137,1.4620894463789005,1.0,3.7118541411751473,1.0,1.0,48.05337227027199,13.109911007547971,4.0954890668181445,4.520732599825619,1.0,2.8034125583316873,1.0,1.7910548141497837,1.0,1.1425769733965812,1.0,1.3481466802952897,1.1116812561752205,2.2051630622125,1.3202927810076655,1.0,24.973181802290465,1.0925067390293555,1.0007954316508176,1.1622170489978305,1.0166061515973277,1.0,1.0,1.310131139154135,1.0,1.0,1.1227568701881456,53.334249151731505,2.3596544444205367,1.3706686602915736,3.2940293007936523,1.5336154962446125,1.0,1.2250978563459174,4.189532994507848,1.0,1.0,2.00322538712717,1.0569970494927987,5.244593307280018,1.0,166.7736649599329,118.67955658594892,6.093289977849327,1.0,4.486088130757509,1.0,1.0,8.04308053920193,1.0,1.0,7.401901459644085,3.612131170765487,1.0,1.0,6.924157586116197,1.2228836711953124,3.6083190582081333,3.318276583317215,8.906713180850227,1.0,1.0,5.232203433543979,1.0,1.0,1.0,3.902748249442113,1.0,2.8159080187714465,3.7190829644680146,1.953001844086258,1.0,1.8599391583591123,1.0,1.6171053180329338,18.41499660036211,9.776428950801828,12.891891731197948,5.879737792341639,17.256660286186357,10.394846253440232,7.513063580279104,57.40717244376779,17.432969359475745,42.71275229914773,44.97517991648315,16.159535127842823,19.7123158138577
TEST_09+7일,9.434041479113572,1.0,10.535312043076939,8.327015897435315,3.7536575188022727,3.346871855165482,1.0,5.754475519125349,4.076168872765906,1.6356796133679379,1.0,1.5664397823214447,2.1182065932262,4.939530563156808,29.900323225064025,3.2152003086238126,1.360211823964808,1.8168956397097595,2.36463665613562,5.415578052219985,1.0,1.4683309255395218,1.4765362366653827,1.0,3.690082969709419,1.0,3.6497156608848287,23.024669828437695,13.463768041048176,5.287574856033201,4.162930177005797,6.285186242945969,3.7054899247287523,2.740434667165275,1.0,3.6447098537594838,51.15003016484569,1.0,5.024535445785719,37.02448132678803,14.516033409417545,2.2029866242341427,6.190587593796018,3.453563321003564,1.5934144432846415,3.3199837206771035,1.4247586198919193,4.639710230386594,1.0402541590015137,3.4131421116373875,16.452856077440362,1.7326609442744172,9.92157849283823,1.2793245229997647,5.158302911819868,1.616601916907606,7.1103713038984075,1.9162967646909537,1.8799332039795125,1.2570320579368024,11.795326564309924,9.405512091469559,13.9015216813273,15.976089322283617,8.850421248757916,1.788636171238485,1.4909737290729503,2.353927758022678,5.686897984398936,1.0,2.2889402896083917,2.4273870909052215,1.4305963620069284,1.2021337488759063,2.7417834082704164,2.2035786453433577,1.2605375339857083,1.6124007883136262,1.6086586496610429,2.676802415964278,1.2687803540527582,1.7628585145247482,1.8858307292632994,2.69401341967709,3.314523772076515,3.3104908337915884,2.1679425745507723,2.321173054199165,2.2442598677055203,5.063765973851224,8.75581155686777,2.060834555381285,6.452723684878485,12.46970551389804,1.516649760392981,1.8387624718967246,1.3317795587916261,1.263984707836522,21.706492713971727,4.62173139002182,2.3556588061450277,1.5952635278082978,6.864340117876357,1.4094838651611108,128.18945820678175,1.4976157582045104,15.452646381842845,6.079409330966355,5.3448712046354085,1.3835834834041663,4.126348226659959,2.535651341384924,2.5244307559404042,2.0091956545540284,1.912622694493097,1.5384964940022727,2.1213897719734893,2.4067609909552004,3.2310414744464793,2.263467524063706,1.0,2.9466036914608313,1.0,1.0,1.0,1.0,1.0,1.0,1.0,1.0,1.0,1.0,24.305818370065136,3.2957882108193752,2.2727289109561286,3.628045991033402,2.577731834622003,1.3320305654512201,1.735425241855992,6.502347944435828,1.4818400043128268,1.3532573692580654,2.9205664569019287,1.706788973497945,9.843552953569617,1.0,45.987684207404996,57.44754393586765,10.32964519827906,1.0,8.055701313041148,1.0,1.0,19.39490475135595,1.0,1.0,22.22250084724816,8.495243740868048,1.0,1.0,11.369952813316376,2.4037900749721572,9.748881538454395,5.407669235331425,8.81560767241461,1.0,1.0,10.322586060471249,1.0,1.0,1.0,11.129474342014115,2.859311788414744,8.32876427085701,15.367325130481767,16.471745709662216,5.193737301128218,3.31472625782829,10.920264810795594,4.840328183821466,38.00135140715348,20.243429145706354,34.97056822956758,10.042991510800881,27.21943970898603,20.57383108661915,11.53747673536781,115.61071634086214,36.69997387191839,49.18849408765536,75.64579770343015,15.494374045994165,37.73149570995156
