영업일자,느티나무 셀프BBQ_1인 수저세트,느티나무 셀프BBQ_BBQ55(단체),"느티나무 셀프BBQ_대여료 30,000원","느티나무 셀프BBQ_대여료 60,000원","느티나무 셀프BBQ_대여료 90,000원","느티나무 셀프BBQ_본삼겹 (단품,실내)",느티나무 셀프BBQ_스프라이트 (단체),느티나무 셀프BBQ_신라면,느티나무 셀프BBQ_쌈야채세트,느티나무 셀프BBQ_쌈장,느티나무 셀프BBQ_육개장 사발면,느티나무 셀프BBQ_일회용 소주컵,느티나무 셀프BBQ_일회용 종이컵,느티나무 셀프BBQ_잔디그늘집 대여료 (12인석),느티나무 셀프BBQ_잔디그늘집 대여료 (6인석),느티나무 셀프BBQ_잔디그늘집 의자 추가,느티나무 셀프BBQ_참이슬 (단체),느티나무 셀프BBQ_친환경 접시 14cm,느티나무 셀프BBQ_친환경 접시 23cm,느티나무 셀프BBQ_카스 병(단체),느티나무 셀프BBQ_콜라 (단체),느티나무 셀프BBQ_햇반,느티나무 셀프BBQ_허브솔트,담하_(단체) 공깃밥,담하_(단체) 생목살 김치전골 2.0,담하_(단체) 은이버섯 갈비탕,담하_(단체) 한우 우거지 국밥,담하_(단체) 황태해장국 3/27까지,담하_(정식) 된장찌개,담하_(정식) 물냉면 ,담하_(정식) 비빔냉면,담하_(후식) 된장찌개,담하_(후식) 물냉면,담하_(후식) 비빔냉면,담하_갑오징어 비빔밥,담하_갱시기,담하_공깃밥,담하_꼬막 비빔밥,담하_느린마을 막걸리,담하_담하 한우 불고기,담하_담하 한우 불고기 정식,담하_더덕 한우 지짐,담하_들깨 양지탕,담하_라면사리,담하_룸 이용료,담하_메밀면 사리,담하_명인안동소주,담하_명태회 비빔냉면,담하_문막 복분자 칵테일,담하_봉평메밀 물냉면,담하_생목살 김치찌개,담하_스프라이트,담하_은이버섯 갈비탕,담하_제로콜라,담하_참이슬,담하_처음처럼,담하_카스,담하_콜라,담하_테라,담하_하동 매실 칵테일,담하_한우 떡갈비 정식,담하_한우 미역국 정식,담하_한우 우거지 국밥,담하_한우 차돌박이 된장찌개,담하_황태해장국,라그로타_AUS (200g),라그로타_G-Charge(3),라그로타_Gls.Sileni,라그로타_Gls.미션 서드,라그로타_Open Food,라그로타_그릴드 비프 샐러드,라그로타_까르보나라,라그로타_모둠 해산물 플래터,라그로타_미션 서드 카베르네 쉬라,라그로타_버섯 크림 리조또,라그로타_빵 추가 (1인),라그로타_스프라이트,라그로타_시저 샐러드 ,라그로타_아메리카노,라그로타_알리오 에 올리오 ,라그로타_양갈비 (4ps),라그로타_자몽리치에이드,라그로타_제로콜라,라그로타_카스,라그로타_콜라,라그로타_하이네켄(생),라그로타_한우 (200g),라그로타_해산물 토마토 리조또,라그로타_해산물 토마토 스튜 파스타,라그로타_해산물 토마토 스파게티,"미라시아_(단체)브런치주중 36,000",미라시아_(오븐) 하와이안 쉬림프 피자,미라시아_(화덕) 불고기 페퍼로니 반반피자,미라시아_BBQ Platter,미라시아_BBQ 고기추가,미라시아_공깃밥,미라시아_글라스와인 (레드),미라시아_레인보우칵테일(알코올),미라시아_미라시아 브런치 (패키지),미라시아_버드와이저(무제한),미라시아_보일링 랍스타 플래터,미라시아_보일링 랍스타 플래터(덜매운맛),미라시아_브런치 2인 패키지 ,미라시아_브런치 4인 패키지 ,미라시아_브런치(대인) 주말,미라시아_브런치(대인) 주중,미라시아_브런치(어린이),미라시아_쉬림프 투움바 파스타,미라시아_스텔라(무제한),미라시아_스프라이트,미라시아_애플망고 에이드,미라시아_얼그레이 하이볼,미라시아_오븐구이 윙과 킬바사소세지,미라시아_유자 하이볼,미라시아_잭 애플 토닉,미라시아_칠리 치즈 프라이,미라시아_코카콜라,미라시아_코카콜라(제로),미라시아_콥 샐러드,미라시아_파스타면 추가(150g),미라시아_핑크레몬에이드,연회장_Cass Beer,연회장_Conference L1,연회장_Conference L2,연회장_Conference L3,연회장_Conference M1,연회장_Conference M8,연회장_Conference M9,연회장_Convention Hall,연회장_Cookie Platter,연회장_Grand Ballroom,연회장_OPUS 2,연회장_Regular Coffee,연회장_골뱅이무침,연회장_공깃밥,연회장_돈목살 김치찌개 (밥포함),연회장_로제 치즈떡볶이,연회장_마라샹궈,연회장_매콤 무뼈닭발&계란찜,연회장_모둠 돈육구이(3인),연회장_삼겹살추가 (200g),연회장_야채추가,연회장_왕갈비치킨,연회장_주먹밥 (2ea),카페테리아_공깃밥(추가),카페테리아_구슬아이스크림,카페테리아_단체식 13000(신),카페테리아_단체식 18000(신),카페테리아_돼지고기 김치찌개,카페테리아_복숭아 아이스티,카페테리아_새우 볶음밥,카페테리아_새우튀김 우동,카페테리아_샷 추가,카페테리아_수제 등심 돈까스,카페테리아_아메리카노(HOT),카페테리아_아메리카노(ICE),카페테리아_약 고추장 돌솥비빔밥,카페테리아_어린이 돈까스,카페테리아_오픈푸드,카페테리아_진사골 설렁탕,카페테리아_짜장면,카페테리아_짜장밥,카페테리아_짬뽕,카페테리아_짬뽕밥,카페테리아_치즈돈까스,카페테리아_카페라떼(HOT),카페테리아_카페라떼(ICE),카페테리아_한상 삼겹구이 정식(2인) 소요시간 약 15~20분,포레스트릿_꼬치어묵,포레스트릿_떡볶이,포레스트릿_복숭아 아이스티,포레스트릿_생수,포레스트릿_스프라이트,포레스트릿_아메리카노(HOT),포레스트릿_아메리카노(ICE),포레스트릿_치즈 핫도그,포레스트릿_카페라떼(HOT),포레스트릿_카페라떼(ICE),포레스트릿_코카콜라,포레스트릿_페스츄리 소시지,화담숲주막_느린마을 막걸리,화담숲주막_단호박 식혜 ,화담숲주막_병천순대,화담숲주막_스프라이트,화담숲주막_참살이 막걸리,화담숲주막_찹쌀식혜,화담숲주막_콜라,화담숲주막_해물파전,화담숲카페_메밀미숫가루,화담숲카페_아메리카노 HOT,화담숲카페_아메리카노 ICE,화담숲카페_카페라떼 ICE,화담숲카페_현미뻥스크림
TEST_00+1일,5.901697273630799,1.0,7.082129434107439,3.406546653197195,1.0,1.0537246875761705,1.0,1.8926327192344112,1.8217406607261482,1.0,1.0,1.0,1.0,3.034761808494505,11.4440942507882,1.0,1.0,1.0,1.7892628114402813,1.0,1.0,1.2466427675837528,1.0,1.0,3.5725639772483997,1.0,4.378022739735127,4.489907208315393,6.4873772057779915,2.9304846086458776,1.8937823465137047,2.5288349451683345,2.2703993301659953,1.5094137621127532,1.0,1.0,21.63500324544566,1.0,1.186367583381509,22.85203014962766,14.28726762761698,1.0,1.0,1.2226358266364188,1.0,2.144262126871414,1.0,3.5365927515815136,1.0,2.362337510191285,10.197084524778878,1.0,4.674757658896054,1.0,1.4399410722723243,1.0,1.71064226300819,1.0,1.0663318287239614,1.0,8.377474594671916,10.211280230458087,16.797034949253533,7.646874601250529,7.002268236117514,1.777935678804354,1.0,1.0,2.32236424847268,1.0,1.6581669065849556,3.0469105253058872,1.0,1.172909271121662,2.971744223529772,1.0551385838130933,1.0,1.6733195736955202,1.0,3.3181557284111287,1.866107949971517,1.0,1.0,1.0,1.198475726942183,1.971825302632124,1.1362923405637415,1.0,1.83292470803647,4.258196319592871,1.0,1.0,1.9911390101243835,4.821411843036268,1.0,1.0,1.0,1.0,21.673675724496306,4.481003479877586,1.2173280541643994,1.0,2.899150651038376,1.0,170.1550312035697,4.205074301932797,44.13193483507222,2.52128459296834,3.0887591563753336,1.0,2.048849859368536,1.0,1.3406778451090582,1.0,1.0,1.0,1.0400611161986597,1.5183789950255537,1.0,1.0,1.0,1.0,1,1,1,1,1,1,1,1.0,1.0,1,2.5066889783330226,1.044871624208494,1.0,1.0,1.0,1.0,1.0,1.8409815990366278,1.0,1.0,1.344025546905615,1.0,6.223712274924445,1.0,9.883427319107334,1.4165618329617649,12.31106466179268,1.0,6.316248358113368,1.0,1.0,16.86670877085503,1.0,1.0,23.52860760537458,5.090381495468451,3.4973114217455095,1.0,9.167452224329727,1.0,5.637539942413315,1.6296589671086958,6.808536997684914,1.0,1.0,5.51737422103637,2.140060483943671,2.536570553019593,1.3198205530643463,10.480357436059856,2.27512644390439,1.9614500985392032,10.954806221963425,3.1439624065742393,1.0763357680732273,1.5386495878365063,3.8238860264598737,1.375425176039303,20.157165595740842,9.04440168312945,19.877345341912033,7.878779714612251,17.03830427922484,17.558842630429496,7.645765597512148,77.93254424208769,44.094450501723294,5.306093799458399,35.83258507173659,8.845895063135295,21.630684364804026
TEST_00+2일,4.2047887595119295,19.7056178808466,1.9799501867944866,1.0958862751089806,1.0,1.0,5.624825764390192,1.0,1.0,1.0,1.0,1.0,1.0,1.3932838636533047,10.180144346444159,1.0,15.357702180828554,1.0,1.0,19.689330834463128,5.642084274562716,1.0,1.0,5.495361237994621,1.4109169549155052,8.600537793703781,3.8558888180153152,9.003879908104238,4.263795949503965,1.7334184545842228,1.2093648629228815,1.3081209913747704,1.4335271591632817,1.0,1.0,1.0,11.207794616971874,1.0,1.0,13.932250793001046,7.638192380961941,1.0,1.0,1.0,1.0,1.0,1.0,2.4495795749829523,1.0,1.4624110989688508,6.974536437759486,1.0,3.452469275246976,1.0,1.3026576200283606,1.0,1.0,1.0,1.0,1.0,4.428185005346444,7.3625515345302,5.008261896632989,5.642060090460777,3.330406852737387,1.0,1.0,1.0,1.0,1.0,1.0,1.0,1.0,1.0,1.1316181729310615,1.0,1.0,1.0,1.0,1.3330081853794837,1.0,1.0,1.0,1.0,1.0,1.0,1.0,1.0,1.0,1.1596806168030367,21.856506993628717,1.0,1.1480685203009848,2.4278507566220457,1.0,1.0,1.0,1.0,11.067025074215636,2.54167468136467,1.0,1.0,6.272539321266441,1.0,40.94379632501122,67.5830440863256,20.549786791356674,1.7404648331183874,2.1056772664094594,1.0,1.4056437877221417,1.0,1.0,1.0,1.0,1.0,1.0,1.0,1.0,1.0,1.0,6.7711393075184745,1,1,1,1,1,1,1,1.2130917379282657,1.0,1,36.069264203331656,1.0,1.0,1.0,1.0,1.0,1.0,1.1261684564236023,1.0,1.0,1.0,1.0,3.835331431418953,1.0,28.87888513914666,26.745340461084783,6.042426814833365,1.0,4.521195483687119,1.0,1.0,8.228670658766735,1.0,1.0,9.60922035419551,3.006679853884222,13.900563168307668,1.0,5.106180495953357,1.0,3.6837754377622085,1.1538545528531716,4.423873344598007,1.0,1.0,2.7790818602648906,1.0,1.0,1.0,2.2433509205366047,1.0,1.0,3.09951514005661,1.6033282522112131,1.0,1.0,1.3026634936938981,1.0,6.5882444440245695,1.0,5.4375308062863414,2.3007014673374035,7.3949209175904755,5.978060097480161,2.155026916824557,11.400666927901675,13.017009347931108,1.0,6.451174443060463,3.042317083559483,6.245278447996691
TEST_00+3일,3.8756237095601485,33.29559464866085,2.514081216897595,1.3669459853214236,1.0,1.0,15.531916264825194,1.0,1.0900876674228122,1.0,1.0,1.0,1.0,1.8240640151356686,7.05375154468549,1.0,8.253347909518231,1.0,1.0,12.09165518311569,10.350416424193487,1.0,1.0,1.0,17.87697402385575,13.942349546074205,2.637277116858036,27.328357800067984,3.342434803405926,1.3808284424821045,1.0480626200491057,1.4692952357255558,1.4249560094188902,1.0,1.0,1.0,9.976079179656411,1.0,1.0,12.02314297045185,6.131218904138118,1.2259026792848535,1.0,1.0,1.0,1.0,1.0,2.198143010610681,1.0,1.956980598508707,7.0040200073546295,1.0,3.1211398476061514,1.0,1.4586302190245544,1.0,1.0,1.0,1.0,1.0,3.031840081784045,4.656307698003506,4.524732358682854,4.723770487276023,2.5586609267587166,1.1197471338127793,1.0,1.0,1.3688236291137197,3.6564280246814795,1.1694005840404738,1.6918805392544043,1.0,1.0,2.0420608703327225,1.0,1.0,1.141580507833449,1.0,2.091537854742376,1.1446870307864474,1.0,1.0,1.0,1.0,1.4700579178269813,1.0,1.0,1.4098138929609896,2.543075092431838,41.07112891457574,1.0,1.171663100307277,2.5229069647404474,1.0,1.0,1.0,1.0,13.344600391661936,2.777022921954316,1.0,1.0,4.006919680840003,1.0,8.392285872615055,51.11739065442072,8.295167591767473,1.7501405655878037,2.393331903242558,1.0,1.5190000899711753,1.0,1.0,1.0,1.0,1.0,1.0,1.0,1.0,1.0,1.0,17.271037179650108,1,1,1,1,1,1,1,2.3256988470219686,1.0,1,34.35818261940417,1.0,1.0,1.0,1.0,1.0,1.0,1.287527923270983,1.0,1.0,1.0,1.0,2.886277923767816,1.0,62.45867340383578,43.60876933759866,5.554446697929222,1.0,3.8728043084656605,1.0,1.0,6.8537936887445685,1.0,1.0,7.743176154268938,2.6124420747139228,16.480889892421324,1.0,4.412466090851394,1.0,3.125602327765632,1.2252151275782093,3.471812248870718,1.0,1.0,2.6984273125758547,1.0,1.0,1.0,1.7807675066222692,1.0,1.0,3.1896899293503203,1.4366228961624214,1.0,1.0,1.3574162079431802,1.0,7.350451746750832,4.729832574657724,7.3644737119272525,3.475726689803036,8.641628561697814,6.660537939391998,3.4405257748567166,19.636753397345576,25.74593842826511,3.8076384470528772,19.393071765048497,5.2051428827138615,10.942548676510409
TEST_00+4일,3.275500464229446,29.48068429988963,2.3249629054929626,1.7808610972397103,1.0,1.0,11.214393294060748,1.1004999860418243,1.0,1.0,1.0,1.0,1.0,1.893560648571591,11.781088214540555,1.0,8.89995168971736,1.0,1.0,23.44633374094845,6.019508020968555,1.0,1.0,1.0,5.424626758460737,7.338607422306204,8.258131343837722,28.394090858652987,3.521096156913911,1.5983418934523161,1.0099127965929449,1.463370371041926,1.4168269138333078,1.0,1.0,1.0,9.824146328324987,1.0,1.0349897065481661,9.115221155535778,5.430041739967374,1.0,1.0,1.0441349350577656,1.0,1.0,1.0,2.2390340610039976,1.0,1.3284266391101296,7.076504468896307,1.0,3.1095258523977565,1.0,1.5190959609934365,1.0,1.0,1.0,1.0,1.0,3.8754048004735244,4.15825899463585,4.383349268543126,4.595055485632237,2.8480275236293693,1.6414991452919045,1.0,1.0,1.6700058957019683,4.418578484734467,1.2906056391372105,2.12444438763675,1.0,1.0,2.140184821058586,1.0,1.0,1.3407537449815794,1.0,2.407061345745399,1.2998301836813217,1.0,1.0,1.0,1.0376941665495307,1.6415498030480264,1.359328943006273,1.0,1.624946748165644,3.253290690699048,54.56187907422691,1.0,1.1281015348208119,2.669695257320152,1.0,1.0,1.0,1.0,16.24349743048808,2.5239853170279893,1.0,1.0,4.918552714376723,1.0,16.845225823852832,42.24053155350006,12.458770626275983,1.5509537109339966,2.117781147339218,1.0,1.4947343182221662,1.0,1.0,1.0,1.0,1.0,1.0,1.0,1.0,1.0,1.0,16.068303950939733,1,1,1,1,1,1,1,2.4170008635631604,1.0,1,24.25241863809013,1.0,1.0,1.0,1.0,1.0,1.0,1.6717663819037905,1.0,1.0,1.0,1.0,3.03048133765107,1.0,44.115800326921466,64.60944061847925,4.910708889104072,1.0,3.1509655753964747,1.0,1.0,6.848107536455188,1.0,1.0,7.046962759991085,2.2242078494775948,26.620490045703733,1.0,3.604617915654962,1.0,2.8731301332365202,1.0890848113472669,3.70728160147093,1.0,1.0,3.076789389231714,1.0,1.0,1.0,1.2393196648505065,1.0,1.0,1.7731238741941917,1.0,1.0,1.0,1.0,1.0,7.119153799184699,3.509058466953356,6.611885663124207,3.3727354104797507,6.698099351952057,6.788670468892066,3.2548882021515415,19.81722844076676,13.864969285828401,3.8541269393758024,13.366735728708504,5.081506071660755,7.132239519097364
TEST_00+5일,5.105344122213531,87.62631826732498,4.554475662688593,1.9819984999102775,1.0,1.0,45.41564280158144,1.7859861277426734,1.434834771654688,1.0,1.0,1.0,1.0,2.6658015108112774,16.228521735503712,1.0,39.255094709248446,1.0,1.0622974468130542,45.39006725626662,24.82413945408064,1.0,1.0,1.0,1.0,10.678829221500646,9.690733123541103,63.825762746615325,4.133588059425097,2.397260738133011,1.228995107129975,1.669716562999879,1.7630515344742717,1.025923122240958,1.0,1.0,12.974824925830426,1.0,1.062055429831906,15.556838171073258,8.024920794398945,1.3571206555561572,1.0,2.008101932179918,1.0,1.3871429708705603,1.0,2.630024235601879,1.0,1.8347512747816916,8.977514489632041,1.0,3.7512649942202683,1.0,2.521574157374455,1.0,1.2577296356911127,1.0,1.0,1.0,3.5996324043984664,5.742378627038641,3.2380637245674455,4.193167926261937,4.720396391846161,2.356780211280828,1.0,1.0,1.7139544937043556,2.794903540661209,1.4317157664930482,2.3281113701153497,1.0,1.0,2.2569028237930073,1.0,1.0,1.430997874267753,1.0,2.823943881234095,1.4946849060577625,1.0,1.0,1.0,1.1486714991104956,1.7903917634725053,1.1332671586188168,1.0,1.8863278232342573,3.43802714804296,46.52753460197203,1.0,1.2573153492913902,3.376444692672439,1.0,1.0,1.0,1.0,14.458283203385317,2.896650785897452,1.0,1.0,5.516257781044665,1.0,18.574166530995704,42.31441147135061,16.387780200549297,2.0328426766289063,2.4348943129921414,1.0,1.5140320993366156,1.0,1.1891106739796835,1.0,1.0,1.0,1.0,1.0,1.0452680132198577,1.0,1.0,52.14667044641883,1,1,1,1,1,1,1,3.777780857215622,1.0,1,59.48570965933468,1.1923728127540487,1.0,1.293045923557781,1.0,1.0,1.0,1.9281575129199822,1.0,1.0,1.156812611150897,1.0,3.4541465078375513,1.0,55.17169894165496,94.73930811789302,5.4329055910874935,1.0,3.2887374284572175,1.0,1.0,8.660564546737213,1.0,1.0,5.842200957183312,2.589450613323286,17.037690777226437,1.0,3.311854452670751,1.0,3.0645509025012023,1.2502659404380547,3.467382216520102,1.0,1.0,5.353905069645441,1.0,1.0,1.0,4.7585132872667,1.0,1.0,2.581902715527286,1.2108266623177728,1.0,1.0,1.0,1.0,7.961126868556762,4.728121918407199,6.072216243927478,3.019697616106899,6.499890553830551,7.057066475812889,3.6324265664124264,22.12540116597874,19.458230255181636,3.729625987476277,17.34874131182484,9.15509765354913,11.520142870701498
TEST_00+6일,8.650861553470115,38.2623944783014,6.513607660219235,4.134500498877522,1.1572410087701197,1.4527788684714065,19.777539988764083,3.65512257123715,2.470685491765744,1.0,1.3987518849401384,1.0,1.3190417157073178,4.6865679024310625,25.56487619128024,1.330689209148626,35.975055548438874,1.2343792629339048,1.848327201655113,43.43813329769536,13.72014570834795,1.819290054032087,1.0,1.2720710776470923,64.6666193489711,12.17570639797036,10.57498336793707,68.65745513586941,4.845777518831465,3.076599857965208,1.881540242569465,2.864857873171241,2.662804135334681,1.6407030867734262,1.0,1.0,26.98833830623198,1.0,1.657237862558639,25.175164183264076,8.81236380950767,1.5083800922418569,1.0,2.6464094358640966,1.0,2.2283380322146744,1.0,3.792861683887247,1.1179775121240525,3.1274082271181283,11.040610103395801,1.0,4.981674709732579,1.0,2.5151376876359963,1.0,2.6606340021162764,1.0,1.3194741846983202,1.1888017511899238,6.661931807672298,10.289931618452739,9.171117813667504,7.604180170064484,5.7148412404256925,2.813161870309351,1.0,1.0,2.3266484811384167,2.448322345537921,2.039428372856302,3.5177355010070475,1.0,1.3735153845218921,3.4880876323701298,1.3230399408525448,1.0,1.8588429899319787,1.2496261228343113,3.5509840117313796,2.0425500329225237,1.2359289356566956,1.0,1.1688742465827109,1.9644758855399576,2.646382127314155,1.4298150730508055,1.2033952473243397,2.233292563611867,4.579289148523821,51.06337434602018,1.163905174769246,2.203576017887503,7.314794262711852,1.2341789084105401,1.1717232116273615,1.0,1.0,22.263193903179825,6.022511164172149,1.488056229750381,1.0,6.209855597319003,1.2363315223328022,10.751025874753212,60.80368964556969,18.30624879133155,2.9097664094120965,3.999771003686809,1.2633667957879848,2.676373071078658,1.2323697520466057,1.8483889573046794,1.0687083674640863,1.0,1.3598434549782104,1.3622526431231288,1.566251170899561,1.3927933598324336,1.3456835834319831,1.0,41.382733985550416,1,1,1,1,1,1,1,3.4052510602562394,1.0850753027293225,1,25.87935406578915,2.6579830655261096,1.1919378577312154,3.578189973074986,1.7823981027073388,1.0,1.7117201926174856,6.370260302106292,1.2675118661932805,1.0,3.210069473891011,1.2223799739038042,5.0797128509236895,1.0,106.9822227208605,148.48788609063848,8.533357107993162,1.0,4.697349049828128,1.0,1.0,11.822491900598896,1.0,1.0,7.6561305671592,3.673369261652501,40.198977996472294,1.0,5.234313297284654,1.0,4.116671713495588,1.6193644663428748,4.7877203866384255,1.0,1.0,8.278872625068438,2.1559373382478952,1.775109947568659,1.0,6.478810064420298,1.0,1.5340594214761631,7.214002157383958,3.2468605136678153,1.0,3.0985276219641396,2.0642739338889964,1.0,15.875417334450448,7.064827615448325,10.517647459045861,4.864818059186753,12.768632441629531,12.459651522153525,5.873721659334725,41.97471030239106,20.264011805657415,6.164819916076224,24.20660827511653,7.174593509438631,15.689363646411156
TEST_00+7일,12.18625296452633,7.571696971661268,11.048316180181924,7.706759280095566,1.524782204315197,2.05008298947416,5.860119116523285,4.7072567993067445,3.398543715807304,1.6572137299981267,1.5665910211057776,1.0,1.9928945742097217,6.70986392570224,34.18765606491142,2.1632172885227656,6.5752349793037945,1.676812764615247,2.7036046944967964,19.26319050341349,1.8127772177165427,3.511658251921413,1.4178405663404874,1.0,24.66609526107068,6.189229308116897,4.96646201381081,15.041419391514712,6.554931448592823,4.5125353620764965,2.724452914241264,3.6186366533303693,3.744731744322025,2.382311097790919,1.0,1.0,43.633634390408176,1.0,2.0949280610080785,28.260753423383967,12.29065149562216,2.0425180869809743,1.0,3.6463832697935894,1.170060809046753,3.0040285088524707,1.0,5.290589876451071,1.0430306805895087,4.229405654403254,12.67605237606723,1.2689336309310233,5.999479870101223,1.0,3.541759056246114,1.2740898444290782,3.323091618609398,1.0,1.9547627060186104,1.6017353887240449,10.057388632955721,10.46815098412753,12.293729745995014,9.848594877504828,10.017399591788482,2.905733087899081,1.0565235219634248,1.4977723970051433,3.488371597566025,3.7154508425250534,2.3982329362934145,5.545058382822111,1.0,1.8937388562401754,4.544870998651589,1.6329485054717414,1.0,2.2411851051232023,1.4010230165768225,4.357407352215845,2.9868344077439297,1.5304630969539874,1.0,1.6039262112085317,2.3541197279858848,3.7747145647624465,1.6991513568799304,1.9184777556430532,3.249543506102911,6.818774859222772,1.0,1.6569263080734262,3.5816968202239745,10.974373227784959,1.5103575196714516,1.102128318049349,1.0,1.2765387281972016,13.829109850051452,8.823496082519586,2.2405834605012145,1.0,6.31744903826913,1.0,169.5716565117876,1.0,33.62156555149078,4.393247806052214,5.3709992823628285,1.648202690095136,4.286821414711538,1.780292312302018,2.3857441447423726,1.5513109664100655,1.0,1.8822541944232305,2.1174231372323353,2.3291601289225015,1.9596319582003356,1.9748434035550788,1.0,2.9321098330080044,1,1,1,1,1,1,1,2.176889363761361,1.026660819255891,1,4.190998911587583,3.7876348628458762,1.9267800493609144,4.6266057351772645,2.834356431529933,1.0,2.7093334664420845,9.48961108741962,2.086422626541072,2.145398891094243,4.289846723276229,1.763436843653294,8.737964282311564,1.0,76.11044315532152,51.067933003176464,14.128279653683707,1.0,8.26069992558635,1.0,1.0,19.110880074833638,1.0,1.0,22.320728224125975,7.451369175732205,6.296173923477245,1.0,9.86908484027481,1.370614204283446,6.655163860690373,2.8901916371419953,8.502530136967518,1.0,1.0,9.272177271384052,3.0592631036415696,4.689197365253689,1.0,12.423263248778287,2.78274156815564,7.569111925773461,12.691746794333431,14.193903548212237,6.925343364607681,2.9271938812700298,4.470442549550733,2.1586654661073874,24.27492009304903,13.427221210250352,21.15518095839967,8.447362081299353,21.061283953357055,21.763227573878122,10.093626410790105,81.80917323920946,40.89671261502256,9.378494699670831,45.27866298955713,12.299932336356079,25.209423297145086
TEST_01+1일,5.670007183796512,1.0,12.083989029682819,3.6589147199704057,1.0,1.3678483968424262,1.0,2.199874814236561,3.5365881802364068,1.0,1.0,1.0,1.0,3.3198630632775785,18.07947867080714,1.0,1.0,1.0,1.8901843666598062,1.0,1.0,1.0,1.0,1.0,3.8038088859241443,1.8512969837567383,2.319596215558208,6.1573086569484765,4.241584759665336,4.317597064791338,2.0200436722016137,5.863727125110453,4.001860107324132,1.5389239915553155,1.0,1.0,42.85258153330508,1.0,1.5729279024862401,35.842277731233196,11.94456979245268,1.3098902407633037,1.0,1.0,1.0,2.674601015453241,1.0,4.626908868295758,1.0,5.211670348419725,9.704947857227548,1.6062891956540672,3.8594553967481584,1.0,2.806609722914754,1.0289969284261065,2.541595689211184,1.0,1.126146989292326,1.3144322900080487,15.287914319555853,7.757358807666298,14.198985190938183,9.244802030760281,9.600696748274618,1.6169034400292273,1.0,1.7602631701695106,3.378654437890313,1.0,1.6809727027348327,1.0,1.0,1.0,2.8366773964265097,1.4724580220204369,1.0,1.4080672749697092,1.0,2.2438842016610328,1.834709777960073,1.4136717759749022,1.1321432645011855,1.335697034169234,1.0,1.566072791514132,2.246123585542854,1.2869795021296901,1.59588279879936,4.028256774470437,8.106285788035425,1.3546626223432652,3.5125648345870335,8.174118509328363,1.0,1.0,1.0,1.0,26.0585697875073,6.727196372265057,1.6178376544601587,1.1973739176698297,6.157771243127285,1.0,161.64201290886027,1.0,39.170525654026854,3.8066534304785757,4.410696968626958,1.0,3.092949040516642,1.0,1.9137363808977668,1.0,1.0,1.084935814399493,3.3139173940283664,1.7058885044088583,1.5122301397646585,1.9023612096748586,1.0,1.0,1,1,1,1,1,1,1,1.0,1.0,1,1.0,3.550142001201897,3.266653296130862,4.012166059522054,2.0408357191028976,1.0,1.4627803140521516,6.191921685885407,1.0,1.0,5.120128882461589,1.4193371744419492,8.225361277615661,1.0,1.0,5.330474531205943,12.604982627145379,1.0,8.544710711280601,1.0,1.0,19.058627753196795,1.0,1.0,20.220200999608117,7.717683321566032,1.0,1.0,12.755030224561054,1.0,7.238698138360108,2.458424984655544,10.212601730652318,1.0,1.0,13.035976967942878,1.0,1.833735996173561,1.0,12.844345005680474,2.2849385726971567,1.3592759502746263,11.139852893600688,2.8837375676429478,1.0,1.7807636674990723,2.7015938445369394,1.0,9.727974092706969,8.657140724311986,11.81921194783302,4.022338724969735,11.445703312443062,11.421515087336376,5.572718804072441,38.39082280712417,28.988444309771662,1.0,29.781708177500757,6.326774151449372,23.89144857299241
TEST_01+2일,2.529970861579274,2.157666429877281,4.283584128590568,1.070830638814434,1.0,1.0,3.6540089921292678,1.0448163836692115,1.4439454498787885,1.0,1.0,1.0,1.0,1.6701137250684046,10.238950366577987,1.0,6.383091380611338,1.0,1.0,9.813927477909171,4.126379019361327,1.0,1.0,2.9767848647967625,6.286296677528147,7.009527522305774,1.1698678236814595,10.53780211669331,2.614551539987497,2.301530803736064,1.276458566381565,3.6642265608180855,2.9287756797337186,1.0048857526122452,1.0,1.0,23.511709343972143,1.0,1.0,32.3523180850988,6.039794623681852,1.0,1.0,1.0,1.0,1.711036155804651,1.0,3.5758752532470472,1.0,4.276415817541981,6.868960005183467,1.0,3.0736201535439522,1.0,2.2468738935297097,1.0,1.5952395859903015,1.0,1.0,1.0,8.105318673036395,4.881726614207663,7.111195673867564,8.852137551757536,5.832409908456876,1.0,1.0,1.0,1.777962318048889,1.0,1.0,1.0,1.0,1.0,1.2752872962935649,1.0,1.0,1.0,1.0,1.0,1.0,1.0,1.0,1.0,1.0,1.0,1.0,1.0,1.0,1.0288035787971332,3.187648560043817,1.0,1.9520502198474077,4.251460784251331,1.0,1.0,1.0,1.0,19.3181502869875,3.843463784251487,1.0,1.0,12.753801006676476,1.0,7.050848799606433,8.517599143087864,29.298696530116985,2.64212984301635,3.2519759157252155,1.0,1.7779283908443542,1.0,1.006435873048113,1.0,1.0,1.0,2.3431464479855446,1.033214933192699,1.0,1.1412061632012263,1.0,1.0,1,1,1,1,1,1,1,1.0,1.0,1,5.435192773485325,2.0786933802456478,1.9673947655440773,2.4483073647495157,1.0,1.0,1.2407372854562526,3.691783549944754,1.0,1.0,3.222257973183074,1.0,5.021324045548662,1.0,1.258339388296008,19.566652194194717,7.879183538191015,1.0,6.379148766209872,1.0,1.0,10.702852570623651,1.0,1.0,12.524463818155478,4.903921355217877,1.0,1.0,8.174552331667766,1.0,4.434859580097382,1.6923549236096573,5.868576630192559,1.0,1.0,8.272449513425078,1.0,1.0,1.0,2.677045195065249,1.0,1.0,6.298615445059262,1.0,1.0,1.0,1.0,1.0,3.855552918176553,2.087531665494697,4.269751009792793,1.0,6.033466042624873,4.644694347550143,1.0,14.567704217177507,11.780507914649348,1.0,7.254692817645151,2.464341430612727,12.446150152333342
TEST_01+3일,1.895131871269716,1.8172084093093872,4.978007904223054,1.0442616255089274,1.0,1.0,2.492075835842864,1.0087425522488558,1.5930551389854186,1.0,1.0,1.0,1.0,1.7204871087961515,8.238250390457548,1.0,5.467496571304337,1.0,1.0,9.885010927863071,2.4818657427320643,1.0,1.0,1.0,9.52272813129513,21.259702749092433,1.1370821266089632,23.51573520458092,2.1344866683392127,2.3409995531243313,1.0,3.1531025114357094,2.567091660357993,1.0,1.0,1.0,18.42779699982512,1.0,1.0,26.532424212584477,6.744515670351622,1.0,1.0,1.0,1.0,1.217290465636873,1.0,3.210358910998888,1.0,3.1557624644802287,6.844649299037965,1.0,2.466213479188828,1.0,2.2401860397409656,1.0,1.3699242268004728,1.0,1.0,1.0,5.276499598318437,3.2989690167863497,5.283028525263997,7.91730774063277,4.658132663573823,1.358031524650604,1.0,1.0,2.433390435830524,1.0,1.1214281132853023,1.0,1.0,1.0,1.778616304158369,1.0,1.0,1.1281472426129278,1.0,1.111201497542632,1.1312650635525623,1.0,1.0,1.0,1.0,1.185168196340588,1.0,1.0,1.0,2.1238623260992293,12.545529541310461,1.0,1.5220697649965185,3.8573772937283435,1.0,1.0,1.0,1.0,17.534001494569214,4.15969662615621,1.0,1.0,10.22880438401096,1.0,13.001187890883203,7.554318509995937,29.853430286888077,2.01286003744594,3.1198175252715297,1.0,1.4697314429073094,1.0,1.0372063247803902,1.0,1.0,1.0,1.8855682015925805,1.0,1.0,1.0928795918703291,1.0,1.0,1,1,1,1,1,1,1,1.0533718639597405,1.0,1,31.947336164330615,1.9679941634626785,1.9180690354236616,2.1686278457695183,1.0,1.0,1.163485328690574,3.3260536961635196,1.0,1.0,3.108950810992101,1.0,4.246754224519417,1.0,10.68794710189104,28.389838356415527,7.358254973733079,1.0,4.763428712981457,1.0,1.0,8.838422588310262,1.0,1.0,13.291919581296469,3.8663998500171948,1.0,1.0,7.434654216622939,1.0,4.756928903510853,7.173643860422792,4.553584771826803,1.0,1.0,7.679290296901999,1.0,1.0,1.0,2.0635422767240494,1.0,1.0,4.7396304016675135,1.0,1.0,1.0139169924333207,1.0,1.0,4.484490527082721,4.616720527423238,7.162428223172743,2.9795827687755687,6.838750581781257,4.911344491595119,2.1812990881572114,23.093441243706682,16.680561424395375,2.46609875246081,14.40398004320585,4.749252096081701,13.826206517681939
TEST_01+4일,2.6063403362821296,2.7869822680950165,2.8360332314683623,1.4669685665814987,1.0,1.0,5.1770673413914565,1.0,2.0727942722429407,1.0,1.0,1.0,1.0,1.9558322951337654,7.555778143845652,1.0,13.026754853840167,1.0,1.0,12.770341846698557,5.206111544450289,1.0,1.0,3.07169353251527,10.7517258158001,7.687508500504288,5.108986327934415,29.889481811397182,2.1163249154806105,2.2479883220414454,1.0071554430071696,3.0525436478902073,2.069909027300037,1.0,1.0,1.0,22.354548424693284,1.0,1.0,19.088362509439595,4.510681750640513,1.1795980623461486,1.0,1.0,1.0,1.149579397076194,1.0,3.090103120667787,1.0,2.959495784017028,6.462367255104136,1.0,2.6309416466317885,1.0,2.103063322841085,1.0,1.3373688157055397,1.0,1.0,1.0,6.580668665566865,3.7144575678813188,5.139908484986231,7.463019076370886,4.070658790766055,2.0723040391908656,1.0,1.0946355547867934,2.4937931315420414,1.0,1.2387253012641029,1.0,1.0,1.0,1.8719672160734309,1.0,1.0,1.2655450882301138,1.0,1.5816900938265406,1.1962076332532088,1.0,1.0,1.0,1.0,1.2717060359302916,1.2173879377961718,1.0,1.0489886021242443,2.9221209796603924,6.951909453466721,1.0,1.7992107113070082,3.2837276698525337,1.0,1.0,1.0,1.0,16.757324706225237,2.4976673227722963,1.0,1.0,6.878972418319,1.0,11.530313274528094,6.542919583618641,20.9764806288312,1.7630749080481054,2.534349971352748,1.0,1.4783715056713829,1.0,1.0,1.0,1.0,1.0,1.5115335600961817,1.0,1.0,1.0,1.0,1.0,1,1,1,1,1,1,1,1.4024020184189527,1.0,1,20.147354664050276,1.6003396912518724,1.7258422879998763,1.8360905402265304,1.0,1.0,1.0,3.074529058877806,1.0,1.0,2.4769421951749315,1.0,3.914973337078531,1.0,8.860306799411774,41.13617304703099,6.205318491198552,1.0,3.3237900819828283,1.0,1.0,7.516104520289595,1.0,1.0,9.652314733876663,2.9900718140674734,1.0,1.0,5.482767128105407,1.0,3.460482330891417,1.1064513438562313,3.8986471920986814,1.0,1.0,6.259624160539098,1.0,1.0,1.0,2.11871994766466,1.0,1.0,3.3388745619658198,1.0,1.0,1.0,1.0,1.0,2.7508769906418777,3.3904690969853624,4.3750904101392365,4.876436065648727,5.576729646516706,3.7448957389513406,2.019587037227998,17.387188455646495,13.148526614083167,1.061086705509998,10.6051582278781,3.7408322870162714,10.620263877595237
TEST_01+5일,3.1354005166695424,4.292609587311745,2.4636161715474008,1.9078570929763987,1.0,1.0,16.60208016461236,1.2373281809722259,2.1753055696766577,1.0,1.0,1.0,1.0,2.5016693782606882,9.201183307671258,1.0,24.287630189140827,1.0,1.0502340123548213,31.422799269488326,15.689728122712204,1.0,1.0,1.343573666580635,14.885212952215001,30.3643199468562,6.890286578431311,35.12526968155517,2.618218064449505,2.596475973989934,1.109101903069943,3.140854378207202,2.2166332145567416,1.0,1.0,1.0,22.292313351359816,1.0,1.0,23.512496848955596,5.7537261293111435,1.1080339705943745,1.0,1.0,1.0,1.4176002199240287,1.0,3.245062122688206,1.0,3.1740455928418405,6.61724244127279,1.0,2.7192030323492267,1.0,1.9402843571142845,1.0,1.393348625383913,1.0,1.0,1.0,4.796425353052696,4.301015734205121,4.905815074412149,6.41771624210841,4.76745829359417,2.061148762636484,1.0,1.1222364810014347,2.412023349891367,1.0,1.316188161055905,1.0,1.0,1.0,1.9032365397255366,1.0,1.0,1.3664534878024754,1.0,1.969506665659749,1.137539322269761,1.0,1.0,1.0,1.0,1.4546705312244086,1.0,1.0,1.0135642588463876,2.770163868219729,21.837827657838094,1.0,1.901098868139607,3.9370339914381156,1.0,1.0,1.0,1.0,14.579292571856637,3.605363483063184,1.0,1.0,9.421296468808748,1.0,17.705027470889576,9.552683919668198,21.909899748960257,2.0236195940045194,2.9836502721149976,1.0,1.2673695700964207,1.0,1.0,1.0,1.0,1.0,1.5723962629792663,1.0,1.0,1.0310762923249897,1.0,1.0,1,1,1,1,1,1,1,2.219810921296593,1.0,1,47.598334923020566,2.4095898176847466,1.6720052703675055,2.3546512763371035,1.0,1.0,1.1405966300468977,3.1094843337024662,1.0,1.0,2.724112619700106,1.0,4.34204458379924,1.0,10.980902284383774,72.93264338966429,6.925003304499935,1.0,3.6283270402792063,1.0,1.0,8.660559667143012,1.0,1.0,9.162235653470601,3.2757032114770284,1.0,1.0,5.615136752376503,1.0,3.5506397722688727,1.0934192587272344,3.5900528472828834,1.0,1.0,6.971185879564636,1.0,1.0,1.0,5.339301860677898,1.0,1.0,3.5611012035385214,1.0,1.0,1.0,1.0,1.0,3.0901289747699194,3.762737737512286,3.8509906163532457,1.6115598052250384,5.791276423210123,4.062640423736589,1.7798569746097515,17.10761531883259,15.901376999397646,1.797963321537883,18.438683471022166,3.8001155990943247,10.738714599070406
TEST_01+6일,6.530777183293599,3.1700097620487213,10.599804107608804,2.898127518453743,1.0,1.5174775933821796,7.488335202191907,2.222501919646078,3.677096464449494,1.0,1.263475234802078,1.0,1.0,4.5086441826547325,19.170195633318244,1.0,14.900365190570911,1.0,1.7127562883603953,22.427716967626665,8.082731096749145,1.394830993858816,1.0,3.1985546380384777,13.31809944940317,24.78131164536724,12.271026153100898,60.08164141461089,3.5340249681333873,3.29897483986517,1.8427663278212478,4.384041893477967,2.848140463099709,1.511366919151171,1.0,1.0,30.510805509476647,1.0,1.4538154125414606,29.2121675985389,7.64106411821766,1.2189781322281223,1.0,1.0,1.0,2.3517101191398053,1.0,4.402852246262008,1.0,3.990075191161789,8.582981202996756,1.3451269167869735,3.540106944844387,1.0,2.813507853719693,1.310276521528946,2.167115644120316,1.0,1.3822650105753542,1.2909159694560262,7.954394253592611,7.805650155860718,7.37065636731902,8.866956996116384,6.340853748420092,2.294526451474875,1.0,1.6576420674994394,3.3225819842276065,1.0,1.828124970628515,1.0,1.0,1.0,2.5587613877630484,1.4229587416749783,1.0,1.724379119218335,1.0,2.48915150385456,1.9306172078973525,1.14750500127247,1.2840351186028565,1.3377544493190463,1.3018138580547673,2.053940144096715,1.0348336324982217,1.17050764913875,1.470196218563193,3.5005017008491124,34.27135214707743,1.421663046322943,2.899744327511526,8.552293167116694,1.0,1.0,1.0,1.0,27.671704729977773,5.701995240565046,1.3008890673263738,1.1379234174500295,9.846265066437685,1.5239928241187046,12.005090230224392,12.863664083182812,33.85183484899211,3.583089332170667,4.086626422603496,1.3621698546959806,2.475798317613777,1.0,1.5001879490780667,1.0,1.0,1.153155474200366,2.439667835965208,1.3582445539004258,1.2628084574429022,1.524731650222883,1.0,1.0,1,1,1,1,1,1,1,2.8415729617692125,1.0,1,76.26756166529364,3.356316977716002,2.3812118753690306,3.533634142800665,1.9179683630943283,1.0693580485297087,2.105754900192771,6.633264213210861,1.044351581215195,1.0,3.8212398665989205,1.6269884487644475,6.14045438852853,1.0,17.2818603515625,74.16484747801563,8.795742509326484,1.0,5.945630863057883,1.0,1.0,13.456325829639184,1.0,1.0,13.95921661310113,4.65320493245834,1.0,1.0,8.01580870415262,1.0,5.081261775875691,1.672151265733815,4.942725764000975,1.0,1.0,8.282816828159795,1.0,1.0,1.0,6.753751009792511,1.0,1.4160401073473645,7.119630142138956,1.0,1.0,1.1421505507654497,1.0,1.0,6.783323890566072,5.998658258995409,6.279504508929899,3.2862301927047914,8.210901756878986,7.297036544099534,3.8550939102844,35.106619211272374,18.45473641039036,6.120510444667854,23.64651585521026,4.932627725023485,17.34309983564605
TEST_01+7일,10.053412431134344,1.9964464232325554,12.482299655893083,6.041138726847738,1.1964578331697953,2.6016296162635513,1.0,3.4847657544436177,5.313509053959148,1.0004809895347342,2.0771833977089917,1.0761412260066863,1.4092570425329796,6.529762569726201,23.426016906631286,1.4991885805047829,1.639370936062026,1.336660586694129,2.7058127334782984,3.4794427413292235,1.0,1.8637131713190402,1.1722266782316044,1.0,2.142578737266209,9.86164868672563,3.2865383858075536,30.649657074481276,5.050163727351245,5.642288786017766,2.81699194273181,6.25345123026702,4.327632372132435,2.0282573783002826,1.0875449136958268,1.0,49.03552537274607,1.0,2.4264706548124026,38.16502599916612,13.982655838690455,1.8566169459377755,1.0,1.0,1.0,3.412862793112293,1.0,5.377389198525765,1.3718612456188037,5.920421052081154,10.822576487714242,2.2121291240268004,4.136285427421034,1.2191836600634662,3.373954208363567,1.56348416692044,3.2991145314163153,1.6446558707680496,1.5370808072050792,1.9775213260421396,14.791656934238457,8.369221542352356,12.11764557564417,12.290945979338868,9.888378678628882,2.6294034662728505,1.013757865621544,2.3038913328990294,3.9567725120701818,1.0,1.9373635072956714,1.0,1.0,1.0,3.5641789555228427,2.119383939350939,1.0,2.1202057614470506,1.0,3.3156458871632677,2.320359468474021,1.9695885231263717,1.5982255428577448,2.0016888199120233,1.5768208138504352,2.873624722622685,1.9445102383481367,1.8340522366828735,2.0662745376621263,5.655586220533651,9.833253285499392,1.821361805363771,5.192171168200495,13.660738779458917,1.3885685778117676,1.1834031032918815,1.0,1.1578125679682478,14.909621656278821,10.872773957743874,2.0068762219034397,1.5343334390127916,9.77958048775068,1.0,112.02382472304828,4.5361221972852945,24.97009796297057,5.131089481401474,5.853592817308785,1.631694132304233,4.031775184497375,1.2581979896615607,2.3868605454853293,1.0153301711867913,1.0,1.791193332016361,3.554026444817542,2.3107027684408754,2.539650044845546,2.217209219694861,1.0,1.0,1,1,1,1,1,1,1,1.535724559462729,1.0,1,6.230420096093567,5.064312846989893,4.053789946239096,5.142156494468694,3.679674551096184,1.083760719732317,2.786814843241431,9.707909293326063,1.2374085955181444,1.0,5.832143182382732,3.087299063172566,9.468378160253033,1.0,9.482276514172554,34.882625713129926,13.645265967392564,1.0,8.958903713198044,1.0,1.0,19.98488000975752,1.0,1.0,20.1208835014211,8.170428203373515,1.0,1.0,13.215822615808761,1.7381647342624988,7.538876903973835,3.4682440278200555,9.842103200759786,1.0,1.0,13.334319045166328,1.8497079703956842,3.1821644707772734,1.0,15.919442964806258,2.5925706806010718,2.7619116314968895,13.028252861460292,3.296793202892082,1.0,2.314701291330552,3.944891851782498,1.6439802503681415,14.256281737781018,13.217055737282141,14.812663705677627,6.832628230818379,14.341960704237401,14.741502938843919,7.910016616609846,68.19090245588191,34.79351829133397,9.146178994996383,34.81721136082767,8.240925919912783,28.67155055515181
TEST_02+1일,9.187689708220681,1.7229196429252625,10.58025848133559,4.738482144987037,1.733714858285129,1.3882381323219248,2.0900382490364713,1.0,3.901919042122644,1.0,2.30478525479722,1.0,1.5279001999907975,4.637667782995038,37.8133206378382,1.0447586357208825,1.0,1.1258079842566908,1.5570522809111607,4.118525130674243,1.0,2.2926125742415024,1.0,1.0,2.7159183036846657,1.0,4.4889734548136575,1.0,10.809497228709027,6.821544627567696,5.463483618297776,5.144656782580471,2.555767687202691,2.002064235853293,1.0,2.69762813266138,59.13620207374332,6.928273902994916,1.6077662733007736,39.908311921026154,25.523037707652776,1.386152586479834,1.0,1.0,1.0,2.3162223054367024,1.0,4.364999363598768,1.0,4.761647000274383,20.965901073330187,1.0,7.364154083878394,1.0,1.7102862097007687,1.7531933595155422,2.0476524264548184,1.2411135048434603,1.0,1.0,19.207768907226363,18.94338214838742,21.389049769286824,23.19198335168579,19.272480502330293,1.5078542113071534,1.0,1.693872537239255,3.071713568947774,1.0,1.5043289741468457,1.0,1.0,1.0,2.9907820720105445,3.377927986970851,1.0,2.678610597381898,1.0,4.551393196604093,2.7355216090054224,1.1499057988087504,1.0867415663160256,1.0,1.4770136241638407,1.177838533378869,1.2916867564411119,2.8835195537138287,2.57166874254191,4.6161351174128145,5.9529864395168275,1.73613514273502,4.805190612360169,1.0,1.0,1.0,1.0,1.0,11.74088862877854,12.169511085792651,1.0,1.0,5.453388097343039,1.1951758242456911,209.7612726547843,3.4306091361013036,52.60891404452518,7.620845310084466,7.827191956706744,1.5796636574650125,4.1716427117434325,1.0,2.1199554509880576,1.0,1.0,1.1098995573795902,3.4860391354671636,1.7868328221421157,1.4189025820196106,2.4379043894883248,1.0,1.0,1,1,1,1,1,1,1,1.0,1.0,1,1.0,1.8058520853380902,1.0939464242367287,2.0028452712765716,1.6422730288650897,1.0,1.0,4.611357343901506,1.0,1.0,2.6849223848691994,1.0,10.040909963659587,1.0,14.317990123285982,6.6919564829689255,11.096361952325315,1.0,9.22399500209529,1.0,1.0,20.332585315362955,1.1029179387002641,1.0,20.082823306091704,8.39083240993972,1.0,1.0,16.506343853030202,1.9323993110239168,7.084689578682841,3.189318205339579,11.16120087012778,1.0,1.0,12.120350507192134,4.376121699952974,6.749528048898729,1.7855855002999306,15.315981204012681,4.836395392066635,2.744015893535597,19.368754160726056,5.98315426259135,2.0146983246565684,4.663709792038641,6.487065033676955,3.59453124749671,53.243881020830756,33.56916965886537,60.581835694377155,24.8131631775047,23.29095618071213,44.03466355700902,24.366765209677514,111.9881745234,81.26524170638226,9.90691083661771,85.83292457997152,22.427080221337704,67.35291307001955
TEST_02+2일,4.627128361151703,27.552925256006684,5.316499658073588,2.275415635338014,1.0,1.0,10.491697348394764,1.0,1.920466915742389,1.0,1.0,1.0,1.0,2.16234933052777,19.995940555345236,1.0,13.020523450256887,1.0,1.0,15.490001269751643,10.975174062051682,1.0,1.0,2.999207662319417,5.795377985116145,1.0,8.6417933613597,2.1342953233782236,10.288188797197284,4.73408227147418,4.481796836612897,3.536239845602462,1.7606924107190407,1.2533215348780762,1.0,3.378913290647703,51.90839649711678,5.6378850079660285,1.121892133326629,40.62809933651454,21.38991514696253,1.8195440084089824,1.0,1.0,1.0,1.635825672098309,1.0,3.247608916282355,1.0,3.8829799692332116,19.59268490841376,1.0,5.1811883376455405,1.0,1.0,1.0,1.1886988480419007,1.0,1.0,1.0,9.78984981861197,12.33251519536357,15.022284425848579,14.904441677695685,14.13195017300892,1.4761355765010484,1.0,1.0,1.340762053612262,1.0,1.0,1.0,1.0,1.0,1.643859979827487,1.0628151457857946,1.0,1.2150045129526486,1.0,2.1127849115078314,1.3831130536614364,1.0,1.0,1.0,1.0,1.0,1.368307832117842,1.0,1.5801866003577565,1.97892116614761,13.437672720804025,1.2506991745561655,3.29405585086682,1.0,1.0,1.0,1.0,1.0,17.180917786269017,8.919693098232994,1.0,1.0,6.332479931687621,1.172034916873097,193.11412978139194,50.813318500044986,39.16472548796885,5.130706934553997,5.202312652950636,1.1816273913171134,3.1913997505457483,1.0,1.748858046806737,1.0,1.0,1.0,1.9929920893359119,1.0,1.3031256821176032,1.3360513359791266,1.0,8.730188120133864,1,1,1,1,1,1,1,1.0,1.0,1,1.0,1.0,1.0,1.0,1.0,1.0,1.0,3.6262945021919224,1.0,1.0,1.5580133573265396,1.0,6.610861524612259,1.0,59.23928064596291,50.02538459708373,7.893048022015215,1.0,7.0129906236498325,1.0,1.0,13.136897424037503,1.0,1.0,20.092789156706967,6.181329253985838,1.0,1.0,9.418487339158597,1.0003193735295397,5.912399837193297,1.9191652079583745,8.275114868966767,1.0,1.0,12.634156020191622,4.997820242372758,3.402469248451826,1.5320737212896347,7.359224022330823,2.5138823391104737,1.115013719536364,10.13393666843194,3.451408307088923,1.0,1.7818608564377354,3.409712255156904,1.9629735723137856,44.570292741979515,17.48358006968087,46.01597542660093,5.656664212731416,9.684089595247606,33.79120314052619,16.77427724582016,86.40630347758304,83.86872874889276,4.829711892525529,100.70021818837465,15.519824270300683,74.47730270193571
TEST_02+3일,4.008178762220382,25.6817209815678,4.899448224201872,2.0952065630193415,1.0,1.0,15.684030770797941,1.0,1.8982383602797437,1.0,1.0,1.0,1.0,1.543370613753364,18.93836435375678,1.0,16.488092997533123,1.0,1.0,6.310226011373811,37.306026242965515,1.0,1.0,1.0,12.198479365324546,1.0,3.8048059270319734,25.440090330564466,7.6625739956613765,5.410265265940112,4.635749275862837,3.586606739868585,2.00066116018092,1.3374752197244164,1.0,2.1582181438781665,44.98973213492415,5.895858928530404,1.2896634392729303,33.72474255707971,20.30898980642774,1.2595626054953386,1.0,1.0,1.0,1.6036719681275438,1.0,3.2145287207677034,1.0,4.018451675134802,13.718358873587542,1.0,4.643570830744218,1.0,1.0,1.0,1.2321802003071864,1.0,1.0,1.0,8.8027090231007,10.366673069890883,12.820230710241658,13.756401041474373,14.879380492319909,2.1622036044251924,1.0,1.1684541955685646,1.7530232501116805,1.0,1.2142750597841738,1.0,1.0,1.0,2.1029022819823036,1.6349293927802109,1.0,1.5881899132124473,1.0,2.242865637214212,1.6092172808494316,1.0,1.0,1.0,1.0,1.0,1.0,1.8156625259822774,1.9307527778574978,3.053192570590202,10.890219548497898,1.3142233777946402,3.2191446550128404,1.0,1.0,1.0,1.0,1.0,18.879838289795753,9.138738202608154,1.0,1.0,4.0667411569725145,1.0,65.98019628789683,59.15977651339345,29.571237077484838,5.062140002505322,4.577351494031227,1.2861329616647075,3.63931338260553,1.0,1.6319274826637793,1.0,1.0,1.0755090752291572,2.0247858861646457,1.0,1.4541579012547765,1.2966394433420014,1.0,23.513122623643717,1,1,1,1,1,1,1,1.0,1.0,1,32.234969386509626,1.043915270624399,1.0,1.1474764095287633,1.1737874251014162,1.0,1.0,2.9787490807774217,1.0,1.0,1.5091890780592083,1.0,5.823885557342642,1.0,101.67630808842378,94.23017900317073,6.533453827516914,1.0,6.4955696367627525,1.0,1.0,12.942986711887944,1.6979861305324229,1.9538304996631837,21.15005475303261,4.737134887697204,1.0,1.0,7.98170244534365,1.3925899994245454,4.834088619922172,1.9652320932198823,8.703170184238314,1.0,1.5676217789990696,7.240843867156005,1.1371384448396373,2.38591578881355,1.0726200677454472,8.547470188332886,3.1803519584874786,1.0,7.526333847714245,3.124087566560516,1.0,1.362175671636669,5.418329790646736,1.246238261556582,37.956390999661366,22.775103495220126,42.27444058273447,9.091563408690668,14.093858622573055,38.39531988654331,17.008480763081547,126.39293118436404,77.7823349327701,8.380195577484201,89.92495285620033,29.358350308315337,68.3392932896644
TEST_02+4일,3.2558800574016096,33.23027362676208,3.8168226443454936,1.6282598308681082,1.0,1.0,23.632164839412305,1.0,2.102671359681262,1.0,1.2658743515926345,1.0,1.0,1.563923283782304,11.46041311230819,1.0,24.39764898712579,1.0,1.0,14.328775668611055,23.51205972094844,1.0890010929060652,1.0,1.0,21.118119615051736,1.0,4.296618454305278,16.31975127697782,6.344153654885913,3.579276137380435,3.9112093619072135,3.016107609238923,1.6380300399543837,1.363033144090145,1.0,2.492796176496929,30.25146125723745,4.062580852756573,1.2736647891158048,27.641516548237394,17.790695769197583,1.990417878758641,1.0,1.0,1.0,1.3893192159914582,1.0,2.840293681355731,1.0,3.3432664249160733,11.832938409055153,1.0,4.233813930689871,1.0,1.0,1.0135078332734593,1.1919097808686228,1.0,1.0,1.0,8.009536314255763,9.676857015619587,14.179978113990845,14.7856347360704,9.159767073650581,2.5964327573873676,1.0,1.4923573952496931,2.227041484692058,1.0,1.3881719610639998,1.0,1.0,1.0,2.3471566829140365,1.916519804588588,1.0,1.7371881598880878,1.0,2.5049764032273356,1.8857370133614857,1.0,1.0,1.0,1.0,1.06859517132153,1.444513300806154,2.236579086845218,1.9614527906394321,3.244788979576478,8.215286754025794,1.3158119583776584,2.90079374124038,1.0,1.0,1.0,1.0,1.0,21.87063423355604,6.927276791737934,1.0,1.0,5.2015112615308725,1.0,31.029298600376126,61.065567148198326,27.614325812134275,3.6819367292989247,2.48041595644575,1.4016728185767466,2.883258155748137,1.0,1.7420806426931963,1.0,1.0,1.0,1.7718052867109952,1.01201972394357,1.4147102524413881,1.5089322996075114,1.0,1.606093413241983,1,1,1,1,1,1,1,1.0335276955123538,1.0,1,10.108331105791992,1.2932409132933933,1.0515292140552415,1.2136443120176754,1.2986353380849327,1.0,1.0,3.446007504260404,1.0,1.0,1.7087513501859029,1.0,5.785107562206226,1.0,90.2372303742415,94.56145622468378,5.053001557592298,1.0,4.991819020756969,1.0,1.0,11.855441300711748,4.594792331941181,1.5688270982785126,14.241415517146148,4.362380689702447,1.0,1.0,6.788847963554499,1.9921302989470888,4.496055515524112,1.831079813770132,5.547273435032547,1.0,4.1824081402971,4.9503278939726325,1.0,3.0000408425954452,1.0,5.220535872289258,3.303686182336818,1.0,4.646983539984982,1.0114740980789065,1.0,1.3633406632197014,3.442967582639708,1.2729927487671375,27.440839686440498,14.67621616316764,32.066260965324766,9.922517340766635,10.875067787579884,21.744272186618282,11.556908946305324,134.26098022273982,57.516382660525906,6.562453295206331,77.50470692460138,24.30007193207013,49.18115804041689
TEST_02+5일,4.758772902932081,84.67349136218975,4.492622503699713,2.6174842045633055,1.0,1.0,42.701825139471275,1.0,2.498875853324622,1.0,1.2558074385298987,1.0,1.0,2.287831436599193,16.309816415414254,1.0303851892199143,74.97524960066086,1.0,1.0,64.70178268846593,42.2393260048077,1.457001540935337,1.0,1.0385198438917043,12.28247032598655,1.0,8.10470392335595,43.523538382943215,13.063406472237638,5.298713741373888,3.629277064179745,3.3764623621097236,2.2368115638703605,1.5389515711287993,1.0,2.631456594757158,36.182232538830846,4.3278496263765,1.5430808064594037,26.442103793619857,23.881804496265183,2.2742595788142843,1.0,1.2549625481940865,1.0,2.3064911088969136,1.0,3.429290192988203,1.0,3.3339029566521887,11.591701814300851,1.0,4.51173952616672,1.0,1.6516402283110798,1.2704232563966795,1.7001689256601253,1.0307395629167027,1.0,1.0,7.298830922101113,11.022906620867175,10.383761249315508,14.581852458566766,9.975447219456502,3.2872359916979863,1.0,1.497162292516879,2.5748507899230955,1.0,1.4525976010056767,1.0,1.0,1.0,2.45233766449205,2.29422998050104,1.0,1.974623474069054,1.0,3.115782830461686,2.100076198185083,1.143595625515064,1.0898424860984133,1.0,1.1301640145032896,1.3980351648495917,1.6220049893125315,2.448418610469026,2.1228592064028944,3.695916646968696,21.455694429893768,1.4907577566062638,3.3819821105693215,1.0,1.0,1.0,1.0,1.0,19.381994391027554,9.849871251676918,1.0,1.0,5.688424137407949,1.9817292064641934,17.24501626935369,53.03124642215808,24.878015244301338,4.131107348106342,2.3780746662939434,1.4118964387397308,3.3674843837704973,1.0,1.6739103756105131,1.0,1.0,1.0,2.065683820969978,1.337747081674528,1.538073265498316,1.5762301735008797,1.0,72.00178384727528,1,1,1,1,1,1,1,2.042183295642415,1.0,1,38.85084324080161,1.2009721116692613,1.0832603629136937,1.4426051733501966,1.2461855569979077,1.0,1.0,3.947508787102511,1.0,1.0,1.684705181458402,1.0,5.218553572816576,1.0,50.458892321221164,73.26561284752385,6.68484276252155,1.0,5.467940797000708,1.0,1.0,15.939242273963208,1.0,1.0,18.531999250709273,5.278510969924376,1.0,1.0,7.146436875640848,1.3929466433430726,4.932403116799009,2.3824386182234605,6.100435995686828,1.0,1.0,7.690023989160163,2.647678704496957,3.6739476701027947,1.0,4.679090398514534,2.4527530223063216,1.061658488586545,5.722002155549108,1.47532968247921,1.0,1.6027169488286561,5.370142589162725,1.654650664388817,31.189363081327933,17.810722603183777,44.48547882663789,15.669146359017107,15.223072946233627,24.050741638201586,19.004903373688954,187.30099499564108,43.73013591703188,8.058926492340447,47.95667987219787,14.064981947905427,33.49724830007761
TEST_02+6일,8.641937920293554,60.6884312708215,7.0986223544040685,4.038960441639611,1.417451156098393,1.6001069987297012,28.380421581520654,1.4266526265355528,4.125329868026705,1.062469282138137,2.030431725529266,1.0,1.681670989964942,3.949871237953241,28.111366681548795,1.4249466861662,44.16578629427188,1.291230000449789,1.7225253939614382,45.18779552424482,29.15221884468511,2.276905014651689,1.0634207248582153,6.251255325423667,16.07410208699331,1.0,13.86538319744384,63.3713762379491,11.197474452454664,5.571417991456239,4.900268899643661,5.300732100433532,3.4013435403893086,2.238171354878441,1.0,3.691293956266524,48.060327483026555,6.442614813561546,2.3331018367891465,33.68747764578269,25.659891902974117,2.5306828518842606,1.0,1.5046634205568696,1.0740824235503719,3.4874444432563014,1.0,4.5103395197702,1.1752634062837142,4.36114802224453,15.983488138768369,1.0,6.849741895854505,1.0751022063455935,2.45186304457213,1.8059895064134888,2.5119799353282,1.5098865202650122,1.248283328105381,1.2529793775339668,10.241225944366809,15.603840246599253,15.046433022670975,16.78286239010626,10.399655900825586,3.0634521306181046,1.1785704907446566,2.0439591244870066,3.3934886888555207,1.0,2.0055594177389873,1.0,1.0814704292474877,1.3226233147523452,2.9320824997724766,3.0486514217452343,1.0431583317064734,2.449264410092738,1.2130338331801633,3.7873626547625814,2.9961654186001656,1.380035818618705,1.5177537988333432,1.4179317652636607,1.870048109954161,2.0725865443499925,1.2513438961039083,3.3588950220890066,2.9885718362631075,4.634500426933825,29.827237593766647,2.124064818960206,4.691515551898352,2.2979052186012265,1.0840024924681486,1.096145060894255,1.0,1.0294486015839017,22.027820988210706,11.256640573753101,1.0,1.0,5.916640384718967,1.320155249818528,27.38021180478322,63.59586873983558,24.57644395101062,6.335724555158956,7.161102272390079,2.183581605127804,4.424828114065263,1.210388881222423,2.5101868011382527,1.1211777923056694,1.047187696871372,1.4958546003660602,3.4121239125806944,1.8935380771180528,2.2419245734722764,2.188560607248,1.0,27.06883975205531,1,1,1,1,1,1,1,2.391458920979346,1.0,1,59.338310954096954,2.678438707860984,2.0683236165885157,3.555543355180313,2.799201323047047,2.5088893668381913,1.5025031857685611,6.728029942653797,1.0,1.0,3.098497446160598,1.6244904924252987,8.272940898356937,1.0,138.69585699935772,158.3780722801346,9.908109560963975,1.0,8.13031546158859,1.0,1.0,18.56846703540556,4.159212439027122,2.4522809396182352,18.715110665240303,6.937840103928804,1.0,1.0,11.1183804780384,2.541087742809507,6.9456520304662135,3.948516641937986,9.55492508006999,1.0,3.943312646299465,12.198902191066775,4.974903569491431,7.436214385801151,1.0,7.438712199357546,3.940395139666638,2.6516029266079335,10.512788514362967,3.880415988295686,3.9094631057236953,2.3720985814119464,7.433081098591322,3.5366104473728597,48.87163094732236,22.493566172328787,57.04225972891065,20.24860107294453,18.993456117978702,35.788379017508,20.151727988728627,168.82274700569656,75.61388322984212,9.746860865787228,86.59765968916503,25.732079502039497,69.11441796891377
TEST_02+7일,11.099997231516408,14.094562117315293,12.116705762703193,5.829109301139297,2.134425670267708,2.080557019887303,11.862987064712398,1.7855272106771038,5.505764505215879,1.6118742347533044,2.738350573065646,1.0,2.149703481275317,5.290851379612542,36.40568057442664,1.6411973148162429,12.783625360108989,1.7884482863850957,2.507714194827761,12.521975747816999,12.502612909068347,2.7723671726860166,1.519522391382767,1.0,5.468443488505192,1.0,6.831809258084771,31.53213558737467,15.453891160263197,7.764033803686108,5.278445120836871,6.309141087107225,4.017859140852804,2.8306056739470016,1.0,4.589034033555294,63.11135469462901,7.177973567153529,2.8988741614652658,45.42223955634523,38.17595421528692,2.44734246870641,1.0,1.363527488581699,1.3665288243869675,3.606911842243455,1.0,5.046040952471664,1.2498080984593576,5.9629402461625896,19.77952830691503,1.2273271421180962,9.558059314417019,1.2757219201347323,3.6009864567680197,2.3319319137448975,3.4986997828492377,1.7431522783014939,1.5123465315738451,1.3562335105197587,16.930741563192772,21.679044465872682,18.52083163276486,25.89614945304745,13.601680509887036,2.701281574591802,1.6035023240553934,2.337664096141822,4.456974628677159,1.0,1.890743611360238,1.0,1.4317718843485494,1.5511659596713472,3.7285009007907526,3.9346326315351967,1.1700659063659948,3.1033847667786927,1.1761280547619686,4.434595168391523,3.4525730455639323,1.8161356745775123,1.6988521770946556,1.694462499454825,2.6621811319510655,2.270288918975993,2.343638006024317,3.863341496899182,3.4540190676882565,5.972278396431722,26.050391918281875,2.248183088802783,6.446829852937246,3.7436238706111906,1.3862031416335832,1.2853556005465587,1.127744352568103,1.6025796834806336,8.108821522616674,14.827380018499671,1.0,1.0,8.682800151075991,1.0,126.00786152802239,10.04962745521138,34.06025875083074,8.779862343413711,10.430870235732032,2.6039533027183253,5.515738515513056,1.3697455383148633,2.5566640020435356,1.2889388385453833,1.4612807734155224,1.7635080151261888,4.171231127211035,2.2989038622589644,2.7804700785952705,2.798631474611815,1.1533397297617638,20.319964594850532,1,1,1,1,1,1,1,1.718568352200947,1.0,1,16.71795818278614,3.5766573802580393,2.519630800926538,4.847115858659713,2.811908123117403,1.0,2.265777726191436,8.050347473037501,1.1206611080617852,1.0,3.872300232775671,1.58843388361191,12.501103801330355,1.0,53.066382002577456,47.87053684386202,13.251499781090512,1.0,11.167897605966024,1.0,1.0,28.19622960176806,7.517667008801787,5.345206405310033,29.233608468494587,9.674191287513562,1.0,1.0,16.417899424830846,3.9753805348024036,9.10151690150155,5.048890664206294,12.757515908498496,1.0,9.818111291361456,13.140051061923787,12.564223541655789,11.086159997430254,1.9177376925945282,15.912161502365002,5.53801000988943,4.436545800376708,16.12622160737697,8.644977644555293,6.306042762753778,4.088367344273586,11.590689324529093,5.59546353635047,66.83984969094564,32.67512418553777,77.00880230680265,28.62664823394934,29.095059260103184,41.85230137816632,31.454782590393574,241.2290704313326,95.03857124769155,15.850985928147017,86.09255070943763,23.89106816194098,75.73934559876662
TEST_03+1일,8.29410911561632,2.7796739071861967,9.699305404487765,3.802005074220866,1.0,1.7457838631548206,7.98031663871649,2.037039924633091,5.717811931559426,1.0,1.4827339272260665,1.0,1.1832510310569493,3.9517038445312465,24.88249240480248,1.0,8.724317681071756,1.0,1.01998279752722,6.427321696332745,11.43683610684517,2.1985274898009854,1.0,1.0,1.7817332609268688,11.617330590485066,11.27559008612163,27.931930870869685,14.383113617914665,6.757254827761994,8.827150052562327,5.3587792428495185,2.010721590510427,1.4609908210488898,1.0,2.871759626020473,65.17453373296593,10.023392172553297,1.3884671740933099,34.34042098734828,29.8513720009108,1.3324717252483183,1.0,1.0,1.0,2.2031758715408465,1.0,3.268635772476481,1.0,1.9328372899895736,17.033192973110733,1.3265956768765932,6.658975019822988,1.0866190891445138,4.535340715620045,1.7467851959361627,2.219649575696169,1.0,1.088381882453851,1.0,10.74143274567435,14.804507797837992,31.305873611058637,17.242310497309376,16.733564570518723,1.7698665680634766,1.0,1.8795939130434571,3.4039898834020255,1.0,2.8684994324607893,1.0,1.4345069613332733,1.0,5.397313185172483,1.9316388186345244,1.0,3.154857805377464,1.0871122199230219,5.039738015531542,3.758895592644251,1.5065252235452047,1.5921530356493556,1.723418877291517,1.5589721957327245,1.1671285282980515,2.0617079321018967,2.4022686515823706,4.714328645784107,5.967860951919558,3.7922044262685786,1.6412713270358235,4.727550331814953,7.417052659661426,1.0,1.0,1.0,1.1195875794540147,31.01561477456367,8.124865808964511,2.2140210919881964,1.3748860294872531,3.410889150383097,1.0,189.2592522242082,4.705821731418689,45.18586207983668,4.852789561109557,2.4270263508875773,1.1614838725409269,4.169849239791079,1.0,1.5933453219413454,1.0,1.0216181393941863,1.205518859028064,2.120562266733004,1.6707592730821377,3.0484862992291477,2.006779357630087,1.0,1.0,1,1,1,1,1,1,1,1.5543290958861629,1.0,1,23.625039785586274,1.2191289096424038,1.3246774494001325,1.4974226210729686,1.0,1.0,1.0,2.7847845151829755,1.0,1.0,1.5637285722914365,1.0,10.56053888591919,1.0,10.979732449418602,2.875881314277649,14.1204363976887,1.0,13.567788512301505,1.0,1.0,30.633065039592694,1.3233992666125647,1.4588202004105708,37.489703577719496,10.456132423309041,3.4448140607121878,1.0,15.865097508238662,2.615920947840833,9.055473413590612,4.587800157453516,15.398975502102283,1.3194385456972173,1.2740449994997776,17.130862142445814,17.769507477985293,14.835330663278427,1.8818067759275436,20.09058223235211,3.1182776836600175,14.115638771978308,31.68994304421059,26.913270281854402,9.192117635711458,6.3034794935800535,6.99098801228514,9.01415766444104,142.07838228905473,95.59359391794892,135.21510946174863,62.11869506033386,92.59854321966041,129.15575606034196,84.72734884523959,521.5762332669747,107.86677522301233,82.82028099958967,128.52717917849571,29.409230861312906,148.90025951052363
TEST_03+2일,2.9626479418579894,19.89377678603404,3.7549997219483755,1.0,1.0,1.0,17.47050049337884,1.1028089385501936,2.487063742496356,1.0,1.0,1.0,1.0,1.7088550908223634,9.59660213822072,1.0,24.76435779514533,1.0,1.0,24.44899541838168,16.59787834707853,1.0,1.0,1.1050874210571326,10.015570026006946,22.76356410625226,7.987587307438098,12.177866693230596,13.457516657448403,5.041698158375361,7.4087663130184644,4.035893446411792,1.1131212450518637,1.0,1.0,2.275573705295026,43.74246756109639,8.382708299132375,1.144174759549403,28.74693292775145,21.400802943064033,1.0,1.0,1.066579631585506,1.0,1.3736080050201238,1.0,2.3943598047802706,1.0,1.4361464816141378,13.266855166103138,1.0,5.619815089324604,1.0,3.0431640137684233,1.1568043822081207,1.7856928184744334,1.0,1.0,1.0,5.682605765031092,9.295719336854651,22.14193765813591,16.101170843655918,16.036686229682125,1.2457135175100387,1.0,1.0,1.8235257786655847,1.0,1.995096041894468,1.0,1.0,1.0,2.6307318282298886,1.0108002901461983,1.0,1.655111468200763,1.0,3.8362276630831027,1.7225800400764166,1.0,1.0540515742821837,1.0,1.2406634325723258,1.0,1.9208770633968275,1.3203014316439727,2.7418337899457352,2.912526736422774,88.31068066629604,1.0877029329878873,3.0757232445134224,3.7446614186874028,1.0,1.0,1.0,1.0,25.93622437371177,4.433676576565443,1.2259582399368067,1.0,7.50736065952233,1.0,20.835364604443463,105.55107863682227,26.474356919555376,3.5788445837326726,1.4805440621042798,1.0,2.8337554895500188,1.0,1.035855523152431,1.0,1.0,1.0,1.5121395052934863,1.2364283536204885,2.316638528239607,1.080281134560356,1.0,27.7469959249461,1,1,1,1,1,1,1,4.083261832133387,1.0,1,10.30770879418337,1.0,1.0,1.0,1.0,1.0,1.0,1.3348149544645591,1.0,1.0,1.0,1.0,6.57528267659805,1.0,92.93228149795125,96.08585243107741,9.720048853850805,1.0,8.087001022330352,1.0,1.0,21.625505975669164,1.0,1.1416024418643014,26.59303327901269,5.381525534301085,13.530578842401601,1.0,9.56942332274995,1.3675229894788092,5.844589295215492,2.9883380853376353,9.14783231030676,1.0,1.0,11.639357907279226,5.009581589396021,6.4229012940373424,1.6499718949198723,4.20092358629247,4.480464789584327,7.115582148968547,14.212541129645132,8.750469435150727,4.451494357181688,2.1131654854161352,3.1017275202500736,4.958814450271172,106.36871122240136,71.91363769171588,96.75689946300044,23.81386462362561,92.23881727372434,83.1740641479244,66.08659459080543,524.2834280656023,86.41665609687824,92.64809391737711,92.21434887625723,15.925533456886116,92.9335210365288
TEST_03+3일,2.225536495824591,42.608987908770615,2.9434004239531246,1.201671298638506,1.0,1.0,6.354589647824943,1.1622097029595646,1.975708329117625,1.0,1.0,1.0,1.0,1.8585616812867127,8.2191486106471,1.0,26.924061169766794,1.0,1.0,36.78221177307287,7.291218073293573,1.0,1.0,1.9406296320236776,16.875577699733242,6.690384599719317,7.98609679402619,50.07857008613973,12.308191351642435,4.53411863797736,7.307121769096423,4.193763416124454,1.051007472571044,1.013710188262625,1.0,2.5138258378739278,39.33345080549219,7.847910045488988,1.4962761691297826,25.215762032480498,15.899068306973177,1.021553032917614,1.0,1.0,1.0,1.1390008851823599,1.0,2.3933821664651216,1.0,1.510083544134186,12.653650488442603,1.0,4.890160939687924,1.0,3.3958253990455285,1.0674389061252414,1.737196554203738,1.0,1.0,1.0,4.758166805031456,7.611153911142162,16.722288402675716,13.47003652445154,13.548382338922423,1.7290558888302645,1.0,1.1462398481419418,2.487137563017947,1.0,2.320115709623514,1.0,1.0,1.0,3.487137627603645,1.2873639848978493,1.0,2.504601568686963,1.0,3.855702644713921,2.4462805589512557,1.0373343956391154,1.2345042620128632,1.1661239631696572,1.4647661074291496,1.0,1.4914373729101584,2.301694552212643,3.530130858682018,3.8022809105500492,88.55380483378634,1.002117074179971,2.737421233488528,3.268625890337187,1.0,1.0,1.0,1.0,23.655683721022665,3.482476804233272,1.0430567616921491,1.0,3.6708833346325007,1.0,1.6279766860874831,119.6611165833931,10.039036077558222,2.8177374026310726,1.4745019586074308,1.0,2.57457593287336,1.0,1.0,1.0,1.0,1.0,1.24766863212503,1.17528794738463,2.0391006804898453,1.0690358754384577,1.0,26.92867638458807,1,1,1,1,1,1,1,5.312327215153949,1.0,1,27.57340449622133,1.0,1.0,1.0,1.0,1.0,1.0,1.8175112437785983,1.0,1.0,1.0,1.0,4.702923424422609,1.0,143.68601208973894,136.02882115164317,8.319399402379588,1.0,6.723175996287052,1.0,1.0,18.626841687930465,1.0,1.0,24.07107429362951,3.7800861775736685,12.276249062740135,1.0,7.912194096577883,1.0976963980728267,4.681392669745711,1.904373888849117,8.896870760458748,1.0,1.0,11.449799217855777,5.445165204094021,5.00621268351666,1.1855822503566742,3.9725550790286097,1.0,6.795944071403727,11.321733669016249,10.065023449371873,3.5368799259821295,1.088894754418261,1.8954992474250036,3.150442444556103,140.48406415560498,75.31852741925005,117.9725086921473,27.65322168830401,94.85986021493125,102.09959105329442,70.8855663059747,550.2652791085799,99.44191983654301,102.53066863940387,114.14625932483659,18.533729330268827,97.26731852733779
TEST_03+4일,2.763741985589,65.07481723937977,3.3008000153978774,1.483559959107971,1.0,1.0,16.58760713997493,1.2789168629917027,2.5137912121304495,1.0,1.0,1.0,1.0,1.9422005933503552,9.356863058847722,1.0,82.87816259367378,1.0,1.0,86.55469229352845,17.56385233962716,1.0,1.0,3.796032775280094,16.280451094173575,22.584835383628867,9.687475756389228,36.43047396137397,11.861004663838926,4.738952621472141,7.381334042830865,3.8314343112464018,1.0,1.0,1.0,2.182289814558637,42.02523131462814,8.182971399051588,1.54881116490929,20.700489658017485,21.23268047535256,1.0227897413202602,1.0,1.0,1.0,1.079702524441576,1.0,2.2379725891593454,1.0,1.467674187813997,10.215344604867898,1.0,4.661514412260337,1.0,2.8680796992167616,1.0780102729331746,1.523059329095083,1.0,1.0,1.0,4.947225950769603,5.841774094734251,17.033213209557065,13.414479632496104,14.362400123633902,2.301226336325734,1.0,1.4161258337132305,2.6395671270031613,1.0,2.2290996159969056,1.0,1.0,1.0,3.6323556085995365,1.4189286010280715,1.0,2.471920736151109,1.0,3.181025790296258,1.941572855435299,1.2054548382293477,1.3250396208778485,1.0,1.6456415172260188,1.0539182441440476,1.611886321266122,2.1903996307373443,3.697706430053993,4.8625867361834025,62.35787411436484,1.0,2.6911012899814923,3.39686626749931,1.0,1.0,1.0,1.0,26.762906012299112,2.721452856035744,1.0398321824838477,1.0,4.123499893811491,1.0,10.461294401518796,104.87157485987026,6.910152412675806,2.496562343953376,1.5138385559031187,1.0,2.2513261047215263,1.0,1.0,1.0,1.0,1.0,1.247598700491711,1.0336443666067505,1.8763532513097396,1.1009777912507304,1.0,24.532618661912878,1,1,1,1,1,1,1,4.497081706748147,1.0,1,22.439958594803777,1.0,1.0,1.0,1.0,1.0,1.0,2.1430564102563365,1.0,1.0,1.0,1.0,4.45288034304841,1.0,122.43355801720536,127.29786028871968,7.672540921147844,1.0,5.654581295001006,1.0,1.0,16.813883891303277,1.053730458832874,1.0,20.57451948548292,3.4763397320269194,30.123019471460772,1.0,6.361151547906855,1.3934012490658323,4.198090577567381,2.2196339219279495,6.726565483446867,1.7877108425568482,2.52342439143084,8.016578080816176,4.590018779746966,6.651837297062584,1.0,4.92021897643398,1.0,5.596050230570926,9.21994031879344,7.4270674137929715,2.736673897784632,1.3600159016962619,2.856709826029639,2.8037115565274173,139.33598279160674,74.75381081560585,114.94674838185004,34.428839151995064,89.03067307090889,101.76977476362056,69.4116714203254,559.5296309426318,93.90532208821818,95.06199457369722,103.74423778838427,20.286807898819806,91.29699572418217
TEST_03+5일,4.282688406224704,67.08396490136501,2.7447274624456437,1.442096862041656,1.0,1.0,28.72551922119328,2.22632800030355,3.1550095826393574,1.0,1.0,1.0,1.0,2.6192160935857536,15.501736031422634,1.0,62.03494967846457,1.0,1.0,61.91041794040802,30.431231781987577,1.2514565496857388,1.0,5.952425810622001,31.799183259205147,45.270725298896245,7.588173256624428,41.42331183270426,13.548957775209276,6.306514301597761,6.981258391210994,3.864934878590499,1.0650405625300472,1.0,1.0,2.263876052898611,49.76444082421587,8.393572529232197,1.6634889934277455,25.457030709463954,25.493503592246512,1.2767091728588755,1.0,1.9958798654948986,1.0,1.497982393433339,1.0,2.7522363051013645,1.0,1.6956758694973635,11.242243737911732,1.0,4.9778048746079016,1.0,2.885856021207452,1.2109867609471379,1.4353197815641585,1.0,1.0,1.0,4.765095830257755,6.0826785774530325,17.621510310316136,13.188597942812434,11.970176292204481,2.288990698752805,1.0,1.3917859690682954,4.895373979121057,1.0,2.6578757742966466,1.0,1.0,1.0,3.813292174972111,1.5658830440881215,1.0,2.9032781423317644,1.0751162762553823,4.285617067169859,2.3149643832231535,1.258619634414834,1.7175495938541758,1.0082501005963798,2.1242248448332868,1.264061145836696,1.5427765826366002,2.396530901497405,3.569163103860018,4.663720761803006,84.69760585095369,1.0369333639312335,2.950147500175287,3.904465409081576,1.0,1.0,1.0,1.0,19.02390067483222,4.89777273843058,1.1657569256093603,1.0,5.665451963084732,1.0,17.8786005647421,107.30034071815263,9.365410864713782,3.4022834504779214,2.4249021076732644,1.0,2.341190337671874,1.0,1.0,1.0,1.0,1.0,1.697044115759448,1.2218301322282392,1.8507739122192834,1.1453258551091252,1.0,60.82163916482742,1,1,1,1,1,1,1,6.042076950820689,1.0,1,30.02758419814702,1.1556340869485058,1.0,1.1155697609883346,1.0,1.0,1.0,2.0009156558342456,1.0,1.0,1.5459249975660536,1.0,4.973898002094188,1.0,138.01536149055354,94.8323729615962,8.097406778459868,1.0,5.298969877873846,1.0,1.0,19.1915172333481,1.0,1.0,22.871608056361627,3.785277243084371,8.98835272749008,1.0,6.134137375483683,1.161863170352678,4.991523059113268,2.4695571417683313,7.04217571437764,1.0,1.0,9.482938569222652,5.89960786292559,10.014758231954488,1.0,7.826869984593699,1.0,6.192995531205195,12.153075707966652,7.025880566391894,2.8796186848689,1.6751753740809685,3.7516950327329104,3.4245616513827164,137.05110797299983,78.60531113626745,126.77618417614684,41.64677399527802,103.49855357278716,108.74061597598057,74.24278291488031,539.0914975616489,111.44423477894215,93.2451798147481,147.3209465912626,21.2576412422121,122.67457743577124
TEST_03+6일,6.236121408710966,38.37975843166956,6.908984387319977,3.1283174875040727,1.0,1.838046905250243,20.284344729725365,2.9965747571817243,4.387930684494481,1.0,1.701320756516466,1.0,1.194209169946691,4.15241341456692,24.025213871177126,1.4528313927382097,40.41749437147011,1.1038850685731794,1.0,45.02659003116597,19.620707727091045,1.8444322368770463,1.0,8.121957409419103,30.236709953218075,25.203512966530102,24.495736761694737,75.15502539140357,13.820358309465675,5.95502051236021,7.304726929802423,5.163225480249278,1.8566926961045833,1.5750828235570158,1.0,2.9248567272721853,55.00103090971612,9.276466259608458,2.421307046083679,35.05926077488725,24.837075935720875,1.1521521618752915,1.0,1.2296150078002832,1.0696858755463707,2.2913538323415876,1.0,3.7100073517519303,1.0,2.2040520128703984,12.381192683371058,1.3047986732281565,6.624392883500155,1.2323443970996744,3.769265134853062,1.8540995270223322,2.283639221878742,1.1686458535403021,1.2965223533355958,1.0,6.46939029078797,7.960078527427823,19.142017381196283,16.299702427231594,12.972352940777398,2.4139198009422884,1.0,1.8292892888497032,4.207559743643817,1.0,3.6501368746390632,1.0,1.3307648001146613,1.0097481340268488,4.666817051354639,2.115476766088108,1.0,3.1063672043371686,1.5195501426339706,5.00530841940641,3.406207490197632,1.8228039482594762,2.3683673463218087,1.8139470096449906,2.9005418249835393,1.977768486804468,1.7206853789719374,3.272356581241197,4.880919172796677,5.5409194656369785,81.50582175342048,1.643538391687282,4.436910009832669,7.060647289216723,1.0,1.0,1.109223464110989,1.2880926386870264,29.72488376589352,6.7304139181649685,2.1196483660085623,1.472637195983047,5.9284902468323475,1.0,13.489695553849305,90.02468141725396,16.841229414917002,4.655867199449069,3.7651455127943336,1.597851372934846,3.7468530670372586,1.1811702922219887,1.7021297102251012,1.0259792041789102,1.116562487319839,1.1857302873436506,3.163158654874925,1.8970220975004404,2.6514822822114237,1.9479754689000461,1.0,34.141525190598735,1,1,1,1,1,1,1,4.380844639919893,1.0,1,51.90194050200542,3.129166624847957,2.3172399811543087,4.206682176102025,1.6887747774272663,1.0,1.7615318430267253,7.6470779906178965,1.2362173842638238,1.0,3.8779671106798994,1.5923047828130232,6.690011271938115,1.0,176.0626921570368,112.3107018101989,9.699323228730263,1.0,7.978283885250432,1.0,1.0,23.41716887978877,1.0,1.0,24.870060012973536,5.38763394703944,8.2752375438665,1.0,9.476115530286702,1.6177861327040766,6.304731415840226,3.5450545075912263,9.319641529798954,1.344516680322923,2.819265716642684,12.681129813836032,7.356053668730489,12.125158788026559,1.0980544835329056,10.774822256461636,1.4408391416767077,7.651949640586004,23.477927158106077,11.007853984409554,3.69301784433733,3.020490858563309,4.148065290730893,5.035382206176346,132.27006167646076,79.55052540455134,115.53498067754118,42.37557441894373,99.50126892131017,111.25384486002382,79.05769728831075,554.5750402221847,102.59902821760019,87.1095370569535,120.7611520443827,22.827790625467422,126.895168011182
TEST_03+7일,9.19909033628105,4.5534742327514515,9.713134623755511,6.094386077550325,1.107851803755732,2.5822707951235477,12.381485507275462,2.638204667284264,7.076781369676321,1.0,2.3282010973238365,1.0,1.6615460503275106,5.377013419982619,30.611692699584495,1.542117255609647,15.533618729781493,1.6840007348775952,1.2952891195642195,15.831997441828682,13.01479798846935,2.5496367007230933,1.0,1.0,13.688466839173937,5.76633118791076,22.915966077165173,51.80369326673083,16.08168140617721,8.116894385442766,9.135254189416967,6.2061245868116455,3.026244411575544,1.9665662125445837,1.0,3.519906850971423,69.82417710269442,10.935579263634171,2.8540269014786066,42.721800075722605,30.91189753796229,1.695113081850941,1.0,1.226498595611075,1.744998114315664,3.0799601780037773,1.0,4.524939002302343,1.0,2.8274699050837113,16.204156680053682,1.760698517240054,8.15357870661115,1.8393195408723182,5.525255325917244,2.5924618625120526,3.4831255991683174,1.4029929531178404,1.830552347557984,1.00958162539814,10.887572064927381,10.777525541332196,26.165706850754802,16.82064066923614,19.297892807070795,3.3840906579444363,1.100021336934684,2.5317131823637884,4.787273376130631,1.0,3.825552710334728,1.0,2.044384279074952,1.2794287202320027,6.692775357461054,2.5295596819555595,1.1447822262278884,3.8006239998344706,1.7033817266547162,6.495138788138096,4.099763593854156,2.2864337965431325,2.5060407317385764,2.8441457241567556,3.5890812392780367,2.1687527057094016,2.247301507222219,3.5176539651260468,6.395107290331591,8.337184869989127,1.0,2.1182196395411212,6.029634166640802,10.308007257848427,1.2944468199572372,1.0967194981505435,1.2574145452627088,1.7229684120187825,16.270868442470828,10.919576641135993,2.8027085183580565,1.9344233012945282,8.317041693305185,1.0,154.7393013649487,6.340686592877226,25.04201799500929,5.9257572177052324,4.511050567159127,2.241812384078861,5.302144947077353,1.4829719052424917,2.344182481051894,1.1957980203533223,1.4048254503080913,1.6773799876003364,4.037709609822859,2.2430183220739526,3.6782513653241895,2.9032189207100743,1.0,6.7968952515709145,1,1,1,1,1,1,1,3.123052576383241,1.0,1,15.191858577052932,4.989406049859797,3.4649634635472424,5.573476695718163,2.215679352072054,1.1425404692322012,2.475287238917441,10.620387227529179,1.200177000549608,1.2790550431184393,4.974268792228331,2.379304384896848,10.540916763106011,1.0,60.324820295979215,21.985915884660706,13.394597741197419,1.0,10.469833096520809,1.0,1.0,28.408436371615842,1.3330959368034798,2.127514930768271,31.519089899266586,10.04862665622644,1.7636304935473455,1.0,14.086943619795335,2.460612433546897,8.834167506260425,4.91526077958167,12.685164972430481,3.050362954795494,3.4005228292328926,15.605046234674528,16.11102522158278,19.855663011068323,2.0826588571071625,18.71312666344127,4.067021528331948,11.206143237633889,36.8893593840922,19.894315205968823,7.809975975440762,5.079461093193429,8.803543928742354,8.908848936937083,152.73711740043865,90.3227247602662,135.17297045184722,64.58809606458865,106.61683658531203,127.36294940745822,84.19057311991057,597.0604780449478,110.35682764210807,88.52846157100272,112.11953529326362,27.735988731274233,122.98550144196683
TEST_04+1일,4.485926055747816,1.4002699961295553,7.2717899189303905,4.237716353026259,1.0,1.0,1.3768851284044585,1.0,1.1403121377773668,1.0,1.0466149522571349,1.0,1.0,1.0,1.0,1.0,3.0927945090065885,1.0,1.0,4.0831250199935285,1.8132436654451383,1.0,1.0,1.0,1.0,1.0,3.528862040734889,2.139402547270027,13.196611756147451,3.583333006007546,3.730003052917902,2.283734564997776,1.332079424375772,1.2653597722039356,1.0,2.7777135502421055,26.603550192709832,5.513483522891993,1.4501387915773176,32.43022895064317,13.017596478696737,2.1455361772310786,1.0,1.0,1.0,1.921009590665455,1.0,1.7110212079015383,1.0,1.948044024200556,8.801586901868507,1.0,5.889388382041559,1.0,3.2662545915741683,1.0,1.6054269144746902,1.0244775527500425,1.0864795253129966,1.151072832361098,8.919335807090363,7.280930167776769,12.418378343847694,11.16475469459897,8.050644356914336,1.6381400387580944,1.1453650274678542,1.6725087586813343,2.8277952785602105,1.0,2.8517214641318867,1.0,1.0,1.0437992371968112,3.6622267795469647,1.2127425865931243,1.0,1.8025496841126487,1.2739634761075238,4.633383089955578,1.2797440744925899,1.1050308180176478,1.0,1.0,1.2147315804440124,1.9275284829111083,2.2919354043124,2.42498422501859,3.0157590590089063,4.433769642191127,1.0,1.3107716961232485,3.4520175069265506,5.844945550756098,1.0,1.0,1.0,1.0,19.475252361499976,5.512042656107708,2.033470241076537,1.0,6.517463022075734,1.0,150.39428462645594,14.361517992779556,34.68640352382485,3.8090170176156106,3.4856134847818567,1.0,2.2832426150783736,1.0,1.6764201047029812,1.0,1.0,1.0,1.4132135500736291,2.008407347465041,1.5013627552422322,1.0723002830870765,1.0,14.459592823481275,1,1,1,1,1,1,1,1.0,1.0,1,3.853388616820343,1.0,1.0,1.0,1.0,1.0,1.0,1.1163941622762517,1.0,1.0,1.0,1.0,5.4556248148006805,1.0,7.598391363443569,16.7347142952475,7.128905281526001,1.0,5.794539070291179,1.0,1.0,16.836737282580795,1.0,1.0,12.017546218431686,5.20630731366572,3.8480342827755183,1.0,6.970776253598746,1.0,5.5419031854806065,1.3558167104709389,5.98214211784963,1.0,1.0,5.902044992052905,3.169746925123036,3.593303687637672,2.009935699403286,2.5915666040964425,1.0,1.934944337233901,6.310931369662285,3.8497644122689962,1.454757247120142,3.3942479178470273,1.6746196132153273,2.5964249968528748,5.826643321663141,8.44155764579773,5.905921004712582,3.5488340109586716,3.7033264450728893,9.66054722853005,7.1000551879405975,37.23297547549009,4.054722290486097,8.908348716795444,1.1368368146941066,5.835218361789398,7.694063996896148
TEST_04+2일,1.5524500700737627,16.06617243509885,1.8455054800543798,1.0,1.0,1.0,9.225022245056008,1.0,1.0,1.0,1.0,1.0,1.0,1.0,1.0,1.0,22.329922317137886,1.0,1.0,22.861058937294104,9.228394590575046,1.0,1.0,1.0,19.93388619365939,5.216538696951331,1.0,5.737945428199771,8.208675661200918,1.828586534392943,2.427072720373532,1.4649174354675536,1.0,1.0,1.0,1.5115110990896763,7.95056698913989,2.8907477265066914,1.0,13.892864126607725,8.513503218338801,3.8269494425519857,1.0,1.0,1.0,1.0,1.0,1.085310963959262,1.0,1.1702073243235138,7.801753036830441,1.0,6.176994816657116,1.0,2.1066197581260537,1.0,1.0,1.0,1.0,1.0,2.567058263634698,2.9780104278888397,6.43450026689111,5.062974145984364,6.407774269666646,1.0,1.0,1.0,1.0,1.0,1.0,1.0,1.0,1.0,1.0,1.0,1.0,1.0,1.0,1.1621644692765822,1.0,1.0,1.0,1.0,1.0,1.0,2.4503404750885056,1.0,1.114877558547799,1.0,39.60604978281278,1.0,1.6288664723175088,3.421661829467511,1.0,1.0,1.0,1.0,14.932756415912277,2.8279563535792454,1.0,1.0,4.3345653219524705,1.0,6.270037265450713,77.98751411485307,15.995764422076064,1.9693779101796824,2.3775721264939556,1.0,1.1810039108223533,1.0,1.0,1.0,1.0,1.0,1.0,1.2831436027055225,1.068663484331594,1.0,1.0,20.849397884853264,1,1,1,1,1,1,1,1.863645503439961,1.0,1,11.895360636969762,1.0,1.0,1.0,1.0,1.0,1.0,1.0,1.0,1.0,1.0,1.0,2.8124795673249836,1.0,75.65278150166927,78.88995258115173,5.092149111199836,1.0,3.1182995211668416,1.0,1.0,9.06406225303384,1.0,1.0,9.026971325586267,2.4406552087934625,7.018582096575907,1.0,3.869030842805948,1.0,3.3784213484201375,1.0,4.248123533777214,1.0,1.0,4.3816817682790035,1.1883698895690031,3.749487734399736,1.8004032522439957,1.0,1.0,1.4623722899705172,3.7025246769189835,3.1303905425593257,1.103654321283102,1.158809428361919,1.0,1.972235195338726,3.0627624057233334,1.922610104084015,2.348972177132964,1.0,1.2397176045924425,2.9375756476074457,3.318058893084526,21.92025041207671,1.352229991927743,7.11567085236311,1.0,3.03923828086381,5.33028888143599
TEST_04+3일,1.2119896709538023,21.95219677099973,1.7408266911297057,1.0669919314797833,1.0,1.0,3.644889807259612,1.0,1.0,1.0,1.0,1.0,1.0,1.0,1.0,1.0,26.967903286629127,1.0,1.0,15.388964273261397,6.736517661881512,1.0,1.0,1.0,10.670021001053458,8.474612469886505,2.579108157284565,52.85060710190635,7.152700757853808,1.519665152457347,1.4999795469183423,1.5491863407480042,1.0,1.0,1.0,1.80346034834744,4.130360948507265,2.655834509726895,1.0,13.10834201859506,2.4459588689167933,1.8465456481313374,1.0,1.0,1.0,1.0,1.0,1.0789400908553741,1.0,1.0,6.825607676664033,1.0,3.5475602411886293,1.0,1.787971222089966,1.0,1.0,1.0,1.0,1.0,1.0,2.3903535558248294,4.168173999264874,5.880186843811806,4.207287156096382,1.0,1.0,1.0,1.0,1.0,1.2168865613769293,1.0,1.0,1.0,1.4575894847287363,1.0,1.0,1.0,1.0,1.4508663731991058,1.0,1.0,1.0,1.0,1.0,1.0,1.574579528751593,1.0,1.7249827705533178,1.8092896598243327,54.30800169064222,1.0,1.454836186111125,3.036991211602021,1.0,1.0,1.0,1.0,11.094002655796322,2.549610932909692,1.0,1.0,4.71523618188899,1.0,1.0,40.28758862329349,11.484904771129386,1.4512494532715388,2.998981167663907,1.0,1.1714937724275214,1.0,1.0,1.0,1.0,1.0,1.0,1.240888274603937,1.0,1.0,1.0,13.489676781421867,1,1,1,1,1,1,1,2.5295442141314206,1.0,1,19.448686536275098,1.0,1.0,1.0,1.0,1.0,1.0,1.0,1.0,1.0,1.0,1.0,2.308460579090543,1.0,89.92229686272645,86.72537467816281,4.3961148003385535,1.0,2.3317029666962585,1.0,1.0,7.604444924069655,1.0,1.0,7.103911418954476,1.791566243191513,13.487492252495645,1.0,2.579048254490464,1.0,3.4263908091458406,1.114404602053399,3.895735633497994,1.0,1.0,2.336944851006717,1.0,1.9881744218291715,1.3339969664812088,1.0,1.0,1.0,1.9120428711175919,2.3668575240299106,1.0,1.0773614033423728,1.0780061474069953,1.1486959755420685,1.0,2.478362202644348,1.0,1.0,1.0,1.0,1.0,11.126746167428792,1.0,6.412206776440144,1.0,5.9214266643414,3.8841913137584925
TEST_04+4일,2.4803696281018306,12.613774448519763,2.0408490692655215,1.0505738408253422,1.0,1.0,13.938149373900552,1.0,1.0,1.0,1.0,1.0,1.0,1.0,1.0,1.0,38.41632896359954,1.0,1.0,29.680588443272075,17.77091112120177,1.0,1.0,1.7084584451841662,25.643878708409343,4.941810113839568,3.6355811997945877,56.07415788933612,9.910911062895742,1.6602122397907206,1.3252491791535428,1.3905168332054312,1.0,1.0,1.0,1.3973719974977055,5.809647037200078,2.6081936653538724,1.0,13.745291176404937,1.0,3.018820017855606,1.0,1.0,1.0,1.0,1.0,1.0,1.0,1.0,6.437251592079641,1.0,4.702937688448785,1.0,1.3266623040885535,1.0,1.0,1.0,1.0,1.0,1.4570980892089338,1.0,3.564275290704359,4.087854176888472,4.997518784290916,1.0,1.0,1.0034323956558586,1.4776595150703467,1.0,1.4157877672835384,1.0,1.0,1.0,2.2593491306794578,1.0,1.0,1.2162602207438402,1.0,2.1106357948126755,1.0,1.0,1.0,1.0,1.0,1.0,1.1756896391089215,1.169209984651883,1.9686872419792818,2.4844183354693623,68.03359871993683,1.0,1.0739709474953751,2.6491341957971297,1.0,1.0,1.0,1.0,9.432874417380033,1.8509555330550138,1.0,1.0,5.733622937988265,1.0,1.0,43.6301381877604,14.859257680576471,1.2056363414823499,2.2600182506869975,1.0,1.167301341299742,1.0,1.0,1.0,1.0,1.0,1.0,1.0,1.0,1.0,1.0,40.10761120330364,1,1,1,1,1,1,1,3.2057005326054595,1.0,1,20.898609880331414,1.0,1.0,1.0,1.0,1.0,1.0,1.0,1.0,1.0,1.0,1.0,2.1978442694201976,1.0,87.65548160654815,97.79991247567915,4.266684859380716,1.0,2.030627728356976,1.0,1.0,6.832513676740017,1.0,1.0,5.1560095336580165,1.3837683540290868,14.940255586242474,1.0,3.123530915811765,1.0,3.0400595232309167,1.3433549582292774,3.457419159603192,1.0,2.115310492272588,2.4814466266959214,1.0,2.9668345253448933,1.0778444185853004,1.0,1.0,1.1413879450410604,1.4221156015992165,1.7454497320577502,1.0,1.0129468053285022,1.4544015862047672,1.3906162530183792,1.0,1.4834096431732178,1.0,1.0,1.0,1.0,1.0,2.6663436752278358,1.0,3.7918408401310444,1.0,2.5638909720336898,1.9015654502436519
TEST_04+5일,1.99308600992216,57.985123460964914,1.5379844252180241,1.1232913110011078,1.0,1.0,27.45219841707261,1.0,1.0,1.0,1.0,1.0,1.0,1.0,1.0,1.0,62.007012787103314,1.0,1.0,61.3896588926845,26.47366716524516,1.0,1.0,1.0,18.001443722524566,13.601258997128575,3.5350037257370177,35.63599454065432,9.31016566994759,1.8123865204082699,2.021788729604882,1.5265266439264669,1.0,1.0,1.0,1.7344470875055926,11.588286690242917,3.1098545623076244,1.0,11.989835583937154,2.9133280887117907,1.5400714448972719,1.0,1.0,1.0,1.0,1.0,1.0016450238491839,1.0,1.0875659264054893,6.015209265338246,1.0,4.953712359496618,1.0,1.6106659323349988,1.0,1.0,1.0,1.0,1.0,1.6849385981284448,1.0,2.798012223188759,5.068835606681798,5.360436351456197,1.2764044354863895,1.0,1.0,1.4950390265586533,1.0,1.2731402043462343,1.0,1.0,1.0,1.8247561780059738,1.031282733542391,1.0,1.1455327002609068,1.0,2.2325385239959203,1.0,1.0,1.0,1.0,1.0,1.0294628038433191,1.0,1.4019317278262586,1.871803082185051,2.2733759146211767,74.33278173600337,1.0,1.2977682709723726,2.6052343539359453,1.0,1.0,1.0,1.0,9.824109394760349,2.2484757206278863,1.0,1.0,4.465263972272861,1.0,7.737933949189211,42.34180930647127,14.956330249844068,1.5177707225203745,2.3244480887669035,1.0,1.0,1.0,1.0,1.0,1.0,1.0,1.0,1.0201893158676378,1.0,1.0,1.0,57.464311602784164,1,1,1,1,1,1,1,3.653980890465502,1.0,1,39.73854563246366,1.0,1.0,1.0,1.0,1.0,1.0,1.1957304508544138,1.0,1.0,1.0,1.0,2.8929130601903155,1.0,105.61347268684062,114.5762015269427,4.51794890043551,1.0,2.0620704908905907,1.0,1.0,9.313194968255285,1.0,1.0,6.267718943923389,1.8987791662923943,7.746893380321992,1.0,2.114324161641723,1.0,3.3823025866804963,1.8003865142635909,3.36121971825898,1.0,1.0,2.278984893431267,2.1510930731892586,5.113970024278387,1.0047955065965652,2.2006605039350684,1.0,1.6211301935836673,1.6162735037505627,1.8661525156348944,1.0,1.0,2.0220344457775354,1.7445352971553802,1.0,1.7191593199968338,1.0,1.0,1.0,1.0,1.0,2.4461648671422154,1.0,4.376362077891827,1.0,1.6927681157404242,1.0
TEST_04+6일,3.322859137506999,21.893920714937032,4.062285519183794,2.5172032629814654,1.0,1.087302553158089,16.050323015934463,1.0,1.6150583767756568,1.0,1.2279848316062307,1.0,1.0,1.0,1.0,1.0,49.50211248418449,1.0,1.0,31.558802452146885,17.445721661537686,1.0,1.0,1.0,34.515935338588115,14.020229554706402,11.978500850965311,81.80444515013393,10.587019345658927,2.083892968579912,2.7282738485362237,2.6995602703509416,1.4271807955256053,1.4225453738049074,1.0,1.832230157428781,21.809237695815664,3.563323548592367,1.4965296354398157,28.946198621423676,5.0601690876632395,2.6550857380817026,1.0,1.0626570559506807,1.0,1.9696686820045917,1.0101234880266738,1.5280402753035824,1.0,1.9824759061488761,8.386063607616922,1.0,6.272454917323776,1.0,3.3314350088178917,1.0,1.5733986148002432,1.1631747135651223,1.2721545718723886,1.121545327608822,5.9619078115953705,3.990020329505286,5.490379572604454,8.041475727307294,7.1398814299120925,1.2021752848210479,1.3692367744828884,1.4752774857098214,3.0057944638379173,1.0,2.4714930042417507,1.0,1.0,1.5410559167477251,2.788157048535588,1.4507284978543642,1.0,1.6804029083188454,1.4375090564995565,3.218087062599057,1.324407487337473,1.144906110347553,1.1573896201327765,1.3012332117891956,1.6377700345091604,1.7753144291315073,2.1915215046208685,1.9195700742148663,2.7956206509843615,3.620522097203346,80.8532512279627,1.211403334739197,2.820346543491901,5.534799109812969,1.0,1.0,1.0,1.0,13.870923799255023,5.606465046242927,2.033762381107347,1.0,5.923595007745151,1.0,9.571348458896736,39.544844997437906,15.746485994005363,2.7581840494325798,3.4875578966942955,1.334101836081985,1.9205009891835585,1.0,1.4339999365255114,1.0,1.0,1.0,2.027470049402779,1.6713050022613951,1.6674680049525685,1.2420832645297868,1.0,25.248927694739145,1,1,1,1,1,1,1,3.012645227570982,1.0,1,57.551490289532474,3.590614698905607,1.7062346281695007,3.8133887614117548,1.854698338833526,1.0,1.061595876367257,5.106271776539759,1.0,1.0,3.0975798073454497,1.2265801725111947,3.5414902141977063,1.0,161.70922276654198,91.05757537313362,5.4387440859087395,1.0,2.805553538141079,1.0,1.0,11.128201024795864,1.0,1.0,7.4122464711895155,2.623748387313854,13.43282762992212,1.0,3.7398090615842863,1.0,3.520276484782854,1.4075170965891142,4.0357778288455926,1.0,1.7035419543772046,3.9916089880946934,4.104324351064861,6.778411860577762,1.286268800497055,4.372272517997771,1.5882603922477143,2.1678540129214525,4.210765063762664,3.378381786402315,1.3173674885183573,1.270769995565498,2.407481510192156,2.579770378768444,1.5808633966371417,1.0818171054124832,1.0,1.0,1.0,1.0,1.0,9.031902579590678,1.0,4.288523085415363,1.0,3.953851551089925,1.5643402920104563
TEST_04+7일,6.209939959711226,8.630128781628144,8.970398176713495,5.352536854259709,1.1696689823046567,1.5795334974436972,2.3835914927121604,1.0,1.6950331508289758,1.0,1.5588102695125374,1.0,1.1253910746266755,1.0,1.0,1.0,16.87886896116829,1.3098749635971674,1.2617641152218224,2.652424065108335,4.182458769888012,1.2022429925517275,1.0,1.0,4.987636540740053,2.541545983414231,16.514359289472527,37.36038077680767,10.843823670935002,3.0543464264865303,3.4964106089185636,4.134434868083671,1.8874774085937398,1.679073446746823,1.0,2.2720470673299786,33.928049357633505,5.861076220343432,2.3233162698373055,35.75856375205328,19.41621252728942,2.196872612212604,1.0,1.0,1.0,2.8372261587980576,1.2996145191771515,1.9153306766836566,1.0,2.3982072662908323,9.764729459031546,1.0969093961852465,6.6975277907181585,1.0608515326430914,4.640221236333939,1.0960464336632472,2.3272903181575804,1.4213270855777278,1.7606778326613435,1.8287700030854166,9.273844455135583,3.1323537842039944,8.424988547507498,9.36262739052934,10.031278574612031,2.108681037696278,2.4216007377795616,2.1443405094725616,4.615523153062548,1.0,3.0647009232036524,1.0,1.3273186563162462,1.8131952694173303,4.2111537684405285,1.6053727509421107,1.179143494204391,2.4489780983510734,1.7223271523177626,5.446687714658807,1.833728840349413,1.6314029074154712,1.3299830816229485,1.7256646304499095,2.647884189261742,2.7725488940840295,3.4878331111153704,2.510666250141628,3.915886318660188,5.134368272166807,6.633346657350993,1.6478564384746879,4.773187096095542,10.075526714974647,1.0,1.1473761120736115,1.4696196329667195,1.1282258682607393,12.491467687922396,8.972493885072886,3.2528945934831275,1.089310959109527,7.073052008429893,1.0,139.36470836208204,3.2833601398593006,18.517723751815613,5.399297068356315,4.612361577331546,1.5289837913554905,3.2198127949646067,1.2663452717749775,2.3230950762326597,1.4628582827361323,1.9374488677672785,1.3336705283610641,2.47953285207147,2.7084541245651246,3.531674331040417,1.9887430587914825,1.0,3.99438108507205,1,1,1,1,1,1,1,1.3752267952524408,1.0,1,16.212859678859417,5.583068372628605,2.561872747488658,5.5133387074799485,3.64926242887036,1.4230675009691554,1.5900511813414426,8.127214204588075,1.4212823846744542,1.1011746419998538,3.874188301129929,2.3853114719160007,6.8120073177321405,1.0,70.79196358276697,3.4806588201140607,8.683977775708115,1.0,7.401598562489633,1.0,1.0,14.789183805961766,1.0,1.0,10.798013467061296,7.1328214565327315,3.5916417766796793,1.0,8.981025745450516,1.0,6.6871175656653,3.107903824904241,7.816907458428601,1.0,2.5314322125316817,7.785215430916798,5.777106927707791,9.41847050562501,2.294465482234955,5.916489517316222,13.198648206189217,2.470219289883971,7.7368345856666565,4.387201756238937,1.8148114308714867,2.804683481900981,3.0016629584133625,2.9509533047676086,1.0,4.499075174331665,2.3877651672810316,2.3082074224948883,1.0,2.8116287598386407,4.10878099501133,17.3809115588665,2.2128304671496153,5.397566221654415,1.0,6.247440221173531,2.2872863095253706
TEST_05+1일,3.0082313208295632,1.0,8.533307061241887,2.0795247853236685,1.0,1.8394406607481346,1.0,1.0,2.544444779324232,1.0,1.0,1.0,1.0,1.0,1.0,1.0,1.0,1.0,1.0,1.0,1.0,1.69608776192649,1.0,1.0,1.0,4.301617466701453,2.4969751523146346,11.558904266527147,16.744490534248815,5.178141395086731,3.102998480995272,3.171655807435741,1.9099868812527776,1.4831680059902863,1.0,2.4426867125165512,37.72483865557714,5.793982096238773,1.914438165541917,29.582091100852328,26.318521276954648,1.9750668304020662,1.0,1.0,1.0,2.4387602907856136,1.0,3.33492619511478,1.0,3.723309932715406,19.107828199502812,1.237775778781133,9.102784206348298,1.8384330217469562,1.8707054369526497,1.0,1.0,1.4398610916104893,1.0,1.297813557819137,25.11405499797913,11.438847674477298,11.15590625045914,16.51974265631333,5.354298324676911,1.474023994080797,1.0,1.5992113560395775,3.9570961871134767,1.129624677951694,2.4389508613106186,3.121304275346133,1.0,1.0,3.0992169535278915,1.1026473568590056,1.0,1.6268308638946052,1.1983991747948237,3.0336305669851944,1.9224670948240274,1.2305380777573889,1.1727615051689666,1.6024759609444632,3.1655938293712937,3.280437759383684,2.103571099226068,1.9977000943897545,2.752072383368304,4.280771923394711,1.0763190034890717,1.7515757075418446,5.285116563012352,8.24079806194652,1.0,1.0440458086437479,1.0,1.0,13.920949795745871,6.91322014723682,2.236899738408459,1.0902544399885097,1.2694503856002055,1.0,121.90641845584082,1.1309653561081896,50.4807782768019,4.652810281084042,3.8174361385338793,1.4939612291998405,6.227174674369145,1.0,1.4543972388033641,1.0,1.0,1.0,3.2631104179514145,1.0,2.245980235776166,1.5730433140756217,1.4245813974075714,4.721126941673404,1,1,1,1,1,1,1,1.0,1.0,1,5.005588913035317,8.504644949565494,4.009396144445598,5.041079812087029,3.140162451940337,1.3175715020907652,1.9920161507432927,8.878678103674268,1.290932186115499,1.2267428201672477,3.312256602120443,2.227181103142951,60.097180621503064,51.70757985473229,1.0,32.18251316389078,79.6193006654814,47.68690844661405,50.64166129214264,8.586019042879343,3.872850583994953,178.93869526918184,95.07206783498955,87.25503681970791,74.3482481540872,35.029828812580305,1.0,43.79908408393958,69.36746749454096,8.603069969596746,48.704035512289586,26.99770530127998,87.67529821118832,62.64961998807789,22.485800854505605,1.0,463.7937156332511,258.8786353853237,71.83735156741696,230.62583333504176,44.66245142185489,87.87294308777336,83.75584619302745,165.08171791218308,51.34903684393838,8.99700461880554,116.46788344157913,72.16472809827488,1.0,1.0,1.2350354623049498,1.0,1.0,1.0,1.0,2.5544297927990556,1.0,1.0,1.0,1.0,1.0
TEST_05+2일,2.6511133171901307,2.425703600049019,3.2494947840249884,1.0,1.0,1.0461443043626906,1.5560285132378338,1.0,1.3249922541242174,1.0,1.0,1.0,1.0,1.0,1.0,1.0,2.4779068306088448,1.0,1.0,1.0,2.0380789898335934,1.0,1.0,1.0,1.0,5.692393041480146,3.871057024584835,10.180714837646788,13.038808919350213,3.751414547839546,2.5146135015708637,2.1354434611456012,1.457758165449141,1.0,1.0,1.6664735510650697,28.133791306040518,4.2094247695853095,1.42201878326379,20.058839165970127,13.565017608299648,4.416065196361406,1.0,1.0,1.0,1.371908366947121,1.0,2.491697498112461,1.0,2.3616742137982225,16.96024806938163,1.0,6.958219483350936,1.1780562613039023,1.2404714072336627,1.0,1.0,1.0,1.0,1.0,14.674820050440292,9.083675054307458,6.263972318561805,21.234811601114608,3.492730616681353,1.0,1.0,1.0,1.9577559704399894,1.0,1.3065644368396199,1.4597870152437193,1.0,1.0,1.7785689493467836,1.0,1.0,1.0,1.0,1.7897400773106158,1.0,1.0,1.0,1.0,1.743657917369873,1.9254755607234715,1.0,1.0,1.8081948128920844,2.4897208589736515,9.371899848827365,1.0319171506275464,3.078775019238745,5.494706701722862,1.0,1.0,1.0,1.0,26.531728630323958,3.8325320009872845,1.5608293264578226,1.0,1.920453825117729,1.0,18.98466085745926,60.85199680614361,44.00408931051359,2.888724731602406,2.6354353845711636,1.0,3.429906644443391,1.0,1.0,1.0,1.0,1.0,2.2015132915289493,1.0,1.1755883465677763,1.0,1.0,3.6791726719650386,1,1,1,1,1,1,1,1.0,1.0,1,11.806689723203739,4.031354473729431,1.1963078472071036,2.8363671212822847,1.3195037444228803,1.0,1.1336136918286623,6.482938734977999,1.0,1.0,2.2238795070911426,1.446751952440449,44.3373242157278,33.9265299684805,3.8492567762732506,31.89203214255891,61.75210737568172,28.58313920587226,36.302783442988044,9.291222084313631,3.6915094410256413,142.89734179136542,58.94805669788905,59.82215347743303,55.916605660657076,25.59426268253824,1.7867115326786078,27.59421340264268,42.47612745553771,7.409693743395701,32.440439809736304,18.011774853581397,70.57957008843576,41.599200840852355,14.536686143541981,1.0,300.82059275032947,179.13758341218954,52.519803784010165,181.25517131445795,32.08354122637047,64.91645640718119,56.85271067636312,165.55400849342044,32.39803094799299,6.370743527513889,99.54060208581673,51.075820220118565,1.0,1.0,1.0,1.0,1.0,1.0,1.0,1.0,1.0,1.0,1.0,1.0,1.0
TEST_05+3일,3.1178087201347107,2.015317976474762,4.360978371091235,1.0,1.0,1.290262246484669,1.134313618764281,1.0,1.6358298687967392,1.0,1.0,1.0,1.0,1.0,1.0,1.0,1.780121773481369,1.0,1.0,1.0,1.6149366460740566,1.0,1.0,1.0,1.0,10.62103735830532,2.7805838771347005,16.96035451555752,12.60386884217629,3.5769863462824265,2.3030866876550817,1.8920715687778964,1.2818125915756295,1.0105188430676704,1.0,1.5839094775074956,24.652266445431565,4.19969078053197,1.69876550220188,22.585854643737544,10.236216652524382,2.509104382790408,1.0,1.0,1.0,1.2762353512348228,1.0,2.2879058694232515,1.0,2.1831225474945715,17.300780734391132,1.0,6.614998447164261,1.0696498814468738,1.4479249708317028,1.0,1.0,1.046342765142732,1.0,1.0,11.57400476137376,6.017618786261827,4.445167182894483,9.16707648485275,2.998716675328194,1.1269821441335732,1.0,1.0,2.6311277399056023,1.0,1.6241985572174387,1.817372977176322,1.0,1.0,2.2712704062578033,1.0,1.0,1.1058642374894312,1.0,2.1014106685310736,1.1204472114767001,1.0,1.0,1.0,2.0959563775525147,2.244173145157612,1.4601053050754011,1.1735251227515135,2.1117030292570678,2.745407872173482,7.614624537076593,1.0652972550317266,2.8785846965234865,5.178845924293946,1.0,1.0,1.0,1.0,13.251602610767383,3.645891143740023,1.5647522116682937,1.0,1.0,1.0,1.0,71.11515213930066,33.03586858005885,2.752462836145746,2.7336589751920766,1.0,3.481530901267048,1.0,1.0,1.0,1.0,1.0,1.688451581205936,1.0,1.1797605145744967,1.0,1.0,13.970544469577398,1,1,1,1,1,1,1,1.0,1.0,1,19.50572911358144,3.9248359276478655,1.0,2.781116097206828,1.5223068122653745,1.0,1.2095945508934673,5.014021905098968,1.0,1.0,2.4248785058377944,1.5440179786643904,43.091814762358595,32.11689573249243,15.30383987724781,23.462074986649295,64.72880224117628,32.58427149062469,35.51261202873867,9.939205460250378,2.723018945749428,143.72309499194785,57.99354632505018,64.60391451191677,56.75992308683951,23.578228507636204,7.930271540844822,23.7271168340895,43.15228429366805,6.3391377135574505,31.464500201075936,18.466056209902142,65.60456164547846,46.53753550034813,14.937456385102404,1.0,310.6520712926342,165.67645484337473,49.50342904091106,157.99674600021868,26.190389920954665,65.43490758233472,55.02886015116519,186.33456670916848,34.82849210578415,6.320635234327861,94.35385757329581,53.78807006951275,1.0,1.0,1.0,1.0,1.0,1.0,1.0,1.0,1.0,1.0,1.0,1.0,1.0
TEST_05+4일,3.158263521172769,4.036749377846718,4.767658642143524,1.0,1.0,1.0588864162689233,2.5693692807108164,1.0,1.9082626850446045,1.0,1.0,1.0,1.0,1.0,1.0,1.0,3.024081364274025,1.0,1.0,1.0,2.9451431930065155,1.0,1.0,1.0,1.0,10.318258897951676,1.0,11.438382777302913,9.964724733842601,2.8056674466233256,2.017810683599828,1.830974739566725,1.086876061403329,1.0,1.0,1.1811325041207488,24.159247005030846,3.588500600498356,1.4453299895053888,17.630477569853618,10.921678422514418,1.5011501803160405,1.0,1.0,1.0,1.0580990058146555,1.0,1.8537093607807371,1.0,1.8830311412564356,16.036651349466837,1.0,6.420375893989748,1.0,1.5061524627952694,1.0,1.0106835532387315,1.0,1.0,1.0,11.355995571782337,6.243302189585143,4.138753426739766,9.641878126399543,2.528229858042606,1.1127719581796383,1.0,1.0,2.861334693085378,1.6585107283930405,1.5892462617312941,1.855410056116348,1.0,1.0,2.516645811793058,1.0,1.0,1.0,1.0,2.299262549283272,1.118574657179455,1.0,1.0725931249411718,1.0,1.830540933964353,1.9582841454932103,1.5709520142465951,1.1824940175666367,2.1548060375473552,2.884730710789622,7.1628035022056284,1.0,2.320892481800764,4.575857947746462,1.0,1.0,1.0,1.0,24.891707765763233,2.352872715387013,1.3173750907652462,1.0,1.0,1.0,1.0,85.97411126965719,29.159422289296614,2.351761317110063,2.225077067509336,1.0,3.3622067411355743,1.0,1.0,1.0,1.0,1.0,1.4300110543971984,1.0,1.1802254331770272,1.0,1.0,18.656214420206215,1,1,1,1,1,1,1,1.0971853654545192,1.0,1,11.3549631292605,3.2440796639787397,1.0,2.074593113576432,1.3131976862008543,1.0,1.019615015707934,5.1320086284277195,1.0,1.0,2.4057532623535183,1.3011979577644464,45.343243760154365,33.40815110656054,12.757125847041607,48.31273245095073,63.14016577017906,29.708648151759753,36.24179454599961,11.01485888287425,3.053402408380161,144.73819461459772,57.86292201465831,64.18926557202599,57.91469682280004,20.941280889347578,4.581635737086469,32.24559232376278,46.46428825976665,6.375532993680636,31.695135924020597,17.768020544843996,69.8789566352948,47.51161521342521,14.761708899107415,1.0,384.8067987009266,173.42494981392574,53.19058366577754,237.59993954186922,26.959428864816626,64.19573579126661,54.053014582395534,168.8312341488077,30.76905993640051,5.138817870621573,88.26139453310748,55.5409097399342,1.0,1.0,1.0,1.0,1.0,1.0,1.0,1.0,1.0,1.0,1.0,1.0,1.0
TEST_05+5일,3.6150943857813735,6.800288200378418,5.304720490345283,1.0,1.0,1.3707602442327875,4.460410024970769,1.0,2.463035616364632,1.0,1.0,1.0,1.0,1.0,1.0,1.0,5.913243591785431,1.0,1.0,2.636614451184869,5.291174411773682,1.0,1.0,1.0,1.0,18.037704423884815,1.6968726101303782,29.58477890682215,8.405995186737869,3.210163204825932,2.395640542289968,2.2655729992340863,1.3402806782204744,1.1202739127333614,1.0,1.5418353287528814,26.737916275478035,4.422535594995589,1.565334855678275,14.854436588260379,11.405871887923158,2.2352881410336902,1.0,1.0,1.0,1.6492045239387214,1.0,1.9781925867555787,1.0,2.338489682647032,14.302637981948362,1.0,6.738009641136754,1.0624476042250104,2.0190915227589343,1.0,1.3174355593633793,1.1123251093716322,1.0,1.0,14.272248271966976,4.961402156113029,5.185627600403272,9.067099870533045,3.192682545050502,1.056882487916859,1.0,1.0,3.351767325594306,1.149053714475901,1.760513443075799,2.067635567601343,1.0,1.0194169752032765,2.407619147245245,1.0,1.0,1.0244953079622006,1.0,2.69968762370113,1.3535716516997383,1.0588551408441371,1.175657232331294,1.0,1.9004022192681256,2.247885011452553,1.248167624015405,1.1918412436069759,2.2078915355752766,2.9452792138496076,11.576283795902453,1.0021309657413617,2.1458592843250752,5.495124626417917,1.0,1.0,1.0,1.0,19.043651486594722,3.1814254711060546,1.5471021276438657,1.0,1.4478059143407345,1.0,6.809603334688753,91.05630932528882,37.979522185475176,2.673540642185683,1.9686296966710466,1.0,3.628200435602022,1.0,1.021892686972881,1.0,1.0,1.0,1.6680245083296719,1.0,1.4036832154526995,1.0,1.1254664681642645,35.08012583216912,1,1,1,1,1,1,1,1.857229922298415,1.0,1,37.01309940052351,3.413856272853428,1.232208833409809,2.6777049469111445,1.3393452920372937,1.0,1.152792196880285,5.318616792951007,1.0,1.0,2.610834439213892,1.315884801159803,47.600548451271166,38.98647666731337,14.218758434057236,83.21112062136083,64.40019119250519,37.16739594106999,40.63237049181529,11.10221779346466,2.9772124036915666,153.29848796033883,77.6760470737569,70.41189644749005,56.33902170183598,22.204240139271853,8.9613258457917,36.00434208038538,50.59673886263618,6.666123946915219,36.4717638303516,17.490085123023764,69.03515420602433,46.194633260769315,14.258803286472508,1.0,342.1026074217998,196.4770672889204,54.108073161130676,217.49210339422058,26.73741818549742,67.55847006751446,63.721298125266415,186.95777436241474,36.46498183192725,5.431537851585363,87.34295973254108,59.881425401794075,1.0,1.0,1.0,1.0,1.0,1.0,1.0,1.0,1.0,1.0,1.0,1.0,1.0
TEST_05+6일,3.772045729018326,4.428278937935829,5.409199726166264,1.668742177180555,1.0,2.151729571479875,3.262618482112884,1.0,3.2652865833839546,1.0,1.0,1.0,1.0,1.0,1.0,1.0,4.314439147710799,1.0,1.0,1.0,3.8026515394449234,1.1704826429861788,1.0,1.0,1.0,12.402183294166505,5.933613558889215,42.07307204890518,10.912534788802525,3.8801303200937687,2.781418981939388,2.924936231254526,1.8099524561654923,1.6278843488981571,1.0,1.9882745919404636,33.19095294907393,5.654819611814247,2.5782220364372463,23.093244320406953,20.414199734549904,2.817614518346433,1.0,1.0,1.0,2.504014960214294,1.0,2.8243307380756737,1.0823539694420061,3.1549844726635663,19.527760369686238,1.2403194117407104,8.132534930317755,1.6699406722865533,2.8285840342905373,1.0,1.3783923002227048,1.61268101117925,1.0391545822421806,1.2823724688998086,19.090905649095458,7.762909089327424,6.997544031370116,13.316291857600643,3.944950109701977,1.28803794388531,1.0,1.3067810824255248,3.456629273811655,1.2104965675186654,2.582793253778558,2.6874778909670827,1.0,1.2105690428551787,2.813730780222725,1.2603207993580061,1.0,1.2172367413194989,1.2762967274210497,3.368792564451274,1.843807500905184,1.3669270638390376,1.59229828472561,1.5975995326124663,2.7176769284803175,2.9269217142392057,1.8786042330716461,1.7809569425804805,2.6137426127325964,3.7623324123463924,17.933297472749835,1.4356462295580172,3.280769435539809,8.219136387810057,1.0,1.0,1.0,1.0,13.938131733907348,5.880028308299875,2.6308813104599813,1.0958485095407673,1.6158309589817463,1.0,12.863229597153325,80.70976999535655,29.048895127331075,3.9139675430628444,3.1416856453536193,1.1973576349149755,5.111163201529633,1.0,1.4324625199774494,1.0,1.0,1.1107458155052254,2.6479804616534635,1.5428194785380733,1.9467026730815011,1.1548795298428947,1.5257333337915235,20.055191120617526,1,1,1,1,1,1,1,2.231563901002936,1.0,1,39.48593424960347,4.893136951781849,2.0481374813283217,3.8516383469722126,2.357638683666294,1.0698166944142216,1.8696168458658178,8.29229645769276,1.0,1.0556223241195672,3.4354403307530976,1.8571290197589705,53.76507606575305,42.111046713388646,20.39824117720127,36.188975666642875,71.9489297661598,40.49727065207426,47.06599989618962,11.979377087205648,3.874598841715462,175.98954222067428,75.47954683953787,71.46509089460886,66.56666566929938,25.660134261829793,29.42035097139614,38.46518361801697,57.98748508167614,8.07052008165332,42.028905371784944,18.99585700006972,79.84341050354776,51.33652473240301,17.432941068284144,1.0,579.9843223272735,286.3201366081976,71.78226049030961,339.8343706558248,38.84056104132354,91.52572831687522,94.52855121800788,194.5870358370928,50.30082435229892,10.684741229285763,161.50459228305746,79.37720886482643,1.0935853281989694,1.0,1.0,1.0,1.0,1.0,1.0,1.0,1.0,1.0,1.0,1.0,1.0
TEST_05+7일,3.842119254362837,1.6597658917307854,8.717871491543862,2.775436795262615,1.076775115774376,2.57139639848068,1.0,1.0,3.9448271911204764,1.0,1.0,1.0,1.0,1.0,1.0,1.0,1.0,1.0540843624776999,1.0,1.0,1.0,1.4400450136968443,1.0,1.0,1.0,2.3453899862238337,8.094833730017445,32.400518888299985,16.68582474541291,5.076303289021576,3.5117660069428163,4.038215314544461,2.4098482990945227,2.16933774285858,1.0,2.3031129035574254,56.296761104851896,7.0478403578829845,3.1703070622906147,38.288282320625854,19.2470669161281,2.264113184351133,1.0,1.0,1.0,3.2806223161498145,1.0,3.5200614794274627,1.1172480509271094,3.8310521948414205,24.16040716765799,1.4822188581985167,10.784470925815288,2.0670299513655674,2.9794200203894157,1.0455676601305472,1.319912385021844,1.8048153004948653,1.5252260028326425,1.2825073118434773,25.162302858970925,11.956293584289774,12.99558409534711,16.171604314438156,6.538698707642296,1.5863320916323467,1.1981269100412435,1.884057303458885,4.538825038369044,1.9276779580103307,3.1400553616783924,3.6907049465048654,1.0,1.6276539493543,4.000339806746265,1.3977037087944553,1.0,1.7462240036290815,1.374966605341562,4.212901893831184,2.1835005581408238,1.9616190977917036,1.7050859482574612,1.7283301765391046,3.3144863193263077,4.01348208669811,2.0595504292164883,2.225422172746349,3.3442904594518383,4.953044772686677,1.647173166277994,1.929855504085817,5.919970821457926,11.902683795578664,1.075507722388167,1.2831262320742964,1.0,1.0900631946577697,2.875965166122242,9.09429831046278,2.82024925074627,1.3493645753425292,8.309196737528506,1.0,102.58893131426731,8.063857625477342,39.7325250442672,5.659046941937868,4.653261380477866,1.7479912446843842,7.435534424509167,1.050547988305945,1.9775806428216518,1.0,1.0,1.5267071889015154,3.6853168397729315,1.6161597811826227,2.6454350808127844,1.5908700771038091,2.1558414640340056,7.248594753496262,1,1,1,1,1,1,1,1.7565942061349071,1.0,1,11.88566363539607,5.7579879699758365,4.588459505222745,6.7609756370647585,3.7024604658387834,1.5848639447862103,2.598333353829955,12.222313929064345,1.4155055696270844,1.718566207440473,4.081185363023318,2.674708677027252,93.29643570300748,74.82236290791577,8.697764798998833,13.910685818824243,110.10306876811676,66.29469338547368,68.99905751286953,12.298073776066303,5.142572657919379,278.33282464839186,120.77106028352026,118.93975658539489,107.89686613002672,38.447320170818266,4.8168863223087905,73.3128003900046,99.53704151774497,11.819113273655171,55.958805112434476,35.852086942227835,119.33075335939881,89.61649054210841,32.565134491942295,1.0,722.8732235217594,461.49307951072467,116.76790867866677,475.5411661556455,62.68865959704186,128.05069804454223,137.2943928401595,275.4435358440073,75.67167604194785,10.640456392713347,172.3936105565798,118.9979194381927,1.8053690772503614,1.0,2.0514305625110865,1.0,1.0,1.0,1.0,1.7314011231064796,1.0,1.0,1.0,1.0,1.0
TEST_06+1일,2.0859771555301574,1.0,6.5414453763351705,2.1513334812502247,1.0,1.0,3.0194761498499947,1.0,1.1339080562588015,1.0,1.0,1.0,1.0,1.0,1.0,1.0,4.212965723798878,1.0,1.0,2.669807357454556,2.8016188063166245,1.0,1.0,1.0,4.740776714753006,3.804574377554136,3.5600336696232273,11.517365902941643,12.130699596420758,4.418041192204761,4.1673653694577,3.9675234320197035,2.847812512920001,1.0034752649892789,1.0,1.874220830199406,34.97649843292932,6.661159523933999,3.333195620914519,24.146918103778823,18.61541134921798,1.0,1.0,1.0,1.0,2.2531465367707373,1.0,4.436824789819267,1.0,4.091311005919115,27.443603136682704,1.138237153736642,10.308962239842483,1.0,2.564296160229313,1.0,1.0574807778575261,1.4945075501239033,1.0675153162024313,1.0,18.736591102915938,8.59963707283828,7.232708983039901,13.614658171025749,9.094437698366901,1.0,1.0,1.3392931068505334,3.5394440863453354,1.1016655417341552,2.373099736197074,2.5354417689595214,1.0,1.0,2.897129115482485,1.0,1.0,1.7871329328700172,1.0,3.7033339835135015,2.6426781252607388,1.3721913540151953,1.319563162718895,1.3963925491239415,2.075977527742773,2.257101934978742,1.920844661970898,2.0286242556000618,2.785290316512918,4.311418056729787,1.2889270778304627,1.2031360431058595,4.224706234432599,10.04078400514996,1.0,2.4238337603222573,1.0,1.0,10.121195546631533,6.338892070577651,1.26244997413488,1.0,1.294720453349922,1.0,61.906509786058294,10.550327244050234,26.999480195617096,5.342439210345767,2.2640462135842325,1.602985178729669,4.339757099484151,1.0,1.5242393595424235,1.0,1.0,1.0,2.7318071387883642,1.0,1.7364086352785728,1.1202553890362354,1.0,1.6259289044221255,1,1,1,1,1,1,1,1.0,1.0,1,9.36708066358247,4.8803009545560245,4.204896112601392,6.245428036309319,2.913006158781265,1.9159190012339273,2.335540389583226,8.77031566850384,2.4430677110789696,1.0,3.923169944262064,2.4736518695080107,72.36247655653176,50.60425803723465,29.922710909328273,6.318258867374476,63.500911405470255,60.049829351118184,44.3852115775306,40.80355148128443,5.862126719427571,190.71235647892524,141.43814137744982,117.72594424230347,66.13920813268797,24.822244663123108,1.0,44.13337061240769,62.81034090130201,4.871733710713362,45.233745097403535,22.378961240765854,74.55284929315025,70.93409676348828,28.895753423378146,1.0,407.9785489721399,286.88837661506165,70.4799141928942,225.47871079201144,38.99770706123078,76.55240242338058,68.35429837544736,200.96465408028564,41.161785545630096,13.315514689738064,86.4254802550235,77.49886770085715,1.0,1.0,1.9054086031392217,1.0,1.0,1.4351413641124964,1.6519304662942886,4.283479896839708,1.0,1.0,5.093451817519963,1.0,1.0
TEST_06+2일,1.5205922330543868,1.0,3.7537261474500294,1.2750302636606694,1.0,1.0,4.031088880557015,1.0,1.0,1.0,1.0,1.0,1.0,1.0,1.0,1.0,6.032810137600598,1.0,1.0,11.460169492478252,4.597332287056491,1.0,1.0,2.163028023044179,6.198830356646058,12.10622517997963,4.004305494640038,19.882545113373798,8.854262028380086,2.7060319813995317,3.132637914501325,2.0625236612250055,1.751427648445985,1.0,1.0,1.138448425151058,12.808203407182212,5.024774656401477,1.7628457866790437,14.836141907624876,9.031240077552244,1.0,1.0,1.4472856378176941,1.0,1.2089438554937035,1.0,2.271560316291085,1.0,2.6048691666653996,15.642887943898124,1.0,7.565679485246969,1.0,1.3415635710365703,1.0,1.0,1.0,1.0,1.0,8.594382190150109,6.751643295838436,7.781002657418469,10.805124304407409,7.170179397540337,1.0,1.0,1.0,1.4649150338017447,1.0,1.022802542578682,1.319261471191291,1.0,1.0,1.5299782904354071,1.0,1.0,1.0,1.0,1.4411309922993798,1.1051026746268073,1.0,1.0,1.0,1.0592815526725206,1.0,1.138293065354056,1.0,1.6568403917517012,1.73549446564125,13.641478870510905,1.0,2.3776942830045975,5.945825448759706,1.0,2.357978337436225,1.0,1.0,9.17081636199968,3.4873893296872165,1.0,1.0,1.587396365321439,1.0,15.325863399134857,74.44242415573576,26.064072510645843,3.067671212040082,1.0844583949150906,1.0,2.381145244117424,1.0,1.0,1.0,1.0,1.0,2.1238045144774023,1.0,1.0,1.0,1.0,16.83640138617136,1,1,1,1,1,1,1,1.0,1.0,1,16.434640884842892,2.4654402602957957,2.1995163140838025,3.212281691606524,1.7352366939053927,1.0,1.2564052474315013,6.066067335910926,1.0146997499831385,1.0,1.932408446923034,1.687544221408557,51.232280718943485,25.433396438039285,7.64929205389561,17.773509967038827,44.60585579806005,39.78804921386276,34.86972775640298,22.63341855364035,3.1169075116902203,118.45031998247228,74.2731276672197,58.29720698344861,46.15586374323251,15.294014181688471,1.0,26.902463178796815,44.16847187994483,3.236227828899708,32.52976852744129,12.299607854087814,50.884956103904216,37.74092536423679,16.200337706632098,1.0,192.04861573477874,135.79283513997717,42.87652776467687,131.2407793647107,20.68153190551861,40.559026365321856,28.07671602756023,84.12640588472586,20.682159286755365,6.232930367706226,53.62026269234533,45.906891147693344,1.0,1.0,1.0,1.0,1.0,1.0,1.0,1.7945276771206409,1.0,1.0,1.1834904353599995,1.0,1.0
TEST_06+3일,1.5188307818274986,1.0,3.322606941233545,1.352874586333149,1.0,1.0,15.750229214323975,1.0,1.0,1.0,1.0,1.0,1.0,1.0,1.0,1.0,7.539267550089944,1.0,1.0,10.98750019391597,6.790404354634251,1.0,1.0,3.5207502683980683,11.134746233586865,25.27350814899762,4.21251774223415,35.16227815551733,7.806077717342819,2.520292831719572,3.110224698966055,1.8822100709082177,1.6415867179924373,1.0,1.0,1.0404693153047435,12.70375231226872,4.859045038348423,1.6345518569572688,10.959762960112727,9.983003627349767,1.0,1.0,1.0,1.0,1.1257717527464928,1.0,2.2218132838590705,1.0,2.3059278459110013,14.011380107958843,1.0,6.94155854145292,1.0,1.3487221890375078,1.0,1.0,1.0,1.0,1.0,8.401879679315574,4.19697430715664,5.063996003179306,10.582066429974622,7.558393431658626,1.0,1.0,1.0,1.6395627094907204,1.0,1.3742796049829873,1.6184538295784467,1.0,1.0,1.985990891607195,1.0,1.0,1.0,1.0,1.7866252268554264,1.2570485626398304,1.0,1.0,1.0,1.4211409784869253,1.105158133057174,1.5849237724477645,1.0960180926847793,1.9716377816194077,2.2620277585894053,32.67272928539434,1.0,1.983856280839744,6.607773398825869,1.0,1.5324579380072094,1.0,1.0,12.544297172253302,3.170055050691144,1.0,1.0,1.0,1.0,9.581678657081639,58.412193727167455,19.56489827106046,2.553675126021414,1.213795335749232,1.0,2.2001331919496847,1.0,1.0,1.0,1.0,1.0,1.5959153106728072,1.0,1.0213030824833258,1.0,1.0,15.606483861247968,1,1,1,1,1,1,1,1.0067544089775904,1.0,1,9.091755073266485,2.4732482005116294,2.1578012251178182,3.6025563229476103,1.7042873958946756,1.0,1.2127188362490096,5.319656233662315,1.0,1.0,1.8681781307169105,1.5289729210731793,42.94330735373029,22.906124779654057,32.2445083287973,49.479888720660504,39.79848579304081,35.7590930369672,29.28024971459018,21.05728556362864,2.6989180962245354,98.93225848442549,71.001805484746,60.99135873568945,38.20033589450899,12.863601445810566,4.480000590118099,21.977542360802914,33.69133838407631,2.354108404698639,27.308963546399724,11.093858524486064,49.39064694975276,41.0634914524851,14.061937641141833,1.0,223.28863499142537,114.74030417914607,32.049200331826526,113.7443334427924,16.913015616289123,33.84759567253542,24.38091830002898,75.29798635063648,16.942150939436544,4.685748940769607,31.075725796431833,39.72665781789202,1.0,1.0,1.0,1.0,1.0,1.0,1.0,1.0,1.0,1.0,2.5458648218773305,1.0,1.0
TEST_06+4일,1.3252566842926998,1.0,3.100358816358759,1.2860362851541063,1.0,1.0,4.531951309689153,1.0,1.0,1.0,1.0,1.0,1.0,1.0,1.0,1.0,5.937322572763277,1.0,1.0,8.28666571873612,4.114027426223451,1.0,1.0,3.274114332445566,5.780626647119795,13.383628511347508,8.72189980549369,15.533769664320351,9.35891703517818,2.237519190558424,2.741131497751206,1.8302330508147326,1.3494541694301612,1.0,1.0,1.0,13.001836478847986,4.062768749955449,1.635870830577642,17.095837616247202,8.603404500377811,1.0,1.0,1.2100944003939902,1.0,1.1096581139527664,1.0,1.958160172534365,1.0,2.081720771873909,12.072014816387512,1.0,7.856665876369385,1.0,1.083466258382375,1.0,1.0,1.0,1.0,1.0,9.007875912292496,4.0215967407603515,3.009564971128288,9.096551749121057,3.553171675816924,1.1117843991251126,1.0,1.0,1.947583184190479,1.0,1.4169347101303535,1.5842304736748496,1.0,1.0,1.8894936688848947,1.0,1.0,1.0,1.0,1.7342453550119323,1.3061990795899856,1.0,1.0,1.0,1.3573553332053527,1.2540956892300055,1.2500977213321587,1.0790375811935142,2.1805587736858727,2.778166836562176,13.503605170861027,1.0,3.1796855293672497,6.33737354237253,1.0,1.7256123619700858,1.0,1.0,10.691263530001224,2.9630064234071436,1.0,1.0,1.0,1.0,3.749398250901914,46.39167784234378,22.736437324742635,2.4472075406683222,1.0,1.0,2.0984035647900123,1.0,1.0,1.0,1.0,1.0,1.3890806768209425,1.0,1.0,1.0,1.0,8.86252290667782,1,1,1,1,1,1,1,1.5048564868989227,1.0,1,15.556181346828323,1.9412866919453704,2.3283437714171606,2.6423758865880638,1.4163630541311778,1.0,1.0,5.0494305762453635,1.0,1.0,1.6508365335524464,1.25683516409423,35.33442086620495,20.464675137535238,40.72028714783549,54.65886898281958,30.49372314862351,27.710669651788773,26.00878956426841,17.986131454218672,2.6148192279391202,96.09884231022474,64.30538040185787,62.513181744183086,31.638843354772384,11.07185081179087,1.5811275270735594,17.236644262064225,27.37887655704268,2.3744455753381963,27.224802201631775,9.336338396276272,41.017187426700744,34.2399903530158,13.720555482084261,1.0,227.12785967962822,130.66821258140186,30.31157264047385,124.41606678474416,17.28604961541731,23.708497719356338,24.61639569816695,59.439489566056025,15.49584874310915,3.7709847489524,27.630319498640507,31.00939678835695,1.0,1.0,1.0,1.0,1.0,1.0,1.0,1.5442848892416805,1.0,1.0,2.202864041319117,1.0,1.0
TEST_06+5일,1.6218247085371855,1.0,3.1058398758986723,1.3509787908199518,1.0,1.0,20.339828684996714,1.0,1.0250048716598985,1.0,1.0,1.0,1.0,1.0,1.0,1.0,13.184941588511895,1.0,1.0,35.790213941287405,14.661273196317268,1.0,1.0,1.0,5.886983195834361,19.8970544140493,7.572863307382255,16.818540311537923,8.595313752515189,2.8937143844010915,2.6330907183928707,2.418204999291535,1.7268238887643688,1.0,1.0,1.3175456938338312,18.790493378342745,4.443442457110921,1.8065377368369182,25.933581641359684,7.730927256592618,1.0,1.0,1.485091319242596,1.0,1.7076758800538014,1.0,2.223634631852449,1.0,2.478316161862905,13.071882951538104,1.0,9.24332553094365,1.0,1.5400875240338838,1.0,1.0,1.0,1.0,1.0,8.44398148895836,5.495166873101851,5.21661448328479,9.618951747488788,6.7674135618232025,1.0,1.0,1.067894422302509,2.1001840205504805,1.0,1.595350214931002,1.8836137601127794,1.0,1.0,1.8512251912148427,1.0,1.0,1.0558555998304135,1.0,2.078729774001727,1.5887085936642602,1.0,1.1343948674574333,1.0,1.6067422388910881,1.4385575250244014,1.2851464298715578,1.0586212449171788,1.9806819255007055,2.9627475174110787,33.562854326554636,1.0,2.3816022811167534,5.710363457053557,1.0,2.2872488698928484,1.0,1.0,11.265395921766348,3.160151830841749,1.0,1.0,1.519697961276463,1.0,14.742481425709126,77.4234443760673,22.373811078705167,2.643830470426309,1.4682886278345921,1.0,2.5745010115695273,1.0,1.1012962586332613,1.0,1.0,1.0,1.9033458230090172,1.0,1.0,1.2595529890705401,1.0,47.19911786265313,1,1,1,1,1,1,1,1.8176660729245644,1.0,1,36.75229370833924,2.522825277058404,2.3875512428849817,3.2403674325451255,1.7177317755771424,1.0,1.1073233394764834,7.302481939702116,1.048734851952654,1.0,2.2028253287081574,1.6713195560097387,37.26802268951448,29.845954326822827,38.31039017643247,54.96156896559117,38.99679171430712,29.481803320416873,25.437706432593053,22.95336038804559,2.5393907929047974,100.03315850091658,73.26485957946703,64.08051384889346,33.98631238886472,15.69269945088098,2.9759191329266086,13.036499698158591,27.68170931931921,2.278723552285138,30.7750826156637,9.449923615635301,47.729800542205965,36.40558676823821,17.937264411913993,1.0,208.53281224647452,98.5503167556585,32.34415243896339,94.08462650992558,18.88750122898129,26.826188087543,28.846967351903004,59.11299312464352,18.562066468858855,3.923570999278696,39.23018539322071,34.72719954221249,1.0,1.0,1.0,1.0,1.0,1.0,1.0,1.0,1.0,1.0,3.558281986042857,1.0,1.0
TEST_06+6일,2.691179152558422,1.0,4.238258066099272,1.8236481250347274,1.0,1.1974644527055474,6.173159194546787,1.0,1.3474350581767678,1.0,1.0,1.0,1.0,1.0,1.0871172510087488,1.0,11.351774837155407,1.0,1.0,11.072457628829572,8.339991439694042,1.0,1.0,2.831637512805824,15.420989825253482,39.00477266345706,12.605739590195798,68.68762084270142,9.976805817031778,3.7872977920242947,3.46281350677012,3.9037620191857956,2.6796673024890807,1.2259583470355087,1.0,2.026886362009226,28.877587395754446,5.746649059205788,2.375827128708885,25.80066679887991,11.820422844127517,1.2361059464685198,1.0,1.0,1.0,2.6147087945938257,1.0,3.7890553571016206,1.0,3.616613208138412,14.00928575439523,1.0,7.573309999818626,1.0,2.3372846031378582,1.0309311584911347,1.3398029316717774,1.4150657363392585,1.4514331265210274,1.0,11.56510252466143,7.8354835704419035,5.130950567051187,12.09769359438702,6.488316446032158,1.3474709973629864,1.0,1.387980633020823,3.0207502996460582,1.0533372551821785,2.300439963508126,2.574587577396297,1.0,1.0,2.3576298400163798,1.1064318535282158,1.1434650837301377,1.2710301060772073,1.062998879536475,3.0605278248900096,2.1867768361552233,1.3081872789781368,1.5841528884705889,1.1964558925133986,2.144359126297741,2.22771158756262,1.226818604195856,1.6469538396338215,2.8409562797652352,4.276659829257971,41.473245113643664,1.1802791130013914,4.067232198635729,8.045641912268255,1.0,2.575769490240903,1.0,1.0,11.654617882938162,5.539855152961051,1.4522650338865988,1.0985099002303804,2.0741168748669794,1.0,16.49969660666498,59.21706334171095,20.962737746284706,4.2497657815711705,2.7800761930786386,1.3892525830419462,4.19459293467264,1.0,1.6256185754270664,1.0,1.0,1.001986973872566,2.9417649421413983,1.262903361133493,1.6116645797464704,1.3903399179107496,1.241403587646045,23.70177061818056,1,1,1,1,1,1,1,2.1028148461117824,1.0,1,19.730121534718272,3.877381450308092,4.177882964940048,5.625088590142419,2.5943651092761746,1.6809415055764214,1.7641962941713818,9.41411781426866,1.9538701504793328,1.0,3.347993307839211,2.953770529508091,37.56990157647264,35.7490518934909,89.89640920345872,117.4766478306583,44.23339889531734,33.793088623744936,31.2694245195029,26.11276555821057,3.169725134013519,105.36161623650362,87.13900047472696,77.65343499862084,43.53504875926333,14.394239727837277,1.0,22.851260216534985,38.42682510688769,2.723060359451848,34.84927853768203,11.1979105650748,53.482543549042745,43.17299729762489,18.928467449882895,1.0,296.09319655497404,167.4312832177107,36.5071304314822,122.72049828596468,21.600062273737556,43.92479251187662,39.651764992712245,115.52555029879132,26.608815020728503,6.266723994931626,46.99083595408719,40.30273595720715,2.825227355584502,1.0,1.0,1.0,1.0,1.2915733626578003,1.4435446746647358,2.742095460416749,1.0,1.0,5.40498053887859,1.0,1.0
TEST_06+7일,2.2518920398461777,1.0,6.766136372711594,2.6090440456169803,1.0,1.1811504302810312,4.132157338100033,1.0,1.4373465108011687,1.0,1.0,1.0,1.0,1.0,1.5469278395175934,1.0,3.7410302208315773,1.0,1.0,13.531241734552365,101.6724728649758,1.0,1.0,1.0,10.186582000900636,14.322260759691371,2.498243937307314,29.572879992708184,12.476334098121056,4.718374427091611,4.391873950651407,5.902037109168658,3.8498563547955147,1.6879827327860228,1.0,2.716345571051754,47.69232831719072,7.538882416156256,3.6296562987892087,35.2082105257775,15.871323044558366,1.3041137238665905,1.0,1.6946902327013655,1.2649607290771026,3.3175313600373166,1.0,6.035617308010871,1.0,4.80266284566917,26.621680442445346,1.4970611773345226,10.076485396549781,1.0,3.641181094660034,1.0356667226248422,1.5192619545749158,1.7821477856857502,1.6299508522433233,1.0,19.76089406812564,8.544797057007559,9.633468304750936,17.75799627464742,8.09629961655479,1.7780181106349928,1.0789352884912664,1.8898267070931387,4.501838805256108,1.3107142650378767,2.7114294326842407,3.015417627307672,1.1579587188494884,1.0399660673682496,3.283432945415099,1.3157601069408764,1.3073394498120428,1.9245946184669542,1.4352061630374278,4.073860065980119,2.8411741488554334,1.8352246257936216,2.0351973242577537,1.909361528833684,2.7605498767517576,2.8713377474255544,2.383646112222333,2.3920513160246886,3.080674281647357,5.425201825548075,1.0,1.484329843733164,6.232594187085937,12.171058641177702,1.4514867339353137,2.434688989237079,1.0,1.0,3.467268626488754,9.040748184720208,1.8530069354449963,1.6275968350304,2.357673223908743,1.0,88.33804889422112,6.812796416475021,33.41587756432864,5.443666250115192,3.327321114584764,2.055763206277624,5.5435651165093915,1.0,2.170570412059183,1.0,1.0,1.5383826842053396,3.3465768977031014,1.5466884737768662,2.4749647732625846,1.9163957988970481,1.4453831332062208,7.485773638690435,1,1,1,1,1,1,1,2.596509596939066,1.0,1,21.226370325551095,5.624284835261353,7.022694636049848,8.046312734688115,3.5438274211551115,2.807200454549249,2.636379439764597,14.565063893152134,2.917457675719206,1.4287456462581722,4.840439222996194,3.5488959117755194,54.525196572201125,29.06827449949907,44.9291695738193,14.557757431923335,58.233798680719914,45.786002012119475,34.36676832771512,32.41879908370994,5.908571091229599,151.46772697022746,158.47386041977887,156.3337452700909,58.02907014521173,19.435328427507475,1.6668225020054603,34.562075663239256,50.873947583482305,5.169250287091499,41.187845417255616,18.541804706300827,76.66653916895999,58.33326726081889,23.575071862489292,1.0,336.7427807048333,229.92129214241538,51.090732295625074,143.2558907688521,30.505150932539845,60.352700346996784,56.96930792577659,172.82114582264924,33.447267196225724,14.412907771710474,44.263025065570105,54.62099452001227,3.5184850618243217,1.0,2.2755901627242565,1.0,1.0,2.6668429831042886,1.8386873938143253,5.235919724218547,1.0,1.0,7.609529918991029,1.0,1.0
TEST_07+1일,1.618311323142787,8.260016246036418,5.191968129735871,1.9474015442233672,1.0,1.0,1.0,1.0,1.0,1.0,1.0,1.0,1.0,1.0,1.0,1.0,1.0,1.0,1.0,4.824409153815493,1.0,1.0,1.0,1.0,2.1082527292416087,2.85703868367717,7.341485733792353,7.566374667127577,2.4862674565828837,1.5821898644807664,1.2538989892247048,1.8793091498642833,1.037410465843749,1.0,1.0,1.0,17.5551402165915,1.575777454875482,1.1226352719850934,10.99501259142067,4.858776794460718,1.0,1.0,1.0,1.0,1.1179637821874595,1.0,2.726790752226167,1.0,2.45451152628653,7.731952779548795,1.0,3.586584352167902,1.0,1.144167002332829,1.0,1.0,1.0,1.0,1.0,6.330242649714316,9.822593103690936,3.8861223321743585,5.763949016440159,2.8460386080655695,1.0,1.0,1.0,1.0771573556134855,1.0,1.0,1.0,1.0,1.0,1.0,1.0,1.0,1.0,1.0,1.0,1.0,1.0,1.0,1.0,1.0,1.0,1.0,1.0,1.0,1.2805024405489123,2.0695353285180764,1.0,2.21343083928327,6.108761785278823,1.0,1.0,1.0,1.0,4.203374771252101,3.382513618948712,1.9984600092367029,1.0,1.0,1.0,76.20160918364218,3.551063531420693,24.432936219866548,2.3999917764506207,1.1375876464392778,1.0,3.4517512335139844,1.0,1.0,1.0,1.0,1.0,1.1525830614150572,1.0,1.1312827381395374,1.0,1.0,1.0,1,1,1,1,1,1,1,1.0,1.0,1,3.9104213147112667,1.9289068330784085,1.0,1.3445446133738406,1.0,1.0,1.0,2.7344028285191735,1.0,1.0,1.0113676361864457,1.0,2.9832706544122853,1.0,27.378848899772965,76.25149216256482,3.4337960983246743,1.0,1.5179390393978827,1.0,1.0,7.711165263574626,1.0,1.0,5.691747719592139,4.723802992765546,1.0,1.0,5.748371706798759,1.0,1.9290643255090485,1.5162809277289864,2.9636044072537935,1.0,1.0,1.0,1.3579161535017192,1.0,1.1536369733512402,2.6700327387079597,1.0,1.0,5.713805928826332,1.5666679367423058,1.0,1.8678028330779308,1.0170389916747808,1.0,1.0,1.0,1.0,1.0,1.0,1.2579541148152202,1.7173557579517365,4.252275642938912,1.0,1.0,5.543935380410403,1.0,1.0
TEST_07+2일,1.0,36.12122863351486,1.0,1.0,1.0,1.0,4.640779039685158,1.0,1.0,1.0,1.0,1.0,1.0,1.0,1.0,1.0,7.038293129153951,1.0,1.0,34.77122974695595,4.294477696933511,1.0,1.0,1.0,13.842294592146372,6.695484548075208,1.0,5.4832242057551,2.695406814785019,1.0,1.0,1.0,1.0,1.0,1.0,1.0,4.304524343429903,1.0,1.0,3.289705566419312,1.569628683549057,1.0,1.0,1.0,1.0,1.0,1.0,1.0887415886634695,1.0,1.0,4.1708633405917395,1.0,1.8248084839219556,1.0,1.0,1.0,1.0,1.0,1.0,1.0,1.0,2.7681613957474,1.421463830415698,1.5247971660645883,1.1906912245625505,1.0,1.0,1.0,1.0,1.0,1.0,1.0,1.0,1.0,1.0,1.0,1.0,1.0,1.0,1.0,1.0,1.0,1.0,1.0,1.0,1.0,1.0,1.0,1.0,1.0,4.293423296116874,1.0,1.0,1.0,1.0,1.0,1.0,1.0,6.4938583432314445,1.0,1.0,1.0,1.4383370409395244,1.0,6.318867429609678,18.50530901048225,12.03925906038736,1.0,1.0,1.0,1.0,1.0,1.0,1.0,1.0,1.0,1.0,1.0,1.0,1.0,1.0,1.0,1,1,1,1,1,1,1,1.0,1.0,1,3.8151569771873457,1.0,1.0,1.0,1.0,1.0,1.0,1.0,1.0,1.0,1.0,1.0,1.824155602219754,1.0,8.455906874225803,128.66681046400288,2.2915480169134197,1.0,1.7902566668697713,1.0,1.0,3.421088155617001,1.0,1.023706667125225,2.7790325408969165,1.257637902883723,1.0,1.0,1.7807447317372458,1.0,1.0,1.0,2.1516380932661887,1.0,1.0,1.0,1.0,1.0,1.0,1.0538679384626446,1.0,1.0,2.442702502012253,1.0,1.0,1.0,1.0,1.0,1.0,1.0,1.0,1.0,1.0,1.0,1.0,1.0,1.0,1.0,1.4053121174219996,1.0,1.0
TEST_07+3일,1.0,39.59366044380011,1.3162679418775456,1.0,1.0,1.0,3.117230693422648,1.0,1.0,1.0,1.0,1.0,1.0,1.0,1.0,1.0,6.4532246461101765,1.0,1.0,13.19902309846984,3.1823971763051238,1.0,1.0,1.0,10.716807519376475,11.008742608092405,2.0207941176801545,26.068864315235473,1.0078892800313344,1.0,1.0,1.0,1.0,1.0,1.0,1.0,3.387549988485148,1.0,1.0,1.4813827135997282,1.6099224176912013,1.0,1.0,1.0,1.0,1.0,1.0,1.0,1.0,1.0,6.55661283495927,1.0,2.0403849156644442,1.0,1.0,1.0,1.0,1.0,1.0,1.0,1.0,3.3539903464713037,1.0,1.8852020218745498,1.0,1.0,1.0,1.0,1.0,1.0,1.0,1.0,1.0,1.0,1.0,1.0,1.0,1.0,1.0,1.0,1.0,1.0,1.0,1.0,1.0,1.0,1.0,1.0,1.0,1.0,6.452363745563892,1.0,1.0,1.0,1.0,1.0,1.0,1.0,8.383509648463141,1.0,1.0,1.0,1.0,1.0,7.642800517630808,12.96771406029016,2.204437283901913,1.352111957782327,1.0,1.0,1.0,1.0,1.0,1.0,1.0,1.0,1.0,1.0,1.0,1.0,1.0,1.0,1,1,1,1,1,1,1,1.0,1.0,1,19.844117129485632,1.0,1.0,1.0,1.0,1.0,1.0,1.0,1.0,1.0,1.0,1.0,1.0,1.0,25.888958937674264,20.609434318585976,1.0,1.0,1.1026154302142552,1.0,1.0,1.3200406526215374,1.0,1.0,1.4876398700852522,1.0,1.0,1.0,1.0,1.0,1.0,1.0,1.1681812472641468,1.0,1.0,1.0,1.0,1.0,1.0,1.0,1.0,1.0,1.0,1.0,1.0,1.0,1.0,1.0,1.0,1.0,1.0,1.0,1.0,1.0,1.0,1.0,1.0,1.0,2.833279778715223,1.0,1.0
TEST_07+4일,1.0,31.05051283116158,1.258594992192925,1.0,1.0,1.0,4.530115247831108,1.0,1.0,1.0,1.0,1.0,1.0,1.0,1.0,1.0,14.451266506024693,1.0,1.0,15.318431478781083,4.453393878278512,1.0,1.0,1.0,12.356474596298064,13.807166292154083,3.5825855556229778,19.64895849326606,1.53229412264038,1.0,1.0,1.0,1.0,1.0,1.0,1.0,6.711850219160575,1.0258643752543704,1.0,6.895084420032373,1.0,1.0,1.0,1.0,1.0,1.0,1.0,1.0116889984372233,1.0,1.0,3.3414929803078355,1.0,2.2623101445110807,1.0,1.0,1.0,1.0,1.0,1.0,1.0,1.6522806363471882,2.0093161056214788,1.7977337631111114,1.8498173190284992,1.0,1.0,1.0,1.0,1.0,1.0,1.0,1.0,1.0,1.0,1.0,1.0,1.0,1.0,1.0,1.0,1.0,1.0,1.0,1.0,1.0,1.0,1.0,1.0,1.0,1.0,3.332647081464529,1.0,1.0,1.2221210604572577,1.0,1.0,1.0,1.0,12.588950368777416,1.0,1.0,1.0,1.0,1.0,1.0,9.882668443077273,2.3373300291174934,1.0,1.0,1.0,1.0239259262627796,1.0,1.0,1.0,1.0,1.0,1.0,1.0,1.0,1.0,1.0,1.0,1,1,1,1,1,1,1,1.0,1.0,1,14.148868648855595,1.0,1.0,1.0,1.0,1.0,1.0,1.0,1.0,1.0,1.0,1.0,1.0,1.0,28.510578574644512,44.190422343128006,1.0,1.0,1.0,1.0,1.0,1.552525635715574,1.0,1.0,1.0263579337748256,1.0,1.0,1.0,1.0,1.0,1.0,1.0,1.0,1.0,1.0,1.0,1.0,1.0,1.0,1.0,1.0,1.0,1.0,1.0,1.0,1.0,1.0,1.0,1.0,1.0,1.0,1.0,1.0,1.0,1.0,1.0,1.0,1.0,2.4667231261264533,1.0,1.0
TEST_07+5일,1.1149201917683773,69.89204091143125,1.3751173170724622,1.3429236314650725,1.0,1.0,17.618230372404057,1.0,1.0,1.0,1.0,1.0,1.0,1.0,1.0,1.0,24.35492257874257,1.0,1.0,39.594775263411194,17.129412442885823,1.0,1.0,1.0,20.24413105738773,24.496577064310795,4.78894307731338,25.292953705799643,1.9380224343854386,1.0,1.0,1.4352942734588314,1.0,1.0,1.0,1.0,5.8587264632427924,1.0112820728645442,1.0,8.669433195614436,3.395924163039746,1.0,1.0,1.0,1.0,1.1335036010110024,1.0,1.7365346589942001,1.0,1.3337566484014542,4.923943788251777,1.0,2.6441915292562035,1.0,1.0168184584026116,1.0,1.006717163669475,1.0,1.0,1.0,1.4616474195474023,4.263336484146359,1.0,2.4318450496730177,1.4780227973615094,1.3755194666247945,1.0,1.0,1.0,1.0,1.0,1.0,1.0,1.0,1.0,1.0,1.0,1.0,1.0,1.3423311338388566,1.0,1.0,1.0,1.0,1.0,1.0,1.0,1.0,1.0,1.0,19.786626397565648,1.0,1.0,1.6637745201282421,1.0,1.0,1.0,1.0,9.071621613956426,1.0,1.0,1.0,1.1394976062772735,1.0,11.376728206998848,15.254559798082246,11.517634719444244,1.1808240177334515,1.0,1.0,1.4800894112482126,1.0,1.0,1.0,1.0,1.0,1.0,1.0,1.0,1.0,1.0,1.0,1,1,1,1,1,1,1,1.4006822490274375,1.0,1,33.70068666251231,1.0,1.2466847501266645,1.0,1.0,1.0,1.0,1.0,1.0,1.0,1.0,1.0,1.0,1.0,40.04854277015915,51.43872342650046,1.276440630108118,1.0,1.0,1.0,1.0,2.614396632509306,1.0,1.0,1.9402285567327637,1.0,1.0,1.0,1.0,1.0,1.0,1.0,1.0,1.0,1.0,1.0,1.0,1.0,1.0,1.0,1.0,1.0,1.0,1.0,1.0,1.0,1.0,1.0,1.0,1.0,1.0,1.0,1.0,1.0,1.0,1.0,1.0,1.0,3.8419619877822697,1.0,1.0
TEST_07+6일,3.03861154065764,38.010252158164676,6.840662150337529,4.239066763376906,1.0191120026562768,1.1089278674591951,17.63898826727361,1.0,1.2305306834337117,1.0,1.0,1.0,1.0,1.0,1.0,1.0,19.34504243527701,1.0,1.0780460646839685,32.50350752608725,18.325353022118776,1.0,1.0,1.0,16.551684230062232,22.4666138254268,5.879309147191533,63.807682492162776,4.062701334040543,1.2936648554971124,1.6118886180831713,2.8351608477884627,1.5535300932113645,1.0,1.0,1.2811988090972826,15.752090942303578,2.12922982971813,1.2143215327689347,24.55336167851795,5.667396037685165,1.2558126520802773,1.0,1.0,1.0,2.038552183437927,1.0,3.4323603630261177,1.0,2.8469227480053583,7.692099730242653,1.0,4.383371695368742,1.0,1.8723944058304862,1.0,1.3215345318170733,1.0,1.2949160681921046,1.0,5.406440804205603,6.24793933726355,2.954919459502701,3.4719987155583123,2.923927916970369,1.0,1.0814318443390076,1.0,1.7425623608475675,1.1591090885404554,1.2711658188555446,1.4317233085640215,1.0,1.0,1.2723107132402491,1.1662646828892176,1.0,1.0,1.0,1.8811150165053507,1.0,1.0,1.0,1.2869479438867673,1.5216537913780412,1.5656722238009921,1.172376483605576,1.0,1.1307629242632395,1.897094001335661,23.313157427282952,1.371138053448923,2.57523181320626,6.459863344891051,1.9233960866463786,1.0,1.0,1.0,20.82753732274522,3.11580192454819,1.6429946587147537,1.0114026331469137,1.9795105959570836,1.0,15.768897717543966,20.14119880819547,15.493651686124771,3.3087053948935314,1.7189062198639002,1.0,4.1370418961681406,1.0,1.2346728834400933,1.2748419947560918,1.0,1.0,1.4026872014769747,1.1679937182974867,1.465919605925073,1.3693211129921694,1.2491065554503837,1.0,1,1,1,1,1,1,1,1.7540509988634072,1.0,1,12.665594668635626,3.053038067230875,2.131856567349482,2.5840682932703025,1.8382137300188186,1.017608936937578,1.4974760047380444,5.057572943484226,1.3459374733946434,1.0671396634761807,2.0099737025959206,1.6274003046900316,2.679678092646308,1.0,29.83208759148585,67.79861629592332,2.011541884471372,1.0,1.5365154128589655,1.0,1.0,6.485171060612193,1.0,1.0,4.1944125781969515,2.706384586746342,1.0,1.0,1.2918921595997805,1.0,1.5894397508792644,1.0,1.0,1.0,1.0,1.0,1.0,1.0,1.0,1.9912388669326897,1.0,1.0,3.655349314212799,1.0,1.0,1.2338167755582135,1.0,1.0,2.8232491202652454,1.0,1.0,1.0,1.0,1.1418428686447442,1.5965812616050243,3.542165164835751,1.0,1.0,5.92820669291541,1.0,1.0
TEST_07+7일,5.088535697978067,17.890742114847058,10.69112543411829,6.515943122060854,1.2614535917304184,1.6937294195266936,2.852451829002476,1.0,2.2792509493821598,1.0,1.0,1.1523642946742203,1.0,1.0,1.3030581269413233,1.0,1.0,1.8161739773481254,1.8285553545797386,4.429713573933363,2.751599024279814,1.0,1.0,1.0,1.2345264124412885,2.8856450148614923,12.500349818703896,26.54747919653593,4.787750669741691,3.3954837451126076,3.682520497068355,4.178204804985207,2.2131899860756965,1.2675721710364063,1.0,2.1975721041200686,28.534664488733856,3.192000551022056,2.1429367538355617,22.971142627206262,7.392869281414455,1.0596222356983414,1.0,1.0,1.0,2.54738576109618,1.0,5.787219160799875,1.0399285679163628,4.853114716295145,15.270044608711203,1.2026808091566767,6.15938642856504,1.1071671502359328,3.118127837160435,1.0,1.5487259378010103,1.2701005587048946,1.757838214548095,1.18187841553545,11.379987147634866,10.657131442735984,4.818346920775806,9.873573464814525,5.221089376425466,1.4149968399871413,1.3704648052626918,1.4205986865267755,2.720439198082241,1.661903406293853,1.6938790052996713,2.3998479088033187,1.0,1.0,1.977506897957786,1.5766374008083412,1.0,1.0715086267614433,1.0386735342914146,2.404555846312479,1.0535084714466403,1.3916807611757585,1.1700636312269954,1.6049609514178191,2.0327320859210336,2.0221585357840386,1.102612946950558,1.518343024469546,1.8409526612477143,3.8856681158030972,3.994193731592338,2.2639948073806253,5.6056120668125295,11.026722509285761,3.007473586824693,1.3570218884990943,1.123238374389299,1.0247923162542012,2.5006546376431023,7.428908615032656,3.671878581040664,1.8186736708993514,1.4231836840620087,1.0,64.4023851185031,14.211487947333634,20.141498220203214,7.0305299103738745,3.049196828453473,1.2499027724980707,8.692138512235601,1.6388330311620751,2.261496791917373,2.2748354873838914,1.0,1.378522290101042,2.4692932752694157,1.709390426712197,2.8476076162831454,2.4384168988028128,1.9278700244682403,1.0,1,1,1,1,1,1,1,1.153793646119126,1.0,1,3.2881560085636945,6.7913255147447495,2.8939608917219637,4.6040197981894995,3.0443920431460407,1.9052035871924844,2.48528535636836,10.029163210990284,2.8793900183501187,1.8496774879353612,3.695869428768329,3.1804960455647633,5.011491297463978,1.0,25.228494505202857,48.335433597375584,4.133412382877172,1.0,4.97556482487338,1.0,1.0,8.03152555577722,1.0,1.0,9.294418912384025,6.991413986204389,1.0,1.0,6.179304862861774,1.0,3.8294736266748197,2.838960764742461,15.384443811301896,1.0,1.0,1.0,1.047021229751408,1.0,1.0,3.145226919092238,1.0,1.0,6.978617012500763,1.0,1.0,2.9653481220455613,1.0,1.145322024822235,3.5060471445322037,1.0,4.802798464894295,2.0383242443203926,1.0,2.49866402707994,1.9679692089557648,11.8428446771577,1.3375193160027266,1.2684856541454792,7.967946412973106,1.0,1.563290672376752
TEST_08+1일,3.0474682244627074,3.4046083771826376,7.914206979034511,5.414547636206311,1.0,1.5562227622820322,2.366323326266364,1.0,2.7904875489392253,1.0,1.6427043747995864,1.0,1.0,1.0,1.0,1.0,2.276119007867905,1.0,1.0,1.0,3.995539752423053,1.4008292845732397,1.0,1.0,5.411909325177677,1.924229298325211,5.355042404471977,9.855759169755576,17.577259407036905,4.383900416384871,3.849804288224038,5.290076388578092,1.2548999151540916,1.051669512191497,1.0,3.1532888848633567,40.429611302050745,1.0,2.574739967640713,25.724094021712016,20.091524532473116,4.269840387604469,4.088146668452321,1.0,1.0,2.2300788830810854,1.0,3.290852270533037,1.0,2.581163948250691,9.258167948969575,1.1160359998971003,5.466250102719755,1.0,3.917270300389847,1.3210765743382205,1.736954749280579,1.3889230497019738,1.0,1.0,9.745447050187792,11.623381136989185,21.921669806685173,10.732244875499674,16.2423844551546,1.4887439930782704,1.0,1.7702334854734043,3.640475695093431,1.0,1.7743088439361616,1.9365929413929728,1.0,1.0,3.9788586213384085,1.0,1.0,2.0853403236140196,1.0,2.2895705169672045,1.0,1.0,1.0,1.6616651326619174,1.6830292970921323,1.3307505235455968,4.133003976263335,1.6071552021081796,3.203197160053903,5.275235629422209,3.081004850003999,1.639681696650727,3.6079970206986722,5.121894607508062,1.0,1.0,1.0,1.0,19.006606104596816,5.860836928058064,2.6542607599868067,1.0,5.081647234999044,1.0,183.03822444926524,4.452287107754093,36.70153078553571,2.6592300793014783,1.8895710728985142,1.0,2.27972435858715,1.0,1.0,1.4526515757754583,1.0,1.0255703639014935,1.0,1.0,1.4048359602967142,1.9837244298069265,1.0,17.235943373811967,1,1,1,1,1,1,1,1.0,1.0,1,1.7474515179447432,1.4181672898929951,1.0,1.7692380971828838,1.0527563085343918,1.0,1.0,2.08241084086778,1.0,1.0,1.0630245477961924,1.0,4.379080310378048,1.0,8.378044303846805,1.0,7.446016751777293,1.0,5.886269620521627,1.0,1.0,12.485456179427727,1.0,1.0,15.121192977001872,4.524134611853388,1.0,1.0,8.67906394326393,1.0,6.9921789910707,3.3329488890751247,7.170915241777595,1.0,1.0,5.500822695100821,5.609597273609409,5.3449113648284365,1.288694355636835,5.380306073909688,1.063658010189958,3.416562182113221,13.56738808722152,13.399797891484646,2.335113409419958,2.864211592868929,3.1918915286201415,3.519942783211184,49.15251048098813,28.18546609744933,61.45807103389636,15.117450732678694,37.904860447102536,45.530507387544006,23.19122193346363,307.8295643183566,57.81016098961221,73.72067191372409,142.94352420033786,23.892977966615987,59.20600508379703
TEST_08+2일,1.0,24.589911659352047,2.092245582309669,1.5648817939029345,1.0,1.0,12.742775631662322,1.0,1.0,1.0,1.0,1.0,1.0,1.0,1.0,1.0,21.682225947399978,1.0,1.0,15.397009696252674,15.774213257541748,1.0,1.0,1.1973753995742835,9.150708471289438,9.661635193644386,1.2395212377509206,5.854478975830652,8.887309790966114,1.7458710525526275,2.1753421788108294,2.243087360827779,1.0,1.0,1.0,1.3299678542463835,12.793494921018791,1.0,1.1697895430451442,17.359648857912152,11.891734799497659,1.2158602439497996,2.2808423543040672,1.0,1.0,1.0155367131865292,1.0,1.932855291755337,1.0,1.5007836927844105,5.966247788545383,1.0,3.7525368106703985,1.0,1.8422890706390613,1.0,1.0267031974637286,1.0,1.0,1.0,3.9778185693079644,6.201341126225088,12.459281146615222,6.5061172246046715,4.002324296103026,1.0,1.0,1.0,1.0919073114621263,1.0,1.0,1.0,1.0,1.0,1.0625954599986187,1.0,1.0,1.0,1.0,1.0,1.0,1.0,1.0,1.0,1.0,1.0,1.28985897572891,1.0,1.2185012646572293,1.0,8.669141277983053,1.0,1.3489954015058507,1.9887440936579943,1.0,1.0,1.0,1.0,12.02870237415105,2.4690945202535834,1.0222205050211266,1.0,3.532370264626511,1.0,36.07570987255754,68.70838433679327,13.766343781029677,1.1520132274006571,1.0,1.0,1.0,1.0,1.0,1.0,1.0,1.0,1.0,1.0,1.0,1.0,1.0,13.783529687440565,1,1,1,1,1,1,1,1.0,1.0,1,14.983454631514595,1.0,1.0,1.0,1.0,1.0,1.0,1.0,1.0,1.0,1.0,1.0,2.6766335048860146,1.0,37.83815340452881,58.12922947687099,5.1503710426698746,1.0,2.924349447507147,1.0,1.0,7.077018128189231,1.0,1.0,10.636653619390856,2.3159432705912364,45.95688490995406,1.0,4.264853164779854,1.0,3.2760163134985842,1.7300193798253234,3.8857165004962586,1.0,1.0,3.4343499574031346,1.0,1.2255699930232824,1.0,1.0,1.0,1.0,2.6792158372700214,5.894554273856327,1.0,1.0,1.0,1.6075919359987132,16.864517666410052,4.530156746019017,22.15381427119761,4.069731288439716,15.491230468541868,13.556020221251078,6.902105405248666,127.95443198912736,24.518207229678172,32.97169710635397,40.76855097414979,11.841077916845041,18.085692334019324
TEST_08+3일,1.4370580685900296,40.39128327508518,2.337864317671301,1.6649646727726837,1.0,1.0228155097230816,11.032767076325277,1.0,1.6017617765429522,1.0,1.0,1.0,1.0,1.0,1.0,1.0,21.604641519956253,1.0,1.0,37.68477819317898,16.548605190018698,1.0,1.0,1.0,19.780469470698865,14.135831793469531,2.930206696713526,32.513849661549514,10.13761264007777,1.8576755777944367,2.3469967481141882,2.5779134377824464,1.0,1.0,1.0,1.3940018025805636,18.43759243910608,1.0,1.3318821511490173,14.363689579702019,9.804747015943732,1.0,2.516337175829459,1.0,1.0,1.0,1.0,1.773898928006872,1.0,1.368791102125288,6.866108440962042,1.0,4.120065261115824,1.0,2.170579734199688,1.0,1.110586189937408,1.0,1.0,1.0,2.5006985273040527,4.073252216552779,9.84339508110359,6.998025837637325,7.3292630684470605,1.0249422679652604,1.0,1.0857417251659547,1.89881363233681,1.0,1.2741100635966975,1.0702720639695866,1.0,1.0,2.3475785008600667,1.0,1.0,1.2775482166491996,1.0,1.4064476896732936,1.0,1.0,1.0,1.1056527110967342,1.0,1.0,1.8728271589196077,1.0,1.6751248614621648,2.5642046799985,9.710045602942966,1.0,1.7016283544568747,2.677070517740625,1.0,1.0,1.0,1.0,14.49652109821207,3.0588136994635042,1.2575406298885907,1.0,3.9619714183888144,1.0,17.394158285566213,42.25644150496435,7.887219749561277,1.2307300247296444,1.009158895923365,1.0,1.2465793148371633,1.0,1.0,1.0,1.0,1.0,1.0,1.0,1.0,1.0,1.0,26.036230990639332,1,1,1,1,1,1,1,1.0542316833948568,1.0,1,24.64808828758978,1.0,1.1086324303869266,1.071261193821148,1.0,1.0,1.0,1.164018406501632,1.0,1.0,1.0,1.0,2.269909556256831,1.0,97.39311509296991,107.4536327261106,4.4580676037499805,1.0,2.648869992155557,1.0,1.0,6.398463404812952,1.0,1.0,10.237286337538452,1.4600249013145867,134.8980797700995,1.0,3.570470392670066,1.0,3.078403926327408,1.3558191818524907,3.374107203336015,1.0,1.0,3.679419160674891,1.0,1.0,1.0,1.0,1.0,1.0,3.1341915936948035,3.1651103119447455,1.0,1.0,1.0,1.0,21.72742125186709,15.888575159173946,28.032914281542467,8.314549832550867,19.441814681421775,22.42061437180236,11.075284470798188,148.4626432938943,36.50133254682518,54.486828026037,96.6683773336551,22.624712223608608,32.75536908643997
TEST_08+4일,1.9248215021723163,30.153970335764495,2.5524617572873685,2.1893853788757136,1.0,1.168190217055516,13.638640119414434,1.0,2.303541276355894,1.0,1.0,1.0,1.0,1.0,1.0,1.0,29.50212126838359,1.0,1.0,36.103769336077974,9.34285336291535,1.0,1.0,1.0,12.201113465298574,15.91128187146252,3.251698831497583,30.753526200605585,8.8321753106983,1.8364730177226805,2.054092054800849,2.630730195567428,1.0,1.0,1.0,1.8098475072611937,18.684914350173326,1.0,1.4110433011784616,14.182254891629913,8.367244101384433,1.0,2.3576333007456127,1.0,1.0,1.0109843875781026,1.0,1.8955471851158932,1.0,1.3841794821093063,6.344344307796865,1.0,4.1635704052667695,1.0,1.7644894227253007,1.0,1.2191146562027715,1.0,1.0,1.0,3.359759727625274,3.748014441006055,8.411704818542933,7.841521417449293,7.7804387681583735,1.2235100114096786,1.0,1.3037307204246171,2.116378387025229,1.0,1.47447559142645,1.2095914785550965,1.0,1.0,2.689757161548964,1.0,1.0,1.4830088856345829,1.0,1.9001910239612194,1.0,1.0,1.0,1.1641327933162167,1.0333106724268295,1.1765429220409063,1.3076592890757157,1.0,1.7783079913498225,3.310269259970173,14.969311822385842,1.0,1.5658793944977984,3.4936812912619795,1.0,1.0,1.0,1.0,16.52424905173823,3.1280469386240357,1.8351233437895227,1.0,2.7363562007794187,1.3102962404861247,23.476052232623413,54.26789425495459,12.622892706492964,1.2931740539636913,1.0,1.0,1.264403871210222,1.0,1.0,1.0,1.0,1.0,1.0,1.0,1.0255959261029206,1.089169233441695,1.0,17.700644824332773,1,1,1,1,1,1,1,1.3460105841546248,1.0,1,22.222267128202006,1.0,1.0,1.2221798525802205,1.0,1.0,1.0,1.0,1.0,1.0,1.0,1.0,2.180066885132752,1.0,77.58417359441044,84.9784353974042,4.855291830332091,1.0,2.6360196687034785,1.0,1.0,6.996271272209354,1.0,1.0,8.864887330182139,1.2952449838921454,95.32386199915388,1.0,3.4607428070537125,1.0,3.2904431715055686,1.7472887365187586,3.0614563058562623,1.0,1.0,3.6808702025186344,1.0,1.0,1.0,1.0,1.0,1.0,2.0360883307228734,2.150772126475477,1.0,1.0,1.0,1.0,26.74314697288926,12.226783598896457,33.26996856160862,10.402633805615444,20.512323141650192,25.008234411036785,9.766672260706017,164.2934628933469,33.84034238555844,59.51665711922433,90.78925397146779,23.617840219898405,37.256972899132904
TEST_08+5일,2.179064665883756,83.04944073924071,2.5331989566135746,2.1266230727382966,1.0,1.3943574614337861,19.878171574147803,1.0,2.411092346829754,1.0,1.130623276722615,1.0,1.0,1.0,1.0,1.0,59.60932328585841,1.0,1.0,59.58515293177044,24.61005693604941,1.0,1.0,2.564923077923916,23.745371614605517,25.759871650598225,3.393202042189346,56.93590779136588,9.408040354806964,2.5980911865537166,2.3037619525298068,2.884701861139351,1.1826385230818603,1.0,1.0,1.8377781710939645,24.790044485352446,1.0,1.610164752216293,20.045516834499388,8.580031802894855,1.8362012000322627,2.88276080252549,1.0341289326543108,1.0,1.4361149439225562,1.0,2.4650808525444,1.0,1.679985595374287,6.813081123516685,1.0,4.335586980707439,1.0,2.0355610623784646,1.0,1.438798565294153,1.0,1.0,1.0,3.27327479178245,3.860059142149027,9.792082764027349,7.5653138754999,5.846362874357399,1.3889702537634494,1.0,1.305948980901559,2.4686399630358835,1.0,1.693527437445818,1.5469979001214993,1.0,1.0,2.68751880443603,1.0,1.0,1.6515230311708322,1.0,2.3939932796237464,1.0,1.087331353804096,1.0,1.2976691832178224,1.1191642293425526,1.2797576851252992,2.1335740657042948,1.0331043473252772,2.034179354328125,3.3084934590387647,20.302383061576347,1.0528002191005428,1.825717871435965,3.05668529824801,1.0,1.0469479845928782,1.0,1.0,11.808437028858343,3.5157686944753714,1.651380456085633,1.0,3.5324871177081336,1.1387922673929909,15.306478826605076,54.97667573276578,9.96026319143371,1.747197111721891,1.185574621388434,1.0,1.4649555120894,1.0,1.0,1.0,1.0,1.0,1.0,1.0,1.016376046303593,1.042340659520821,1.0,41.90066798831514,1,1,1,1,1,1,1,1.78347438821843,1.0,1,49.4537620136172,1.0567334856447255,1.0,1.5320729459625728,1.0,1.0,1.0,1.3125360241677146,1.0,1.0,1.136938223697431,1.0,2.450687332121749,1.0,96.16205834570967,80.64187156137797,5.313748766953328,1.0,3.1016677109412867,1.0,1.0,7.070674984114503,1.0,1.0,9.492613385148884,1.791100484385127,55.03255857296283,1.0,3.515533024322699,1.0,3.5442912284922703,1.523336021755501,3.39958816885847,1.0,1.0,5.875857749653082,1.0,1.6645919648146894,1.0,1.1221917678244997,1.0,1.0,2.4949168631942293,2.7561382056513266,1.0,1.0,1.0,1.0,36.32506789440386,18.59391813591774,41.6649668455687,12.549919000354679,28.182985677057648,31.383275676362917,15.727573619894148,166.89779854366708,42.515401196893535,62.22811791906995,97.09406306121988,17.897033534421436,40.2741153027422
TEST_08+6일,5.5870801735402935,51.08836116063549,5.68685711894266,4.069984260251174,1.1873645957792314,2.1721931853005145,30.494425364903993,1.0,4.402290595328347,1.0,2.599441240121808,1.0,1.0,1.0,1.3121652323752642,1.0,61.331151825387025,1.1427324032386779,1.1884778137196177,53.5848454794132,33.19808737546644,1.8297567475211571,1.0,3.1472566018983996,40.079036345156055,23.724881076479107,12.03514151815048,76.21954795288661,11.459049901245608,3.841191925285535,3.2178689788757753,4.422060061334346,2.0360022460469414,1.2354275784720192,1.0,2.9937446909033194,36.19133157311085,1.0,2.0936432910905483,34.859752638864265,11.428498051295314,1.9657200915320452,3.939412903528016,1.214819229358113,1.2252779546205799,2.4703132507387395,1.0,3.622683826234937,1.0,2.553448583614568,9.50552250747356,1.0208254121346174,5.775556702510702,1.066543268004567,3.3299537761559264,1.275331778570141,2.383259837564328,1.7425846944839933,1.5549429375880182,1.0,7.895762009750567,4.957946388654166,10.924266983623095,10.89987087086827,8.456606596320448,1.7517557383895754,1.0,1.8346279102591059,3.492889958447948,1.0,2.271006817944115,2.0798758026251862,1.104685812822137,1.2238837176387394,3.613370695372924,1.0949477764778566,1.0,2.0186980470552087,1.3047067118141913,2.7727611104169085,1.3021626717017345,1.5346541115184467,1.3204125040971042,2.5137015627337322,1.7684612813464156,2.10323298148141,5.701892644903433,1.7133370776361077,2.760902403159398,4.446239326759142,21.073063526946044,1.6637874729076298,3.5630649259305196,5.89421177396877,1.0,1.4219739571953767,1.0,1.0,19.165129569310416,6.259488649560528,2.6960559348946913,1.081617223183636,4.082318412266218,1.5791114705557632,71.45813440463758,50.54787724640368,16.3047041262684,2.7484536872051026,2.236353941496275,1.1503736160029183,2.601047715633587,1.1586606024684551,1.3458061474443506,1.6080903938038933,1.0,1.2419285335560315,1.1971353261149944,1.3230951436306602,1.7192457744835568,1.812329968862163,1.0,31.49730005301946,1,1,1,1,1,1,1,1.8334062945947578,1.0,1,31.391686048656467,3.5085601445657164,2.6376972640969276,4.891557981289949,1.7476484923346585,1.0,1.832915060667054,6.837240642967744,1.0,1.435121699012513,3.176368604805938,1.7045546385338592,3.6865400193567814,1.0,85.92966389801762,86.62304562089568,6.0124183562855364,1.0,4.448012807644574,1.0,1.0,9.603380682316736,1.0,1.0,13.41220076301292,3.3602537971110156,28.48218747841222,1.0,5.545405476256505,1.0,4.8307127987921685,2.3505968683836596,4.715366970742495,1.0,1.0,6.995772311883251,1.9640937199819621,1.0778530553818837,1.0,5.2474874624209304,1.573579917999403,1.4522012855749404,5.9040594455405095,8.780697578104228,2.2794307928171222,4.139955943083635,2.169990706049191,1.5690835221022013,42.658414493755835,20.712179927158402,45.73924914381469,18.701134355637468,34.64923386789336,33.50174746251152,22.330704189438556,233.28633253660956,46.7294409692084,61.8675802244749,111.16001485324347,34.98209867770494,41.16803704120443
TEST_08+7일,9.334878684215125,6.462175000537445,10.66519896845221,8.058763683278098,2.002740427396443,2.939915735834738,6.299540620294562,1.0,5.132372847861952,1.0,4.067055022489207,1.4343532288476584,1.0,1.0,1.82297358289361,1.0,11.912017786159431,1.9793641643665212,1.585826554617113,24.005481984066353,8.92550688889829,2.872614720640679,1.2622420747286527,1.0,17.169127640124724,5.189633548757998,4.124166250871623,29.734386445842233,16.137355621937964,5.268359817027697,4.494139270563453,6.2072303387686105,2.378576218149822,1.6310694717191363,1.0,5.02095049699132,63.25171404511601,1.0,3.4883874014251104,41.30129666687145,19.908439174014088,4.003777875256429,4.791183355355696,1.2382978603993335,2.2025728407853964,3.237275768512917,1.0123063197112774,4.3013800084810985,1.0,3.732718197993327,11.304550759372862,1.9184605424831902,7.295451871915713,1.2127835938609373,5.333789877298609,2.1198622222826438,3.114199766340065,2.5774064039866427,1.9432972715658734,1.0,11.927141787011916,8.628076932772139,19.561316370842455,13.169545451942112,14.8960610698775,2.1952725822290047,1.2903764644540083,2.494045717135225,4.8991150870869395,1.0,2.7847635311063903,2.448514125362192,1.5076555896761392,1.8089020197464534,5.143997431489933,1.144978106814055,1.0,2.515355734957098,1.407773868049462,3.2421582055446576,1.4405725816167128,1.845241465833102,1.692128670773666,2.7885343970481697,2.3153399214353376,2.631798469459672,2.772779751166818,2.0740419865071082,3.540554103424362,6.428755871911491,1.0,2.0870914986880167,4.7667016096959784,11.237700456168339,1.2050372023588865,1.3708014518611595,1.5992018032199555,1.0427968193299024,7.42509928254408,10.368206641649177,4.250440669416262,1.5299038061774504,6.856062965427524,1.5940130768810492,173.20253066494195,2.715186818026718,31.384544244841223,3.66064705708538,3.2531363662071584,1.6534764468148389,3.5275356662757855,1.546794472194391,1.6700927793458142,2.4110715674587215,1.0,1.8639756823994182,1.5210220375931989,1.512932333372241,2.2880989181995908,2.6557848343918273,1.0,20.00681813459906,1,1,1,1,1,1,1,1.1329199919634612,1.0,1,6.767951357491316,5.275178358868683,3.2821055986087675,7.39410422746106,2.7639926495185376,1.1764195366053773,3.011197359683957,10.323754691367155,1.2721535764287395,2.091394174275895,4.14739604518555,2.715541531471406,6.408798329266881,1.0,15.414342587692445,16.875671437159824,9.282379697277433,1.0,7.50868206772254,1.0,1.0,14.083261308460727,1.0,1.0,21.13412725868827,5.840560520199682,29.892089258463926,1.0,10.079990653956422,3.771603065152073,7.882664816885895,4.2009410988845834,8.230987508687502,1.0,1.0,9.374936393019244,7.371556802583131,6.026445597576743,1.0872991159558296,15.34693143962091,7.659933186653886,4.465259514505776,16.79571932177796,18.076954832266686,3.3234432111841268,3.524286433407189,8.847339146125474,5.051914569395175,51.48612424268515,33.91417682799817,62.9047266052417,24.262905632774128,43.81923720568243,47.37006725872972,33.78465488718342,327.76388545091027,70.24777122548478,81.2321623325858,135.43031657677653,34.68422628721286,61.75066616617554
TEST_09+1일,6.73126539371789,1.0,7.780523108254002,3.6185126179768776,1.0,1.5757669801118772,1.0,1.8210801119616633,1.985304836393323,1.0,1.0,1.0,1.0,2.594408708011531,19.48869203420497,1.3838029808802352,1.0678796935826538,1.0,1.5018894696113096,1.0,1.0,1.0,1.0,1.0,3.5583291007153757,1.0,1.3598054968738842,3.1091387236825794,10.39015937002441,4.808124909966723,2.7570857490635805,4.439759235436309,2.6052549143443513,1.4720566553079055,1.0,2.794353370596002,34.32496110658208,1.0,3.78974496365591,28.494984169153657,16.03676178841993,1.5162168344032503,4.218520578167104,1.0,1.0,1.2924710128754033,1.0,3.171613085758337,1.0,2.1022359955153833,13.027281988377315,1.0,6.084858767985653,1.0,3.646938877760955,1.0,4.038582276268144,1.0,1.0,1.0,8.661220904250268,13.885840616255246,18.81637917784817,10.795783032003182,9.166773701268163,1.016557186720713,1.0,1.075399236653921,2.962287974912298,1.0,1.256356096382791,1.4783662995163938,1.0,1.0,1.815206699101766,1.0,1.0,1.1999558260046603,1.0,1.7057028463305444,1.0,1.0,1.1254363210908434,1.0,2.058149724078877,1.3165860376971752,1.0,1.0,1.240491276138453,2.4206291376322033,19.68944635428262,1.0869454043022655,4.11186822927731,5.613349873305479,1.0,1.0,1.0,1.0,25.113176551856565,3.2385321273242447,1.2360407570519452,1.0,4.636866443402109,1.0,148.32749146958616,8.09849515104575,43.65810889598471,3.4385786130429143,2.6866575101677617,1.0,2.2307906187011524,1.0,1.0,1.0,1.0,1.0,1.7496298573546878,1.2612267933064623,1.210243251724465,1.1305997038402562,1.0,2.3237331140568003,1,1,1,1,1,1,1,1.0,1.0,1,4.905139677375402,1.0,1.0,1.0,1.0,1.0,1.0,1.2564013506280423,1.0,1.0,1.0,1.0,8.187935774397758,1.0,1.6458530478395972,1.0,8.880148248676273,1.0,6.430647098844866,1.0,1.0,16.76216168039699,1.0,1.0,20.222650454679417,8.169015376848463,1.0,1.0,10.751090378921376,1.0,7.303072226236044,4.88469853531646,7.627699014264222,1.0,1.0,7.6955793804647845,1.7626766092143953,1.3454049818683416,1.3750157207250595,7.692323343951176,1.5118203359746354,8.877382730877809,19.567465814066544,11.549980289778269,2.431995834049159,3.9759638188420174,3.789652148420199,6.230252718816915,32.74349829845909,15.533353422679639,38.36823243337945,13.541440190816768,24.97445623917519,24.115623687965495,12.563890947969718,137.74312688769461,35.267603839857976,65.00440153543244,67.47602385580196,17.005487112266888,43.76682024429558
TEST_09+2일,1.7761067880668742,21.061594792124325,2.919814106128104,1.0519030846833934,1.0,1.0,10.52082862693612,1.0,1.0,1.0,1.0,1.0,1.0,1.0,9.411393340216916,1.0,24.429553806080698,1.0,1.0,22.841710902130018,13.60275366013874,1.0,1.0,1.0,4.921484737473777,9.404958097777412,4.7465565598115855,10.242972328477894,5.676383589288044,2.2320801590579444,1.9247096497101384,2.0072385888170827,1.0,1.0,1.0,1.0805707416669164,7.202198645450845,1.0,1.4693875246428199,13.973750217514834,7.408934641280808,1.0,3.098203321284209,1.5760431106506196,1.0,1.0,1.0,2.376263725431178,1.0,1.5909994138510233,7.927269141382272,1.0,5.405131234227907,1.0,1.3423556602559517,1.0,1.6837720075846692,1.0,1.0,1.0,4.300078293794187,4.52643155948079,12.271809259918822,9.20087352360497,5.175514475079232,1.0,1.0,1.0,1.0,1.0,1.0,1.0,1.0,1.0,1.0,1.0,1.0,1.0,1.0,1.0,1.0,1.0,1.0,1.0,1.1453415268868463,1.0,1.0,1.0,1.0,1.0,35.03855309404682,1.0,1.8994920058227933,3.3310167247208025,1.0,1.0,1.0,1.0,14.355704371557906,1.775286846378329,1.0,1.0,4.506639625559861,1.0,20.783824540912338,26.9317322172015,15.598256523520385,1.7582280396557532,1.8368217197540617,1.0,1.3354674706241778,1.0,1.0,1.0,1.0,1.0,1.0,1.0,1.0,1.0,1.0,10.217284019949389,1,1,1,1,1,1,1,1.0,1.0,1,11.264699621252124,1.0,1.0,1.0,1.0,1.0,1.0,1.0,1.0,1.0,1.0,1.0,3.2886807641126787,1.0,6.832893164398441,75.81364367871805,5.165349895509819,1.0,3.717776320300919,1.0,1.0,8.793628073438184,1.0,1.0,10.991159075736382,3.2685709203472815,1.0,1.0,5.431866423000481,1.0,3.3285684621976124,2.302514716222643,4.890683414536829,1.0,1.0,4.649306913726058,1.0,1.0,1.0369394905865192,1.6554866272466893,1.0,4.376028978893331,5.904899808041527,6.16929733202122,1.8293880574507717,1.1200575633943253,1.0,1.5044481307268143,7.735094603955916,4.227391902667891,10.840010249011183,3.017424698555544,9.477088497677506,7.225266013419245,3.2340873827926693,35.90773756877946,14.699904068912566,10.024002556554965,26.429616706232643,6.014898922322251,16.493941003167205
TEST_09+3일,1.446609969258339,22.049485836827653,2.9133307251303537,1.1894316265616678,1.0,1.0,10.864353011659173,1.0,1.0,1.0,1.0,1.0,1.0,1.2214372678268999,8.169763840969726,1.0,18.28280355777759,1.0,1.0,17.928874891713676,5.382638821917531,1.0,1.0,1.0,36.44828868497352,9.71394298869543,2.020238047978838,25.45584956801435,4.708146223258861,2.0407346864026668,1.87857523994337,2.0772751326122743,1.0,1.0,1.0,1.186078915400353,13.236187612432998,1.0,1.601303031446431,21.59681507168851,4.652473186548483,1.0302423266699856,2.8831116314943634,1.0,1.0,1.0,1.0,2.5347604531568075,1.0,1.9862363537079488,8.542756773930746,1.0,4.243676114789371,1.0,1.6502122450269003,1.0,1.7080810485236408,1.0,1.0,1.0,3.131783184310474,5.215083603910195,13.23042116963913,9.183186034347587,4.831312267600955,1.002969717788795,1.0,1.0,1.9328046557136338,1.0,1.0,1.0,1.0,1.0,1.0648158659066849,1.0,1.0,1.0,1.0,1.0,1.0,1.0,1.0,1.0,1.6780673347367263,1.2746617448055744,1.0,1.0,1.0,1.4459695896674245,38.70109406681466,1.0,1.9222766814779222,3.1662263097263152,1.0,1.0,1.0,1.0,13.19419381528042,1.7832890119287215,1.0,1.0,2.631124660944537,1.0,5.271642255662752,23.41009878985433,5.386844682305151,1.742421880114335,2.1183339451653915,1.0,1.8495267826547215,1.0,1.0,1.0,1.0,1.0,1.0,1.0,1.0,1.0,1.0,16.722436565810415,1,1,1,1,1,1,1,1.0,1.0,1,19.17012240009281,1.0,1.0,1.0,1.0,1.0,1.0,1.0,1.0,1.0,1.0,1.0,2.732033323900537,1.0,57.17583564186608,91.78781934243234,4.332799186130604,1.0,3.0596283631914805,1.0,1.0,7.113895719350463,1.0,1.0,10.334778782808641,2.217873154528984,1.0,1.0,4.31352980613662,1.0,3.115009276227789,1.660213498692049,4.566090852639308,1.0,1.0,3.850650614602825,1.0,1.0,1.0,1.0,1.0,2.451463728555848,3.4608610438416143,2.5838237134739757,2.8840632214394644,1.0,1.7297701725310963,1.4739705626753916,9.678034331032165,7.05003991702466,11.908001087699834,4.120797470422882,8.9756803548659,6.32351119963803,3.835750487161029,36.03809014000736,19.261643287617712,34.7377755436674,40.291447820571484,15.902035157468946,15.364146801784038
TEST_09+4일,2.024675558591216,29.862794541916,2.840794520122072,1.7993172247457014,1.0,3.0977816875578124,13.985508375754767,1.0,1.1521214435081137,1.0,1.0,1.0,1.0,1.4440667919694823,9.244044195455047,1.0,31.128634781519594,1.0,1.0,37.12584608768462,13.903638416296058,1.0,1.0,1.0,7.956735541730053,4.543358814780444,4.3949793971376225,20.127858021319753,4.925638793926524,1.7364511684957475,1.3716958101466266,1.9461290831195646,1.0,1.0,1.0,1.157677645028947,13.50362568611498,1.0,1.4410325268234971,17.062180096225415,4.562376551951191,1.4417948833023502,2.5411946099466256,1.0254041883675413,1.0,1.0,1.0,2.2312760244258367,1.0,1.5885897322533884,10.23843912659433,1.0,4.996436094730459,1.0,1.2253461146333327,1.0,1.0,1.0,1.0,1.0,3.516104812848175,4.450716055334562,9.844228495894189,6.397668531285278,4.555854477729663,1.0,1.0,1.0,2.10546452837117,1.0,1.0,1.0,1.0,1.0,1.296323975947747,1.0,1.0,1.0,1.0,1.4793299171748413,1.0,1.0,1.0,1.0,1.6198809632091122,1.4326423675946607,1.054635554067369,1.0,1.0,1.9299669526397625,19.770312341293835,1.0,1.824846197882123,3.205630216789505,1.0,1.0,1.0,1.0,12.641962270187602,1.4436112584373297,1.0,1.0,3.1669638362517176,1.0,7.752786492938408,33.417960885989935,4.641593238721602,1.6628458766488423,1.6009837293241498,1.0,1.5268898795625212,1.0,1.0,1.0,1.0,1.0,1.0,1.0,1.0,1.0,1.0,14.740575749674198,1,1,1,1,1,1,1,1.0,1.0,1,8.513943459723118,1.0,1.0,1.0,1.0,1.0,1.0,1.0,1.0,1.0,1.0,1.0,2.9720442705848,1.0,34.77058131492848,67.79061054117383,4.324316486557917,1.0,2.5330759653894486,1.0,1.0,6.640836092319219,1.0,1.0,8.839601560067004,1.6901237986358684,1.0,1.0,4.1774355312897,1.0,2.9356205337741157,1.7690856965478516,3.716823578230117,1.0,1.0,3.258540577870218,1.0,1.0,1.0,1.0,1.0,1.4356320114284589,1.8721375187376537,2.680370353807611,1.0,1.0,1.0,1.0682349336279908,10.620471352783552,5.611905912710373,16.3410591954442,6.842595183025482,11.060345281820624,9.795438982179867,4.444432006417767,43.42407746854333,22.26911824075895,30.03845090074503,39.73905711441151,10.044753321302245,16.83370291366191
TEST_09+5일,2.3194488678770098,74.7951880917546,3.146162306516778,2.0477998735247542,1.0,1.1990384157111076,33.84931581364013,1.2752381148152767,1.5977492708349743,1.0,1.0,1.0,1.0,2.1588690173394314,13.162285745560183,1.0,84.8637907230384,1.0,1.0,76.18292037295802,31.986174142180314,1.0,1.0,1.0,13.039007708324176,11.578686156218929,9.958530877916832,24.27695493443364,4.142327914749943,2.2593065582002883,1.7099957681880569,2.3058267867737667,1.217574804864948,1.0,1.0,1.7049781753521291,23.284661463146673,1.0,1.6157120884169023,21.672654637426646,4.489052856309167,1.1523852135079573,2.8563345837081866,1.339020429912454,1.0,1.3062087015112862,1.0,2.694099218277818,1.0,1.7499751379657407,6.328202042103268,1.0,5.5301447956076,1.0,1.6374248973713492,1.0,2.369293855529985,1.0,1.0,1.0,3.4359344053802148,4.781823781432218,7.933950690074889,7.096390421591356,3.943501404963168,1.0,1.0,1.0,2.248623590279502,1.0,1.0,1.2689120878059228,1.0,1.0,1.3151115271478067,1.0121738582222592,1.0,1.0,1.0,1.898355324867285,1.0,1.0,1.0,1.0,1.8851203192818389,1.6486281570616776,1.0,1.0,1.2881209709643398,2.0371356818241333,61.04531364230897,1.0,2.0585495025861693,2.914625283692516,1.0,1.0,1.0,1.0,13.040608846298257,1.5619964338374257,1.0,1.0,3.905502056150084,1.0,8.18567401145684,47.40805441768434,13.937852745608925,2.417132532574957,1.8961210057928528,1.0,1.9072332637955716,1.0,1.0,1.0,1.0,1.0,1.130104944405451,1.0,1.0,1.0,1.0,35.79351507484068,1,1,1,1,1,1,1,1.0,1.0,1,22.57234154897964,1.0,1.0,1.0,1.0,1.0,1.0,1.0,1.0,1.0,1.0,1.0,3.369281822425034,1.0,52.2921257746932,129.92022418268306,4.954476513619828,1.0,3.065355089932145,1.0,1.0,8.515299088374991,1.0,1.0,10.030693188491844,2.4172756517463836,1.0,1.0,4.085424864830309,1.0,3.568421597129145,2.221124383512324,3.68236670541719,1.0,1.0,4.035053976719488,1.0,1.0,1.0,1.9976933292234154,1.0,2.359302892743279,1.521395201817426,3.0922823195286795,1.0,1.0,1.0557973813265562,1.3111371709955022,15.55884885965305,9.990990653886472,22.587197620955173,9.952299964973164,13.715329896343803,9.890451284194082,5.250965458204437,52.00257061824475,20.667673578779407,35.30316079075183,53.11091039752256,13.29237735058345,13.860874452823902
TEST_09+6일,4.891978252378432,36.541733642422926,5.919333114955208,4.295807818040501,1.4596148183154536,2.504976365199089,19.75295358765921,1.4574944416589701,2.924310818488191,1.0,1.0,1.0,1.0,3.7292762185673434,24.42031767033885,1.3806913411962667,35.528261359625475,1.0,1.7666786918264048,56.45095955397949,20.33111179655787,1.0,1.0,1.0,15.421372959319083,16.640350749807016,7.477406598943017,38.072789196328955,6.0345884573175885,3.60071690667333,2.7305775414591005,4.105996504922422,2.1508434384607726,1.5707014263961163,1.0,2.10824854692402,34.14879212714911,1.0,2.725638383368336,25.643331213514173,8.417008097113975,1.2845008207072013,4.032917604576335,1.0726500758340447,1.0,2.3964799595886754,1.0,3.937581391886728,1.0,2.431552475564595,11.801103059953434,1.0,6.653574372409302,1.0,2.9021929743126367,1.0304005283719049,2.5325633271345174,1.0,1.2618054969014225,1.0,6.758980033546967,5.289149241740013,9.860421929162333,12.039560549696139,6.669433574325452,1.5337460092571946,1.1053919516561552,1.2065174383305732,3.413309831561348,1.0,1.7218584765542695,1.738146467356458,1.0,1.0,1.6760287432449787,1.4914479872761874,1.0,1.366910199251647,1.1489862697662578,2.324539737262103,1.0897127750167481,1.0446808245990105,1.3506678975987618,1.3491733593718818,2.3508006534679735,2.4232990121390046,1.419977147616693,1.388117521019256,1.406916287098593,2.8187007063027822,54.43292734895929,1.3597714297342485,3.985448583380165,6.285890200505587,1.0,1.0,1.0,1.0,24.943539933475915,3.56239557139604,1.995648480195801,1.0115193153353248,5.948725036859389,1.0,19.06526313941097,48.509506256015975,13.750694685716223,3.657557986452593,3.641961023476464,1.2193490895576262,3.059392525982972,1.0,1.492417268858113,1.1590164809068364,1.0399971649147126,1.0733495889009534,1.9515416766462148,1.6554787863555784,1.9956036311087555,1.4160716956937904,1.0,19.445345234404055,1,1,1,1,1,1,1,1.0,1.0,1,35.32083611162511,2.536353073082036,1.7671915914967797,3.073654440570776,1.5495174828335248,1.0,1.635536642245199,4.453064103668728,1.0,1.0,2.2252672114507464,1.194873528541122,5.721665341314289,1.0,109.42221677310081,118.68495928943942,6.338575836829726,1.0,4.6816927546799665,1.0,1.0,12.858397997894919,1.0,1.0,15.068719812920786,4.9642399032001165,1.0,1.0,6.947752501955939,1.0,5.192755849401224,2.897942052181105,4.989747645060818,1.0,1.0,6.981454215754056,1.5173737658187747,1.0313056488521397,1.0,4.875337220013547,1.0,4.844733861237112,6.759720164850096,5.602058182553399,2.156142473299969,2.20200923308754,2.4699127233133393,3.037471902257889,22.615016222879067,12.678730919620524,34.050824564296335,14.694288835914458,18.71091557339896,13.054738751936464,8.721753876942788,107.38516065007315,30.652403511999168,41.86550832232734,59.64219587813505,18.615628707305245,26.315583710265336
TEST_09+7일,9.289301336092269,3.8808013275103224,11.289412917606747,9.007360941300858,2.871804517774627,3.8330207696113567,2.2216306578140483,3.9375824740117116,4.740334076901087,1.337898001405191,1.0,1.4068837698404288,1.9392357700567395,5.487133373739907,32.930966262490514,2.385224481970927,5.231435900917248,1.5873929596987089,2.63776756860499,4.5249293012555025,3.0560281729689707,1.0,1.0885632923279218,1.0,1.3500229260919234,3.2793615915474117,9.330017475081215,18.64673648524586,10.92012298755148,5.120480479817924,3.736067756710954,6.9136323595773295,3.7085571160317263,2.53933961454022,1.0,2.838263559964658,51.102573732240934,1.0,4.672103179730631,40.30749989527115,16.163952141583017,2.246853396252031,5.030536610545728,1.0,1.2813872965651998,2.8164827386307976,1.0631030248578823,4.304617918812438,1.0,3.0969372806031497,17.132654073770517,1.443388120331193,8.796139477885774,1.0,4.557284318416649,1.2891276296825525,6.089702306901809,1.5732306286670978,1.5857865680902408,1.0060105503435637,12.980703513305244,10.93425759498464,15.276404615536801,17.895091615741336,10.946701091116594,2.2935929002965505,1.5903860803548788,1.777911226674603,4.775036343820157,1.0,2.0850497652802673,2.3494863326066504,1.1924368795058669,1.051411006732535,2.709100938345718,1.5986710262150878,1.0,1.6021727731224127,1.4010875758576948,3.0554144491808883,1.3240288137134635,1.7372851602282842,1.9188400371064038,2.187142278563572,2.9979326576365097,2.98447340746651,1.4574773604006281,1.9204238352227767,2.1021792651743105,4.572649033484679,1.0,1.8997789053310246,6.378635914354124,10.95650165703782,1.5815461597886402,1.236482555655674,1.0,1.0,16.806792011871007,4.975076278832644,2.6552314866784705,1.4536454381790624,5.866983801836294,1.0,134.74960388931615,8.944647078357008,22.881141541833394,5.383629313059423,4.779364323151912,1.5511101698782035,3.6064285284799507,1.780601372008385,1.7762212314683574,1.9048251806270315,1.0877782513232166,1.5231490846774518,2.65329784155014,2.5685477961212038,2.68197796134236,2.3066935735881193,1.0,3.492418500675724,1,1,1,1,1,1,1,1.0,1.0,1,16.348972002062435,4.064421151347853,2.580557825739298,4.089484988571877,2.035861460845542,1.0,1.7046199467826444,6.675809555139368,1.1351718034450506,1.0,3.2147556173741685,1.7570446010534262,10.207562980884987,1.0,24.885041218486116,26.219633849658493,10.612649545972431,1.0,8.171068054259008,1.0,1.0,20.55159782523842,1.0,1.0,22.782882681651795,8.971963283057768,1.0,1.0,13.027577066150638,1.863339663024634,9.14708618587525,5.320017503611566,9.177779003883341,1.0,1.0,12.61479216996073,2.1098170755431056,1.6538599950727075,1.2323943302035332,11.361818697790753,2.5057545976099806,11.640709027607244,16.113098155496687,16.194933865739152,5.034614300171393,3.9444163467693283,7.265482087902766,5.668633634849517,39.6419143383656,23.031217035237816,55.49156530552578,20.86223517798853,33.477620731259194,29.660892866346014,16.626469934813237,179.95030963822478,50.18165628393999,65.53728579726874,110.86839195936896,19.629120204935703,41.03396992327287
