영업일자,느티나무 셀프BBQ_1인 수저세트,느티나무 셀프BBQ_BBQ55(단체),"느티나무 셀프BBQ_대여료 30,000원","느티나무 셀프BBQ_대여료 60,000원","느티나무 셀프BBQ_대여료 90,000원","느티나무 셀프BBQ_본삼겹 (단품,실내)",느티나무 셀프BBQ_스프라이트 (단체),느티나무 셀프BBQ_신라면,느티나무 셀프BBQ_쌈야채세트,느티나무 셀프BBQ_쌈장,느티나무 셀프BBQ_육개장 사발면,느티나무 셀프BBQ_일회용 소주컵,느티나무 셀프BBQ_일회용 종이컵,느티나무 셀프BBQ_잔디그늘집 대여료 (12인석),느티나무 셀프BBQ_잔디그늘집 대여료 (6인석),느티나무 셀프BBQ_잔디그늘집 의자 추가,느티나무 셀프BBQ_참이슬 (단체),느티나무 셀프BBQ_친환경 접시 14cm,느티나무 셀프BBQ_친환경 접시 23cm,느티나무 셀프BBQ_카스 병(단체),느티나무 셀프BBQ_콜라 (단체),느티나무 셀프BBQ_햇반,느티나무 셀프BBQ_허브솔트,담하_(단체) 공깃밥,담하_(단체) 생목살 김치전골 2.0,담하_(단체) 은이버섯 갈비탕,담하_(단체) 한우 우거지 국밥,담하_(단체) 황태해장국 3/27까지,담하_(정식) 된장찌개,담하_(정식) 물냉면 ,담하_(정식) 비빔냉면,담하_(후식) 된장찌개,담하_(후식) 물냉면,담하_(후식) 비빔냉면,담하_갑오징어 비빔밥,담하_갱시기,담하_공깃밥,담하_꼬막 비빔밥,담하_느린마을 막걸리,담하_담하 한우 불고기,담하_담하 한우 불고기 정식,담하_더덕 한우 지짐,담하_들깨 양지탕,담하_라면사리,담하_룸 이용료,담하_메밀면 사리,담하_명인안동소주,담하_명태회 비빔냉면,담하_문막 복분자 칵테일,담하_봉평메밀 물냉면,담하_생목살 김치찌개,담하_스프라이트,담하_은이버섯 갈비탕,담하_제로콜라,담하_참이슬,담하_처음처럼,담하_카스,담하_콜라,담하_테라,담하_하동 매실 칵테일,담하_한우 떡갈비 정식,담하_한우 미역국 정식,담하_한우 우거지 국밥,담하_한우 차돌박이 된장찌개,담하_황태해장국,라그로타_AUS (200g),라그로타_G-Charge(3),라그로타_Gls.Sileni,라그로타_Gls.미션 서드,라그로타_Open Food,라그로타_그릴드 비프 샐러드,라그로타_까르보나라,라그로타_모둠 해산물 플래터,라그로타_미션 서드 카베르네 쉬라,라그로타_버섯 크림 리조또,라그로타_빵 추가 (1인),라그로타_스프라이트,라그로타_시저 샐러드 ,라그로타_아메리카노,라그로타_알리오 에 올리오 ,라그로타_양갈비 (4ps),라그로타_자몽리치에이드,라그로타_제로콜라,라그로타_카스,라그로타_콜라,라그로타_하이네켄(생),라그로타_한우 (200g),라그로타_해산물 토마토 리조또,라그로타_해산물 토마토 스튜 파스타,라그로타_해산물 토마토 스파게티,"미라시아_(단체)브런치주중 36,000",미라시아_(오븐) 하와이안 쉬림프 피자,미라시아_(화덕) 불고기 페퍼로니 반반피자,미라시아_BBQ Platter,미라시아_BBQ 고기추가,미라시아_공깃밥,미라시아_글라스와인 (레드),미라시아_레인보우칵테일(알코올),미라시아_미라시아 브런치 (패키지),미라시아_버드와이저(무제한),미라시아_보일링 랍스타 플래터,미라시아_보일링 랍스타 플래터(덜매운맛),미라시아_브런치 2인 패키지 ,미라시아_브런치 4인 패키지 ,미라시아_브런치(대인) 주말,미라시아_브런치(대인) 주중,미라시아_브런치(어린이),미라시아_쉬림프 투움바 파스타,미라시아_스텔라(무제한),미라시아_스프라이트,미라시아_애플망고 에이드,미라시아_얼그레이 하이볼,미라시아_오븐구이 윙과 킬바사소세지,미라시아_유자 하이볼,미라시아_잭 애플 토닉,미라시아_칠리 치즈 프라이,미라시아_코카콜라,미라시아_코카콜라(제로),미라시아_콥 샐러드,미라시아_파스타면 추가(150g),미라시아_핑크레몬에이드,연회장_Cass Beer,연회장_Conference L1,연회장_Conference L2,연회장_Conference L3,연회장_Conference M1,연회장_Conference M8,연회장_Conference M9,연회장_Convention Hall,연회장_Cookie Platter,연회장_Grand Ballroom,연회장_OPUS 2,연회장_Regular Coffee,연회장_골뱅이무침,연회장_공깃밥,연회장_돈목살 김치찌개 (밥포함),연회장_로제 치즈떡볶이,연회장_마라샹궈,연회장_매콤 무뼈닭발&계란찜,연회장_모둠 돈육구이(3인),연회장_삼겹살추가 (200g),연회장_야채추가,연회장_왕갈비치킨,연회장_주먹밥 (2ea),카페테리아_공깃밥(추가),카페테리아_구슬아이스크림,카페테리아_단체식 13000(신),카페테리아_단체식 18000(신),카페테리아_돼지고기 김치찌개,카페테리아_복숭아 아이스티,카페테리아_새우 볶음밥,카페테리아_새우튀김 우동,카페테리아_샷 추가,카페테리아_수제 등심 돈까스,카페테리아_아메리카노(HOT),카페테리아_아메리카노(ICE),카페테리아_약 고추장 돌솥비빔밥,카페테리아_어린이 돈까스,카페테리아_오픈푸드,카페테리아_진사골 설렁탕,카페테리아_짜장면,카페테리아_짜장밥,카페테리아_짬뽕,카페테리아_짬뽕밥,카페테리아_치즈돈까스,카페테리아_카페라떼(HOT),카페테리아_카페라떼(ICE),카페테리아_한상 삼겹구이 정식(2인) 소요시간 약 15~20분,포레스트릿_꼬치어묵,포레스트릿_떡볶이,포레스트릿_복숭아 아이스티,포레스트릿_생수,포레스트릿_스프라이트,포레스트릿_아메리카노(HOT),포레스트릿_아메리카노(ICE),포레스트릿_치즈 핫도그,포레스트릿_카페라떼(HOT),포레스트릿_카페라떼(ICE),포레스트릿_코카콜라,포레스트릿_페스츄리 소시지,화담숲주막_느린마을 막걸리,화담숲주막_단호박 식혜 ,화담숲주막_병천순대,화담숲주막_스프라이트,화담숲주막_참살이 막걸리,화담숲주막_찹쌀식혜,화담숲주막_콜라,화담숲주막_해물파전,화담숲카페_메밀미숫가루,화담숲카페_아메리카노 HOT,화담숲카페_아메리카노 ICE,화담숲카페_카페라떼 ICE,화담숲카페_현미뻥스크림
TEST_00+1일,6.121818336222565,1.0,5.982130498539438,3.308697472628914,1.0,1.1334237800994487,1.0,2.0532348177072737,1.9285900533330722,1.0,1.0,1.0,1.0,3.28164340637469,8.713718708225977,1.1584271366358436,1.0,1.0,1.6269995217202162,1.0,1.0,1.5646804304831772,1.0,1.0,4.9804292246742605,1.0,6.137049733378705,5.626841827488877,6.593726859790283,1.9073987387315476,1.5381839453951702,1.7229652929463857,2.258903585133108,1.7135599826159806,1.0,1.0,19.136518830006796,1.0,1.2050999140531704,21.51148430561862,13.683872228365399,1.0,1.0,1.7128889521277308,1.0,1.9872839027819655,1.0,3.544437378686896,1.0,2.2513424263047734,8.859213813789827,1.0,4.849237039701048,1.0,1.0833246488963122,1.0,1.8257627049456229,1.0,1.0744119989838845,1.0212744543234262,7.133825505558795,10.945241512054439,14.479968715943963,7.796214651008938,7.120587523592694,1.8543519939624042,1.0,1.0,2.2476258551406794,1.0,1.6891784412722939,3.2013658507809306,1.0,1.232643899514473,3.159477193299478,1.0176618887351108,1.0,1.5188440669010614,1.0,3.374623818725522,1.609923025593562,1.0089935621386723,1.0,1.0,1.2048338717248421,1.7816523808764388,1.1874801981881071,1.0357595775087185,1.8998308963543498,4.673531955059145,1.0,1.0,1.8694210597418388,4.633382701206249,1.0,1.0,1.0,1.0,23.008405156210845,3.4940536948183247,1.1094654351948656,1.0,2.1917615927089535,1.0,181.51840635829606,5.369118126974184,45.740193939619395,2.1251545210774467,2.4848738408740183,1.0,1.7957953940144087,1.0,1.1708373961587284,1.0,1.0,1.0,1.0,1.817705932138138,1.2833301757080078,1.0,1.0,1.0,1,1.0,1,1.0,1,1,1.0,1.1144790475489945,1.0,1.0,3.5141311370964843,1.0,1.0,1.0,1.0,1.0,1.0,1.6553381057098908,1.0,1.0,1.3722217798699867,1.0,5.187251650751439,1.0,13.716085172469437,1.9964533588109301,13.03100984594476,1.0,6.344017393383061,1.0,1.0,15.766584286164097,1.0,1.0,27.286562636703376,4.122505105095771,4.89846558352272,1.0,7.90400042085502,1.0,5.3223007109983875,1.3646922137777506,6.398185106261371,1.0,1.0,5.161194334758153,1.0,1.762851146847821,1.0,11.193067710597195,2.5354644089133926,1.0,7.35394007402436,1.0,1.0,1.2518827220495334,3.7578078752067983,1.0,21.8081890444588,8.024799922850695,20.786527194093527,8.169537121504273,18.417944011135223,18.18803915028221,6.702587502877291,71.2101365635272,51.09147833864554,6.531508272527481,37.28011056168947,8.814709114414267,24.97748213646014
TEST_00+2일,4.880853415825793,23.70562238899024,1.7659078243775868,1.3810877692664258,1.0,1.0,6.6469532359071115,1.0,1.0359394770133954,1.0,1.0,1.0,1.0,1.6760910972461576,12.133463121086455,1.0,17.155762241191912,1.0,1.0,24.71489706284677,5.198134756983972,1.164698242811394,1.0,7.703318878260317,1.9581909223601817,12.056862273892223,5.4051298609678975,11.576413769430474,4.127763219024049,1.454094454224873,1.0,1.0,1.4159209026877126,1.0,1.0,1.0,11.153273856264237,1.0,1.0,13.921211082718427,5.95120808413922,1.0,1.0,1.153970658505094,1.0,1.0,1.0,2.320383268154263,1.0,1.2640420186184629,5.6730750698661945,1.0,3.343573983214034,1.0,1.3139194410206971,1.0,1.0,1.0,1.0,1.0,4.405964763386642,7.983653234947636,2.7875591298746847,5.666862879117144,3.251978892052127,1.0,1.0,1.0,1.0,1.0,1.0,1.0,1.0,1.0,1.190784567815067,1.0,1.0,1.0,1.0,1.4364767963335012,1.0,1.0,1.0,1.0,1.0,1.0,1.0,1.0,1.0,1.708057510944232,26.055199799156163,1.0,1.1903799761053342,2.807949702027389,1.0,1.0,1.0,1.0,11.859850384141977,1.8927767555175294,1.0,1.0,5.682021170687853,1.0,51.7381987585006,73.32891944727339,18.329051656967,1.3845927331937682,1.51538181677463,1.0,1.3072463861243988,1.0,1.0,1.0,1.0,1.0,1.0,1.0,1.0379259270374364,1.0,1.0,9.491544638803948,1,1.0,1,1.0,1,1,1.0,1.2704071418839646,1.0,1.0,50.54902347538693,1.0,1.0,1.0,1.0,1.0,1.0,1.0690523600160233,1.0,1.0,1.0,1.0,3.1594951229499415,1.0,37.9697478110888,24.787921754237775,5.18856823096678,1.0,3.824468335190147,1.0,1.0,6.293727630933095,1.0,1.0,8.85312912295086,2.09457267155863,19.475662883006446,1.0,3.8825940184878465,1.0,3.0369604181583374,1.0,3.1718935420442493,1.0,1.0,2.6350598517599404,1.0,1.0,1.0,2.1712860216243697,1.0,1.0,1.0,1.0,1.0,1.0,1.314008528649445,1.0,5.388325110275055,1.3754964674965215,5.482400615514154,2.129642475120984,5.72632959811955,5.192783048021746,1.4331987437586438,1.1803170746850462,13.520129871893923,1.2276452428763902,3.8389413825571075,3.211497393482802,5.3989548832049845
TEST_00+3일,4.547715130406759,41.996852334448945,2.2553442313932446,1.6268919789780707,1.0,1.0,20.430338832867076,1.2376361410136791,1.536201677361143,1.0,1.0,1.0,1.0,2.307236878372764,7.033987998001528,1.0,8.320061012721794,1.0,1.0,13.633662563467084,12.107814694357907,1.0,1.0,1.0,25.02516578993488,19.53014521906339,3.696910063325623,26.910136296826536,3.1805408092281784,1.4470130814048527,1.0,1.1192639897543166,1.5438894636936724,1.0,1.0,1.0,9.430799676233717,1.0,1.0,12.115538588251075,5.367683954829528,1.4111278190775067,1.0,1.213265034057249,1.0,1.0540914063764055,1.0,2.1362834529159285,1.0,2.116152740382407,5.581207296440379,1.0,3.0635457098355205,1.0,1.5063457360870363,1.0,1.0,1.0,1.0,1.0,2.6055708477215727,5.356500621745742,3.56620424710364,5.081469309923079,2.9430539132036277,1.2895805544671601,1.0,1.0,1.2587442724889608,3.7972445365025402,1.2130143403859874,1.9287628425058039,1.0,1.0,2.0995702027136987,1.0,1.0,1.0,1.0,2.2071340197213885,1.1307330772518243,1.0,1.0,1.0,1.0302290192970298,1.5210990510162716,1.0,1.0,1.4828339323587,2.7105356236209417,45.72371676363554,1.0,1.248761629541709,2.953131351704158,1.0,1.0,1.0,1.0,13.767636275302998,2.472463750953311,1.0,1.0,3.7871271532434942,1.0,7.839371361043437,54.609452379447724,7.593937564971399,1.5470419898516972,1.9580715874271013,1.0,1.4896113548236967,1.0,1.0,1.0,1.0,1.0,1.0,1.0,1.1823958749813737,1.0,1.0,24.210293189330955,1,1.0,1,1.0,1,1,1.0,2.4918464316283213,1.0,1.0,48.15555936333431,1.0,1.0,1.0,1.0,1.0,1.0,1.2961532875951631,1.0,1.0,1.0,1.0,2.7804661634595993,1.0,69.76130216586189,33.520888255833476,5.514362417876688,1.0,3.985131145323688,1.0,1.0,6.045149815520756,1.0,1.0,8.260452146092858,2.5497967309687226,23.08535839338992,1.0,4.1385316052963965,1.0,2.6947998638718307,1.1471045323887075,2.5429089452141196,1.0,1.0,2.5559580907179775,1.0,1.0,1.0,2.5593380985610485,1.0,1.0,2.7749607135724834,1.0,1.0,1.0242471321994657,1.37354804140482,1.0,8.15693062450317,4.790899193618125,7.140870562259278,3.910683562884567,9.113840003284704,7.786049552618497,4.528653632509732,17.031602982982406,32.79259773048988,4.2265857440948364,22.630300715617015,5.17665563801778,14.030408965179534
TEST_00+4일,3.2821281666984503,31.779523162090335,2.0679698185295687,1.8794128870691873,1.0,1.0,13.354169755700532,1.3805332072823415,1.3494165707153898,1.0,1.0,1.0,1.0,2.0061129276237057,12.710453154994436,1.0,6.939463484118901,1.0,1.0,26.952279459519954,4.525317374722739,1.0,1.0,1.0,7.59257509786376,10.283399347145869,11.575973857659264,35.36048178265013,3.395280652834576,1.5638131543530223,1.0,1.1000078415984416,1.5339543192116183,1.0,1.0,1.0,9.326324846993968,1.0,1.0,7.722010384515116,4.492809296454121,1.0,1.0,1.4637710776475585,1.0,1.1280584733163588,1.0,1.9138249775836167,1.0,1.2468193493130146,6.003418478625568,1.0,2.8068119139660794,1.0,1.7332644712224443,1.0,1.0,1.0,1.0,1.0,3.6810752056124234,4.978292219507597,3.0614927868444135,4.837661472763386,3.2284077396871487,1.6704634561082012,1.0,1.0,1.4602316776904951,4.6046961549873675,1.3358263322545456,2.119933744267284,1.0,1.0,2.160454491643015,1.0,1.0,1.1565930628945198,1.0,2.355488350545767,1.2310979676715612,1.0,1.0,1.0,1.0886096744795726,1.3630365765941308,1.420013270819053,1.0,1.7715765930442382,2.9665543533604666,68.82205835153889,1.0,1.1876626932223908,2.958693417694694,1.0,1.0,1.0,1.0,17.17306771646586,2.5813844731693867,1.0,1.0,4.974733088936167,1.0,17.38006120114767,45.368903829338635,13.56710147728001,1.4894466256731174,2.002659877066713,1.0,1.4769413740905721,1.0,1.0,1.0,1.0,1.0,1.0,1.0,1.205384742693989,1.0,1.0,22.52449039412849,1,1.0,1,1.0,1,1,1.0,2.326014609780775,1.0,1.0,33.98965003621079,1.0,1.0,1.0,1.0,1.0,1.0,1.5351576851393103,1.0,1.0,1.0,1.0,3.1176854663576314,1.0,50.00449600696869,62.53131243617292,4.633189024011873,1.0,3.704139327067657,1.0,1.0,5.956366287749112,1.0,1.0,7.965697436392619,2.530631900641525,37.28267595502298,1.0,3.632792634951139,1.0,2.575609907309715,1.0,3.543225654010652,1.0,1.0,3.24827403103391,1.0,1.0,1.0,1.4583157569830016,1.0,1.0,1.5187705661458664,1.0,1.0,1.0437154632002843,1.0,1.0,6.867341665656489,4.1975637456150645,6.239682250592845,3.168356911356701,6.9008153819613804,6.92814682096515,3.964671004179412,17.205898389451665,14.274566130206141,3.9281620211685335,16.20954883108208,5.153076945531137,9.440033616565938
TEST_00+5일,5.040496076087319,107.94663399209834,5.45849142865844,2.305412983355938,1.0,1.1277747513817171,59.6359756906974,1.9962947460361682,1.921157918573217,1.0,1.0,1.0,1.0,2.4384377259873493,16.852530466768776,1.0,44.83781080161641,1.0,1.0029783585586114,54.61793738614855,27.590429768887788,1.0,1.0,1.0,1.0,14.964743838871204,13.58433320176026,80.31503975935622,3.99071126001239,2.370169703731783,1.1968048959524764,1.2739201023310274,1.7564540374183173,1.1032435318232965,1.0,1.0,10.913018548502476,1.0,1.1678180106469822,15.539140343371054,7.489671033970511,1.5163121492646519,1.0,2.8120500166865194,1.0,1.3170409120048818,1.0,2.181018241649566,1.0,1.806823533611736,8.032610826401989,1.0,3.414468761073018,1.0,2.919581712000822,1.0,1.373366153539187,1.0,1.0,1.0,3.1671899625037456,7.11424109190643,2.0308206431111104,3.3755049221417037,5.600225410911244,2.357030744555028,1.0,1.0,1.9688734367440257,2.926766938459012,1.4015184997444994,2.386759653784493,1.0,1.0,2.2830497197524093,1.0,1.0,1.2029556853879346,1.0,2.5967035923174997,1.4776923044142354,1.0,1.0,1.0,1.146480250171577,1.3622598009026734,1.1854722458722526,1.0,2.0060138788626034,3.1642728892740095,53.82310949598486,1.0,1.3616157620574771,3.5216340815382363,1.0,1.0,1.0,1.0,14.007016067793156,2.8294591613934483,1.0,1.0,5.8089825022938655,1.0,20.04055069404055,41.68574911067695,18.09619765589908,1.8641919143667958,2.346182630913492,1.0,1.5609669707481912,1.0,1.0697407125980987,1.0,1.0,1.0,1.0,1.0,1.460554520686995,1.0,1.0,73.08824892375311,1,1.0,1,1.0,1,1,1.0,3.8362047936612735,1.0,1.0,83.3818621330554,1.0106114076929698,1.0,1.2627155309380143,1.0,1.0,1.0,1.9636466667993628,1.0,1.0,1.2275316996829901,1.0,3.050999301705904,1.0,62.58137322604939,92.00242904763019,4.56428560924476,1.0,3.512281534013616,1.0,1.0,6.7082530925282,1.0,1.0,5.9693557009518114,2.6437747617809575,23.851843042625728,1.0,3.475247733707112,1.0,2.6074660750789542,1.0,3.1234146600125063,1.0,1.0,5.842737219492796,1.0,1.0,1.0,4.52551377079785,1.0,1.0,2.306370367148433,1.7088864463011606,1.0,1.242319299511344,1.0,1.0,6.737372122235236,3.9301581830126673,6.1125623665609305,3.1607579869495948,5.92635640869558,6.7142511300799805,4.025294680078685,24.235937170961147,23.349173856064965,4.050297776174772,19.200480434675896,10.54267603280301,14.363149857512216
TEST_00+6일,8.76363540673905,44.055433037200245,6.207222390598578,4.492820596704963,1.2962034201949242,1.818685090900063,24.886827230151244,4.2513830052726,3.422886943378463,1.1439381101795347,1.6047736594642446,1.0,1.2676824512528868,4.578181032701901,23.78655047104053,1.8653448222892144,42.82046805737845,1.2311988073351008,1.7463476479758175,54.872647630989924,13.797455517717221,2.4330572891151454,1.0,1.7831796693429203,90.64801112352731,17.067731290012023,14.823715801608309,77.36450812682487,4.625276047300861,2.938507388045907,1.7346540745496795,1.9843890713563133,2.607598672562358,1.8090723057013158,1.0158088914708885,1.0,22.801403882579248,1.0,1.724500532455403,23.716449109347458,7.1148280030370845,1.6929984418514181,1.0,3.709698941345207,1.0,1.9779178372634554,1.0,3.3662154410598055,1.5671649053881809,3.3725774886387,9.264486705912665,1.024030056552061,4.885324560034787,1.0,2.4750091994010517,1.0,3.069950996110763,1.0,1.2508315167458437,1.3523610049778771,4.986022744216244,12.975162131215715,8.943090960658648,7.255666367843166,6.359881985704095,2.8976015903129344,1.030537713046158,1.0,2.7004479241814696,2.5418462639577086,1.9483464601682923,3.388210848510172,1.0,1.4054331449477961,3.6660613332841354,1.228739536100899,1.0,1.7579304720697828,1.285510825697307,3.3048895059694003,2.0185706609585194,1.1986217322796642,1.0,1.2436983452446664,1.986761069055078,2.4950772377599675,1.4936461030977164,1.3335735023473325,2.4759842761480773,4.324458468976887,58.11181110689825,1.157859198942013,2.0932500537747813,6.158227222705083,1.392677117809926,1.6425438471247948,1.0,1.0,20.52237796260542,5.508654583221693,1.7386722191539403,1.0,6.626115713055485,1.6447125266485398,15.159115970144775,64.86809623324856,18.880428033476225,2.521895899548826,3.7376993572415476,1.2342325230078919,2.5728449825628474,1.0044014862054793,1.652483072838781,1.0528230976560917,1.0,1.2832150545215215,1.096068032175771,1.639199675577704,1.952413160725811,1.43840097559462,1.0,58.00786825188483,1,1.0,1,1.0,1,1,1.1216325766302364,3.7185030623217923,1.2138750986512068,1.0,36.270395366148485,2.0499642633986097,1.280800409053169,3.665815286906796,1.7757758975954778,1.0,1.7748482321987784,5.8743922157756,1.7764194318034208,1.3688557998003625,3.057246960082602,1.158304228278453,4.120919096458119,1.0,121.76608569677043,165.45175014499466,8.250707010705714,1.0,4.464851601399865,1.0,1.0,9.017032969459981,1.0,1.0,7.156377146643327,3.45773728859968,56.313475527852844,1.0,4.965741539983337,1.0,3.626536230140061,1.2924627925473053,4.501927054596325,1.0,1.0,8.33587709120334,1.0,1.7420533352519671,1.0,4.585669247680698,1.0,1.0,4.930998719439323,2.9293100982690174,1.0,4.210403783595944,1.6476606766020694,1.0,14.065055837557757,5.6334453590593245,11.96392975912882,5.676849773461281,12.722228631262102,12.155145272178807,5.862625021533149,31.02436479337274,23.169771007669357,5.116991055273819,25.089990210518234,7.423424841881513,17.369862153146602
TEST_00+7일,13.259664785643922,10.48270438610605,10.070829736771069,7.794085869320987,1.4942361865331522,2.383245601865007,7.127969182027221,5.58827815366736,4.5990893210790285,2.323058532229517,1.5634621834521283,1.2195250140735485,1.984676662656288,7.487041718567038,33.944384469013364,3.0323863764711145,8.49623272549097,1.6455851974927016,2.5952138646880014,25.353975259591365,1.9766992783264314,4.6807952234786905,1.3831059879777154,1.0,34.56994046639241,8.666677434833222,6.961918699198714,11.15577859149659,6.569130089896516,4.034184685732482,2.5769477421559714,2.485429516394859,3.964512062039727,2.7519131122386638,1.0243238079428054,1.0,40.35207875635277,1.0,1.9507381270437436,23.311230178097958,10.558999229688645,2.429619664143928,1.0,5.110111664113079,1.3720047640680224,2.8145727153966487,1.0724870988233834,5.553580351209731,1.4618893942585318,4.704798716966875,10.55465142537873,1.5859022665993272,6.242894121873808,1.1195678390162884,3.3301230109886193,1.4159918181585986,3.822101932467265,1.0,2.1091288651079685,1.8011819772078312,7.360084803452303,11.793608623432933,9.66566031580488,9.777407852109814,11.231906071873548,3.0668507684136577,1.1881643303862381,1.569502643834792,3.5855510345706674,3.880528506800574,2.472677358101274,5.651844091517807,1.0,1.9770960840433416,4.62170253591456,1.4202720919799117,1.0,2.1540607309725965,1.4578532146021026,4.272430372280339,3.1360010867935113,1.5023740798991922,1.0,1.7052725765004422,2.5427788179127293,3.899545223020959,1.7704834663894125,2.108572769708607,3.6128416592172456,6.589889602081241,1.0,1.8711819121672506,3.3359933523767196,9.40825284422773,1.5475069621716728,1.5439158161934512,1.0819916394571987,1.526509404782083,15.70183497651369,8.32244776458018,2.60274511214263,1.0,5.9007759207557635,1.0,185.5266899351257,1.0,32.66406284825432,3.8265849997078,5.147112290284063,1.5823377071909734,4.393482469555758,1.6272502232401367,2.3484449475318483,1.6150874894170757,1.0,1.9976920221101448,1.9222823755916163,2.7257646200107373,2.747010452473063,2.23003228797771,1.0,4.110478261781632,1,1.0,1,1.0052450142591154,1,1,1.261541939735124,2.9023584970134855,1.3842664384270926,1.0,5.875222466021912,3.134539283293707,2.198824987161979,4.9973359817093606,2.7830713294443297,1.0,2.6519955143102756,8.878758781846354,2.9243819222374903,3.0073128330037684,4.381746694753058,1.6231313433220014,8.280195950219165,1.0,92.45507237971917,53.31229267527364,15.304046451755767,1.0,9.019770732256525,1.0,1.0,18.03443158014768,1.0,1.0,25.48090212049815,7.725334262727724,8.777418058781885,1.0,9.704186457717904,1.5836618256463775,6.760114423543651,2.748533888887777,8.829596818580661,1.0,1.0,8.896359592118026,1.0,5.411238734734842,1.0,10.998067386462786,3.0776862372115636,8.924259671843306,8.0669454070483,17.146083011037337,8.794779993227843,3.1445044323537052,4.84923496203734,2.222463520946256,23.916152942957794,11.103585255088442,22.162688455707183,9.467062567648082,22.43198779323427,22.27759409045243,10.51574027648167,67.24782239942343,47.08989986940891,8.862703352320288,49.476153645124555,12.827586207985734,28.674473765215968
TEST_01+1일,5.424059155436822,1.0,12.15805604273783,3.5582241397117467,1.0,1.7222061134877051,1.0,2.3825428166457825,3.410955936808182,1.0,1.0,1.0,1.0,3.4095821358666076,17.326210553449876,1.3916813472609302,1.0,1.0,1.6665665415174933,1.0,1.0,1.0,1.0,1.0,5.332042686804007,2.594865883855477,3.251576837880702,7.383168598796034,4.427765732976215,4.771767191027069,1.787999894640099,6.126922437738534,4.282079761214844,1.6322766284102816,1.0,1.0,44.542943681709296,1.0,1.7648948004324831,35.45609115713974,12.70211167460092,1.573188998470742,1.0,1.0,1.0,2.766301568284792,1.0,4.736985077723338,1.1791396257617812,5.595876602737276,10.663513175299746,1.7086953336976276,4.622111780789387,1.0,2.570972246822733,1.0849462124795723,2.818907396028452,1.0177743759874882,1.1341994214940312,1.5919324346040131,17.405205996974775,7.5075250933202415,12.017279917613003,8.728940448205764,8.54063648169088,1.6563523561151257,1.0,1.7055542891925468,3.78206080112063,1.0,1.8486962900136046,1.0,1.0,1.0,2.9681590657432837,1.4550149161147066,1.0,1.4181547339578238,1.0,2.049659461828641,1.6517842356548444,1.4843414696839463,1.2282435819590933,1.4937211737460028,1.0,1.4082432204011563,2.3462824350224096,1.7393496310428134,1.9234651329041295,4.42656451669878,11.363275613585373,1.5023465188657406,3.5979276534636835,8.6792830629403,1.0,1.1084159852230735,1.0,1.0,28.226542382232417,6.732068728759056,1.6524469816495249,1.2499841622601304,6.048485525765052,1.0,173.88114917224416,1.0,42.50923969665304,4.031222285662362,4.123617958943945,1.0,3.4349097558266624,1.0,2.168883030469224,1.0,1.0,1.1915557586335945,2.994331269310015,1.8390971133114749,2.119889146512413,1.9627960776290796,1.0,55.38663141936849,1,1.0,1,1.0,1,1,1.0,1.0,1.0,1.0,1.0,3.4813775687049158,3.5305312529041357,3.856758536520731,2.466023213526781,1.0,1.3325742130225913,7.591392751746853,1.0,1.0,5.492494246149053,1.7690731038317802,8.294051280005732,1.0,71.95497371085209,7.472183048208331,13.95379173033891,1.0,9.724887877503098,1.0,1.0,20.637131904851117,1.0,1.0,21.19082089826562,8.152992099002772,1.0,1.0,14.08283117767228,1.0,8.191290804480213,3.0152581012360495,12.367599446469681,1.0,1.0,14.678375873111099,1.0,2.5859761621124466,1.0,15.369712186741017,2.679626907619455,1.0826149375186405,7.755253754983902,2.689840271690354,1.0,1.5307213315073434,3.7055786117264544,1.0,11.079717603113673,8.754546663588735,12.434670048816436,3.892595462245679,12.917167333016874,11.586674987779634,5.052902396966596,34.215586221401225,30.019308163212127,1.0,32.4931320717419,6.247464339597153,24.36390313684433
TEST_01+2일,2.6888488659327527,3.6638870258969662,4.519390371115672,1.3713308601420988,1.0,1.0,3.565934697573882,1.0,1.4906932669373103,1.0,1.0,1.0,1.0,1.9760291831040204,12.071188216508613,1.0,3.143905734334662,1.0,1.0,6.70689257775853,3.626801147774301,1.0,1.0,4.172774606506137,8.812040878320706,9.825863693966133,1.6399040028391887,14.827211085038648,2.4336006113165465,2.4825899088566685,1.0193581685252038,3.936570715147895,3.0461357797506605,1.05143289890567,1.0,1.0,25.887105923149793,1.0,1.0,35.910090982527976,5.554157384566119,1.0,1.0,1.0,1.0,1.877396460436206,1.0,3.586466006139839,1.0,4.621765275962007,8.162186368090444,1.0,3.6629855823142874,1.0,2.2085911756617707,1.0,1.6787534046135035,1.0,1.0,1.0,9.707513556863208,4.695714193818383,6.766416293010751,8.751042342887095,5.355536481090147,1.0,1.0,1.0,1.7092734290806995,1.0,1.0,1.0,1.0,1.0,1.3084983819248726,1.0,1.0,1.0,1.0,1.0,1.0,1.0,1.0,1.0,1.0,1.0,1.0,1.0,1.0,1.6242145739906308,2.5463558869651766,1.0,2.3012528141176642,4.757733676496092,1.0,1.0,1.0,1.0,24.464070334011133,3.874881030411934,1.0,1.0,13.932720102622307,1.0,6.234383772401793,1.7196267844606377,29.296541384534667,2.8597469349705897,2.9624217646422126,1.0,1.987399983887332,1.0,1.0270595290125764,1.0,1.0,1.0,2.015227704929103,1.0,1.170728413948005,1.0,1.0,34.35808120460711,1,1.0,1,1.0,1,1,1.0,1.0,1.0,1.0,7.60789859027651,2.3320283064032052,1.977258988864703,2.4026641303506096,1.1947243890907944,1.0,1.2542358313098834,5.042211279345771,1.0,1.0,3.5525801264222703,1.0,4.957603172828254,1.0,22.27039066045333,19.418623387091902,8.314998738431067,1.0,6.832553288109513,1.0,1.0,10.995488586827008,1.0,1.0,11.390678733198422,5.1459291874544055,1.0,1.0,9.319919714754288,1.0,4.881529351678653,1.8871286500338984,6.272935794343082,1.0,1.0,9.441186737654947,1.0,1.0,1.0,3.8691749711348677,1.0,1.0,4.079731732028497,1.0,1.0,1.0,1.0,1.0,4.830788320977774,2.926272066809531,5.98527596908454,1.0,5.676148773570683,5.021093826962576,1.0,16.036543623622965,13.519286583691288,1.0,7.387474003505666,2.629278076312754,11.680269425893304
TEST_01+3일,2.2752034855399104,4.892348239480571,5.80386623135668,1.4633968875412848,1.0,1.0,1.924338907430031,1.0,1.8480736431223672,1.0,1.0,1.0,1.0,2.249596071626299,8.954596458506176,1.0,3.8249772494077763,1.0,1.0,7.764792001641133,1.7981000810005596,1.0,1.0,1.0,13.34882425547621,29.801151288546947,1.5939586179719807,17.86481966800708,2.0945945101465666,2.5987591483557066,1.0,3.4082372342403446,2.7595254068859325,1.0,1.0,1.0,21.145659061321314,1.0,1.0,29.320797645640468,7.8253640653993735,1.0618768824564262,1.0,1.0,1.0,1.4330831965613433,1.0,3.281648220927822,1.0,3.40403147588378,8.526587325957596,1.0,2.9513167147180637,1.0,2.2774132177873625,1.0,1.4999421464259763,1.0,1.0,1.0,6.674083575568858,3.6931664415067633,5.360353339452463,8.34282215727582,4.976288904972261,1.4617931924324394,1.0,1.0,2.43551750795051,1.0,1.2396096567700583,1.0,1.0,1.0,1.8416012835132427,1.0,1.0,1.0,1.0,1.0100827550710612,1.0419711667318339,1.0,1.0,1.0,1.0,1.2190422787231874,1.0,1.0,1.0,2.290125905614515,10.387854968538697,1.0,1.659543515802114,4.311300727723172,1.0,1.0,1.0,1.0,22.339167398766513,4.595453218897302,1.0,1.0,13.53090168685435,1.0,15.764282656845271,3.0960895132292725,29.88509158311568,2.2237622981528,3.001996484358581,1.0,1.605982685217992,1.0,1.221961228279589,1.0,1.0,1.0,1.9769304759978674,1.0087138295711133,1.0,1.016943540114726,1.0,23.97946842629232,1,1.0,1,1.0,1,1,1.0,1.0,1.0,1.0,44.783319444642025,2.1696694106092242,2.1344246433801226,2.3425466283134657,1.0,1.0,1.2860342710794206,4.543547319191507,1.0,1.0,3.4903610994955128,1.0,4.681193913009932,1.0,35.9055895460157,25.967399341067523,8.510890667679792,1.0,5.791606073249441,1.0,1.0,10.272920172468583,1.0,1.0,14.409346113666551,4.704640511612224,1.0,1.0,9.292512808462929,1.0,5.643813927552862,9.961444552482513,5.338159841386117,1.0,1.0,9.270622165042985,1.0,1.2339521579269512,1.0,2.894570768637388,1.0,1.0,3.855592647483036,1.0,1.0,1.3146673998094616,1.0,1.0,6.346822828544219,5.174168986685325,8.655502609851347,3.720205417987523,8.036008982473206,6.604939789072945,3.0685827194444584,29.293622471553036,21.439207268066983,3.456942001217385,17.335484884919445,5.054363362710379,16.938815073921326
TEST_01+4일,2.827304681356951,11.261995434479815,2.6797458806639627,1.770366654031226,1.0,1.0,4.589287332228265,1.0,1.9094768714427264,1.0,1.0,1.0,1.0,2.2505056999287882,7.161626112383008,1.0,9.927339551815875,1.0,1.0,6.955423622572469,4.402082854754036,1.0,1.0,4.3057734711145255,15.07162477949001,10.776239594456905,7.161590563199347,31.521934362276028,1.9400745549039071,2.4437567371026754,1.0,3.3418280053273723,2.2886105521257063,1.0,1.0,1.0,26.14660112701123,1.0,1.0,20.151677042139806,4.465623831953125,1.3622283910843196,1.0,1.0,1.0,1.3833395582287658,1.0,2.908079485425806,1.0,3.174818895793523,7.64425197013672,1.0,2.796358734482707,1.0,2.2208595875918182,1.0,1.471645885539745,1.0,1.0,1.0,7.925594308644314,4.6991172913534776,4.867258435025115,7.909664415038053,4.698010859180011,2.0698472326790545,1.0,1.0,2.293812205579705,1.0,1.4174599263390433,1.0,1.0,1.0,1.8939975200705053,1.0,1.0,1.0400664263927268,1.0,1.2310271901969996,1.0563642910765378,1.0,1.0,1.0,1.0,1.1270446385985147,1.2717356135906437,1.0,1.2234577098446504,2.725580031474307,4.353950595106226,1.0,2.06511323105995,3.455584271683196,1.0,1.0,1.0,1.0,20.95886948715147,2.7912587443391543,1.0,1.0,8.464540626344562,1.0,11.632436886631549,9.834047744301959,19.907679541763212,1.9858561928495782,2.6026741830736833,1.0,1.6751013527950858,1.0,1.0,1.0,1.0,1.0,1.5889463210745962,1.0,1.0,1.0,1.0,29.74491848363648,1,1.0,1,1.0,1,1,1.0,1.0,1.0,1.0,28.242273948713336,1.7046951780909607,1.9101321068407047,2.023207455055596,1.0229029401825394,1.0,1.003998787132224,4.318600489561812,1.0,1.0,2.5619579026956356,1.0,4.324406192293496,1.0,50.834451626077346,41.682812898221016,6.8269770378949755,1.0,4.393471904512696,1.0,1.0,7.931261127150601,3.4678149982942856,1.0,10.301487045521782,4.042169945469727,1.0,1.0,7.425786129978246,1.0,3.897052553908984,1.390427112479164,4.715093123529582,3.4678149982942856,1.9017189260645033,7.530556871885035,1.0,1.0,1.0,2.9857713264117978,1.0,1.0,2.8237167170135216,1.0,1.0,1.0,1.0,1.0,3.7714712154156476,4.4134659880971245,4.598038975500356,6.015722263991904,6.839094074310756,4.274771737965772,2.836091433465078,22.65893809955908,13.478680140790846,1.487416185402408,13.235302685944472,3.848560699675948,13.015354225221557
TEST_01+5일,2.5396269510389504,22.226758280538693,2.7226590627163523,2.389960954615872,1.0,1.0,19.02922742525099,1.0,1.908588301592389,1.0,1.0,1.0,1.0,2.5409055799711218,7.676208299607592,1.0,20.84794265291512,1.0,1.0203637551273037,28.595985375549176,16.537758711073383,1.0,1.0,1.882670618522409,20.865450150722026,42.56405062410334,9.658706478837734,35.476197616390884,2.5176917289568848,3.018934649919294,1.093987666498355,3.5361108943405077,2.4901438441354617,1.0307417367798049,1.0,1.0,25.49139720545564,1.0,1.0,25.7402576807364,5.458047282937184,1.236213080356119,1.0,1.0,1.0,1.50978653875905,1.0,2.8485925594206845,1.0,3.3788210554197597,7.1168008369241145,1.0491674553433434,2.760772337511842,1.0,2.075488461479127,1.0,1.597566572571403,1.0,1.0,1.0,5.741856778965726,5.476434884270276,4.959590847628436,6.040147180118516,5.517629425182855,2.0037077756436528,1.0,1.0253355719129917,2.467369744881994,1.0,1.3848001891014254,1.0,1.0,1.0,1.8411271790574413,1.0,1.0,1.1196955649588858,1.0,1.4153047466549313,1.0419038486565686,1.0,1.0,1.0,1.0,1.4023387832348035,1.0,1.0,1.0671632996035756,2.5669021793293094,21.09708786396893,1.0,2.3167059617287302,4.142223374875959,1.0,1.0,1.0,1.0,18.02936558238991,4.0251897342178715,1.0,1.0,12.32836087550938,1.3086173596863264,19.685400099580075,5.582462633743541,21.854758219492417,2.223270851536011,3.2141006926319102,1.0,1.4062765887834994,1.0,1.0044765180530468,1.0,1.0,1.0,1.677193426756223,1.0,1.0838402152319404,1.0,1.0,60.508295896911534,1,1.0,1,1.0,1,1,1.0,1.7613824548748216,1.0,1.0,66.72223241835765,2.6238583035918888,1.8641681671849126,2.753958483634769,1.2096909571573538,1.0,1.2968273754330173,4.106517606602369,1.0,1.0,2.992806277987373,1.0428667720972977,4.236248936316803,1.0,82.90428902411749,83.69763568102306,6.983290187965668,1.0,4.560279695880706,1.0,1.0,7.897192547648767,1.0,1.0,9.433640295037025,4.000803432639541,1.0,1.0,7.517928026420086,1.0,3.6952954831311864,1.187428749470887,4.313165964051257,1.0,1.0,8.150310584255694,1.0,1.0,1.0,6.944370265726034,1.0,1.0,2.88815213627248,1.0,1.0,1.0,1.0,1.0,3.478611895424201,3.5153342235058562,4.656514872291864,1.901683221675876,6.525838263129083,4.509439772572719,2.5293372890207317,24.145691367799074,18.988831884267984,2.525963507068394,21.94897390529045,3.86194922642679,10.470774678591088
TEST_01+6일,5.825562619184895,14.733807183323941,12.632281564257667,3.511773192459378,1.0,1.73819686002246,7.541465762685126,2.1963481597398817,3.815082550045721,1.0,1.5252291784825351,1.0,1.0,4.656421241572967,15.68408644328831,1.2509972326244323,12.554843791830235,1.0,1.6515005142898218,19.255622639995227,7.023581139076574,1.425764473589857,1.0,4.4836816683423395,18.6691215496098,34.738101008556235,17.201167282163723,50.711029834694465,3.5629783734511116,3.7021877591718466,1.7731242683813349,4.5081191059009456,3.2379916743502686,1.641778003149286,1.0,1.0,30.574468212222055,1.0,1.5140298873467848,29.641118571154497,7.2031849719897405,1.3464819008036595,1.0,1.0,1.0,2.35984910210142,1.0,4.251861457209926,1.1788757967017685,4.186513406156926,8.142926682050886,1.4926243611623697,3.6960125678354268,1.0,3.127755861351328,1.452430823425579,2.542707602063221,1.1195349621530786,1.4328392777652643,1.4402129636885148,8.484408341478064,10.064873815078291,6.9881053923746235,8.882202647168324,6.327116947708376,2.2776865353065823,1.0,1.641157964712055,3.6736825107837,1.0,1.7809843655652795,1.0516889602190205,1.0,1.0,2.6398785760415286,1.413108662962014,1.0,1.6626947701961035,1.0,1.8895457017722173,1.6564738992573227,1.216581176188979,1.326843835084636,1.282063057843113,1.2970225477007062,2.182655348899673,1.0810635249291478,1.7198522466142283,1.5981889320444285,3.230132011119816,37.11960349654238,1.5338213419320057,2.9313551923831613,8.70787454117165,1.0,1.0876680986505292,1.0,1.0,30.625973873244984,5.147801085914503,1.5423225789373365,1.3810090311581897,12.350168300711184,2.077353329139498,16.828563983439548,8.85101305414241,39.09503650177551,3.9406225134114687,4.312182028071265,1.3730481190766202,2.5956784257057213,1.0,1.5964671667015538,1.0,1.0,1.1268625413158053,2.696000204076627,1.6103956874715113,1.7701868555226399,1.6546510399258794,1.0,30.048233425886462,1,1.0,1,1.0,1,1,1.0,2.9016940615910536,1.0,1.0,106.90981800036808,3.2403852815811884,2.9568602331906106,3.159034355017985,2.0223369762403074,1.4974154473263028,2.3059092951880142,7.24954889153107,1.4622009136420686,1.0,4.097935891507662,1.8718414138895556,5.681924969484316,1.0,79.02747919978368,89.14941111956249,9.025793821527401,1.9690946121114656,6.952913946276556,1.0,1.0,12.549676577293258,4.527520963280149,1.0,13.96361104754226,5.126298916320812,1.0,1.0,10.023673735125007,1.0,5.417917875021633,1.9551808338200776,6.276688558285003,4.527520963280149,1.9690946121114656,8.940013174112389,1.0,1.0,1.0,5.906193582949288,1.0,1.03266643654696,3.998200710455662,1.0,1.0,1.3803943443249715,1.0,1.0,5.45985707804588,5.1484910181600805,7.822184273506069,4.157172601971028,8.756893711507349,7.108704435235838,4.476238990206288,35.88394505077783,20.273057286069513,8.432120303382131,25.84753272904937,5.25783850661754,15.429960456581055
TEST_01+7일,9.819286723963643,13.766408204821493,12.486608547010643,6.277022931771327,1.4376754363924873,3.134453586050422,1.0,3.828434628385228,5.645790244185414,1.4024696099564815,2.42190473406522,1.5044644830745149,1.3962840098244944,7.22859375289445,18.851727442930944,2.099297207661561,1.8277552759530362,1.2087137320848969,2.63168029889634,1.0,1.0,1.8821272234169144,1.1917455476547447,1.0,3.0026674663721704,13.823926951775471,4.607025536627159,22.046818244670956,5.540689002293829,6.692370058564981,2.8316707752511863,6.534420601170999,5.04278428741318,2.1598546071249434,1.3576491850897914,1.0,49.16250321150385,1.0,2.4765495181996435,36.333431046125746,14.832049812574065,2.224875831594726,1.0,2.208777119639485,1.145569529819363,3.5733422416502316,1.0230451056738468,5.668846188463367,1.9227748209782416,6.521462454257748,10.40257669996566,2.532096908355441,4.396846386962553,1.547731016885324,3.477039539118674,1.8090863312156453,3.9359464557909107,1.9813134158473746,1.566963930759916,2.3034113038935926,15.779017302408693,9.493406003479492,10.446842973162912,13.135825176754091,9.442248406346096,2.711088206678934,1.1543091848396028,2.2451587487338194,4.2561999186607835,1.0,2.1257664556842806,1.2415135465441802,1.0,1.0,3.5652484411304295,1.9816001695498702,1.0,2.1073914447460176,1.0,2.871060620582861,2.1016914788113956,1.9942824895268143,1.636187815352887,2.017221000636021,1.6473384179227861,3.042375938316308,2.0290134567213625,2.565281852959026,2.4194151722362753,5.287720462845614,12.966063558683626,2.0875211387978374,4.891641912750852,13.868194870885835,1.5632501553022704,1.6585629625526486,1.2062842431238303,1.2854872164076576,18.988967045830194,11.102042091448544,2.362895533730758,1.8645481549775218,9.766560982025855,1.0,108.14919267319074,10.47514998657379,25.646646497291652,5.72878203569442,6.103709639880258,1.6208851130494633,4.249506494828162,1.0,2.741382585735819,1.0037238572728902,1.3785254770692108,1.8539445070830403,3.711600933491816,2.809444421580379,3.560093454403268,2.5891281944427664,1.0,18.877829679185577,1,1.0,1,1.0,1,1,1.0,1.8412952069803457,1.0,1.0,8.734081137580503,4.991421402835062,4.895738245296174,4.464492078881254,3.921160479829601,1.5192002946247656,3.100285906264621,10.419867656719779,1.7345816919316848,1.0,6.4717988265203115,3.417939323981252,9.48143848152716,1.0,8.672685156189582,47.197724292908696,15.068961440066133,8.321120493827081,10.849308485612553,1.0,1.0,20.356269601330148,8.716349275683488,1.0,20.31475443351882,9.059240783025556,1.0,1.0,15.520926353150408,2.186632089185296,8.387493932374728,4.086010385449812,12.103403135220022,8.71635980265538,8.359081167695738,15.186842258958984,1.0,4.526409884365112,1.0,15.985294110153514,2.9607039822248047,2.7533130684007268,8.258902643629465,4.668281480901068,1.0,2.2225734001528004,5.4964587835151075,2.364373622978469,14.550032190974472,12.53609282187171,15.43613098610296,8.19145337111244,15.86522525859729,14.917470627911172,8.658098875751747,66.84389124977837,36.30419495640044,12.839278226807371,37.83325895112003,8.40870410844448,28.71331318923136
TEST_02+1일,10.612960505059718,1.0,10.513236435141025,4.434571798890169,2.261516953837319,1.7009112611934745,2.442335010895201,1.3048448279356952,4.8019573588563595,1.0813837336012841,2.3150234486511967,1.0,1.470191364189952,5.0248172374459115,36.125378653336995,1.4605720742132866,1.0,1.1613988235963557,1.3624127954786684,1.0,1.0,2.2729155590978154,1.0,1.0,3.8071363505492615,7.098147139292826,6.292546942914386,1.0,10.625280479831398,6.520784706273153,5.366475383582395,4.332439860391916,2.891845338959852,2.08891056127226,1.0,3.778725624693944,53.884210795005416,7.954924349460365,1.9634509532393576,38.12521606077073,24.335277768741957,1.3482368763088883,1.0,1.0,1.0,1.9031184854814707,1.0,4.520575972052862,1.0,4.848907216893134,22.18150716989546,1.0,7.292277457184057,1.1382743332814254,1.6670471329997487,1.9600598443593253,2.169431254850108,1.3576281392150145,1.0,1.0,20.86933723753874,19.38867069292508,22.31540615710154,23.48465144947593,21.712188281357694,1.7522797486368786,1.0,1.6896312303290462,2.6987272882860793,1.0,1.5468410315373622,1.0,1.0036066931987357,1.0,3.18101624238846,3.2401414093684155,1.0,2.6516588963266576,1.0,4.41428998263649,2.462561423684512,1.1060991501718935,1.1424592210265607,1.0100332233732272,1.531474084370972,1.077158632649161,1.3499234458999843,2.8537525803207386,2.6797273721634594,4.54163879620569,8.344811348251268,1.8080246773375108,4.759688162369385,1.6526972730443539,1.0,1.0,1.0,1.0,8.861169933949698,12.458468371904237,1.0,1.0,5.882576897011087,1.455464352883737,224.8332712406058,4.808978878284863,52.856187177086476,7.701378624657557,9.01873783851717,1.8006169371661134,4.572490380496857,1.0,2.0536526437965015,1.0,1.0,1.1443515236524064,3.6732123935590795,1.904964270036111,1.989046729977037,2.517921566259446,1.0,1.0,1,1.0,1,1.0,1,1,1.0,1.0,1.0,1.0,1.0,1.7849083484089314,1.2183829010810254,2.100420415991303,1.8387030787381657,1.0,1.0,3.240343668501308,1.0,1.0,2.5845877380175004,1.0,9.910296125932366,1.0,20.135104414962026,9.380688998447512,10.921229819947419,1.0,9.60991461014507,1.0,1.0,18.999320150932505,1.5460546104994775,1.1665734808764043,19.557854428045527,7.426248060750054,58.1446864876353,1.0,17.081950829326466,2.344718638605311,6.937647687408665,3.275611745472025,10.975554464252353,1.0,1.0,11.963538233411578,2.644852199554048,5.914123638359249,1.0,18.142725573315218,6.019896215359775,1.583664945112663,17.846118452558432,4.384095194404856,1.1821079850733893,4.466407720178384,6.606220706845847,1.6029314585994812,51.1297178811501,34.01948168568665,50.14295926610745,24.341173034622788,24.634857395535473,47.17464027781541,24.263357327647007,94.3528685029611,83.59317124412999,11.475183937172213,84.03362344133225,22.212636987886548,71.04464345012964
TEST_02+2일,5.687957302953833,24.109479137667094,5.808245695385548,2.428009811950244,1.0,1.0,10.517866052722535,1.0,2.678893665129679,1.0,1.0,1.0,1.0,2.3503791251395465,16.541738580523514,1.0,11.449743772552845,1.0,1.0,15.191465187799809,12.191216107162376,1.0,1.0,4.204247905075312,8.12388232384413,6.791247234828215,12.113942479763152,3.219441167479482,11.022655512099483,4.420411631122229,4.077957741153822,2.9620497467231677,2.263868389820663,1.2781457576884008,1.0,4.728813023736762,51.22839689094368,6.227670257819988,1.2760553889375177,43.90978274348927,20.45542675939796,1.972054298057929,1.0,1.0,1.0,1.402789166779787,1.0,3.2637165857762165,1.0,3.972065270105289,21.677915983491957,1.0,4.700445975041575,1.0,1.0,1.0138218568255841,1.110564091354807,1.0,1.0,1.0,10.743734492182185,11.425840024317907,16.021504170695547,13.936431959374225,16.245864313912904,1.7098448700843039,1.0,1.0,1.0,1.0,1.0,1.0,1.0,1.0,1.7710663213381825,1.0,1.0,1.496999674867531,1.0,1.7588211749218456,1.0256596772506348,1.0,1.0,1.0,1.0,1.0,1.4293930031945314,1.0,1.6919289650381717,1.889725594294976,18.68798878165529,1.2566797567267651,3.6995838851752336,1.0,1.0,1.0,1.0,1.0,19.978844360619203,9.123465793608542,1.0,1.0,6.142305352749244,1.3590743033921895,223.85824864953247,48.638461979437075,35.84663087917244,4.652731907885261,5.9247064959042195,1.3561026170855475,3.622125176733405,1.0,1.670175300977333,1.0,1.0,1.0,2.049320335098432,1.0,1.826808754560582,1.3110827875867646,1.0,12.237866714219061,1,1.0,1,1.0,1,1,1.0,1.0,1.0,1.0,1.0,1.236956938435316,1.0,1.166253457738475,1.0934352280701187,1.0,1.0,2.5204357797190324,1.0,1.0,1.6169853916392518,1.0,6.481383871051186,1.0,83.10660699144044,53.44062840211095,7.305584524617455,1.0,6.661814101285076,1.0,1.0,11.628425458870629,1.0,1.0,21.25898751855033,5.4435245033165,318.11586567329744,1.0,8.98053120790151,1.1076246184399585,5.795139542486633,1.5505988570465592,7.417152633625929,1.0,1.0,14.211716854661418,6.175833692188177,1.6443812466712298,1.0,9.413358883787145,2.8234821630218154,1.0,8.78086563913241,1.8167490068633403,1.0,1.291946139008572,3.836437202060981,1.0,41.17257334414143,19.04095357780263,47.300526661569954,3.5699926140518543,6.885214608425008,37.887521715246926,17.96146972636057,60.039981029324494,99.33137581132706,5.336724855374544,116.59102389681243,14.61715489274925,83.3519612789131
TEST_02+3일,4.743577496723557,22.85830007023349,5.486630012896148,2.2659689420784788,1.0,1.0,19.497109545784497,1.0001227680035647,2.1820234187554863,1.0,1.0785970700214855,1.0,1.0,1.9173750108155092,20.310764786474373,1.1749971305419638,18.601043259958608,1.0,1.0,5.137645917635672,48.57013897918135,1.0,1.0,1.0,17.099654110321016,14.766836661361662,5.333534500584103,22.567406952926735,7.913392877721071,5.778607596501723,4.74580203657178,3.0429457346097046,2.4994424843309426,1.5321502443330348,1.0,3.0213795818390876,45.366630737128474,6.6642484195497715,1.4823288776185997,36.60385255340588,19.795830294332927,1.202107964867534,1.0,1.0,1.0,1.7011061083951615,1.0,3.3129778253096456,1.0,4.487335810474971,14.07731307642167,1.0,4.591638141444829,1.0,1.0745439265177168,1.0851195638028275,1.2346290017727646,1.0,1.0,1.0,10.189966377677866,11.414014548891338,14.721516129944638,13.260535602646302,18.34432205457319,2.3414916897289144,1.0,1.327184720294138,1.5301130587006497,1.0,1.2859031228003779,1.0,1.0,1.0,2.2075368200402554,1.461966571205655,1.0,1.6210192793657834,1.0,2.275030982895566,1.5034347746915044,1.0,1.0,1.0,1.0,1.1565929805447355,1.0,1.521526096727541,2.000273433202976,2.867583101663093,11.326764986260267,1.4494667219381856,3.5470378829145846,1.6762736573522614,1.0,1.0,1.0,1.0,20.76042489810017,9.544594716315064,1.0,1.0,3.832710326896178,1.0,85.16078964708943,61.15288059530665,30.007608317732274,4.988972794983406,5.089430068250045,1.560008085547418,4.298984141744241,1.0,1.7396441794180857,1.0,1.0,1.0731760684361051,2.37016563313183,1.1878663369379043,2.0356145257540925,1.4784511395547846,1.0,32.96037308590153,1,1.0,1,1.0,1,1,1.0,1.0,1.0,1.0,45.18651958644653,1.2073995704224318,1.0,1.4064797510210731,1.324711302613102,1.0,1.0,2.2439559207785704,1.0,1.0,1.512127046818239,1.0,6.423361719754841,1.0,132.63789431017912,102.01969968858204,6.3553933332583865,1.0,6.412350992785026,1.0,1.0,13.137362471797974,2.3802127008356284,2.4782566190925346,22.96703710978047,4.819480447928944,329.8468546846417,1.0,8.362426297705078,1.6886623410342099,4.729403551295911,1.9158862842187765,8.239055105854346,1.0,2.1470965142857414,7.0570118609835,1.5489302374051586,2.2744953703469646,1.0,12.075532123073684,3.9555839970402373,1.0,7.754673377638918,2.086033423506408,1.0,1.2288526364355878,6.214715632622351,1.0,36.57505331484527,22.00988332958152,41.47341780259685,9.218430253286998,14.792957932406871,46.90671984538167,19.018014190661606,123.17321907633341,91.87885759326466,8.508024416020785,97.19706732704985,32.585402528988126,74.56909165567392
TEST_02+4일,3.1971565673498783,25.148639088720426,3.8172791426982506,1.3951608495764658,1.0,1.0,27.896191419609988,1.0,2.054188683393085,1.0,1.324003957309437,1.0,1.0,1.8342779621177843,10.50878855036838,1.1694217998602219,21.852258099787434,1.0,1.0,16.154554047201003,28.786232582115442,1.079267183203046,1.0,1.0,29.603096250512714,17.46737010086714,6.022918020185284,15.337274218617186,6.002710232361106,3.4966970746591293,3.9589425638810334,2.2685832299919353,1.8549646279024876,1.580531451038931,1.0,3.4904626138881683,25.153314390695403,4.04243890316535,1.4149745032796257,29.50323315728959,17.44054904772389,2.155613884252469,1.0,1.0991336966583982,1.0,1.4545710795976103,1.0,2.5099936308604387,1.0,3.5445426205701405,11.656785269220546,1.0,3.616340985299169,1.0,1.0517198271555697,1.1014079666210965,1.168098272074467,1.0,1.0,1.0,8.874216928570247,11.099900043005356,16.46047866517967,14.18518846915636,10.036551258109684,2.5966475362059924,1.0,1.4651479652993769,1.6105410075974271,1.0,1.4705825424031884,1.0,1.0,1.0,2.3632725685546436,1.718958778682661,1.0,1.7689990790863885,1.0,2.5749850448466987,1.7113157259333251,1.0,1.0,1.0,1.0,1.2574965215884113,1.509000501735,1.9881920019467725,1.994157998639655,2.6653196152598078,7.896664015385483,1.5357676117982144,3.087181638347975,1.2043295702598773,1.0,1.0,1.0,1.0,24.01883382715187,7.651630709787868,1.0,1.0,5.317325188870591,1.0,35.21826701255412,65.97882111071418,30.58913658747965,3.4463008389450125,2.5823233037487205,1.7616019827759533,3.233317672648312,1.0,1.9287114652435506,1.0,1.0,1.0,2.038771186316381,1.1738674057319112,1.983331476253415,1.6953881598200298,1.0,2.251398802490994,1,1.0,1,1.0,1,1,1.0,1.0,1.0,1.0,14.169767574778922,1.5485874820437302,1.3160588979236028,1.5236137515987849,1.5921812391300174,1.0,1.0,2.440050011312239,1.0,1.0,1.7340786929644663,1.0,6.559455919728351,1.0,119.50686203042414,103.63882399025884,4.306011084487688,1.0,5.066922581924264,1.0,1.0,11.67270251334273,6.440914251024692,2.0038141376093845,14.43745719301862,4.726862318091419,275.6747579481388,1.0,7.090071564074389,2.4622050212382427,4.434088799185511,1.7837658257436384,4.760123953285587,1.0,5.8044799982718445,4.457158945307467,1.0,2.2564457674973117,1.0,6.726205563324703,3.996231879970884,1.0,4.469197718297429,1.0,1.0,1.0653830198408605,2.996030464182671,1.0,21.700263125743803,12.378577454413843,22.929451323692643,7.154383103853694,11.007149025751843,22.134654565766535,10.722800763006454,129.73830729784208,58.12967721010147,5.923093961520321,83.35543681038949,24.808107760240365,48.20758567402597
TEST_02+5일,4.406182360610713,88.91619193822247,5.346882841050545,2.921541241193372,1.0,1.1979361104887039,50.27241409880505,1.0,2.426756342287897,1.0,1.3118788886803523,1.0,1.0176535285208137,2.545299017693395,17.326859276157595,1.4443792384600584,84.39116366064418,1.0,1.0,80.53025479776477,51.02966306962654,1.5522875960878941,1.0,1.4551746849864917,17.217400757547296,16.299245273118157,11.36106010007589,49.50348028266176,14.5919563902771,5.788973872101766,3.941264464943294,2.715807606573964,2.5847256786648085,1.80679925554387,1.0,3.6887382622935165,33.59973830974122,4.0992786041148745,1.7441011075364197,26.967832434856906,23.473965165640156,2.540104642873521,1.0,1.7576813683785915,1.0,2.4948209880232586,1.0,3.0258710460087173,1.1482170109972463,3.4365770957599837,11.288115350391402,1.0,3.7078857112671457,1.0,1.668998599319743,1.386491650202713,1.834567207023073,1.0,1.0,1.0,7.943015278039457,12.688905532791486,11.155026148720534,12.619126283014669,10.680098724924758,3.4212462298071196,1.0,1.5623982466105217,2.3667591452738623,1.0,1.4992870698424985,1.0,1.0,1.0,2.469224231662432,2.1133557580746087,1.0,1.7385733350024954,1.0,3.037130276884037,2.0264300124474737,1.0966927325394522,1.06846998008993,1.0,1.1456764749781425,1.5814538234083426,1.6949362731846378,1.972879885132967,2.1873989012778674,3.3069784746453053,25.36978162929467,1.7523504251574926,3.9235024486608325,2.214468088829767,1.0,1.1315975667490044,1.0,1.0,20.08933375659908,11.782844374311354,1.0,1.0,5.929255968628385,2.559728473401636,22.22774394530142,49.954609297020305,26.577998935923514,3.7231152200505484,2.227652628222215,1.7156748456410293,3.963718957216447,1.0,1.671868111002987,1.0,1.0,1.1847335809150281,2.2527889894761293,1.4845736840164248,2.148030370630709,1.7985081349164527,1.0,100.93108050049594,1,1.0,1,1.0,1,1,1.0,1.7293057385703239,1.0,1.0,54.458548206738485,1.5851588116645317,1.1333775315838757,1.920796017335009,1.5012050820107283,1.0,1.0,3.217682100592631,1.0,1.0,1.6992907652772689,1.0,5.076752256093086,1.0,62.4901431289634,66.95079172833657,5.769023269136707,1.0,5.355612073025483,1.0,1.0,15.332257246236356,1.0,1.0,19.27388006968992,5.345953715395927,53.62917180321327,1.0,7.995353743431708,1.574320065926838,4.703469783037794,2.2412420148478107,5.447827203879739,1.0,1.0,8.12092775280854,1.8750334501287733,1.4690606674270554,1.0,3.555999461783176,2.600072955166807,1.0,5.6073767616571795,1.0320054608151978,1.0,1.6225036624285722,4.893857163276854,1.0,21.740476574964124,14.420363614102751,32.69401918306685,11.702564277889707,16.035454555475404,23.8807527932254,19.80831434891309,203.7624200505888,41.290757906269874,8.878444471751623,33.56521568224814,9.947103110587376,28.29437760099767
TEST_02+6일,8.13435940717738,66.40229846733017,7.895566335924876,4.899846638853728,1.8929935081351312,2.071380517541611,32.84475126322408,1.942622463307144,3.9840185913338604,1.4893552282116216,2.3959541513296014,1.0,1.7971422008442983,4.338891910771515,32.211680733909,1.9975119386415099,48.51799960147468,1.4557762186423555,1.741946816814933,56.838830938533164,33.53739742670674,2.3802327302365667,1.1846912343904838,8.762920411531391,22.53229144877749,23.295987989696826,19.436086475774488,59.44073505109857,11.025389167772998,5.600772390314913,5.462171570596117,4.59328956575575,3.5810366150357025,2.6244151211646503,1.0332849299101543,5.174839591578528,43.96448108112985,6.916832670628876,2.6421059155208177,33.629804921258994,22.671375278185042,2.847764088968424,1.0,2.1092239536984088,1.2817677626030617,3.5632336335864356,1.1197061606596146,4.3631457010410655,1.647467453451278,4.521348867147935,16.26689729824722,1.1516855005889077,6.31446101227354,1.3770091941811917,2.3781207075417403,2.02187135441745,2.710088849008486,1.5473212332454083,1.181775865090312,1.5373641283453399,10.237185355824558,18.247675158791328,16.749272971644206,13.515919997400987,10.057226759519613,3.210084911340953,1.1893184591486756,2.0151769623413998,3.2769524409828685,1.0,1.9426271941311777,1.0,1.1319533314752497,1.2352416463321987,3.0872323805119453,2.8507519786447,1.1347106706106134,2.371219743315076,1.2623527045999645,3.7069479330982347,2.973439696511781,1.3649026158554383,1.4868636954180166,1.3790865109533597,1.8652439744439757,2.523269590105142,1.3072982431431268,3.1705634766437685,3.115709396603292,4.324063563800304,31.77865034251625,2.536266772988819,4.889083770611768,2.2256382830062122,1.2887764926407546,1.536562115453338,1.275824635183817,1.1617559516793683,19.200612571772446,11.447696063089847,1.1996458452014394,1.0,5.962495060246042,1.615724601440444,32.82940514219026,60.76875634366193,25.82951880972608,5.974638595330768,7.973954684314309,2.586870610582708,4.944295967588282,1.0170389259872208,2.6745588363537536,1.1934582786547874,1.4679327536500484,1.693201579823987,3.6930037892932517,2.097348740589605,3.1428065062942534,2.7103552468609946,1.2936933085960518,37.94466152405604,1,1.0,1,1.0,1,1,1.0,2.4388037231971085,1.0170855936507615,1.0,83.17213264858589,2.55133203797229,2.0101078045686727,3.331323133863667,3.090148906599536,3.5167370597166507,1.4387871227452704,5.756606911746598,1.2656022204112118,1.183820120216971,2.963276469792905,1.6884299994975327,7.9805770564360206,1.0,175.07753899209666,188.20932696986765,9.556074107749854,1.0,7.91269287705805,1.0,1.0,16.84800211738161,5.780209140132497,3.0514945907832627,17.555347721015448,6.839627775545063,36.80206600417613,1.0,12.041913229375465,3.1482259978873417,7.027474866542606,4.120086619738466,9.19050628388449,1.0,5.4267592689725666,12.677378994288663,2.8660216907518237,4.804402551481793,1.0,4.753954038006721,4.631625353352726,1.5422507499505906,8.509489472605551,2.687704120170304,4.147282294996158,2.348700871072052,7.367391486389389,1.6458954496169105,39.14399982113676,19.43272845473788,40.991575078017256,13.913861421180982,18.74275238636215,37.80026035660405,18.56480455289615,168.36581195127707,83.2264754080063,9.350879784705231,84.7638704225099,26.45002498322836,73.52667836344715
TEST_02+7일,10.934577794453281,18.598183435183397,12.64974538094372,5.874496355255383,2.8487802822787316,2.511943469079795,16.207255408567587,2.4495349354947877,5.717603436173588,2.25951383358808,3.079718528205392,1.1866895258757346,2.099960278419165,5.668589059735114,37.097786505969026,2.293505962928816,17.935026801132107,1.8451028810231174,2.437384532191899,17.553126717922044,15.66234261827437,2.7466100333692927,1.532748267293636,1.0,7.665276144286888,7.620503348525484,9.57673485818732,26.628370669336697,16.042919012950748,7.926680736484122,5.570969854358544,5.105836979662211,4.367114832462434,3.1821765144028857,1.298618956546277,6.4310218297408674,55.93680536183479,7.716429193697214,3.245683082142205,44.724189539049384,38.379562728255316,2.7308579931213,1.0,1.911123681701012,1.616613717733056,3.4479657015275693,1.204328111247234,5.262929907175402,1.7515945209014494,6.410778137870762,20.669439564467947,1.4200871826860235,9.897647896025562,1.6150893735169933,3.4429533179203644,2.6768620032966504,3.866947546592949,1.869578839094051,1.4984277789077798,1.499490578648894,16.77471630967113,24.42481886141824,19.27681990539097,25.95571560348957,12.573853580811353,2.922638481529894,1.5733383289245526,2.3462324372576204,3.987949855127967,1.0,1.9317844612811612,1.0,1.4937715418796658,1.4716388810285805,3.8160516107960682,3.6895705765419162,1.2919776078337826,3.1101110525230333,1.2780512181924713,4.366735736297354,3.4770446064327767,1.7830060696389196,1.705173311279242,1.5685869756945847,2.77829592418378,2.714750478656062,2.4445058954809786,3.620111963420673,3.606285494409909,5.68593493254644,34.78616595873303,2.6316154547447934,6.120479889960319,2.8736523003143715,1.5216417925960461,1.801793118623301,1.5806533790605217,1.8092216923666304,7.0280164769403894,15.108102960064537,1.9629850384467602,1.2519077679106796,9.21486779895809,1.0593209261046905,151.17588126860454,9.849589485390927,34.177774044358664,8.657280063393781,12.130604867433338,3.0476475932173117,6.10230112925292,1.0519399386331036,2.7670577552532984,1.356603635552317,2.0483193459543085,1.7791102508418388,4.38667013167348,2.5969364199656484,3.8976805196844224,3.306072413986212,1.5771643806680633,28.484152451538137,1,1.0938743433314437,1,1.0,1,1,1.0,2.1780803247676257,1.0,1.0,23.43531441199145,2.229186578506642,2.608638659277352,4.246025579757049,2.55522544727536,1.3339361500043085,1.8907730096618538,6.575653876333407,1.5706145776511504,1.0958054976032272,3.657289701526745,1.3918869003818035,12.8555616178038,1.0,64.18652303203326,60.722253023765305,13.342708873412382,1.0,11.37582185383325,1.0,1.0,28.914855985249176,10.486282801971592,6.986467710851411,29.518673383006554,9.096819092217036,1.0,1.0,17.448981592082657,5.165080121831886,9.636260927340988,5.462824827087925,12.788683816479002,1.0,13.643676408107252,12.420014583615952,11.80992568340828,7.261086018762815,1.0,14.525412224782968,6.749222045380012,3.7435343684303986,11.538385904697654,8.362310404628447,6.928592590193521,3.625549705127902,12.493618229335405,4.011243294130311,62.09401859360984,29.61139451986542,57.412167330031224,21.701773528135725,30.492266535019,41.581191262040946,33.01137995750531,257.83371426648955,103.07522499277334,17.340043483184292,78.73595444698051,23.40234619180473,80.36752257022482
TEST_03+1일,7.94490622258689,2.628139192809619,9.575264649894727,3.5605371895315505,1.0,2.2841635982437696,10.590346092118914,2.371188469772528,6.10721569627231,1.0,1.4220075572511979,1.0,1.2127810266675842,4.3834368344043995,27.181018983434736,1.1972701416936977,10.44085893667421,1.0,1.172739969184651,8.584813757611222,14.692491365962693,2.077124525818251,1.0,1.0,2.4783919325218653,16.284982708870114,15.805961102866927,36.93911231170587,13.041024997290991,7.234247005703037,9.625413498767346,4.362024465078564,2.3382963666200354,1.518863070684069,1.0,4.020242334618288,63.4028607883353,10.80018838333596,1.5603553403284247,31.109735879395707,24.945195123837646,1.3100722804113365,1.0,1.0,1.177732524972462,1.9471774999606597,1.0,3.2408679445332025,1.0,1.6898852698507718,17.601026691451708,1.5118341134478446,6.200450033561143,1.3240860195954038,4.276659567531556,2.0162184063149677,2.1617307132082257,1.0,1.0,1.0,11.325019319894754,12.27333553778696,28.832821204848386,14.571214598061253,14.852328927204416,2.05079707480372,1.0,1.7234763648656808,3.5310430532965915,1.0,3.003630491540279,1.0,1.4969416239616053,1.0,5.688980972470209,1.7806094304982043,1.0,3.133096153029443,1.087159255118722,5.112569258728268,3.4281238364966593,1.4650981314769513,1.701465056581134,1.9774319799602467,1.5040285472086803,1.22012847676616,2.1563948240740825,2.547693154105258,4.901737491483652,5.791437486507768,5.72650720386859,1.689805256586524,4.596611213276317,7.653455936806933,1.0,1.2134113658325751,1.1759963233404818,1.090995163934835,26.64579974932672,8.274091524065573,2.510047782717096,1.4814184929021406,2.2728416349878753,1.0,209.0441675695332,6.596553677077984,48.7097646085076,4.811103911579186,2.1305156032238854,1.2177529582175235,4.647737236531443,1.0,1.5978758742082972,1.0,1.4321656383703911,1.301770150809426,2.0767170961932355,1.6342533784172448,4.273414032517221,2.1583584780279508,1.0,1.0,1,1.0,1,1.0,1,1,1.0,2.0564691676205547,1.0,1.0,33.117277866394744,1.2387631683502185,1.2335275588448928,1.7513246943925604,1.0,1.0,1.0,2.6808193913925815,1.0,1.0,1.553749323590894,1.0,10.431586048140046,1.0,6.462370206348322,1.0,14.503561542838828,1.0,15.342546631660609,1.0,1.0,32.00815209549364,1.8551221862336844,1.8927573199173704,37.58880642646274,11.235532648902439,4.777663475008302,1.0,16.155574895737093,3.283458280825993,9.425068747507423,5.208470420810669,16.576124682497827,1.6184278419026397,1.7170784519527336,19.80261337518462,20.699985282406143,15.284349536784976,1.0,24.751752600725542,3.6140740716387647,15.194323312416422,33.695046186407616,31.87589057517641,10.179310244415355,6.6318813912168775,7.188471456774189,7.9753452276774315,150.7019078083683,107.33158593960177,139.7137662227313,70.24658528407271,96.97029670722132,145.51884219708913,96.40780567397914,567.7546713886345,119.77082359536331,86.4607584230056,135.5128746785487,34.340345448213334,182.32008530177714
TEST_03+2일,2.211236647752559,17.451627302716556,3.503974405657846,1.0,1.0,1.0,19.858619886306606,1.2388557167455605,2.2783936420268613,1.0,1.0,1.0,1.0,2.027474819856268,10.543004649915634,1.0,29.118675133348365,1.0,1.0,24.00387127774488,17.994301529823957,1.0,1.0,1.5490957598747308,14.029941223461439,31.909645853310963,11.19688577917662,15.955858068932082,12.15772545595294,5.5811577381028155,7.485877530992244,3.319745912210911,1.3233994901050288,1.0,1.0,3.179142874345228,41.97467529653686,8.628683093151462,1.0605038823481214,27.926529308075647,15.255531986631292,1.0,1.0,1.4946604124503167,1.0,1.2139538540263355,1.0,2.198237922768018,1.0,1.204944139644411,13.564112250653885,1.0,5.265861916799807,1.0,2.5221851561164805,1.2414569444625478,1.4887157052784705,1.0,1.0,1.0,6.252748627723959,6.892137518842623,21.093612290063664,14.588407078606773,16.431659500786562,1.562576944069206,1.0,1.0,1.3209956869446606,1.0,1.893250918117591,1.0,1.0,1.0,2.81147295440077,1.0,1.0,1.9161267780360984,1.0,3.7227575346882276,1.3041717319405408,1.0,1.0,1.0,1.2001515574691441,1.0,2.006630503727043,1.2314002942198725,2.7462695715481322,2.802204661435487,117.8145826260585,1.0520492904897758,3.4120997084141487,3.9768984516111567,1.0,1.0,1.0,1.0,26.421905485130665,4.3551115089341454,1.3035412669707314,1.0195870879584183,5.41876439520251,1.0,21.519828876433355,100.6665267961385,27.72396783375027,3.5702709499953915,1.2819571980984212,1.0,3.1900737171090747,1.0,1.0,1.0,1.0,1.0,1.6000349611221616,1.1491827637397842,3.2476110771749545,1.1198669224755746,1.0,38.89442751295228,1,1.0,1,1.0,1,1,1.0,4.511853615572112,1.0,1.0,14.433567923774616,1.0,1.0,1.0,1.0,1.0,1.0,1.1474876830034415,1.0,1.0,1.0,1.0,6.249914117775299,1.0,118.74253506355107,109.31772077004229,9.16431161888801,1.0,7.934869290667757,1.0,1.0,22.235376194707783,1.0,1.3931541528104234,25.74098135499572,5.259199834631411,18.909941764860484,1.0,9.153848648465726,1.5877368653586499,5.449250186887991,3.0488980813718496,8.53606939350755,1.0,1.0,12.99437900299571,5.572265303667495,3.752346136075576,1.0,4.933848911873538,5.572638750289667,6.527126444682332,13.269271441191243,7.136045430548537,4.1008183776296026,1.609626261216031,3.2425763622463215,3.296972814812166,100.06235091333235,85.04682478587885,95.47916886256937,21.91492825714398,97.66703755023823,82.71971307151584,73.74525914327202,579.4159314238334,98.10851930007433,101.78636567946477,91.94798215878023,18.977615491975016,110.4338069085768
TEST_03+3일,2.0455033994647893,50.577249601926525,2.686214879944412,1.2439192509180834,1.0,1.1161025057571048,6.234919891091084,1.2566745254047256,2.1265708752642047,1.0,1.0,1.0,1.0,2.390638619095589,8.9443609256909,1.0,31.77836222354869,1.0,1.0,46.6989165429828,3.582171893582156,1.0,1.0,2.720346894890334,23.624294940622985,9.378095100588633,11.182692366212663,52.028487317162224,11.538866867713857,5.138589752656328,7.51173096712889,3.5625063891278845,1.4051547967817324,1.1763843514885155,1.0,3.5192545406137983,39.282861778507964,8.034852436149205,1.3038170856117324,24.648652691177663,9.49304273971777,1.0,1.0,1.0,1.0,1.1947345296499012,1.0,2.2800784678551382,1.0,1.4217892637921279,13.019436471030016,1.0,4.89122831474481,1.0,2.9522871539994355,1.1152601133069306,1.5221692065150056,1.0,1.0,1.0,5.665386004730363,7.763232459637132,16.195797545293726,11.825968905515547,14.204204775882785,1.959339630065405,1.0,1.2718327457749914,2.184457600716229,1.0,2.3948108316003194,1.0,1.0,1.0,3.5931510931434207,1.1118855640495617,1.0,2.543114898662802,1.0,3.966971320539178,2.3788798702043805,1.0,1.0513464091466032,1.1238823644251086,1.3587766527460152,1.0264555713795165,1.5570360072632956,2.3462696045977145,3.5200914600341036,4.118162860928932,103.73611215061354,1.0300955429255148,2.9316031945092784,3.0779138864175293,1.0,1.0,1.0,1.0,22.74080086153486,3.25993566134358,1.1417359053828593,1.0,2.427650773738628,1.0,1.0,118.12840290030229,10.988381480389924,2.816762772537563,1.207889957093154,1.0,2.86323525390572,1.0,1.0,1.0,1.0,1.0,1.3835085857132867,1.24089857522588,2.8556139472459807,1.1815471244868827,1.0,37.74823386053863,1,1.0,1,1.0,1,1,1.0,6.051925485491569,1.0,1.0,38.652004517024544,1.0,1.0,1.0,1.0,1.0,1.0,1.8848518811993542,1.0,1.0,1.0,1.0,4.660101446993996,1.0,168.89658974671542,162.50023410883244,8.128004138020371,1.0,6.719055431570871,1.0,1.0,19.881385766252958,1.0,1.0,25.283048022880667,4.38769001815956,17.13894528771939,1.0,8.22549169867787,1.2365232051848825,4.270632325833426,1.8379139414020498,8.33086192888671,1.0,1.0,13.400803230506925,6.930090888307116,3.9656714428614093,1.0,5.703213961563996,1.0,6.965539984428912,11.859400993279912,9.989922204068348,3.319829668216963,1.0,1.0469814119225058,2.152091117953916,146.0931722419291,82.03468008999572,127.76787617549041,27.789892263901066,101.68833160772715,107.80798167486954,79.06969798517683,613.9290054482138,117.63773836739446,109.92894789542984,116.2632199440488,20.937618206862233,117.0368721374363
TEST_03+4일,2.4984511737833066,75.29922230953557,3.018825324139405,1.3071243295266046,1.0,1.0746739107317407,17.75594870199583,1.272757124043102,2.683190825387759,1.0,1.0,1.0,1.0,2.23594819985055,9.942937268583533,1.0,101.54723220169441,1.0,1.0,106.21071841049609,17.863609649141317,1.0,1.0,5.321224515347989,22.811745036252994,31.65904919943516,13.579765122795614,39.65113328331433,11.039751372374907,5.443426491075371,7.651617521655393,3.2091618427719184,1.2329855790113347,1.0,1.0,3.0536918046417543,43.242540150684114,8.643846518808484,1.4252105494202676,19.905052551314288,18.405721977222015,1.0,1.0,1.00285374116509,1.0,1.1515773455736633,1.0,1.8754349799420567,1.0,1.3324410960892796,9.854485318329521,1.0,4.198647829231377,1.0,2.5063306673584345,1.090216482671433,1.3887225548719704,1.0,1.0,1.0,5.535120213653424,5.572977029137354,16.437083592780393,11.543631414218716,15.290562950597321,2.3035715204811424,1.0,1.339249309264269,2.056139781320245,1.0,2.32061458572206,1.0,1.0,1.0,3.6415871297735447,1.2386971790331631,1.0,2.509032691381063,1.0,3.23937095895325,1.893748140770862,1.1721043903027275,1.1223205812030688,1.09276866908665,1.5382766462338453,1.0885337991993418,1.683845532036931,2.1351830869117365,3.645496283975964,4.829202523283141,69.35324843795236,1.0927403102910238,2.837136288478974,3.4257428619907393,1.0,1.0,1.0,1.0,27.069402013824675,2.809207906833976,1.145969681533543,1.0,2.8364023441603328,1.0,13.702448441162883,99.64405443089427,6.898975077191715,2.5706999287060417,1.6782211198699302,1.0,2.421732540625659,1.0,1.0,1.0,1.0,1.0,1.4049595820326852,1.1583114297006325,2.63048346652612,1.139374073465795,1.0,34.389871224609564,1,1.0,1,1.0,1,1,1.0,4.336906929745569,1.0,1.0,31.45601338735887,1.0,1.0,1.0,1.0,1.0,1.0,2.03465809237939,1.0,1.0,1.0,1.0,4.544130224183831,1.0,144.08938792188263,156.45165796421605,7.2821958453153695,1.0,5.983914150037819,1.0,1.0,17.47564634105436,1.4771043038996536,1.0,21.945048361974752,4.534157910187248,42.17033404820156,1.0,6.347075487555364,1.5916670848675718,3.7582279868763444,2.328063582115747,6.308861287845516,2.0714671055863105,3.4478123388138675,9.021149063592935,6.385031951514726,4.984519656676698,1.0,6.350150868234214,1.0,4.892142692087792,9.811438619478212,6.98941890503341,2.3822322608069206,1.1077679935771803,1.8788867198591601,1.5206937716248845,142.46988166636118,84.23264175952502,120.3741296154271,35.049087784608375,91.60254293004606,107.36474470013536,78.1013959203728,643.9169705523691,109.94422482265766,99.14377178333602,104.05988895438365,23.0300146020298,107.65311344144833
TEST_03+5일,4.292248064626879,69.89060847008827,2.7322298354748344,1.4489967153492918,1.0,1.170037810244057,30.015840921002578,2.164671808176112,3.3654447835213506,1.0,1.0,1.0,1.0,2.647084766990378,17.222228191948986,1.0,65.27406694086413,1.0,1.0,60.54982283493534,30.77441785545108,1.2041157992262408,1.0,8.340926462370266,44.575640818707214,63.45960989390109,10.637269525022559,41.48818651785408,13.429778242149405,7.415605391383267,7.680099270728026,3.179372940449477,1.288327783732549,1.1188918985973675,1.0,3.173469109866803,54.395114872206946,8.565869855178997,1.55849305536252,25.625005396463866,23.332357685018664,1.2049909178278524,1.0,2.7967341563567474,1.0,1.4639751986738896,1.0,2.403417755384113,1.0,1.5457765916796546,11.184762347980817,1.0,4.33489211248633,1.0,2.925334664510609,1.2703450593370562,1.4892302693995136,1.0,1.0,1.0,5.578002563531158,5.828495400075858,17.916394573731846,10.169442528365987,12.260623538598317,2.3603197982114916,1.0,1.474931397327828,4.468803636928614,1.0,2.6630607330295786,1.0,1.0,1.0,3.8843784170769036,1.3970813840676954,1.0,2.7385927931573315,1.057425287460621,4.243280702438653,2.3481511493815215,1.2066512430113276,1.458564793597131,1.1535173161397456,2.065812154131351,1.2901629857806438,1.610264451137969,2.4796299389996235,3.49928494711791,4.913252615519437,95.41413574698436,1.112779284261754,3.399607191655907,3.955106094656418,1.0,1.0,1.0,1.0,17.07973271582825,5.537905825159714,1.1991568825754388,1.040984572359901,5.36059288350629,1.0,21.47102354567088,104.58009643241792,9.341039677602815,3.5120394755033844,2.6755222076648417,1.0,2.6152323306302585,1.0,1.0152734450747227,1.0,1.0,1.0,1.8180159997382157,1.4254270312967958,2.5816468850536376,1.2564358697943006,1.0,85.25005280618394,1,1.0,1,1.0,1,1,1.0,6.16111842304936,1.0,1.0,42.09225841842141,1.5796037596240984,1.104138064050624,1.3492405656073974,1.0,1.0,1.0,1.9974386649189837,1.027078425190218,1.0,1.6105961930392734,1.0,4.5122232704264995,1.0,169.24872711238612,110.99067565595129,7.080632132952315,1.0,5.278894892909725,1.0,1.0,18.507015892705546,1.0,1.0,24.094329864864203,4.4100138473524995,12.548562449870266,1.0,6.450679612489786,1.2122327317845147,4.474809311799002,2.329435385849336,6.661568223153199,1.0,1.0,10.823202381932823,5.523751813674936,6.9051122365881845,1.0,7.876656610184441,1.0,4.973849055597743,13.525906276419375,6.236882799874745,2.44063839656593,1.7004519139851935,2.331011541982089,1.6270588540863946,140.9486858870661,89.34290260811854,136.7969395934219,45.08162442538785,109.57827094680542,117.01591876640175,81.72621000049202,613.3214083443132,136.58258555232993,99.17768925992847,155.84782099310127,23.7829911110625,147.75841938304563
TEST_03+6일,6.024837586261547,40.44896026862669,7.684959300315328,3.37088594324674,1.0,2.0690836951055873,21.088762198343638,3.143520224140956,5.084882413689743,1.003267495230701,1.8179613415420828,1.0038117284149217,1.184445346032448,4.187063104907009,24.856223455300697,2.036572367781525,43.33363897504196,1.2293956275225462,1.2276548456188217,47.6819274233638,16.225256684669034,1.6690055370413572,1.0,11.385243868560707,42.385114585496744,35.329944380185495,34.33777385344709,71.92541464800281,13.497278551534976,6.651369601481074,8.064390123956438,4.29720664846514,2.098195460801958,1.805671329102789,1.0,4.100568861063182,55.65176203113181,9.686688390668811,2.148988131897498,35.24132088330223,20.65260529392938,1.0,1.0,1.7236626561659614,1.2570106514300732,2.0130186298525485,1.034055702221422,3.4887287290516857,1.052079467238481,2.0757596860721432,11.599377353442105,1.561123913928422,5.987063475394438,1.5400406159449203,3.91598456465013,2.12024328374979,2.721717926897353,1.0795403464106321,1.204971364489687,1.0,6.332395866409933,7.910478254548199,18.930740386339835,12.936658417518666,11.186957591240958,2.5381218914097103,1.0,1.7919293248150976,3.7134802843236407,1.0,3.5011471305548,1.0,1.3924002085899125,1.0,4.836094782026753,1.922139644569092,1.0,3.1190780833950296,1.5934408741131474,4.999998211532295,3.391291514332824,1.8307312676685412,2.2524220831523363,1.8343498117152424,2.7798707700092957,2.017981874533035,1.7975016905331846,3.2889463988122656,4.940886965497523,5.572211552486222,92.85999387034883,1.825341076234053,4.692743795727723,5.827415078211862,1.0,1.138610177519248,1.5548174845002085,1.5050889992448715,23.218819840518695,6.054165957463756,2.360937971062913,1.714811166266927,5.883030231150633,1.2325010511471484,13.899121008111484,80.63564290774059,18.516344607629275,4.585827385250011,3.468802172804658,1.6451558381750335,4.054314841103134,1.0,1.7954232818733569,1.1303620192316899,1.5622966117519168,1.2985963400668967,3.5250208250016257,2.222894327588091,3.7163574868949873,2.2363811116182193,1.0,47.8560509449302,1,1.0,1,1.0,1,1,1.0,5.097065302389747,1.1681726416766929,1.001925034579662,72.75580435913086,3.0980990967129105,2.113148369141401,3.811021476374542,1.6072801388540012,1.2871206368481645,1.6886142735768546,7.411705959661976,1.732041045811091,1.3767002027842061,3.7671592517693635,1.6389106793151835,5.518517300864819,1.0,215.95870184634288,141.98961803469476,8.462159930013561,1.0,8.018065314734631,1.0,1.0,22.258894507091085,1.0,1.0,24.91334668173877,5.773646871134708,11.545225298126674,1.0,9.583134584354113,1.8243982962244378,5.788083336877159,3.48697494455835,8.620929679642924,1.2618706150666659,3.8078374802283568,14.687632375365071,5.109892010340509,7.630934158250347,1.0,9.122914305142555,1.1160979092483105,6.175589902854631,25.256462552567918,10.107444800940875,2.674682014773135,3.1992488902287333,2.408176255133462,2.400361525557723,131.756870015099,92.41833763954165,125.25887896366457,45.57671670837001,100.63317537443687,121.30682043226764,86.35933184483794,626.7714607129171,123.77658060756828,91.87259984693813,122.38206932622921,27.358189054303136,154.9104358903693
TEST_03+7일,9.107780382740746,6.45308983865803,9.726558320390604,5.763390247226488,1.2098551913793203,3.0035884346913457,17.145689272073202,2.7285013137236707,8.647822083608473,1.124709476137276,2.2919969567866874,1.0,1.5905118999235164,5.626885597389562,31.762084190365826,2.160148494872329,21.85340830809332,1.7052023473953686,1.5772315507735855,22.19306784256342,13.761320529401718,2.321030950695657,1.1589072587055198,1.0,19.188297265627753,8.08317139163327,32.12355861716988,54.35313182169925,15.956412656155626,9.217221417352775,10.932004875300334,4.9386036181760735,3.6202182946204826,2.1349145502956293,1.0,4.932055820327849,66.5957438156237,11.784599056948771,2.5568604094556484,41.0562727614102,26.521799393670936,1.714491213818911,1.0,1.7192313902647605,2.1200313144386103,2.8546411445149076,1.1548765628674251,4.762317305147005,1.2979432245950617,2.797801671007361,16.209672677356888,2.1031406412884217,7.891401058174189,2.3512798771379284,5.7957748735408945,3.2584948671944125,4.377922931331118,1.4107213124164157,1.9071482203544872,1.1165506141036226,10.428152670109842,9.250011076902815,24.761601473125502,13.403430988153714,17.72794685038843,3.6197386772686686,1.0298373125495395,2.5754344512767378,4.442186736868941,1.0,3.9596526744288667,1.0,2.134277568017391,1.2213861537961546,6.908090131600708,2.2613488799453245,1.1500621747167936,3.8183418029444582,1.7715443465454654,6.7798519698013235,4.287446130319479,2.301500213941075,2.5455512632523316,2.860689449927399,3.5623063712892207,2.282180574671879,2.3419050111934276,3.373255376135989,6.549497726537784,8.306424884286056,1.0,2.4268055641755963,5.577654894393416,8.097352862429963,1.3011374502218738,1.5369399205133176,1.7625705232133482,1.9651147572375458,15.035978870948464,10.632710882245542,3.272720434576642,2.1405331456456156,7.649084074702185,1.0,162.47900242831972,8.888283884658255,22.230122176595437,5.546048223112819,4.1949321330060565,2.3702624210391003,5.84634154095542,1.2283064337239817,2.5962479697272682,1.398230777712748,1.9678696411713583,1.7702588308440586,4.45189949592096,2.5314544457296106,5.156206029117945,3.3291391088772286,1.0,9.528248314826506,1,1.0,1,1.0,1,1,1.0,4.377850486537222,1.0,1.0,21.296052443579978,4.321620541279933,3.1967406691857283,5.234734637407157,1.8840991452219784,1.6015969077629966,2.0965174213529476,10.077048631450966,1.6823909739847185,1.7929688566241238,5.17174434272093,2.4804899104154345,9.857836730074663,1.0,78.2798242977511,30.81954280260474,12.625793583857401,1.0,10.904456605776463,1.0,1.0,27.684645217643265,1.8007377386742245,2.3226767859867046,31.772281937570423,10.84458769138604,2.4156732727636854,1.0,13.981500554175916,3.0060412523946614,8.926252605386004,5.221740349128365,12.407239843788817,3.569096780271756,4.61043244534292,18.221969146255958,15.412470550491465,15.00483212841801,1.0,18.216998302755233,4.6683408819896615,10.648807213169535,38.88920877352414,21.54689189176009,7.834703458795333,4.914784440250035,8.163069906484658,7.4128312031148385,160.04110536090462,100.51270469853435,140.80613586240824,74.13008844218271,110.06756159539293,140.61495907778547,92.65549135168523,679.0487108080597,132.34523851794197,95.17802521167731,103.8625397476296,32.598093873817945,148.57048787386805
TEST_04+1일,4.875381368546368,1.962878476717323,6.546481482957767,4.099841937650658,1.0,1.0,1.3656019329621587,1.0,1.0,1.0,1.0,1.0,1.0,1.0,1.0,1.0,4.207449002134823,1.0,1.0,5.916877247354035,2.339736157507011,1.0,1.0,1.0,1.0,1.0,4.9467083963873,1.1492123754372967,14.041156655156689,3.7598171242910357,3.6795577549060017,1.5078079503324924,1.4543614686384556,1.0905380235895872,1.0,3.889147926583258,30.106282187646904,6.0873546636168365,1.7036293037739434,32.26476946441181,14.53667304049258,2.659833933746471,1.0,1.0,1.0,1.6250641763660256,1.00831901720296,1.900521908769952,1.0,1.8948710837954637,7.226002390020524,1.0,5.535321599917792,1.0,3.5694872963809336,1.0,1.6889096235152858,1.0,1.0,1.2403869407756345,9.073796525011122,7.716613276194257,14.096159517213605,11.322080616770446,7.744130942462075,1.9472661332566141,1.088882828792223,1.4981268216647041,2.942680957054254,1.0,3.0016950956372805,1.0,1.0,1.2203181692830567,3.804780252362429,1.0395088637647198,1.0,1.738404938646455,1.1462464171742286,4.811197669154333,1.3033700088892801,1.0598873632044856,1.0,1.3526538540174788,1.173689923267427,1.8969527539463877,2.3947493229314083,2.4864669760680354,3.160667535062907,4.090474444486808,1.0,1.2346716302259364,3.1306177225334584,5.3508659377343,1.0,1.0,1.0,1.0,23.106894999674942,4.516677382327105,2.303847815370859,1.0,8.219753381302711,1.0,154.52770854426112,18.981916475094977,33.07125202472305,4.0407689357961,3.414317052168279,1.0,2.19563913173507,1.0,1.5966425876931907,1.0,1.2344764535217096,1.0,1.1015170775049492,2.158055394410056,2.104662577395587,1.1054095733354377,1.0,20.269250654344287,1,1.0,1,1.0,1,1,1.0,1.121596179079277,1.0,1.0,5.40208926253807,1.0,1.0,1.0,1.0,1.0,1.0,1.0,1.0,1.0,1.0,1.0,3.502674573141749,1.0,8.36837947526456,8.945662787692807,5.010432904429094,1.0,5.6890789920337195,1.0,1.0,13.768929122304511,1.0,1.0,11.154854041948758,4.055467790788932,5.346251772454715,1.0,4.737325806775194,1.0,4.794314880398608,1.0,4.994764771156083,1.0,1.0,6.3814251660886665,1.0,1.0,1.0,1.0,1.0,1.010008622376166,1.0,1.0,1.0,2.9746431683016485,1.4603409927976423,1.0,30.330443032344892,1.0,1.0,11.965768513116233,1.0,1.0,1.0,104.23900116477775,1.0,30.28808971705727,1.0,6.933014418746779,24.565077736537017
TEST_04+2일,1.2137579214414829,15.946568948585648,1.277375021728445,1.0,1.0,1.0,10.021847623184033,1.0,1.0,1.0,1.0,1.0,1.0,1.0,1.0,1.0,21.923576679358167,1.0,1.0,21.574597938872365,9.590357004093555,1.0,1.0,1.0,27.936464203956962,7.311775353904594,1.0,6.345607344192238,7.438269008100013,1.7591542702251717,2.2591561026094493,1.0,1.0,1.0,1.0,2.110409376787293,9.22997085956874,2.745571355697585,1.0,11.136706628590618,9.239302014461128,5.080534821574474,1.0,1.0,1.0,1.0,1.0,1.045660893945557,1.0,1.0,6.835166810992819,1.0,6.3721645979636925,1.0,2.3787728220229294,1.0,1.0,1.0,1.0,1.0,1.996277029201777,3.543460090596297,7.496200093105794,3.7781210797367604,7.083585317020977,1.0,1.0,1.0,1.0,1.0,1.0,1.0,1.0,1.0,1.0,1.0,1.0,1.0,1.0,1.0,1.0,1.0,1.0,1.0,1.0,1.0,2.5597306748692423,1.0,1.0535031261758938,1.0,49.62946869400044,1.0,1.5936496462928036,3.4248166984789403,1.0,1.0,1.0,1.0,19.477451198443205,2.0234203716945993,1.0,1.0,4.955569709289799,1.0,1.433502584135562,88.41906828802951,11.945699854223214,1.9148341996328968,2.3521798155231357,1.0,1.0306126295816065,1.0,1.0,1.0,1.0,1.0,1.0,1.1189552400061975,1.4981711064084418,1.0,1.0,29.2271971716055,1,1.0,1,1.0,1,1,1.0,1.8053881004621046,1.0,1.0,16.652398455957893,1.0,1.0,1.0,1.0,1.0,1.0,1.0,1.0,1.0,1.0,1.0,1.1256470693950091,1.0,98.61658738399942,69.37623830424208,2.9905180934428395,1.0,2.1416403251338703,1.0,1.0,5.429667401510613,1.0,1.0,8.829806269900867,1.098225906064401,9.783212783435191,1.0,1.960685602324203,1.0,2.2468017212267313,1.0,2.7136130454753595,1.0,1.0,5.267061277154073,1.0,1.0,1.0,1.0,1.0,1.0,1.0,1.0,1.0,1.0,1.0,1.0,1.0,1.0,1.0,3.0371260642295588,1.0,1.0,1.0,82.81121074501532,1.0,1.0,1.0,3.4350824864785543,9.961298200482661
TEST_04+3일,1.0,23.875222363666605,1.287077042809976,1.0291159272390196,1.0,1.0,3.0338624509282055,1.0,1.0,1.0,1.0,1.0,1.0,1.0,1.0,1.0,31.690072375991633,1.0,1.0,15.810627205688812,6.2362966043481185,1.0,1.0,1.2140122054204212,14.945138719775574,11.879919905515901,3.6136960809615744,55.295530018230366,6.640837467337663,1.6681059375488467,1.3947644940786557,1.0518301128676864,1.0,1.0,1.0,2.517555594404046,5.8309493911576,2.7450704692202637,1.0,11.54007216699247,2.674172172491938,2.353146079119738,1.0,1.0,1.0,1.0,1.0,1.0,1.0,1.0,5.840690406787688,1.0,3.3277900639208813,1.0,2.1217093282680484,1.0,1.0,1.0,1.0,1.0,1.0,3.350763466647306,4.927551169990715,5.651756193314553,5.084404016743948,1.0681321114191427,1.0,1.0,1.0,1.0,1.318743443229904,1.0,1.0,1.0,1.5322325164882502,1.0,1.0,1.0,1.0,1.442010777294565,1.0,1.0,1.0,1.0,1.0,1.0,1.6426852916306742,1.0,1.6063614406110027,1.8073205521766118,55.44569299437843,1.0,1.3296759867899115,2.6035026260797274,1.0,1.0,1.0,1.0,13.748228626502073,1.876765893190739,1.0,1.0,6.328275719008675,1.0,1.0,39.463079763435665,12.041174189968789,1.3710379088003224,3.1805879304894615,1.0,1.0470242828074339,1.0,1.0,1.0,1.0,1.0,1.0,1.1474749967662978,1.3697561892197254,1.0,1.0,18.909636202528866,1,1.0,1,1.0,1,1,1.0,2.458721463669196,1.0,1.0,27.262890948171346,1.0,1.0,1.0,1.0,1.0,1.0,1.0,1.0,1.0,1.0,1.0,1.4190595980940668,1.0,91.04634202542434,75.76952219970815,2.9200460058814866,1.0,1.8767011561464615,1.0,1.0,5.24001156302203,1.0,1.0,6.434403914112143,1.5342637099181085,18.83862206660598,1.0,1.3797124391385531,1.0,2.6959196032324884,1.0,2.563317143839145,1.0,1.0,2.915999903746545,1.0,1.0,1.0,1.0,1.0,1.0,1.0,1.0,1.0,1.0,2.107497394453921,1.0,17.961088831798588,1.0,1.0,1.0,1.0,1.0,1.0,92.98048538829806,1.0,1.425646805790866,1.0,7.318662214205923,2.5360230444013947
TEST_04+4일,2.663583273945717,5.033058094766109,1.6017483515288462,1.0,1.0,1.0,14.931009337429762,1.0,1.0,1.0,1.0,1.0,1.0,1.0,1.0,1.0,36.13189834571864,1.0,1.0,24.56910157065762,20.181919868296315,1.0,1.0,2.394823670002759,35.93838641956471,6.9251075140136695,5.09630578899777,67.0870063970421,10.606101693299019,1.9303317168549747,1.1361108631159709,1.0,1.0,1.0,1.0,1.953665867020064,7.877302474271997,2.9739011894348004,1.0,13.150775963180852,1.0,4.008363867137803,1.0,1.0,1.0,1.0,1.0,1.0,1.0,1.0,5.398261162763064,1.0,4.534055730797571,1.0,1.7205583224936314,1.0,1.0,1.0,1.0,1.0,1.0,1.0,3.95997733700877,2.952273542198691,6.003308856187506,1.0,1.0,1.0,1.070445159305677,1.0,1.6006031944904573,1.0,1.0,1.0,2.2331998050341193,1.0,1.0,1.269177988021698,1.0,2.2538517630247985,1.0,1.0,1.0,1.0,1.0,1.0,1.2281757837119984,1.0250519835591185,1.8974984704012792,2.0507549363071385,78.59274739973446,1.0,1.0,2.314729849271654,1.0,1.0,1.0,1.0,10.75364779704791,1.5631704020633652,1.0,1.0,7.570889485726451,1.0,1.0,50.440742191811786,17.02198104818506,1.1316933888033913,2.5484720052606886,1.0,1.0702639075484937,1.0,1.0,1.0,1.0,1.0,1.0,1.0,1.0411578717697436,1.0,1.0,56.22290076243674,1,1.0,1,1.0,1,1,1.0,2.9690137923393842,1.0,1.0,29.295372778678857,1.0,1.0,1.0,1.0,1.0,1.0,1.0,1.0,1.0,1.0,1.0,1.4622634890991104,1.0,91.75009314505245,98.77533020959025,2.740442678431343,1.0,1.9380633404796608,1.0,1.0,4.312203823604924,2.949841025371393,1.0,4.1093832322190265,1.5067265277316086,20.89042416897731,1.0,2.4264129952341813,1.0,2.2535699964016844,1.1558905584104195,2.706133979270284,1.0,2.834031428551033,3.1237116311661732,1.0,1.0,1.0,1.0,1.0,1.0,1.0,1.0,1.0,1.0,1.0,1.0,1.0,1.0,1.0,1.0,1.0,1.0,1.0,69.03308459276566,1.0,10.59681758827488,1.0,2.588466054208844,1.0
TEST_04+5일,1.8369002037397604,63.417969060971444,1.3063781642080559,1.0,1.0,1.0,31.135394492367222,1.0,1.0,1.0,1.0,1.0,1.0,1.0,1.0,1.0,59.427866912264435,1.0,1.0,56.95650378159409,28.598121041654395,1.0,1.0,1.0,25.234298373181122,19.062844009453794,4.95551468534301,32.56410520380252,9.975617292687181,1.984044649255243,2.1945433587382053,1.0,1.0,1.0,1.0,2.4300119774519997,10.9726567944376,3.4163183953312433,1.0,9.70653165621596,3.7993542514222676,1.9527044226289645,1.0,1.0,1.0,1.0,1.0,1.0,1.0,1.0,4.713895143761767,1.0,4.727080797708286,1.0,1.7793158411704155,1.0,1.0,1.0,1.0,1.0,1.4834337249310336,1.0,3.0278664748619355,3.2569943628932627,5.821383535018887,1.3443114357596249,1.0,1.0238581291024613,1.517610339559348,1.0,1.3326619993814437,1.0,1.0,1.0,1.826320014016787,1.0,1.0,1.0,1.0,2.0079335437618657,1.0,1.0,1.0,1.0,1.0,1.2202842597986783,1.0,1.423485522985639,1.780011898814711,2.1734937030951116,83.30807288956456,1.0,1.2237068637981234,2.135227728314058,1.0,1.0,1.0,1.0,9.794087305288874,1.7200203779537035,1.0,1.0,5.590892847335285,1.0,7.201645932653,45.63249091965288,16.281884076341434,1.3347329097036065,2.38927859377469,1.0,1.0,1.0,1.0,1.0,1.0,1.0,1.0,1.1278685575539849,1.2865629985855855,1.0,1.0,80.54275193090035,1,1.0,1,1.0,1,1,1.0,3.3651734087596488,1.0,1.0,55.6973370705089,1.0,1.0,1.0,1.0,1.0,1.0,1.0,1.0,1.0,1.0,1.0,1.6380578100463516,1.0,115.82610108664761,119.15432544685713,2.2344726289614982,1.0,1.666488579562149,1.0,1.0,5.596585045760581,1.0,1.0,4.564233140991016,1.661958132452358,10.811768355727066,1.0,1.3027881249145754,1.0,2.334624066341292,1.4276329937529952,2.328158665547061,1.0,1.0,2.3087409598485893,2.760280182736538,1.0,1.0,1.0,1.0,1.0,1.0,1.0,1.0,1.0,8.083019504818738,1.0,6.9437177711226505,1.0,1.0,3.9290142304749045,1.0,1.0,1.0,37.649517818687784,1.0,13.680685485298838,1.0,1.5239189635825383,14.577489099826542
TEST_04+6일,3.1967410267155056,19.637099692680774,3.660181337497026,2.5485649785316102,1.0,1.2968700448554034,17.3161799834528,1.0,1.551404902655423,1.0,1.4354416245271446,1.0,1.0,1.0,1.0,1.0,53.304290604241814,1.0,1.0,26.52474017776505,18.092067192635884,1.0,1.0,1.0,48.37281416381261,19.647650124039153,16.791291371442444,80.96773970314703,12.141114728792896,2.2698201572496894,2.9075429696349326,1.993344140028472,1.461055794055351,1.5163357226373526,1.0,2.5686681515935152,18.71815314656525,4.078559642517376,1.792766132916447,28.907009681358282,6.558969206625256,3.438764800613818,1.0,1.4896395590313791,1.0,1.6367403220645746,1.4159766751802483,1.486860582662706,1.1412435838020945,1.924963887666007,6.878694608183497,1.1088525555131794,5.900619823495133,1.0,3.588455184064938,1.0,1.8309526837127035,1.0,1.209125194554841,1.341012062547826,5.965282259974088,4.598826374798861,6.7233898017928135,6.359190220688751,7.4301742303493965,1.2615902361468525,1.4637295300354898,1.398521651865009,3.1076598737683216,1.0,2.2821924160750178,1.0,1.0,1.3868665581715365,2.9505931993355032,1.2393196115032954,1.0,1.5683361355787597,1.3944608385878823,3.134801303145874,1.5495035428756752,1.183379263403387,1.0901292567025276,1.3679485156922715,1.5349373019926533,2.0130768484267545,2.2893572860771574,1.811311047887134,2.8170101446116362,3.4629914421634815,90.36393639303391,1.206481151150407,2.5151830061938463,3.9451629207946164,1.0,1.0,1.00215172655318,1.0,13.0785797558692,4.225172434204929,2.2839831477831662,1.0,7.125519653042271,1.0459038342320282,8.776209647900899,36.789513601783135,16.00930894440158,2.589000272813842,2.970320419179171,1.285040321324136,1.646855142514704,1.0,1.3550061344646678,1.0,1.377009132599121,1.0,1.95938963750148,2.05742993053939,2.337432828371011,1.3146187425717926,1.0,35.38903198032933,1,1.0,1,1.0,1,1,1.0,3.2251708973994324,1.0,1.0,80.65796290590777,3.7261438436706955,1.2975578791575053,3.3938645893025954,1.822250223564701,1.1963595871566413,1.0,4.144553252791012,1.0,1.0,3.0257612111826346,1.102550755547306,1.1915505278233156,1.0,181.5629597356988,100.41667854147346,2.7261108654953623,1.0,1.5669265476487941,1.0,1.0,5.9404772516279145,3.7528665587131416,1.0,4.713216684536453,1.576867991563594,18.777423831154735,1.0,2.1989642102493066,1.0,1.987084388263447,1.0,2.533181527793624,1.0,2.187048044259429,3.94766201871131,11.379612177107127,1.0,1.0,1.0,1.339088560963578,6.418520427244243,1.0,1.1580241992452438,1.0,1.0,7.700965749518393,1.0,1.0,1.0,1.0,1.0,1.0,1.0,1.0,109.52178103557341,1.0,22.090635292412838,1.0,4.772960685976652,17.76023339285784
TEST_04+7일,7.002484462635712,11.58965020043399,8.340407245088032,4.7731045976517885,1.5400509015570198,1.6845680386962592,2.8401009264405013,1.0,1.6436609915234544,1.0,1.6076618239320382,1.0,1.0,1.0,1.0,1.0,23.881442617951183,1.304657892574213,1.5313377546525364,3.7181301626965055,5.173562342852678,1.5355944915462796,1.0016889949761314,1.0,6.991597650858825,3.5405623400262725,23.14965359445797,34.57956994671649,12.155086178162666,3.173098056737251,3.875779585195103,3.4897188660045217,1.992766239344167,1.5760502941171737,1.0,3.183538367483104,31.507995395614387,7.227801265920359,3.067544445002365,32.86178863108212,24.793202655149365,2.7840201763906065,1.0,1.006527892705423,1.158945759876701,2.619607065564731,1.8218815263356647,2.0505707415306227,1.218101435236856,2.4085469522034155,8.116689644698297,1.1943008730401015,6.216853025293974,1.25746856172155,4.623053318556164,1.1327868952202376,2.7488430083345285,1.3111785898293342,1.8155947635644678,2.1895110562072793,8.534381997346497,1.7806531443304383,9.95029068255623,7.689134282970296,9.641120566352027,2.2740892707293305,2.4990762220897773,2.1713040318774497,4.562899813245437,1.0,3.1195169933201425,1.0,1.3857291268740377,1.6911546145792258,4.270741889510765,1.300660902452889,1.1821513539870043,2.4045261672196157,1.6813256084017991,5.773808602767931,2.135147715666826,1.6238339526878252,1.2945638623476343,1.618256780232884,2.6447166742697403,3.018628905922834,3.637209875622096,2.3107838917825516,4.0729714356118,4.744435012516512,7.973377482511337,1.753926256474132,3.9838069684688553,8.11815807335681,1.0,1.6084151494793713,2.0595090238959504,1.124308790897089,16.034115969187585,7.687978476185816,3.9904173076714167,1.2670662237928323,8.417552549789503,1.0,140.97963130995478,4.766875363363843,11.887719726918492,5.6505206915123996,4.211718597113954,1.3938091868305789,3.07425330727629,1.0,2.493528043346327,1.6634664126996197,2.7142292348015893,1.262510618999701,2.295358377861635,3.4998932030879173,4.950681407860205,2.109614573452477,1.0,5.600375015961379,1,1.0,1,1.0,1,1,1.0,1.899241647860125,1.0,1.0,22.72727826630519,5.203425886251193,2.0004358270410534,5.177781612276313,3.86858246810484,1.994835693322834,1.0,6.762839159591309,1.9920484946499233,1.5435135459113667,3.8228572663338,2.4909959008561664,4.688709352437872,1.0,85.11568263251749,4.87913781033846,6.2833275922315845,1.0,7.368208633894876,1.0,1.0,9.396738564010924,8.163756666568085,1.0,6.653066793988332,6.408989230589903,4.98118512261029,1.0,7.41767584856821,1.0,5.96256552325299,2.687918842591988,6.682160835704965,1.0,3.340090251261064,8.986947743696186,23.51652739587223,1.0,1.0,1.0,17.4634215423299,23.00243762578134,1.0,13.458188027604399,1.0,2.055027448514408,18.626236317137035,1.0,3.720903810871721,1.0,1.0,4.570699711192411,1.0,1.0,1.0,52.76066332060667,1.0,22.872072371795518,1.0,7.455261928103959,1.0
TEST_05+1일,2.6957824286930756,1.0,8.257145687534615,1.6850731201812756,1.0,2.218887405895764,4.750905167406521,1.0,2.312021821502496,1.0,1.0,1.0,1.0,1.0,1.0,1.0,37.031542683779485,1.0,1.0,5.941093641779343,4.746258418098072,2.0032827538449722,1.0,1.0,42.83187421135841,6.029811399029781,3.5002240974410506,13.353521311829532,16.17045840220712,4.850418951486953,2.644566814464513,3.3912286413772836,1.636810380613825,1.5978436280434511,1.0,3.4206865777346325,35.49799219034264,5.550915489218447,2.226398245907606,27.4254739754255,27.463923900099758,2.2709032345085594,1.0,1.0,1.0,2.6849340102263266,1.0,2.9927350281398817,1.0192776691059964,3.9954407176532687,16.33084172861923,1.2242186291559187,9.00078431650632,2.040353869199155,1.9968963539686857,1.0,1.0,1.4154525978753394,1.0,1.2185176322501918,22.834413119461463,12.585454642320915,10.598700062667291,17.14638847729886,5.139046492471333,1.511758783024082,1.0,1.5800276384378549,4.438858587446791,1.1915677293461047,2.597560550094466,3.1787190859961982,1.0,1.0,3.08829780811355,1.0947713463713584,1.0,1.558335171073722,1.2200891040884376,3.2308446252835807,1.9062708864905775,1.001066735356769,1.311606926246663,1.6489451104743247,3.366414317278262,3.5436052969362177,2.198358897344375,1.8280024903455399,2.7868978106221807,4.599657639553417,1.5722211474071979,1.7367625042358839,5.139697311480783,7.651145287939656,1.0,1.4635284996166822,1.0,1.0,17.183048836592235,6.45967675261029,2.629742681415852,1.1919820622484938,1.2704149089318177,1.0,123.2689348680004,1.5853710795445157,54.788456038379294,4.368393142076755,3.5489595777195713,1.3358302836716511,6.103414885334919,1.0,1.6481192273128227,1.0,1.0,1.0,2.9026670691530208,1.1578537944811085,3.1484480928808365,1.3903187606981822,1.029856163026776,6.617797567031871,1,1.0,1,1.0,1,1,1.0,1.0,1.0,1.0,7.015076625659337,8.929936823344974,4.611991554900029,4.733688937903455,2.7462161079251057,1.8427017810483497,1.6034194817137923,8.79289367547564,1.8099496234645256,1.7150666587897052,2.9003512787012724,1.915890341545837,58.714309841642674,57.00534406753229,29.51049493599308,45.112987202954045,75.56629811370739,55.26599984660091,51.45319411810341,1.0,4.514192700649631,191.44873996867187,114.54109464723123,101.1648342183734,69.54744427325997,34.242724628120804,1.0,61.39728212268365,63.945780111768755,8.834544789821425,50.03165216836143,27.768424610525013,93.59241309895187,77.77831578624053,26.219820578948166,1.0,493.3342221360499,236.32791169116754,72.46464501639316,254.80717433046067,48.240417199543415,87.50043233613994,80.73660745758153,161.3144623237455,53.51212508208297,7.916340100341406,135.50557484784554,71.94563835173112,1.0,1.0,1.0,1.0,1.0,1.0,1.0,1.0,1.0,1.0,1.0,1.0,1.0
TEST_05+2일,2.6251660972765123,1.0,3.0685377842327903,1.0,1.0,1.4760711779549869,4.625864050867376,1.0,1.633989392609184,1.0,1.0,1.0,1.0,1.0,1.0,1.0,8.878819198108996,1.0,1.0,5.189685701368527,4.718711414137389,1.0,1.0,1.7261458163420604,9.169986411588457,7.979524901249483,5.42658868090915,11.378824538851456,11.772188193701432,3.270866351957558,2.004151863425014,2.580999765804887,1.194984538719124,1.0532109188826324,1.0,2.3259600046143443,29.56779684644572,3.416218913654145,1.6339143295964946,18.995979692574473,11.95268320768258,5.731366204950279,1.0,1.0,1.0,1.5673146763500998,1.0,1.8220647766660896,1.0,2.358967075962097,16.62275752521252,1.0,6.748579022060104,1.105550536699347,1.424300760175421,1.0,1.0,1.0,1.0,1.0,12.028146990248523,10.266066947078434,5.722053535605545,24.45615343669125,3.5183179800106337,1.0,1.0,1.0,1.9263148551749727,1.0,1.4681851616522397,1.5075621601154139,1.0,1.0,1.8594147400865775,1.0,1.0,1.0,1.0,1.7487021441038897,1.0,1.0,1.0,1.0,1.6993897451617184,2.059963023246143,1.0,1.0,1.8275011173468083,3.182172719771127,11.916913980759144,1.0,2.8094063034377434,4.882422202270993,1.0,1.0,1.0,1.0,36.43936133023601,3.43007207313218,1.7529896190983016,1.0,2.262441065025058,1.0,19.417159699670446,53.97725014100282,44.8509665382159,2.4381803750469153,2.453836018515472,1.0,2.8344461441492017,1.0,1.0,1.0,1.0,1.0,1.7790118141684086,1.0,1.6480837763822809,1.0,1.0,5.157297899857189,1,1.0,1,1.0,1,1,1.0,1.0,1.0,1.0,16.537869583313,3.5034612766850337,1.460829638928657,2.4216669900614343,1.0462261217671094,1.0,1.0,6.15279926839915,1.0,1.0,1.6403838290728283,1.0,38.343803253197486,32.455799113829904,25.832990149979093,42.119588225941904,51.48252432765697,28.740832087266135,31.478745175687738,1.0,4.275488219769859,140.05210591709726,63.56204942513514,61.51776705854655,44.529644861173225,21.61497241367842,1.5946018660361692,38.64406588635184,29.984440726098256,7.217341163332614,27.251061994902976,15.037859012356213,70.2131274368346,48.996330269915596,15.02955183740306,1.0,267.58623209524575,133.27020381721314,46.67423306715652,186.13719391743913,30.377373805991454,59.068483961807,52.41438332857164,160.78880545389816,28.950348538452293,5.845642868600937,112.29977748652986,43.71796766933862,1.0,1.0,1.0,1.0,1.0,1.0,1.0,1.0,1.0,1.0,1.0,1.0,1.0
TEST_05+3일,3.4016271674304264,1.0,5.269651143460802,1.0,1.0,1.8110363270278274,3.0981911684682113,1.0,2.1823009399801307,1.0,1.0,1.0,1.0,1.0,1.0,1.0,13.115706714007306,1.0,1.0,12.111751312528607,1.7239653624016782,1.0,1.0,1.0,9.227125185341023,14.888368521063546,3.8977827563406073,14.884043546272975,12.455444593453652,3.0372560678949725,2.093711260496332,2.2563559867167644,1.1494891307451398,1.1287417059354357,1.0,2.214728295125169,27.254176337908174,3.590938032065318,1.7388683227103408,24.926300451768185,9.686026517638492,3.0300405433239432,1.0,1.0,1.0,1.6315482951005604,1.0,1.8019467810754928,1.0,2.2767065371277657,19.171039343571785,1.0,7.042065187676721,1.0018857790950948,1.6695184013953361,1.0,1.0,1.0,1.0,1.0035079355704613,10.96658235461349,7.147919830823734,4.540215594691791,8.66169371191602,3.582542128742036,1.3010805625212165,1.0,1.0,2.5469142134277996,1.0,1.5901509223346537,1.8682594212336607,1.0,1.0,2.300051437117588,1.0,1.0,1.0,1.0,2.098739684522725,1.2800292795787147,1.0,1.0,1.0,1.9731248886536288,2.606242582431812,1.5231793089897614,1.117948791013207,2.0562669453423563,3.1688188627670506,6.907246488503853,1.0,2.850153025785424,4.927582113981286,1.0,1.0,1.0,1.0,16.839985805154008,3.4201733803012577,1.8325144254799184,1.0,1.0,1.0,1.0,59.62399687047716,31.784270905168956,2.679332407370421,2.7263284148650344,1.0,3.2698171142879415,1.0,1.0957711353799258,1.0,1.0,1.0,1.571989618746864,1.0,1.651694114748859,1.0,1.0,19.583569577361526,1,1.0,1,1.0,1,1,1.0,1.0,1.0,1.0,27.342852418145412,3.5803763990238586,1.2909634542405197,2.658748369916637,1.3112095144580935,1.0,1.062874949821267,4.622051581368154,1.0,1.0,1.9648894610112673,1.0489232738858523,38.059199510880546,29.53096961007857,37.54572856906238,26.6442718664963,58.95324158153643,33.898296647377215,30.89462393094624,1.0,2.94629681904086,143.80339101001786,62.83727810548649,67.89934637146234,52.20500558998863,20.24984838253969,10.226885449256644,33.260331053622146,34.02508101950101,5.755049813982428,27.081034766117707,16.09578934001184,63.48585565314051,54.31515862283448,15.566456447414218,1.0,284.3553079545264,116.6409505899769,42.76292726414859,153.05671468897077,22.53766813139615,64.42158404942452,54.242707310996366,194.90781749587623,34.12684558041744,6.795050633134095,104.7953624457365,48.16643929553777,1.0,1.0,1.0,1.0,1.0,1.0,1.0,1.0,1.0,1.0,1.0,1.0,1.0
TEST_05+4일,3.2977331431863943,1.0,5.662170144170975,1.0,1.0,1.4028691318992597,9.056779556119853,1.0,1.8629082090206062,1.0,1.0,1.0,1.0,1.0,1.0,1.0,16.480985168345388,1.0,1.0,14.571699553729148,8.128397474735326,1.0,1.0,1.8887772209583082,11.816328478011926,14.463944811616471,1.0,6.863371792017318,8.839685575352458,2.1889645232996644,1.8013383028657999,1.9882423010219614,1.0980860246295843,1.0,1.0,1.6497154476617257,26.055539302058847,2.755320004154757,1.400286867021404,19.50666261773504,11.297877426970482,1.5459153728322164,1.0,1.0,1.0,1.4012780838008565,1.0,1.3210625318466211,1.0,1.876097381290027,16.98542157456884,1.0,6.441833321069755,1.0,1.7919104077150605,1.0,1.0,1.0,1.0,1.0,11.12533383957255,8.013011170568229,3.8619976520968033,9.71725347518284,2.6542878025282146,1.2013623084507685,1.0,1.0,2.6806779051305405,1.7091252114749553,1.4560223167331034,1.7516973230265203,1.0,1.0,2.400935089191079,1.0,1.0,1.0,1.0,2.2724470620252317,1.187007588995995,1.0,1.2860038489947385,1.0,1.7444897032356248,2.3176735085117803,1.6410838005968897,1.0,2.056320796648425,3.104073384044888,6.481729699325032,1.0,2.2521837778664886,4.304531478201427,1.0,1.0,1.0,1.0,33.56494224128908,2.190154566881405,1.4724094738112699,1.0,1.0,1.0,1.0,79.77858851975864,30.209447086065357,2.3332211084255166,2.4743134902446196,1.0,3.0706343635022404,1.0,1.0850460599547214,1.0,1.0,1.0,1.3723915403950955,1.0,1.6547219414967322,1.0,1.0,26.152014856896212,1,1.0,1,1.0,1,1,1.0,1.0,1.0,1.0,15.917225100838381,2.7140962852821082,1.1436594568047758,1.9896959131518326,1.004499238151225,1.0,1.0,4.994223733491295,1.0,1.0,1.89358914039918,1.0,43.836241156061114,31.359200730448112,21.8548054318269,59.2220175996051,57.13058919104603,30.013098850463994,32.41685719440006,1.0,3.397520344826433,144.70884819492588,63.34104842154,68.45045829227419,55.12657402981413,16.77332208774945,5.473041686055791,45.19272370216669,41.07837720276413,5.465877769018255,27.70595555163097,15.28161922693562,69.27287893546529,55.11926723493251,15.65454239000339,1.0,379.34354044050644,129.38666694549073,47.90223639953935,255.43201972748992,23.764098744067038,61.510713512687126,54.6305067106549,170.9257329545097,30.054412979595476,5.139142759776155,94.98342131172792,49.91073786803157,1.0,1.0,1.0,1.0,1.0,1.0,1.0,1.0,1.0,1.0,1.0,1.0,1.0
TEST_05+5일,3.792640557348039,1.0,6.877949826379627,1.0,1.0,1.8383671762982534,34.62433552686924,1.0,2.4546969981738935,1.0,1.0,1.0,1.0,1.0,1.0,1.0,55.76084365674337,1.0,1.0,39.659050408524315,30.25984650718165,1.0,1.0,4.148987303631709,28.08102474380142,25.284791185901163,2.3788448306160963,30.58561422437635,6.0682104002574,2.709061027515601,2.5395183745813585,2.311767555262969,1.375575926257898,1.2550605636518781,1.0,2.161322737626807,28.945002399676003,3.6319382208553446,1.640500740811383,14.911231975279454,11.515375013031491,2.561586337113289,1.0,1.0,1.0,1.9485361002005874,1.0,1.5819541145982179,1.0,2.3585796066522016,14.56847755807501,1.0,6.606900810253997,1.1040611866878534,2.1724494671033976,1.0,1.403020048086493,1.0,1.0,1.0049421224488568,15.614795967784005,6.1663293225679645,5.043362540531797,8.503126955924438,3.345549886561029,1.2137879146575017,1.0,1.0,3.1474289676860217,1.2057896245044248,1.6779943964604858,2.0231480294576976,1.0,1.1009554497884775,2.3517872450613044,1.0,1.0,1.0,1.0,2.5063775643478476,1.3467994744644969,1.0484289062522585,1.0657793383075527,1.0306646680764766,1.9166391649077312,2.613654122485821,1.3047233291831923,1.1265543010667147,2.122299631413295,3.149615558249935,9.949662989904915,1.0,2.3305471375000106,5.13036312443882,1.0,1.0,1.0,1.0,23.581295807544336,3.3226983048094927,1.7742464492059662,1.0,1.6120465687024295,1.0,6.712116029940195,86.03899090895165,42.62510350051413,2.6392925100562206,2.039519763565035,1.0,3.4125547351603567,1.0,1.307346026728096,1.0,1.0,1.0,1.6598144226669682,1.1855570356558158,1.9570900344747482,1.0,1.0,49.174831442199796,1,1.0,1,1.0,1,1,1.0,1.5777256157174733,1.0,1.0,51.87743913615615,2.769957936752509,1.7457112706240947,2.609983160953276,1.0772844089623874,1.0,1.0,5.057591858070298,1.0,1.0,2.2660854987417283,1.0,45.648313288617814,38.834885568348334,29.869515273115866,106.00446511052556,57.099434747102144,40.25106840269595,38.121338739892295,1.0,3.248557378385844,156.6299349772816,91.37548156394823,76.14477131226245,52.668484532354775,18.060435549830824,11.647562830822338,50.47138248487886,46.14661660095385,5.707723783279402,34.02881150682005,14.893897428084129,67.41481671419594,54.0287151266441,14.847531119771029,1.0,310.1581261993316,155.37931259542944,48.31065446329461,223.10993358822807,23.27434248850451,63.5676986714156,63.95210583791902,193.5842342738603,36.352276652364914,5.591384800069089,93.449680800633,54.23616527103122,1.0,1.0,1.0,1.0,1.0,1.0,1.0,1.0,1.0,1.0,1.0,1.0,1.0
TEST_05+6일,3.5991887611714932,1.0,6.137955340905949,1.3874901392972605,1.0,2.7706968082113366,8.667633028368323,1.0,3.1551799845373707,1.0,1.0,1.0,1.0,1.0,1.0,1.0,15.49226368866061,1.0,1.0,16.464512365784536,6.343585397872073,1.3021426182101405,1.0,3.7885893814428284,25.511758065324354,17.385224226710232,8.317654720942917,41.60314451699173,8.914760159835716,3.3250589140147397,2.839061228185925,2.946300045767188,1.8489280645978146,1.8309774345366805,1.0,2.787643512268488,32.628920230575275,5.198694878255508,2.618279440700479,23.015257883412914,22.240392837313543,3.3498935044920604,1.0,1.0,1.0,2.6333997575274637,1.0,2.5726216505452966,1.5172283321642408,3.2129929456860205,19.607331654202802,1.3227607662248786,7.816853905893484,1.7579417659680039,2.9701211725700483,1.0,1.4968614308221995,1.4990020304883551,1.0,1.6001309895755476,21.399710116720453,9.700146290745847,7.10679693858584,13.467539400287578,3.9215162921615656,1.431824927984012,1.0,1.2453663011250855,3.5346151149503724,1.2670026518115776,2.3900765787716023,2.59289272857115,1.0,1.3651191627966863,2.9256012428714158,1.2330728355990805,1.0,1.2565458685285509,1.1793184961571335,3.265700155081587,1.6209693463904817,1.58200537516282,1.3260901198241932,1.6249253020734618,2.932538138775798,3.202997275876215,1.9624704934766304,1.6081277318551932,2.5370783743153926,4.067286690404996,15.726573665225752,1.4513911994345643,3.539435661904069,7.15088760913728,1.0,1.286055604498592,1.242908501112479,1.0,14.766418196067344,5.4560897738914775,3.2010236313987925,1.3119924617725993,1.3980114328618307,1.0,12.598034369131257,69.31097105612142,31.368663510720225,3.93254435554779,3.1289052173830245,1.3019190154433127,4.7584871563530005,1.0,1.754142523983685,1.0,1.0,1.0827992108511546,2.7599675068757152,1.886834276267555,2.7289331621614523,1.471332926579071,1.0271446445738721,28.113080410151355,1,1.0,1,1.0,1,1,1.0,2.026073109802302,1.0,1.0,55.31992967836882,4.796086939609067,2.754460703778358,3.2654000667922274,2.213917830024733,1.496102582760907,1.5887791491362329,8.624939172746437,1.3947300992386202,1.4797745674380927,3.2245533077911164,1.719337251614901,53.427153899363034,43.47137759731976,36.989971639743246,39.47550530718257,65.5379052263651,45.18045128510935,46.42611523949307,1.0,4.52192409849443,185.7160327041375,89.16318381137079,78.36859236341627,61.0141071758251,21.81726981276693,40.34008955123376,53.92034725009997,54.59127921732443,7.512132935668188,41.0486928101956,17.001741097686132,81.80256012282534,60.018217748751695,19.172493899191164,1.0,641.923390488982,270.98664393959166,74.01415598851649,389.9889784691685,39.24769898518962,93.3803832289558,97.80854772318595,201.7380468602918,53.3457351703159,12.006193351322382,197.57638948931853,79.91623526681872,1.0,1.0,1.0,1.0,1.0,1.0,1.0,1.0,1.0,1.0,1.0,1.0,1.0
TEST_05+7일,3.554660203003494,1.0,8.566964124674321,1.9445493455601488,1.1541407845494784,3.0909300192032507,1.0,1.0,3.4252408310728084,1.1430108618502952,1.1098644992949425,1.0,1.0,1.0,1.0,1.0,1.8528717366136926,1.0230853561962154,1.0,1.0,1.0,1.6426853753833057,1.0,1.0,1.0,3.287747966745039,11.347222282256597,30.26240501340894,15.847262456765222,4.688197898302647,3.4962524749711847,4.06858583027465,2.5126904274519006,2.4302810821979515,1.0,3.2265593407156636,58.05899257094218,6.967370166327305,3.0881081461767486,38.40473634352004,18.256202143020182,2.586862954679432,1.0,1.0,1.0899647849372938,3.5208954980634783,1.0,3.4684497631344167,1.5661268852474695,3.9856262043545234,23.754624173236834,1.5913629065365515,11.26158004453423,2.2711800449592463,2.857481515861105,1.0681450376048103,1.4390663533764771,1.7686166323889791,1.342738553716326,1.442839693918424,26.108232210157453,14.312740685906723,13.895143961403296,16.869398183057967,6.443099937970934,1.7947756458811344,1.271226980085042,1.793212598387338,4.810022970356213,1.9649436160363016,3.031750755007178,3.721717784758299,1.0,1.8362826935248224,4.000970999741183,1.2592692094790585,1.0,1.8207163015447432,1.3552753681079885,4.303503161415956,2.1788806651882573,2.067780006764752,1.7716798855737859,1.7199408576213988,3.706701930229549,4.367263116228684,2.1416774905732994,2.056557995960389,3.308189676478846,5.046795460758532,1.3121094404455809,2.09995421187758,6.218851460724877,10.536698601897978,1.0,1.7984805320838873,1.3207946785869165,1.0846613736724646,2.8665451420430474,8.493087410432873,3.4936449901687827,1.6256133647733353,10.94364242464077,1.0,99.64174722687176,3.9210317315404613,45.37319589944483,5.669093087926441,4.472941260893136,1.777561396745734,7.3878036988217275,1.0638212389197557,2.4187290704515996,1.0,1.240712089276685,1.4239258006383817,3.6897832873364296,1.7765256848122046,3.7083839400375775,1.7822095951233805,1.6969442595888433,10.160976574097438,1,1.0,1,1.0,1,1,1.0,1.7213980414084005,1.0,1.0,16.661553347733914,5.402850422974527,5.538945627553598,6.231119505796247,3.248999219677038,2.221639636887813,1.9001865788772194,12.793745942313878,1.9842354859951095,2.4090615586442343,3.9298553779840764,2.6300307138237513,105.60022558131203,88.81315366520897,15.02924054799073,18.411123925509482,117.64474750584584,81.03626510732542,76.82354922741868,1.0,6.320589178818881,327.0524175974101,152.23042188868223,144.39044951601383,114.8870180102529,38.71365906938648,5.865731605706881,102.73621075954202,108.90740974353122,12.926109021971826,59.699484374956974,39.7039440128655,137.03922722609843,114.137898312187,40.697600756445894,1.0,839.4171236168323,513.284727545488,135.77515255602978,579.1748594263405,73.3001937466684,143.59298058801085,150.8805248860317,315.64467096696393,86.92992890702408,10.179936426715033,212.72467181641943,137.31350770780537,1.0,1.0,1.0,1.0,1.0,1.0,1.0,1.0,1.0,1.0,1.0,1.0,1.0
TEST_06+1일,1.7514533988998526,1.0,6.698449132518737,2.0671711947054807,1.0,1.0,4.2450498466626545,1.0,1.2286210485399134,1.0,1.0,1.0,1.0,1.0,1.0,1.0,5.115541009275993,1.0,1.0,3.786638801254984,3.9481533927925883,1.0,1.0,1.0,6.626981156238076,5.333755289105357,4.990404340453988,13.236543588848308,11.565413182634025,3.991934484896456,3.9115068743946972,3.3254417734815465,2.8723138039194995,1.030593789239564,1.0,2.6238836817588513,35.437857919861116,6.739583113645425,3.6458951179826413,22.388049227806082,17.79249604619507,1.0,1.0,1.1652498253646946,1.0,2.3487784942066945,1.0,4.5285915401969286,1.0,3.927671313130812,26.680140426253267,1.2809954569579138,10.20195725687271,1.0,2.640286617551868,1.0,1.0721000844752715,1.4659927519614941,1.1063921441793063,1.0,18.14032208337099,8.013253133898678,4.5559817384457855,12.894842642268877,8.459887505375228,1.0,1.0,1.3564847803223719,3.7370099036368867,1.0850520679601705,2.305279372755116,2.6265315069955113,1.0,1.0,2.860551738946361,1.0,1.0,1.7963958627679688,1.0,3.651916390498267,2.7530243532141476,1.3775777825625408,1.5043586007157776,1.4977190034681285,2.221240660233221,1.8812600514278284,2.0070077978235834,2.1697650425816484,2.936039077784831,4.653059784016725,1.1074139848664915,1.131548139090439,4.232771463673408,10.090682906209423,1.0,3.396017962580649,1.0,1.0,9.854616066153465,6.339530595230552,1.306453330641922,1.0,1.0,1.0,51.68208606790206,11.977925389325517,23.617249898317493,5.390068856210548,2.252814893827755,1.771317437887385,4.526922760827158,1.0,1.5062624384553034,1.0,1.0,1.0581094448835238,2.280462790671052,1.0,2.434129680669687,1.0852303394584344,1.0,2.27881232284026,1,1.0,1,1.0,1,1,1.0,1.0053989321954322,1.0,1.0,13.130639858771856,4.720021214472417,4.769709955460152,6.565022496711949,2.4076723078675357,2.682659395038454,2.419068405039408,8.68181386606593,3.4251720857786694,1.3434357529039633,4.170253821971182,2.1774899869602353,73.09568971305954,59.028295107531086,41.54572688211648,4.804718783184642,64.54886806930058,70.54532161915695,46.44469416539757,45.52464463630943,6.999862835886018,200.25811853129454,176.28735734037951,142.81463000900075,64.18714106139427,23.52188171498796,1.0,61.86603752005476,62.40076616141558,5.451597180580334,45.726767897993646,24.872216129056692,75.32146632822538,89.12853922864059,34.73404386569372,1.0,419.07944415110853,302.5849853731066,74.5006233032672,242.5116787056597,42.02446681197656,82.29918184627847,66.18697577933791,210.89781427656257,43.228849640658964,12.772099452275587,98.62410518052616,84.04836469894781,1.0,1.0,1.0,1.0,1.0,1.0,1.0,1.0,1.0,1.0,1.0,1.0,1.0
TEST_06+2일,1.1614598062019788,1.0,3.366280688216041,1.0791891789200074,1.0,1.0,5.628430923045953,1.0,1.0,1.0,1.0,1.0,1.0,1.0,1.0,1.0,6.394519600816789,1.0,1.0,13.90218858108051,5.493656466912829,1.0,1.0,3.032101782303001,8.682202503770641,16.970333511221444,5.613178238022196,24.991482975487468,8.069087743415759,2.3766533725022865,2.529164338908231,1.952108118514818,1.558766660795151,1.0,1.0,1.5883405465816038,13.29651459134818,4.562588518271712,1.8725150118104399,15.914042514578473,6.6824520169998225,1.0,1.0,2.028784331583732,1.0,1.2893719816870628,1.0,1.9081196101652114,1.0,2.4559713494346664,14.410280032589622,1.0,7.229872471008388,1.0,1.387687300871986,1.0,1.0,1.0,1.0,1.0,8.346981287077137,6.51457496386002,7.573358411068169,10.005708990760775,7.8120124603187815,1.0,1.0,1.0,1.611347942236536,1.0,1.0,1.262504122502317,1.0,1.0,1.2932673047225551,1.0,1.0,1.0,1.0,1.1390181789378613,1.0,1.0,1.0,1.0,1.1317991631974407,1.0,1.1881890434909677,1.0,1.6872443446108913,1.677560607476179,14.927758981044128,1.0,2.6149663262151828,5.808150905309908,1.0,3.302104765024001,1.0,1.0,11.330752270509965,3.370070614431825,1.0,1.0,1.1772453844718596,1.0015732651449005,19.756708374605296,80.80369247610828,23.4558317041666,2.8068392936653255,1.0,1.0,2.3284952306881164,1.0,1.0,1.0,1.0,1.0,1.6649528934713522,1.0,1.3382457166384825,1.0,1.0,23.601042291637203,1,1.0,1,1.0,1,1,1.0,1.0,1.0,1.0,23.037623144226885,2.4207051174376533,2.25340760159414,2.8927346608945843,1.6115515797811082,1.16391334793779,1.1210099903023687,6.452842141647519,1.4174780026502354,1.0,1.9197722440785636,1.5414055698702058,48.447743710948934,24.359638466479613,10.404925287772675,7.941890252403187,42.324448245781454,42.85646060912636,33.65083184144742,20.635190497295312,3.2231130918631323,106.82752964241881,82.10515247304407,58.024646653932145,41.23792378144713,12.752178256756686,1.0,37.6864842242759,42.43711728779062,3.3655003651305218,29.251955828143476,11.370052688665927,43.2255818861925,43.46661563376318,17.020628852187777,1.0,136.6153037874911,103.81665580417751,38.21650844821069,111.90574177202092,16.77404421213085,37.75880561751438,21.128153618856874,60.07793986335904,18.356606505117888,5.325749787802028,52.40408765729325,42.123063906875174,1.0,1.0,1.0,1.0,1.0,1.0,1.0,1.0,1.0,1.0,1.0,1.0,1.0
TEST_06+3일,1.2929363398597202,1.0,3.157516743657522,1.2572662442997293,1.0,1.0,22.015942425371374,1.0,1.1391815059687147,1.0,1.0,1.0,1.0,1.0,1.0,1.0,8.913177041974196,1.0,1.0,13.10418747558818,9.07498289487122,1.0,1.0,4.935341090359745,15.588515831083596,35.40750627055549,5.905004750507158,38.46329488787353,7.544986280524117,2.5315113989363356,2.8817482769196006,1.7479430923008974,1.5981569232828716,1.0,1.0,1.4565254798551608,13.77733859895531,4.563258877529452,2.039207093758292,11.113083267115917,10.044134444766492,1.0407985088719085,1.0,1.0,1.0,1.4448278836595485,1.0,2.386674794964892,1.0,2.4131577595261495,14.296182493375682,1.0,7.228196033184174,1.0,1.3610583930795699,1.0,1.0,1.0,1.0,1.0,10.150015297949544,4.398313191174352,4.976687805102189,11.182356584489451,9.216987306797147,1.0150190934548828,1.0,1.0,1.8857052806112993,1.0,1.3274212935742404,1.7513734241836734,1.0,1.0,1.9104829318904455,1.0,1.0,1.0,1.0,1.8809988658751713,1.3560691687672597,1.0,1.0,1.0,1.4940422670998748,1.5407477301019712,1.6542999795014017,1.161837570096779,1.8872177878984315,2.5679819542917217,39.16369721325325,1.0,2.081607862959479,6.9906584694244245,1.0,2.148177645242249,1.0,1.0,14.892883780014305,3.1681511418145116,1.0,1.0,1.0,1.0,13.455684566262589,63.798039528297394,16.887045455097326,2.5540588559289548,1.148288914716781,1.0,2.1206544727071925,1.0,1.0,1.0,1.0,1.0,1.374585574718337,1.0,1.4312987352045152,1.0220395029447202,1.0,21.87696121121045,1,1.0,1,1.0,1,1,1.0,1.0,1.0,1.0,12.744692379489628,2.4865629985451707,2.143633701839619,3.7850797966199674,1.6255210722101536,1.2264003723643497,1.1951065996096961,5.952490531669219,1.3483293045859424,1.0,1.9682405018943085,1.490465751747639,40.926519303088305,21.342320863617715,42.39122061749491,43.74059252517039,41.06712898348645,36.71773213718154,26.510368677501166,18.848042010695366,2.717066977740849,84.79183539286956,78.3501174839417,61.91546960591066,37.28430102595671,11.702153323511652,6.117373168744995,30.807804916482656,31.742104921624094,2.3440646445687237,23.9345127250412,10.54224969482997,42.17805129867136,46.37695138971291,14.172023612411333,1.0,193.65908946229644,87.4038139074283,25.28932608574047,87.16075063219853,12.114833733469696,35.592914348039955,20.2271074504333,61.31698824380911,15.96830065018268,4.504341666083452,21.386319230885853,34.164223556279865,1.0,1.0,1.0,1.0,1.0,1.0,1.0,1.0,1.0,1.0,1.0,1.0,1.0
TEST_06+4일,1.0757763009029422,1.0,2.9527028720880044,1.144366244391289,1.0,1.0,5.2827333947064625,1.0,1.0,1.0,1.0,1.0,1.0,1.0,1.0,1.0,6.131756453924284,1.0,1.0,6.577730229353906,4.5951203372696465,1.0,1.0,4.589606698160303,8.09404385508971,18.750322777179953,12.226070301448246,14.53088543185085,9.826247783399818,2.1449550430000803,2.521553182113146,1.451835047018936,1.3407715483025644,1.0,1.0,1.3718034526667584,14.330221109817604,3.607044923007623,1.905702634415977,19.22359797492974,8.852195727794735,1.0,1.0,1.6963436564839962,1.0,1.3717897014230989,1.0,2.044993985083162,1.0,2.2519030492498415,11.650262761498231,1.0,8.410977323052883,1.0,1.1505799375450974,1.0,1.0,1.0,1.0,1.0,10.07709354877011,4.609048609535231,1.8482941205304808,9.504382040972178,3.898609709527291,1.2099247021960418,1.0,1.0,1.9213520443164769,1.0,1.3936320204760113,1.544447151025042,1.0,1.0,1.7867596601168918,1.0,1.0,1.0,1.0,1.8781268575879233,1.2368130219605558,1.0,1.0,1.0,1.5190512075385698,1.3508455246458304,1.3059056553202015,1.0,2.0959941409412726,2.820941591966215,14.067928360355817,1.0,3.7838621555605023,6.88243864297699,1.0,2.4189387574044954,1.0,1.0,12.516839115855538,3.2978657523476596,1.0,1.0,1.0,3.3352699274853883,5.266244762640775,49.15306243046653,23.32247553932033,2.5542188372141186,1.0181389627098039,1.0,1.8994138178438846,1.0,1.0,1.0,1.0,1.0,1.2498956859446158,1.0,1.281872391384591,1.0730445549833239,1.0,12.423358003110874,1,1.0,1,1.0,1,1,1.0,1.2407983164375331,1.0,1.0,21.806432780821847,1.8406297167203212,2.5169355831642726,2.512855815509214,1.2276007104222364,1.0373257251926264,1.0,5.655521762628454,1.1310153739188544,1.0,1.5964230443184932,1.3033187018608843,34.45615632799972,18.131853504155398,55.64097522211245,47.86557649541801,31.442865111138197,25.891819803669353,23.319731290568992,15.421612357670636,2.6264058189891246,82.2069333538317,70.013957309068,65.30886428334796,30.373688675000547,10.07907392290977,2.075317426308274,24.162081688786458,27.334191423209568,2.2724975207755778,24.137623221781713,8.8680708536756,31.8768516056389,36.27380836063335,13.94762221041383,1.0,193.07920186562822,114.86339142562646,23.53506259713879,102.12918322047793,13.235740934520152,21.564077669327194,21.13477590019149,44.58824965092435,15.076507542141794,3.3503727009749786,16.517530813573433,22.09666418009114,1.0,1.0,1.0,1.0,1.0,1.0,1.0,1.0,1.0,1.0,1.0,1.0,1.0
TEST_06+5일,1.6285920635582447,1.0,3.194600897027094,1.2519386604405984,1.0,1.0,25.96193380544856,1.0,1.2651185650052725,1.0,1.0,1.0,1.0,1.0,1.0,1.0,13.205586236447633,1.0,1.0,41.34232231551268,17.732280744474465,1.0,1.0,1.0,8.252540113616835,27.887604259547096,10.615532447749601,16.39187146751656,8.299528033381439,2.8034438912870896,2.580647025321936,2.268836345521918,1.7394578314488949,1.0,1.0,1.846916731534924,21.01813733068911,3.8615619663594787,2.219931869086979,30.90648920265371,6.9187684991105645,1.0,1.0,2.0813377275649483,1.0,1.6161900567590535,1.0,2.298683642923851,1.0,2.494300989980566,12.874338930650243,1.0,10.21305358919722,1.0,1.5650991314705998,1.0,1.0,1.0,1.0,1.0,9.824984946431963,6.599070033079103,4.848812835714807,9.53395254445417,8.362162410012164,1.0,1.0,1.0058223244815192,2.178391744752702,1.0,1.560404622118723,1.9740977847076746,1.0,1.0,1.6862222548443122,1.0,1.0,1.013896250732901,1.0,1.9131306126060788,1.3221499766752647,1.0,1.0460071898002141,1.0,1.785470081421056,1.4051598241061212,1.344649561159752,1.0608815428881964,1.8946661108286709,2.9546058533761776,37.23523444456886,1.0,2.8812182524949277,5.712294048896643,1.0,3.206232790831939,1.0,1.0,11.818346536470267,3.3141589421471136,1.0,1.0,1.3384938265047395,3.2543197293432713,18.240977201158405,89.64656154579552,22.903276818308896,2.6450881359548633,1.5309631303726332,1.0,2.5573365062695057,1.0,1.2463469538650813,1.0,1.0,1.0,1.8812500660255809,1.0,1.3780118312499823,1.5449195841606111,1.0,66.1630595525733,1,1.0,1,1.0,1,1,1.0,1.584896466135109,1.0,1.0,51.51886159500919,2.438194037013066,2.3798587188300906,3.1788268393291297,1.6861555266210728,1.321610191930699,1.0893243548850988,8.572788863385139,1.4701493879563805,1.0,2.2242563096546792,2.011365264283397,34.48756311506805,31.93595644637775,50.74601651312802,43.186044522074326,41.91295079789216,28.763338720189527,23.05886728421912,23.202354890812742,2.4372616711115644,83.59417364666736,83.00133897831336,66.29855979485102,31.92737492017734,15.72025969132931,4.052282683458371,18.27560914734555,26.42795851525224,2.0546360629653737,29.59280556544186,8.591017527603286,41.99826444944129,40.09967546056874,19.825741647388075,1.0,152.8969854171697,68.51105799549897,26.725143698948965,63.10170776179812,15.214275316935232,23.263511337684317,23.409310358644852,35.27588379686938,18.222566607895793,3.648247843220469,32.814015620521715,27.442194480333804,1.0,1.0,1.0,1.0,1.0,1.0,1.0,1.0,1.0,1.0,1.0,1.0,1.0
TEST_06+6일,2.9432315704735403,1.0,4.612370513525548,1.7157065699501297,1.0,1.5797597816882933,7.0718643081658925,1.0,1.6075526326467202,1.0,1.0,1.0,1.0,1.0,1.0,1.0,12.625199572878975,1.0,1.0,9.629870356202941,9.156173805476953,1.0,1.0,3.969349013486736,21.600924427367772,54.6764612766267,17.670448141175008,81.3854796321367,9.744722647265975,3.776588696858182,3.5585123536392844,3.2918225050269325,2.892573140584717,1.223651360387343,1.0,2.8413788738408403,27.307027402998948,5.6530187162817,3.097184251512468,24.46154132152901,10.595990466398366,1.3481149449452368,1.0,1.0,1.0,2.2649865587737086,1.0,3.964134026287928,1.0,3.4749864824533474,11.968988745557006,1.0,7.357027895376606,1.0,2.2255983738654135,1.2731256135594913,1.2401004660279795,1.53575391774931,1.4229369965406833,1.0,12.782034642774748,9.521931437811968,4.346249031775614,11.86386404074518,6.626727406307452,1.399719199032564,1.050707835484196,1.3851050489336405,3.174857832666762,1.025274594139578,2.1662251992475934,2.565774030550593,1.0,1.0,2.420132129271131,1.0,1.2586071398451057,1.2705079754616244,1.0,2.980953394175222,2.0897926965754037,1.3507340595528536,1.576220605451461,1.244641541091405,2.213330545189025,2.568593545142665,1.281587291883171,1.7043018134679222,2.880984387522723,4.508616334485231,48.57508652922602,1.2581305354571248,4.449698447984588,7.526804839426961,1.0,3.6108449824246374,1.0,1.0,9.920730498387373,5.139538401770099,1.5198661046654824,1.275875778145373,1.7735845640383983,1.3290895414527948,15.432089419937936,65.09024328561335,20.899800198158598,4.381202251140587,2.6609769291509853,1.4491550887337055,4.2993168415454095,1.0,1.7453851949810413,1.0,1.0,1.0,3.1759159822116994,1.3932371452809609,2.2592083841088915,1.615291586010112,1.1126381194877213,33.224721134302534,1,1.0,1,1.0,1,1,1.0,2.207889372005095,1.0,1.0,27.65739468419195,3.8428810907662463,4.401589656411845,5.462305148512609,2.6491853453361713,2.3502665571908703,1.6849995550103016,9.705598229303432,2.738907264511208,1.3746359989016077,3.3950957198606804,3.3163072698428615,32.08081327541139,40.01131721225807,120.74200035653301,140.7214500195794,47.62467358548134,35.11266337025948,30.779183812772178,28.048128696746517,3.3409117456173685,86.3100863395002,104.22123452712897,86.08347810824534,40.55307216431043,12.031752699024993,1.0,32.03080535970548,38.25153475519018,2.7480957295506787,35.00485000239118,11.193039185731479,49.99301115174186,48.33322708742855,21.16160719950165,1.0,256.77579743521346,160.51851139910045,32.69490054616788,103.05791019467382,19.19066456749984,43.62120590036552,30.077194330438747,105.86729588874472,26.346387917984085,5.785425368472973,44.70569936018386,34.4981854965484,1.0,1.0,1.0,1.0,1.0,1.0,1.0,1.0,1.0,1.0,1.0,1.0,1.0
TEST_06+7일,2.3412754792748016,1.0,7.665727324272327,2.55742536755135,1.0,1.5215344231130794,5.342633677154603,1.0,1.5862455922490433,1.0,1.0,1.0,1.142719021705728,1.0,1.0,1.0,4.958952098834618,1.0,1.0,18.18448357342197,142.13398907805802,1.0634166539142356,1.0,1.0,14.279405126262498,20.07734080591138,3.502005179972152,29.793298986737618,12.214810262683097,4.5399834339928296,4.511483069047206,4.962300289435308,4.405791728858536,1.7506094585405705,1.0,3.8071569038067974,46.08800399202681,8.069304987537807,4.57366016324657,32.30341249766494,14.22315746252842,1.4296357259916626,1.0,2.3751445926492414,1.518954434987856,3.176275746692937,1.0,6.907315862958131,1.0222615784971698,4.714832854645441,26.564995550374018,1.8288447688013463,10.383770526144936,1.0996112950194568,3.446525941377118,1.2590432641175084,1.4212729576603809,1.9834631660507893,1.668169717866044,1.0,19.73781878578228,9.11363189542298,8.904457034374728,19.070108094429305,6.918614435292517,1.8843753233297142,1.2192146184653119,1.909288111804866,4.523045143568488,1.191298704536972,2.6515510802159423,3.1577968358116237,1.2079794893391822,1.0745226290032788,3.2441351540754964,1.047341611695812,1.4993010733668735,1.8248799423197808,1.4288830486721156,4.050996682723483,3.019610913075911,1.9382907959971443,2.2475538667920665,2.0448519013880375,2.9030686053534707,3.1388211338961236,2.482026827828041,2.409138504472994,3.2199190006535914,6.051098698715696,1.0,1.661267500495024,6.280013261619621,11.572460088803115,1.4927718125281932,3.412651499138393,1.3914482936698478,1.1156787449542374,3.4862613492805763,9.093923830520593,2.0742495628377293,1.7309430112363813,2.043083473619358,3.6383947068109648,85.48327381373632,9.550080690951592,35.664401899772244,5.457856985652308,3.05180029166471,2.3131249532273004,5.850779469018369,1.0,2.405790542105037,1.2167435970127118,1.1212597080046964,1.6090562526514087,3.445468773969502,1.7182931543618318,3.4693783475988984,2.109103347842911,1.3371183342611863,10.493354538498828,1,1.0,1,1.0,1,1,1.0,3.159875620058277,1.0,1.0,29.75482268849573,5.519412937277421,8.211468368946868,8.388293003549467,3.196340522460872,3.9350934943235005,2.693758516341274,15.213675506043987,4.089650491856387,2.0027952362726165,5.120691372888137,3.475527680569381,51.241029051674865,30.850867972003233,59.68529982429706,16.854651719344698,64.18143559216608,51.42378945638069,35.15990093015004,37.143776209867475,7.279330342997188,146.79567255306694,203.9649623120403,196.39010248955395,57.15266594662219,17.140347437294263,2.2140210387068393,48.4239475799923,52.018841450291255,6.2473993636995475,43.11292496523979,21.367659095076476,81.7406123978677,70.22111994636987,28.065870577652174,1.0,309.74476870727983,246.26300652385967,51.91163693929081,137.45525010904737,32.41002865066652,64.59483856431602,47.953632457862334,183.39008116639684,34.608844216191635,15.276321579424534,42.72404992281963,55.383708221007005,1.0,1.0,1.0,1.0,1.0,1.0,1.0,1.0,1.0,1.0,1.0,1.0,1.0
TEST_07+1일,1.1610012373259755,11.60768091290572,4.583453518630178,2.0784171599354755,1.0,1.0,1.0,1.0,1.020252419811163,1.0,1.0,1.0,1.0,1.0,1.0,1.0,1.0,1.0,1.0,6.762787831687789,1.0,1.0,1.0,1.6918376365741061,2.9552562379059673,4.004822135848586,10.291189823262496,9.511845613978522,2.1531084606786024,1.9639027926546726,1.2898303685185706,1.5159980691729986,1.204581945931554,1.0,1.0,1.0765222360706252,24.471983624608736,2.0454922011348633,1.4070887215584984,13.22903313654038,4.586731482195907,1.0,1.0,1.0,1.0,1.0223200792542237,1.0,2.4858049173405337,1.0,2.6307331794643027,8.185592408442929,1.0,3.1838795929380463,1.0,1.0186906943824297,1.0,1.0,1.0,1.0,1.0,6.1853504544215,11.36253115371142,3.12708203864464,6.7149819137845155,1.9524375601289383,1.0,1.0,1.0,1.0,1.0,1.0,1.0,1.0,1.0,1.0,1.0,1.0,1.0,1.0,1.0,1.0,1.0,1.0,1.0,1.0,1.0,1.0,1.0,1.0,1.5910163209550625,2.9448170762762214,1.2283680950864786,2.3819362570662173,6.962249612022959,1.0677288580929583,1.0,1.0,1.0,2.434621319427975,3.5355564726518973,2.6204879061958657,1.0,1.0,1.0,91.69478771004792,4.977830128866507,24.58321655880296,3.049851309059729,1.1994292070180248,1.0,4.028111115683454,1.0,1.1116813370468366,1.1675995757487525,1.0,1.0,1.3903753500699805,1.0,1.5858380005413604,1.1082394043147366,1.0,7.715806367355931,1,1.0,1,1.0,1,1,1.0,1.0,1.0,1.0,5.481667877403994,2.3709409042018796,1.0,1.6781473079405607,1.0,1.0,1.0,3.4414731374979604,1.0,1.0,1.2389657228894415,1.0852999709324096,1.5261393871418503,1.0,38.36794981950853,105.02135555147281,1.8571655393569584,1.0,1.0,1.0,1.0,5.04165125622066,1.0,1.0,4.2903750056507715,4.547850103875819,1.0,1.0,5.223261824713642,1.0,1.3859353496028695,1.3821243304249784,1.6928003899942932,1.0,1.0,1.0,1.0,1.0,1.0,1.0,1.0,1.0,1.0,1.0,1.0,1.712157529223727,1.0,1.0,1.0,1.0,1.0,1.0,1.0,1.0,1.0,1.0,1.0,1.0,1.0,1.0,1.0
TEST_07+2일,1.0,38.673456970213024,1.0,1.0,1.0,1.0,5.929164768328391,1.0,1.0,1.0,1.0,1.0,1.0,1.0,1.0,1.0,7.2930848411224165,1.0,1.0,44.21012417061943,4.984279771792227,1.0,1.0,1.9797119290812888,19.403937289600254,9.385646766173155,1.0,7.686305359853132,3.033649972369725,1.0,1.0,1.0,1.0,1.0,1.0,1.0,6.034020731415131,1.0,1.0,4.643125900048047,1.0,1.0,1.0,1.0,1.0,1.0,1.0,1.0,1.0,1.0,4.385466899986646,1.0,1.0,1.0,1.0,1.0,1.0,1.0,1.0,1.0,1.0,2.2854811976464466,2.009816104266009,1.2007215150355464,1.0,1.0,1.0,1.0,1.0,1.0,1.0,1.0,1.0,1.0,1.0,1.0,1.0,1.0,1.0,1.0,1.0,1.0,1.0,1.0,1.0,1.0,1.0,1.0,1.0,1.0,3.0854037327494837,1.0,1.0,1.0,1.0,1.0,1.0,1.0,7.804692391986818,1.0,1.0,1.0,1.328184525216525,1.0,7.227137544516682,17.514865513558526,10.826687818613381,1.0,1.0,1.0,1.0,1.0,1.0,1.0,1.0,1.0,1.0,1.0,1.0,1.0,1.0,9.330571403569493,1,1.0,1,1.0,1,1,1.0,1.0,1.0,1.0,5.341633393073657,1.0,1.0,1.0,1.0,1.0,1.0,1.1221315687021818,1.0,1.0,1.0,1.0,1.0843906315060146,1.0,11.604363569380618,177.4491296278286,1.2485307379657258,1.0,1.0,1.0,1.0,1.576104882729441,1.0,1.0,1.7709568477146556,1.0,1.0,1.0,1.3270436401090515,1.0,1.0,1.0,1.0,1.0,1.0,1.0,1.0,1.0,1.0,1.0,1.0,1.0,1.0,1.0,1.0,1.0,1.0,1.0,1.0,1.0,1.0,1.0,1.0,1.0,1.0,1.0,1.0,1.0,1.0,1.0,1.0
TEST_07+3일,1.0,44.48999213023781,1.004710253134657,1.0,1.0,1.0,3.86587345024707,1.0,1.0,1.0,1.0,1.0,1.0,1.0,1.0,1.0,7.141468685459503,1.0,1.0,14.569044647640672,3.8961681149101284,1.0,1.0,1.6989676949771957,15.022667683411667,15.431543032290032,2.8327008592279035,25.332648348683254,1.0,1.0,1.0,1.0,1.0,1.0,1.0,1.0,4.748619180287216,1.0020190602952344,1.0,2.122502198201627,1.425307993431407,1.0,1.0,1.0,1.0,1.0,1.0,1.0,1.0,1.0,7.820396433602217,1.0,1.4815077575771585,1.0,1.0,1.0,1.0,1.0,1.0,1.0,1.0,3.878697586781868,1.3571352738473572,2.1093160818417633,1.0,1.0,1.0,1.0,1.0,1.0,1.0,1.0,1.0,1.0,1.0,1.0,1.0,1.0,1.0,1.0,1.0,1.0,1.0,1.0,1.0,1.0,1.0,1.0,1.0,1.0,3.241765548948227,1.0,1.0,1.0,1.0,1.0,1.0,1.0,9.445599486189884,1.0,1.0,1.0,1.0,1.0,10.369482955913995,12.538918046134432,1.0,1.7069895075968473,1.0,1.0,1.0,1.0,1.0,1.0,1.0,1.0,1.0,1.0,1.0,1.0,1.0,19.641366384423176,1,1.0,1,1.0,1,1,1.0,1.0,1.0,1.0,27.817199904725395,1.0,1.0,1.0,1.0,1.0,1.0,1.0,1.0,1.0,1.0,1.0,1.0,1.0,34.45179821858778,25.862285026223834,1.0,1.0,1.0,1.0,1.0,1.0,1.0,1.0,1.200471164232856,1.0,1.0,1.0,1.0,1.0,1.0,1.0,1.0,1.0,1.0,1.0,1.0,1.0,1.0,1.0,1.0,1.0,1.0,1.0,1.0,1.0,1.0,1.0,1.0,1.0,1.0,1.0,1.0,1.0,1.0,1.0,1.0,1.0,1.0,1.0,1.0
TEST_07+4일,1.0,27.07174664024242,1.069073287698108,1.0,1.0,1.0,4.519409416629372,1.0,1.0,1.0,1.0,1.0,1.0,1.0,1.0,1.0,17.70265446372449,1.0,1.0,12.94125033598003,4.949256540267404,1.0,1.0,5.882665400930284,17.321156525832095,19.35468846310885,5.021857621576597,19.570053171273216,1.5283868407821675,1.0,1.0,1.0,1.0,1.0,1.0,1.0,9.408575753644735,1.3543360566052887,1.0,8.874604372395204,1.0,1.0,1.0,1.0,1.0,1.0,1.0,1.0,1.0,1.0,3.3826396491141746,1.0,1.5373298194617124,1.0,1.0,1.0,1.0,1.0,1.0,1.0,1.7331046456696912,2.2424227792144817,1.9887388983548606,2.084241258736091,1.0,1.0,1.0,1.0,1.0,1.0,1.0,1.0,1.0,1.0,1.0,1.0,1.0,1.0,1.0,1.0,1.0,1.0,1.0,1.0,1.0,1.0,1.0,1.0,1.0,1.0,1.0,1.0,1.0,1.26684089264814,1.0,1.0,1.0,1.0,15.704318767727786,1.0743069615072105,1.0,1.0,1.0,1.0,1.0,8.16464472848917,1.0978837846917262,1.0,1.0,1.0,1.148535460814825,1.0,1.0,1.0,1.0,1.0,1.0,1.0,1.0,1.0,1.0,16.817766596848596,1,1.0,1,1.0,1,1,1.0,1.0,1.0,1.0,19.83368194527079,1.0,1.0,1.0,1.0,1.0,1.0,1.0,1.0,1.0,1.0,1.0,1.0,1.0,39.0300412526151,56.859067242462665,1.0,1.0,1.0,1.0,1.0,1.0,1.0,1.0,1.0,1.0,1.0,1.0,1.0,1.0,1.0,1.0,1.0,1.0,1.0,1.0,1.0,1.0,1.0,1.0,1.0,1.0,1.0,1.0,1.0,1.0,1.0,1.0,1.0,1.0,1.0,1.0,1.0,1.0,1.0,1.0,1.0,1.0,1.0,1.0,1.0
TEST_07+5일,1.0,66.59461524930983,1.139527132073063,1.317080871585355,1.0,1.0,21.201775578745554,1.0,1.0,1.0,1.0,1.0,1.0,1.0,1.0,1.0,28.121042261176374,1.0,1.0,40.836081611077525,20.989840328911132,1.0,1.0,12.814849542611988,28.377927276643163,34.33874732151805,6.713073130683502,25.192443867761348,1.8693540160730546,1.0,1.0,1.0309669621071673,1.0,1.0,1.0,1.0,5.683695486146553,1.2591410875560254,1.0,9.13825616126843,3.125194062271882,1.0,1.0,1.0,1.0,1.0,1.0,1.2631941173081047,1.0,1.3044415515031977,5.126265772953767,1.0,1.772855291849353,1.0,1.0,1.0,1.0088537899559369,1.0,1.0,1.0,1.152622497482776,5.297321001949605,1.0,2.1400638793215987,1.338613873214986,1.456600331891112,1.0,1.0,1.0,1.0,1.0,1.0,1.0,1.0,1.0,1.0,1.0,1.0,1.0,1.0,1.0,1.0,1.0,1.0,1.0,1.0,1.0,1.0,1.0,1.0,18.90259123883613,1.0,1.0,1.8956489944302852,1.0,1.0,1.3213480929667583,1.0,9.253191566443679,1.0,1.0,1.0,1.0,1.0,15.44639475933717,13.249654180169493,12.934607113345836,1.2696282826363008,1.0,1.0,1.8028587667199025,1.0,1.0,1.0,1.0,1.0,1.0,1.0,1.0,1.0,1.0,56.02613343768387,1,1.0,1,1.0,1,1,1.0,1.0,1.0,1.0,47.239483216650015,1.0,1.2301247920506388,1.0,1.0,1.0,1.0,1.0,1.0,1.0,1.0,1.0,1.0,1.0,54.06265311841116,66.83427967420293,1.0,1.0,1.0,1.0,1.0,1.0,1.0,1.0,1.0,1.0,1.0,1.0,1.0,1.1317851943805837,1.0,1.0,1.0,1.0,1.0,1.0,1.0,1.0,1.0,1.0,1.0,1.0,1.0,1.0,1.0,1.0,1.0,1.0,1.0,1.0,1.0,1.0,1.0,1.0,1.0,1.0,1.0,1.0,1.0,1.0,1.0
TEST_07+6일,1.976778642811862,29.69832463642487,6.595766633131803,3.1462168221135514,1.0,1.2373245778322322,22.322483793531877,1.0,1.738942578878475,1.0,1.0,1.0,1.0251267464056495,1.0,1.0,1.0,22.94297011403203,1.0723361743775677,1.055050465248529,35.0789493292521,22.972334303560164,1.0,1.0,7.243868070727645,23.201881097648556,31.49339100737067,8.241429204989819,64.38134393573766,4.424580373056636,1.7881705723788393,1.7351465389521477,2.3101713764109544,1.5472860148709957,1.0,1.0,1.795882121434625,12.818906069033538,2.783474995730132,1.4758236543133498,26.44222123400125,5.6238061704290985,1.6189780954784765,1.0,1.0,1.0,1.6660993522209395,1.0,2.957638347229485,1.0,3.13928857203047,7.474868511094933,1.0,3.8712704688515776,1.024456244290412,1.561608462798344,1.059812917394343,1.2040578124541064,1.0,1.3646378841703266,1.0,4.254630765877273,7.430904645878975,3.422461538225224,2.849595504125802,2.79442053351359,1.0,1.100257748450662,1.0,1.9498002653967703,1.0397473551024907,1.1677155483089612,1.2990878404126363,1.0,1.0,1.3321662710325257,1.2502723353603362,1.0,1.0,1.0,1.4997638413268533,1.0,1.0,1.0,1.40248047318856,1.420579912255223,1.3617474322699124,1.2246753835984008,1.0112828391438267,1.1298051654325283,1.8212404942684848,23.17153571510888,1.5992857710988095,2.782570674321797,6.501897187548018,2.47898518910243,1.0,1.214277456889169,1.0,23.916870702827644,3.097685626116516,2.022151435212249,1.117142116965514,1.4502683333375266,1.0,19.687232134848767,19.788629698299115,16.393728333485488,3.882818826850807,1.7492011029543744,1.1395548081391889,5.0608655265723,1.0,1.399529313831623,1.4220360824464846,1.0,1.0,1.6401019144587814,1.1640346310727583,2.0549071178640657,1.5435328731415607,1.4972683532686157,37.39696809719684,1,1.0,1,1.0,1,1,1.0,1.6566703695126415,1.0,1.0,17.741600027343143,2.929342589630783,1.8536137613846828,2.217673073999962,1.90652561468341,1.4250148216792216,1.4379856741589252,4.573114847630653,1.8867159225264198,1.4959011354085747,1.5578583580868204,1.8281646925287187,1.6613290607891757,1.0,38.15576548017009,92.29004821759175,1.0,1.0,1.0,1.0,1.0,3.447513215572929,1.0,1.0,2.2451824700186496,2.3586357703491068,1.0,1.0,1.2412671591846647,1.0,1.1740157102551603,1.0,1.0,1.0,1.0,1.0,1.0,1.0,1.0,1.0,1.0,1.0,1.0,1.0,1.0,1.7392821044148787,1.0,1.0,1.0,1.0,1.0,1.0,1.0,1.0,1.0,1.0,1.0,1.0,1.0,1.0,1.0
TEST_07+7일,3.974588610234079,21.45910581337846,9.824207262340147,5.722593694285146,1.2893719872952656,1.995830898046372,3.5091520333746193,1.0,3.1182857938252453,1.4580248940398672,1.0,1.2674786398680167,1.1145957707090057,1.0,1.0,1.0,1.0,2.269141819068966,1.9232291385389417,4.678988157439947,3.415228902077501,1.9667368108272683,1.514823294490365,1.0,1.7300592006660547,4.045066032192803,17.522813983617407,19.645076232639806,5.143235165632042,4.554805226996635,4.514904031762947,3.702784721904317,2.4251859558918354,1.4665598309856849,1.0,3.080438045054374,30.01151076648797,4.2702558925089145,2.5536890500180687,21.37889765396244,7.379914112045377,1.3455201593063217,1.0,1.10314002095803,1.1677989896224095,2.4054731343100633,1.159238767048831,6.118267241765497,1.4577584379954918,5.743455299195324,17.128400940185884,1.4814149777691736,6.352244978771767,1.4094522393895013,2.9219602902556057,1.2132291691129609,1.51038585740357,1.4639928548717571,1.9466890935966237,1.2866598509883413,10.64246993763945,12.575980647580003,4.930528317443758,11.387580388112092,5.079616216624074,1.5511600353129527,1.397955217835064,1.4299727482942557,2.6660791889939075,1.5639699346081193,1.7518351877385587,2.3652997978311374,1.0378173187925028,1.0,2.0042446172491486,1.6444516419605717,1.0,1.0529099549805179,1.1537394831648815,2.1147493126880534,1.140465237869452,1.335117346065621,1.1669588266772024,1.6763049887013033,1.960347638331591,2.0246003189298873,1.1515406127527719,1.628919461413902,1.8799142594144518,3.8341337104607716,5.637680715455406,2.9106971732152327,6.518718014214655,10.726730257685071,3.7770182782683324,1.9023002075654714,1.5745410350472258,1.2280573545516686,2.517161396871448,8.545960239647064,4.837628778625364,2.038281851235266,1.0,1.0,77.25385149602779,19.91506529204914,18.135880601205194,8.815739993232752,3.480381541270327,1.6278155728947061,10.956920166636241,1.8189189672328085,2.7629506487930766,2.7289886273975124,1.2783650890718432,1.6051593243697155,3.080489890653727,1.975624687045485,3.99174445825656,2.9530449426890453,2.434747134166288,28.926597269990175,1,1.0,1,1.0,1,1,1.0,1.3422806180752402,1.0,1.0,4.609446279573881,6.986015963601142,2.7942188465848585,4.752551899814584,3.145615940451709,2.6706871713323217,2.5060769356959343,10.21309219510209,4.036131770998406,2.5928514786236763,3.846208217493195,3.640339246308688,4.02854455177405,1.0,32.90312852431178,66.6636469358535,3.162393411659296,1.0,4.6707124681585865,1.0,1.0,4.845512477149414,1.0,1.0,7.619773100518762,7.481362386747456,1.0,1.0,6.334795060292316,5.764584661005482,3.8582225334624147,2.972508749944921,19.600509682621432,1.0,1.0,1.0,1.0,1.0,1.0,1.0,1.0,1.0,1.0,1.0,1.0,3.282376235081112,1.0,1.0,1.0,1.0,1.0,1.0,1.0,1.0,1.0,1.0,1.0,1.0,1.0,1.0,1.0
TEST_08+1일,2.3786410507489157,4.772531385872091,7.129696201579489,5.490376906939312,1.0,1.8316485342446194,3.019172417029929,1.0,3.195492598657438,1.0,1.8698161793818147,1.0,1.0,1.0,1.0,1.0,1.4822976938816157,1.188499542102548,1.0,1.0,5.325023645365513,1.429753331795591,1.0,1.0,7.56776021184845,2.694587715312194,7.506621941983039,13.173122616772291,18.365857206446112,3.80182851062507,3.762236316234921,4.798126479435132,1.1428774421144454,1.1371661065887482,1.0,4.415743266094616,42.171958656745204,1.0,2.8057665457458243,24.616424404354326,20.13830805978034,5.5988105124571135,3.957968026144101,1.0,1.0272174675239982,2.274487895280627,1.0,2.817325309765787,1.0,2.1429359659130567,7.8056213750264005,1.3219348814715188,5.509172962093028,1.0,4.444079144511361,1.4839684233805666,1.8943898160075825,1.6780198272224056,1.0,1.0,10.19233294910483,12.417523696959085,20.78134969072143,9.241076084551391,17.721634673514725,1.556860398300241,1.0,1.805653601527086,3.562081243194596,1.0,2.0040632455742737,2.067255307693329,1.0167771231727296,1.0057622847200727,4.192810936707382,1.0,1.0,1.9448967597343716,1.0,2.224926884839941,1.0,1.0,1.1267784918267298,1.6763921071652879,1.6648654558787477,1.4002348013087014,4.320786932048028,1.4240553993152896,3.2353078476514536,5.1719805705724795,4.318908584380606,1.9026511433215274,3.998637226781697,5.132189699581948,1.0,1.1784190365610123,1.0,1.0,19.088066746649506,5.873942333806112,3.269937448790447,1.0,5.673491586193404,1.0,200.25888214465272,5.86587582853802,40.886545132086965,2.629470312520686,1.8761918587967268,1.0,2.2552642456724485,1.0,1.0,1.6827317550754237,1.0,1.1596566817907947,1.0,1.0290950509771652,1.969354472228495,2.3422114545509114,1.0,24.160758245172072,1,1.0,1,1.0,1,1,1.0,1.0,1.0,1.0,2.449629063004898,1.4814901383205692,1.1769088936087992,2.192643219878098,1.22243805184475,1.0,1.1934337953744094,2.505027346202794,1.0,1.20300000868785,1.1245526437786595,1.0691814449774508,3.143895258076176,1.0,11.72797460473499,1.0,6.595546932767124,1.0,6.196036708654843,1.0,1.0,10.755148028566666,1.0,1.0,13.147973661492001,3.5685221817246235,1.0,1.0,7.357939096523554,1.0,7.457072919020573,3.744106036756627,6.800500064357693,1.0,1.0,5.2995625828766135,5.704633683453012,5.9277785534488725,1.0,4.081280375989292,1.0,3.1690164233763447,11.30920838776834,15.858898713675444,1.9004435737314538,2.313731499180078,2.8674361815897784,2.723691612299695,52.48481882596008,22.585891244709895,51.25557602588436,10.666592629443784,34.93857965642621,41.05131998702813,22.032535355548852,325.0034657126846,56.91645383890566,81.64661331569731,163.94503774458883,22.82694693450693,66.73069389029266
TEST_08+2일,1.0,25.62539232471119,1.9125559199784747,1.8207764411142848,1.0,1.0,14.291709929002225,1.0,1.3050343031315979,1.0,1.0,1.0,1.0,1.0,1.0,1.0,21.22291507790794,1.0,1.0,11.299507333097159,18.136936888738198,1.0,1.0,1.6784637297603797,12.817813547761912,13.543579324668073,1.7375431636329868,8.206724992905468,7.640907087467969,1.4198345104611223,1.6321131267333273,1.8184347863976875,1.0,1.0,1.0,1.855680399720198,11.994295763394199,1.0,1.2549982924274676,18.380181331594734,10.815317508194894,1.3657505554366227,1.7117006475887848,1.0,1.0,1.0,1.0,1.4983676571207398,1.0,1.1009548894529397,4.766048977436429,1.0,3.427260458591386,1.0,1.982244853144764,1.0,1.0412807203526588,1.0,1.0,1.0,5.009587038700196,5.867156241597218,12.223533595148675,3.9644453113321516,2.504890543669272,1.0,1.0,1.0,1.0,1.0,1.0,1.0,1.0,1.0,1.0337218413144846,1.0,1.0,1.0,1.0,1.0,1.0,1.0,1.0,1.0,1.0,1.0,1.3477757774087702,1.0,1.0412250076665504,1.0,9.391344950535473,1.0,1.407221287355386,2.216806728412706,1.0,1.0,1.0,1.0,13.315209983790913,2.258657756323574,1.1463167038403497,1.0,3.0961667732302285,1.0,45.70093729940953,71.82396070678608,12.45124453380751,1.0,1.0,1.0,1.0,1.0,1.0,1.0,1.0,1.0,1.0,1.0,1.0268615756123995,1.0,1.0,19.321568899894743,1,1.0,1,1.0,1,1,1.0,1.0,1.0,1.0,20.977567147451964,1.0,1.0,1.0,1.0,1.0,1.0,1.0,1.0,1.0,1.0,1.0,1.9838947952274646,1.0,50.43103690657615,60.79998719425284,4.380743369120854,1.0,2.063801118447242,1.0,1.0,5.789874767836769,1.0,1.0,8.875242401459316,1.630205412028508,64.35062032713346,1.0,2.820179308898798,1.0,2.8676391511908315,1.5180896343072252,2.425243933402324,1.0,1.0,3.5162987834779713,1.0,1.4629658126152716,1.0,1.0,1.0,1.0,1.0,6.313870237174525,1.0,1.0,1.0,1.0,12.784281148806267,4.524609289778906,14.240059627300974,1.6012578306066356,11.637834689160423,9.986406927287058,5.599061631046252,123.91982184692802,21.338090293157034,28.680509535415077,30.073653551407546,13.895853541731672,13.54329476202953
TEST_08+3일,1.8566968080670734,47.373302931315536,2.1348104659433096,2.0431676210323784,1.0,1.2548858672630872,13.259301867911475,1.0,1.894824561253169,1.0,1.0,1.0,1.0,1.0,1.0,1.0,23.778397168524442,1.0,1.0,46.6554297301766,19.488852038827257,1.0,1.0,1.0,27.706033384414035,19.799285573573144,4.1075239454014625,31.223295515886033,10.286669350998558,1.9051353546782182,2.236752780246024,2.3754543255198484,1.0,1.0,1.0,1.9527001357010063,19.670633117281636,1.0,1.4688655771104133,14.645204152434674,9.696938038562516,1.0,2.169786047005317,1.0,1.0,1.0586079257465906,1.0,1.7578624683524557,1.0,1.2253980375771758,6.254690186424243,1.0,4.140421941870741,1.0,2.398109124018065,1.0,1.212750345359911,1.0,1.0,1.0,2.826936613940518,4.241202961962034,10.341111540508967,5.6314726401810695,8.19444328398476,1.0707071893770874,1.0,1.1838577126252106,2.0508063369322738,1.0,1.4366656216574873,1.1909034369806508,1.0,1.0,2.443045757736801,1.0,1.0,1.3242065672859522,1.0,1.4771196504708533,1.0,1.0,1.0,1.1285909536249372,1.0,1.1935793811563649,1.9553985380371706,1.0,1.5875247075320011,2.9058528066037215,7.738339981645147,1.0826449186238394,1.8979957535321508,2.7909413980817743,1.0,1.1698732274904577,1.0,1.0,15.383562906609045,3.229651500298696,1.5356393080390778,1.0,4.971293684780479,1.0,20.104800599414798,38.4188479897773,8.485489506167124,1.274379762887002,1.0,1.0,1.2960595544594473,1.0,1.0,1.0,1.0,1.0,1.0,1.0,1.3014975687531143,1.0,1.0,36.49723101800425,1,1.0,1,1.0,1,1,1.0,1.0,1.0,1.0,34.55133804599639,1.0718986869381824,1.5554649908031255,1.4075333760513136,1.0,1.0,1.0,1.6345887539189992,1.0,1.0,1.0,1.0,2.2870413649242067,1.0,121.64664766814333,118.26672488568528,4.476497627686915,1.0,2.3287911263677676,1.0,1.0,6.383286401019383,1.0,1.0,9.752322730465044,1.4401621637932611,189.01620559354222,1.0,3.153847209011003,1.0,3.148883175354133,1.4054719572173993,2.313943355008325,1.0,1.0,3.698635180118612,1.0,1.0,1.0,1.0,1.0,1.0,3.272270443990245,3.2820054929720133,1.0,1.2182553242274716,1.0,1.0,23.376171992077165,15.198011970838385,26.05575910647792,7.706377244902906,18.753950222081606,23.718812336150766,12.025887325339669,163.1541348185594,38.3476853813012,51.99380525203433,99.75069488792361,23.660342845309547,34.15184861977686
TEST_08+4일,2.094924491820665,29.465870325412073,2.4654998521180618,2.300376563549271,1.0,1.3636354995717068,14.445079748401039,1.0,2.4617161481556873,1.0,1.0,1.0,1.0,1.0,1.0,1.0,29.53002747335864,1.0,1.0,34.924737335421504,7.777097070323719,1.0,1.0,1.093461667366579,17.094391518835593,22.300498989871713,4.558029012369131,35.95917992446418,8.629782211131307,1.7864731706951997,1.92817802578349,2.2714799312354974,1.0,1.0,1.0,2.531899468618483,20.38881892126274,1.0,1.4807659257220285,12.923010974657998,8.117855443535877,1.0,2.0372916974436652,1.2179372280833751,1.0,1.1593692567758318,1.0,1.6745560220428706,1.0,1.3534708364713441,5.679938904650362,1.0,3.8833446176444824,1.0,2.026853693883385,1.0,1.3495197407465442,1.0,1.0,1.0,3.785762542369031,4.169713018178313,8.055698994712314,6.559479567874305,9.09254654344156,1.153604796305921,1.0,1.2729903368842024,2.074453356761966,1.0,1.7077137844575558,1.1791796402207186,1.0,1.0,2.74768956777874,1.0,1.0,1.519167137621051,1.0,1.776267162939401,1.0,1.0,1.0,1.1936598322205216,1.0,1.2373381233258542,1.366036935909453,1.0,1.7699115889104595,3.2162225851222503,16.4313581755381,1.0576035135172395,1.7281531947190676,4.091482376625123,1.0,1.2711282001544324,1.311009416160252,1.0,17.807416788314484,3.8037967781122073,2.3089261508081935,1.0,2.9614515450696652,1.8134080008825366,26.539516957031736,56.09161279219792,15.432926352060084,1.3750147746180248,1.0412612772496515,1.0,1.3615270591815785,1.0,1.0,1.0,1.0,1.0,1.0,1.0,1.437837401499547,1.2427471122735854,1.0,24.81251104839505,1,1.0,1,1.0,1,1,1.0,1.0090068640361864,1.0,1.0,31.150856599354597,1.2085995549006112,1.0,1.591059011057862,1.0,1.0,1.0,1.07077086115057,1.0,1.0,1.0,1.0,2.231814311380166,1.0,97.00573998716926,90.53901534350561,5.070209704422104,1.0,2.869123677109827,1.0,1.0,6.97467425204046,1.0,1.0,8.68974855927342,1.6348498420373974,133.54632129206053,1.0,3.2065062791898646,1.0,3.523490390400196,1.9454983019409389,2.7512110330662156,1.0,1.0,3.8581123652906095,1.0,1.0,1.0,1.0,1.0,1.0,2.495412346031454,2.710789414859873,1.0,1.0,1.0,1.0,26.002102378063302,12.116480258724033,28.79371095883623,6.225054862050517,17.144331021210142,23.090804820311636,9.150120123259983,172.01854960199185,31.283494016547113,57.7484502311715,87.15276270215834,23.306236101370313,40.13341778218302
TEST_08+5일,2.211984622780467,89.39979550346,2.7375067770346204,2.416420374214924,1.0,1.7256927963364863,18.889246751805725,1.0,2.390427423905806,1.0,1.2760073776305703,1.0,1.0,1.0,1.0,1.0,63.73501716648158,1.0,1.0,54.740358351594,25.327631881422587,1.0,1.0,3.594414728329667,33.28614459612893,36.10462860071997,4.756543456356643,68.65366566224448,8.671657697341354,2.3785731727777617,2.334168404078573,2.698536054686294,1.0706485624486106,1.0,1.0,2.5752014045290696,27.27682420340904,1.0,1.9555664452631123,19.53397411484702,7.725949732460995,2.163211313170448,2.432543307791676,1.4492764536716094,1.0,1.243053236607786,1.0,1.9228307152616353,1.0,1.5214594328753828,5.672564153882889,1.0,3.8419971990544326,1.0,2.224575854181944,1.0,1.51590590424438,1.0434530747260693,1.0,1.0,3.445084949490749,4.251210883776312,10.556938869092786,5.60072581285784,6.404819900167543,1.2610916673077068,1.0,1.246797137013048,2.4355188295095886,1.0,1.8129531691767449,1.4906450667607591,1.0,1.0425184061416481,2.702859725601944,1.0,1.0,1.5462577015068653,1.0,1.9904281264895471,1.0,1.0,1.0,1.293509307177876,1.1044182724973797,1.3063308206056028,2.230440253938729,1.0,2.072716199662807,3.5806044971357602,19.54434185214124,1.1155969344848233,2.0930990483400023,3.4898913712420696,1.0,1.4675967284025169,1.0,1.0,10.587485266435403,4.1719421411946715,1.8761422625522357,1.0,3.556179348479459,1.537802056730229,15.716814998071817,55.02045946924785,10.85369678317257,1.5867261679341138,1.1388953066685692,1.0,1.6549583096212428,1.0,1.0,1.0822870363884967,1.0,1.0,1.0,1.0,1.417858844740921,1.2573222894684724,1.0,58.735765609613566,1,1.0,1,1.0,1,1,1.0,1.3275718307295696,1.0,1.0,69.32022696290788,1.4053281400636528,1.2470438180910215,1.996180689771662,1.0,1.0,1.0,1.8505100975654731,1.0,1.0,1.3289508632305023,1.0,2.093408891709886,1.0,120.26480351291602,73.26609845418525,4.958114084480631,1.0,3.2527560992924456,1.0,1.0,5.4808860135333015,1.0,1.0,8.535769898074902,1.6729037220901,77.06838911028903,1.0,3.6854461792628044,1.0,3.41517445704129,1.4380627026702517,3.3731054178837336,1.0,1.0,6.188861296240229,1.0,2.33340123639202,1.0,1.0,1.0,1.0,2.732195570017887,3.885450957665173,1.0,1.0005656195994197,1.0,1.0,33.341910631231094,20.079549846829934,34.59367200164035,5.886885639807401,24.764129998927498,29.706126556629833,16.571673660388996,164.6278053622583,45.118629476382694,64.13489633078449,82.97372238490385,12.932895980974074,44.982097198629376
TEST_08+6일,5.117400984831191,50.03701276845421,5.2837390519493805,4.2595488064421945,1.4214358865576737,2.6295267561034525,36.09420633302394,1.0,4.759804441661168,1.0,3.1617936682906196,1.0,1.0,1.0,1.0,1.0,73.61521836964683,1.3071449624723093,1.0093867838601667,55.68808448168528,39.4623806884015,2.010270676233581,1.0,4.411779343732578,56.17153462641702,33.25719936613589,16.870577577557107,81.08665128903651,10.848608215010735,3.614752949397208,3.291740024288231,3.8306957876282035,1.7311991434390548,1.2318899160846943,1.0,4.19713674433407,34.83915871262709,1.0,2.526367244929389,32.47261518142635,9.809689590898587,2.3091850764645763,3.633138126412268,1.7029202034976914,1.5376509611503373,2.055146297313827,1.0720783568511498,2.78462424088517,1.0,2.2993835678349224,7.806508458135408,1.2357645202238776,5.526148974266626,1.3073937019471005,3.556767894511579,1.546297366281419,2.5323772675990193,2.0147611001220977,1.7235067857745638,1.0,7.424185678672664,5.3145895215191645,10.937756332997694,8.955531994444138,8.690029500672804,1.6878859434317073,1.0698972819014005,1.8428418556709052,3.443201548160258,1.0,2.2404468597781273,1.9358304157461896,1.1556834485445704,1.3211358609587234,3.8334228013977323,1.173225103544114,1.0,2.1078416700523546,1.3666010944191385,2.549147367853206,1.2212738595649704,1.4621733231019063,1.3001244831002963,2.5129080759733924,1.7267435944026672,2.205226491990686,5.957036929671745,1.463663760402501,2.954124633653219,4.640469474616714,19.561806130177025,1.8520196551655426,3.892118952553491,5.521266221661602,1.0,1.9933883650276236,1.0382459932307517,1.0,16.302120690001086,6.471973099797097,3.185087872294548,1.170580386918312,3.83703151452418,2.1557583758419345,100.38550239108582,49.102763862144606,17.885354718178462,2.3901541960394392,2.042797511040471,1.1153541832826908,2.7965030502177397,1.2939920523915092,1.3330499360757586,1.8102674389638849,1.0,1.278879601416922,1.0742025662753663,1.452913862695167,2.4100351811946097,2.1677709776440817,1.0,44.152340583743495,1,1.0,1,1.0,1,1,1.0,1.7291295971948195,1.0,1.0,43.995135757860936,3.6743462686645825,3.627789774105231,5.161101780083665,1.7871201235238179,1.0422129711433108,1.9109855105551705,7.000866587372045,1.0104699595137898,2.011742997130154,3.2603441365150014,1.8852332348956933,2.7766528407186932,1.0,96.7646009858632,84.07510103533338,5.339413991286676,1.0,4.09476554168535,1.0,1.0,6.960652820086195,1.0,1.0,11.94392249493456,2.7366008424401893,39.854846609071224,1.0,4.811110841417635,1.0,4.657216375413068,2.508233326712361,4.641650374944862,1.0,1.0,6.255735730824563,1.0467490542483304,1.0,1.0,4.086411264402942,1.6546575471992053,1.0,3.3942765268171047,11.141023710400786,2.342218951873548,5.213846950602044,1.7087384352001502,1.0,36.8261560278922,21.41869100694237,33.94053746865492,10.714567412962579,29.80722616241845,29.67696094541847,20.273389520163807,227.3198897792722,43.997372708600764,62.42353988146941,104.93589416486404,36.278190331291256,43.336538236407115
TEST_08+7일,9.065137317118396,6.894904027985937,9.718398038373401,7.706394291960779,2.0995008041022625,3.4588263326393918,8.467299425197469,1.0,5.445669885030322,1.2643158169466935,4.959186849504308,1.4995384196675843,1.0,1.0,1.0,1.0,16.69809636095563,2.384072957697804,1.253472970968642,33.6505417098073,11.251737356723119,3.294510529385096,1.4256030469205163,1.0,24.065756947169884,7.275137889594737,5.781199394013064,27.112962838462586,16.005178878763214,4.718210192509573,4.694615480294771,5.111100929298594,2.126103501790837,1.6851285192167873,1.13046685387417,7.037349055757739,65.53371801296929,1.0,4.010149624550387,37.11150742979381,19.905406034358094,5.1650964734059945,4.720781206871751,1.7358486853293391,2.8529061604438413,3.0536545601409633,1.4188052308653525,3.7438474987010695,1.1311071941466286,3.5960593343599436,9.170350408423756,2.4237111146528125,7.647756573940642,1.4576265631123373,5.72681176986982,2.6192361138498788,3.4236741124970456,3.1827987002136164,2.2287451380765844,1.0,10.724036207828146,8.98576686564327,19.328507459731618,11.556908358628686,15.84675295171784,2.2646757175556527,1.3586782246210545,2.504013824595698,4.888334823727192,1.0,3.025329423136728,2.4860856458010154,1.5736310245190683,1.8605990372599948,5.253684967677275,1.1956365443060895,1.0583390427328951,2.641563100830272,1.5384289300709404,3.1304611029021596,1.560834496685949,1.8135081847061607,1.7289236533165158,2.7949206512377245,2.3280887277079545,2.7446338009219806,2.8882557298910827,1.8343484335881068,3.853531846766979,6.441191762763639,1.0,2.432647601360537,4.9128957723967135,10.981914766766266,1.21691392306275,1.9204001898306071,2.2417399461244516,1.2506579105745934,7.074865705863637,11.102933552624128,5.3186696957206365,1.5117121849088857,6.670823383358315,2.1740502375433093,190.15612385303697,3.806110093126738,34.17958702529622,3.309761086270353,3.2337076277871635,1.676015136557304,3.599840801404845,1.676742110622234,1.7076657870585552,2.820106401125782,1.0096061660570779,2.01126127176567,1.3988934256016203,1.7029188872225078,3.2074667664132406,3.1064733749150157,1.0,28.04501378673982,1,1.0,1,1.0,1,1,1.0,1.3531845942975753,1.0,1.037762322512384,9.48742030003218,4.754484588092283,4.540818394508462,8.122530365016042,2.7697474278277663,1.649088100420038,3.2330302794125716,10.621844646615948,1.7828117397875487,2.931687012043929,4.420711094330956,2.992031819790204,5.671854553345744,1.0,18.696908755639978,18.7670273349024,9.275999064971298,1.0,7.866005252211065,1.0,1.0,12.31701136444208,1.0,1.0,20.82255783170656,5.133815193078402,41.82558978194268,1.0,8.896546771642527,5.0629258810169935,8.500320457131593,4.727286396022328,8.661003115902883,1.0,1.0,8.964929222398213,8.052127545003144,7.156161461019864,1.0,16.387209644646713,10.102447768588256,4.154179297300202,14.242495569578367,22.91530777474726,3.276134547431139,3.0570957258784337,10.684044396598365,4.63700313826411,47.98045651391752,31.873428064034808,48.766772080506925,17.832349084674732,36.367341417888646,41.50723199129243,34.1330546147876,334.29566095321894,69.5668687227641,90.64590185898457,145.31975941806647,37.33499778884269,70.47331649835066
TEST_09+1일,7.401341940039834,1.0,6.754978474169169,2.7867612402951076,1.1051547343062618,1.9494396033498502,1.0,2.4630305983230185,2.5219813462157465,1.0,1.0,1.0,1.0,2.665547883667419,18.806946151494863,1.9389422314563833,1.0,1.0,1.36442414710975,1.0,1.0,1.0,1.0,1.0,4.987967923514096,1.0,1.9061559197249984,2.967149925934138,10.676367007116538,4.736342927499693,2.685410507492803,4.247764257376396,2.9357083555489876,1.685200720343265,1.0,3.9146684686333586,35.42878240200349,1.0,4.325836773246673,29.317351008500914,16.286806113543893,1.7230042316303034,3.8141781338813256,1.1788492560605597,1.0,1.0565916510084163,1.0,3.101095420913228,1.0,1.7914710827803237,13.160198816441937,1.0,6.0888684376852344,1.0,3.9656872468260373,1.0,5.099070880262664,1.0,1.0,1.0,7.884251341483721,15.333848869186705,17.14776855334336,10.049267549015696,8.141750048954112,1.0226930432484571,1.0,1.0650443031376067,3.0461120291420527,1.0,1.333585202421682,1.5636773977644456,1.0,1.0,1.830606952538899,1.0,1.0,1.2514632088800717,1.0,1.522441644772448,1.0,1.0,1.3206729629464518,1.2119569235656469,1.3430138384932766,1.3785704414865636,1.0,1.0,1.204771214324015,2.699064177652585,27.600384621628315,1.2356558921216165,4.210114346306933,5.706638770435501,1.0,1.0,1.0,1.0,26.857622382412718,2.593381400949275,1.2882677381143237,1.0,5.08010731629767,1.0,151.38394195373544,11.352354809948059,47.8584118941079,3.580060911480986,2.4961795995697154,1.0,1.781267602014484,1.0,1.0,1.0,1.0,1.0,1.663671111044894,1.3964738377755825,1.6965612140573958,1.161773316676941,1.0,3.257375883097479,1,1.0,1,1.0,1,1,1.0,1.0,1.0,1.0,6.875955148332239,1.0,1.0,1.0,1.0,1.0,1.0,1.393161386036984,1.0,1.0,1.0,1.0,8.237200981753428,1.0,2.3769939100756474,1.2584168773347582,8.474366249059912,1.0,6.870061653310277,1.0,1.0,16.04122965655241,1.0,1.0,20.638731152340934,8.397743358435998,25.365711639185104,1.0,9.474471623955647,1.149711873930527,7.684598643144639,5.750754009206591,7.261004398689618,1.0,1.0,7.887355619381053,1.3420485679867018,1.7857840106974512,1.0,7.3311301055839175,1.5112289403226173,10.093002025008218,18.98697081236329,11.250778631641122,1.920364428515631,3.4092892436246207,3.542019291720395,6.181273985608373,34.704626000246435,13.784668824253227,26.226163932501724,9.490736471270354,19.071347759293552,18.715064379946625,11.937718725801385,133.29372318522653,29.47779285942342,75.88138909288125,67.92077114945128,15.86498354315183,46.84677812489548
TEST_09+2일,1.727391488079447,18.9984260854526,2.949772572688879,1.0998004425833452,1.0,1.0,11.682424338192009,1.0,1.0,1.0,1.0,1.0,1.0,1.0,10.360244890753416,1.0,25.328993578190442,1.0,1.0,22.54677257292207,15.876687264454313,1.0,1.0,1.294213948761305,6.898872899554395,13.183998797515615,6.653655177593026,14.35845228188419,5.146795195386615,2.0979857319057147,1.7590199775642574,1.7571992809324088,1.0,1.0,1.0,1.5088097137968572,5.298698828844562,1.0,1.5665110324462355,14.331891869393873,5.790621854474848,1.0,2.54444497349917,2.209041239675658,1.0,1.0,1.0,2.2631830293633044,1.0,1.3573709094695563,8.046793505651332,1.0,5.450296741244062,1.0,1.2153640233004543,1.0,1.9485248503207397,1.0,1.0,1.0,4.804071401830101,3.302830252728448,12.360834560949725,8.785133268193032,4.539661421072723,1.0,1.0,1.0,1.0,1.0,1.0,1.0,1.0,1.0,1.0,1.0,1.0,1.0,1.0,1.0,1.0,1.0,1.0,1.0,1.0,1.0,1.0,1.0,1.0,1.0,46.348190556754794,1.0,1.904857195513629,3.9051306401285157,1.0,1.0,1.0,1.0,16.210027600815298,1.486746833683786,1.0,1.0,4.477808314123736,1.1046826575149,24.179104635864604,20.007010052390296,13.436110439979693,1.6140710473188857,1.680013963203048,1.0,1.0905224951541697,1.0,1.0,1.0,1.0,1.0,1.0,1.0,1.033756836385859,1.0,1.0,14.322275945866231,1,1.0,1,1.0,1,1,1.0,1.0,1.0,1.0,15.790446098229085,1.0,1.0,1.0,1.0,1.0,1.0,1.0,1.0,1.0,1.0,1.0,2.632483241938201,1.0,9.590389686636755,88.86435157270694,4.2470447081944345,1.0,3.1234272868312214,1.0,1.0,7.555008316554978,1.0,1.0,9.664532708703339,2.701861393264318,36.067052702789454,1.0,3.551654118366274,1.0,2.7998900062812315,2.1888202034323445,3.692462100629242,1.0,1.0,5.0470483631291785,1.0,1.0,1.0,1.2870364327129418,1.0,4.52545795367485,4.073256817617472,4.044275723451776,1.7273822083531107,1.0,1.0,1.0,4.413797075674576,5.045321456359167,4.3208214700443035,1.5628772951788916,6.289234843169852,4.151793208206373,2.32835234112825,22.2155965176302,12.125794687565604,3.9046173985980204,18.791999205498424,6.891469681678728,13.267661965528601
TEST_09+3일,1.3795976398002252,21.459420984889533,2.7398231716171577,1.503037128661818,1.0,1.0,13.340056694562195,1.0,1.0,1.0,1.0,1.0,1.0,1.1947583524552758,8.063990392718667,1.0,19.446800596064115,1.0,1.0,20.14792507027028,4.7518032085158275,1.0,1.0,1.0,51.092690388757525,13.598798291051505,2.831951952013907,23.47308335246058,4.404509241884366,2.265551812573075,2.0204573064386495,1.7968516860043198,1.0,1.0,1.0,1.6596625936175775,13.464458243111997,1.0,1.5757869150143413,25.452291774592474,3.440287907020777,1.0969247548499974,2.3582778679525505,1.3466206619786645,1.0,1.0751629810091747,1.0,2.5855382372473676,1.0,2.0991700334549344,9.87715800670736,1.0,4.054473301109642,1.0,1.6332996585413353,1.0,2.0333329212262448,1.0,1.0,1.0,3.649715228000979,5.797699569242864,15.521069652822632,9.995302326727106,5.1415287345864495,1.1258922290194215,1.0,1.0,2.0616525778980406,1.0,1.0,1.0,1.0,1.0,1.1263962122252946,1.0,1.0,1.0,1.0,1.0,1.0,1.0,1.0,1.0,1.0,1.4046448207187228,1.0,1.0,1.0,1.948619727479275,48.055676466654425,1.0,1.9144793908330868,3.298531349852853,1.0,1.0,1.0,1.0,13.312344270900594,1.6641982811173657,1.0,1.0,3.14566192846806,1.0,3.3138882045178017,17.65803635917193,4.412403993256459,1.9033115770089175,2.1061293818498257,1.0,1.8492623530967858,1.0,1.0,1.0,1.0,1.0,1.0244471581843366,1.0,1.3318236823611151,1.0,1.0,23.441284119441896,1,1.0,1,1.0,1,1,1.0,1.0,1.0,1.0,26.872403721558673,1.0,1.0,1.0,1.0,1.0,1.0,1.0,1.0,1.0,1.0,1.0,2.7672633720715534,1.0,69.22769007295449,103.09428264758607,4.12539298070004,1.0,2.760903384131468,1.0,1.0,6.802006824623195,1.0,1.0,9.951150262328726,2.349941378797769,60.58922241897959,1.0,3.3478756554637776,1.0,2.9669388801566092,1.6999116265236476,3.7793702386954546,1.0,1.0,4.26812411683517,1.0,1.0328235606935179,1.0,1.0,1.0,2.678024521521587,3.207506244590798,1.0,3.514675475419142,1.0,1.947554007132924,1.1114739599773464,11.335191963988256,6.658501266080106,8.349552334351353,3.4365657599206547,8.988818850587162,6.004942973166401,4.3029956928007635,32.62999268734332,17.4703732638386,36.909127629659096,34.11925756780311,17.67056378016194,12.608530688970712
TEST_09+4일,1.8983433051743472,28.659570277139167,2.7041952178337656,1.8273190954760945,1.0,4.0479855135755365,15.485649696943597,1.0568454905486442,1.0019326893782432,1.0,1.0,1.0,1.0,1.2268662966952546,8.887945997525645,1.0,32.289441301116305,1.0,1.0,36.37230799939382,15.361234740653321,1.0,1.0,1.0,11.153661985404892,6.363813648155081,6.160665114082766,19.8047979949201,4.711437020817244,1.7203659844382382,1.3654763172889481,1.4014943504521016,1.0,1.0,1.0,1.6198095779787216,14.121845102362645,1.0,1.3124667554909342,17.81816929525728,3.4396100237558453,1.6151111016304136,2.014645078379296,1.437396942622357,1.0,1.0,1.0,1.864562859670353,1.0,1.548904738534439,12.15364152852538,1.0,4.725333869757306,1.0,1.2168081195289946,1.0,1.0,1.0,1.0,1.0,3.824394669083381,5.217621992133289,10.552948145650774,6.206423612637079,5.142551363467226,1.0,1.0,1.0,2.0042369674199847,1.0,1.085935523012337,1.0,1.0,1.0,1.3185783950628638,1.0,1.0,1.0,1.0,1.3468336439118946,1.0,1.0,1.0,1.0,1.0,1.4483044384623647,1.1017174984453768,1.0,1.0,2.1487764453323774,23.037933825243435,1.0,1.7733171065192128,3.567992512321942,1.0,1.0,1.0,1.0,12.183487194996689,1.5711454109628444,1.0,1.0,3.5872042443736003,1.0,4.807779966330597,32.407566705262184,3.692744560567388,1.825005221163469,1.6115534183324538,1.0,1.3864478413646784,1.0,1.0,1.0,1.0,1.0,1.0,1.0,1.0701402811873626,1.0,1.0,20.66314426230557,1,1.0,1,1.0,1,1,1.0,1.0,1.0,1.0,11.934724314076156,1.0,1.0,1.0,1.0,1.0,1.0,1.0,1.0,1.0,1.0,1.0,3.195288334384978,1.0,38.361123543841074,70.89267876952918,4.152067575630375,1.0,2.5784375809584485,1.0,1.0,5.956029965920969,1.0,1.0,8.6621200925622,2.063313984598952,77.06005046625656,1.0,3.157507701021699,1.0,2.6885493253616835,1.8819839084978724,3.477714609658054,1.0,1.0,3.721558278581859,1.0,2.231130489597379,1.0,1.0,1.0,1.0,1.7898115891669526,1.0,1.0,1.0,1.0,1.0,10.697283893791832,5.959934900949786,10.825123055850455,3.0742467529100255,8.579991056389106,7.831963700676591,4.653574945095411,40.69572459436346,17.677726824207078,27.77659159841519,35.40751324443295,8.723421536807484,16.66226698355703
TEST_09+5일,2.3615790291292886,78.38473890031618,3.465739612194023,2.3614486452883403,1.0,1.4006442555232976,39.671288754007136,1.629920884929132,1.3465882922978356,1.0,1.0,1.0,1.0,1.6842953353476242,12.264734919034758,1.0,99.78311059326263,1.0,1.0,78.22160900459319,37.20557563138588,1.0,1.0,1.0,18.277883482956522,16.224667494456547,13.959727786866086,24.019141755548596,3.1987275467086764,2.2685320237818685,1.8026672606118994,1.7863471110034412,1.1617514749660034,1.0,1.0,2.389642109289479,25.64835293106297,1.0,1.776717572252394,22.735200277413824,2.5915452569077266,1.2018226644982035,2.1524319534990113,1.8766391078711322,1.0,1.0405838369176306,1.0,2.2251129262921334,1.0,1.6232843690855814,6.083840159587667,1.0,5.253270491775645,1.0,1.6758548864391671,1.0,2.8378191759819424,1.0,1.0,1.0,3.690639106450646,5.605556786999076,8.501112633225691,6.449780457450328,4.237923707717724,1.0,1.0,1.0,2.2212656613637938,1.0,1.0,1.1834667402502252,1.0,1.0,1.2398461222599062,1.0,1.0,1.0652350858668624,1.0,1.5516491699914252,1.0,1.0,1.0,1.0,1.2760419748454244,1.7952150369358735,1.0,1.0,1.369284153590149,2.4804130273560743,76.42406814919877,1.0,2.222854755312296,3.177000688204323,1.0,1.0,1.0,1.0,12.148658048164364,1.6018736216452885,1.0,1.0,4.106504982277449,1.0,5.685750878262391,49.607180238580796,15.569102192226273,2.4798550332460145,1.8385522757698696,1.0,1.9326578123846627,1.0,1.0,1.0,1.0,1.0,1.0345869237442336,1.0,1.3322074879203314,1.0,1.0,50.17484512749074,1,1.0,1,1.0,1,1,1.0,1.0,1.0,1.0,31.641607549581384,1.0,1.0,1.0098393194921238,1.0,1.0,1.0,1.0671694760288966,1.0,1.0,1.0,1.0,3.2087649213792075,1.0,59.789357422672815,149.75855392503084,4.267089204819412,1.0,3.1202532672573895,1.0,1.0,6.886512234131772,1.0,1.0,9.2240236806127,2.4124325466347365,87.29937006022037,1.0,3.5470756968152575,1.0,2.9914459962770623,2.277854060274329,3.5672939971181608,1.0,1.0,4.1388926298947455,1.0,1.0,1.0,1.0507381451959643,1.0,1.3079241515732236,1.0,1.0,1.0,1.0,1.0,1.0,13.90439070439363,9.968483695715044,12.496784703423042,3.5178547515825827,9.142441531700836,6.6807691730922265,4.9805020526815555,53.406699925018295,17.183042801912336,34.873254516420275,43.342184814077505,11.294621983649032,14.01459662758439
TEST_09+6일,4.86611392895585,32.06127910387474,5.426137787823351,4.810098680676844,1.582477700371094,2.9650664195234113,21.989884647443336,1.8659155823183244,2.7417344706172226,1.0910588948122935,1.0,1.0,1.0,3.3685370834720465,21.36677185911206,1.935442069669308,37.50687789625769,1.0136243874775859,1.7390119113629083,60.45466795813413,22.388506145784323,1.0,1.0,1.0755434083003974,21.617418088700735,23.32620596178305,10.481599618585795,25.641308182618474,5.404952697889753,3.7160270048056954,2.87786504250866,3.442360384699798,2.132075376159664,1.688964816762109,1.0,2.955538757335568,32.40396489077166,1.0,3.1459772542219278,21.041380687630653,6.609557689786347,1.3474249948750503,3.5109213300380437,1.5036296005447791,1.0,1.9792015103918126,1.0,3.62743465767082,1.0,2.3221288123127946,12.147668372661755,1.0,6.470349886572852,1.0,3.034315989091946,1.1610103454539304,2.755749761799228,1.0,1.2503387066274307,1.0,6.335560726541089,5.984226043086298,10.082468715925875,12.305693996650271,6.702077424505084,1.529086304091011,1.0382302251239088,1.185160101173035,3.401498270527762,1.0,1.7093993561273622,1.5941550574822727,1.0,1.0,1.8256338875861347,1.5884453139260402,1.0,1.4990632932406487,1.1428800779297017,2.105944739666718,1.2455265988817175,1.0,1.37212500057944,1.3648002492159812,1.543577484564207,2.6410712488561847,1.4833689845638667,1.5168390712154647,1.6102520034679448,3.286917171687068,65.82655085692258,1.4701957052722618,4.154937007183101,6.0084197903440435,1.0,1.3151490956076717,1.0,1.0,23.696693036844966,3.1252953498834484,2.365880784516738,1.23629340873302,6.4881270846754715,1.1996090597189135,26.949596662856997,50.717016922857304,13.439035024916045,3.603693018153691,3.545606787421861,1.1876805318232773,3.0226543858331785,1.013520154631909,1.498660548157316,1.1692390639304144,1.4578531686750882,1.1759791142045877,1.8406625728037873,1.6036504507546694,2.797408661464952,1.585137305145091,1.0,27.257835279951422,1,1.0,1,1.0,1,1,1.0,1.0,1.0,1.0,49.51210467669981,2.334760792244595,1.687175038747629,2.7097497100989556,1.5001381386287356,1.1666871610650305,1.5981674254682454,3.706490796414962,1.1130668005345132,1.0,1.7874366719720698,1.157113543841776,5.410206897194736,1.0,127.16255287835548,140.5308200366639,5.588775257198976,1.0,4.304081488159313,1.0,1.0,10.88220820155019,1.0,1.0,14.36157757661895,4.9265846056963545,72.85820400877631,1.0,5.555166605447263,1.0,4.689585593978659,3.07794636473636,4.7262032989416465,1.0,1.0,6.4701019596708536,2.883849234968505,5.04085376856304,1.0,3.0834903547427417,1.0,3.79949361019876,4.127361400810506,2.7331624959019645,2.023640647533399,2.1054624393153287,1.85270591169371,1.9504557976251753,18.83794459284957,11.786518243733948,18.92322468563327,5.6583761403041715,12.555321492364087,11.011143846442287,7.434364755673672,104.68187436486382,23.002799174469004,40.65706864254118,48.46542386163475,17.965306633658685,25.051824363210834
TEST_09+7일,10.190953219968959,5.451162836142393,10.438622417622877,9.034746953972933,3.368969132513595,4.665924998041874,2.7835714899308304,5.316837514317724,5.21449957313912,1.8755181761699498,1.0,1.4599287359073887,2.1404220801641984,5.874718535495004,31.038339856319666,3.343622929316681,7.333352111107214,1.8289122047003314,2.5909528462142153,6.342981252652803,3.370050486762086,1.2542101052506107,1.2852094480921648,31.386102466951698,1.8919382723188873,4.591511570000312,13.078687196417478,7.157402107063785,11.380648044107478,5.088378067681388,3.9722600046870404,6.58267915140907,4.232404186703376,2.949677734927507,1.0,3.977725821316559,49.53047537553096,1.0,5.415798545556163,36.75551452252577,16.125275460351865,2.69799850941389,4.748807315226256,1.2786067564893262,1.6846234032011327,2.5679205293134006,1.4902966159038207,4.258606461306618,1.0394700643838921,3.0263984523371232,18.09417944858206,1.7048092495708462,9.465571942871621,1.063858479582296,4.713425269727066,1.4038114185583879,7.604752061430163,1.7247930062771373,1.6111182424860035,1.0475928786443154,12.23445741317363,12.396996776200599,14.264853141593342,19.846243091474037,10.814733554577991,2.401690030208644,1.5935325593769218,1.766104363657076,4.81955378387132,1.0,2.2215312917087187,2.363413730034437,1.2450491120925973,1.1120022864338095,2.7680390856022115,1.679822259621698,1.0023505303013338,1.853482014114976,1.4835562126442092,2.957262827528464,1.6440650335399494,1.5719085151457948,1.9987599673797571,2.1741814358998655,2.264198855535658,3.2205318404833294,1.5188778747442517,2.0225223513982495,2.387049646448573,4.991985172195495,1.0,2.2478089377822608,6.410603324065694,10.574331032699552,1.7556314012136265,1.7333064256124786,1.178363134807266,1.0,19.927249235706036,4.080386381007137,3.1953301870529747,1.7300275406336838,5.328594165305828,1.0,136.36571044628272,12.237812964411843,19.580224065750922,5.648591880986382,4.810749087736814,1.4761745340299395,3.2879183619717582,1.9856045646639393,1.8401944916527766,2.088216826852485,1.5246557105688625,1.589988925724283,2.604206758153872,2.891223967102146,3.7595871857526193,2.6206195932117238,1.0,4.895142222453996,1,1.0,1,1.0,1,1,1.0,1.0,1.0,1.0,22.917755395748234,3.0482050279781565,2.4165657395434246,3.546893609516526,1.7178198123217416,1.093681564286032,1.3791691341983987,5.484892897513095,1.5912676173292228,1.1161935519348032,3.0119126469132436,1.634326537980897,10.777549424958588,1.0,21.86283593488156,36.819538844883034,10.884604483800755,1.0,8.624257620220199,1.0,1.0,20.654992170581924,1.0,1.0,23.077302398458166,9.347393044841025,18.09510292693108,1.0,11.414850514140456,2.2064232472970255,9.744271184189564,6.163154971455308,9.698850090509685,1.0,1.0,13.424169012369195,22.90919701702113,26.3025328566505,1.0,10.283439219340003,2.8219635899154394,12.807729135476436,12.56204405859816,15.852538859476889,5.507810647100434,3.091544319600265,8.120067622635107,5.153743675671768,40.45072174926226,21.60648647007193,38.45572351171991,12.476161332856432,26.34761141314193,26.496961536162804,16.885368525437595,184.33531791328505,40.83711671749752,75.21869609347839,115.80538115917143,18.580745925203644,43.031029342990166
