영업일자,느티나무 셀프BBQ_1인 수저세트,느티나무 셀프BBQ_BBQ55(단체),"느티나무 셀프BBQ_대여료 30,000원","느티나무 셀프BBQ_대여료 60,000원","느티나무 셀프BBQ_대여료 90,000원","느티나무 셀프BBQ_본삼겹 (단품,실내)",느티나무 셀프BBQ_스프라이트 (단체),느티나무 셀프BBQ_신라면,느티나무 셀프BBQ_쌈야채세트,느티나무 셀프BBQ_쌈장,느티나무 셀프BBQ_육개장 사발면,느티나무 셀프BBQ_일회용 소주컵,느티나무 셀프BBQ_일회용 종이컵,느티나무 셀프BBQ_잔디그늘집 대여료 (12인석),느티나무 셀프BBQ_잔디그늘집 대여료 (6인석),느티나무 셀프BBQ_잔디그늘집 의자 추가,느티나무 셀프BBQ_참이슬 (단체),느티나무 셀프BBQ_친환경 접시 14cm,느티나무 셀프BBQ_친환경 접시 23cm,느티나무 셀프BBQ_카스 병(단체),느티나무 셀프BBQ_콜라 (단체),느티나무 셀프BBQ_햇반,느티나무 셀프BBQ_허브솔트,담하_(단체) 공깃밥,담하_(단체) 생목살 김치전골 2.0,담하_(단체) 은이버섯 갈비탕,담하_(단체) 한우 우거지 국밥,담하_(단체) 황태해장국 3/27까지,담하_(정식) 된장찌개,담하_(정식) 물냉면 ,담하_(정식) 비빔냉면,담하_(후식) 된장찌개,담하_(후식) 물냉면,담하_(후식) 비빔냉면,담하_갑오징어 비빔밥,담하_갱시기,담하_공깃밥,담하_꼬막 비빔밥,담하_느린마을 막걸리,담하_담하 한우 불고기,담하_담하 한우 불고기 정식,담하_더덕 한우 지짐,담하_들깨 양지탕,담하_라면사리,담하_룸 이용료,담하_메밀면 사리,담하_명인안동소주,담하_명태회 비빔냉면,담하_문막 복분자 칵테일,담하_봉평메밀 물냉면,담하_생목살 김치찌개,담하_스프라이트,담하_은이버섯 갈비탕,담하_제로콜라,담하_참이슬,담하_처음처럼,담하_카스,담하_콜라,담하_테라,담하_하동 매실 칵테일,담하_한우 떡갈비 정식,담하_한우 미역국 정식,담하_한우 우거지 국밥,담하_한우 차돌박이 된장찌개,담하_황태해장국,라그로타_AUS (200g),라그로타_G-Charge(3),라그로타_Gls.Sileni,라그로타_Gls.미션 서드,라그로타_Open Food,라그로타_그릴드 비프 샐러드,라그로타_까르보나라,라그로타_모둠 해산물 플래터,라그로타_미션 서드 카베르네 쉬라,라그로타_버섯 크림 리조또,라그로타_빵 추가 (1인),라그로타_스프라이트,라그로타_시저 샐러드 ,라그로타_아메리카노,라그로타_알리오 에 올리오 ,라그로타_양갈비 (4ps),라그로타_자몽리치에이드,라그로타_제로콜라,라그로타_카스,라그로타_콜라,라그로타_하이네켄(생),라그로타_한우 (200g),라그로타_해산물 토마토 리조또,라그로타_해산물 토마토 스튜 파스타,라그로타_해산물 토마토 스파게티,"미라시아_(단체)브런치주중 36,000",미라시아_(오븐) 하와이안 쉬림프 피자,미라시아_(화덕) 불고기 페퍼로니 반반피자,미라시아_BBQ Platter,미라시아_BBQ 고기추가,미라시아_공깃밥,미라시아_글라스와인 (레드),미라시아_레인보우칵테일(알코올),미라시아_미라시아 브런치 (패키지),미라시아_버드와이저(무제한),미라시아_보일링 랍스타 플래터,미라시아_보일링 랍스타 플래터(덜매운맛),미라시아_브런치 2인 패키지 ,미라시아_브런치 4인 패키지 ,미라시아_브런치(대인) 주말,미라시아_브런치(대인) 주중,미라시아_브런치(어린이),미라시아_쉬림프 투움바 파스타,미라시아_스텔라(무제한),미라시아_스프라이트,미라시아_애플망고 에이드,미라시아_얼그레이 하이볼,미라시아_오븐구이 윙과 킬바사소세지,미라시아_유자 하이볼,미라시아_잭 애플 토닉,미라시아_칠리 치즈 프라이,미라시아_코카콜라,미라시아_코카콜라(제로),미라시아_콥 샐러드,미라시아_파스타면 추가(150g),미라시아_핑크레몬에이드,연회장_Cass Beer,연회장_Conference L1,연회장_Conference L2,연회장_Conference L3,연회장_Conference M1,연회장_Conference M8,연회장_Conference M9,연회장_Convention Hall,연회장_Cookie Platter,연회장_Grand Ballroom,연회장_OPUS 2,연회장_Regular Coffee,연회장_골뱅이무침,연회장_공깃밥,연회장_돈목살 김치찌개 (밥포함),연회장_로제 치즈떡볶이,연회장_마라샹궈,연회장_매콤 무뼈닭발&계란찜,연회장_모둠 돈육구이(3인),연회장_삼겹살추가 (200g),연회장_야채추가,연회장_왕갈비치킨,연회장_주먹밥 (2ea),카페테리아_공깃밥(추가),카페테리아_구슬아이스크림,카페테리아_단체식 13000(신),카페테리아_단체식 18000(신),카페테리아_돼지고기 김치찌개,카페테리아_복숭아 아이스티,카페테리아_새우 볶음밥,카페테리아_새우튀김 우동,카페테리아_샷 추가,카페테리아_수제 등심 돈까스,카페테리아_아메리카노(HOT),카페테리아_아메리카노(ICE),카페테리아_약 고추장 돌솥비빔밥,카페테리아_어린이 돈까스,카페테리아_오픈푸드,카페테리아_진사골 설렁탕,카페테리아_짜장면,카페테리아_짜장밥,카페테리아_짬뽕,카페테리아_짬뽕밥,카페테리아_치즈돈까스,카페테리아_카페라떼(HOT),카페테리아_카페라떼(ICE),카페테리아_한상 삼겹구이 정식(2인) 소요시간 약 15~20분,포레스트릿_꼬치어묵,포레스트릿_떡볶이,포레스트릿_복숭아 아이스티,포레스트릿_생수,포레스트릿_스프라이트,포레스트릿_아메리카노(HOT),포레스트릿_아메리카노(ICE),포레스트릿_치즈 핫도그,포레스트릿_카페라떼(HOT),포레스트릿_카페라떼(ICE),포레스트릿_코카콜라,포레스트릿_페스츄리 소시지,화담숲주막_느린마을 막걸리,화담숲주막_단호박 식혜 ,화담숲주막_병천순대,화담숲주막_스프라이트,화담숲주막_참살이 막걸리,화담숲주막_찹쌀식혜,화담숲주막_콜라,화담숲주막_해물파전,화담숲카페_메밀미숫가루,화담숲카페_아메리카노 HOT,화담숲카페_아메리카노 ICE,화담숲카페_카페라떼 ICE,화담숲카페_현미뻥스크림
TEST_00+1일,10.204018804096163,4.611302909178281,6.673751763324544,4.100758330622964,1.0,1.2495810326633157,1.0,2.7031834202850136,2.216631708592862,1.0,1.0,1.0,1.0,4.476014173781205,12.29509234286121,1.0762763540763458,1.0,1.0,1.7408867608567722,8.698514912355511,1.0,1.6158732085970566,1.0,1.0,25.992248472157172,4.224176259117839,2.627307068094722,5.6842639180761605,7.626361409817933,2.440146927312115,2.1481568532406095,1.858577049764485,2.7759202638524365,1.5751038377264244,1.0,1.0,23.17285493949237,1.0,1.1677208031374595,22.476255629650748,9.73615297179061,1.3725526252626448,1.0,2.064830915179591,1.0,1.4428632592688122,1.0,4.190147387464329,1.0,2.133023556682447,8.985885225921193,1.0,5.0185007707764715,1.0,1.2708042495276766,1.0,1.5201420345134165,1.0,1.0,1.0,6.239970166702734,7.374377643528176,10.320681584934997,8.159732097052416,8.615728314099824,2.3396337503157065,1.0,1.0,1.5300566860981721,5.9919279071012,1.4383550331714179,3.596511852645375,1.0,1.2896575331823315,3.2245093323436116,1.0,1.0,1.3904953706046692,1.0,3.3670241795699893,2.3441539642480715,1.0,1.0,1.0,1.2991789053537506,2.4705002825673796,1.2721501887222244,1.0,2.2824450876905047,3.874944532779602,1.0,1.0,2.555535834311642,6.418656080671735,1.0,1.0,1.0,1.0,14.672445944060083,5.285175798066807,1.199386145181956,1.0,5.272676745751813,1.0,170.87245973883978,44.27320811381887,33.6823683259886,2.1792951412513677,3.8202583776574843,1.0,2.156562176174468,1.0,1.093516590594088,1.0,1.0,1.0,1.0,1.2373522469542437,1.7772466008798216,1.0,1.0,8.244572894129643,1.0,1.0,1,1.0,1.0,1.0,1.0,2.482038519019392,1.11213984109295,1.0,1.0,1.1705088076497308,1.0,1.7172981487180996,1.0,1.0,1.0,2.6779438545498184,1.1402375486293799,1.0,1.9214109669847739,1.0,5.498573508631319,1.0,30.744440308080904,1.0,13.732518660074874,1.0,7.436142129777577,1.0,1.0,15.888499919821648,1.0,1.0,19.969740489873843,5.501279626903537,1.3560627267224061,1.0,7.967399644126244,1.0,4.946169906774444,2.0165488310445667,5.4643880191085685,1.0,1.0,5.33352604644668,1.0,1.1071356130939871,1.0,12.5490113768025,1.4298324181087911,1.0,8.03378906671351,1.0,1.0,2.2378902852690565,2.3310970774693818,1.0,25.809803155413135,8.815678268705625,22.815993493431627,7.753754280886684,21.94827215631284,20.84042477687035,8.522356961017179,67.95883560958046,39.01463905810951,3.569947096402422,41.308723314945965,12.306794718572085,23.310807462086892
TEST_00+2일,2.8574542309809825,19.842212596824755,1.9732197059328458,1.301884316121426,1.0,1.0,4.408362935814103,1.0,1.0484995185131383,1.0,1.0,1.0,1.0,1.659705362475427,5.041771711610113,1.0,27.447501143774158,1.0,1.0,18.268598765182503,2.555677465179077,1.0,1.0,1.4649821486555714,4.024658972866259,10.807601669008626,4.360265731937822,7.70042968514709,4.563375773340606,2.0622066017549048,1.2688713048088223,1.2615458468985763,1.4818391439015648,1.0,1.0,1.0,13.524953131492516,1.0,1.0,9.83308907405553,5.204363736467032,1.0,1.0,1.1891333529586734,1.0,1.0,1.0,2.6351617067490127,1.0,1.146087127417117,5.9597049799565855,1.0,3.7259374705659996,1.0,1.08347199251026,1.0,1.0,1.0,1.0,1.0,4.069751294377989,3.1017880932672623,4.855686199359283,5.6600858361617705,3.0868339886958154,1.3596861462187972,1.0,1.0,1.0,9.12166541314334,1.0,1.0698190661706792,1.0,1.0,1.240629143935802,1.0,1.0,1.0,1.0,1.610289861798916,1.2230572022038166,1.0,1.0,1.0,1.0,1.0,1.0,1.0,1.0,1.4376938037833715,43.8544516810026,1.0,1.0,2.3511705829818745,1.0,1.0,1.0,1.0,15.196275260806573,1.848880904347836,1.0,1.0,5.426643530630939,1.0,40.883979043460045,59.54232484853654,16.828427953494284,1.266245229705228,1.9038507971143117,1.0,1.1923511703531058,1.0,1.0,1.0,1.0,1.0,1.0,1.0,1.0,1.0,1.0,10.49304455065161,1.0,1.0,1,1.0,1.0,1.0,1.0,1.842085328280386,1.0,1.0,1.0,1.0,1.0,1.0,1.0,1.0,1.0,1.0,1.0,1.0,1.0,1.0,2.9860261371559416,1.0,44.42126024897364,18.272179060687463,4.330825672310358,1.0,2.7632864773076484,1.0,1.0,7.202867977087245,1.0,1.0,10.050454769296058,1.9986483576783989,6.638322071978123,1.0,4.269148895538709,1.0,2.568466460697969,1.1640047953094677,3.2922865969927413,1.0,1.0,3.8884415302958457,1.0,1.5922271897412514,1.0,1.985757300785548,1.0,1.0,1.567738227611441,1.0,1.0,1.0,1.0,1.0,4.657653607988584,1.7014811497222593,5.621772560556987,1.2699783895096897,5.111520161071827,4.720328368777312,1.3970348981182132,1.5471627311948608,3.6749501984283146,2.9453697145701323,3.011754287656608,5.659616835671497,4.392722498655507
TEST_00+3일,3.9507473653855687,28.812142523391124,2.6644717532334186,2.678144939997998,1.0,1.0,7.277368157686114,1.2536283157619554,1.2839898530418434,1.0,1.0,1.0,1.0,2.0393473896511045,9.832768572142566,1.0,4.457711639835534,1.0,1.0,15.72888587739983,7.424313328291766,1.0,1.0,1.0,31.7114871564047,12.855445125838525,7.221215250449316,27.63934931836852,4.63384610413525,2.356302999681442,1.5218933421918992,1.69853590387967,1.4121555576773526,1.0,1.0,1.0,16.880393514188302,1.0,1.0,8.64288636700978,5.852278874306859,1.0600088945064323,1.0,1.3939427624534253,1.0,1.0478821855986231,1.0,2.403359250441116,1.0,1.1672418719386268,6.212497224198083,1.0,3.175075761304105,1.0,1.293189291887284,1.0,1.0,1.0,1.0,1.0,4.185408830085164,3.7260746959535114,5.235243556665949,5.189367991005653,2.9997373824409292,1.1984226138461014,1.0,1.0,1.01098424491137,8.370159186637352,1.0,1.6097233512187143,1.0,1.0,1.897036598346866,1.0,1.0,1.0,1.0,2.224505274378695,1.6522288568561456,1.0,1.0,1.0,1.0,1.2623059564221757,1.0,1.0,1.194072571401742,2.300930899987825,46.05895799646426,1.0,1.1541388911127268,2.7887703301754656,1.0,1.291832137267013,1.0,1.0,12.31858645606406,2.360221789370149,1.0,1.0,3.474493842331147,1.0,14.62442601851165,49.07273461691161,15.948983543568874,1.2592447582513713,1.9317003335640932,1.0,1.1985306136272416,1.0,1.0,1.0,1.0,1.0,1.0,1.0,1.0891181883301408,1.0,1.0,20.69351805342495,1.0,1.0,1,1.0,1.0,1.0,1.0,2.10375222258434,1.0,1.0,20.968403969697995,1.0,1.0,1.0,1.0,1.0,1.0,1.2175345078627267,1.0,1.0,1.0,1.0,2.935794858671858,1.0,60.39808306113939,2.3144740380850077,4.79087567891073,1.0,3.049519814860086,1.0,1.0,6.879576852286078,1.0,1.0,10.96523703023772,2.261084413963627,8.525481257004323,1.0,3.949665442673065,2.333582806322801,3.008257483635046,1.2355202913641805,3.308986532344907,1.0,1.0,3.51875246583265,1.0,1.0,1.0,1.0,1.0,1.0,3.0151408450328936,1.0,1.0,1.0,1.0,1.0,7.725637618789568,3.9488610948525062,8.898229240087971,2.7594389997152926,7.252210871287792,9.359739603810478,3.2237378232173266,22.049953271661565,24.58955717980006,4.375512674973504,18.100176553697658,5.1142406351249345,8.496835902504916
TEST_00+4일,3.5650711342676034,24.444416242194254,2.456981287639929,2.032017509548462,1.0,1.0,10.652322046276154,1.6438856124046708,1.4604475257858456,1.0,1.0,1.0,1.0,2.5638770278557286,11.320456533261233,1.0,22.12749730114363,1.0,1.0,25.751319339884688,4.787627083289485,1.0,1.0,4.178002005978877,10.363983672376982,8.923152427159797,6.04076828593696,18.88097049754536,4.692568933235275,2.245368169784412,1.2621021345724954,1.5239135315071044,1.5827887853936573,1.0,1.0,1.0,14.979009587611461,1.0,1.0,9.243830233730991,5.980188291336235,1.1687482441219585,1.0,2.183497368847471,1.0,1.1045218581614626,1.0,2.441385238042984,1.0,1.2810416158850568,5.764334711543779,1.0,2.755941346190945,1.0,1.6515397768516515,1.0,1.0,1.0,1.0,1.0,3.722474525067695,4.460449336103019,4.08381370805042,5.0488826791388,3.045821328609675,1.047701149190515,1.0,1.0,1.1165394062457217,10.896128903438196,1.001805344161925,1.8374797623089054,1.0,1.0,2.1836823479957808,1.0,1.0,1.0150272721705569,1.0,2.0660439719420887,1.1900330299854787,1.0,1.0,1.0,1.0516184390391905,1.3083936302297923,1.060858244575767,1.0,1.3083046133325382,2.2889688269920576,60.95392284692343,1.0,1.0533613754622875,3.3215133270881982,1.0,1.7618308404893583,1.0,1.0,14.06942308957729,2.4218583204453448,1.0,1.0,3.8672428943171395,1.0,36.76243880225739,53.86103962454919,11.460066363259802,1.4688726803679664,1.8454438828366029,1.0,1.3328622349484365,1.0,1.0,1.0,1.0,1.0,1.0,1.0,1.1200258328412802,1.0,1.0,37.82713577731217,1.0,1.0,1,1.0,1.0,1.0,1.0,2.39477790695406,1.0,1.0,53.08473860716839,1.0,1.0,1.4628791102250784,1.0,1.0,1.0,1.4977680860693465,1.0,1.0,1.0,1.0,3.2714550292648004,1.0,62.43908965914717,29.025549178961455,4.057383068728748,1.0,3.7540597823903266,1.0,1.0,6.532184120267347,1.0,1.0,9.838744857069317,2.6943746755846187,4.587985238534573,1.0,4.154557132235947,1.0,2.9893759813589424,1.2850791364971839,3.6715928382294725,1.0,1.0,3.508836226460752,1.0,9.562970413646388,1.0,1.8567500470829927,1.0,1.0,2.2324101051344156,1.0,1.0,1.0318711451300315,1.0,1.0,8.343222935962654,4.361760436536796,8.325430257138171,3.1660773336040573,7.1753532209589395,8.287626685064557,3.702449168396287,19.18291502620434,9.856036197441679,4.518543640684998,22.395672059679796,8.766008157447772,10.861554811691235
TEST_00+5일,6.158550622881011,104.76052826478247,4.095364647247321,2.747118353102235,1.0,1.085886165192188,32.056361390731254,2.7464963686079327,2.0878579411659426,1.0,1.0,1.0,1.0,3.7997566579048785,13.502503850222075,1.0,53.305452855214874,1.0,1.02327417456139,83.82370591196963,22.87728327932734,1.5561467336982644,1.0,7.990780761162372,20.122829008125514,23.877865768998053,10.222677715440577,49.58563020657218,5.108865433895206,2.74855387069214,1.2988078782357302,1.9462704542494533,1.9739008200470989,1.0227855519054043,1.0,1.0,22.698531243296777,1.0,1.2663178667827388,20.307669812477698,6.660361247327286,1.306391887021802,1.0,1.9121723859114403,1.0,1.0833511115110377,1.0,2.718797521494715,1.030285871125493,1.7786612642025934,6.916919302745797,1.0,3.945100783648618,1.0,2.1486900898875154,1.0,1.1184305049579617,1.0,1.0,1.0,3.9825715513541105,4.489311238479546,4.036703876620125,6.181984777093361,4.532104848595405,1.4990267864773488,1.0,1.0,1.1783101652169998,15.955342828281132,1.3343421240698143,2.683666819696384,1.0,1.0,2.9320689567339207,1.0,1.0,1.0975845218694666,1.0,2.5371921608372294,1.342613881465092,1.0,1.0,1.0,1.420572557989126,1.6238314106025094,1.2855302206585622,1.0,1.611439223006374,2.8955069724368627,61.892063352731554,1.0,1.410389590582919,4.206093985423558,1.0,4.1434277671688875,1.0,1.0,15.287013856957195,2.67027535147031,1.0,1.0,3.9671953289949715,1.0,69.65096805500525,46.33492538689575,12.056374803186497,1.8369953288623224,2.1811078951951606,1.0,1.5044018790119866,1.0,1.1512310095448766,1.0,1.0,1.0,1.0,1.0,1.2547179214571922,1.0,1.0,23.62672499813887,1.0,1.0,1,1.0,1.0,1.0,1.0,3.558010724416862,1.0,1.0,32.00782317107773,1.0,1.0,1.7585727333526646,1.0,1.0,1.0,2.7793972165438525,1.0,1.0,1.1250021976999194,1.0,3.025218181684205,1.0,86.98736344705027,60.489046968917805,5.61778452989182,1.0,4.005501831478352,1.0,1.0,6.664067660250906,1.0,1.0,7.653583057605287,3.2942576501675296,8.082203057450032,1.0,4.594430951491624,1.0,3.766634118947612,1.173955773376747,3.7898077487299053,1.0,1.0,4.4507540415714475,1.0,1.0,1.0,1.7443154368658809,1.0,5.8830275658649365,2.392240608147594,1.0,1.0,1.0,1.0,1.0,11.180780338138648,4.978593695177749,9.542282396122474,4.163538150455017,7.661500591914754,7.542239060599254,4.949350130917254,29.696121689713713,20.451919090154618,4.133960406363897,27.152608940685973,11.819801688174373,13.478097270956525
TEST_00+6일,9.311785858383255,123.73363435559494,6.479300586698531,4.582638934701278,1.2536587448117418,1.7986398363605194,23.015620440575283,5.610583062494511,3.1693291184663757,1.2479754866540593,1.463774998920339,1.0,1.3983504314245132,5.629237161644821,26.841379756554137,1.7024323528855796,36.706801829506254,1.2331737062739663,1.7275366812261033,97.25731920925669,13.753898107499584,2.0959148523780105,1.0,1.6301469884611004,90.6363061135319,16.840635630692024,13.762572710731057,68.15688860102074,6.4318939342978165,3.836809230615985,1.9830501446091118,2.7145791349626935,2.923228785366037,1.7851128845341306,1.0,1.0,30.325777077814703,1.0,1.7909193922180628,22.660801026576294,8.625366653271998,2.099898843399956,1.0,3.2372415775127887,1.0144956293922434,1.7823551200515761,1.0,3.938430469973202,1.5095226855400332,2.710672310872577,8.746876698775155,1.070652359983635,5.344311781897166,1.0,2.8514485815001622,1.0,1.755443940579989,1.0,1.3011529560925892,1.3447899578816793,6.071962485571547,9.017605204472275,5.464729589106618,6.736881319562931,7.091142633862878,2.295857058914567,1.0,1.0,2.219844587193523,9.242387962772884,2.0962414589772647,4.395740279273755,1.0,1.5326320672741727,4.271340921811421,1.30506454733482,1.0,1.7946677842038432,1.493427184431485,3.095152088060982,3.022988383754428,1.2970433641234083,1.0,1.4768708799700176,2.2295415249715274,2.509555589062864,1.8430794420092904,1.3702604117788828,2.2978144050633715,4.1539951011171965,36.09695154539347,1.2380425075620645,2.8842264580316193,6.069565899032616,1.2580015276535321,3.5066795613375463,1.0,1.0,18.2661591689416,4.610290181146315,1.6778702462722823,1.0,6.402157308641212,1.0231371824115096,101.6074517581616,56.36043543791927,17.291268830910425,2.5105813306461324,3.176449446714082,1.3586194114416499,2.218724940763193,1.0,1.6806627712234805,1.0,1.0,1.2441931620017805,1.1234801489587163,1.5212257271790741,2.0392931107420944,1.4306922917703062,1.0,19.88878246942883,1.0,1.0,1,1.0091121862321346,1.0273980441305162,1.0316977528363893,1.2660521742512902,4.585790188075375,1.3455856291390635,1.0,36.495296629339215,2.0195733211359124,1.2047172116652818,3.5842810197350823,1.6757739164172523,1.0,1.6660231297157342,5.627204220351039,1.6652525312210642,1.1153446378919603,2.9780140036214746,1.0,3.2991924936681256,1.0,159.84307693875425,91.8515656796446,7.807994598408678,1.0,5.30194713544444,1.0,1.0,9.244959744008948,1.0,1.0,10.644434957071246,4.300663827872537,5.68262454841907,1.0,5.213099722706362,1.3578897813225406,3.101657312268404,2.2475836872894575,3.9857530270821933,1.0,1.0,6.567746378016465,1.0,9.980789803554233,1.0,2.685718378847861,1.0,1.0,4.2388944659669345,1.0,1.0,1.558116363920619,1.0,2.6328590778839764,13.725271044861582,6.867260742205843,12.571543671006363,5.573890004354973,11.702967592957883,11.876531930652323,6.896661698761472,29.679669919094735,19.564200302225846,4.0257537195109885,24.359946083725212,10.677778748051963,16.547657069970313
TEST_00+7일,12.93216534157084,8.821573355504793,10.238212134840186,8.008692569743767,1.3703386265978423,2.2824278803371563,12.82157106008977,5.95025905250465,3.799247982453353,2.176460768087276,1.5263132603508676,1.1598579981136603,1.7309039665369634,7.258099953182056,34.205749982534066,3.349242437093962,16.438938904653185,1.567530016291927,2.8260734463986723,38.556067287562655,2.201138799796311,3.241080621849635,1.3005970090064323,1.0,75.63993125399185,17.430710918425703,3.532689197562015,10.754565383887513,7.007045905561933,4.095751066424756,2.6782850822992765,2.508178317801589,4.068968775180881,2.890665929870532,1.0672932960796637,1.0,45.165439817348734,1.0,1.991912865484559,30.50571658227602,9.788100080161879,3.0939120199867984,1.0,4.505099293156933,1.470987622525018,2.4688908300181094,1.1193540661963737,5.581345162456173,1.5551338942391122,4.3427120362857226,12.31217737332041,1.4353905556764015,6.210790244722647,1.1193540661963737,2.7816502161849397,1.4003697603377616,3.73389203001744,1.0,1.9907941084662524,1.7999111370248517,7.5814888432666,11.40088280047759,15.506736982532003,7.443603351574605,11.582428834283991,3.8651061447243977,1.2375694610882086,1.419124719444207,2.8389938645210835,5.572238075362386,2.6333070691396028,6.421903312966126,1.0,2.4645087103402625,5.499856207511398,1.4278861575475255,1.2456947066593451,2.5236982545633975,1.5758273838408823,4.8544422544365755,4.491155663309603,1.5158812781231115,1.1019962527561469,1.6324433251595054,2.541998324826957,3.8900333196352106,2.2803195647850387,2.1099212297441174,4.10371419873626,5.2667717083002845,1.0,1.6368390034400466,4.090084739692161,9.382222056554133,1.5008571692287516,1.0,1.0,1.5377396767036275,16.81641344774082,8.292461916329318,2.7307070191670686,1.0,6.691166882390566,1.0,179.81425610334796,5.142498126434209,32.69369994846344,3.399559095227716,4.737270968093681,1.5738746018984235,3.9771261340439086,1.4048554537858375,2.347077684864101,1.370479786213816,1.001475582342176,1.6338505507023344,1.6366626117059637,2.395334208110477,2.852308399019231,2.077682865524452,1.0,9.421216999531872,1.150922951045922,1.150922951045922,1,1.0865004032286918,1.128673788848809,1.0,1.3463018290340645,4.469524898490926,1.7831550835553533,1.0,23.230366137288875,3.0562475138472776,1.9727927832764596,4.718633100457083,2.4926251024295123,1.0,2.3212322327187858,9.017485560198189,2.8002959391542586,1.9228785644097397,4.461599368805489,1.0,5.396169348654974,1.0,62.86003105985142,29.68618699296941,12.202786222985162,1.0,9.565587945006857,1.0,1.0,15.188386960774142,1.0,1.0,25.10739445470002,8.31221848832898,1.6292529301262675,1.0,8.431299430036201,1.5310424318462657,4.731853678285691,2.8034592154493465,8.26168301090734,1.0,1.0,9.54071573310528,1.0,24.896890634837998,1.0,10.521634908796948,1.7876833677930186,2.751661916879715,10.04823281764352,1.0,2.751661916879715,3.4755956961938197,3.7053070053057864,3.4918250234243704,24.103136815831377,11.314097356941538,22.051769286057226,9.597970400751622,22.440038710495703,23.005383158980887,12.29337070754367,64.84425605078425,33.78757325350336,8.983306607172214,41.00948037667389,16.634499335215025,29.057931082064293
TEST_01+1일,7.178588808010662,1.8634462843907935,10.563768200251808,3.867934908412466,1.0,1.595182317771764,1.0,2.111227572169928,3.464003014449513,1.0,1.0,1.0,1.0,5.202880219511522,15.854763242703203,1.2570763816998758,1.0,1.0,1.5251788390651164,1.0,1.0,1.0,1.0,1.0,1.0,3.2170780935000565,3.0010513597720223,4.305211846583808,5.237856157906005,5.086447632844682,2.046981217067453,7.093724718397217,4.35118553875605,1.759841093475274,1.0,1.0,44.752680567292714,1.0,1.591825451084029,39.637745318314245,12.67060544097855,1.3645383181457773,1.0,1.0,1.0,2.785052357461286,1.0,5.426407446739631,1.2086808363968187,4.95587218258486,10.36883327538158,1.5703420523375689,4.685772409676873,1.0,2.6748773494995186,1.2147520565936658,2.256578380798494,1.0619766232434102,1.1984717931030742,1.3010899539544662,13.901830099675653,7.986377217523374,10.70243849764859,10.187381576340387,7.588503979738098,1.9038145558049409,1.0,1.8131567004567626,3.4449674855584362,1.0,1.429009833330879,1.0,1.0,1.0,3.3168900203185174,1.3844833389808724,1.0,1.3116176074830899,1.0,2.5221716952396447,2.717708554961414,1.4234709979177684,1.224825411712403,1.4983667886456176,1.0,1.7997105972250813,1.7671921996933144,1.445410887413829,1.5342276955868253,3.852462114326053,13.349409119895011,1.3572096274739982,4.555336054888839,11.156407812024215,1.0,1.0367040269463617,1.0,1.0,28.88258524208701,6.990786498771006,1.4552158981634735,1.0944164863467956,8.871734052303744,1.0,80.10565712492546,1.028835653197877,48.39776453571916,4.787799966200345,4.988070469831635,1.0,4.057868628468808,1.0,1.7495550346180586,1.0,1.0,1.1236135951136206,2.588981272901378,1.6780618994470924,2.0854112900542052,1.7659526300236372,1.0,1.0,1.0,1.0,1,1.0,1.0,1.0,1.0,1.3667973685198094,1.0,1.0,5.90913397569477,4.184427646701926,4.162844655765152,4.231731752293161,2.9366713201118615,1.1384884583624886,2.136348919183702,9.225664201494043,1.1741032947668237,1.0,6.1839755974482635,2.083496077156065,6.570893115045804,1.0,180.95449170208929,44.373517561989715,12.114725348010591,1.0,10.03302308271375,1.0,1.0,23.210204881120777,1.0,1.0,15.930339691128658,6.9862584555074125,1.0,1.0,16.89136573691144,1.4431776225356914,7.634780508415802,3.4453398085025353,14.26742692136385,1.0,1.0,17.59513181053835,1.0,3.304690530643289,1.0,13.792873754307266,2.774781230435683,1.0,5.269621458097056,1.0,1.0,2.3724845867416193,2.909712780793843,1.0,11.177954746105843,11.406738510995051,12.626323217381776,5.131997728599921,14.373615341252107,10.480853284892206,5.767113282898153,56.94083190988969,34.58889833098707,2.7035849787381663,37.893443058254384,7.441304461837895,29.2956174652182
TEST_01+2일,2.5220717111958164,2.6074221086109177,5.456122222236919,1.5164341541269606,1.0,1.0,1.3546405075495664,1.0,1.5822825634591342,1.0,1.0,1.0,1.0,2.7939560378033934,10.817060303204194,1.0,2.724644433547251,1.0,1.0,4.956047667096942,2.323907499138672,1.0,1.0,1.0,11.851252797876578,14.226012399962764,6.4256366620768,29.74844591662671,2.5648732928906988,2.6411609895891117,1.4381091003627446,4.843321632419971,3.0316578918982997,1.0,1.0,1.0,29.834621824809105,1.0,1.0,32.33365642396704,7.290890747465413,1.0,1.0,1.0,1.0,1.8963688734674795,1.0,2.8716180233448787,1.0,3.4609623775212937,7.383715129258436,1.0,3.2294597152086766,1.0,2.2625570107435875,1.0,1.5370979933399211,1.0,1.0,1.0,7.651366912597075,4.301505533144854,7.303983155333862,7.306833495820869,4.803995228150514,1.073560894033399,1.0,1.0,2.8499309614815425,1.0,1.0,1.0,1.0,1.0,1.7016789567959796,1.0,1.0,1.0,1.0,1.046289065021145,1.5474509141922383,1.0,1.0,1.0,1.0,1.0,1.0,1.0,1.0,2.114700871138717,20.112676512271282,1.0,2.5394785624708485,5.011916279245058,1.0,1.0,1.0,1.0,29.13071502651189,2.977385553546444,1.0,1.0,10.072241554897296,1.0,34.96186651071829,1.9040525358252691,38.62982947458656,2.3883913079588046,2.743305087223116,1.0,2.3908523301398734,1.0,1.0,1.0,1.0,1.0,1.924060595008931,1.0,1.0525377215074485,1.0,1.0,1.0,1.0,1.0,1,1.0,1.0,1.0,1.0,1.0,1.0,1.0,6.418436482335535,2.636294940480332,1.5853013971681413,2.827274951012079,1.0914114669489698,1.0,1.2534973577189283,5.308095674695995,1.0,1.0,4.432155235784266,1.0,5.028882616345351,1.0,25.033275182486058,27.586505851877284,6.3474069533314905,1.0,7.209514872119305,1.0,1.0,12.09929894667669,1.0,1.0,10.923482025287807,4.223094251756178,1.0,1.0,9.14173483509922,1.0,5.735745157850783,1.7705698022651957,6.823556161545491,1.0,1.0,11.310614896555126,1.0,1.1408468451571285,1.0,5.851371340235,1.1549593111264,1.0,4.080258602708193,1.0,1.0,1.0,1.0,1.0,3.0408080236844732,3.3535807418349695,4.567662971822752,1.96973199724437,6.012626577769394,4.39524418541767,2.8749217237781557,14.724596445405275,14.196295395297682,1.8363938634681023,15.149202628677786,2.28803671639621,13.753731060333836
TEST_01+3일,2.9683572563053646,8.767924493780852,4.839415884293618,1.756683171451459,1.0,1.0,3.130592266150119,1.0,1.9128722186558393,1.0,1.0,1.0,1.0,2.282672172563996,7.850118751015863,1.0,3.4701303564048835,1.0,1.0,8.133813587479716,3.7485553417879363,1.0,1.0,1.0,8.57391621154693,19.365198092824127,4.679254727309637,40.153345187858605,2.6318889751616803,2.39992751636426,1.681473771647738,4.2362381839037235,2.452061741281291,1.0218563690289535,1.0,1.0,22.00984251958284,1.0,1.0,22.27699096109581,8.256967968469494,1.684911036248466,1.0,1.0,1.0,1.6378460851974403,1.0,2.615742072834182,1.0,3.3286137790686126,6.580747980851186,1.0,3.923273123547501,1.0,2.2947170513129063,1.0,1.2831748284726645,1.0,1.0,1.0,7.9076268485975865,4.9246440822045665,7.83596211908182,6.994438255653484,4.131798353730423,1.290913263873385,1.0,1.060756730972241,2.713894019645292,1.0,1.0,1.0,1.0,1.0,1.9448669034756745,1.0,1.0,1.0,1.0,1.1575509862833928,1.6893997836360701,1.0,1.0,1.0,1.0,1.1077643329586406,1.0,1.0,1.0,2.1014136780602692,9.228676055202003,1.0,2.387799826970314,5.618191757725819,1.0,1.0,1.0,1.0,20.244619128796295,3.9560634452111723,1.0,1.0,11.26797363013087,1.0,31.709049820038498,1.1943763877672955,34.42251672839741,2.441989133541386,2.795081882918465,1.0,2.246408757457237,1.0,1.0,1.0,1.0,1.0,2.0187846536683836,1.0,1.0230744211931877,1.0,1.0,1.0,1.0,1.0,1,1.0,1.0,1.0,1.0,1.0,1.0,1.0,31.876979596996726,2.6488612298968004,1.9439653043628982,3.5664294019109395,1.2708653171203683,1.0,1.373252319412983,5.133941471891297,1.0,1.0,3.125611573402005,1.0618440617625031,4.978647867465212,1.0,74.54128240453228,48.444133031821536,7.825382591931145,1.0,6.439495768470368,1.0,1.0,10.553684354258973,1.0,1.0,11.835829652931,5.115921858615874,1.0,1.0,8.70402078875949,1.0,4.727106575695633,1.7991789213231313,5.668324883622816,1.0,1.0,10.253418820823283,1.0,1.2447868093604069,1.0,4.713467959078588,1.463063916619977,1.212089383735742,3.582275770738674,1.0,1.0,1.0,1.2985126769289685,1.0,5.873449858831235,4.100433547766954,6.239452767124905,3.0973727674960356,7.8970287319600985,5.804302885794223,2.5382184945755975,28.007886403943317,18.665010550102018,1.0,12.321126118747518,3.734361630591239,14.429483709753947
TEST_01+4일,3.0551368912719914,8.964898630526204,2.7123333705837345,1.7453451814968486,1.0,1.0,4.463079867890381,1.0,1.7880831037625433,1.0,1.0,1.0,1.0,2.814739978522753,11.323153110031328,1.0,9.90464121225471,1.0,1.0,9.44797018978732,5.562709508469605,1.0,1.0,1.0,14.38194937730379,17.681621655059935,12.605115781012806,31.35051874434064,2.2590961904084184,2.7654411956532186,1.654558660921646,3.5279281935537776,2.283583507277824,1.0,1.0,1.0,22.422026990638866,1.0,1.0,20.8604514259362,6.2515537274791715,1.0,1.0,1.0,1.0,1.6300011263062524,1.0,2.337991051099129,1.0,3.3257298992820576,6.405957188912481,1.0,2.922802777078163,1.0,1.941310704473519,1.0,1.3044193209919208,1.0,1.0,1.0,6.893891263949762,4.484902221209501,6.681667742894514,6.354135263974724,4.332002196466318,1.2004091762872466,1.0,1.0373807347699378,2.30513986448836,1.0,1.0,1.0,1.0,1.0,1.866930975164813,1.0,1.0,1.0,1.0,1.1873881140687992,1.7372106976074493,1.0,1.0,1.0,1.0,1.0,1.0,1.0,1.0,2.3339436444725443,1.0,1.0,2.1462062395876975,4.737120009031596,1.0,1.0,1.0,1.0,26.587810295155,5.193876687430199,1.0,1.0,14.001011528328988,1.0,2.9049037506716058,1.6375846709553445,24.33270861081417,2.2007511155480124,2.606592387270113,1.0,2.041444630225996,1.0,1.0,1.0,1.0,1.0,1.974119748208787,1.0,1.0,1.0,1.0,1.0,1.0,1.0,1,1.0,1.0,1.0,1.0,1.0,1.0,1.0,17.410013594845722,2.5306235545544586,1.7407998573929757,3.045043511829133,1.2194639166464505,1.0,1.265056934806748,4.649658027003854,1.0,1.0,3.2601001365318436,1.0224081534881895,4.476874987923177,1.0,92.18675395368065,90.00793400759484,6.921855656805658,1.0,4.975667269195468,1.0,1.0,8.255692019270692,1.0,1.0,14.293227538993538,4.535152192701096,1.0,1.0,7.501227674032428,1.0,3.9764634576444204,1.4805863443947578,3.8845621680763713,1.0,1.0,9.01267968640203,1.0,1.92160842106498,1.0,6.063684266864292,1.0,1.0,2.6697848706872973,1.0,1.0,1.0,1.0,1.0,4.485181507988009,2.9880290550734143,4.96471589557651,3.4647538313161776,6.426544791388537,5.646713194770846,2.4570902785234208,37.21513845709506,16.113693897464096,2.305882452417113,14.638017709021717,4.337106292287108,12.953397611140037
TEST_01+5일,3.2818485661691765,21.714521237827146,4.868282229755258,2.1923891184412447,1.0,1.0,12.353414991727645,1.3609257315703462,1.8713664121267652,1.0,1.0,1.0,1.0,3.2781980319697697,13.100070634248143,1.0,25.75866528448324,1.0,1.0,24.519605483437005,12.16502318656955,1.0,1.0,1.0,18.42415759569491,43.50867361150783,28.149431079278756,74.8170671130317,2.938639675381296,3.2434809752547578,1.968707522942865,4.090367668267161,2.8802019321914902,1.001093734818374,1.0,1.0,26.607190174054757,1.0,1.0,17.873097764605994,5.932177007888523,1.0,1.0,1.0,1.0,1.316500986336929,1.0,3.1443712344670613,1.0,4.043371966246424,8.052706717551821,1.0,3.062029041365771,1.0,1.9071464222284666,1.0,1.472506527704697,1.0,1.0,1.0,6.664877428878725,4.727644114846208,7.242785946663031,6.690689160181627,4.178467886663851,1.2793386193059326,1.0,1.0139426448716042,2.668740876262878,1.0,1.0,1.0,1.0,1.0,2.3730383528045045,1.0,1.0,1.192338234373077,1.0,1.4405083940691055,1.7106125106695513,1.0,1.0,1.0,1.0,1.1131319523464005,1.0,1.0,1.0,2.2445668313283926,27.69130208604245,1.0,2.490209706507982,6.258466913172146,1.0,1.0,1.0,1.0,23.756184293741534,4.415275577155904,1.0,1.0,10.260729051731829,1.0,15.138843573688902,2.4469845975137865,23.36513330684231,2.6376614996435572,3.2821067239792985,1.0,2.343180202369755,1.0,1.0,1.0,1.0,1.0,2.2851781903330686,1.0,1.086022627414302,1.0,1.0,1.0,1.0,1.0,1,1.0,1.0,1.0,1.0,2.296275286613757,1.0,1.0,33.657525108521,2.9331227975540566,1.78914216315502,2.7373611941690905,1.262737067182482,1.0,1.6791480073871647,6.124713068069248,1.0,1.0,3.1361037870638304,1.4633425267331825,5.990718347787507,1.0,99.89323321315192,110.55396195149828,6.740927023952406,1.0,5.100756633311215,1.0,1.0,12.496539628552245,1.0,1.0,11.470307961574964,4.655551612168039,1.0,1.0,8.135494267882054,1.0,4.604088520194068,1.2802689048573044,5.288224455605066,1.0,1.0,12.344512869372219,1.0,1.0,1.0,5.2769987800653695,1.0,1.0,2.7181861166780075,1.0,1.0,1.0,1.0,2.3674802161460207,6.9292529901214674,5.1010347732698404,7.056226780286018,1.5517941669336217,8.48294600233342,6.740138806819653,1.0,21.25669622366803,25.52367509510342,2.126678086355692,19.56543922849616,4.173696703082885,15.303672825748905
TEST_01+6일,5.329495139789336,15.1538754178748,8.016887342451206,3.398767491470368,1.0,1.8050468855552695,8.418442707580585,2.2682275691669394,2.905656995832406,1.0,1.624319177965815,1.0,1.0,5.464384753762628,18.392097997910138,1.3294427998275875,15.247071098092839,1.0,1.4252813645215345,15.378857821324466,8.91646468681931,1.210467236340059,1.0,1.0,14.553430853217519,39.70884892822932,14.504747072307703,60.628525111401316,3.167364296099414,4.977778716694617,2.3808801679264078,4.691064348044485,4.365330420159472,1.5416031589131973,1.0215514706414426,1.0,32.95869207970652,1.0,1.5484979379931474,24.982408526035172,9.567608904488353,1.0269961589194212,1.0,1.0,1.0,1.9919737733818765,1.0,4.271152996408363,1.0456408911652753,4.9656571120631945,9.043708007122412,1.449901807264538,3.240328814165493,1.0,2.545670320503278,1.489709850763409,2.1942505572590374,1.0399644919607598,1.1905641725659502,1.380079204858461,8.948853590738548,7.290878452077651,9.024909835976876,8.16079825630903,5.5951493977646205,2.6614389924655923,1.0,1.6633201470123367,3.68158261374608,1.0,1.6048448821325976,1.0,1.0,1.0,3.2560179889678196,1.2766604104389854,1.0,1.903797177895346,1.0,2.086639688758283,2.6486123668698562,1.4091951718142641,1.4770129320351226,1.8199233704261801,1.1885449460148942,1.9328694235870263,1.2650803633130407,1.2941863397448552,1.6155851971694848,3.5489132136625336,40.86628795499699,1.39948920515569,3.6822627976358238,9.359776290759017,1.0751773115203616,1.9381189740653997,1.0,1.0,36.00342125532946,8.701215246275686,1.4036606911150011,1.271493052571903,13.595557776656353,1.8789963230097566,30.864376954504138,1.2703146087561004,35.58961441138987,4.017960836263525,4.67914897116316,1.206131842540553,3.1246613133258627,1.0,1.7975395404217962,1.0,1.0,1.245284958995669,2.8574053612764745,1.5972889424719918,1.9590313197531808,1.6190406821706342,1.377187609734864,1.0,1.0,1.0,1,1.0,1.0,1.0,1.0,2.249309744309104,1.0,1.0,29.004105148179097,3.847540239816034,3.1588268960863464,3.6785565010897465,2.106571451566386,1.464796413043247,2.0821727237978167,7.172262832442137,1.3107392848300254,1.0,4.077688587385387,2.219505092652185,6.437762919353281,1.0,69.34355484374143,76.93133192988647,7.748749898442484,1.0,7.389014630786177,1.0,1.0,14.51945458486302,1.0,1.0,19.88604119456331,6.523030091947275,1.0,1.0,11.556845313181027,1.5716984889768248,5.988694270918474,2.450507358165552,8.789161914306355,1.0,1.0,10.93914865116162,1.0,1.0,1.0,8.030884347838539,1.92638633974101,1.0,3.4688215842847674,1.0,1.0,1.0,1.0,1.1962862643291856,10.672989300537203,8.496457824163558,11.640450616818688,4.188570713676125,11.988555674256641,10.784190586853121,3.7321384484370315,44.855435318072225,23.588834896411896,7.296568232279399,37.52316465782598,5.714722421161072,26.630177693254765
TEST_01+7일,8.529284515893416,1.7873343255505216,11.964986421502976,5.764252079066788,1.308765605972048,2.7237343344355125,1.0,3.665831974841411,4.957901245693865,1.2572260584693282,2.251596581664114,1.2445396537576139,1.2664849059665921,7.107079652207741,22.98839937444233,2.0613346019245626,1.292025564788752,1.0007755969997738,2.657005231857046,1.5244741493643976,1.0,1.9047120063038059,1.0,1.0,2.4057760387342455,23.273258001881352,2.422264792174016,26.613739899455563,6.536403528355086,6.630293383901304,2.7016130713746396,6.120320963352485,6.071044994468578,2.5397410923850465,1.2667509403090804,1.0,56.266022789217345,1.0,2.5540478079316675,28.641657934652518,15.624241331902681,2.392740914487459,1.0,1.0,1.1151868190627425,3.6156651422315984,1.0,6.0390081714574,1.7912915570859391,6.394093904097615,12.245712365552146,2.4747236897940907,5.661525384425223,1.3294171447549283,3.335744134355301,1.8982421317339915,4.116495070610412,1.8685701776044814,1.5730484192953347,2.4718584945197377,13.944566541643596,10.012108321887357,12.377544217722443,12.31334636678828,9.016201686289797,2.6920486716554013,1.279153951631102,2.5925402974966993,4.565719713184626,1.0,2.2089075927467747,1.370524472475827,1.5032160397183834,1.0,4.270383969958527,2.308676902164736,1.0,2.2985148274059,1.0,3.5938285730165336,3.0224282092562706,2.2686338029173827,2.1266375608616945,2.628425019425354,1.7646698205204197,2.939352020501858,2.116407041026027,2.21446582936703,2.704526170968777,5.205110179153796,25.49077340766522,2.2207172147656764,5.500036541126169,11.43476820828477,1.6733867503602937,1.0,1.1241750802855819,1.2433843698363631,19.069571670748953,10.634292314501895,2.4986950907373924,1.7620815699682473,11.33417864634455,1.2702140486092373,90.34367325887558,5.31797652359624,29.889822027530094,5.806830646698447,7.159225244581785,1.6096122021750854,4.797488062198756,1.0,2.877004846811062,1.0,1.2985063137138257,1.938341370544303,3.580986456518402,3.0026768171428397,3.4396533403543974,2.869349703073269,2.223949537656658,1.0,1.0,1.0,1,1.0,1.0,1.0,1.0,2.012106062572318,1.0,1.0,1.661141970998432,5.133305399234889,5.330999820351947,5.76941217920432,3.856217286623287,1.98227600738718,3.162864155287637,9.627351540115685,2.109178755805921,1.0,5.46162028320995,3.470472529323386,8.388308440845202,1.0,21.20233679863333,24.631377925615745,12.271632380837959,1.0,8.777369454005841,1.0,1.0,21.806263034356597,1.0,1.0,22.92056188923073,9.391106820270682,1.0,1.0,16.210338541425838,2.1316761021411175,9.99844012471215,3.950995984825587,11.930700326776776,1.0,1.0,16.251873401087884,1.0,4.401581271681403,1.0,18.970783095057094,3.329903804118671,1.0,7.017529597388723,2.1871234544519775,1.0,2.2623093627957536,3.363715608201269,2.202872128724376,14.848932006900547,13.15831465066573,15.863957471999647,10.202840893389189,16.177147428820156,14.819298476900538,10.425366486457992,51.22969283684489,42.70667991718571,16.43308952203491,41.24331165525793,9.746917573885955,32.44168504408423
TEST_02+1일,11.149759572407785,2.0103946156187584,12.20551624814007,4.147347668848402,1.779385582360446,1.618769534897973,7.085003043624905,1.0,5.954992238104627,1.0,2.2369091635888063,1.0,1.337424014801502,4.463598544956373,43.21265927400624,2.4222145244236515,4.3246896745002115,1.0745076100200317,1.1808363108450313,2.0289275976157173,1.9791375972842788,1.4085224514221253,1.0,1.0,1.0,1.8317338787757491,3.1596197916479665,1.0,16.64905884734528,10.392950946341855,8.183835813398108,5.9750228193249795,2.881393554940076,2.381482370215993,1.0,5.361639946700923,53.007448817049706,10.053819230191353,2.442917818730108,36.426340950647166,26.56684927418345,2.176304050192157,1.0,2.1549488457891988,1.0,2.2062500501359605,1.0,4.679310449196761,1.0053209129895277,4.681744278160389,22.970357963313013,1.0,8.021400214110281,1.0,3.1094278327188576,1.7765242843139168,3.153594363480995,1.4254768400633742,1.0,1.0,16.09026274002852,18.443149751696936,21.328466485937735,23.536654599074495,31.64586451115734,2.76917152167308,1.0,1.8167364821689957,2.3715934288394735,1.0,2.2633740473615687,1.0,1.2632906073704824,1.0,2.87660393698157,2.9350965931049373,1.0,2.7439152725829175,1.0,3.847309210654797,4.113998353769823,1.0,1.5605339202140374,1.0,1.7360185949052784,1.1461685359332632,2.2728128075623575,2.3651766726424617,2.904143547844302,3.451072745501288,15.16793557037126,2.203234630593457,6.828867730690906,1.968261789210874,1.0,2.3472916409417257,1.0,1.0,18.086199105418928,13.368077455615659,1.0,1.0,8.35042899358772,1.0,234.80197389880772,1.0,54.032950034331336,7.631581517455134,13.266305016653238,2.127910246947234,5.133344701128839,1.0,2.5695637146894317,1.0,1.0,1.227528222555349,3.1264499803269814,1.9244600799487228,2.650908208787653,2.796385097352255,1.0,1.0,1.0,1.0,1,1.0,1.0,1.0,1.0,1.0,1.0,1.0,1.0,2.164061411224325,1.5539154407363864,4.351577290822485,2.03208529613001,1.0,1.0,4.478928440148132,1.0,1.0,4.200615851450658,1.0,9.641025252853325,1.0,27.979906994993836,22.75047404633883,11.669850087255961,1.0,7.571050799056151,1.0,1.0,22.003150746320657,1.0,1.0,24.749075243414033,5.531878945048739,1.0,1.0,13.891770269212447,2.5660894049492473,6.997105027211287,2.7009400345137027,11.949464328219939,1.0,1.0,16.08623452049806,5.954587165922698,7.906555094151107,1.0,21.74624738479538,5.34750913013338,2.1351430364937967,18.38089566598233,19.04964892051286,3.4401171473752035,3.0206459653775397,6.557896336244982,3.771103346502606,54.90160061599363,39.826940795713774,37.85145150067387,14.829260662232034,23.8411299546119,41.77260529615597,41.53202860456035,84.34041773812308,73.60246481689978,12.11145202805923,55.96262688200714,24.886304179342734,56.27707297191223
TEST_02+2일,6.633015624068116,1.0,9.279649235383035,2.973321714569722,1.0,1.0,9.338498775756136,1.0,3.306845879267267,1.0,1.360831592599554,1.0,1.0,2.9332096043838094,30.381847107329463,1.0556405612607196,16.027311952985617,1.0,1.0,2.718758764203551,10.219949555570466,1.3239154227976078,1.0,2.750061275392619,6.664601550422177,8.340572977208211,6.039690811348267,10.614905218547197,17.6001202439754,9.565483641288681,4.159955571666311,3.630395809792672,2.56583749992661,1.436295468560497,1.0,5.088486678085037,34.31659669064764,11.828114973888942,1.355093066362876,39.88803227750574,31.50139528646431,1.2710693383383673,1.0,1.2364888760474204,1.0,1.468197613819862,1.0,4.29961312039911,1.0,5.794403387454202,19.450758477597624,1.0,5.157490951981148,1.0,5.410798300317832,1.0702670917446468,6.060987553329133,1.0,1.0,1.0,19.166819280620057,18.075929993856676,21.159610665683633,16.819671154694323,17.420283398645218,1.7632983692212387,1.0,1.1013835687711333,1.3394610376446268,1.0,1.059474653681984,1.0,1.0,1.0,2.1414615130508623,1.3570827505435195,1.0,1.827722025237846,1.0,2.441964780547701,1.8848214991344032,1.0,1.0,1.0,1.0,1.0,1.306664469153142,1.3779312631930556,1.9184595321419566,2.957821978961754,27.351789161038432,1.5233006289435216,4.0321091444275705,1.0,1.0,4.053391684244691,1.0,1.0,24.622278869366724,12.371537605751419,1.0,1.0,6.143671802261344,2.99852095756679,143.92953512776126,28.78098895959198,38.10247099252921,5.617684847514809,7.410560730445381,1.505952834620369,5.0661739890889805,1.0,1.8832023786861272,1.0,1.0,1.0,1.973927466932984,1.207052532090895,2.124331178457658,1.5353450587225743,1.0,1.0,1.0,1.0,1,1.0,1.0,1.0,1.0,1.0,1.0,1.0,1.0,1.4414196709828047,1.0,2.7815754842721576,1.4875958750164906,1.0,1.0,2.2716548046654275,1.0,1.0,1.6662051889402218,1.0,7.601030476151496,1.0,28.442220228934122,30.14726801626324,7.40819116216872,1.0,7.229774163938927,1.0,1.0,15.793258875183504,1.0,1.0,23.60184242687386,6.258008508734127,1.0,1.0,11.74878422432485,7.987354960389493,6.4685433383475965,2.441943684459351,9.17717715105568,1.0,1.0,11.204151413177478,4.313434027124302,4.077800566163143,1.0,10.634354095069666,3.899754264506833,2.3290861878122304,11.395037951412041,3.165330100755871,5.217715427821439,1.670490933746881,3.534999704158438,2.3790620098518276,43.59205721745657,44.47213743420576,45.51331644202069,13.198452919425208,11.586631957144977,57.5278552940235,42.455073259006255,131.45143316497442,87.1468532698521,7.552129512789348,100.39473024101167,30.521589557583162,81.01469215102034
TEST_02+3일,5.992914020627213,22.108558184360017,6.447349664424854,2.3690760095494077,1.0,1.0,15.832117910779633,1.0,3.0016742710509434,1.0,1.3158207662304326,1.0,1.0,2.7604248073525404,22.33215898379624,1.125086050520851,33.422947000701186,1.0,1.0,10.731833642659474,15.823049855965685,1.0,1.0,1.8986186985195284,9.276258040205402,6.617177948815417,7.202840378310867,15.016521255552533,16.357759932692375,8.565020970115679,5.698038333338733,3.094817622950676,1.959520409780887,1.2248130981689478,1.0,5.766681616174226,21.78345831583021,6.467486763610479,1.3099199273766708,33.44721318841617,20.957335247031207,1.085358789631648,1.0,1.0,1.0,1.3775214758708967,1.0,3.2202470036356527,1.0,4.852488644303217,18.50717239098662,1.0,5.115942107526154,1.0,3.3095572256665546,1.0,3.4012643482230067,1.0092667350534297,1.0,1.0,13.802596812020488,14.933329620645118,15.048710463893066,20.61889987272712,30.751051077997552,1.3672291704804889,1.0,1.1398716552519508,1.4536748041604044,1.0,1.045948611829583,1.0,1.0,1.0,2.149021468606168,1.3948249390398855,1.0,1.8584395815230264,1.0,2.6107714524599754,1.8959861647743752,1.0,1.0,1.0,1.0,1.0,1.0,1.3997837387317915,2.153447590317899,2.4878130179308355,10.880282665441166,1.4257901873171364,3.523550325986165,1.0,1.0,1.792647202044952,1.0,1.0,15.340511685665154,10.56969602792955,1.0,1.0,3.3438080944572146,1.0,102.89670247727356,45.065516290239465,42.394539993325466,5.612719887050812,4.987985595744613,1.3930505480349098,3.7049907300443796,1.0,1.9471070624643536,1.0,1.0,1.0,2.004973825694858,1.1174845536854103,2.2065469678936678,1.2737608518183265,1.0,1.0,1.0,1.0,1,1.0,1.0,1.0,1.0,1.0,1.0,1.0,1.0,1.4067587032263345,1.0,2.13777967807241,1.4757423529771458,1.0,1.0,2.3454519470112607,1.0,1.0,1.7469216177747353,1.0,6.572599238766605,1.0,78.79694725861583,60.965187646215725,7.08321126324455,1.0,6.875079377624129,1.0,1.0,12.508532408179722,1.0,1.0,17.414002493491672,5.510485388346625,1.0,1.0,8.56980324049082,1.1596189994323842,5.747409763284318,1.775238698258575,7.3733112552312345,1.0,1.0,12.270480610876463,2.916552341064036,6.837965684544468,1.0,15.810261991846087,4.340923488094099,1.541473695651924,8.963220689060442,3.051472634367056,1.0998751750340108,1.2932244356120624,5.044197578301571,1.5051024856376825,45.9663477712952,22.234273563120574,51.502087953340464,10.918792787909915,12.816291397028813,54.41466922805722,14.766925248268343,175.211609379526,90.7255145845642,8.20067341881629,114.0032438275594,21.067140875128736,98.14936222004981
TEST_02+4일,4.897399597189343,45.763578402244434,6.1702342474722975,2.6847721828789917,1.0,1.0,24.616785396159248,1.0,2.6066369936056426,1.0,1.3485059688308798,1.0,1.0,2.537640533211861,16.729881107894624,1.0749466198193296,30.133046611339005,1.0,1.0,29.580776564033076,21.00629569231648,1.0005247152738366,1.0,2.915177693556608,13.809939992456414,13.539693581543894,5.924180399553364,15.315687435942468,7.079082268969572,6.025153635268981,2.982051187624208,2.4996193640256577,1.9994137904235836,1.4335042896952617,1.0,4.347090021914908,26.974574677626773,5.626802295965211,1.3249954560277664,28.119655159077602,19.96252852653249,1.458530230870706,1.0,1.0,1.0,1.3861749811403026,1.0,3.1258191758043035,1.0,4.4702315920572255,12.25578877733778,1.0,3.1866987709319465,1.0,5.188596674558694,1.0598889051617388,5.391717895229168,1.0,1.0,1.0,7.204145486965444,12.858656304495932,13.06965721856421,14.297213113391688,27.135085043857572,1.481981817722144,1.0,1.1792192107867356,1.5863376588065452,1.0,1.0388371723400815,1.0,1.0,1.0,2.338765228701331,1.6864091994347032,1.0,1.7628989001436364,1.0,2.4424775054908867,1.3700589594617107,1.0,1.0133581379511318,1.0,1.0,1.0,1.1383239027088659,1.5449055031243222,2.2431237243713587,2.652651803389364,1.0,1.435978485861505,3.28140321058199,1.0,1.0,2.3070353807488737,1.0,1.0,19.985167477137473,9.012149394564005,1.0,1.0,5.01323119725714,1.0,48.61421892627385,60.5700556376752,33.69609328068202,4.601739041410173,4.194717119576738,1.6333916568479288,3.4977801379872187,1.0,1.8752677797632358,1.0,1.0,1.0,2.0736836751250425,1.2544601389844983,2.3127716616513507,1.551042863277469,1.0,1.0,1.0,1.0,1,1.0,1.0,1.0,1.0,1.0,1.0,1.0,1.0,1.564891141007543,1.0108354877417676,1.6883331243102866,1.497386925634863,1.0,1.0,2.7957280306971937,1.0,1.0,1.3724957222982945,1.0,4.565607436587772,1.0,67.69854109342653,63.15850848848243,4.619283462148424,1.0,5.2042391980110025,1.0,1.0,11.841897344016658,1.0,1.0,15.180997068655865,4.039020389466341,1.0,1.0,6.617326489734895,1.0545789903818965,5.808425669259668,1.7295431769036211,4.650376283982515,1.0,1.0,6.208242826363051,3.532563984263871,5.879691113552916,1.0,12.358534248598572,2.179540413565131,1.0,6.896560088318164,1.4199522066067016,1.0,1.0381091545687153,2.240756455017583,1.0,25.523733946546937,17.339960570393565,39.62649427559606,3.36270315469271,11.418627082990099,31.332734874651194,12.502368075201234,244.60518040969853,63.84510983956597,5.494107628981461,77.60881128742554,20.882102462577627,51.569350969879046
TEST_02+5일,4.339056173714855,113.90558720196017,6.483953197068889,3.0466766259029026,1.0,1.0,47.81576473351065,1.0785983501322374,2.2775229394698204,1.0,1.0707098178050225,1.0,1.0,2.1720171994465467,29.840036628029573,1.0,86.02643810753631,1.0,1.0,100.95204868727846,40.918201692168374,1.0645845084092533,1.0,3.988631137901439,13.917446424610798,15.049379013641065,10.925206024542815,44.43764670286626,5.945511288237618,3.4290489591823023,6.560494958052209,4.255134193825835,2.300325647366091,2.032306319017075,1.0,4.281204972427441,26.63986233545267,6.089388074653109,1.3308201152459518,35.24904424632734,8.914309451270553,2.294950491688544,1.0,1.0441846088167093,1.0,1.2055802939910798,1.0,2.6489514094784736,1.0,3.2101563844132244,10.262069869481254,1.0,3.9951191791198406,1.0,4.513830489962334,1.15323698807646,4.707283433102118,1.0409341957344362,1.0,1.0,5.605175968035493,12.39109800615849,10.326009712099946,11.741627262749425,32.29688657263095,1.226292522046292,1.0,1.3020426552563436,1.6750282116399082,1.0,1.0,1.0,1.0,1.0,2.5690706542359556,1.9582727899489094,1.0,1.5826943008002643,1.0,2.1000507294286006,2.3572330581037937,1.0,1.090844172204093,1.0,1.005102448858947,1.1244601824897764,1.5181152399829358,1.3851046000442822,2.0668266065541103,2.3849570506316207,30.50495511884185,1.3441494423524276,5.006768078424573,1.1550087170975885,1.0,2.769480897005044,1.0,1.0,25.39325619039308,8.79122861156386,1.0,1.0,5.531837189785508,1.0,18.406212893178722,118.91182818449114,32.04614443181364,4.271237725335917,4.408813914767839,1.5848571744482607,3.6530199964994594,1.0,2.05182304455857,1.0,1.0,1.271043839528288,1.9736292363566883,1.3357558336775393,2.779067278392761,1.4077274536438178,1.0,1.0,1.0,1.0,1,1.0,1.0,1.0,1.0,1.0,1.0,1.0,1.0,1.770104285127863,1.3540328025869792,3.1023060449076736,1.4220195988128372,1.0215076561005965,1.0,3.4946376560435537,1.0,1.0,3.5668663396300992,1.0,5.842127649567056,1.0,112.88328510612928,83.17643114909482,5.688778624152212,1.0,4.486473427649298,1.0,1.0,12.224091729108121,1.0,1.0,11.997413604643771,3.229626439902627,1.0,1.0,6.758914906774607,1.0481104402754562,4.523176415394259,1.637343099959363,5.789086510616233,1.0,1.0,9.290145164231951,2.390813405590206,1.97706454281474,1.0,3.8229838699886463,2.403993384316351,1.0,4.426901228466225,2.6408908232656847,1.3661056109713243,1.0,2.1803867904797176,1.0,26.506627216244052,14.618147050842879,45.70022400897803,7.9275463899491125,13.171418919902894,38.05591765149919,12.269565627006312,168.73482691611107,41.506738640647704,7.535902940978282,33.24803748992945,13.276901030304934,38.678704614184674
TEST_02+6일,5.6245592021372435,110.90254705294026,9.301977359336142,4.053878337050219,1.5093657536995717,1.569828451655187,41.81636067434389,1.5235434797762657,3.594571221817291,1.2028512152360626,1.9746828924459077,1.0,1.3974569436374256,3.2401345931645933,53.44259094689387,1.4317436450981371,73.95510564236989,1.038070508107308,1.429661265939164,126.35847467592241,55.71209792583328,1.6800304755625164,1.0,3.358779883625698,16.092165090443004,12.73013928386408,15.775086462917717,59.04997990701972,6.735921005030221,5.696962528987605,7.6852148599652566,4.5254384811664154,2.965954320785726,2.622428902283159,1.0,10.684991923825587,34.46968166271737,7.318380277813187,1.8105371997925777,28.432611781570138,8.637249349554292,2.454732163427099,1.0,1.2711632091595741,1.0,1.9396404860259149,1.0,3.331517929762096,1.171502604338814,3.8237079190406154,10.08138641821553,1.0,8.037545852447288,1.0542658347855927,6.0939604342910885,1.810376029440444,9.037877434271612,1.219428261049544,1.0,1.2230830174726606,8.632247961351023,11.906959760788212,9.868379101284296,12.479820982401083,58.92492349353648,2.307640747424412,1.0475367823941382,1.685397902808948,2.275606036922093,1.0,1.3629392381969043,1.0,1.480106261756681,1.2482286167705314,2.813545395851686,2.5838382399512865,1.0,2.0368981534093336,1.0247609343468063,2.711510776519519,3.4099148190144333,1.250203754555265,1.5640778205579158,1.2903620463304808,1.7636625347646984,1.54121949735202,2.4674925873821913,1.8980255719567132,2.459244396332946,3.3491958682599328,30.206189835565887,1.8411949623298232,5.357638696962717,1.5049144889075703,1.0,6.684917195084779,1.1372005517705814,1.053658214095966,22.76031262182287,13.008495804279564,1.3796275197113217,1.0,7.6266253989280495,1.0,25.656056702256617,80.10609419345788,39.9937762828282,5.483683701267452,8.149058716601434,1.9036158867852624,4.328054628535125,1.0,3.2431970416381324,1.0174355900499703,1.139216490672104,1.7199732868430313,2.5797782766194475,1.826160314233923,3.18186183385633,1.8973796799060332,1.0,1.0,1.0,1.0,1,1.0,1.0,1.0,1.0,1.0,1.0,1.0,1.0,1.9223814499157845,1.7765987761436999,3.6705085751176347,1.802229073767105,1.6356067741366527,1.2301140062934248,4.753037525913832,1.1661543043779083,1.0833185639320724,3.120522832425986,1.4136412246367391,7.357412226965433,1.0,159.82562798979626,141.09423631672075,10.703646960307973,1.0,5.311436559487973,1.0,1.0,14.282602072205707,1.0,1.0,13.09188437538559,4.246008396402342,1.0,1.0,9.513606191550748,1.0667190741282004,5.400878730636938,2.3650939745326283,7.44161687676563,1.0,1.0,7.474731849642828,2.73171947376803,2.0147650130644417,1.0,2.7934366818950647,2.9986496416597865,2.161313529101773,5.253891118905727,3.5092837153981127,1.5733179123670957,1.2342615456577144,3.188451301375229,1.4191583437543525,33.79110037238774,16.12342258191233,38.91423002762894,10.234039941252895,12.885689438610154,30.612196047906785,8.290821059946598,194.745302029657,35.80556174734065,11.926031444262565,37.192774620983016,16.55305823846794,25.221661133217438
TEST_02+7일,11.066845465505764,37.4437567538293,13.341276241615656,6.454711888733482,2.6006979378563084,2.645491155852942,18.64679183213505,1.806456372731592,6.036288020324619,2.0595067876022695,3.1869289434361763,1.138636951727686,2.230255282365742,5.208161024904403,62.01699128082438,2.2356969983557344,31.960403083467376,1.7532365566266392,2.36686457441758,28.561862921428496,10.324678776300658,2.145342555759299,1.4735068133304692,1.3392322534962733,5.284171543652544,5.456079391904674,7.5132626008605605,26.913400909066326,18.647069745180843,7.869352707058191,8.351289769144541,6.824688153365993,3.995217150664065,3.1982817755896473,1.2076833502481226,4.5654176969820774,51.40407883373462,10.24355905344838,3.3841788290221984,47.51487062921655,32.28168835529367,2.8941066149826815,1.0,1.701204547563059,1.3592415769460868,3.1738073502095174,1.1222759663666828,4.901731918415511,1.7733405238621942,5.164574538490367,22.136161861781673,1.3547375252674199,9.550452692967477,1.5154546799213633,8.625517004738118,2.7321950810531783,8.742104004176852,2.0630996349674477,1.4536966135929204,1.4926506652979237,19.258641324309707,23.784118114582387,18.151455114531696,31.15070797073983,43.28581316837421,2.4403542029394867,1.5741769578152318,2.2519154815402027,3.4032431993626497,1.0,2.001430955646384,2.32697499170731,2.176550256261688,1.7954781430189977,4.087280864212161,4.070232027623211,1.3906730117351755,3.579725379440433,1.1732969770545894,4.320715533810743,4.201417845583703,1.9421303143595274,2.4457225458983136,1.9017248600544936,3.3306859645894527,2.087124945889485,3.9397871976574588,3.2807172888100995,3.9340802378388706,4.90618791373659,30.43901343126153,3.046121758495404,7.1051035490644505,2.2181215956664744,1.5240523865650273,3.0241045078817645,1.5789742232302595,1.552303167140789,9.587389029212702,13.755569730155957,1.4092488336986688,1.1784034217677697,9.261977969988644,1.0,167.92813871312228,16.1195370453258,28.931523474265802,9.025132664413873,13.579910583067466,2.922536191206772,6.561208597618787,1.0427252828683002,3.2708719951576404,1.2517637192811115,1.7695700103865377,1.6882454278963355,5.112576334024519,3.105514805990578,3.882964203545579,3.333262550364566,1.3103052632043604,1.0,1.0,1.1506227901409245,1,1.0,1.0,1.0,1.0,1.0,1.0,1.0,1.0,2.5936146676726244,2.7842191009116566,5.825887941638317,2.9557309715565037,1.4550748248576482,1.6327787071141264,6.5606408848437,1.6047775917426326,1.2137314855660541,4.609208416737317,1.4800382759986235,12.071600014851857,1.0,86.16625079142003,80.70508797003443,12.970421024604601,1.0,8.99043404550876,1.0,1.0,29.912644035866855,1.0,1.0,28.309503739196423,6.07355851802186,1.0,1.0,14.459352874060793,1.4080932421502002,8.657930982013525,3.554160001498154,12.515981837589376,1.0,1.0,18.365711651412905,12.70367718445386,9.552530970209311,1.0,14.64262716453591,6.395562327366774,4.75962253084511,7.153707212271199,3.9556495349050733,3.3356311041176783,3.9021533236818753,7.773306293439298,3.704926779919418,55.629675006352656,33.12277191291252,46.369390646578765,23.684683828662404,37.990479638002995,37.17574388351814,27.979188496988186,180.63204443436513,87.25334032018424,19.4038084289571,82.99116691575377,30.416609492028638,73.03920401448222
TEST_03+1일,5.5007470330396355,6.378779252366578,10.178257976063549,3.7240286378301484,1.0,2.0036966696734635,3.602936507059207,2.836879574706732,5.237435215447171,1.0,1.411525159319304,1.0,1.0,4.636796321009033,27.256931905538085,1.230197730905617,12.271284376034979,1.0,1.0,11.496255760026903,18.7736441356857,1.0546808186277985,1.0,1.0,9.263255797496944,34.30104664708459,4.131442449083447,5.511614318882099,14.5797709873154,8.236708150733511,9.928674933313747,7.423449700116844,2.081199206248689,1.0569035426407414,1.0,4.138611723180814,63.40615506427069,11.130232354432666,1.9744940421788524,39.661199586750534,23.741541561367065,2.0549855177656795,1.0,1.3673250918399023,1.0,1.6420003466209396,1.0,3.3238114353872574,1.0,1.7732894537207842,24.15011782488716,1.0449746575074,7.9894636042101475,1.0193399394167657,4.168206916221552,1.833750722373542,2.3577448045104346,1.0,1.0,1.0,13.085615828641602,11.447200965888275,25.737749232718375,16.90177255514312,14.449621589632654,2.695620298601148,1.0,1.640075218414998,3.2582207841292607,1.0,3.5473315835159567,1.0,1.7972101946773935,1.0,5.84094906790617,1.4972816632181316,1.0,3.74944435511405,1.0903508010611176,4.867070966554767,4.731880619021072,1.681940660291101,1.6276776171344378,2.2618234137775772,1.9110277154887378,1.0,3.0027931958145926,2.527402404970194,6.254299973309555,5.705205700089108,31.318446714066603,1.5977005444734809,5.278617619556789,7.166062862112569,1.0,1.1818691333864952,1.0,1.0764784696650946,21.023471723323258,8.338892620988045,2.2586313668006617,1.73939618026772,6.010891233975146,1.0,199.0404657358052,8.366084249929838,31.138885155094762,5.069788548888113,3.4278605194452787,1.0639664585412545,5.317643855445501,1.0,1.3553967109551623,1.0,1.7373862791302686,1.0,2.7892710397774483,1.6910298003154463,4.80628693526421,2.1496483269447046,1.0,14.390408803021206,1.0,1.0,1,1.0,1.0,1.0,1.0,3.2000852479894597,1.0,1.0,31.475645584560656,1.6971506950208948,1.2679800177203675,2.261053078321437,1.0,1.0,1.0,5.656201620071858,1.0,1.0,2.2194761839862522,1.0,8.233179807165936,1.0,18.462764545955174,1.0,13.659722877057424,1.0,14.32930368593243,1.0,1.0,34.18574105769804,1.0,3.378358364637093,35.5240320908415,9.491830570119314,3.8378789807033318,1.0,16.455379286652022,2.1598070310380755,8.503164479701141,4.433074212846967,12.341146022842196,1.0,2.1709774934250134,18.625860938480614,19.67526762080274,19.662968175634973,1.0,22.894628316722258,3.1250357345154227,9.963506234599063,35.58277947614305,21.423637649233523,5.226500876146906,5.095690935535269,6.875367084094415,5.3447014321986215,150.8261475632266,106.76596888638821,131.8684521416037,68.25766670264355,98.42769238349854,137.79165936728475,94.75650725804459,649.6289283427906,150.62504478915966,62.48664773431147,137.517573912064,36.76806731219095,198.09741861843895
TEST_03+2일,1.4564914591603426,16.815290596433048,4.344482892232439,1.2413646267061726,1.0,1.0,8.556242900014336,1.4736450570332003,1.9537509677020746,1.0,1.0,1.0,1.0,2.232821468967493,12.096596568368039,1.0,19.644053301477392,1.0,1.0,25.939776449384553,14.372606151174157,1.0,1.0,1.0,22.80008420407882,31.33435671981785,7.645898477985309,12.30944694192366,12.681774066090455,5.669740203261519,7.302268034140546,3.6004923325082325,1.0957341906968454,1.0,1.0,3.2374277995456646,35.31484783149019,7.995192665920294,1.247642515246813,26.321225739915114,19.23756189299725,1.0,1.0,1.0,1.0,1.0157043604533444,1.0,2.103391961471811,1.0,1.1041949783449478,12.526076600326789,1.0,6.717028651893395,1.0,2.2982440064496092,1.0,1.2033138791473796,1.0,1.0,1.0,8.66146120968673,8.256235597958472,22.2573781306834,14.113664024143256,10.496544069140185,1.9151387953161858,1.0,1.0,1.521830229827147,1.6845145993604533,1.8074259827679686,1.0,1.0,1.0,3.259680054638479,1.0,1.0,2.2611726084167385,1.0,2.683862420908594,3.1175932410124085,1.0,1.0,1.0,1.0,1.0,1.6945479061085162,1.9643901707569444,3.148601968541194,2.911383275111651,159.27668413184253,1.0,3.29183776183834,3.8956511973609107,1.0,1.0,1.0,1.0,21.779643467619515,3.0703802558122457,1.2803924388467707,1.1893362444134397,5.5473829010262135,1.0,20.87382031047453,99.07816042536214,29.896352877689388,2.9115752852021215,1.0528398701177484,1.0,2.85091664226638,1.0,1.0,1.0,1.0203559969740579,1.0,1.3328467463031606,1.076788389198018,3.1097812239602582,1.197849177829457,1.0,52.10887735482629,1.0,1.0,1,1.0,1.0,1.0,1.0,3.294148110642616,1.0,1.0,50.8210267995963,1.0,1.0,1.0,1.0,1.0,1.0,1.1367839341426804,1.0,1.0,1.7910920685312748,1.0,6.222570356138549,1.0,81.80789987286714,41.52356770074346,11.232895091452821,1.0,8.585071853038995,1.0,1.0,19.39273640692961,6.662316763430786,7.683553333854232,24.630461467842863,4.623626690705887,24.153419614315894,1.0,9.017681194777838,1.3454978715155468,5.803091495559949,3.0645647916418786,7.27853084557769,6.633841598063659,7.0670115341898425,13.116382249963717,8.737548276808086,7.854019560901927,1.0,5.6623447720584466,1.1205624054382206,8.45873601669894,12.60319862879562,9.369657838084494,3.4383311268464634,1.5298678470857054,1.97667259237535,3.022854716604454,128.87097281363455,69.8835097202375,112.33373357032943,29.803206524730648,84.5604788020748,108.75795089750493,72.34289116990105,602.8292639531592,118.08574262822927,82.89081717164093,116.81478286276345,13.075008308006032,128.1822290089513
TEST_03+3일,2.3715404111307814,31.48409906759875,4.567355396438859,1.5535130034459388,1.0,1.0588564844147528,22.101218807815542,1.4618455877248109,2.925740843832771,1.0,1.0,1.0,1.0,2.7177443922574946,11.301885071341188,1.0,62.98476462046442,1.0,1.0,68.56575198732766,11.362076933029861,1.0,1.0,4.562960377917726,30.933335252704115,15.91453065741264,11.728609281759713,42.16479126418753,9.9177320242298,4.8648906836378805,5.857174943084544,3.324547452477698,1.0063262506018895,1.0,1.0,2.7577744710379672,36.97422812354441,6.240019222374704,1.2836637949216274,23.213599034421332,13.988999017657996,1.3518731751138877,1.0,1.0,1.0,1.0831179160572113,1.0,1.978042331020379,1.0,1.2177562938707989,10.165231742824062,1.0,5.82505549455035,1.0,2.2514977989736673,1.0,1.08586130769147,1.0,1.0,1.0,4.908516434065856,7.953232611835798,19.230553986064578,11.816493372511598,10.313537682397618,1.9469200828341977,1.0,1.0499915022350372,2.098505764091191,1.0,1.8622559973131338,1.0,1.0,1.0,3.7421553037269675,1.0815474958435858,1.0,2.46237647181534,1.0,3.4148263032165174,2.4358725925232436,1.0,1.1930585628151442,1.0,1.3640142267985382,1.0,1.6680175901957603,2.2878519889946443,3.64513910277943,3.0472162615443312,104.21071945911876,1.0747039722848641,2.932175958969233,3.5927676151690626,1.0,1.0,1.0,1.0,20.694229269834338,2.8798265253965463,1.1329525937760296,1.0,2.175141418261341,1.0,14.601632141715536,90.85417165798866,12.58760500778104,2.7934671928317667,1.2998660422806465,1.0,2.7902850020937566,1.0,1.0,1.0,1.0,1.0,1.1758156897154408,1.1310982512880075,3.4774605945412413,1.1439458948639034,1.0,37.48028601208924,1.0,1.0,1,1.0,1.0,1.0,1.0,2.9965105677395334,1.0,1.0,79.8880566557271,1.0,1.0,1.0396803175982754,1.0,1.0,1.0,1.341333921100341,1.0,1.0,1.053637236102529,1.0,6.356777161688935,1.0,216.77624225968142,209.60001104997997,8.617585328515691,1.0,7.9103132158695315,1.0,1.0,18.441445445158557,8.576290667226324,7.822164061744983,31.137041642022524,4.995627124030925,44.22169644678907,1.0,9.174132559289355,1.4572715639185223,5.542084167048498,2.7437073778244514,7.6548019388758295,8.865700457385572,41.74644295731707,11.801571728792574,9.795839657891314,5.416152728073692,1.0,11.596514021987879,1.156144848695594,8.84004497797513,15.554478918353755,11.511724945298791,3.74509315628357,1.9989547459546873,2.350684152258718,3.4253187253833777,147.9378543107285,85.82957127196306,128.75257276668958,24.57068682720127,105.02643639139879,122.12555070567217,80.33171266390632,568.3072995067332,132.33203126102183,102.04971514872847,120.02942796439046,20.346020968278,131.6899768475665
TEST_03+4일,3.993588029966186,52.592805209919696,3.969578134222242,1.6408265361517629,1.0,1.0508638570422442,13.7311295084132,1.902136191092282,2.8521439861058733,1.0,1.0,1.0,1.0,2.7914289869276523,15.26081227100137,1.0,79.84183313997994,1.0,1.0,87.53761409988296,18.252945532915952,1.0,1.0,6.796633628657318,29.14919716461597,19.40719341843496,20.36983676421713,27.26548268950618,10.161189950739617,3.5392252102719066,5.096291829864917,2.536736796086548,1.2144653336437718,1.0,1.0,2.8740676366297717,44.83792986919593,7.581311365114232,1.35595865918275,24.81237395388988,11.976031140914564,1.1649230768389138,1.0,1.0,1.0,1.058820349924149,1.0,1.776985760887123,1.0,1.3339969810861532,7.3928573002282585,1.0,5.013582516513286,1.0,2.1133204773980627,1.0,1.3466293470814419,1.0,1.0,1.0,5.830905870619438,8.544684815436534,16.94020234450577,10.923974072076819,9.727671509528559,1.5147463808119153,1.0,1.0770406077021868,1.9561649814907422,1.0,2.072950916967609,1.0,1.0,1.0,4.019619367998862,1.0113771507853777,1.0,2.8742269779428775,1.1150822812664805,3.601998018031605,2.3718167455325476,1.0,1.3412929363188821,1.0476718450324944,1.3616381101001571,1.0,1.4654841437249582,2.290971746007431,3.7994404130146764,4.453012075155818,100.45632547376218,1.0,2.339646978103618,3.584997557487179,1.0,1.0,1.0,1.0,22.84982558348258,3.0478710102089335,1.1382840053805539,1.0,5.850722436880441,1.0,26.02715770328962,87.73252250864113,9.36287764609122,2.933086713903461,1.5022178518227012,1.0,2.831125075285983,1.0,1.0,1.0,1.0,1.0,1.5045096821865034,1.0239210638675558,2.727466682706166,1.0267079982433187,1.0,40.593912261354646,1.0,1.0,1,1.0,1.0,1.0,1.0,4.41546807473178,1.0,1.0,33.315203416813304,1.0,1.0,1.0,1.0,1.0,1.0,1.5634291101013342,1.0,1.0,1.0,1.0,5.043030762471593,1.0,206.64032236157422,93.07944154235653,8.467531696199401,1.0,8.020920383845219,1.0,1.0,16.471924708379134,2.620876701468836,3.353528242365713,28.492517028418355,6.046060121206891,22.16640578354779,1.0,8.076387523706781,1.3891846736175275,4.4866715729801125,3.193683648227563,6.869593396530172,2.565209181899439,3.9240588991099585,10.983690830583718,7.956911826008171,6.000452945586858,1.0,8.407932294312609,1.0,6.402951960632871,17.045042391581593,10.025318716506582,2.83372948241791,1.9049454959917416,1.7251361514454726,2.0855940688677697,135.7518149139053,80.7865252570094,119.52038376668315,36.48058884688373,89.621242069991,113.89791486144402,75.61386341992555,629.9504826424723,124.58973085361706,94.3209075492347,121.32499253896492,25.95025648735836,109.51925808315745
TEST_03+5일,4.2245875141521525,85.2465344519164,5.747912410018076,1.840513259947074,1.0,1.072264560900795,28.914969889458355,3.1131922555069096,3.098339428866849,1.0,1.106851721922407,1.0,1.0,3.0889008852425626,19.17708101539003,1.1236524235406016,77.3609539920427,1.0,1.0,82.21907526695355,24.886927335658307,1.0,1.0,2.5655847659386275,72.00006329278668,37.836813674439135,12.71115665382256,65.36076365445253,11.652105090815494,5.127007397718613,5.399257206126442,3.540449113320661,1.260399150535065,1.0031574309102471,1.0,3.0780585460964986,37.0249115136172,9.26774693312444,1.489836800270021,22.35583488022676,26.329176111567524,1.0322657522208796,1.0,1.408740503939796,1.0,1.1707864846743943,1.0,1.8134744849542068,1.0,1.4646715158598724,12.321361353201429,1.0,3.886662630873822,1.0,2.5532487480153954,1.3743874401787557,1.3136259373634436,1.0,1.0,1.0,5.475258840108955,8.194180770300328,16.696682995241826,11.293405475242865,10.739945236550547,2.3434090110496895,1.0,1.2549920765982743,2.1379098106659096,3.4895489374172226,2.044098894718949,1.0,1.0,1.0,3.601328454486514,1.1877166487584003,1.0,2.767066374566619,1.0297904008290142,4.508889016272614,3.0917583507583775,1.0233151476143847,2.0733303937790244,1.2043557595950083,1.7418168605140774,1.0395337687017026,2.220290454571784,2.9751613122901355,4.030156642215886,3.829762309929734,166.81730690575154,1.0004304322382627,3.5832730766441303,4.079860461240645,1.0,1.0,1.0,1.0,16.562170271131027,5.641752290855957,1.3573702162208554,1.0,4.08233503582184,1.0,37.97157225153846,108.87929379601644,9.85659065410309,2.8610790940630015,1.9914318223100032,1.0,2.5404431286526794,1.0,1.0279825600763974,1.0,1.0,1.0,2.2554130466530635,1.1374666182623978,2.234863980595554,1.0835225522939151,1.0,79.48696296721192,1.0,1.0,1,1.0,1.0,1.0,1.0,5.1373968418412295,1.0,1.0,33.62824884674316,1.687044508908785,1.1749622682465692,1.901931775381276,1.0,1.0,1.0,1.7163449215688908,1.052497344466185,1.0,2.349013750454871,1.0,5.589336970449437,1.0,143.31541290517058,199.8330415069178,8.75818138482422,1.0,7.276164509616192,1.0,1.0,19.48688245395278,4.72830287025864,10.063985996422717,27.99503766280477,5.222361038411725,13.761351504421427,1.0,8.243145967279546,1.0,4.594658054227333,3.1531752411120433,9.16115666440083,1.0,5.821921630359586,10.132296805309554,5.561101665578018,5.795371203288826,1.0,5.944871560322194,1.0,8.1211350315547,22.015602002014926,7.9978117774577315,2.8382917000323515,1.4749930226536336,2.874324585541536,1.6830171953360087,141.11245888750145,86.73356695881628,126.8598400265277,52.25085066131331,112.01030500196472,116.33619005667431,77.67086084063129,591.7541792639955,121.99452081445887,97.91239322975716,135.92357233171853,34.14190770990646,132.9271078632803
TEST_03+6일,6.568167556835188,48.85362082909545,7.792585561031956,2.826067552149336,1.0,1.7890270877109753,24.03381475740448,2.995878356179992,5.029013941616924,1.0,1.6619775459199317,1.0,1.1698755782507129,4.166907401764903,18.58063763731585,1.6216697856812843,56.78859230267503,1.0,1.2124857124852912,72.98231926273029,30.968396618683766,1.4382904742625051,1.0,2.253743868184874,55.40587432229289,49.52411082611908,26.59400223253222,97.8742875185692,10.171045280581033,5.264947490446465,6.273374556104517,3.8341794620288647,2.0130905961491514,1.5104447013846318,1.0,3.6815205234624218,49.33367262151975,10.010349917990954,2.098889330964296,28.42113080672531,17.189973952968984,1.0,1.0,1.611724103986592,1.0301393266584957,1.9498747226275785,1.0,2.7784867496356966,1.0525375974239257,2.099413996628246,14.724645831793941,1.3390272664122305,4.970882506436604,1.3825744214195939,3.385657457070079,2.0358440514529472,2.246799136018079,1.0159403335474129,1.0442289773072364,1.0,7.3514766548159916,8.26911519826696,15.21259446175183,12.79921426224475,11.721533009505386,3.2501554088846056,1.0,1.909982674144386,3.344953421973149,1.627699964905833,3.338757876776616,1.0,1.5959503162418995,1.0,5.166825175875822,1.793024447103059,1.0,4.008393937874949,1.4740500829772625,5.29205439870197,4.625369085583467,1.622481516619354,2.338643083604908,2.087227427574468,2.7476863135915037,1.539358390908911,3.155454211242816,3.6779475307789804,5.424009928132211,5.011564851397672,66.32457969870765,1.515872699728812,4.543954031292458,5.905633241215612,1.0,3.3477666889486954,1.2084882140542712,1.304122721114851,19.935679008889174,4.392345862982149,2.053493138580572,1.3449398099711836,5.969229400882981,1.3542645924541987,23.909972076798095,82.1925194066677,15.445398893373763,3.5210253439961394,3.9133496201064455,1.2880987930167,3.1394045952688705,1.0,1.54270742606243,1.0,1.4064904362984307,1.168393319976718,3.4092861575974815,1.7891446223582061,2.928162564667951,1.7782170925104666,1.0,42.81128845699739,1.0,1.0,1,1.0,1.0,1.0,1.0,6.023123531776165,1.0,1.0,42.425710168067866,2.8310347835361283,1.8611638200944303,3.722702959511433,1.410062770752549,1.1535998052023655,1.5524918778145531,5.977256663619206,1.5607909240720643,1.1409364753190125,4.536356667015705,1.3990716915935997,5.841818595599995,1.0,176.6679067441325,168.78815127683345,10.874115504897718,1.0,8.251065851813593,1.0,1.0,19.343248246196545,2.891870304571534,4.266330095605652,26.08038155933807,7.7143718403114665,8.566367025639266,1.0,10.189141804332357,1.8593614929280464,5.943296174507596,3.5354837505397874,11.355191543036876,5.578475906424739,4.472721025519856,13.83495301797219,9.088091057468908,10.41172979338175,1.0,8.362254439472894,1.8764239686843436,10.501929162818726,28.99027689464906,14.786388761453338,4.287572046653854,2.9855556755165065,3.731679625099451,3.689614991086005,137.01367512594163,93.2714374686144,130.82127055817813,57.410982005283714,105.27027674387676,135.25409769597314,89.54016343523932,628.2499664104471,157.31071995599558,88.99719657446775,141.6416216343039,37.86213535138102,188.4922435442488
TEST_03+7일,9.597331927608392,2.9535498163973495,11.489400733700087,5.4965651027227675,1.2216155669805755,2.9954639982921205,12.940143212913709,2.385943354527319,7.689329348929063,1.0,2.343474226466865,1.0,1.6606134208893635,5.599217536290182,29.849489888265367,2.1900022797505563,9.04650091400795,1.5299612216945135,1.6366238295970377,26.046053825681575,11.456481003688511,2.0240824402984776,1.0296038061869854,1.0,12.686500926905495,6.779614305782952,28.641127573789774,56.86240435755117,11.725270024698576,8.793151657174732,10.306420853589758,5.176094452041828,3.43906370591074,1.7754787342372629,1.0,4.911297291537548,64.03787999922639,11.157415458143578,2.695039048252195,28.65243851484955,28.09802133995763,2.3997099545043374,1.0,1.790460297155564,1.7836035595321063,2.738889147699985,1.0544473201525921,4.3167957679209445,1.1798066025729932,2.7351420462119407,18.628325064370223,1.8354861109128504,7.09626616397672,2.070401485339276,5.240360031688478,3.102359490332094,4.199484603391585,1.3600355003589972,1.5370297768027306,1.0075640351069683,11.772964541909731,11.449531333195345,22.966697068644528,16.95486121523397,22.880167349534176,3.6961744806593537,1.0,2.442274176068925,4.115855975772878,1.0,4.551790754251227,1.0,2.8260342040920605,1.2192849061605682,7.409416525126476,2.307860408733598,1.171077025508479,4.6631992263123845,2.1798835467763147,5.798583398328136,4.901537099975788,2.505527692870623,2.3429597091145715,4.0966059380384205,3.3150505766321943,1.6604437043997118,3.166034858307839,3.7358687115634366,7.85992278686717,7.404319385665288,1.0,2.3481390971552463,6.334158410984652,8.73191639739976,1.0865105659259076,1.0,1.4005994320178057,1.8366419641843348,14.298982198675745,9.082753567104277,3.4742334363341794,1.9926844562220944,8.185140599527594,1.0,175.44136252546178,9.850958176289788,22.514414233691458,5.430296916867128,4.918886614102376,2.026292441773473,6.08818561785943,1.0725440651667828,2.332646061838779,1.1822641020770825,2.2211196284890016,1.376330531799212,4.07709974991751,2.450445463122043,5.424871513851035,3.448794623550881,1.0125162870181317,16.145568887839698,1.0,1.0,1,1.0,1.0,1.0,1.0,4.5581920840552606,1.1414963828967304,1.0,43.00204445067079,3.6034834482718154,2.8330333102001415,5.3143441345430205,1.8196616077410785,1.4078297877374044,1.7977593153161278,8.902597363739876,1.927523365019521,1.5646650724406683,4.9749106325964405,1.9663859904732353,9.51881443462703,1.0,41.80647752312245,42.708292918557824,11.922296371580824,1.0,14.027629019736816,1.0,1.0,30.215122601356846,1.0,1.0,31.268609323700158,12.73148126983164,1.0,1.0,18.986158257059184,2.8574791669295303,10.258988960815861,5.133422958689229,14.558060585716259,1.0,1.0,18.20491692517948,17.98705100158177,18.189569984190594,1.0,19.22256880321907,3.4401126069110037,11.372508110964011,49.16577229346527,21.53017001896523,6.583282129665646,5.270938513649783,7.393624039592227,6.968023095951434,164.9037910822077,109.37553197213133,141.3195396367196,77.59029472153466,116.150990702926,170.398754857972,102.6991803203984,723.0072509490842,158.6654665991935,106.68998270328731,194.58878237114453,30.225694870534312,280.94936642393907
TEST_04+1일,3.9213659899722844,15.899879727116696,4.858416054301163,3.0551400989987405,1.0,1.0,3.8597347628226553,1.0,1.0,1.0,1.0,1.0,1.0,1.0,1.0,1.0,10.005459013910688,1.0,1.0,18.004236777835313,1.0,1.0,1.0,1.0,2.356304281470063,1.8433861977330601,3.56731693637626,2.985789180524128,10.124083809753127,2.6032416921481683,2.660177099826729,3.031247692907846,1.3591961504978984,1.2364749844566525,1.0,3.1122974626829505,29.676183161366865,6.248324161241514,1.8981964969878244,20.578987566230552,6.904375722257244,1.0,1.0,1.0,1.0,1.5599040124962213,1.2469480476749961,1.733604966650192,1.0,1.5537461758177538,10.419414228709595,1.0,6.356488231650155,1.0,3.857857082760485,1.0,1.6854893141449898,1.0,1.0,1.0,4.624808825189563,6.183085886119677,10.333306768816826,9.3420979602177,10.240946656585448,1.754933574337061,1.355181107832049,1.0,2.547157168029975,1.0,2.305037144554066,1.0,1.0,1.0390592929246507,3.876000818400267,1.0,1.0,1.6608710549715722,1.0,3.8660673890183057,1.453348150595477,1.0,1.0,1.0795164418159326,1.5213543275128352,1.4474482438991383,3.606409148191277,1.9625160202240721,3.9015040798704215,3.708543738018052,40.37034551308871,1.113834240233918,2.6618374268609792,5.477459725857666,1.0,2.830354663790077,1.0,1.0,21.768242683937608,4.52710403221095,2.1906481562046087,1.0,5.586403392893156,1.0,125.05980542173792,49.0337726794874,24.470961190602765,3.516847891416382,2.8986941300928777,1.0,1.7186137961994765,1.0,1.5154038305914062,1.0,1.0842560012893674,1.0,1.1843482505051661,2.386513548278537,2.303828504488675,1.0293360665217768,1.0,17.472329567188403,1.0,1.0,1,1.0,1.0,1.0,1.0,2.8749964649741537,1.0,1.0,30.697851157270797,1.0,1.0,1.8850893553133203,1.0521403156826392,1.0,1.0,1.6234859240980435,1.0,1.0,1.2924432791621556,1.0,2.767449383150512,1.0,14.912591329710406,24.91893308383941,5.608361436289456,1.0,5.342922652817422,1.0,1.0,10.617550505744695,6.818928215295761,1.0,11.765896610273717,3.652219162603811,5.203890993981872,1.0,5.004029368297815,1.0,4.215639585155081,2.627519344294753,4.183493549668999,1.0,5.603468676248402,7.527712341560502,1.0,1.0,1.0,1.0,2.5381192394999266,1.0,1.0,1.0,1.0,1.0,1.0,1.0,1.0,1.0,1.0,1.0,1.0,1.0,1.0,1.0,1.0,1.0,1.0,1.0,1.0
TEST_04+2일,1.0,28.25629849892386,1.0,1.0,1.0,1.0,5.7338197646986115,1.0,1.0,1.0,1.0,1.0,1.0,1.0,1.0,1.0,17.698183343620137,1.0,1.0,17.701511386415305,7.248488405684707,1.0,1.0,1.0,9.293040746336096,4.378858978218558,1.0,2.539206361896745,6.283446547850882,1.1027190850880597,1.428134943803427,1.0,1.0,1.0,1.0,2.446711357539553,14.106612871255383,3.6762411058771036,1.0,13.7237801069293,4.104101448256365,1.0,1.0,1.0,1.0,1.0,1.0,1.0,1.0,1.0,9.295011753938047,1.0,5.239862511645281,1.0,2.349586278138549,1.0,1.0,1.0,1.0,1.0,2.1710784488567856,3.4360384403144897,8.128357978083915,10.09205111363671,5.623300824360664,1.0,1.0,1.0,1.0,1.0,1.0,1.0,1.0,1.0,1.2923668883201693,1.0,1.0,1.0,1.0,1.839169319994859,1.0,1.0,1.0,1.0,1.0,1.0,1.863476419358555,1.0,1.523178358509634,1.3902892770006596,69.9956396031115,1.0,1.4040507227387993,2.346890873368736,1.0,1.0,1.0,1.0,18.646253332896706,1.6227347570470445,1.0,1.0,3.7833052233163516,1.0,7.214837927984992,62.36510221929323,16.970543475602753,1.606593794403845,1.2664954222558449,1.0,1.0,1.0,1.0,1.0,1.0,1.0,1.0,1.0,1.0,1.0,1.0,25.740501672051906,1.0,1.0,1,1.0,1.0,1.0,1.0,1.9629024824556298,1.0,1.0,25.880664377198478,1.0,1.0,1.0,1.0,1.0,1.0,1.0,1.0,1.0,1.0,1.0,1.0,1.0,55.3636087764404,25.06494682896895,4.126983347762661,1.0,2.0858418233715352,1.0,1.0,6.0858949154658815,1.0,1.0,8.488129861812425,1.6642317947200533,1.0,1.0,1.3183606837134971,1.0,1.8429115608872946,1.7753502611983691,2.031930552058726,1.0,1.0,5.62841842404321,1.0,1.0,1.0,1.0,1.0,1.0,1.0,1.0,1.0,1.0,1.0,1.0,1.0,1.0,1.0,1.0,1.0,1.0,1.0,1.0,1.0,1.0,1.0,1.0,1.0
TEST_04+3일,1.0,17.707457888701235,1.6445792172704483,1.3367044619204123,1.0,1.0,7.749576135519543,1.0,1.0,1.0,1.0,1.0,1.0,1.0,1.0,1.0,41.94965215915043,1.0,1.0,22.78505832907763,16.829103190535218,1.0,1.0,1.0,8.852314255907293,10.039831478029791,8.143303802172875,33.30426182362339,13.405680546567934,1.0,1.0,1.4765492182433042,1.0,1.0,1.0,2.4786483133403174,10.825579458106834,2.760814945557086,1.0,10.805010308482732,5.267601696335356,1.0,1.0,1.0,1.0,1.0,1.0,1.0,1.0,1.0,6.260956144768876,1.0,4.931863707442967,1.0,2.192852561545234,1.0,1.0,1.0,1.0,1.0,1.0360425323431555,3.0591293150729975,9.443502301190119,9.105126351253682,5.65933184602876,1.0,1.0,1.0,1.0229284461375392,1.0,1.115851210944921,1.0,1.0,1.0,1.9076569141206896,1.0,1.0,1.1041875838001252,1.0,1.8117257867120777,1.0,1.0,1.0,1.0,1.0,1.0,1.6805057770119576,1.194689382584712,1.9816225122782132,1.7102547416096572,64.87970959195803,1.0,1.0,2.290282846015736,1.0,1.0,1.0,1.0,9.276776374305454,1.8152386293555332,1.0,1.0,2.5946157147652515,1.0,13.292746067518493,49.177500117703225,12.381646803416638,1.5312396154820165,1.7679401422823449,1.0,1.0,1.0,1.0,1.0,1.0,1.0,1.0,1.0,1.2151675767696992,1.0,1.0,39.20211625394366,1.0,1.0,1,1.0,1.0,1.0,1.0,2.586168305084328,1.0,1.0,36.900276689346825,1.0,1.0,1.0,1.0,1.0,1.0,1.0,1.0,1.0,1.0,1.0,1.7710716439060659,1.0,103.66578437476986,27.446534601152486,3.469979382864505,1.0,2.1669224069880966,1.0,1.0,5.968069328847303,3.582032806086021,1.0,9.827829368151791,1.711127365212219,3.369893488012007,1.0,3.042885134861478,1.0,2.7907436130779577,1.7279759343263308,3.7174418598900436,1.0,4.837490986687989,2.38191072931875,1.0,1.0,1.0,1.0,3.8527951168292045,1.0,1.0,1.0,1.0,1.0,1.0,1.0,1.0,1.0,1.0,1.0,1.0,1.0,1.0,1.0,1.0,1.0,1.0,1.0,1.0
TEST_04+4일,1.7613049213738088,15.661239486637484,1.9253909542138112,1.1568688909678186,1.0,1.0,13.803204399603334,1.0,1.0,1.0,1.0,1.0,1.0,1.0,1.0,1.0,29.68215160727836,1.0,1.0,16.350111318952898,14.668004366106844,1.0,1.0,2.2810434996741686,13.983117650754231,15.149647867507223,9.851316446755327,28.753142830044528,4.950064225811665,1.0897496551167156,1.0,1.2833686200391858,1.0,1.0,1.0,1.9451246875291779,11.93709892020919,2.5458984581966675,1.0,10.290231091540653,2.6604270877053846,1.0,1.0,1.0,1.0,1.0,1.0,1.0,1.0,1.0,5.904988183034307,1.0,5.78866784419577,1.0,2.03881500148791,1.0,1.0,1.0,1.0,1.0,1.4684926127821596,1.7640910977554813,5.701076309573004,5.983225552154843,5.211763119185933,1.0,1.0,1.0,1.0,1.0,1.0,1.0,1.0,1.0,1.7433498630907758,1.0,1.0,1.0,1.0,1.46380908135429,1.0,1.0,1.0,1.0,1.0,1.0,2.7410891888782545,1.0246297100398567,1.7878014819276968,1.4328936493584354,74.14992377437613,1.0,1.0,2.443230722800871,1.0,1.0,1.0,1.0,7.279698071238358,2.0861567435515993,1.0,1.0,4.350871877578032,1.0,1.0,38.17725022486688,12.989641868011955,1.6242351479178585,1.7368768388806461,1.0,1.0,1.0,1.0,1.0,1.0,1.0,1.0,1.0,1.106851589818467,1.0,1.0,31.894106166031285,1.0,1.0,1,1.0,1.0,1.0,1.0,2.460151438970726,1.0,1.0,23.098570550738742,1.0,1.0,1.0,1.0,1.0,1.0,1.0,1.0,1.0,1.0,1.0,1.511753308473986,1.0,87.16609723438394,156.49283001731487,3.0532222866095413,1.0,2.6214124948059414,1.0,1.0,6.085013529849709,3.2648607607897224,1.0,8.204575927724578,1.657654862331008,3.2648607607897224,1.0,1.8950539256286052,1.0,2.183514491968305,1.6773799633076256,2.3567334383339134,1.0,2.5781705156630226,3.286219606139623,1.0,1.0,1.0,1.0,1.6911634931494066,1.0,1.0,1.0,1.0,1.0,1.0,1.0,1.0,1.0,1.0,1.0,1.0,1.0,1.0,1.0,1.0,1.0,1.0,1.0,1.0
TEST_04+5일,2.0608371196486246,33.252582617672104,2.045370065471633,1.8353977354841555,1.0,1.0,19.775157753880976,1.0,1.0,1.0,1.0,1.0,1.0,1.0,1.0,1.0,55.320514519214704,1.0,1.0,40.774081651290004,22.99250094921298,1.0,1.0,1.0,19.748550440354958,16.796415970393312,10.871731579800844,53.6804608436385,5.2295226019713965,1.3071166938520156,1.1897036442039015,1.3034644965756044,1.0,1.0572252339601875,1.0,1.3842791104269536,10.561759435600882,3.69692524937636,1.0,8.512378393927976,4.032423801850669,1.0,1.0,1.0,1.0,1.0,1.0,1.0,1.0,1.0,5.9638851102503665,1.0,6.456644950473029,1.0,1.9898372639157849,1.0,1.0,1.0,1.0,1.0,2.2750305537182927,2.8126621858261625,6.20908838335965,6.104072873931864,4.907035413824094,1.0,1.0,1.0,1.0154226900432965,1.0,1.0,1.0,1.0,1.091006613450039,1.486693928945244,1.0,1.0,1.0,1.0,1.4831037902975601,1.0,1.0,1.0,1.0,1.0,1.0755620927228378,1.2951159415066127,1.0483700655685717,2.029556515590262,1.9686637115149628,32.29029466308647,1.0,1.0,3.0621802122092365,1.0,1.0,1.0,1.0,10.264061415323706,2.0795648454116735,1.1632374407146833,1.0,4.04880024608319,1.0,20.40542035637021,57.97924816029473,16.569227785457585,1.8213211945771435,3.106303034958838,1.0,1.0,1.0,1.0,1.0,1.0,1.0,1.0378058789993907,1.308847831734642,1.3035260974581828,1.0,1.0,72.48049202876635,1.0,1.0,1,1.0,1.0,1.0,1.0,3.048856794429246,1.0,1.0,13.40929340956642,1.1070176645577723,1.0,1.1562667700815445,1.0,1.0,1.0,1.5651883699656324,1.0,1.0,1.0,1.0,1.5024279590341942,1.0,140.2291485681604,186.94000658416317,7.509390198430172,1.0,2.318491093427072,1.0,1.0,7.776929991507092,1.1440933110596405,1.0,9.76176680571544,1.7443396370122495,1.1440933110596405,1.0,3.603311761091552,1.0,2.742388128215024,2.1291491972716012,4.767317439947156,1.0,1.0,3.94809620269552,1.0,1.0,1.0,1.0,10.237511362338983,1.0,1.0,1.0,1.0,1.0,1.0,1.0,1.0,1.0,1.0,1.0,1.0,1.0,1.0,1.0,1.0,1.0,1.0,1.0,1.0
TEST_04+6일,3.127672019689057,35.629833479178394,3.9686754186267015,2.462930416546015,1.0,1.2792505029422434,11.984795702806654,1.0,1.0,1.0,1.2466827128442537,1.0,1.0,1.0,1.0,1.0,44.07989145338729,1.0,1.0,26.758544231840254,11.758617055712449,1.0,1.0,3.6556681855755837,26.707131954526858,14.551793331526449,13.437422975801248,91.06978354072687,12.14755015686409,1.2539049303796137,1.0,1.4760929602862252,1.3110079794017302,1.3498133623211226,1.0,1.6802765827690687,17.360145225215735,4.507627922127651,1.544688455257215,12.147957888404438,5.074530491076944,1.0820339444868528,1.0,1.0,1.0,1.547340267733515,1.2254273298961313,1.827584959078753,1.0361363260169263,1.46639617715449,6.116442963367044,1.0,5.503373308770995,1.0,2.863162872183197,1.0,1.6648380277675767,1.0,1.2804655614839955,1.2584712451246023,2.7131788976023,3.1828824237441378,5.84843403817141,7.436458454540604,5.965823455232481,1.676859187774949,1.279285324700642,1.1769204233201753,2.146243985708763,1.0,1.887582850269713,1.0,1.1682301257165681,1.9553527331074443,2.7826124132394505,1.0260677619115066,1.0,1.5648548388629195,1.3395754340705361,2.990318192352179,1.0409138179724096,1.0850616019105788,1.045064838288241,1.5120296769955772,1.4342286651983955,1.693138032517733,2.6721280107959067,1.9576759687605805,2.807431031751303,3.123794959503474,52.43075651057625,1.2930615669335337,2.073154168793617,3.870225309915167,1.0,1.0,1.0,1.0,17.490109693478093,3.8959418495622344,2.1115140777951367,1.0,6.5051197022167395,1.0,19.281962171531198,43.78280392738851,12.4212429373598,2.9375132576154153,4.847896375232516,1.1906556287219656,1.553198990363506,1.0,1.2903694635476084,1.0,1.2861036462916158,1.0,1.656384253116197,2.060763254909408,2.3479149624891464,1.156921596157602,1.0,23.592348595994412,1.0,1.0,1,1.0,1.0,1.0,1.0,2.7569347862059908,1.0,1.0,15.877940969368181,2.6214152206183226,1.1307813481945608,2.264356939811545,1.2353747863038889,1.1423914025542565,1.0,2.84197509851378,1.0,1.0,1.7430515489674634,1.0,1.1193540599146745,1.0,111.3958312256763,104.48942524086189,6.269676768951692,1.0,3.4255039228806683,1.0,1.0,8.72608884444686,2.4703796274211363,1.0,10.987375264930543,2.700054570169745,2.4703796274211363,1.0,3.3059746377086254,1.136414334418996,3.0230469091374963,2.777018667675789,4.765959814822664,1.0,1.0,4.959405260491054,1.0,1.0,1.0,1.0,3.5396676923697674,1.0,1.0,1.0,1.0,1.0,1.0,1.0,1.0,1.0,1.0,1.0,1.0,1.0,1.0,1.0,1.0,1.0,1.0,1.0,1.0
TEST_04+7일,6.431946917828423,8.973401962894258,10.026723844913144,4.495582990149137,1.4128228048531017,1.8337133313938667,1.7772682028447062,1.0,1.7828384388872878,1.0,1.4153219150052776,1.0,1.0,1.0,1.0,1.0,11.229085301629155,1.2238944317698313,1.3997048954216442,4.0674793447907325,2.266180894967782,1.2523395709382816,1.0,1.0,6.706451219243187,3.0360345792414822,35.55900150065595,50.295032954577316,9.527479796599943,4.512349739796405,4.203829765025325,4.201528842615993,2.043751329076237,1.564296782272969,1.0,3.1955870205381864,39.09843052103814,8.158684504306784,3.075634181865,16.661683370569108,7.4346181467192185,2.274080098513876,1.0,1.0570826635922732,1.079705511249347,2.675706028387212,1.946923261330285,2.7204813265956074,1.184199085680264,2.873273971901617,9.84102069061143,1.1365911199726688,7.658537513227274,1.0,4.7298191944038726,1.0551745375087136,2.689204334073205,1.240555400780331,1.895274763748803,2.44701813336102,5.149671147114908,6.044846351439072,10.879250538971204,10.421307670286723,12.208665904084992,2.9867123912515563,2.8199114734869637,1.9720948988653801,4.430139481771027,1.0,3.226801394276757,1.0,1.8637735897757195,2.030632143662133,4.942949978788524,1.3634955085467595,1.2480453993677927,3.01902432476008,1.7812685122716054,6.1367854969021876,2.856201822632782,1.469620148057868,1.623934068851142,2.0565452102276094,3.1519127666357476,2.9348968046515056,4.042841642162127,2.913361734706824,4.567232680584895,4.1169166662144265,18.777444840971775,1.871014752559333,3.8876023336259675,7.995195470209543,1.0,1.0,1.6813977470066033,1.0,26.70041549690648,8.690378854669099,4.0755167566298995,1.2167720294050046,12.014098175150554,1.0,135.72110615583279,1.0,13.024450059637612,5.3880639431439,3.9486360156211893,1.3757136754661352,2.796076982517662,1.0,2.4115068780967377,1.5103931543961333,2.7412305223049245,1.1355056785995197,2.384675841862243,3.5883877137102704,4.691674665325362,2.2678734411786743,1.0,1.0,1.0,1.0,1,1.0,1.0,1.0,1.0,2.9116488510588163,1.0,1.0,18.123813725111035,5.158730606147207,1.663840128324267,4.8147624650447804,3.494978850349914,1.7697903604487133,1.0,6.921844659813413,1.6108010399063908,1.234196930347614,4.547815475255108,1.8647051083707726,2.4475131369544574,1.0,55.46864464399772,22.78793055963644,9.440260783012748,1.0,7.605376198369436,1.0,1.0,14.23520047530261,1.0,1.0,11.857149242501952,6.803283861123338,1.0,1.0,5.603125908247948,1.2529334151393035,2.877476305445398,3.5770668971765636,5.325820060111139,1.0,1.0,7.460943390952145,1.0,1.0,1.0,1.0,11.32456399156841,1.0,1.0,1.0,1.0,1.0,1.0,1.0,1.0,1.0,1.0,1.0,1.0,1.0,1.0,1.0,1.0,1.0,1.0,1.0,1.0
TEST_05+1일,3.2382310105662686,1.0,8.221547994906496,1.6979444031141346,1.0,2.057441432610562,1.5263882913527285,1.0,2.983549997524859,1.0,1.0,1.0,1.0,1.0,1.0,1.0,1.0,1.0,1.0,3.0977680784487296,1.5263882913527285,1.7104971645943101,1.0,1.0,4.952077420455607,1.0632602006230731,6.748176660264781,14.393466960939586,14.933102943545247,5.050948248041921,3.183269246352417,3.749999059736745,1.627666072684979,1.4441552277164265,1.0,2.9623146122969537,44.55804236342844,5.196792219609693,2.538537306836219,29.383335764861602,20.702581930243277,2.7202542275189594,1.0,1.0,1.0,2.4444352146984523,1.0,2.458435822098861,1.0,3.5610832426932766,21.231334512893362,1.7341859963821562,8.79355321295113,1.9032876459493386,3.143443754471887,1.0,1.0,1.5235098372280946,1.0,1.3415199387186183,23.102233110877265,13.150493469455906,9.685170216666616,16.015704460971897,5.792055408086804,1.4719799257760533,1.0,1.5494320585793457,3.6342138269978994,3.8598388166369313,3.1859982023669344,3.401355437596747,1.0,1.0,3.7772271168744735,1.0408766880514446,1.0,1.4968259607683008,1.191664421426433,2.8945777066762366,2.442563651944736,1.4820889080664377,1.1335373704799299,1.4125527271888516,2.689227837968072,4.443930837684077,3.152205749444743,1.5609767551975056,2.896853490001398,4.043898782726407,9.293542835546546,1.719738911947707,5.621084871370281,6.948779195956226,1.0,1.1442861139392893,1.0,1.0,16.240201142067733,6.6408282984159275,2.650826140276285,1.4881632590679628,6.011801587592961,1.0,151.97186210252022,1.0,51.37148140847169,4.218677212230061,3.055892940434043,1.4239150745907674,6.24167060518521,1.0,1.908180865401599,1.0,1.0,1.0,3.039374493228431,1.4201537886460178,3.54817272283461,1.6302582804286598,1.0,12.946985087276571,1.0,1.0,1,1.0,1.0,1.0,1.0,1.0,1.0,1.0,19.97463702992887,5.3932153422883315,2.9237522064171437,4.236583448271036,2.024742115037971,1.5170526849922439,1.6883483356809772,10.55736327601419,1.3014072813098227,1.3833200232681706,3.866771250657166,2.1099568532106163,71.29748798656982,62.26098682774624,13.237738584738999,177.02265662227884,68.12975264103564,64.94604946496631,44.8986351403522,1.0,5.5269028033938294,197.6666796807208,124.84542452995296,116.91515134219259,69.19832970232183,38.689233173227265,2.9740559650122753,71.45416441519696,72.90174099317302,8.473998955100091,50.822301443872036,26.35436947452392,105.991574704655,86.82519702669353,28.64222694765993,1.0,583.8986426438007,342.62392533320565,86.79942210968039,374.50137239876256,61.49804757515038,107.04933967156046,99.48296214560602,227.14770647656368,65.94464687893208,8.985467802693273,118.15916721370425,77.46403708864159,1.0,1.0,1.0,1.0,1.0,1.0,1.0,1.0,1.0,1.0,1.0,1.0,1.0
TEST_05+2일,2.4910107020939147,1.0,4.321436277520475,1.0,1.0,1.5632126378134896,3.7357445624392875,1.0,2.1630569003365263,1.0,1.0,1.0,1.0,1.0,1.0,1.0,5.254630679568219,1.0,1.0,5.811416024645734,3.440600958160723,1.0,1.0,1.695614900430988,5.592183047692414,7.864621866734629,4.901437347200661,12.997915762838108,12.41823024444846,3.49834001880571,2.590943924709009,2.368645597706484,1.0,1.0,1.0,2.2549382255237007,35.953634336548845,4.004181994250514,1.6781444465452935,24.210028689735815,17.246250612187005,1.4608902270589206,1.0,1.0,1.0,1.2777332916976163,1.0,1.4712560352890531,1.0,2.1361446060881955,18.223126017528074,1.0,5.956646637382027,1.0,2.1983447793792754,1.0,1.0,1.0,1.0,1.0,14.836110732115522,7.384659897415032,5.472372945163475,13.929492524515382,4.089856596144449,1.0,1.0,1.0,2.175226084281571,1.021127909529027,1.4076493429524755,1.4351649890526585,1.0,1.0,2.2117106960724238,1.0,1.0,1.0,1.0,1.7499288239245607,1.0,1.0,1.0,1.1446781861092756,1.3646325549122047,2.314134064529716,2.0046714916788173,1.0,2.0925335673478482,2.797044401020849,6.696853698835696,1.0,3.1549433232820965,4.557467367185369,1.0,1.0,1.0,1.0,22.995765063812012,3.9329107352084134,1.8411359152953197,1.0,1.3414816683105386,1.0,21.170957179610447,31.110612288307998,49.126866030812224,2.3580100277032185,2.2261230387578337,1.0,3.416520807627711,1.0,1.0,1.0,1.0,1.0,1.6482452644478596,1.0,1.583686158626089,1.0,1.0,12.517778453361124,1.0,1.0,1,1.0,1.0,1.0,1.0,1.158899723677407,1.0,1.0,9.735989581413044,2.2420708156281637,1.3984626925448072,2.1804814801499632,1.0,1.0,1.0,6.734663564085605,1.0,1.0,2.1031637178545113,1.0,39.395306929075915,31.91133915234191,18.59165893308138,71.48654102127792,64.79801837398085,41.843272424142526,45.26417103084353,1.0,3.8608133759301744,125.63758538719026,64.65507967905276,55.97164662733779,54.88874708991257,24.358972243461164,3.0975279393989386,46.24023830376128,40.065469361175786,4.745390051461171,26.92323953744077,21.197094811042692,68.61386838689972,39.61628290462254,15.33104616851913,1.0,255.46836231721784,351.8051780868824,53.51929743002394,241.64043596558545,33.50217278323317,61.09886714692388,59.16790685995926,134.899167806344,32.90112567838149,6.495827059994668,56.38422938579864,44.38766770185522,1.0,1.0,1.0,1.0,1.0,1.0,1.0,1.0,1.0,1.0,1.0,1.0,1.0
TEST_05+3일,2.1003920357576122,1.0,4.282990401226361,1.0,1.0,1.7404888329573072,1.7867756945317885,1.0,2.9811685327747037,1.0,1.0,1.0,1.0,1.0,1.0,1.0,6.391480063576029,1.0,1.0,4.980649995863862,1.2381133002465865,1.905725172928963,1.0,1.2984242435782212,2.4910788453137123,13.281758687265077,10.411982328074949,19.16653548017961,9.866664857217744,3.2313797304312875,2.3746374422150476,2.227874492057216,1.0040702866227125,1.0,1.0,2.109693683510206,27.885571722457257,3.2575738788169075,1.3737987168209584,18.21419186947484,13.101868325511628,1.4859305211322857,1.0,1.0,1.0,1.223935385539877,1.0,1.3652041055549695,1.0,2.3126398695758796,16.04110085951852,1.0459597056302987,5.003002193199578,1.0,1.6430272491406859,1.0,1.0,1.0,1.0,1.0,15.459232253332434,6.738065276968689,5.823951003628015,11.184283325502268,3.4478324726236025,1.0,1.0,1.0,2.4178255190187175,2.054327691286365,1.5305870449408148,1.7662976784902042,1.0,1.0,2.207524582420942,1.0,1.0,1.0,1.0,1.9003238476277595,1.137379233281457,1.0,1.0,1.0292690341119464,1.427835036213733,2.6999172531132114,1.9318788145625656,1.0,1.9686927429814505,2.7397567619615275,7.388127961617586,1.0,2.5143337459860735,5.033764468192709,1.0,1.233674562917846,1.0,1.0,10.798986078470463,4.160138376718803,1.9818421252766645,1.0,1.1194803089013827,1.0,28.922290302023875,59.55821916199694,42.35369917269887,2.4066194214242227,2.442715334120065,1.0,3.620499336768781,1.0,1.036843314798492,1.0,1.0,1.0,1.6327675805994435,1.0,1.8151819091746761,1.0,1.0,7.526131189435789,1.0,1.0,1,1.0,1.0,1.0,1.0,1.0,1.0,1.0,23.284468387783374,2.8086289791968935,1.3318206812330768,1.7125010854895373,1.0123029409571367,1.0,1.0,5.810549152996183,1.0,1.0,1.8498498171507074,1.0,43.47694547390343,27.629631167665934,39.68303887849675,16.381164266405428,57.26455040392362,34.568615579521335,38.10918247909507,1.0,1.429869569699798,139.63033968773794,61.43581407800476,63.17366228397172,58.10926047925335,20.813554403652883,3.468054436615119,46.01812027577217,42.00924839474032,4.37345991728348,28.57724264364949,12.599846542561348,57.265864160032635,44.11529856663181,13.867637090317515,1.0,315.19436297955235,161.35194981491438,49.237548445444915,198.77582123607726,28.5970467020797,53.772346067971625,55.34380538285065,83.34758741631671,32.876104565003395,6.416602735498671,59.63526187940758,40.460915513187544,1.0,1.0,1.0,1.0,1.0,1.0,1.0,1.0,1.0,1.0,1.0,1.0,1.0
TEST_05+4일,3.1481132545405472,1.0,4.601853971851707,1.0,1.0,1.766838454944462,5.672698849809813,1.0,2.9234861332638165,1.0,1.0,1.0,1.0,1.0,1.0,1.0,7.632747102941851,1.0,1.0,6.322070665100679,5.764940375459838,1.0,1.0,3.336282201789984,11.944129900758442,12.987742213720969,15.330030490712478,15.906109281870908,9.503100201955817,2.710734267017463,2.39526364821461,2.823887699129142,1.0400013859978299,1.0,1.0,2.018890949136207,22.558402289601723,3.198366981011387,1.4389907742336443,16.456388014458224,11.925016870890204,1.3663995860207776,1.0,1.0,1.0,1.3039573865616796,1.0,1.3055704963049601,1.0,2.103993819750996,13.048103657163288,1.0,4.478350835333192,1.0,2.904374336954901,1.0,1.0,1.0,1.0,1.0,9.814936146965596,6.516582189556956,4.57312511909617,10.464882269800615,3.153197078687324,1.0,1.0,1.0,2.3546298787551576,4.609342752610074,1.4737227674645668,1.7552553864537495,1.0,1.0,2.151164167516922,1.0,1.0,1.0,1.0,2.017035529237868,1.0344543694429416,1.0,1.0,1.0,1.5250962538842383,2.6000159381794505,1.972564024835787,1.0,1.958788663810614,2.437749563147185,2.080274879191154,1.0,2.477404318873691,4.360499078771192,1.0,1.0,1.0,1.0,27.35944150344732,3.875094176786452,1.9462353165353579,1.0,1.0,1.0,9.843347054077235,73.77346864748516,33.13719733577795,2.149964483150983,2.3467745066714483,1.0,3.361899866435169,1.0,1.0724890930726336,1.0,1.0,1.0,1.664308005833188,1.0,1.5777426343144485,1.0,1.0,10.680742359141298,1.0,1.0,1,1.0,1.0,1.0,1.0,1.0,1.0,1.0,19.26457582522652,2.7933005654283773,1.2946499607473239,1.584548230132109,1.0,1.0,1.0,5.749296338467451,1.0,1.0,1.8522738551916367,1.0,46.53101010036804,29.69557966571744,24.09835023280566,34.59411304035186,43.899842981327716,36.56488834168254,38.13037474237237,1.0,3.254883539212962,146.28130488135582,67.31652843129662,68.99691958909938,53.245970688728626,25.995888352341975,3.651829317392763,47.93352556103159,49.0527510056052,13.146953702076837,24.81215232385759,17.7382884911652,63.02318238450563,43.46127033695814,14.20247659130358,1.0,301.11308553653504,171.70998719234666,47.1606928517849,279.94580891783164,26.00783687842849,61.11584767040536,55.43811810015801,120.57937523040968,30.888526355933976,5.915268101919907,64.5848573907074,47.968281209085504,1.0,1.0,1.0,1.0,1.0,1.0,1.0,1.0,1.0,1.0,1.0,1.0,1.0
TEST_05+5일,4.469964183000174,1.0,4.192869647714243,1.0,1.0,2.150477819956981,25.694020694378455,1.0,3.046656184945718,1.0,1.0,1.0,1.0,1.0,1.0,1.0,16.552523730385147,1.0,1.0,19.203411412638914,25.694020694378455,1.0117151323307882,1.0,2.7964843828431265,13.235181658172975,16.448943445841778,17.850650157582354,21.62954872008337,7.622106997351937,2.9397731229308093,2.6432775393057075,2.196902011757129,1.1148805940506046,1.0289206458181421,1.0,2.2888496759633696,30.32974509594667,3.3044674713862934,1.3795889529622016,16.689818855282677,11.086397164169423,1.6579400770758208,1.0,1.0,1.0,1.530136114848529,1.0,1.5608335589477653,1.0,2.3379384098866076,13.473663673301964,1.0,5.159280830711783,1.0,2.1301871390420666,1.0,1.2269174001078007,1.0490120071714768,1.0,1.0,19.335931056133862,5.523851601337253,4.311893686392506,11.30684894003295,2.826887618626004,1.0,1.0,1.0,2.740903097238506,4.057303099439802,1.8897308574956515,1.494661964415097,1.0,1.0,1.7538067957677081,1.0,1.0,1.0,1.0,2.2667744377554557,1.5161688252854706,1.0,1.0,1.0,1.4349706029007072,3.1711197745584867,2.0179887499267997,1.0,1.514437461261487,2.4610328892172477,14.907376001896374,1.0,2.3633528889766713,4.215518662290515,1.0,5.8116505696773455,1.0,1.0,22.372867748033258,3.099982780955448,1.9475142243202814,1.0,2.794082720746923,1.0,13.59988231299689,62.83074943691123,34.19446511214775,2.3562109768382022,2.4383070202580264,1.0,3.47433738186182,1.0,1.1221454384077274,1.0,1.0,1.0,1.6508263876341782,1.050657882438123,2.2071915014086523,1.0,1.0,24.604596307854894,1.0,1.0,1,1.0,1.0,1.0,1.0,2.1947336326943594,1.0,1.0,15.655867658658678,2.666809121818281,1.5719294021839216,2.2481026312880887,1.0381906349432086,1.0,1.0539394409561147,5.620290623944302,1.0,1.0,2.4306498778600347,1.0,43.93398047898933,40.37524318429743,8.99192023670712,72.10898355852503,39.67499938448027,45.2149731324937,37.777742596793644,1.0,3.7982175172978585,145.62980740725106,71.01864702722224,62.80578283575141,53.32378441371742,19.347546578081335,3.099740533188621,50.660034506961125,42.377504646011836,5.141896386853565,30.061309907933094,19.235863469236687,63.046226224929185,52.543118644218644,16.526509790690756,1.0,385.03867811902285,218.8727216518576,50.95182864485588,355.19138874528187,33.42509317994517,62.84843589904513,58.276992177888076,136.07220227074208,43.31189586372524,5.549917197892718,68.8447767118443,54.43229086295479,1.0,1.0,1.0,1.0,1.0,1.0,1.0,1.0,1.0,1.0,1.0,1.0,1.0
TEST_05+6일,4.759169322941999,1.0,5.803006816222895,1.3478445130074443,1.0,2.3365298752073542,8.493306550920046,1.0,2.7687544588119044,1.0,1.0,1.0,1.0,1.0,1.0,1.0,11.148594479932164,1.0,1.0,10.455694927163261,8.64612713807825,1.5037737347356817,1.0,3.8574504222246793,11.870021298774073,15.573730146512833,8.72549215736834,43.22046810047841,10.441325398843878,3.6371408993446748,3.3709334779975837,2.8731727269019984,1.601982455791009,1.535336728477738,1.0,2.6021691894030723,27.14346324687381,4.939723226598766,2.084680261908818,19.04787078222356,15.555277253665668,2.4533340896772335,1.0,1.0,1.0,2.2204661472038,1.0,2.0842271560012535,1.3659193374387761,3.0055704681559865,18.970473175382136,1.0436910371024914,6.714813617017916,1.4193510139396968,2.513375501239479,1.0,1.5155221399879237,1.5487972280406481,1.0,1.2704548555601904,17.163855955261766,9.971372123399153,7.262015659115354,13.880800411442994,4.259508125629617,1.1488976248895086,1.0,1.4063017651746001,3.4576872247314103,5.451995074667867,2.580351611506064,2.4334176223327995,1.0,1.5177392908128238,2.9346139338777433,1.2120341934668788,1.0,1.3785569193619949,1.108937627634094,2.983123773758966,2.3363388068974684,1.6210033373003019,1.4561315254335416,1.39787511309156,1.986209344226046,3.548170028511202,3.1159194767786107,1.5933372453813566,2.2378353494162653,3.3459145967417543,26.264006502699623,1.359077762581249,4.20308562549,5.668191070301313,1.0,5.045765077554043,1.0,1.0,19.82191774782482,4.792656476213805,2.1936390163642465,1.2925796573516637,4.368069807821758,1.0,20.787447251802057,80.49236833554038,36.02400025764974,3.408825379016308,2.601392015218381,1.3519117941631276,4.830740029528014,1.0,1.7068798949433552,1.0,1.0,1.0833144692948875,2.0645277739773897,1.5024039693864322,2.5538077118140756,1.2243063233148235,1.0,22.223911756188222,1.0,1.0,1,1.0,1.0,1.0,1.0,1.6143956788453702,1.0,1.0,28.831989573148768,4.316221569951516,2.5484641923772795,3.1504069835349373,1.6415878513242632,1.2388204612242946,1.4784980275840176,9.902945391816596,1.3795967225098973,1.3251058317892095,4.154588174982025,1.5144041393377745,48.1075065796208,44.251341442399415,18.405670362653417,59.934892423752586,67.81445207981906,49.22929163388696,46.112375633018694,1.0,8.553488867418654,197.96419040031606,116.66807527814343,88.55558892511546,65.68267538418783,29.25180179940003,4.28757644346511,58.11001775751989,48.20356712630866,4.984004688345792,38.75768972347038,23.15008962276762,77.09412553225005,65.06918786489629,23.604829872337547,1.0,668.4258107221976,363.33005004661504,57.9782633927484,546.4797437841064,45.63819131804615,81.33054955436364,81.28857922958989,162.50800976500096,51.59222107563749,6.0384057612622595,87.64706365876383,63.13786632658914,1.0,1.0,1.0,1.0,1.0,1.0,1.0,1.0,1.0,1.0,1.0,1.0,1.0
TEST_05+7일,3.18797055356633,1.0,7.3023946455346405,1.9829318910585578,1.0,2.458869707114347,2.4976248145850133,1.0,2.8340930995745186,1.0,1.0,1.0,1.0,1.0,1.0,1.0,4.241153692607016,1.0,1.0,4.120961403254599,2.4976248145850133,1.4829539699898375,1.0,2.2696159173932378,4.898713525717733,4.574886304386033,6.732114303763785,8.591671036623094,18.632333211314272,5.81898186811126,3.635166934378825,5.125495532546554,2.0029041304428263,2.0222607388336344,1.0,3.426300067204669,43.755245042937894,7.859819026179977,2.8252924170372262,28.288584227746547,22.32618024266791,3.7339082739482397,1.0,1.0,1.0450339745647645,3.1485562754246086,1.0,3.34717966963692,1.5803333656789218,4.102328261740028,26.33441372808208,1.851055664368539,12.57991032466239,2.2809919644172023,3.654805632546873,1.0,1.630622922759354,2.0135775158427682,1.2586542258629547,1.5618923349724425,24.076768422650684,12.910166099502998,11.007398155756581,19.602849322244154,7.628120301342314,1.688615137916964,1.051288224710136,1.9874969814433237,4.68653969594244,7.288814196989981,3.6273633212310714,4.359051339801324,1.0,1.967303454261124,4.529155688572924,1.3870891971932067,1.0,1.8691059773644496,1.4307840509758605,4.107156476043062,3.3929102730896,2.3749585129376545,1.901062128698458,1.80764409964115,3.423290014079763,4.579396478590634,4.140399944786985,2.1393776268635345,3.9469976938020643,4.825903849888842,12.884733018351678,2.151904612607079,6.797744481621143,9.18608781997206,1.0,1.0,1.3189273689895424,1.0,4.854920195697351,8.161265007092425,3.391064185399249,1.908410114594369,9.714789939864394,1.0,88.54525800078244,6.574884818716792,39.48426511032329,5.638812277090407,3.6355272403140804,2.0570101171265325,7.714831363414968,1.0,2.559984834676804,1.0,1.0549372210632855,1.3854162876958338,3.6287057051073233,1.8720884913018345,4.238502263835622,1.9874969814433237,1.6462305719060195,17.49742143743614,1.0,1.0,1,1.0,1.0,1.0,1.0,1.9900277752640338,1.0,1.0,42.964801876915104,6.212701387257239,4.370745587017007,5.681273631455586,2.5246793310964373,2.1728584578809143,2.0625353484879216,11.06182911372731,1.9012398238622978,2.192852340009355,5.09954047075754,2.5873438230548658,86.03433639569673,79.0295321327237,9.853247068856327,27.902221960706598,69.54716100398349,76.51429693903597,61.207439563551915,1.0,9.073115045798083,294.88566768952546,161.11057183539728,143.19318068952904,88.76443462134367,48.9199046783898,8.183562291108922,80.46182838385708,89.80131942792329,10.047644429437417,52.452091831753165,46.709614463798644,122.4074891166275,107.13050269948073,31.903317023912443,1.0,738.1141801074368,614.5464650384513,115.58836440338789,702.6519639015938,68.89647301227154,133.81218920988852,135.0843918838497,289.9883213144155,80.36152304738575,10.712654412747305,147.37849049905373,113.79688820775179,1.0,1.0,1.0,1.0,1.0,1.0,1.0,1.0,1.0,1.0,1.0,1.0,1.0
TEST_06+1일,2.524342716331689,1.0,6.932376690224828,2.1126887471030984,1.0,1.0,6.646912360750755,1.0,1.4809366033856626,1.0,1.0,1.0,1.0,1.0,1.0,1.0,7.202182017659656,1.0,1.0,5.406512018959182,5.2216248052694,1.0,1.0,1.0,4.944635297155339,10.141126268032611,1.895906208302669,21.749237697644944,12.156324646812406,3.908716412544893,4.725780391893567,3.039544513872112,2.867198094275696,1.0,1.0,2.2621785169931674,40.30761002402626,7.936199343591511,4.2203160543111,18.080734058021342,15.5188504195963,1.2223674276974636,1.0,2.2083188922484682,1.0,1.9954367728465807,1.0,5.206927438134478,1.0,4.240365036574653,28.35006906364253,1.1220667141113403,11.079576086917571,1.0,3.0353941805899742,1.0,1.0,1.2229476375498298,1.0,1.0,18.71242894725625,5.498030568498039,4.440353211998798,17.301199226768308,12.306782124332985,1.3515964964535672,1.0,1.0618575219596529,3.5223255598706307,1.0,2.146789641357898,2.467278610506206,1.0,1.0,2.672662043771715,1.0,1.0,1.4927906656481502,1.0,3.5869677236673576,2.6679205068775897,1.285500055854569,1.6273708952398613,1.2950909887986317,2.120399797755108,2.0580568817455855,3.222361571241327,1.89386285823572,2.8478285278757047,4.188888959082557,1.0,1.0682963076348178,4.438758497860739,9.340246067297334,1.0,6.14869070832207,1.0,1.0,4.274238724075053,6.825337193783744,1.418665919894764,1.063003512731115,2.674668021932808,1.0,61.00642497813148,37.77642529728817,23.574821188263183,5.060746710904563,1.8114614023159519,1.6062362874212366,4.779291404463872,1.0,1.3884467426056735,1.0,1.0,1.0,2.693207855889661,1.0823502863555352,2.5858361038792013,1.443271716738507,1.0,11.070846024317461,1.0,1.0,1,1.0,1.0,1.0,1.0,1.752181300407708,1.0,1.0,1.0,4.632821455081334,6.24224016301866,7.726557535398863,2.6919667242921963,2.428475710020678,2.0887025858963812,10.401762725937722,2.728243430662415,1.3380206598085966,3.9727510220237656,2.2101526104711056,68.7821937413728,31.47217488140724,69.3009860304181,8.295474206018241,81.91264728607254,74.14559859931967,34.54076391301339,40.41358246375503,7.3954539499410386,184.2428007733587,208.00072344584186,162.51363654055393,53.19433095847454,28.428880403118733,3.9657663509739987,61.946552563472544,57.2648091571954,6.195266269101537,62.1896788585993,19.887897142076824,90.82372931657116,98.62526312318765,34.92546231640138,1.0,455.8425969364897,220.91831282849063,60.20795678188172,283.0701856660839,37.781471066891285,73.5988187030262,51.544495081092414,173.83314105089997,34.896269647122416,9.575703348536617,78.3539305239156,73.87423878808309,1.0,1.0,1.0,1.0,1.0,1.0,1.0,1.0,1.0,1.0,1.0,1.0,1.0
TEST_06+2일,1.4387314438041814,1.0,4.162679997637166,1.0,1.0,1.0,3.8529995214076513,1.0,1.0,1.0,1.0,1.0,1.0,1.0,1.0,1.0,2.0556844692403886,1.0,1.0,7.665926865602731,3.6483989488215918,1.0,1.0,1.7800057562516192,5.648588026454689,15.652451496444346,9.004861929684033,12.040354515906245,6.941168213402419,2.3318401402441924,2.4731471857347946,1.616600380679654,1.0609920967021613,1.0,1.0,1.3040323499915951,16.41424971281133,3.3116588840560404,1.6362513948246706,14.082119752945054,9.053710624298606,1.0,1.0,3.845550081132516,1.0,1.093397055085935,1.0,1.6810996462214216,1.0,2.2887785480704257,16.717846363728,1.0,7.23523705699885,1.0,1.3791449658770067,1.0,1.0,1.0,1.0,1.0,10.093064991343423,5.200337237067472,5.126902605477304,11.017832873679566,1.0,1.0,1.0,1.0,1.7301841209557995,1.0,1.0617106305699158,1.1329305197338697,1.0,1.0,1.1596052797802876,1.0,1.0,1.0,1.0,1.5098863668986984,1.6273679757002515,1.0,1.0,1.0,1.179917095059247,1.0948653246502515,1.7388024071223858,1.0154119916768665,1.6503382463421659,1.9587148474799374,6.205300107758799,1.0,2.0743237726018178,4.824271783948958,1.0,4.236798858319488,1.0,1.0,8.203062272481237,3.154614191270088,1.0,1.0,1.7791012739811458,1.0,17.430632747444598,63.38103208608953,31.300277595266607,2.4629795656726854,1.0,1.0,1.9976002324920885,1.0,1.0,1.0,1.0,1.0,2.2558221866592247,1.0,1.0920133389216546,1.0,1.0,21.773965295539945,1.0,1.0,1,1.0,1.0,1.0,1.0,1.0,1.0,1.0,1.0,2.3055222502217463,2.3990916700838545,4.428104426572364,1.47182530635427,1.0,1.029457150918264,5.446493215771125,1.0,1.0,2.279672226078385,1.1468899892058324,41.03041476459886,20.158720695340044,1.0,1.0,37.59187426568975,37.87089717010534,20.801639860456525,16.910283920788103,3.3105975368389977,118.2520274404576,84.45498317567208,84.41698466995807,31.74768332323194,12.86260371120668,2.3493091899430922,31.66960037387006,36.20999656435558,3.7741270239050335,25.986175343696004,12.387730954998178,47.48220771874708,39.27708626658898,15.314648935877571,1.0,147.70706209638968,74.39229362085425,34.67159062206162,75.78630469314088,13.073730029146374,34.25006008325971,31.664924074144746,62.87173029976003,14.83128826967111,4.3629410001956925,38.60611104184743,37.251036278957336,1.0,1.0,1.0,1.0,1.0,1.0,1.0,1.0,1.0,1.0,1.0,1.0,1.0
TEST_06+3일,1.232453045273518,1.0,3.751594985285295,1.0494170719183833,1.0,1.0,16.849229063019877,1.0,1.0,1.0,1.0,1.0,1.0,1.0,1.0,1.0,3.9568563488787736,1.0,1.0,11.847688161123987,4.873537196983278,1.0,1.0,1.0,7.036212608326819,15.120141645916451,7.592001724939507,23.081352150050968,5.362017071004211,2.181705715532521,2.0996203645862255,1.5705196344066361,1.0376047214101647,1.0,1.0,1.3671895003646517,10.27300245640163,3.1180033104404714,1.8108596388015012,10.744245562600717,6.495274228504416,1.0,1.0,1.1650581821789547,1.0,1.0825039266525762,1.0,1.8958178194836641,1.0,2.0798174811460513,14.875005511993653,1.0,5.580357921824758,1.0,1.344423280291722,1.0,1.0,1.0,1.0,1.0,8.211249311815092,5.548269613081411,3.483500506319625,9.444389623658326,9.266410836710083,1.0,1.0,1.0,1.865197697484625,1.0,1.0757648682252425,1.4253158393656946,1.0,1.0,1.3868125454088742,1.0,1.0,1.0,1.0,1.524566715710698,1.702985607635073,1.0,1.0,1.0,1.1856620061068779,1.2547922829512157,1.7303377932232014,1.0637620007147295,1.6320541016024297,1.9374572399503132,53.05337513588177,1.0,2.066614270733777,4.004114155051527,1.0,4.8146427144442,1.0,1.0,13.136501677887585,2.814976274604858,1.0,1.0,1.0884810698129088,1.0,18.58326765624421,73.6415721189372,20.779729122193636,2.4101539711354714,1.0935269399816887,1.0,2.0362609385497765,1.0,1.0,1.0,1.0,1.0,1.3140886824580467,1.0,1.140154603832395,1.0,1.0,42.07229443636218,1.0,1.0,1,1.0,1.0,1.0,1.0,1.0534580688821356,1.0,1.0,1.0,2.4763447487345682,2.5762928322079897,3.420970432612729,1.4114347065582984,1.0694490605391413,1.0461382007257003,5.259672609361497,1.1701626769420406,1.0,1.6710804398564831,1.3459516550626203,38.949861657858634,18.76750166962173,23.217500898762992,69.83639154341331,42.670639219804094,37.93866228408019,26.75196899745542,16.969626340186327,3.237780170652751,91.84822068202345,74.64962058315287,57.319956330505406,28.25895305679166,10.642145642686438,2.921772553885725,24.74541533251444,28.700300435685683,3.264216116683226,25.612907717764244,9.40157633310159,36.69660757008827,44.85119317419849,11.88556870167528,1.0,192.55003225935434,103.53948388276807,24.85869272442544,107.05702614927611,10.733516234171017,31.980000909805085,19.43737935358704,60.654478152537756,12.387683863358886,4.139280006049224,52.27812116373584,27.27770251498,1.0,1.0,1.0,1.0,1.0,1.0,1.0,1.0,1.0,1.0,1.0,1.0,1.0
TEST_06+4일,1.1663217763680676,1.0,3.8822787071855336,1.1166216863422211,1.0,1.0,7.15205355266406,1.0,1.0,1.0,1.0,1.0,1.0,1.0,1.0,1.0,2.7624903123541227,1.0,1.0,3.12626198975774,2.0696365915921495,1.0,1.0,1.0,8.259621607179763,11.10331208088246,15.039310110994029,15.380183394209755,5.57181410314357,2.306306999068509,2.7800056287949992,1.4012717297680213,1.2167583148431316,1.0,1.0,1.092442397161236,15.219831699825036,2.8571688370598167,1.6043239443258428,30.162136453575087,8.554106063523657,1.0,1.0,2.6503092797488366,1.0,1.140102155301164,1.0,1.7333181368076072,1.0,2.0853976115079518,13.273667860057362,1.0,5.471008260581367,1.0,1.235327070759488,1.0,1.0,1.0,1.0,1.0,8.734807616741621,6.503447672002654,1.9191621575863798,8.063632626274664,11.692409219701727,1.0,1.0,1.0,1.627261684992944,1.0,1.2200702386993791,1.2804471143987537,1.0,1.0,1.2953792882891402,1.0,1.0,1.0,1.0,1.56866651188535,1.3620549030652187,1.0,1.0163179965474693,1.0,1.197773880608892,1.1286169959040389,1.644871551190863,1.0,1.6836814743697663,1.9423933611639075,14.198804038154941,1.0,1.5336317060254698,4.542959140173242,1.0,5.177406058511142,1.0,1.0,14.087896323604525,2.4376076941977596,1.0,1.0,1.0,1.0,10.3270402917277,44.020111149264196,28.033432396237757,2.2645681408802063,1.1746124388390722,1.0,1.9034004359162848,1.0,1.0,1.0,1.0,1.0,1.2465654405125974,1.0,1.1851297473910902,1.0,1.0,25.07443162650715,1.0,1.0,1,1.0,1.0,1.0,1.0,1.0,1.0,1.0,1.0,2.1867251942375687,2.473887963805178,4.87075336211404,1.2703647903571382,1.0953778823050544,1.1306813669545341,3.633917162446031,1.1563397741984078,1.0,1.6478425597967392,1.468636805407286,37.588235921324284,20.979189885998625,69.64241208876292,69.4210465798858,27.98690669233138,31.840409317833384,28.272377950839868,14.55740632971726,2.9712653590658924,104.18452344007659,47.86076764699403,57.748986254680815,29.607669857504625,10.804696505159951,1.3734088713552821,20.968362747530904,26.24752985602448,3.358214331257247,25.78862228288859,8.231517571735175,33.26822009844084,31.165104500725313,14.02417347471314,1.0,159.8720847208989,107.8097060101795,22.36613500657051,111.04770963262438,12.882733397446177,28.275448489920898,13.404695475346966,50.99854401342674,12.044721780489436,4.367203801559825,32.91975348035604,27.474490863266332,1.0,1.0,1.0,1.0,1.0,1.0,1.0,1.0,1.0,1.0,1.0,1.0,1.0
TEST_06+5일,1.4437439429237373,1.0,3.509380833850372,1.26586055762968,1.0,1.2874049581291747,30.617215886105537,1.0,1.1756699166715534,1.0,1.0,1.0,1.0,1.0,1.0,1.0,12.012512679175103,1.0,1.0,9.815427247258453,10.52819134234333,1.0,1.0,1.0,13.631816009601687,24.255127238310813,12.328230678328444,33.74323875058221,5.592126980508248,2.1427886641916563,2.9104106928953577,1.7380467298599793,1.3725571451619443,1.0,1.0,1.2927663475664664,23.729722799541797,3.115292320048423,1.9237655194975538,21.935893606859146,5.078089712718863,1.0,1.0,2.65775373480549,1.0,1.2408681510702828,1.0,2.2144731083106874,1.0,2.092872391468913,16.24400468371971,1.0,5.238105778784238,1.0,1.5590987634075015,1.0,1.0,1.0,1.0,1.0,9.63903357716812,6.848034649279643,3.6644413034770884,8.169291572650025,20.129323204400965,1.0,1.0,1.0,1.5001893952476726,1.0,1.6023712713642548,1.5086236419875267,1.0,1.0,1.2523724525626008,1.0,1.0,1.0,1.0,1.8003599973479312,1.3252961457065857,1.0,1.3274059021044964,1.0,1.6276838248310295,1.5682887770081533,1.9781876716860314,1.0102832823176524,1.9057292282390315,1.8000368062611931,47.002157338543256,1.0,2.5713540181866255,5.038865602266578,1.0,3.772741106399044,1.0,1.0,12.527585697760095,3.3797306912222735,1.0,1.0,1.2006019939900177,1.0,31.1854678497451,38.820438985258235,39.78155236734571,2.2416121844304326,1.081956341901641,1.0,1.845528056481907,1.0,1.0,1.0,1.0,1.0,1.5570489587981347,1.0,1.1414254625710538,1.0517880834898143,1.0,49.77195378217573,1.0,1.0,1,1.0,1.0,1.0,1.0,1.2335809687620358,1.0,1.0,1.0,2.727020713431255,2.740516018617986,3.62654665062582,1.5006202649417995,1.478036804140839,1.1857221826595867,5.666100513568767,1.4230770668183905,1.0,2.0945232836089254,2.291444605204725,33.572477385088824,26.191615210414778,67.13470777616686,89.73848128085352,21.84192455424364,38.857227787429025,26.838529367670155,25.8929082084635,3.1701365425473655,53.85793577744541,52.9385703364124,67.89969852164234,26.476159238433738,9.542877955187109,7.405425397339632,19.83491771194568,24.219323909270457,3.1703916780876713,20.854921388622003,3.1315359941638623,40.58224030789221,40.92007542653008,13.25210227050238,1.0,198.31691942791647,169.01960939052475,24.105428505690952,91.16081204777353,14.614673653990682,29.227060372338947,19.162828528669742,46.907110923051604,14.966126312170285,4.313397459730008,32.96184745302591,32.46991521302648,1.0,1.0,1.0,1.0,1.0,1.0,1.0,1.0,1.0,1.0,1.0,1.0,1.0
TEST_06+6일,2.1558263346635145,1.0,5.163378705938648,1.7936259177716045,1.0,2.1205692700315115,24.543123450029604,1.0,1.5043378669209417,1.0,1.0,1.0,1.0,1.0,1.0,1.0,12.668074889163911,1.0,1.0,11.512699710789343,13.490723523031107,1.0,1.0,2.568460620513137,16.964508829853273,36.106401312617535,16.145275949803878,38.98911218003578,8.551567602230518,3.2561301437503234,5.0462742539087415,3.2613747327904976,2.1369541657548363,1.2154628903828657,1.0,1.8482147096800552,25.995895160136453,5.700683091784831,2.652662570152791,21.762541836979604,8.583770757875113,1.2184329746522788,1.0,3.490266592792715,1.0,1.8077239306592658,1.0,3.4878741952177084,1.0,3.4180997420140793,14.016876268024639,1.0,6.967019830105851,1.0,1.7484836212545778,1.1222106794490623,1.1149854039236864,1.3683189731095418,1.1809876266526365,1.0,11.181402367071065,10.194111345744762,6.956178920864643,11.67227626431118,20.121071985903257,1.2412734745302085,1.0261800548249493,1.336425355643838,2.4094942242759143,1.0,1.9864747230687838,2.6415797767092486,1.0,1.0,2.1453322965092596,1.0,1.2090577784585141,1.550419846406782,1.20326401664673,2.7452044497615375,2.3128076792349845,1.4354272048690673,1.9191363651679203,1.3909710720480748,2.016125874101179,2.384963523774065,4.314048117114231,1.7135202292797365,2.745071325909424,3.3669014268641746,47.493355216982216,1.3176456653907034,3.16753807146178,8.32062042495546,1.0,4.545003998608655,1.0,1.0,9.692640200775212,4.539415030721969,1.4750230605134356,1.3608757891228904,1.6162835781158154,1.0,22.6574140275066,31.389985018078562,26.2536909691933,4.403102149334901,1.9403158010747228,1.3917594589761009,4.108625574063435,1.0,1.5115965147743256,1.0,1.0,1.1411053407480236,2.407868647530491,1.2090577784585141,1.89931113925433,1.7336544865860102,1.0744298729660386,22.97571517821996,1.0,1.0,1,1.0,1.0,1.0,1.0,1.8698906744245085,1.0,1.0,1.0,3.591762023463666,4.462155172319519,6.14688792695833,2.1881955070601755,1.7393096319586183,1.8591187089827081,9.303987856897209,2.004317247048035,1.3707965687216588,3.4959871851667614,3.1322254605320206,35.634243088903936,47.37184751822018,118.66306152210316,70.56162724705841,25.743590288987804,39.67342589444635,33.11578636896035,26.589581741119286,3.6963415743818206,87.83410894832149,122.56083280533247,82.61169220003586,34.117121617831216,10.394645869847073,2.049443975216726,25.254872952981408,26.72579641834405,4.36040194186498,23.303985480718403,13.019488380420967,53.15279413309815,57.420162016109586,19.839287264000745,1.0,351.59077102386937,140.30812892674285,32.26629380372398,55.27985113145307,17.37368508086988,33.74031609501371,20.343749799167778,107.65994200404695,20.673714405954613,4.937796111028129,38.89387540924622,30.186798164349057,1.0,1.0,1.0,1.0,1.0,1.0,1.0,1.0,1.0,1.0,1.0,1.0,1.0
TEST_06+7일,2.659264174831235,1.0,6.647150269721129,2.7510411800187797,1.0,1.4796929365677882,10.502274105045936,1.0,1.7915550165982235,1.0,1.0,1.0,1.0,1.0,1.0,1.0,1.8129927641713048,1.0,1.0,12.220750170663717,4.09799878251407,1.0,1.0,1.0,4.238707914816635,14.506471528630792,1.522651052559291,22.437533019652395,10.67773821257985,5.014876667867013,5.48491582073435,5.321287709624231,4.296071100203173,1.6491976888674968,1.0,3.054539071120356,43.57137344763264,8.73749050855536,4.83235615942986,39.36239598579357,10.588128221986704,1.7852343230007734,1.0,5.0792353810024276,1.1834318233064185,2.704702739036273,1.0,6.53535303249317,1.0,4.8807095453520155,28.564539850623355,1.621294640441205,10.32460366734032,1.0,3.5246800414858104,1.3582778290723567,1.5701423183569108,1.9652544315257887,1.4592229134125758,1.0,23.95453053984747,8.895934942028704,8.480128677486258,19.26946623582576,12.813569533910869,2.201696723728375,1.193532643107944,1.5226439243836452,4.437533897579572,1.0,2.64975460160176,3.3613589125203647,1.331230633841107,1.1799506405605404,3.548837188995074,1.0813185283931368,1.392519117025857,2.3636529541985114,1.5417193337501773,4.412273896779492,3.55170883310685,2.0357968574473073,2.403838292346969,2.164210027834221,2.350307004278903,2.8245883142814785,3.8985283444722767,2.6657817045445498,3.6972334929633286,5.261216716052284,1.0,1.6492263966412533,5.572118102115056,11.572755349967258,1.2292580682633576,6.623241149232768,1.1712280107072364,1.0,1.852348417189754,8.52588940429648,2.036786442557893,1.7464879254041499,3.3956738391824066,1.0,85.87506825700893,2.193886277378219,39.746414337226966,5.666474187368183,2.8024692361154795,2.302120226760951,6.130261689314082,1.0,2.2977824307457526,1.172606725745536,1.0,1.6679206386694108,3.171927960448221,1.8083865145383662,3.309842811895451,2.284709344007166,1.3396725764835868,4.349912877778844,1.0,1.0,1,1.0,1.0,1.0,1.0,2.9973054247021667,1.0,1.0,1.0,5.399211208753366,7.9177981503223975,7.859323102701972,3.1404552157288723,3.5409483423511543,2.5220779954234764,12.022241814065696,3.4378668948075584,2.164210027834221,5.1298626547638,3.2604887311258555,49.75213782380402,34.35324839174545,124.56849947585621,13.240748616548133,43.63560206062288,54.54210326212437,32.43713045915367,34.824357664219576,9.197591550176675,143.195773484662,268.0082036359832,143.81521647433308,47.635820056814026,20.162783114600717,5.776978673503706,36.74514357603381,40.096967711184504,5.590161540360265,45.00139304706662,19.83732912930527,75.21526349653466,72.29474363636555,28.258182416331188,1.0,271.50082862856794,183.96443006694244,30.757349756111147,92.31493195454986,31.174443007779544,50.7303008933041,34.49571558975305,174.87597140362908,29.45040952039097,11.000043021317929,36.421532387218605,41.90658900798552,1.0,1.0,1.0,1.0,1.0,1.0,1.0,1.0,1.0,1.0,1.0,1.0,1.0
TEST_07+1일,1.0180212045943726,13.458021137821017,4.1382199507807105,2.1075417117947937,1.0,1.0,1.0,1.0,1.0419191996617743,1.0,1.0,1.0,1.0,1.0,1.0,1.0,2.2663348851391665,1.0,1.0,1.1983618592450627,1.0,1.0,1.0,1.0,1.4968266086964057,3.541649300524544,12.517688121207515,10.249318855909253,2.63563329377837,1.6397382331838886,1.746502668952016,1.8254690750720213,1.0038647057640784,1.0,1.0,1.1537286353330352,14.587301381580534,1.9445586346948989,1.2836312821843727,11.669573116795853,3.881403808108426,1.019820083538598,1.0,1.0,1.0,1.0,1.0,1.990822056156539,1.0,2.370593229441874,11.092076112780848,1.0,3.693329163813932,1.0,1.0,1.0,1.0,1.0,1.0,1.0,7.495849495305921,5.679684989798338,4.0487251490437846,5.769123981191607,2.0380622589000796,1.0,1.0,1.0,1.0,1.0,1.0,1.0,1.0,1.0,1.0,1.0,1.0,1.0,1.0,1.0,1.0,1.0,1.0,1.0,1.0,1.0,1.0,1.0,1.0,1.0,2.626343648897927,1.0,2.89787216962576,7.015289280136528,1.738384831811956,1.0,1.0,1.0,5.534285205220103,4.089241432804344,1.9093164061243728,1.0,1.0,1.0,47.01443474624155,16.316366508962197,23.607253701363298,2.955105247714852,1.3169033767428107,1.0,6.02659157163944,1.0,1.0361097564909558,1.0,1.0,1.0,1.2366380007582958,1.0,1.4156708210591944,1.1528279146009424,1.0,1.0,1.0,1.0,1,1.0,1.0,1.0,1.0,1.0,1.0,1.0,1.0,3.197429132653463,1.04035931462913,1.7925664728787856,1.2765716583489606,1.0,1.0,4.313757307731995,1.0,1.0,1.6001334899257853,1.2883714110612103,1.1629049396508289,1.0,37.80662000187651,112.39920731281852,2.5763740776223214,1.0,1.0,1.0,1.0,1.5329241974842462,1.0,1.0,6.851349847677957,2.7028296022010485,1.0,1.0,3.494990864277401,1.0,1.0,2.253307202884736,1.0,1.0,1.0,1.0,1.0,1.0,1.0,1.0,1.0,1.0,1.0,1.0,1.0,1.9633689976279336,1.0,1.0,1.0,1.0,1.0,1.0,1.0,1.0,1.0,1.0,1.0,1.0,1.0,1.0,1.0
TEST_07+2일,1.0,14.570494046925052,1.0,1.0,1.0,1.0,3.6767893256806508,1.0,1.0,1.0,1.0,1.0,1.0,1.0,1.0,1.0,7.380491894857155,1.0,1.0,20.897754692338452,5.744746089287232,1.0,1.0,1.0,20.402271355607567,6.414817514810246,17.223183012018534,4.199225789636921,1.4398529297234335,1.300861599053715,1.3058888932126504,1.0,1.0,1.0,1.0,1.0,1.603136002536163,1.0,1.0,6.194696893204268,3.556894202502135,1.0,1.0,1.0,1.0,1.0,1.0,1.0,1.0,1.0,2.5218966580546063,1.0,1.0,1.0,1.0,1.0,1.0,1.0,1.0,1.0,2.177552016782569,3.896834300973527,1.6262140214047076,2.4406566995422083,1.0,1.0,1.0,1.0,1.0,1.0,1.0,1.0,1.0,1.0,1.0,1.0,1.0,1.0,1.0,1.0,1.0,1.0,1.0,1.0,1.0,1.0,1.0,1.0,1.0,1.0,6.627209009745841,1.0,1.0,1.0,1.0,1.0,1.0,1.0,11.28363124897101,1.0297863398038514,1.0,1.0,1.0,1.0,1.0,18.534370487056936,7.442426976748514,1.0,1.0,1.0,1.0,1.0,1.0,1.0,1.0,1.0,1.0,1.0,1.0,1.0,1.0,1.0,1.0,1.0,1,1.0,1.0,1.0,1.0,1.0,1.0,1.0,6.968174409255176,1.0,1.0,1.0,1.0,1.0,1.0,1.0,1.0,1.0,1.0,1.0,1.0,1.0,24.181806592128016,139.06868749778985,1.578719673555002,1.0,1.0,1.0,1.0,1.0,1.0,1.0,1.0,1.0,1.0,1.0,1.0,1.0,1.0,1.0,1.0,1.0,1.0,1.0,1.0,1.0,1.0,1.0,1.0,1.0,1.0,1.0,1.0,1.0,1.0,1.0,1.0,1.0,1.0,1.0,1.0,1.0,1.0,1.0,1.0,1.0,1.0,1.0,1.0
TEST_07+3일,1.0,21.08454286825623,1.1517620049593633,1.0,1.0,1.0,5.063369837108348,1.0,1.0,1.0,1.0,1.0,1.0,1.0,1.0,1.0,7.48270966001955,1.0,1.0,15.675686014822741,5.604378520456475,1.0,1.0,1.0,13.821085947441421,9.711766084445397,16.201579318711357,13.878803287351252,1.257188202210665,1.0,1.0,1.0,1.0,1.0,1.0,1.0,3.221406793085115,1.090627359633593,1.0,2.101817629366195,1.4466535825124667,1.0,1.0,1.0,1.0,1.0,1.0,1.0,1.0,1.0,3.1429024799696004,1.0,1.063542617873318,1.0,1.0,1.0,1.0,1.0,1.0,1.0,1.0,4.118414658420273,1.298013974680202,2.3935335624923875,1.0,1.0,1.0,1.0,1.0,1.0,1.0,1.0,1.0,1.0,1.0,1.0,1.0,1.0,1.0,1.0,1.0,1.0,1.0,1.0,1.0,1.0,1.0,1.0,1.0,1.0,2.4109049754886405,1.0,1.0,1.2955232133520151,1.0,1.0,1.0,1.0,9.968438491509401,1.0,1.0,1.0,1.0,1.0,9.727752732738802,12.82604009563745,1.0,1.4197990505397873,1.0,1.0,1.0,1.0,1.0,1.0,1.0,1.0,1.0,1.0,1.0,1.0,1.0,1.0,1.0,1.0,1,1.0,1.0,1.0,1.0,1.0,1.0,1.0,3.4762213354093356,1.0,1.0,1.0,1.0,1.0,1.0,1.0171703379369483,1.0,1.0,1.0,1.0,1.0,1.0,27.872342996502063,17.339293544948166,2.9420078084145884,1.0,1.0,1.0,1.0,1.0,1.0,1.0,1.0,1.0,1.0,1.0,1.0,1.0,1.0,1.0,1.0,1.0,1.0,1.0,1.0,1.0,1.0,1.0,1.0,1.0,1.0,1.0,1.0,1.0,1.0,1.0,1.0,1.0,1.0,1.0,1.0,1.0,1.0,1.0,1.0,1.0,1.0,1.0,1.0
TEST_07+4일,1.0,36.58834184931525,1.0,1.0,1.0,1.0,4.732320534677543,1.0,1.0,1.0,1.0,1.0,1.0,1.0,1.0,1.0,9.166267751671224,1.0,1.0,13.449547822395983,4.788581494194286,1.0,1.0,1.0,15.541152860775405,12.207507707009624,14.07841734871884,15.673726559745724,1.0,1.0,1.0,1.0,1.0,1.0,1.0,1.0,3.1094790915251327,1.2918878854156175,1.0,6.213662848398489,1.5578395361026822,1.0,1.0,1.0,1.0,1.0,1.0,1.0,1.0,1.0,3.0006543319722363,1.0,1.3459084346653987,1.0,1.0,1.0,1.0,1.0,1.0,1.0,1.3260897245233791,1.8931230635780494,1.0062366383622123,1.6548074036881095,1.0,1.0,1.0,1.0,1.0,1.0,1.0,1.0,1.0,1.0,1.0,1.0,1.0,1.0,1.0,1.0,1.0,1.0,1.0,1.0,1.0,1.0,1.0,1.0,1.0,1.0,1.0,1.0,1.0,1.0,1.0,1.0,1.0,1.0,8.896414476859473,1.0,1.0,1.0,1.0,1.0,6.323357786676366,1.953974779385923,3.2694848971012607,1.164438310415202,1.0,1.0,1.0,1.0,1.0,1.0,1.0,1.0,1.0,1.0,1.0,1.0,1.0,1.0,1.0,1.0,1,1.0,1.0,1.0,1.0,1.0,1.0,1.0,11.274606587800992,1.0,1.0,1.0,1.0,1.0,1.0,1.5563258092805587,1.0,1.0,1.0,1.0,1.0,1.0,30.247094034653923,38.502158463757894,1.330153143222451,1.0,1.0,1.0,1.0,3.8513896996516466,1.0,1.0,1.0,1.0,1.0,1.0,1.0,1.0,1.0,1.0,1.0,1.0,1.0,1.0,1.0,1.0,1.0,1.0,1.0,1.0,1.0,1.0,1.0,1.0,1.0,1.0,1.0,1.0,1.0,1.0,1.0,1.0,1.0,1.0,1.0,1.0,1.0,1.0,1.0
TEST_07+5일,1.0,28.668809727369386,1.9641045817717304,1.3591249381625097,1.0,1.0,16.65487556365155,1.0,1.0,1.0,1.0,1.0,1.0,1.0,1.0,1.0,24.85540678256407,1.0,1.0,38.03838481999487,16.82503487080026,1.0,1.0,1.0,33.36391966425506,19.99751185150899,27.15627784245959,19.047394653609512,1.7151671434216484,1.3851373789665211,1.5064457270898428,1.2122140285285827,1.0,1.0,1.0,1.0,7.627787827920944,2.3027340514877035,1.3701798828307015,16.465843068014998,2.9000798596081134,1.0267781387465498,1.0,1.0,1.0,1.0,1.0,1.3036853057491369,1.0,1.5208674430406135,2.7121478688860847,1.0,2.077851809097601,1.0,1.0,1.0,1.0,1.0,1.0,1.0,2.426650323148806,4.4926976756041705,2.0282541918521573,2.2798128525617445,1.4737052143288984,1.0,1.0,1.0,1.0,1.0,1.0,1.0,1.0,1.0,1.0,1.0,1.0,1.0,1.0,1.0,1.0,1.0,1.0,1.0,1.0,1.0,1.0,1.0,1.0,1.0,18.065356228860637,1.0,1.1602789708607602,2.1383414310095983,1.0245405375871526,1.0,1.0,1.0,11.481780308759356,1.7168208235942721,1.0638362424621828,1.0,1.3403295063771479,1.0,12.921439724880967,14.765435504793238,16.50561587971463,1.9386647218836535,1.0,1.0,3.181823203084294,1.0,1.0,1.0,1.0,1.0,1.0,1.0,1.0,1.0,1.0,1.0,1.0,1.0,1,1.0,1.0,1.0,1.0,1.0,1.0,1.0,16.95723833974343,1.7114016350934194,1.532630726120501,1.288270780446215,1.0,1.0,1.0,2.0590957343752256,1.0,1.0,1.0,1.0,1.0,1.0,42.16363832512648,63.81382364105808,2.1283923975089465,1.0,1.0,1.0,1.0,1.0337377701849166,1.0,1.0,1.5078440661539094,1.0,1.0,1.0,1.0,1.0,1.0,1.0,1.0,1.0,1.0,1.0,1.0,1.0,1.0,1.0,1.0,1.0,1.0,1.0,1.0,1.0,1.0,1.0,1.0,1.0,1.0,1.0,1.0,1.0,1.0,1.0,1.0,1.0,1.0,1.0,1.0
TEST_07+6일,1.8921146643314806,26.27342253051289,6.06323583056243,3.2229704462926,1.0,1.2042132727283108,18.182520795423766,1.0,1.631816227408927,1.0,1.0,1.0,1.0,1.0,1.0,1.0,19.31111658549728,1.2004911653030332,1.1815688959587034,23.77952411943877,18.810200867102054,1.0,1.0,1.0,23.81798963275552,19.728306830260745,17.021775296263517,49.120994923096,2.405085972688516,2.180431056410673,2.1086491188775867,2.0863767668960134,1.4718170543781093,1.0,1.0,1.6523694484847287,14.747796230573263,3.421855098803922,2.771150839493879,18.32091552216712,4.114062478247292,1.7947118669008963,1.0,1.0,1.0,1.7388202406882085,1.0,2.7063137410356024,1.0,2.8408223124947227,6.867959231118407,1.0,6.440399301519,1.0,1.6515471622486546,1.0,1.225532199123588,1.0,1.2289673646101342,1.0,5.953787237832971,9.427116173960348,2.447515087310758,7.11016319694134,3.0791006206186564,1.468738581384935,1.0969359981956666,1.0,1.2228480242843829,1.0,1.2248134809344322,1.773786846213714,1.0,1.0,1.2561849552004845,1.086339965492626,1.0,1.0,1.0,1.209304233154586,1.7798219341185137,1.1153985782412361,1.0,1.1810860921377109,1.260585446914962,1.2358839773292742,1.6766492482697313,1.0,1.252416272720626,1.7736442719034113,44.42312246424943,1.5127811985803816,2.886492513520841,6.066494006890297,1.6270350855876208,5.760848634431593,1.1487136599711665,1.0,19.82966952622556,4.787109998430573,2.1254419883543747,1.1138780869448421,2.23937683138264,1.0,37.18310731978009,32.53600750434835,21.45128186702286,4.110830865473446,1.7402326631075908,1.126128093366911,6.374955642162689,1.0,1.5142601133495757,1.4958009055397465,1.0,1.0,1.7012093228714629,1.3142156112059333,2.2050433666563265,1.5376720219918787,1.5339824547209102,1.0,1.0,1.0,1,1.0,1.0,1.0,1.0,1.1487136599711665,1.0,1.0,10.783026373660988,3.366404135847243,3.006761759598895,2.236777069237978,1.699996993732337,1.628548200321842,1.4922464867702296,6.249246278844565,1.6925743285506294,1.597317068292661,1.4557736381937183,1.7615542582229193,1.9224284694320386,1.0,59.22334680525151,140.96820191017736,3.2989371217578345,1.0,1.980914504665423,1.0,1.0,1.0118790896244216,1.0,1.0,5.634849997737975,2.289637505599303,1.0,1.0,3.847419066578305,1.2545525758683205,1.3975563235738928,1.6152024301592074,1.0,1.0,1.0,1.0,1.0,1.0,1.0,1.0,1.0,1.0,1.0,1.0,1.0,1.543511165486482,1.0,1.0,1.0,1.0,1.0,1.0,1.0,1.0,1.0,1.0,1.0,1.0,1.0,1.0,1.0
TEST_07+7일,3.81145384876091,2.5856383197673667,9.298729258262973,5.23119959831839,1.1188251722461882,1.8419150339126502,1.977214697246432,1.0,2.967472203090113,1.0,1.0,1.1187709992161594,1.0,1.0,1.0,1.0,2.7537237772633754,2.119971783247884,1.4206429141104018,5.947933575955519,3.6527056784469982,1.0,1.0,1.0,6.374398451369254,3.6300319441760474,5.688908319994942,27.59672403239697,5.028892246680205,3.527354882509427,3.5686377736401735,3.793689464465881,2.303118605590874,1.657689174400781,1.0,2.9994486876539,21.1526568055195,3.99085317021426,2.852598801325309,23.989708219824777,9.29775577640088,2.7500870852158323,1.0,1.0,1.0,2.4555794110772178,1.1454699385769072,5.5829376509775255,1.488717113793582,5.5991191199411485,12.965530610590172,1.0,7.812081026523497,1.0,2.3459578862664268,1.0,1.44748622176326,1.0,1.7858542325401077,1.2624433514855573,10.235124135680344,10.61585199397254,5.370919724896396,9.944919932960117,5.0372298210860915,2.3307419407393235,1.5132915487663223,1.0,2.105556667936812,1.0,1.999263298740364,2.658067785685232,1.0,1.0,1.8681813599967727,1.4914624205009415,1.0,1.0,1.0,2.141875636806465,2.7730549004154468,1.552594251664967,1.0,1.775351626544003,1.8618654134177932,2.1701312672028643,2.502191447077339,1.0,2.1052188994788894,2.658067785685232,6.5803038812350465,2.6687748916251763,5.0037313060602955,11.907507803199675,4.31005844911937,1.616008208581155,1.572251439197042,1.393486594022006,4.285019752742307,8.740566018847169,5.180524841273019,1.808472918729289,1.2082500635646802,1.0,87.31815088729209,32.11615820052114,32.17664973562995,8.920155005629198,3.3224502628852566,1.5806396856463294,11.322844496849772,1.579522134596089,2.5856958652946975,2.50224744804863,1.393486594022006,1.6263312447673979,3.1288026166698586,1.9681936094997272,3.547056514862953,2.8812234219949437,2.4307669182231084,1.0,1.0,1.0,1,1.0,1.0,1.0,1.0,1.5891959668230795,1.0,1.0,5.481034427451916,6.648804540706729,3.343092738747933,4.217776685827473,3.2111368966838967,2.7533178404115852,2.453840155578667,8.62462453442518,2.8108625878369367,2.652344562571253,3.176816729296723,3.5844741655132424,2.6336425627670286,1.0,90.67386552378423,118.17776915058471,5.574317973084011,1.0,3.1087278811181367,1.0,1.0,2.212093638792565,1.0,1.0,15.591651989536079,4.602672322198418,1.0,1.0,3.260847778836639,2.79044327973973,3.8347783114018785,4.490857366195964,3.2252915847495753,1.0,1.0,1.0,1.0,1.0,1.0,1.0,1.0,1.0,1.0,1.0,1.0,3.827734485567263,1.0,1.0,1.0,1.0,1.0,1.0,1.0,1.0,1.0,1.0,1.0,1.0,1.0,1.0,1.0
TEST_08+1일,4.1184629118674225,15.500975854301394,5.55475683005438,4.603838367294864,1.0,1.9360524885073962,5.191986787483906,1.0,3.1593505906658192,1.0,1.9347022826028093,1.0,1.0,1.0,1.0,1.0,6.86076794131222,1.0,1.0,1.0,8.386914741289107,1.6771754006175599,1.0,1.1570832686947032,8.880440331545817,1.0,8.71692511423837,3.153931767132621,17.59203854885551,3.9998208770210444,5.044353587210734,5.49438188677814,1.2601336482292025,1.0,1.0,5.205554413649729,41.79827634801714,1.0,2.4693318028548035,20.069214620540322,19.707844562596065,4.663427141899334,4.081573373707442,1.0,1.0,2.100314934480713,1.0,2.837535701652627,1.0,2.058872767578167,9.233378268692196,1.0,6.430783801848763,1.0,4.094797712772531,1.4883433697058397,2.6732013567791713,1.6335949161569596,1.0,1.0,7.364384920728885,10.572665537966964,21.617945661132275,9.205759764186704,13.604807779849303,1.8863602948994105,1.0,1.5977254177876294,4.340410176214039,1.0,1.6526479652218597,1.9513120959853518,1.0669258952948284,1.0,4.350901571503242,1.0,1.0,2.0578656267598907,1.0,1.9542766157910525,1.1038294387901568,1.0,1.0,2.5217456666503213,1.4258907657550988,1.0349783875472593,4.674586256651234,1.0,2.8930090611569206,4.389986555191465,9.163295569614556,1.5322742665388138,4.282872269010365,7.236066521977846,1.0,1.467744153175225,1.0,1.0,15.064185420695477,8.11960759098358,2.801473193806694,1.0,7.279751874931076,1.0,206.8100548065878,10.844246765852796,35.21964980127835,2.4054437885985385,2.168972840656905,1.0,2.2478026723183806,1.0,1.0,1.7477975303168067,1.0,1.0,1.0,1.0,2.727746505656718,2.2745466539058268,1.0,1.0,1.0,1.0,1,1.0,1.0,1.0,1.0,1.0,1.0,1.0,12.916897885007545,1.8992009692106488,1.663373571532368,4.26313595479428,1.3651155436733537,1.0,1.4098470786297965,3.8091482014219538,1.0,1.2943444231776795,2.499589661853318,1.2499488922503703,3.8288909648095677,1.0,7.426424360612464,9.190764907468129,8.440740624234753,1.0,5.086248185177871,1.0,1.0,7.842293588117107,1.0,1.0,15.804086416667875,3.228321404572652,37.11109597692387,1.0,7.565557819327592,1.3042698584944827,8.021054607352493,3.0759502736279094,7.237621406373404,1.0,1.0,5.759281374396405,8.932452002806592,13.28052859132988,1.0,1.0,1.0,1.3521038342867877,9.698612142961359,11.812254213273826,1.0,2.1551382368094747,1.0,1.5028466778356109,63.38133373440229,19.67507365988572,58.906639757746476,12.907381967146417,38.25461598445558,44.42181839217546,22.87200885816588,333.5917559585388,55.78223832075321,94.56485604196733,122.91104679230219,27.359996900408767,59.63599616811496
TEST_08+2일,1.2603880438889217,21.20107501520033,2.4115041809869195,1.704703690997551,1.0,1.0,15.594753179753578,1.0,1.0674005754771212,1.0,1.0,1.0,1.0,1.0,1.0,1.0,12.35494822346373,1.0,1.0,1.0,18.555874822642668,1.0,1.0,1.2444317077408384,13.876889432850428,14.346576366243589,9.744810050456078,11.116290927399547,10.134766627621229,1.683309160097112,2.013398405517366,2.51787959213834,1.0,1.0,1.0,2.4355138874763123,15.748146632630437,1.0,1.2502055284408147,16.3329342017013,9.570465402015694,1.0,1.662219386912699,1.2035514297795982,1.0,1.0,1.0,1.4299427906501523,1.0,1.0,5.562588993278912,1.0,4.026740713612816,1.0,2.1002038834973815,1.0,1.0,1.0,1.0,1.0,3.0327065505740585,4.957994488134485,16.22802965439054,4.859832407490487,8.240878251407569,1.0,1.0,1.0,1.8095788894335247,1.0,1.0,1.0,1.0,1.0,1.7606781677418235,1.0,1.0,1.0,1.0,1.0,1.0,1.0,1.0,1.0204534909462586,1.0,1.0,2.219263194264407,1.0,1.7823742445481972,1.7448290366902501,10.735146934180698,1.0,1.6615190159359834,2.6013630963429986,1.0,1.2553065177292289,1.0,1.0,16.61386374088677,3.485523926700738,1.2308035400743118,1.0,2.8739372648953703,1.0,35.06876010879178,69.42546542525722,14.96176885553149,1.1176404752665579,1.0,1.0,1.1558428697239935,1.0,1.0,1.0,1.0,1.0,1.0,1.0,1.2774054572913562,1.0,1.0,23.301953923442156,1.0,1.0,1,1.0,1.0,1.0,1.0,1.0,1.0,1.0,12.746289200325112,1.0,1.0,1.0,1.0,1.0,1.0,1.0,1.0,1.0,1.0,1.0,2.2056240656761865,1.0,39.34598031163527,52.978649038763834,6.141778515477393,1.0,1.8113278802412367,1.0,1.0,4.499806224644467,1.0,1.0,12.94524731757874,1.4268062525975147,74.77022801316076,1.0,3.4134885485196893,3.604844047137101,3.560195129635412,1.1600748856188012,2.497176794894471,1.0,1.0,2.7596521012867496,4.626496339097109,1.012050995072617,1.0,1.0,1.0,1.0,2.8091334342059118,2.4670024222888247,1.0,1.0,1.0,1.0,17.357967053296207,7.638266112521478,16.482097560538513,1.225412302294851,11.015399788076678,15.972887811958012,5.9971069279527836,192.65900637869763,8.985064115859288,27.62484043111229,63.06531841591449,9.031464873397827,10.252308583561222
TEST_08+3일,1.9370687721249427,19.636110880501082,3.331994392210022,2.1529472320868552,1.0,1.4047217944659671,7.242955352308741,1.0,1.704786606375857,1.0,1.0,1.0,1.0,1.0,1.0,1.0,20.42130704747914,1.0,1.0,29.170862191675674,8.852578749616148,1.0,1.0,1.4480492592028387,18.99049257300472,15.093367903031748,10.003839345838639,35.21054861492031,8.641952918554093,2.001414807436117,2.1111622833540693,3.1168111416380797,1.0,1.0,1.0,2.410691781677985,22.189352065708846,1.0,1.3709908113385163,13.848331789287544,10.64144097048782,1.1549759395154215,2.153354871531775,1.0,1.0,1.1753376405385358,1.0,1.5147932817433871,1.0,1.2550357110776043,5.98716390393825,1.0,4.333353912796812,1.0,2.302811536679961,1.0,1.1093569558915342,1.0,1.0,1.0,2.9164269264287306,4.733994388108368,10.067900215836223,5.167895581876485,8.608602204887953,1.0,1.0,1.063740284264025,2.214767049915965,1.0,1.1149072739726607,1.197844176186529,1.0,1.0,2.552025401881219,1.0,1.0,1.2864227383129379,1.0,1.272570370187851,1.0,1.0,1.0,1.4211887556011853,1.0,1.0,2.2069922626606298,1.0,1.8153981443859792,2.2248222581761343,10.622800508796924,1.0,1.6455074967685328,2.755448986208437,1.0,2.38899929893208,1.0,1.0,11.789081719455798,3.136644407812435,1.744628699317681,1.0,2.5846557141228357,1.0,33.82552245186941,36.39868968940328,21.36922229966585,1.2675053686944162,1.0234500560928728,1.0,1.3012205575988505,1.0,1.0,1.0,1.0,1.0,1.0,1.0,1.4263466776496339,1.0,1.0,41.411050698526644,1.0,1.0,1,1.0,1.0,1.0,1.0,1.0,1.0,1.0,21.811834133642527,1.0,1.0,1.6183174068193371,1.0,1.0,1.0,1.0745269117224798,1.0,1.0,1.0,1.0,3.2457984664485515,1.0,83.48504287620037,95.63060520458397,6.501624123050572,1.0,2.4984773109012375,1.0,1.0,5.548292893184565,1.0,1.0,10.565571885408287,1.543184955401146,98.0538232348789,1.0,3.7063327503769568,4.190470847072863,4.96176195431024,1.301719521685722,2.8100741914136815,1.0,1.0,3.6340486312976354,3.8325472597368755,4.123059632639487,1.0,1.0,1.0,1.8146568010561452,4.553356741753248,2.908269463875604,1.0,1.6595638842378087,1.0,1.8791882074837325,23.894814192039583,10.362896928675564,24.119996784160058,6.6036263936477235,17.807073442812676,23.220267114690476,9.082230293052188,160.573922275197,35.066545406800344,37.5642224028069,67.12867180805074,24.43121190896882,37.19017084761367
TEST_08+4일,2.566939135864546,24.541987265812764,2.89504050879471,2.4776864583578115,1.0,1.2280100467749566,12.27472077305085,1.0,2.329981479257977,1.0,1.0,1.0,1.0,1.0,1.0,1.0,24.424440346397006,1.0,1.0,26.507374050034493,9.283166301109432,1.0,1.0,1.5767376472851815,14.681408568145946,16.806260064474607,12.038846531576763,22.858546505959325,8.86244323202872,1.8482735105913357,2.2995681263021517,2.980696001363703,1.0,1.0,1.0,2.568517925296783,16.204757163797456,1.0,1.3239320013726792,15.076135307477436,8.959656749332312,1.548475071083979,1.8309944294916907,1.5573593098750353,1.0,1.0516801842843897,1.0,1.539109779900679,1.0,1.2415515741906733,5.608188040025542,1.0,3.578189172854488,1.0,2.3184731236252456,1.0,1.0650015155881303,1.0,1.0,1.0,3.434878231185909,4.800949099576059,11.735911011772906,5.356369098157124,11.483751513570898,1.0,1.0,1.0246116289293177,2.233267201759144,1.0,1.1883367801152867,1.1026542370289825,1.0,1.0,2.5485954861188707,1.0,1.0,1.2080174200809042,1.0,1.300214655551622,1.0,1.0,1.0,1.3476289312219643,1.0,1.0,2.288262274872674,1.0,1.6349432797193701,2.009102857005959,9.397466366497449,1.0,1.9032497753205904,3.4372114573364008,1.0,2.7833872589737467,1.0,1.0,19.0469600054033,4.547420233282683,2.1666775893709405,1.0,2.2009226364384036,1.0,25.758165524169247,47.52470128429856,16.581514777891044,1.1979208676052595,1.0140771455342859,1.0,1.3569560087155252,1.0,1.0,1.0,1.0,1.0,1.0,1.0,1.4120631615982597,1.0,1.0,33.408846013293214,1.0,1.0,1,1.0,1.0,1.0,1.0,1.0615143473952777,1.0,1.0,14.345099937554235,1.0,1.0,1.1950902393545513,1.0,1.0,1.0,1.5437679085849132,1.0,1.0,1.0,1.0,2.8414547988359726,1.0,73.71611543459782,83.96121638145986,7.212098179186254,1.0,2.898602732037381,1.0,1.0,5.833788000311825,1.0,1.0,10.906184327205153,1.427863827585187,72.21259361406698,1.0,3.417926146541192,7.340805761112171,3.9254670149455366,1.1609862346253719,3.2488599198475625,1.0,1.0,3.9017796118307766,9.469180051605257,8.781659151979849,1.0,1.0,1.0,1.0,3.981682625627932,4.049007099016902,1.0,1.0,1.0,1.0,28.671818370658116,8.73045299057409,30.26340115804343,4.7583660927471065,11.690801799487142,24.047175673590946,10.260097267618757,183.0667187250556,32.80334878071884,55.66903447507187,91.03446769709916,22.924201915363284,35.098240827026025
TEST_08+5일,2.8378133696731926,53.85673956339428,3.462210355302162,2.9943673920135616,1.0,2.302510825347486,18.4483644660899,1.0,3.288963745312721,1.0,1.2168095464796664,1.0,1.0,1.0,1.0,1.0,44.230846417993554,1.0,1.0,50.970907861298,26.44304184298771,1.0,1.0,2.273967929777318,27.779899932136704,26.54198187277051,15.10321976149389,42.178849768613645,9.156891878113706,2.6317656420712776,3.2442560066327175,3.247366128921866,1.16782292050183,1.0,1.0,3.025817806467856,21.9852664517466,1.0,1.5267760632579068,18.381874474897145,11.042002207399275,2.2535089584243733,2.3492849446605013,1.5830654465352045,1.0,1.1216752688163165,1.0,2.082720475164002,1.0,1.3811394928428136,4.770458757025314,1.0,6.6124060243133975,1.0,2.4241330017788925,1.0,1.5175323203053823,1.0,1.1240035964612374,1.0,3.528153989473684,4.917906784098117,7.331031778272408,5.711940908503873,6.980147103964792,1.0,1.0,1.1709800521605853,2.68290862090175,1.0,1.3603894846138223,1.3805873099880563,1.0,1.0,2.911666991965901,1.0,1.0,1.5209669913923733,1.0,1.6485531350278249,1.1113517498196681,1.0924534499380245,1.0,1.7889188825397169,1.0,1.6706454129643595,3.128561799225337,1.0,1.7642762164201706,2.4792587065969185,30.62230352862476,1.1098290912514943,2.4185198719278906,4.4017182256281195,1.0,8.878826968183542,1.0,1.0,7.45297888950622,4.773201759191357,2.8668547626541097,1.0,3.1092639802639206,1.0,4.6071703641511,56.33579743031058,12.106503787341122,1.5174625162349022,1.0816878090429491,1.0,2.006759643847498,1.0,1.0,1.006479138767347,1.0,1.0,1.0,1.2807613761892984,1.68743664033175,1.6717897985929673,1.0,37.38760481760727,1.0,1.0,1,1.0,1.0,1.0,1.0,1.0,1.0,1.0,43.12024464133822,1.6626273069907327,1.3436544285946102,1.8336791163194364,1.0,1.0,1.0,2.6399235739514495,1.0,1.0,1.0,1.0,2.4829929468696896,1.0,71.70621821294534,37.829663100115624,6.122379939261342,1.0,3.2130585230565507,1.0,1.0,5.577856828375658,1.0,1.0,8.357648452614505,1.504601349492305,116.19714416395495,1.0,4.256689129240567,4.068088508516237,3.665646930001218,1.3304978129331553,4.429429126142318,1.0,1.0,4.588021652179599,2.1946971320216466,1.0,1.0,1.0,1.0,1.0,2.648167812613507,4.743430387439014,1.0,1.0,1.0,1.0,33.58323379002861,12.117779937083858,33.54884478902329,8.139892108764231,21.891128599447143,30.512913717150784,14.306723345351081,265.34213757596063,40.61834307590263,52.24765741105173,144.8800189930121,35.80119170401501,36.84001000000079
TEST_08+6일,5.540099729246575,36.11493966184268,5.805023481366887,5.292804826445061,1.3401265631566848,2.9873950817201775,32.45997799101863,1.0,4.403838453238675,1.0,2.3934101211762027,1.0,1.0,1.0,1.0,1.0,68.50574506155935,1.2470020176463295,1.0,78.41783285365466,35.087251981050265,1.5838198437369853,1.0,3.536512349804568,43.57463522398268,36.056414495486855,17.754652884205385,125.1336425047565,11.676703720468158,4.142875470555244,5.451792509668248,4.899379304407314,1.7550865866659917,1.0709709279429824,1.0,3.646544499618444,31.989678136871984,1.0,2.334753959468671,24.873694143111948,12.25602791401229,3.190495098342133,3.2317471580110313,7.684542571499415,1.1293909395974118,1.8129192514682742,1.0633637155335385,2.657956324965419,1.0,2.225283292950801,6.451913663466613,1.2348272619462266,7.374394682480302,1.4541524669416441,3.395201897002716,1.4432152937629121,2.6424918323797284,1.5483281739908836,1.7131457157637202,1.0,5.980061603173352,6.838835074594245,10.980200344270097,7.458424656290373,9.172933136135589,1.47322374345613,1.0,1.775820658397559,3.7698158030131035,4.460919519053041,2.1623278977137885,1.9230042711508766,1.4591305212991847,1.2647612978317544,4.259750147727162,1.0440060938637692,1.0707585061829525,2.307901860790845,1.276610278009438,2.5056222441998224,1.5622936106868694,1.510682584354751,1.5100376056968483,2.768048113385479,1.6104437809392724,2.2749301899564687,3.9633154944886284,1.3804359706028109,2.594495114540834,3.4268179015718223,19.50200268644415,1.7680925528622953,4.439038600380277,6.5887035491831005,1.0,5.7576509465352075,1.1340441298917314,1.0,13.951642144602076,8.606602822335768,3.775941034931315,1.1606456987750442,4.979115637316633,2.7495615724179245,56.38185259243251,55.166590476146716,16.013764983758534,2.3247163254132808,1.8505969174619183,1.3386841996657761,2.9416411883566687,1.3784307227108437,1.3637129790353375,1.724256538532306,1.0,1.1080846623502483,1.0623979549709603,1.638381278298707,2.525058942238993,2.371925689080008,1.0,25.70093116459185,1.0,1.0,1,1.0261624301712948,1.47903863905722,1.0,1.0,1.3606140841236347,1.0,1.0,25.85378370564092,3.2047406799472764,2.678748354866462,4.452571692630003,1.6966590442983829,1.0451924051087338,1.750258086440669,6.746386739771153,1.0,1.7603624815718892,3.200079962504964,1.6082994016635492,3.2582620329077336,1.0,132.95107079683555,55.939176113271145,8.83455101054963,1.0,5.182698040910985,1.0,1.0,6.658179192236022,1.0,1.0,10.68657393759098,2.8640847483404492,145.38119404245708,1.0,5.774599599611266,1.3539372870178543,4.5738461623225195,2.0436591520218914,4.747557437188101,1.0,1.0,6.714619775386959,10.884671231782852,7.157564269373742,1.0,1.0,3.6928627201931796,2.220459075100706,6.513288156377674,6.118280127185394,1.8473014878248581,1.9507700687468335,1.5210735276628677,2.114575434304064,35.34030681196612,19.08713864004302,36.653370046936345,10.802143582215109,29.093028622624352,34.56635278988386,23.486214789875,310.22982024100634,49.45358717212291,58.482417161222756,153.2496558719463,40.935148153781284,44.22456980046354
TEST_08+7일,8.051109936437381,4.960613770144132,8.292872778268821,7.654290681687126,1.8709774360917806,3.1126910344315983,6.7595641440356955,1.0,4.773988550741315,1.0,4.676619958657424,1.3016241075781256,1.0,1.0,1.0,1.0,18.868989561795303,2.0187524260795677,1.044644833700124,46.15100815087493,9.721314180933632,2.5912347308760406,1.2373342524928486,1.0,21.604426508174253,9.465347419818617,3.6923811568305407,42.929226392974705,18.395231834042818,4.980267704147318,5.7637339528045235,6.059751738751778,2.3010152533220376,1.6680110173553135,1.0,7.9314838304778625,54.07363998556484,1.0,3.8380418364929807,41.827062373303605,19.972986345385024,6.640823258859349,4.480736763417296,1.5642261770313515,1.958642832724017,3.3258810517564417,1.307261124344683,4.081063276528749,1.161732244708863,3.2268240697049246,8.22281411071855,2.1923625037858923,7.229644398344156,1.3860236014828358,5.6510372542594975,2.426669732629656,3.564480624392667,2.7703831062391933,2.205878073961774,1.0,9.335014023236404,10.924622309963906,17.439082664468447,9.634379753772127,12.37943065794407,2.198208857269246,1.3257052169467884,2.6856308801273525,5.469312896210896,1.3978349475410274,3.0023914311383324,3.022528196062957,2.037291259481592,2.0407931056075617,6.2571914798682915,1.0,1.0976141106051838,3.278177076816191,1.51509834516077,3.19005925101477,2.2585098598921203,1.7012027756257988,2.0968691353457705,3.6279186671247943,2.442468108659031,2.2110785826211163,5.499179269730771,1.7648189814093103,4.012624816547865,5.33451988871497,12.889864957788738,2.552016816864413,5.914679545547012,11.022988722882932,1.1204621206683552,1.0,1.754708970892378,1.1200576435489094,5.790191845309951,13.254223750239863,5.760060575455665,1.4212141241535816,8.361518566734569,2.792844699802554,193.88480467700685,6.174450478605103,33.2232808116723,3.641453558444609,3.5830736859424777,1.653790414783624,3.473132653359893,1.6998060350152524,1.6480771975845006,2.8178169455450393,1.005471647874776,1.7974449782461157,1.3018531666423756,1.5320064883166498,3.6644143385009205,3.3994920048787467,1.0,3.109875719655009,1.0,1.0,1,1.0,1.0,1.0,1.0,1.5572448512268073,1.0,1.129617679336396,16.39674337758762,4.407795624203848,4.73435484762481,7.80732029283285,2.694796717469254,1.4812566191872123,3.15314928992552,10.266519158511482,1.5957943350990775,2.7631886474257232,4.628454345313169,2.5856192862047283,4.146513574575372,1.0,28.55142816278419,39.85091466954098,8.834822600474075,1.0,6.886361129327192,1.0,1.0,12.019919010691043,1.0,1.0,18.441978694945654,4.083357816522556,61.15758025894529,1.0,9.732141536113565,1.351734203132408,9.764511882533714,4.133398560907566,7.739956892113652,1.0,1.0,8.262503910889459,16.071508443858427,14.462188021034434,1.0,1.0,7.741396736684777,3.8697410521838593,12.926970969083934,22.018678331392188,3.6088224562810773,2.4759099109643863,2.5351818899577574,3.7637436886234625,62.75228947098701,30.806235961106548,60.25257377688999,17.86926128547259,42.37067969957192,53.20629299500649,26.074426591181954,472.2550174123022,76.45755427390495,99.0474034272971,122.38716725203484,31.90817598387462,71.38577398616198
TEST_09+1일,6.721645161806401,2.1506821506842577,7.2179212354022475,4.504260671084222,1.092881314041098,1.7804771064912615,3.639501558264984,1.0,2.3646258538612877,1.0,1.0,1.0,1.0,2.787741177479563,22.13333717536644,1.697752241721253,1.0,1.0,1.097511752824746,3.638648618700917,1.9118150764089261,1.0,1.0,1.0,1.8585274591074263,1.4432647592827557,1.0,2.6932199176664913,13.33308151240616,4.228285688697845,3.7589520886115046,5.190448330186537,1.933701528796206,1.4638788959278095,1.0,2.5757885294886753,43.50325151957694,1.0,2.8263727880498486,39.874578965103964,15.067765640165291,1.8087661277641747,4.236226147544,2.937309081084945,1.0,1.2514658035549644,1.0,3.3287433968129525,1.0,2.1939506479001984,15.9534744291905,1.0,9.910082591073294,1.0,3.1790920779437095,1.0,4.479640679802285,1.0,1.0,1.0,9.219059010619443,10.854105408662022,17.207280171893842,18.466845693509043,8.093113375566162,1.4538906405314698,1.0,1.0,3.2411951932122385,1.0,1.158253462736314,1.2321296310601266,1.0,1.0,1.5538578226351245,1.0,1.0,1.0,1.0,1.1497799472257548,1.0,1.0,1.0,1.0,1.3585893614288993,2.0644987784130975,1.6255370297418024,1.0,1.0,2.3283383838193585,56.293969770241056,1.0,4.606118618608226,6.452768626942445,1.0,1.0,1.0,1.0,23.598308574861083,3.069580732109104,1.2392119602320792,1.0,4.3390418366268015,1.0,166.64465971072252,3.308299660065591,26.04153759013291,4.206496316940332,3.4523506789121217,1.0,2.5062996278632883,1.0,1.0,1.0,1.0,1.0,1.9094717171793127,1.238210440328611,1.9594675394189875,1.1767412677481792,1.0,4.105851048380236,1.0,1.0,1,1.0,1.0,1.0,1.0,1.0,1.0,1.0,18.346942955453915,1.0,1.0,2.0629402331156235,1.0,1.0,1.0,2.0656014188811085,1.0,1.0,1.494386832853679,1.0,7.355344203570624,1.0,18.793958745623932,19.325520317326742,12.070590608917819,1.0,6.980455116796581,1.0,1.0,18.117410529677795,1.0,1.0,24.343267514654922,6.316474249128652,1.0,1.0,8.726117630060608,1.0,5.299281554862731,4.4042530722811115,5.012531248089804,1.0,1.0,9.647137358389177,1.0,1.0,1.0,6.705216304176132,2.0376081907836805,7.205171330731595,6.313493636950096,10.981658469494167,2.108283403663595,1.8613662201085768,2.085110530044921,1.8176657730814887,29.932236172941444,13.892144230976779,32.43826597447275,6.800948930028941,18.60851830232633,18.0655146253035,9.378996677380629,121.32020687637272,30.676616820414033,61.98176043844007,41.565240054198796,14.74365768036635,33.76264359491026
TEST_09+2일,2.1016506849835124,25.75602634054596,2.0589037465893973,1.0,1.0,1.0,8.161127862588796,1.189337232673655,1.0,1.0,1.0,1.0,1.0,1.0,3.526646320510121,1.0,19.320364010581308,1.0,1.0,29.72524195219182,24.581813065033653,1.0,1.0,1.0,10.70581779789724,8.8529216277591,7.389879844087025,24.188139313632902,7.827510334859694,2.3571352016202014,2.459633564607383,2.1826566811621597,1.0,1.0,1.0,1.801210200020186,11.114801464263032,1.0,1.3688362351479357,16.75824882615032,8.38147065067609,1.0548049194049471,2.438932666017353,2.18262920796997,1.0,1.0,1.0,2.03492058201009,1.0,1.4905565552922866,10.475084990168583,1.0,6.230365105201873,1.0,1.7432116918582063,1.0,1.684635876758242,1.0,1.0,1.0,4.461825061699791,7.862976955933399,12.894085720264107,10.535896084021376,4.455438170740578,1.0,1.0,1.0,1.08280916673373,1.0,1.0,1.0,1.0,1.0,1.0,1.0,1.0,1.0,1.0,1.0,1.0,1.0,1.0,1.0,1.0,1.0,1.0,1.0,1.0,1.0,56.05937377548568,1.0,2.205012724732557,2.9140967157741136,1.0,1.0,1.0,1.0,12.384331406477273,1.491029879600802,1.0,1.0,4.480922959859442,1.0,6.740539411956695,31.078327691439906,24.059821954482103,1.3810674685502837,1.3183507496427884,1.0,1.2001221441127032,1.0,1.0,1.0,1.0,1.0,1.0,1.0,1.0477141943944837,1.0,1.0,38.05798098813966,1.0,1.0,1,1.0,1.0,1.0,1.0,1.0,1.0,1.0,3.6198374399055373,1.0,1.0,1.0,1.0,1.0,1.0,1.0,1.0,1.0,1.0,1.0,3.8379904528968494,1.0,22.74969012153976,109.2550078538572,5.930995040111853,1.0,3.8794949628951922,1.0,1.0,8.263421484083892,1.0,1.0,21.2321287109189,2.7185512513536554,1.0,1.0,4.551308656454988,1.0,3.9988343020789783,1.9548546859127018,4.2552370195553095,1.0,1.0,5.917268811983716,1.0,1.0,1.0,2.2502563734191567,1.0,2.2935660106643283,2.8251974631136276,3.6209394103112746,1.0,1.0,1.0,1.504603651203761,7.0908138320402845,4.5740686625351525,10.25732196017848,2.0767475939752877,4.642601324305099,5.507536951913767,3.2268046294399046,21.45875333030702,15.758416791445763,1.3931005341989096,10.793205605093505,10.8105017577812,19.635488651609606
TEST_09+3일,1.93141507536824,20.035732662257153,2.7988898134458937,1.3099730984554432,1.0,1.0,8.148700401693329,1.0,1.0475744638264086,1.0,1.0,1.0,1.0,1.1433157354188288,8.495839733601466,1.0,28.89874845536704,1.0,1.0,33.06920627762686,8.994053879058363,1.0,1.0,1.0,11.4818095478834,17.258285106315547,8.405142379746943,28.47725378741938,7.700872347261111,2.56970463799945,2.15563091840602,2.2081321474319178,1.0,1.0,1.0,1.650427629200117,16.854610389828082,1.0,1.288763177336274,22.78392166138379,6.12189031141997,1.1131310193238964,2.338914044926379,1.08809297469158,1.0,1.0,1.0,2.369593679571413,1.0,1.15679085697766,8.137452459623958,1.0,4.99014108287512,1.0,1.087570139216155,1.0,1.8350203076071758,1.0,1.0,1.0,3.9788178199535595,4.340763538244925,9.826206009247862,7.750939854034803,3.6182053265224354,1.0,1.0,1.0,1.5182680143796476,1.0,1.0,1.0,1.0,1.0,1.0,1.0,1.0,1.0,1.0,1.0,1.0,1.0,1.0,1.0,1.0,1.138850773068891,1.0,1.0,1.0,1.1296405406658798,37.052131263927585,1.0,1.7904794404744642,2.463030382265628,1.0,1.4814838982745282,1.0,1.0,12.095606877201767,1.5349722397082473,1.0,1.0,3.1849310097082144,1.0,7.372735625705154,17.30056812877676,8.975321864654555,1.853668976174192,1.6930573757846972,1.0,1.4449223732503762,1.0,1.0,1.0,1.0,1.0,1.0,1.0,1.0,1.0,1.0,12.518032616810974,1.0,1.0,1,1.0,1.0,1.0,1.0,1.0,1.0,1.0,25.17607368540481,1.0,1.0,1.0,1.0,1.0,1.0,1.0,1.0,1.0,1.0,1.0,4.660739661267837,1.0,60.52116256903655,108.91043689853481,5.918992541909496,1.0,2.932701299199829,1.0,1.0,9.139050908868848,1.0,1.0,10.630093677242964,2.4196500584481537,1.0,1.0,5.207310956314446,1.0,4.730359151889818,2.011658069596529,4.974650319907153,1.0,1.0,5.223624695472352,1.0,1.0,1.0,1.5131139280742498,9.275161768789866,3.3214165541018352,4.4632442123601965,4.2245451672397625,1.0852157757449241,1.0,1.0,1.8797531004546957,10.405216082978349,6.7825169410289305,12.854988725720494,4.334223739578137,8.944500576009581,6.365059130778642,4.765280166097628,49.17696105081073,18.289681937253278,24.90560228428471,30.89865252359173,12.622872886490489,19.529144962911175
TEST_09+4일,2.2984271323626304,33.32399594075856,3.616712612496996,1.546909323063054,1.0,1.0,6.710842168400379,2.324320666220789,1.2440406391765606,1.0,1.0,1.0,1.0,1.1920105972882096,10.44440431865456,1.0,46.55293353593191,1.0,1.0,50.61377198284133,7.073722224481079,1.0,1.0,1.0,10.239206816731471,11.28950359515363,9.510652860590836,11.055778477500265,7.102739968841549,2.2600548217028784,1.947150128914069,2.439328504881292,1.0,1.0,1.0,2.221702507317934,14.204396857676322,1.0,1.3213024793999828,16.446790311470558,6.271508610121561,1.3345924979931962,2.178208710626263,1.555466093735034,1.0,1.0,1.0,2.4555583335461177,1.0,1.1251169105072445,5.800221504713959,1.0,4.101901572829778,1.0,1.1721830389955776,1.0,2.0188210214454907,1.0,1.0,1.0,4.7022990884715155,4.004063745187713,8.28245350027413,5.505376924952541,3.937828988860362,1.0,1.0,1.0,1.6465982453651657,1.0,1.0,1.0,1.0,1.0,1.0,1.0,1.0,1.0,1.0,1.0,1.0,1.0,1.0,1.0,1.0,1.174587145401706,1.0935928334358427,1.0,1.0,1.2426040282524715,26.59930025848851,1.0,1.7114603953233518,3.450379174767326,1.0,1.769733170678975,1.0,1.0,8.768893936308043,1.8478428949836339,1.0,1.0,2.7610923296052405,1.0,25.936352602824492,30.569823108627418,7.505173773918554,1.6951858724249809,2.0757576187351265,1.0,1.4914445479793792,1.0,1.0,1.0,1.0,1.0,1.0,1.0,1.1136888870380244,1.0,1.0,20.908579565280217,1.0,1.0,1,1.0,1.0,1.0,1.0,1.0,1.0,1.0,16.23889520785024,1.0,1.0,1.0,1.0,1.0,1.0,1.0,1.0,1.0,1.0,1.0,4.004443236273325,1.0,35.68290482696099,191.5154015202193,5.140573337474695,1.0,2.8760447523105577,1.0,1.0,9.318263669008054,1.0,1.0,8.54694571995014,2.3155649655843273,1.0,1.0,4.451873880042781,1.0,3.812739924232839,2.1115168402830835,3.8491062313317235,1.0,1.0,4.628137775078397,1.0,1.0,1.0,1.2893859219252048,1.0,1.4069739755027517,2.6760438786008667,2.168605698046597,1.0887399249514629,1.0,1.0,1.0,10.88793211069332,6.345897264279068,13.69127928147386,3.642685417395409,7.516948469552839,8.138839827134854,3.802700534313092,56.11068026276047,20.404529745377943,42.83632630627946,36.88417330155689,11.257325209226028,18.9325432113486
TEST_09+5일,2.76367521924849,67.5012711960393,4.321799506388524,2.1619206847723595,1.0,1.2066526095289865,37.61525915602577,1.2543749164082307,1.5382802470703463,1.0,1.0,1.0,1.0,2.0892726046798002,13.32118981079126,1.0,62.170429451184724,1.0,1.0,97.30707399109889,40.35034129015917,1.0,1.0,1.0,14.715491977515278,17.0209883589213,10.594317602635904,37.59738143282488,5.922994326476634,2.1930365647536316,1.4670629109984392,2.321873072860191,1.0198966575659187,1.0,1.0,1.9328103963176952,20.83589540636289,1.0,1.7438846250976252,16.514555791406558,5.731567812829387,1.133960066087835,2.2897899354933062,1.1513073818063448,1.0,1.3808911306602498,1.0,2.7854658080575674,1.0,1.1947445632782896,6.272544858224498,1.0,3.2534368364682553,1.0,1.1672257291231143,1.0,1.654019671983415,1.0,1.0,1.0,4.662482835850085,5.783900498956221,8.402155839963307,5.253671298173857,3.685654820504492,1.047508398127503,1.0,1.0,2.03867131237443,1.0,1.0,1.0,1.0,1.0,1.0,1.170399045627806,1.0,1.0,1.0,1.0,1.0,1.0,1.0,1.0,1.0239034263017681,1.508357991463507,1.4091030470440602,1.0,1.0,1.6946747414162597,50.78698381712375,1.0,2.4990542936981797,4.161004532286425,1.0,4.016886415883629,1.0,1.0,14.115268530384762,2.472917606024652,1.0,1.0,2.288987381562926,1.0,42.56790135504373,36.0738838270355,8.759000888892924,2.378046030168491,2.788055489319019,1.0,1.6384470434198593,1.0,1.1971986654041091,1.0,1.0,1.0,1.0,1.0,1.5489776481610995,1.0,1.0,54.038465201982895,1.0,1.0,1,1.0,1.0,1.0,1.0,1.0,1.0,1.0,35.66490998669997,1.0080251194637295,1.0,1.0,1.0,1.0,1.0,1.7738026545693755,1.0,1.0,1.1175169232702968,1.0,4.03525090481853,1.0,78.54160112022817,84.3133304920719,4.81276118341484,1.0,2.401888910642894,1.0,1.0,8.723372804710774,1.0,1.0,9.740037949000769,1.994777645447241,1.0,1.0,5.084087938061332,1.0,2.682674214821728,1.9233210037553374,3.4467238573588106,1.0,1.0,4.936645858639558,1.0,1.0,1.0,1.0,1.0,1.7403273004180697,1.3369023580036652,3.2599139201973486,1.0,1.0,1.0,2.1875487682581944,15.04391651244762,7.159077454832631,13.751614253190823,4.268300823177136,10.135716855070923,7.5033350527925915,4.708926107630374,54.43553089683479,18.405064090253465,29.285232101294646,46.25095552472942,11.657441011823812,19.595784856636683
TEST_09+6일,4.660662610873583,44.893047283958325,7.452029440295999,4.134700609582359,1.5103494962025277,2.550946259101055,30.589483125480527,3.149307702788258,2.4912009347507302,1.0468116252819994,1.0,1.0,1.0054656713406542,3.4910119220247893,23.815658176096125,1.904376365196811,49.59714546189191,1.169354545357756,1.3051399390126095,56.821819206223104,24.996683704533538,1.0,1.0,1.0,19.365424760886533,17.411745855956177,15.191946417774188,28.091600272649792,8.118139167722667,3.219464380082849,2.633977394234807,4.08780413834998,2.2224281744533343,1.5565562206902128,1.0,2.8508569145435487,36.06277895490132,1.0,2.724206860455339,18.83592984462721,9.759249127065223,2.1217863444613076,3.7279059814856224,1.5336407759856934,1.1119065092843259,2.479811262213726,1.0,4.144841115858306,1.0,1.9601459060761923,11.31015307171522,1.0,5.941224412547661,1.0,2.238436077990377,1.1014563100133221,2.9301775800941465,1.0,1.2191187323694843,1.0,7.4870398204206055,4.746440283791573,10.558436052936223,12.46613711271785,6.054501319316525,1.5559927133166016,1.0,1.3751417542210416,3.453662891957693,1.0,1.7400402237250323,1.5459289085577308,1.2171018244828646,1.0,1.7780356197657703,1.51468405386498,1.0,1.2953090798214442,1.1770213899196058,1.8173068552317737,1.6182240743877347,1.0,1.4046000152714688,1.427307179559036,1.8053092986407735,2.6609224536849156,1.901090258583387,1.3066210517441919,1.3331977615089126,2.6328832091647287,92.2791082714053,1.521787487625792,4.1546966265720915,6.539399475552038,1.012676621951274,5.387559469636735,1.0,1.0,19.55962193040767,3.980792590083376,2.221027658865858,1.3114432905699576,4.317572399130331,1.0262889753488165,52.800516413273996,43.24895185366243,18.881271763037816,3.7956897603600694,5.068253706982964,1.0944233638536878,3.5133352312928805,1.0017450244922188,1.6177717657313493,1.1746797390337114,1.1813189711732184,1.4202742824266803,1.716011537991975,1.5166637193706598,2.7484703241285353,1.5875074165850052,1.0,32.34391764615486,1.0,1.0,1,1.0,1.0,1.0,1.0,1.0,1.0,1.0,31.840096875185257,2.0476963178485255,1.5944239452770077,2.5116156172434456,1.1735756495705028,1.1581700152957375,1.2179847884152961,3.3999635756402817,1.1005584166518831,1.0,2.922930745156301,1.1213028171706716,4.100013325653675,1.0,173.54309754561785,80.96507295850294,7.666060536656192,1.0,4.152171467226356,1.0,1.0,12.48414471393681,1.0,1.0,13.853164454734664,4.038408909039702,1.0,1.0,6.287026138938157,1.1852614607059555,3.4205486242845105,3.1672286131674063,3.808627885231644,1.0,1.0,6.014464277066805,1.0,1.0,1.0,1.8099233757918753,1.0,5.869438201392094,5.422778876415446,6.616416235912926,2.861946184560315,2.3075670203389245,1.152987701219264,4.716921455025028,23.421129558715464,11.62887733714465,16.874326578493942,5.438011452017875,15.61253176993549,10.965094841225477,6.858968211347602,63.916934061884874,24.85791251809095,47.63951579872925,51.90881994775006,17.423276197700677,20.969660811899733
TEST_09+7일,8.602852616913214,7.82313529555947,10.67248037446261,8.098947738688821,3.4929515056683793,3.655925514649398,1.0,4.365190963020517,4.528249812103288,1.5150942442979225,1.0,1.4427352373496847,1.8549059563576151,4.615002402748974,36.13499703404066,3.4659203279809594,20.65284910984856,1.657752172750859,2.3218576403379085,15.162186916258037,1.0,1.0,1.2060807912978446,1.0,4.875861997033262,4.6519354169505345,4.576228584897473,8.352582254530002,12.576123118742277,5.456870826036074,4.617511091215393,6.863748301047615,3.670741945682331,3.0011537552793737,1.0,4.249209671868359,50.536484148927144,1.0,5.253179467162316,37.922322636800445,15.37473942334875,2.804033368097863,5.015172105248623,2.3285090396524533,1.499749154921675,2.529444736371418,1.3354934690560707,4.515018698234902,1.0,3.18613371591854,17.75444767589949,1.476664268788279,10.568974406721528,1.0,3.990535309504711,1.2694728250684693,7.048625423024987,1.4490668414201149,1.6844245918247682,1.0,11.560309365991806,10.754172139899424,15.01238864457942,20.54298986182574,10.004203608890345,3.2355508630958587,1.5390062495445762,2.0166632862590923,5.000262851351127,1.4044535296849534,2.762713028680585,2.744573189508222,1.770309369828697,1.0917193987179084,2.9788623588197454,1.5484365971428597,1.041354069929151,1.6203030584700937,1.5317047579218728,2.9947529571168645,1.9542982026252453,1.6745002103953008,2.2251052260832065,2.4625064711129676,2.433132773569402,3.3694697390739163,2.634276473776931,1.7139305113204355,2.1801506359767746,3.5425478932095524,10.3404693617868,2.3261393905119174,6.409095689208449,10.596435487040571,1.5159585568735052,2.644424581232046,1.2129501654179418,1.0,23.502750087683943,4.381757106797144,3.1695681120864982,1.818621251156248,6.307013693405121,1.0,156.07612769978485,5.082460599362902,19.626912015555853,5.376750860979728,4.811763940922692,1.376095275501363,4.238409492883666,1.7479253941475321,1.8274805782683725,1.8805176406067818,1.3777574845134806,1.7222262151691896,2.9142660632408406,2.9321579893311562,3.5880179614205443,2.5285747941304475,1.0,10.769203916401619,1.0,1.0,1,1.0,1.0,1.0,1.0405381599607573,1.0,1.0,1.0,26.36680287993762,2.655257007517346,2.3308222890333408,3.664903939277713,2.0376742029054227,1.3279338770261326,1.519669864885984,5.523302673461404,1.471656808433763,1.2107588618430412,3.3099925415437226,1.4707138629534162,9.19778009848687,1.0,19.843943571741992,30.132719527352414,11.29533530301697,1.0,7.32501630689696,1.0,1.0,21.594989428233344,1.0,1.0,22.40908376925202,8.803438394848794,1.0,1.0,14.7076435231529,1.5860980179094006,6.72597876153924,4.523516671091368,10.886001694488176,1.0,1.0,10.863527423428158,1.0,1.0,1.0,8.611448418447043,9.746028821117683,9.798364856686478,11.27704698105845,15.446736841870354,4.4091101176902185,2.792283897833824,3.9560966332104686,6.03927627718665,36.39367011900744,24.088410243209296,36.62736226014798,11.771822350916754,27.71352688446902,27.192476746685003,16.41833668670709,170.50630208516884,41.67936642335139,69.74222021957137,70.83919032029803,20.71707189980523,43.333567109587385
