영업일자,느티나무 셀프BBQ_1인 수저세트,느티나무 셀프BBQ_BBQ55(단체),"느티나무 셀프BBQ_대여료 30,000원","느티나무 셀프BBQ_대여료 60,000원","느티나무 셀프BBQ_대여료 90,000원","느티나무 셀프BBQ_본삼겹 (단품,실내)",느티나무 셀프BBQ_스프라이트 (단체),느티나무 셀프BBQ_신라면,느티나무 셀프BBQ_쌈야채세트,느티나무 셀프BBQ_쌈장,느티나무 셀프BBQ_육개장 사발면,느티나무 셀프BBQ_일회용 소주컵,느티나무 셀프BBQ_일회용 종이컵,느티나무 셀프BBQ_잔디그늘집 대여료 (12인석),느티나무 셀프BBQ_잔디그늘집 대여료 (6인석),느티나무 셀프BBQ_잔디그늘집 의자 추가,느티나무 셀프BBQ_참이슬 (단체),느티나무 셀프BBQ_친환경 접시 14cm,느티나무 셀프BBQ_친환경 접시 23cm,느티나무 셀프BBQ_카스 병(단체),느티나무 셀프BBQ_콜라 (단체),느티나무 셀프BBQ_햇반,느티나무 셀프BBQ_허브솔트,담하_(단체) 공깃밥,담하_(단체) 생목살 김치전골 2.0,담하_(단체) 은이버섯 갈비탕,담하_(단체) 한우 우거지 국밥,담하_(단체) 황태해장국 3/27까지,담하_(정식) 된장찌개,담하_(정식) 물냉면 ,담하_(정식) 비빔냉면,담하_(후식) 된장찌개,담하_(후식) 물냉면,담하_(후식) 비빔냉면,담하_갑오징어 비빔밥,담하_갱시기,담하_공깃밥,담하_꼬막 비빔밥,담하_느린마을 막걸리,담하_담하 한우 불고기,담하_담하 한우 불고기 정식,담하_더덕 한우 지짐,담하_들깨 양지탕,담하_라면사리,담하_룸 이용료,담하_메밀면 사리,담하_명인안동소주,담하_명태회 비빔냉면,담하_문막 복분자 칵테일,담하_봉평메밀 물냉면,담하_생목살 김치찌개,담하_스프라이트,담하_은이버섯 갈비탕,담하_제로콜라,담하_참이슬,담하_처음처럼,담하_카스,담하_콜라,담하_테라,담하_하동 매실 칵테일,담하_한우 떡갈비 정식,담하_한우 미역국 정식,담하_한우 우거지 국밥,담하_한우 차돌박이 된장찌개,담하_황태해장국,라그로타_AUS (200g),라그로타_G-Charge(3),라그로타_Gls.Sileni,라그로타_Gls.미션 서드,라그로타_Open Food,라그로타_그릴드 비프 샐러드,라그로타_까르보나라,라그로타_모둠 해산물 플래터,라그로타_미션 서드 카베르네 쉬라,라그로타_버섯 크림 리조또,라그로타_빵 추가 (1인),라그로타_스프라이트,라그로타_시저 샐러드 ,라그로타_아메리카노,라그로타_알리오 에 올리오 ,라그로타_양갈비 (4ps),라그로타_자몽리치에이드,라그로타_제로콜라,라그로타_카스,라그로타_콜라,라그로타_하이네켄(생),라그로타_한우 (200g),라그로타_해산물 토마토 리조또,라그로타_해산물 토마토 스튜 파스타,라그로타_해산물 토마토 스파게티,"미라시아_(단체)브런치주중 36,000",미라시아_(오븐) 하와이안 쉬림프 피자,미라시아_(화덕) 불고기 페퍼로니 반반피자,미라시아_BBQ Platter,미라시아_BBQ 고기추가,미라시아_공깃밥,미라시아_글라스와인 (레드),미라시아_레인보우칵테일(알코올),미라시아_미라시아 브런치 (패키지),미라시아_버드와이저(무제한),미라시아_보일링 랍스타 플래터,미라시아_보일링 랍스타 플래터(덜매운맛),미라시아_브런치 2인 패키지 ,미라시아_브런치 4인 패키지 ,미라시아_브런치(대인) 주말,미라시아_브런치(대인) 주중,미라시아_브런치(어린이),미라시아_쉬림프 투움바 파스타,미라시아_스텔라(무제한),미라시아_스프라이트,미라시아_애플망고 에이드,미라시아_얼그레이 하이볼,미라시아_오븐구이 윙과 킬바사소세지,미라시아_유자 하이볼,미라시아_잭 애플 토닉,미라시아_칠리 치즈 프라이,미라시아_코카콜라,미라시아_코카콜라(제로),미라시아_콥 샐러드,미라시아_파스타면 추가(150g),미라시아_핑크레몬에이드,연회장_Cass Beer,연회장_Conference L1,연회장_Conference L2,연회장_Conference L3,연회장_Conference M1,연회장_Conference M8,연회장_Conference M9,연회장_Convention Hall,연회장_Cookie Platter,연회장_Grand Ballroom,연회장_OPUS 2,연회장_Regular Coffee,연회장_골뱅이무침,연회장_공깃밥,연회장_돈목살 김치찌개 (밥포함),연회장_로제 치즈떡볶이,연회장_마라샹궈,연회장_매콤 무뼈닭발&계란찜,연회장_모둠 돈육구이(3인),연회장_삼겹살추가 (200g),연회장_야채추가,연회장_왕갈비치킨,연회장_주먹밥 (2ea),카페테리아_공깃밥(추가),카페테리아_구슬아이스크림,카페테리아_단체식 13000(신),카페테리아_단체식 18000(신),카페테리아_돼지고기 김치찌개,카페테리아_복숭아 아이스티,카페테리아_새우 볶음밥,카페테리아_새우튀김 우동,카페테리아_샷 추가,카페테리아_수제 등심 돈까스,카페테리아_아메리카노(HOT),카페테리아_아메리카노(ICE),카페테리아_약 고추장 돌솥비빔밥,카페테리아_어린이 돈까스,카페테리아_오픈푸드,카페테리아_진사골 설렁탕,카페테리아_짜장면,카페테리아_짜장밥,카페테리아_짬뽕,카페테리아_짬뽕밥,카페테리아_치즈돈까스,카페테리아_카페라떼(HOT),카페테리아_카페라떼(ICE),카페테리아_한상 삼겹구이 정식(2인) 소요시간 약 15~20분,포레스트릿_꼬치어묵,포레스트릿_떡볶이,포레스트릿_복숭아 아이스티,포레스트릿_생수,포레스트릿_스프라이트,포레스트릿_아메리카노(HOT),포레스트릿_아메리카노(ICE),포레스트릿_치즈 핫도그,포레스트릿_카페라떼(HOT),포레스트릿_카페라떼(ICE),포레스트릿_코카콜라,포레스트릿_페스츄리 소시지,화담숲주막_느린마을 막걸리,화담숲주막_단호박 식혜 ,화담숲주막_병천순대,화담숲주막_스프라이트,화담숲주막_참살이 막걸리,화담숲주막_찹쌀식혜,화담숲주막_콜라,화담숲주막_해물파전,화담숲카페_메밀미숫가루,화담숲카페_아메리카노 HOT,화담숲카페_아메리카노 ICE,화담숲카페_카페라떼 ICE,화담숲카페_현미뻥스크림
TEST_00+1일,6.425982602556797,1.0,6.48821338942934,3.1156972805155023,1.0,1.068996748519663,1.0,2.170664392790395,1.6728169004396864,1.0,1.0,1.0,1.0,3.115822834819318,11.10414598689538,1.0,1.0,1.0,1.4602652113331773,1.0,1.0,1.299412952145748,1.0,1.0,3.806697496566314,1.0,4.690806589698026,5.145617168984427,6.596810045294282,2.492449194017948,2.0907817983912955,2.0567761597955205,2.26358356018898,1.5931850253687339,1.0,1.0,21.27417626612162,1.0,1.309536474205953,23.129460203891284,13.825790770139289,1.0,1.0,1.3091906372128481,1.0,2.0465005421089995,1.0,3.5153485939322238,1.0,2.327331528496405,9.720816388245519,1.0,4.837924726794027,1.0,1.6069313072807703,1.0,1.60699275956945,1.0,1.1170785768655946,1.0,7.742523909210511,10.505794440822417,16.429683575077284,7.915783259331796,8.55152843531961,1.8249624808392741,1.0,1.0,2.265619260539146,1.0,1.6593225753729444,3.272653920250088,1.0,1.3062496970547537,3.117725209566819,1.0973631978662761,1.0,1.6156625540076193,1.0,3.569499666809451,1.9173788804660528,1.0807273277249048,1.0,1.0,1.1724769281489098,1.8849762779170602,1.2174560791754376,1.1529151627074459,1.9879905659257169,4.430653918484362,2.175896361004561,1.0,1.9952762771216654,5.21556003810535,1.0,1.0,1.0,1.0,22.942229118336375,3.7775137985598564,1.3105143898880374,1.0,3.1980520298871484,1.0,172.35482005199336,4.044355018010677,40.42398987556767,2.667236884600473,2.972645421442395,1.0,1.9863510648392495,1.0,1.191435698556637,1.0,1.0,1.0,1.0,1.5859969355851398,1.0,1.008584140449527,1.0,1.0,1,1,1,1,1,1,1.0,1.0,1.0,1,2.685738191071096,1.0,1.0,1.1081905786663506,1.0,1.0,1.0,1.6815262036065692,1.0,1.0,1.2200289694296655,1.0,5.68645970842192,1.0,10.422473917372399,4.719500404316748,12.498182033123996,1.0,7.070858979675174,1.0,1.0,16.487095243824392,1.0,1.0,24.400087444419555,5.157440248677384,3.756480862999591,1.0,8.575814736093653,1.0,5.189237917746546,1.8626652448849692,6.701474831305529,1.0,1.0,5.4165481707342344,1.8162333202781156,2.9617217334991315,1.1418811604380608,11.314516719996337,2.7013658667733633,1.2451202488808333,8.352015314827497,3.496280926401913,1.0,1.8650503126708977,3.5559493481106434,1.8898060199032563,20.305588804292647,7.158876250596537,20.276380299426748,8.726729435641943,20.045842908830267,16.511869258572936,7.007558321729114,72.43229381287064,45.55426273295199,5.477884752288945,33.83637088473515,7.635438317835616,22.69171889628512
TEST_00+2일,3.8115992452015,20.153838253474174,1.5969184819986642,1.1122352655831487,1.0,1.0,5.752550613605936,1.1983609796884174,1.0,1.0,1.0,1.0,1.0,1.4888944634258348,9.559223913122874,1.0,14.353885640082511,1.0,1.0,20.388525263275834,5.253948659899533,1.0,1.0,5.889018990654807,1.4966085776854643,9.21486192182548,4.131309447873552,10.956971865068986,4.292747577902661,1.4419487649380542,1.311147566016289,1.0,1.5977530207686397,1.0,1.0,1.0,12.115369111676795,1.0,1.0,15.724418517437353,6.697418237900273,1.0,1.0,1.0,1.0,1.0,1.0,2.425366883108266,1.0,1.4788621858740143,6.482782523514636,1.0,3.4150326835799625,1.0,1.436555594116134,1.0,1.0,1.0,1.0,1.0,4.201608014276525,7.548811389246879,3.603045389016697,5.685441853061745,3.419575483857862,1.0,1.0,1.0,1.0,1.0,1.0,1.0,1.0,1.0,1.0873556679991592,1.0,1.0,1.0,1.0,1.3877637807841583,1.0,1.0,1.0,1.0,1.0,1.0,1.0,1.0,1.0,1.2012319318120677,24.593164066592156,1.0,1.229972525764151,2.9050002660354224,1.0,1.0,1.0,1.0,12.07466870743452,2.046566963844187,1.0,1.0,7.253602468204103,1.0,42.67733775029562,68.30991164853363,16.694995921799404,1.8040978767380844,2.0744704236840166,1.0,1.199699429252692,1.0,1.0,1.0,1.0,1.0,1.0,1.0,1.0,1.0,1.0,7.25439663245973,1,1,1,1,1,1,1.0,1.2586741568810966,1.0,1,38.64298937418821,1.0,1.0,1.0,1.0,1.0,1.0,1.0,1.0,1.0,1.0,1.0,3.538230930471312,1.0,28.95594162473372,27.636743991023238,6.152912816643803,1.0,4.526727143656566,1.0,1.0,7.917427988462956,1.0,1.0,9.51759799117337,2.34046752121602,14.901820925263184,1.0,4.398256423282619,1.0,3.1967930012939956,1.165861720163976,3.739947070540905,1.0,1.0,2.581020081767816,1.0,1.2285308679565787,1.0,3.9414046237834457,1.0,1.0,1.6869926825165749,1.0,1.0,1.0,1.54083980657536,1.0,4.804822332509934,1.1188766910168528,6.490672912579782,2.001077353174339,5.4559990847377025,4.118519775062167,1.8522565736438308,4.171261319739234,11.917571220153741,1.178909203712812,4.148148417772784,2.695728264961112,4.913682697114525
TEST_00+3일,3.744007571574527,35.00659008232785,2.3076555740045945,1.4751609982807947,1.0,1.0,16.202790046718107,1.3122750772462357,1.1679510722387274,1.0,1.0,1.0,1.0,1.9599204124994607,6.08812418197556,1.0,7.258498121657702,1.0,1.0,12.125667840506178,10.280527302003872,1.0,1.0,1.0,19.130861003260026,14.92846519265253,2.825654053776467,29.33111249319839,3.436973932874549,1.2420519346189827,1.225387898391258,1.218422135074558,1.6402789903869857,1.0,1.0,1.0,11.044913332176959,1.0,1.0,13.162388203505044,5.860130937376735,1.178278191515849,1.0,1.0,1.0,1.020432151625296,1.0,2.311410068693269,1.0,2.0231674585378503,6.465972265657157,1.0,3.2255908329249805,1.0,1.5377594383402973,1.0,1.0,1.0,1.0,1.0,2.7539311943021367,4.921560090260906,3.827530651676552,5.1369269857101205,2.8990539056203413,1.1826270119010065,1.0,1.0,1.3128079809170599,3.9103119529779162,1.1091304272023599,1.8855203025001046,1.0,1.0,2.06074139731612,1.0,1.0,1.1183241469292642,1.0,2.2523363165252634,1.1890260758933988,1.0,1.0,1.0,1.0,1.613612678640241,1.0,1.0,1.4351528799112823,2.8164371343030834,40.716787928391746,1.0,1.2516125475563016,3.104693863510332,1.0,1.0,1.0,1.0,13.953251682515457,2.2345182308019513,1.0,1.0,5.164927162023769,1.0,7.6907659768304395,51.36499198625754,7.354138282896114,1.81204537510204,2.293246961090703,1.0,1.509986862335834,1.0,1.0,1.0,1.0,1.0,1.0,1.0,1.0,1.0,1.0,18.508234432681586,1,1,1,1,1,1,1.0,2.353727157037505,1.0,1,36.80679696560584,1.0,1.0,1.0,1.0,1.0,1.0,1.0921242694609108,1.0,1.0,1.0,1.0,2.7130719891324118,1.0,58.913849022693384,33.354143160011276,5.860385011627439,1.0,4.440378570164465,1.0,1.0,6.564669803339338,1.0,1.0,8.457249578508982,2.2907806855736217,17.666421733096414,1.0,3.6294240550027554,1.0,2.7244159054879726,1.3013248981224963,2.846242019129638,1.0,1.0,2.431320013747767,1.0,1.0952125952468665,1.0,2.7875691074517364,1.0,1.0,2.66601073030287,1.0,1.0,1.0,1.4369038802213105,1.0,7.148465371604435,4.121203286767139,7.562509989610227,4.164087121409425,8.67630226687386,7.021753620636348,4.023886881449723,22.309745597357765,27.581055585983883,3.503398621791858,20.031346123731502,4.394790184018003,10.680689077250666
TEST_00+4일,3.4803040408541706,29.934788462970328,2.1490704964809986,1.7406399363526888,1.0,1.0,11.645998014753975,1.3991684237008013,1.0271174063033603,1.0,1.0,1.0,1.0,1.9101252839087808,11.029622079989817,1.0,8.129087849682131,1.0,1.0,25.31950232351871,5.641091795256434,1.0,1.0,1.0,5.803118601722948,7.864687535359992,8.847878107765043,31.8838836567594,3.4218746204236523,1.3275752842404052,1.0,1.250571054995307,1.685666548439102,1.0,1.0,1.0,11.330055930736783,1.0,1.0,9.825781429826788,4.9730606326587585,1.0,1.0,1.1187160018476061,1.0,1.1228168491563806,1.0,2.145714083281239,1.0,1.3000614886521031,7.031398980189985,1.0,3.0107440240635155,1.0,1.6973749388423003,1.0,1.0,1.0,1.0,1.0,3.5808649717685084,4.476325336010233,4.09227866117433,5.0812594979641865,3.020243743458499,1.6348076595394312,1.0,1.0,1.4428819535118382,4.751698227751545,1.2604147691730752,2.250336357825749,1.0,1.0,2.194052451816281,1.0,1.0,1.2400167764743442,1.0,2.3819080233246885,1.203188542592177,1.0,1.0,1.0,1.0294999000733314,1.5290992318302945,1.4565974229609604,1.0,1.6298241114492469,3.164059838779087,55.50986350616557,1.0,1.1569684367916593,3.0224543952773155,1.0,1.0,1.0,1.0,17.83219203055396,2.3384117834551246,1.0,1.0,6.013411549360705,1.0,17.316679309882932,44.870981089422926,12.493414866061347,1.687434246348987,2.21218628008267,1.0,1.3150982837225298,1.0,1.0,1.0,1.0,1.0,1.0,1.0,1.0,1.0,1.0,17.216885352242908,1,1,1,1,1,1,1.0,2.28361898885363,1.0,1,25.979350346148372,1.0,1.0,1.0,1.0,1.0,1.0,1.3611889699147248,1.0,1.0,1.0,1.0,2.9647843251211903,1.0,41.61885421282258,51.68971693273529,4.7782357342936566,1.0,4.0094635915218255,1.0,1.0,6.140944247258636,1.0,1.0,8.100237934723332,2.412507109130989,28.5208802970736,1.0,3.1502507024761663,1.0,2.6358985451024273,1.1144256029943704,3.417139994690698,1.0,1.0,2.9548899086233895,1.0,1.0,1.0,1.6096772228124667,1.0,1.0,1.1140598079208466,1.0,1.0,1.0,1.0,1.0,6.270235897979608,3.5037647255854085,5.825521859475847,3.5474261942697916,6.573270587415122,6.678551316863095,3.6774869387180518,21.149883114214163,13.115880220598973,3.5599451659908303,14.114115834754465,4.265952477965464,7.66871406923629
TEST_00+5일,5.6411738114297485,92.1073538824271,4.643918307317347,2.020195841448906,1.0,1.0,48.293907773982866,1.9182495956852454,1.4645949380490215,1.0,1.0,1.0,1.0,2.5898056004733148,15.204511206101564,1.0,41.17198361057373,1.0,1.0,50.86165483797475,25.23164484981339,1.0,1.0,1.0,1.0,11.448738596746637,10.383001116064419,66.77206990582668,3.9427306994580174,1.8011781655450139,1.1056477550052786,1.567842040927915,1.8297455670369291,1.1622794310683195,1.0,1.0,13.521586531582116,1.0,1.0316559031241321,15.807376230016843,7.03921234624339,1.3187838639315057,1.0,2.1493375923718623,1.0,1.3053583563551583,1.0,2.490968875752663,1.0,1.7458779967227873,8.793491811774874,1.0,3.5561720041040137,1.0,2.5965827521440747,1.0,1.2026343000312645,1.0,1.0,1.0,3.3840611131612164,6.219345781714409,2.7714259950895954,4.327500720790578,5.056220708698216,2.2806021359893314,1.0,1.0,1.5603325040243745,3.0075996345710254,1.3798128266989824,2.3520575407454696,1.0,1.0,2.276141377375715,1.0,1.0,1.2407156675286124,1.0,2.6784254616292094,1.4357657264942012,1.0,1.0,1.0,1.1364012330953943,1.650944792983732,1.215127754798158,1.0,1.8401186543199177,3.5339443056656243,47.02603468845521,1.0,1.5012236223802247,3.702635836666341,1.0,1.0,1.0,1.0,15.802948970392393,3.062557416775693,1.0,1.0,6.725652960002446,1.0,18.157770986373816,41.910855663741934,15.85796034400839,2.0389955712102132,2.501219766027636,1.0,1.3953284532792136,1.0,1.0717807683729315,1.0,1.0,1.0,1.0,1.0,1.1163474043467478,1.0,1.0,55.86362975063932,1,1,1,1,1,1,1.0,3.7343007315804906,1.0,1,63.73115635325511,1.0,1.0,1.3989407840018857,1.0,1.0,1.0,1.6903600464728048,1.0,1.0,1.0327900924088236,1.0,3.2127455545842674,1.0,51.687931849612724,83.58876270807926,4.945535428283952,1.0,3.8768933186793726,1.0,1.0,7.815787553704092,1.0,1.0,6.858239448220758,2.413612711683379,18.254070666372936,1.0,3.330839469795927,1.0,2.6784163549068323,1.231119783499776,3.197666648846643,1.0,1.0,5.135151039081169,1.0,1.0,1.0,4.729933936712315,1.0,1.0,2.408065721220491,2.4005422717341998,1.0,1.0433367634454631,1.0,1.0,5.655441044969031,3.464167136131778,7.1966844332907876,3.1337745100995598,6.52318030037357,6.8166186860049915,4.045231662589926,29.496667710089397,18.962543223596096,3.48056213594033,16.32330689031726,8.564983906360709,11.668661101698898
TEST_00+6일,9.864408003559943,40.09439239584995,6.2868832512467705,4.20992356890712,1.0894135301577743,1.7058333995031698,21.18702228623624,3.6075011566784374,2.661670024432462,1.0,1.3675377467305223,1.0,1.237745771073801,4.517840625840821,24.44214077662353,1.4263515550327521,37.864087046139424,1.1731305465206237,1.5317783579768915,50.13431486496292,13.629899204336738,1.9172886902081965,1.0,1.3629332974790276,69.28852155539664,13.045399712111102,11.330333862661664,70.63125640631512,4.7414840516051795,2.4534718232060087,1.7244464730969695,2.755054832409185,2.4814140888752583,1.7637530099279868,1.0,1.0,27.46100349371315,1.0,1.525694927478982,24.88248924622057,6.960746865359354,1.481277183824877,1.0,2.8354386812829606,1.0,2.134808503356185,1.0,3.6372005766225755,1.197833048704342,3.0714056542859267,10.383883267733903,1.0,4.836229949992945,1.0,2.404271484286209,1.0,2.7449466405457192,1.0,1.334722222160502,1.2391468969343995,6.358795650170655,10.801093743082319,8.949789497235894,7.9261756028078665,6.545115790893762,2.8271738285131094,1.0068377021002564,1.0,2.1952209275193177,2.6211300632362713,1.8422805447943753,3.5523123079919467,1.0,1.4229131426149293,3.645935317354687,1.3063103552467292,1.0,1.9086712078648784,1.4723994707124857,3.6244250425715885,2.001173587344478,1.2343081250251928,1.0,1.1442567410270277,1.9681024610035214,2.5523583794378215,1.531944721125863,1.435181647394419,2.423637183494442,4.5548651024426885,49.06945692896562,1.14744692640356,2.321760366506992,7.288634527437016,1.2461928041309873,1.2565954707522025,1.0,1.0,23.849317639865898,6.107912643491857,1.6373298207564717,1.0,7.3075759071343676,1.3315812410437367,11.81370238329022,62.80246364680909,16.630205725787476,2.9531176320304517,3.7270344205875734,1.239904758344564,2.663432760541141,1.0,1.6532522571117998,1.2213127126833594,1.0,1.2971833584791237,1.4327597675737087,1.5696876520196146,1.4924996008047757,1.4608385135164688,1.0,44.33965084620455,1,1,1,1,1,1,1.0254280191001024,3.471263957692977,1.072270224998374,1,27.73727389439235,2.6785460123849996,1.3747270925385955,3.707947458580981,1.790799813107372,1.0,1.735709335321092,6.113350054919454,1.3582291269954463,1.0462496755435544,3.0179072451469637,1.1804875533234958,4.665928793519313,1.0,108.25689679264923,142.45655432296894,8.356704385665054,1.0,5.12931599380893,1.0,1.0,10.714372763883475,1.0,1.0,8.251810984915862,3.712356123307211,43.06909418385612,1.0,5.178817897483453,1.0,3.6933249523111065,1.7645709879947011,4.703212387278871,1.0,1.0,8.074407019823377,1.4458042103797197,2.9293626705546294,1.0,5.864474513222272,1.0,1.0,6.727814443019671,4.885728145735928,1.0,3.5620633105502844,1.7151917038315374,1.195618100249104,14.121593122624038,4.827132538417077,12.356522770995875,5.825413620797243,12.949667240221121,11.076988650986296,5.854592763847779,39.161614756327026,20.46298625921976,4.343990483972389,23.398682560416255,6.667418026015958,15.511808542165646
TEST_00+7일,13.811119255199939,9.602783143181266,10.621518564514204,7.539376048243545,1.456787387904452,2.3310477264651475,6.24850802725545,4.7503029505762395,3.672798662135117,1.7755861392837073,1.4100738047330843,1.2592017875011163,1.7768751821397373,6.7792365324570305,34.004667209816546,2.3177328091315346,7.1651411541201355,1.612000371313978,2.1780968896951056,21.0382750778672,1.7053083728765461,3.658032103989888,1.137013194394326,1.0,26.422884432911395,6.623878095350589,5.321209300511583,14.501715529970136,6.654161450792723,3.844968110995352,2.695325497477512,3.4061756735470077,3.5796162913876386,2.4878430494348094,1.0,1.0,43.45224994205404,1.0,1.951181713001667,27.05683156891714,11.455222919441296,2.0637721916939484,1.0,3.905817832443118,1.1716205207266208,2.8573861290201004,1.0,5.304069707944963,1.117364681389855,4.16277508962653,12.143197629532207,1.3932848808995781,5.901017291312144,1.0,3.3896322281188542,1.3652156308331476,3.4358459949407933,1.0,2.0056341097366848,1.6848918241986588,9.359255732662518,10.61043835844228,11.539911812864254,10.044737586893698,11.624706212521486,3.0264635269575804,1.1863203029799327,1.6148838415780054,3.429550557091637,3.9882277144869405,2.456145940540658,5.832951530040412,1.0,2.0454018672918233,4.753059900435811,1.5965295690410852,1.0,2.252812413528647,1.5394237783390028,4.640061435834424,3.077248112322091,1.5451658649716626,1.1566600651438432,1.5382297811874637,2.4885162338367808,3.939093705779669,1.8165108063141797,2.209804560304884,3.609250148702042,6.859448714035966,1.0,1.729817410662584,3.84165411758066,11.148998386551149,1.4601932420104013,1.180063044224294,1.0,1.4040424792040507,14.249580626532914,9.28759368306302,2.377900817534094,1.0,7.710712595754444,1.0,172.92564611250165,1.613000816560136,29.05126795058932,4.511350971268592,5.086384208886507,1.6303628710874805,4.482857424960033,1.7878867738990114,2.2481088289455466,1.6670032271293924,1.0,1.8399073249577114,2.115863732147081,2.430962611406232,2.0996056695003595,2.1651946709167995,1.0,3.1415462496514337,1,1,1,1,1,1,1.0119650313668833,2.424328592031785,1.0766255348958955,1,4.4903559767009815,3.4225561399393194,2.0721445784580745,4.99937008103565,2.8645240029756662,1.0,2.5168424812296206,9.410708693710855,2.235192764407837,2.2985664342640932,4.302118755874731,1.6002096338993443,8.451033029375402,1.0,79.80602889758458,44.31762188680386,14.178036897904008,1.0,9.197934750217165,1.0,1.0,19.203677201175058,1.0,1.0,23.025877270562816,8.041967285978018,6.741850197330876,1.0,9.945321068341404,1.4438235078282546,6.3669223315713435,3.04186665789729,8.54929022040199,1.0,1.0,9.114355096155034,1.8017009060713463,6.880655682160276,1.2062742188572884,12.120660559016843,3.140136779347891,7.406904472227889,11.124142092413534,16.36798095843237,7.049720426163385,3.3305775054296625,4.469754677174562,3.104605773514359,22.80515600211857,9.650211953104707,23.472538138063356,10.237712886546477,24.016748703876047,20.68802604581794,9.993986028143148,74.90474301703082,41.93271973455538,7.389465626527645,44.864875971294765,11.087301949819642,25.797100758710204
TEST_01+1일,6.504622905005671,1.0,11.237620810905891,3.506798696253322,1.0,1.5638121329724217,1.0,2.232813043130721,3.7423765852753474,1.0,1.0,1.0,1.0,3.105055569731525,18.54973270919861,1.0637054883523034,1.0,1.0,1.9640667352894439,1.0,1.0,1.0,1.0,1.0,4.075675969164685,1.9833369812908104,2.4854379931966717,5.276081476802453,4.4932665933592055,4.258607193208397,2.1903003976574755,5.830938134962135,3.992855554544084,1.5098601929144586,1.0,1.0,44.95666352820422,1.0,1.509754564981711,34.91928952691103,12.579343695303404,1.3281518118026823,1.0,1.0,1.0,2.7777734420179274,1.0,4.50242437394901,1.0,5.074178671596284,9.625912505512392,1.4132821335188757,3.932545845547503,1.0,2.6740235627149462,1.027591573226111,2.3919439015153205,1.0,1.1500876899557693,1.594258609957334,15.226402363309791,7.903783072683638,13.655265272196136,8.511419429670735,9.875152503037086,1.650179500421034,1.0,1.6228201616733395,3.484177342089864,1.0,1.62390752488818,1.0,1.0,1.0,2.909214804353364,1.5432584388790147,1.0,1.3873060408254738,1.0,1.9475470837900495,1.8473847258611353,1.5722101068050445,1.1695305143497794,1.3143210343686569,1.0,1.6608833850998257,2.406242972792197,1.5223868491267907,1.7255622207782995,4.294248725181423,8.685306201466528,1.6264153754399966,3.2010834734698026,7.908950471916367,1.0,1.0,1.0,1.0,29.042963579898483,6.269381372752399,1.5881383918318224,1.3457746840702391,5.574221186842342,1.0,164.28423294643656,1.0,38.865288272360594,4.029560238566573,4.260345564561211,1.0,3.2195840433074183,1.0,1.9158471298673394,1.0,1.0,1.1309334744927844,3.299390871127015,1.862793037532762,1.6230215787275688,1.8698818294961363,1.0,42.33382134549327,1,1,1,1,1,1,1.0,1.0,1.0,1,1.0,2.953071999858734,3.166181665209751,3.7272211233507537,2.1042475937671727,1.0,1.5631830930327166,6.970753557715051,1.0,1.0,4.956303752462568,1.4653490961625488,7.2148755661770805,1.0,57.05046594150023,6.668960128035344,12.227589706184533,1.0,8.83336750778779,1.0,1.0,19.258747772534395,1.0,1.0,18.831825077832256,8.405382941695885,1.0,1.0,13.144442290229307,1.0,6.805859870212339,2.9839441613871767,10.8045854280332,1.0,1.0,13.660295139180938,1.0,2.355948797625879,1.0,14.97638153093665,2.61341429492705,1.0,5.603172275902784,3.338185041196507,1.0,1.9783153070137405,3.10526391259155,1.321541267939546,10.925526968996367,7.456284814594812,11.39212472940611,4.5771050293146605,14.417660246668506,10.182950374989716,4.930762290679026,35.739579855779354,29.074086388669492,1.0,28.127433035667767,7.855576367330306,22.76906035784007
TEST_01+2일,2.6779769862393135,6.272185950794994,3.715503001609173,1.048150975904789,1.0,1.0,3.5687500339413347,1.0,1.4380706684823723,1.0,1.0,1.0,1.0,1.6519389249408185,10.625966640776273,1.0,6.445473813494698,1.0,1.0,6.566475839088586,4.338309146295264,1.0,1.0,3.189390027146324,6.735317868780157,7.510286182210518,1.2534298110872781,11.29050226788569,2.6553219644833597,2.300042010307326,1.316365817821485,3.4193124515956317,3.1548681553627396,1.0018852881170728,1.0,1.0,25.625434391820363,1.0,1.0,33.63647646336102,5.883024284167959,1.0,1.0,1.0,1.0,1.863301242233022,1.0,3.5457253464277567,1.0,4.2294629052314425,6.6872442242444095,1.0,3.012165209627155,1.0,2.1738044233093694,1.0,1.4090962669195786,1.0,1.0,1.0,8.345084649730898,4.916182436656354,6.250549034361329,8.077670278349991,5.507811157919758,1.0,1.0,1.0,1.541476305293201,1.0,1.0,1.0,1.0,1.0,1.208951448934832,1.0,1.0,1.0,1.0,1.0,1.0,1.0,1.0,1.0,1.0,1.0,1.0,1.0,1.0,1.11125749732304,4.211135453211032,1.2117802711710088,1.9170856538347334,4.401348448571179,1.0,1.0,1.0,1.0,20.50207189482778,3.289045258604922,1.0,1.0,12.262049704366198,1.0,5.291195957193971,1.1183112730854778,25.726093670356903,2.650011197349731,2.9595292699072875,1.0,1.6203906067712917,1.0,1.0009484253149015,1.0,1.0,1.0,2.1467450204163523,1.0958807399400312,1.0,1.0310501690778282,1.0,26.260931661832974,1,1,1,1,1,1,1.0,1.0,1.0,1,5.8181012082516546,1.8196728296461724,1.810982622555474,2.2387388131103396,1.0488538008121324,1.0,1.3318855222220851,4.259958521394001,1.0,1.0,3.1558883471455728,1.0,4.255020576525027,1.0,18.540145211910787,16.926025168738963,7.481329564598517,1.0,5.983890594180346,1.0,1.0,10.718588617382036,1.0,1.0,10.264641712880298,4.810414257230699,1.0,1.0,8.391599193486519,1.0,4.081364419096054,1.949187524748448,5.6104523864043205,1.0,1.0,8.4172044270269,1.0,1.0,1.0,5.560763547891947,1.0,1.0,2.966549749738109,1.0,1.0,1.0,1.0,1.0,3.641661122399464,2.29288777552615,5.171860570168611,1.0,4.702800837262361,3.8260489769522574,1.0,12.17031166113248,12.01690546362198,1.0,5.948411560878162,3.0959116662502013,9.225171089690527
TEST_01+3일,1.9509309452203483,8.555886847698853,4.794589621181412,1.2075535233004424,1.0,1.0,2.348286683662104,1.0,1.7224869238479898,1.0,1.0,1.0,1.0,1.9095559401909286,8.40522743444085,1.0,5.158752669832468,1.0,1.0,6.957029877590042,2.732239826107639,1.0,1.0,1.0,10.20320525596079,22.778124781899212,1.2183022785096036,24.22055102412562,2.282765389852056,2.280607936127083,1.1910301572982813,2.987059523239691,2.7805149306755848,1.0,1.0,1.0,20.06517219566137,1.0,1.0,26.93524663585593,7.322928056533249,1.0,1.0,1.0,1.0,1.3253216600884539,1.0,3.287278278854476,1.0,3.185712578761394,7.092910277047872,1.0,2.5398264779286173,1.0,2.2088038140483475,1.0,1.2902557816887237,1.0,1.0,1.0,5.589515525415646,3.4005267921472586,4.915861588132096,7.836000606081399,4.540860509918739,1.4621803334061063,1.0,1.0,2.4270054988092293,1.0,1.0,1.0,1.0,1.0,1.8781425643810197,1.0,1.0,1.1127271589927263,1.0,1.0,1.1396606420496789,1.0,1.0,1.0,1.0,1.0926554148007581,1.0,1.0,1.0,2.4248721495310672,14.774312020145668,1.1954817909878375,1.6273152007215255,3.92887653279789,1.0,1.0,1.0,1.0,19.432559361545778,3.890961914844427,1.0,1.0,10.910208262330645,1.0,12.282756265442728,2.8185519566833532,24.452220496688355,2.2585343596764096,2.7666454231355386,1.0,1.4220304071678178,1.0,1.071209216058686,1.0,1.0,1.0,1.8244281837461422,1.0292853574637815,1.0,1.0,1.0,18.32823225886201,1,1,1,1,1,1,1.0,1.0,1.0,1,34.229288747497094,1.6901081973731091,1.788618895212311,2.07838132181912,1.0,1.0,1.291348889295933,3.539731812969941,1.0,1.0,3.011780974442809,1.0,3.7849351804206397,1.0,40.53728128405008,25.486060443350354,7.161797049092689,1.0,5.028409364470963,1.0,1.0,9.30321715242136,1.0,1.0,12.32141403266753,4.045228112692668,1.0,1.0,7.486889072427132,1.0,4.595430751624581,7.935256963945097,4.6034812410760555,1.0,1.0,8.112815833804584,1.0,1.0,1.0,3.2396915667531947,1.0,1.0,2.8857880131331486,1.0,1.0,1.0047721483677639,1.0,1.0,4.974518779043762,4.492851772492289,7.265458215046587,3.5419042355953545,7.303425813921529,5.557378344518228,2.369405690055867,25.594828890790673,19.386855932459163,2.642248663350868,15.304779738521852,4.908566865021552,12.885158937221355
TEST_01+4일,2.9455419602980317,15.930112188194133,2.4733982793469123,1.5926968363830991,1.0,1.0,5.153801026537709,1.0132348136825517,2.2603415577954022,1.0,1.0,1.0,1.0,2.117515826346721,7.240124478449411,1.0,12.904555720639543,1.0,1.0280889970632106,8.063031070377715,5.822520723385647,1.0,1.0,3.2910370479856246,11.519706231214393,8.236729178990418,5.473827182063196,31.117403345832237,2.06293038118311,2.105663739317244,1.0,2.9336941442371662,2.319632200345138,1.0,1.0,1.0,24.111318975913033,1.0,1.0,19.488140672637105,4.712110252002777,1.1508703195726957,1.0,1.0,1.0,1.3270047705980546,1.0,3.004567677488339,1.0,2.951208290428543,6.794529332100867,1.0,2.445219199930165,1.0,2.1135785646086904,1.0,1.2637843958664812,1.0,1.0,1.0,6.4967479893126905,4.0694072883584385,5.1803875488317495,7.748653539199585,4.317397528539656,2.1043391621439125,1.0,1.0872886262155772,2.3573610363600874,1.0,1.0941189026070233,1.0,1.0,1.0,1.8457338690108032,1.0,1.0,1.1644963368545054,1.0,1.218611955590853,1.0567690252579451,1.0,1.0,1.0,1.0,1.1603510312718748,1.304344219067327,1.0,1.0,2.9044032839085814,5.516486006936789,1.0606209850302453,1.698317861968576,3.1270102508765873,1.0,1.0,1.0,1.0,17.414228953643185,2.4118531883481915,1.0,1.0,6.469712580645525,1.0,11.874074480579377,8.250661102303798,16.942990491734037,1.966275041539959,2.3376868062133576,1.0,1.4290083755697958,1.0,1.0,1.0,1.0,1.0,1.4679260916358203,1.0,1.0,1.0,1.0,22.73506798010081,1,1,1,1,1,1,1.0,1.1925206305842793,1.0,1,21.586757329377996,1.4391324713404248,1.6747544289300356,1.7434467112765053,1.0,1.0,1.0,3.309569258662399,1.0,1.0,2.2602534439711053,1.0,3.6340041917942356,1.0,51.51436980969686,38.493275937656236,5.565301872364573,1.0,3.997259387368621,1.0,1.0,7.074740482966943,2.6505592343650592,1.0,9.018049938346262,3.633768955373137,1.0,1.0,5.964168364314304,1.0,3.3750146909727867,1.3348124941140158,3.9247809819243686,2.6505592343650592,1.4535431282021682,6.658726512545973,1.0,1.0,1.0,2.353639684801093,1.0,1.0,2.112839606064086,1.0,1.0,1.0,1.0,1.0,2.9679383509108272,3.763527298491877,3.5144246946499536,5.237588491705627,6.033259328460444,3.9963467953973852,2.218791054408678,20.20096588502899,13.128511017106812,1.3207823416581939,10.431412003562293,3.6859242968716357,10.552566395114997
TEST_01+5일,3.2784841878931337,28.11303567194876,2.309683934991517,1.9379122145578558,1.0,1.0,17.537623637367602,1.1993475517029073,2.1826985207073397,1.0,1.0,1.0,1.0,2.710702356674753,8.135902802862983,1.0,27.68198227103288,1.0,1.157815735839744,27.769186752322394,17.03928139248174,1.0,1.0,1.4390113138520482,15.94811476488308,32.533095574928076,7.382502494075591,36.372249613747144,2.460457304910119,2.4826352354313332,1.0764306561531019,3.1277467288222436,2.3522943513771977,1.0,1.0,1.0,23.379882684910783,1.0,1.0,23.16736672744671,5.174748705516777,1.08077616893816,1.0,1.0,1.0,1.3754240960721202,1.0,2.999824061931789,1.0,3.163182310012129,6.664671089974957,1.0,2.4582761686238626,1.0,1.9542791182373775,1.0,1.4122338098948974,1.0,1.0,1.0,4.949710857189639,4.64413340552521,4.78266023585639,6.734827486780783,4.864232250862887,1.9638442886015146,1.0,1.1938267341580329,2.289401041918847,1.0,1.1994731281012962,1.0,1.0,1.0,1.84110751275939,1.0,1.0,1.2142211349190664,1.0,1.4196749785572327,1.0698544075369871,1.0,1.0,1.0,1.0,1.2725136550635088,1.0,1.0,1.0,2.8729132880601247,24.093252529381566,1.0008993879355979,2.0075946816248793,3.744427521496974,1.0,1.0,1.0,1.0,16.459192787764394,3.2718836048690374,1.0,1.0,9.549905844495232,1.038049727479098,17.252108671466036,4.213876372933554,17.884788061730696,2.1226762680355646,2.82900005049357,1.0,1.1142369138982544,1.0,1.0,1.0,1.0,1.0,1.5987830603716175,1.0,1.0,1.0,1.0,46.24836897823657,1,1,1,1,1,1,1.0,2.2593240422277754,1.0,1,50.997645794121624,2.113738391880326,1.5205398222651252,2.2946722423040407,1.0,1.0,1.1804140458896049,3.1666456337576907,1.0,1.0,2.6099628899162077,1.0,3.757271373126839,1.0,74.50535894698713,71.55249312090257,5.957749021951164,1.0,4.0547407742768495,1.0,1.0,7.970327004948935,1.0,1.0,8.670292974657933,3.5052059130217637,1.0,1.0,6.373431732618165,1.0,3.301566433803036,1.3162432849764842,3.697137689049539,1.0,1.0,7.106031495179826,1.0,1.0,1.0,5.679263803114263,1.0,1.0,2.171110935644959,1.0,1.0,1.0,1.0,1.0,3.0026300448705143,3.2682304471898247,4.23655867670731,1.777708888067948,6.7794475743804865,4.209001393678457,2.174859736823141,23.513558339061795,15.98602730525878,2.0133091433038786,16.72365509339541,4.31130315421521,8.865479558860569
TEST_01+6일,6.68811175133426,20.260118464010265,10.468042501660765,3.0215525758676725,1.0,1.5381395194785723,8.325968185896999,2.2080944755024285,3.5759808849163663,1.0,1.2044983907954083,1.0,1.0,4.647127357096028,17.993832937464354,1.0,18.58728652220258,1.0,1.6982867380453415,20.086488451650904,8.670166639137097,1.3729323867685472,1.0,3.4271470973644953,14.269432897096323,26.551423737954607,13.147495253509438,61.33842607571435,3.478271569403173,3.0757014538762855,1.8043448703236167,4.470123279303026,2.866644736768764,1.5198513684221933,1.0,1.0,29.36061108749763,1.0,1.5036449656105806,28.198327576723806,6.7125856453246655,1.192106599701373,1.0,1.0,1.0,2.171433124469492,1.0,4.2023145078520425,1.0,3.95699550030674,8.127723975902141,1.2093902204408655,3.330670051654814,1.0,3.0922850926785617,1.252040577823761,2.3419078365001726,1.0742162932972934,1.4268082290886772,1.1699551447106145,7.940698343197065,8.145055788562274,6.825416061351015,9.448465771646738,6.0850197782066395,2.2813737697329373,1.0,1.7515146636829637,3.2263856036596095,1.0,1.5709235404045403,1.0734787466828206,1.0,1.0,2.6897471182023045,1.426984993171648,1.0,1.7874095716018183,1.0,1.8996160490316656,1.8699143024562166,1.2533289577766298,1.2232284989560762,1.370176312190296,1.280934799784731,1.8111232209577124,1.108750320533809,1.4364780880033774,1.439273829729508,3.4907646222953037,40.800018391720855,1.431824964543199,2.6256155761715947,7.597781718418485,1.0,1.0,1.0,1.0,30.563446113662557,4.784834385626981,1.4188228227989876,1.0974251876303542,10.123611576081135,1.6150334185376456,12.909657525433213,8.45929709123935,31.107562745758557,3.7629327182124577,3.77852828609046,1.2745146563600056,2.2557639105219676,1.0,1.3737003858991859,1.0,1.0,1.1046924424325975,2.2881990459715174,1.483698107511513,1.3537644302778826,1.3299903279112335,1.0,22.966802618511945,1,1,1,1,1,1,1.0,2.968973750580325,1.0,1,81.72205683920753,3.3377250858465617,2.345110329389443,2.9878232593243634,1.8855712967557552,1.1445052282525858,2.084042742013456,6.599837572879579,1.1184553668082102,1.0,3.6913598092373743,1.6490559339156792,5.29990999584628,1.0,82.35923022537034,74.00048548062296,8.057662444719934,1.5050404678558973,6.424859883659984,1.0,1.0,12.274603117245807,3.4605255770294137,1.0,12.655003902996935,4.923429964000774,1.0,1.0,8.949195973324235,1.0,4.882705504590491,2.1671250576348995,5.6445042218582575,3.4605255770294137,1.5050404678558973,8.853969532324061,1.0,1.0,1.0,5.716393455111076,1.0,1.0,4.428965240809064,1.9321768855080588,1.0,1.3497364644042666,1.0,1.0,7.794219947658736,4.6610856580744855,7.145224913989274,4.242385515941887,9.90184986343479,6.450376625029194,4.090706388985003,35.19642708761722,19.440800487794007,6.519856478887922,23.654929648903586,6.984922442431914,15.055039554974751
TEST_01+7일,10.713579605363908,14.894894895451271,11.761478264649675,6.358529370147597,1.3256700604290805,2.775963418657272,1.1012707790359855,3.4532550363691916,5.286288502997264,1.0721633378885458,1.9343085635971384,1.4875341102620743,1.3877985233981898,6.59297875385273,22.442911075409285,1.6045583752827217,2.5587538980012368,1.2287806271434338,2.637743504033504,1.4653293577173199,1.0,1.8177132268418932,1.252078622472337,1.0,2.295081664975652,10.566127403804217,3.5212911276509504,30.27130716027429,5.308310087608671,5.507023341787575,2.9872213810770347,6.433566508696901,4.240065519885819,2.000236349829875,1.136882788748161,1.0,48.78870870718199,1.0,2.5120990006060975,36.78283107601909,14.474179282318541,1.8954910836853118,1.0,1.6882263135416495,1.0,3.293585612842542,1.0,5.278655275685466,1.4695734272035565,5.791383021753565,10.705854656604988,2.1199464856740673,3.856857839130611,1.2579192623105655,3.6255414562241035,1.62078732343684,3.513261474816521,1.8022281701784255,1.5485637451027527,1.9348027513462775,14.551183933676336,8.328219118473697,10.82493671220498,12.65185408068766,9.806442528956788,2.742144044263554,1.1318259730071865,2.4917621452409193,4.002849199805773,1.0,1.9184544876164873,1.26447635697075,1.0053274132587284,1.0,3.740636186905916,2.160832033221526,1.0,2.1355571719732653,1.0,2.7499224976843877,2.3185588738897343,2.0863181618885567,1.5824212814596068,1.9896734072554825,1.6234188933839464,2.882628648901467,2.081126615981109,2.104780106466478,2.1560870206988896,5.717870235135515,11.680406162840692,1.8915525082650746,5.2322164304259875,12.48721307021541,1.456201600864157,1.2676914363459735,1.0,1.205702626193292,18.88753243412296,10.572680274817168,2.0628280981398865,1.6139405181795636,9.211829930482924,1.0,112.09661399438261,7.884535091714863,22.051689165995626,5.704384906683682,5.643836615684077,1.5848448970658884,3.9459206568610874,1.2755934219265266,2.3182782435088414,1.0,1.053774998224926,1.7075094721571593,3.4576258383318343,2.483909962939187,2.7210536194773707,2.168382906233336,1.0,14.429017227141905,1,1,1,1,1,1,1.0,1.6107809799448325,1.0,1,6.679458458507861,5.215894996621207,4.035179958599915,4.426984683541576,3.698539752733094,1.1611721997131967,2.8744808261139667,10.145769446398875,1.326853869201746,1.0,5.805316423545724,3.086305222731219,8.385677199855836,1.0,18.304028975108004,38.05503331569698,12.964648772556483,6.360092097192673,9.943157595099656,1.0,1.0,19.84521587502163,6.661150637214542,1.0,18.43541855382407,9.031592608913103,1.0,1.0,14.34433066198897,1.8521529105287287,7.443845170867036,3.9523106387436657,10.660215884294146,6.667895980776757,6.389106624990372,14.592447078675198,1.0,3.6703932591684536,1.0,15.179596237400922,2.8086709028451002,2.0533363992717044,9.563247158655356,5.556090071189496,1.0,2.474631913839596,4.84250624639083,2.6470711700720697,16.380368292115044,10.81079242410969,14.824129967983108,8.890313167463741,18.224101315023837,13.94228300185039,7.76365072511898,66.1756744274185,35.27431928570745,10.051217420809541,34.775063826072525,10.349547524766228,27.25813930920417
TEST_02+1일,9.798141064971388,1.0,10.483217836098959,4.524376081053115,1.7883790080478574,1.5134780697780965,1.8824675453446145,1.025087769755208,4.436622405746453,1.0,2.164406950134124,1.0,1.5508022913989516,4.481003665384366,35.08840323675547,1.116984375046059,1.0,1.2043382717923885,1.1434194380772469,1.0,1.0,2.367787969689224,1.0,1.0,2.910158027728513,5.425335393090059,4.809782274843674,1.0,10.179617832225524,6.662215569424382,5.615609678411698,4.652537524416037,2.7385001438443144,1.771611132629363,1.0,2.8923871266764167,55.733662444193854,7.2199464713489645,1.6340053336225735,33.217150134077926,23.354792534609064,1.3626827205290233,1.0,1.0,1.0,2.3857821048793744,1.0,4.2880824738076155,1.0,4.555646121886504,21.001701767969923,1.0,7.2130782458937555,1.0,1.9607476620996271,1.7869423845426042,1.960768479421092,1.2347959951381031,1.0,1.0,19.512147279804562,19.13335376386386,22.80416493633444,21.490819357950976,20.22294963667758,1.530859744949623,1.0,1.6726379852463746,2.541854277446932,1.0,1.6930605117861743,1.0,1.028230034205412,1.0,3.0751854126612073,3.375723410601392,1.0,2.675303571277334,1.0,4.498575399625983,2.670261593181205,1.1132716765105903,1.1339496790891643,1.0,1.4495165209178142,1.1744817551302376,1.3838377481503312,2.5135613164442248,2.801309460448836,5.0690444995262895,6.378199756625173,1.7562065621480087,4.784489667292503,2.3546790146133443,1.0,1.0,1.0,1.0,10.238256269712197,11.837023609498004,1.0,1.0,5.398374274859676,1.1723896184466567,214.56831604333073,5.450536274645689,52.264854936755086,7.342577845063001,8.168218782829282,1.5823042667534009,4.450993485732502,1.0,1.9721423309788568,1.0,1.0,1.1287208611919484,3.2853197344830547,1.8466379576262317,1.5253008067501905,2.3264074184933152,1.0,1.0,1,1,1,1,1,1,1.0,1.0,1.0,1,1.0,1.7182287094700064,1.0,1.910431974537818,1.7782532132892,1.0,1.0,5.287325991806506,1.0,1.0,2.7892083756105617,1.0,10.557327607712729,1.0,15.340703703520697,7.169953374609564,11.060859585899978,1.0,11.142200118712429,1.0,1.0,22.02644131421122,1.315002992771508,1.0096149110956079,21.486283666872637,8.338749702148728,44.44849102260771,1.0,16.5334673962195,2.107121256161977,7.235669819660126,3.4681242671639456,14.01928858890204,1.0,1.0,10.874550797356367,3.921558561505504,6.121403601167274,1.1535773612558842,16.79805222816861,5.626470853238125,3.8383318458316937,18.32397019471865,6.598738040630252,1.6247662867883297,4.712241616675728,6.067010628924554,2.6883419677403424,55.56067165401013,33.388412060956696,51.34012395490976,23.67098558836171,26.53827717945038,44.83473169310936,24.101995478403033,109.23136936951613,82.61685946584922,11.213508762467718,78.30366636402212,24.019715252319223,66.55533475753076
TEST_02+2일,5.152735767072958,22.276377797246795,5.1467100676102335,2.1927291540488447,1.0,1.0,10.028846121248149,1.0,2.321984953886517,1.0,1.0,1.0,1.0,1.9816952673911914,18.863517396376835,1.0,10.658196072739685,1.0,1.0,12.840231487040652,11.636298225765046,1.0,1.0,3.2134588403630207,6.209333555481584,5.190831391476738,9.259064315742537,2.286744989333811,10.036573124742446,4.402709773414452,4.039415968058661,3.107048257705089,2.0270209525862377,1.0580350341393063,1.0,3.6178929120281316,51.075009251009455,5.63547853242975,1.1582374455367872,35.6773464281002,18.79320451301733,1.7955595691661739,1.0,1.0,1.0,1.7142009504653624,1.0,3.297270234482309,1.0,3.748612904176049,19.776374460548027,1.0,5.106853010017542,1.0,1.2327836328722142,1.0,1.1016048251018022,1.0,1.0,1.0,9.964152520112513,11.829967481061612,16.01364144356001,13.748108846445355,14.572702470877855,1.4228450211398909,1.0,1.0,1.0,1.0,1.0,1.0,1.0,1.0,1.5879931485219552,1.0,1.0,1.4135394024922199,1.0,1.8504164334008382,1.0277709288755172,1.0,1.0,1.0,1.0,1.0,1.4677743178509883,1.0,1.528737220243115,2.17067780314899,15.27081606798322,1.285335061968469,3.488202416006354,1.0,1.0,1.0,1.0,1.0,18.378465632997056,8.656490456595858,1.0,1.0,5.9273106352296345,1.102219717678555,204.99206735317912,51.80548233818055,36.67477333284013,4.77454467375642,5.391237389493362,1.143266884385075,3.3328470134683252,1.0,1.7199874321018842,1.0,1.0,1.0,1.8401111062560696,1.02715321418992,1.3976317752068192,1.2628845642173108,1.0,9.353780624103445,1,1,1,1,1,1,1.0,1.0,1.0,1,1.0,1.0,1.0,1.0,1.1083997973831967,1.0,1.0,3.975650698556625,1.0,1.0,1.6879710423149725,1.0,7.313656000601981,1.0,63.470657834960264,50.1387976025905,8.044721663608426,1.0,7.733521698241656,1.0,1.0,14.643990656780343,1.0,1.0,21.76804662319894,5.478309685017761,243.15567830860005,1.0,9.166089717434179,1.0245242203148202,5.696805475351434,1.9412338473074715,10.429930046081573,1.0,1.0,12.098916440890637,5.363984120409617,2.3371136062311937,1.0,9.589996434144922,2.6290680607293866,2.3644738970324397,9.435774628068915,2.555069480047174,1.0,1.5571052362600104,3.5574214261896584,1.031265128403902,37.79028165917882,14.387611690312474,44.671286201867204,4.811524254070749,7.077456427119991,30.299363628990875,16.770971572633936,54.59722443262669,88.19056946458032,4.21093947973387,95.71707947324367,14.381488450688568,70.58822687360383
TEST_02+3일,4.262425448876448,22.417210914800954,5.214978690972364,2.070443895612004,1.0,1.0,16.16970354808432,1.0,2.1167005804968144,1.0,1.0,1.0,1.0,1.513113123949687,19.941688826020993,1.0,15.535895954936787,1.0,1.0,6.555397097225661,39.23426659809059,1.0,1.0,1.0,13.070103672948342,11.286908728169413,4.076577778962829,21.49278149600645,7.56410535155837,5.046018371665565,5.073905284255385,3.2104123239111306,2.111968417391132,1.2770556199314762,1.0,2.3093347122336976,45.360091818854016,5.850076531692264,1.4536321565286285,31.401435100043578,17.68747376645695,1.2015003459528995,1.0,1.0,1.0,1.7527397510678164,1.0,3.3967609184037437,1.0,4.016501716585994,13.800093799043653,1.0,4.971393828755736,1.0,1.3045938904739502,1.0,1.1662316373295187,1.0,1.0,1.0,8.962784733029952,10.459030454389268,13.616413484442939,13.035634164646726,16.45276668862067,2.351540842700431,1.0,1.2218055906142542,1.5535507385312888,1.0,1.0973802244128075,1.0,1.0,1.0,2.1550681534650082,1.384957355894517,1.0,1.584896411618153,1.0,2.269072807017425,1.6965765928632606,1.0,1.0,1.0,1.0,1.0,1.0,1.502108587633943,1.9683426233305628,3.403916663658644,11.764150743936112,1.3527129019909854,3.173991125336454,1.544788938111965,1.0,1.0,1.0,1.0,18.770435005403456,8.734583679114628,1.0,1.0,3.8657726974328366,1.0,80.87695849165756,57.941701896079664,27.901138252626907,4.805194708552041,4.640025010489009,1.370785953641056,3.940230834377469,1.0,1.6201561501826443,1.0,1.0,1.051005831685225,2.002588510466623,1.0791655319928442,1.5556246261218654,1.476602403611063,1.0,25.192631382475412,1,1,1,1,1,1,1.0,1.0,1.0,1,34.53746719983174,1.0,1.0,1.1734540464134207,1.2218328041323776,1.0,1.0,3.408676326573167,1.0,1.0,1.5063519923244333,1.0,6.573676528683543,1.0,104.75833426274569,99.4791913152716,6.740048287746823,1.0,6.673807151179883,1.0,1.0,14.759734607331911,1.8192708541418818,1.9158224191002864,22.321539228869643,4.371868560938861,252.12874807805946,1.0,7.629373875950748,1.4005269144125587,4.403900778585855,2.0190489646951284,9.57056548121099,1.0,1.6410928771610764,6.652902678605804,1.183895722857446,2.140533576885165,1.0,10.169106064736354,3.209104089467172,2.2487599022944895,7.610414716359527,1.8617404661950356,1.0,1.12628099136545,5.177298030991537,1.0,35.92035344179877,21.044162262443756,39.40525697665781,9.617985098615264,13.941855612144128,39.904774714501265,19.887449169950653,111.88647933364733,86.1642986499686,6.998478702580112,86.66341880495783,30.846166673596823,62.833931665982526
TEST_02+4일,3.3165681677068477,28.599207744553095,3.9004510516274524,1.5116489074015864,1.0,1.0,23.854812021506188,1.0,2.1615681368359216,1.0,1.2126392184961847,1.0,1.0,1.5552442407679354,10.964727680135631,1.0,20.192581938794085,1.0,1.0,17.580317073835513,25.60840411121835,1.082692504030538,1.0,1.0,22.626556730412574,13.35096457683984,4.603504219249899,16.531465851869925,6.260283953709927,3.292271455301381,3.447244632623419,2.5627725569975173,1.71955662134311,1.332077168102317,1.0,2.667869513799874,28.99898590966874,4.002192195025591,1.3693031873185917,29.001699065354458,16.310733429136917,1.96419640942528,1.0,1.0,1.0,1.5247629633741304,1.0,2.8364965699958127,1.0,3.2275940290326357,12.003465952303664,1.0,4.383895244065758,1.0,1.2689054844891376,1.0,1.1554155054568533,1.0,1.0,1.0,8.121306743203284,9.866960875828259,14.825245040199398,14.08186331801049,9.847968016628096,2.773917734633394,1.0,1.5047076580333802,1.7565041533307955,1.0,1.5266663396516642,1.0,1.0,1.0,2.3731838265758944,1.7648640262140036,1.0,1.649097347328811,1.0,2.430308473441097,1.6873319490058423,1.0,1.0,1.0,1.0,1.0255459001278229,1.5478052105753222,1.8309189394809298,1.95910874066782,3.328974689315951,6.713389823929036,1.3668316245771936,2.7702436810032363,1.0946911968667916,1.0,1.0,1.0,1.0,22.11241203184835,6.725353721376466,1.0,1.0,5.056517210568867,1.0,33.604173839499886,60.11711031195271,27.458636615609624,3.314687533407228,2.6416530633273045,1.5076968521576413,3.0004630788787017,1.0,1.6915395205712263,1.0,1.0,1.0,1.7356280559998942,1.046843451891306,1.5157609847586304,1.7013249942165571,1.0,1.720901020651716,1,1,1,1,1,1,1.0,1.0,1.0,1,10.830354756205706,1.2837256888104678,1.026276476703479,1.2175063216191488,1.4283421488872987,1.0,1.0,3.2678017384195575,1.0,1.0,1.6524439087314606,1.0,6.661530285138543,1.0,93.01114867582346,95.8000673793936,4.732205324863477,1.0,5.515337843340305,1.0,1.0,13.079636865645877,4.922991784222695,1.5303262559758875,16.421455784157725,4.329218480812669,210.7271173347189,1.0,6.401223270434448,1.944543557810776,4.110927026895927,1.8543343766796556,6.043272827710617,1.0,4.4365452216090535,5.041492028832689,1.0,2.406714194290869,1.0,5.763072933039727,3.3629086391760152,1.4918150543235242,4.356123615776173,1.0,1.0,1.0,2.2749093535719744,1.0,27.4035134735353,11.766903802677227,24.174906450890354,9.329339780857783,11.040616397040433,22.60035308132346,13.603894623869028,117.06507089520466,61.529189046001726,5.886221209184722,74.94918589460956,24.21294094695861,45.676358686177494
TEST_02+5일,4.7066160538859805,82.95640832979286,4.681604548290216,2.583773958462483,1.0,1.0087909330132991,43.531397718189424,1.0,2.3823587936,1.0,1.1691720241280221,1.0,1.0,2.383666624985527,15.115643292990159,1.103984131307051,71.75122460324005,1.0,1.0,70.4465388333342,44.439428549392474,1.51456017459748,1.0,1.112285869302967,13.15978963498559,12.45811357958819,8.683699754198155,44.748064562846764,13.186359298901612,4.895565507318155,4.0041242260755885,3.0264415926157398,2.144010440048416,1.5897391021699074,1.0,2.8194177800969555,34.793220311373055,4.385419402627296,1.6488188262767203,31.773766354150844,22.59349613074398,2.272482042472465,1.0,1.3434507274231273,1.0,2.3873694636593785,1.0,3.1717103801313113,1.0,3.1993916541418272,11.690268888821599,1.0,4.759208171467912,1.0,1.7527761011037,1.122901697019837,1.7133199244069968,1.003730954025416,1.0,1.0,7.314552511119602,11.468633631049652,10.647803089269322,13.41380206830836,10.696423006345405,3.321926329329056,1.0,1.5929281340290946,2.2105627264493535,1.0,1.626100661540929,1.0,1.0,1.0,2.4412495665540854,2.0824333093448453,1.0,1.7993720648412355,1.0,2.9812582804101124,2.097073473679803,1.2353140669798006,1.0165007002279212,1.0,1.126172042004689,1.299468856226794,1.7371524491495767,2.093459248729607,2.14156045083978,3.8975889919606423,24.182440236750434,1.518504686840435,3.6034996995217496,2.033054688641601,1.0,1.0,1.0,1.0,19.164021348893073,9.922332725029376,1.0,1.0,5.647590736378954,2.0204057206761648,19.39907674907059,48.87785382933531,24.937420759133122,3.5671063170923056,2.244385566490553,1.4172825098485116,3.4185753475221903,1.0,1.5831542240461312,1.0418339759593471,1.0,1.015257449423731,1.954362271754996,1.311141214793699,1.6424864697620656,1.6976935844256453,1.0,77.14476840779494,1,1,1,1,1,1,1.0,2.0951984963833006,1.0,1,41.62436805610585,1.2948012389477652,1.0,1.5593586950012845,1.3433078653312716,1.0,1.0,4.066094474054885,1.0,1.0,1.7183737813775117,1.0,5.886238606797452,1.0,49.39435197706428,67.14882263851695,6.072665368655584,1.0,5.923169046469653,1.0,1.0,17.399619486339088,1.0,1.0,21.15158008334015,4.698011387855289,41.00923413067315,1.0,7.3998813401656225,1.2786434034263465,4.901182511157874,2.3460918455045054,7.291110645052343,1.0,1.0,8.567526224127096,1.98185517539056,1.979640873774412,1.0,4.448783146794769,2.6298798988167817,1.8991646147333086,6.162460798362301,2.3676670648023563,1.0,1.5113849059721813,4.171938249070664,1.0,28.037925390869226,18.45803817870552,34.47202918601444,13.805913986425969,15.711691903922256,24.279867144389996,23.755528737998965,173.58610796373057,46.75619298790621,9.378522615913923,37.85878204902683,15.404929322394523,30.616661897633854
TEST_02+6일,8.251943214494569,60.46384217260524,7.4867507565616895,4.083350422861948,1.5565287805228865,1.8567658183276605,28.47489515535429,1.5408983129116662,3.8153429925741165,1.138359945148004,2.0115479645425003,1.0,1.6645593583312843,3.9700762351493064,28.269546055679708,1.529528556830833,42.062284598531825,1.342488918340177,1.4062514659002092,52.342620946408715,29.268756443574123,2.232868261143217,1.0,6.69790780937777,17.222178008989836,17.805865737552914,14.85570628500241,64.70875326057669,11.552117448405301,4.907616604797381,4.957326647686365,5.158973323901235,3.2751020161583693,2.396954735420108,1.0,3.9551895540757713,44.563009995231006,6.833428437066193,2.6769582160333396,42.99239864839833,23.303279873591308,2.5206283054325143,1.0,1.6121393791680747,1.1885639671794908,3.558608232598904,1.0,4.192313851406804,1.2593038575326576,4.213701798053891,15.9228856502402,1.0240884633557006,6.681720501461234,1.093479964377833,2.510807901697771,1.7317864379392662,2.4588647194845703,1.566691012423453,1.2379985584631252,1.2855297030359236,10.255025287192588,16.297590682337685,15.786440225108427,14.788485837861192,11.471818679070395,3.1474704838889087,1.1208211674934478,2.0470970694522386,2.925072177807297,1.0,2.110789703614449,1.0,1.1587183170508797,1.231636522517848,3.0319249318222568,2.9606148916478814,1.0528717653765733,2.545093077585428,1.3386621651631319,3.677946658812586,3.0356973718054845,1.4293473943026684,1.4764471262383172,1.448604457820509,1.8672559136424347,1.9658399059253124,1.3407256029684733,3.118703459431787,3.0632646368126437,4.686218545783482,32.433565134727104,2.1705099045610603,4.439267172231708,3.565912477832965,1.2016759308753164,1.174441136672416,1.0,1.0302310708167974,19.027036347253695,10.467277222885812,1.0014909626199695,1.0,5.922041373300971,1.3102910393948688,27.97519312317443,58.54579660067831,24.665230227027532,5.700275070650603,7.161814886883701,2.1448335046974174,4.573951205986667,1.0,2.539796791739475,1.3284712601505446,1.12198681807647,1.4422714913488546,3.262966146434935,1.826972040153033,2.4020620430060107,2.6303163620121266,1.238358583041617,29.00229892453785,1,1,1,1,1,1,1.0,2.50309068160807,1.0,1,63.58042261310246,2.5906131998478066,1.5516728578847463,3.489224678739362,2.8365380752882414,2.687951892777058,1.63975669262626,6.392248737111924,1.0,1.0,2.9042120232976796,1.5978753490979503,9.10653113897688,1.0,146.96773252157246,163.94662467331318,9.578411234923205,1.0,9.098555006440932,1.0,1.0,21.36026442704214,4.603224686763853,2.5038866276980354,21.592988753282512,6.4529595673877855,28.15017943215691,1.0,11.328465426854535,2.6188078322198276,7.21730961763243,4.0665954669493605,12.067531098137042,1.0,4.147841479469478,12.623606134040052,4.175988871234841,5.626004155549122,1.0,6.736577298541311,4.527321546052174,4.345901569823608,10.952073516661777,5.213985341818644,3.8183928098135085,2.3431091850554395,6.824175196641295,2.387966772281555,47.560683345720925,27.468776380384817,42.16870896890987,17.827660094326447,18.785332007781747,35.628109355053695,25.575586657874013,152.36794097341115,80.30329963751171,11.287000593368028,78.86208220196289,28.183020355811443,66.62231478837437
TEST_02+7일,10.98329530140456,15.381100506715434,12.524484970057621,5.7953566418900895,2.288051124248725,2.391136409850988,12.574693806023102,1.920463702568983,5.451715727947009,1.7273690194449824,2.7770060916913066,1.2349177990954678,2.128250980460726,5.105561449250427,34.38732256575311,1.7529981882258467,14.509009481570102,1.8425214049334575,1.92546880433973,16.719548895700427,12.05883332403343,3.0183363314694125,1.549064706078505,1.0,5.858815246844719,5.8247219361840195,7.319795633662255,34.477860126181696,15.660832452107304,7.225284820523226,5.444139333905468,6.100755006684111,4.443644636251793,2.8718059224295462,1.0187399720215917,4.917165875006872,57.383894752034436,7.497455109129544,3.293172193236967,48.9247888107735,36.42565653000427,2.443969024513067,1.0,1.4607314764593724,1.484352121840602,3.6627363139141695,1.0,4.795253415477884,1.339127730401621,5.738788492230195,19.89358659779777,1.4200034353974462,9.969109930659164,1.314078303428749,3.5824267149996585,2.412480025261099,3.4487003870956445,1.8032560472375332,1.459026890805697,1.34974373041061,16.802585191760496,22.26198699714141,19.134569846521238,24.505594693681534,14.641925497397672,2.90428430610981,1.5694870915059107,2.4127315927669053,3.812634128662294,1.0,2.2879230596706766,1.0,1.5320733762868368,1.429527515543049,3.90303761631853,3.909947741664802,1.150657760280354,3.1741742936642523,1.289866404452582,4.369365616312684,3.5095309407287796,1.7958788625486815,1.753431841338572,1.6850730073613875,2.781126204252298,2.1993019533625717,2.507526130133714,3.38601019394659,3.6146960652337223,6.096254770398265,28.429428443612835,2.3350410560449197,5.805188212520933,5.718189983289154,1.412694080731606,1.377166714871313,1.208124469033217,1.6140137564050017,8.594775389798338,14.648211132274334,1.5845051472175187,1.1097924373542203,8.580418328266134,1.0,136.19758447376563,8.051919439986296,33.77356771136464,8.430473633262816,10.779521742857815,2.5867938046126753,5.878445334154488,1.4217259529240263,2.685880977237364,1.4485552250316114,1.5656764838811081,1.679991641481221,3.9937266350096694,2.319089259016912,2.9790750842092186,3.1290229306025763,1.4937261137373579,21.771483559517556,1,1,1,1,1,1,1.0,1.848339811460633,1.0,1,17.91209805298515,3.2137835511086195,2.0293259687124103,4.820794829583134,2.72249480945906,1.0195675535122757,2.355829029443173,7.762814063911204,1.2004662211879182,1.0,3.7711133758166673,1.43826890420121,13.811083694774048,1.0,58.05071022015095,52.39616470669623,12.974969069423947,1.0,13.053201873994825,1.0,1.0,33.03271091362718,8.41088562896687,5.646085982903517,32.75075376006831,9.306124078222673,1.0,1.0,16.75131019470923,4.301209697100229,9.558900328670797,5.267446225803184,16.793883564981957,1.0,10.443920416845387,12.229622916468005,11.557188255756854,8.921471417046615,1.4291832968592644,15.577314452133784,6.403620340211717,7.125026004877234,15.61730963337617,10.174596541166064,6.504689678850359,3.9680895742385083,11.284653885759543,4.8553919469336755,69.45276439227345,37.56082421674843,59.24694169009539,25.91944090129988,31.810842906122843,42.38464202770765,37.94720210680403,235.0748652925883,98.69288237417877,19.419392912801865,77.69470213004128,23.497101898881375,74.30590220572631
TEST_03+1일,7.486071916154282,1.9966775570337332,9.603008948546986,3.5411351299690033,1.0,2.3397526586032042,8.544812318456152,2.1624616815273097,5.850418464827732,1.0,1.1563429111944776,1.0,1.1960617536049962,3.853137970038683,25.757541168612924,1.0,9.859850909590296,1.0,1.020207165739266,6.5403424700540125,11.901029010589028,1.9503089090540322,1.0,1.0,1.8948392583680114,12.447120541811554,12.091878602695541,29.73922843076574,14.179981218084425,6.888986664951217,8.884039612513538,5.419157972523324,2.1103516608385307,1.5324536708053462,1.0,3.07896545017083,61.730333209288275,10.130648146674202,1.3944823521805492,37.71456383023999,27.623996258141702,1.35824548017023,1.0,1.0,1.1312195084215944,2.222862987613829,1.0,3.2428007070612552,1.0,1.8353870802911083,16.85407035986617,1.433708559122989,6.940732583159286,1.2626405154467117,4.216294346295429,1.7065087650177728,2.373806980620302,1.0,1.058152148707522,1.0,10.428895626131018,15.113195370223629,31.508400381128535,15.582701191461094,16.97175762559941,1.8261375514681626,1.0,1.7595405815806964,3.1398925420844512,1.0,2.860161901006022,1.0,1.5352849161744846,1.0,5.713762505392097,1.857004615774085,1.0,3.223709092615141,1.0860947964375387,4.811200527420047,3.617965591543952,1.4706997334871668,1.7326070533785398,1.698537638696003,1.5249797020087625,1.1405547802907137,2.2089727843948896,2.354258110967673,4.9265910941771605,6.204004306771076,6.554079767225939,1.633542530342084,4.531462356516153,7.818904127681738,1.0,1.0,1.0,1.0820235861039909,35.33467727765309,8.221138379276589,2.233994183083209,1.4068879623768593,3.477224709393746,1.0,192.4146842132629,11.673788187472224,48.64347137891582,4.8470013803209735,2.1506679479479374,1.156112784368796,4.446309733608624,1.0,1.5862228484323722,1.086425971294924,1.0952636384916759,1.206183606385379,2.105786094096892,1.6794968795671215,3.2718438122022184,2.0544333860683373,1.0,1.0,1,1,1,1,1,1,1.0,1.5549581063975308,1.0,1,25.312542627413865,1.1447580003684181,1.2893096165304798,1.6179179644176371,1.0,1.0,1.0,2.6808618216437994,1.0,1.0,1.3877600339505318,1.0,10.707039484544458,1.0,9.353239172341887,7.029199004173279,14.255010529418199,1.0,15.828515634783741,1.0,1.0,33.76674001303657,1.5698092378404898,1.5543585537170048,37.12024386369477,10.946116648005113,3.6488087853383053,1.0,15.819274320101538,2.8290378588129617,9.372464957539549,5.008844614971853,18.027403474544528,1.4417029555150283,1.336838890686269,17.5747552362959,17.96579504002441,13.415880395447147,1.2926413491368294,21.890465493002388,3.6827388664823317,16.691050093703282,32.20095439555934,29.359217290011507,9.429567357050976,6.318008478913765,6.554383074605154,7.989033802985049,144.08808105294486,95.866249589689,134.79815819881222,63.64270810561655,95.40831527315581,134.76175826475023,86.42225436976565,533.5996527056451,113.36998015471394,83.50116292349857,128.77496746836977,32.14118784639108,151.91637740560572
TEST_03+2일,2.610100941094347,20.048508071159393,3.234997252166346,1.0,1.0,1.0,18.37506738619762,1.1232126622617664,2.1166242838095175,1.0,1.0,1.0,1.0,1.7174102161458396,10.69192383847008,1.0,27.160043085607267,1.0,1.0,29.633233382400647,17.26798386205474,1.0,1.0,1.1877311936100763,10.723521954238041,24.38958182001776,8.562475610971283,14.527416347111844,13.528476418274419,5.217180061118878,7.024695962265202,4.013440571412554,1.1145177816125358,1.04543385072772,1.0,2.434416348018071,41.35129682371706,8.347479321032962,1.0,33.57553695885614,19.938358071609542,1.0,1.0,1.1423974509416173,1.0,1.3844984365074786,1.0,2.4438109116798916,1.0,1.3947405333825789,13.060009858167271,1.0,5.926020924554861,1.0,2.5863569617752398,1.056346589330192,1.8682392979430957,1.0,1.0,1.0,5.463013850968132,8.778201283500913,23.50013596425612,15.46314307708299,16.25364358188442,1.1344012699283044,1.0,1.0,1.2777954682861508,1.0,1.94632821923815,1.0,1.0,1.0,2.6169790510804147,1.0,1.0,1.7975968802240065,1.0,3.361400616193697,1.4510183484203496,1.0,1.0329303823542748,1.0,1.1716959476407518,1.0,2.059762586771118,1.2338710717090646,2.680449636175264,2.8989992356081062,96.83534420192865,1.080048537184382,3.1368427870160236,4.078886125067621,1.0,1.0,1.0,1.0,29.108166182183396,4.338305996678491,1.211161918835957,1.0,8.716487510377291,1.0,16.92548349540963,102.6358559880695,28.43035135740522,3.5884494405801686,1.3120982334512208,1.0,2.9318779721451493,1.0,1.1145125983051742,1.0,1.0,1.0,1.5111120642791027,1.1772929434615789,2.4837761074078446,1.0721105402225357,1.0,29.727940836228356,1,1,1,1,1,1,1.0,4.1647383006933065,1.0,1,11.034877111264464,1.0,1.0,1.0,1.0,1.0,1.0,1.0,1.0,1.0,1.0,1.0,6.844420033326765,1.0,99.74926212412534,106.04183534087737,9.976550762644244,1.0,9.390217900416072,1.0,1.0,24.006059249568242,1.0,1.093724287183452,26.25247822332707,5.058298016934611,14.45064655273897,1.0,9.323606429918609,1.4036022816035392,5.5953127978391795,3.1529800993780546,11.27323955362155,1.0,1.0,11.911431766731285,5.17720998992851,4.012338126359258,1.0,6.224125987946886,4.680075277277719,9.231396818189609,14.067289535442018,8.066109641210634,4.313444466535641,1.762594997142342,3.1156344789722046,3.9645303553419904,99.63168383622926,73.1058655615146,97.88782737283042,25.025091362978234,90.35856720501639,81.49049015152137,67.92821654173142,516.3179394231569,89.35546259273653,93.10651599126982,78.66747890502427,17.95150942784793,96.86436542626285
TEST_03+3일,2.20343986832663,45.50265051553289,2.847333892359466,1.1355769754472835,1.0,1.0,7.2435377227811735,1.167505286028244,1.887043215266646,1.0,1.0,1.0,1.0,1.9144535374175442,9.387289447566843,1.0,28.374370430243243,1.0,1.0,43.30424853730968,5.870346752793668,1.0,1.0,2.080438472261605,18.057339853955,7.168129550323817,8.547212180140928,50.60450518264653,12.576528949982595,4.828998037255575,7.419405553496277,3.8621875932313188,1.0778726404227412,1.309007137367729,1.0,2.6898760819978076,37.67327739867461,7.842601797308577,1.2143872482527303,28.47962145125383,13.988224934350805,1.0,1.0,1.0,1.0,1.2119641926605138,1.0,2.5717800905023283,1.0,1.4783919313966016,12.595632513704498,1.0,5.4567047880105,1.0,2.9338720633349054,1.0,1.893089774953371,1.0,1.0,1.0,4.798409171532901,7.571160957843716,16.856163286480655,13.420216411263567,14.218574492836852,1.8003772277689833,1.0,1.1908039782782467,2.1150470492966926,1.0,2.242598949341709,1.0,1.0,1.0,3.561261255828435,1.0613709854122968,1.0,2.5656205529698313,1.0,3.7440977417232766,2.547072981135714,1.0,1.1245041746674096,1.116341053665113,1.4383247946299431,1.0,1.596960007449534,2.316107169974795,3.5663444873077763,4.018281400989732,91.24850191212835,1.0,2.701865114307199,3.3987453879232477,1.0,1.0,1.0,1.0,27.486308028566903,3.498437949937028,1.010661713747236,1.0,4.420194895092701,1.0,1.0,111.75087008438587,12.17899316261839,2.9268678300223487,1.2989978770260255,1.0,2.776860112646937,1.0,1.0,1.0,1.0,1.0,1.29887401073657,1.117605607241514,2.182252536383598,1.1170932918135674,1.0,28.86021077223121,1,1,1,1,1,1,1.0,5.479708730726346,1.0,1,29.54293338880857,1.0,1.0,1.0,1.0,1.0,1.0,1.4974992197093495,1.0,1.0,1.0,1.0,4.909660788590745,1.0,149.09356889500117,145.64932584889146,8.49679262493295,1.0,7.713162423237503,1.0,1.0,20.482815825604263,1.0,1.0,24.71135959469706,3.851515701624504,13.101435106701567,1.0,7.575576781828989,1.0459084190145007,4.18658828263669,2.019306312638625,9.684226630349288,1.0,1.0,11.90648913178683,5.200213310928497,3.5699327061861954,1.0,5.351220928960723,1.0,9.368146925064693,11.884000179569089,8.994899129825637,3.4057743923802164,1.0,1.2326929342275261,2.460370548892389,136.8117483000527,73.36970580356551,125.36989588120363,29.69587566238819,99.44840588031335,103.53433081536133,73.88531775544752,558.1466736211265,103.22199613722522,100.6959705621667,108.98059863686333,20.89387920479405,101.48968866274495
TEST_03+4일,2.5484996881120257,69.71840641236292,3.099551347609089,1.3185058565803254,1.0,1.0,17.3042129727933,1.2548695397028458,2.8967204782461082,1.0,1.0,1.0,1.0,1.875911203024669,10.855506381544192,1.0,85.17958674157423,1.0,1.0,93.91380855981126,18.03836321154004,1.0,1.0,4.0671779735143865,17.435348928840227,24.198111023877683,10.379438310417031,39.9732822117963,11.158914660059962,5.2332789393964205,7.014091351504412,3.3122260930022245,1.0032414533957126,1.0436747729641427,1.0,2.3340319525924236,40.26887250045454,8.446849410047108,1.3645507474176446,23.82942089853492,19.43436755201471,1.0,1.0,1.0,1.0,1.1717533619255849,1.0,2.3457697585484123,1.0,1.388708450958984,10.270907482417783,1.0,4.971360069190055,1.0,2.4955132174049943,1.0,1.7682566022261952,1.0,1.0,1.0,4.713712375730298,5.606761956463605,16.91643607664058,13.779300926326925,15.032300683837875,2.344029932751751,1.0,1.4188035148842177,2.097660787588665,1.0,2.328238098308262,1.0,1.0,1.0,3.71514105164276,1.2621548035384784,1.0,2.451058905589974,1.0,3.0365051511379884,1.7715648500754229,1.1623372371208769,1.1602537128345738,1.0,1.6271929965318508,1.0639143207783415,1.727622781823924,2.044673193642114,3.5944239091620744,4.755113360606175,63.44969529291398,1.0126434696732978,2.542242585754701,3.576677967210947,1.0,1.0,1.0,1.0,29.750394015825705,2.833873879932628,1.0337892816077128,1.0,4.341890346436784,1.0,10.473208999614943,92.70330552655969,9.719782096172006,2.484534853397017,1.6106704052972813,1.0,2.342006304137515,1.0,1.0,1.0,1.0,1.0,1.2955570915640728,1.003959090682735,2.01037848354615,1.091369798035478,1.0,26.284948566335228,1,1,1,1,1,1,1.0,4.270823182618766,1.0,1,24.04283351930366,1.0,1.0,1.0,1.0,1.0,1.0,1.7197533459570902,1.0,1.0,1.0,1.0,4.700473411872064,1.0,125.97568448653303,138.70440345161765,7.333160860119314,1.0,6.473987896045932,1.0,1.0,18.08080802595662,1.1289969201780792,1.0,21.71700308338803,4.0685965823710655,32.23292444567244,1.0,5.866869335518416,1.2898113259937467,3.7268868511220834,2.3305069534871627,7.622781782529133,1.5870700519181726,2.635270577437351,8.396856425663305,5.5762782756203535,4.690692762843475,1.0,5.521180003983536,1.0,7.286842192092958,9.399155382737929,6.533700536926904,2.444654675566918,1.0,1.4209350616669023,1.658527391439465,134.7137177437801,74.54898737646994,116.49412225505807,35.88266213018626,91.41858838409325,103.42188139721397,71.75780082429047,572.2905702393919,97.68901141990132,93.66121939380763,97.84017169221715,22.10857313899628,95.15017309485893
TEST_03+5일,3.9129094855228246,70.93293040692504,2.582314612519472,1.3250626228150555,1.0,1.0838067566878093,29.657511861374008,2.073987977713819,3.385491536132588,1.0,1.0,1.0,1.0,2.465070022180532,16.985541769914988,1.0,60.07886073236364,1.0,1.0,66.5492680854457,30.284432859450824,1.0,1.0,6.375209460738727,34.07283772220423,48.50424407985308,8.130185632097602,46.89586361408033,12.918997284742261,6.782465511879417,7.236250233298498,3.1728647969054267,1.1020893073823692,1.1706977091246258,1.0,2.425581485248512,48.24214117189099,8.33584845074127,1.465190451466177,27.259703872862246,22.294045646098837,1.161896606358121,1.0,2.1376312023108897,1.0,1.4791354491558315,1.0,2.715364128802131,1.0,1.5811486592385435,11.318502364877666,1.0,5.216485948678618,1.0,2.7386911200219823,1.0632012414006569,1.7290437011447148,1.0,1.0,1.0,4.91912996800459,5.470382423432955,17.253687842050887,13.198577887696018,12.54418838382685,2.192254633241471,1.0,1.4867828517403843,4.44058160580653,1.0,2.6418259918077984,1.0,1.0,1.0,3.83015217465696,1.3219937907630164,1.0,2.8795032789863915,1.1656701333407136,4.060748968541318,2.5680866910714095,1.3174948422026658,1.540819034361655,1.0,2.107130146196987,1.331212034028114,1.6503948179453245,2.4657753430368663,3.5256582764231705,4.666062599917837,85.52138465739662,1.0548099411990544,3.1141436371825097,4.249450531347945,1.0,1.0,1.0,1.0,19.487595555029124,4.901418136798569,1.1411067227877147,1.0,5.876126032149998,1.0,17.568029315397425,101.8249200456084,11.791991559908851,3.3078405372943234,2.5480634999673035,1.0,2.3400395571483443,1.0,1.008782016699455,1.0,1.0,1.0,1.7063277124267775,1.2483329034512636,1.9742350264165842,1.0811304042307712,1.0,65.1592760302043,1,1,1,1,1,1,1.0,6.3697838150522585,1.0,1,32.172411640871815,1.2733242850983482,1.0,1.2467000347058474,1.0,1.0,1.0,1.6167436892355853,1.0,1.0,1.3195360970687755,1.0,4.842939652827072,1.0,143.57281015675613,108.91674192692079,7.404725172397411,1.0,5.738124530086548,1.0,1.0,19.951137441006843,1.0,1.0,23.57565688386842,3.8862128019616646,9.590644767154249,1.0,6.250003511470367,1.0363181066162892,4.9026134241941195,2.479228618163504,8.366369480750475,1.0,1.0,9.974886265646948,5.041085747941196,6.451970035374391,1.0,7.871311406373936,1.0,7.846110655759976,13.175302768407725,7.705888742079213,2.5039941745500354,1.5147000222123443,2.1250920738143866,1.96855908454941,131.15172883776728,78.43855962244726,131.15355073313614,43.052965568982856,105.25717106109573,110.3392774980245,75.67599501380259,553.9794815186044,116.273364856266,92.13276272655824,144.08330385138373,23.308425132601435,126.59974340447317
TEST_03+6일,5.381569194548993,39.84041187822445,7.242240067466769,3.125222035035478,1.0,1.7203315500179484,20.798703245226662,2.9349045696887806,4.513530606890902,1.0,1.5130401086505072,1.0,1.1979129448560526,3.8063168170720396,24.90991205378951,1.5590817288394343,39.37666090996809,1.0808821438440495,1.0373624734607985,51.28470210813954,17.633047094958737,1.3872736781590351,1.0,8.702717398599304,32.39625840700032,27.00379426011318,26.24615243700196,70.4854190720764,13.027709875062138,6.362593434982934,7.20346835185239,4.359255835765976,1.8642733719627105,1.7110312197063187,1.0,3.1337750649344844,51.14155407856515,9.27567841671385,2.011586719185189,36.376902021187384,19.447830928137765,1.0232051712901717,1.0,1.3174446512145892,1.0995665237003511,2.247832705567305,1.0,3.5319284797947397,1.0,2.085946661776397,12.030710229056385,1.3104884599316673,6.323008225986676,1.3161827897300258,3.6686731605891,1.7405566400407577,2.620276025886935,1.0889045093112766,1.4546206053286546,1.0,6.51949677489821,6.970026856977079,18.434392413183048,15.691354447649339,12.315819406019212,2.42287679381152,1.0,1.9364329443776946,3.559188458665159,1.0,3.467045417346134,1.0,1.4258194286942798,1.0,4.797626688207465,1.9551901294275054,1.0898125039905344,3.295997108464634,1.7875531959193691,4.8032162124982865,3.4572513968091068,1.9194153339055218,2.1697069288846293,1.789223808637778,2.8531505278040066,2.0328530920048937,1.8435914774699331,3.272846459863768,5.049079852905732,5.284180680892051,77.00020172314245,1.672022367798652,4.215018277137927,7.136774071902256,1.0,1.0,1.1883881985922997,1.2586396087873535,27.803921272624116,6.301605865857005,2.136235799996302,1.4915071796077861,6.024037064718324,1.0168833782604472,15.497849124146004,73.93942097000496,19.708690384112266,4.536932334674604,3.72257466015526,1.602338698482373,3.7663527083788537,1.026872295379091,1.7998504782445048,1.1280566062257342,1.1941120599377708,1.1684848090478241,3.227737721275394,1.9178647379707834,2.8404672688725174,1.8873514871152826,1.0,36.58208249705122,1,1,1,1,1,1,1.0,4.919149526722405,1.0,1,55.609840067357396,3.129360411746064,2.0653547998621065,4.144434195234119,1.6971412093245029,1.0,1.8489326784443088,7.146328871853166,1.3243377261661529,1.0522464221903496,3.537551198055015,1.618425012428027,6.690718629974265,1.0,184.1849475530713,120.2910336882705,9.119878182436208,1.0,8.834241639961029,1.0,1.0,25.57990527216255,1.0,1.0,25.045221448130576,5.548207447070942,8.82476441833373,1.0,9.482742808584362,1.6688512248767886,6.484896915972485,3.654251725107324,11.496805882113797,1.1987060610088789,2.917921968797537,13.458261341544148,6.45134296039176,8.248833762161102,1.1111462488770485,10.165313123155498,1.787219855543102,10.594975980503246,24.366227334981208,12.492465001210551,3.235397835371862,2.8819541318965016,3.0293299716835564,3.439644524491924,121.7004422681228,81.16898108543957,122.82473012589566,44.69719808978864,100.00227754458197,112.97901669285827,79.05911676810918,558.1383793279282,108.42931713675432,87.46974077807026,118.51838811614365,25.939512202329425,134.16005574277835
TEST_03+7일,8.183820177953145,4.878722392233698,10.26836216576344,6.109935148089351,1.0,2.660959798328334,13.563057176480921,2.616488319756914,7.267352371801362,1.0,1.901661074666404,1.0,1.7014559452208995,4.907428904214957,31.71724209593144,1.6510689132782133,17.378111943572105,1.5608148217116178,1.3034588715675945,19.87279313458708,11.286004803473341,2.020108323516081,1.0,1.0,14.666214470543505,6.178355786978054,24.55282079696269,47.88939620150927,15.562269523396159,8.369941627580815,9.661242243482814,5.474367350287719,3.16588855184375,2.0334066531165833,1.0,3.772449210358137,63.88877969602338,10.915835801476543,2.418347381858994,44.48888569724653,26.081332037870048,1.6213033392156182,1.0,1.3140622091195622,1.7945063508067762,3.0649465223147074,1.0,4.441493421481182,1.0,2.6611434773306075,16.08673950087408,1.9062792457395012,8.429926348614856,2.0498261694547777,5.472308550012793,2.6243511569793956,3.877313575513211,1.3757636922344063,1.9861227998320994,1.0185385707618306,10.738651240437331,10.209487122240697,25.141106047446797,16.069171073148887,18.84692330593976,3.5979802703377985,1.143111064457168,2.7460030994605598,4.3114325818670345,1.0,3.983183103683027,1.0,2.189002633863991,1.170316867802987,7.08032419500189,2.382752133154,1.3732042466350634,3.969766696436504,1.8893884303445772,6.49810270955974,4.2375339054440255,2.33837922285524,2.580003801914804,2.8188887227638046,3.6925263347103323,2.1843798438952056,2.4033886573836893,3.438650660398357,6.6572104300601875,8.252781976274477,1.0,2.2025272736394106,5.606885412849235,10.277908763363367,1.2607405137123178,1.174719597572723,1.3475133967131956,1.704111559664529,15.947529831118882,11.312205319121038,2.878716605957049,2.011232348079216,9.166603080050447,1.0,158.248697499431,6.793592778082743,26.81987829366908,5.974498996032118,4.444141010225959,2.2693048640553024,5.566897778027313,1.6544514027781667,2.500697549625605,1.4004764634481552,1.504778533590656,1.6346211832153903,4.061832998646615,2.2739906001128647,3.9409836057044894,2.989127950670876,1.1042989559609167,7.282387769540266,1,1,1,1,1,1,1.0,3.6182292874905553,1.0,1,16.278765435821036,4.789891456506375,3.3690918424325464,5.76429020475255,2.221196649954972,1.2241505027487871,2.5061294118865165,10.433310133212263,1.2864312784609768,1.3704161176268992,4.973709006561158,2.3731099981385615,10.881076296840952,1.0,66.82811370626052,23.556338447850756,12.90871506953971,1.0,12.183117766632256,1.0,1.0,32.32607611160333,1.9158156789077818,2.1065232204443216,31.21102932314237,10.549303724182638,1.8602573482488154,1.0,14.113119970246292,2.724147694338769,9.253374763325656,5.162621391375368,16.340888542028424,3.136202550570491,3.5512351383197323,16.31564123518475,15.052637356415556,15.431316781224119,1.6309650242328644,18.47633192516577,4.6395640195730685,15.27871160832727,37.15532475743178,22.003443198033644,7.751680718933708,4.809538326035799,7.951234871500247,7.975810282551636,145.08698056922543,86.22297246614956,137.2589419653751,65.86682175127653,107.35338730227622,129.59283899660613,84.97476833610877,597.2892125412831,117.16557683219342,90.99882156238462,106.14773901693782,29.278943108356664,127.2056816037865
TEST_04+1일,4.74690222722989,1.500289281567381,7.1147526189589705,3.960559640704764,1.0,1.0306602169708143,1.067783676972424,1.0,1.389517361111682,1.0,1.0,1.0,1.0,1.0,1.0,1.0,3.2158845876189734,1.0,1.0,4.374776807135923,1.8634747884517422,1.0,1.0,1.0,1.0,1.0,3.7847195406009067,1.9951888333899288,13.248757224063263,3.460039230865106,4.088833336284953,1.865082542298121,1.385567548992889,1.0847514154214664,1.0,2.980213110388198,26.96508644627255,5.7647000610402594,1.5765520655430836,29.96444756650885,12.373946847725207,2.363668978611492,1.0,1.0,1.0,1.8815457399827618,1.0,1.6270016300174817,1.0,1.918405594880365,8.104499682491511,1.0,6.053733896574916,1.0,3.1816560776424154,1.0,1.441288645758506,1.0,1.0997313692582684,1.0825912360796288,8.594811912865897,7.336310937300778,12.472330899754596,10.757203155221745,8.66187239614765,1.6777942527719645,1.034534334476981,1.3327377261618603,2.812898277737296,1.0,2.864119583245489,1.0,1.0,1.2320797765735731,3.8085142132284693,1.0890412845891426,1.0,1.7717913315396019,1.2641959529753306,4.65887831753485,1.4224278828383943,1.0857179981601304,1.0,1.2389141698041763,1.1637734024948674,2.0016117657264623,2.455692680369571,2.5807398912989337,3.1622864020902663,4.26327609523811,1.0,1.271968837670733,3.1193115146769945,5.472028240344823,1.0,1.0,1.0,1.0,21.74335795151731,5.3147591858718695,2.022798737614057,1.0,6.836842883487517,1.0,152.04060689079105,17.918853082869674,36.279837747708214,3.4501937139595986,3.386482319237798,1.0,2.3989797085677766,1.0,1.5804650817605768,1.0,1.0,1.0,1.338185347640861,2.081562528721437,1.6125642189950218,1.0,1.0,15.49993659633953,1,1,1,1,1,1,1.0,1.0,1.0,1,4.128630660878939,1.0,1.0,1.013446234551885,1.0,1.0,1.0,1.394688678744503,1.0,1.0,1.0,1.0,5.247525800522163,1.0,6.345432763968872,25.347363380214258,6.652201746832209,1.0,6.541905620973938,1.0,1.0,16.452004374943314,1.0,1.0,10.768879027255354,5.233189523033769,4.088052246388896,1.0,6.338273726438643,1.0,5.689699778209596,1.6318510384738703,8.043567862076038,1.0,1.0,6.187495376811913,2.3258455922733066,1.6482126666232944,1.4715333096683025,3.1070831848774105,1.0,3.532250465202397,3.9583981968462463,4.242914677597582,1.0,3.1381733699741003,2.070476784395881,1.6795261949300766,26.763510199129463,7.595380246639252,3.1189989019185305,12.76415805302835,1.0,6.250353790819645,6.362997554242611,112.21458294086486,3.8783369958400726,26.976421278422368,1.0,6.330081838841058,25.064621435998717
TEST_04+2일,1.7622319175628243,17.03706408101955,1.484956047453371,1.0,1.0,1.0,9.019931116254815,1.0,1.0,1.0,1.0,1.0,1.0,1.0,1.0,1.0,23.72082636683176,1.0,1.0,21.061489082375616,9.55487735596996,1.0,1.0,1.0,21.35271149347029,5.588368935258833,1.0,4.7003370449489275,8.078980023855223,1.775777777105687,2.8826576435617683,1.1113000626226754,1.0,1.0,1.0,1.6188807882629273,8.285140707510045,2.8117825495842332,1.0,10.348654715897727,7.839025905245025,4.157006623624111,1.0,1.0,1.0,1.0,1.0,1.0,1.0,1.1548381540365078,7.307124577626178,1.0,6.443145129506301,1.0,2.211683928931306,1.0,1.0,1.0,1.0,1.0,2.1010767247155906,3.288914614954814,6.286888844433522,4.291463698633773,7.087621689999077,1.0,1.0,1.0,1.0,1.0,1.0,1.0,1.0,1.0,1.0,1.0,1.0,1.0,1.0,1.0,1.0,1.0,1.0,1.0,1.0,1.0,2.62725570366441,1.0,1.0,1.0,42.881110029393746,1.0,1.5595121718663532,3.1608969811519305,1.0,1.0,1.0,1.0,16.650010345672673,2.5861212184964355,1.0,1.0,4.4641111188172955,1.0,4.139988791217184,86.05767516310335,16.851199691484144,1.605836328739341,2.3404032282596243,1.0,1.1368363111388273,1.0,1.0,1.0,1.0,1.0,1.0,1.2141164689154755,1.1458833093306595,1.0,1.0,22.33864059091421,1,1,1,1,1,1,1.0,1.915627589735025,1.0,1,12.73222410746489,1.0,1.0,1.0,1.0,1.0,1.0,1.0,1.0,1.0,1.0,1.0,3.1321475781722445,1.0,75.18387968546426,86.39256979846999,4.940057110180771,1.0,2.895597389402944,1.0,1.0,8.285722560470898,1.0,1.0,7.9966832308205404,1.688696102417134,7.481805597636009,1.0,3.132644664529494,1.0,3.048094709895928,1.0,5.371918946240434,1.0,1.0,4.7876407027039445,1.0397735342849046,1.0,1.053630942478776,2.4591537506785244,1.0,2.791152030158233,2.0404628477990627,1.8761671264655888,1.0,1.0,1.0,1.2529904395341873,1.0,2.523331493139267,1.0132368886843324,4.105929285470886,1.0,1.0,1.0,73.862716640483,1.0217398591339588,5.316844675689936,1.0,2.9421647943409943,11.463127128924038
TEST_04+3일,1.4269999467492656,24.53763506677949,1.6420990451520059,1.032236017586516,1.0,1.0,3.033473921998881,1.0,1.0,1.0,1.0,1.0,1.0,1.0,1.0,1.0,29.387684523434732,1.0,1.0,14.610860112331935,6.653979752289468,1.0,1.0,1.0,11.423035964159675,9.08153025098386,2.762036566951187,53.609458470625555,7.313675152268391,1.611279029002137,2.2473787795793476,1.1833323579853476,1.0,1.0,1.0,1.9242463141941757,5.193041518292551,2.5744030585209527,1.0,9.602948725884218,2.6284461851029137,2.0368241215960965,1.0,1.0,1.0,1.0,1.0,1.0,1.0,1.0,6.517586304257,1.0,3.9658495729161416,1.0,1.9484721083590388,1.0,1.0,1.0,1.0,1.0,1.0,2.756696965382007,3.7892600951966173,5.6042362312539735,5.393494894573767,1.0,1.0,1.0,1.0,1.0,1.1162916557736482,1.0,1.0,1.0135229148194165,1.3941627607572957,1.0,1.0,1.0,1.0,1.2180529341291961,1.0,1.0,1.0,1.0,1.0,1.0,1.6848054273135122,1.057619959632132,1.616290826106803,1.8454986329231529,53.822330486333996,1.0,1.4336349350428503,2.631950045620681,1.0,1.0,1.0,1.0,11.93675556529006,2.43849559446876,1.0,1.0,4.8808310514837645,1.0,1.0,41.568127165019774,13.745969794243678,1.4190903602382017,2.9858941156840486,1.0,1.2798147528940889,1.0,1.0,1.0,1.0,1.0,1.0,1.1093834754546348,1.0466148072104429,1.0,1.0,14.460071128049032,1,1,1,1,1,1,1.0,2.7130483220964523,1.0,1,20.837878431723322,1.0,1.0,1.0,1.0,1.0,1.0,1.0,1.0,1.0,1.0,1.0,2.941379879160361,1.0,82.46292203231056,100.98715694822167,4.2839302994998505,1.0,2.093176459314819,1.0,1.0,6.998098094825993,1.0,1.0,5.739978218141085,1.4644255399783304,14.4108756788413,1.0,1.7181644556218432,1.0,2.9103260152864383,1.2499866242947697,4.118347733548242,1.0,1.0,2.6342744169763694,1.0,1.0,1.0,1.0,1.0,2.501531548332423,1.0,1.0,1.0,1.0,1.996174484927611,1.0,13.912425477007412,1.0,1.0,1.0,1.0,1.0,1.0,75.24814036486238,1.0,3.5912399696053248,1.0,6.116431501330314,4.041507461076771
TEST_04+4일,2.813744545653723,15.876438585653707,1.9030407449049578,1.0,1.0,1.0,13.3819730858416,1.0,1.0,1.0,1.0,1.0,1.0,1.0,1.0,1.0,38.207706688729715,1.0,1.0,24.40902203767721,18.804026460362604,1.0,1.0,1.8304384738874595,27.468630044989368,5.29502832094182,3.8955543408112625,60.47203878276026,9.85977406431467,1.7280131590885381,1.5984720725554453,1.0942593038501585,1.0,1.0,1.0,1.4932477964484565,6.962229652715522,2.7083070199494044,1.0,10.336961070838129,1.0,3.295755043392992,1.0,1.0,1.0,1.0,1.0,1.0,1.0,1.0,6.27000211168596,1.0,4.9383033939969945,1.0,1.614530363476788,1.0,1.0,1.0,1.0,1.0,1.0030872125186376,1.0,3.546422525022008,3.6690567445857254,6.000790536023269,1.0,1.0,1.0,1.1924321699647262,1.0,1.5152455902657547,1.0,1.0,1.0,2.221138299670911,1.0,1.0,1.170918351984051,1.0,2.0427809789928326,1.0,1.0,1.0,1.0,1.0,1.0,1.2596674704738446,1.1488037957801136,1.8235374143164507,2.0607086557488326,68.83090818849232,1.0,1.0,2.422868539661685,1.0,1.0,1.0,1.0,10.021887874045051,1.9050502107266298,1.0,1.0,5.977208525172328,1.0,1.0,47.372288319845595,17.838974735993816,1.140641122109069,2.436034531830756,1.0,1.1842090683372208,1.0,1.0,1.0,1.0,1.0,1.0,1.0,1.0,1.0,1.0,42.97244057496819,1,1,1,1,1,1,1.0,3.0435660252722356,1.0,1,22.391367728926515,1.0,1.0,1.0,1.0,1.0,1.0,1.0,1.0,1.0,1.0,1.0,2.9868805119254134,1.0,82.78100639563067,116.14735571735017,3.702744256982413,1.0,2.266535303799232,1.0,1.0,5.500711564873784,2.252511489982611,1.0,4.058422855349007,1.5930080963784325,15.983754524360595,1.0,2.326329317806137,1.0,2.542680493631668,1.4527387779291334,3.5391838695237396,1.0,2.1661386715039743,2.7530847574056585,1.0,1.0,1.0,1.0,1.0,1.7470766673795879,1.0,1.0,1.0,1.0,1.0,1.0,1.0,2.2175876051187515,1.0,1.0,1.0,1.0,1.0,52.01370511612066,1.0,8.47703955361386,1.0,2.3464965566845617,2.3323789425194263
TEST_04+5일,2.181488637096683,65.81649459417011,1.3981725386116317,1.0037239293278604,1.0,1.0,27.763358581901784,1.0,1.0,1.0,1.0,1.0,1.0,1.0,1.0,1.0,63.35270832972831,1.0,1.0,55.05406667960895,27.45810046856483,1.0,1.0,1.0,19.287261131276324,14.573317066307226,3.787503991861091,40.67758989600487,9.175760619799714,1.8071457107180753,2.5130748465410324,1.2890945913478364,1.0,1.0,1.0,1.8573339955047132,10.329441183728651,3.340940979149968,1.0,7.7099578415410726,3.0399569442134804,1.7326358995144044,1.0,1.0,1.0,1.0,1.0,1.0,1.0,1.0,5.809178467347009,1.0,5.406798180116782,1.0,1.7655134095012497,1.0,1.0,1.0,1.0,1.0,1.6486779200735762,1.0,2.9233347647833305,4.252052094529244,6.166129914227289,1.1238640547339336,1.0,1.036516409901954,1.2736956356042792,1.0,1.2053133439762835,1.0,1.0,1.0932119889796557,1.7713101609949984,1.0,1.0,1.0,1.0,1.9087481314838406,1.0,1.0,1.0,1.0,1.0,1.0,1.0135820460929228,1.6395998372559688,1.7276458890917699,2.0442072822343267,75.89740545775955,1.0,1.3328323204634462,2.5253744287110105,1.0,1.0,1.0,1.0,9.675775860475024,2.07783735904713,1.0,1.0,4.624863205307709,1.0,6.725906727131004,44.6732676390332,16.966352374040735,1.2511072307953062,2.3743858826605027,1.0,1.0,1.0,1.0,1.0,1.0,1.0,1.0,1.0,1.0,1.0,1.0,61.56133905546524,1,1,1,1,1,1,1.0,3.891264423251923,1.0,1,42.57102608239222,1.0,1.0,1.0,1.0,1.0,1.0,1.0252013037308125,1.0,1.0,1.0,1.0,3.3753109065305287,1.0,99.55478115713335,128.237241090007,3.568726837993352,1.0,2.105842294143618,1.0,1.0,8.099108676408203,1.0,1.0,5.103160236763555,1.6015802502645395,8.2783561995058,1.0,1.7662221890293344,1.0,3.2301962311202335,1.812301070825586,3.947373147203883,1.0,1.0,2.1927894429117454,2.9235142276179538,1.0849586827680469,1.0,2.0649182167835534,1.0,2.269463081574287,1.3954686932265759,2.1462607372086495,1.0,1.0,6.400453832889094,1.0,5.307300207227503,1.0,1.0,3.2159205092321823,1.0,1.0,1.0,28.45639282296512,1.0,10.30939524765875,1.0,1.7324691134812638,12.405184686406642
TEST_04+6일,3.3544319860123286,25.467877202036533,3.8773595951935214,2.5752101109886714,1.0,1.1680552097315071,15.666457396252069,1.0,1.3914854019736336,1.0,1.1438302419014081,1.0,1.0,1.0,1.0,1.0,53.448386614032714,1.0,1.0,28.598722370032625,17.80538429691302,1.0,1.0,1.0,36.972851590175246,15.018440357578214,12.835441366853571,86.44365025299678,10.905579766522465,2.1472370169894868,2.8734986908123012,2.561116584860607,1.4018137100073855,1.3085876063231279,1.0,1.9630367758804133,19.193916764730325,4.083232146456027,1.7301376899975778,24.945813236791786,4.967861792807012,2.8954860494381283,1.0,1.1385611313757293,1.0,1.8819223829524654,1.0830652506879028,1.34295044767863,1.0,1.9051797150877174,7.798006757118554,1.0,6.203569291843035,1.0,3.5481272893015623,1.0,1.6359617107428277,1.0756894200116516,1.212732858169755,1.1170519001303383,6.05606228499899,3.9554310957236822,5.798776203407886,7.302222485678,7.9556106691822865,1.085261021765486,1.434916795086182,1.5871313131935205,2.6537844626869216,1.0,2.205037119110957,1.0,1.0,1.5289785276579817,2.877093311625126,1.26241201742578,1.0,1.738385402297982,1.670485667427689,2.9163882299851034,1.3301065396248049,1.201840569165396,1.0917744883336473,1.5073473587990498,1.5866076548581232,1.6925794338300393,2.3480587549509306,1.9514616639851785,2.8293738417726697,3.332418844586198,78.15245138266015,1.2132022818309802,2.5181363196256132,5.326256079244182,1.0,1.0,1.0,1.0,14.33909189060174,5.13567907430876,2.048834829065136,1.0,5.959812797859017,1.0,10.363694465714543,41.756796948624626,17.64084605313216,2.41426533237643,3.410325868556279,1.2861702061089484,1.8018898478839795,1.0,1.4229337346814444,1.1434454645487915,1.0524910567636594,1.0,2.038091253107856,1.7493259230779694,1.7877763798787112,1.166616186648695,1.0437349210680353,27.053445197169527,1,1,1,1,1,1,1.0,3.489716135880406,1.0,1,61.660334497225435,3.624556216362183,1.573880590720649,3.7795907860681934,1.8696066377706564,1.0,1.168627099641057,4.673481469689391,1.0,1.0,2.910132610696107,1.2185170392183902,4.243187216048125,1.0,165.05301968623866,92.38818882648498,4.5968827621274855,1.0,2.8688581030149836,1.0,1.0,10.60940454394987,3.4172008617849334,1.0,6.695604558813845,2.2707243027346173,14.368076870447597,1.0,3.180919709945271,1.0,3.5519776263357903,1.411997394572524,6.00482188804151,1.0,1.6938903944635078,3.8143795950586945,11.391591445267949,2.413526605523657,1.3230951502919197,3.401857046410441,1.9854668052790716,8.287812727454,4.3635413981974125,4.7279910109821355,1.0,1.0,7.031623306440562,1.4383179508149624,1.0,1.0,1.0,1.0,1.0,1.0,1.0218596830964088,83.53213002514525,1.0,16.568211523396574,1.0,4.679912177422608,14.797252979687435
TEST_04+7일,6.540843954114395,10.194968819359087,8.830646588337963,5.413151571913,1.3021657561378013,1.7846176559913385,2.4410585322905973,1.0,1.733484744937397,1.0,1.3160020066987226,1.0,1.1879832389195384,1.0,1.0,1.0,20.080614561037255,1.2433616969582322,1.271334061534835,2.841882926901788,4.004962542145197,1.3535828579553573,1.0,1.0,5.343896293650057,2.706162298109253,17.693956381577706,38.67955253654826,11.107324563596258,2.8601833583622733,3.9437814170027377,3.8365317393480405,1.9672715991159058,1.5381259724031142,1.0,2.4338129883453203,31.548605437683968,6.631055345992873,2.7532040992724958,32.82062375394159,19.866740114411535,2.411428703659886,1.0,1.0,1.0913449369539938,2.79531856351699,1.3924441276898054,1.7193012135889618,1.0,2.281827537246952,9.311044974459202,1.1314659590527067,7.079003094193,1.0709726274812348,4.560853480426001,1.1857577741315088,2.3679966391690153,1.3724699896183201,1.6513397819211153,1.8511435324220595,9.209669784193295,2.423220541924737,9.09292040191173,8.562181278537029,10.284362979388973,2.1650137269838323,2.440005172160294,2.373448306213823,4.402196059818657,1.0,3.1624166487468415,1.0,1.421260642947731,1.7596530393953458,4.374578076750513,1.4090300595485736,1.3426919769343617,2.5179436293226396,1.8744516659272572,5.5254657954005575,1.9320037433061186,1.6182136776662746,1.3308499952555026,1.692157555283285,2.7320133673013833,2.8447332738728752,3.7313198274300294,2.566541208701653,4.080823719476386,4.721245400119422,6.093545279587045,1.6942178131393375,4.551585162512383,9.864600235494127,1.0,1.2293314863847318,1.5741168974578408,1.1407305143942557,14.760975977073482,9.225472795231873,3.3674825389533356,1.1072351811494807,7.49236797379567,1.0,140.23316474424877,3.517885864134965,18.215550947138727,5.1784112089860015,4.587595193704881,1.4875022584670354,3.317366257779402,1.4179190560205175,2.43464048201432,1.7527852241601154,2.075001979828652,1.1984876161482314,2.4178502115798275,2.965387805695193,3.78393678325759,1.9153573118690126,1.363736542031624,4.279694019720054,1,1,1,1,1,1,1.0,1.6976274025739875,1.0,1,17.37092108449223,5.437812934838785,2.556354857925688,5.708898436377213,3.7576411750599314,1.5247151796098093,1.655193713334238,8.040391431662165,1.5225813062922278,1.179737278104098,3.853427477355293,2.386425305154452,7.829798564623899,1.0,77.61834791785151,5.139322334997914,7.845319358030894,1.0,8.200453210292846,1.0,1.0,15.505846776285722,7.163830752184087,1.0,9.005740578185527,7.131547118341343,3.8307668219918916,1.0,8.35244609014164,1.0,6.937456786625785,3.2584862364814517,10.77587374185245,1.0,2.599099622257177,8.049852553714016,21.50191124901786,4.221923331497237,1.8790645152330399,4.866427113302052,14.43511558189184,22.042914820483954,7.122209295630454,14.894275537904905,1.0,2.277247155616423,15.819476431260181,2.176339030265808,3.383431157578746,3.6409378051757812,1.0,3.8856286962892783,1.0,2.7580325910821557,3.889003060758114,46.10689859410589,1.0,17.15170885025866,1.0,6.937517901364147,2.4664740543812513
TEST_05+1일,3.1342392828330112,1.0,7.778465204629326,1.8046761517479264,1.0,2.063069824739493,3.62345930266234,1.0,2.2571040474598947,1.0,1.0,1.0,1.0,1.0,1.0,1.0,28.892056594017447,1.0,1.0,4.540963293079753,4.104529131045965,2.0264270254627275,1.0,1.0,32.737987722700886,4.608772123943893,2.6753305203371087,10.151893572598006,15.422923990852988,4.948525045423301,3.126765187084435,3.6939616725276943,1.8351395724465296,1.5545725663296874,1.0,2.6204898242553485,38.20181618991285,5.718216446599621,1.866855892556512,27.703529705789087,26.24059445979748,1.9610644980045833,1.0,1.0,1.0,2.7092824666031587,1.0,3.070332458157549,1.0,3.8608068957570514,18.49271948171193,1.2089787806897898,7.96618179538169,2.0356148209347076,2.0322678571170347,1.0,1.0192040882851099,1.5293148667010856,1.0241489921223406,1.3353372718985688,24.42303895973577,11.429380284407522,9.692524437733724,16.60737231007958,5.059215842791499,1.5508796447862208,1.0,1.6192648836499175,4.055441211205245,1.0917663422605401,2.2203234787398762,3.221031312167999,1.0,1.0,3.1608831037495433,1.0711400911171067,1.0,1.487595271789159,1.184183312404657,3.4410053568128864,1.9492744145279606,1.1113268696895993,1.244304888293458,1.7406733492595483,3.1352572958573277,3.4833966055343897,2.2538261777422157,1.7777646803513574,2.921431707914696,4.347825982029642,1.1531989323097198,1.5750866347625228,4.904210109551198,9.63617545989953,1.0,1.1186205092611585,1.0,1.0,15.455761172838574,6.905316140975948,2.2395300571379204,1.0614199021871344,1.5075538307214171,1.0,124.10465921616095,1.2117485958302032,52.48906137675132,4.724252676927683,3.4248233583817833,1.401827946597629,6.44764290845527,1.0,1.4810280794676471,1.0,1.0,1.0,3.2845930636240643,1.177259142050128,2.411352867357284,1.5532236465983655,1.0,5.058376197391798,1,1,1,1,1,1,1.0,1.0,1.0,1,5.366710651609433,8.282723000358432,4.013637590297482,5.414599513195891,2.877511995581175,1.4095086004039785,2.1654131308097146,9.135876873123662,1.387096781729285,1.3108286055057223,3.045820431700821,2.10841608506532,61.57979681548079,52.54416527344237,22.53859334517589,34.608805266242314,77.47766862705724,48.87381654005402,52.550653146661794,10.790380854159594,4.0428314113239825,182.80535419695562,97.59662142614843,89.24201066869878,73.65468535642894,34.37220185026632,1.0,46.927590089935265,67.99973467815514,8.842211225822869,48.71404968168181,28.392266193282563,88.43157767952681,62.20244097414188,22.62814644419882,1.0,470.8412124879635,255.13744404133848,71.41193439584711,231.0874973676777,46.11692851743315,88.287068245514,87.4416882125309,165.6106845276972,52.406909754619804,9.15897971345047,119.4372143902223,71.67669902226926,1.0,1.0,1.0,1.0,1.0,1.0,1.0,1.0,1.0,1.0,1.0,1.0,1.0
TEST_05+2일,2.8372837025975755,1.0,3.806376449708039,1.0,1.0,1.5634739906529829,4.812309982228548,1.0,1.438102230957718,1.0,1.0,1.0,1.0,1.0,1.0,1.0,7.7972936769606465,1.0,1.0,5.579750568077415,4.469883865762597,1.0,1.0,1.3193912031276778,7.00890629439659,6.099087100459861,4.147561097769467,8.697190730332323,11.564578294072732,3.3483866394404687,2.339715459881343,2.635933763433399,1.5075282721117549,1.115568458427304,1.0,1.7822304432896017,28.673264995666308,3.8772412077709797,1.3608213841089474,19.71431366572895,12.938724915890603,4.554293323485195,1.0,1.0,1.0,1.635429737045027,1.0,2.101694981912993,1.0,2.4950213404546657,16.921126751405765,1.0,6.059231213006828,1.2118384043690145,1.397737737701394,1.0,1.0,1.1168586068747421,1.0,1.0,14.74024661187834,9.563497811125515,5.512350886479481,21.59178312982016,3.6363478367776487,1.0,1.0,1.0,2.002913464905619,1.0,1.2253808505424426,1.524901208200998,1.0,1.0,1.8589614289626937,1.0,1.0,1.0,1.0,2.517913134666228,1.0,1.0,1.0,1.0,1.4223234734252848,2.0908115278383748,1.0171836840272424,1.0,1.664288317261216,2.846315080930494,9.600561601966506,1.0,2.6171457563025133,6.838594621299762,1.0,1.0,1.0,1.0,29.828886020992222,3.723846822922308,1.5350554004812287,1.0,2.232122622586342,1.0,19.000588727093547,57.48298531332068,45.93054861122653,2.7268183946589652,2.215601192052459,1.0,3.2826473223521435,1.0,1.0,1.0,1.0,1.0,2.1128980295265674,1.0,1.2605525184191515,1.0,1.0,3.9418609224193606,1,1,1,1,1,1,1.0,1.0,1.0,1,12.640409872595924,3.950656617006553,1.1826992839099195,3.2224497315533087,1.1842363886316838,1.0,1.405823263847417,6.689757841282188,1.0,1.0,1.8025415400378382,1.2647615908202408,44.57543378350751,33.61492444330053,19.686082574936393,34.516019731844345,60.098583249982255,28.554989849775225,37.080539526102854,11.919095478951931,3.824381041194272,143.25696629000973,58.38916506090748,59.08438078906143,54.068123650167664,24.25481832148881,1.4917783107144533,29.545300015779347,41.364018163942006,7.410017534673103,30.707271871158795,18.646234554599662,70.75817861477131,40.63546755730222,14.017673008425588,1.0,297.3324021156544,173.6628295520685,50.419634561152705,177.5133754704998,32.146433841419366,65.80569958140995,58.63319505769335,160.57134912439432,31.850376891610658,6.822920159039909,100.96536455178672,49.79777069241426,1.0,1.0,1.0,1.0,1.0,1.0,1.0,1.0,1.0,1.0,1.0,1.0,1.0
TEST_05+3일,3.390379511525605,1.0,5.439297256924796,1.0,1.0,1.538422490182851,3.3368420938484267,1.0,1.7395599962167159,1.0,1.0,1.0,1.0,1.0,1.0,1.0,10.63728999078173,1.0,1.0,10.381566000397093,1.691743280970295,1.0,1.0,1.0,7.052795397226759,11.37999710282201,2.979197011215751,16.70237630794094,11.728671060131802,3.0571698755428875,2.789897439235907,2.3189160152585777,1.3843484416849348,1.2243225708954935,1.0,1.6927859580574545,25.409348188418846,3.8664487339466893,1.4441634271052959,23.046611490691635,10.866252156647093,2.466873078790394,1.0,1.0,1.0,1.4718946527371974,1.0,2.0738175910912466,1.0,2.3403884811350286,18.499434478018028,1.1562911622546928,6.1897193611353245,1.0,1.5444116572410194,1.0,1.0,1.134580384248296,1.0,1.0,11.456836649345249,7.098438194784044,4.155294085732459,9.333352669002457,3.4795260531423127,1.2082864973335665,1.0,1.0,2.6685613499787095,1.0,1.5845013596431696,1.8332151902988698,1.0,1.0,2.301437085240755,1.0,1.0,1.1333397198384674,1.0,2.768898150153473,1.292696659599603,1.0,1.0,1.0,1.8535133689286085,2.362756378802356,1.5622351887074477,1.1091998969334784,2.0182381527572963,2.996362912094267,8.421787681971853,1.0,2.6539520000476275,5.903174793247614,1.0,1.0,1.0,1.0,14.507912696281181,3.7056092706224804,1.5489285870303013,1.0,1.0087373387978762,1.0,1.0,61.878018016085626,33.60935783696563,2.8067966998042673,2.4041281063941615,1.0,3.6406618212737314,1.0,1.0,1.0,1.0,1.0,1.6808915063802812,1.0,1.2621251962038542,1.0,1.0,14.96834446167555,1,1,1,1,1,1,1.0,1.0264501104965515,1.0,1,20.898995478837257,3.8643132334974375,1.0,3.1343882414219175,1.332478911705164,1.0,1.4632240929409452,5.164415572194769,1.0,1.0,1.9432088657914275,1.3695921888906533,43.39836041949128,31.308896027729155,35.73563237703289,25.86125662449507,65.1065134733808,32.24474581230021,36.08980405098713,11.522286683321,2.7701650682260164,146.05416841470304,57.93340525252732,63.46385019455396,59.343749843567174,23.41156914957742,8.090788932000297,25.421909085571066,41.11227070199228,6.2664512230306535,30.130826439527173,18.410474111033523,65.34824884649946,45.951574628981646,14.463774706430238,1.0,301.44182968398866,156.27689670509807,46.90262978162325,152.64421201744068,25.6483263798428,69.75223933153072,56.60272440675483,182.57008245669064,34.662103047096444,6.9284346194264606,94.69424987097423,52.966468937440666,1.0,1.0,1.0,1.0,1.0,1.0,1.0,1.0,1.0,1.0,1.0,1.0,1.0
TEST_05+4일,3.3038706936774163,1.0,5.623634043772856,1.0,1.0,1.0927032167225847,8.770214561156388,1.0,1.667721872993876,1.0,1.0,1.0,1.0,1.0,1.0,1.0,14.221113875823503,1.0,1.0,14.783157694468683,6.9489621945325615,1.0,1.0,1.443708015596144,9.031575915745586,11.05539036162084,1.0,8.463017335073173,8.682728004682481,2.381004006277323,1.945306494993523,2.090897239106342,1.328317546252241,1.0632891787221572,1.0,1.2609290045822108,24.888833531359833,3.1500653246060417,1.1660087034240136,18.56414117968014,12.370290710855617,1.3921061790586258,1.0,1.0,1.0,1.359812337049697,1.0,1.7110005774906931,1.0,1.9620975974363344,16.72757290293255,1.0,5.806595511712715,1.0,1.6817151016261875,1.0,1.0088097536351233,1.0,1.0,1.0,10.845230387970963,7.633337761436801,3.829050135646221,10.069954900163442,2.8475617442073125,1.1735952486601957,1.0,1.0,2.8852552618844443,1.7684744524253717,1.4452604941390534,1.870992574098031,1.0,1.0,2.4700905305965133,1.0,1.0,1.017720636443832,1.0,2.594509269299428,1.0,1.0,1.0,1.0,1.7924276566480966,2.201420700336036,1.6831628724070664,1.0,2.0149580866121455,2.974276687103788,6.328348099232644,1.0,1.935941535763282,5.152670424409791,1.0,1.0,1.0,1.0,27.918590703931486,2.3665068402282534,1.3200022062523966,1.0,1.0,1.0,1.0,78.72391088279696,30.342929025808218,2.3352593618375925,2.139264429993973,1.0,3.273456164727527,1.0,1.0,1.0,1.0,1.0,1.4833303812578034,1.0,1.2645272498325293,1.0,1.0,19.98885465082778,1,1,1,1,1,1,1.0,1.1556065477389994,1.0,1,12.16603192420768,3.2273256934399313,1.0,2.42697456768055,1.1595042517414234,1.0,1.185150147892028,5.31422037778128,1.0,1.0,1.8467744626238713,1.1608819682367995,46.56675725407443,32.85979400418093,22.29772993988785,51.16040680322114,63.235617991671,29.145531278214765,36.35554349374712,10.96577131189406,3.1101493903769453,147.28420797676762,58.27063856578795,64.27284593347419,60.18289511010881,20.982315647639748,4.45254244300418,34.54579552280728,46.19843141784854,6.209378252078806,30.177090658459484,17.262439368449286,69.2360137738271,48.090805868135234,14.612710607655176,1.0,370.61469992429863,166.99798734490736,50.30953111351526,234.9814098693993,26.954163652817904,65.72275217775858,56.741649461644016,164.57488852863585,31.188596151978054,5.5384965975419655,87.7957316568811,53.4592860858385,1.0,1.0,1.0,1.0,1.0,1.0,1.0,1.0,1.0,1.0,1.0,1.0,1.0
TEST_05+5일,3.715913266197364,1.0,6.478514148900471,1.08164423718028,1.0,1.4979373872305388,30.30208673553001,1.0,2.215327905849212,1.0,1.0,1.0,1.0,1.0,1.0,1.0,45.46530452688868,1.0,1.0,37.76703378814908,24.73767165070738,1.0856972617307188,1.0,3.1712505920838927,21.463198473687818,19.32598317807835,1.8180777965682624,26.63039590818935,6.9662987297897825,2.952985560209638,2.773940712406546,2.3389088296625085,1.5110055158690507,1.222524475078035,1.0,1.6519664236638016,26.90822518150363,3.886261722547423,1.3609824679925984,14.462448280807955,12.87067818713069,2.1940610588252984,1.0,1.0,1.0,1.7308175953135172,1.0,1.8885346704889887,1.0,2.3686756631864423,14.511871096893191,1.0,6.287047526204191,1.0805272222479867,2.0123421758048594,1.0,1.3719605406812412,1.010645215350698,1.0,1.0,14.688980958147777,6.280268018435623,4.7945363198025355,9.410643591189276,3.3088708678348473,1.1542235338090916,1.0,1.0,3.3860422715483818,1.2442347952051578,1.6467373174995004,2.047660693117359,1.0,1.1332590861758174,2.3649061138546434,1.0,1.0,1.0,1.0,3.025672713796618,1.4039302892159102,1.1628730245351266,1.0,1.0001955793958355,2.1102482518686165,2.3779315172222226,1.335056043963128,1.1823095582448704,2.0916694262358613,2.986007950735841,12.09966007868288,1.001228131728391,2.046513095097491,6.0690126059949,1.0,1.0,1.0,1.0,20.660415097176227,3.0378892288664434,1.607263851030003,1.0,1.6962554563191534,1.0,6.158740551881343,81.83523528042765,39.185437752679576,2.615108043299908,1.852961713399076,1.0,3.4658413635442864,1.0,1.1119796644788393,1.0,1.0,1.0,1.7770977831019272,1.0,1.4969024999583076,1.0,1.0,37.585849105895484,1,1,1,1,1,1,1.0,2.3575389535127194,1.0,1,39.65955328902571,3.2076461665939155,1.3202237500819383,2.987960105193309,1.2823702616197354,1.0,1.3205017324116657,5.589242434282367,1.0,1.0,2.307841702886799,1.1844228606250713,47.52396188769651,38.683061799394864,28.728667022257916,87.68276871953427,62.04972062119142,37.23892930538662,41.370625755608806,10.651629427447915,3.030618662788141,155.63530606088918,79.53721964673832,70.46742700056349,59.234693403992694,22.0930300226659,9.177651808915183,38.585443322925585,50.950932385817694,6.471992731530912,35.59015595164445,16.509751892559628,67.73709141619155,48.866593199545434,13.890093648348056,1.0,319.269608049227,190.1191792540413,50.830104144647215,216.46318159609004,26.817200225990906,67.05729796113019,71.41541077290196,182.0278762801946,35.86605913172785,6.360350998803351,87.84180790263481,57.530962889989745,1.0,1.0,1.0,1.0,1.0,1.0,1.0,1.0,1.0,1.0,1.0,1.0,1.0
TEST_05+6일,3.8036600153968543,1.0,5.892400949748431,1.4422076166656472,1.0,2.2052198117953523,9.504690617958484,1.0,2.818956719636999,1.0,1.0,1.0,1.0,1.0,1.0,1.0,12.927917221490896,1.0,1.0,19.170331582717488,5.773957556773897,1.5656223494429677,1.0,2.895737106835283,19.499454240664473,13.288066218384948,6.358280578411488,41.16070606586943,9.911727634450433,3.6862761626304663,2.6730751808092346,3.00008488635824,1.8767097043236876,1.6610985602321633,1.0,2.130322355806637,32.143526299028544,5.250612719896251,2.3881502184229806,22.418578579760492,22.040784553035227,2.8378521227858373,1.0,1.0,1.0,2.392353965006553,1.0,2.7796723277314435,1.1597662554577859,3.208615416364334,19.613987312900118,1.2162438974699912,7.257884791077413,1.7050826570478965,2.86479843412832,1.0,1.4264162403285396,1.4430161936146462,1.210194669685204,1.4161027746446668,19.959718140778463,8.94763346953112,6.361013438449835,13.986869004518256,3.835487330778503,1.4090663918912236,1.0,1.3095130575278082,3.4339443887128116,1.291364748383371,2.3161597277108488,2.6761968852353437,1.0,1.2688376237171841,2.930365240934397,1.236723038029794,1.0,1.2126201752415742,1.202598852836835,3.562331184510224,1.74207766386695,1.603991396061437,1.4120924798040129,1.650482027826888,2.8775232400637125,3.0159695620971982,2.0131130247035633,1.6052577577981983,2.4495405735002542,3.815753803981404,18.236474937684502,1.4068024324230068,3.1548267421711422,8.118490823363562,1.0,1.0,1.0,1.0,14.274462610667399,5.270736327520115,2.7560225219141268,1.1500418732960425,1.7735759050180167,1.0,15.425694933605044,72.48151235425574,30.032314476961385,4.0220591885886865,3.0884408105397054,1.1746614189159246,5.049459447391173,1.0,1.4391418776064677,1.0,1.0,1.051227469603546,2.535962914927083,1.5508554140653326,2.0866022981904915,1.2530933355850422,1.1911824579379702,21.487704772090208,1,1,1,1,1,1,1.0,2.482543178004593,1.0,1,42.288667742542096,4.945268836891588,2.2116100166168313,3.603696216496129,2.2806243510645468,1.143456811889584,1.8579847148696995,8.658121982221921,1.0665930313058272,1.1310239186995363,3.151844653752627,1.7345351217707043,54.687866496394946,42.108650275954915,43.267436878767214,36.627364940601474,69.51052032766762,41.10029576976241,48.24249109717465,11.05512734502554,4.0341733245430325,180.01001836640742,77.63961968096523,71.9806240327754,66.68820443352122,24.775712001518627,31.10561612203225,41.21774913061723,58.85530192375555,7.875184415210704,41.54380155456895,18.768284180033316,78.48436636550232,54.43754279186901,17.31381215056397,1.0,578.3302999904087,279.96600933800244,71.54784612661112,347.9776596017289,39.35968385380102,90.23955564868442,107.23158729618669,192.45329356067822,50.97759091768386,11.886038562517045,167.74160019360198,78.21795842066246,1.0,1.0,1.0,1.0,1.066247671842575,1.0,1.0,1.0,1.0,1.0,1.0,1.0,1.0
TEST_05+7일,3.9699549522700646,1.0,7.811791556682345,2.1128196125670415,1.3047340507446685,2.435278310239258,1.0,1.0,3.3507923484764897,1.0,1.0,1.0,1.0,1.0,1.0,1.0,1.5546950216408422,1.0,1.0,1.1889913264894858,1.0,2.011726860138875,1.0,1.0,1.0,2.5129871432596094,8.673036139304406,30.941804330466397,15.870439903561817,4.954194560312293,3.390396599680428,3.955802812317889,2.414632920142247,2.1781346875998073,1.0,2.468569392681341,56.57107842542224,6.76808399394496,2.8246737454858275,37.211362688378856,20.878780511979656,2.281961495895904,1.0,1.0,1.004323353296398,3.240264263267968,1.0,3.5485572755528842,1.1970021718011232,3.865001447294137,24.407046035980304,1.5335466303955159,10.114583691409,2.3025963278240154,2.977780496656744,1.187294257110237,1.2965008574673091,1.7369074301958465,1.8151059064486106,1.438792227147565,25.327663301721607,12.732076573992016,12.032728651355615,16.62056907159053,6.032997279225332,1.7481936396688866,1.2821555780624394,1.897745020890274,4.589910063674988,2.067565585405374,2.961232697633964,3.75726832852495,1.0,1.785720664363045,4.121849037356484,1.3578565389042887,1.0317853948800053,1.6219136864970765,1.41633734515323,4.353001206662922,2.2273656885570183,2.102109410722971,1.8103152302214238,1.7859504201229996,3.5974427786287944,4.205020977812042,2.1982787201782044,1.9972426699754262,3.279575156630963,5.013363249112577,2.374579128812455,1.963349148045904,6.163994532736098,12.02991094236649,1.2859005290381171,1.3755633935296068,1.00952459509828,1.0,4.8054669890877655,9.08376416711312,2.995835134191705,1.5188090280722222,9.078214230410396,1.0,104.12001569714674,5.361927544089117,40.70146521136678,5.973437932923291,4.508129248751189,1.6158012201644756,7.538288413334701,1.300104144524739,2.002377766713779,1.0,1.0,1.4649618434237706,3.5689295072198677,1.6362689481939758,2.8343947294422693,1.5776321368456268,1.8043611563010777,7.7665471179702585,1,1,1,1,1,1,1.0,1.508022995389393,1.0,1,12.735708322379985,5.6467584135927975,4.869601325885002,6.21552318124514,3.6302748407745717,1.6980685122709396,2.1911938648485445,12.13379952360825,1.5178096436398616,1.8417020004461147,3.923021887337349,2.5525565899840705,95.9687565071967,77.13862339640247,18.045293634942,17.5532257146421,110.06066609613909,68.32116154146172,72.75221681955679,11.727494532242417,5.394474088779999,286.4180049161524,126.18205001901137,122.9749816690551,109.74148952342841,37.74128362176514,4.772246798350569,78.527008438328,102.59515560594043,12.117138291293802,56.19763780320655,37.270750719343084,121.024137191689,95.37448929273081,33.7882553747956,1.0,734.1151276985986,467.45472687684656,119.23446117364512,494.45425799819964,65.38029096339713,129.97553599215382,148.88445293913205,281.5292122768708,77.63386605282666,11.476518362066532,179.5579486017325,121.04861919146506,1.0,1.0,1.0,1.0,1.992334658280015,1.0,1.0,6.506193440873177,1.0,1.0,1.0,1.0,1.0
TEST_06+1일,2.092742024323454,1.0,6.422741815297292,2.1176702477868306,1.0,1.095668895520907,3.2351530176964234,1.0,1.1926081356615297,1.0,1.0,1.0,1.0,1.0,1.0,1.0,4.252634730377588,1.0,1.0,2.860507882987025,3.395793980699746,1.0,1.0,1.0,5.065140533469505,4.0774065748043125,3.814353312288535,10.38411833550445,11.775381614710426,4.417141295661892,4.233000797095786,3.5251094589737413,2.8680718364520783,1.0,1.0,2.009625415115256,36.899293282175705,6.713312335961495,3.173393595580778,23.4555788026159,18.782121233728198,1.0,1.0354888439178467,1.0,1.0,2.215321338201502,1.0,4.447490627400733,1.0,4.056356047060806,28.02181016392388,1.156756814300898,10.883817300222676,1.0,2.809121538579749,1.0,1.1050846513444017,1.5280045397830575,1.0,1.0,17.277013900277804,8.659432247873859,6.707955851130236,14.059388539714298,8.300064382907175,1.0,1.0,1.2621916345789483,3.59247372341188,1.0067838326158867,2.235855783413861,2.64701705723507,1.0,1.0,2.894990265391039,1.0,1.0,1.87685007402772,1.0,3.8085272399365766,2.6688888387578604,1.4111931535588034,1.6314853354167544,1.3164562692563222,2.028780955975811,2.166017407635896,2.0579111103420438,2.150711038434598,2.862001573156816,4.323234927168226,1.2771350992371238,1.0999146224710974,3.821012347827364,9.47643100132342,1.0,2.595682519169923,1.0,1.0,10.685323046620955,6.059158421122719,1.2675375510702365,1.0,1.3159812537987041,1.0,61.446373419260155,11.210500298091269,28.060310821209015,5.343127118615618,2.1229839181869035,1.6400813261321354,4.5077628905589515,1.0,1.4618091905166997,1.0,1.0,1.07163095265973,2.644056375822491,1.0,1.8626137301858305,1.1405935545281611,1.0,1.7419104512200838,1,1,1,1,1,1,1.0,1.0,1.0,1,10.036252477376095,4.756825018754555,4.4805627213210215,6.441322214536409,2.6853443997376885,2.0524965797629227,2.4544097648834713,9.330461942213349,2.6242646101823324,1.0267695233382415,3.77493366979654,2.166634562199012,73.21922544233732,53.801075989513855,32.040453372064356,6.676802151662343,62.60894274263114,62.39261495983067,45.45353295602531,43.19242828910663,6.0241922113219175,190.38698562974983,145.73280842355405,122.52716333890058,64.43536243525335,24.085414758839583,1.0,47.285754227579666,64.26629055274034,5.659493863100639,45.33058833574058,23.49691806895116,75.01410535871743,70.83593725089158,29.249184003903693,1.0,405.4074326592153,289.90247666209325,70.03498644119831,217.64259440323755,40.59593683748335,79.97982250692459,65.34314123902976,197.44414755511923,40.99896403581206,12.417161215686914,90.25652253578377,77.72303584469454,1.0,1.0,1.0,1.0,1.0509012127295136,1.0,1.0,8.934780210256577,2.0611759554594755,1.0,1.0,1.0,1.0
TEST_06+2일,1.6470734301555874,1.0,3.6850661026974016,1.2168042025377923,1.0,1.0,4.922854481662831,1.0,1.0,1.0,1.0,1.0,1.0,1.0,1.0,1.0,5.944110533947283,1.0,1.0,12.279488121394952,4.984706658309321,1.0,1.0,2.317902427060168,6.636032189985979,12.970955549978175,4.290327315685755,22.76625132542064,8.33372654046741,2.6246027044854796,2.6779452567469813,2.0194242561171785,1.7404786316209833,1.0,1.0,1.2174304634781268,14.616948438599618,4.719683108272725,1.4497008611243265,15.64621879421438,8.25619632297014,1.0,1.0,1.550830183483568,1.0,1.1140090032660952,1.0,2.0953833790832666,1.0,2.6917756451593178,15.894659141785848,1.0,7.786386629987437,1.0,1.4409114843933848,1.0,1.0,1.0,1.0,1.0,8.013415727702728,6.718069967152818,7.528259825751739,10.26884216465436,7.155866003517643,1.0,1.0,1.0,1.6238202571063707,1.0,1.0044843434026247,1.390362088977486,1.0,1.0,1.5576285445655387,1.0,1.0,1.0,1.0,1.2567170592568409,1.0,1.0,1.0,1.0,1.0984524390954369,1.0,1.221038577519173,1.0,1.4484201773964662,1.423010810557295,13.988150967198397,1.0,2.356168211651695,5.56405741894704,1.0,2.5237311524517896,1.0,1.0,10.785682331340835,3.1534341069369005,1.0,1.0,1.900946825388033,1.0,15.100668821354365,74.4616042556122,25.572105474819093,2.921998844064448,1.0,1.0,2.413429634140906,1.0,1.0,1.0,1.0,1.0,1.8126971858630758,1.0,1.0229540121789404,1.0,1.0,18.039001485183604,1,1,1,1,1,1,1.0,1.0,1.0,1,17.60836514465662,2.4798385553325155,2.3258087867226642,3.2730145513752555,1.6570748729222582,1.0,1.2999997800817495,6.901111685705323,1.0858605015682714,1.0,1.7672819483015547,1.5088717210797231,52.1922140485059,26.64171772532904,8.058630322430727,11.359593259127859,42.857209281819586,40.472022713057,35.576074714982184,23.58399731420503,3.0665478690809027,117.86697968244897,73.73604043478547,57.534213976648815,43.57841063206411,13.602769935764417,1.0,28.81345673992511,45.45858752374738,3.735754094634404,31.36976906539401,12.192075042851975,49.4054235159746,36.43852499850175,15.682578064103936,1.0,176.3624173479984,125.55088901625916,40.129381863431064,118.33124337808964,20.587259562299337,41.38449692017476,25.607237977537082,72.86992739343538,20.07549012560721,5.396282774548453,54.75701144228359,43.69922565604997,1.0,1.0,1.0,1.0,1.0,1.0,1.0,1.0,1.0,1.0,1.0,1.0,1.0
TEST_06+3일,1.743029117211837,1.0,3.3800813429807652,1.3310902079826097,1.0,1.0,17.184232103677914,1.0,1.0270553388930013,1.0,1.0,1.0,1.0,1.0,1.0,1.0,7.365488577824606,1.0,1.0,10.058545619123636,7.334675658935804,1.0,1.0,3.7723228641768034,11.915362467868277,27.062609833116614,4.513381802189754,42.47425312146464,7.495766951142514,2.443364207511134,3.345568770793196,1.789203829286513,1.7142742947057024,1.0,1.0,1.1132678826918427,13.67667505912047,4.504705119054218,1.6620827070223352,11.163141553222747,10.456158647675423,1.0,1.0,1.0,1.0,1.1941358173016887,1.0,2.418846698210044,1.0,2.428730793377986,14.923974770796864,1.0,7.654959893222404,1.0,1.4017472968234614,1.0,1.0,1.0,1.0,1.0,8.574681762236875,4.351956316250815,4.718955704592226,10.669248063459978,7.72671859956089,1.0,1.0,1.0,1.9674506473331197,1.0,1.4264647380652762,1.724050863610727,1.0,1.0,1.963364242178617,1.0,1.0,1.1010671791855058,1.0,1.8484215337465377,1.4691887774359733,1.0,1.0,1.0,1.4710640744988304,1.3805759667524449,1.6967179276937454,1.2033782653008547,1.9001414319866237,2.4231749472139335,38.37593205135868,1.0,2.007956616789425,6.483348041740214,1.0,1.6419192192934386,1.0,1.0,13.31428010721821,3.0296274663509815,1.0,1.0,1.0,1.0,10.266084275444614,58.10824837979675,17.82558880394748,2.697251344350096,1.1476176728728023,1.0,2.342887225328343,1.0,1.0,1.0,1.0,1.0,1.3766166707148377,1.0,1.0937311232646816,1.0,1.0,16.721232708479967,1,1,1,1,1,1,1.0,1.0,1.0,1,9.741259044698584,2.445130041556374,2.2486891217870113,3.8612418461436344,1.5347938064168067,1.0,1.2870537934357522,6.084153397460014,1.030557966100321,1.0,1.745858987027865,1.4239730071805852,45.11932874702481,23.917836330376048,32.378483889237984,41.10801939809865,38.66760114273495,35.31505494321849,30.04073687934138,21.829630866493247,2.65337852175754,100.07211841181172,70.95615599884957,59.2267576589424,37.59046216679879,11.885301840259105,4.921470646168855,23.54736681514598,33.52099929582259,2.6640553789294925,26.130331709176787,10.554431504782439,46.862219560725975,40.02013240009523,13.412575839926113,1.0,209.97141679565618,101.00001071675993,29.768153977883202,102.00146970524862,16.411109038337365,34.67372210906821,22.123246805876857,66.59527574897962,16.313969717953665,4.060837098066056,31.076642117979837,36.13842122270782,1.0,1.0,1.0,1.0,1.0,1.0,1.0,4.455078608589247,1.0,1.0,1.0,1.0,1.0
TEST_06+4일,1.5604939512582185,1.0,3.051134650593692,1.2398269425461146,1.0,1.0,4.761737675916424,1.0,1.0,1.0,1.0,1.0,1.0,1.0,1.0,1.0,6.510008009039412,1.0,1.0,6.007912274763381,4.411244484149446,1.0,1.0,3.507979641905964,6.186511604322998,14.333237237409435,9.344767109387195,16.36245974967842,8.670995552109645,2.113242075750477,2.3106479094821744,1.6208114468960517,1.4372285667890146,1.0,1.0,1.0485121931210892,14.743892720915088,3.777626409661721,1.6030124828879644,17.282831919855585,8.761803438134105,1.0,1.0,1.296713097710724,1.0,1.2114355014225102,1.0,2.0807808271820827,1.0,2.156487290864457,12.702938806035709,1.0,8.274194832210783,1.0,1.2086448012032414,1.0,1.0,1.0,1.0,1.0,8.842913347593054,4.384810367948184,2.6179870168270636,9.208337519329476,3.5725498142686813,1.1440179316839296,1.0,1.0,1.9495437300076306,1.0,1.3721646276810975,1.6715559640500333,1.0,1.0,1.7737209209489626,1.0,1.0,1.0638549670994213,1.0,1.8274989392415883,1.236127091664228,1.0,1.0,1.0,1.4125344017108536,1.3397190794591824,1.339959697812632,1.0339952625420132,2.101180247759585,2.585705592230409,15.004569922111017,1.0,3.032492589520686,6.474879920040014,1.0,1.8506382755589688,1.0,1.0,11.898967968933478,3.0011265787358226,1.0,1.0,1.0,2.601242687111003,4.017212411680623,46.595343988181156,22.033568234379977,2.496711931481184,1.021373114914385,1.0,2.001625652503884,1.0,1.0,1.0,1.0,1.0,1.273518155075683,1.0,1.0,1.0,1.0,9.495644937194243,1,1,1,1,1,1,1.0,1.596378311283103,1.0,1,16.66734221719161,1.9229653200098196,2.408791964095852,2.532363629925216,1.2217752288119152,1.0,1.0709758268961567,5.690799469692767,1.0,1.0,1.3974826902641126,1.1377640363512938,38.32345148248721,21.44152880288182,42.959535400902695,45.30302613380537,29.776495686087657,26.842041329786504,27.05416866827929,18.16890918020079,2.5835050900975203,97.77858680653227,63.95423805910369,62.521035360614086,31.632976384770508,10.101142625033265,1.8310680322514448,18.476810379740094,29.21715551823961,2.485782757254149,25.873198110762573,8.907913138190803,37.51297859231761,33.79134107054104,13.376642314211287,1.0,208.74345252052888,117.66327316271494,27.89171241153054,117.45912313629975,17.065627604003875,24.410838503538415,21.957658647615,53.579483935894814,14.891028881060485,3.4787262762793594,27.093298863792217,27.074920595627013,1.0,1.0,1.0,1.0,1.0,1.0,1.0,3.320147877093405,1.0,1.0,1.0,1.0,1.0
TEST_06+5일,1.9136429705320985,1.0503752622753382,3.1768979468110556,1.3669833957087876,1.0,1.0,22.0073731141257,1.0,1.2035953577857184,1.0,1.0,1.0,1.0,1.0,1.0,1.0,13.44976287193685,1.0,1.0,35.325931749707266,15.316859419832818,1.0,1.0,1.0,6.307481995536816,21.32103130145053,8.113852464016489,15.363356990402021,7.6281528918052075,2.5709618853290683,2.801770933828548,2.249965966624486,1.754306876814352,1.0,1.0,1.4116561005362478,19.683376151857164,4.122004852966794,1.8137754719532473,26.283174474903042,7.447984580853696,1.0,1.0,1.5908313841260753,1.0,1.6108819053206733,1.0,2.487041259897757,1.0,2.3921962069953078,13.203063300976092,1.0,9.728257085018264,1.0,1.5125404502954862,1.0,1.0,1.0,1.0,1.0,8.717642069305013,5.921514233483226,4.762522498531894,9.072374646601732,6.995293163030258,1.0,1.0,1.0932441942285904,2.378317119980956,1.0113674639220402,1.533117108411694,1.9387984486978576,1.0,1.0,1.7510383457575134,1.0,1.0,1.2465537741672406,1.0,2.08131345302238,1.6905224261727625,1.0,1.2381027513715666,1.0,1.717591933258903,1.503716682797657,1.376505342828417,1.082230202097834,1.932229308661898,2.8556142749362396,34.73282281765821,1.0,2.4393329171020106,5.900477201757319,1.0,2.4506237891709093,1.0,1.0,11.408099259967877,3.057126602721693,1.0,1.0,1.6456414549645477,2.5418638729111147,14.246456101031546,78.39465580952591,21.619886321295347,2.583510287301272,1.598717408064725,1.0,2.6202987600641885,1.0,1.1231666618850886,1.0,1.0,1.0,1.7796324456581083,1.0,1.0536797760878562,1.269806012686795,1.0,50.57048342427122,1,1,1,1,1,1,1.0,2.137946342016576,1.0,1,39.37745754464919,2.610452639426633,2.259733389293496,3.159247232452567,1.6534033848614293,1.0102715461584832,1.1687194592125687,8.126975638854592,1.1251314402604602,1.0,1.9066694070190886,1.7026502950616917,37.502988670333295,31.54030605409238,38.78112223550905,41.43431558574648,38.64030371912511,29.37533530014867,27.5087254301269,23.594581543324335,2.4810909591173522,98.11149910723186,73.98925423884313,63.71421575975484,33.54332955087143,14.157233940310451,3.34236000983688,13.977743991726733,29.02848347139772,2.2864445559238784,30.33478487139311,9.031182862797875,45.230484494152236,38.416384026459774,17.639610606929708,1.0,187.17369538869485,83.38467268306349,31.494588669203154,92.34630823580375,18.965762577294317,27.19289559879489,22.896955675812155,51.67723536866005,17.943567623798483,4.896262240222599,39.07734631292153,31.559810561461113,1.0,1.0,1.0,1.0,1.0,1.0,1.0,6.0251582181081185,1.0,1.0,1.0,1.0,1.0
TEST_06+6일,2.9070339524641375,1.0,4.324072001577898,1.7295853688271534,1.0,1.3476095531101369,7.22636887942877,1.0,1.514236608807798,1.0,1.0,1.0,1.0,1.0,1.0,1.0,11.27945207919315,1.0,1.0,10.12412669839821,7.969321591847578,1.0,1.0,3.0339996614230156,16.510260708816134,41.790827853704,13.506187882469817,76.17459792696602,9.144275844037445,3.5033328051938333,3.2875500728487816,3.4003448034062704,2.6781673554009613,1.343437472851214,1.0,2.171842294530122,27.488101241681186,5.735469191787006,2.452933622013805,24.78337936074628,11.114897596022596,1.299421255362042,1.0,1.0,1.0,2.5679640189239112,1.0,4.084898073463633,1.0,3.4588315964633503,13.742910651684557,1.0,7.73689733564324,1.0,2.127149145964094,1.0851969009831124,1.263410274392195,1.3193820318641059,1.240536995649249,1.0,11.79327042944028,8.320952917364348,4.66535945275204,11.96177714061614,5.902943880881084,1.365094550581548,1.0324072057084135,1.4876592031977274,3.326550877044881,1.170581139158257,2.103464986350363,2.6293927684571745,1.0,1.0,2.4320460796782104,1.0706828872597582,1.2763180364369457,1.5874433708293239,1.0440215213857438,3.068761403572764,2.25261385891945,1.3311041097258967,1.7052136427735634,1.2500022209012127,2.138240533862911,2.335654565707338,1.31444850449556,1.6594379326849742,2.943378622117497,4.353611561165373,48.00562269073263,1.2078323770280026,4.167974715914037,8.654273046177046,1.0,2.76178766286947,1.0,1.0,10.733448476845638,5.153177498277209,1.483849888152062,1.0653094867065682,2.2007098699609053,1.0890280649615374,23.449304194209965,59.55486811609565,20.723720192107027,4.350431538064246,2.9502321857046674,1.3616396405389906,4.288670944129363,1.0,1.6208378102237957,1.0,1.0,1.0,2.7760504679296965,1.203317490392239,1.7275772575686505,1.3070990099679731,1.0,25.39471521903658,1,1,1,1,1,1,1.0,2.240974025400034,1.0,1,21.139407179348385,3.932437169097074,4.158132997507684,5.474689728189037,2.502574848033913,1.7972492382411973,1.7747535105504828,9.593659342576343,2.09421783556114,1.0506771966126938,3.069814607001177,2.9497277111661195,37.37419429377075,37.4347555115695,93.94426927885722,112.53518306427038,45.06821041219365,33.89837755567548,34.191718382030494,26.415600261275852,3.1923420344489233,103.31878820757323,89.48246574754779,78.74889136087607,42.055782500555026,11.474054363883429,1.0,24.485583034777328,39.694830942498434,2.997503653055513,34.892488143541286,11.573210726823676,51.68755310678249,45.73496293466022,18.758336196349426,1.0,276.0975264707264,157.761945590289,37.017944399106725,123.76310329461263,22.343161117069172,46.57538144169769,29.561535177314187,112.72391618937381,25.984669494212095,7.669090596183121,47.39962964647286,37.49350368199803,1.0,1.0,1.0,1.0,1.2866002437658608,1.0,1.0,8.835720887873322,1.856151893734932,1.0,1.0,1.0,1.0
TEST_06+7일,2.421946429430157,1.0,6.821317975676844,2.484420884304596,1.0,1.3079791437185961,4.228354077054302,1.0,1.5286557085955277,1.0,1.0,1.0,1.0,1.0,1.0,1.0,3.790281858981874,1.0,1.0,13.898968336373482,108.78024826820437,1.0,1.0,1.0,10.914195000964966,15.346795072826929,2.676689932829265,31.4061053965077,12.075882243408188,4.4739214074734415,4.328321777168257,4.877210751423123,3.980132168959953,1.7932520378203085,1.0,2.9119342798454606,47.22242562177513,7.732916832680494,3.8455667440729755,34.73701228559716,16.290294658882278,1.3752228506254818,1.0151413679122925,1.815397140878401,1.368247619691323,3.2588077686164953,1.0,6.5139976848344885,1.0,4.601663900505198,27.12405510667485,1.7129844791562807,10.411275196422082,1.023828057279343,3.438049382624531,1.1076985922980986,1.3937194787488805,1.732466014008748,1.4462562581771392,1.0,18.623127588250547,8.784209017343615,9.107880102792613,18.755593136609992,6.682227374051206,1.7993459303912418,1.1983728215656297,1.9584765253835696,4.545844220665757,1.3993733805517026,2.620388964621146,3.126210034758809,1.2389533223991611,1.1203802065066575,3.3112777288521187,1.260444994722957,1.4955340805746276,2.1526036039925693,1.516704953790359,4.217789124530727,3.0596997890491844,1.9433363658269873,2.3394309428139057,1.8838987818572956,2.720825484461291,2.9504947426603505,2.546691178252505,2.3854443183135,3.227662322702741,5.70068243811052,1.2661881162576685,1.5623256422722474,6.507998316442446,12.556089639985442,1.3831158965634847,2.6083960502968613,1.063521689596604,1.0,4.904244667821174,9.126464970196496,1.9267692697128287,1.524404449370592,2.6813157936249468,2.880389860533285,94.12713320421803,7.299424731937522,34.85715021999577,5.790858939934582,3.3954619642293453,2.094679737085035,5.73392355248821,1.0,2.157035245192429,1.0,1.0,1.522276412178753,3.3608056694295687,1.513862893577015,2.651747971352769,1.843797522544116,1.1893198870265618,8.02061149909552,1,1,1,1,1,1,1.0,2.4957183096400106,1.0,1,22.74253963451903,5.597489339541376,7.34926018189424,8.101287766444676,3.40017877166456,3.007714772731338,2.6844938356252426,14.380563220118685,3.127832102226301,1.5307989067051846,4.645733218900602,3.49268343448904,54.33986510023121,30.468649203248606,45.79504101370665,14.16929512647538,59.138731694931636,46.62559482883745,38.25577699644451,33.8160827629856,6.166760417962587,150.13880937867071,165.85207770657206,163.84009554888266,57.48134357356826,16.517685804573546,1.94781192736792,37.01134128669596,52.5998749060776,5.865129421306259,41.82158225178129,19.447953770464586,76.91082750538219,62.02395531665982,24.037080376435934,1.0,318.8708843126225,221.0198203262414,51.87399542684285,146.54272902712896,32.377885735428066,63.10840066180741,46.03962532800857,172.9594451083084,32.94439000918141,15.355795241300463,44.46144398334732,53.190387180685704,1.0,1.0,1.2405552412383258,1.0,2.422206085175276,1.831072230124846,1.0,14.546652766875924,3.985096290707588,1.0,1.0,1.0,1.0
TEST_07+1일,1.3551362363533679,8.85001740646759,4.657950135918265,1.8952799170891503,1.0,1.0,1.0,1.0,1.0,1.0,1.0,1.0,1.0,1.0,1.0,1.0,1.0,1.0,1.0,5.51131649736795,1.0,1.0,1.0,1.2931243082095079,2.2590433690918443,3.061042612335463,7.865909940967782,7.221713526589155,2.0124073843303534,2.143321414147395,1.1221114291296184,1.621348209714216,1.0429070988055553,1.0,1.0,1.0,21.104430313027912,1.8328429731434719,1.1562738028368351,12.664329681161323,4.775740720823732,1.0,1.0,1.0,1.0,1.0338923321623437,1.0,2.611424163211726,1.0,2.342739369251821,7.713974036071376,1.0,3.039356755318874,1.0,1.0907400852256828,1.0,1.0,1.0,1.0,1.0,5.948435051100771,10.469342534929508,4.83651655576727,5.747420050957635,2.6367544740692037,1.0,1.0,1.0,1.0,1.0,1.0,1.0872970620084825,1.0,1.0,1.0,1.0,1.0,1.0,1.0,1.0,1.0,1.0,1.0,1.0,1.0,1.0,1.0,1.0,1.0,1.410393206952912,2.212137495575445,1.0395390565002143,2.372243838121851,6.479708526656144,1.0,1.0,1.0,1.0,2.7308557011983488,3.721599999530671,2.0890211628372857,1.0,1.0,1.0,79.66435050716134,4.171813363243496,25.59077231000095,2.555230298110573,1.2008028528462602,1.0,3.407470830184896,1.0,1.0,1.0,1.0,1.0,1.1164732929405368,1.0,1.2134900379556712,1.0141934956293994,1.0,5.897526474496769,1,1,1,1,1,1,1.0,1.0,1.0,1,4.189737122904929,1.9302228864239201,1.0,1.417935403077267,1.0,1.0,1.0,2.9780668399212917,1.0,1.0,1.0709637161478027,1.0,2.2330382698025835,1.0,29.77704183863338,81.22269345183396,2.3537516032404326,1.0,1.1471257513959996,1.0,1.0,7.551481990019983,1.0,1.0,4.611312874276228,3.9850466077103577,1.0,1.0,5.9744298966216585,1.0,1.913876134388763,1.6818018451560564,2.7395834779025527,1.0,1.0,1.0,1.554667527670972,1.854277147212997,1.0,1.8937516026198862,1.0,1.0,4.5018162578344345,1.5527769026812166,1.0,2.269423793796581,1.0,1.057416871190071,1.4949078345671296,1.0,1.0,1.0,1.135542350821197,1.0,1.0,8.986774692311883,1.7225821875035763,1.0,1.0,1.0,1.0
TEST_07+2일,1.0,31.662548640148785,1.0,1.0,1.0,1.0,5.362583164843308,1.0,1.0,1.0,1.0,1.0,1.0,1.0,1.0,1.0,10.823720103872573,1.0,1.0,40.012780229580535,4.758732501250465,1.0,1.0,1.5131606735286498,14.831029920156828,7.173733444366294,1.0,5.874883077594751,2.539967143238885,1.0,1.0,1.0,1.0,1.0,1.0,1.0,4.61199036796061,1.0,1.0,3.99247947695468,1.0079085321398615,1.0,1.0,1.0,1.0,1.0,1.0,1.0,1.0,1.0,3.814919788704761,1.0,1.1650989040769324,1.0,1.0,1.0,1.0,1.0,1.0,1.0,1.0,2.674140988246603,2.771974663270682,1.1208283721471557,1.245400143769889,1.0,1.0,1.0,1.0,1.0,1.0,1.0,1.0,1.0,1.0,1.0,1.0,1.0,1.0,1.0,1.0,1.0,1.0,1.0,1.0,1.0,1.0,1.0,1.0,1.0,4.37854026927542,1.0,1.0,1.0,1.0,1.0,1.0,1.0,5.9644663622525815,1.0,1.0,1.0,1.3362396694704834,1.0,6.3589533288946045,16.98170867076561,10.336284188994924,1.0,1.0,1.0,1.0,1.0,1.0,1.0,1.0,1.0,1.0,1.0,1.0,1.0,1.0,7.131636377685465,1,1,1,1,1,1,1.0,1.0,1.0,1,4.083431353325025,1.0,1.0,1.0,1.0,1.0,1.0,1.0,1.0,1.0,1.0,1.0,1.4416149491649692,1.0,8.912034481802444,136.62048308033837,1.1074818436563925,1.0,1.0,1.0,1.0,3.517758995903584,1.0,1.0,1.685452867417074,1.0,1.0,1.0,1.9231393561604777,1.0,1.0,1.0,1.3213946669477432,1.0,1.0,1.0,1.0,1.5413869393523782,1.0,1.330494917347096,1.0,1.0,1.4271039515733719,1.0,1.0,1.0,1.0,1.0,1.0,1.0,1.0,1.0,1.0,1.0,1.0,1.0,1.0,1.0,1.0,1.0,1.0
TEST_07+3일,1.0,36.625239997865286,1.0,1.0,1.0,1.0,3.3918212279355613,1.0,1.0,1.0,1.0,1.0,1.0,1.0,1.0,1.0,7.937897996773506,1.0,1.0,12.469098673670226,3.7434068599366386,1.0,1.0,1.2985694067227271,11.482606030879754,11.794918265419536,2.1651185369581647,26.193208686923725,1.0,1.0,1.0,1.0,1.0,1.0,1.0,1.0,3.629517844805516,1.0,1.0,2.079528419110633,1.4568765627122886,1.0,1.0,1.0,1.0,1.0,1.0,1.0,1.0,1.0,6.633378197310272,1.0,1.6732497887895041,1.0,1.0,1.0,1.0,1.0,1.0,1.0,1.0,3.3674740498936964,1.6651703870782435,1.7405068806266817,1.0,1.0,1.0,1.0,1.0,1.0,1.0,1.0,1.0,1.0,1.0,1.0,1.0,1.0,1.0,1.0,1.0,1.0,1.0,1.0,1.0,1.0,1.0,1.0,1.0,1.0,6.176611476384814,1.0,1.0,1.0504969146283494,1.0,1.0,1.0,1.0,7.232395315139434,1.0289874415784817,1.0,1.0,1.0,1.0,7.925719456749551,12.652204770002516,1.0,1.5066625441970771,1.0,1.0,1.0,1.0,1.0,1.0,1.0,1.0,1.0,1.0,1.0,1.0,1.0,15.012498336710909,1,1,1,1,1,1,1.0,1.0,1.0,1,21.261554067306037,1.0,1.0,1.0,1.0,1.0,1.0,1.0,1.0,1.0,1.0,1.0,1.0,1.0,26.569128225124572,22.474738180683964,1.0,1.0,1.0,1.0,1.0,1.1209611813537776,1.0,1.0,1.0,1.0,1.0,1.0,1.0,1.0,1.0,1.0,1.0,1.0,1.0,1.0,1.0,1.0,1.0,1.0,1.0,1.0,1.0,1.0,1.0,1.0,1.0,1.0,1.0,1.0,1.0,1.0,1.0,1.0,1.0,4.520188830792904,1.0,1.0,1.0,1.0,1.0
TEST_07+4일,1.0,25.350423142048037,1.037965027809506,1.0,1.0,1.0,4.616164014744292,1.0,1.0,1.0,1.0,1.0,1.0,1.0,1.0,1.0,19.665970085144572,1.0,1.0,14.941530013302692,5.518308633658906,1.0,1.0,4.496304765042256,13.239079924605068,14.793446172702835,3.8383625133069534,19.705814737087973,1.2874017397890012,1.0,1.0,1.0,1.0,1.0,1.0,1.0,7.19126809195776,1.310842473720714,1.0,7.357127261148044,1.0,1.0,1.0,1.0,1.0,1.0,1.0,1.0,1.0,1.0,3.558860842363641,1.0,1.8726518204246427,1.0,1.0,1.0,1.0,1.0,1.0,1.0,1.538815323494219,2.0919341221211445,2.503968685502162,1.837321357269822,1.0,1.0,1.0,1.0,1.0,1.0,1.0,1.0,1.0,1.0,1.0,1.0,1.0,1.0,1.0,1.0,1.0,1.0,1.0,1.0,1.0,1.0,1.0,1.0,1.0,1.0,2.3312441969756037,1.0,1.0,1.2843259418025914,1.0,1.0,1.0,1.0,12.855129397091591,1.2346562821557923,1.0,1.0,1.0,1.0,1.0,9.55969663342564,2.529442270374116,1.0,1.0,1.0,1.0097187767865865,1.0,1.0,1.0,1.0,1.0,1.0,1.0,1.0,1.0,1.0,12.85447690903321,1,1,1,1,1,1,1.0,1.0,1.0,1,15.159502123773853,1.0,1.0,1.0,1.0,1.0,1.0,1.0,1.0,1.0,1.0,1.0,1.0,1.0,31.21122782421377,46.503478551457064,1.0,1.0,1.0,1.0,1.0,1.0,1.0,1.0,1.0,1.0,1.0,1.0,1.0,1.0,1.0,1.0,1.0,1.0,1.0,1.0,1.0,1.0,1.0,1.0,1.0,1.0,1.0,1.0,1.0,1.0,1.0,1.0,1.0,1.0,1.0,1.0,1.0,1.0,1.0,3.384423995157704,1.0,1.0,1.0,1.0,1.0
TEST_07+5일,1.4094799893280965,62.66574881238079,1.380190571750819,1.512532319549615,1.0,1.0,19.08834925292326,1.0,1.0,1.0,1.0,1.0,1.0,1.0,1.0,1.0,34.64513047838899,1.0,1.0,43.2892099417399,19.55674454883059,1.0,1.0,9.794787654168973,21.690128070290218,26.246279954766898,5.131083731572785,23.746136069111067,1.5336181954979047,1.0,1.0,1.2642911134691248,1.0,1.0,1.0,1.0,5.511921345681404,1.30203918437082,1.0,8.343248058481535,2.9253145044416424,1.0,1.0,1.0,1.0,1.0,1.0,1.7171549732407527,1.0,1.2180082956595455,5.293834187560316,1.0,2.2499704014000073,1.0,1.0,1.0,1.0,1.0,1.0,1.0,1.2783388925613715,4.576317171712265,1.3243989189877843,2.0792598283862396,1.2983646608548467,1.4449701438670053,1.0,1.0,1.0,1.0,1.0,1.0,1.0,1.0,1.0,1.0,1.0,1.0,1.0,1.0,1.0,1.0,1.0,1.0,1.0,1.0,1.0,1.0,1.0,1.0264552115431331,21.40026237675457,1.0,1.0195588454729174,1.7757403790357624,1.0,1.0,1.0102263934994877,1.0,8.892201854455614,1.0,1.0,1.0,1.0440108622502073,1.0,11.979304477832073,13.364880868542976,11.676439290954523,1.2082830031110952,1.0,1.0,1.4705295462794024,1.0,1.0,1.0,1.0,1.0,1.0,1.0,1.0,1.0,1.0,42.82251666814616,1,1,1,1,1,1,1.0,1.3816747557456437,1.0,1,36.11009260435833,1.0,1.1131592123709242,1.0,1.0,1.0,1.0,1.0,1.0,1.0,1.0,1.0,1.0,1.0,42.2687450835342,54.193172392504025,1.0,1.0,1.0,1.0,1.0,1.8205006425268948,1.0,1.0,1.123636999990517,1.0,1.0,1.0,1.0,1.0,1.2442097055379318,1.0,1.0,1.0,1.0,1.0,1.0,1.0,1.0,1.0,1.0,1.0,1.0,1.0717929142992944,1.0,1.0,1.0,1.0,1.0,1.0,1.0,1.0,1.0,1.0,1.0,5.9754941845312715,1.0,1.0,1.0,1.0,1.0
TEST_07+6일,3.455081421841852,30.27518785459623,6.919607235655437,3.7903812992314303,1.0,1.4322269086826456,19.138058748246205,1.0,1.803429024810983,1.0,1.0,1.0,1.0,1.0,1.0,1.0,26.90389052879438,1.0,1.012244044786239,34.481549627671804,20.254732293955314,1.0,1.0,5.536781913039787,17.733975630778144,24.0714001426414,6.299291706027318,64.61316430576784,3.531539035142725,1.4505446451977222,1.507655808767434,3.0511611852107405,1.324427741104398,1.0,1.0,1.3727437696021292,14.39556066206549,2.543374756095087,1.1251511479838936,25.406083618314238,4.936400567614915,1.3456503391468309,1.0,1.0,1.0,1.9760473908362473,1.0,3.295913638834076,1.0,2.795327047914233,7.647821632952949,1.0,4.01273333173698,1.0,1.7853382953879917,1.0,1.2674025100312432,1.0,1.8383280929452395,1.0,5.00291099484719,6.516828232013803,3.8636055364069177,3.1005508212198767,2.717146131621426,1.0,1.0641056083730658,1.0,1.6705297596588466,1.0564969409633755,1.0,1.4811408221730105,1.0,1.0,1.3579090491030295,1.152689852624317,1.0,1.0,1.0,1.3390082064113766,1.0,1.0,1.0,1.3536377603674046,1.523558795569305,1.469097647054467,1.2561652240489982,1.1370968730615796,1.0,2.0547350346645716,25.332907089534427,1.4308755124380839,2.4784376023220003,6.527949231078774,2.075053728534985,1.0,1.0,1.0,21.123244382127588,3.1994991673227307,1.6748272218515003,1.03966225615194,1.7358818230454869,1.0,15.987423285797135,19.709751500074645,15.309132444552834,3.3564818069654327,1.682901442119063,1.0,4.2858919550092605,1.0,1.1659511756567404,1.2353035868423636,1.0,1.0,1.3633810870635545,1.1489504723795878,1.5709267749950182,1.4651926342523545,1.2612822457811919,28.583666974780808,1,1,1,1,1,1,1.0,1.7876431654359917,1.0,1,13.565483695373896,3.1966710693168796,1.7753151183537594,2.467265613267286,1.8639773456768098,1.0898690080663216,1.5335541465223173,5.094976853595717,1.442415318391335,1.1433639251530507,1.6789610394050938,1.671306366702306,2.136985158096288,1.0,32.819154244125606,72.42527647302569,1.5825116964170394,1.0,1.4558404799889693,1.0,1.0,5.355592211549187,1.0,1.0,3.4371416458212147,2.1811115296875228,1.0,1.0,1.8662576856290864,1.0,1.8815240345568067,1.0,1.0189412627369165,1.0,1.0,1.0,1.0,1.2589502189075574,1.0,1.2319972884142771,1.0,1.0,3.020989056676626,1.7988018866162747,1.0,1.7717732812441034,1.0,1.0,1.7945361183956265,1.0,1.1312774941325188,1.0,1.3314082310535014,1.0,1.0,9.151216631289572,1.5831981226801872,1.0,1.0,1.0,1.0
TEST_07+7일,5.086434538578697,16.401864315958058,10.426986976902164,6.175514962153519,1.5167716070437247,1.9718572859436674,2.840099979070868,1.0,2.9700856141047542,1.1144139317502169,1.0,1.1883055269145781,1.0,1.0,1.0,1.0,1.0,1.972587999161776,1.7493912142349695,3.57629668084582,2.9061553317057243,1.7050673961537,1.2357265630443481,1.0,1.322360851837324,3.091831572327782,13.393231948611318,26.560507366590617,4.3287479887307345,4.0415373489522395,3.6576224684976997,4.341794956292938,2.047812086371159,1.330853135504897,1.0,2.355954962582395,30.313705045092377,3.64567618470848,1.9854957302167833,24.197063379422698,7.287750225666704,1.1441145252998803,1.0,1.0,1.0,2.5002708913535954,1.0,5.932558800497965,1.1142091799103888,4.936120757123979,15.736815019695886,1.3344287117747118,5.986485068681256,1.157305072361616,3.1729569518983434,1.0581767596826588,1.6510942631506569,1.3424204022828616,2.2723165262082476,1.163677629392658,11.183006153772602,11.22565058119637,5.8317540380224955,9.934388054709032,5.005285172966145,1.4826896153942841,1.3745082446479446,1.3594311590605124,2.576980859536734,1.605724309623416,1.6032151240447419,2.556949898056148,1.0643643190788645,1.0,2.1319588455894847,1.5569594807096965,1.0,1.0799076461338646,1.0995964964558271,1.884249474383716,1.2047386539274103,1.3914721102559215,1.1245582587914582,1.655799568987463,2.05554039514242,1.9461169825234084,1.1810672951310481,1.8310397363317135,1.7791893310436862,4.02334938516414,5.549841117482357,2.406911258589145,5.896533597183243,10.943538618535818,3.1319569837058845,1.4539520233918868,1.2037535865627107,1.0928775146031195,3.3958329830621006,8.108221019719139,3.818801057172209,1.9083742750664694,1.3334371703129204,1.0,69.71182764018087,15.169739321501062,20.665495717352943,7.4513435726167785,3.1060584784072764,1.3043747264539978,9.151880772307218,1.8391315427257036,2.293242237055184,2.3288010009466427,1.0,1.5047929338157078,2.503149196816924,1.7450913521189373,3.05100816030337,2.665703624546417,2.0114454113220925,22.109524567410542,1,1,1,1,1,1,1.0,1.1355514858685312,1.0,1,3.525809109575256,6.873330160156989,2.515925619813289,4.841209157609619,3.089344915313962,2.041289557706233,2.5058116920566316,10.426968899584512,3.085305806492838,1.981797308502173,3.8332612097844185,3.332698258560846,4.176583129246486,1.0,27.015906741434005,51.47662903050188,3.7887048886304466,1.0,5.411031941573718,1.0,1.0,7.709405550928967,1.0,1.0,8.118635202295664,6.795959548378974,1.0,1.0,6.810176891142973,4.591445794372076,4.174356329719519,2.9573533068667217,16.274425077624095,1.0,1.0,1.0,1.0,1.9482950464589521,1.0,2.365642355871387,1.0,1.0,5.906631052494049,2.2379613085649908,1.0,3.6184951091186965,1.0,1.2207279354333878,3.111183918081224,1.0,3.899756371974945,1.0,2.530858898535371,1.7208478739485145,1.0,15.293955663219096,3.6843732185661793,1.4869093429297209,1.2584116731886752,1.0,1.0
TEST_08+1일,2.911541418621412,3.6477946898385407,7.239993569423225,5.070950680646899,1.0,1.6620515666000955,2.3076477072840222,1.0,3.4127984315495805,1.0,1.5387363329630421,1.0,1.0,1.0,1.0,1.0,1.57578666543038,1.0751041759258868,1.0,1.0,4.070081767158355,1.3059820066441836,1.0,1.0,5.784231562705133,2.0651869535492255,5.73758659037005,10.263772771291046,17.516892898927207,4.375313640163132,4.212189599952162,4.4950693687801655,1.1951525893544641,1.0607664329655284,1.0,3.3802181070857817,41.24993094869256,1.0,2.5925683388289333,26.365070186975036,20.575977527707845,4.5272434934993235,3.5923822243067822,1.0,1.0,2.155958671771423,1.0,3.1119090552940882,1.0,2.660494175843767,8.76425861157304,1.0563916189255222,5.208005752947811,1.0,3.9467225464343185,1.3235699065165254,1.6353902201081676,1.4010453005813328,1.0,1.0,10.220345108268312,12.148411467815711,21.551808311892543,9.894793846744586,17.583859450902537,1.5321504590070663,1.0,1.8315470520654002,3.6614575287699256,1.0,1.6925929690584929,2.0856735375411963,1.0424209107723272,1.1211236211502191,4.194806911497671,1.0,1.0,2.06155482420638,1.0,2.254273653693952,1.0,1.0,1.1530178757222056,1.6948900662046018,1.534296807006611,1.3167067575010378,4.42821854599643,1.924778359572329,3.408352395986504,5.475775771740016,3.3010766250042844,1.7068376921727653,3.6315823778691954,5.360561404977396,1.0,1.0,1.0,1.0,18.66648360088932,6.052629026949827,2.725962424850218,1.0,5.121688788323427,1.0,185.54331892623247,4.483471970857086,39.210660810103306,2.6146377368146627,1.8410976733929423,1.0,2.203779560187762,1.0,1.0,1.4522177412802768,1.0,1.0363612921136167,1.0,1.0,1.5099556007320585,1.944191492669134,1.0,18.466905971148424,1,1,1,1,1,1,1.0,1.0,1.0,1,1.8722694835122249,1.382286587783443,1.0,1.885529333685098,1.0,1.0,1.0,2.3537240855170385,1.0,1.0,1.0,1.0,3.8540798175958364,1.0,9.56261978271678,1.1156366765499115,6.984445141017611,1.0,6.770702143826403,1.0,1.0,12.512953047811052,1.0,1.0,15.091091280585534,4.309197900038134,1.0,1.0,8.129495176140264,1.0,7.147560794312309,3.5962557031516567,6.942695832401192,1.0,1.0,5.114218860869446,5.9089154147783765,6.286835131374335,1.0,5.647824291849709,1.0825783234391388,3.1884027283089935,15.385490607692233,15.36379876569919,2.0519057819062096,2.6651410892030647,2.8131007828391215,3.1660959022327324,55.34795190011614,27.231974651403796,56.98679627663467,14.80517787453375,37.829335712698686,45.78013848707643,25.824518353704278,326.02853537435794,57.45727098951368,78.82356476751923,147.16000303878076,23.979198891402817,60.04332242376853
TEST_08+2일,1.0,19.3620352231946,1.6564227338000128,1.3801995795184172,1.0,1.0,12.58404050610812,1.0,1.1793789194176134,1.0,1.0,1.0,1.0,1.0,1.0,1.0,21.214416633567687,1.0,1.0,15.969467087316227,15.544121670521255,1.0,1.0,1.2832548861308224,9.796979169947935,10.351751993190415,1.3280584690188435,7.128974102872946,8.392596177030036,1.788549141595797,2.1031437883091764,1.7211318011461147,1.0,1.0,1.0,1.421890588823052,13.421140801789626,1.0,1.0029076641612618,17.72896755422942,11.419508008289908,1.226959197982623,1.7203334254946796,1.0,1.0,1.0,1.0,1.682546557689712,1.0,1.4305949594158167,5.3379991168708605,1.0,3.3971706226831064,1.0,1.9452581012920052,1.0,1.0,1.0,1.0,1.0,4.381282909390587,6.169563899999958,12.71642541602198,5.556170417699203,3.494883940226378,1.0,1.0,1.0,1.0,1.0,1.0,1.0,1.0,1.0,1.0,1.0,1.0,1.0,1.0,1.0,1.0,1.0,1.0,1.0,1.0,1.0,1.3855600984054601,1.0,1.0853247262597618,1.0,9.176019517806505,1.0,1.3417912743391982,2.2470189092749617,1.0,1.0,1.0,1.0,11.988036931466524,2.5872838249085683,1.0,1.0,3.6299101037606265,1.0,37.51513905738887,68.50279707915428,12.369912470744653,1.0443290589722953,1.0,1.0,1.0,1.0,1.0,1.0,1.0,1.0,1.0,1.0,1.0,1.0,1.0,14.768072213515094,1,1,1,1,1,1,1.0,1.0,1.0,1,16.036444401365568,1.0,1.0,1.0,1.0,1.0,1.0,1.0,1.0,1.0,1.0,1.0,2.47714124125943,1.0,39.969863910930414,56.142490006793714,4.775506536110237,1.0,2.7893064822133997,1.0,1.0,7.3427098976278256,1.0,1.0,10.289547481249093,1.7522875040421928,49.213778590356554,1.0,3.5687182123336005,1.0,3.086130322798414,1.6775277208227448,3.0794998560264606,1.0,1.0,2.7519377941495518,1.0,2.6061711889410457,1.0,2.3167575810310637,1.0,1.0,3.2287197187542915,5.915534764073412,1.0,1.0,1.0,1.0,12.295288736278078,4.247698817943986,13.59460753599543,2.671285195315187,10.270920275407697,10.369832655295546,5.4800092767577775,109.93321370621767,18.393418490226075,36.32426294300443,25.951086554131383,12.592699019397324,17.857131569878526
TEST_08+3일,1.629717634487008,36.03740533164302,2.1776498707020306,1.737870192792371,1.0,1.0541803153885843,11.20535429863191,1.0,1.6012195373606368,1.0,1.0,1.0,1.0,1.0,1.0,1.0,21.729066002552493,1.0,1.0,39.35366164378631,16.226860477775215,1.0,1.0,1.0,21.177494351846416,15.13288879242576,3.139500354575855,33.88908717666948,10.110442414044163,1.9524042740410184,2.7387213107353445,2.2932850165012906,1.0,1.0,1.0,1.4925082259699793,19.071333033965075,1.0,1.2267023893683113,14.550627816613869,9.855393318417464,1.0,2.252462586827841,1.0,1.0,1.0,1.0,1.9037980625037472,1.0,1.3258375533500324,6.516194708758811,1.0,3.9667407254983225,1.0,2.2340387733955955,1.0,1.121937915908242,1.0,1.0,1.0,2.734319491692653,4.063812125021949,9.840099296735598,6.86742097628685,7.756392088209996,1.0945082871307044,1.0,1.1745169350071798,2.0178236410102195,1.0,1.0,1.1611645330903937,1.0,1.0,2.3893385275699535,1.0,1.0,1.309278849904351,1.0,1.4651322068816732,1.0,1.0,1.0,1.0561784290877096,1.0,1.0,2.0055369620894057,1.0388675399480891,1.675793579288092,2.9401210776107045,9.401489477099545,1.0,1.7428702432841627,2.656392205402232,1.0,1.0,1.0,1.0,13.918135761997174,3.3458562484058927,1.2600702250482958,1.0,4.397093688620128,1.0,17.301404693518414,39.64636591258764,6.743328054750953,1.390912620887666,1.0,1.0,1.3660612149635658,1.0,1.0,1.0,1.0,1.0,1.0,1.0,1.0,1.0,1.0,27.895961775685,1,1,1,1,1,1,1.0,1.0001113944091409,1.0,1,26.408666022417624,1.0,1.1985756862135721,1.1724048562553482,1.0,1.0,1.0,1.3615538196172259,1.0,1.0,1.0,1.0,2.281701511154856,1.0,101.46383098689252,108.36580622817532,4.372920931781723,1.0,2.569710054683606,1.0,1.0,6.547452436375342,1.0,1.0,10.08700307273587,1.4017979251449773,144.50254815009706,1.0,2.844954187014093,1.0,2.9302644405615976,1.4037704369350748,2.5283783255958716,1.0,1.0,3.0157914553272738,1.0,1.0347350570125076,1.0,1.1642719246514082,1.0,1.0,3.7019395587892587,2.5085392302970804,1.0,1.0,1.0,1.0,23.121065364814093,15.922302436255709,31.43234749261329,7.937761147648292,19.77462050694553,22.564410911320522,14.666750694153153,165.52253517812596,37.15126495867433,55.1629835227351,98.83530670247349,23.57755090354736,34.082145059614916
TEST_08+4일,1.9933251251103252,22.690514078462556,2.405777145735904,2.068969729242986,1.0,1.216297470073228,13.088436137385568,1.0,2.51304194171547,1.0,1.0,1.0,1.0,1.0,1.0,1.0,30.434528029041555,1.0,1.0,33.86120963329014,8.20922705271141,1.0,1.0,1.0,13.065690519149133,17.045836413720522,3.483843831110164,32.37025027203576,8.329461276794278,1.8424476361597375,2.2742072016390957,2.256982671602942,1.0,1.0,1.0,1.9352097849313246,20.174175523925523,1.0,1.3155128832943164,14.172797093738296,8.728273125705071,1.0,2.1408003016498753,1.0,1.0,1.0579593469857453,1.0,1.792354172652193,1.0,1.55076791053048,6.296976265435463,1.0,3.8992423146133848,1.0,1.8758258082362806,1.0,1.2155329568607234,1.0,1.0,1.0,3.798358303636551,3.8902335011242446,8.127979592831153,7.897025061878113,8.315944673536098,1.217249322549529,1.0,1.3238370569092512,2.0299388736605986,1.0,1.2859220127392648,1.272737586550088,1.0,1.0,2.781838868570362,1.0,1.0,1.3882765272394266,1.0,1.781288789867837,1.0,1.0,1.0,1.1497894666625683,1.0285048115302515,1.051860626447506,1.401979272542557,1.0988135896613056,1.7514598711517522,3.226108232311675,14.271377546107402,1.0,1.4926441677833526,3.62093556408336,1.0,1.0,1.0020454136256702,1.0,16.8943046136929,3.5345463708533256,1.8946258468542192,1.0,2.94165509008397,1.414197774377699,24.49355439789494,53.11641038989589,13.668968417973842,1.3812659449201292,1.018523275800911,1.0,1.2620880417651412,1.0,1.0,1.0,1.0,1.0,1.0,1.0,1.0988527779674149,1.2523169250364226,1.0,18.965111352425367,1,1,1,1,1,1,1.0,1.2176313421757083,1.0,1,23.809571923073577,1.0756825952164761,1.0,1.268943535063087,1.0,1.0,1.0,1.0,1.0,1.0,1.0,1.0,2.26515883226557,1.0,80.6054550111243,81.45622274732777,4.632250201309378,1.0,2.9917613566988304,1.0,1.0,6.781339108964767,1.0,1.0,9.40757695295874,1.6521531916202208,102.107401487247,1.0,2.846089988505269,1.0,3.1785939136993013,1.7609704522059837,2.650166052473182,1.0,1.0,3.025021225572838,1.0,1.0,1.0,1.0,1.0,1.0,2.0618910615753117,2.071940954033024,1.0,1.0,1.0,1.0,28.37648677723169,12.650866514270428,35.25162002048219,7.802489452641712,18.667973583889683,23.343602737072125,11.368586476513734,174.37298954302707,32.97762501504608,60.46074892285664,88.68507568483946,22.691524248956977,40.39038212314668
TEST_08+5일,2.4022328743444774,69.53729318474709,2.6314863775083364,2.160594264859437,1.0,1.4247232209371434,18.90949976744637,1.0,2.5203802286754566,1.0,1.1970680640128948,1.0,1.0,1.0,1.0,1.0,60.87458638510596,1.0,1.0,56.87192931665986,23.747934139524133,1.0,1.0,2.747314562398794,25.441469587077343,27.605261212799462,3.635647534685555,58.17213264992162,8.720103209741186,2.4805180318339386,2.7378023558540634,2.7305720498478987,1.0359696693717597,1.0,1.0,1.9683068060094802,25.73280409065955,1.0,1.6376147478937608,20.123445012039316,9.387080244339135,1.8560017529811486,2.713286510129283,1.107727225736262,1.0,1.2754406214835354,1.0,2.358611093287056,1.0,1.9593109218446068,6.616140126741068,1.0,4.21877151166434,1.0,2.111029879038652,1.0,1.4247140406772565,1.0218591063038591,1.0,1.0,3.467866119045606,4.030844785311963,9.705902411075929,7.536907407666463,6.569978216741231,1.2594965769753417,1.0,1.344992218543291,2.5165952669351253,1.0,1.576633511587231,1.4786396604702827,1.0,1.1326303198972822,2.7314327062933597,1.0,1.0,1.5252825004454884,1.0,2.168574177567192,1.0,1.0149062895142869,1.0,1.2693526127544246,1.1025892846384353,1.1537580043454554,2.2848006363310436,1.0995096336910892,2.069594024141143,3.4758777866542667,21.292181502379435,1.0,1.9714807932382024,3.2322136595460744,1.0,1.121753417430992,1.0,1.0,11.924181426564795,3.8145399374036693,1.6465492510323343,1.0,3.76424829285103,1.2055850398337393,14.597953777956159,52.380281371553224,10.214281071266917,1.6815444457489017,1.1638356669982828,1.0,1.4217696162237319,1.0,1.0,1.0,1.0,1.0,1.0,1.0,1.084592483499947,1.2590129057975714,1.0,44.893572844623364,1,1,1,1,1,1,1.0,1.7955000459046315,1.0,1,52.98330588069669,1.1969669233322862,1.0,1.6170587877931601,1.0,1.0,1.0,1.416697432109637,1.0,1.0,1.0140823301009698,1.0,2.4638017570461224,1.0,99.0651492532177,67.63253087419456,5.024154963643241,1.0,3.5809265290533348,1.0,1.0,6.60252792440183,1.0,1.0,10.128032869489642,1.61207858606538,58.937886128986996,1.0,3.4870982219017623,1.0,3.5900345747377305,1.4956267733173332,3.234971398832523,1.0,1.0,5.248939074652771,1.0,2.303631598245487,1.0,1.0,1.0,1.0,3.635850043250112,4.137026864634969,1.0,1.0,1.0,1.0,32.70555502787735,19.38783178495143,43.061190810647055,7.199952914871565,24.891040480811835,28.559393472802647,18.70722880492462,167.854925188364,42.89337304012742,64.34495990414963,95.38155217148622,17.31847185585532,45.15776582310315
TEST_08+6일,5.549855160764476,39.3941255490477,5.705850421039465,4.289038642229832,1.2109187858961004,2.296576114968408,30.754252985329913,1.0,4.303644536601152,1.0,2.8213573246022277,1.0,1.0,1.0,1.0,1.0,64.14277708125833,1.2481484791637147,1.0596424761828644,53.04215738266103,33.699324055020746,1.73774381124249,1.0,3.3722080723233816,42.933778484694685,25.42309008795678,12.894818215910703,77.27039436282983,11.358173639517357,3.8159194563949503,3.6364345626084926,4.505772798017491,1.735267886631064,1.3385459356892546,1.0,3.2081016888850433,36.40451032325842,1.0,2.049264234139047,33.49798969256851,12.300984741566047,2.0168963891803937,3.6336641564333023,1.3015920314551213,1.337529554465477,2.343417788955101,1.0,3.4937898422426414,1.0,3.0013366106703243,9.056832516347438,1.0407668338931988,5.592171248683107,1.0273028124810444,3.5214006196760894,1.3012783170748243,2.4483855225534294,1.8511755062630326,1.9638789465335034,1.0,7.9425429396658735,4.996475536623442,10.73281156477097,10.680739414329938,9.307849810043166,1.7074487774841316,1.123124659024611,1.9021136141278254,3.573062204704471,1.0,2.0411682079171127,2.035126899639376,1.1835919423094325,1.399836281455509,3.777776502775832,1.0774070290915914,1.0,2.0671815802512468,1.3058428192196003,2.604714133326347,1.2414859231206192,1.4841325962692329,1.3676417245612402,2.5721763948790546,1.6972360699167583,1.8841916287778284,6.109170690967964,1.857421136262784,2.9237150968860925,4.477875768461358,22.585006360920133,1.6101681160755748,3.559841607363756,5.958197685115076,1.0,1.5250124540972874,1.0,1.0,18.916536694273855,6.383379165502018,2.76787586623921,1.304618582619433,4.11879774981529,1.6804904863509758,77.56638162937952,50.13562490020904,16.364272543947372,2.6326444964048976,2.076814257391928,1.043219311623617,2.626982257929738,1.097449497344456,1.2048424788757126,1.611990407707839,1.0,1.2403761285138635,1.0250234410674468,1.3294235572160957,1.8424292574619345,2.1779530932354363,1.0,33.74700903201118,1,1,1,1,1,1,1.0,1.8804173785773273,1.0,1,33.63907471051681,3.632948093821125,2.796405374383067,4.903778593154385,1.7619590672833307,1.0,1.9272752137565785,6.799140324191242,1.0,1.5376303917991212,3.040870439481386,1.683608595568228,3.4156245109623296,1.0,87.57248338468014,78.07503395589043,6.0866319022232345,1.0,5.073460703904255,1.0,1.0,8.805903049149755,1.0,1.0,14.001477042011869,3.0002783268286723,30.500210269733767,1.0,5.026065899719665,1.0,4.941207799324015,2.5803483981509014,4.675173540461012,1.0,1.0,6.8750424574497355,1.51306947816334,1.9084563075761545,1.0,4.929193576083034,1.745766511831349,1.0,8.088701282952941,10.843372322026259,2.014420132446658,4.369638022972931,2.0089254559313474,1.0616554868976604,39.342713412702444,20.797028103181344,41.27630880242549,11.851707092111706,31.29096625124742,29.685593131248925,24.682480753637783,226.19451233730956,45.7375012252794,63.509690478870525,105.94579489408267,35.95706715668973,46.286571082182505
TEST_08+7일,9.126366825116934,5.524581459301934,10.350607504378466,8.1162799473732,1.8965393512821052,3.1348705284445417,6.730857008865742,1.0,5.220494474328955,1.0,4.363567377596217,1.3984896470824264,1.0,1.0,1.263373252004385,1.0,12.832887163283907,2.174359964679605,1.3892672356971951,25.720159268642522,8.975124089057507,2.824105305520658,1.3025667102428897,1.0,18.394209131594817,5.56032165938357,4.41874955450531,28.260203532621315,16.32556804193349,5.042864826065781,5.03807196295637,5.951995142141037,2.190246820515566,1.7694369759754098,1.0786765025350078,5.382333990638643,63.948687415366415,1.0,3.451938012373519,40.55770565421554,21.821568988495383,4.224616915787852,4.476052176637774,1.3267477075707146,2.353541516656761,3.1324986785590996,1.0844872061264776,4.428112134361005,1.0,4.14400082453222,10.9119169354202,2.062567346886928,7.490999967247307,1.199038301650619,5.501202602687836,2.2302751893534785,3.2024138567939486,2.729907980527229,2.308616451531946,1.0352783557336327,12.098407908634943,8.696749619015772,18.910958051285146,12.810791996060765,16.302913217791016,2.306287589303113,1.499552221093511,2.534838837827055,4.9033816387557385,1.0,2.828090025875907,2.5447105739959164,1.6139805379682752,1.9233048009950675,5.396259140428804,1.0944137757350592,1.038172177353762,2.5457296721986777,1.4261286208728376,3.1089973808779328,1.4808130125144476,1.8095492610615433,1.769744716650419,2.89400854457959,2.274083387128606,2.3322702262397956,2.963984202096098,2.3975985114509832,3.77648752945897,6.474871201663833,1.9356984249316158,2.133106486196129,4.999449200720688,11.330965317558055,1.2163096250387653,1.467821801144413,1.7137211170714257,1.1006412071528657,7.179864932470263,11.02648503713839,4.418391108894852,1.6543128947356696,7.169107971270901,1.706083598862778,176.81234861882805,2.909128733600055,33.072864557414704,3.867243850432491,3.1026915137243654,1.5503624400363478,3.6231695852628416,1.7250843006124215,1.6692656895385298,2.437305092516555,1.0,1.842056623039231,1.3526939610579962,1.5179129189914953,2.4515345552138474,2.8628212202520826,1.0,21.435688062318874,1,1,1,1,1,1,1.0,1.1368005356387956,1.0,1,7.254161712915772,5.190768780363377,3.479226039999421,7.6917840381154425,2.7824916980129144,1.2604495035057615,3.189209599923711,10.678820421956273,1.3626546921900855,2.240779472438459,4.248761106024282,2.7829241218609413,6.0104933572485795,1.0,20.655109463129627,15.605664222129377,9.635624073860141,1.0,8.805136932358636,1.0,1.0,14.34137872797628,1.0,1.0,22.012271254714644,5.739483905964394,32.009665060875406,1.0,9.251792825873663,4.08998726725483,8.143702001773573,4.406592355674762,8.194025976682482,1.0,1.0,9.60071147671415,6.910108175203756,7.632486290460209,1.0,15.63669581110739,8.28970715533863,3.844062141131597,20.06119075227054,20.3362591705654,2.998806373752316,3.3563327250188184,9.089532959847748,4.838905650225484,54.067258068857356,33.02479838295835,63.02681910738903,20.388308673373388,40.2634449391474,45.177833069439636,36.77132719506527,325.06683784675465,69.34926964035266,86.1900492875186,132.10230255437494,34.78760152289579,66.59087421753485
TEST_09+1일,6.923179847665988,1.0,7.086151036630918,3.5645675525403595,1.0210960572879033,1.7390337128301605,1.0,1.8898481221083028,2.2444210190442275,1.0,1.0,1.0,1.0,2.578175267146552,19.650318392600514,1.4819659337404527,1.0,1.0,1.4352991031617597,1.0,1.0,1.0,1.0,1.0,3.8127056958231087,1.0,1.4569839029891458,2.8783405392839487,10.072545527900338,4.608959821898528,3.390145151267828,4.081890797886027,2.59055205858286,1.5066560871050791,1.0,2.995777237406299,35.10729532220917,1.0,3.6524729541476724,30.43549075121144,15.907542988010869,1.6508349058001954,4.323462299386586,1.0,1.0,1.2197217785939207,1.0,3.0410330939416896,1.0,2.317202935031692,12.651246526108196,1.0,6.734500182312889,1.0,3.9630338629011477,1.0,4.134844601115308,1.0,1.0,1.0,8.685577260659553,14.559559643938332,19.12411997789748,11.047419478875334,10.50029741406731,1.0819127808489375,1.0,1.0946603297917723,2.9691741217016876,1.0,1.1714265597221623,1.5709836238691148,1.0,1.0,1.8056832227628572,1.0,1.0,1.0,1.0,1.4625401050726654,1.0,1.0,1.1605343171434597,1.0,1.3881444812594816,1.3371562015497038,1.0,1.0564552065664483,1.3730846719586725,2.705181426636824,21.09583537958852,1.4375104219691948,4.021184749653699,5.988081647861344,1.0,1.0,1.0,1.0,24.56813789201418,3.5282789824088785,1.2674856568573207,1.0,4.588368159369207,1.0,148.54980620013208,9.098682939546268,46.94027725497253,3.6598086436306616,2.506934108442924,1.0,2.1381373955132412,1.0,1.0,1.0,1.0,1.0,1.623683052630645,1.263142196384277,1.299429931601694,1.1069702665208072,1.0,2.489817072747025,1,1,1,1,1,1,1.0,1.0,1.0,1,5.2555185167183796,1.0,1.0,1.0,1.0,1.0,1.0,1.5049613698579414,1.0,1.0,1.0,1.0,7.83858004098961,1.0,1.7380080780778564,1.0514232038562803,8.794392611888703,1.0,7.427226566657019,1.0,1.0,16.819609434901704,1.0,1.0,19.982515198366762,8.229395867014022,19.401608706748537,1.0,9.763502530140158,1.0930845194243195,7.360805121053307,5.2410042209425916,7.395143398448692,1.0,1.0,8.086974483166669,2.6290543143328007,3.025253303341354,1.0,8.220518575780275,1.5805463612874882,8.536822048280827,22.166002363086402,14.27016418311868,2.1252804869643,3.6081774389784718,3.430576830207859,5.943876851765938,37.735762556677244,15.068165505143295,31.442407294448735,11.220389415052159,20.48810536673174,18.76586738536169,17.101247809903924,145.03741356929032,32.80911354659243,65.18556996449925,71.13719421358677,17.00512155684304,46.11034431074686
TEST_09+2일,1.828676055954876,19.191519376334007,2.5435524288048574,1.0633639759974556,1.0,1.0,10.798735545959262,1.0,1.0,1.0,1.0,1.0,1.0,1.0,8.945047923402958,1.0,21.76430934166725,1.0,1.0,23.175090646504728,13.997553429759288,1.0,1.0,1.0,5.273019361579047,10.076740819047227,5.085596314083842,10.974613209083458,5.350758549975975,2.1636315514677014,2.180952447682917,1.6415448643396613,1.0,1.0,1.0,1.156418742430863,7.583226075106619,1.0,1.209033498347098,15.419996270385813,6.5068011035334195,1.0,3.2146257459969974,1.6884091654120184,1.0,1.0,1.0,2.2709539933624163,1.0,1.6211333437935802,7.420142717666175,1.0,5.914861749324726,1.0,1.4298465453154305,1.0,1.703740313074523,1.0,1.0,1.0,4.299603084489482,4.0818334019158184,13.082158660109016,8.730228347067431,5.05747663942496,1.0,1.0,1.0,1.0,1.0,1.0,1.0,1.0,1.0,1.0,1.0,1.0,1.0,1.0,1.0,1.0,1.0,1.0,1.0,1.0,1.0,1.0,1.0,1.0,1.0,37.341835758771225,1.0,1.8290946795660852,3.6363986711046596,1.0,1.0,1.0,1.0,14.10572874910733,1.9753733934769488,1.0,1.0,4.48590377710825,1.0,20.973292434443565,24.557144713432564,14.151128391187783,1.8533301629271552,1.7278766842275024,1.0,1.2212627784887906,1.0,1.0,1.0,1.0,1.0,1.0,1.0,1.0,1.0,1.0,10.946953188601192,1,1,1,1,1,1,1.0,1.0,1.0,1,12.069113070147276,1.0,1.0,1.0,1.0,1.0,1.0,1.0,1.0,1.0,1.0,1.0,3.0122192544051662,1.0,7.320956961855472,75.5687001610369,5.214783090435756,1.0,3.724364449852729,1.0,1.0,8.949837010171985,1.0,1.0,10.154055087815841,2.712273771096669,27.58264701497684,1.0,4.12569154704877,1.0,3.0525585680823566,2.296475170696164,4.1690785270164215,1.0,1.0,4.864439709391473,1.0,2.0058516526589742,1.0,3.1295132814116258,1.0,3.8129702187214267,6.673173350704859,5.9193310830903085,1.589840456920884,1.0,1.0,1.0,4.896931619846578,4.649656182487747,7.945710485420551,2.126839511106137,5.122002697522154,3.4841292018127246,2.4087923406375706,24.90807831169098,10.422235374983401,5.85456976353323,18.58110856574605,6.319748257715849,14.512583678943317
TEST_09+3일,1.5036591518351337,20.452961394194936,2.745504263572304,1.3592286130821984,1.0,1.0,11.36867385522477,1.0,1.0,1.0,1.0,1.0,1.0,1.137830146579769,7.518011532709346,1.0,16.55100842135739,1.0,1.0,17.86417221616865,5.069236265673975,1.0,1.0,1.0,39.052042280821425,10.393622742414184,2.1645407656916125,23.138987874974106,4.5661981684096045,2.155136054060489,2.569344495414522,1.7778384315391589,1.0,1.0,1.0,1.2685319186885944,13.560559585071847,1.0,1.3261839259436023,23.47066661309602,4.103023205719816,1.105157637503631,3.3481661375309746,1.0292566829526348,1.0,1.0,1.0,2.5456661122741213,1.0,2.0318744437956804,8.842088860222226,1.0,4.720528228167684,1.0,1.7799605355621173,1.0,1.7961536659675583,1.0,1.0,1.0,3.3046830050654474,4.899167814001,13.88597377101279,9.179585042793809,5.335453280640992,1.14649405522868,1.0,1.0,1.9884309988817959,1.0,1.0,1.0,1.0,1.0,1.1445112015015413,1.0,1.0,1.0,1.0,1.0,1.0,1.0,1.0,1.0,1.0,1.403428674193791,1.0,1.0,1.0,1.8642081813800602,40.14989945947441,1.0,1.8530509469925274,3.119941390454426,1.0,1.0,1.0,1.0,12.220099653611674,2.1183426615524334,1.0,1.0,2.8380105911361273,1.0,4.147238372729424,20.102549807273366,4.078729246460002,2.080222282822918,2.0511939424386147,1.0,1.954691670646624,1.0,1.0,1.0,1.0,1.0,1.0,1.0,1.0177241587695711,1.0,1.0,17.91689632051116,1,1,1,1,1,1,1.0,1.0,1.0,1,20.53947039688164,1.0,1.0,1.0,1.0,1.0,1.0,1.0,1.0,1.0,1.0,1.0,2.6469831617353607,1.0,57.15092477803268,91.58237776226011,4.476201592254309,1.0,2.976840297281098,1.0,1.0,7.129682702003539,1.0,1.0,9.614547141750592,2.1505489364112576,46.32976099722764,1.0,2.992915675130042,1.0,2.7875121479658533,1.7230442136210347,3.779265074321447,1.0,1.0,4.097098459200626,1.0,1.279242218045007,1.0,1.4651078714684262,1.0,2.224460883667491,4.025902163195795,1.0,2.8083737978708996,1.0,1.7539891249576725,1.0481488124161904,11.369712807774041,6.044382633686798,10.031547515886707,4.057982518962769,8.689238723641541,5.179242765381701,8.808565975126783,43.01223422973542,18.872652270249755,31.026082918939334,39.376699323560956,17.260881760782464,12.287790420549683
TEST_09+4일,2.03323510670697,27.167270996315935,2.6786044458643254,1.774809721245032,1.0,3.2742783795298385,14.061846644235311,1.0,1.0,1.0,1.0,1.0,1.0,1.3323238803211537,8.981174718420135,1.0,28.262880679624445,1.0,1.0,33.38138590473723,14.148802886334716,1.0,1.0,1.0,8.52507379471077,4.864312244448311,4.708788622228866,18.71747002640031,4.577172131433111,1.64653369320113,1.8147159725294548,1.4984469214004421,1.0,1.0,1.0,1.2380710150155834,14.584834157511544,1.0,1.1461711493268782,18.434603876105882,3.928872746016534,1.514190545669091,2.9188321787827967,1.0986473446795086,1.0,1.0,1.0,2.0664577175940924,1.0,1.7829539886583556,10.758503558681975,1.0,5.284704747465426,1.0,1.3100277913445353,1.0,1.0,1.0,1.0,1.0,3.8489930325614603,4.46991416455481,10.11777303792357,6.22670882647224,5.26172484842929,1.0,1.0,1.0,1.986876966026505,1.0,1.0,1.0,1.0,1.0,1.2917693236334509,1.0,1.0,1.0,1.0,1.2074535162771018,1.0,1.0,1.0,1.0,1.040860796446076,1.6172347972044152,1.1302829333709563,1.0082351248873975,1.0,1.9838267242673722,19.08952754977813,1.0,1.609826183445568,3.3174563157156762,1.0,1.0,1.0,1.0,12.467054672802416,1.7798449429498127,1.0,1.0,3.27066935806298,1.0,7.659023055550891,31.5504130868276,5.577462584323449,1.8234920734111957,1.6450277347239082,1.0,1.4591040132919213,1.0,1.0,1.0,1.0,1.0,1.0,1.0,1.0,1.0,1.0,15.793474017508071,1,1,1,1,1,1,1.0,1.0,1.0,1,9.12208227827477,1.0,1.0,1.0,1.0,1.0,1.0,1.0,1.0,1.0,1.0,1.0,2.986594368942953,1.0,33.123199894457144,65.57268030863683,4.186380089490111,1.0,2.8194281221445525,1.0,1.0,6.273548413336014,1.0,1.0,8.746868996521316,2.006113734561703,58.91852065826181,1.0,2.7796486281285047,1.0,2.514555239357925,1.801948615040764,3.3327582146989174,1.0,1.0,3.616911047464618,1.0,2.3782056185385816,1.0,1.0,1.0,1.0,1.850270863238126,1.0,1.0,1.0,1.0,1.0,12.436446477071208,5.716880022578096,11.134114905335238,4.041204728633892,8.367357401348787,6.8080598316552985,7.274357164160541,46.59715428541716,20.50257728172751,25.13361748204874,38.710003016983954,9.456184121425995,17.564703301116943
TEST_09+5일,2.5758510236651593,72.14124156168496,3.1923990624817478,2.154541705520929,1.0,1.2052420282587226,35.12856944220341,1.2780901923736525,1.253060927708715,1.0,1.0,1.0,1.0,2.0038651453349026,12.743495282763941,1.0,82.72608981851242,1.0,1.0,72.68383508306,33.05347039850528,1.0,1.0,1.0,13.970349251045906,12.4126340900901,10.669928802229439,24.548864269294423,3.340468020966397,2.1481742691020544,2.2749654434819493,1.9325131684726535,1.2157996742242414,1.0,1.0,1.8264780453167992,23.875661076440625,1.0,1.4741548265951958,23.028358931499415,3.4118694459146166,1.21724789540017,3.444225371680664,1.4343738404110566,1.0,1.1202813967850191,1.0,2.527041552991405,1.0,2.0987672923471905,6.442410143220486,1.0,5.859542729419336,1.0,1.6309477135737214,1.0,2.467787914405935,1.0,1.0,1.0,3.5700841086823236,4.7468287745772795,8.108942673894582,6.335820001578922,4.773020354809753,1.0,1.0,1.0,2.2269020342495636,1.0,1.0,1.1794328539795707,1.0,1.0,1.2715937243007303,1.0,1.0,1.0,1.0,1.493048627784121,1.0,1.0,1.0,1.0,1.3185849354254588,2.0119853042942517,1.0,1.1579384527597623,1.2279850413117106,2.2243424146476016,64.64529984059702,1.0,2.138463412113321,3.111201255304726,1.0,1.0,1.0,1.0,13.055531398687407,1.7618925642788539,1.0,1.0,4.057823743744031,1.0,6.9151571847675335,44.97382166270131,15.314723278109984,2.4455984266509176,1.9471711511903966,1.0,1.7546559079896098,1.0,1.0,1.0,1.0,1.0,1.0,1.0,1.0185674756600702,1.0,1.0,38.350194723043586,1,1,1,1,1,1,1.0,1.0,1.0,1,24.184651659621046,1.0,1.0,1.0,1.0,1.0,1.0,1.0,1.0,1.0,1.0,1.0,3.2600474398989294,1.0,48.94139678565701,135.9785704877524,4.759666785297765,1.0,3.5231214483715183,1.0,1.0,7.987551970963466,1.0,1.0,9.992938321877679,2.2058778983443883,66.74383052446916,1.0,3.3622522319645585,1.0,3.2644530785893107,2.234528410065585,3.5067703828796257,1.0,1.0,4.0338615523330965,1.0,1.0658229769337835,1.0,1.798069585626595,1.0,1.112692921478279,2.969326706560885,2.195247405834305,1.0,1.0,1.0,1.0,13.646515875160881,8.832288294236655,14.532114176119084,3.8912562840206624,8.455763315843745,6.141783724545995,11.040755559078379,57.61399277917268,18.666562403068486,30.429111986980327,48.64071564469796,12.204513750416655,15.307412631354168
TEST_09+6일,5.076323777913332,31.68980916696337,5.774748979650845,4.492202294155159,1.3313559748985377,2.587154734592778,20.18199471550649,1.4611509232017785,2.6634579579476703,1.0,1.0,1.0,1.003716759662229,3.581021415925507,23.570422892733877,1.4826347311796546,33.08763692537953,1.0,1.7002458986662772,55.207620277109584,20.78104237398928,1.0,1.0,1.0,16.52292030629657,17.831901730335137,8.011521569258978,36.19313100928349,5.372202945789523,3.650506881610217,3.329606793893764,3.9546916000541965,2.206726810713267,1.7320897069672867,1.0,2.259090108417321,33.61380136372448,1.0,2.5078073010803155,25.122567522972997,7.048957228279336,1.3414502231892937,4.387246585031477,1.1492679383936195,1.0,2.23195324550934,1.0,3.7809349295878594,1.0,3.013798366564636,11.935664791620185,1.0,6.763057445924749,1.0,2.8040327389575896,1.0198942360181622,2.652804855130472,1.022382508768717,1.4642469130351605,1.0,6.932795862800609,5.081648460024708,10.042826487578015,11.768383229672752,7.603230757848078,1.5898478405675263,1.1386791747125264,1.2251851337704514,3.400166502107149,1.0,1.564941323713442,1.6741361823982157,1.0,1.0,1.7944836295691697,1.498182382959203,1.0,1.2350545530094368,1.1538279452857871,1.9137302055505483,1.0,1.0746134532576614,1.2568708662069468,1.431795616551873,1.63246898530892,2.7435246296807723,1.5215152419440965,1.873945454413844,1.4590539853000921,2.960736773205294,58.06254187265979,1.4394706612578658,3.7392184344953536,6.4826710924186175,1.0,1.0051956297931648,1.0,1.0,24.54883651873157,3.590203351980115,2.1463384311529152,1.1098078744679385,6.0388323910320185,1.0,20.99812605760969,48.03597514185722,15.196345073345295,3.6983595706250134,3.7376431644673245,1.095053990818239,2.9621557404229857,1.0,1.2146928139092221,1.1496169714672568,1.114282676694335,1.0,1.877799592407412,1.5950155268038209,2.1384621111354174,1.335664599184968,1.0,20.834014226714466,1,1,1,1,1,1,1.0,1.0,1.0,1,37.843649197163344,2.5929868982962905,1.7553958537701138,3.0355469111128626,1.5453737791270659,1.0,1.7274999420256973,4.2772123002003335,1.0,1.0,1.9294469056955519,1.1571422185865834,5.415678844255382,1.0,108.25871495537261,125.21016771985794,6.607466027739202,1.0,5.3151149243691655,1.0,1.0,12.178396855891057,1.0,1.0,15.198106283857989,4.706739612358432,55.711038751113676,1.0,5.581030267740534,1.0,4.974530337899996,3.117226152968769,4.841463308888461,1.0,1.0,6.879683543857702,3.1256320237507924,5.265677618474696,1.0,4.39773895135725,1.0,3.4346518375770785,9.863675272161128,5.261501797364171,1.8093510581629286,2.03915247334459,2.200987257513689,2.523849749550957,21.925727231039296,10.71174219746795,20.40007701712882,6.069961220549181,12.514368731220591,8.840582110417884,16.838815756715192,100.29611538990126,26.99407940293861,34.85167765128719,53.902847412528615,18.496763996668854,25.938062163620316
TEST_09+7일,9.699926014758132,4.130890988727388,10.918444571657602,9.195700017607711,3.0042204018882828,4.085251436760764,2.4137550703272255,4.096758845391053,4.879025352022275,1.4348215605346133,1.0,1.4552425099381694,2.090409593231013,5.478143191680939,32.86668184023985,2.555597659254565,6.1477473900952475,1.6344014434991905,2.6414872124544684,4.848138537059468,2.903356624274006,1.1521674675482731,1.2978178572478054,23.989374665329137,1.4460847574286255,3.508975591574058,9.996447294729874,15.749953504899821,10.553208686968036,5.062673562362084,4.590944620858886,6.7110531335144294,3.9754216501117607,2.743587784075184,1.0,3.0416985360564786,50.612308139996806,1.0,4.510025188579791,40.36655165763464,16.056957334897405,2.380814318098378,5.359464448117799,1.0,1.2907781251350419,2.697863712882172,1.139038955204874,4.163717209529882,1.0,3.6624686863889644,17.43514831729837,1.5835498922614382,9.594422926005521,1.0,4.51538658355957,1.3054417623846994,6.463894076342451,1.6200186679382638,1.7776929767695078,1.2012202219064432,13.286524739096055,11.060763060239672,15.075849176565956,18.600679237528446,12.354509468148784,2.4738705107787906,1.6783329499730357,1.8040107198322317,4.758891611106973,1.0,2.135575381210213,2.4225631531555494,1.2769734483000998,1.118034612795872,2.8613493607573504,1.5716710230975615,1.0,1.4460992212163792,1.480519413633917,2.6595274449520105,1.3633471449290775,1.7527339748023578,1.8540768445803961,2.302140485294794,2.41027772430576,3.0815609120889422,1.5581053381605567,2.426292262657259,2.2338663293347203,4.787765807996713,1.9967923779040577,2.1396838025524456,6.281370532543104,11.299606689671199,1.6596420398830005,1.3248027382025078,1.0,1.0,17.18281260240724,5.4579453870516685,2.8061206755045793,1.5593503870332739,5.97045340252191,1.0,135.43131541400066,9.72093293600615,25.376777491861915,5.926057793144428,4.79468316428662,1.3910619186403483,3.6018407713645453,2.0031082307492643,1.5682000569444021,1.9753120571982898,1.1654270942755187,1.406571294718719,2.6163934384086605,2.592032813505364,2.8735478157239576,2.331970818121504,1.0,3.7416600457461455,1,1,1,1,1,1,1.0,1.0,1.0,1,17.516755716495467,3.8882260176410606,2.606472492830151,4.211002714848598,1.9953586278013586,1.0,1.7989865612822515,6.788863638560927,1.2165919369862863,1.0,3.2142778409314863,1.76900565902083,9.946332689132198,1.0,25.497870079626658,28.092464838919817,11.337669323762489,1.0,9.512194856809916,1.0,1.0,21.168983379032266,1.0,1.0,22.936778720642717,9.055409798277019,13.864007425276112,1.0,11.165193873100868,1.9950630281396102,9.11781042778355,5.619105351729395,9.121275519052723,1.0,1.0,12.957121071892544,18.55474240399103,22.438291103126826,1.0,11.214296264497246,2.7736348386562497,10.497981655766923,20.349664630675072,16.014172632271954,4.7695132176682975,3.4498028032703014,7.283402139823929,5.421276970637833,42.95937107662581,20.48074594202198,41.59357251709564,13.313519565585173,26.428410110691622,23.57547236052238,27.484173960805002,176.94875042517563,44.869215166787065,64.2112452855819,110.48497529008537,19.475317206595875,42.59493361963241
